metadata,stream,per-thread
[quant] weights/gpt2_124m_int8_kt.bin: 48/49 tensors int8 (84.9 MB + 0.33 MB scales) + 1 kept fp16 (77.2 MB)
[quant] streamed weight bytes = 162.5 MB  -> decode ceilings [copy 1437 / read 1532 / theo 1576 tok/s]
[kv] plan: 12 layers x 2 (K,V) x 12 heads x 1024 pos x 64 dim x fp16 = 37.7 MB
[kv] arena = ONE contiguous alloc; VRAM free 7106/8585 MB -> headroom 7068 MB after cache
[kv] decode KV traffic = 36.9 KB per token of context (2*L*H*D*2B); at ctx=512 -> 18.9 MB/step
[kv] plan: 12 layers x 2 (K,V) x 12 heads x 1024 pos x 64 dim x fp16 = 37.7 MB
[kv] arena = ONE contiguous alloc; VRAM free 7047/8585 MB -> headroom 7010 MB after cache
[kv] decode KV traffic = 36.9 KB per token of context (2*L*H*D*2B); at ctx=512 -> 18.9 MB/step
metadata,experiment,phase22_ordered4
metadata,backend,int8
metadata,samples_per_condition,256
sample,experiment,policy,ctx,pos,rep,token,event_ms,wall_ms,enqueue_ms,update_ms
sample,setup,process_cold,128,128,-1,0,0.139700000,0.644500000,0.305700000,0.067300000
sample,fixed_single,original,128,128,0,284,1.054720044,1.063900000,0.043000000,0.008300000
sample,fixed_single,ordered4,128,128,0,284,1.141759992,1.149700000,0.055300000,0.014300000
sample,fixed_single,ordered4_fixed_diagnostic,128,128,0,284,1.120255947,1.128800000,0.032700000,0.000000000
sample,fixed_single,ordered4,128,128,1,284,1.125375986,1.133000000,0.037900000,0.005900000
sample,fixed_single,original,128,128,1,284,1.053696036,1.061500000,0.058000000,0.007000000
sample,fixed_single,ordered4_fixed_diagnostic,128,128,1,284,1.122239947,1.134400000,0.037900000,0.000000000
sample,fixed_single,original,128,128,2,284,1.058688045,1.067400000,0.067000000,0.010800000
sample,fixed_single,ordered4,128,128,2,284,1.131520033,1.140300000,0.065800000,0.011600000
sample,fixed_single,ordered4_fixed_diagnostic,128,128,2,284,1.117184043,1.125900000,0.033400000,0.000000000
sample,fixed_single,ordered4,128,128,3,284,1.125375986,1.133600000,0.037100000,0.006100000
sample,fixed_single,original,128,128,3,284,1.052672029,1.061600000,0.041300000,0.007600000
sample,fixed_single,ordered4_fixed_diagnostic,128,128,3,284,1.120255947,1.128800000,0.033200000,0.000000000
sample,fixed_single,original,128,128,4,284,1.051648021,1.059400000,0.037400000,0.006000000
sample,fixed_single,ordered4,128,128,4,284,1.126399994,1.134500000,0.038100000,0.006800000
sample,fixed_single,ordered4_fixed_diagnostic,128,128,4,284,1.121119976,1.130200000,0.034000000,0.000000000
sample,fixed_single,ordered4,128,128,5,284,1.135615945,1.147700000,0.052400000,0.014300000
sample,fixed_single,original,128,128,5,284,1.058815956,1.069600000,0.109600000,0.011300000
sample,fixed_single,ordered4_fixed_diagnostic,128,128,5,284,1.120255947,1.130700000,0.037000000,0.000000000
sample,fixed_single,original,128,128,6,284,1.057791948,1.067200000,0.049900000,0.009800000
sample,fixed_single,ordered4,128,128,6,284,1.134592056,1.143300000,0.053200000,0.013700000
sample,fixed_single,ordered4_fixed_diagnostic,128,128,6,284,1.124351978,1.135200000,0.041900000,0.000000000
sample,fixed_single,ordered4,128,128,7,284,1.127424002,1.136400000,0.045600000,0.007400000
sample,fixed_single,original,128,128,7,284,1.055744052,1.064900000,0.045800000,0.007600000
sample,fixed_single,ordered4_fixed_diagnostic,128,128,7,284,1.119232059,1.128400000,0.039000000,0.000000000
sample,fixed_single,original,128,128,8,284,1.051648021,1.060900000,0.046400000,0.006000000
sample,fixed_single,ordered4,128,128,8,284,1.129472017,1.142200000,0.053700000,0.008500000
sample,fixed_single,ordered4_fixed_diagnostic,128,128,8,284,1.120255947,1.134400000,0.042300000,0.000000000
sample,fixed_single,ordered4,128,128,9,284,1.133568048,1.146400000,0.052100000,0.010200000
sample,fixed_single,original,128,128,9,284,1.059839964,1.070700000,0.055000000,0.012000000
sample,fixed_single,ordered4_fixed_diagnostic,128,128,9,284,1.120255947,1.128800000,0.039700000,0.000000000
sample,fixed_single,original,128,128,10,284,1.053696036,1.063400000,0.045700000,0.006000000
sample,fixed_single,ordered4,128,128,10,284,1.133568048,1.144800000,0.078100000,0.009300000
sample,fixed_single,ordered4_fixed_diagnostic,128,128,10,284,1.119232059,1.129700000,0.039900000,0.000000000
sample,fixed_single,ordered4,128,128,11,284,1.124351978,1.133900000,0.045700000,0.005900000
sample,fixed_single,original,128,128,11,284,1.055744052,1.065300000,0.051800000,0.009300000
sample,fixed_single,ordered4_fixed_diagnostic,128,128,11,284,1.119232059,1.128800000,0.041400000,0.000000000
sample,fixed_single,original,128,128,12,284,1.051648021,1.061500000,0.044500000,0.005800000
sample,fixed_single,ordered4,128,128,12,284,1.125375986,1.134300000,0.045500000,0.005900000
sample,fixed_single,ordered4_fixed_diagnostic,128,128,12,284,1.121279955,1.130300000,0.040100000,0.000000000
sample,fixed_single,ordered4,128,128,13,284,1.125375986,1.134400000,0.044800000,0.006100000
sample,fixed_single,original,128,128,13,284,1.050624013,1.060400000,0.044200000,0.005500000
sample,fixed_single,ordered4_fixed_diagnostic,128,128,13,284,1.120255947,1.130300000,0.043900000,0.000000000
sample,fixed_single,original,128,128,14,284,1.053696036,1.062600000,0.043700000,0.006100000
sample,fixed_single,ordered4,128,128,14,284,1.125375986,1.135100000,0.047400000,0.005900000
sample,fixed_single,ordered4_fixed_diagnostic,128,128,14,284,1.120255947,1.130900000,0.040400000,0.000000000
sample,fixed_single,ordered4,128,128,15,284,1.126399994,1.134700000,0.040500000,0.006600000
sample,fixed_single,original,128,128,15,284,1.052672029,1.059800000,0.041300000,0.006800000
sample,fixed_single,ordered4_fixed_diagnostic,128,128,15,284,1.119232059,1.126600000,0.033200000,0.000000000
sample,fixed_single,original,128,128,16,284,1.053696036,1.061200000,0.040600000,0.005600000
sample,fixed_single,ordered4,128,128,16,284,1.124223948,1.131900000,0.040400000,0.005500000
sample,fixed_single,ordered4_fixed_diagnostic,128,128,16,284,1.122207999,1.129900000,0.036700000,0.000000000
sample,fixed_single,ordered4,128,128,17,284,1.122176051,1.129800000,0.039800000,0.005600000
sample,fixed_single,original,128,128,17,284,1.052512050,1.059500000,0.038900000,0.005700000
sample,fixed_single,ordered4_fixed_diagnostic,128,128,17,284,1.118208051,1.126700000,0.033600000,0.000000000
sample,fixed_single,original,128,128,18,284,1.051488042,1.059100000,0.040000000,0.005500000
sample,fixed_single,ordered4,128,128,18,284,1.125375986,1.133900000,0.040700000,0.005700000
sample,fixed_single,ordered4_fixed_diagnostic,128,128,18,284,1.120255947,1.128000000,0.033100000,0.000000000
sample,fixed_single,ordered4,128,128,19,284,1.126368046,1.133000000,0.041000000,0.005400000
sample,fixed_single,original,128,128,19,284,1.052672029,1.062300000,0.038300000,0.006300000
sample,fixed_single,ordered4_fixed_diagnostic,128,128,19,284,1.121279955,1.131600000,0.032800000,0.000000000
sample,fixed_single,original,128,128,20,284,1.053696036,1.062200000,0.040000000,0.006500000
sample,fixed_single,ordered4,128,128,20,284,1.125375986,1.133700000,0.039600000,0.006200000
sample,fixed_single,ordered4_fixed_diagnostic,128,128,20,284,1.119232059,1.128900000,0.037900000,0.000000000
sample,fixed_single,ordered4,128,128,21,284,1.128448009,1.138100000,0.041400000,0.006200000
sample,fixed_single,original,128,128,21,284,1.052672029,1.061900000,0.042300000,0.006100000
sample,fixed_single,ordered4_fixed_diagnostic,128,128,21,284,1.118208051,1.127500000,0.037000000,0.000000000
sample,fixed_single,original,128,128,22,284,1.051648021,1.060300000,0.044300000,0.005500000
sample,fixed_single,ordered4,128,128,22,284,1.128448009,1.137100000,0.042000000,0.005700000
sample,fixed_single,ordered4_fixed_diagnostic,128,128,22,284,1.120255947,1.129500000,0.037000000,0.000000000
sample,fixed_single,ordered4,128,128,23,284,1.125375986,1.135200000,0.044600000,0.005700000
sample,fixed_single,original,128,128,23,284,1.052672029,1.064600000,0.047000000,0.006800000
sample,fixed_single,ordered4_fixed_diagnostic,128,128,23,284,1.121279955,1.133300000,0.040300000,0.000000000
sample,fixed_single,original,128,128,24,284,1.054720044,1.064200000,0.046200000,0.007600000
sample,fixed_single,ordered4,128,128,24,284,1.130496025,1.139400000,0.068600000,0.009800000
sample,fixed_single,ordered4_fixed_diagnostic,128,128,24,284,1.119232059,1.130500000,0.038100000,0.000000000
sample,fixed_single,ordered4,128,128,25,284,1.132544041,1.146600000,0.051500000,0.008500000
sample,fixed_single,original,128,128,25,284,1.060863972,1.073400000,0.080000000,0.011200000
sample,fixed_single,ordered4_fixed_diagnostic,128,128,25,284,1.121279955,1.134700000,0.046900000,0.000000000
sample,fixed_single,original,128,128,26,284,1.060863972,1.072100000,0.085200000,0.011300000
sample,fixed_single,ordered4,128,128,26,284,1.134592056,1.147300000,0.080900000,0.011500000
sample,fixed_single,ordered4_fixed_diagnostic,128,128,26,284,1.123327971,1.139700000,0.045100000,0.000000000
sample,fixed_single,ordered4,128,128,27,284,1.134592056,1.147900000,0.052200000,0.011500000
sample,fixed_single,original,128,128,27,284,1.062911987,1.073400000,0.054600000,0.011200000
sample,fixed_single,ordered4_fixed_diagnostic,128,128,27,284,1.120255947,1.129500000,0.034500000,0.000000000
sample,fixed_single,original,128,128,28,284,1.052543998,1.061500000,0.041200000,0.007300000
sample,fixed_single,ordered4,128,128,28,284,1.130496025,1.139800000,0.042000000,0.008800000
sample,fixed_single,ordered4_fixed_diagnostic,128,128,28,284,1.126399994,1.136800000,0.038300000,0.000000000
sample,fixed_single,ordered4,128,128,29,284,1.130496025,1.141900000,0.044200000,0.009900000
sample,fixed_single,original,128,128,29,284,1.059839964,1.071200000,0.073500000,0.011800000
sample,fixed_single,ordered4_fixed_diagnostic,128,128,29,284,1.123327971,1.135800000,0.042300000,0.000000000
sample,fixed_single,original,128,128,30,284,1.074175954,1.103900000,0.065400000,0.019000000
sample,fixed_single,ordered4,128,128,30,284,1.147904038,1.158700000,0.071600000,0.020000000
sample,fixed_single,ordered4_fixed_diagnostic,128,128,30,284,1.121279955,1.130800000,0.037900000,0.000000000
sample,fixed_single,ordered4,128,128,31,284,1.126399994,1.135200000,0.046600000,0.006100000
sample,fixed_single,original,128,128,31,284,1.055744052,1.067200000,0.046800000,0.007700000
sample,fixed_single,ordered4_fixed_diagnostic,128,128,31,284,1.118208051,1.128200000,0.044000000,0.000000000
sample,fixed_single,original,128,128,32,284,1.053696036,1.063700000,0.045700000,0.006200000
sample,fixed_single,ordered4,128,128,32,284,1.126399994,1.136000000,0.046000000,0.008000000
sample,fixed_single,ordered4_fixed_diagnostic,128,128,32,284,1.120255947,1.130000000,0.038800000,0.000000000
sample,fixed_single,ordered4,128,128,33,284,1.126399994,1.135100000,0.046300000,0.005600000
sample,fixed_single,original,128,128,33,284,1.054720044,1.063300000,0.045200000,0.005900000
sample,fixed_single,ordered4_fixed_diagnostic,128,128,33,284,1.120255947,1.130400000,0.039300000,0.000000000
sample,fixed_single,original,128,128,34,284,1.051648021,1.060800000,0.044600000,0.005500000
sample,fixed_single,ordered4,128,128,34,284,1.124351978,1.133800000,0.045100000,0.005900000
sample,fixed_single,ordered4_fixed_diagnostic,128,128,34,284,1.121279955,1.130000000,0.038200000,0.000000000
sample,fixed_single,ordered4,128,128,35,284,1.128448009,1.137400000,0.044500000,0.005500000
sample,fixed_single,original,128,128,35,284,1.051648021,1.060800000,0.044600000,0.005500000
sample,fixed_single,ordered4_fixed_diagnostic,128,128,35,284,1.119232059,1.129000000,0.039800000,0.000000000
sample,fixed_single,original,128,128,36,284,1.051648021,1.060700000,0.044600000,0.005400000
sample,fixed_single,ordered4,128,128,36,284,1.125375986,1.135100000,0.044100000,0.005600000
sample,fixed_single,ordered4_fixed_diagnostic,128,128,36,284,1.120255947,1.129700000,0.037300000,0.000000000
sample,fixed_single,ordered4,128,128,37,284,1.125375986,1.134200000,0.044900000,0.005500000
sample,fixed_single,original,128,128,37,284,1.051648021,1.062100000,0.044300000,0.005400000
sample,fixed_single,ordered4_fixed_diagnostic,128,128,37,284,1.119232059,1.129000000,0.038800000,0.000000000
sample,fixed_single,original,128,128,38,284,1.054720044,1.063700000,0.043300000,0.005400000
sample,fixed_single,ordered4,128,128,38,284,1.135615945,1.149100000,0.079000000,0.010600000
sample,fixed_single,ordered4_fixed_diagnostic,128,128,38,284,1.121279955,1.134500000,0.042400000,0.000000000
sample,fixed_single,ordered4,128,128,39,284,1.130496025,1.141100000,0.051700000,0.009300000
sample,fixed_single,original,128,128,39,284,1.063935995,1.074900000,0.060100000,0.015200000
sample,fixed_single,ordered4_fixed_diagnostic,128,128,39,284,1.118208051,1.127900000,0.040000000,0.000000000
sample,fixed_single,original,128,128,40,284,1.051648021,1.061700000,0.045400000,0.005700000
sample,fixed_single,ordered4,128,128,40,284,1.128448009,1.138400000,0.047700000,0.006600000
sample,fixed_single,ordered4_fixed_diagnostic,128,128,40,284,1.120255947,1.129800000,0.037900000,0.000000000
sample,fixed_single,ordered4,128,128,41,284,1.126399994,1.136000000,0.044400000,0.005700000
sample,fixed_single,original,128,128,41,284,1.050624013,1.059200000,0.044900000,0.005700000
sample,fixed_single,ordered4_fixed_diagnostic,128,128,41,284,1.120255947,1.129900000,0.039800000,0.000000000
sample,fixed_single,original,128,128,42,284,1.052672029,1.061900000,0.045600000,0.005800000
sample,fixed_single,ordered4,128,128,42,284,1.126399994,1.135200000,0.045400000,0.005800000
sample,fixed_single,ordered4_fixed_diagnostic,128,128,42,284,1.119232059,1.129200000,0.038600000,0.000000000
sample,fixed_single,ordered4,128,128,43,284,1.133568048,1.151000000,0.055400000,0.008200000
sample,fixed_single,original,128,128,43,284,1.063935995,1.078600000,0.059500000,0.012600000
sample,fixed_single,ordered4_fixed_diagnostic,128,128,43,284,1.123327971,1.132400000,0.042700000,0.000000000
sample,fixed_single,original,128,128,44,284,1.052672029,1.060500000,0.038700000,0.006100000
sample,fixed_single,ordered4,128,128,44,284,1.128448009,1.139000000,0.046100000,0.008200000
sample,fixed_single,ordered4_fixed_diagnostic,128,128,44,284,1.121279955,1.131100000,0.039300000,0.000000000
sample,fixed_single,ordered4,128,128,45,284,1.125375986,1.135700000,0.045500000,0.006700000
sample,fixed_single,original,128,128,45,284,1.054720044,1.063900000,0.046500000,0.007900000
sample,fixed_single,ordered4_fixed_diagnostic,128,128,45,284,1.119232059,1.129400000,0.039500000,0.000000000
sample,fixed_single,original,128,128,46,284,1.050624013,1.060000000,0.045100000,0.005600000
sample,fixed_single,ordered4,128,128,46,284,1.129472017,1.140200000,0.045900000,0.007200000
sample,fixed_single,ordered4_fixed_diagnostic,128,128,46,284,1.119232059,1.128600000,0.038100000,0.000000000
sample,fixed_single,ordered4,128,128,47,284,1.126399994,1.140800000,0.046200000,0.005800000
sample,fixed_single,original,128,128,47,284,1.052672029,1.061800000,0.047100000,0.006000000
sample,fixed_single,ordered4_fixed_diagnostic,128,128,47,284,1.121279955,1.135700000,0.037100000,0.000000000
sample,fixed_single,original,128,128,48,284,1.058815956,1.068800000,0.060900000,0.008100000
sample,fixed_single,ordered4,128,128,48,284,1.129472017,1.139500000,0.049100000,0.008500000
sample,fixed_single,ordered4_fixed_diagnostic,128,128,48,284,1.121279955,1.132200000,0.042300000,0.000000000
sample,fixed_single,ordered4,128,128,49,284,1.128448009,1.138300000,0.047500000,0.008200000
sample,fixed_single,original,128,128,49,284,1.057791948,1.066300000,0.048700000,0.008700000
sample,fixed_single,ordered4_fixed_diagnostic,128,128,49,284,1.121279955,1.130800000,0.038900000,0.000000000
sample,fixed_single,original,128,128,50,284,1.061887980,1.075300000,0.055600000,0.008400000
sample,fixed_single,ordered4,128,128,50,284,1.136639953,1.147400000,0.058100000,0.012000000
sample,fixed_single,ordered4_fixed_diagnostic,128,128,50,284,1.121279955,1.131000000,0.040900000,0.000000000
sample,fixed_single,ordered4,128,128,51,284,1.127424002,1.137800000,0.052200000,0.006700000
sample,fixed_single,original,128,128,51,284,1.052672029,1.062900000,0.046800000,0.006600000
sample,fixed_single,ordered4_fixed_diagnostic,128,128,51,284,1.120255947,1.129900000,0.038600000,0.000000000
sample,fixed_single,original,128,128,52,284,1.053696036,1.063000000,0.046000000,0.005900000
sample,fixed_single,ordered4,128,128,52,284,1.127424002,1.137200000,0.044700000,0.005800000
sample,fixed_single,ordered4_fixed_diagnostic,128,128,52,284,1.120255947,1.130000000,0.038700000,0.000000000
sample,fixed_single,ordered4,128,128,53,284,1.126399994,1.134800000,0.045100000,0.005600000
sample,fixed_single,original,128,128,53,284,1.052672029,1.062000000,0.050200000,0.006300000
sample,fixed_single,ordered4_fixed_diagnostic,128,128,53,284,1.121279955,1.131300000,0.038800000,0.000000000
sample,fixed_single,original,128,128,54,284,1.052672029,1.061900000,0.046700000,0.006100000
sample,fixed_single,ordered4,128,128,54,284,1.126399994,1.135600000,0.044300000,0.005700000
sample,fixed_single,ordered4_fixed_diagnostic,128,128,54,284,1.119232059,1.204200000,0.035700000,0.000000000
sample,fixed_single,ordered4,128,128,55,284,1.133568048,1.151000000,0.051300000,0.009500000
sample,fixed_single,original,128,128,55,284,1.054720044,1.063700000,0.047800000,0.008600000
sample,fixed_single,ordered4_fixed_diagnostic,128,128,55,284,1.120255947,1.128200000,0.030700000,0.000000000
sample,fixed_single,original,128,128,56,284,1.051648021,1.061200000,0.043500000,0.005900000
sample,fixed_single,ordered4,128,128,56,284,1.125375986,1.135100000,0.043000000,0.006500000
sample,fixed_single,ordered4_fixed_diagnostic,128,128,56,284,1.118208051,1.127600000,0.035800000,0.000000000
sample,fixed_single,ordered4,128,128,57,284,1.126399994,1.135300000,0.042200000,0.005400000
sample,fixed_single,original,128,128,57,284,1.050624013,1.060200000,0.041500000,0.005700000
sample,fixed_single,ordered4_fixed_diagnostic,128,128,57,284,1.121279955,1.130100000,0.037600000,0.000000000
sample,fixed_single,original,128,128,58,284,1.051648021,1.061500000,0.041500000,0.005500000
sample,fixed_single,ordered4,128,128,58,284,1.125375986,1.134800000,0.043000000,0.005900000
sample,fixed_single,ordered4_fixed_diagnostic,128,128,58,284,1.119232059,1.129300000,0.036600000,0.000000000
sample,fixed_single,ordered4,128,128,59,284,1.126399994,1.134900000,0.045300000,0.006600000
sample,fixed_single,original,128,128,59,284,1.052672029,1.061900000,0.047300000,0.005600000
sample,fixed_single,ordered4_fixed_diagnostic,128,128,59,284,1.120255947,1.129800000,0.038400000,0.000000000
sample,fixed_single,original,128,128,60,284,1.052672029,1.062500000,0.046500000,0.006000000
sample,fixed_single,ordered4,128,128,60,284,1.126399994,1.135800000,0.043500000,0.006100000
sample,fixed_single,ordered4_fixed_diagnostic,128,128,60,284,1.120255947,1.130300000,0.037400000,0.000000000
sample,fixed_single,ordered4,128,128,61,284,1.127424002,1.136500000,0.044400000,0.006200000
sample,fixed_single,original,128,128,61,284,1.057791948,1.068400000,0.049600000,0.008200000
sample,fixed_single,ordered4_fixed_diagnostic,128,128,61,284,1.120255947,1.133500000,0.043700000,0.000000000
sample,fixed_single,original,128,128,62,284,1.058815956,1.070900000,0.053600000,0.010900000
sample,fixed_single,ordered4,128,128,62,284,1.133568048,1.144200000,0.053400000,0.010600000
sample,fixed_single,ordered4_fixed_diagnostic,128,128,62,284,1.121279955,1.131500000,0.038400000,0.000000000
sample,fixed_single,ordered4,128,128,63,284,1.126399994,1.136700000,0.043600000,0.006800000
sample,fixed_single,original,128,128,63,284,1.055744052,1.067500000,0.050900000,0.008100000
sample,fixed_single,ordered4_fixed_diagnostic,128,128,63,284,1.121279955,1.129800000,0.039300000,0.000000000
sample,fixed_single,original,128,128,64,284,1.053696036,1.063600000,0.046600000,0.007100000
sample,fixed_single,ordered4,128,128,64,284,1.127424002,1.137500000,0.046700000,0.006900000
sample,fixed_single,ordered4_fixed_diagnostic,128,128,64,284,1.124351978,1.140200000,0.041700000,0.000000000
sample,fixed_single,ordered4,128,128,65,284,1.131520033,1.141900000,0.053000000,0.010900000
sample,fixed_single,original,128,128,65,284,1.056767941,1.066000000,0.052400000,0.009700000
sample,fixed_single,ordered4_fixed_diagnostic,128,128,65,284,1.122303963,1.132600000,0.038400000,0.000000000
sample,fixed_single,original,128,128,66,284,1.051648021,1.062500000,0.049400000,0.006200000
sample,fixed_single,ordered4,128,128,66,284,1.143808007,1.171300000,0.062100000,0.014900000
sample,fixed_single,ordered4_fixed_diagnostic,128,128,66,284,1.122303963,1.134400000,0.042500000,0.000000000
sample,fixed_single,ordered4,128,128,67,284,1.130496025,1.143100000,0.080600000,0.009400000
sample,fixed_single,original,128,128,67,284,1.074175954,1.084300000,0.072100000,0.021000000
sample,fixed_single,ordered4_fixed_diagnostic,128,128,67,284,1.119232059,1.128900000,0.037600000,0.000000000
sample,fixed_single,original,128,128,68,284,1.050624013,1.060700000,0.045300000,0.006000000
sample,fixed_single,ordered4,128,128,68,284,1.127424002,1.137900000,0.046100000,0.007200000
sample,fixed_single,ordered4_fixed_diagnostic,128,128,68,284,1.118208051,1.128400000,0.040000000,0.000000000
sample,fixed_single,ordered4,128,128,69,284,1.125375986,1.134600000,0.044700000,0.006100000
sample,fixed_single,original,128,128,69,284,1.050624013,1.059900000,0.045600000,0.006100000
sample,fixed_single,ordered4_fixed_diagnostic,128,128,69,284,1.117184043,1.127700000,0.040000000,0.000000000
sample,fixed_single,original,128,128,70,284,1.052672029,1.062300000,0.056500000,0.006700000
sample,fixed_single,ordered4,128,128,70,284,1.127424002,1.139600000,0.046300000,0.006700000
sample,fixed_single,ordered4_fixed_diagnostic,128,128,70,284,1.119232059,1.129200000,0.035900000,0.000000000
sample,fixed_single,ordered4,128,128,71,284,1.129472017,1.143600000,0.047900000,0.008400000
sample,fixed_single,original,128,128,71,284,1.061887980,1.074500000,0.055700000,0.012600000
sample,fixed_single,ordered4_fixed_diagnostic,128,128,71,284,1.121279955,1.132500000,0.039400000,0.000000000
sample,fixed_single,original,128,128,72,284,1.054720044,1.065400000,0.050800000,0.008800000
sample,fixed_single,ordered4,128,128,72,284,1.131520033,1.141400000,0.050400000,0.010400000
sample,fixed_single,ordered4_fixed_diagnostic,128,128,72,284,1.119232059,1.129400000,0.039800000,0.000000000
sample,fixed_single,ordered4,128,128,73,284,1.127424002,1.138100000,0.045000000,0.006100000
sample,fixed_single,original,128,128,73,284,1.053696036,1.063100000,0.047100000,0.006400000
sample,fixed_single,ordered4_fixed_diagnostic,128,128,73,284,1.120255947,1.129600000,0.037000000,0.000000000
sample,fixed_single,original,128,128,74,284,1.053696036,1.062700000,0.045900000,0.006300000
sample,fixed_single,ordered4,128,128,74,284,1.126399994,1.135600000,0.046300000,0.006400000
sample,fixed_single,ordered4_fixed_diagnostic,128,128,74,284,1.118208051,1.128200000,0.037700000,0.000000000
sample,fixed_single,ordered4,128,128,75,284,1.124351978,1.133600000,0.043200000,0.005900000
sample,fixed_single,original,128,128,75,284,1.053696036,1.062700000,0.041500000,0.005700000
sample,fixed_single,ordered4_fixed_diagnostic,128,128,75,284,1.120255947,1.130300000,0.036800000,0.000000000
sample,fixed_single,original,128,128,76,284,1.049600005,1.060000000,0.044800000,0.006500000
sample,fixed_single,ordered4,128,128,76,284,1.127424002,1.137300000,0.045400000,0.007000000
sample,fixed_single,ordered4_fixed_diagnostic,128,128,76,284,1.121279955,1.131400000,0.039600000,0.000000000
sample,fixed_single,ordered4,128,128,77,284,1.124351978,1.134300000,0.046400000,0.006100000
sample,fixed_single,original,128,128,77,284,1.052672029,1.062100000,0.046200000,0.006900000
sample,fixed_single,ordered4_fixed_diagnostic,128,128,77,284,1.120255947,1.129500000,0.038000000,0.000000000
sample,fixed_single,original,128,128,78,284,1.052672029,1.062600000,0.044900000,0.005700000
sample,fixed_single,ordered4,128,128,78,284,1.127424002,1.136100000,0.051900000,0.006800000
sample,fixed_single,ordered4_fixed_diagnostic,128,128,78,284,1.120255947,1.129400000,0.037600000,0.000000000
sample,fixed_single,ordered4,128,128,79,284,1.123327971,1.133900000,0.044000000,0.006100000
sample,fixed_single,original,128,128,79,284,1.052672029,1.061900000,0.045100000,0.005900000
sample,fixed_single,ordered4_fixed_diagnostic,128,128,79,284,1.120255947,1.130300000,0.038900000,0.000000000
sample,fixed_single,original,128,128,80,284,1.053696036,1.064300000,0.043100000,0.006100000
sample,fixed_single,ordered4,128,128,80,284,1.144832015,1.160600000,0.079500000,0.012400000
sample,fixed_single,ordered4_fixed_diagnostic,128,128,80,284,1.122303963,1.132400000,0.035500000,0.000000000
sample,fixed_single,ordered4,128,128,81,284,1.130399942,1.140000000,0.044300000,0.008200000
sample,fixed_single,original,128,128,81,284,1.058815956,1.067900000,0.048900000,0.011400000
sample,fixed_single,ordered4_fixed_diagnostic,128,128,81,284,1.122303963,1.131400000,0.040500000,0.000000000
sample,fixed_single,original,128,128,82,284,1.053696036,1.063500000,0.046400000,0.006000000
sample,fixed_single,ordered4,128,128,82,284,1.131520033,1.140900000,0.048100000,0.009400000
sample,fixed_single,ordered4_fixed_diagnostic,128,128,82,284,1.119232059,1.130000000,0.037900000,0.000000000
sample,fixed_single,ordered4,128,128,83,284,1.128448009,1.138600000,0.045600000,0.006500000
sample,fixed_single,original,128,128,83,284,1.052672029,1.062500000,0.046100000,0.006900000
sample,fixed_single,ordered4_fixed_diagnostic,128,128,83,284,1.121279955,1.130600000,0.039900000,0.000000000
sample,fixed_single,original,128,128,84,284,1.051648021,1.061200000,0.045100000,0.005800000
sample,fixed_single,ordered4,128,128,84,284,1.127424002,1.137000000,0.047100000,0.005900000
sample,fixed_single,ordered4_fixed_diagnostic,128,128,84,284,1.120255947,1.133500000,0.038000000,0.000000000
sample,fixed_single,ordered4,128,128,85,284,1.155071974,1.182900000,0.076500000,0.025100000
sample,fixed_single,original,128,128,85,284,1.068032026,1.079900000,0.088400000,0.018900000
sample,fixed_single,ordered4_fixed_diagnostic,128,128,85,284,1.120255947,1.129800000,0.036700000,0.000000000
sample,fixed_single,original,128,128,86,284,1.050624013,1.059800000,0.044300000,0.006100000
sample,fixed_single,ordered4,128,128,86,284,1.129472017,1.140600000,0.049300000,0.009500000
sample,fixed_single,ordered4_fixed_diagnostic,128,128,86,284,1.119232059,1.129900000,0.040900000,0.000000000
sample,fixed_single,ordered4,128,128,87,284,1.128448009,1.137300000,0.045800000,0.006900000
sample,fixed_single,original,128,128,87,284,1.054720044,1.064300000,0.048700000,0.007300000
sample,fixed_single,ordered4_fixed_diagnostic,128,128,87,284,1.119232059,1.128300000,0.037900000,0.000000000
sample,fixed_single,original,128,128,88,284,1.050624013,1.059900000,0.043900000,0.005400000
sample,fixed_single,ordered4,128,128,88,284,1.126399994,1.136200000,0.045900000,0.006600000
sample,fixed_single,ordered4_fixed_diagnostic,128,128,88,284,1.120255947,1.129000000,0.036900000,0.000000000
sample,fixed_single,ordered4,128,128,89,284,1.125375986,1.133000000,0.042800000,0.005800000
sample,fixed_single,original,128,128,89,284,1.050624013,1.058700000,0.040200000,0.005900000
sample,fixed_single,ordered4_fixed_diagnostic,128,128,89,284,1.121279955,1.129200000,0.034200000,0.000000000
sample,fixed_single,original,128,128,90,284,1.051648021,1.059100000,0.039200000,0.006100000
sample,fixed_single,ordered4,128,128,90,284,1.125375986,1.133600000,0.039700000,0.006000000
sample,fixed_single,ordered4_fixed_diagnostic,128,128,90,284,1.120255947,1.130000000,0.038700000,0.000000000
sample,fixed_single,ordered4,128,128,91,284,1.126399994,1.135900000,0.043000000,0.006100000
sample,fixed_single,original,128,128,91,284,1.053696036,1.063200000,0.042900000,0.006000000
sample,fixed_single,ordered4_fixed_diagnostic,128,128,91,284,1.119232059,1.127600000,0.037100000,0.000000000
sample,fixed_single,original,128,128,92,284,1.052672029,1.061400000,0.043400000,0.006300000
sample,fixed_single,ordered4,128,128,92,284,1.126399994,1.136600000,0.044000000,0.005900000
sample,fixed_single,ordered4_fixed_diagnostic,128,128,92,284,1.120255947,1.129400000,0.040100000,0.000000000
sample,fixed_single,ordered4,128,128,93,284,1.125375986,1.134400000,0.044100000,0.005600000
sample,fixed_single,original,128,128,93,284,1.051648021,1.060800000,0.044300000,0.005900000
sample,fixed_single,ordered4_fixed_diagnostic,128,128,93,284,1.130591989,1.141100000,0.040100000,0.000000000
sample,fixed_single,original,128,128,94,284,1.050624013,1.059200000,0.041800000,0.005800000
sample,fixed_single,ordered4,128,128,94,284,1.125375986,1.133600000,0.039600000,0.006100000
sample,fixed_single,ordered4_fixed_diagnostic,128,128,94,284,1.120255947,1.128700000,0.033400000,0.000000000
sample,fixed_single,ordered4,128,128,95,284,1.125375986,1.134000000,0.039900000,0.006800000
sample,fixed_single,original,128,128,95,284,1.053696036,1.063100000,0.043300000,0.006800000
sample,fixed_single,ordered4_fixed_diagnostic,128,128,95,284,1.122303963,1.130300000,0.035600000,0.000000000
sample,fixed_single,original,128,128,96,284,1.053696036,1.063400000,0.044800000,0.006700000
sample,fixed_single,ordered4,128,128,96,284,1.126399994,1.136600000,0.045800000,0.006700000
sample,fixed_single,ordered4_fixed_diagnostic,128,128,96,284,1.118208051,1.127800000,0.037200000,0.000000000
sample,fixed_single,ordered4,128,128,97,284,1.125375986,1.135000000,0.043900000,0.005800000
sample,fixed_single,original,128,128,97,284,1.053696036,1.062600000,0.046500000,0.006800000
sample,fixed_single,ordered4_fixed_diagnostic,128,128,97,284,1.120255947,1.129400000,0.037700000,0.000000000
sample,fixed_single,original,128,128,98,284,1.053696036,1.062200000,0.045700000,0.005500000
sample,fixed_single,ordered4,128,128,98,284,1.127424002,1.136600000,0.044200000,0.006800000
sample,fixed_single,ordered4_fixed_diagnostic,128,128,98,284,1.120255947,1.130000000,0.040300000,0.000000000
sample,fixed_single,ordered4,128,128,99,284,1.125375986,1.135700000,0.048000000,0.006200000
sample,fixed_single,original,128,128,99,284,1.054720044,1.064900000,0.047900000,0.007400000
sample,fixed_single,ordered4_fixed_diagnostic,128,128,99,284,1.118208051,1.128200000,0.040800000,0.000000000
sample,fixed_single,original,128,128,100,284,1.051648021,1.061000000,0.044500000,0.005600000
sample,fixed_single,ordered4,128,128,100,284,1.125375986,1.134900000,0.044100000,0.005800000
sample,fixed_single,ordered4_fixed_diagnostic,128,128,100,284,1.119232059,1.129400000,0.036900000,0.000000000
sample,fixed_single,ordered4,128,128,101,284,1.125375986,1.133600000,0.044200000,0.005600000
sample,fixed_single,original,128,128,101,284,1.049600005,1.057100000,0.039600000,0.005600000
sample,fixed_single,ordered4_fixed_diagnostic,128,128,101,284,1.119232059,1.127200000,0.032900000,0.000000000
sample,fixed_single,original,128,128,102,284,1.051648021,1.058700000,0.039400000,0.005500000
sample,fixed_single,ordered4,128,128,102,284,1.125375986,1.133700000,0.039400000,0.005500000
sample,fixed_single,ordered4_fixed_diagnostic,128,128,102,284,1.118208051,1.125600000,0.032400000,0.000000000
sample,fixed_single,ordered4,128,128,103,284,1.127424002,1.134500000,0.038700000,0.005900000
sample,fixed_single,original,128,128,103,284,1.051648021,1.059400000,0.038700000,0.005400000
sample,fixed_single,ordered4_fixed_diagnostic,128,128,103,284,1.119232059,1.128900000,0.035500000,0.000000000
sample,fixed_single,original,128,128,104,284,1.087488055,1.113300000,0.099100000,0.021200000
sample,fixed_single,ordered4,128,128,104,284,1.145856023,1.163300000,0.062900000,0.016200000
sample,fixed_single,ordered4_fixed_diagnostic,128,128,104,284,1.122303963,1.135200000,0.038000000,0.000000000
sample,fixed_single,ordered4,128,128,105,284,1.142783999,1.163300000,0.067500000,0.017900000
sample,fixed_single,original,128,128,105,284,1.085440040,1.106100000,0.088000000,0.029900000
sample,fixed_single,ordered4_fixed_diagnostic,128,128,105,284,1.124351978,1.136100000,0.044100000,0.000000000
sample,fixed_single,original,128,128,106,284,1.055744052,1.066300000,0.051000000,0.009300000
sample,fixed_single,ordered4,128,128,106,284,1.134592056,1.145300000,0.075500000,0.013300000
sample,fixed_single,ordered4_fixed_diagnostic,128,128,106,284,1.118208051,1.127300000,0.037900000,0.000000000
sample,fixed_single,ordered4,128,128,107,284,1.125375986,1.134500000,0.044500000,0.005500000
sample,fixed_single,original,128,128,107,284,1.052672029,1.061700000,0.045000000,0.006100000
sample,fixed_single,ordered4_fixed_diagnostic,128,128,107,284,1.120255947,1.128900000,0.037800000,0.000000000
sample,fixed_single,original,128,128,108,284,1.051648021,1.059000000,0.038500000,0.005700000
sample,fixed_single,ordered4,128,128,108,284,1.124351978,1.132400000,0.040500000,0.005600000
sample,fixed_single,ordered4_fixed_diagnostic,128,128,108,284,1.123327971,1.136600000,0.050800000,0.000000000
sample,fixed_single,ordered4,128,128,109,284,1.147904038,1.160900000,0.067300000,0.018100000
sample,fixed_single,original,128,128,109,284,1.068032026,1.080300000,0.064200000,0.017600000
sample,fixed_single,ordered4_fixed_diagnostic,128,128,109,284,1.123327971,1.135300000,0.048200000,0.000000000
sample,fixed_single,original,128,128,110,284,1.074175954,1.087500000,0.070800000,0.015000000
sample,fixed_single,ordered4,128,128,110,284,1.142783999,1.152700000,0.066300000,0.015100000
sample,fixed_single,ordered4_fixed_diagnostic,128,128,110,284,1.122303963,1.132000000,0.046600000,0.000000000
sample,fixed_single,ordered4,128,128,111,284,1.133568048,1.144200000,0.054600000,0.009200000
sample,fixed_single,original,128,128,111,284,1.056767941,1.067800000,0.054300000,0.008600000
sample,fixed_single,ordered4_fixed_diagnostic,128,128,111,284,1.121279955,1.131900000,0.048900000,0.000000000
sample,fixed_single,original,128,128,112,284,1.060863972,1.070900000,0.059300000,0.008700000
sample,fixed_single,ordered4,128,128,112,284,1.136639953,1.146300000,0.058700000,0.009200000
sample,fixed_single,ordered4_fixed_diagnostic,128,128,112,284,1.120255947,1.130600000,0.047300000,0.000000000
sample,fixed_single,ordered4,128,128,113,284,1.131520033,1.141100000,0.057300000,0.008500000
sample,fixed_single,original,128,128,113,284,1.057791948,1.067800000,0.058600000,0.010200000
sample,fixed_single,ordered4_fixed_diagnostic,128,128,113,284,1.121279955,1.130800000,0.045600000,0.000000000
sample,fixed_single,original,128,128,114,284,1.056767941,1.066600000,0.054900000,0.008400000
sample,fixed_single,ordered4,128,128,114,284,1.135615945,1.147500000,0.051600000,0.009900000
sample,fixed_single,ordered4_fixed_diagnostic,128,128,114,284,1.119232059,1.129100000,0.038500000,0.000000000
sample,fixed_single,ordered4,128,128,115,284,1.126399994,1.135700000,0.045900000,0.005700000
sample,fixed_single,original,128,128,115,284,1.052672029,1.062600000,0.046100000,0.006600000
sample,fixed_single,ordered4_fixed_diagnostic,128,128,115,284,1.119232059,1.128800000,0.037500000,0.000000000
sample,fixed_single,original,128,128,116,284,1.052672029,1.061100000,0.044800000,0.005700000
sample,fixed_single,ordered4,128,128,116,284,1.124351978,1.133400000,0.045200000,0.005500000
sample,fixed_single,ordered4_fixed_diagnostic,128,128,116,284,1.118208051,1.128100000,0.037800000,0.000000000
sample,fixed_single,ordered4,128,128,117,284,1.126399994,1.135200000,0.043800000,0.005600000
sample,fixed_single,original,128,128,117,284,1.052672029,1.061200000,0.045800000,0.005700000
sample,fixed_single,ordered4_fixed_diagnostic,128,128,117,284,1.122303963,1.131400000,0.037600000,0.000000000
sample,fixed_single,original,128,128,118,284,1.067008018,1.083500000,0.057500000,0.011000000
sample,fixed_single,ordered4,128,128,118,284,1.131520033,1.143800000,0.047000000,0.008500000
sample,fixed_single,ordered4_fixed_diagnostic,128,128,118,284,1.122303963,1.137500000,0.044800000,0.000000000
sample,fixed_single,ordered4,128,128,119,284,1.127424002,1.138000000,0.047900000,0.007400000
sample,fixed_single,original,128,128,119,284,1.054720044,1.063900000,0.049300000,0.008200000
sample,fixed_single,ordered4_fixed_diagnostic,128,128,119,284,1.120255947,1.128900000,0.038500000,0.000000000
sample,fixed_single,original,128,128,120,284,1.053696036,1.062100000,0.044200000,0.005500000
sample,fixed_single,ordered4,128,128,120,284,1.122303963,1.130500000,0.039700000,0.005500000
sample,fixed_single,ordered4_fixed_diagnostic,128,128,120,284,1.119232059,1.127400000,0.035800000,0.000000000
sample,fixed_single,ordered4,128,128,121,284,1.126399994,1.134300000,0.042300000,0.005600000
sample,fixed_single,original,128,128,121,284,1.051648021,1.059700000,0.039800000,0.005500000
sample,fixed_single,ordered4_fixed_diagnostic,128,128,121,284,1.120255947,1.128900000,0.033600000,0.000000000
sample,fixed_single,original,128,128,122,284,1.050624013,1.058400000,0.039000000,0.005500000
sample,fixed_single,ordered4,128,128,122,284,1.123327971,1.132600000,0.039900000,0.005500000
sample,fixed_single,ordered4_fixed_diagnostic,128,128,122,284,1.126240015,1.143800000,0.045700000,0.000000000
sample,fixed_single,ordered4,128,128,123,284,1.293311954,1.354400000,0.516300000,0.074400000
sample,fixed_single,original,128,128,123,284,1.105919957,1.156400000,0.096900000,0.043900000
sample,fixed_single,ordered4_fixed_diagnostic,128,128,123,284,1.118208051,1.126300000,0.032300000,0.000000000
sample,fixed_single,original,128,128,124,284,1.051648021,1.059000000,0.039200000,0.005800000
sample,fixed_single,ordered4,128,128,124,284,1.135488033,1.148400000,0.047100000,0.008300000
sample,fixed_single,ordered4_fixed_diagnostic,128,128,124,284,1.119232059,1.128000000,0.032300000,0.000000000
sample,fixed_single,ordered4,128,128,125,284,1.126399994,1.135600000,0.042200000,0.006200000
sample,fixed_single,original,128,128,125,284,1.053696036,1.062500000,0.044100000,0.006700000
sample,fixed_single,ordered4_fixed_diagnostic,128,128,125,284,1.120255947,1.129200000,0.035600000,0.000000000
sample,fixed_single,original,128,128,126,284,1.053696036,1.062600000,0.047700000,0.005700000
sample,fixed_single,ordered4,128,128,126,284,1.129472017,1.139000000,0.046600000,0.007100000
sample,fixed_single,ordered4_fixed_diagnostic,128,128,126,284,1.119232059,1.128600000,0.037700000,0.000000000
sample,fixed_single,ordered4,128,128,127,284,1.139711976,1.153600000,0.068700000,0.010500000
sample,fixed_single,original,128,128,127,284,1.052672029,1.062200000,0.043700000,0.006700000
sample,fixed_single,ordered4_fixed_diagnostic,128,128,127,284,1.118208051,1.127600000,0.036200000,0.000000000
sample,fixed_single,original,128,128,128,284,1.052672029,1.061800000,0.042300000,0.005900000
sample,fixed_single,ordered4,128,128,128,284,1.126399994,1.135700000,0.043500000,0.006000000
sample,fixed_single,ordered4_fixed_diagnostic,128,128,128,284,1.120255947,1.129700000,0.036500000,0.000000000
sample,fixed_single,ordered4,128,128,129,284,1.124351978,1.133300000,0.043300000,0.005500000
sample,fixed_single,original,128,128,129,284,1.050624013,1.060000000,0.043700000,0.005500000
sample,fixed_single,ordered4_fixed_diagnostic,128,128,129,284,1.121279955,1.131500000,0.036800000,0.000000000
sample,fixed_single,original,128,128,130,284,1.052672029,1.061400000,0.043000000,0.005800000
sample,fixed_single,ordered4,128,128,130,284,1.123327971,1.132400000,0.043000000,0.005600000
sample,fixed_single,ordered4_fixed_diagnostic,128,128,130,284,1.122303963,1.131100000,0.038900000,0.000000000
sample,fixed_single,ordered4,128,128,131,284,1.124351978,1.132500000,0.039100000,0.005500000
sample,fixed_single,original,128,128,131,284,1.050624013,1.059100000,0.037700000,0.005200000
sample,fixed_single,ordered4_fixed_diagnostic,128,128,131,284,1.119104028,1.127000000,0.031500000,0.000000000
sample,fixed_single,original,128,128,132,284,1.058815956,1.069500000,0.043000000,0.007800000
sample,fixed_single,ordered4,128,128,132,284,1.126399994,1.134900000,0.040000000,0.006100000
sample,fixed_single,ordered4_fixed_diagnostic,128,128,132,284,1.120255947,1.127100000,0.032500000,0.000000000
sample,fixed_single,ordered4,128,128,133,284,1.125375986,1.133800000,0.039000000,0.005500000
sample,fixed_single,original,128,128,133,284,1.053696036,1.061500000,0.039200000,0.005600000
sample,fixed_single,ordered4_fixed_diagnostic,128,128,133,284,1.119135976,1.126200000,0.032400000,0.000000000
sample,fixed_single,original,128,128,134,284,1.049600005,1.057000000,0.039100000,0.005800000
sample,fixed_single,ordered4,128,128,134,284,1.124351978,1.132700000,0.039300000,0.005800000
sample,fixed_single,ordered4_fixed_diagnostic,128,128,134,284,1.119199991,1.126200000,0.032100000,0.000000000
sample,fixed_single,ordered4,128,128,135,284,1.122303963,1.130300000,0.039500000,0.005800000
sample,fixed_single,original,128,128,135,284,1.051648021,1.058700000,0.039500000,0.005800000
sample,fixed_single,ordered4_fixed_diagnostic,128,128,135,284,1.119168043,1.126100000,0.032700000,0.000000000
sample,fixed_single,original,128,128,136,284,1.051648021,1.059600000,0.038400000,0.005700000
sample,fixed_single,ordered4,128,128,136,284,1.125375986,1.134100000,0.038400000,0.005600000
sample,fixed_single,ordered4_fixed_diagnostic,128,128,136,284,1.125375986,1.145100000,0.045700000,0.000000000
sample,fixed_single,ordered4,128,128,137,284,1.145856023,1.163800000,0.090000000,0.019200000
sample,fixed_single,original,128,128,137,284,1.070943952,1.085000000,0.061400000,0.019600000
sample,fixed_single,ordered4_fixed_diagnostic,128,128,137,284,1.120255947,1.129200000,0.035800000,0.000000000
sample,fixed_single,original,128,128,138,284,1.051648021,1.060600000,0.043300000,0.006200000
sample,fixed_single,ordered4,128,128,138,284,1.132544041,1.141000000,0.048200000,0.011800000
sample,fixed_single,ordered4_fixed_diagnostic,128,128,138,284,1.119232059,1.129000000,0.041300000,0.000000000
sample,fixed_single,ordered4,128,128,139,284,1.135615945,1.149800000,0.054100000,0.009400000
sample,fixed_single,original,128,128,139,284,1.061887980,1.073300000,0.059300000,0.014200000
sample,fixed_single,ordered4_fixed_diagnostic,128,128,139,284,1.121279955,1.130400000,0.038100000,0.000000000
sample,fixed_single,original,128,128,140,284,1.051648021,1.061000000,0.049000000,0.005600000
sample,fixed_single,ordered4,128,128,140,284,1.126399994,1.136300000,0.044700000,0.006900000
sample,fixed_single,ordered4_fixed_diagnostic,128,128,140,284,1.123327971,1.134400000,0.040000000,0.000000000
sample,fixed_single,ordered4,128,128,141,284,1.126399994,1.135900000,0.043800000,0.006900000
sample,fixed_single,original,128,128,141,284,1.059839964,1.071900000,0.052400000,0.010200000
sample,fixed_single,ordered4_fixed_diagnostic,128,128,141,284,1.120255947,1.130300000,0.038700000,0.000000000
sample,fixed_single,original,128,128,142,284,1.053696036,1.062500000,0.044000000,0.005900000
sample,fixed_single,ordered4,128,128,142,284,1.126399994,1.136200000,0.045200000,0.006600000
sample,fixed_single,ordered4_fixed_diagnostic,128,128,142,284,1.120255947,1.129300000,0.039100000,0.000000000
sample,fixed_single,ordered4,128,128,143,284,1.126399994,1.135400000,0.044300000,0.005800000
sample,fixed_single,original,128,128,143,284,1.050624013,1.060100000,0.044100000,0.005800000
sample,fixed_single,ordered4_fixed_diagnostic,128,128,143,284,1.120255947,1.130500000,0.040000000,0.000000000
sample,fixed_single,original,128,128,144,284,1.050624013,1.060700000,0.044800000,0.005600000
sample,fixed_single,ordered4,128,128,144,284,1.126399994,1.135300000,0.044700000,0.005500000
sample,fixed_single,ordered4_fixed_diagnostic,128,128,144,284,1.121279955,1.131000000,0.037500000,0.000000000
sample,fixed_single,ordered4,128,128,145,284,1.125375986,1.135200000,0.043900000,0.005300000
sample,fixed_single,original,128,128,145,284,1.051648021,1.061300000,0.044800000,0.005400000
sample,fixed_single,ordered4_fixed_diagnostic,128,128,145,284,1.119232059,1.128900000,0.039300000,0.000000000
sample,fixed_single,original,128,128,146,284,1.059839964,1.072700000,0.075500000,0.008200000
sample,fixed_single,ordered4,128,128,146,284,1.126399994,1.134400000,0.045700000,0.006600000
sample,fixed_single,ordered4_fixed_diagnostic,128,128,146,284,1.119232059,1.127400000,0.032600000,0.000000000
sample,fixed_single,ordered4,128,128,147,284,1.122303963,1.130900000,0.039300000,0.005700000
sample,fixed_single,original,128,128,147,284,1.051455975,1.058400000,0.040000000,0.005600000
sample,fixed_single,ordered4_fixed_diagnostic,128,128,147,284,1.118208051,1.126600000,0.033100000,0.000000000
sample,fixed_single,original,128,128,148,284,1.050528049,1.057200000,0.039700000,0.005500000
sample,fixed_single,ordered4,128,128,148,284,1.124351978,1.131900000,0.039500000,0.005400000
sample,fixed_single,ordered4_fixed_diagnostic,128,128,148,284,1.118208051,1.126400000,0.032600000,0.000000000
sample,fixed_single,ordered4,128,128,149,284,1.126399994,1.133900000,0.039200000,0.005500000
sample,fixed_single,original,128,128,149,284,1.050624013,1.058200000,0.040100000,0.005300000
sample,fixed_single,ordered4_fixed_diagnostic,128,128,149,284,1.120255947,1.127900000,0.032500000,0.000000000
sample,fixed_single,original,128,128,150,284,1.049600005,1.057700000,0.039000000,0.005500000
sample,fixed_single,ordered4,128,128,150,284,1.125375986,1.132900000,0.039000000,0.005400000
sample,fixed_single,ordered4_fixed_diagnostic,128,128,150,284,1.118208051,1.126200000,0.034600000,0.000000000
sample,fixed_single,ordered4,128,128,151,284,1.143648028,1.160000000,0.066400000,0.012800000
sample,fixed_single,original,128,128,151,284,1.057791948,1.068800000,0.047500000,0.009400000
sample,fixed_single,ordered4_fixed_diagnostic,128,128,151,284,1.124351978,1.137600000,0.035800000,0.000000000
sample,fixed_single,original,128,128,152,284,1.053696036,1.062800000,0.047900000,0.007800000
sample,fixed_single,ordered4,128,128,152,284,1.126399994,1.135200000,0.044500000,0.006800000
sample,fixed_single,ordered4_fixed_diagnostic,128,128,152,284,1.119232059,1.128500000,0.035800000,0.000000000
sample,fixed_single,ordered4,128,128,153,284,1.126399994,1.135800000,0.042300000,0.005600000
sample,fixed_single,original,128,128,153,284,1.052672029,1.064100000,0.046500000,0.006400000
sample,fixed_single,ordered4_fixed_diagnostic,128,128,153,284,1.120255947,1.129500000,0.036200000,0.000000000
sample,fixed_single,original,128,128,154,284,1.049600005,1.059000000,0.042200000,0.005600000
sample,fixed_single,ordered4,128,128,154,284,1.126399994,1.135600000,0.043400000,0.005900000
sample,fixed_single,ordered4_fixed_diagnostic,128,128,154,284,1.118208051,1.127500000,0.036200000,0.000000000
sample,fixed_single,ordered4,128,128,155,284,1.125375986,1.134300000,0.045700000,0.005700000
sample,fixed_single,original,128,128,155,284,1.053696036,1.062900000,0.042800000,0.006100000
sample,fixed_single,ordered4_fixed_diagnostic,128,128,155,284,1.124351978,1.138200000,0.039400000,0.000000000
sample,fixed_single,original,128,128,156,284,1.053696036,1.063400000,0.047400000,0.008100000
sample,fixed_single,ordered4,128,128,156,284,1.125375986,1.135400000,0.044900000,0.006700000
sample,fixed_single,ordered4_fixed_diagnostic,128,128,156,284,1.120255947,1.129600000,0.036800000,0.000000000
sample,fixed_single,ordered4,128,128,157,284,1.125375986,1.133900000,0.042300000,0.005500000
sample,fixed_single,original,128,128,157,284,1.051648021,1.058900000,0.039600000,0.005700000
sample,fixed_single,ordered4_fixed_diagnostic,128,128,157,284,1.119232059,1.127900000,0.032600000,0.000000000
sample,fixed_single,original,128,128,158,284,1.049600005,1.060300000,0.037800000,0.005900000
sample,fixed_single,ordered4,128,128,158,284,1.125375986,1.133800000,0.039300000,0.005800000
sample,fixed_single,ordered4_fixed_diagnostic,128,128,158,284,1.118208051,1.126500000,0.032000000,0.000000000
sample,fixed_single,ordered4,128,128,159,284,1.125216007,1.132800000,0.038400000,0.005500000
sample,fixed_single,original,128,128,159,284,1.050624013,1.058300000,0.039800000,0.005600000
sample,fixed_single,ordered4_fixed_diagnostic,128,128,159,284,1.118208051,1.125200000,0.034200000,0.000000000
sample,fixed_single,original,128,128,160,284,1.051488042,1.058900000,0.038300000,0.005500000
sample,fixed_single,ordered4,128,128,160,284,1.128448009,1.140400000,0.063100000,0.007700000
sample,fixed_single,ordered4_fixed_diagnostic,128,128,160,284,1.120128036,1.127800000,0.032600000,0.000000000
sample,fixed_single,ordered4,128,128,161,284,1.124223948,1.131100000,0.038700000,0.005600000
sample,fixed_single,original,128,128,161,284,1.051648021,1.060200000,0.039300000,0.006100000
sample,fixed_single,ordered4_fixed_diagnostic,128,128,161,284,1.120192051,1.127100000,0.032600000,0.000000000
sample,fixed_single,original,128,128,162,284,1.049600005,1.058000000,0.039400000,0.005500000
sample,fixed_single,ordered4,128,128,162,284,1.124223948,1.132000000,0.039700000,0.005800000
sample,fixed_single,ordered4_fixed_diagnostic,128,128,162,284,1.120255947,1.128800000,0.032700000,0.000000000
sample,fixed_single,ordered4,128,128,163,284,1.124320030,1.131900000,0.039400000,0.005900000
sample,fixed_single,original,128,128,163,284,1.050591946,1.058400000,0.039300000,0.005700000
sample,fixed_single,ordered4_fixed_diagnostic,128,128,163,284,1.120255947,1.127300000,0.032500000,0.000000000
sample,fixed_single,original,128,128,164,284,1.065824032,1.078000000,0.082800000,0.010900000
sample,fixed_single,ordered4,128,128,164,284,1.132544041,1.143000000,0.074500000,0.009700000
sample,fixed_single,ordered4_fixed_diagnostic,128,128,164,284,1.124351978,1.145400000,0.085000000,0.000000000
sample,fixed_single,ordered4,128,128,165,284,1.154047966,1.171600000,0.067800000,0.019400000
sample,fixed_single,original,128,128,165,284,1.074048042,1.087500000,0.070200000,0.020100000
sample,fixed_single,ordered4_fixed_diagnostic,128,128,165,284,1.151999950,1.181800000,0.246600000,0.000000000
sample,fixed_single,original,128,128,166,284,1.065984011,1.088500000,0.054700000,0.012100000
sample,fixed_single,ordered4,128,128,166,284,1.137663960,1.147200000,0.051500000,0.014000000
sample,fixed_single,ordered4_fixed_diagnostic,128,128,166,284,1.123327971,1.135700000,0.036200000,0.000000000
sample,fixed_single,ordered4,128,128,167,284,1.141759992,1.155100000,0.057500000,0.015000000
sample,fixed_single,original,128,128,167,284,1.069056034,1.080100000,0.058000000,0.014600000
sample,fixed_single,ordered4_fixed_diagnostic,128,128,167,284,1.125375986,1.135600000,0.037400000,0.000000000
sample,fixed_single,original,128,128,168,284,1.071104050,1.102900000,0.062000000,0.017400000
sample,fixed_single,ordered4,128,128,168,284,1.141759992,1.153800000,0.060200000,0.019600000
sample,fixed_single,ordered4_fixed_diagnostic,128,128,168,284,1.122303963,1.131800000,0.037600000,0.000000000
sample,fixed_single,ordered4,128,128,169,284,1.127424002,1.136700000,0.042400000,0.006300000
sample,fixed_single,original,128,128,169,284,1.052672029,1.062700000,0.042000000,0.005800000
sample,fixed_single,ordered4_fixed_diagnostic,128,128,169,284,1.126399994,1.141200000,0.043300000,0.000000000
sample,fixed_single,original,128,128,170,284,1.071104050,1.088400000,0.062300000,0.013100000
sample,fixed_single,ordered4,128,128,170,284,1.144832015,1.154500000,0.066400000,0.016800000
sample,fixed_single,ordered4_fixed_diagnostic,128,128,170,284,1.119232059,1.127800000,0.039200000,0.000000000
sample,fixed_single,ordered4,128,128,171,284,1.126399994,1.140700000,0.044800000,0.005700000
sample,fixed_single,original,128,128,171,284,1.053696036,1.063400000,0.043600000,0.006800000
sample,fixed_single,ordered4_fixed_diagnostic,128,128,171,284,1.126399994,1.142900000,0.048600000,0.000000000
sample,fixed_single,original,128,128,172,284,1.059839964,1.070100000,0.054200000,0.011200000
sample,fixed_single,ordered4,128,128,172,284,1.133568048,1.142900000,0.053300000,0.012300000
sample,fixed_single,ordered4_fixed_diagnostic,128,128,172,284,1.120255947,1.129700000,0.039300000,0.000000000
sample,fixed_single,ordered4,128,128,173,284,1.125375986,1.134900000,0.043800000,0.005500000
sample,fixed_single,original,128,128,173,284,1.053696036,1.063900000,0.047900000,0.006400000
sample,fixed_single,ordered4_fixed_diagnostic,128,128,173,284,1.120255947,1.130000000,0.040700000,0.000000000
sample,fixed_single,original,128,128,174,284,1.050624013,1.059400000,0.044700000,0.005700000
sample,fixed_single,ordered4,128,128,174,284,1.124351978,1.133400000,0.044700000,0.006000000
sample,fixed_single,ordered4_fixed_diagnostic,128,128,174,284,1.119232059,1.128000000,0.036600000,0.000000000
sample,fixed_single,ordered4,128,128,175,284,1.125375986,1.134000000,0.045500000,0.005800000
sample,fixed_single,original,128,128,175,284,1.052672029,1.061200000,0.044100000,0.005600000
sample,fixed_single,ordered4_fixed_diagnostic,128,128,175,284,1.122303963,1.132000000,0.039400000,0.000000000
sample,fixed_single,original,128,128,176,284,1.071104050,1.089700000,0.072100000,0.012600000
sample,fixed_single,ordered4,128,128,176,284,1.143808007,1.161400000,0.074200000,0.012100000
sample,fixed_single,ordered4_fixed_diagnostic,128,128,176,284,1.122303963,1.134400000,0.043800000,0.000000000
sample,fixed_single,ordered4,128,128,177,284,1.140735984,1.153900000,0.058600000,0.012700000
sample,fixed_single,original,128,128,177,284,1.065919995,1.077600000,0.055200000,0.010800000
sample,fixed_single,ordered4_fixed_diagnostic,128,128,177,284,1.118208051,1.127800000,0.039700000,0.000000000
sample,fixed_single,original,128,128,178,284,1.051648021,1.060600000,0.043600000,0.005700000
sample,fixed_single,ordered4,128,128,178,284,1.124351978,1.134300000,0.043400000,0.006200000
sample,fixed_single,ordered4_fixed_diagnostic,128,128,178,284,1.118208051,1.127400000,0.036100000,0.000000000
sample,fixed_single,ordered4,128,128,179,284,1.125375986,1.134600000,0.043100000,0.005700000
sample,fixed_single,original,128,128,179,284,1.051648021,1.060800000,0.050600000,0.005600000
sample,fixed_single,ordered4_fixed_diagnostic,128,128,179,284,1.120255947,1.129800000,0.036100000,0.000000000
sample,fixed_single,original,128,128,180,284,1.053696036,1.062200000,0.042100000,0.005500000
sample,fixed_single,ordered4,128,128,180,284,1.124351978,1.132900000,0.042100000,0.005600000
sample,fixed_single,ordered4_fixed_diagnostic,128,128,180,284,1.121279955,1.130300000,0.046500000,0.000000000
sample,fixed_single,ordered4,128,128,181,284,1.129472017,1.138100000,0.044900000,0.008200000
sample,fixed_single,original,128,128,181,284,1.051648021,1.059600000,0.040600000,0.006200000
sample,fixed_single,ordered4_fixed_diagnostic,128,128,181,284,1.119232059,1.127500000,0.032900000,0.000000000
sample,fixed_single,original,128,128,182,284,1.051648021,1.059500000,0.038800000,0.005600000
sample,fixed_single,ordered4,128,128,182,284,1.124191999,1.133200000,0.039500000,0.005800000
sample,fixed_single,ordered4_fixed_diagnostic,128,128,182,284,1.119232059,1.127300000,0.032800000,0.000000000
sample,fixed_single,ordered4,128,128,183,284,1.125375986,1.133000000,0.038900000,0.005400000
sample,fixed_single,original,128,128,183,284,1.051648021,1.059600000,0.038800000,0.005600000
sample,fixed_single,ordered4_fixed_diagnostic,128,128,183,284,1.119168043,1.126600000,0.032500000,0.000000000
sample,fixed_single,original,128,128,184,284,1.052512050,1.059500000,0.039000000,0.005500000
sample,fixed_single,ordered4,128,128,184,284,1.124256015,1.131600000,0.039500000,0.005500000
sample,fixed_single,ordered4_fixed_diagnostic,128,128,184,284,1.119232059,1.127600000,0.031900000,0.000000000
sample,fixed_single,ordered4,128,128,185,284,1.125375986,1.133000000,0.038900000,0.005700000
sample,fixed_single,original,128,128,185,284,1.050624013,1.059100000,0.038500000,0.005500000
sample,fixed_single,ordered4_fixed_diagnostic,128,128,185,284,1.121279955,1.131300000,0.033900000,0.000000000
sample,fixed_single,original,128,128,186,284,1.068032026,1.082600000,0.062400000,0.014100000
sample,fixed_single,ordered4,128,128,186,284,1.144832015,1.161300000,0.086700000,0.017100000
sample,fixed_single,ordered4_fixed_diagnostic,128,128,186,284,1.118208051,1.129400000,0.043200000,0.000000000
sample,fixed_single,ordered4,128,128,187,284,1.125375986,1.134800000,0.046700000,0.006600000
sample,fixed_single,original,128,128,187,284,1.064960003,1.074500000,0.059100000,0.017400000
sample,fixed_single,ordered4_fixed_diagnostic,128,128,187,284,1.118208051,1.127700000,0.036800000,0.000000000
sample,fixed_single,original,128,128,188,284,1.057791948,1.074800000,0.053000000,0.010300000
sample,fixed_single,ordered4,128,128,188,284,1.127424002,1.136300000,0.049000000,0.008300000
sample,fixed_single,ordered4_fixed_diagnostic,128,128,188,284,1.119232059,1.128700000,0.037800000,0.000000000
sample,fixed_single,ordered4,128,128,189,284,1.126399994,1.135400000,0.049000000,0.005700000
sample,fixed_single,original,128,128,189,284,1.050624013,1.061000000,0.043700000,0.005500000
sample,fixed_single,ordered4_fixed_diagnostic,128,128,189,284,1.122303963,1.134500000,0.043000000,0.000000000
sample,fixed_single,original,128,128,190,284,1.053696036,1.063000000,0.046900000,0.007900000
sample,fixed_single,ordered4,128,128,190,284,1.126399994,1.135700000,0.046800000,0.006300000
sample,fixed_single,ordered4_fixed_diagnostic,128,128,190,284,1.121279955,1.133600000,0.048800000,0.000000000
sample,fixed_single,ordered4,128,128,191,284,1.146880031,1.176100000,0.075500000,0.016300000
sample,fixed_single,original,128,128,191,284,1.075199962,1.098600000,0.079800000,0.020300000
sample,fixed_single,ordered4_fixed_diagnostic,128,128,191,284,1.122303963,1.132200000,0.040900000,0.000000000
sample,fixed_single,original,128,128,192,284,1.055744052,1.064700000,0.049300000,0.006800000
sample,fixed_single,ordered4,128,128,192,284,1.126399994,1.136600000,0.049500000,0.008700000
sample,fixed_single,ordered4_fixed_diagnostic,128,128,192,284,1.121279955,1.130600000,0.039200000,0.000000000
sample,fixed_single,ordered4,128,128,193,284,1.127424002,1.136300000,0.043700000,0.005700000
sample,fixed_single,original,128,128,193,284,1.051648021,1.061100000,0.044200000,0.005500000
sample,fixed_single,ordered4_fixed_diagnostic,128,128,193,284,1.119232059,1.128700000,0.037300000,0.000000000
sample,fixed_single,original,128,128,194,284,1.051648021,1.061400000,0.044200000,0.005500000
sample,fixed_single,ordered4,128,128,194,284,1.125375986,1.134400000,0.044200000,0.005500000
sample,fixed_single,ordered4_fixed_diagnostic,128,128,194,284,1.121279955,1.131100000,0.039300000,0.000000000
sample,fixed_single,ordered4,128,128,195,284,1.126399994,1.135900000,0.044400000,0.005900000
sample,fixed_single,original,128,128,195,284,1.057791948,1.067300000,0.058600000,0.008000000
sample,fixed_single,ordered4_fixed_diagnostic,128,128,195,284,1.128448009,1.148000000,0.088900000,0.000000000
sample,fixed_single,original,128,128,196,284,1.087488055,1.106900000,0.086700000,0.021400000
sample,fixed_single,ordered4,128,128,196,284,1.156095982,1.172200000,0.077000000,0.022700000
sample,fixed_single,ordered4_fixed_diagnostic,128,128,196,284,1.121279955,1.132000000,0.036100000,0.000000000
sample,fixed_single,ordered4,128,128,197,284,1.132544041,1.144400000,0.050100000,0.011200000
sample,fixed_single,original,128,128,197,284,1.086464047,1.102000000,0.103800000,0.028000000
sample,fixed_single,ordered4_fixed_diagnostic,128,128,197,284,1.125375986,1.141800000,0.050500000,0.000000000
sample,fixed_single,original,128,128,198,284,1.071104050,1.085800000,0.066500000,0.017000000
sample,fixed_single,ordered4,128,128,198,284,1.136639953,1.145800000,0.056200000,0.014600000
sample,fixed_single,ordered4_fixed_diagnostic,128,128,198,284,1.119232059,1.129800000,0.038800000,0.000000000
sample,fixed_single,ordered4,128,128,199,284,1.128448009,1.137500000,0.045400000,0.006200000
sample,fixed_single,original,128,128,199,284,1.051648021,1.061600000,0.045300000,0.005900000
sample,fixed_single,ordered4_fixed_diagnostic,128,128,199,284,1.119232059,1.128000000,0.038500000,0.000000000
sample,fixed_single,original,128,128,200,284,1.051648021,1.060500000,0.046700000,0.005500000
sample,fixed_single,ordered4,128,128,200,284,1.134592056,1.146700000,0.048600000,0.008500000
sample,fixed_single,ordered4_fixed_diagnostic,128,128,200,284,1.120255947,1.130200000,0.040100000,0.000000000
sample,fixed_single,ordered4,128,128,201,284,1.125375986,1.135500000,0.044300000,0.005700000
sample,fixed_single,original,128,128,201,284,1.054720044,1.063900000,0.046200000,0.007000000
sample,fixed_single,ordered4_fixed_diagnostic,128,128,201,284,1.121279955,1.130100000,0.044600000,0.000000000
sample,fixed_single,original,128,128,202,284,1.051648021,1.061300000,0.043800000,0.005600000
sample,fixed_single,ordered4,128,128,202,284,1.124351978,1.135200000,0.044400000,0.006100000
sample,fixed_single,ordered4_fixed_diagnostic,128,128,202,284,1.120255947,1.129200000,0.037100000,0.000000000
sample,fixed_single,ordered4,128,128,203,284,1.124351978,1.132100000,0.039300000,0.005700000
sample,fixed_single,original,128,128,203,284,1.052543998,1.059400000,0.040000000,0.005400000
sample,fixed_single,ordered4_fixed_diagnostic,128,128,203,284,1.119199991,1.127600000,0.033800000,0.000000000
sample,fixed_single,original,128,128,204,284,1.060863972,1.074200000,0.045200000,0.009400000
sample,fixed_single,ordered4,128,128,204,284,1.149888039,1.170300000,0.072400000,0.018100000
sample,fixed_single,ordered4_fixed_diagnostic,128,128,204,284,1.155071974,1.183400000,0.066600000,0.000000000
sample,fixed_single,ordered4,128,128,205,284,1.146880031,1.164500000,0.081700000,0.018600000
sample,fixed_single,original,128,128,205,284,1.079295993,1.094400000,0.070900000,0.021600000
sample,fixed_single,ordered4_fixed_diagnostic,128,128,205,284,1.121152043,1.135900000,0.039200000,0.000000000
sample,fixed_single,original,128,128,206,284,1.108991981,1.155100000,0.141000000,0.037000000
sample,fixed_single,ordered4,128,128,206,284,1.186815977,1.207800000,0.117400000,0.047900000
sample,fixed_single,ordered4_fixed_diagnostic,128,128,206,284,1.124351978,1.139800000,0.045400000,0.000000000
sample,fixed_single,ordered4,128,128,207,284,1.156095982,1.180900000,0.088900000,0.024100000
sample,fixed_single,original,128,128,207,284,1.086464047,1.099200000,0.086400000,0.031700000
sample,fixed_single,ordered4_fixed_diagnostic,128,128,207,284,1.126399994,1.142800000,0.051100000,0.000000000
sample,fixed_single,original,128,128,208,284,1.071007967,1.090000000,0.070500000,0.017400000
sample,fixed_single,ordered4,128,128,208,284,1.142655969,1.150800000,0.054900000,0.012400000
sample,fixed_single,ordered4_fixed_diagnostic,128,128,208,284,1.121279955,1.132300000,0.038500000,0.000000000
sample,fixed_single,ordered4,128,128,209,284,1.137663960,1.152700000,0.055900000,0.012600000
sample,fixed_single,original,128,128,209,284,1.074175954,1.090700000,0.086200000,0.018500000
sample,fixed_single,ordered4_fixed_diagnostic,128,128,209,284,1.128352046,1.145500000,0.055800000,0.000000000
sample,fixed_single,original,128,128,210,284,1.074175954,1.092600000,0.062200000,0.013800000
sample,fixed_single,ordered4,128,128,210,284,1.135615945,1.144700000,0.050400000,0.014400000
sample,fixed_single,ordered4_fixed_diagnostic,128,128,210,284,1.118208051,1.129000000,0.038300000,0.000000000
sample,fixed_single,ordered4,128,128,211,284,1.129472017,1.140400000,0.053000000,0.006900000
sample,fixed_single,original,128,128,211,284,1.067008018,1.086300000,0.063200000,0.015300000
sample,fixed_single,ordered4_fixed_diagnostic,128,128,211,284,1.127424002,1.143800000,0.074400000,0.000000000
sample,fixed_single,original,128,128,212,284,1.072128057,1.090700000,0.060100000,0.018500000
sample,fixed_single,ordered4,128,128,212,284,1.144832015,1.154900000,0.059700000,0.018200000
sample,fixed_single,ordered4_fixed_diagnostic,128,128,212,284,1.120255947,1.129300000,0.035100000,0.000000000
sample,fixed_single,ordered4,128,128,213,284,1.132544041,1.141000000,0.040700000,0.008200000
sample,fixed_single,original,128,128,213,284,1.066944003,1.081400000,0.056000000,0.013600000
sample,fixed_single,ordered4_fixed_diagnostic,128,128,213,284,1.125375986,1.142100000,0.051800000,0.000000000
sample,fixed_single,original,128,128,214,284,1.063935995,1.075800000,0.059300000,0.013500000
sample,fixed_single,ordered4,128,128,214,284,1.148928046,1.160400000,0.068400000,0.023700000
sample,fixed_single,ordered4_fixed_diagnostic,128,128,214,284,1.121279955,1.130800000,0.033100000,0.000000000
sample,fixed_single,ordered4,128,128,215,284,1.138687968,1.151200000,0.052400000,0.010400000
sample,fixed_single,original,128,128,215,284,1.057791948,1.066400000,0.048800000,0.009500000
sample,fixed_single,ordered4_fixed_diagnostic,128,128,215,284,1.121279955,1.129700000,0.038100000,0.000000000
sample,fixed_single,original,128,128,216,284,1.052672029,1.060900000,0.042900000,0.005600000
sample,fixed_single,ordered4,128,128,216,284,1.126399994,1.136300000,0.044400000,0.005700000
sample,fixed_single,ordered4_fixed_diagnostic,128,128,216,284,1.126399994,1.147100000,0.049800000,0.000000000
sample,fixed_single,ordered4,128,128,217,284,1.174528003,1.190900000,0.092300000,0.044300000
sample,fixed_single,original,128,128,217,284,1.065984011,1.076700000,0.065100000,0.018700000
sample,fixed_single,ordered4_fixed_diagnostic,128,128,217,284,1.121279955,1.130300000,0.039700000,0.000000000
sample,fixed_single,original,128,128,218,284,1.054720044,1.064500000,0.047100000,0.006200000
sample,fixed_single,ordered4,128,128,218,284,1.134592056,1.148200000,0.054700000,0.010400000
sample,fixed_single,ordered4_fixed_diagnostic,128,128,218,284,1.118208051,1.128600000,0.039500000,0.000000000
sample,fixed_single,ordered4,128,128,219,284,1.126399994,1.135300000,0.044600000,0.005500000
sample,fixed_single,original,128,128,219,284,1.054720044,1.064600000,0.049100000,0.009300000
sample,fixed_single,ordered4_fixed_diagnostic,128,128,219,284,1.120255947,1.129200000,0.040200000,0.000000000
sample,fixed_single,original,128,128,220,284,1.051648021,1.062100000,0.044600000,0.005700000
sample,fixed_single,ordered4,128,128,220,284,1.131520033,1.144400000,0.072600000,0.008000000
sample,fixed_single,ordered4_fixed_diagnostic,128,128,220,284,1.122303963,1.132800000,0.039900000,0.000000000
sample,fixed_single,ordered4,128,128,221,284,1.124351978,1.134800000,0.045000000,0.005800000
sample,fixed_single,original,128,128,221,284,1.052672029,1.061600000,0.044900000,0.006200000
sample,fixed_single,ordered4_fixed_diagnostic,128,128,221,284,1.120255947,1.130200000,0.037000000,0.000000000
sample,fixed_single,original,128,128,222,284,1.057791948,1.072300000,0.049100000,0.008300000
sample,fixed_single,ordered4,128,128,222,284,1.126399994,1.136200000,0.049000000,0.006400000
sample,fixed_single,ordered4_fixed_diagnostic,128,128,222,284,1.120255947,1.129600000,0.037100000,0.000000000
sample,fixed_single,ordered4,128,128,223,284,1.128448009,1.136800000,0.044700000,0.005700000
sample,fixed_single,original,128,128,223,284,1.051648021,1.061900000,0.045900000,0.006400000
sample,fixed_single,ordered4_fixed_diagnostic,128,128,223,284,1.119232059,1.128800000,0.040400000,0.000000000
sample,fixed_single,original,128,128,224,284,1.065984011,1.081900000,0.057200000,0.010900000
sample,fixed_single,ordered4,128,128,224,284,1.126399994,1.136100000,0.049100000,0.007500000
sample,fixed_single,ordered4_fixed_diagnostic,128,128,224,284,1.119232059,1.128500000,0.039800000,0.000000000
sample,fixed_single,ordered4,128,128,225,284,1.125216007,1.133600000,0.039800000,0.005800000
sample,fixed_single,original,128,128,225,284,1.053663969,1.061400000,0.039700000,0.005600000
sample,fixed_single,ordered4_fixed_diagnostic,128,128,225,284,1.121279955,1.130100000,0.034100000,0.000000000
sample,fixed_single,original,128,128,226,284,1.053696036,1.060800000,0.043600000,0.006700000
sample,fixed_single,ordered4,128,128,226,284,1.125280023,1.132200000,0.040100000,0.006200000
sample,fixed_single,ordered4_fixed_diagnostic,128,128,226,284,1.118208051,1.126700000,0.033200000,0.000000000
sample,fixed_single,ordered4,128,128,227,284,1.125375986,1.133400000,0.039500000,0.005700000
sample,fixed_single,original,128,128,227,284,1.077216029,1.089100000,0.077900000,0.015500000
sample,fixed_single,ordered4_fixed_diagnostic,128,128,227,284,1.120192051,1.128100000,0.035600000,0.000000000
sample,fixed_single,original,128,128,228,284,1.051648021,1.059400000,0.040000000,0.007200000
sample,fixed_single,ordered4,128,128,228,284,1.125375986,1.134500000,0.041900000,0.006300000
sample,fixed_single,ordered4_fixed_diagnostic,128,128,228,284,1.127424002,1.143300000,0.046000000,0.000000000
sample,fixed_single,ordered4,128,128,229,284,1.137663960,1.149600000,0.048800000,0.009100000
sample,fixed_single,original,128,128,229,284,1.055744052,1.064900000,0.044300000,0.009500000
sample,fixed_single,ordered4_fixed_diagnostic,128,128,229,284,1.120255947,1.129900000,0.037100000,0.000000000
sample,fixed_single,original,128,128,230,284,1.051648021,1.060900000,0.043200000,0.005800000
sample,fixed_single,ordered4,128,128,230,284,1.126399994,1.135200000,0.044300000,0.006100000
sample,fixed_single,ordered4_fixed_diagnostic,128,128,230,284,1.119232059,1.128200000,0.036600000,0.000000000
sample,fixed_single,ordered4,128,128,231,284,1.126399994,1.136200000,0.043900000,0.006600000
sample,fixed_single,original,128,128,231,284,1.054720044,1.065100000,0.045300000,0.006400000
sample,fixed_single,ordered4_fixed_diagnostic,128,128,231,284,1.124351978,1.135800000,0.047100000,0.000000000
sample,fixed_single,original,128,128,232,284,1.055744052,1.066200000,0.047800000,0.008100000
sample,fixed_single,ordered4,128,128,232,284,1.129472017,1.140100000,0.049000000,0.008600000
sample,fixed_single,ordered4_fixed_diagnostic,128,128,232,284,1.120255947,1.135400000,0.037900000,0.000000000
sample,fixed_single,ordered4,128,128,233,284,1.131520033,1.142600000,0.046400000,0.007400000
sample,fixed_single,original,128,128,233,284,1.060863972,1.074200000,0.051900000,0.009800000
sample,fixed_single,ordered4_fixed_diagnostic,128,128,233,284,1.120255947,1.129900000,0.040300000,0.000000000
sample,fixed_single,original,128,128,234,284,1.053696036,1.062000000,0.043900000,0.005800000
sample,fixed_single,ordered4,128,128,234,284,1.126399994,1.134800000,0.045900000,0.006400000
sample,fixed_single,ordered4_fixed_diagnostic,128,128,234,284,1.121279955,1.130800000,0.038200000,0.000000000
sample,fixed_single,ordered4,128,128,235,284,1.126399994,1.134100000,0.039500000,0.005600000
sample,fixed_single,original,128,128,235,284,1.052672029,1.059700000,0.039900000,0.005500000
sample,fixed_single,ordered4_fixed_diagnostic,128,128,235,284,1.119232059,1.126500000,0.032900000,0.000000000
sample,fixed_single,original,128,128,236,284,1.050624013,1.057900000,0.039200000,0.005500000
sample,fixed_single,ordered4,128,128,236,284,1.124351978,1.132000000,0.039600000,0.005600000
sample,fixed_single,ordered4_fixed_diagnostic,128,128,236,284,1.118208051,1.126500000,0.032600000,0.000000000
sample,fixed_single,ordered4,128,128,237,284,1.125375986,1.137800000,0.038300000,0.006100000
sample,fixed_single,original,128,128,237,284,1.052672029,1.060400000,0.039200000,0.005600000
sample,fixed_single,ordered4_fixed_diagnostic,128,128,237,284,1.124351978,1.138200000,0.038100000,0.000000000
sample,fixed_single,original,128,128,238,284,1.065984011,1.082600000,0.059900000,0.014100000
sample,fixed_single,ordered4,128,128,238,284,1.131520033,1.142100000,0.046900000,0.010500000
sample,fixed_single,ordered4_fixed_diagnostic,128,128,238,284,1.120255947,1.130900000,0.036300000,0.000000000
sample,fixed_single,ordered4,128,128,239,284,1.131520033,1.142200000,0.067300000,0.009200000
sample,fixed_single,original,128,128,239,284,1.073151946,1.088900000,0.063200000,0.017500000
sample,fixed_single,ordered4_fixed_diagnostic,128,128,239,284,1.126399994,1.142700000,0.038700000,0.000000000
sample,fixed_single,original,128,128,240,284,1.061887980,1.073500000,0.050500000,0.013600000
sample,fixed_single,ordered4,128,128,240,284,1.134592056,1.144600000,0.051600000,0.014000000
sample,fixed_single,ordered4_fixed_diagnostic,128,128,240,284,1.121248007,1.130900000,0.033100000,0.000000000
sample,fixed_single,ordered4,128,128,241,284,1.156095982,1.178400000,0.083700000,0.019700000
sample,fixed_single,original,128,128,241,284,1.086400032,1.111000000,0.077900000,0.025700000
sample,fixed_single,ordered4_fixed_diagnostic,128,128,241,284,1.123327971,1.139300000,0.043900000,0.000000000
sample,fixed_single,original,128,128,242,284,1.126399994,1.163300000,0.128700000,0.052800000
sample,fixed_single,ordered4,128,128,242,284,1.183743954,1.201700000,0.130100000,0.046000000
sample,fixed_single,ordered4_fixed_diagnostic,128,128,242,284,1.126399994,1.147800000,0.061800000,0.000000000
sample,fixed_single,ordered4,128,128,243,284,1.147904038,1.166100000,0.073800000,0.017700000
sample,fixed_single,original,128,128,243,284,1.088511944,1.114500000,0.097200000,0.026800000
sample,fixed_single,ordered4_fixed_diagnostic,128,128,243,284,1.127424002,1.146400000,0.050600000,0.000000000
sample,fixed_single,original,128,128,244,284,1.065984011,1.076300000,0.062600000,0.014400000
sample,fixed_single,ordered4,128,128,244,284,1.130496025,1.141100000,0.070300000,0.009500000
sample,fixed_single,ordered4_fixed_diagnostic,128,128,244,284,1.118208051,1.129800000,0.040200000,0.000000000
sample,fixed_single,ordered4,128,128,245,284,1.141759992,1.161100000,0.071600000,0.013200000
sample,fixed_single,original,128,128,245,284,1.082368016,1.100300000,0.075700000,0.014500000
sample,fixed_single,ordered4_fixed_diagnostic,128,128,245,284,1.125375986,1.142600000,0.044700000,0.000000000
sample,fixed_single,original,128,128,246,284,1.065984011,1.084200000,0.070400000,0.014000000
sample,fixed_single,ordered4,128,128,246,284,1.141759992,1.159700000,0.060300000,0.012000000
sample,fixed_single,ordered4_fixed_diagnostic,128,128,246,284,1.127424002,1.146000000,0.054800000,0.000000000
sample,fixed_single,ordered4,128,128,247,284,1.142783999,1.161300000,0.069300000,0.014400000
sample,fixed_single,original,128,128,247,284,1.067008018,1.086800000,0.070000000,0.014800000
sample,fixed_single,ordered4_fixed_diagnostic,128,128,247,284,1.127424002,1.145500000,0.045800000,0.000000000
sample,fixed_single,original,128,128,248,284,1.065984011,1.083700000,0.069500000,0.013100000
sample,fixed_single,ordered4,128,128,248,284,1.138687968,1.156600000,0.070300000,0.013800000
sample,fixed_single,ordered4_fixed_diagnostic,128,128,248,284,1.126335979,1.143200000,0.051100000,0.000000000
sample,fixed_single,ordered4,128,128,249,284,1.140735984,1.159600000,0.064700000,0.015000000
sample,fixed_single,original,128,128,249,284,1.063935995,1.078900000,0.054400000,0.012600000
sample,fixed_single,ordered4_fixed_diagnostic,128,128,249,284,1.118208051,1.126900000,0.036200000,0.000000000
sample,fixed_single,original,128,128,250,284,1.068992019,1.087300000,0.062700000,0.013900000
sample,fixed_single,ordered4,128,128,250,284,1.140576005,1.154700000,0.056100000,0.014100000
sample,fixed_single,ordered4_fixed_diagnostic,128,128,250,284,1.120255947,1.130400000,0.032500000,0.000000000
sample,fixed_single,ordered4,128,128,251,284,1.140735984,1.152400000,0.063300000,0.010500000
sample,fixed_single,original,128,128,251,284,1.057791948,1.067600000,0.057000000,0.012200000
sample,fixed_single,ordered4_fixed_diagnostic,128,128,251,284,1.120255947,1.130400000,0.041700000,0.000000000
sample,fixed_single,original,128,128,252,284,1.053696036,1.063000000,0.046300000,0.006800000
sample,fixed_single,ordered4,128,128,252,284,1.127424002,1.136800000,0.049000000,0.006300000
sample,fixed_single,ordered4_fixed_diagnostic,128,128,252,284,1.121279955,1.132100000,0.037200000,0.000000000
sample,fixed_single,ordered4,128,128,253,284,1.144832015,1.163200000,0.063300000,0.012700000
sample,fixed_single,original,128,128,253,284,1.093631983,1.122000000,0.103500000,0.028200000
sample,fixed_single,ordered4_fixed_diagnostic,128,128,253,284,1.126399994,1.140200000,0.056300000,0.000000000
sample,fixed_single,original,128,128,254,284,1.061823964,1.075000000,0.077900000,0.014200000
sample,fixed_single,ordered4,128,128,254,284,1.149952054,1.160500000,0.070100000,0.024600000
sample,fixed_single,ordered4_fixed_diagnostic,128,128,254,284,1.122303963,1.135300000,0.041900000,0.000000000
sample,fixed_single,ordered4,128,128,255,284,1.130496025,1.139800000,0.049500000,0.008800000
sample,fixed_single,original,128,128,255,284,1.057791948,1.067500000,0.071400000,0.010600000
sample,fixed_single,ordered4_fixed_diagnostic,128,128,255,284,1.120255947,1.129700000,0.039300000,0.000000000
sample,fixed_batch16,original,128,128,0,284,1.044607997,1.046162500,0.041881250,0.000000000
sample,fixed_batch16,ordered4,128,128,0,284,1.119359970,1.120837500,0.045981250,0.000000000
sample,fixed_batch16,ordered4,128,128,1,284,1.119232059,1.121306250,0.047656250,0.000000000
sample,fixed_batch16,original,128,128,1,284,1.045503974,1.049968750,0.045593750,0.000000000
sample,fixed_batch16,original,128,128,2,284,1.046975970,1.049556250,0.062687500,0.000000000
sample,fixed_batch16,ordered4,128,128,2,284,1.120255947,1.121681250,0.050450000,0.000000000
sample,fixed_batch16,ordered4,128,128,3,284,1.118783951,1.120925000,0.037943750,0.000000000
sample,fixed_batch16,original,128,128,3,284,1.046463966,1.047762500,0.044131250,0.000000000
sample,fixed_batch16,original,128,128,4,284,1.044479966,1.045762500,0.037056250,0.000000000
sample,fixed_batch16,ordered4,128,128,4,284,1.122176051,1.125781250,0.066806250,0.000000000
sample,fixed_batch16,ordered4,128,128,5,284,1.119552016,1.121881250,0.050518750,0.000000000
sample,fixed_batch16,original,128,128,5,284,1.045951962,1.048800000,0.069812500,0.000000000
sample,fixed_batch16,original,128,128,6,284,1.046463966,1.049437500,0.056362500,0.000000000
sample,fixed_batch16,ordered4,128,128,6,284,1.119680047,1.122225000,0.042137500,0.000000000
sample,fixed_batch16,ordered4,128,128,7,284,1.120383978,1.122943750,0.048925000,0.000000000
sample,fixed_batch16,original,128,128,7,284,1.046656013,1.048481250,0.046693750,0.000000000
sample,fixed_batch16,original,128,128,8,284,1.046399951,1.048862500,0.050306250,0.000000000
sample,fixed_batch16,ordered4,128,128,8,284,1.119743943,1.120993750,0.043443750,0.000000000
sample,fixed_batch16,ordered4,128,128,9,284,1.119423985,1.122256250,0.049800000,0.000000000
sample,fixed_batch16,original,128,128,9,284,1.047423959,1.050650000,0.051337500,0.000000000
sample,fixed_batch16,original,128,128,10,284,1.045055985,1.046537500,0.042837500,0.000000000
sample,fixed_batch16,ordered4,128,128,10,284,1.120640039,1.123268750,0.049406250,0.000000000
sample,fixed_batch16,ordered4,128,128,11,284,1.120192051,1.122693750,0.048600000,0.000000000
sample,fixed_batch16,original,128,128,11,284,1.044667959,1.046056250,0.039837500,0.000000000
sample,fixed_batch16,original,128,128,12,284,1.045887947,1.047706250,0.044131250,0.000000000
sample,fixed_batch16,ordered4,128,128,12,284,1.120959997,1.123887500,0.050662500,0.000000000
sample,fixed_batch16,ordered4,128,128,13,284,1.121536016,1.125050000,0.051562500,0.000000000
sample,fixed_batch16,original,128,128,13,284,1.046399951,1.049243750,0.046643750,0.000000000
sample,fixed_batch16,original,128,128,14,284,1.046208024,1.048100000,0.046018750,0.000000000
sample,fixed_batch16,ordered4,128,128,14,284,1.118399978,1.119537500,0.034768750,0.000000000
sample,fixed_batch16,ordered4,128,128,15,284,1.118399978,1.119556250,0.125181250,0.000000000
sample,fixed_batch16,original,128,128,15,284,1.045760036,1.046993750,0.042437500,0.000000000
sample,fixed_batch16,original,128,128,16,284,1.043648005,1.044756250,0.036881250,0.000000000
sample,fixed_batch16,ordered4,128,128,16,284,1.120383978,1.123793750,0.045393750,0.000000000
sample,fixed_batch16,ordered4,128,128,17,284,1.118463993,1.119656250,0.034337500,0.000000000
sample,fixed_batch16,original,128,128,17,284,1.045689940,1.048506250,0.059775000,0.000000000
sample,fixed_batch16,original,128,128,18,284,1.047039986,1.050168750,0.050950000,0.000000000
sample,fixed_batch16,ordered4,128,128,18,284,1.119359970,1.120868750,0.044356250,0.000000000
sample,fixed_batch16,ordered4,128,128,19,284,1.121407986,1.124825000,0.051925000,0.000000000
sample,fixed_batch16,original,128,128,19,284,1.045503974,1.048100000,0.041162500,0.000000000
sample,fixed_batch16,original,128,128,20,284,1.047423959,1.050387500,0.056481250,0.000000000
sample,fixed_batch16,ordered4,128,128,20,284,1.119680047,1.121393750,0.045312500,0.000000000
sample,fixed_batch16,ordered4,128,128,21,284,1.127359986,1.134531250,0.058162500,0.000000000
sample,fixed_batch16,original,128,128,21,284,1.045109987,1.046000000,0.034481250,0.000000000
sample,fixed_batch16,original,128,128,22,284,1.045120001,1.047112500,0.035056250,0.000000000
sample,fixed_batch16,ordered4,128,128,22,284,1.119552016,1.121637500,0.045131250,0.000000000
sample,fixed_batch16,ordered4,128,128,23,284,1.119168043,1.121850000,0.041387500,0.000000000
sample,fixed_batch16,original,128,128,23,284,1.047296047,1.050118750,0.053037500,0.000000000
sample,fixed_batch16,original,128,128,24,284,1.043519974,1.044606250,0.038337500,0.000000000
sample,fixed_batch16,ordered4,128,128,24,284,1.119040012,1.121000000,0.042806250,0.000000000
sample,fixed_batch16,ordered4,128,128,25,284,1.121088028,1.124675000,0.054381250,0.000000000
sample,fixed_batch16,original,128,128,25,284,1.044864058,1.045987500,0.035956250,0.000000000
sample,fixed_batch16,original,128,128,26,284,1.045951962,1.047637500,0.044106250,0.000000000
sample,fixed_batch16,ordered4,128,128,26,284,1.118528008,1.119368750,0.034412500,0.000000000
sample,fixed_batch16,ordered4,128,128,27,284,1.119040012,1.120250000,0.046081250,0.000000000
sample,fixed_batch16,original,128,128,27,284,1.047168016,1.049468750,0.043931250,0.000000000
sample,fixed_batch16,original,128,128,28,284,1.045567989,1.047868750,0.045212500,0.000000000
sample,fixed_batch16,ordered4,128,128,28,284,1.120319963,1.123525000,0.053631250,0.000000000
sample,fixed_batch16,ordered4,128,128,29,284,1.121152043,1.124575000,0.056068750,0.000000000
sample,fixed_batch16,original,128,128,29,284,1.046591997,1.048500000,0.053531250,0.000000000
sample,fixed_batch16,original,128,128,30,284,1.044415951,1.045743750,0.041256250,0.000000000
sample,fixed_batch16,ordered4,128,128,30,284,1.118975997,1.120606250,0.041506250,0.000000000
sample,fixed_batch16,ordered4,128,128,31,284,1.120128036,1.122700000,0.052331250,0.000000000
sample,fixed_batch16,original,128,128,31,284,1.044288039,1.045837500,0.034968750,0.000000000
sample,fixed_batch16,original,128,128,32,284,1.046656013,1.049637500,0.054987500,0.000000000
sample,fixed_batch16,ordered4,128,128,32,284,1.120319963,1.121956250,0.047956250,0.000000000
sample,fixed_batch16,ordered4,128,128,33,284,1.118016005,1.119275000,0.032506250,0.000000000
sample,fixed_batch16,original,128,128,33,284,1.048704028,1.051087500,0.061187500,0.000000000
sample,fixed_batch16,original,128,128,34,284,1.044734001,1.047331250,0.036868750,0.000000000
sample,fixed_batch16,ordered4,128,128,34,284,1.120255947,1.121818750,0.043531250,0.000000000
sample,fixed_batch16,ordered4,128,128,35,284,1.118528008,1.119918750,0.041693750,0.000000000
sample,fixed_batch16,original,128,128,35,284,1.044415951,1.045481250,0.034006250,0.000000000
sample,fixed_batch16,original,128,128,36,284,1.044352055,1.045837500,0.044225000,0.000000000
sample,fixed_batch16,ordered4,128,128,36,284,1.120512009,1.123518750,0.047512500,0.000000000
sample,fixed_batch16,ordered4,128,128,37,284,1.117951989,1.119287500,0.032650000,0.000000000
sample,fixed_batch16,original,128,128,37,284,1.046399951,1.047825000,0.042456250,0.000000000
sample,fixed_batch16,original,128,128,38,284,1.044217944,1.045156250,0.033806250,0.000000000
sample,fixed_batch16,ordered4,128,128,38,284,1.118456006,1.119843750,0.031618750,0.000000000
sample,fixed_batch16,ordered4,128,128,39,284,1.121279955,1.125131250,0.059875000,0.000000000
sample,fixed_batch16,original,128,128,39,284,1.047616005,1.050606250,0.048862500,0.000000000
sample,fixed_batch16,original,128,128,40,284,1.043519974,1.044512500,0.048906250,0.000000000
sample,fixed_batch16,ordered4,128,128,40,284,1.120959997,1.123543750,0.045062500,0.000000000
sample,fixed_batch16,ordered4,128,128,41,284,1.118332028,1.119731250,0.045068750,0.000000000
sample,fixed_batch16,original,128,128,41,284,1.047551990,1.049868750,0.046306250,0.000000000
sample,fixed_batch16,original,128,128,42,284,1.044095993,1.045062500,0.033687500,0.000000000
sample,fixed_batch16,ordered4,128,128,42,284,1.119040012,1.120606250,0.034706250,0.000000000
sample,fixed_batch16,ordered4,128,128,43,284,1.120319963,1.122643750,0.044337500,0.000000000
sample,fixed_batch16,original,128,128,43,284,1.046527982,1.048275000,0.044825000,0.000000000
sample,fixed_batch16,original,128,128,44,284,1.047104001,1.049643750,0.047343750,0.000000000
sample,fixed_batch16,ordered4,128,128,44,284,1.119292021,1.120643750,0.051737500,0.000000000
sample,fixed_batch16,ordered4,128,128,45,284,1.119680047,1.122268750,0.045975000,0.000000000
sample,fixed_batch16,original,128,128,45,284,1.044736028,1.046812500,0.035468750,0.000000000
sample,fixed_batch16,original,128,128,46,284,1.045696020,1.047137500,0.040375000,0.000000000
sample,fixed_batch16,ordered4,128,128,46,284,1.119040012,1.120275000,0.034450000,0.000000000
sample,fixed_batch16,ordered4,128,128,47,284,1.120192051,1.123093750,0.049481250,0.000000000
sample,fixed_batch16,original,128,128,47,284,1.047104001,1.050068750,0.048756250,0.000000000
sample,fixed_batch16,original,128,128,48,284,1.043967962,1.045025000,0.032537500,0.000000000
sample,fixed_batch16,ordered4,128,128,48,284,1.119228005,1.120743750,0.033587500,0.000000000
sample,fixed_batch16,ordered4,128,128,49,284,1.121024013,1.123406250,0.047956250,0.000000000
sample,fixed_batch16,original,128,128,49,284,1.045567989,1.046387500,0.040518750,0.000000000
sample,fixed_single,original,512,512,0,837,1.308671951,1.316600000,0.040700000,0.005500000
sample,fixed_single,ordered4,512,512,0,837,1.616896033,1.628600000,0.049100000,0.008000000
sample,fixed_single,ordered4_fixed_diagnostic,512,512,0,837,1.601536036,1.612100000,0.036900000,0.000000000
sample,fixed_single,ordered4,512,512,1,837,1.606655955,1.616900000,0.042900000,0.005800000
sample,fixed_single,original,512,512,1,837,1.323007941,1.337600000,0.068000000,0.010700000
sample,fixed_single,ordered4_fixed_diagnostic,512,512,1,837,1.602560043,1.612700000,0.039700000,0.000000000
sample,fixed_single,original,512,512,2,837,1.309695959,1.319400000,0.045800000,0.006800000
sample,fixed_single,ordered4,512,512,2,837,1.609727979,1.619300000,0.046200000,0.006000000
sample,fixed_single,ordered4_fixed_diagnostic,512,512,2,837,1.599488020,1.609900000,0.038100000,0.000000000
sample,fixed_single,ordered4,512,512,3,837,1.608703971,1.617400000,0.045400000,0.005500000
sample,fixed_single,original,512,512,3,837,1.306624055,1.315200000,0.037900000,0.005500000
sample,fixed_single,ordered4_fixed_diagnostic,512,512,3,837,1.604608059,1.618000000,0.038900000,0.000000000
sample,fixed_single,original,512,512,4,837,1.332224011,1.347500000,0.051300000,0.008800000
sample,fixed_single,ordered4,512,512,4,837,1.614848018,1.627500000,0.051700000,0.010300000
sample,fixed_single,ordered4_fixed_diagnostic,512,512,4,837,1.600512028,1.610200000,0.037000000,0.000000000
sample,fixed_single,ordered4,512,512,5,837,1.606655955,1.616200000,0.044800000,0.005900000
sample,fixed_single,original,512,512,5,837,1.310719967,1.320400000,0.047200000,0.006700000
sample,fixed_single,ordered4_fixed_diagnostic,512,512,5,837,1.599488020,1.609800000,0.037200000,0.000000000
sample,fixed_single,original,512,512,6,837,1.307647943,1.317500000,0.042400000,0.005700000
sample,fixed_single,ordered4,512,512,6,837,1.605631948,1.615100000,0.045100000,0.005600000
sample,fixed_single,ordered4_fixed_diagnostic,512,512,6,837,1.601536036,1.610900000,0.035500000,0.000000000
sample,fixed_single,ordered4,512,512,7,837,1.604608059,1.613900000,0.042200000,0.005500000
sample,fixed_single,original,512,512,7,837,1.315840006,1.328400000,0.048300000,0.007900000
sample,fixed_single,ordered4_fixed_diagnostic,512,512,7,837,1.599488020,1.608900000,0.038100000,0.000000000
sample,fixed_single,original,512,512,8,837,1.307647943,1.316700000,0.045200000,0.005600000
sample,fixed_single,ordered4,512,512,8,837,1.604608059,1.612600000,0.040500000,0.006200000
sample,fixed_single,ordered4_fixed_diagnostic,512,512,8,837,1.600448012,1.607700000,0.033000000,0.000000000
sample,fixed_single,ordered4,512,512,9,837,1.603584051,1.611900000,0.040100000,0.005400000
sample,fixed_single,original,512,512,9,837,1.307647943,1.316000000,0.041100000,0.005400000
sample,fixed_single,ordered4_fixed_diagnostic,512,512,9,837,1.598399997,1.605800000,0.033200000,0.000000000
sample,fixed_single,original,512,512,10,837,1.308671951,1.316700000,0.037700000,0.005400000
sample,fixed_single,ordered4,512,512,10,837,1.603456020,1.611400000,0.039800000,0.005400000
sample,fixed_single,ordered4_fixed_diagnostic,512,512,10,837,1.602560043,1.612900000,0.033600000,0.000000000
sample,fixed_single,ordered4,512,512,11,837,1.607679963,1.615800000,0.038000000,0.006900000
sample,fixed_single,original,512,512,11,837,1.309695959,1.316600000,0.039900000,0.005700000
sample,fixed_single,ordered4_fixed_diagnostic,512,512,11,837,1.597440004,1.605900000,0.033100000,0.000000000
sample,fixed_single,original,512,512,12,837,1.306624055,1.314700000,0.040100000,0.005500000
sample,fixed_single,ordered4,512,512,12,837,1.604608059,1.612000000,0.038300000,0.005600000
sample,fixed_single,ordered4_fixed_diagnostic,512,512,12,837,1.601536036,1.608600000,0.033400000,0.000000000
sample,fixed_single,ordered4,512,512,13,837,1.603584051,1.611700000,0.040400000,0.005800000
sample,fixed_single,original,512,512,13,837,1.306624055,1.314500000,0.038900000,0.005600000
sample,fixed_single,ordered4_fixed_diagnostic,512,512,13,837,1.601503968,1.612900000,0.032500000,0.000000000
sample,fixed_single,original,512,512,14,837,1.323935986,1.342600000,0.062600000,0.013000000
sample,fixed_single,ordered4,512,512,14,837,1.620991945,1.638400000,0.053300000,0.013400000
sample,fixed_single,ordered4_fixed_diagnostic,512,512,14,837,1.630208015,1.657600000,0.228900000,0.000000000
sample,fixed_single,ordered4,512,512,15,837,1.607679963,1.616200000,0.040100000,0.006800000
sample,fixed_single,original,512,512,15,837,1.312767982,1.322200000,0.049200000,0.010200000
sample,fixed_single,ordered4_fixed_diagnostic,512,512,15,837,1.598464012,1.608200000,0.037100000,0.000000000
sample,fixed_single,original,512,512,16,837,1.309695959,1.318000000,0.041400000,0.005400000
sample,fixed_single,ordered4,512,512,16,837,1.609727979,1.620600000,0.044300000,0.006200000
sample,fixed_single,ordered4_fixed_diagnostic,512,512,16,837,1.606655955,1.626000000,0.055200000,0.000000000
sample,fixed_single,ordered4,512,512,17,837,1.620991945,1.634500000,0.055400000,0.011600000
sample,fixed_single,original,512,512,17,837,1.335296035,1.352300000,0.079400000,0.018400000
sample,fixed_single,ordered4_fixed_diagnostic,512,512,17,837,1.604608059,1.623700000,0.049000000,0.000000000
sample,fixed_single,original,512,512,18,837,1.326079965,1.341200000,0.069300000,0.014600000
sample,fixed_single,ordered4,512,512,18,837,1.625087976,1.640900000,0.071800000,0.015000000
sample,fixed_single,ordered4_fixed_diagnostic,512,512,18,837,1.607679963,1.625000000,0.051200000,0.000000000
sample,fixed_single,ordered4,512,512,19,837,1.627135992,1.646500000,0.069800000,0.014000000
sample,fixed_single,original,512,512,19,837,1.316864014,1.329400000,0.056000000,0.012300000
sample,fixed_single,ordered4_fixed_diagnostic,512,512,19,837,1.600512028,1.609900000,0.036100000,0.000000000
sample,fixed_single,original,512,512,20,837,1.321984053,1.336100000,0.051100000,0.011700000
sample,fixed_single,ordered4,512,512,20,837,1.625087976,1.640700000,0.078400000,0.018400000
sample,fixed_single,ordered4_fixed_diagnostic,512,512,20,837,1.599488020,1.608100000,0.034400000,0.000000000
sample,fixed_single,ordered4,512,512,21,837,1.618944049,1.631700000,0.052100000,0.010100000
sample,fixed_single,original,512,512,21,837,1.316864014,1.324100000,0.050200000,0.011800000
sample,fixed_single,ordered4_fixed_diagnostic,512,512,21,837,1.601536036,1.610800000,0.034200000,0.000000000
sample,fixed_single,original,512,512,22,837,1.324031949,1.340900000,0.055200000,0.012100000
sample,fixed_single,ordered4,512,512,22,837,1.635328054,1.656900000,0.083900000,0.020100000
sample,fixed_single,ordered4_fixed_diagnostic,512,512,22,837,1.607679963,1.625000000,0.040500000,0.000000000
sample,fixed_single,ordered4,512,512,23,837,1.624063969,1.635500000,0.058300000,0.016300000
sample,fixed_single,original,512,512,23,837,1.346560001,1.372200000,0.097100000,0.027100000
sample,fixed_single,ordered4_fixed_diagnostic,512,512,23,837,1.619968057,1.655800000,0.062400000,0.000000000
sample,fixed_single,original,512,512,24,837,1.355775952,1.371100000,0.105000000,0.041000000
sample,fixed_single,ordered4,512,512,24,837,1.641471982,1.660700000,0.088100000,0.035200000
sample,fixed_single,ordered4_fixed_diagnostic,512,512,24,837,1.602560043,1.614100000,0.042800000,0.000000000
sample,fixed_single,ordered4,512,512,25,837,1.610751987,1.620800000,0.051200000,0.008600000
sample,fixed_single,original,512,512,25,837,1.340415955,1.351500000,0.086200000,0.029000000
sample,fixed_single,ordered4_fixed_diagnostic,512,512,25,837,1.613824010,1.637100000,0.071500000,0.000000000
sample,fixed_single,original,512,512,26,837,1.320960045,1.340100000,0.079700000,0.014400000
sample,fixed_single,ordered4,512,512,26,837,1.628160000,1.639400000,0.064000000,0.020700000
sample,fixed_single,ordered4_fixed_diagnostic,512,512,26,837,1.600512028,1.611800000,0.037300000,0.000000000
sample,fixed_single,ordered4,512,512,27,837,1.619968057,1.640900000,0.092500000,0.014800000
sample,fixed_single,original,512,512,27,837,1.334272027,1.350100000,0.079000000,0.020900000
sample,fixed_single,ordered4_fixed_diagnostic,512,512,27,837,1.602560043,1.611900000,0.042800000,0.000000000
sample,fixed_single,original,512,512,28,837,1.310719967,1.319800000,0.046600000,0.006300000
sample,fixed_single,ordered4,512,512,28,837,1.613824010,1.623800000,0.050500000,0.009400000
sample,fixed_single,ordered4_fixed_diagnostic,512,512,28,837,1.599488020,1.609500000,0.040700000,0.000000000
sample,fixed_single,ordered4,512,512,29,837,1.605631948,1.614000000,0.044700000,0.005500000
sample,fixed_single,original,512,512,29,837,1.308671951,1.318200000,0.046100000,0.006300000
sample,fixed_single,ordered4_fixed_diagnostic,512,512,29,837,1.600512028,1.609900000,0.037900000,0.000000000
sample,fixed_single,original,512,512,30,837,1.310719967,1.319800000,0.043600000,0.005600000
sample,fixed_single,ordered4,512,512,30,837,1.605631948,1.615500000,0.044400000,0.005600000
sample,fixed_single,ordered4_fixed_diagnostic,512,512,30,837,1.597440004,1.608100000,0.039800000,0.000000000
sample,fixed_single,ordered4,512,512,31,837,1.604608059,1.614900000,0.047100000,0.005500000
sample,fixed_single,original,512,512,31,837,1.317888021,1.332500000,0.061900000,0.010900000
sample,fixed_single,ordered4_fixed_diagnostic,512,512,31,837,1.605631948,1.625200000,0.055800000,0.000000000
sample,fixed_single,original,512,512,32,837,1.325055957,1.340400000,0.062900000,0.015800000
sample,fixed_single,ordered4,512,512,32,837,1.631232023,1.642400000,0.074800000,0.023700000
sample,fixed_single,ordered4_fixed_diagnostic,512,512,32,837,1.601536036,1.611500000,0.040800000,0.000000000
sample,fixed_single,ordered4,512,512,33,837,1.606655955,1.616000000,0.044200000,0.005600000
sample,fixed_single,original,512,512,33,837,1.314815998,1.327000000,0.059500000,0.008900000
sample,fixed_single,ordered4_fixed_diagnostic,512,512,33,837,1.603584051,1.612900000,0.037900000,0.000000000
sample,fixed_single,original,512,512,34,837,1.311743975,1.320400000,0.044200000,0.005500000
sample,fixed_single,ordered4,512,512,34,837,1.610751987,1.621000000,0.045300000,0.005700000
sample,fixed_single,ordered4_fixed_diagnostic,512,512,34,837,1.600512028,1.611200000,0.037200000,0.000000000
sample,fixed_single,ordered4,512,512,35,837,1.613824010,1.625600000,0.057000000,0.009700000
sample,fixed_single,original,512,512,35,837,1.317888021,1.331900000,0.060300000,0.011800000
sample,fixed_single,ordered4_fixed_diagnostic,512,512,35,837,1.604608059,1.614100000,0.045300000,0.000000000
sample,fixed_single,original,512,512,36,837,1.312767982,1.322500000,0.057400000,0.008900000
sample,fixed_single,ordered4,512,512,36,837,1.617920041,1.627500000,0.062400000,0.010600000
sample,fixed_single,ordered4_fixed_diagnostic,512,512,36,837,1.603584051,1.612700000,0.045000000,0.000000000
sample,fixed_single,ordered4,512,512,37,837,1.614848018,1.625700000,0.052800000,0.010400000
sample,fixed_single,original,512,512,37,837,1.324031949,1.337500000,0.059200000,0.015600000
sample,fixed_single,ordered4_fixed_diagnostic,512,512,37,837,1.602463961,1.610700000,0.040200000,0.000000000
sample,fixed_single,original,512,512,38,837,1.313791990,1.322900000,0.047800000,0.008700000
sample,fixed_single,ordered4,512,512,38,837,1.610751987,1.620700000,0.049000000,0.009500000
sample,fixed_single,ordered4_fixed_diagnostic,512,512,38,837,1.600512028,1.609300000,0.043700000,0.000000000
sample,fixed_single,ordered4,512,512,39,837,1.615872025,1.624000000,0.051600000,0.008700000
sample,fixed_single,original,512,512,39,837,1.315840006,1.324200000,0.050100000,0.008900000
sample,fixed_single,ordered4_fixed_diagnostic,512,512,39,837,1.601536036,1.610700000,0.039000000,0.000000000
sample,fixed_single,original,512,512,40,837,1.316864014,1.324200000,0.050600000,0.008800000
sample,fixed_single,ordered4,512,512,40,837,1.614848018,1.630500000,0.052400000,0.009600000
sample,fixed_single,ordered4_fixed_diagnostic,512,512,40,837,1.607552052,1.621800000,0.046800000,0.000000000
sample,fixed_single,ordered4,512,512,41,837,1.635295987,1.657100000,0.074200000,0.019400000
sample,fixed_single,original,512,512,41,837,1.337344050,1.355600000,0.105400000,0.024600000
sample,fixed_single,ordered4_fixed_diagnostic,512,512,41,837,1.607679963,1.624400000,0.049600000,0.000000000
sample,fixed_single,original,512,512,42,837,1.344511986,1.369500000,0.084400000,0.022500000
sample,fixed_single,ordered4,512,512,42,837,1.811455965,1.892600000,0.498200000,0.112900000
sample,fixed_single,ordered4_fixed_diagnostic,512,512,42,837,1.606655955,1.625000000,0.049900000,0.000000000
sample,fixed_single,ordered4,512,512,43,837,1.632256031,1.650500000,0.070600000,0.024100000
sample,fixed_single,original,512,512,43,837,1.331200004,1.340900000,0.074800000,0.022700000
sample,fixed_single,ordered4_fixed_diagnostic,512,512,43,837,1.602560043,1.612000000,0.041300000,0.000000000
sample,fixed_single,original,512,512,44,837,1.310719967,1.320900000,0.047200000,0.006300000
sample,fixed_single,ordered4,512,512,44,837,1.604608059,1.616300000,0.046600000,0.006000000
sample,fixed_single,ordered4_fixed_diagnostic,512,512,44,837,1.603584051,1.612600000,0.033800000,0.000000000
sample,fixed_single,ordered4,512,512,45,837,1.609727979,1.619400000,0.042700000,0.006600000
sample,fixed_single,original,512,512,45,837,1.309535980,1.316600000,0.039800000,0.006600000
sample,fixed_single,ordered4_fixed_diagnostic,512,512,45,837,1.598464012,1.606800000,0.032000000,0.000000000
sample,fixed_single,original,512,512,46,837,1.307551980,1.314700000,0.039200000,0.005400000
sample,fixed_single,ordered4,512,512,46,837,1.608703971,1.617800000,0.041800000,0.006200000
sample,fixed_single,ordered4_fixed_diagnostic,512,512,46,837,1.613664031,1.630400000,0.046400000,0.000000000
sample,fixed_single,ordered4,512,512,47,837,1.611583948,1.621100000,0.065600000,0.010500000
sample,fixed_single,original,512,512,47,837,1.314751983,1.322500000,0.046400000,0.010000000
sample,fixed_single,ordered4_fixed_diagnostic,512,512,47,837,1.599488020,1.608400000,0.032600000,0.000000000
sample,fixed_single,original,512,512,48,837,1.308671951,1.317500000,0.042500000,0.005400000
sample,fixed_single,ordered4,512,512,48,837,1.606655955,1.616600000,0.042600000,0.006100000
sample,fixed_single,ordered4_fixed_diagnostic,512,512,48,837,1.600512028,1.610200000,0.036000000,0.000000000
sample,fixed_single,ordered4,512,512,49,837,1.606655955,1.616000000,0.042400000,0.005600000
sample,fixed_single,original,512,512,49,837,1.308671951,1.318000000,0.042400000,0.005400000
sample,fixed_single,ordered4_fixed_diagnostic,512,512,49,837,1.600512028,1.610300000,0.037800000,0.000000000
sample,fixed_single,original,512,512,50,837,1.313791990,1.325300000,0.061500000,0.008800000
sample,fixed_single,ordered4,512,512,50,837,1.617920041,1.637900000,0.052200000,0.011000000
sample,fixed_single,ordered4_fixed_diagnostic,512,512,50,837,1.609727979,1.634900000,0.049300000,0.000000000
sample,fixed_single,ordered4,512,512,51,837,1.626111984,1.637800000,0.067300000,0.018300000
sample,fixed_single,original,512,512,51,837,1.331200004,1.340900000,0.076600000,0.026400000
sample,fixed_single,ordered4_fixed_diagnostic,512,512,51,837,1.605631948,1.621600000,0.052700000,0.000000000
sample,fixed_single,original,512,512,52,837,1.345535994,1.366100000,0.098100000,0.028200000
sample,fixed_single,ordered4,512,512,52,837,1.628160000,1.641400000,0.071300000,0.020800000
sample,fixed_single,ordered4_fixed_diagnostic,512,512,52,837,1.601536036,1.611100000,0.039700000,0.000000000
sample,fixed_single,ordered4,512,512,53,837,1.607679963,1.617200000,0.067200000,0.005800000
sample,fixed_single,original,512,512,53,837,1.313791990,1.323400000,0.047800000,0.008000000
sample,fixed_single,ordered4_fixed_diagnostic,512,512,53,837,1.605631948,1.620300000,0.065500000,0.000000000
sample,fixed_single,original,512,512,54,837,1.312767982,1.322600000,0.049500000,0.009200000
sample,fixed_single,ordered4,512,512,54,837,1.609727979,1.619200000,0.048300000,0.008900000
sample,fixed_single,ordered4_fixed_diagnostic,512,512,54,837,1.601536036,1.610700000,0.038300000,0.000000000
sample,fixed_single,ordered4,512,512,55,837,1.607679963,1.618000000,0.045500000,0.005300000
sample,fixed_single,original,512,512,55,837,1.307647943,1.316700000,0.043700000,0.005400000
sample,fixed_single,ordered4_fixed_diagnostic,512,512,55,837,1.600512028,1.609700000,0.038100000,0.000000000
sample,fixed_single,original,512,512,56,837,1.307647943,1.317100000,0.045800000,0.005500000
sample,fixed_single,ordered4,512,512,56,837,1.605631948,1.616100000,0.046100000,0.005600000
sample,fixed_single,ordered4_fixed_diagnostic,512,512,56,837,1.600512028,1.609500000,0.048100000,0.000000000
sample,fixed_single,ordered4,512,512,57,837,1.624063969,1.636400000,0.061500000,0.015700000
sample,fixed_single,original,512,512,57,837,1.310719967,1.320000000,0.045700000,0.007000000
sample,fixed_single,ordered4_fixed_diagnostic,512,512,57,837,1.600512028,1.610800000,0.037400000,0.000000000
sample,fixed_single,original,512,512,58,837,1.307647943,1.317400000,0.045600000,0.005500000
sample,fixed_single,ordered4,512,512,58,837,1.605631948,1.615700000,0.045600000,0.005500000
sample,fixed_single,ordered4_fixed_diagnostic,512,512,58,837,1.601536036,1.611100000,0.037800000,0.000000000
sample,fixed_single,ordered4,512,512,59,837,1.608703971,1.617500000,0.044800000,0.005500000
sample,fixed_single,original,512,512,59,837,1.308671951,1.318300000,0.046100000,0.005500000
sample,fixed_single,ordered4_fixed_diagnostic,512,512,59,837,1.599488020,1.608400000,0.038300000,0.000000000
sample,fixed_single,original,512,512,60,837,1.309695959,1.319400000,0.046500000,0.005800000
sample,fixed_single,ordered4,512,512,60,837,1.604608059,1.613400000,0.044300000,0.005500000
sample,fixed_single,ordered4_fixed_diagnostic,512,512,60,837,1.607488036,1.620100000,0.034800000,0.000000000
sample,fixed_single,ordered4,512,512,61,837,1.620991945,1.633500000,0.067800000,0.010400000
sample,fixed_single,original,512,512,61,837,1.326079965,1.340500000,0.058600000,0.011900000
sample,fixed_single,ordered4_fixed_diagnostic,512,512,61,837,1.600512028,1.609700000,0.039900000,0.000000000
sample,fixed_single,original,512,512,62,837,1.311743975,1.320700000,0.042800000,0.006900000
sample,fixed_single,ordered4,512,512,62,837,1.605631948,1.615300000,0.044300000,0.006600000
sample,fixed_single,ordered4_fixed_diagnostic,512,512,62,837,1.600512028,1.612900000,0.039300000,0.000000000
sample,fixed_single,ordered4,512,512,63,837,1.622015953,1.645000000,0.070100000,0.014500000
sample,fixed_single,original,512,512,63,837,1.339391947,1.360100000,0.084300000,0.021300000
sample,fixed_single,ordered4_fixed_diagnostic,512,512,63,837,1.606655955,1.620800000,0.051100000,0.000000000
sample,fixed_single,original,512,512,64,837,1.329151988,1.345700000,0.074200000,0.017200000
sample,fixed_single,ordered4,512,512,64,837,1.628160000,1.643100000,0.077400000,0.019300000
sample,fixed_single,ordered4_fixed_diagnostic,512,512,64,837,1.604608059,1.620000000,0.050400000,0.000000000
sample,fixed_single,ordered4,512,512,65,837,1.620991945,1.636900000,0.065200000,0.013200000
sample,fixed_single,original,512,512,65,837,1.329151988,1.344400000,0.071200000,0.018200000
sample,fixed_single,ordered4_fixed_diagnostic,512,512,65,837,1.603584051,1.618700000,0.052000000,0.000000000
sample,fixed_single,original,512,512,66,837,1.321984053,1.357200000,0.063600000,0.014500000
sample,fixed_single,ordered4,512,512,66,837,1.623039961,1.637800000,0.066700000,0.014200000
sample,fixed_single,ordered4_fixed_diagnostic,512,512,66,837,1.607679963,1.624500000,0.050000000,0.000000000
sample,fixed_single,ordered4,512,512,67,837,1.624063969,1.641000000,0.071100000,0.016300000
sample,fixed_single,original,512,512,67,837,1.337344050,1.354400000,0.080300000,0.017000000
sample,fixed_single,ordered4_fixed_diagnostic,512,512,67,837,1.604608059,1.625400000,0.046500000,0.000000000
sample,fixed_single,original,512,512,68,837,1.321984053,1.334300000,0.059000000,0.010500000
sample,fixed_single,ordered4,512,512,68,837,1.609727979,1.617800000,0.045800000,0.009100000
sample,fixed_single,ordered4_fixed_diagnostic,512,512,68,837,1.603584051,1.611600000,0.033100000,0.000000000
sample,fixed_single,ordered4,512,512,69,837,1.605631948,1.613500000,0.043900000,0.006400000
sample,fixed_single,original,512,512,69,837,1.307487965,1.315100000,0.040600000,0.005700000
sample,fixed_single,ordered4_fixed_diagnostic,512,512,69,837,1.598464012,1.606300000,0.033200000,0.000000000
sample,fixed_single,original,512,512,70,837,1.307647943,1.315800000,0.040900000,0.005300000
sample,fixed_single,ordered4,512,512,70,837,1.602560043,1.610700000,0.055400000,0.005300000
sample,fixed_single,ordered4_fixed_diagnostic,512,512,70,837,1.597440004,1.605900000,0.034700000,0.000000000
sample,fixed_single,ordered4,512,512,71,837,1.623039961,1.644700000,0.062800000,0.014100000
sample,fixed_single,original,512,512,71,837,1.449983954,1.510300000,0.370600000,0.073700000
sample,fixed_single,ordered4_fixed_diagnostic,512,512,71,837,1.600512028,1.609600000,0.037700000,0.000000000
sample,fixed_single,original,512,512,72,837,1.311743975,1.320800000,0.047200000,0.007300000
sample,fixed_single,ordered4,512,512,72,837,1.611775994,1.620400000,0.044400000,0.008200000
sample,fixed_single,ordered4_fixed_diagnostic,512,512,72,837,1.599488020,1.609400000,0.037000000,0.000000000
sample,fixed_single,ordered4,512,512,73,837,1.616896033,1.632700000,0.053200000,0.008200000
sample,fixed_single,original,512,512,73,837,1.323007941,1.339100000,0.055000000,0.010000000
sample,fixed_single,ordered4_fixed_diagnostic,512,512,73,837,1.606655955,1.621900000,0.081100000,0.000000000
sample,fixed_single,original,512,512,74,837,1.320960045,1.335600000,0.066100000,0.013300000
sample,fixed_single,ordered4,512,512,74,837,1.629184008,1.646500000,0.065800000,0.019600000
sample,fixed_single,ordered4_fixed_diagnostic,512,512,74,837,1.602560043,1.611600000,0.040200000,0.000000000
sample,fixed_single,ordered4,512,512,75,837,1.605631948,1.614600000,0.044000000,0.006000000
sample,fixed_single,original,512,512,75,837,1.310719967,1.319600000,0.068000000,0.007500000
sample,fixed_single,ordered4_fixed_diagnostic,512,512,75,837,1.598464012,1.608500000,0.039800000,0.000000000
sample,fixed_single,original,512,512,76,837,1.309695959,1.320300000,0.046200000,0.005600000
sample,fixed_single,ordered4,512,512,76,837,1.609727979,1.619000000,0.046600000,0.005900000
sample,fixed_single,ordered4_fixed_diagnostic,512,512,76,837,1.598464012,1.608000000,0.038200000,0.000000000
sample,fixed_single,ordered4,512,512,77,837,1.607679963,1.616800000,0.045300000,0.005500000
sample,fixed_single,original,512,512,77,837,1.309695959,1.318300000,0.046100000,0.005700000
sample,fixed_single,ordered4_fixed_diagnostic,512,512,77,837,1.603584051,1.620000000,0.053600000,0.000000000
sample,fixed_single,original,512,512,78,837,1.340415955,1.362300000,0.079900000,0.024400000
sample,fixed_single,ordered4,512,512,78,837,1.633280039,1.647500000,0.078000000,0.024000000
sample,fixed_single,ordered4_fixed_diagnostic,512,512,78,837,1.606655955,1.619000000,0.048700000,0.000000000
sample,fixed_single,ordered4,512,512,79,837,1.614848018,1.630000000,0.054800000,0.011300000
sample,fixed_single,original,512,512,79,837,1.350656033,1.378200000,0.100100000,0.030200000
sample,fixed_single,ordered4_fixed_diagnostic,512,512,79,837,1.608703971,1.626500000,0.061700000,0.000000000
sample,fixed_single,original,512,512,80,837,1.328127980,1.338700000,0.064900000,0.013900000
sample,fixed_single,ordered4,512,512,80,837,1.625087976,1.634600000,0.064700000,0.020700000
sample,fixed_single,ordered4_fixed_diagnostic,512,512,80,837,1.599488020,1.609900000,0.038400000,0.000000000
sample,fixed_single,ordered4,512,512,81,837,1.613824010,1.626000000,0.069800000,0.009400000
sample,fixed_single,original,512,512,81,837,1.324031949,1.338400000,0.059700000,0.012900000
sample,fixed_single,ordered4_fixed_diagnostic,512,512,81,837,1.610751987,1.621500000,0.045200000,0.000000000
sample,fixed_single,original,512,512,82,837,1.312767982,1.323100000,0.049500000,0.006900000
sample,fixed_single,ordered4,512,512,82,837,1.620991945,1.635800000,0.059500000,0.014000000
sample,fixed_single,ordered4_fixed_diagnostic,512,512,82,837,1.603584051,1.615100000,0.044300000,0.000000000
sample,fixed_single,ordered4,512,512,83,837,1.606655955,1.616000000,0.044600000,0.005600000
sample,fixed_single,original,512,512,83,837,1.309695959,1.318700000,0.047400000,0.007400000
sample,fixed_single,ordered4_fixed_diagnostic,512,512,83,837,1.599488020,1.608400000,0.040100000,0.000000000
sample,fixed_single,original,512,512,84,837,1.306624055,1.315400000,0.046200000,0.005700000
sample,fixed_single,ordered4,512,512,84,837,1.605631948,1.614900000,0.045100000,0.005600000
sample,fixed_single,ordered4_fixed_diagnostic,512,512,84,837,1.602560043,1.618300000,0.049200000,0.000000000
sample,fixed_single,ordered4,512,512,85,837,1.625087976,1.640000000,0.070500000,0.013600000
sample,fixed_single,original,512,512,85,837,1.317888021,1.331400000,0.052100000,0.009700000
sample,fixed_single,ordered4_fixed_diagnostic,512,512,85,837,1.604608059,1.613700000,0.040800000,0.000000000
sample,fixed_single,original,512,512,86,837,1.311743975,1.320900000,0.044600000,0.005700000
sample,fixed_single,ordered4,512,512,86,837,1.606655955,1.614700000,0.040300000,0.006200000
sample,fixed_single,ordered4_fixed_diagnostic,512,512,86,837,1.599488020,1.607000000,0.033200000,0.000000000
sample,fixed_single,ordered4,512,512,87,837,1.607679963,1.615400000,0.039600000,0.005400000
sample,fixed_single,original,512,512,87,837,1.306624055,1.314700000,0.039700000,0.005500000
sample,fixed_single,ordered4_fixed_diagnostic,512,512,87,837,1.599328041,1.611000000,0.031000000,0.000000000
sample,fixed_single,original,512,512,88,837,1.314815998,1.326700000,0.044800000,0.007900000
sample,fixed_single,ordered4,512,512,88,837,1.606655955,1.614900000,0.041100000,0.006700000
sample,fixed_single,ordered4_fixed_diagnostic,512,512,88,837,1.598464012,1.606700000,0.032100000,0.000000000
sample,fixed_single,ordered4,512,512,89,837,1.604608059,1.612700000,0.039100000,0.005400000
sample,fixed_single,original,512,512,89,837,1.306527972,1.314400000,0.039000000,0.005600000
sample,fixed_single,ordered4_fixed_diagnostic,512,512,89,837,1.599488020,1.607400000,0.032200000,0.000000000
sample,fixed_single,original,512,512,90,837,1.310719967,1.318900000,0.039400000,0.005600000
sample,fixed_single,ordered4,512,512,90,837,1.604608059,1.613900000,0.041700000,0.005600000
sample,fixed_single,ordered4_fixed_diagnostic,512,512,90,837,1.601536036,1.611200000,0.035900000,0.000000000
sample,fixed_single,ordered4,512,512,91,837,1.606655955,1.615700000,0.041600000,0.005500000
sample,fixed_single,original,512,512,91,837,1.307647943,1.318300000,0.042700000,0.005700000
sample,fixed_single,ordered4_fixed_diagnostic,512,512,91,837,1.608703971,1.637300000,0.049100000,0.000000000
sample,fixed_single,original,512,512,92,837,1.480703950,1.553600000,0.413000000,0.091100000
sample,fixed_single,ordered4,512,512,92,837,1.623039961,1.632800000,0.065600000,0.019700000
sample,fixed_single,ordered4_fixed_diagnostic,512,512,92,837,1.600512028,1.610700000,0.040400000,0.000000000
sample,fixed_single,ordered4,512,512,93,837,1.611775994,1.623700000,0.052600000,0.009700000
sample,fixed_single,original,512,512,93,837,1.317888021,1.327100000,0.078000000,0.013400000
sample,fixed_single,ordered4_fixed_diagnostic,512,512,93,837,1.600512028,1.610200000,0.037800000,0.000000000
sample,fixed_single,original,512,512,94,837,1.308671951,1.319100000,0.044900000,0.005600000
sample,fixed_single,ordered4,512,512,94,837,1.611775994,1.623800000,0.071900000,0.007400000
sample,fixed_single,ordered4_fixed_diagnostic,512,512,94,837,1.600512028,1.610200000,0.038300000,0.000000000
sample,fixed_single,ordered4,512,512,95,837,1.611775994,1.625500000,0.050500000,0.007700000
sample,fixed_single,original,512,512,95,837,1.312767982,1.322700000,0.049400000,0.007900000
sample,fixed_single,ordered4_fixed_diagnostic,512,512,95,837,1.602560043,1.616300000,0.043600000,0.000000000
sample,fixed_single,original,512,512,96,837,1.328127980,1.342700000,0.064200000,0.013800000
sample,fixed_single,ordered4,512,512,96,837,1.616896033,1.627800000,0.056500000,0.013300000
sample,fixed_single,ordered4_fixed_diagnostic,512,512,96,837,1.601536036,1.612200000,0.040200000,0.000000000
sample,fixed_single,ordered4,512,512,97,837,1.609727979,1.620800000,0.047200000,0.007200000
sample,fixed_single,original,512,512,97,837,1.310719967,1.320100000,0.046500000,0.007000000
sample,fixed_single,ordered4_fixed_diagnostic,512,512,97,837,1.598464012,1.608800000,0.038400000,0.000000000
sample,fixed_single,original,512,512,98,837,1.309695959,1.319500000,0.046600000,0.005700000
sample,fixed_single,ordered4,512,512,98,837,1.617920041,1.629800000,0.053100000,0.008300000
sample,fixed_single,ordered4_fixed_diagnostic,512,512,98,837,1.604608059,1.614400000,0.038600000,0.000000000
sample,fixed_single,ordered4,512,512,99,837,1.605631948,1.615400000,0.043900000,0.005800000
sample,fixed_single,original,512,512,99,837,1.309695959,1.320900000,0.048400000,0.005700000
sample,fixed_single,ordered4_fixed_diagnostic,512,512,99,837,1.607679963,1.627200000,0.053300000,0.000000000
sample,fixed_single,original,512,512,100,837,1.319936037,1.335000000,0.054600000,0.011800000
sample,fixed_single,ordered4,512,512,100,837,1.612800002,1.622000000,0.050500000,0.010800000
sample,fixed_single,ordered4_fixed_diagnostic,512,512,100,837,1.600512028,1.612200000,0.039900000,0.000000000
sample,fixed_single,ordered4,512,512,101,837,1.620991945,1.634400000,0.056900000,0.008900000
sample,fixed_single,original,512,512,101,837,1.310719967,1.320100000,0.047400000,0.006900000
sample,fixed_single,ordered4_fixed_diagnostic,512,512,101,837,1.600512028,1.610500000,0.040900000,0.000000000
sample,fixed_single,original,512,512,102,837,1.307647943,1.317900000,0.045600000,0.005400000
sample,fixed_single,ordered4,512,512,102,837,1.618944049,1.632800000,0.056000000,0.008300000
sample,fixed_single,ordered4_fixed_diagnostic,512,512,102,837,1.614848018,1.628600000,0.053000000,0.000000000
sample,fixed_single,ordered4,512,512,103,837,1.619968057,1.634900000,0.056300000,0.010500000
sample,fixed_single,original,512,512,103,837,1.325055957,1.339000000,0.074900000,0.013800000
sample,fixed_single,ordered4_fixed_diagnostic,512,512,103,837,1.605631948,1.621400000,0.053300000,0.000000000
sample,fixed_single,original,512,512,104,837,1.313791990,1.323200000,0.052500000,0.008800000
sample,fixed_single,ordered4,512,512,104,837,1.614848018,1.624200000,0.048300000,0.009700000
sample,fixed_single,ordered4_fixed_diagnostic,512,512,104,837,1.599488020,1.609700000,0.039600000,0.000000000
sample,fixed_single,ordered4,512,512,105,837,1.614848018,1.628600000,0.051700000,0.009800000
sample,fixed_single,original,512,512,105,837,1.312767982,1.322200000,0.049400000,0.008000000
sample,fixed_single,ordered4_fixed_diagnostic,512,512,105,837,1.599488020,1.608500000,0.038900000,0.000000000
sample,fixed_single,original,512,512,106,837,1.310719967,1.320700000,0.053500000,0.005400000
sample,fixed_single,ordered4,512,512,106,837,1.611775994,1.625500000,0.052000000,0.009000000
sample,fixed_single,ordered4_fixed_diagnostic,512,512,106,837,1.599488020,1.609200000,0.040300000,0.000000000
sample,fixed_single,ordered4,512,512,107,837,1.608703971,1.619400000,0.045100000,0.005600000
sample,fixed_single,original,512,512,107,837,1.315840006,1.328200000,0.060700000,0.009000000
sample,fixed_single,ordered4_fixed_diagnostic,512,512,107,837,1.600512028,1.610000000,0.040000000,0.000000000
sample,fixed_single,original,512,512,108,837,1.307647943,1.317400000,0.044500000,0.005600000
sample,fixed_single,ordered4,512,512,108,837,1.604608059,1.614200000,0.044600000,0.006000000
sample,fixed_single,ordered4_fixed_diagnostic,512,512,108,837,1.601536036,1.611300000,0.039500000,0.000000000
sample,fixed_single,ordered4,512,512,109,837,1.612800002,1.625500000,0.074300000,0.007400000
sample,fixed_single,original,512,512,109,837,1.310719967,1.320200000,0.047100000,0.006300000
sample,fixed_single,ordered4_fixed_diagnostic,512,512,109,837,1.609727979,1.626100000,0.051700000,0.000000000
sample,fixed_single,original,512,512,110,837,1.328127980,1.345000000,0.061600000,0.018700000
sample,fixed_single,ordered4,512,512,110,837,1.615872025,1.625800000,0.055200000,0.013800000
sample,fixed_single,ordered4_fixed_diagnostic,512,512,110,837,1.599488020,1.609700000,0.039900000,0.000000000
sample,fixed_single,ordered4,512,512,111,837,1.606655955,1.616600000,0.044200000,0.005600000
sample,fixed_single,original,512,512,111,837,1.310719967,1.320500000,0.045600000,0.006400000
sample,fixed_single,ordered4_fixed_diagnostic,512,512,111,837,1.598464012,1.607900000,0.039400000,0.000000000
sample,fixed_single,original,512,512,112,837,1.307647943,1.316800000,0.043100000,0.005500000
sample,fixed_single,ordered4,512,512,112,837,1.605631948,1.615400000,0.044900000,0.005800000
sample,fixed_single,ordered4_fixed_diagnostic,512,512,112,837,1.601536036,1.611400000,0.055200000,0.000000000
sample,fixed_single,ordered4,512,512,113,837,1.626111984,1.641200000,0.073700000,0.016900000
sample,fixed_single,original,512,512,113,837,1.312767982,1.323100000,0.047500000,0.007400000
sample,fixed_single,ordered4_fixed_diagnostic,512,512,113,837,1.599488020,1.608700000,0.040500000,0.000000000
sample,fixed_single,original,512,512,114,837,1.307647943,1.316900000,0.045800000,0.005400000
sample,fixed_single,ordered4,512,512,114,837,1.606655955,1.617000000,0.046200000,0.006400000
sample,fixed_single,ordered4_fixed_diagnostic,512,512,114,837,1.598464012,1.607900000,0.039800000,0.000000000
sample,fixed_single,ordered4,512,512,115,837,1.606655955,1.615600000,0.043800000,0.005400000
sample,fixed_single,original,512,512,115,837,1.309695959,1.318500000,0.045200000,0.005600000
sample,fixed_single,ordered4_fixed_diagnostic,512,512,115,837,1.598464012,1.606800000,0.033100000,0.000000000
sample,fixed_single,original,512,512,116,837,1.310719967,1.318200000,0.041300000,0.005300000
sample,fixed_single,ordered4,512,512,116,837,1.605631948,1.613300000,0.038900000,0.005400000
sample,fixed_single,ordered4_fixed_diagnostic,512,512,116,837,1.602560043,1.614400000,0.036200000,0.000000000
sample,fixed_single,ordered4,512,512,117,837,1.607679963,1.615700000,0.042800000,0.007200000
sample,fixed_single,original,512,512,117,837,1.308671951,1.316200000,0.039400000,0.005900000
sample,fixed_single,ordered4_fixed_diagnostic,512,512,117,837,1.598464012,1.606300000,0.032100000,0.000000000
sample,fixed_single,original,512,512,118,837,1.308671951,1.316000000,0.039200000,0.005500000
sample,fixed_single,ordered4,512,512,118,837,1.606655955,1.614400000,0.041200000,0.005500000
sample,fixed_single,ordered4_fixed_diagnostic,512,512,118,837,1.600512028,1.607900000,0.032700000,0.000000000
sample,fixed_single,ordered4,512,512,119,837,1.609632015,1.618600000,0.041200000,0.007500000
sample,fixed_single,original,512,512,119,837,1.307647943,1.316000000,0.039700000,0.005500000
sample,fixed_single,ordered4_fixed_diagnostic,512,512,119,837,1.601536036,1.609800000,0.034000000,0.000000000
sample,fixed_single,original,512,512,120,837,1.324000001,1.337200000,0.066600000,0.008500000
sample,fixed_single,ordered4,512,512,120,837,1.618944049,1.634300000,0.050900000,0.010000000
sample,fixed_single,ordered4_fixed_diagnostic,512,512,120,837,1.600512028,1.611400000,0.039200000,0.000000000
sample,fixed_single,ordered4,512,512,121,837,1.609727979,1.620300000,0.051100000,0.007400000
sample,fixed_single,original,512,512,121,837,1.314815998,1.324000000,0.047600000,0.009900000
sample,fixed_single,ordered4_fixed_diagnostic,512,512,121,837,1.599488020,1.609300000,0.038900000,0.000000000
sample,fixed_single,original,512,512,122,837,1.316864014,1.329400000,0.054500000,0.010200000
sample,fixed_single,ordered4,512,512,122,837,1.606655955,1.616400000,0.045200000,0.006600000
sample,fixed_single,ordered4_fixed_diagnostic,512,512,122,837,1.601536036,1.611400000,0.038000000,0.000000000
sample,fixed_single,ordered4,512,512,123,837,1.611775994,1.620700000,0.043900000,0.005500000
sample,fixed_single,original,512,512,123,837,1.321984053,1.337200000,0.054800000,0.008300000
sample,fixed_single,ordered4_fixed_diagnostic,512,512,123,837,1.605631948,1.619400000,0.042000000,0.000000000
sample,fixed_single,original,512,512,124,837,1.311743975,1.321200000,0.046700000,0.007700000
sample,fixed_single,ordered4,512,512,124,837,1.607679963,1.616500000,0.044500000,0.006700000
sample,fixed_single,ordered4_fixed_diagnostic,512,512,124,837,1.602560043,1.613900000,0.039300000,0.000000000
sample,fixed_single,ordered4,512,512,125,837,1.619968057,1.639800000,0.061100000,0.012100000
sample,fixed_single,original,512,512,125,837,1.316864014,1.327100000,0.055300000,0.011600000
sample,fixed_single,ordered4_fixed_diagnostic,512,512,125,837,1.600512028,1.610800000,0.037900000,0.000000000
sample,fixed_single,original,512,512,126,837,1.313791990,1.325200000,0.044500000,0.008400000
sample,fixed_single,ordered4,512,512,126,837,1.607679963,1.615800000,0.043600000,0.006500000
sample,fixed_single,ordered4_fixed_diagnostic,512,512,126,837,1.605631948,1.620100000,0.037600000,0.000000000
sample,fixed_single,ordered4,512,512,127,837,1.619968057,1.636200000,0.078800000,0.014700000
sample,fixed_single,original,512,512,127,837,1.329151988,1.346900000,0.089300000,0.020500000
sample,fixed_single,ordered4_fixed_diagnostic,512,512,127,837,1.603584051,1.614000000,0.043700000,0.000000000
sample,fixed_single,original,512,512,128,837,1.320960045,1.332600000,0.051500000,0.009900000
sample,fixed_single,ordered4,512,512,128,837,1.635328054,1.652500000,0.077900000,0.023000000
sample,fixed_single,ordered4_fixed_diagnostic,512,512,128,837,1.626111984,1.648700000,0.060900000,0.000000000
sample,fixed_single,ordered4,512,512,129,837,1.646592021,1.662800000,0.090400000,0.036300000
sample,fixed_single,original,512,512,129,837,1.345535994,1.357800000,0.097100000,0.034300000
sample,fixed_single,ordered4_fixed_diagnostic,512,512,129,837,1.602560043,1.614900000,0.042000000,0.000000000
sample,fixed_single,original,512,512,130,837,1.326079965,1.343800000,0.064300000,0.013400000
sample,fixed_single,ordered4,512,512,130,837,1.631232023,1.647300000,0.075700000,0.018800000
sample,fixed_single,ordered4_fixed_diagnostic,512,512,130,837,1.603584051,1.617200000,0.040500000,0.000000000
sample,fixed_single,ordered4,512,512,131,837,1.609727979,1.618400000,0.047000000,0.008500000
sample,fixed_single,original,512,512,131,837,1.320960045,1.333800000,0.061800000,0.010400000
sample,fixed_single,ordered4_fixed_diagnostic,512,512,131,837,1.600512028,1.610300000,0.039100000,0.000000000
sample,fixed_single,original,512,512,132,837,1.310719967,1.319400000,0.046800000,0.005800000
sample,fixed_single,ordered4,512,512,132,837,1.608703971,1.618500000,0.048100000,0.006600000
sample,fixed_single,ordered4_fixed_diagnostic,512,512,132,837,1.600512028,1.609900000,0.040000000,0.000000000
sample,fixed_single,ordered4,512,512,133,837,1.605631948,1.614900000,0.044700000,0.006100000
sample,fixed_single,original,512,512,133,837,1.306624055,1.316700000,0.044900000,0.005700000
sample,fixed_single,ordered4_fixed_diagnostic,512,512,133,837,1.598464012,1.608000000,0.037700000,0.000000000
sample,fixed_single,original,512,512,134,837,1.309695959,1.318600000,0.044300000,0.005500000
sample,fixed_single,ordered4,512,512,134,837,1.608703971,1.618200000,0.045100000,0.005500000
sample,fixed_single,ordered4_fixed_diagnostic,512,512,134,837,1.602560043,1.611300000,0.040400000,0.000000000
sample,fixed_single,ordered4,512,512,135,837,1.603584051,1.612000000,0.044500000,0.005400000
sample,fixed_single,original,512,512,135,837,1.305600047,1.313600000,0.039400000,0.005400000
sample,fixed_single,ordered4_fixed_diagnostic,512,512,135,837,1.597440004,1.607100000,0.033700000,0.000000000
sample,fixed_single,original,512,512,136,837,1.326079965,1.342900000,0.062900000,0.014200000
sample,fixed_single,ordered4,512,512,136,837,1.625087976,1.639600000,0.078100000,0.016200000
sample,fixed_single,ordered4_fixed_diagnostic,512,512,136,837,1.605631948,1.626200000,0.083900000,0.000000000
sample,fixed_single,ordered4,512,512,137,837,1.624063969,1.639400000,0.070500000,0.020600000
sample,fixed_single,original,512,512,137,837,1.333248019,1.343300000,0.078500000,0.024600000
sample,fixed_single,ordered4_fixed_diagnostic,512,512,137,837,1.600512028,1.610000000,0.041100000,0.000000000
sample,fixed_single,original,512,512,138,837,1.311743975,1.321600000,0.045800000,0.007000000
sample,fixed_single,ordered4,512,512,138,837,1.622015953,1.631900000,0.060300000,0.020200000
sample,fixed_single,ordered4_fixed_diagnostic,512,512,138,837,1.601536036,1.610500000,0.038300000,0.000000000
sample,fixed_single,ordered4,512,512,139,837,1.607679963,1.616600000,0.043800000,0.005400000
sample,fixed_single,original,512,512,139,837,1.318912029,1.334100000,0.056500000,0.008200000
sample,fixed_single,ordered4_fixed_diagnostic,512,512,139,837,1.603584051,1.615800000,0.040100000,0.000000000
sample,fixed_single,original,512,512,140,837,1.315840006,1.329700000,0.081300000,0.008200000
sample,fixed_single,ordered4,512,512,140,837,1.620991945,1.634200000,0.061200000,0.013600000
sample,fixed_single,ordered4_fixed_diagnostic,512,512,140,837,1.602560043,1.615400000,0.041100000,0.000000000
sample,fixed_single,ordered4,512,512,141,837,1.614848018,1.624500000,0.073700000,0.009100000
sample,fixed_single,original,512,512,141,837,1.312767982,1.320500000,0.044600000,0.007900000
sample,fixed_single,ordered4_fixed_diagnostic,512,512,141,837,1.600512028,1.607800000,0.033800000,0.000000000
sample,fixed_single,original,512,512,142,837,1.308671951,1.316800000,0.039300000,0.005400000
sample,fixed_single,ordered4,512,512,142,837,1.607679963,1.617200000,0.045000000,0.005500000
sample,fixed_single,ordered4_fixed_diagnostic,512,512,142,837,1.601536036,1.610900000,0.039600000,0.000000000
sample,fixed_single,ordered4,512,512,143,837,1.605631948,1.615400000,0.044300000,0.005400000
sample,fixed_single,original,512,512,143,837,1.309695959,1.319500000,0.044300000,0.005200000
sample,fixed_single,ordered4_fixed_diagnostic,512,512,143,837,1.600512028,1.610800000,0.038200000,0.000000000
sample,fixed_single,original,512,512,144,837,1.323007941,1.340600000,0.064200000,0.009400000
sample,fixed_single,ordered4,512,512,144,837,1.637375951,1.663000000,0.092300000,0.019500000
sample,fixed_single,ordered4_fixed_diagnostic,512,512,144,837,1.608703971,1.635700000,0.049300000,0.000000000
sample,fixed_single,ordered4,512,512,145,837,1.627135992,1.640400000,0.063400000,0.018000000
sample,fixed_single,original,512,512,145,837,1.353728056,1.378500000,0.110300000,0.034100000
sample,fixed_single,ordered4_fixed_diagnostic,512,512,145,837,1.610751987,1.628900000,0.082400000,0.000000000
sample,fixed_single,original,512,512,146,837,1.340415955,1.359300000,0.081700000,0.026500000
sample,fixed_single,ordered4,512,512,146,837,1.624063969,1.634900000,0.065600000,0.018700000
sample,fixed_single,ordered4_fixed_diagnostic,512,512,146,837,1.600512028,1.610000000,0.039700000,0.000000000
sample,fixed_single,ordered4,512,512,147,837,1.606655955,1.615700000,0.047000000,0.005600000
sample,fixed_single,original,512,512,147,837,1.311743975,1.321400000,0.045500000,0.006600000
sample,fixed_single,ordered4_fixed_diagnostic,512,512,147,837,1.604608059,1.617200000,0.043500000,0.000000000
sample,fixed_single,original,512,512,148,837,1.310719967,1.320800000,0.048100000,0.007500000
sample,fixed_single,ordered4,512,512,148,837,1.607679963,1.617500000,0.045000000,0.006600000
sample,fixed_single,ordered4_fixed_diagnostic,512,512,148,837,1.603584051,1.611900000,0.037500000,0.000000000
sample,fixed_single,ordered4,512,512,149,837,1.604608059,1.614500000,0.044300000,0.005700000
sample,fixed_single,original,512,512,149,837,1.308671951,1.324900000,0.042400000,0.005700000
sample,fixed_single,ordered4_fixed_diagnostic,512,512,149,837,1.597440004,1.608100000,0.037100000,0.000000000
sample,fixed_single,original,512,512,150,837,1.319936037,1.329400000,0.044500000,0.005600000
sample,fixed_single,ordered4,512,512,150,837,1.604480028,1.612200000,0.038800000,0.005600000
sample,fixed_single,ordered4_fixed_diagnostic,512,512,150,837,1.599488020,1.607500000,0.034200000,0.000000000
sample,fixed_single,ordered4,512,512,151,837,1.606655955,1.615200000,0.039500000,0.005800000
sample,fixed_single,original,512,512,151,837,1.307647943,1.315600000,0.039500000,0.005600000
sample,fixed_single,ordered4_fixed_diagnostic,512,512,151,837,1.600512028,1.608000000,0.032600000,0.000000000
sample,fixed_single,original,512,512,152,837,1.310719967,1.318100000,0.039200000,0.005400000
sample,fixed_single,ordered4,512,512,152,837,1.605631948,1.613100000,0.040600000,0.005600000
sample,fixed_single,ordered4_fixed_diagnostic,512,512,152,837,1.597440004,1.605400000,0.033200000,0.000000000
sample,fixed_single,ordered4,512,512,153,837,1.606655955,1.614200000,0.039800000,0.005600000
sample,fixed_single,original,512,512,153,837,1.308671951,1.316000000,0.039500000,0.005500000
sample,fixed_single,ordered4_fixed_diagnostic,512,512,153,837,1.597440004,1.606800000,0.032500000,0.000000000
sample,fixed_single,original,512,512,154,837,1.309695959,1.318900000,0.045200000,0.005600000
sample,fixed_single,ordered4,512,512,154,837,1.610751987,1.625500000,0.047300000,0.008400000
sample,fixed_single,ordered4_fixed_diagnostic,512,512,154,837,1.613824010,1.630800000,0.058400000,0.000000000
sample,fixed_single,ordered4,512,512,155,837,1.612800002,1.624500000,0.073600000,0.010800000
sample,fixed_single,original,512,512,155,837,1.316864014,1.327700000,0.078400000,0.013900000
sample,fixed_single,ordered4_fixed_diagnostic,512,512,155,837,1.599488020,1.609200000,0.041400000,0.000000000
sample,fixed_single,original,512,512,156,837,1.309695959,1.318300000,0.044200000,0.005600000
sample,fixed_single,ordered4,512,512,156,837,1.601536036,1.611600000,0.044600000,0.005500000
sample,fixed_single,ordered4_fixed_diagnostic,512,512,156,837,1.601536036,1.611700000,0.039100000,0.000000000
sample,fixed_single,ordered4,512,512,157,837,1.603584051,1.613100000,0.043700000,0.005400000
sample,fixed_single,original,512,512,157,837,1.310719967,1.320100000,0.044500000,0.005700000
sample,fixed_single,ordered4_fixed_diagnostic,512,512,157,837,1.599488020,1.610300000,0.038400000,0.000000000
sample,fixed_single,original,512,512,158,837,1.313791990,1.325800000,0.047700000,0.007500000
sample,fixed_single,ordered4,512,512,158,837,1.606655955,1.616100000,0.044000000,0.006000000
sample,fixed_single,ordered4_fixed_diagnostic,512,512,158,837,1.600512028,1.610400000,0.037300000,0.000000000
sample,fixed_single,ordered4,512,512,159,837,1.607679963,1.617500000,0.045100000,0.005600000
sample,fixed_single,original,512,512,159,837,1.306624055,1.315600000,0.044900000,0.005500000
sample,fixed_single,ordered4_fixed_diagnostic,512,512,159,837,1.597440004,1.604900000,0.033400000,0.000000000
sample,fixed_single,original,512,512,160,837,1.309695959,1.316900000,0.039500000,0.005500000
sample,fixed_single,ordered4,512,512,160,837,1.607679963,1.615200000,0.039400000,0.005500000
sample,fixed_single,ordered4_fixed_diagnostic,512,512,160,837,1.598304033,1.605200000,0.033500000,0.000000000
sample,fixed_single,ordered4,512,512,161,837,1.606655955,1.615400000,0.038400000,0.005300000
sample,fixed_single,original,512,512,161,837,1.319936037,1.336300000,0.048200000,0.009600000
sample,fixed_single,ordered4_fixed_diagnostic,512,512,161,837,1.602560043,1.613800000,0.036800000,0.000000000
sample,fixed_single,original,512,512,162,837,1.318912029,1.334500000,0.051100000,0.011100000
sample,fixed_single,ordered4,512,512,162,837,1.619968057,1.629900000,0.057500000,0.016600000
sample,fixed_single,ordered4_fixed_diagnostic,512,512,162,837,1.600512028,1.609900000,0.035400000,0.000000000
sample,fixed_single,ordered4,512,512,163,837,1.607679963,1.617400000,0.042600000,0.005800000
sample,fixed_single,original,512,512,163,837,1.324031949,1.340800000,0.058000000,0.011000000
sample,fixed_single,ordered4_fixed_diagnostic,512,512,163,837,1.603584051,1.613100000,0.040900000,0.000000000
sample,fixed_single,original,512,512,164,837,1.311743975,1.321500000,0.048200000,0.007300000
sample,fixed_single,ordered4,512,512,164,837,1.614848018,1.629100000,0.057900000,0.012100000
sample,fixed_single,ordered4_fixed_diagnostic,512,512,164,837,1.608703971,1.637300000,0.063800000,0.000000000
sample,fixed_single,ordered4,512,512,165,837,1.655807972,1.683300000,0.118300000,0.034800000
sample,fixed_single,original,512,512,165,837,1.354751945,1.378200000,0.098500000,0.035600000
sample,fixed_single,ordered4_fixed_diagnostic,512,512,165,837,1.604608059,1.617700000,0.045200000,0.000000000
sample,fixed_single,original,512,512,166,837,1.326079965,1.344400000,0.069400000,0.017600000
sample,fixed_single,ordered4,512,512,166,837,1.635328054,1.648100000,0.078400000,0.025300000
sample,fixed_single,ordered4_fixed_diagnostic,512,512,166,837,1.602560043,1.615600000,0.042200000,0.000000000
sample,fixed_single,ordered4,512,512,167,837,1.613824010,1.627300000,0.051500000,0.009000000
sample,fixed_single,original,512,512,167,837,1.332224011,1.351200000,0.070500000,0.015900000
sample,fixed_single,ordered4_fixed_diagnostic,512,512,167,837,1.606655955,1.622300000,0.046600000,0.000000000
sample,fixed_single,original,512,512,168,837,1.317888021,1.329400000,0.057200000,0.012400000
sample,fixed_single,ordered4,512,512,168,837,1.622015953,1.633300000,0.063200000,0.020200000
sample,fixed_single,ordered4_fixed_diagnostic,512,512,168,837,1.604608059,1.618700000,0.041900000,0.000000000
sample,fixed_single,ordered4,512,512,169,837,1.613824010,1.623500000,0.046800000,0.007800000
sample,fixed_single,original,512,512,169,837,1.310719967,1.320500000,0.045800000,0.007400000
sample,fixed_single,ordered4_fixed_diagnostic,512,512,169,837,1.604608059,1.617700000,0.057200000,0.000000000
sample,fixed_single,original,512,512,170,837,1.318912029,1.329300000,0.052500000,0.012200000
sample,fixed_single,ordered4,512,512,170,837,1.611775994,1.621200000,0.047200000,0.008500000
sample,fixed_single,ordered4_fixed_diagnostic,512,512,170,837,1.601536036,1.610100000,0.038100000,0.000000000
sample,fixed_single,ordered4,512,512,171,837,1.629184008,1.647200000,0.062000000,0.019200000
sample,fixed_single,original,512,512,171,837,1.310719967,1.320800000,0.046400000,0.006500000
sample,fixed_single,ordered4_fixed_diagnostic,512,512,171,837,1.598464012,1.607100000,0.039400000,0.000000000
sample,fixed_single,original,512,512,172,837,1.307647943,1.316900000,0.045100000,0.005500000
sample,fixed_single,ordered4,512,512,172,837,1.604608059,1.614400000,0.045500000,0.005700000
sample,fixed_single,ordered4_fixed_diagnostic,512,512,172,837,1.599488020,1.608600000,0.037600000,0.000000000
sample,fixed_single,ordered4,512,512,173,837,1.606655955,1.613700000,0.037500000,0.005500000
sample,fixed_single,original,512,512,173,837,1.308671951,1.316500000,0.040700000,0.005700000
sample,fixed_single,ordered4_fixed_diagnostic,512,512,173,837,1.600512028,1.609200000,0.034500000,0.000000000
sample,fixed_single,original,512,512,174,837,1.307647943,1.316100000,0.039700000,0.005600000
sample,fixed_single,ordered4,512,512,174,837,1.624063969,1.638800000,0.059100000,0.011600000
sample,fixed_single,ordered4_fixed_diagnostic,512,512,174,837,1.604608059,1.617800000,0.043400000,0.000000000
sample,fixed_single,ordered4,512,512,175,837,1.619968057,1.633400000,0.064400000,0.017900000
sample,fixed_single,original,512,512,175,837,1.324031949,1.335000000,0.066600000,0.015700000
sample,fixed_single,ordered4_fixed_diagnostic,512,512,175,837,1.605631948,1.620500000,0.049300000,0.000000000
sample,fixed_single,original,512,512,176,837,1.314815998,1.327700000,0.049800000,0.009000000
sample,fixed_single,ordered4,512,512,176,837,1.608703971,1.619400000,0.046800000,0.008000000
sample,fixed_single,ordered4_fixed_diagnostic,512,512,176,837,1.601536036,1.611100000,0.040200000,0.000000000
sample,fixed_single,ordered4,512,512,177,837,1.605631948,1.616100000,0.045000000,0.005700000
sample,fixed_single,original,512,512,177,837,1.312767982,1.322100000,0.047500000,0.006400000
sample,fixed_single,ordered4_fixed_diagnostic,512,512,177,837,1.599488020,1.609100000,0.038700000,0.000000000
sample,fixed_single,original,512,512,178,837,1.321984053,1.335200000,0.057700000,0.013500000
sample,fixed_single,ordered4,512,512,178,837,1.607679963,1.617600000,0.046000000,0.006200000
sample,fixed_single,ordered4_fixed_diagnostic,512,512,178,837,1.597440004,1.606600000,0.040100000,0.000000000
sample,fixed_single,ordered4,512,512,179,837,1.605599999,1.613800000,0.039300000,0.005600000
sample,fixed_single,original,512,512,179,837,1.308671951,1.317900000,0.044800000,0.005500000
sample,fixed_single,ordered4_fixed_diagnostic,512,512,179,837,1.598464012,1.607600000,0.038000000,0.000000000
sample,fixed_single,original,512,512,180,837,1.310719967,1.319200000,0.051700000,0.005600000
sample,fixed_single,ordered4,512,512,180,837,1.610751987,1.620700000,0.049600000,0.007800000
sample,fixed_single,ordered4_fixed_diagnostic,512,512,180,837,1.601536036,1.611400000,0.037900000,0.000000000
sample,fixed_single,ordered4,512,512,181,837,1.607679963,1.618100000,0.044200000,0.005500000
sample,fixed_single,original,512,512,181,837,1.337344050,1.367000000,0.080600000,0.017500000
sample,fixed_single,ordered4_fixed_diagnostic,512,512,181,837,1.603584051,1.621900000,0.071600000,0.000000000
sample,fixed_single,original,512,512,182,837,1.315840006,1.324900000,0.054100000,0.011300000
sample,fixed_single,ordered4,512,512,182,837,1.620991945,1.632100000,0.059000000,0.018500000
sample,fixed_single,ordered4_fixed_diagnostic,512,512,182,837,1.603584051,1.616700000,0.041900000,0.000000000
sample,fixed_single,ordered4,512,512,183,837,1.615872025,1.632500000,0.052500000,0.009900000
sample,fixed_single,original,512,512,183,837,1.331200004,1.352500000,0.075600000,0.019000000
sample,fixed_single,ordered4_fixed_diagnostic,512,512,183,837,1.606655955,1.622000000,0.082500000,0.000000000
sample,fixed_single,original,512,512,184,837,1.315840006,1.326100000,0.077400000,0.010600000
sample,fixed_single,ordered4,512,512,184,837,1.627135992,1.642100000,0.073300000,0.019800000
sample,fixed_single,ordered4_fixed_diagnostic,512,512,184,837,1.606655955,1.624200000,0.076700000,0.000000000
sample,fixed_single,ordered4,512,512,185,837,1.611775994,1.621400000,0.050300000,0.011000000
sample,fixed_single,original,512,512,185,837,1.314815998,1.323300000,0.082500000,0.009600000
sample,fixed_single,ordered4_fixed_diagnostic,512,512,185,837,1.598464012,1.609200000,0.038600000,0.000000000
sample,fixed_single,original,512,512,186,837,1.310719967,1.319500000,0.044400000,0.006700000
sample,fixed_single,ordered4,512,512,186,837,1.606655955,1.616100000,0.044900000,0.006400000
sample,fixed_single,ordered4_fixed_diagnostic,512,512,186,837,1.605631948,1.620000000,0.043300000,0.000000000
sample,fixed_single,ordered4,512,512,187,837,1.610751987,1.620900000,0.047600000,0.008500000
sample,fixed_single,original,512,512,187,837,1.309695959,1.319500000,0.044900000,0.006500000
sample,fixed_single,ordered4_fixed_diagnostic,512,512,187,837,1.601536036,1.613700000,0.039300000,0.000000000
sample,fixed_single,original,512,512,188,837,1.318912029,1.335200000,0.055400000,0.011000000
sample,fixed_single,ordered4,512,512,188,837,1.646592021,1.666900000,0.091400000,0.025700000
sample,fixed_single,ordered4_fixed_diagnostic,512,512,188,837,1.615872025,1.639700000,0.055700000,0.000000000
sample,fixed_single,ordered4,512,512,189,837,1.621984005,1.633200000,0.056000000,0.015600000
sample,fixed_single,original,512,512,189,837,1.326079965,1.336200000,0.059800000,0.016100000
sample,fixed_single,ordered4_fixed_diagnostic,512,512,189,837,1.605631948,1.621400000,0.056300000,0.000000000
sample,fixed_single,original,512,512,190,837,1.329151988,1.350900000,0.064600000,0.020300000
sample,fixed_single,ordered4,512,512,190,837,1.628160000,1.646800000,0.065100000,0.019300000
sample,fixed_single,ordered4_fixed_diagnostic,512,512,190,837,1.607679963,1.625500000,0.055800000,0.000000000
sample,fixed_single,ordered4,512,512,191,837,1.634304047,1.653800000,0.078900000,0.023300000
sample,fixed_single,original,512,512,191,837,1.386495948,1.438600000,0.149200000,0.051000000
sample,fixed_single,ordered4_fixed_diagnostic,512,512,191,837,1.609727979,1.626300000,0.056000000,0.000000000
sample,fixed_single,original,512,512,192,837,1.328127980,1.340400000,0.097700000,0.021900000
sample,fixed_single,ordered4,512,512,192,837,1.647616029,1.663400000,0.099500000,0.031500000
sample,fixed_single,ordered4_fixed_diagnostic,512,512,192,837,1.602560043,1.613200000,0.041900000,0.000000000
sample,fixed_single,ordered4,512,512,193,837,1.622015953,1.636500000,0.066700000,0.012600000
sample,fixed_single,original,512,512,193,837,1.352704048,1.369600000,0.118000000,0.035100000
sample,fixed_single,ordered4_fixed_diagnostic,512,512,193,837,1.605631948,1.624100000,0.045300000,0.000000000
sample,fixed_single,original,512,512,194,837,1.332224011,1.343500000,0.074300000,0.022200000
sample,fixed_single,ordered4,512,512,194,837,1.624063969,1.633300000,0.062800000,0.019200000
sample,fixed_single,ordered4_fixed_diagnostic,512,512,194,837,1.598464012,1.608500000,0.039700000,0.000000000
sample,fixed_single,ordered4,512,512,195,837,1.605631948,1.616300000,0.045300000,0.006700000
sample,fixed_single,original,512,512,195,837,1.325055957,1.342400000,0.063700000,0.013100000
sample,fixed_single,ordered4_fixed_diagnostic,512,512,195,837,1.602560043,1.618100000,0.044500000,0.000000000
sample,fixed_single,original,512,512,196,837,1.380352020,1.439200000,0.140400000,0.049100000
sample,fixed_single,ordered4,512,512,196,837,1.656831980,1.688400000,0.110300000,0.034600000
sample,fixed_single,ordered4_fixed_diagnostic,512,512,196,837,1.611775994,1.633900000,0.051000000,0.000000000
sample,fixed_single,ordered4,512,512,197,837,1.619968057,1.627800000,0.055100000,0.018500000
sample,fixed_single,original,512,512,197,837,1.327103972,1.335500000,0.062300000,0.019600000
sample,fixed_single,ordered4_fixed_diagnostic,512,512,197,837,1.600415945,1.608500000,0.034400000,0.000000000
sample,fixed_single,original,512,512,198,837,1.308671951,1.316600000,0.040500000,0.006000000
sample,fixed_single,ordered4,512,512,198,837,1.606559992,1.614400000,0.039200000,0.006100000
sample,fixed_single,ordered4_fixed_diagnostic,512,512,198,837,1.601536036,1.610100000,0.038100000,0.000000000
sample,fixed_single,ordered4,512,512,199,837,1.604608059,1.615200000,0.045800000,0.005900000
sample,fixed_single,original,512,512,199,837,1.308671951,1.319300000,0.045600000,0.006400000
sample,fixed_single,ordered4_fixed_diagnostic,512,512,199,837,1.600512028,1.609500000,0.038700000,0.000000000
sample,fixed_single,original,512,512,200,837,1.310719967,1.320000000,0.048900000,0.006700000
sample,fixed_single,ordered4,512,512,200,837,1.605631948,1.615500000,0.045000000,0.005500000
sample,fixed_single,ordered4_fixed_diagnostic,512,512,200,837,1.599488020,1.608600000,0.041200000,0.000000000
sample,fixed_single,ordered4,512,512,201,837,1.606655955,1.616100000,0.044700000,0.005400000
sample,fixed_single,original,512,512,201,837,1.309695959,1.318300000,0.044700000,0.005800000
sample,fixed_single,ordered4_fixed_diagnostic,512,512,201,837,1.599488020,1.607600000,0.033100000,0.000000000
sample,fixed_single,original,512,512,202,837,1.306624055,1.314700000,0.041800000,0.005600000
sample,fixed_single,ordered4,512,512,202,837,1.605631948,1.616600000,0.039000000,0.006000000
sample,fixed_single,ordered4_fixed_diagnostic,512,512,202,837,1.605631948,1.630200000,0.050300000,0.000000000
sample,fixed_single,ordered4,512,512,203,837,1.644544005,1.670800000,0.091400000,0.030600000
sample,fixed_single,original,512,512,203,837,1.340415955,1.351500000,0.085600000,0.031200000
sample,fixed_single,ordered4_fixed_diagnostic,512,512,203,837,1.599488020,1.610100000,0.040100000,0.000000000
sample,fixed_single,original,512,512,204,837,1.316864014,1.328100000,0.108700000,0.011000000
sample,fixed_single,ordered4,512,512,204,837,1.608703971,1.618400000,0.047700000,0.008700000
sample,fixed_single,ordered4_fixed_diagnostic,512,512,204,837,1.600512028,1.610300000,0.039400000,0.000000000
sample,fixed_single,ordered4,512,512,205,837,1.606655955,1.615500000,0.044700000,0.005700000
sample,fixed_single,original,512,512,205,837,1.309695959,1.319800000,0.045800000,0.006500000
sample,fixed_single,ordered4_fixed_diagnostic,512,512,205,837,1.602560043,1.612700000,0.038200000,0.000000000
sample,fixed_single,original,512,512,206,837,1.327103972,1.343100000,0.065600000,0.011200000
sample,fixed_single,ordered4,512,512,206,837,1.620991945,1.636200000,0.056400000,0.011000000
sample,fixed_single,ordered4_fixed_diagnostic,512,512,206,837,1.604608059,1.617300000,0.043700000,0.000000000
sample,fixed_single,ordered4,512,512,207,837,1.609727979,1.619600000,0.046100000,0.008300000
sample,fixed_single,original,512,512,207,837,1.321984053,1.331100000,0.084600000,0.015400000
sample,fixed_single,ordered4_fixed_diagnostic,512,512,207,837,1.601536036,1.610100000,0.038200000,0.000000000
sample,fixed_single,original,512,512,208,837,1.312767982,1.324900000,0.046500000,0.007400000
sample,fixed_single,ordered4,512,512,208,837,1.608703971,1.618900000,0.046500000,0.006900000
sample,fixed_single,ordered4_fixed_diagnostic,512,512,208,837,1.599488020,1.609200000,0.039500000,0.000000000
sample,fixed_single,ordered4,512,512,209,837,1.609727979,1.623600000,0.045700000,0.007100000
sample,fixed_single,original,512,512,209,837,1.328127980,1.344600000,0.062300000,0.012700000
sample,fixed_single,ordered4_fixed_diagnostic,512,512,209,837,1.603584051,1.614300000,0.043600000,0.000000000
sample,fixed_single,original,512,512,210,837,1.310719967,1.319400000,0.048200000,0.006400000
sample,fixed_single,ordered4,512,512,210,837,1.610751987,1.620900000,0.048600000,0.009600000
sample,fixed_single,ordered4_fixed_diagnostic,512,512,210,837,1.605631948,1.617900000,0.048100000,0.000000000
sample,fixed_single,ordered4,512,512,211,837,1.609727979,1.626000000,0.068800000,0.007600000
sample,fixed_single,original,512,512,211,837,1.308671951,1.318400000,0.044400000,0.006000000
sample,fixed_single,ordered4_fixed_diagnostic,512,512,211,837,1.599488020,1.609500000,0.039900000,0.000000000
sample,fixed_single,original,512,512,212,837,1.315840006,1.327300000,0.073800000,0.008000000
sample,fixed_single,ordered4,512,512,212,837,1.609727979,1.620500000,0.046800000,0.007000000
sample,fixed_single,ordered4_fixed_diagnostic,512,512,212,837,1.606655955,1.630200000,0.043800000,0.000000000
sample,fixed_single,ordered4,512,512,213,837,1.642495990,1.680200000,0.090500000,0.025900000
sample,fixed_single,original,512,512,213,837,1.357823968,1.380100000,0.114200000,0.038600000
sample,fixed_single,ordered4_fixed_diagnostic,512,512,213,837,1.603584051,1.616900000,0.050900000,0.000000000
sample,fixed_single,original,512,512,214,837,1.312767982,1.324400000,0.051200000,0.009000000
sample,fixed_single,ordered4,512,512,214,837,1.629184008,1.643800000,0.071100000,0.023300000
sample,fixed_single,ordered4_fixed_diagnostic,512,512,214,837,1.609727979,1.629500000,0.112200000,0.000000000
sample,fixed_single,ordered4,512,512,215,837,1.633280039,1.647800000,0.103700000,0.027800000
sample,fixed_single,original,512,512,215,837,1.343487978,1.358700000,0.091300000,0.033200000
sample,fixed_single,ordered4_fixed_diagnostic,512,512,215,837,1.604608059,1.619800000,0.048200000,0.000000000
sample,fixed_single,original,512,512,216,837,1.336320043,1.358600000,0.081900000,0.022100000
sample,fixed_single,ordered4,512,512,216,837,1.629184008,1.641000000,0.069900000,0.021100000
sample,fixed_single,ordered4_fixed_diagnostic,512,512,216,837,1.601536036,1.610600000,0.039900000,0.000000000
sample,fixed_single,ordered4,512,512,217,837,1.609727979,1.618400000,0.046800000,0.005700000
sample,fixed_single,original,512,512,217,837,1.312767982,1.321900000,0.046300000,0.008200000
sample,fixed_single,ordered4_fixed_diagnostic,512,512,217,837,1.598464012,1.607400000,0.039000000,0.000000000
sample,fixed_single,original,512,512,218,837,1.308671951,1.318300000,0.044200000,0.005700000
sample,fixed_single,ordered4,512,512,218,837,1.606655955,1.616000000,0.046000000,0.005900000
sample,fixed_single,ordered4_fixed_diagnostic,512,512,218,837,1.605631948,1.617000000,0.040100000,0.000000000
sample,fixed_single,ordered4,512,512,219,837,1.606655955,1.617200000,0.045200000,0.007100000
sample,fixed_single,original,512,512,219,837,1.308671951,1.317600000,0.047100000,0.006000000
sample,fixed_single,ordered4_fixed_diagnostic,512,512,219,837,1.599488020,1.609000000,0.037400000,0.000000000
sample,fixed_single,original,512,512,220,837,1.309695959,1.319900000,0.044600000,0.006000000
sample,fixed_single,ordered4,512,512,220,837,1.603584051,1.613400000,0.044700000,0.005800000
sample,fixed_single,ordered4_fixed_diagnostic,512,512,220,837,1.602560043,1.611700000,0.037100000,0.000000000
sample,fixed_single,ordered4,512,512,221,837,1.605631948,1.614800000,0.044600000,0.005400000
sample,fixed_single,original,512,512,221,837,1.309695959,1.319700000,0.043900000,0.005600000
sample,fixed_single,ordered4_fixed_diagnostic,512,512,221,837,1.601536036,1.610500000,0.040200000,0.000000000
sample,fixed_single,original,512,512,222,837,1.321984053,1.338100000,0.050700000,0.010900000
sample,fixed_single,ordered4,512,512,222,837,1.625087976,1.642200000,0.066300000,0.018000000
sample,fixed_single,ordered4_fixed_diagnostic,512,512,222,837,1.609727979,1.648300000,0.061200000,0.000000000
sample,fixed_single,ordered4,512,512,223,837,1.628160000,1.641900000,0.070600000,0.019900000
sample,fixed_single,original,512,512,223,837,1.345535994,1.363500000,0.093000000,0.029500000
sample,fixed_single,ordered4_fixed_diagnostic,512,512,223,837,1.602560043,1.612900000,0.043100000,0.000000000
sample,fixed_single,original,512,512,224,837,1.309695959,1.319000000,0.045000000,0.007100000
sample,fixed_single,ordered4,512,512,224,837,1.611775994,1.621300000,0.049400000,0.011500000
sample,fixed_single,ordered4_fixed_diagnostic,512,512,224,837,1.601536036,1.611800000,0.040600000,0.000000000
sample,fixed_single,ordered4,512,512,225,837,1.606655955,1.616000000,0.044600000,0.005800000
sample,fixed_single,original,512,512,225,837,1.324031949,1.339600000,0.060200000,0.011200000
sample,fixed_single,ordered4_fixed_diagnostic,512,512,225,837,1.601536036,1.614500000,0.041300000,0.000000000
sample,fixed_single,original,512,512,226,837,1.311743975,1.321400000,0.048700000,0.008300000
sample,fixed_single,ordered4,512,512,226,837,1.610751987,1.620700000,0.048400000,0.009700000
sample,fixed_single,ordered4_fixed_diagnostic,512,512,226,837,1.600512028,1.611100000,0.039100000,0.000000000
sample,fixed_single,ordered4,512,512,227,837,1.609727979,1.618400000,0.044700000,0.005900000
sample,fixed_single,original,512,512,227,837,1.310719967,1.322400000,0.045900000,0.006800000
sample,fixed_single,ordered4_fixed_diagnostic,512,512,227,837,1.603584051,1.618500000,0.040200000,0.000000000
sample,fixed_single,original,512,512,228,837,1.331200004,1.350900000,0.073500000,0.015200000
sample,fixed_single,ordered4,512,512,228,837,1.633280039,1.652400000,0.072400000,0.018500000
sample,fixed_single,ordered4_fixed_diagnostic,512,512,228,837,1.601536036,1.615000000,0.045100000,0.000000000
sample,fixed_single,ordered4,512,512,229,837,1.608703971,1.619000000,0.047200000,0.007300000
sample,fixed_single,original,512,512,229,837,1.328127980,1.341600000,0.065300000,0.016200000
sample,fixed_single,ordered4_fixed_diagnostic,512,512,229,837,1.599488020,1.609600000,0.041800000,0.000000000
sample,fixed_single,original,512,512,230,837,1.309695959,1.319200000,0.045500000,0.005800000
sample,fixed_single,ordered4,512,512,230,837,1.608703971,1.619600000,0.048500000,0.008100000
sample,fixed_single,ordered4_fixed_diagnostic,512,512,230,837,1.603584051,1.619200000,0.044400000,0.000000000
sample,fixed_single,ordered4,512,512,231,837,1.610751987,1.620900000,0.046300000,0.008000000
sample,fixed_single,original,512,512,231,837,1.333248019,1.358900000,0.130000000,0.020200000
sample,fixed_single,ordered4_fixed_diagnostic,512,512,231,837,1.615775943,1.637300000,0.058000000,0.000000000
sample,fixed_single,original,512,512,232,837,1.352704048,1.373300000,0.105800000,0.031900000
sample,fixed_single,ordered4,512,512,232,837,1.630208015,1.640800000,0.072600000,0.023300000
sample,fixed_single,ordered4_fixed_diagnostic,512,512,232,837,1.602560043,1.615800000,0.043000000,0.000000000
sample,fixed_single,ordered4,512,512,233,837,1.633280039,1.656400000,0.077200000,0.020500000
sample,fixed_single,original,512,512,233,837,1.342463970,1.364100000,0.088400000,0.028300000
sample,fixed_single,ordered4_fixed_diagnostic,512,512,233,837,1.604608059,1.613300000,0.045500000,0.000000000
sample,fixed_single,original,512,512,234,837,1.309695959,1.320400000,0.045900000,0.007600000
sample,fixed_single,ordered4,512,512,234,837,1.630208015,1.646200000,0.070300000,0.021900000
sample,fixed_single,ordered4_fixed_diagnostic,512,512,234,837,1.609727979,1.637100000,0.052300000,0.000000000
sample,fixed_single,ordered4,512,512,235,837,1.647616029,1.669000000,0.102300000,0.031300000
sample,fixed_single,original,512,512,235,837,1.357823968,1.383600000,0.109600000,0.033500000
sample,fixed_single,ordered4_fixed_diagnostic,512,512,235,837,1.612800002,1.638300000,0.073100000,0.000000000
sample,fixed_single,original,512,512,236,837,1.370111942,1.399300000,0.141500000,0.040400000
sample,fixed_single,ordered4,512,512,236,837,1.617920041,1.627600000,0.058200000,0.017300000
sample,fixed_single,ordered4_fixed_diagnostic,512,512,236,837,1.597440004,1.605700000,0.031900000,0.000000000
sample,fixed_single,ordered4,512,512,237,837,1.607679963,1.619600000,0.044800000,0.007600000
sample,fixed_single,original,512,512,237,837,1.338368058,1.358500000,0.086900000,0.022700000
sample,fixed_single,ordered4_fixed_diagnostic,512,512,237,837,1.610751987,1.640100000,0.068600000,0.000000000
sample,fixed_single,original,512,512,238,837,1.381376028,1.441100000,0.131200000,0.055700000
sample,fixed_single,ordered4,512,512,238,837,1.644544005,1.657600000,0.101300000,0.036000000
sample,fixed_single,ordered4_fixed_diagnostic,512,512,238,837,1.605631948,1.616300000,0.043700000,0.000000000
sample,fixed_single,ordered4,512,512,239,837,1.610751987,1.623100000,0.056000000,0.008300000
sample,fixed_single,original,512,512,239,837,1.323007941,1.333000000,0.083700000,0.016200000
sample,fixed_single,ordered4_fixed_diagnostic,512,512,239,837,1.602560043,1.615100000,0.043600000,0.000000000
sample,fixed_single,original,512,512,240,837,1.316864014,1.330700000,0.050600000,0.009500000
sample,fixed_single,ordered4,512,512,240,837,1.608703971,1.617200000,0.040800000,0.006300000
sample,fixed_single,ordered4_fixed_diagnostic,512,512,240,837,1.603584051,1.618300000,0.039600000,0.000000000
sample,fixed_single,ordered4,512,512,241,837,1.624032021,1.641300000,0.058800000,0.012000000
sample,fixed_single,original,512,512,241,837,1.328127980,1.345200000,0.065300000,0.018400000
sample,fixed_single,ordered4_fixed_diagnostic,512,512,241,837,1.602560043,1.614100000,0.038700000,0.000000000
sample,fixed_single,original,512,512,242,837,1.348608017,1.391200000,0.088500000,0.029900000
sample,fixed_single,ordered4,512,512,242,837,1.741824031,1.804500000,0.245100000,0.096700000
sample,fixed_single,ordered4_fixed_diagnostic,512,512,242,837,1.599488020,1.610500000,0.044500000,0.000000000
sample,fixed_single,ordered4,512,512,243,837,1.606655955,1.616700000,0.076400000,0.006000000
sample,fixed_single,original,512,512,243,837,1.337344050,1.350400000,0.078100000,0.024200000
sample,fixed_single,ordered4_fixed_diagnostic,512,512,243,837,1.603584051,1.622400000,0.043000000,0.000000000
sample,fixed_single,original,512,512,244,837,1.312767982,1.322500000,0.047300000,0.009000000
sample,fixed_single,ordered4,512,512,244,837,1.609727979,1.619800000,0.046300000,0.007400000
sample,fixed_single,ordered4_fixed_diagnostic,512,512,244,837,1.600512028,1.610500000,0.039000000,0.000000000
sample,fixed_single,ordered4,512,512,245,837,1.610751987,1.620400000,0.045700000,0.006500000
sample,fixed_single,original,512,512,245,837,1.315840006,1.328600000,0.048900000,0.008100000
sample,fixed_single,ordered4_fixed_diagnostic,512,512,245,837,1.603584051,1.615000000,0.039200000,0.000000000
sample,fixed_single,original,512,512,246,837,1.310719967,1.322300000,0.049100000,0.007200000
sample,fixed_single,ordered4,512,512,246,837,1.609727979,1.620700000,0.046100000,0.006800000
sample,fixed_single,ordered4_fixed_diagnostic,512,512,246,837,1.600512028,1.612000000,0.039800000,0.000000000
sample,fixed_single,ordered4,512,512,247,837,1.603584051,1.611200000,0.040000000,0.005700000
sample,fixed_single,original,512,512,247,837,1.306624055,1.315200000,0.040400000,0.006200000
sample,fixed_single,ordered4_fixed_diagnostic,512,512,247,837,1.598464012,1.607100000,0.033200000,0.000000000
sample,fixed_single,original,512,512,248,837,1.308671951,1.316300000,0.039400000,0.005200000
sample,fixed_single,ordered4,512,512,248,837,1.604608059,1.613300000,0.041200000,0.005600000
sample,fixed_single,ordered4_fixed_diagnostic,512,512,248,837,1.603584051,1.630300000,0.043700000,0.000000000
sample,fixed_single,ordered4,512,512,249,837,1.609727979,1.618100000,0.041100000,0.008600000
sample,fixed_single,original,512,512,249,837,1.310719967,1.318500000,0.042900000,0.007800000
sample,fixed_single,ordered4_fixed_diagnostic,512,512,249,837,1.597440004,1.606200000,0.032700000,0.000000000
sample,fixed_single,original,512,512,250,837,1.306624055,1.314700000,0.039300000,0.005800000
sample,fixed_single,ordered4,512,512,250,837,1.605568051,1.613400000,0.039300000,0.005900000
sample,fixed_single,ordered4_fixed_diagnostic,512,512,250,837,1.601536036,1.608400000,0.032400000,0.000000000
sample,fixed_single,ordered4,512,512,251,837,1.605631948,1.614000000,0.038900000,0.005500000
sample,fixed_single,original,512,512,251,837,1.309504032,1.316500000,0.039100000,0.005500000
sample,fixed_single,ordered4_fixed_diagnostic,512,512,251,837,1.596415997,1.604800000,0.033500000,0.000000000
sample,fixed_single,original,512,512,252,837,1.306624055,1.316400000,0.038300000,0.005600000
sample,fixed_single,ordered4,512,512,252,837,1.622943997,1.645600000,0.084000000,0.014100000
sample,fixed_single,ordered4_fixed_diagnostic,512,512,252,837,1.609696031,1.638400000,0.044100000,0.000000000
sample,fixed_single,ordered4,512,512,253,837,1.649664044,1.677600000,0.097900000,0.034600000
sample,fixed_single,original,512,512,253,837,1.351680040,1.367600000,0.097400000,0.036300000
sample,fixed_single,ordered4_fixed_diagnostic,512,512,253,837,1.601536036,1.612100000,0.040300000,0.000000000
sample,fixed_single,original,512,512,254,837,1.310719967,1.319600000,0.044400000,0.005900000
sample,fixed_single,ordered4,512,512,254,837,1.625087976,1.637100000,0.062200000,0.014700000
sample,fixed_single,ordered4_fixed_diagnostic,512,512,254,837,1.600512028,1.611000000,0.039900000,0.000000000
sample,fixed_single,ordered4,512,512,255,837,1.606655955,1.617600000,0.046800000,0.005800000
sample,fixed_single,original,512,512,255,837,1.315840006,1.326800000,0.059100000,0.009700000
sample,fixed_single,ordered4_fixed_diagnostic,512,512,255,837,1.605631948,1.619700000,0.041800000,0.000000000
sample,fixed_batch16,original,512,512,0,837,1.304512024,1.308343750,0.050968750,0.000000000
sample,fixed_batch16,ordered4,512,512,0,837,1.600317955,1.603325000,0.052656250,0.000000000
sample,fixed_batch16,ordered4,512,512,1,837,1.601472020,1.604518750,0.051793750,0.000000000
sample,fixed_batch16,original,512,512,1,837,1.301440001,1.303075000,0.034243750,0.000000000
sample,fixed_batch16,original,512,512,2,837,1.305600047,1.309675000,0.052675000,0.000000000
sample,fixed_batch16,ordered4,512,512,2,837,1.600245953,1.602868750,0.037193750,0.000000000
sample,fixed_batch16,ordered4,512,512,3,837,1.602560043,1.606312500,0.056337500,0.000000000
sample,fixed_batch16,original,512,512,3,837,1.304895997,1.308618750,0.049787500,0.000000000
sample,fixed_batch16,original,512,512,4,837,1.303488016,1.306525000,0.048268750,0.000000000
sample,fixed_batch16,ordered4,512,512,4,837,1.600255966,1.601737500,0.042562500,0.000000000
sample,fixed_batch16,ordered4,512,512,5,837,1.599552035,1.601043750,0.041568750,0.000000000
sample,fixed_batch16,original,512,512,5,837,1.301247954,1.302575000,0.033118750,0.000000000
sample,fixed_batch16,original,512,512,6,837,1.303488016,1.307162500,0.046568750,0.000000000
sample,fixed_batch16,ordered4,512,512,6,837,1.601791978,1.605975000,0.052962500,0.000000000
sample,fixed_batch16,ordered4,512,512,7,837,1.601151943,1.603918750,0.049400000,0.000000000
sample,fixed_batch16,original,512,512,7,837,1.302335978,1.303737500,0.034206250,0.000000000
sample,fixed_batch16,original,512,512,8,837,1.303295970,1.305543750,0.046231250,0.000000000
sample,fixed_batch16,ordered4,512,512,8,837,1.601984024,1.603968750,0.060693750,0.000000000
sample,fixed_batch16,ordered4,512,512,9,837,1.601343989,1.603925000,0.047906250,0.000000000
sample,fixed_batch16,original,512,512,9,837,1.302016020,1.303612500,0.034143750,0.000000000
sample,fixed_batch16,original,512,512,10,837,1.304895997,1.308443750,0.053643750,0.000000000
sample,fixed_batch16,ordered4,512,512,10,837,1.600191951,1.603593750,0.049850000,0.000000000
sample,fixed_batch16,ordered4,512,512,11,837,1.601984024,1.605600000,0.050593750,0.000000000
sample,fixed_batch16,original,512,512,11,837,1.303104043,1.306581250,0.046831250,0.000000000
sample,fixed_batch16,original,512,512,12,837,1.304000020,1.306481250,0.044468750,0.000000000
sample,fixed_batch16,ordered4,512,512,12,837,1.598971963,1.600350000,0.035531250,0.000000000
sample,fixed_batch16,ordered4,512,512,13,837,1.602496028,1.608118750,0.061381250,0.000000000
sample,fixed_batch16,original,512,512,13,837,1.304448009,1.308062500,0.051918750,0.000000000
sample,fixed_batch16,original,512,512,14,837,1.304512024,1.307975000,0.047875000,0.000000000
sample,fixed_batch16,ordered4,512,512,14,837,1.601536036,1.604862500,0.045543750,0.000000000
sample,fixed_batch16,ordered4,512,512,15,837,1.602112055,1.605618750,0.049918750,0.000000000
sample,fixed_batch16,original,512,512,15,837,1.304000020,1.306218750,0.042718750,0.000000000
sample,fixed_batch16,original,512,512,16,837,1.301440001,1.302562500,0.032050000,0.000000000
sample,fixed_batch16,ordered4,512,512,16,837,1.600319982,1.602568750,0.042831250,0.000000000
sample,fixed_batch16,ordered4,512,512,17,837,1.602687955,1.606581250,0.053787500,0.000000000
sample,fixed_batch16,original,512,512,17,837,1.306112051,1.309462500,0.051300000,0.000000000
sample,fixed_batch16,original,512,512,18,837,1.302976012,1.305518750,0.046975000,0.000000000
sample,fixed_batch16,ordered4,512,512,18,837,1.601088047,1.603781250,0.049181250,0.000000000
sample,fixed_batch16,ordered4,512,512,19,837,1.600767970,1.604412500,0.043712500,0.000000000
sample,fixed_batch16,original,512,512,19,837,1.315199971,1.324381250,0.057550000,0.000000000
sample,fixed_batch16,original,512,512,20,837,1.304448009,1.307818750,0.047850000,0.000000000
sample,fixed_batch16,ordered4,512,512,20,837,1.599871993,1.602512500,0.034206250,0.000000000
sample,fixed_batch16,ordered4,512,512,21,837,1.601984024,1.669987500,0.040412500,0.000000000
sample,fixed_batch16,original,512,512,21,837,1.305920005,1.310050000,0.063112500,0.000000000
sample,fixed_batch16,original,512,512,22,837,1.302528024,1.304506250,0.040143750,0.000000000
sample,fixed_batch16,ordered4,512,512,22,837,1.603647947,1.607731250,0.068443750,0.000000000
sample,fixed_batch16,ordered4,512,512,23,837,1.601343989,1.604843750,0.049106250,0.000000000
sample,fixed_batch16,original,512,512,23,837,1.303295970,1.306406250,0.047587500,0.000000000
sample,fixed_batch16,original,512,512,24,837,1.304448009,1.307875000,0.048725000,0.000000000
sample,fixed_batch16,ordered4,512,512,24,837,1.601536036,1.604918750,0.041256250,0.000000000
sample,fixed_batch16,ordered4,512,512,25,837,1.601212025,1.604593750,0.050037500,0.000000000
sample,fixed_batch16,original,512,512,25,837,1.304831982,1.308431250,0.050106250,0.000000000
sample,fixed_batch16,original,512,512,26,837,1.304383993,1.308162500,0.045606250,0.000000000
sample,fixed_batch16,ordered4,512,512,26,837,1.602815986,1.607256250,0.065281250,0.000000000
sample,fixed_batch16,ordered4,512,512,27,837,1.603199959,1.606862500,0.064893750,0.000000000
sample,fixed_batch16,original,512,512,27,837,1.304191947,1.307450000,0.047500000,0.000000000
sample,fixed_batch16,original,512,512,28,837,1.301887989,1.303718750,0.046787500,0.000000000
sample,fixed_batch16,ordered4,512,512,28,837,1.602944016,1.607381250,0.049168750,0.000000000
sample,fixed_batch16,ordered4,512,512,29,837,1.602687955,1.606468750,0.062456250,0.000000000
sample,fixed_batch16,original,512,512,29,837,1.302783966,1.305006250,0.046787500,0.000000000
sample,fixed_batch16,original,512,512,30,837,1.305536032,1.308556250,0.052625000,0.000000000
sample,fixed_batch16,ordered4,512,512,30,837,1.599104047,1.601037500,0.034106250,0.000000000
sample,fixed_batch16,ordered4,512,512,31,837,1.601472020,1.604543750,0.048418750,0.000000000
sample,fixed_batch16,original,512,512,31,837,1.301632047,1.303050000,0.037250000,0.000000000
sample,fixed_batch16,original,512,512,32,837,1.303104043,1.307062500,0.044050000,0.000000000
sample,fixed_batch16,ordered4,512,512,32,837,1.602112055,1.605543750,0.050381250,0.000000000
sample,fixed_batch16,ordered4,512,512,33,837,1.603263974,1.607137500,0.048712500,0.000000000
sample,fixed_batch16,original,512,512,33,837,1.304448009,1.307925000,0.049831250,0.000000000
sample,fixed_batch16,original,512,512,34,837,1.302911997,1.305356250,0.043525000,0.000000000
sample,fixed_batch16,ordered4,512,512,34,837,1.601920009,1.605425000,0.046806250,0.000000000
sample,fixed_batch16,ordered4,512,512,35,837,1.601984024,1.605531250,0.047387500,0.000000000
sample,fixed_batch16,original,512,512,35,837,1.303488016,1.306931250,0.047200000,0.000000000
sample,fixed_batch16,original,512,512,36,837,1.304767966,1.308143750,0.050856250,0.000000000
sample,fixed_batch16,ordered4,512,512,36,837,1.600831985,1.604012500,0.045562500,0.000000000
sample,fixed_batch16,ordered4,512,512,37,837,1.601536036,1.604806250,0.054693750,0.000000000
sample,fixed_batch16,original,512,512,37,837,1.303231955,1.305793750,0.048881250,0.000000000
sample,fixed_batch16,original,512,512,38,837,1.301877975,1.303887500,0.034212500,0.000000000
sample,fixed_batch16,ordered4,512,512,38,837,1.600000024,1.602406250,0.037331250,0.000000000
sample,fixed_batch16,ordered4,512,512,39,837,1.600383997,1.603600000,0.038193750,0.000000000
sample,fixed_batch16,original,512,512,39,837,1.302911997,1.306381250,0.040562500,0.000000000
sample,fixed_batch16,original,512,512,40,837,1.305472016,1.308756250,0.057275000,0.000000000
sample,fixed_batch16,ordered4,512,512,40,837,1.600640059,1.603918750,0.043806250,0.000000000
sample,fixed_batch16,ordered4,512,512,41,837,1.603072047,1.607306250,0.052450000,0.000000000
sample,fixed_batch16,original,512,512,41,837,1.303040028,1.307931250,0.037256250,0.000000000
sample,fixed_batch16,original,512,512,42,837,1.304703951,1.308068750,0.046687500,0.000000000
sample,fixed_batch16,ordered4,512,512,42,837,1.599807978,1.602337500,0.034793750,0.000000000
sample,fixed_batch16,ordered4,512,512,43,837,1.601600051,1.605012500,0.045706250,0.000000000
sample,fixed_batch16,original,512,512,43,837,1.304191947,1.307793750,0.047650000,0.000000000
sample,fixed_batch16,original,512,512,44,837,1.302656054,1.305206250,0.035687500,0.000000000
sample,fixed_batch16,ordered4,512,512,44,837,1.600255966,1.603018750,0.046106250,0.000000000
sample,fixed_batch16,ordered4,512,512,45,837,1.599871993,1.602400000,0.046225000,0.000000000
sample,fixed_batch16,original,512,512,45,837,1.303488016,1.306581250,0.038750000,0.000000000
sample,fixed_batch16,original,512,512,46,837,1.304255962,1.308606250,0.049656250,0.000000000
sample,fixed_batch16,ordered4,512,512,46,837,1.601467967,1.604087500,0.056675000,0.000000000
sample,fixed_batch16,ordered4,512,512,47,837,1.599552035,1.602593750,0.036618750,0.000000000
sample,fixed_batch16,original,512,512,47,837,1.305343986,1.309225000,0.041112500,0.000000000
sample,fixed_batch16,original,512,512,48,837,1.303104043,1.306056250,0.039231250,0.000000000
sample,fixed_batch16,ordered4,512,512,48,837,1.599673986,1.602900000,0.053125000,0.000000000
sample,fixed_batch16,ordered4,512,512,49,837,1.601145983,1.604131250,0.042531250,0.000000000
sample,fixed_batch16,original,512,512,49,837,1.303552032,1.307018750,0.038062500,0.000000000
sample,fixed_single,original,1023,1023,0,383,1.654783964,1.663700000,0.048800000,0.009400000
sample,fixed_single,ordered4,1023,1023,0,383,2.257920027,2.270000000,0.063100000,0.016300000
sample,fixed_single,ordered4_fixed_diagnostic,1023,1023,0,383,2.238464117,2.249600000,0.040100000,0.000000000
sample,fixed_single,ordered4,1023,1023,1,383,2.242559910,2.253700000,0.046200000,0.007900000
sample,fixed_single,original,1023,1023,1,383,1.660928011,1.674100000,0.059800000,0.012000000
sample,fixed_single,ordered4_fixed_diagnostic,1023,1023,1,383,2.236416101,2.246800000,0.040100000,0.000000000
sample,fixed_single,original,1023,1023,2,383,1.646592021,1.657200000,0.055700000,0.007100000
sample,fixed_single,ordered4,1023,1023,2,383,2.261919975,2.274100000,0.059300000,0.010200000
sample,fixed_single,ordered4_fixed_diagnostic,1023,1023,2,383,2.242496014,2.250700000,0.032700000,0.000000000
sample,fixed_single,ordered4,1023,1023,3,383,2.241535902,2.250600000,0.039600000,0.006700000
sample,fixed_single,original,1023,1023,3,383,1.648607969,1.657700000,0.048200000,0.009200000
sample,fixed_single,ordered4_fixed_diagnostic,1023,1023,3,383,2.233216047,2.241600000,0.036100000,0.000000000
sample,fixed_single,original,1023,1023,4,383,1.648543954,1.659300000,0.041200000,0.008200000
sample,fixed_single,ordered4,1023,1023,4,383,2.248640060,2.262900000,0.049500000,0.009900000
sample,fixed_single,ordered4_fixed_diagnostic,1023,1023,4,383,2.234368086,2.245700000,0.034900000,0.000000000
sample,fixed_single,ordered4,1023,1023,5,383,2.258944035,2.279600000,0.054000000,0.013400000
sample,fixed_single,original,1023,1023,5,383,1.670143962,1.682700000,0.080500000,0.024600000
sample,fixed_single,ordered4_fixed_diagnostic,1023,1023,5,383,2.237440109,2.248700000,0.040500000,0.000000000
sample,fixed_single,original,1023,1023,6,383,1.645568013,1.656000000,0.046700000,0.006400000
sample,fixed_single,ordered4,1023,1023,6,383,2.256896019,2.272900000,0.058500000,0.011400000
sample,fixed_single,ordered4_fixed_diagnostic,1023,1023,6,383,2.236416101,2.246700000,0.039300000,0.000000000
sample,fixed_single,ordered4,1023,1023,7,383,2.246655941,2.258700000,0.074000000,0.007400000
sample,fixed_single,original,1023,1023,7,383,1.672191978,1.686300000,0.072900000,0.023400000
sample,fixed_single,ordered4_fixed_diagnostic,1023,1023,7,383,2.236416101,2.246800000,0.042400000,0.000000000
sample,fixed_single,original,1023,1023,8,383,1.648640037,1.658900000,0.046300000,0.007300000
sample,fixed_single,ordered4,1023,1023,8,383,2.248703957,2.260200000,0.046900000,0.007900000
sample,fixed_single,ordered4_fixed_diagnostic,1023,1023,8,383,2.234368086,2.245800000,0.039400000,0.000000000
sample,fixed_single,ordered4,1023,1023,9,383,2.251775980,2.263300000,0.047700000,0.008300000
sample,fixed_single,original,1023,1023,9,383,1.649664044,1.660400000,0.048300000,0.008700000
sample,fixed_single,ordered4_fixed_diagnostic,1023,1023,9,383,2.236416101,2.248300000,0.039100000,0.000000000
sample,fixed_single,original,1023,1023,10,383,1.653759956,1.673800000,0.057400000,0.011800000
sample,fixed_single,ordered4,1023,1023,10,383,2.244607925,2.255400000,0.052800000,0.009200000
sample,fixed_single,ordered4_fixed_diagnostic,1023,1023,10,383,2.233344078,2.242400000,0.034500000,0.000000000
sample,fixed_single,ordered4,1023,1023,11,383,2.243520021,2.252600000,0.041000000,0.007300000
sample,fixed_single,original,1023,1023,11,383,1.647616029,1.657500000,0.042700000,0.009100000
sample,fixed_single,ordered4_fixed_diagnostic,1023,1023,11,383,2.233344078,2.242100000,0.038900000,0.000000000
sample,fixed_single,original,1023,1023,12,383,1.647552013,1.656100000,0.041300000,0.007100000
sample,fixed_single,ordered4,1023,1023,12,383,2.245568037,2.259200000,0.043600000,0.009800000
sample,fixed_single,ordered4_fixed_diagnostic,1023,1023,12,383,2.246655941,2.274100000,0.050800000,0.000000000
sample,fixed_single,ordered4,1023,1023,13,383,2.283519983,2.310900000,0.104500000,0.031800000
sample,fixed_single,original,1023,1023,13,383,1.690623999,1.711400000,0.106400000,0.034200000
sample,fixed_single,ordered4_fixed_diagnostic,1023,1023,13,383,2.237440109,2.248700000,0.046900000,0.000000000
sample,fixed_single,original,1023,1023,14,383,1.657855988,1.671000000,0.058200000,0.010400000
sample,fixed_single,ordered4,1023,1023,14,383,2.248703957,2.259600000,0.054300000,0.013200000
sample,fixed_single,ordered4_fixed_diagnostic,1023,1023,14,383,2.248703957,2.267200000,0.045300000,0.000000000
sample,fixed_single,ordered4,1023,1023,15,383,2.259968042,2.281000000,0.067200000,0.016200000
sample,fixed_single,original,1023,1023,15,383,1.658879995,1.678700000,0.058100000,0.016500000
sample,fixed_single,ordered4_fixed_diagnostic,1023,1023,15,383,2.237440109,2.247100000,0.037900000,0.000000000
sample,fixed_single,original,1023,1023,16,383,1.654783964,1.666800000,0.050500000,0.010200000
sample,fixed_single,ordered4,1023,1023,16,383,2.253823996,2.263000000,0.052300000,0.013400000
sample,fixed_single,ordered4_fixed_diagnostic,1023,1023,16,383,2.237440109,2.248500000,0.043600000,0.000000000
sample,fixed_single,ordered4,1023,1023,17,383,2.253823996,2.267600000,0.059100000,0.010700000
sample,fixed_single,original,1023,1023,17,383,1.655807972,1.665900000,0.062600000,0.008000000
sample,fixed_single,ordered4_fixed_diagnostic,1023,1023,17,383,2.236416101,2.249800000,0.041800000,0.000000000
sample,fixed_single,original,1023,1023,18,383,1.664000034,1.675900000,0.048900000,0.009700000
sample,fixed_single,ordered4,1023,1023,18,383,2.243583918,2.252900000,0.041900000,0.008900000
sample,fixed_single,ordered4_fixed_diagnostic,1023,1023,18,383,2.238464117,2.263200000,0.056000000,0.000000000
sample,fixed_single,ordered4,1023,1023,19,383,2.245631933,2.257000000,0.049200000,0.008900000
sample,fixed_single,original,1023,1023,19,383,1.646592021,1.654600000,0.061100000,0.008400000
sample,fixed_single,ordered4_fixed_diagnostic,1023,1023,19,383,2.234368086,2.242700000,0.033800000,0.000000000
sample,fixed_single,original,1023,1023,20,383,1.651711941,1.668300000,0.054300000,0.010300000
sample,fixed_single,ordered4,1023,1023,20,383,2.263040066,2.294700000,0.069200000,0.016600000
sample,fixed_single,ordered4_fixed_diagnostic,1023,1023,20,383,2.239487886,2.251100000,0.042900000,0.000000000
sample,fixed_single,ordered4,1023,1023,21,383,2.255872011,2.270800000,0.059600000,0.013800000
sample,fixed_single,original,1023,1023,21,383,1.668095946,1.678000000,0.073100000,0.022100000
sample,fixed_single,ordered4_fixed_diagnostic,1023,1023,21,383,2.235392094,2.246800000,0.039700000,0.000000000
sample,fixed_single,original,1023,1023,22,383,1.649664044,1.660700000,0.050800000,0.008600000
sample,fixed_single,ordered4,1023,1023,22,383,2.241535902,2.252100000,0.047600000,0.007800000
sample,fixed_single,ordered4_fixed_diagnostic,1023,1023,22,383,2.241535902,2.265100000,0.044200000,0.000000000
sample,fixed_single,ordered4,1023,1023,23,383,2.245631933,2.254900000,0.067500000,0.009100000
sample,fixed_single,original,1023,1023,23,383,1.648640037,1.656900000,0.061700000,0.009400000
sample,fixed_single,ordered4_fixed_diagnostic,1023,1023,23,383,2.237440109,2.247200000,0.049200000,0.000000000
sample,fixed_single,original,1023,1023,24,383,1.649631977,1.659700000,0.069300000,0.008200000
sample,fixed_single,ordered4,1023,1023,24,383,2.244607925,2.254200000,0.068900000,0.008800000
sample,fixed_single,ordered4_fixed_diagnostic,1023,1023,24,383,2.235392094,2.247000000,0.041300000,0.000000000
sample,fixed_single,ordered4,1023,1023,25,383,2.244607925,2.254700000,0.068300000,0.007700000
sample,fixed_single,original,1023,1023,25,383,1.653759956,1.666100000,0.050400000,0.009600000
sample,fixed_single,ordered4_fixed_diagnostic,1023,1023,25,383,2.239487886,2.249700000,0.032500000,0.000000000
sample,fixed_single,original,1023,1023,26,383,1.645568013,1.654300000,0.042400000,0.006900000
sample,fixed_single,ordered4,1023,1023,26,383,2.240511894,2.248400000,0.041100000,0.008500000
sample,fixed_single,ordered4_fixed_diagnostic,1023,1023,26,383,2.239455938,2.247400000,0.034800000,0.000000000
sample,fixed_single,ordered4,1023,1023,27,383,2.242432117,2.251200000,0.041500000,0.007000000
sample,fixed_single,original,1023,1023,27,383,1.647616029,1.655800000,0.045000000,0.007600000
sample,fixed_single,ordered4_fixed_diagnostic,1023,1023,27,383,2.255872011,2.284300000,0.066200000,0.000000000
sample,fixed_single,original,1023,1023,28,383,1.807360053,1.917500000,0.402900000,0.081600000
sample,fixed_single,ordered4,1023,1023,28,383,2.250751972,2.260800000,0.046800000,0.011400000
sample,fixed_single,ordered4_fixed_diagnostic,1023,1023,28,383,2.248703957,2.263500000,0.043200000,0.000000000
sample,fixed_single,ordered4,1023,1023,29,383,2.263040066,2.274200000,0.065300000,0.013900000
sample,fixed_single,original,1023,1023,29,383,1.662976027,1.676000000,0.064200000,0.016300000
sample,fixed_single,ordered4_fixed_diagnostic,1023,1023,29,383,2.236416101,2.247200000,0.044200000,0.000000000
sample,fixed_single,original,1023,1023,30,383,1.647616029,1.661300000,0.050000000,0.007800000
sample,fixed_single,ordered4,1023,1023,30,383,2.268160105,2.300500000,0.077900000,0.018600000
sample,fixed_single,ordered4_fixed_diagnostic,1023,1023,30,383,2.244607925,2.266500000,0.046700000,0.000000000
sample,fixed_single,ordered4,1023,1023,31,383,2.256896019,2.266600000,0.071400000,0.013100000
sample,fixed_single,original,1023,1023,31,383,1.658879995,1.675700000,0.058900000,0.015400000
sample,fixed_single,ordered4_fixed_diagnostic,1023,1023,31,383,2.241535902,2.253800000,0.057100000,0.000000000
sample,fixed_single,original,1023,1023,32,383,1.650688052,1.659500000,0.046800000,0.009200000
sample,fixed_single,ordered4,1023,1023,32,383,2.247679949,2.258500000,0.052600000,0.011100000
sample,fixed_single,ordered4_fixed_diagnostic,1023,1023,32,383,2.239487886,2.254900000,0.073300000,0.000000000
sample,fixed_single,ordered4,1023,1023,33,383,2.252799988,2.267200000,0.048100000,0.009900000
sample,fixed_single,original,1023,1023,33,383,1.649664044,1.661200000,0.045600000,0.009800000
sample,fixed_single,ordered4_fixed_diagnostic,1023,1023,33,383,2.241535902,2.252000000,0.045100000,0.000000000
sample,fixed_single,original,1023,1023,34,383,1.650624037,1.660000000,0.068100000,0.010100000
sample,fixed_single,ordered4,1023,1023,34,383,2.245631933,2.256700000,0.046400000,0.011200000
sample,fixed_single,ordered4_fixed_diagnostic,1023,1023,34,383,2.242559910,2.260600000,0.044600000,0.000000000
sample,fixed_single,ordered4,1023,1023,35,383,2.254848003,2.269300000,0.061700000,0.013600000
sample,fixed_single,original,1023,1023,35,383,1.676288009,1.703600000,0.081200000,0.024400000
sample,fixed_single,ordered4_fixed_diagnostic,1023,1023,35,383,2.240511894,2.260100000,0.054100000,0.000000000
sample,fixed_single,original,1023,1023,36,383,1.682432055,1.703400000,0.094600000,0.033100000
sample,fixed_single,ordered4,1023,1023,36,383,2.274303913,2.292500000,0.084700000,0.031800000
sample,fixed_single,ordered4_fixed_diagnostic,1023,1023,36,383,2.242559910,2.263800000,0.061000000,0.000000000
sample,fixed_single,ordered4,1023,1023,37,383,2.267136097,2.284200000,0.059800000,0.017500000
sample,fixed_single,original,1023,1023,37,383,1.695744038,1.723600000,0.116900000,0.040200000
sample,fixed_single,ordered4_fixed_diagnostic,1023,1023,37,383,2.242559910,2.265600000,0.056100000,0.000000000
sample,fixed_single,original,1023,1023,38,383,1.683455944,1.704000000,0.077700000,0.022500000
sample,fixed_single,ordered4,1023,1023,38,383,2.254848003,2.267900000,0.056300000,0.016900000
sample,fixed_single,ordered4_fixed_diagnostic,1023,1023,38,383,2.239487886,2.254600000,0.072600000,0.000000000
sample,fixed_single,ordered4,1023,1023,39,383,2.251775980,2.265300000,0.054800000,0.014000000
sample,fixed_single,original,1023,1023,39,383,1.660895944,1.674300000,0.071600000,0.016000000
sample,fixed_single,ordered4_fixed_diagnostic,1023,1023,39,383,2.238464117,2.254000000,0.055800000,0.000000000
sample,fixed_single,original,1023,1023,40,383,1.660928011,1.681000000,0.072400000,0.016600000
sample,fixed_single,ordered4,1023,1023,40,383,2.285567999,2.312500000,0.111500000,0.028800000
sample,fixed_single,ordered4_fixed_diagnostic,1023,1023,40,383,2.244607925,2.263900000,0.053700000,0.000000000
sample,fixed_single,ordered4,1023,1023,41,383,2.264064074,2.275600000,0.072300000,0.020400000
sample,fixed_single,original,1023,1023,41,383,1.668095946,1.680300000,0.075800000,0.021900000
sample,fixed_single,ordered4_fixed_diagnostic,1023,1023,41,383,2.234368086,2.243300000,0.035200000,0.000000000
sample,fixed_single,original,1023,1023,42,383,1.646592021,1.655600000,0.042500000,0.006800000
sample,fixed_single,ordered4,1023,1023,42,383,2.244607925,2.252700000,0.042800000,0.007400000
sample,fixed_single,ordered4_fixed_diagnostic,1023,1023,42,383,2.233344078,2.244000000,0.033700000,0.000000000
sample,fixed_single,ordered4,1023,1023,43,383,2.279423952,2.312800000,0.083800000,0.022300000
sample,fixed_single,original,1023,1023,43,383,1.716223955,1.768400000,0.149600000,0.049500000
sample,fixed_single,ordered4_fixed_diagnostic,1023,1023,43,383,2.246655941,2.269600000,0.082300000,0.000000000
sample,fixed_single,original,1023,1023,44,383,1.705983996,1.729900000,0.129900000,0.045400000
sample,fixed_single,ordered4,1023,1023,44,383,2.299904108,2.327000000,0.144700000,0.047100000
sample,fixed_single,ordered4_fixed_diagnostic,1023,1023,44,383,2.237440109,2.250000000,0.036800000,0.000000000
sample,fixed_single,ordered4,1023,1023,45,383,2.251775980,2.266200000,0.051300000,0.011600000
sample,fixed_single,original,1023,1023,45,383,1.678336024,1.703300000,0.078800000,0.024400000
sample,fixed_single,ordered4_fixed_diagnostic,1023,1023,45,383,2.237440109,2.251300000,0.069500000,0.000000000
sample,fixed_single,original,1023,1023,46,383,1.673215985,1.695100000,0.081000000,0.022700000
sample,fixed_single,ordered4,1023,1023,46,383,2.271136045,2.286100000,0.082500000,0.025400000
sample,fixed_single,ordered4_fixed_diagnostic,1023,1023,46,383,2.240511894,2.258100000,0.055300000,0.000000000
sample,fixed_single,ordered4,1023,1023,47,383,2.286592007,2.309900000,0.100400000,0.041500000
sample,fixed_single,original,1023,1023,47,383,1.669119954,1.686600000,0.071600000,0.021600000
sample,fixed_single,ordered4_fixed_diagnostic,1023,1023,47,383,2.266112089,2.288300000,0.061300000,0.000000000
sample,fixed_single,original,1023,1023,48,383,1.702911973,1.726900000,0.130600000,0.037000000
sample,fixed_single,ordered4,1023,1023,48,383,2.257920027,2.277100000,0.084100000,0.018100000
sample,fixed_single,ordered4_fixed_diagnostic,1023,1023,48,383,2.238464117,2.261600000,0.041900000,0.000000000
sample,fixed_single,ordered4,1023,1023,49,383,2.273279905,2.298100000,0.076300000,0.024800000
sample,fixed_single,original,1023,1023,49,383,1.687551975,1.718200000,0.107400000,0.032400000
sample,fixed_single,ordered4_fixed_diagnostic,1023,1023,49,383,2.239487886,2.254000000,0.066800000,0.000000000
sample,fixed_single,original,1023,1023,50,383,1.714176059,1.743900000,0.142400000,0.050800000
sample,fixed_single,ordered4,1023,1023,50,383,2.270015955,2.286100000,0.066200000,0.022600000
sample,fixed_single,ordered4_fixed_diagnostic,1023,1023,50,383,2.239360094,2.253700000,0.039300000,0.000000000
sample,fixed_single,ordered4,1023,1023,51,383,2.270143986,2.291000000,0.075900000,0.022100000
sample,fixed_single,original,1023,1023,51,383,1.676192045,1.694400000,0.087700000,0.026500000
sample,fixed_single,ordered4_fixed_diagnostic,1023,1023,51,383,2.236416101,2.251600000,0.050900000,0.000000000
sample,fixed_single,original,1023,1023,52,383,1.662976027,1.675200000,0.062200000,0.018100000
sample,fixed_single,ordered4,1023,1023,52,383,2.268127918,2.283200000,0.078700000,0.023800000
sample,fixed_single,ordered4_fixed_diagnostic,1023,1023,52,383,2.239487886,2.263800000,0.051700000,0.000000000
sample,fixed_single,ordered4,1023,1023,53,383,2.283519983,2.311400000,0.100100000,0.034200000
sample,fixed_single,original,1023,1023,53,383,1.698815942,1.722600000,0.108300000,0.040600000
sample,fixed_single,ordered4_fixed_diagnostic,1023,1023,53,383,2.241535902,2.259500000,0.043800000,0.000000000
sample,fixed_single,original,1023,1023,54,383,1.662976027,1.677600000,0.063600000,0.018100000
sample,fixed_single,ordered4,1023,1023,54,383,2.267967939,2.284500000,0.076200000,0.023300000
sample,fixed_single,ordered4_fixed_diagnostic,1023,1023,54,383,2.240511894,2.261700000,0.041100000,0.000000000
sample,fixed_single,ordered4,1023,1023,55,383,2.258944035,2.280200000,0.082500000,0.019300000
sample,fixed_single,original,1023,1023,55,383,1.684479952,1.708000000,0.111700000,0.035500000
sample,fixed_single,ordered4_fixed_diagnostic,1023,1023,55,383,2.242559910,2.265200000,0.067000000,0.000000000
sample,fixed_single,original,1023,1023,56,383,1.684479952,1.716800000,0.092500000,0.032800000
sample,fixed_single,ordered4,1023,1023,56,383,2.292736053,2.319900000,0.119800000,0.041700000
sample,fixed_single,ordered4_fixed_diagnostic,1023,1023,56,383,2.250495911,2.271600000,0.049700000,0.000000000
sample,fixed_single,ordered4,1023,1023,57,383,2.274303913,2.301200000,0.082600000,0.027400000
sample,fixed_single,original,1023,1023,57,383,1.681408048,1.701400000,0.093000000,0.029000000
sample,fixed_single,ordered4_fixed_diagnostic,1023,1023,57,383,2.241535902,2.261400000,0.069400000,0.000000000
sample,fixed_single,original,1023,1023,58,383,1.667072058,1.683400000,0.068700000,0.021100000
sample,fixed_single,ordered4,1023,1023,58,383,2.278399944,2.298200000,0.091000000,0.030900000
sample,fixed_single,ordered4_fixed_diagnostic,1023,1023,58,383,2.245631933,2.274500000,0.070100000,0.000000000
sample,fixed_single,ordered4,1023,1023,59,383,2.258816004,2.278000000,0.062500000,0.017900000
sample,fixed_single,original,1023,1023,59,383,1.687551975,1.708100000,0.099100000,0.032000000
sample,fixed_single,ordered4_fixed_diagnostic,1023,1023,59,383,2.238464117,2.256100000,0.050400000,0.000000000
sample,fixed_single,original,1023,1023,60,383,1.674144030,1.693700000,0.081800000,0.021300000
sample,fixed_single,ordered4,1023,1023,60,383,2.258816004,2.273400000,0.072100000,0.016100000
sample,fixed_single,ordered4_fixed_diagnostic,1023,1023,60,383,2.244607925,2.267500000,0.048200000,0.000000000
sample,fixed_single,ordered4,1023,1023,61,383,2.280447960,2.309000000,0.081700000,0.024600000
sample,fixed_single,original,1023,1023,61,383,1.684383988,1.709100000,0.091300000,0.029200000
sample,fixed_single,ordered4_fixed_diagnostic,1023,1023,61,383,2.248512030,2.262700000,0.053700000,0.000000000
sample,fixed_single,original,1023,1023,62,383,1.679360032,1.702200000,0.087200000,0.029500000
sample,fixed_single,ordered4,1023,1023,62,383,2.272255898,2.289200000,0.086100000,0.026400000
sample,fixed_single,ordered4_fixed_diagnostic,1023,1023,62,383,2.243583918,2.262000000,0.053700000,0.000000000
sample,fixed_single,ordered4,1023,1023,63,383,2.279423952,2.312600000,0.079500000,0.026000000
sample,fixed_single,original,1023,1023,63,383,1.674239993,1.697400000,0.081700000,0.023900000
sample,fixed_single,ordered4_fixed_diagnostic,1023,1023,63,383,2.273279905,2.329600000,0.088900000,0.000000000
sample,fixed_single,original,1023,1023,64,383,1.996799946,2.084500000,0.591600000,0.165500000
sample,fixed_single,ordered4,1023,1023,64,383,2.327552080,2.349800000,0.161100000,0.066100000
sample,fixed_single,ordered4_fixed_diagnostic,1023,1023,64,383,2.258944035,2.278200000,0.070000000,0.000000000
sample,fixed_single,ordered4,1023,1023,65,383,2.271231890,2.288100000,0.079300000,0.025300000
sample,fixed_single,original,1023,1023,65,383,1.702911973,1.727400000,0.135800000,0.047300000
sample,fixed_single,ordered4_fixed_diagnostic,1023,1023,65,383,2.239360094,2.253800000,0.072500000,0.000000000
sample,fixed_single,original,1023,1023,66,383,1.710080028,1.735100000,0.129200000,0.039300000
sample,fixed_single,ordered4,1023,1023,66,383,2.297856092,2.318800000,0.116900000,0.040300000
sample,fixed_single,ordered4_fixed_diagnostic,1023,1023,66,383,2.243583918,2.266600000,0.064100000,0.000000000
sample,fixed_single,ordered4,1023,1023,67,383,2.270207882,2.290000000,0.078100000,0.022600000
sample,fixed_single,original,1023,1023,67,383,1.711104035,1.734600000,0.138400000,0.052900000
sample,fixed_single,ordered4_fixed_diagnostic,1023,1023,67,383,2.241535902,2.255700000,0.051400000,0.000000000
sample,fixed_single,original,1023,1023,68,383,1.675168037,1.689100000,0.088300000,0.023500000
sample,fixed_single,ordered4,1023,1023,68,383,2.267136097,2.282000000,0.082000000,0.023900000
sample,fixed_single,ordered4_fixed_diagnostic,1023,1023,68,383,2.240511894,2.255900000,0.049900000,0.000000000
sample,fixed_single,ordered4,1023,1023,69,383,2.277375937,2.293800000,0.081700000,0.024300000
sample,fixed_single,original,1023,1023,69,383,1.680351973,1.695400000,0.087300000,0.026600000
sample,fixed_single,ordered4_fixed_diagnostic,1023,1023,69,383,2.241535902,2.256200000,0.077600000,0.000000000
sample,fixed_single,original,1023,1023,70,383,1.671167970,1.687600000,0.085200000,0.024900000
sample,fixed_single,ordered4,1023,1023,70,383,2.269184113,2.284000000,0.080500000,0.024900000
sample,fixed_single,ordered4_fixed_diagnostic,1023,1023,70,383,2.239487886,2.258400000,0.042200000,0.000000000
sample,fixed_single,ordered4,1023,1023,71,383,2.287616014,2.318400000,0.100700000,0.037800000
sample,fixed_single,original,1023,1023,71,383,1.676288009,1.700000000,0.078200000,0.024800000
sample,fixed_single,ordered4_fixed_diagnostic,1023,1023,71,383,2.241535902,2.253000000,0.040900000,0.000000000
sample,fixed_single,original,1023,1023,72,383,1.669119954,1.687400000,0.070200000,0.019400000
sample,fixed_single,ordered4,1023,1023,72,383,2.268160105,2.289800000,0.081300000,0.023800000
sample,fixed_single,ordered4_fixed_diagnostic,1023,1023,72,383,2.246655941,2.276300000,0.082200000,0.000000000
sample,fixed_single,ordered4,1023,1023,73,383,2.282495975,2.303100000,0.107600000,0.029600000
sample,fixed_single,original,1023,1023,73,383,1.686527967,1.715700000,0.095500000,0.033800000
sample,fixed_single,ordered4_fixed_diagnostic,1023,1023,73,383,2.248703957,2.272300000,0.055500000,0.000000000
sample,fixed_single,original,1023,1023,74,383,1.670143962,1.688200000,0.080000000,0.022500000
sample,fixed_single,ordered4,1023,1023,74,383,2.254848003,2.267900000,0.057400000,0.016100000
sample,fixed_single,ordered4_fixed_diagnostic,1023,1023,74,383,2.238336086,2.252300000,0.037900000,0.000000000
sample,fixed_single,ordered4,1023,1023,75,383,2.269184113,2.294100000,0.078300000,0.019700000
sample,fixed_single,original,1023,1023,75,383,1.701887965,1.729600000,0.116400000,0.043400000
sample,fixed_single,ordered4_fixed_diagnostic,1023,1023,75,383,2.243583918,2.265200000,0.063100000,0.000000000
sample,fixed_single,original,1023,1023,76,383,1.719295979,1.744500000,0.150300000,0.051100000
sample,fixed_single,ordered4,1023,1023,76,383,2.320384026,2.344400000,0.133400000,0.058000000
sample,fixed_single,ordered4_fixed_diagnostic,1023,1023,76,383,2.242559910,2.263300000,0.057500000,0.000000000
sample,fixed_single,ordered4,1023,1023,77,383,2.271231890,2.292700000,0.071600000,0.023300000
sample,fixed_single,original,1023,1023,77,383,1.691648006,1.720500000,0.111200000,0.038000000
sample,fixed_single,ordered4_fixed_diagnostic,1023,1023,77,383,2.268160105,2.295900000,0.082300000,0.000000000
sample,fixed_single,original,1023,1023,78,383,1.679360032,1.700500000,0.098700000,0.025900000
sample,fixed_single,ordered4,1023,1023,78,383,2.270207882,2.284600000,0.081400000,0.027400000
sample,fixed_single,ordered4_fixed_diagnostic,1023,1023,78,383,2.262016058,2.283500000,0.070000000,0.000000000
sample,fixed_single,ordered4,1023,1023,79,383,2.273279905,2.294300000,0.072300000,0.027100000
sample,fixed_single,original,1023,1023,79,383,1.699839950,1.727000000,0.117600000,0.046000000
sample,fixed_single,ordered4_fixed_diagnostic,1023,1023,79,383,2.245631933,2.263700000,0.062500000,0.000000000
sample,fixed_single,original,1023,1023,80,383,1.672191978,1.688800000,0.084600000,0.022000000
sample,fixed_single,ordered4,1023,1023,80,383,2.287616014,2.303700000,0.099500000,0.035200000
sample,fixed_single,ordered4_fixed_diagnostic,1023,1023,80,383,2.239487886,2.258700000,0.058100000,0.000000000
sample,fixed_single,ordered4,1023,1023,81,383,2.315263987,2.355800000,0.136100000,0.054300000
sample,fixed_single,original,1023,1023,81,383,1.674239993,1.695000000,0.082700000,0.023800000
sample,fixed_single,ordered4_fixed_diagnostic,1023,1023,81,383,2.243583918,2.263700000,0.051600000,0.000000000
sample,fixed_single,original,1023,1023,82,383,1.665024042,1.680100000,0.072100000,0.020600000
sample,fixed_single,ordered4,1023,1023,82,383,2.273279905,2.289500000,0.086400000,0.026600000
sample,fixed_single,ordered4_fixed_diagnostic,1023,1023,82,383,2.238464117,2.248600000,0.037900000,0.000000000
sample,fixed_single,ordered4,1023,1023,83,383,2.249727964,2.258400000,0.042400000,0.007900000
sample,fixed_single,original,1023,1023,83,383,1.657855988,1.667900000,0.052400000,0.012200000
sample,fixed_single,ordered4_fixed_diagnostic,1023,1023,83,383,2.243583918,2.259600000,0.039400000,0.000000000
sample,fixed_single,original,1023,1023,84,383,1.650688052,1.659300000,0.047500000,0.011900000
sample,fixed_single,ordered4,1023,1023,84,383,2.243423939,2.252800000,0.063000000,0.010400000
sample,fixed_single,ordered4_fixed_diagnostic,1023,1023,84,383,2.238271952,2.247400000,0.037000000,0.000000000
sample,fixed_single,ordered4,1023,1023,85,383,2.243583918,2.251100000,0.042900000,0.007900000
sample,fixed_single,original,1023,1023,85,383,1.647616029,1.657000000,0.042800000,0.007800000
sample,fixed_single,ordered4_fixed_diagnostic,1023,1023,85,383,2.241535902,2.250000000,0.033100000,0.000000000
sample,fixed_single,original,1023,1023,86,383,1.648480058,1.658200000,0.040700000,0.006300000
sample,fixed_single,ordered4,1023,1023,86,383,2.267136097,2.309500000,0.077600000,0.020300000
sample,fixed_single,ordered4_fixed_diagnostic,1023,1023,86,383,2.263040066,2.316000000,0.081900000,0.000000000
sample,fixed_single,ordered4,1023,1023,87,383,2.278399944,2.291000000,0.088800000,0.035200000
sample,fixed_single,original,1023,1023,87,383,1.679360032,1.691100000,0.093800000,0.033100000
sample,fixed_single,ordered4_fixed_diagnostic,1023,1023,87,383,2.246655941,2.259100000,0.044000000,0.000000000
sample,fixed_single,original,1023,1023,88,383,1.651711941,1.662500000,0.052900000,0.011100000
sample,fixed_single,ordered4,1023,1023,88,383,2.253823996,2.273100000,0.060400000,0.011600000
sample,fixed_single,ordered4_fixed_diagnostic,1023,1023,88,383,2.243583918,2.258600000,0.064700000,0.000000000
sample,fixed_single,ordered4,1023,1023,89,383,2.272255898,2.293300000,0.089800000,0.020800000
sample,fixed_single,original,1023,1023,89,383,1.705983996,1.745000000,0.130900000,0.045900000
sample,fixed_single,ordered4_fixed_diagnostic,1023,1023,89,383,2.241535902,2.257300000,0.076300000,0.000000000
sample,fixed_single,original,1023,1023,90,383,1.679360032,1.697200000,0.087500000,0.027500000
sample,fixed_single,ordered4,1023,1023,90,383,2.269184113,2.290800000,0.070300000,0.021500000
sample,fixed_single,ordered4_fixed_diagnostic,1023,1023,90,383,2.235392094,2.249900000,0.037900000,0.000000000
sample,fixed_single,ordered4,1023,1023,91,383,2.268160105,2.285200000,0.064100000,0.018500000
sample,fixed_single,original,1023,1023,91,383,1.668095946,1.678300000,0.064500000,0.020500000
sample,fixed_single,ordered4_fixed_diagnostic,1023,1023,91,383,2.242559910,2.253800000,0.035600000,0.000000000
sample,fixed_single,original,1023,1023,92,383,1.665024042,1.686900000,0.078100000,0.020700000
sample,fixed_single,ordered4,1023,1023,92,383,2.276351929,2.310000000,0.088700000,0.032000000
sample,fixed_single,ordered4_fixed_diagnostic,1023,1023,92,383,2.248703957,2.293100000,0.080200000,0.000000000
sample,fixed_single,ordered4,1023,1023,93,383,2.274303913,2.312600000,0.091800000,0.026500000
sample,fixed_single,original,1023,1023,93,383,1.682432055,1.708400000,0.080700000,0.027700000
sample,fixed_single,ordered4_fixed_diagnostic,1023,1023,93,383,2.260992050,2.287100000,0.127800000,0.000000000
sample,fixed_single,original,1023,1023,94,383,1.675264001,1.688500000,0.097300000,0.026400000
sample,fixed_single,ordered4,1023,1023,94,383,2.264064074,2.277200000,0.073700000,0.025200000
sample,fixed_single,ordered4_fixed_diagnostic,1023,1023,94,383,2.248703957,2.265400000,0.042700000,0.000000000
sample,fixed_single,ordered4,1023,1023,95,383,2.266112089,2.276200000,0.055600000,0.016200000
sample,fixed_single,original,1023,1023,95,383,1.680384040,1.695400000,0.086100000,0.031000000
sample,fixed_single,ordered4_fixed_diagnostic,1023,1023,95,383,2.237440109,2.248600000,0.041600000,0.000000000
sample,fixed_single,original,1023,1023,96,383,1.660928011,1.676000000,0.059000000,0.013300000
sample,fixed_single,ordered4,1023,1023,96,383,2.277375937,2.295000000,0.073800000,0.027100000
sample,fixed_single,ordered4_fixed_diagnostic,1023,1023,96,383,2.240511894,2.255600000,0.066800000,0.000000000
sample,fixed_single,ordered4,1023,1023,97,383,2.250751972,2.261200000,0.055700000,0.013200000
sample,fixed_single,original,1023,1023,97,383,1.666048050,1.677000000,0.073100000,0.021400000
sample,fixed_single,ordered4_fixed_diagnostic,1023,1023,97,383,2.234368086,2.245500000,0.039300000,0.000000000
sample,fixed_single,original,1023,1023,98,383,1.645568013,1.656900000,0.046600000,0.007000000
sample,fixed_single,ordered4,1023,1023,98,383,2.244607925,2.255400000,0.051000000,0.009300000
sample,fixed_single,ordered4_fixed_diagnostic,1023,1023,98,383,2.236416101,2.251900000,0.039500000,0.000000000
sample,fixed_single,ordered4,1023,1023,99,383,2.278399944,2.320300000,0.093800000,0.023700000
sample,fixed_single,original,1023,1023,99,383,1.698815942,1.741000000,0.117700000,0.038800000
sample,fixed_single,ordered4_fixed_diagnostic,1023,1023,99,383,2.252799988,2.282400000,0.073600000,0.000000000
sample,fixed_single,original,1023,1023,100,383,1.676288009,1.697000000,0.089700000,0.027100000
sample,fixed_single,ordered4,1023,1023,100,383,2.284543991,2.303300000,0.096200000,0.039700000
sample,fixed_single,ordered4_fixed_diagnostic,1023,1023,100,383,2.236416101,2.249900000,0.046500000,0.000000000
sample,fixed_single,ordered4,1023,1023,101,383,2.246655941,2.263800000,0.054100000,0.010200000
sample,fixed_single,original,1023,1023,101,383,1.691648006,1.735200000,0.104900000,0.035100000
sample,fixed_single,ordered4_fixed_diagnostic,1023,1023,101,383,2.251775980,2.279000000,0.086700000,0.000000000
sample,fixed_single,original,1023,1023,102,383,1.683455944,1.705300000,0.095400000,0.031200000
sample,fixed_single,ordered4,1023,1023,102,383,2.282304049,2.302000000,0.091700000,0.033400000
sample,fixed_single,ordered4_fixed_diagnostic,1023,1023,102,383,2.249727964,2.263500000,0.046100000,0.000000000
sample,fixed_single,ordered4,1023,1023,103,383,2.272255898,2.291200000,0.100200000,0.031500000
sample,fixed_single,original,1023,1023,103,383,1.685312033,1.706900000,0.093800000,0.028500000
sample,fixed_single,ordered4_fixed_diagnostic,1023,1023,103,383,2.242559910,2.262200000,0.056700000,0.000000000
sample,fixed_single,original,1023,1023,104,383,1.671167970,1.686600000,0.068900000,0.020400000
sample,fixed_single,ordered4,1023,1023,104,383,2.256896019,2.272400000,0.075200000,0.017700000
sample,fixed_single,ordered4_fixed_diagnostic,1023,1023,104,383,2.240511894,2.260600000,0.047200000,0.000000000
sample,fixed_single,ordered4,1023,1023,105,383,2.265088081,2.279100000,0.074300000,0.021800000
sample,fixed_single,original,1023,1023,105,383,1.683455944,1.698900000,0.093200000,0.034900000
sample,fixed_single,ordered4_fixed_diagnostic,1023,1023,105,383,2.238464117,2.251100000,0.044900000,0.000000000
sample,fixed_single,original,1023,1023,106,383,1.660928011,1.674800000,0.062200000,0.012300000
sample,fixed_single,ordered4,1023,1023,106,383,2.260992050,2.273000000,0.069400000,0.017500000
sample,fixed_single,ordered4_fixed_diagnostic,1023,1023,106,383,2.244607925,2.263100000,0.048100000,0.000000000
sample,fixed_single,ordered4,1023,1023,107,383,2.265088081,2.277800000,0.066700000,0.016800000
sample,fixed_single,original,1023,1023,107,383,1.670143962,1.685800000,0.080300000,0.023500000
sample,fixed_single,ordered4_fixed_diagnostic,1023,1023,107,383,2.234368086,2.243200000,0.037200000,0.000000000
sample,fixed_single,original,1023,1023,108,383,1.649664044,1.660500000,0.046100000,0.009500000
sample,fixed_single,ordered4,1023,1023,108,383,2.255872011,2.269700000,0.056700000,0.015600000
sample,fixed_single,ordered4_fixed_diagnostic,1023,1023,108,383,2.237440109,2.252000000,0.039900000,0.000000000
sample,fixed_single,ordered4,1023,1023,109,383,2.277375937,2.314000000,0.080800000,0.022200000
sample,fixed_single,original,1023,1023,109,383,1.746943951,1.877400000,0.130400000,0.073700000
sample,fixed_single,ordered4_fixed_diagnostic,1023,1023,109,383,2.248703957,2.279200000,0.069600000,0.000000000
sample,fixed_single,original,1023,1023,110,383,1.691648006,1.727200000,0.103000000,0.032200000
sample,fixed_single,ordered4,1023,1023,110,383,2.278399944,2.295300000,0.085400000,0.026800000
sample,fixed_single,ordered4_fixed_diagnostic,1023,1023,110,383,2.242559910,2.267500000,0.064300000,0.000000000
sample,fixed_single,ordered4,1023,1023,111,383,2.284543991,2.312600000,0.110900000,0.035600000
sample,fixed_single,original,1023,1023,111,383,1.676288009,1.698100000,0.082900000,0.023700000
sample,fixed_single,ordered4_fixed_diagnostic,1023,1023,111,383,2.237440109,2.252100000,0.042200000,0.000000000
sample,fixed_single,original,1023,1023,112,383,1.691648006,1.725500000,0.095200000,0.032200000
sample,fixed_single,ordered4,1023,1023,112,383,2.283519983,2.322100000,0.097300000,0.030300000
sample,fixed_single,ordered4_fixed_diagnostic,1023,1023,112,383,2.245631933,2.273500000,0.062100000,0.000000000
sample,fixed_single,ordered4,1023,1023,113,383,2.286560059,2.312700000,0.098000000,0.033900000
sample,fixed_single,original,1023,1023,113,383,1.681408048,1.702000000,0.090200000,0.028300000
sample,fixed_single,ordered4_fixed_diagnostic,1023,1023,113,383,2.250751972,2.270300000,0.084300000,0.000000000
sample,fixed_single,original,1023,1023,114,383,1.684479952,1.705200000,0.095500000,0.031300000
sample,fixed_single,ordered4,1023,1023,114,383,2.287616014,2.321900000,0.110700000,0.035000000
sample,fixed_single,ordered4_fixed_diagnostic,1023,1023,114,383,2.252799988,2.300300000,0.061700000,0.000000000
sample,fixed_single,ordered4,1023,1023,115,383,2.291712046,2.336100000,0.107300000,0.037000000
sample,fixed_single,original,1023,1023,115,383,1.684479952,1.723500000,0.085500000,0.031500000
sample,fixed_single,ordered4_fixed_diagnostic,1023,1023,115,383,2.254848003,2.289900000,0.071700000,0.000000000
sample,fixed_single,original,1023,1023,116,383,1.685376048,1.708300000,0.102200000,0.030700000
sample,fixed_single,ordered4,1023,1023,116,383,2.268160105,2.285900000,0.071500000,0.023600000
sample,fixed_single,ordered4_fixed_diagnostic,1023,1023,116,383,2.241440058,2.257100000,0.041900000,0.000000000
sample,fixed_single,ordered4,1023,1023,117,383,2.275327921,2.287600000,0.066400000,0.020900000
sample,fixed_single,original,1023,1023,117,383,1.678336024,1.691600000,0.093100000,0.033400000
sample,fixed_single,ordered4_fixed_diagnostic,1023,1023,117,383,2.242559910,2.254500000,0.041800000,0.000000000
sample,fixed_single,original,1023,1023,118,383,1.649664044,1.662900000,0.050000000,0.008200000
sample,fixed_single,ordered4,1023,1023,118,383,2.250751972,2.263600000,0.077000000,0.012100000
sample,fixed_single,ordered4_fixed_diagnostic,1023,1023,118,383,2.237440109,2.254300000,0.044300000,0.000000000
sample,fixed_single,ordered4,1023,1023,119,383,2.262016058,2.288400000,0.075000000,0.018300000
sample,fixed_single,original,1023,1023,119,383,1.687551975,1.713900000,0.105800000,0.034000000
sample,fixed_single,ordered4_fixed_diagnostic,1023,1023,119,383,2.241535902,2.254900000,0.056400000,0.000000000
sample,fixed_single,original,1023,1023,120,383,1.660928011,1.673300000,0.061700000,0.014600000
sample,fixed_single,ordered4,1023,1023,120,383,2.266112089,2.277100000,0.071800000,0.024600000
sample,fixed_single,ordered4_fixed_diagnostic,1023,1023,120,383,2.240511894,2.257000000,0.045500000,0.000000000
sample,fixed_single,ordered4,1023,1023,121,383,2.253823996,2.266700000,0.060300000,0.013700000
sample,fixed_single,original,1023,1023,121,383,1.659904003,1.677100000,0.063900000,0.016300000
sample,fixed_single,ordered4_fixed_diagnostic,1023,1023,121,383,2.258944035,2.292600000,0.078900000,0.000000000
sample,fixed_single,original,1023,1023,122,383,1.704959989,1.739800000,0.131900000,0.045100000
sample,fixed_single,ordered4,1023,1023,122,383,2.287616014,2.306700000,0.118500000,0.039700000
sample,fixed_single,ordered4_fixed_diagnostic,1023,1023,122,383,2.241535902,2.257800000,0.049900000,0.000000000
sample,fixed_single,ordered4,1023,1023,123,383,2.266112089,2.280100000,0.073200000,0.022100000
sample,fixed_single,original,1023,1023,123,383,1.699839950,1.719000000,0.130200000,0.045300000
sample,fixed_single,ordered4_fixed_diagnostic,1023,1023,123,383,2.245631933,2.262100000,0.054500000,0.000000000
sample,fixed_single,original,1023,1023,124,383,1.726464033,1.753000000,0.148600000,0.062000000
sample,fixed_single,ordered4,1023,1023,124,383,2.270207882,2.283800000,0.085400000,0.025100000
sample,fixed_single,ordered4_fixed_diagnostic,1023,1023,124,383,2.239487886,2.254500000,0.070900000,0.000000000
sample,fixed_single,ordered4,1023,1023,125,383,2.273279905,2.290100000,0.090900000,0.029700000
sample,fixed_single,original,1023,1023,125,383,1.691648006,1.706900000,0.112000000,0.040400000
sample,fixed_single,ordered4_fixed_diagnostic,1023,1023,125,383,2.238464117,2.251900000,0.054800000,0.000000000
sample,fixed_single,original,1023,1023,126,383,1.663936019,1.677200000,0.069800000,0.017100000
sample,fixed_single,ordered4,1023,1023,126,383,2.258944035,2.270500000,0.066400000,0.018400000
sample,fixed_single,ordered4_fixed_diagnostic,1023,1023,126,383,2.238464117,2.251400000,0.045100000,0.000000000
sample,fixed_single,ordered4,1023,1023,127,383,2.279423952,2.299800000,0.086800000,0.025100000
sample,fixed_single,original,1023,1023,127,383,1.681375980,1.703400000,0.091400000,0.028900000
sample,fixed_single,ordered4_fixed_diagnostic,1023,1023,127,383,2.245631933,2.266600000,0.074400000,0.000000000
sample,fixed_single,original,1023,1023,128,383,1.688575983,1.707500000,0.113500000,0.038700000
sample,fixed_single,ordered4,1023,1023,128,383,2.289664030,2.305900000,0.116000000,0.044500000
sample,fixed_single,ordered4_fixed_diagnostic,1023,1023,128,383,2.246655941,2.264700000,0.048300000,0.000000000
sample,fixed_single,ordered4,1023,1023,129,383,2.264064074,2.276500000,0.069200000,0.020800000
sample,fixed_single,original,1023,1023,129,383,1.814527988,1.829800000,0.254400000,0.027800000
sample,fixed_single,ordered4_fixed_diagnostic,1023,1023,129,383,2.246655941,2.272100000,0.061700000,0.000000000
sample,fixed_single,original,1023,1023,130,383,1.676288009,1.693600000,0.083600000,0.029700000
sample,fixed_single,ordered4,1023,1023,130,383,2.280447960,2.301800000,0.095400000,0.032500000
sample,fixed_single,ordered4_fixed_diagnostic,1023,1023,130,383,2.236416101,2.250800000,0.048700000,0.000000000
sample,fixed_single,ordered4,1023,1023,131,383,2.251775980,2.270200000,0.061800000,0.013300000
sample,fixed_single,original,1023,1023,131,383,1.727488041,1.768500000,0.165100000,0.058200000
sample,fixed_single,ordered4_fixed_diagnostic,1023,1023,131,383,2.240511894,2.257700000,0.053600000,0.000000000
sample,fixed_single,original,1023,1023,132,383,1.686527967,1.711300000,0.097100000,0.033900000
sample,fixed_single,ordered4,1023,1023,132,383,2.274271965,2.295200000,0.088400000,0.028200000
sample,fixed_single,ordered4_fixed_diagnostic,1023,1023,132,383,2.242559910,2.257500000,0.051700000,0.000000000
sample,fixed_single,ordered4,1023,1023,133,383,2.269184113,2.285400000,0.078200000,0.025900000
sample,fixed_single,original,1023,1023,133,383,1.675264001,1.690400000,0.085600000,0.027000000
sample,fixed_single,ordered4_fixed_diagnostic,1023,1023,133,383,2.245631933,2.260900000,0.049600000,0.000000000
sample,fixed_single,original,1023,1023,134,383,1.682432055,1.698500000,0.099300000,0.032400000
sample,fixed_single,ordered4,1023,1023,134,383,2.274303913,2.288200000,0.078100000,0.025500000
sample,fixed_single,ordered4_fixed_diagnostic,1023,1023,134,383,2.247679949,2.262200000,0.066800000,0.000000000
sample,fixed_single,ordered4,1023,1023,135,383,2.260992050,2.276200000,0.087000000,0.019700000
sample,fixed_single,original,1023,1023,135,383,1.667072058,1.681200000,0.073600000,0.020900000
sample,fixed_single,ordered4_fixed_diagnostic,1023,1023,135,383,2.236416101,2.250400000,0.046700000,0.000000000
sample,fixed_single,original,1023,1023,136,383,1.657696009,1.672800000,0.063200000,0.016300000
sample,fixed_single,ordered4,1023,1023,136,383,2.272255898,2.297500000,0.085700000,0.025400000
sample,fixed_single,ordered4_fixed_diagnostic,1023,1023,136,383,2.248703957,2.287300000,0.063100000,0.000000000
sample,fixed_single,ordered4,1023,1023,137,383,2.276351929,2.302300000,0.094400000,0.038500000
sample,fixed_single,original,1023,1023,137,383,1.710080028,1.741000000,0.136200000,0.051700000
sample,fixed_single,ordered4_fixed_diagnostic,1023,1023,137,383,2.250751972,2.268200000,0.055000000,0.000000000
sample,fixed_single,original,1023,1023,138,383,1.686527967,1.707300000,0.113100000,0.032100000
sample,fixed_single,ordered4,1023,1023,138,383,2.269184113,2.284000000,0.086000000,0.022900000
sample,fixed_single,ordered4_fixed_diagnostic,1023,1023,138,383,2.247679949,2.265500000,0.055700000,0.000000000
sample,fixed_single,ordered4,1023,1023,139,383,2.267136097,2.285700000,0.104300000,0.020700000
sample,fixed_single,original,1023,1023,139,383,1.674239993,1.690900000,0.089700000,0.024700000
sample,fixed_single,ordered4_fixed_diagnostic,1023,1023,139,383,2.240511894,2.255800000,0.053700000,0.000000000
sample,fixed_single,original,1023,1023,140,383,1.666048050,1.682200000,0.074800000,0.017000000
sample,fixed_single,ordered4,1023,1023,140,383,2.267136097,2.283400000,0.080900000,0.021800000
sample,fixed_single,ordered4_fixed_diagnostic,1023,1023,140,383,2.237440109,2.255000000,0.050900000,0.000000000
sample,fixed_single,ordered4,1023,1023,141,383,2.264064074,2.279800000,0.077100000,0.018900000
sample,fixed_single,original,1023,1023,141,383,1.687551975,1.707300000,0.097700000,0.031500000
sample,fixed_single,ordered4_fixed_diagnostic,1023,1023,141,383,2.243583918,2.261600000,0.058700000,0.000000000
sample,fixed_single,original,1023,1023,142,383,1.676288009,1.696500000,0.092400000,0.025500000
sample,fixed_single,ordered4,1023,1023,142,383,2.280447960,2.300200000,0.099900000,0.033900000
sample,fixed_single,ordered4_fixed_diagnostic,1023,1023,142,383,2.244607925,2.263000000,0.060200000,0.000000000
sample,fixed_single,ordered4,1023,1023,143,383,2.265023947,2.278200000,0.070400000,0.018100000
sample,fixed_single,original,1023,1023,143,383,1.669119954,1.685200000,0.075300000,0.022000000
sample,fixed_single,ordered4_fixed_diagnostic,1023,1023,143,383,2.251775980,2.281800000,0.054700000,0.000000000
sample,fixed_single,original,1023,1023,144,383,1.702847958,1.743300000,0.114900000,0.038700000
sample,fixed_single,ordered4,1023,1023,144,383,2.315263987,2.377400000,0.126100000,0.053500000
sample,fixed_single,ordered4_fixed_diagnostic,1023,1023,144,383,2.265088081,2.300100000,0.114000000,0.000000000
sample,fixed_single,ordered4,1023,1023,145,383,2.279232025,2.297700000,0.088500000,0.028300000
sample,fixed_single,original,1023,1023,145,383,1.683455944,1.704300000,0.092100000,0.028500000
sample,fixed_single,ordered4_fixed_diagnostic,1023,1023,145,383,2.241535902,2.263300000,0.056900000,0.000000000
sample,fixed_single,original,1023,1023,146,383,1.667072058,1.683200000,0.071500000,0.022000000
sample,fixed_single,ordered4,1023,1023,146,383,2.282495975,2.306900000,0.099900000,0.027900000
sample,fixed_single,ordered4_fixed_diagnostic,1023,1023,146,383,2.242559910,2.267900000,0.062800000,0.000000000
sample,fixed_single,ordered4,1023,1023,147,383,2.270207882,2.288200000,0.069800000,0.021200000
sample,fixed_single,original,1023,1023,147,383,1.676288009,1.695600000,0.077300000,0.025500000
sample,fixed_single,ordered4_fixed_diagnostic,1023,1023,147,383,2.238464117,2.255500000,0.046100000,0.000000000
sample,fixed_single,original,1023,1023,148,383,1.673215985,1.686300000,0.082800000,0.025200000
sample,fixed_single,ordered4,1023,1023,148,383,2.267136097,2.283100000,0.077000000,0.029200000
sample,fixed_single,ordered4_fixed_diagnostic,1023,1023,148,383,2.255872011,2.294500000,0.070600000,0.000000000
sample,fixed_single,ordered4,1023,1023,149,383,2.296832085,2.332100000,0.120000000,0.047100000
sample,fixed_single,original,1023,1023,149,383,1.676288009,1.693200000,0.087200000,0.027800000
sample,fixed_single,ordered4_fixed_diagnostic,1023,1023,149,383,2.251775980,2.267900000,0.062200000,0.000000000
sample,fixed_single,original,1023,1023,150,383,1.674239993,1.689000000,0.081800000,0.026100000
sample,fixed_single,ordered4,1023,1023,150,383,2.275327921,2.291400000,0.082400000,0.026800000
sample,fixed_single,ordered4_fixed_diagnostic,1023,1023,150,383,2.243583918,2.265500000,0.060500000,0.000000000
sample,fixed_single,ordered4,1023,1023,151,383,2.278399944,2.299600000,0.085100000,0.027200000
sample,fixed_single,original,1023,1023,151,383,1.690592051,1.723600000,0.099700000,0.033100000
sample,fixed_single,ordered4_fixed_diagnostic,1023,1023,151,383,2.251775980,2.271500000,0.061500000,0.000000000
sample,fixed_single,original,1023,1023,152,383,1.709056020,1.741400000,0.139700000,0.053300000
sample,fixed_single,ordered4,1023,1023,152,383,2.279423952,2.296400000,0.090300000,0.029500000
sample,fixed_single,ordered4_fixed_diagnostic,1023,1023,152,383,2.252799988,2.274000000,0.057500000,0.000000000
sample,fixed_single,ordered4,1023,1023,153,383,2.286592007,2.306900000,0.091600000,0.030400000
sample,fixed_single,original,1023,1023,153,383,1.690623999,1.716900000,0.099100000,0.031300000
sample,fixed_single,ordered4_fixed_diagnostic,1023,1023,153,383,2.247679949,2.273200000,0.064500000,0.000000000
sample,fixed_single,original,1023,1023,154,383,1.687551975,1.710000000,0.098500000,0.032800000
sample,fixed_single,ordered4,1023,1023,154,383,2.281471968,2.298600000,0.092900000,0.031600000
sample,fixed_single,ordered4_fixed_diagnostic,1023,1023,154,383,2.248703957,2.271500000,0.056800000,0.000000000
sample,fixed_single,ordered4,1023,1023,155,383,2.291712046,2.318200000,0.109300000,0.041200000
sample,fixed_single,original,1023,1023,155,383,1.674239993,1.688500000,0.087200000,0.027900000
sample,fixed_single,ordered4_fixed_diagnostic,1023,1023,155,383,2.237407923,2.252200000,0.074200000,0.000000000
sample,fixed_single,original,1023,1023,156,383,1.701887965,1.727500000,0.130500000,0.048600000
sample,fixed_single,ordered4,1023,1023,156,383,2.272255898,2.318900000,0.084700000,0.028000000
sample,fixed_single,ordered4_fixed_diagnostic,1023,1023,156,383,2.246655941,2.284600000,0.063200000,0.000000000
sample,fixed_single,ordered4,1023,1023,157,383,2.293760061,2.318800000,0.100100000,0.031300000
sample,fixed_single,original,1023,1023,157,383,1.684383988,1.704500000,0.100800000,0.030600000
sample,fixed_single,ordered4_fixed_diagnostic,1023,1023,157,383,2.240511894,2.255900000,0.051200000,0.000000000
sample,fixed_single,original,1023,1023,158,383,1.683455944,1.703800000,0.093200000,0.032800000
sample,fixed_single,ordered4,1023,1023,158,383,2.270207882,2.285500000,0.082700000,0.027300000
sample,fixed_single,ordered4_fixed_diagnostic,1023,1023,158,383,2.241535902,2.261100000,0.054700000,0.000000000
sample,fixed_single,ordered4,1023,1023,159,383,2.282495975,2.311900000,0.076200000,0.025700000
sample,fixed_single,original,1023,1023,159,383,1.701887965,1.724800000,0.125400000,0.047100000
sample,fixed_single,ordered4_fixed_diagnostic,1023,1023,159,383,2.240511894,2.255100000,0.074000000,0.000000000
sample,fixed_single,original,1023,1023,160,383,1.683455944,1.707900000,0.093700000,0.029400000
sample,fixed_single,ordered4,1023,1023,160,383,2.278399944,2.302000000,0.077200000,0.026000000
sample,fixed_single,ordered4_fixed_diagnostic,1023,1023,160,383,2.260927916,2.281300000,0.071000000,0.000000000
sample,fixed_single,ordered4,1023,1023,161,383,2.267136097,2.284100000,0.084500000,0.021600000
sample,fixed_single,original,1023,1023,161,383,1.677312016,1.692800000,0.084500000,0.027400000
sample,fixed_single,ordered4_fixed_diagnostic,1023,1023,161,383,2.242559910,2.259200000,0.078200000,0.000000000
sample,fixed_single,original,1023,1023,162,383,1.679360032,1.696500000,0.096600000,0.029500000
sample,fixed_single,ordered4,1023,1023,162,383,2.268160105,2.282600000,0.083400000,0.024800000
sample,fixed_single,ordered4_fixed_diagnostic,1023,1023,162,383,2.238464117,2.253000000,0.045900000,0.000000000
sample,fixed_single,ordered4,1023,1023,163,383,2.279423952,2.296400000,0.084100000,0.021300000
sample,fixed_single,original,1023,1023,163,383,1.675264001,1.692000000,0.094300000,0.028500000
sample,fixed_single,ordered4_fixed_diagnostic,1023,1023,163,383,2.240511894,2.260300000,0.072900000,0.000000000
sample,fixed_single,original,1023,1023,164,383,1.673215985,1.693600000,0.076900000,0.024100000
sample,fixed_single,ordered4,1023,1023,164,383,2.274303913,2.291500000,0.104600000,0.031900000
sample,fixed_single,ordered4_fixed_diagnostic,1023,1023,164,383,2.241535902,2.265500000,0.043800000,0.000000000
sample,fixed_single,ordered4,1023,1023,165,383,2.283519983,2.309000000,0.086400000,0.029400000
sample,fixed_single,original,1023,1023,165,383,1.701887965,1.719800000,0.128300000,0.047400000
sample,fixed_single,ordered4_fixed_diagnostic,1023,1023,165,383,2.246655941,2.264000000,0.056400000,0.000000000
sample,fixed_single,original,1023,1023,166,383,1.688575983,1.704800000,0.120500000,0.037700000
sample,fixed_single,ordered4,1023,1023,166,383,2.270207882,2.282500000,0.074600000,0.023600000
sample,fixed_single,ordered4_fixed_diagnostic,1023,1023,166,383,2.238464117,2.253400000,0.051700000,0.000000000
sample,fixed_single,ordered4,1023,1023,167,383,2.283519983,2.300100000,0.096200000,0.034200000
sample,fixed_single,original,1023,1023,167,383,1.684479952,1.701200000,0.105200000,0.036500000
sample,fixed_single,ordered4_fixed_diagnostic,1023,1023,167,383,2.244607925,2.259500000,0.053600000,0.000000000
sample,fixed_single,original,1023,1023,168,383,1.679360032,1.696400000,0.093600000,0.026100000
sample,fixed_single,ordered4,1023,1023,168,383,2.279423952,2.296400000,0.092600000,0.029100000
sample,fixed_single,ordered4_fixed_diagnostic,1023,1023,168,383,2.238464117,2.253400000,0.045400000,0.000000000
sample,fixed_single,ordered4,1023,1023,169,383,2.260992050,2.274500000,0.071300000,0.020300000
sample,fixed_single,original,1023,1023,169,383,1.670143962,1.683100000,0.075000000,0.022500000
sample,fixed_single,ordered4_fixed_diagnostic,1023,1023,169,383,2.244607925,2.260300000,0.046600000,0.000000000
sample,fixed_single,original,1023,1023,170,383,1.682432055,1.699900000,0.092800000,0.029500000
sample,fixed_single,ordered4,1023,1023,170,383,2.277375937,2.294100000,0.080300000,0.026100000
sample,fixed_single,ordered4_fixed_diagnostic,1023,1023,170,383,2.248703957,2.273600000,0.051300000,0.000000000
sample,fixed_single,ordered4,1023,1023,171,383,2.320384026,2.380700000,0.162700000,0.051000000
sample,fixed_single,original,1023,1023,171,383,1.697792053,1.714800000,0.122900000,0.044700000
sample,fixed_single,ordered4_fixed_diagnostic,1023,1023,171,383,2.240511894,2.258600000,0.067800000,0.000000000
sample,fixed_single,original,1023,1023,172,383,1.689599991,1.706800000,0.106300000,0.036700000
sample,fixed_single,ordered4,1023,1023,172,383,2.284543991,2.301100000,0.105600000,0.042100000
sample,fixed_single,ordered4_fixed_diagnostic,1023,1023,172,383,2.249727964,2.269400000,0.055100000,0.000000000
sample,fixed_single,ordered4,1023,1023,173,383,2.274303913,2.291500000,0.080400000,0.028000000
sample,fixed_single,original,1023,1023,173,383,1.672191978,1.694600000,0.072400000,0.022300000
sample,fixed_single,ordered4_fixed_diagnostic,1023,1023,173,383,2.242559910,2.262100000,0.051300000,0.000000000
sample,fixed_single,original,1023,1023,174,383,1.687551975,1.704300000,0.124600000,0.035700000
sample,fixed_single,ordered4,1023,1023,174,383,2.283519983,2.299200000,0.099200000,0.036400000
sample,fixed_single,ordered4_fixed_diagnostic,1023,1023,174,383,2.238464117,2.254700000,0.082400000,0.000000000
sample,fixed_single,ordered4,1023,1023,175,383,2.267136097,2.280600000,0.069200000,0.018300000
sample,fixed_single,original,1023,1023,175,383,1.669119954,1.682400000,0.076800000,0.021700000
sample,fixed_single,ordered4_fixed_diagnostic,1023,1023,175,383,2.248703957,2.266900000,0.057700000,0.000000000
sample,fixed_single,original,1023,1023,176,383,1.667072058,1.685300000,0.079700000,0.021700000
sample,fixed_single,ordered4,1023,1023,176,383,2.265088081,2.281500000,0.080800000,0.026200000
sample,fixed_single,ordered4_fixed_diagnostic,1023,1023,176,383,2.240511894,2.255400000,0.052900000,0.000000000
sample,fixed_single,ordered4,1023,1023,177,383,2.264064074,2.277700000,0.077900000,0.020200000
sample,fixed_single,original,1023,1023,177,383,1.668095946,1.682400000,0.081400000,0.019900000
sample,fixed_single,ordered4_fixed_diagnostic,1023,1023,177,383,2.237440109,2.249800000,0.044800000,0.000000000
sample,fixed_single,original,1023,1023,178,383,1.658879995,1.672200000,0.063500000,0.013800000
sample,fixed_single,ordered4,1023,1023,178,383,2.259968042,2.284000000,0.066900000,0.018800000
sample,fixed_single,ordered4_fixed_diagnostic,1023,1023,178,383,2.407232046,2.501800000,0.459400000,0.000000000
sample,fixed_single,ordered4,1023,1023,179,383,2.283519983,2.297000000,0.092000000,0.041800000
sample,fixed_single,original,1023,1023,179,383,1.685503960,1.700600000,0.102200000,0.037300000
sample,fixed_single,ordered4_fixed_diagnostic,1023,1023,179,383,2.259968042,2.284600000,0.082600000,0.000000000
sample,fixed_single,original,1023,1023,180,383,1.680384040,1.695000000,0.086900000,0.029700000
sample,fixed_single,ordered4,1023,1023,180,383,2.269184113,2.285300000,0.080900000,0.028900000
sample,fixed_single,ordered4_fixed_diagnostic,1023,1023,180,383,2.276351929,2.307200000,0.095200000,0.000000000
sample,fixed_single,ordered4,1023,1023,181,383,2.285567999,2.315700000,0.097300000,0.029000000
sample,fixed_single,original,1023,1023,181,383,1.680384040,1.719300000,0.093400000,0.028600000
sample,fixed_single,ordered4_fixed_diagnostic,1023,1023,181,383,2.241535902,2.265500000,0.049700000,0.000000000
sample,fixed_single,original,1023,1023,182,383,1.686527967,1.708500000,0.076400000,0.024600000
sample,fixed_single,ordered4,1023,1023,182,383,2.284543991,2.308200000,0.103100000,0.036700000
sample,fixed_single,ordered4_fixed_diagnostic,1023,1023,182,383,2.239487886,2.254600000,0.064600000,0.000000000
sample,fixed_single,ordered4,1023,1023,183,383,2.258944035,2.278000000,0.079500000,0.018100000
sample,fixed_single,original,1023,1023,183,383,1.672191978,1.688800000,0.072400000,0.022800000
sample,fixed_single,ordered4_fixed_diagnostic,1023,1023,183,383,2.244607925,2.263500000,0.051200000,0.000000000
sample,fixed_single,original,1023,1023,184,383,1.704959989,1.733300000,0.120500000,0.043900000
sample,fixed_single,ordered4,1023,1023,184,383,2.312191963,2.340800000,0.136300000,0.048800000
sample,fixed_single,ordered4_fixed_diagnostic,1023,1023,184,383,2.244607925,2.267900000,0.050900000,0.000000000
sample,fixed_single,ordered4,1023,1023,185,383,2.290688038,2.317200000,0.117300000,0.039800000
sample,fixed_single,original,1023,1023,185,383,1.683455944,1.704400000,0.094400000,0.029700000
sample,fixed_single,ordered4_fixed_diagnostic,1023,1023,185,383,2.243551970,2.295800000,0.055500000,0.000000000
sample,fixed_single,original,1023,1023,186,383,1.703935981,1.761800000,0.128700000,0.051800000
sample,fixed_single,ordered4,1023,1023,186,383,2.315263987,2.366200000,0.149500000,0.060800000
sample,fixed_single,ordered4_fixed_diagnostic,1023,1023,186,383,2.269184113,2.311100000,0.110300000,0.000000000
sample,fixed_single,ordered4,1023,1023,187,383,2.288640022,2.330900000,0.130800000,0.046100000
sample,fixed_single,original,1023,1023,187,383,1.703935981,1.723300000,0.155600000,0.058300000
sample,fixed_single,ordered4_fixed_diagnostic,1023,1023,187,383,2.243583918,2.267300000,0.059000000,0.000000000
sample,fixed_single,original,1023,1023,188,383,1.668095946,1.689800000,0.067400000,0.021700000
sample,fixed_single,ordered4,1023,1023,188,383,2.279423952,2.309900000,0.082900000,0.027700000
sample,fixed_single,ordered4_fixed_diagnostic,1023,1023,188,383,2.243583918,2.278800000,0.050200000,0.000000000
sample,fixed_single,ordered4,1023,1023,189,383,2.286432028,2.313000000,0.093900000,0.029800000
sample,fixed_single,original,1023,1023,189,383,1.678336024,1.706600000,0.083300000,0.026700000
sample,fixed_single,ordered4_fixed_diagnostic,1023,1023,189,383,2.248703957,2.266200000,0.045500000,0.000000000
sample,fixed_single,original,1023,1023,190,383,1.668992043,1.679700000,0.068800000,0.023000000
sample,fixed_single,ordered4,1023,1023,190,383,2.270207882,2.281900000,0.080800000,0.030000000
sample,fixed_single,ordered4_fixed_diagnostic,1023,1023,190,383,2.242559910,2.264300000,0.068500000,0.000000000
sample,fixed_single,ordered4,1023,1023,191,383,2.276351929,2.299000000,0.085200000,0.027400000
sample,fixed_single,original,1023,1023,191,383,1.665024042,1.680000000,0.068100000,0.021200000
sample,fixed_single,ordered4_fixed_diagnostic,1023,1023,191,383,2.237440109,2.250600000,0.060100000,0.000000000
sample,fixed_single,original,1023,1023,192,383,1.672160029,1.690000000,0.068500000,0.020200000
sample,fixed_single,ordered4,1023,1023,192,383,2.263040066,2.277900000,0.064900000,0.020000000
sample,fixed_single,ordered4_fixed_diagnostic,1023,1023,192,383,2.243583918,2.263200000,0.042800000,0.000000000
sample,fixed_single,ordered4,1023,1023,193,383,2.273087978,2.289200000,0.065300000,0.021000000
sample,fixed_single,original,1023,1023,193,383,1.673215985,1.698400000,0.080900000,0.023500000
sample,fixed_single,ordered4_fixed_diagnostic,1023,1023,193,383,2.252799988,2.280800000,0.089500000,0.000000000
sample,fixed_single,original,1023,1023,194,383,1.723392010,1.755500000,0.195700000,0.058200000
sample,fixed_single,ordered4,1023,1023,194,383,2.277375937,2.293900000,0.088700000,0.030300000
sample,fixed_single,ordered4_fixed_diagnostic,1023,1023,194,383,2.244607925,2.266100000,0.054100000,0.000000000
sample,fixed_single,ordered4,1023,1023,195,383,2.276351929,2.301900000,0.069800000,0.023400000
sample,fixed_single,original,1023,1023,195,383,1.722368002,1.744000000,0.133300000,0.050500000
sample,fixed_single,ordered4_fixed_diagnostic,1023,1023,195,383,2.238464117,2.257800000,0.042700000,0.000000000
sample,fixed_single,original,1023,1023,196,383,1.682432055,1.703800000,0.092700000,0.028500000
sample,fixed_single,ordered4,1023,1023,196,383,2.273184061,2.290300000,0.086000000,0.027400000
sample,fixed_single,ordered4_fixed_diagnostic,1023,1023,196,383,2.250751972,2.270200000,0.054800000,0.000000000
sample,fixed_single,ordered4,1023,1023,197,383,2.274303913,2.290900000,0.078800000,0.022400000
sample,fixed_single,original,1023,1023,197,383,1.676288009,1.692700000,0.086300000,0.026000000
sample,fixed_single,ordered4_fixed_diagnostic,1023,1023,197,383,2.248703957,2.266000000,0.048800000,0.000000000
sample,fixed_single,original,1023,1023,198,383,1.687551975,1.707800000,0.107100000,0.034500000
sample,fixed_single,ordered4,1023,1023,198,383,2.278399944,2.301800000,0.089200000,0.026200000
sample,fixed_single,ordered4_fixed_diagnostic,1023,1023,198,383,2.257920027,2.285300000,0.079400000,0.000000000
sample,fixed_single,ordered4,1023,1023,199,383,2.272255898,2.302800000,0.088100000,0.026000000
sample,fixed_single,original,1023,1023,199,383,1.687551975,1.720700000,0.095700000,0.031800000
sample,fixed_single,ordered4_fixed_diagnostic,1023,1023,199,383,2.242559910,2.262000000,0.056100000,0.000000000
sample,fixed_single,original,1023,1023,200,383,1.680384040,1.700400000,0.090900000,0.029000000
sample,fixed_single,ordered4,1023,1023,200,383,2.279423952,2.303500000,0.095500000,0.030000000
sample,fixed_single,ordered4_fixed_diagnostic,1023,1023,200,383,2.255872011,2.288500000,0.061900000,0.000000000
sample,fixed_single,ordered4,1023,1023,201,383,2.287616014,2.302600000,0.089600000,0.037400000
sample,fixed_single,original,1023,1023,201,383,1.681408048,1.692100000,0.099800000,0.036000000
sample,fixed_single,ordered4_fixed_diagnostic,1023,1023,201,383,2.238464117,2.250600000,0.045100000,0.000000000
sample,fixed_single,original,1023,1023,202,383,1.654783964,1.666100000,0.055300000,0.011400000
sample,fixed_single,ordered4,1023,1023,202,383,2.257920027,2.268800000,0.065400000,0.017400000
sample,fixed_single,ordered4_fixed_diagnostic,1023,1023,202,383,2.237440109,2.248100000,0.039700000,0.000000000
sample,fixed_single,ordered4,1023,1023,203,383,2.250751972,2.265300000,0.053200000,0.011000000
sample,fixed_single,original,1023,1023,203,383,1.652735949,1.663800000,0.056400000,0.014000000
sample,fixed_single,ordered4_fixed_diagnostic,1023,1023,203,383,2.270207882,2.293500000,0.073300000,0.000000000
sample,fixed_single,original,1023,1023,204,383,1.714176059,1.755500000,0.136000000,0.047500000
sample,fixed_single,ordered4,1023,1023,204,383,2.271231890,2.287200000,0.069200000,0.022400000
sample,fixed_single,ordered4_fixed_diagnostic,1023,1023,204,383,2.234368086,2.243000000,0.033700000,0.000000000
sample,fixed_single,ordered4,1023,1023,205,383,2.254848003,2.264300000,0.059600000,0.012700000
sample,fixed_single,original,1023,1023,205,383,1.683455944,1.697300000,0.093400000,0.034100000
sample,fixed_single,ordered4_fixed_diagnostic,1023,1023,205,383,2.237440109,2.247300000,0.045700000,0.000000000
sample,fixed_single,original,1023,1023,206,383,1.646592021,1.656900000,0.046800000,0.007200000
sample,fixed_single,ordered4,1023,1023,206,383,2.271231890,2.287500000,0.083000000,0.024800000
sample,fixed_single,ordered4_fixed_diagnostic,1023,1023,206,383,2.246655941,2.268600000,0.056300000,0.000000000
sample,fixed_single,ordered4,1023,1023,207,383,2.268160105,2.281600000,0.074200000,0.026500000
sample,fixed_single,original,1023,1023,207,383,1.687551975,1.706400000,0.095700000,0.035600000
sample,fixed_single,ordered4_fixed_diagnostic,1023,1023,207,383,2.235392094,2.245800000,0.046200000,0.000000000
sample,fixed_single,original,1023,1023,208,383,1.648640037,1.658300000,0.050000000,0.008900000
sample,fixed_single,ordered4,1023,1023,208,383,2.265088081,2.275200000,0.063700000,0.020900000
sample,fixed_single,ordered4_fixed_diagnostic,1023,1023,208,383,2.235392094,2.245200000,0.041300000,0.000000000
sample,fixed_single,ordered4,1023,1023,209,383,2.259968042,2.274800000,0.073000000,0.016800000
sample,fixed_single,original,1023,1023,209,383,1.664000034,1.675100000,0.072800000,0.020800000
sample,fixed_single,ordered4_fixed_diagnostic,1023,1023,209,383,2.239487886,2.250100000,0.039400000,0.000000000
sample,fixed_single,original,1023,1023,210,383,1.646592021,1.658800000,0.072500000,0.007700000
sample,fixed_single,ordered4,1023,1023,210,383,2.254848003,2.264400000,0.049500000,0.009900000
sample,fixed_single,ordered4_fixed_diagnostic,1023,1023,210,383,2.234368086,2.244000000,0.041000000,0.000000000
sample,fixed_single,ordered4,1023,1023,211,383,2.241535902,2.251000000,0.046900000,0.006500000
sample,fixed_single,original,1023,1023,211,383,1.670143962,1.687500000,0.080100000,0.019100000
sample,fixed_single,ordered4_fixed_diagnostic,1023,1023,211,383,2.241535902,2.251300000,0.042300000,0.000000000
sample,fixed_single,original,1023,1023,212,383,1.646592021,1.655900000,0.047100000,0.008200000
sample,fixed_single,ordered4,1023,1023,212,383,2.256896019,2.265700000,0.053600000,0.014000000
sample,fixed_single,ordered4_fixed_diagnostic,1023,1023,212,383,2.246655941,2.258500000,0.036300000,0.000000000
sample,fixed_single,ordered4,1023,1023,213,383,2.244544029,2.252400000,0.065200000,0.010700000
sample,fixed_single,original,1023,1023,213,383,1.646592021,1.655400000,0.064100000,0.010300000
sample,fixed_single,ordered4_fixed_diagnostic,1023,1023,213,383,2.237440109,2.249400000,0.035000000,0.000000000
sample,fixed_single,original,1023,1023,214,383,1.670143962,1.691900000,0.073200000,0.022700000
sample,fixed_single,ordered4,1023,1023,214,383,2.379776001,2.406800000,0.419200000,0.066700000
sample,fixed_single,ordered4_fixed_diagnostic,1023,1023,214,383,2.245631933,2.267500000,0.051300000,0.000000000
sample,fixed_single,ordered4,1023,1023,215,383,2.319360018,2.336100000,0.138000000,0.064900000
sample,fixed_single,original,1023,1023,215,383,1.686527967,1.701700000,0.101900000,0.039300000
sample,fixed_single,ordered4_fixed_diagnostic,1023,1023,215,383,2.240511894,2.250600000,0.046000000,0.000000000
sample,fixed_single,original,1023,1023,216,383,1.648640037,1.660300000,0.052000000,0.008800000
sample,fixed_single,ordered4,1023,1023,216,383,2.267136097,2.282100000,0.073600000,0.026600000
sample,fixed_single,ordered4_fixed_diagnostic,1023,1023,216,383,2.249727964,2.273400000,0.054900000,0.000000000
sample,fixed_single,ordered4,1023,1023,217,383,2.272255898,2.285900000,0.099900000,0.018400000
sample,fixed_single,original,1023,1023,217,383,1.675264001,1.686500000,0.083900000,0.021600000
sample,fixed_single,ordered4_fixed_diagnostic,1023,1023,217,383,2.235392094,2.247700000,0.047100000,0.000000000
sample,fixed_single,original,1023,1023,218,383,1.657855988,1.669200000,0.065800000,0.011800000
sample,fixed_single,ordered4,1023,1023,218,383,2.253823996,2.265400000,0.060600000,0.011100000
sample,fixed_single,ordered4_fixed_diagnostic,1023,1023,218,383,2.238464117,2.252300000,0.043900000,0.000000000
sample,fixed_single,ordered4,1023,1023,219,383,2.257920027,2.279100000,0.064300000,0.015400000
sample,fixed_single,original,1023,1023,219,383,1.667072058,1.677100000,0.067200000,0.013700000
sample,fixed_single,ordered4_fixed_diagnostic,1023,1023,219,383,2.237440109,2.251100000,0.044300000,0.000000000
sample,fixed_single,original,1023,1023,220,383,1.664800048,1.675400000,0.067000000,0.013600000
sample,fixed_single,ordered4,1023,1023,220,383,2.252799988,2.264300000,0.060000000,0.013100000
sample,fixed_single,ordered4_fixed_diagnostic,1023,1023,220,383,2.248703957,2.278400000,0.052400000,0.000000000
sample,fixed_single,ordered4,1023,1023,221,383,2.283519983,2.301800000,0.081400000,0.023200000
sample,fixed_single,original,1023,1023,221,383,1.667904019,1.679100000,0.075000000,0.023700000
sample,fixed_single,ordered4_fixed_diagnostic,1023,1023,221,383,2.243488073,2.273000000,0.059400000,0.000000000
sample,fixed_single,original,1023,1023,222,383,1.693696022,1.729600000,0.104400000,0.036900000
sample,fixed_single,ordered4,1023,1023,222,383,2.270207882,2.281200000,0.087100000,0.031100000
sample,fixed_single,ordered4_fixed_diagnostic,1023,1023,222,383,2.243583918,2.256700000,0.042500000,0.000000000
sample,fixed_single,ordered4,1023,1023,223,383,2.264064074,2.288300000,0.077100000,0.023900000
sample,fixed_single,original,1023,1023,223,383,1.674239993,1.686600000,0.080100000,0.026200000
sample,fixed_single,ordered4_fixed_diagnostic,1023,1023,223,383,2.237440109,2.252600000,0.044000000,0.000000000
sample,fixed_single,original,1023,1023,224,383,1.676288009,1.710100000,0.085900000,0.022000000
sample,fixed_single,ordered4,1023,1023,224,383,2.284543991,2.311800000,0.108000000,0.036200000
sample,fixed_single,ordered4_fixed_diagnostic,1023,1023,224,383,2.245631933,2.263000000,0.041900000,0.000000000
sample,fixed_single,ordered4,1023,1023,225,383,2.265984058,2.276700000,0.065000000,0.018500000
sample,fixed_single,original,1023,1023,225,383,1.684479952,1.699600000,0.095300000,0.036200000
sample,fixed_single,ordered4_fixed_diagnostic,1023,1023,225,383,2.237440109,2.250400000,0.046100000,0.000000000
sample,fixed_single,original,1023,1023,226,383,1.657855988,1.672400000,0.052500000,0.012200000
sample,fixed_single,ordered4,1023,1023,226,383,2.268160105,2.295600000,0.070300000,0.021900000
sample,fixed_single,ordered4_fixed_diagnostic,1023,1023,226,383,2.262016058,2.286900000,0.064500000,0.000000000
sample,fixed_single,ordered4,1023,1023,227,383,2.262016058,2.273800000,0.064300000,0.022800000
sample,fixed_single,original,1023,1023,227,383,1.662976027,1.673700000,0.066600000,0.020800000
sample,fixed_single,ordered4_fixed_diagnostic,1023,1023,227,383,2.236416101,2.250800000,0.038300000,0.000000000
sample,fixed_single,original,1023,1023,228,383,1.693696022,1.741900000,0.100700000,0.034300000
sample,fixed_single,ordered4,1023,1023,228,383,2.283519983,2.313000000,0.102700000,0.036500000
sample,fixed_single,ordered4_fixed_diagnostic,1023,1023,228,383,2.248703957,2.265200000,0.079900000,0.000000000
sample,fixed_single,ordered4,1023,1023,229,383,2.260992050,2.273700000,0.059000000,0.022100000
sample,fixed_single,original,1023,1023,229,383,1.684479952,1.702100000,0.097400000,0.035600000
sample,fixed_single,ordered4_fixed_diagnostic,1023,1023,229,383,2.244607925,2.273800000,0.062700000,0.000000000
sample,fixed_single,original,1023,1023,230,383,1.679296017,1.710800000,0.079200000,0.028300000
sample,fixed_single,ordered4,1023,1023,230,383,2.259968042,2.270700000,0.078100000,0.018100000
sample,fixed_single,ordered4_fixed_diagnostic,1023,1023,230,383,2.246560097,2.258300000,0.046300000,0.000000000
sample,fixed_single,ordered4,1023,1023,231,383,2.268160105,2.286200000,0.069600000,0.017100000
sample,fixed_single,original,1023,1023,231,383,1.661952019,1.670800000,0.058500000,0.017300000
sample,fixed_single,ordered4_fixed_diagnostic,1023,1023,231,383,2.239487886,2.251300000,0.035500000,0.000000000
sample,fixed_single,original,1023,1023,232,383,1.651711941,1.661500000,0.051600000,0.011000000
sample,fixed_single,ordered4,1023,1023,232,383,2.249727964,2.260500000,0.047900000,0.009500000
sample,fixed_single,ordered4_fixed_diagnostic,1023,1023,232,383,2.242559910,2.257100000,0.042700000,0.000000000
sample,fixed_single,ordered4,1023,1023,233,383,2.245631933,2.255400000,0.049700000,0.009800000
sample,fixed_single,original,1023,1023,233,383,1.659904003,1.673500000,0.059800000,0.012300000
sample,fixed_single,ordered4_fixed_diagnostic,1023,1023,233,383,2.235392094,2.248100000,0.041000000,0.000000000
sample,fixed_single,original,1023,1023,234,383,1.646592021,1.655400000,0.047300000,0.006700000
sample,fixed_single,ordered4,1023,1023,234,383,2.246655941,2.259500000,0.051400000,0.010900000
sample,fixed_single,ordered4_fixed_diagnostic,1023,1023,234,383,2.243583918,2.270200000,0.055400000,0.000000000
sample,fixed_single,ordered4,1023,1023,235,383,2.259968042,2.284600000,0.066100000,0.019400000
sample,fixed_single,original,1023,1023,235,383,1.682432055,1.695100000,0.100100000,0.034200000
sample,fixed_single,ordered4_fixed_diagnostic,1023,1023,235,383,2.235392094,2.245800000,0.042100000,0.000000000
sample,fixed_single,original,1023,1023,236,383,1.649664044,1.660300000,0.046400000,0.008600000
sample,fixed_single,ordered4,1023,1023,236,383,2.245631933,2.255400000,0.048200000,0.009100000
sample,fixed_single,ordered4_fixed_diagnostic,1023,1023,236,383,2.237440109,2.247700000,0.039400000,0.000000000
sample,fixed_single,ordered4,1023,1023,237,383,2.266112089,2.279200000,0.076800000,0.015100000
sample,fixed_single,original,1023,1023,237,383,1.652735949,1.663500000,0.051600000,0.010100000
sample,fixed_single,ordered4_fixed_diagnostic,1023,1023,237,383,2.242559910,2.252300000,0.038900000,0.000000000
sample,fixed_single,original,1023,1023,238,383,1.645568013,1.655500000,0.044100000,0.006300000
sample,fixed_single,ordered4,1023,1023,238,383,2.241535902,2.250600000,0.044900000,0.007200000
sample,fixed_single,ordered4_fixed_diagnostic,1023,1023,238,383,2.234368086,2.245100000,0.036700000,0.000000000
sample,fixed_single,ordered4,1023,1023,239,383,2.240511894,2.249300000,0.042200000,0.006100000
sample,fixed_single,original,1023,1023,239,383,1.644544005,1.655700000,0.046100000,0.007300000
sample,fixed_single,ordered4_fixed_diagnostic,1023,1023,239,383,2.252799988,2.281600000,0.062900000,0.000000000
sample,fixed_single,original,1023,1023,240,383,1.662976027,1.681100000,0.069600000,0.017400000
sample,fixed_single,ordered4,1023,1023,240,383,2.245631933,2.256700000,0.072100000,0.010700000
sample,fixed_single,ordered4_fixed_diagnostic,1023,1023,240,383,2.242559910,2.251600000,0.038200000,0.000000000
sample,fixed_single,ordered4,1023,1023,241,383,2.240511894,2.250000000,0.045000000,0.006400000
sample,fixed_single,original,1023,1023,241,383,1.648640037,1.657800000,0.048900000,0.007700000
sample,fixed_single,ordered4_fixed_diagnostic,1023,1023,241,383,2.231296062,2.240000000,0.037500000,0.000000000
sample,fixed_single,original,1023,1023,242,383,1.644479990,1.652700000,0.038300000,0.005800000
sample,fixed_single,ordered4,1023,1023,242,383,2.254848003,2.275600000,0.060700000,0.014100000
sample,fixed_single,ordered4_fixed_diagnostic,1023,1023,242,383,2.295680046,2.357100000,0.258400000,0.000000000
sample,fixed_single,ordered4,1023,1023,243,383,2.242559910,2.251100000,0.043000000,0.010400000
sample,fixed_single,original,1023,1023,243,383,1.673215985,1.686400000,0.057700000,0.015800000
sample,fixed_single,ordered4_fixed_diagnostic,1023,1023,243,383,2.233344078,2.243600000,0.040700000,0.000000000
sample,fixed_single,original,1023,1023,244,383,1.646592021,1.656900000,0.045600000,0.006600000
sample,fixed_single,ordered4,1023,1023,244,383,2.257920027,2.274800000,0.058800000,0.014100000
sample,fixed_single,ordered4_fixed_diagnostic,1023,1023,244,383,2.238464117,2.247700000,0.040200000,0.000000000
sample,fixed_single,ordered4,1023,1023,245,383,2.263040066,2.277500000,0.057200000,0.012000000
sample,fixed_single,original,1023,1023,245,383,1.654688001,1.667100000,0.049300000,0.011700000
sample,fixed_single,ordered4_fixed_diagnostic,1023,1023,245,383,2.239487886,2.248400000,0.033400000,0.000000000
sample,fixed_single,original,1023,1023,246,383,1.642495990,1.650500000,0.040000000,0.006000000
sample,fixed_single,ordered4,1023,1023,246,383,2.254688025,2.267300000,0.049100000,0.008400000
sample,fixed_single,ordered4_fixed_diagnostic,1023,1023,246,383,2.240511894,2.249600000,0.032800000,0.000000000
sample,fixed_single,ordered4,1023,1023,247,383,2.242559910,2.252900000,0.037600000,0.006000000
sample,fixed_single,original,1023,1023,247,383,1.680384040,1.711400000,0.083800000,0.023900000
sample,fixed_single,ordered4_fixed_diagnostic,1023,1023,247,383,2.249727964,2.266300000,0.063500000,0.000000000
sample,fixed_single,original,1023,1023,248,383,1.661952019,1.678100000,0.084200000,0.016600000
sample,fixed_single,ordered4,1023,1023,248,383,2.289664030,2.310500000,0.105800000,0.042200000
sample,fixed_single,ordered4_fixed_diagnostic,1023,1023,248,383,2.238464117,2.249200000,0.045500000,0.000000000
sample,fixed_single,ordered4,1023,1023,249,383,2.250751972,2.263700000,0.052100000,0.008400000
sample,fixed_single,original,1023,1023,249,383,1.677312016,1.697300000,0.085600000,0.025900000
sample,fixed_single,ordered4_fixed_diagnostic,1023,1023,249,383,2.236416101,2.250300000,0.045600000,0.000000000
sample,fixed_single,original,1023,1023,250,383,1.703935981,1.744300000,0.127900000,0.034400000
sample,fixed_single,ordered4,1023,1023,250,383,2.271231890,2.290500000,0.075700000,0.027200000
sample,fixed_single,ordered4_fixed_diagnostic,1023,1023,250,383,2.238464117,2.249200000,0.043500000,0.000000000
sample,fixed_single,ordered4,1023,1023,251,383,2.248703957,2.261200000,0.057200000,0.011300000
sample,fixed_single,original,1023,1023,251,383,1.676288009,1.686400000,0.083300000,0.030700000
sample,fixed_single,ordered4_fixed_diagnostic,1023,1023,251,383,2.235392094,2.245400000,0.039600000,0.000000000
sample,fixed_single,original,1023,1023,252,383,1.656831980,1.671200000,0.055100000,0.009900000
sample,fixed_single,ordered4,1023,1023,252,383,2.245631933,2.260000000,0.055300000,0.009800000
sample,fixed_single,ordered4_fixed_diagnostic,1023,1023,252,383,2.246655941,2.259100000,0.040300000,0.000000000
sample,fixed_single,ordered4,1023,1023,253,383,2.243583918,2.253400000,0.050400000,0.008500000
sample,fixed_single,original,1023,1023,253,383,1.651711941,1.661800000,0.072500000,0.011400000
sample,fixed_single,ordered4_fixed_diagnostic,1023,1023,253,383,2.235392094,2.243800000,0.040500000,0.000000000
sample,fixed_single,original,1023,1023,254,383,1.644351959,1.654000000,0.039400000,0.006500000
sample,fixed_single,ordered4,1023,1023,254,383,2.253823996,2.270900000,0.054700000,0.014100000
sample,fixed_single,ordered4_fixed_diagnostic,1023,1023,254,383,2.248703957,2.262700000,0.046600000,0.000000000
sample,fixed_single,ordered4,1023,1023,255,383,2.265088081,2.280600000,0.064600000,0.015400000
sample,fixed_single,original,1023,1023,255,383,1.660928011,1.672100000,0.061500000,0.017900000
sample,fixed_single,ordered4_fixed_diagnostic,1023,1023,255,383,2.237247944,2.248000000,0.036900000,0.000000000
sample,fixed_batch16,original,1023,1023,0,383,1.638463974,1.641418750,0.032900000,0.000000000
sample,fixed_batch16,ordered4,1023,1023,0,383,2.236288071,2.239881250,0.043737500,0.000000000
sample,fixed_batch16,ordered4,1023,1023,1,383,2.237056017,2.241331250,0.057343750,0.000000000
sample,fixed_batch16,original,1023,1023,1,383,1.639871955,1.642937500,0.042675000,0.000000000
sample,fixed_batch16,original,1023,1023,2,383,1.637184024,1.638556250,0.030625000,0.000000000
sample,fixed_batch16,ordered4,1023,1023,2,383,2.236288071,2.238543750,0.030587500,0.000000000
sample,fixed_batch16,ordered4,1023,1023,3,383,2.236160040,2.238368750,0.037187500,0.000000000
sample,fixed_batch16,original,1023,1023,3,383,1.638975978,1.640687500,0.036050000,0.000000000
sample,fixed_batch16,original,1023,1023,4,383,1.637632012,1.639243750,0.030143750,0.000000000
sample,fixed_batch16,ordered4,1023,1023,4,383,2.237567902,2.240318750,0.041893750,0.000000000
sample,fixed_batch16,ordered4,1023,1023,5,383,2.235712051,2.237743750,0.036243750,0.000000000
sample,fixed_batch16,original,1023,1023,5,383,1.637567997,1.639343750,0.030275000,0.000000000
sample,fixed_batch16,original,1023,1023,6,383,1.639487982,1.642556250,0.041731250,0.000000000
sample,fixed_batch16,ordered4,1023,1023,6,383,2.235840082,2.237468750,0.035968750,0.000000000
sample,fixed_batch16,ordered4,1023,1023,7,383,2.236736059,2.240937500,0.070587500,0.000000000
sample,fixed_batch16,original,1023,1023,7,383,1.639616013,1.642818750,0.040981250,0.000000000
sample,fixed_batch16,original,1023,1023,8,383,1.640064001,1.642775000,0.040181250,0.000000000
sample,fixed_batch16,ordered4,1023,1023,8,383,2.234175920,2.236643750,0.033562500,0.000000000
sample,fixed_batch16,ordered4,1023,1023,9,383,2.236927986,2.240318750,0.042681250,0.000000000
sample,fixed_batch16,original,1023,1023,9,383,1.638335943,1.640862500,0.032500000,0.000000000
sample,fixed_batch16,original,1023,1023,10,383,1.640383959,1.643481250,0.045050000,0.000000000
sample,fixed_batch16,ordered4,1023,1023,10,383,2.235840082,2.238543750,0.043950000,0.000000000
sample,fixed_batch16,ordered4,1023,1023,11,383,2.236288071,2.239806250,0.049862500,0.000000000
sample,fixed_batch16,original,1023,1023,11,383,1.639744043,1.642481250,0.039650000,0.000000000
sample,fixed_batch16,original,1023,1023,12,383,1.639744043,1.642743750,0.039525000,0.000000000
sample,fixed_batch16,ordered4,1023,1023,12,383,2.236032009,2.239100000,0.040975000,0.000000000
sample,fixed_batch16,ordered4,1023,1023,13,383,2.235903978,2.239181250,0.043418750,0.000000000
sample,fixed_batch16,original,1023,1023,13,383,1.639935970,1.643431250,0.041800000,0.000000000
sample,fixed_batch16,original,1023,1023,14,383,1.640895963,1.644068750,0.054462500,0.000000000
sample,fixed_batch16,ordered4,1023,1023,14,383,2.235130072,2.237250000,0.032450000,0.000000000
sample,fixed_batch16,ordered4,1023,1023,15,383,2.236223936,2.239156250,0.041375000,0.000000000
sample,fixed_batch16,original,1023,1023,15,383,1.638527989,1.640475000,0.034556250,0.000000000
sample,fixed_batch16,original,1023,1023,16,383,1.636924028,1.638231250,0.028762500,0.000000000
sample,fixed_batch16,ordered4,1023,1023,16,383,2.236351967,2.238856250,0.041881250,0.000000000
sample,fixed_batch16,ordered4,1023,1023,17,383,2.237247944,2.240475000,0.040550000,0.000000000
sample,fixed_batch16,original,1023,1023,17,383,1.639168024,1.642106250,0.038193750,0.000000000
sample,fixed_batch16,original,1023,1023,18,383,1.639168024,1.641612500,0.032943750,0.000000000
sample,fixed_batch16,ordered4,1023,1023,18,383,2.235712051,2.237431250,0.120712500,0.000000000
sample,fixed_batch16,ordered4,1023,1023,19,383,2.235903978,2.238500000,0.039325000,0.000000000
sample,fixed_batch16,original,1023,1023,19,383,1.638013959,1.639600000,0.030768750,0.000000000
sample,fixed_batch16,original,1023,1023,20,383,1.637824059,1.639368750,0.030268750,0.000000000
sample,fixed_batch16,ordered4,1023,1023,20,383,2.235392094,2.237175000,0.036556250,0.000000000
sample,fixed_batch16,ordered4,1023,1023,21,383,2.237504005,2.241050000,0.053237500,0.000000000
sample,fixed_batch16,original,1023,1023,21,383,1.640192032,1.643131250,0.041787500,0.000000000
sample,fixed_batch16,original,1023,1023,22,383,1.638335943,1.640837500,0.037025000,0.000000000
sample,fixed_batch16,ordered4,1023,1023,22,383,2.237184048,2.239937500,0.038293750,0.000000000
sample,fixed_batch16,ordered4,1023,1023,23,383,2.234175920,2.236243750,0.035318750,0.000000000
sample,fixed_batch16,original,1023,1023,23,383,1.639104009,1.641493750,0.036787500,0.000000000
sample,fixed_batch16,original,1023,1023,24,383,1.638080001,1.639656250,0.029881250,0.000000000
sample,fixed_batch16,ordered4,1023,1023,24,383,2.235968113,2.237668750,0.035968750,0.000000000
sample,fixed_batch16,ordered4,1023,1023,25,383,2.232127905,2.233750000,0.029137500,0.000000000
sample,fixed_batch16,original,1023,1023,25,383,1.640383959,1.644268750,0.042637500,0.000000000
sample,fixed_batch16,original,1023,1023,26,383,1.640768051,1.644500000,0.040525000,0.000000000
sample,fixed_batch16,ordered4,1023,1023,26,383,2.235071898,2.238331250,0.039375000,0.000000000
sample,fixed_batch16,ordered4,1023,1023,27,383,2.236799955,2.239906250,0.041668750,0.000000000
sample,fixed_batch16,original,1023,1023,27,383,1.638847947,1.640406250,0.035618750,0.000000000
sample,fixed_batch16,original,1023,1023,28,383,1.639871955,1.642268750,0.037718750,0.000000000
sample,fixed_batch16,ordered4,1023,1023,28,383,2.235712051,2.237937500,0.036287500,0.000000000
sample,fixed_batch16,ordered4,1023,1023,29,383,2.234816074,2.236200000,0.029181250,0.000000000
sample,fixed_batch16,original,1023,1023,29,383,1.637503982,1.639456250,0.029875000,0.000000000
sample,fixed_batch16,original,1023,1023,30,383,1.640447974,1.643343750,0.041881250,0.000000000
sample,fixed_batch16,ordered4,1023,1023,30,383,2.234560013,2.238856250,0.040243750,0.000000000
sample,fixed_batch16,ordered4,1023,1023,31,383,2.235136032,2.237943750,0.042350000,0.000000000
sample,fixed_batch16,original,1023,1023,31,383,1.638013959,1.640287500,0.031162500,0.000000000
sample,fixed_batch16,original,1023,1023,32,383,1.640192032,1.642956250,0.039787500,0.000000000
sample,fixed_batch16,ordered4,1023,1023,32,383,2.234879971,2.236300000,0.030400000,0.000000000
sample,fixed_batch16,ordered4,1023,1023,33,383,2.238336086,2.242056250,0.051681250,0.000000000
sample,fixed_batch16,original,1023,1023,33,383,1.638335943,1.640862500,0.031868750,0.000000000
sample,fixed_batch16,original,1023,1023,34,383,1.641535997,1.644893750,0.043362500,0.000000000
sample,fixed_batch16,ordered4,1023,1023,34,383,2.237312078,2.241281250,0.040406250,0.000000000
sample,fixed_batch16,ordered4,1023,1023,35,383,2.237760067,2.241462500,0.043093750,0.000000000
sample,fixed_batch16,original,1023,1023,35,383,1.639935970,1.643268750,0.045093750,0.000000000
sample,fixed_batch16,original,1023,1023,36,383,1.638399959,1.640287500,0.030875000,0.000000000
sample,fixed_batch16,ordered4,1023,1023,36,383,2.235264063,2.237681250,0.031168750,0.000000000
sample,fixed_batch16,ordered4,1023,1023,37,383,2.235519886,2.239018750,0.040506250,0.000000000
sample,fixed_batch16,original,1023,1023,37,383,1.639551997,1.643100000,0.038431250,0.000000000
sample,fixed_batch16,original,1023,1023,38,383,1.639744043,1.643331250,0.041287500,0.000000000
sample,fixed_batch16,ordered4,1023,1023,38,383,2.236223936,2.239543750,0.040850000,0.000000000
sample,fixed_batch16,ordered4,1023,1023,39,383,2.235840082,2.239225000,0.041406250,0.000000000
sample,fixed_batch16,original,1023,1023,39,383,1.640383959,1.643725000,0.040831250,0.000000000
sample,fixed_batch16,original,1023,1023,40,383,1.639487982,1.642868750,0.040750000,0.000000000
sample,fixed_batch16,ordered4,1023,1023,40,383,2.235455990,2.238931250,0.040100000,0.000000000
sample,fixed_batch16,ordered4,1023,1023,41,383,2.237312078,2.241487500,0.056056250,0.000000000
sample,fixed_batch16,original,1023,1023,41,383,1.639296055,1.642068750,0.037350000,0.000000000
sample,fixed_batch16,original,1023,1023,42,383,1.639871955,1.643075000,0.051793750,0.000000000
sample,fixed_batch16,ordered4,1023,1023,42,383,2.236927986,2.239612500,0.035775000,0.000000000
sample,fixed_batch16,ordered4,1023,1023,43,383,2.236799955,2.240318750,0.042018750,0.000000000
sample,fixed_batch16,original,1023,1023,43,383,1.639423966,1.642068750,0.040075000,0.000000000
sample,fixed_batch16,original,1023,1023,44,383,1.637567997,1.638900000,0.030650000,0.000000000
sample,fixed_batch16,ordered4,1023,1023,44,383,2.235903978,2.238406250,0.035887500,0.000000000
sample,fixed_batch16,ordered4,1023,1023,45,383,2.233855963,2.236562500,0.036806250,0.000000000
sample,fixed_batch16,original,1023,1023,45,383,1.638975978,1.641275000,0.037168750,0.000000000
sample,fixed_batch16,original,1023,1023,46,383,1.638327956,1.640825000,0.030212500,0.000000000
sample,fixed_batch16,ordered4,1023,1023,46,383,2.235903978,2.239243750,0.040125000,0.000000000
sample,fixed_batch16,ordered4,1023,1023,47,383,2.237119913,2.240300000,0.040368750,0.000000000
sample,fixed_batch16,original,1023,1023,47,383,1.639551997,1.642737500,0.041062500,0.000000000
sample,fixed_batch16,original,1023,1023,48,383,1.639232039,1.641881250,0.040100000,0.000000000
sample,fixed_batch16,ordered4,1023,1023,48,383,2.236543894,2.239356250,0.039356250,0.000000000
sample,fixed_batch16,ordered4,1023,1023,49,383,2.235008001,2.236668750,0.033393750,0.000000000
sample,fixed_batch16,original,1023,1023,49,383,1.639680028,1.641493750,0.039225000,0.000000000
sample,advancing_forward,original,128,128,0,284,1.057760000,1.065000000,0.041000000,0.008100000
sample,advancing_forward,original,128,129,0,257,1.063935995,1.071300000,0.040600000,0.008200000
sample,advancing_forward,original,128,130,0,614,1.064960003,1.073100000,0.040700000,0.008300000
sample,advancing_forward,original,128,131,0,878,1.063840032,1.070800000,0.040200000,0.008200000
sample,advancing_forward,original,128,132,0,289,1.063935995,1.072300000,0.041300000,0.008300000
sample,advancing_forward,original,128,133,0,19775,1.069056034,1.076600000,0.040400000,0.008000000
sample,advancing_forward,original,128,134,0,656,1.070080042,1.079000000,0.046800000,0.008200000
sample,advancing_forward,original,128,135,0,39599,1.079295993,1.093900000,0.054700000,0.016800000
sample,advancing_forward,original,128,136,0,1122,1.081248045,1.094300000,0.056100000,0.014100000
sample,advancing_forward,original,128,137,0,291,1.184767962,1.215200000,0.346000000,0.073900000
sample,advancing_forward,original,128,138,0,37346,1.072128057,1.079900000,0.039700000,0.008200000
sample,advancing_forward,original,128,139,0,764,1.069056034,1.075800000,0.040300000,0.008400000
sample,advancing_forward,original,128,140,0,8074,1.073151946,1.081200000,0.044400000,0.009400000
sample,advancing_forward,original,128,141,0,20272,1.078271985,1.086100000,0.039800000,0.008400000
sample,advancing_forward,original,128,142,0,9106,1.078271985,1.086800000,0.043800000,0.008200000
sample,advancing_forward,original,128,143,0,3876,1.071104050,1.080000000,0.045300000,0.008400000
sample,advancing_forward,ordered4,128,128,0,284,1.131520033,1.140900000,0.048900000,0.008200000
sample,advancing_forward,ordered4,128,129,0,257,1.136639953,1.145800000,0.050200000,0.008000000
sample,advancing_forward,ordered4,128,130,0,614,1.139711976,1.150900000,0.046600000,0.008300000
sample,advancing_forward,ordered4,128,131,0,878,1.169407964,1.188900000,0.092500000,0.028500000
sample,advancing_forward,ordered4,128,132,0,289,1.151999950,1.167000000,0.061600000,0.014000000
sample,advancing_forward,ordered4,128,133,0,19775,1.141759992,1.151400000,0.051600000,0.008500000
sample,advancing_forward,ordered4,128,134,0,656,1.145856023,1.155300000,0.047000000,0.008300000
sample,advancing_forward,ordered4,128,135,0,39599,1.145856023,1.154800000,0.049900000,0.008700000
sample,advancing_forward,ordered4,128,136,0,1122,1.143808007,1.153600000,0.050900000,0.009000000
sample,advancing_forward,ordered4,128,137,0,291,1.160192013,1.176200000,0.065500000,0.013600000
sample,advancing_forward,ordered4,128,138,0,37346,1.148928046,1.158400000,0.047200000,0.008600000
sample,advancing_forward,ordered4,128,139,0,764,1.147904038,1.157500000,0.046800000,0.008500000
sample,advancing_forward,ordered4,128,140,0,8074,1.148928046,1.158400000,0.049100000,0.008100000
sample,advancing_forward,ordered4,128,141,0,20272,1.151999950,1.161600000,0.048500000,0.008200000
sample,advancing_forward,ordered4,128,142,0,9106,1.185791969,1.199900000,0.085000000,0.019300000
sample,advancing_forward,ordered4,128,143,0,3876,1.151999950,1.162000000,0.051200000,0.009300000
sample,advancing_forward,ordered4,128,128,1,284,1.141759992,1.153800000,0.052400000,0.012300000
sample,advancing_forward,ordered4,128,129,1,257,1.141759992,1.154500000,0.051200000,0.010200000
sample,advancing_forward,ordered4,128,130,1,614,1.140735984,1.150700000,0.047300000,0.008800000
sample,advancing_forward,ordered4,128,131,1,878,1.154047966,1.169600000,0.062200000,0.012500000
sample,advancing_forward,ordered4,128,132,1,289,1.140735984,1.152100000,0.051500000,0.009400000
sample,advancing_forward,ordered4,128,133,1,19775,1.141759992,1.151200000,0.048700000,0.008000000
sample,advancing_forward,ordered4,128,134,1,656,1.146880031,1.157600000,0.072100000,0.009900000
sample,advancing_forward,ordered4,128,135,1,39599,1.139711976,1.148300000,0.047700000,0.008400000
sample,advancing_forward,ordered4,128,136,1,1122,1.142783999,1.152600000,0.047700000,0.008200000
sample,advancing_forward,ordered4,128,137,1,291,1.150975943,1.159500000,0.045600000,0.008200000
sample,advancing_forward,ordered4,128,138,1,37346,1.160192013,1.171100000,0.051600000,0.011500000
sample,advancing_forward,ordered4,128,139,1,764,1.147711992,1.158300000,0.042600000,0.009300000
sample,advancing_forward,ordered4,128,140,1,8074,1.182719946,1.205400000,0.081100000,0.024000000
sample,advancing_forward,ordered4,128,141,1,20272,1.192960024,1.220300000,0.134800000,0.024200000
sample,advancing_forward,ordered4,128,142,1,9106,1.196032047,1.223800000,0.102100000,0.032100000
sample,advancing_forward,ordered4,128,143,1,3876,1.171455979,1.186700000,0.083900000,0.021500000
sample,advancing_forward,original,128,128,1,284,1.081344008,1.099200000,0.079300000,0.017600000
sample,advancing_forward,original,128,129,1,257,1.089535952,1.105300000,0.072400000,0.021300000
sample,advancing_forward,original,128,130,1,614,1.077247977,1.091700000,0.060800000,0.013200000
sample,advancing_forward,original,128,131,1,878,1.101791978,1.115700000,0.096400000,0.025000000
sample,advancing_forward,original,128,132,1,289,1.080320001,1.095900000,0.057300000,0.014300000
sample,advancing_forward,original,128,133,1,19775,1.100800037,1.123400000,0.077800000,0.021500000
sample,advancing_forward,original,128,134,1,656,1.082368016,1.095400000,0.081600000,0.015000000
sample,advancing_forward,original,128,135,1,39599,1.069056034,1.077400000,0.047700000,0.010600000
sample,advancing_forward,original,128,136,1,1122,1.070080042,1.077700000,0.041800000,0.008500000
sample,advancing_forward,original,128,137,1,291,1.072128057,1.081200000,0.050800000,0.009600000
sample,advancing_forward,original,128,138,1,37346,1.074112058,1.084600000,0.045800000,0.009000000
sample,advancing_forward,original,128,139,1,764,1.091423988,1.111800000,0.082800000,0.021400000
sample,advancing_forward,original,128,140,1,8074,1.074175954,1.081300000,0.062500000,0.009700000
sample,advancing_forward,original,128,141,1,20272,1.074175954,1.081700000,0.041000000,0.008300000
sample,advancing_forward,original,128,142,1,9106,1.079007983,1.085800000,0.043300000,0.008600000
sample,advancing_forward,original,128,143,1,3876,1.083392024,1.095700000,0.060300000,0.015200000
sample,advancing_forward,original,128,128,2,284,1.059839964,1.068300000,0.050900000,0.009400000
sample,advancing_forward,original,128,129,2,257,1.064960003,1.073600000,0.041300000,0.008700000
sample,advancing_forward,original,128,130,2,614,1.071007967,1.082200000,0.051800000,0.012100000
sample,advancing_forward,original,128,131,2,878,1.094655991,1.114200000,0.084900000,0.026800000
sample,advancing_forward,original,128,132,2,289,1.080320001,1.091000000,0.058200000,0.016000000
sample,advancing_forward,original,128,133,2,19775,1.069056034,1.079000000,0.041600000,0.008400000
sample,advancing_forward,original,128,134,2,656,1.085440040,1.100200000,0.063000000,0.014500000
sample,advancing_forward,original,128,135,2,39599,1.069056034,1.079000000,0.049900000,0.009200000
sample,advancing_forward,original,128,136,2,1122,1.071104050,1.084100000,0.052800000,0.009800000
sample,advancing_forward,original,128,137,2,291,1.105919957,1.130800000,0.082200000,0.026300000
sample,advancing_forward,original,128,138,2,37346,1.095679998,1.110700000,0.073700000,0.022400000
sample,advancing_forward,original,128,139,2,764,1.088511944,1.103100000,0.068800000,0.019300000
sample,advancing_forward,original,128,140,2,8074,1.100703955,1.119700000,0.093500000,0.025500000
sample,advancing_forward,original,128,141,2,20272,1.107967973,1.128300000,0.085900000,0.027800000
sample,advancing_forward,original,128,142,2,9106,1.107807994,1.124300000,0.077800000,0.025700000
sample,advancing_forward,original,128,143,2,3876,1.092447996,1.105100000,0.069600000,0.020400000
sample,advancing_forward,ordered4,128,128,2,284,1.131520033,1.139200000,0.040900000,0.008200000
sample,advancing_forward,ordered4,128,129,2,257,1.137663960,1.145000000,0.041600000,0.008200000
sample,advancing_forward,ordered4,128,130,2,614,1.141759992,1.149300000,0.041300000,0.008300000
sample,advancing_forward,ordered4,128,131,2,878,1.137663960,1.147400000,0.045500000,0.008700000
sample,advancing_forward,ordered4,128,132,2,289,1.141759992,1.152600000,0.051300000,0.010200000
sample,advancing_forward,ordered4,128,133,2,19775,1.143808007,1.156500000,0.050600000,0.009100000
sample,advancing_forward,ordered4,128,134,2,656,1.171455979,1.197300000,0.079100000,0.018900000
sample,advancing_forward,ordered4,128,135,2,39599,1.144832015,1.155600000,0.053600000,0.009500000
sample,advancing_forward,ordered4,128,136,2,1122,1.145856023,1.156200000,0.049900000,0.009200000
sample,advancing_forward,ordered4,128,137,2,291,1.147904038,1.158400000,0.050600000,0.008500000
sample,advancing_forward,ordered4,128,138,2,37346,1.154047966,1.164700000,0.077900000,0.009500000
sample,advancing_forward,ordered4,128,139,2,764,1.175552011,1.199300000,0.088300000,0.021300000
sample,advancing_forward,ordered4,128,140,2,8074,1.160192013,1.173300000,0.053500000,0.013800000
sample,advancing_forward,ordered4,128,141,2,20272,1.156095982,1.164700000,0.064500000,0.009000000
sample,advancing_forward,ordered4,128,142,2,9106,1.159168005,1.168700000,0.045200000,0.008300000
sample,advancing_forward,ordered4,128,143,2,3876,1.163264036,1.174100000,0.058900000,0.015500000
sample,advancing_forward,ordered4,128,128,3,284,1.143808007,1.156300000,0.055900000,0.014400000
sample,advancing_forward,ordered4,128,129,3,257,1.141759992,1.148800000,0.044500000,0.008500000
sample,advancing_forward,ordered4,128,130,3,614,1.145760059,1.152200000,0.044800000,0.008300000
sample,advancing_forward,ordered4,128,131,3,878,1.141759992,1.149000000,0.046100000,0.008200000
sample,advancing_forward,ordered4,128,132,3,289,1.143808007,1.151500000,0.044500000,0.008500000
sample,advancing_forward,ordered4,128,133,3,19775,1.149952054,1.161800000,0.049500000,0.011400000
sample,advancing_forward,ordered4,128,134,3,656,1.171455979,1.186900000,0.078500000,0.021900000
sample,advancing_forward,ordered4,128,135,3,39599,1.158048034,1.172400000,0.057700000,0.014900000
sample,advancing_forward,ordered4,128,136,3,1122,1.142783999,1.150900000,0.041900000,0.008900000
sample,advancing_forward,ordered4,128,137,3,291,1.147840023,1.154500000,0.041200000,0.008400000
sample,advancing_forward,ordered4,128,138,3,37346,1.149952054,1.158000000,0.058500000,0.008300000
sample,advancing_forward,ordered4,128,139,3,764,1.158143997,1.170900000,0.056700000,0.012500000
sample,advancing_forward,ordered4,128,140,3,8074,1.151999950,1.159700000,0.041900000,0.008700000
sample,advancing_forward,ordered4,128,141,3,20272,1.162240028,1.173200000,0.050800000,0.011700000
sample,advancing_forward,ordered4,128,142,3,9106,1.155071974,1.163700000,0.043200000,0.008500000
sample,advancing_forward,ordered4,128,143,3,3876,1.150975943,1.160700000,0.045100000,0.008200000
sample,advancing_forward,original,128,128,3,284,1.059839964,1.075300000,0.053300000,0.009800000
sample,advancing_forward,original,128,129,3,257,1.078271985,1.090200000,0.067100000,0.016600000
sample,advancing_forward,original,128,130,3,614,1.077247977,1.086700000,0.057400000,0.013200000
sample,advancing_forward,original,128,131,3,878,1.082368016,1.095500000,0.069300000,0.018900000
sample,advancing_forward,original,128,132,3,289,1.088511944,1.101700000,0.077700000,0.021000000
sample,advancing_forward,original,128,133,3,19775,1.072128057,1.082600000,0.069200000,0.011100000
sample,advancing_forward,original,128,134,3,656,1.099776030,1.120500000,0.084000000,0.021800000
sample,advancing_forward,original,128,135,3,39599,1.070080042,1.081000000,0.050100000,0.011900000
sample,advancing_forward,original,128,136,3,1122,1.070080042,1.078600000,0.045200000,0.009200000
sample,advancing_forward,original,128,137,3,291,1.093631983,1.114300000,0.106500000,0.023200000
sample,advancing_forward,original,128,138,3,37346,1.089504004,1.102700000,0.059600000,0.016000000
sample,advancing_forward,original,128,139,3,764,1.073151946,1.081100000,0.043900000,0.009500000
sample,advancing_forward,original,128,140,3,8074,1.071104050,1.079300000,0.041400000,0.008100000
sample,advancing_forward,original,128,141,3,20272,1.085216045,1.095500000,0.050300000,0.012000000
sample,advancing_forward,original,128,142,3,9106,1.083392024,1.095400000,0.046900000,0.010000000
sample,advancing_forward,original,128,143,3,3876,1.090559959,1.111500000,0.077800000,0.018800000
sample,advancing_forward,original,128,128,4,284,1.060863972,1.070900000,0.049300000,0.009000000
sample,advancing_forward,original,128,129,4,257,1.090559959,1.108300000,0.083400000,0.018800000
sample,advancing_forward,original,128,130,4,614,1.089535952,1.112700000,0.078400000,0.022100000
sample,advancing_forward,original,128,131,4,878,1.062911987,1.073900000,0.049200000,0.010200000
sample,advancing_forward,original,128,132,4,289,1.078271985,1.090500000,0.055400000,0.013400000
sample,advancing_forward,original,128,133,4,19775,1.067008018,1.075300000,0.077500000,0.008400000
sample,advancing_forward,original,128,134,4,656,1.093631983,1.103300000,0.075100000,0.021000000
sample,advancing_forward,original,128,135,4,39599,1.064960003,1.073800000,0.047300000,0.008400000
sample,advancing_forward,original,128,136,4,1122,1.068032026,1.077100000,0.047000000,0.008300000
sample,advancing_forward,original,128,137,4,291,1.072128057,1.080800000,0.047300000,0.008400000
sample,advancing_forward,original,128,138,4,37346,1.074175954,1.084100000,0.046000000,0.008700000
sample,advancing_forward,original,128,139,4,764,1.069056034,1.078900000,0.051600000,0.008200000
sample,advancing_forward,original,128,140,4,8074,1.072128057,1.082400000,0.047000000,0.008300000
sample,advancing_forward,original,128,141,4,20272,1.078271985,1.087300000,0.048700000,0.008300000
sample,advancing_forward,original,128,142,4,9106,1.078271985,1.088800000,0.046600000,0.008100000
sample,advancing_forward,original,128,143,4,3876,1.068032026,1.077900000,0.046800000,0.008000000
sample,advancing_forward,ordered4,128,128,4,284,1.179648042,1.219200000,0.110800000,0.042200000
sample,advancing_forward,ordered4,128,129,4,257,1.156095982,1.177900000,0.066800000,0.019600000
sample,advancing_forward,ordered4,128,130,4,614,1.140735984,1.152100000,0.052200000,0.009200000
sample,advancing_forward,ordered4,128,131,4,878,1.140735984,1.150700000,0.049000000,0.009300000
sample,advancing_forward,ordered4,128,132,4,289,1.138687968,1.149200000,0.048800000,0.009100000
sample,advancing_forward,ordered4,128,133,4,19775,1.141759992,1.151000000,0.049900000,0.008300000
sample,advancing_forward,ordered4,128,134,4,656,1.143808007,1.153000000,0.046900000,0.008600000
sample,advancing_forward,ordered4,128,135,4,39599,1.142783999,1.151900000,0.050700000,0.008300000
sample,advancing_forward,ordered4,128,136,4,1122,1.144832015,1.154000000,0.047100000,0.008600000
sample,advancing_forward,ordered4,128,137,4,291,1.146880031,1.156100000,0.047200000,0.008300000
sample,advancing_forward,ordered4,128,138,4,37346,1.149952054,1.159200000,0.046100000,0.008100000
sample,advancing_forward,ordered4,128,139,4,764,1.148928046,1.157600000,0.047700000,0.008500000
sample,advancing_forward,ordered4,128,140,4,8074,1.150975943,1.161900000,0.047000000,0.008300000
sample,advancing_forward,ordered4,128,141,4,20272,1.185791969,1.209300000,0.092700000,0.026500000
sample,advancing_forward,ordered4,128,142,4,9106,1.179648042,1.200700000,0.084300000,0.023400000
sample,advancing_forward,ordered4,128,143,4,3876,1.156095982,1.166800000,0.054000000,0.011400000
sample,advancing_forward,ordered4,128,128,5,284,1.151999950,1.166400000,0.061300000,0.018500000
sample,advancing_forward,ordered4,128,129,5,257,1.158143997,1.175700000,0.063400000,0.018100000
sample,advancing_forward,ordered4,128,130,5,614,1.141759992,1.151600000,0.065700000,0.009900000
sample,advancing_forward,ordered4,128,131,5,878,1.139711976,1.149200000,0.050800000,0.011100000
sample,advancing_forward,ordered4,128,132,5,289,1.140735984,1.153400000,0.050000000,0.010000000
sample,advancing_forward,ordered4,128,133,5,19775,1.161216021,1.177400000,0.067000000,0.018000000
sample,advancing_forward,ordered4,128,134,5,656,1.150975943,1.162200000,0.080500000,0.013600000
sample,advancing_forward,ordered4,128,135,5,39599,1.147904038,1.158400000,0.054500000,0.011800000
sample,advancing_forward,ordered4,128,136,5,1122,1.149952054,1.159300000,0.074900000,0.010700000
sample,advancing_forward,ordered4,128,137,5,291,1.149952054,1.162100000,0.052100000,0.010900000
sample,advancing_forward,ordered4,128,138,5,37346,1.163264036,1.175100000,0.065700000,0.014300000
sample,advancing_forward,ordered4,128,139,5,764,1.161216021,1.172800000,0.063900000,0.014700000
sample,advancing_forward,ordered4,128,140,5,8074,1.156095982,1.167200000,0.081000000,0.013100000
sample,advancing_forward,ordered4,128,141,5,20272,1.157119989,1.169600000,0.076000000,0.011500000
sample,advancing_forward,ordered4,128,142,5,9106,1.157119989,1.167800000,0.052700000,0.010000000
sample,advancing_forward,ordered4,128,143,5,3876,1.169407964,1.186000000,0.067800000,0.017500000
sample,advancing_forward,original,128,128,5,284,1.084416032,1.101900000,0.086500000,0.021200000
sample,advancing_forward,original,128,129,5,257,1.089535952,1.106500000,0.085600000,0.021200000
sample,advancing_forward,original,128,130,5,614,1.090559959,1.110100000,0.091400000,0.020400000
sample,advancing_forward,original,128,131,5,878,1.086464047,1.102400000,0.082900000,0.021700000
sample,advancing_forward,original,128,132,5,289,1.086464047,1.099800000,0.073500000,0.018000000
sample,advancing_forward,original,128,133,5,19775,1.091583967,1.107100000,0.080000000,0.019700000
sample,advancing_forward,original,128,134,5,656,1.087488055,1.107600000,0.108200000,0.019500000
sample,advancing_forward,original,128,135,5,39599,1.088511944,1.111000000,0.074300000,0.021600000
sample,advancing_forward,original,128,136,5,1122,1.079295993,1.091000000,0.066200000,0.012400000
sample,advancing_forward,original,128,137,5,291,1.079295993,1.094700000,0.068200000,0.013900000
sample,advancing_forward,original,128,138,5,37346,1.089535952,1.100400000,0.052600000,0.012500000
sample,advancing_forward,original,128,139,5,764,1.072128057,1.081500000,0.050400000,0.008600000
sample,advancing_forward,original,128,140,5,8074,1.071104050,1.081200000,0.048200000,0.008200000
sample,advancing_forward,original,128,141,5,20272,1.074175954,1.084700000,0.051500000,0.008500000
sample,advancing_forward,original,128,142,5,9106,1.088511944,1.102700000,0.057400000,0.011900000
sample,advancing_forward,original,128,143,5,3876,1.071104050,1.080000000,0.070200000,0.008900000
sample,advancing_forward,original,128,128,6,284,1.059839964,1.068900000,0.045600000,0.009500000
sample,advancing_forward,original,128,129,6,257,1.065984011,1.075300000,0.046500000,0.008700000
sample,advancing_forward,original,128,130,6,614,1.068032026,1.079000000,0.070400000,0.009400000
sample,advancing_forward,original,128,131,6,878,1.065984011,1.075200000,0.046700000,0.008400000
sample,advancing_forward,original,128,132,6,289,1.067008018,1.075600000,0.046700000,0.008400000
sample,advancing_forward,original,128,133,6,19775,1.083392024,1.097000000,0.060200000,0.012900000
sample,advancing_forward,original,128,134,6,656,1.071104050,1.081100000,0.047800000,0.008400000
sample,advancing_forward,original,128,135,6,39599,1.065984011,1.075300000,0.047800000,0.008300000
sample,advancing_forward,original,128,136,6,1122,1.068032026,1.077300000,0.047800000,0.008300000
sample,advancing_forward,original,128,137,6,291,1.072128057,1.081300000,0.047500000,0.008200000
sample,advancing_forward,original,128,138,6,37346,1.074175954,1.086700000,0.046400000,0.008600000
sample,advancing_forward,original,128,139,6,764,1.108991981,1.136800000,0.094300000,0.027400000
sample,advancing_forward,original,128,140,6,8074,1.085440040,1.099400000,0.059800000,0.012200000
sample,advancing_forward,original,128,141,6,20272,1.105823994,1.124900000,0.082300000,0.021200000
sample,advancing_forward,original,128,142,6,9106,1.080320001,1.090000000,0.050900000,0.008700000
sample,advancing_forward,original,128,143,6,3876,1.072128057,1.081300000,0.045600000,0.008000000
sample,advancing_forward,ordered4,128,128,6,284,1.130496025,1.140600000,0.047100000,0.008100000
sample,advancing_forward,ordered4,128,129,6,257,1.148928046,1.162500000,0.058100000,0.011400000
sample,advancing_forward,ordered4,128,130,6,614,1.158143997,1.173800000,0.067900000,0.022300000
sample,advancing_forward,ordered4,128,131,6,878,1.138687968,1.147700000,0.071100000,0.008400000
sample,advancing_forward,ordered4,128,132,6,289,1.139711976,1.148900000,0.050600000,0.008000000
sample,advancing_forward,ordered4,128,133,6,19775,1.140735984,1.149400000,0.050100000,0.008000000
sample,advancing_forward,ordered4,128,134,6,656,1.144832015,1.154800000,0.048100000,0.008600000
sample,advancing_forward,ordered4,128,135,6,39599,1.154047966,1.166900000,0.058000000,0.012200000
sample,advancing_forward,ordered4,128,136,6,1122,1.147904038,1.157300000,0.048000000,0.008500000
sample,advancing_forward,ordered4,128,137,6,291,1.145856023,1.155300000,0.047100000,0.008300000
sample,advancing_forward,ordered4,128,138,6,37346,1.148928046,1.158700000,0.049800000,0.008000000
sample,advancing_forward,ordered4,128,139,6,764,1.148928046,1.158700000,0.046400000,0.008100000
sample,advancing_forward,ordered4,128,140,6,8074,1.149952054,1.160100000,0.048100000,0.008400000
sample,advancing_forward,ordered4,128,141,6,20272,1.164288044,1.179000000,0.060300000,0.013900000
sample,advancing_forward,ordered4,128,142,6,9106,1.161216021,1.173100000,0.053200000,0.011200000
sample,advancing_forward,ordered4,128,143,6,3876,1.156095982,1.166000000,0.049600000,0.009400000
sample,advancing_forward,ordered4,128,128,7,284,1.131520033,1.141100000,0.047700000,0.008200000
sample,advancing_forward,ordered4,128,129,7,257,1.138687968,1.147700000,0.050000000,0.008200000
sample,advancing_forward,ordered4,128,130,7,614,1.148928046,1.162400000,0.054300000,0.012100000
sample,advancing_forward,ordered4,128,131,7,878,1.137663960,1.147600000,0.048600000,0.008400000
sample,advancing_forward,ordered4,128,132,7,289,1.143808007,1.155600000,0.053500000,0.011200000
sample,advancing_forward,ordered4,128,133,7,19775,1.141759992,1.149800000,0.044400000,0.008300000
sample,advancing_forward,ordered4,128,134,7,656,1.142783999,1.150900000,0.041200000,0.008000000
sample,advancing_forward,ordered4,128,135,7,39599,1.141695976,1.149000000,0.040700000,0.008000000
sample,advancing_forward,ordered4,128,136,7,1122,1.142783999,1.150600000,0.040800000,0.008000000
sample,advancing_forward,ordered4,128,137,7,291,1.159168005,1.170300000,0.050800000,0.012000000
sample,advancing_forward,ordered4,128,138,7,37346,1.149952054,1.157900000,0.059900000,0.008400000
sample,advancing_forward,ordered4,128,139,7,764,1.147904038,1.157800000,0.048600000,0.008400000
sample,advancing_forward,ordered4,128,140,7,8074,1.151999950,1.160500000,0.046000000,0.008200000
sample,advancing_forward,ordered4,128,141,7,20272,1.151999950,1.161200000,0.044800000,0.008300000
sample,advancing_forward,ordered4,128,142,7,9106,1.181696057,1.205100000,0.075300000,0.019700000
sample,advancing_forward,ordered4,128,143,7,3876,1.179648042,1.202500000,0.078400000,0.022800000
sample,advancing_forward,original,128,128,7,284,1.056767941,1.064800000,0.040400000,0.008300000
sample,advancing_forward,original,128,129,7,257,1.086464047,1.100200000,0.068800000,0.021500000
sample,advancing_forward,original,128,130,7,614,1.089472055,1.106500000,0.086600000,0.017700000
sample,advancing_forward,original,128,131,7,878,1.083295941,1.095500000,0.067600000,0.017900000
sample,advancing_forward,original,128,132,7,289,1.076223969,1.086200000,0.051200000,0.012000000
sample,advancing_forward,original,128,133,7,19775,1.071104050,1.081200000,0.067600000,0.008600000
sample,advancing_forward,original,128,134,7,656,1.082368016,1.094000000,0.102400000,0.016300000
sample,advancing_forward,original,128,135,7,39599,1.074175954,1.085300000,0.088100000,0.014800000
sample,advancing_forward,original,128,136,7,1122,1.067008018,1.076300000,0.049300000,0.008200000
sample,advancing_forward,original,128,137,7,291,1.073151946,1.083300000,0.049100000,0.009200000
sample,advancing_forward,original,128,138,7,37346,1.074175954,1.084400000,0.048100000,0.008600000
sample,advancing_forward,original,128,139,7,764,1.070080042,1.079300000,0.048800000,0.008100000
sample,advancing_forward,original,128,140,7,8074,1.080320001,1.092500000,0.080100000,0.012900000
sample,advancing_forward,original,128,141,7,20272,1.075199962,1.085500000,0.051200000,0.008600000
sample,advancing_forward,original,128,142,7,9106,1.077247977,1.086700000,0.046600000,0.008200000
sample,advancing_forward,original,128,143,7,3876,1.071104050,1.080200000,0.046800000,0.007900000
sample,advancing_forward,original,128,128,8,284,1.057791948,1.066400000,0.048400000,0.008400000
sample,advancing_forward,original,128,129,8,257,1.063935995,1.073800000,0.047300000,0.008200000
sample,advancing_forward,original,128,130,8,614,1.067008018,1.076300000,0.046200000,0.008100000
sample,advancing_forward,original,128,131,8,878,1.063935995,1.072400000,0.050700000,0.008500000
sample,advancing_forward,original,128,132,8,289,1.065984011,1.075900000,0.047300000,0.008200000
sample,advancing_forward,original,128,133,8,19775,1.087488055,1.104200000,0.067800000,0.015900000
sample,advancing_forward,original,128,134,8,656,1.074175954,1.085000000,0.050500000,0.009600000
sample,advancing_forward,original,128,135,8,39599,1.068032026,1.078700000,0.050500000,0.009700000
sample,advancing_forward,original,128,136,8,1122,1.069056034,1.080200000,0.051600000,0.010100000
sample,advancing_forward,original,128,137,8,291,1.073151946,1.083000000,0.048700000,0.009200000
sample,advancing_forward,original,128,138,8,37346,1.076223969,1.086600000,0.048600000,0.010100000
sample,advancing_forward,original,128,139,8,764,1.071104050,1.081200000,0.049200000,0.008300000
sample,advancing_forward,original,128,140,8,8074,1.076223969,1.087100000,0.050000000,0.009900000
sample,advancing_forward,original,128,141,8,20272,1.079295993,1.090000000,0.053400000,0.010400000
sample,advancing_forward,original,128,142,8,9106,1.086464047,1.097300000,0.054500000,0.013200000
sample,advancing_forward,original,128,143,8,3876,1.070080042,1.079400000,0.047400000,0.008500000
sample,advancing_forward,ordered4,128,128,8,284,1.131520033,1.141000000,0.045300000,0.008200000
sample,advancing_forward,ordered4,128,129,8,257,1.146880031,1.163200000,0.053100000,0.013100000
sample,advancing_forward,ordered4,128,130,8,614,1.138687968,1.146000000,0.047900000,0.008200000
sample,advancing_forward,ordered4,128,131,8,878,1.137663960,1.145400000,0.041900000,0.008200000
sample,advancing_forward,ordered4,128,132,8,289,1.139711976,1.147100000,0.041300000,0.008100000
sample,advancing_forward,ordered4,128,133,8,19775,1.139711976,1.146900000,0.040000000,0.008100000
sample,advancing_forward,ordered4,128,134,8,656,1.143808007,1.151800000,0.043400000,0.008000000
sample,advancing_forward,ordered4,128,135,8,39599,1.144703984,1.151900000,0.041200000,0.008100000
sample,advancing_forward,ordered4,128,136,8,1122,1.141759992,1.149700000,0.043000000,0.008000000
sample,advancing_forward,ordered4,128,137,8,291,1.146880031,1.154800000,0.040300000,0.008000000
sample,advancing_forward,ordered4,128,138,8,37346,1.150975943,1.158200000,0.042900000,0.008000000
sample,advancing_forward,ordered4,128,139,8,764,1.144832015,1.153000000,0.044300000,0.008000000
sample,advancing_forward,ordered4,128,140,8,8074,1.147904038,1.155100000,0.049200000,0.008100000
sample,advancing_forward,ordered4,128,141,8,20272,1.151999950,1.159900000,0.040300000,0.008000000
sample,advancing_forward,ordered4,128,142,8,9106,1.156095982,1.163400000,0.040800000,0.008000000
sample,advancing_forward,ordered4,128,143,8,3876,1.162207961,1.174000000,0.081800000,0.012100000
sample,advancing_forward,ordered4,128,128,9,284,1.132544041,1.142000000,0.049100000,0.008000000
sample,advancing_forward,ordered4,128,129,9,257,1.137663960,1.146400000,0.048700000,0.008100000
sample,advancing_forward,ordered4,128,130,9,614,1.137663960,1.147300000,0.049500000,0.008000000
sample,advancing_forward,ordered4,128,131,9,878,1.135615945,1.145800000,0.049000000,0.008100000
sample,advancing_forward,ordered4,128,132,9,289,1.138687968,1.148200000,0.047200000,0.008400000
sample,advancing_forward,ordered4,128,133,9,19775,1.141759992,1.150700000,0.046700000,0.008000000
sample,advancing_forward,ordered4,128,134,9,656,1.144832015,1.154500000,0.048100000,0.008000000
sample,advancing_forward,ordered4,128,135,9,39599,1.140735984,1.150200000,0.049700000,0.008000000
sample,advancing_forward,ordered4,128,136,9,1122,1.142783999,1.150600000,0.048300000,0.008000000
sample,advancing_forward,ordered4,128,137,9,291,1.146880031,1.154400000,0.042000000,0.007900000
sample,advancing_forward,ordered4,128,138,9,37346,1.149952054,1.158000000,0.041200000,0.007900000
sample,advancing_forward,ordered4,128,139,9,764,1.155040026,1.166000000,0.048000000,0.012000000
sample,advancing_forward,ordered4,128,140,9,8074,1.149888039,1.157400000,0.042100000,0.008300000
sample,advancing_forward,ordered4,128,141,9,20272,1.150975943,1.159100000,0.041700000,0.008100000
sample,advancing_forward,ordered4,128,142,9,9106,1.155071974,1.164900000,0.042000000,0.008500000
sample,advancing_forward,ordered4,128,143,9,3876,1.153023958,1.163200000,0.047500000,0.008000000
sample,advancing_forward,original,128,128,9,284,1.057791948,1.065500000,0.042600000,0.008100000
sample,advancing_forward,original,128,129,9,257,1.064960003,1.072200000,0.043200000,0.008100000
sample,advancing_forward,original,128,130,9,614,1.065984011,1.073200000,0.042700000,0.007800000
sample,advancing_forward,original,128,131,9,878,1.061887980,1.069700000,0.042800000,0.007900000
sample,advancing_forward,original,128,132,9,289,1.063935995,1.071500000,0.042900000,0.008200000
sample,advancing_forward,original,128,133,9,19775,1.069056034,1.076600000,0.042800000,0.008000000
sample,advancing_forward,original,128,134,9,656,1.073024035,1.080200000,0.042700000,0.008100000
sample,advancing_forward,original,128,135,9,39599,1.065984011,1.074100000,0.041600000,0.008100000
sample,advancing_forward,original,128,136,9,1122,1.089535952,1.102700000,0.063600000,0.019600000
sample,advancing_forward,original,128,137,9,291,1.071104050,1.079500000,0.045800000,0.008500000
sample,advancing_forward,original,128,138,9,37346,1.083392024,1.096200000,0.056800000,0.012800000
sample,advancing_forward,original,128,139,9,764,1.071104050,1.079200000,0.043600000,0.008500000
sample,advancing_forward,original,128,140,9,8074,1.071104050,1.079200000,0.043400000,0.008800000
sample,advancing_forward,original,128,141,9,20272,1.076223969,1.083600000,0.042800000,0.008300000
sample,advancing_forward,original,128,142,9,9106,1.078271985,1.085200000,0.042700000,0.007900000
sample,advancing_forward,original,128,143,9,3876,1.068032026,1.076300000,0.042200000,0.007900000
sample,advancing_forward,original,128,128,10,284,1.059839964,1.070000000,0.049800000,0.008700000
sample,advancing_forward,original,128,129,10,257,1.063935995,1.073100000,0.047800000,0.008100000
sample,advancing_forward,original,128,130,10,614,1.067008018,1.076500000,0.048000000,0.008000000
sample,advancing_forward,original,128,131,10,878,1.063935995,1.073100000,0.049900000,0.008300000
sample,advancing_forward,original,128,132,10,289,1.065984011,1.075300000,0.047500000,0.008200000
sample,advancing_forward,original,128,133,10,19775,1.082368016,1.096200000,0.059900000,0.013200000
sample,advancing_forward,original,128,134,10,656,1.071104050,1.081400000,0.049700000,0.008700000
sample,advancing_forward,original,128,135,10,39599,1.064960003,1.074700000,0.048500000,0.008200000
sample,advancing_forward,original,128,136,10,1122,1.067008018,1.077300000,0.047200000,0.008100000
sample,advancing_forward,original,128,137,10,291,1.070080042,1.079500000,0.048400000,0.008200000
sample,advancing_forward,original,128,138,10,37346,1.072128057,1.083100000,0.047600000,0.008200000
sample,advancing_forward,original,128,139,10,764,1.071104050,1.080200000,0.047200000,0.008100000
sample,advancing_forward,original,128,140,10,8074,1.072128057,1.080800000,0.051000000,0.008000000
sample,advancing_forward,original,128,141,10,20272,1.079295993,1.087700000,0.047800000,0.008300000
sample,advancing_forward,original,128,142,10,9106,1.076223969,1.083900000,0.043200000,0.007900000
sample,advancing_forward,original,128,143,10,3876,1.069056034,1.077200000,0.044400000,0.008000000
sample,advancing_forward,ordered4,128,128,10,284,1.130496025,1.138100000,0.044800000,0.008300000
sample,advancing_forward,ordered4,128,129,10,257,1.138687968,1.146200000,0.042700000,0.008100000
sample,advancing_forward,ordered4,128,130,10,614,1.149952054,1.162600000,0.053900000,0.013500000
sample,advancing_forward,ordered4,128,131,10,878,1.136639953,1.144600000,0.043300000,0.008600000
sample,advancing_forward,ordered4,128,132,10,289,1.138687968,1.146500000,0.042700000,0.008200000
sample,advancing_forward,ordered4,128,133,10,19775,1.141759992,1.149400000,0.042400000,0.008200000
sample,advancing_forward,ordered4,128,134,10,656,1.142783999,1.150600000,0.042600000,0.008100000
sample,advancing_forward,ordered4,128,135,10,39599,1.139711976,1.148200000,0.043700000,0.008100000
sample,advancing_forward,ordered4,128,136,10,1122,1.141759992,1.149900000,0.042700000,0.008100000
sample,advancing_forward,ordered4,128,137,10,291,1.146880031,1.154600000,0.043200000,0.008100000
sample,advancing_forward,ordered4,128,138,10,37346,1.146880031,1.154900000,0.042700000,0.008100000
sample,advancing_forward,ordered4,128,139,10,764,1.145856023,1.153900000,0.042800000,0.008100000
sample,advancing_forward,ordered4,128,140,10,8074,1.148928046,1.156300000,0.043000000,0.008100000
sample,advancing_forward,ordered4,128,141,10,20272,1.153023958,1.161400000,0.043700000,0.008100000
sample,advancing_forward,ordered4,128,142,10,9106,1.151999950,1.160500000,0.043500000,0.008000000
sample,advancing_forward,ordered4,128,143,10,3876,1.174528003,1.195400000,0.073800000,0.021900000
sample,advancing_forward,ordered4,128,128,11,284,1.130496025,1.140600000,0.047400000,0.008300000
sample,advancing_forward,ordered4,128,129,11,257,1.140735984,1.149300000,0.048300000,0.008000000
sample,advancing_forward,ordered4,128,130,11,614,1.141759992,1.150700000,0.051800000,0.008300000
sample,advancing_forward,ordered4,128,131,11,878,1.138687968,1.147900000,0.052000000,0.008000000
sample,advancing_forward,ordered4,128,132,11,289,1.147904038,1.161100000,0.056000000,0.011600000
sample,advancing_forward,ordered4,128,133,11,19775,1.142783999,1.152600000,0.049600000,0.008400000
sample,advancing_forward,ordered4,128,134,11,656,1.142783999,1.153000000,0.047900000,0.007900000
sample,advancing_forward,ordered4,128,135,11,39599,1.140735984,1.150400000,0.047700000,0.008000000
sample,advancing_forward,ordered4,128,136,11,1122,1.144832015,1.154600000,0.048300000,0.008000000
sample,advancing_forward,ordered4,128,137,11,291,1.156095982,1.167800000,0.055600000,0.011500000
sample,advancing_forward,ordered4,128,138,11,37346,1.148928046,1.158500000,0.048900000,0.008300000
sample,advancing_forward,ordered4,128,139,11,764,1.161216021,1.174600000,0.058800000,0.013000000
sample,advancing_forward,ordered4,128,140,11,8074,1.160192013,1.175100000,0.058800000,0.013000000
sample,advancing_forward,ordered4,128,141,11,20272,1.154047966,1.164200000,0.050800000,0.008900000
sample,advancing_forward,ordered4,128,142,11,9106,1.154047966,1.164400000,0.049600000,0.008100000
sample,advancing_forward,ordered4,128,143,11,3876,1.156095982,1.165300000,0.069900000,0.009800000
sample,advancing_forward,original,128,128,11,284,1.057791948,1.067300000,0.047200000,0.008400000
sample,advancing_forward,original,128,129,11,257,1.064960003,1.074500000,0.048200000,0.008000000
sample,advancing_forward,original,128,130,11,614,1.063935995,1.073100000,0.047100000,0.008000000
sample,advancing_forward,original,128,131,11,878,1.063935995,1.073700000,0.047600000,0.008100000
sample,advancing_forward,original,128,132,11,289,1.065984011,1.074700000,0.048100000,0.008000000
sample,advancing_forward,original,128,133,11,19775,1.068032026,1.077100000,0.046500000,0.007900000
sample,advancing_forward,original,128,134,11,656,1.071104050,1.079600000,0.046800000,0.008000000
sample,advancing_forward,original,128,135,11,39599,1.063935995,1.072800000,0.040000000,0.008000000
sample,advancing_forward,original,128,136,11,1122,1.105919957,1.133300000,0.092200000,0.032000000
sample,advancing_forward,original,128,137,11,291,1.309695959,1.403900000,0.582100000,0.157000000
sample,advancing_forward,original,128,138,11,37346,1.084319949,1.092500000,0.056100000,0.012700000
sample,advancing_forward,original,128,139,11,764,1.076223969,1.085800000,0.071000000,0.013400000
sample,advancing_forward,original,128,140,11,8074,1.077247977,1.087900000,0.062700000,0.013500000
sample,advancing_forward,original,128,141,11,20272,1.084416032,1.095100000,0.061200000,0.013400000
sample,advancing_forward,original,128,142,11,9106,1.086464047,1.097200000,0.061600000,0.013300000
sample,advancing_forward,original,128,143,11,3876,1.080320001,1.091600000,0.066200000,0.014900000
sample,advancing_forward,original,128,128,12,284,1.055744052,1.065400000,0.047700000,0.008100000
sample,advancing_forward,original,128,129,12,257,1.064960003,1.074000000,0.047600000,0.008100000
sample,advancing_forward,original,128,130,12,614,1.067008018,1.076600000,0.044700000,0.008100000
sample,advancing_forward,original,128,131,12,878,1.060863972,1.070200000,0.046500000,0.008000000
sample,advancing_forward,original,128,132,12,289,1.086464047,1.104000000,0.078800000,0.020900000
sample,advancing_forward,original,128,133,12,19775,1.082368016,1.094200000,0.066400000,0.015100000
sample,advancing_forward,original,128,134,12,656,1.083392024,1.095900000,0.060400000,0.015200000
sample,advancing_forward,original,128,135,12,39599,1.083392024,1.103000000,0.064100000,0.018300000
sample,advancing_forward,original,128,136,12,1122,1.068032026,1.078000000,0.047800000,0.008200000
sample,advancing_forward,original,128,137,12,291,1.069056034,1.082200000,0.048200000,0.008000000
sample,advancing_forward,original,128,138,12,37346,1.085440040,1.101200000,0.060100000,0.013600000
sample,advancing_forward,original,128,139,12,764,1.071104050,1.080300000,0.047000000,0.008500000
sample,advancing_forward,original,128,140,12,8074,1.071104050,1.081000000,0.046000000,0.008100000
sample,advancing_forward,original,128,141,12,20272,1.074175954,1.084500000,0.048400000,0.008000000
sample,advancing_forward,original,128,142,12,9106,1.076223969,1.086600000,0.048700000,0.008000000
sample,advancing_forward,original,128,143,12,3876,1.079295993,1.093200000,0.057500000,0.012200000
sample,advancing_forward,ordered4,128,128,12,284,1.130496025,1.139200000,0.040700000,0.008100000
sample,advancing_forward,ordered4,128,129,12,257,1.164288044,1.184700000,0.078800000,0.023500000
sample,advancing_forward,ordered4,128,130,12,614,1.154047966,1.170400000,0.058700000,0.015300000
sample,advancing_forward,ordered4,128,131,12,878,1.259487987,1.286600000,0.514000000,0.075500000
sample,advancing_forward,ordered4,128,132,12,289,1.136639953,1.144500000,0.043600000,0.008700000
sample,advancing_forward,ordered4,128,133,12,19775,1.139520049,1.146300000,0.042800000,0.008200000
sample,advancing_forward,ordered4,128,134,12,656,1.142783999,1.150600000,0.042900000,0.008100000
sample,advancing_forward,ordered4,128,135,12,39599,1.153023958,1.165400000,0.053500000,0.012300000
sample,advancing_forward,ordered4,128,136,12,1122,1.143808007,1.153800000,0.045600000,0.008400000
sample,advancing_forward,ordered4,128,137,12,291,1.147904038,1.157200000,0.045800000,0.008100000
sample,advancing_forward,ordered4,128,138,12,37346,1.148928046,1.158300000,0.047400000,0.007900000
sample,advancing_forward,ordered4,128,139,12,764,1.147904038,1.157400000,0.047500000,0.008000000
sample,advancing_forward,ordered4,128,140,12,8074,1.150975943,1.159100000,0.045500000,0.008500000
sample,advancing_forward,ordered4,128,141,12,20272,1.153023958,1.162000000,0.043900000,0.008000000
sample,advancing_forward,ordered4,128,142,12,9106,1.157119989,1.166600000,0.046700000,0.009200000
sample,advancing_forward,ordered4,128,143,12,3876,1.150975943,1.160600000,0.045100000,0.008300000
sample,advancing_forward,ordered4,128,128,13,284,1.130496025,1.140200000,0.047100000,0.008500000
sample,advancing_forward,ordered4,128,129,13,257,1.136639953,1.146000000,0.052400000,0.008200000
sample,advancing_forward,ordered4,128,130,13,614,1.139711976,1.148800000,0.048300000,0.008100000
sample,advancing_forward,ordered4,128,131,13,878,1.136639953,1.147100000,0.048300000,0.008100000
sample,advancing_forward,ordered4,128,132,13,289,1.154047966,1.168600000,0.060500000,0.013600000
sample,advancing_forward,ordered4,128,133,13,19775,1.142783999,1.152800000,0.048200000,0.008400000
sample,advancing_forward,ordered4,128,134,13,656,1.144832015,1.153500000,0.050100000,0.008100000
sample,advancing_forward,ordered4,128,135,13,39599,1.142783999,1.152600000,0.049300000,0.008100000
sample,advancing_forward,ordered4,128,136,13,1122,1.144832015,1.154100000,0.049500000,0.008000000
sample,advancing_forward,ordered4,128,137,13,291,1.149952054,1.160300000,0.072400000,0.009500000
sample,advancing_forward,ordered4,128,138,13,37346,1.175552011,1.193100000,0.069600000,0.015400000
sample,advancing_forward,ordered4,128,139,13,764,1.148928046,1.158400000,0.049400000,0.008800000
sample,advancing_forward,ordered4,128,140,13,8074,1.148928046,1.158800000,0.048100000,0.007900000
sample,advancing_forward,ordered4,128,141,13,20272,1.154047966,1.163400000,0.048200000,0.008100000
sample,advancing_forward,ordered4,128,142,13,9106,1.156095982,1.165400000,0.047500000,0.008500000
sample,advancing_forward,ordered4,128,143,13,3876,1.149952054,1.160300000,0.049300000,0.008300000
sample,advancing_forward,original,128,128,13,284,1.055744052,1.065900000,0.048000000,0.008500000
sample,advancing_forward,original,128,129,13,257,1.067008018,1.076900000,0.069600000,0.009300000
sample,advancing_forward,original,128,130,13,614,1.064960003,1.073900000,0.048400000,0.008300000
sample,advancing_forward,original,128,131,13,878,1.064960003,1.073300000,0.048200000,0.008200000
sample,advancing_forward,original,128,132,13,289,1.064960003,1.074500000,0.047700000,0.008400000
sample,advancing_forward,original,128,133,13,19775,1.070080042,1.079800000,0.049000000,0.009100000
sample,advancing_forward,original,128,134,13,656,1.070080042,1.080300000,0.049200000,0.008400000
sample,advancing_forward,original,128,135,13,39599,1.084416032,1.099200000,0.067000000,0.018500000
sample,advancing_forward,original,128,136,13,1122,1.085440040,1.103000000,0.063900000,0.017200000
sample,advancing_forward,original,128,137,13,291,1.076223969,1.086300000,0.053400000,0.010400000
sample,advancing_forward,original,128,138,13,37346,1.072128057,1.082300000,0.049400000,0.008300000
sample,advancing_forward,original,128,139,13,764,1.070080042,1.079700000,0.048400000,0.008100000
sample,advancing_forward,original,128,140,13,8074,1.076223969,1.088700000,0.050900000,0.010800000
sample,advancing_forward,original,128,141,13,20272,1.077247977,1.087200000,0.048500000,0.008100000
sample,advancing_forward,original,128,142,13,9106,1.078271985,1.088200000,0.055600000,0.008200000
sample,advancing_forward,original,128,143,13,3876,1.070080042,1.079000000,0.047900000,0.008400000
sample,advancing_forward,original,128,128,14,284,1.057791948,1.066700000,0.048700000,0.008400000
sample,advancing_forward,original,128,129,14,257,1.062911987,1.072900000,0.048100000,0.008300000
sample,advancing_forward,original,128,130,14,614,1.064960003,1.073800000,0.045600000,0.008500000
sample,advancing_forward,original,128,131,14,878,1.062911987,1.072200000,0.045600000,0.008300000
sample,advancing_forward,original,128,132,14,289,1.068032026,1.077400000,0.044200000,0.008000000
sample,advancing_forward,original,128,133,14,19775,1.076223969,1.089200000,0.053200000,0.012400000
sample,advancing_forward,original,128,134,14,656,1.074175954,1.083700000,0.047600000,0.008300000
sample,advancing_forward,original,128,135,14,39599,1.064960003,1.074300000,0.047800000,0.008400000
sample,advancing_forward,original,128,136,14,1122,1.069056034,1.077700000,0.048800000,0.008100000
sample,advancing_forward,original,128,137,14,291,1.072128057,1.081100000,0.048200000,0.008300000
sample,advancing_forward,original,128,138,14,37346,1.071104050,1.079100000,0.044600000,0.008200000
sample,advancing_forward,original,128,139,14,764,1.069056034,1.077600000,0.041300000,0.008100000
sample,advancing_forward,original,128,140,14,8074,1.071104050,1.079000000,0.046200000,0.008300000
sample,advancing_forward,original,128,141,14,20272,1.076223969,1.083500000,0.041100000,0.008100000
sample,advancing_forward,original,128,142,14,9106,1.078240037,1.085200000,0.041400000,0.008100000
sample,advancing_forward,original,128,143,14,3876,1.068032026,1.075500000,0.042600000,0.008000000
sample,advancing_forward,ordered4,128,128,14,284,1.142783999,1.156300000,0.060400000,0.013300000
sample,advancing_forward,ordered4,128,129,14,257,1.137663960,1.147100000,0.049000000,0.008500000
sample,advancing_forward,ordered4,128,130,14,614,1.141759992,1.150800000,0.047300000,0.009200000
sample,advancing_forward,ordered4,128,131,14,878,1.138687968,1.148600000,0.048100000,0.009000000
sample,advancing_forward,ordered4,128,132,14,289,1.139711976,1.149400000,0.049300000,0.008400000
sample,advancing_forward,ordered4,128,133,14,19775,1.145856023,1.155300000,0.047000000,0.008400000
sample,advancing_forward,ordered4,128,134,14,656,1.145696044,1.153300000,0.041600000,0.008700000
sample,advancing_forward,ordered4,128,135,14,39599,1.142655969,1.150600000,0.043400000,0.008300000
sample,advancing_forward,ordered4,128,136,14,1122,1.143808007,1.152300000,0.043800000,0.008100000
sample,advancing_forward,ordered4,128,137,14,291,1.147904038,1.155500000,0.041300000,0.008100000
sample,advancing_forward,ordered4,128,138,14,37346,1.149952054,1.157000000,0.041400000,0.008300000
sample,advancing_forward,ordered4,128,139,14,764,1.146880031,1.154500000,0.041200000,0.008200000
sample,advancing_forward,ordered4,128,140,14,8074,1.149952054,1.158000000,0.043100000,0.008200000
sample,advancing_forward,ordered4,128,141,14,20272,1.153023958,1.161400000,0.043500000,0.008100000
sample,advancing_forward,ordered4,128,142,14,9106,1.156064034,1.162700000,0.041000000,0.008200000
sample,advancing_forward,ordered4,128,143,14,3876,1.151999950,1.161100000,0.040500000,0.007900000
sample,advancing_forward,ordered4,128,128,15,284,1.149952054,1.163400000,0.060200000,0.013800000
sample,advancing_forward,ordered4,128,129,15,257,1.149952054,1.162400000,0.061000000,0.012700000
sample,advancing_forward,ordered4,128,130,15,614,1.141759992,1.150700000,0.047000000,0.008200000
sample,advancing_forward,ordered4,128,131,15,878,1.138687968,1.149000000,0.049200000,0.009100000
sample,advancing_forward,ordered4,128,132,15,289,1.157119989,1.171900000,0.064200000,0.014900000
sample,advancing_forward,ordered4,128,133,15,19775,1.142783999,1.151600000,0.049400000,0.008600000
sample,advancing_forward,ordered4,128,134,15,656,1.142783999,1.152200000,0.047000000,0.008400000
sample,advancing_forward,ordered4,128,135,15,39599,1.140735984,1.149900000,0.047200000,0.008400000
sample,advancing_forward,ordered4,128,136,15,1122,1.144832015,1.154100000,0.046100000,0.008300000
sample,advancing_forward,ordered4,128,137,15,291,1.162240028,1.175300000,0.065300000,0.014500000
sample,advancing_forward,ordered4,128,138,15,37346,1.151999950,1.162400000,0.052500000,0.010300000
sample,advancing_forward,ordered4,128,139,15,764,1.148928046,1.157200000,0.047300000,0.008700000
sample,advancing_forward,ordered4,128,140,15,8074,1.146880031,1.156700000,0.046600000,0.008100000
sample,advancing_forward,ordered4,128,141,15,20272,1.150975943,1.160700000,0.046800000,0.008000000
sample,advancing_forward,ordered4,128,142,15,9106,1.155071974,1.164800000,0.048800000,0.008800000
sample,advancing_forward,ordered4,128,143,15,3876,1.151999950,1.160500000,0.050500000,0.008200000
sample,advancing_forward,original,128,128,15,284,1.070080042,1.084000000,0.059900000,0.012300000
sample,advancing_forward,original,128,129,15,257,1.075199962,1.090700000,0.061000000,0.015600000
sample,advancing_forward,original,128,130,15,614,1.069056034,1.078300000,0.050600000,0.008400000
sample,advancing_forward,original,128,131,15,878,1.064960003,1.073900000,0.050100000,0.008400000
sample,advancing_forward,original,128,132,15,289,1.065984011,1.074800000,0.046400000,0.008300000
sample,advancing_forward,original,128,133,15,19775,1.070080042,1.078100000,0.050300000,0.008500000
sample,advancing_forward,original,128,134,15,656,1.077247977,1.088300000,0.047100000,0.011400000
sample,advancing_forward,original,128,135,15,39599,1.065984011,1.073200000,0.041000000,0.008600000
sample,advancing_forward,original,128,136,15,1122,1.070080042,1.078600000,0.044700000,0.008300000
sample,advancing_forward,original,128,137,15,291,1.070080042,1.079600000,0.045500000,0.008300000
sample,advancing_forward,original,128,138,15,37346,1.072128057,1.081000000,0.045000000,0.008300000
sample,advancing_forward,original,128,139,15,764,1.071104050,1.080700000,0.045700000,0.008200000
sample,advancing_forward,original,128,140,15,8074,1.072128057,1.081000000,0.045100000,0.008500000
sample,advancing_forward,original,128,141,15,20272,1.076223969,1.085900000,0.045300000,0.008100000
sample,advancing_forward,original,128,142,15,9106,1.077247977,1.086400000,0.045900000,0.008200000
sample,advancing_forward,original,128,143,15,3876,1.072128057,1.081200000,0.045100000,0.007900000
sample,advancing_forward,original,512,512,0,837,1.337344050,1.353700000,0.081100000,0.019700000
sample,advancing_forward,original,512,513,0,290,1.326079965,1.339000000,0.054800000,0.012600000
sample,advancing_forward,original,512,514,0,460,1.327103972,1.336100000,0.052100000,0.009600000
sample,advancing_forward,original,512,515,0,307,1.320960045,1.330200000,0.050700000,0.008400000
sample,advancing_forward,original,512,516,0,12606,1.321984053,1.331500000,0.050000000,0.009000000
sample,advancing_forward,original,512,517,0,32455,1.325055957,1.336000000,0.049700000,0.008600000
sample,advancing_forward,original,512,518,0,837,1.338368058,1.354700000,0.063700000,0.015700000
sample,advancing_forward,original,512,519,0,3584,1.325055957,1.335800000,0.052000000,0.009700000
sample,advancing_forward,original,512,520,0,45456,1.332224011,1.348200000,0.090800000,0.013700000
sample,advancing_forward,original,512,521,0,389,1.344511986,1.362700000,0.070600000,0.018900000
sample,advancing_forward,original,512,522,0,7485,1.336320043,1.348000000,0.055300000,0.011800000
sample,advancing_forward,original,512,523,0,284,1.333248019,1.345000000,0.062800000,0.011800000
sample,advancing_forward,original,512,524,0,3051,1.339391947,1.349600000,0.053300000,0.011100000
sample,advancing_forward,original,512,525,0,287,1.332224011,1.342400000,0.048400000,0.008600000
sample,advancing_forward,original,512,526,0,262,1.334272027,1.343500000,0.051300000,0.008800000
sample,advancing_forward,original,512,527,0,4295,1.327103972,1.336000000,0.046900000,0.008700000
sample,advancing_forward,ordered4,512,512,0,837,1.608703971,1.619100000,0.047200000,0.008400000
sample,advancing_forward,ordered4,512,513,0,290,1.617920041,1.627000000,0.050100000,0.008300000
sample,advancing_forward,ordered4,512,514,0,460,1.620991945,1.630100000,0.049800000,0.008300000
sample,advancing_forward,ordered4,512,515,0,307,1.615872025,1.624800000,0.047700000,0.008400000
sample,advancing_forward,ordered4,512,516,0,12606,1.617920041,1.626400000,0.040800000,0.008200000
sample,advancing_forward,ordered4,512,517,0,32455,1.622015953,1.630700000,0.049700000,0.008200000
sample,advancing_forward,ordered4,512,518,0,837,1.642495990,1.658600000,0.062300000,0.019500000
sample,advancing_forward,ordered4,512,519,0,3584,1.635328054,1.649000000,0.058300000,0.015900000
sample,advancing_forward,ordered4,512,520,0,45456,1.624063969,1.633700000,0.049500000,0.008400000
sample,advancing_forward,ordered4,512,521,0,389,1.630208015,1.640300000,0.050900000,0.009300000
sample,advancing_forward,ordered4,512,522,0,7485,1.638399959,1.649300000,0.058200000,0.011500000
sample,advancing_forward,ordered4,512,523,0,284,1.628160000,1.637000000,0.051900000,0.008800000
sample,advancing_forward,ordered4,512,524,0,3051,1.630208015,1.639000000,0.048700000,0.008500000
sample,advancing_forward,ordered4,512,525,0,287,1.644544005,1.657000000,0.080900000,0.015000000
sample,advancing_forward,ordered4,512,526,0,262,1.645568013,1.657700000,0.061100000,0.013900000
sample,advancing_forward,ordered4,512,527,0,4295,1.632256031,1.640800000,0.050000000,0.008500000
sample,advancing_forward,ordered4,512,512,1,837,1.610751987,1.620000000,0.047300000,0.008300000
sample,advancing_forward,ordered4,512,513,1,290,1.615872025,1.624600000,0.041500000,0.008100000
sample,advancing_forward,ordered4,512,514,1,460,1.618944049,1.626400000,0.041200000,0.008000000
sample,advancing_forward,ordered4,512,515,1,307,1.617920041,1.625500000,0.041700000,0.008200000
sample,advancing_forward,ordered4,512,516,1,12606,1.623039961,1.631200000,0.041900000,0.008200000
sample,advancing_forward,ordered4,512,517,1,32455,1.624063969,1.632300000,0.041600000,0.008300000
sample,advancing_forward,ordered4,512,518,1,837,1.623008013,1.630500000,0.041300000,0.008000000
sample,advancing_forward,ordered4,512,519,1,3584,1.618880033,1.629500000,0.040900000,0.008100000
sample,advancing_forward,ordered4,512,520,1,45456,1.636351943,1.652400000,0.063600000,0.016600000
sample,advancing_forward,ordered4,512,521,1,389,1.752063990,1.778100000,0.247300000,0.074800000
sample,advancing_forward,ordered4,512,522,1,7485,1.630208015,1.651000000,0.040700000,0.008500000
sample,advancing_forward,ordered4,512,523,1,284,1.641471982,1.649500000,0.059700000,0.015800000
sample,advancing_forward,ordered4,512,524,1,3051,1.628160000,1.636800000,0.040000000,0.008400000
sample,advancing_forward,ordered4,512,525,1,287,1.631232023,1.641200000,0.047100000,0.008300000
sample,advancing_forward,ordered4,512,526,1,262,1.630208015,1.640200000,0.047400000,0.008100000
sample,advancing_forward,ordered4,512,527,1,4295,1.646592021,1.660600000,0.058800000,0.013000000
sample,advancing_forward,original,512,512,1,837,1.314815998,1.323000000,0.048300000,0.008300000
sample,advancing_forward,original,512,513,1,290,1.318912029,1.327000000,0.042700000,0.008100000
sample,advancing_forward,original,512,514,1,460,1.319936037,1.328500000,0.041600000,0.008100000
sample,advancing_forward,original,512,515,1,307,1.320960045,1.328200000,0.064100000,0.008200000
sample,advancing_forward,original,512,516,1,12606,1.319936037,1.327500000,0.041100000,0.008300000
sample,advancing_forward,original,512,517,1,32455,1.326079965,1.334200000,0.042000000,0.008600000
sample,advancing_forward,original,512,518,1,837,1.326079965,1.333500000,0.043400000,0.008200000
sample,advancing_forward,original,512,519,1,3584,1.319936037,1.328200000,0.040600000,0.008200000
sample,advancing_forward,original,512,520,1,45456,1.321984053,1.329800000,0.040800000,0.008200000
sample,advancing_forward,original,512,521,1,389,1.326079965,1.333500000,0.040800000,0.008500000
sample,advancing_forward,original,512,522,1,7485,1.340415955,1.352400000,0.051000000,0.011900000
sample,advancing_forward,original,512,523,1,284,1.336320043,1.348400000,0.051200000,0.012300000
sample,advancing_forward,original,512,524,1,3051,1.328127980,1.338100000,0.045200000,0.009100000
sample,advancing_forward,original,512,525,1,287,1.342463970,1.358100000,0.058300000,0.012900000
sample,advancing_forward,original,512,526,1,262,1.331200004,1.340000000,0.046600000,0.008700000
sample,advancing_forward,original,512,527,1,4295,1.324031949,1.333600000,0.045700000,0.008300000
sample,advancing_forward,original,512,512,2,837,1.311743975,1.321000000,0.047600000,0.008200000
sample,advancing_forward,original,512,513,2,290,1.318912029,1.328000000,0.050400000,0.008500000
sample,advancing_forward,original,512,514,2,460,1.323007941,1.332900000,0.050400000,0.008300000
sample,advancing_forward,original,512,515,2,307,1.330175996,1.344600000,0.058200000,0.014700000
sample,advancing_forward,original,512,516,2,12606,1.320960045,1.330400000,0.051900000,0.009000000
sample,advancing_forward,original,512,517,2,32455,1.324031949,1.333300000,0.047700000,0.008300000
sample,advancing_forward,original,512,518,2,837,1.327103972,1.335800000,0.049500000,0.008200000
sample,advancing_forward,original,512,519,2,3584,1.318912029,1.326800000,0.042200000,0.008000000
sample,advancing_forward,original,512,520,2,45456,1.322880030,1.330500000,0.044600000,0.008200000
sample,advancing_forward,original,512,521,2,389,1.330175996,1.338400000,0.041600000,0.008400000
sample,advancing_forward,original,512,522,2,7485,1.325055957,1.332900000,0.043900000,0.008200000
sample,advancing_forward,original,512,523,2,284,1.325055957,1.332800000,0.042000000,0.008100000
sample,advancing_forward,original,512,524,2,3051,1.328127980,1.335000000,0.041800000,0.008100000
sample,advancing_forward,original,512,525,2,287,1.330175996,1.338600000,0.041200000,0.008000000
sample,advancing_forward,original,512,526,2,262,1.333215952,1.341600000,0.041500000,0.008100000
sample,advancing_forward,original,512,527,2,4295,1.343487978,1.357000000,0.068300000,0.019200000
sample,advancing_forward,ordered4,512,512,2,837,1.610751987,1.620300000,0.048600000,0.008600000
sample,advancing_forward,ordered4,512,513,2,290,1.619968057,1.630100000,0.048800000,0.008200000
sample,advancing_forward,ordered4,512,514,2,460,1.628160000,1.640300000,0.055000000,0.011600000
sample,advancing_forward,ordered4,512,515,2,307,1.616896033,1.627200000,0.048800000,0.008500000
sample,advancing_forward,ordered4,512,516,2,12606,1.619968057,1.628400000,0.047100000,0.008100000
sample,advancing_forward,ordered4,512,517,2,32455,1.619968057,1.629200000,0.048900000,0.008000000
sample,advancing_forward,ordered4,512,518,2,837,1.627135992,1.637100000,0.050300000,0.010000000
sample,advancing_forward,ordered4,512,519,2,3584,1.622015953,1.631100000,0.047500000,0.008400000
sample,advancing_forward,ordered4,512,520,2,45456,1.625087976,1.634300000,0.049800000,0.008200000
sample,advancing_forward,ordered4,512,521,2,389,1.626111984,1.636400000,0.047700000,0.008000000
sample,advancing_forward,ordered4,512,522,2,7485,1.629184008,1.638900000,0.046900000,0.008000000
sample,advancing_forward,ordered4,512,523,2,284,1.629184008,1.638700000,0.048500000,0.008000000
sample,advancing_forward,ordered4,512,524,2,3051,1.629184008,1.637800000,0.048200000,0.008000000
sample,advancing_forward,ordered4,512,525,2,287,1.630208015,1.637500000,0.042600000,0.008000000
sample,advancing_forward,ordered4,512,526,2,262,1.632256031,1.640700000,0.041800000,0.008200000
sample,advancing_forward,ordered4,512,527,2,4295,1.645568013,1.665700000,0.071900000,0.018900000
sample,advancing_forward,ordered4,512,512,3,837,1.616896033,1.625900000,0.050700000,0.011400000
sample,advancing_forward,ordered4,512,513,3,290,1.617920041,1.625800000,0.041200000,0.008200000
sample,advancing_forward,ordered4,512,514,3,460,1.618944049,1.626500000,0.040900000,0.008300000
sample,advancing_forward,ordered4,512,515,3,307,1.616863966,1.624200000,0.043100000,0.008100000
sample,advancing_forward,ordered4,512,516,3,12606,1.617920041,1.625500000,0.040700000,0.008000000
sample,advancing_forward,ordered4,512,517,3,32455,1.622015953,1.630100000,0.040600000,0.008000000
sample,advancing_forward,ordered4,512,518,3,837,1.622015953,1.630200000,0.042900000,0.008100000
sample,advancing_forward,ordered4,512,519,3,3584,1.622015953,1.629300000,0.040300000,0.007900000
sample,advancing_forward,ordered4,512,520,3,45456,1.622015953,1.632100000,0.040600000,0.008200000
sample,advancing_forward,ordered4,512,521,3,389,1.657855988,1.678500000,0.078200000,0.027400000
sample,advancing_forward,ordered4,512,522,3,7485,1.633280039,1.642400000,0.053400000,0.009700000
sample,advancing_forward,ordered4,512,523,3,284,1.629184008,1.638900000,0.053300000,0.008300000
sample,advancing_forward,ordered4,512,524,3,3051,1.637375951,1.650100000,0.056400000,0.013100000
sample,advancing_forward,ordered4,512,525,3,287,1.637375951,1.649000000,0.076200000,0.010900000
sample,advancing_forward,ordered4,512,526,3,262,1.635328054,1.645200000,0.048700000,0.008900000
sample,advancing_forward,ordered4,512,527,3,4295,1.634304047,1.752700000,0.048800000,0.009600000
sample,advancing_forward,original,512,512,3,837,1.311743975,1.321500000,0.049300000,0.008500000
sample,advancing_forward,original,512,513,3,290,1.333248019,1.348300000,0.062100000,0.014700000
sample,advancing_forward,original,512,514,3,460,1.323007941,1.332700000,0.050400000,0.008700000
sample,advancing_forward,original,512,515,3,307,1.319936037,1.328800000,0.050700000,0.008000000
sample,advancing_forward,original,512,516,3,12606,1.321984053,1.333700000,0.049600000,0.008900000
sample,advancing_forward,original,512,517,3,32455,1.353728056,1.380400000,0.087000000,0.027900000
sample,advancing_forward,original,512,518,3,837,1.337344050,1.348600000,0.057700000,0.011900000
sample,advancing_forward,original,512,519,3,3584,1.321984053,1.330900000,0.047000000,0.008200000
sample,advancing_forward,original,512,520,3,45456,1.321984053,1.331100000,0.046200000,0.008100000
sample,advancing_forward,original,512,521,3,389,1.337344050,1.351100000,0.059800000,0.012200000
sample,advancing_forward,original,512,522,3,7485,1.329151988,1.338000000,0.047400000,0.008800000
sample,advancing_forward,original,512,523,3,284,1.327103972,1.336600000,0.050200000,0.009100000
sample,advancing_forward,original,512,524,3,3051,1.327103972,1.336000000,0.048900000,0.008000000
sample,advancing_forward,original,512,525,3,287,1.333248019,1.342200000,0.047400000,0.008300000
sample,advancing_forward,original,512,526,3,262,1.332224011,1.340800000,0.051000000,0.008200000
sample,advancing_forward,original,512,527,3,4295,1.325055957,1.333900000,0.049200000,0.008000000
sample,advancing_forward,original,512,512,4,837,1.316864014,1.327700000,0.051100000,0.008500000
sample,advancing_forward,original,512,513,4,290,1.328127980,1.342300000,0.055100000,0.012000000
sample,advancing_forward,original,512,514,4,460,1.323007941,1.335600000,0.051200000,0.009200000
sample,advancing_forward,original,512,515,4,307,1.315840006,1.325700000,0.048900000,0.008100000
sample,advancing_forward,original,512,516,4,12606,1.321984053,1.330600000,0.049200000,0.008100000
sample,advancing_forward,original,512,517,4,32455,1.321984053,1.330700000,0.044900000,0.007900000
sample,advancing_forward,original,512,518,4,837,1.325055957,1.334600000,0.048400000,0.008000000
sample,advancing_forward,original,512,519,4,3584,1.319936037,1.329100000,0.050300000,0.008100000
sample,advancing_forward,original,512,520,4,45456,1.343487978,1.360100000,0.071500000,0.016600000
sample,advancing_forward,original,512,521,4,389,1.346560001,1.365600000,0.077700000,0.020500000
sample,advancing_forward,original,512,522,4,7485,1.362944007,1.382300000,0.088000000,0.023200000
sample,advancing_forward,original,512,523,4,284,1.338368058,1.352800000,0.062200000,0.014300000
sample,advancing_forward,original,512,524,4,3051,1.329151988,1.338300000,0.048900000,0.008400000
sample,advancing_forward,original,512,525,4,287,1.330175996,1.339500000,0.048900000,0.007900000
sample,advancing_forward,original,512,526,4,262,1.331200004,1.342000000,0.049600000,0.008100000
sample,advancing_forward,original,512,527,4,4295,1.335296035,1.351600000,0.060800000,0.013000000
sample,advancing_forward,ordered4,512,512,4,837,1.622015953,1.634700000,0.053900000,0.012200000
sample,advancing_forward,ordered4,512,513,4,290,1.624063969,1.635800000,0.049000000,0.010900000
sample,advancing_forward,ordered4,512,514,4,460,1.619968057,1.627900000,0.040800000,0.008500000
sample,advancing_forward,ordered4,512,515,4,307,1.617920041,1.625200000,0.042900000,0.008200000
sample,advancing_forward,ordered4,512,516,4,12606,1.617920041,1.626300000,0.040300000,0.008200000
sample,advancing_forward,ordered4,512,517,4,32455,1.620895982,1.628500000,0.040500000,0.008200000
sample,advancing_forward,ordered4,512,518,4,837,1.623039961,1.631700000,0.040600000,0.008400000
sample,advancing_forward,ordered4,512,519,4,3584,1.617920041,1.626500000,0.040000000,0.008200000
sample,advancing_forward,ordered4,512,520,4,45456,1.620991945,1.628800000,0.040400000,0.008000000
sample,advancing_forward,ordered4,512,521,4,389,1.626111984,1.633800000,0.040600000,0.007900000
sample,advancing_forward,ordered4,512,522,4,7485,1.652735949,1.669200000,0.069000000,0.019000000
sample,advancing_forward,ordered4,512,523,4,284,1.638399959,1.651300000,0.056800000,0.013100000
sample,advancing_forward,ordered4,512,524,4,3051,1.629184008,1.639000000,0.046100000,0.008400000
sample,advancing_forward,ordered4,512,525,4,287,1.640447974,1.652800000,0.053000000,0.012200000
sample,advancing_forward,ordered4,512,526,4,262,1.636351943,1.645900000,0.047600000,0.008400000
sample,advancing_forward,ordered4,512,527,4,4295,1.628160000,1.637600000,0.045200000,0.008200000
sample,advancing_forward,ordered4,512,512,5,837,1.612800002,1.623000000,0.052000000,0.009900000
sample,advancing_forward,ordered4,512,513,5,290,1.622015953,1.630200000,0.046400000,0.009000000
sample,advancing_forward,ordered4,512,514,5,460,1.619968057,1.628100000,0.068500000,0.008600000
sample,advancing_forward,ordered4,512,515,5,307,1.616896033,1.625400000,0.044100000,0.008900000
sample,advancing_forward,ordered4,512,516,5,12606,1.619968057,1.627800000,0.061900000,0.008800000
sample,advancing_forward,ordered4,512,517,5,32455,1.622015953,1.630800000,0.061100000,0.008500000
sample,advancing_forward,ordered4,512,518,5,837,1.623039961,1.631900000,0.043800000,0.008800000
sample,advancing_forward,ordered4,512,519,5,3584,1.620991945,1.633200000,0.043900000,0.009000000
sample,advancing_forward,ordered4,512,520,5,45456,1.656831980,1.699500000,0.083400000,0.027200000
sample,advancing_forward,ordered4,512,521,5,389,1.939455986,2.096100000,0.630800000,0.185200000
sample,advancing_forward,ordered4,512,522,5,7485,1.651711941,1.666800000,0.065100000,0.020000000
sample,advancing_forward,ordered4,512,523,5,284,1.649536014,1.664400000,0.065500000,0.020200000
sample,advancing_forward,ordered4,512,524,5,3051,1.643519998,1.658400000,0.071100000,0.017500000
sample,advancing_forward,ordered4,512,525,5,287,1.635328054,1.645200000,0.053000000,0.009900000
sample,advancing_forward,ordered4,512,526,5,262,1.635328054,1.648500000,0.054100000,0.010900000
sample,advancing_forward,ordered4,512,527,5,4295,1.645568013,1.658800000,0.063000000,0.013900000
sample,advancing_forward,original,512,512,5,837,1.313791990,1.323000000,0.047700000,0.008900000
sample,advancing_forward,original,512,513,5,290,1.318912029,1.326400000,0.041600000,0.008500000
sample,advancing_forward,original,512,514,5,460,1.319936037,1.328000000,0.040100000,0.008400000
sample,advancing_forward,original,512,515,5,307,1.321984053,1.331800000,0.041900000,0.008300000
sample,advancing_forward,original,512,516,5,12606,1.338368058,1.350300000,0.065300000,0.020100000
sample,advancing_forward,original,512,517,5,32455,1.327103972,1.335800000,0.047700000,0.008400000
sample,advancing_forward,original,512,518,5,837,1.326079965,1.336000000,0.047800000,0.008200000
sample,advancing_forward,original,512,519,5,3584,1.318912029,1.331300000,0.051300000,0.008100000
sample,advancing_forward,original,512,520,5,45456,1.330175996,1.344400000,0.057300000,0.013900000
sample,advancing_forward,original,512,521,5,389,1.328127980,1.336800000,0.049800000,0.008700000
sample,advancing_forward,original,512,522,5,7485,1.329151988,1.337500000,0.047700000,0.008200000
sample,advancing_forward,original,512,523,5,284,1.325055957,1.334300000,0.049400000,0.008200000
sample,advancing_forward,original,512,524,5,3051,1.328127980,1.337000000,0.050400000,0.008500000
sample,advancing_forward,original,512,525,5,287,1.332224011,1.341400000,0.049800000,0.008800000
sample,advancing_forward,original,512,526,5,262,1.333248019,1.342400000,0.049800000,0.008000000
sample,advancing_forward,original,512,527,5,4295,1.328127980,1.337700000,0.051900000,0.011400000
sample,advancing_forward,original,512,512,6,837,1.339391947,1.358900000,0.078300000,0.020900000
sample,advancing_forward,original,512,513,6,290,1.331200004,1.346800000,0.064300000,0.015400000
sample,advancing_forward,original,512,514,6,460,1.335296035,1.351900000,0.083500000,0.017700000
sample,advancing_forward,original,512,515,6,307,1.321823955,1.328600000,0.042000000,0.009200000
sample,advancing_forward,original,512,516,6,12606,1.321856022,1.329300000,0.045900000,0.008300000
sample,advancing_forward,original,512,517,6,32455,1.336320043,1.357200000,0.056200000,0.014100000
sample,advancing_forward,original,512,518,6,837,1.379328012,1.414400000,0.111300000,0.040600000
sample,advancing_forward,original,512,519,6,3584,1.332224011,1.340000000,0.053600000,0.014300000
sample,advancing_forward,original,512,520,6,45456,1.324031949,1.331500000,0.045400000,0.008500000
sample,advancing_forward,original,512,521,6,389,1.326079965,1.337100000,0.046700000,0.008700000
sample,advancing_forward,original,512,522,6,7485,1.397760034,1.418200000,0.122100000,0.032400000
sample,advancing_forward,original,512,523,6,284,1.330175996,1.339200000,0.047100000,0.010900000
sample,advancing_forward,original,512,524,6,3051,1.328992009,1.336300000,0.044800000,0.008800000
sample,advancing_forward,original,512,525,6,287,1.332224011,1.340100000,0.042400000,0.008600000
sample,advancing_forward,original,512,526,6,262,1.333248019,1.342600000,0.046400000,0.008800000
sample,advancing_forward,original,512,527,6,4295,1.353728056,1.374100000,0.084600000,0.024900000
sample,advancing_forward,ordered4,512,512,6,837,1.611775994,1.621100000,0.048100000,0.008600000
sample,advancing_forward,ordered4,512,513,6,290,1.618944049,1.628300000,0.045400000,0.008300000
sample,advancing_forward,ordered4,512,514,6,460,1.638399959,1.661400000,0.100900000,0.019800000
sample,advancing_forward,ordered4,512,515,6,307,1.651711941,1.675800000,0.087800000,0.028300000
sample,advancing_forward,ordered4,512,516,6,12606,1.626111984,1.635900000,0.052200000,0.008800000
sample,advancing_forward,ordered4,512,517,6,32455,1.622015953,1.634300000,0.042900000,0.008400000
sample,advancing_forward,ordered4,512,518,6,837,1.675264001,1.704300000,0.111000000,0.043200000
sample,advancing_forward,ordered4,512,519,6,3584,1.642495990,1.655800000,0.069300000,0.017900000
sample,advancing_forward,ordered4,512,520,6,45456,1.634304047,1.644900000,0.052200000,0.011300000
sample,advancing_forward,ordered4,512,521,6,389,1.631232023,1.641500000,0.078400000,0.009100000
sample,advancing_forward,ordered4,512,522,6,7485,1.642495990,1.655600000,0.056300000,0.014600000
sample,advancing_forward,ordered4,512,523,6,284,1.627135992,1.634400000,0.057900000,0.008700000
sample,advancing_forward,ordered4,512,524,6,3051,1.628160000,1.636500000,0.058100000,0.008600000
sample,advancing_forward,ordered4,512,525,6,287,1.655807972,1.679100000,0.116500000,0.025000000
sample,advancing_forward,ordered4,512,526,6,262,1.657855988,1.672600000,0.066400000,0.021900000
sample,advancing_forward,ordered4,512,527,6,4295,1.634304047,1.642800000,0.044100000,0.009100000
sample,advancing_forward,ordered4,512,512,7,837,1.659904003,1.685800000,0.100800000,0.039800000
sample,advancing_forward,ordered4,512,513,7,290,1.656831980,1.678100000,0.093600000,0.032800000
sample,advancing_forward,ordered4,512,514,7,460,1.640447974,1.655000000,0.074600000,0.021300000
sample,advancing_forward,ordered4,512,515,7,307,1.630144000,1.643400000,0.060500000,0.014400000
sample,advancing_forward,ordered4,512,516,7,12606,1.651711941,1.674500000,0.085500000,0.026200000
sample,advancing_forward,ordered4,512,517,7,32455,1.653759956,1.679800000,0.076900000,0.027000000
sample,advancing_forward,ordered4,512,518,7,837,1.651711941,1.666400000,0.078600000,0.023000000
sample,advancing_forward,ordered4,512,519,7,3584,1.643519998,1.661400000,0.068000000,0.020700000
sample,advancing_forward,ordered4,512,520,7,45456,1.652575970,1.672500000,0.082600000,0.024100000
sample,advancing_forward,ordered4,512,521,7,389,1.665024042,1.695800000,0.082000000,0.031500000
sample,advancing_forward,ordered4,512,522,7,7485,1.661952019,1.685400000,0.084600000,0.028400000
sample,advancing_forward,ordered4,512,523,7,284,1.651711941,1.669500000,0.068200000,0.019300000
sample,advancing_forward,ordered4,512,524,7,3051,1.657855988,1.680300000,0.085200000,0.027800000
sample,advancing_forward,ordered4,512,525,7,287,1.679360032,1.713600000,0.091400000,0.040600000
sample,advancing_forward,ordered4,512,526,7,262,1.676255941,1.705400000,0.136400000,0.035800000
sample,advancing_forward,ordered4,512,527,7,4295,1.648640037,1.664500000,0.064600000,0.018000000
sample,advancing_forward,original,512,512,7,837,1.312767982,1.321900000,0.049200000,0.008200000
sample,advancing_forward,original,512,513,7,290,1.334272027,1.347400000,0.061700000,0.011500000
sample,advancing_forward,original,512,514,7,460,1.321984053,1.331800000,0.055300000,0.008400000
sample,advancing_forward,original,512,515,7,307,1.319936037,1.329500000,0.048600000,0.009000000
sample,advancing_forward,original,512,516,7,12606,1.323007941,1.332000000,0.049700000,0.008300000
sample,advancing_forward,original,512,517,7,32455,1.324031949,1.333800000,0.047000000,0.008200000
sample,advancing_forward,original,512,518,7,837,1.328127980,1.338700000,0.047600000,0.008900000
sample,advancing_forward,original,512,519,7,3584,1.335296035,1.352300000,0.063200000,0.015300000
sample,advancing_forward,original,512,520,7,45456,1.323007941,1.333500000,0.052900000,0.008400000
sample,advancing_forward,original,512,521,7,389,1.325055957,1.333900000,0.048300000,0.008300000
sample,advancing_forward,original,512,522,7,7485,1.330175996,1.340200000,0.048100000,0.008200000
sample,advancing_forward,original,512,523,7,284,1.345535994,1.362800000,0.074800000,0.017600000
sample,advancing_forward,original,512,524,7,3051,1.348608017,1.364300000,0.079700000,0.018800000
sample,advancing_forward,original,512,525,7,287,1.343487978,1.355500000,0.060100000,0.012500000
sample,advancing_forward,original,512,526,7,262,1.332224011,1.341800000,0.050900000,0.008500000
sample,advancing_forward,original,512,527,7,4295,1.325055957,1.334000000,0.046900000,0.008300000
sample,advancing_forward,original,512,512,8,837,1.340415955,1.372500000,0.086900000,0.025300000
sample,advancing_forward,original,512,513,8,290,1.330175996,1.343100000,0.062700000,0.014100000
sample,advancing_forward,original,512,514,8,460,1.321984053,1.332800000,0.050100000,0.008400000
sample,advancing_forward,original,512,515,8,307,1.318912029,1.329400000,0.069100000,0.009000000
sample,advancing_forward,original,512,516,8,12606,1.323007941,1.332900000,0.048200000,0.008800000
sample,advancing_forward,original,512,517,8,32455,1.379328012,1.392400000,0.104400000,0.013500000
sample,advancing_forward,original,512,518,8,837,1.324031949,1.333300000,0.048200000,0.008500000
sample,advancing_forward,original,512,519,8,3584,1.319936037,1.329700000,0.050100000,0.009100000
sample,advancing_forward,original,512,520,8,45456,1.325055957,1.333300000,0.047500000,0.008400000
sample,advancing_forward,original,512,521,8,389,1.328127980,1.337800000,0.050200000,0.009000000
sample,advancing_forward,original,512,522,8,7485,1.327103972,1.336700000,0.065600000,0.008200000
sample,advancing_forward,original,512,523,8,284,1.327103972,1.335700000,0.047400000,0.008200000
sample,advancing_forward,original,512,524,8,3051,1.327103972,1.336200000,0.046500000,0.008000000
sample,advancing_forward,original,512,525,8,287,1.332224011,1.343700000,0.050500000,0.008900000
sample,advancing_forward,original,512,526,8,262,1.359871984,1.383300000,0.094200000,0.024100000
sample,advancing_forward,original,512,527,8,4295,1.342463970,1.365100000,0.068900000,0.018800000
sample,advancing_forward,ordered4,512,512,8,837,1.609727979,1.619500000,0.046900000,0.008200000
sample,advancing_forward,ordered4,512,513,8,290,1.628160000,1.640400000,0.080100000,0.012100000
sample,advancing_forward,ordered4,512,514,8,460,1.620991945,1.630800000,0.052400000,0.008900000
sample,advancing_forward,ordered4,512,515,8,307,1.618944049,1.628700000,0.047700000,0.008200000
sample,advancing_forward,ordered4,512,516,8,12606,1.619968057,1.628800000,0.049300000,0.008200000
sample,advancing_forward,ordered4,512,517,8,32455,1.645568013,1.656500000,0.081200000,0.018600000
sample,advancing_forward,ordered4,512,518,8,837,1.655807972,1.672300000,0.087700000,0.027100000
sample,advancing_forward,ordered4,512,519,8,3584,1.661952019,1.680700000,0.083000000,0.039500000
sample,advancing_forward,ordered4,512,520,8,45456,1.624063969,1.635000000,0.047100000,0.008600000
sample,advancing_forward,ordered4,512,521,8,389,1.640447974,1.656700000,0.063900000,0.016400000
sample,advancing_forward,ordered4,512,522,8,7485,1.638399959,1.652300000,0.058600000,0.011600000
sample,advancing_forward,ordered4,512,523,8,284,1.630208015,1.638900000,0.050800000,0.008500000
sample,advancing_forward,ordered4,512,524,8,3051,1.633280039,1.646700000,0.053600000,0.011500000
sample,advancing_forward,ordered4,512,525,8,287,1.635328054,1.646600000,0.048900000,0.008900000
sample,advancing_forward,ordered4,512,526,8,262,1.642495990,1.655800000,0.057900000,0.014200000
sample,advancing_forward,ordered4,512,527,8,4295,1.630208015,1.639200000,0.050800000,0.008600000
sample,advancing_forward,ordered4,512,512,9,837,1.611775994,1.620700000,0.045800000,0.009200000
sample,advancing_forward,ordered4,512,513,9,290,1.613824010,1.622000000,0.042100000,0.008200000
sample,advancing_forward,ordered4,512,514,9,460,1.619968057,1.627900000,0.041800000,0.008300000
sample,advancing_forward,ordered4,512,515,9,307,1.616896033,1.624800000,0.043300000,0.008400000
sample,advancing_forward,ordered4,512,516,9,12606,1.618944049,1.626500000,0.042500000,0.008200000
sample,advancing_forward,ordered4,512,517,9,32455,1.620991945,1.628300000,0.041100000,0.008000000
sample,advancing_forward,ordered4,512,518,9,837,1.623039961,1.631200000,0.042600000,0.008300000
sample,advancing_forward,ordered4,512,519,9,3584,1.619968057,1.627900000,0.043400000,0.008000000
sample,advancing_forward,ordered4,512,520,9,45456,1.624063969,1.631900000,0.041500000,0.008200000
sample,advancing_forward,ordered4,512,521,9,389,1.643519998,1.655800000,0.066100000,0.017000000
sample,advancing_forward,ordered4,512,522,9,7485,1.644544005,1.659100000,0.065800000,0.019400000
sample,advancing_forward,ordered4,512,523,9,284,1.640447974,1.654500000,0.065500000,0.013800000
sample,advancing_forward,ordered4,512,524,9,3051,1.627135992,1.636400000,0.046100000,0.008700000
sample,advancing_forward,ordered4,512,525,9,287,1.632256031,1.642100000,0.048600000,0.008400000
sample,advancing_forward,ordered4,512,526,9,262,1.644544005,1.658400000,0.059100000,0.012700000
sample,advancing_forward,ordered4,512,527,9,4295,1.634304047,1.643500000,0.046700000,0.008900000
sample,advancing_forward,original,512,512,9,837,1.328127980,1.345300000,0.063500000,0.014500000
sample,advancing_forward,original,512,513,9,290,1.331200004,1.344200000,0.058000000,0.013100000
sample,advancing_forward,original,512,514,9,460,1.352704048,1.374300000,0.088500000,0.025800000
sample,advancing_forward,original,512,515,9,307,1.328127980,1.343200000,0.061600000,0.013900000
sample,advancing_forward,original,512,516,9,12606,1.321984053,1.332000000,0.049400000,0.008400000
sample,advancing_forward,original,512,517,9,32455,1.326079965,1.335300000,0.053700000,0.008300000
sample,advancing_forward,original,512,518,9,837,1.326079965,1.334800000,0.051400000,0.008100000
sample,advancing_forward,original,512,519,9,3584,1.327103972,1.342100000,0.080000000,0.011400000
sample,advancing_forward,original,512,520,9,45456,1.324031949,1.335500000,0.052700000,0.008600000
sample,advancing_forward,original,512,521,9,389,1.328127980,1.337200000,0.048500000,0.008400000
sample,advancing_forward,original,512,522,9,7485,1.330175996,1.339700000,0.050600000,0.008300000
sample,advancing_forward,original,512,523,9,284,1.346560001,1.359000000,0.066800000,0.020500000
sample,advancing_forward,original,512,524,9,3051,1.329151988,1.339400000,0.048600000,0.008700000
sample,advancing_forward,original,512,525,9,287,1.332224011,1.340800000,0.047800000,0.008200000
sample,advancing_forward,original,512,526,9,262,1.333248019,1.343000000,0.048700000,0.008100000
sample,advancing_forward,original,512,527,9,4295,1.326079965,1.335400000,0.051100000,0.008200000
sample,advancing_forward,original,512,512,10,837,1.311743975,1.321800000,0.048400000,0.008800000
sample,advancing_forward,original,512,513,10,290,1.325055957,1.337000000,0.062000000,0.011100000
sample,advancing_forward,original,512,514,10,460,1.321984053,1.331800000,0.048800000,0.008100000
sample,advancing_forward,original,512,515,10,307,1.316864014,1.326700000,0.049400000,0.008200000
sample,advancing_forward,original,512,516,10,12606,1.319936037,1.328800000,0.065400000,0.008200000
sample,advancing_forward,original,512,517,10,32455,1.339391947,1.355400000,0.063700000,0.012600000
sample,advancing_forward,original,512,518,10,837,1.337344050,1.353500000,0.080400000,0.013500000
sample,advancing_forward,original,512,519,10,3584,1.323007941,1.334300000,0.078400000,0.010600000
sample,advancing_forward,original,512,520,10,45456,1.321984053,1.332100000,0.047600000,0.008400000
sample,advancing_forward,original,512,521,10,389,1.338368058,1.351000000,0.074400000,0.016200000
sample,advancing_forward,original,512,522,10,7485,1.345535994,1.360900000,0.088000000,0.011800000
sample,advancing_forward,original,512,523,10,284,1.341439962,1.360500000,0.070900000,0.018000000
sample,advancing_forward,original,512,524,10,3051,1.339391947,1.365000000,0.060900000,0.015400000
sample,advancing_forward,original,512,525,10,287,1.334272027,1.345000000,0.051100000,0.008500000
sample,advancing_forward,original,512,526,10,262,1.350656033,1.371800000,0.096900000,0.020000000
sample,advancing_forward,original,512,527,10,4295,1.336320043,1.352900000,0.061200000,0.014500000
sample,advancing_forward,ordered4,512,512,10,837,1.610751987,1.621100000,0.047300000,0.008300000
sample,advancing_forward,ordered4,512,513,10,290,1.615872025,1.625400000,0.046200000,0.008400000
sample,advancing_forward,ordered4,512,514,10,460,1.622015953,1.633000000,0.054900000,0.010100000
sample,advancing_forward,ordered4,512,515,10,307,1.637375951,1.654600000,0.074500000,0.019100000
sample,advancing_forward,ordered4,512,516,10,12606,1.619968057,1.630000000,0.048100000,0.009300000
sample,advancing_forward,ordered4,512,517,10,32455,1.625087976,1.634500000,0.048000000,0.008900000
sample,advancing_forward,ordered4,512,518,10,837,1.636351943,1.650600000,0.057500000,0.011900000
sample,advancing_forward,ordered4,512,519,10,3584,1.622015953,1.631800000,0.047800000,0.008600000
sample,advancing_forward,ordered4,512,520,10,45456,1.624063969,1.633700000,0.072400000,0.008600000
sample,advancing_forward,ordered4,512,521,10,389,1.631232023,1.643000000,0.056500000,0.011000000
sample,advancing_forward,ordered4,512,522,10,7485,1.630208015,1.639900000,0.047700000,0.008300000
sample,advancing_forward,ordered4,512,523,10,284,1.628160000,1.637400000,0.047200000,0.008500000
sample,advancing_forward,ordered4,512,524,10,3051,1.630208015,1.640800000,0.052400000,0.008300000
sample,advancing_forward,ordered4,512,525,10,287,1.667072058,1.723600000,0.104200000,0.028000000
sample,advancing_forward,ordered4,512,526,10,262,1.794047952,1.848800000,0.529300000,0.045300000
sample,advancing_forward,ordered4,512,527,10,4295,1.670143962,1.686600000,0.111700000,0.040000000
sample,advancing_forward,ordered4,512,512,11,837,1.611775994,1.621000000,0.049200000,0.008300000
sample,advancing_forward,ordered4,512,513,11,290,1.619968057,1.630300000,0.048100000,0.008500000
sample,advancing_forward,ordered4,512,514,11,460,1.619968057,1.630600000,0.047600000,0.008300000
sample,advancing_forward,ordered4,512,515,11,307,1.630208015,1.642500000,0.059300000,0.011900000
sample,advancing_forward,ordered4,512,516,11,12606,1.617920041,1.628800000,0.048100000,0.008600000
sample,advancing_forward,ordered4,512,517,11,32455,1.620991945,1.630500000,0.047800000,0.008200000
sample,advancing_forward,ordered4,512,518,11,837,1.622015953,1.632500000,0.047900000,0.008400000
sample,advancing_forward,ordered4,512,519,11,3584,1.620991945,1.630700000,0.050600000,0.008400000
sample,advancing_forward,ordered4,512,520,11,45456,1.633280039,1.646100000,0.060500000,0.013600000
sample,advancing_forward,ordered4,512,521,11,389,1.625087976,1.635400000,0.047800000,0.008300000
sample,advancing_forward,ordered4,512,522,11,7485,1.630208015,1.640300000,0.047900000,0.008300000
sample,advancing_forward,ordered4,512,523,11,284,1.627135992,1.636700000,0.047400000,0.008200000
sample,advancing_forward,ordered4,512,524,11,3051,1.635328054,1.644300000,0.050100000,0.008100000
sample,advancing_forward,ordered4,512,525,11,287,1.636351943,1.645000000,0.049000000,0.008100000
sample,advancing_forward,ordered4,512,526,11,262,1.634240031,1.641900000,0.041100000,0.008300000
sample,advancing_forward,ordered4,512,527,11,4295,1.637375951,1.645100000,0.051800000,0.008000000
sample,advancing_forward,original,512,512,11,837,1.313791990,1.323500000,0.051500000,0.009400000
sample,advancing_forward,original,512,513,11,290,1.323007941,1.333300000,0.051800000,0.008600000
sample,advancing_forward,original,512,514,11,460,1.340415955,1.361100000,0.072700000,0.018600000
sample,advancing_forward,original,512,515,11,307,1.333248019,1.352500000,0.064200000,0.016300000
sample,advancing_forward,original,512,516,11,12606,1.349632025,1.371000000,0.089500000,0.019600000
sample,advancing_forward,original,512,517,11,32455,1.353728056,1.377800000,0.083600000,0.024300000
sample,advancing_forward,original,512,518,11,837,1.352704048,1.376900000,0.084700000,0.024800000
sample,advancing_forward,original,512,519,11,3584,1.360895991,1.388300000,0.105300000,0.030500000
sample,advancing_forward,original,512,520,11,45456,1.342463970,1.361300000,0.082800000,0.022500000
sample,advancing_forward,original,512,521,11,389,1.352704048,1.370200000,0.077800000,0.022900000
sample,advancing_forward,original,512,522,11,7485,1.356639981,1.374200000,0.078200000,0.023700000
sample,advancing_forward,original,512,523,11,284,1.350656033,1.368500000,0.077700000,0.023600000
sample,advancing_forward,original,512,524,11,3051,1.363839984,1.383700000,0.089000000,0.030800000
sample,advancing_forward,original,512,525,11,287,1.365919948,1.383800000,0.081000000,0.026900000
sample,advancing_forward,original,512,526,11,262,1.360800028,1.406500000,0.082400000,0.026400000
sample,advancing_forward,original,512,527,11,4295,1.372159958,1.397100000,0.098900000,0.042100000
sample,advancing_forward,original,512,512,12,837,1.338368058,1.356000000,0.081000000,0.022400000
sample,advancing_forward,original,512,513,12,290,1.332224011,1.349700000,0.064600000,0.016300000
sample,advancing_forward,original,512,514,12,460,1.321984053,1.333200000,0.048200000,0.008700000
sample,advancing_forward,original,512,515,12,307,1.320960045,1.332000000,0.047900000,0.008200000
sample,advancing_forward,original,512,516,12,12606,1.337344050,1.350800000,0.063800000,0.014100000
sample,advancing_forward,original,512,517,12,32455,1.325055957,1.334700000,0.047500000,0.008300000
sample,advancing_forward,original,512,518,12,837,1.325055957,1.333900000,0.049300000,0.008200000
sample,advancing_forward,original,512,519,12,3584,1.321984053,1.330500000,0.047100000,0.008300000
sample,advancing_forward,original,512,520,12,45456,1.320960045,1.331000000,0.046800000,0.008200000
sample,advancing_forward,original,512,521,12,389,1.339391947,1.352600000,0.059700000,0.012400000
sample,advancing_forward,original,512,522,12,7485,1.327103972,1.336400000,0.050700000,0.008500000
sample,advancing_forward,original,512,523,12,284,1.323007941,1.332200000,0.050500000,0.008400000
sample,advancing_forward,original,512,524,12,3051,1.328127980,1.337400000,0.047100000,0.008200000
sample,advancing_forward,original,512,525,12,287,1.343487978,1.357100000,0.066500000,0.015100000
sample,advancing_forward,original,512,526,12,262,1.358847976,1.373900000,0.078900000,0.017800000
sample,advancing_forward,original,512,527,12,4295,1.338368058,1.352200000,0.059000000,0.013800000
sample,advancing_forward,ordered4,512,512,12,837,1.611775994,1.621500000,0.048400000,0.008500000
sample,advancing_forward,ordered4,512,513,12,290,1.633280039,1.649100000,0.064500000,0.015000000
sample,advancing_forward,ordered4,512,514,12,460,1.619968057,1.629900000,0.052400000,0.008700000
sample,advancing_forward,ordered4,512,515,12,307,1.617920041,1.626900000,0.048400000,0.008300000
sample,advancing_forward,ordered4,512,516,12,12606,1.617920041,1.627600000,0.046200000,0.008100000
sample,advancing_forward,ordered4,512,517,12,32455,1.635328054,1.648300000,0.063500000,0.011900000
sample,advancing_forward,ordered4,512,518,12,837,1.625087976,1.634000000,0.047100000,0.008600000
sample,advancing_forward,ordered4,512,519,12,3584,1.623039961,1.633100000,0.049600000,0.008100000
sample,advancing_forward,ordered4,512,520,12,45456,1.624063969,1.635900000,0.051000000,0.009300000
sample,advancing_forward,ordered4,512,521,12,389,1.635328054,1.648400000,0.051500000,0.010800000
sample,advancing_forward,ordered4,512,522,12,7485,1.632256031,1.647200000,0.076100000,0.009400000
sample,advancing_forward,ordered4,512,523,12,284,1.647616029,1.664800000,0.079700000,0.017800000
sample,advancing_forward,ordered4,512,524,12,3051,1.655807972,1.681400000,0.096400000,0.025400000
sample,advancing_forward,ordered4,512,525,12,287,1.642495990,1.655100000,0.055800000,0.013400000
sample,advancing_forward,ordered4,512,526,12,262,1.635328054,1.644400000,0.045800000,0.008900000
sample,advancing_forward,ordered4,512,527,12,4295,1.648640037,1.662700000,0.057600000,0.017800000
sample,advancing_forward,ordered4,512,512,13,837,1.606655955,1.614300000,0.040700000,0.008100000
sample,advancing_forward,ordered4,512,513,13,290,1.617920041,1.625900000,0.042800000,0.008400000
sample,advancing_forward,ordered4,512,514,13,460,1.618944049,1.627600000,0.043400000,0.008100000
sample,advancing_forward,ordered4,512,515,13,307,1.615872025,1.623700000,0.040600000,0.008200000
sample,advancing_forward,ordered4,512,516,13,12606,1.617920041,1.626300000,0.040400000,0.008300000
sample,advancing_forward,ordered4,512,517,13,32455,1.620959997,1.628400000,0.040300000,0.008100000
sample,advancing_forward,ordered4,512,518,13,837,1.624927998,1.632000000,0.040600000,0.008200000
sample,advancing_forward,ordered4,512,519,13,3584,1.625087976,1.635900000,0.059200000,0.011100000
sample,advancing_forward,ordered4,512,520,13,45456,1.635328054,1.648300000,0.054600000,0.014100000
sample,advancing_forward,ordered4,512,521,13,389,1.628160000,1.637000000,0.047700000,0.008700000
sample,advancing_forward,ordered4,512,522,13,7485,1.637375951,1.650000000,0.055000000,0.012600000
sample,advancing_forward,ordered4,512,523,13,284,1.626111984,1.635400000,0.047800000,0.008600000
sample,advancing_forward,ordered4,512,524,13,3051,1.631232023,1.640400000,0.048800000,0.008100000
sample,advancing_forward,ordered4,512,525,13,287,1.631232023,1.642700000,0.048300000,0.008500000
sample,advancing_forward,ordered4,512,526,13,262,1.654783964,1.673700000,0.068700000,0.018100000
sample,advancing_forward,ordered4,512,527,13,4295,1.633280039,1.642700000,0.051700000,0.008900000
sample,advancing_forward,original,512,512,13,837,1.329151988,1.344700000,0.074100000,0.013800000
sample,advancing_forward,original,512,513,13,290,1.344511986,1.356400000,0.082000000,0.018200000
sample,advancing_forward,original,512,514,13,460,1.333248019,1.349400000,0.061100000,0.012900000
sample,advancing_forward,original,512,515,13,307,1.348608017,1.366800000,0.078100000,0.019000000
sample,advancing_forward,original,512,516,13,12606,1.324031949,1.333800000,0.052200000,0.009400000
sample,advancing_forward,original,512,517,13,32455,1.324031949,1.333600000,0.050900000,0.008100000
sample,advancing_forward,original,512,518,13,837,1.327103972,1.337600000,0.051000000,0.010100000
sample,advancing_forward,original,512,519,13,3584,1.324031949,1.332800000,0.050500000,0.008200000
sample,advancing_forward,original,512,520,13,45456,1.321984053,1.331700000,0.049800000,0.008100000
sample,advancing_forward,original,512,521,13,389,1.324031949,1.333800000,0.047500000,0.008100000
sample,advancing_forward,original,512,522,13,7485,1.329151988,1.338900000,0.047500000,0.008300000
sample,advancing_forward,original,512,523,13,284,1.325055957,1.335000000,0.050400000,0.008400000
sample,advancing_forward,original,512,524,13,3051,1.326079965,1.337200000,0.046800000,0.008100000
sample,advancing_forward,original,512,525,13,287,1.349632025,1.369700000,0.064800000,0.017100000
sample,advancing_forward,original,512,526,13,262,1.349632025,1.365700000,0.075500000,0.016600000
sample,advancing_forward,original,512,527,13,4295,1.341439962,1.356200000,0.063200000,0.015400000
sample,advancing_forward,original,512,512,14,837,1.314815998,1.323800000,0.048000000,0.008600000
sample,advancing_forward,original,512,513,14,290,1.318912029,1.327900000,0.047300000,0.008300000
sample,advancing_forward,original,512,514,14,460,1.324031949,1.333000000,0.050200000,0.007800000
sample,advancing_forward,original,512,515,14,307,1.317888021,1.327300000,0.046500000,0.008000000
sample,advancing_forward,original,512,516,14,12606,1.321984053,1.330600000,0.066400000,0.008100000
sample,advancing_forward,original,512,517,14,32455,1.330175996,1.338900000,0.046500000,0.007900000
sample,advancing_forward,original,512,518,14,837,1.326079965,1.335500000,0.045700000,0.008000000
sample,advancing_forward,original,512,519,14,3584,1.318912029,1.328000000,0.045700000,0.008000000
sample,advancing_forward,original,512,520,14,45456,1.328127980,1.345100000,0.054300000,0.011000000
sample,advancing_forward,original,512,521,14,389,1.326079965,1.334900000,0.046800000,0.008300000
sample,advancing_forward,original,512,522,14,7485,1.328127980,1.337600000,0.049000000,0.008000000
sample,advancing_forward,original,512,523,14,284,1.325055957,1.333900000,0.049200000,0.008000000
sample,advancing_forward,original,512,524,14,3051,1.325055957,1.335500000,0.047400000,0.008100000
sample,advancing_forward,original,512,525,14,287,1.330175996,1.339600000,0.047800000,0.008000000
sample,advancing_forward,original,512,526,14,262,1.331200004,1.339400000,0.041300000,0.008000000
sample,advancing_forward,original,512,527,14,4295,1.320960045,1.328500000,0.041700000,0.007900000
sample,advancing_forward,ordered4,512,512,14,837,1.609727979,1.617400000,0.040700000,0.008200000
sample,advancing_forward,ordered4,512,513,14,290,1.615872025,1.624100000,0.040300000,0.008000000
sample,advancing_forward,ordered4,512,514,14,460,1.620800018,1.628300000,0.040400000,0.008000000
sample,advancing_forward,ordered4,512,515,14,307,1.615872025,1.623300000,0.040400000,0.008100000
sample,advancing_forward,ordered4,512,516,14,12606,1.619968057,1.633000000,0.039900000,0.008100000
sample,advancing_forward,ordered4,512,517,14,32455,1.837056041,1.902100000,0.452900000,0.107500000
sample,advancing_forward,ordered4,512,518,14,837,1.635328054,1.648000000,0.053000000,0.013500000
sample,advancing_forward,ordered4,512,519,14,3584,1.622015953,1.632300000,0.046800000,0.008500000
sample,advancing_forward,ordered4,512,520,14,45456,1.637375951,1.651700000,0.061300000,0.014100000
sample,advancing_forward,ordered4,512,521,14,389,1.627135992,1.636500000,0.077200000,0.008500000
sample,advancing_forward,ordered4,512,522,14,7485,1.630208015,1.638800000,0.045900000,0.008200000
sample,advancing_forward,ordered4,512,523,14,284,1.637375951,1.646800000,0.062500000,0.015000000
sample,advancing_forward,ordered4,512,524,14,3051,1.640447974,1.652600000,0.058000000,0.011800000
sample,advancing_forward,ordered4,512,525,14,287,1.636351943,1.645500000,0.046600000,0.008400000
sample,advancing_forward,ordered4,512,526,14,262,1.635328054,1.644600000,0.045300000,0.007900000
sample,advancing_forward,ordered4,512,527,14,4295,1.632256031,1.641700000,0.045900000,0.008100000
sample,advancing_forward,ordered4,512,512,15,837,1.634304047,1.652200000,0.078200000,0.020900000
sample,advancing_forward,ordered4,512,513,15,290,1.630208015,1.656500000,0.068200000,0.019000000
sample,advancing_forward,ordered4,512,514,15,460,1.626111984,1.637700000,0.054800000,0.012100000
sample,advancing_forward,ordered4,512,515,15,307,1.615872025,1.626500000,0.052000000,0.008500000
sample,advancing_forward,ordered4,512,516,15,12606,1.617920041,1.627400000,0.047700000,0.008300000
sample,advancing_forward,ordered4,512,517,15,32455,1.623039961,1.633700000,0.048700000,0.008200000
sample,advancing_forward,ordered4,512,518,15,837,1.638399959,1.654100000,0.062600000,0.014500000
sample,advancing_forward,ordered4,512,519,15,3584,1.620991945,1.630800000,0.047500000,0.008400000
sample,advancing_forward,ordered4,512,520,15,45456,1.623039961,1.633300000,0.047200000,0.008300000
sample,advancing_forward,ordered4,512,521,15,389,1.638399959,1.651700000,0.056400000,0.011900000
sample,advancing_forward,ordered4,512,522,15,7485,1.638399959,1.652500000,0.055000000,0.012900000
sample,advancing_forward,ordered4,512,523,15,284,1.634304047,1.644900000,0.061900000,0.013300000
sample,advancing_forward,ordered4,512,524,15,3051,1.634304047,1.644700000,0.062600000,0.013100000
sample,advancing_forward,ordered4,512,525,15,287,1.637375951,1.647600000,0.080900000,0.013400000
sample,advancing_forward,ordered4,512,526,15,262,1.640447974,1.652500000,0.075200000,0.013000000
sample,advancing_forward,ordered4,512,527,15,4295,1.642495990,1.654300000,0.068400000,0.014800000
sample,advancing_forward,original,512,512,15,837,1.312767982,1.322300000,0.047600000,0.008500000
sample,advancing_forward,original,512,513,15,290,1.319936037,1.329200000,0.047100000,0.008100000
sample,advancing_forward,original,512,514,15,460,1.319936037,1.329400000,0.047200000,0.008000000
sample,advancing_forward,original,512,515,15,307,1.331200004,1.344100000,0.059500000,0.013000000
sample,advancing_forward,original,512,516,15,12606,1.321984053,1.330700000,0.047500000,0.008400000
sample,advancing_forward,original,512,517,15,32455,1.326079965,1.335200000,0.047500000,0.008100000
sample,advancing_forward,original,512,518,15,837,1.327103972,1.336200000,0.047800000,0.008300000
sample,advancing_forward,original,512,519,15,3584,1.319936037,1.329200000,0.048600000,0.008300000
sample,advancing_forward,original,512,520,15,45456,1.320960045,1.330100000,0.048900000,0.008000000
sample,advancing_forward,original,512,521,15,389,1.328127980,1.335200000,0.041800000,0.008000000
sample,advancing_forward,original,512,522,15,7485,1.327103972,1.335100000,0.041500000,0.007900000
sample,advancing_forward,original,512,523,15,284,1.325055957,1.335000000,0.047400000,0.007900000
sample,advancing_forward,original,512,524,15,3051,1.325055957,1.334600000,0.048900000,0.008100000
sample,advancing_forward,original,512,525,15,287,1.330175996,1.340200000,0.046700000,0.007900000
sample,advancing_forward,original,512,526,15,262,1.330175996,1.340600000,0.046600000,0.008000000
sample,advancing_forward,original,512,527,15,4295,1.351680040,1.370200000,0.085700000,0.024100000
sample,advancing_forward,original,1007,1007,0,837,1.641471982,1.653700000,0.046700000,0.008800000
sample,advancing_forward,original,1007,1008,0,290,1.678336024,1.702400000,0.089300000,0.031400000
sample,advancing_forward,original,1007,1009,0,1863,1.648640037,1.658100000,0.084400000,0.009500000
sample,advancing_forward,original,1007,1010,0,691,1.647616029,1.655000000,0.044800000,0.008200000
sample,advancing_forward,original,1007,1011,0,262,1.661952019,1.675700000,0.055800000,0.014400000
sample,advancing_forward,original,1007,1012,0,5093,1.647616029,1.657600000,0.048700000,0.009000000
sample,advancing_forward,original,1007,1013,0,2488,1.649664044,1.658900000,0.046000000,0.008300000
sample,advancing_forward,original,1007,1014,0,12,1.651711941,1.661800000,0.045600000,0.008300000
sample,advancing_forward,original,1007,1015,0,31,1.662976027,1.679200000,0.062600000,0.015400000
sample,advancing_forward,original,1007,1016,0,7421,1.647616029,1.657500000,0.047700000,0.008200000
sample,advancing_forward,original,1007,1017,0,7051,1.650688052,1.659000000,0.047200000,0.008100000
sample,advancing_forward,original,1007,1018,0,286,1.655807972,1.664400000,0.048500000,0.008500000
sample,advancing_forward,original,1007,1019,0,262,1.651711941,1.661200000,0.046900000,0.008000000
sample,advancing_forward,original,1007,1020,0,2619,1.653759956,1.662600000,0.048500000,0.008000000
sample,advancing_forward,original,1007,1021,0,6896,1.654783964,1.663700000,0.048700000,0.008000000
sample,advancing_forward,original,1007,1022,0,764,1.657855988,1.666500000,0.046000000,0.008100000
sample,advancing_forward,ordered4,1007,1007,0,837,2.237440109,2.249800000,0.057000000,0.011700000
sample,advancing_forward,ordered4,1007,1008,0,290,2.229248047,2.238700000,0.046100000,0.008300000
sample,advancing_forward,ordered4,1007,1009,0,1863,2.233344078,2.242000000,0.046500000,0.008000000
sample,advancing_forward,ordered4,1007,1010,0,691,2.234368086,2.243500000,0.051300000,0.008100000
sample,advancing_forward,ordered4,1007,1011,0,262,2.236416101,2.245900000,0.053300000,0.008300000
sample,advancing_forward,ordered4,1007,1012,0,5093,2.234368086,2.244400000,0.048200000,0.008700000
sample,advancing_forward,ordered4,1007,1013,0,2488,2.237440109,2.245900000,0.047100000,0.007900000
sample,advancing_forward,ordered4,1007,1014,0,12,2.244607925,2.257600000,0.070400000,0.012500000
sample,advancing_forward,ordered4,1007,1015,0,31,2.268160105,2.291400000,0.084400000,0.028000000
sample,advancing_forward,ordered4,1007,1016,0,7421,2.240511894,2.250300000,0.052400000,0.008600000
sample,advancing_forward,ordered4,1007,1017,0,7051,2.251775980,2.263400000,0.076300000,0.010400000
sample,advancing_forward,ordered4,1007,1018,0,286,2.243583918,2.253600000,0.047400000,0.008200000
sample,advancing_forward,ordered4,1007,1019,0,262,2.239487886,2.249700000,0.047800000,0.008200000
sample,advancing_forward,ordered4,1007,1020,0,2619,2.250751972,2.265100000,0.056000000,0.011500000
sample,advancing_forward,ordered4,1007,1021,0,6896,2.264064074,2.286700000,0.070700000,0.016900000
sample,advancing_forward,ordered4,1007,1022,0,764,2.278399944,2.295500000,0.084300000,0.027100000
sample,advancing_forward,ordered4,1007,1007,1,837,2.229248047,2.238800000,0.051700000,0.008300000
sample,advancing_forward,ordered4,1007,1008,1,290,2.242559910,2.256300000,0.059500000,0.012600000
sample,advancing_forward,ordered4,1007,1009,1,1863,2.232320070,2.242000000,0.047800000,0.008200000
sample,advancing_forward,ordered4,1007,1010,1,691,2.234368086,2.244100000,0.049900000,0.008100000
sample,advancing_forward,ordered4,1007,1011,1,262,2.234368086,2.244000000,0.051600000,0.008200000
sample,advancing_forward,ordered4,1007,1012,1,5093,2.231296062,2.239200000,0.042400000,0.008100000
sample,advancing_forward,ordered4,1007,1013,1,2488,2.239487886,2.246900000,0.047500000,0.008200000
sample,advancing_forward,ordered4,1007,1014,1,12,2.237440109,2.245100000,0.041700000,0.008000000
sample,advancing_forward,ordered4,1007,1015,1,31,2.245631933,2.257200000,0.052200000,0.011200000
sample,advancing_forward,ordered4,1007,1016,1,7421,2.237440109,2.244700000,0.042100000,0.008400000
sample,advancing_forward,ordered4,1007,1017,1,7051,2.241535902,2.249100000,0.041700000,0.008200000
sample,advancing_forward,ordered4,1007,1018,1,286,2.248703957,2.256600000,0.040800000,0.008000000
sample,advancing_forward,ordered4,1007,1019,1,262,2.241535902,2.249200000,0.042300000,0.008000000
sample,advancing_forward,ordered4,1007,1020,1,2619,2.243583918,2.252700000,0.043300000,0.010000000
sample,advancing_forward,ordered4,1007,1021,1,6896,2.244607925,2.254300000,0.044900000,0.008200000
sample,advancing_forward,ordered4,1007,1022,1,764,2.269184113,2.288300000,0.075400000,0.021300000
sample,advancing_forward,original,1007,1007,1,837,1.654783964,1.668100000,0.058900000,0.012400000
sample,advancing_forward,original,1007,1008,1,290,1.643519998,1.652300000,0.052500000,0.008900000
sample,advancing_forward,original,1007,1009,1,1863,1.644544005,1.651900000,0.042200000,0.008000000
sample,advancing_forward,original,1007,1010,1,691,1.645568013,1.653900000,0.041800000,0.008100000
sample,advancing_forward,original,1007,1011,1,262,1.643519998,1.651200000,0.042100000,0.008100000
sample,advancing_forward,original,1007,1012,1,5093,1.647552013,1.655100000,0.041000000,0.008100000
sample,advancing_forward,original,1007,1013,1,2488,1.649664044,1.658000000,0.041700000,0.008100000
sample,advancing_forward,original,1007,1014,1,12,1.649567962,1.656900000,0.041400000,0.007900000
sample,advancing_forward,original,1007,1015,1,31,1.668095946,1.688800000,0.077400000,0.019200000
sample,advancing_forward,original,1007,1016,1,7421,1.914880037,1.998600000,0.571700000,0.159900000
sample,advancing_forward,original,1007,1017,1,7051,1.664000034,1.678000000,0.055500000,0.015500000
sample,advancing_forward,original,1007,1018,1,286,1.676288009,1.685700000,0.073800000,0.027100000
sample,advancing_forward,original,1007,1019,1,262,1.649664044,1.659300000,0.048300000,0.008300000
sample,advancing_forward,original,1007,1020,1,2619,1.652735949,1.662000000,0.047400000,0.008100000
sample,advancing_forward,original,1007,1021,1,6896,1.654783964,1.664500000,0.050300000,0.008000000
sample,advancing_forward,original,1007,1022,1,764,1.667072058,1.680100000,0.059200000,0.011500000
sample,advancing_forward,original,1007,1007,2,837,1.641471982,1.650400000,0.047800000,0.008500000
sample,advancing_forward,original,1007,1008,2,290,1.643519998,1.653100000,0.049700000,0.008100000
sample,advancing_forward,original,1007,1009,2,1863,1.645568013,1.654900000,0.048800000,0.008400000
sample,advancing_forward,original,1007,1010,2,691,1.646592021,1.656400000,0.047400000,0.008300000
sample,advancing_forward,original,1007,1011,2,262,1.644544005,1.653800000,0.047400000,0.008000000
sample,advancing_forward,original,1007,1012,2,5093,1.645568013,1.655300000,0.047300000,0.008200000
sample,advancing_forward,original,1007,1013,2,2488,1.652735949,1.661900000,0.049700000,0.008000000
sample,advancing_forward,original,1007,1014,2,12,1.654783964,1.664200000,0.047100000,0.008100000
sample,advancing_forward,original,1007,1015,2,31,1.666048050,1.682500000,0.079100000,0.018200000
sample,advancing_forward,original,1007,1016,2,7421,1.664000034,1.679500000,0.057300000,0.016800000
sample,advancing_forward,original,1007,1017,2,7051,1.653759956,1.662400000,0.048000000,0.008700000
sample,advancing_forward,original,1007,1018,2,286,1.652735949,1.662900000,0.045900000,0.008100000
sample,advancing_forward,original,1007,1019,2,262,1.664000034,1.682500000,0.060800000,0.016400000
sample,advancing_forward,original,1007,1020,2,2619,1.657855988,1.668900000,0.077900000,0.009300000
sample,advancing_forward,original,1007,1021,2,6896,1.656831980,1.666000000,0.049600000,0.008300000
sample,advancing_forward,original,1007,1022,2,764,1.669119954,1.681100000,0.057200000,0.011600000
sample,advancing_forward,ordered4,1007,1007,2,837,2.249727964,2.274900000,0.077300000,0.019500000
sample,advancing_forward,ordered4,1007,1008,2,290,2.244607925,2.259500000,0.064500000,0.012600000
sample,advancing_forward,ordered4,1007,1009,2,1863,2.236416101,2.247300000,0.056300000,0.008700000
sample,advancing_forward,ordered4,1007,1010,2,691,2.243583918,2.254100000,0.051000000,0.010500000
sample,advancing_forward,ordered4,1007,1011,2,262,2.242559910,2.258000000,0.076500000,0.016600000
sample,advancing_forward,ordered4,1007,1012,2,5093,2.253823996,2.267200000,0.057200000,0.015200000
sample,advancing_forward,ordered4,1007,1013,2,2488,2.265088081,2.281400000,0.064900000,0.018400000
sample,advancing_forward,ordered4,1007,1014,2,12,2.254848003,2.269800000,0.055500000,0.013000000
sample,advancing_forward,ordered4,1007,1015,2,31,2.287616014,2.328000000,0.102800000,0.039200000
sample,advancing_forward,ordered4,1007,1016,2,7421,2.271231890,2.296900000,0.071200000,0.025500000
sample,advancing_forward,ordered4,1007,1017,2,7051,2.274303913,2.293500000,0.080700000,0.022900000
sample,advancing_forward,ordered4,1007,1018,2,286,2.263040066,2.274900000,0.055200000,0.014300000
sample,advancing_forward,ordered4,1007,1019,2,262,2.258944035,2.273800000,0.067300000,0.017100000
sample,advancing_forward,ordered4,1007,1020,2,2619,2.255872011,2.269600000,0.056700000,0.015200000
sample,advancing_forward,ordered4,1007,1021,2,6896,2.287584066,2.311800000,0.087500000,0.030100000
sample,advancing_forward,ordered4,1007,1022,2,764,2.277375937,2.297600000,0.076900000,0.028300000
sample,advancing_forward,ordered4,1007,1007,3,837,2.233344078,2.245600000,0.052500000,0.008800000
sample,advancing_forward,ordered4,1007,1008,3,290,2.232320070,2.251700000,0.055900000,0.009900000
sample,advancing_forward,ordered4,1007,1009,3,1863,2.310143948,2.376200000,0.145100000,0.057800000
sample,advancing_forward,ordered4,1007,1010,3,691,2.289664030,2.319900000,0.128300000,0.040900000
sample,advancing_forward,ordered4,1007,1011,3,262,2.281440020,2.306800000,0.102900000,0.038500000
sample,advancing_forward,ordered4,1007,1012,3,5093,2.303999901,2.342300000,0.131100000,0.055600000
sample,advancing_forward,ordered4,1007,1013,3,2488,2.289664030,2.323800000,0.108200000,0.044400000
sample,advancing_forward,ordered4,1007,1014,3,12,2.303999901,2.352700000,0.129800000,0.052400000
sample,advancing_forward,ordered4,1007,1015,3,31,2.291712046,2.322200000,0.111600000,0.042600000
sample,advancing_forward,ordered4,1007,1016,3,7421,2.298880100,2.333700000,0.112100000,0.045400000
sample,advancing_forward,ordered4,1007,1017,3,7051,2.284543991,2.314000000,0.085000000,0.032900000
sample,advancing_forward,ordered4,1007,1018,3,286,2.264960051,2.282300000,0.064500000,0.019200000
sample,advancing_forward,ordered4,1007,1019,3,262,2.273279905,2.293100000,0.088000000,0.028200000
sample,advancing_forward,ordered4,1007,1020,3,2619,2.298880100,2.329900000,0.117700000,0.042100000
sample,advancing_forward,ordered4,1007,1021,3,6896,2.283519983,2.318300000,0.085700000,0.033800000
sample,advancing_forward,ordered4,1007,1022,3,764,2.302975893,2.346300000,0.105000000,0.044400000
sample,advancing_forward,original,1007,1007,3,837,1.650688052,1.664000000,0.062600000,0.012600000
sample,advancing_forward,original,1007,1008,3,290,1.652735949,1.664000000,0.050800000,0.011800000
sample,advancing_forward,original,1007,1009,3,1863,1.661952019,1.683300000,0.066900000,0.018200000
sample,advancing_forward,original,1007,1010,3,691,1.650688052,1.663000000,0.051300000,0.008600000
sample,advancing_forward,original,1007,1011,3,262,1.647616029,1.657900000,0.069300000,0.008800000
sample,advancing_forward,original,1007,1012,3,5093,1.691648006,1.705200000,0.092100000,0.016800000
sample,advancing_forward,original,1007,1013,3,2488,1.665856004,1.681100000,0.057600000,0.013300000
sample,advancing_forward,original,1007,1014,3,12,1.662976027,1.674800000,0.062600000,0.011300000
sample,advancing_forward,original,1007,1015,3,31,1.648640037,1.659500000,0.051800000,0.009400000
sample,advancing_forward,original,1007,1016,3,7421,1.653759956,1.664100000,0.046000000,0.011500000
sample,advancing_forward,original,1007,1017,3,7051,1.653759956,1.664100000,0.046400000,0.010600000
sample,advancing_forward,original,1007,1018,3,286,1.655807972,1.665700000,0.075000000,0.011200000
sample,advancing_forward,original,1007,1019,3,262,1.654783964,1.664400000,0.054100000,0.010800000
sample,advancing_forward,original,1007,1020,3,2619,1.653759956,1.666200000,0.047500000,0.010000000
sample,advancing_forward,original,1007,1021,3,6896,1.693696022,1.712100000,0.081600000,0.028600000
sample,advancing_forward,original,1007,1022,3,764,1.679360032,1.696000000,0.067000000,0.021100000
sample,advancing_forward,original,1007,1007,4,837,1.642495990,1.651600000,0.048100000,0.008200000
sample,advancing_forward,original,1007,1008,4,290,1.642495990,1.653300000,0.044600000,0.008100000
sample,advancing_forward,original,1007,1009,4,1863,1.679360032,1.700800000,0.093600000,0.028300000
sample,advancing_forward,original,1007,1010,4,691,1.673215985,1.691000000,0.076500000,0.019900000
sample,advancing_forward,original,1007,1011,4,262,1.656831980,1.668400000,0.059300000,0.013100000
sample,advancing_forward,original,1007,1012,4,5093,1.647616029,1.657000000,0.051900000,0.008100000
sample,advancing_forward,original,1007,1013,4,2488,1.652735949,1.662700000,0.052900000,0.007900000
sample,advancing_forward,original,1007,1014,4,12,1.673215985,1.688900000,0.071500000,0.017200000
sample,advancing_forward,original,1007,1015,4,31,1.659904003,1.672800000,0.060100000,0.013000000
sample,advancing_forward,original,1007,1016,4,7421,1.650688052,1.659800000,0.047900000,0.008400000
sample,advancing_forward,original,1007,1017,4,7051,1.653759956,1.663400000,0.050700000,0.008000000
sample,advancing_forward,original,1007,1018,4,286,1.673215985,1.693900000,0.101000000,0.016600000
sample,advancing_forward,original,1007,1019,4,262,1.671167970,1.692400000,0.116300000,0.020900000
sample,advancing_forward,original,1007,1020,4,2619,1.681408048,1.703700000,0.094200000,0.022300000
sample,advancing_forward,original,1007,1021,4,6896,1.668095946,1.679500000,0.065800000,0.014100000
sample,advancing_forward,original,1007,1022,4,764,1.656831980,1.667200000,0.053800000,0.008300000
sample,advancing_forward,ordered4,1007,1007,4,837,2.242559910,2.256600000,0.059500000,0.010700000
sample,advancing_forward,ordered4,1007,1008,4,290,2.266976118,2.282900000,0.086700000,0.013800000
sample,advancing_forward,ordered4,1007,1009,4,1863,2.279423952,2.297800000,0.150800000,0.044800000
sample,advancing_forward,ordered4,1007,1010,4,691,2.234368086,2.242800000,0.047700000,0.008500000
sample,advancing_forward,ordered4,1007,1011,4,262,2.247679949,2.262900000,0.059500000,0.014900000
sample,advancing_forward,ordered4,1007,1012,4,5093,2.243583918,2.253800000,0.050900000,0.011000000
sample,advancing_forward,ordered4,1007,1013,4,2488,2.234368086,2.246600000,0.046300000,0.008200000
sample,advancing_forward,ordered4,1007,1014,4,12,2.254848003,2.277200000,0.073900000,0.018000000
sample,advancing_forward,ordered4,1007,1015,4,31,2.234368086,2.244200000,0.046600000,0.008400000
sample,advancing_forward,ordered4,1007,1016,4,7421,2.241535902,2.252000000,0.065800000,0.013800000
sample,advancing_forward,ordered4,1007,1017,4,7051,2.264064074,2.279600000,0.075900000,0.022600000
sample,advancing_forward,ordered4,1007,1018,4,286,2.251775980,2.261700000,0.052700000,0.008600000
sample,advancing_forward,ordered4,1007,1019,4,262,2.253823996,2.275100000,0.077300000,0.012900000
sample,advancing_forward,ordered4,1007,1020,4,2619,2.284543991,2.321400000,0.109200000,0.035400000
sample,advancing_forward,ordered4,1007,1021,4,6896,2.250751972,2.262200000,0.052900000,0.009700000
sample,advancing_forward,ordered4,1007,1022,4,764,2.271231890,2.291100000,0.076200000,0.020400000
sample,advancing_forward,ordered4,1007,1007,5,837,2.228960037,2.236200000,0.046100000,0.008500000
sample,advancing_forward,ordered4,1007,1008,5,290,2.228224039,2.238500000,0.048000000,0.008200000
sample,advancing_forward,ordered4,1007,1009,5,1863,2.241535902,2.253700000,0.056400000,0.012900000
sample,advancing_forward,ordered4,1007,1010,5,691,2.237440109,2.246700000,0.048200000,0.008500000
sample,advancing_forward,ordered4,1007,1011,5,262,2.233344078,2.244200000,0.049500000,0.009500000
sample,advancing_forward,ordered4,1007,1012,5,5093,2.235392094,2.247000000,0.056100000,0.010300000
sample,advancing_forward,ordered4,1007,1013,5,2488,2.240511894,2.251900000,0.048500000,0.008200000
sample,advancing_forward,ordered4,1007,1014,5,12,2.265088081,2.283200000,0.081000000,0.020800000
sample,advancing_forward,ordered4,1007,1015,5,31,2.242559910,2.253800000,0.078100000,0.011000000
sample,advancing_forward,ordered4,1007,1016,5,7421,2.254848003,2.275600000,0.069500000,0.016700000
sample,advancing_forward,ordered4,1007,1017,5,7051,2.267136097,2.294100000,0.092800000,0.022700000
sample,advancing_forward,ordered4,1007,1018,5,286,2.257920027,2.273400000,0.062900000,0.014000000
sample,advancing_forward,ordered4,1007,1019,5,262,2.255872011,2.270600000,0.066900000,0.013900000
sample,advancing_forward,ordered4,1007,1020,5,2619,2.244607925,2.254300000,0.052400000,0.008100000
sample,advancing_forward,ordered4,1007,1021,5,6896,2.249727964,2.259000000,0.049500000,0.008100000
sample,advancing_forward,ordered4,1007,1022,5,764,2.260992050,2.275100000,0.059100000,0.013900000
sample,advancing_forward,original,1007,1007,5,837,1.662976027,1.684700000,0.082900000,0.021800000
sample,advancing_forward,original,1007,1008,5,290,1.671167970,1.685100000,0.084500000,0.018600000
sample,advancing_forward,original,1007,1009,5,1863,1.650688052,1.663200000,0.054200000,0.011700000
sample,advancing_forward,original,1007,1010,5,691,1.655807972,1.673700000,0.057900000,0.012700000
sample,advancing_forward,original,1007,1011,5,262,1.683455944,1.711900000,0.093500000,0.026500000
sample,advancing_forward,original,1007,1012,5,5093,1.675264001,1.699100000,0.085400000,0.021500000
sample,advancing_forward,original,1007,1013,5,2488,1.664000034,1.681000000,0.062200000,0.013900000
sample,advancing_forward,original,1007,1014,5,12,1.676288009,1.693800000,0.072200000,0.021600000
sample,advancing_forward,original,1007,1015,5,31,1.672191978,1.703200000,0.099700000,0.024900000
sample,advancing_forward,original,1007,1016,5,7421,1.661952019,1.675200000,0.061700000,0.014900000
sample,advancing_forward,original,1007,1017,5,7051,1.653759956,1.663400000,0.050500000,0.009900000
sample,advancing_forward,original,1007,1018,5,286,1.661952019,1.676500000,0.084900000,0.013200000
sample,advancing_forward,original,1007,1019,5,262,1.653759956,1.663800000,0.045800000,0.008500000
sample,advancing_forward,original,1007,1020,5,2619,1.650688052,1.660200000,0.048000000,0.008000000
sample,advancing_forward,original,1007,1021,5,6896,1.662976027,1.675900000,0.056400000,0.012700000
sample,advancing_forward,original,1007,1022,5,764,1.659904003,1.669900000,0.046300000,0.008900000
sample,advancing_forward,original,1007,1007,6,837,1.653759956,1.667500000,0.065800000,0.014400000
sample,advancing_forward,original,1007,1008,6,290,1.643519998,1.653300000,0.047800000,0.008400000
sample,advancing_forward,original,1007,1009,6,1863,1.645568013,1.654900000,0.049400000,0.008200000
sample,advancing_forward,original,1007,1010,6,691,1.648640037,1.657600000,0.052300000,0.008000000
sample,advancing_forward,original,1007,1011,6,262,1.655807972,1.669000000,0.059000000,0.012300000
sample,advancing_forward,original,1007,1012,6,5093,1.646592021,1.656700000,0.051700000,0.008300000
sample,advancing_forward,original,1007,1013,6,2488,1.650688052,1.659100000,0.047200000,0.008100000
sample,advancing_forward,original,1007,1014,6,12,1.655807972,1.668600000,0.052600000,0.011100000
sample,advancing_forward,original,1007,1015,6,31,1.647616029,1.657000000,0.047900000,0.008500000
sample,advancing_forward,original,1007,1016,6,7421,1.647616029,1.657500000,0.048000000,0.008100000
sample,advancing_forward,original,1007,1017,6,7051,1.649664044,1.659600000,0.047900000,0.008000000
sample,advancing_forward,original,1007,1018,6,286,1.655807972,1.665400000,0.047300000,0.008400000
sample,advancing_forward,original,1007,1019,6,262,1.650688052,1.660000000,0.048800000,0.008000000
sample,advancing_forward,original,1007,1020,6,2619,1.653759956,1.662600000,0.049100000,0.008000000
sample,advancing_forward,original,1007,1021,6,6896,1.661952019,1.673700000,0.091600000,0.013800000
sample,advancing_forward,original,1007,1022,6,764,1.698815942,1.724500000,0.092600000,0.029900000
sample,advancing_forward,ordered4,1007,1007,6,837,2.228224039,2.240300000,0.057600000,0.008300000
sample,advancing_forward,ordered4,1007,1008,6,290,2.245631933,2.262300000,0.068400000,0.017200000
sample,advancing_forward,ordered4,1007,1009,6,1863,2.237440109,2.248500000,0.054300000,0.009200000
sample,advancing_forward,ordered4,1007,1010,6,691,2.233344078,2.245000000,0.051500000,0.008100000
sample,advancing_forward,ordered4,1007,1011,6,262,2.266112089,2.303000000,0.095300000,0.028300000
sample,advancing_forward,ordered4,1007,1012,6,5093,2.269184113,2.295200000,0.093900000,0.028000000
sample,advancing_forward,ordered4,1007,1013,6,2488,2.243583918,2.257800000,0.057400000,0.012300000
sample,advancing_forward,ordered4,1007,1014,6,12,2.264064074,2.290000000,0.110900000,0.028000000
sample,advancing_forward,ordered4,1007,1015,6,31,2.239487886,2.251600000,0.056300000,0.010500000
sample,advancing_forward,ordered4,1007,1016,6,7421,2.259968042,2.274300000,0.066300000,0.014100000
sample,advancing_forward,ordered4,1007,1017,6,7051,2.244447947,2.253400000,0.065500000,0.009100000
sample,advancing_forward,ordered4,1007,1018,6,286,2.250751972,2.266400000,0.059400000,0.013000000
sample,advancing_forward,ordered4,1007,1019,6,262,2.255872011,2.272700000,0.063200000,0.016800000
sample,advancing_forward,ordered4,1007,1020,6,2619,2.241535902,2.252000000,0.055000000,0.008800000
sample,advancing_forward,ordered4,1007,1021,6,6896,2.260992050,2.280300000,0.068800000,0.017500000
sample,advancing_forward,ordered4,1007,1022,6,764,2.289664030,2.324500000,0.106300000,0.035100000
sample,advancing_forward,ordered4,1007,1007,7,837,2.231296062,2.240600000,0.051200000,0.008200000
sample,advancing_forward,ordered4,1007,1008,7,290,2.237440109,2.252200000,0.067300000,0.012700000
sample,advancing_forward,ordered4,1007,1009,7,1863,2.383872032,2.453200000,0.193900000,0.124900000
sample,advancing_forward,ordered4,1007,1010,7,691,2.246655941,2.264800000,0.062300000,0.013500000
sample,advancing_forward,ordered4,1007,1011,7,262,2.273279905,2.302700000,0.098400000,0.035100000
sample,advancing_forward,ordered4,1007,1012,7,5093,2.234368086,2.243900000,0.054300000,0.008700000
sample,advancing_forward,ordered4,1007,1013,7,2488,2.249727964,2.263600000,0.060500000,0.012800000
sample,advancing_forward,ordered4,1007,1014,7,12,2.241535902,2.253000000,0.053700000,0.010600000
sample,advancing_forward,ordered4,1007,1015,7,31,2.235392094,2.245300000,0.050700000,0.008100000
sample,advancing_forward,ordered4,1007,1016,7,7421,2.247679949,2.260600000,0.058300000,0.012000000
sample,advancing_forward,ordered4,1007,1017,7,7051,2.240511894,2.250300000,0.051200000,0.008500000
sample,advancing_forward,ordered4,1007,1018,7,286,2.246655941,2.255600000,0.047600000,0.008200000
sample,advancing_forward,ordered4,1007,1019,7,262,2.247679949,2.261200000,0.053300000,0.011600000
sample,advancing_forward,ordered4,1007,1020,7,2619,2.243583918,2.252900000,0.047800000,0.008300000
sample,advancing_forward,ordered4,1007,1021,7,6896,2.244607925,2.254400000,0.048300000,0.008100000
sample,advancing_forward,ordered4,1007,1022,7,764,2.249727964,2.259800000,0.047000000,0.008400000
sample,advancing_forward,original,1007,1007,7,837,1.716223955,1.771600000,0.145100000,0.060700000
sample,advancing_forward,original,1007,1008,7,290,1.670143962,1.685900000,0.089900000,0.022100000
sample,advancing_forward,original,1007,1009,7,1863,1.664831996,1.676400000,0.066500000,0.015800000
sample,advancing_forward,original,1007,1010,7,691,1.676288009,1.692000000,0.078200000,0.028200000
sample,advancing_forward,original,1007,1011,7,262,1.669119954,1.686100000,0.067400000,0.020600000
sample,advancing_forward,original,1007,1012,7,5093,1.661952019,1.680000000,0.059600000,0.014500000
sample,advancing_forward,original,1007,1013,7,2488,1.692672014,1.724000000,0.089600000,0.035400000
sample,advancing_forward,original,1007,1014,7,12,1.665024042,1.677600000,0.056100000,0.014300000
sample,advancing_forward,original,1007,1015,7,31,1.661952019,1.674500000,0.057000000,0.013800000
sample,advancing_forward,original,1007,1016,7,7421,1.657855988,1.668700000,0.053900000,0.012600000
sample,advancing_forward,original,1007,1017,7,7051,1.674239993,1.687700000,0.070900000,0.016100000
sample,advancing_forward,original,1007,1018,7,286,1.662976027,1.673600000,0.053300000,0.013100000
sample,advancing_forward,original,1007,1019,7,262,1.655807972,1.666900000,0.049200000,0.010700000
sample,advancing_forward,original,1007,1020,7,2619,1.669056058,1.682100000,0.056900000,0.015600000
sample,advancing_forward,original,1007,1021,7,6896,1.675264001,1.689600000,0.062100000,0.017600000
sample,advancing_forward,original,1007,1022,7,764,1.668095946,1.679600000,0.053000000,0.013600000
sample,advancing_forward,original,1007,1007,8,837,1.684479952,1.715500000,0.099600000,0.038100000
sample,advancing_forward,original,1007,1008,8,290,1.644384027,1.652200000,0.045200000,0.009400000
sample,advancing_forward,original,1007,1009,8,1863,1.650688052,1.658600000,0.052200000,0.009200000
sample,advancing_forward,original,1007,1010,8,691,1.650591969,1.657800000,0.051900000,0.008100000
sample,advancing_forward,original,1007,1011,8,262,1.646463990,1.654600000,0.040800000,0.008100000
sample,advancing_forward,original,1007,1012,8,5093,1.656831980,1.673600000,0.071600000,0.013900000
sample,advancing_forward,original,1007,1013,8,2488,1.693696022,1.714300000,0.085100000,0.023100000
sample,advancing_forward,original,1007,1014,8,12,1.673215985,1.708500000,0.089700000,0.023400000
sample,advancing_forward,original,1007,1015,8,31,1.646399975,1.653100000,0.046100000,0.008500000
sample,advancing_forward,original,1007,1016,8,7421,1.647616029,1.659000000,0.044700000,0.008300000
sample,advancing_forward,original,1007,1017,8,7051,1.707008004,1.736600000,0.104100000,0.050300000
sample,advancing_forward,original,1007,1018,8,286,1.654783964,1.662600000,0.046200000,0.009500000
sample,advancing_forward,original,1007,1019,8,262,1.649664044,1.658300000,0.043300000,0.008300000
sample,advancing_forward,original,1007,1020,8,2619,1.679360032,1.700300000,0.089800000,0.024500000
sample,advancing_forward,original,1007,1021,8,6896,1.752063990,1.811200000,0.173200000,0.075300000
sample,advancing_forward,original,1007,1022,8,764,1.691455960,1.710200000,0.076000000,0.029100000
sample,advancing_forward,ordered4,1007,1007,8,837,2.233344078,2.242100000,0.052500000,0.008300000
sample,advancing_forward,ordered4,1007,1008,8,290,2.235392094,2.246100000,0.053900000,0.009700000
sample,advancing_forward,ordered4,1007,1009,8,1863,2.247679949,2.261100000,0.065100000,0.013700000
sample,advancing_forward,ordered4,1007,1010,8,691,2.239487886,2.249100000,0.049600000,0.009300000
sample,advancing_forward,ordered4,1007,1011,8,262,2.246655941,2.260200000,0.064700000,0.011600000
sample,advancing_forward,ordered4,1007,1012,8,5093,2.233344078,2.243200000,0.048600000,0.008500000
sample,advancing_forward,ordered4,1007,1013,8,2488,2.239487886,2.254000000,0.047000000,0.008200000
sample,advancing_forward,ordered4,1007,1014,8,12,2.239487886,2.249600000,0.048000000,0.008300000
sample,advancing_forward,ordered4,1007,1015,8,31,2.234368086,2.244600000,0.048700000,0.008300000
sample,advancing_forward,ordered4,1007,1016,8,7421,2.250751972,2.264800000,0.068800000,0.013200000
sample,advancing_forward,ordered4,1007,1017,8,7051,2.241535902,2.250900000,0.048000000,0.008900000
sample,advancing_forward,ordered4,1007,1018,8,286,2.243583918,2.251600000,0.055500000,0.008200000
sample,advancing_forward,ordered4,1007,1019,8,262,2.240511894,2.250300000,0.046600000,0.008000000
sample,advancing_forward,ordered4,1007,1020,8,2619,2.264064074,2.282600000,0.073300000,0.017100000
sample,advancing_forward,ordered4,1007,1021,8,6896,2.291712046,2.328500000,0.103000000,0.038800000
sample,advancing_forward,ordered4,1007,1022,8,764,2.289664030,2.315600000,0.107400000,0.035000000
sample,advancing_forward,ordered4,1007,1007,9,837,2.226176023,2.239500000,0.051900000,0.008700000
sample,advancing_forward,ordered4,1007,1008,9,290,2.269184113,2.301800000,0.087700000,0.029200000
sample,advancing_forward,ordered4,1007,1009,9,1863,2.247679949,2.260800000,0.065600000,0.013400000
sample,advancing_forward,ordered4,1007,1010,9,691,2.256896019,2.275400000,0.084600000,0.023500000
sample,advancing_forward,ordered4,1007,1011,9,262,2.258944035,2.283400000,0.083400000,0.028800000
sample,advancing_forward,ordered4,1007,1012,9,5093,2.272255898,2.296000000,0.105600000,0.030900000
sample,advancing_forward,ordered4,1007,1013,9,2488,2.274303913,2.297700000,0.086100000,0.026900000
sample,advancing_forward,ordered4,1007,1014,9,12,2.241535902,2.249800000,0.047700000,0.008700000
sample,advancing_forward,ordered4,1007,1015,9,31,2.238464117,2.248500000,0.050000000,0.008800000
sample,advancing_forward,ordered4,1007,1016,9,7421,2.242559910,2.251900000,0.051600000,0.008600000
sample,advancing_forward,ordered4,1007,1017,9,7051,2.241535902,2.251800000,0.050600000,0.008300000
sample,advancing_forward,ordered4,1007,1018,9,286,2.258944035,2.274600000,0.060200000,0.013400000
sample,advancing_forward,ordered4,1007,1019,9,262,2.251775980,2.270200000,0.064700000,0.015400000
sample,advancing_forward,ordered4,1007,1020,9,2619,2.243583918,2.254400000,0.048400000,0.008500000
sample,advancing_forward,ordered4,1007,1021,9,6896,2.271231890,2.290800000,0.070500000,0.022400000
sample,advancing_forward,ordered4,1007,1022,9,764,2.255872011,2.266400000,0.083900000,0.009300000
sample,advancing_forward,original,1007,1007,9,837,1.658879995,1.671600000,0.072900000,0.016900000
sample,advancing_forward,original,1007,1008,9,290,1.649664044,1.660600000,0.063800000,0.013700000
sample,advancing_forward,original,1007,1009,9,1863,1.664000034,1.674700000,0.066200000,0.015500000
sample,advancing_forward,original,1007,1010,9,691,1.684479952,1.697300000,0.071900000,0.017200000
sample,advancing_forward,original,1007,1011,9,262,1.656831980,1.672100000,0.061300000,0.012800000
sample,advancing_forward,original,1007,1012,9,5093,1.662976027,1.682100000,0.058200000,0.018200000
sample,advancing_forward,original,1007,1013,9,2488,1.667072058,1.678900000,0.055800000,0.013400000
sample,advancing_forward,original,1007,1014,9,12,1.654719949,1.662600000,0.066400000,0.010200000
sample,advancing_forward,original,1007,1015,9,31,1.650688052,1.661000000,0.047300000,0.011700000
sample,advancing_forward,original,1007,1016,9,7421,1.654783964,1.665300000,0.049600000,0.012100000
sample,advancing_forward,original,1007,1017,9,7051,1.670143962,1.685800000,0.095200000,0.020100000
sample,advancing_forward,original,1007,1018,9,286,1.667072058,1.678600000,0.053100000,0.013200000
sample,advancing_forward,original,1007,1019,9,262,1.669119954,1.683400000,0.070200000,0.020900000
sample,advancing_forward,original,1007,1020,9,2619,1.671167970,1.686200000,0.074000000,0.018100000
sample,advancing_forward,original,1007,1021,9,6896,1.669119954,1.680000000,0.055700000,0.015300000
sample,advancing_forward,original,1007,1022,9,764,1.665024042,1.676400000,0.051500000,0.011200000
sample,advancing_forward,original,1007,1007,10,837,1.640447974,1.650800000,0.050600000,0.008000000
sample,advancing_forward,original,1007,1008,10,290,1.643519998,1.654400000,0.047900000,0.008200000
sample,advancing_forward,original,1007,1009,10,1863,1.665024042,1.685600000,0.070400000,0.017200000
sample,advancing_forward,original,1007,1010,10,691,1.647616029,1.659600000,0.047800000,0.008400000
sample,advancing_forward,original,1007,1011,10,262,1.648640037,1.658900000,0.047900000,0.008200000
sample,advancing_forward,original,1007,1012,10,5093,1.647616029,1.660900000,0.047200000,0.008000000
sample,advancing_forward,original,1007,1013,10,2488,1.690623999,1.733100000,0.102400000,0.033900000
sample,advancing_forward,original,1007,1014,10,12,1.667072058,1.689100000,0.069400000,0.016900000
sample,advancing_forward,original,1007,1015,10,31,1.650688052,1.663500000,0.073700000,0.008600000
sample,advancing_forward,original,1007,1016,10,7421,1.678336024,1.705900000,0.119900000,0.027300000
sample,advancing_forward,original,1007,1017,10,7051,1.684479952,1.705300000,0.086100000,0.024400000
sample,advancing_forward,original,1007,1018,10,286,1.656831980,1.666000000,0.046400000,0.009500000
sample,advancing_forward,original,1007,1019,10,262,1.650688052,1.662400000,0.045000000,0.009500000
sample,advancing_forward,original,1007,1020,10,2619,1.679360032,1.699800000,0.081100000,0.024700000
sample,advancing_forward,original,1007,1021,10,6896,1.675264001,1.687500000,0.079400000,0.024900000
sample,advancing_forward,original,1007,1022,10,764,1.684479952,1.704300000,0.072000000,0.021100000
sample,advancing_forward,ordered4,1007,1007,10,837,2.265088081,2.286500000,0.093800000,0.032500000
sample,advancing_forward,ordered4,1007,1008,10,290,2.238464117,2.248400000,0.052700000,0.012800000
sample,advancing_forward,ordered4,1007,1009,10,1863,2.233344078,2.241400000,0.044800000,0.009800000
sample,advancing_forward,ordered4,1007,1010,10,691,2.233344078,2.241200000,0.043300000,0.008600000
sample,advancing_forward,ordered4,1007,1011,10,262,2.233344078,2.243000000,0.044300000,0.009100000
sample,advancing_forward,ordered4,1007,1012,10,5093,2.234368086,2.243300000,0.045800000,0.007900000
sample,advancing_forward,ordered4,1007,1013,10,2488,2.237440109,2.249400000,0.049300000,0.009400000
sample,advancing_forward,ordered4,1007,1014,10,12,2.274303913,2.307100000,0.088200000,0.031900000
sample,advancing_forward,ordered4,1007,1015,10,31,2.241535902,2.252600000,0.073600000,0.009300000
sample,advancing_forward,ordered4,1007,1016,10,7421,2.240511894,2.251100000,0.050900000,0.008800000
sample,advancing_forward,ordered4,1007,1017,10,7051,2.252799988,2.265300000,0.060500000,0.013300000
sample,advancing_forward,ordered4,1007,1018,10,286,2.250751972,2.262200000,0.051800000,0.009000000
sample,advancing_forward,ordered4,1007,1019,10,262,2.256864071,2.272900000,0.065800000,0.014300000
sample,advancing_forward,ordered4,1007,1020,10,2619,2.251775980,2.260500000,0.068900000,0.009700000
sample,advancing_forward,ordered4,1007,1021,10,6896,2.254848003,2.262900000,0.063100000,0.009400000
sample,advancing_forward,ordered4,1007,1022,10,764,2.249727964,2.258700000,0.045300000,0.009900000
sample,advancing_forward,ordered4,1007,1007,11,837,2.256896019,2.279900000,0.094400000,0.022100000
sample,advancing_forward,ordered4,1007,1008,11,290,2.271231890,2.298200000,0.106400000,0.037900000
sample,advancing_forward,ordered4,1007,1009,11,1863,2.271231890,2.298900000,0.104300000,0.030000000
sample,advancing_forward,ordered4,1007,1010,11,691,2.297856092,2.357000000,0.121600000,0.047100000
sample,advancing_forward,ordered4,1007,1011,11,262,2.241535902,2.254000000,0.056500000,0.013600000
sample,advancing_forward,ordered4,1007,1012,11,5093,2.246655941,2.264900000,0.090600000,0.014000000
sample,advancing_forward,ordered4,1007,1013,11,2488,2.306047916,2.346100000,0.120000000,0.049900000
sample,advancing_forward,ordered4,1007,1014,11,12,2.246592045,2.257900000,0.054100000,0.013300000
sample,advancing_forward,ordered4,1007,1015,11,31,2.277343988,2.297800000,0.095400000,0.036800000
sample,advancing_forward,ordered4,1007,1016,11,7421,2.251775980,2.262600000,0.054600000,0.014000000
sample,advancing_forward,ordered4,1007,1017,11,7051,2.243583918,2.253700000,0.050800000,0.010900000
sample,advancing_forward,ordered4,1007,1018,11,286,2.266047955,2.279400000,0.057600000,0.014500000
sample,advancing_forward,ordered4,1007,1019,11,262,2.254848003,2.270400000,0.065700000,0.016500000
sample,advancing_forward,ordered4,1007,1020,11,2619,2.248703957,2.260800000,0.061100000,0.013400000
sample,advancing_forward,ordered4,1007,1021,11,6896,2.264064074,2.273800000,0.053400000,0.011500000
sample,advancing_forward,ordered4,1007,1022,11,764,2.262016058,2.271400000,0.050700000,0.011700000
sample,advancing_forward,original,1007,1007,11,837,1.639423966,1.648600000,0.048300000,0.008400000
sample,advancing_forward,original,1007,1008,11,290,1.642495990,1.653900000,0.046700000,0.008500000
sample,advancing_forward,original,1007,1009,11,1863,1.690623999,1.729500000,0.115300000,0.034900000
sample,advancing_forward,original,1007,1010,11,691,1.695744038,1.719200000,0.097100000,0.032000000
sample,advancing_forward,original,1007,1011,11,262,1.672191978,1.692800000,0.071000000,0.023400000
sample,advancing_forward,original,1007,1012,11,5093,1.691648006,1.716300000,0.100200000,0.030700000
sample,advancing_forward,original,1007,1013,11,2488,1.668095946,1.681500000,0.058600000,0.015700000
sample,advancing_forward,original,1007,1014,11,12,1.672191978,1.690300000,0.063700000,0.017800000
sample,advancing_forward,original,1007,1015,11,31,1.647616029,1.655600000,0.044900000,0.008800000
sample,advancing_forward,original,1007,1016,11,7421,1.660799980,1.673000000,0.055300000,0.013300000
sample,advancing_forward,original,1007,1017,11,7051,1.653759956,1.663300000,0.045800000,0.010900000
sample,advancing_forward,original,1007,1018,11,286,1.654783964,1.663000000,0.041800000,0.008400000
sample,advancing_forward,original,1007,1019,11,262,1.662847996,1.675700000,0.075300000,0.014700000
sample,advancing_forward,original,1007,1020,11,2619,1.667072058,1.682600000,0.058600000,0.017300000
sample,advancing_forward,original,1007,1021,11,6896,1.662976027,1.671900000,0.050400000,0.011300000
sample,advancing_forward,original,1007,1022,11,764,1.658879995,1.667100000,0.043700000,0.009800000
sample,advancing_forward,original,1007,1007,12,837,1.668095946,1.676900000,0.064600000,0.021000000
sample,advancing_forward,original,1007,1008,12,290,1.656736016,1.668600000,0.077500000,0.016600000
sample,advancing_forward,original,1007,1009,12,1863,1.666944027,1.684700000,0.063100000,0.019900000
sample,advancing_forward,original,1007,1010,12,691,1.649664044,1.656800000,0.068000000,0.009800000
sample,advancing_forward,original,1007,1011,12,262,1.644544005,1.654000000,0.044000000,0.008700000
sample,advancing_forward,original,1007,1012,12,5093,1.668895960,1.682900000,0.064500000,0.023100000
sample,advancing_forward,original,1007,1013,12,2488,1.649664044,1.658400000,0.041200000,0.008600000
sample,advancing_forward,original,1007,1014,12,12,1.661952019,1.683000000,0.052100000,0.012700000
sample,advancing_forward,original,1007,1015,12,31,1.647519946,1.656200000,0.040700000,0.008500000
sample,advancing_forward,original,1007,1016,12,7421,1.677312016,1.697300000,0.060000000,0.018300000
sample,advancing_forward,original,1007,1017,12,7051,1.654783964,1.664000000,0.052200000,0.009700000
sample,advancing_forward,original,1007,1018,12,286,1.651679993,1.659500000,0.040900000,0.008000000
sample,advancing_forward,original,1007,1019,12,262,1.672191978,1.687000000,0.067800000,0.017400000
sample,advancing_forward,original,1007,1020,12,2619,1.667072058,1.684300000,0.087500000,0.018100000
sample,advancing_forward,original,1007,1021,12,6896,1.657727957,1.664700000,0.042600000,0.009400000
sample,advancing_forward,original,1007,1022,12,764,1.657727957,1.665100000,0.042600000,0.008200000
sample,advancing_forward,ordered4,1007,1007,12,837,2.234368086,2.245500000,0.049100000,0.013300000
sample,advancing_forward,ordered4,1007,1008,12,290,2.231296062,2.238300000,0.046200000,0.010200000
sample,advancing_forward,ordered4,1007,1009,12,1863,2.232320070,2.239700000,0.040600000,0.008100000
sample,advancing_forward,ordered4,1007,1010,12,691,2.234368086,2.242200000,0.041500000,0.008800000
sample,advancing_forward,ordered4,1007,1011,12,262,2.233344078,2.241600000,0.041700000,0.008600000
sample,advancing_forward,ordered4,1007,1012,12,5093,2.239327908,2.250200000,0.073600000,0.011300000
sample,advancing_forward,ordered4,1007,1013,12,2488,2.238399982,2.246800000,0.047900000,0.009300000
sample,advancing_forward,ordered4,1007,1014,12,12,2.238464117,2.246900000,0.043000000,0.008400000
sample,advancing_forward,ordered4,1007,1015,12,31,2.252799988,2.271200000,0.060600000,0.017000000
sample,advancing_forward,ordered4,1007,1016,12,7421,2.283456087,2.310500000,0.085600000,0.034000000
sample,advancing_forward,ordered4,1007,1017,12,7051,2.240511894,2.249100000,0.060500000,0.009100000
sample,advancing_forward,ordered4,1007,1018,12,286,2.270207882,2.287200000,0.069400000,0.023000000
sample,advancing_forward,ordered4,1007,1019,12,262,2.250751972,2.258200000,0.047200000,0.009900000
sample,advancing_forward,ordered4,1007,1020,12,2619,2.242559910,2.249900000,0.043400000,0.008600000
sample,advancing_forward,ordered4,1007,1021,12,6896,2.252799988,2.261200000,0.048500000,0.009600000
sample,advancing_forward,ordered4,1007,1022,12,764,2.255743980,2.265500000,0.043300000,0.008900000
sample,advancing_forward,ordered4,1007,1007,13,837,2.279360056,2.317900000,0.104500000,0.041500000
sample,advancing_forward,ordered4,1007,1008,13,290,2.287616014,2.327200000,0.112600000,0.046900000
sample,advancing_forward,ordered4,1007,1009,13,1863,2.288640022,2.325500000,0.114200000,0.044400000
sample,advancing_forward,ordered4,1007,1010,13,691,2.300928116,2.337600000,0.128400000,0.052700000
sample,advancing_forward,ordered4,1007,1011,13,262,2.267136097,2.298900000,0.091200000,0.034900000
sample,advancing_forward,ordered4,1007,1012,13,5093,2.298880100,2.362700000,0.130100000,0.049000000
sample,advancing_forward,ordered4,1007,1013,13,2488,2.285567999,2.319400000,0.103300000,0.042800000
sample,advancing_forward,ordered4,1007,1014,13,12,2.273087978,2.300900000,0.080600000,0.031200000
sample,advancing_forward,ordered4,1007,1015,13,31,2.292736053,2.327100000,0.099300000,0.039900000
sample,advancing_forward,ordered4,1007,1016,13,7421,2.254719973,2.266300000,0.054800000,0.014400000
sample,advancing_forward,ordered4,1007,1017,13,7051,2.279423952,2.302300000,0.074000000,0.024800000
sample,advancing_forward,ordered4,1007,1018,13,286,2.282495975,2.305800000,0.078500000,0.028600000
sample,advancing_forward,ordered4,1007,1019,13,262,2.265088081,2.284400000,0.070300000,0.024500000
sample,advancing_forward,ordered4,1007,1020,13,2619,2.278399944,2.299700000,0.080200000,0.029700000
sample,advancing_forward,ordered4,1007,1021,13,6896,2.298880100,2.328300000,0.098700000,0.044400000
sample,advancing_forward,ordered4,1007,1022,13,764,2.268991947,2.296500000,0.067800000,0.022000000
sample,advancing_forward,original,1007,1007,13,837,1.666048050,1.690000000,0.073700000,0.022700000
sample,advancing_forward,original,1007,1008,13,290,1.689407945,1.719200000,0.099800000,0.037800000
sample,advancing_forward,original,1007,1009,13,1863,1.669119954,1.685800000,0.070100000,0.022100000
sample,advancing_forward,original,1007,1010,13,691,1.653759956,1.664300000,0.049500000,0.012700000
sample,advancing_forward,original,1007,1011,13,262,1.670143962,1.687700000,0.069300000,0.017400000
sample,advancing_forward,original,1007,1012,13,5093,1.688575983,1.719800000,0.089600000,0.036000000
sample,advancing_forward,original,1007,1013,13,2488,1.696768045,1.730200000,0.092100000,0.037800000
sample,advancing_forward,original,1007,1014,13,12,1.681280017,1.706600000,0.073300000,0.024200000
sample,advancing_forward,original,1007,1015,13,31,1.724192023,1.774700000,0.134800000,0.056200000
sample,advancing_forward,original,1007,1016,13,7421,1.711104035,1.756200000,0.125500000,0.053600000
sample,advancing_forward,original,1007,1017,13,7051,1.696768045,1.729900000,0.104000000,0.042900000
sample,advancing_forward,original,1007,1018,13,286,1.725440025,1.754900000,0.134500000,0.056000000
sample,advancing_forward,original,1007,1019,13,262,1.707008004,1.742900000,0.107600000,0.044800000
sample,advancing_forward,original,1007,1020,13,2619,1.672191978,1.690800000,0.067600000,0.021400000
sample,advancing_forward,original,1007,1021,13,6896,1.656831980,1.668400000,0.046800000,0.010000000
sample,advancing_forward,original,1007,1022,13,764,1.737728000,1.778800000,0.133700000,0.061300000
sample,advancing_forward,original,1007,1007,14,837,1.660928011,1.675700000,0.060400000,0.017200000
sample,advancing_forward,original,1007,1008,14,290,1.647616029,1.658200000,0.050800000,0.012600000
sample,advancing_forward,original,1007,1009,14,1863,1.650688052,1.659000000,0.045500000,0.010200000
sample,advancing_forward,original,1007,1010,14,691,1.649664044,1.663200000,0.041300000,0.008500000
sample,advancing_forward,original,1007,1011,14,262,1.704959989,1.737200000,0.110700000,0.041400000
sample,advancing_forward,original,1007,1012,14,5093,1.702911973,1.741400000,0.099700000,0.045200000
sample,advancing_forward,original,1007,1013,14,2488,1.685503960,1.707100000,0.086600000,0.027500000
sample,advancing_forward,original,1007,1014,14,12,1.678336024,1.695800000,0.078700000,0.023500000
sample,advancing_forward,original,1007,1015,14,31,1.711104035,1.740800000,0.122200000,0.049700000
sample,advancing_forward,original,1007,1016,14,7421,1.703904033,1.722100000,0.108400000,0.043600000
sample,advancing_forward,original,1007,1017,14,7051,1.676288009,1.692700000,0.075700000,0.023200000
sample,advancing_forward,original,1007,1018,14,286,1.727488041,1.773600000,0.135900000,0.055800000
sample,advancing_forward,original,1007,1019,14,262,1.733471990,1.780100000,0.146800000,0.065200000
sample,advancing_forward,original,1007,1020,14,2619,1.701887965,1.736400000,0.110100000,0.042100000
sample,advancing_forward,original,1007,1021,14,6896,1.703935981,1.732400000,0.109700000,0.038200000
sample,advancing_forward,original,1007,1022,14,764,1.711104035,1.758600000,0.105900000,0.046300000
sample,advancing_forward,ordered4,1007,1007,14,837,2.266112089,2.297300000,0.095900000,0.032900000
sample,advancing_forward,ordered4,1007,1008,14,290,2.255872011,2.276600000,0.083600000,0.027600000
sample,advancing_forward,ordered4,1007,1009,14,1863,2.266112089,2.285400000,0.078000000,0.027200000
sample,advancing_forward,ordered4,1007,1010,14,691,2.242559910,2.254100000,0.050500000,0.011800000
sample,advancing_forward,ordered4,1007,1011,14,262,2.258847952,2.274100000,0.075000000,0.028100000
sample,advancing_forward,ordered4,1007,1012,14,5093,2.255872011,2.275800000,0.068600000,0.020600000
sample,advancing_forward,ordered4,1007,1013,14,2488,2.236416101,2.249100000,0.044300000,0.008900000
sample,advancing_forward,ordered4,1007,1014,14,12,2.293695927,2.332600000,0.104000000,0.041000000
sample,advancing_forward,ordered4,1007,1015,14,31,2.255872011,2.272300000,0.064200000,0.017500000
sample,advancing_forward,ordered4,1007,1016,14,7421,2.240511894,2.252100000,0.047800000,0.011600000
sample,advancing_forward,ordered4,1007,1017,14,7051,2.286592007,2.306500000,0.085100000,0.034300000
sample,advancing_forward,ordered4,1007,1018,14,286,2.256896019,2.271600000,0.056700000,0.015100000
sample,advancing_forward,ordered4,1007,1019,14,262,2.283519983,2.320400000,0.092600000,0.037300000
sample,advancing_forward,ordered4,1007,1020,14,2619,2.287616014,2.324400000,0.099400000,0.038800000
sample,advancing_forward,ordered4,1007,1021,14,6896,2.286592007,2.316600000,0.080400000,0.031800000
sample,advancing_forward,ordered4,1007,1022,14,764,2.349056005,2.388000000,0.178300000,0.077600000
sample,advancing_forward,ordered4,1007,1007,15,837,2.256896019,2.282800000,0.076000000,0.028500000
sample,advancing_forward,ordered4,1007,1008,15,290,2.278399944,2.321700000,0.108100000,0.040200000
sample,advancing_forward,ordered4,1007,1009,15,1863,2.275327921,2.305600000,0.089300000,0.034900000
sample,advancing_forward,ordered4,1007,1010,15,691,2.255840063,2.273800000,0.066400000,0.020000000
sample,advancing_forward,ordered4,1007,1011,15,262,2.240511894,2.254400000,0.053000000,0.015300000
sample,advancing_forward,ordered4,1007,1012,15,5093,2.273279905,2.305500000,0.093200000,0.032500000
sample,advancing_forward,ordered4,1007,1013,15,2488,2.292479992,2.321500000,0.114300000,0.040300000
sample,advancing_forward,ordered4,1007,1014,15,12,2.303744078,2.345900000,0.126400000,0.050400000
sample,advancing_forward,ordered4,1007,1015,15,31,2.295808077,2.331900000,0.119800000,0.046200000
sample,advancing_forward,ordered4,1007,1016,15,7421,2.289664030,2.331500000,0.105300000,0.043200000
sample,advancing_forward,ordered4,1007,1017,15,7051,2.337791920,2.371500000,0.154400000,0.070400000
sample,advancing_forward,ordered4,1007,1018,15,286,2.317312002,2.348000000,0.138300000,0.050200000
sample,advancing_forward,ordered4,1007,1019,15,262,2.321408033,2.366100000,0.137500000,0.055900000
sample,advancing_forward,ordered4,1007,1020,15,2619,2.310143948,2.349300000,0.119200000,0.047200000
sample,advancing_forward,ordered4,1007,1021,15,6896,2.311167955,2.355100000,0.125300000,0.051000000
sample,advancing_forward,ordered4,1007,1022,15,764,2.307071924,2.343700000,0.118000000,0.047500000
sample,advancing_forward,original,1007,1007,15,837,1.696768045,1.736000000,0.111500000,0.045600000
sample,advancing_forward,original,1007,1008,15,290,1.673215985,1.703800000,0.089200000,0.029900000
sample,advancing_forward,original,1007,1009,15,1863,1.705983996,1.744400000,0.120600000,0.048200000
sample,advancing_forward,original,1007,1010,15,691,1.699839950,1.729900000,0.112600000,0.043000000
sample,advancing_forward,original,1007,1011,15,262,1.685503960,1.704400000,0.097600000,0.035000000
sample,advancing_forward,original,1007,1012,15,5093,1.690623999,1.713200000,0.102900000,0.034600000
sample,advancing_forward,original,1007,1013,15,2488,1.725440025,1.766500000,0.130900000,0.060500000
sample,advancing_forward,original,1007,1014,15,12,1.702656031,1.720800000,0.109400000,0.040600000
sample,advancing_forward,original,1007,1015,15,31,1.688575983,1.710000000,0.096900000,0.033800000
sample,advancing_forward,original,1007,1016,15,7421,1.717247963,1.759500000,0.131200000,0.053600000
sample,advancing_forward,original,1007,1017,15,7051,1.687551975,1.706000000,0.095700000,0.033100000
sample,advancing_forward,original,1007,1018,15,286,1.695744038,1.713800000,0.098600000,0.034100000
sample,advancing_forward,original,1007,1019,15,262,1.687551975,1.708200000,0.093800000,0.031700000
sample,advancing_forward,original,1007,1020,15,2619,1.693696022,1.715100000,0.100400000,0.034800000
sample,advancing_forward,original,1007,1021,15,6896,1.690528035,1.706600000,0.088100000,0.028700000
sample,advancing_forward,original,1007,1022,15,764,1.684479952,1.705600000,0.083400000,0.023100000
sample,forward_host,original,128,128,0,284,1.084352016,1.134100000,0.075000000,0.021400000
sample,forward_host,original,128,129,0,257,1.075616002,1.122500000,0.054400000,0.013400000
sample,forward_host,original,128,130,0,614,1.077471972,1.136700000,0.055200000,0.014300000
sample,forward_host,original,128,131,0,878,1.093664050,1.183800000,0.080500000,0.022900000
sample,forward_host,original,128,132,0,289,1.116191983,1.177000000,0.121400000,0.038400000
sample,forward_host,original,128,133,0,19775,1.105023980,1.161200000,0.090100000,0.027800000
sample,forward_host,original,128,134,0,656,1.100576043,1.150100000,0.084700000,0.024500000
sample,forward_host,original,128,135,0,39599,1.092255950,1.146500000,0.081900000,0.022400000
sample,forward_host,original,128,136,0,1122,1.092960000,1.192500000,0.080900000,0.022100000
sample,forward_host,original,128,137,0,291,1.119904041,1.195700000,0.113300000,0.036700000
sample,forward_host,original,128,138,0,37346,1.124639988,1.180600000,0.099400000,0.040800000
sample,forward_host,original,128,139,0,764,1.096799970,1.149900000,0.069300000,0.024000000
sample,forward_host,original,128,140,0,8074,1.095903993,1.146500000,0.067700000,0.021200000
sample,forward_host,original,128,141,0,20272,1.103999972,1.190400000,0.085300000,0.024700000
sample,forward_host,original,128,142,0,9106,1.114655972,1.173000000,0.092500000,0.029300000
sample,forward_host,original,128,143,0,3876,1.112864017,1.166100000,0.096100000,0.034200000
sample,forward_host,ordered4,128,128,0,284,1.171872020,1.234200000,0.089600000,0.033200000
sample,forward_host,ordered4,128,129,0,257,1.183840036,1.241700000,0.101500000,0.036300000
sample,forward_host,ordered4,128,130,0,614,1.177824020,1.230500000,0.092600000,0.030300000
sample,forward_host,ordered4,128,131,0,878,1.157215953,1.210000000,0.067800000,0.018300000
sample,forward_host,ordered4,128,132,0,289,1.164767981,1.240200000,0.083400000,0.023200000
sample,forward_host,ordered4,128,133,0,19775,1.177631974,1.241300000,0.092000000,0.028500000
sample,forward_host,ordered4,128,134,0,656,1.193088055,1.252000000,0.102900000,0.039100000
sample,forward_host,ordered4,128,135,0,39599,1.176255941,1.227200000,0.089300000,0.028200000
sample,forward_host,ordered4,128,136,0,1122,1.175487995,1.228400000,0.089500000,0.027200000
sample,forward_host,ordered4,128,137,0,291,1.166815996,1.265000000,0.075100000,0.015700000
sample,forward_host,ordered4,128,138,0,37346,1.192512035,1.265200000,0.100900000,0.032900000
sample,forward_host,ordered4,128,139,0,764,1.180960059,1.231700000,0.086200000,0.030600000
sample,forward_host,ordered4,128,140,0,8074,1.173535943,1.221700000,0.077600000,0.019400000
sample,forward_host,ordered4,128,141,0,20272,1.180544019,1.250100000,0.071800000,0.023900000
sample,forward_host,ordered4,128,142,0,9106,1.168704033,1.241700000,0.078100000,0.016700000
sample,forward_host,ordered4,128,143,0,3876,1.198464036,1.271100000,0.117700000,0.035300000
sample,forward_host,ordered4,128,128,1,284,1.144863963,1.234400000,0.056900000,0.014100000
sample,forward_host,ordered4,128,129,1,257,1.208096027,1.277800000,0.133800000,0.046500000
sample,forward_host,ordered4,128,130,1,614,1.188192010,1.248600000,0.103300000,0.036700000
sample,forward_host,ordered4,128,131,1,878,1.172255993,1.228700000,0.080800000,0.029400000
sample,forward_host,ordered4,128,132,1,289,1.161599994,1.258000000,0.068200000,0.021300000
sample,forward_host,ordered4,128,133,1,19775,1.175359964,1.291600000,0.087500000,0.029100000
sample,forward_host,ordered4,128,134,1,656,1.210656047,1.284500000,0.132000000,0.049700000
sample,forward_host,ordered4,128,135,1,39599,1.173215985,1.227400000,0.079400000,0.028000000
sample,forward_host,ordered4,128,136,1,1122,1.176671982,1.231400000,0.077200000,0.029100000
sample,forward_host,ordered4,128,137,1,291,1.167551994,1.245300000,0.065800000,0.020600000
sample,forward_host,ordered4,128,138,1,37346,1.164927959,1.223800000,0.062500000,0.016000000
sample,forward_host,ordered4,128,139,1,764,1.194751978,1.252800000,0.103800000,0.035500000
sample,forward_host,ordered4,128,140,1,8074,1.177888036,1.228900000,0.070100000,0.025200000
sample,forward_host,ordered4,128,141,1,20272,1.168831944,1.224300000,0.062500000,0.016000000
sample,forward_host,ordered4,128,142,1,9106,1.182592034,1.267800000,0.083500000,0.022800000
sample,forward_host,ordered4,128,143,1,3876,1.172767997,1.237000000,0.097600000,0.019600000
sample,forward_host,original,128,128,1,284,1.088672042,1.162700000,0.087500000,0.026300000
sample,forward_host,original,128,129,1,257,1.097216010,1.176900000,0.085400000,0.028700000
sample,forward_host,original,128,130,1,614,1.134559989,1.220000000,0.129000000,0.049800000
sample,forward_host,original,128,131,1,878,1.107455969,1.166000000,0.097400000,0.035200000
sample,forward_host,original,128,132,1,289,1.093824029,1.148400000,0.074500000,0.025700000
sample,forward_host,original,128,133,1,19775,1.106431961,1.190800000,0.096700000,0.029800000
sample,forward_host,original,128,134,1,656,1.108288050,1.190200000,0.098100000,0.029800000
sample,forward_host,original,128,135,1,39599,1.137951970,1.211300000,0.133200000,0.048200000
sample,forward_host,original,128,136,1,1122,1.098880053,1.159300000,0.077000000,0.028500000
sample,forward_host,original,128,137,1,291,1.089696050,1.135800000,0.063700000,0.017000000
sample,forward_host,original,128,138,1,37346,1.094688058,1.143300000,0.076200000,0.017900000
sample,forward_host,original,128,139,1,764,1.084192038,1.169800000,0.058200000,0.014300000
sample,forward_host,original,128,140,1,8074,1.135679960,1.200100000,0.127900000,0.048000000
sample,forward_host,original,128,141,1,20272,1.117472053,1.173000000,0.100000000,0.035400000
sample,forward_host,original,128,142,1,9106,1.116032004,1.174000000,0.089200000,0.031800000
sample,forward_host,original,128,143,1,3876,1.100736022,1.163000000,0.091500000,0.027300000
sample,forward_host,original,128,128,2,284,1.079519987,1.133600000,0.065400000,0.019800000
sample,forward_host,original,128,129,2,257,1.085536003,1.143900000,0.063900000,0.017900000
sample,forward_host,original,128,130,2,614,1.080255985,1.152700000,0.070600000,0.014800000
sample,forward_host,original,128,131,2,878,1.101855993,1.175000000,0.104300000,0.027200000
sample,forward_host,original,128,132,2,289,1.108288050,1.191200000,0.103100000,0.035600000
sample,forward_host,original,128,133,2,19775,1.107136011,1.160500000,0.093400000,0.033500000
sample,forward_host,original,128,134,2,656,1.106080055,1.160700000,0.090700000,0.029100000
sample,forward_host,original,128,135,2,39599,1.094720006,1.244100000,0.086200000,0.024600000
sample,forward_host,original,128,136,2,1122,1.115455985,1.196800000,0.118700000,0.036300000
sample,forward_host,original,128,137,2,291,1.132416010,1.214700000,0.121500000,0.049100000
sample,forward_host,original,128,138,2,37346,1.105376005,1.160600000,0.087300000,0.027800000
sample,forward_host,original,128,139,2,764,1.108448029,1.162400000,0.091500000,0.032900000
sample,forward_host,original,128,140,2,8074,1.104063988,1.186600000,0.087100000,0.025900000
sample,forward_host,original,128,141,2,20272,1.113247991,1.221700000,0.096600000,0.028900000
sample,forward_host,original,128,142,2,9106,1.138303995,1.201200000,0.119400000,0.043700000
sample,forward_host,original,128,143,2,3876,1.111071944,1.156900000,0.100700000,0.035700000
sample,forward_host,ordered4,128,128,2,284,1.182016015,1.245300000,0.112900000,0.041200000
sample,forward_host,ordered4,128,129,2,257,1.173151970,1.227800000,0.088100000,0.029300000
sample,forward_host,ordered4,128,130,2,614,1.169056058,1.224200000,0.087800000,0.024300000
sample,forward_host,ordered4,128,131,2,878,1.166463971,1.268000000,0.084000000,0.024900000
sample,forward_host,ordered4,128,132,2,289,1.181983948,1.254800000,0.098900000,0.033200000
sample,forward_host,ordered4,128,133,2,19775,1.185920000,1.243300000,0.104000000,0.036200000
sample,forward_host,ordered4,128,134,2,656,1.180160046,1.251600000,0.093300000,0.029800000
sample,forward_host,ordered4,128,135,2,39599,1.171743989,1.221900000,0.084900000,0.025200000
sample,forward_host,ordered4,128,136,2,1122,1.173024058,1.277800000,0.079900000,0.023600000
sample,forward_host,ordered4,128,137,2,291,1.198559999,1.272900000,0.110000000,0.038600000
sample,forward_host,ordered4,128,138,2,37346,1.222272038,1.278700000,0.131200000,0.058100000
sample,forward_host,ordered4,128,139,2,764,1.185215950,1.244200000,0.096000000,0.031800000
sample,forward_host,ordered4,128,140,2,8074,1.180896044,1.234400000,0.087800000,0.025800000
sample,forward_host,ordered4,128,141,2,20272,1.178976059,1.244200000,0.083300000,0.023300000
sample,forward_host,ordered4,128,142,2,9106,1.202304006,1.275900000,0.111400000,0.039700000
sample,forward_host,ordered4,128,143,2,3876,1.200096011,1.270800000,0.100900000,0.038200000
sample,forward_host,ordered4,128,128,3,284,1.186815977,1.260400000,0.114100000,0.043900000
sample,forward_host,ordered4,128,129,3,257,1.176031947,1.232200000,0.087500000,0.032600000
sample,forward_host,ordered4,128,130,3,614,1.155455947,1.208700000,0.067000000,0.016900000
sample,forward_host,ordered4,128,131,3,878,1.168607950,1.228300000,0.085400000,0.025600000
sample,forward_host,ordered4,128,132,3,289,1.155552030,1.216100000,0.088300000,0.016700000
sample,forward_host,ordered4,128,133,3,19775,1.216096044,1.296900000,0.123300000,0.048600000
sample,forward_host,ordered4,128,134,3,656,1.189183950,1.250100000,0.098900000,0.035200000
sample,forward_host,ordered4,128,135,3,39599,1.177536011,1.233900000,0.088200000,0.027700000
sample,forward_host,ordered4,128,136,3,1122,1.169728041,1.257300000,0.071000000,0.022100000
sample,forward_host,ordered4,128,137,3,291,1.187968016,1.256800000,0.098900000,0.032100000
sample,forward_host,ordered4,128,138,3,37346,1.182271957,1.267900000,0.092200000,0.028200000
sample,forward_host,ordered4,128,139,3,764,1.184991956,1.240800000,0.099000000,0.033700000
sample,forward_host,ordered4,128,140,3,8074,1.180287957,1.237600000,0.089100000,0.027600000
sample,forward_host,ordered4,128,141,3,20272,1.176767945,1.266700000,0.072500000,0.020400000
sample,forward_host,ordered4,128,142,3,9106,1.206496000,1.283300000,0.112700000,0.042400000
sample,forward_host,ordered4,128,143,3,3876,1.173375964,1.227100000,0.066200000,0.019100000
sample,forward_host,original,128,128,3,284,1.059072018,1.111900000,0.044000000,0.009300000
sample,forward_host,original,128,129,3,257,1.068447948,1.119800000,0.045900000,0.010400000
sample,forward_host,original,128,130,3,614,1.076575994,1.126300000,0.052800000,0.011900000
sample,forward_host,original,128,131,3,878,1.071455956,1.121800000,0.068100000,0.013800000
sample,forward_host,original,128,132,3,289,1.077919960,1.121700000,0.057200000,0.014200000
sample,forward_host,original,128,133,3,19775,1.076799989,1.141600000,0.053800000,0.010300000
sample,forward_host,original,128,134,3,656,1.090528011,1.162500000,0.061000000,0.016900000
sample,forward_host,original,128,135,3,39599,1.072160006,1.135600000,0.056100000,0.013500000
sample,forward_host,original,128,136,3,1122,1.070559978,1.115700000,0.046300000,0.010800000
sample,forward_host,original,128,137,3,291,1.097471952,1.148800000,0.066100000,0.022800000
sample,forward_host,original,128,138,3,37346,1.079903960,1.132800000,0.047700000,0.012200000
sample,forward_host,original,128,139,3,764,1.078016043,1.139200000,0.049500000,0.012200000
sample,forward_host,original,128,140,3,8074,1.118752003,1.170800000,0.104900000,0.033200000
sample,forward_host,original,128,141,3,20272,1.108031988,1.163200000,0.081200000,0.026200000
sample,forward_host,original,128,142,3,9106,1.099871993,1.150000000,0.065000000,0.020000000
sample,forward_host,original,128,143,3,3876,1.104256034,1.189800000,0.081800000,0.029200000
sample,forward_host,original,128,128,4,284,1.084576011,1.154800000,0.086900000,0.023100000
sample,forward_host,original,128,129,4,257,1.078752041,1.171400000,0.057400000,0.013600000
sample,forward_host,original,128,130,4,614,1.088608027,1.153600000,0.069400000,0.018600000
sample,forward_host,original,128,131,4,878,1.118687987,1.190400000,0.123300000,0.041700000
sample,forward_host,original,128,132,4,289,1.112511992,1.164600000,0.108100000,0.036200000
sample,forward_host,original,128,133,4,19775,1.083871961,1.131300000,0.073200000,0.016900000
sample,forward_host,original,128,134,4,656,1.098976016,1.151300000,0.075600000,0.021300000
sample,forward_host,original,128,135,4,39599,1.077183962,1.143300000,0.077000000,0.013200000
sample,forward_host,original,128,136,4,1122,1.107552052,1.172100000,0.087400000,0.030100000
sample,forward_host,original,128,137,4,291,1.112319946,1.168300000,0.087200000,0.034700000
sample,forward_host,original,128,138,4,37346,1.117984056,1.171900000,0.102300000,0.034900000
sample,forward_host,original,128,139,4,764,1.094751954,1.153800000,0.084500000,0.020100000
sample,forward_host,original,128,140,4,8074,1.086431980,1.164400000,0.058500000,0.016700000
sample,forward_host,original,128,141,4,20272,1.115424037,1.181200000,0.098800000,0.030100000
sample,forward_host,original,128,142,4,9106,1.112576008,1.168900000,0.079700000,0.028500000
sample,forward_host,original,128,143,4,3876,1.106752038,1.177000000,0.094900000,0.030900000
sample,forward_host,ordered4,128,128,4,284,1.165184021,1.223400000,0.086200000,0.028000000
sample,forward_host,ordered4,128,129,4,257,1.167775989,1.220800000,0.081300000,0.025600000
sample,forward_host,ordered4,128,130,4,614,1.153216004,1.203100000,0.055400000,0.014200000
sample,forward_host,ordered4,128,131,4,878,1.150079966,1.214300000,0.054800000,0.012600000
sample,forward_host,ordered4,128,132,4,289,1.173727989,1.249700000,0.092000000,0.027000000
sample,forward_host,ordered4,128,133,4,19775,1.172575951,1.227800000,0.075600000,0.024900000
sample,forward_host,ordered4,128,134,4,656,1.172832012,1.220900000,0.072500000,0.023600000
sample,forward_host,ordered4,128,135,4,39599,1.161631942,1.209000000,0.075900000,0.018900000
sample,forward_host,ordered4,128,136,4,1122,1.158079982,1.234500000,0.094700000,0.012800000
sample,forward_host,ordered4,128,137,4,291,1.175487995,1.232800000,0.090300000,0.021100000
sample,forward_host,ordered4,128,138,4,37346,1.173632026,1.228000000,0.065600000,0.019900000
sample,forward_host,ordered4,128,139,4,764,1.171167970,1.220800000,0.076000000,0.022500000
sample,forward_host,ordered4,128,140,4,8074,1.160895944,1.207900000,0.052100000,0.012800000
sample,forward_host,ordered4,128,141,4,20272,1.164512038,1.224600000,0.061400000,0.012500000
sample,forward_host,ordered4,128,142,4,9106,1.178272009,1.246600000,0.067500000,0.022200000
sample,forward_host,ordered4,128,143,4,3876,1.204416037,1.264800000,0.113400000,0.033200000
sample,forward_host,ordered4,128,128,5,284,1.150303960,1.207600000,0.064800000,0.019800000
sample,forward_host,ordered4,128,129,5,257,1.164543986,1.214100000,0.078000000,0.023200000
sample,forward_host,ordered4,128,130,5,614,1.152735949,1.199900000,0.053900000,0.013300000
sample,forward_host,ordered4,128,131,5,878,1.150688052,1.200800000,0.055200000,0.012700000
sample,forward_host,ordered4,128,132,5,289,1.149695992,1.213500000,0.052600000,0.012400000
sample,forward_host,ordered4,128,133,5,19775,1.158112049,1.214500000,0.066600000,0.018800000
sample,forward_host,ordered4,128,134,5,656,1.160223961,1.211100000,0.071300000,0.015400000
sample,forward_host,ordered4,128,135,5,39599,1.153247952,1.201000000,0.053600000,0.013100000
sample,forward_host,ordered4,128,136,5,1122,1.161568046,1.210900000,0.057600000,0.016000000
sample,forward_host,ordered4,128,137,5,291,1.167456031,1.227500000,0.071400000,0.019100000
sample,forward_host,ordered4,128,138,5,37346,1.184864044,1.247000000,0.094800000,0.030400000
sample,forward_host,ordered4,128,139,5,764,1.167328000,1.220000000,0.079800000,0.020800000
sample,forward_host,ordered4,128,140,5,8074,1.162912011,1.211600000,0.056100000,0.014100000
sample,forward_host,ordered4,128,141,5,20272,1.171584010,1.225700000,0.069600000,0.018600000
sample,forward_host,ordered4,128,142,5,9106,1.173599958,1.235500000,0.068500000,0.018200000
sample,forward_host,ordered4,128,143,5,3876,1.182623982,1.253200000,0.087000000,0.025600000
sample,forward_host,original,128,128,5,284,1.087551951,1.243900000,0.103600000,0.021500000
sample,forward_host,original,128,129,5,257,1.110784054,1.201400000,0.108300000,0.033200000
sample,forward_host,original,128,130,5,614,1.109312057,1.179900000,0.111200000,0.036600000
sample,forward_host,original,128,131,5,878,1.093088031,1.157700000,0.091000000,0.024900000
sample,forward_host,original,128,132,5,289,1.109087944,1.215900000,0.081300000,0.023700000
sample,forward_host,original,128,133,5,19775,1.094784021,1.206100000,0.109400000,0.025600000
sample,forward_host,original,128,134,5,656,1.100064039,1.161500000,0.084300000,0.022400000
sample,forward_host,original,128,135,5,39599,1.085600019,1.135000000,0.072600000,0.019100000
sample,forward_host,original,128,136,5,1122,1.080160022,1.126900000,0.057900000,0.014200000
sample,forward_host,original,128,137,5,291,1.092288017,1.137800000,0.071900000,0.019700000
sample,forward_host,original,128,138,5,37346,1.092095971,1.177000000,0.071200000,0.019100000
sample,forward_host,original,128,139,5,764,1.085919976,1.149400000,0.059000000,0.015400000
sample,forward_host,original,128,140,5,8074,1.097120047,1.158000000,0.080500000,0.020600000
sample,forward_host,original,128,141,5,20272,1.086943984,1.136100000,0.067400000,0.013400000
sample,forward_host,original,128,142,5,9106,1.089151978,1.209100000,0.070900000,0.013000000
sample,forward_host,original,128,143,5,3876,1.094496012,1.161000000,0.082700000,0.021000000
sample,forward_host,original,128,128,6,284,1.074815989,1.121900000,0.060000000,0.016800000
sample,forward_host,original,128,129,6,257,1.079231977,1.139200000,0.070900000,0.013800000
sample,forward_host,original,128,130,6,614,1.088575959,1.156200000,0.063700000,0.017800000
sample,forward_host,original,128,131,6,878,1.095199943,1.151900000,0.086600000,0.021600000
sample,forward_host,original,128,132,6,289,1.087231994,1.138900000,0.075700000,0.021400000
sample,forward_host,original,128,133,6,19775,1.081055999,1.133400000,0.053500000,0.012700000
sample,forward_host,original,128,134,6,656,1.086624026,1.139400000,0.066500000,0.012500000
sample,forward_host,original,128,135,6,39599,1.072672009,1.130000000,0.048900000,0.012300000
sample,forward_host,original,128,136,6,1122,1.099264026,1.160900000,0.089800000,0.026300000
sample,forward_host,original,128,137,6,291,1.094143987,1.143900000,0.076900000,0.022100000
sample,forward_host,original,128,138,6,37346,1.093727946,1.144300000,0.070100000,0.020000000
sample,forward_host,original,128,139,6,764,1.081887960,1.132800000,0.054000000,0.012600000
sample,forward_host,original,128,140,6,8074,1.093088031,1.162300000,0.071300000,0.019600000
sample,forward_host,original,128,141,6,20272,1.103487968,1.172000000,0.078700000,0.023600000
sample,forward_host,original,128,142,6,9106,1.112064004,1.163500000,0.090200000,0.028600000
sample,forward_host,original,128,143,6,3876,1.087136030,1.139000000,0.065200000,0.019400000
sample,forward_host,ordered4,128,128,6,284,1.156479955,1.209300000,0.068100000,0.015500000
sample,forward_host,ordered4,128,129,6,257,1.149216056,1.204700000,0.090800000,0.014400000
sample,forward_host,ordered4,128,130,6,614,1.150400043,1.209700000,0.054500000,0.013000000
sample,forward_host,ordered4,128,131,6,878,1.166048050,1.239900000,0.090900000,0.024900000
sample,forward_host,ordered4,128,132,6,289,1.154528022,1.217100000,0.066800000,0.014200000
sample,forward_host,ordered4,128,133,6,19775,1.159327984,1.213600000,0.074900000,0.015700000
sample,forward_host,ordered4,128,134,6,656,1.170207977,1.222200000,0.077800000,0.023600000
sample,forward_host,ordered4,128,135,6,39599,1.155743957,1.209500000,0.073600000,0.015800000
sample,forward_host,ordered4,128,136,6,1122,1.159232020,1.312200000,0.055400000,0.014000000
sample,forward_host,ordered4,128,137,6,291,1.167072058,1.226100000,0.062400000,0.018900000
sample,forward_host,ordered4,128,138,6,37346,1.172000051,1.218600000,0.074100000,0.021100000
sample,forward_host,ordered4,128,139,6,764,1.163231969,1.206200000,0.065500000,0.017400000
sample,forward_host,ordered4,128,140,6,8074,1.160735965,1.206800000,0.055300000,0.013600000
sample,forward_host,ordered4,128,141,6,20272,1.163231969,1.231700000,0.066300000,0.012800000
sample,forward_host,ordered4,128,142,6,9106,1.170912027,1.230800000,0.059300000,0.019000000
sample,forward_host,ordered4,128,143,6,3876,1.175008059,1.232200000,0.087200000,0.023100000
sample,forward_host,ordered4,128,128,7,284,1.155743957,1.228800000,0.066800000,0.020700000
sample,forward_host,ordered4,128,129,7,257,1.166208029,1.224400000,0.080400000,0.023800000
sample,forward_host,ordered4,128,130,7,614,1.157824039,1.212200000,0.062100000,0.017500000
sample,forward_host,ordered4,128,131,7,878,1.176640034,1.234900000,0.106100000,0.031100000
sample,forward_host,ordered4,128,132,7,289,1.159136057,1.233700000,0.063100000,0.019000000
sample,forward_host,ordered4,128,133,7,19775,1.178879976,1.250100000,0.096000000,0.023900000
sample,forward_host,ordered4,128,134,7,656,1.174368024,1.228000000,0.075500000,0.025900000
sample,forward_host,ordered4,128,135,7,39599,1.164160013,1.217900000,0.065200000,0.020800000
sample,forward_host,ordered4,128,136,7,1122,1.161599994,1.213700000,0.062600000,0.018200000
sample,forward_host,ordered4,128,137,7,291,1.168768048,1.258700000,0.077600000,0.019700000
sample,forward_host,ordered4,128,138,7,37346,1.186208010,1.247200000,0.089900000,0.030300000
sample,forward_host,ordered4,128,139,7,764,1.175552011,1.230600000,0.073400000,0.025600000
sample,forward_host,ordered4,128,140,7,8074,1.170528054,1.219900000,0.069300000,0.022500000
sample,forward_host,ordered4,128,141,7,20272,1.169855952,1.220500000,0.062100000,0.018000000
sample,forward_host,ordered4,128,142,7,9106,1.166239977,1.231400000,0.055400000,0.014200000
sample,forward_host,ordered4,128,143,7,3876,1.175232053,1.236700000,0.067200000,0.021800000
sample,forward_host,original,128,128,7,284,1.074112058,1.133100000,0.064700000,0.015000000
sample,forward_host,original,128,129,7,257,1.079327941,1.154000000,0.069300000,0.013700000
sample,forward_host,original,128,130,7,614,1.085055947,1.139600000,0.083700000,0.017500000
sample,forward_host,original,128,131,7,878,1.077183962,1.125400000,0.058800000,0.015800000
sample,forward_host,original,128,132,7,289,1.064576030,1.114300000,0.062600000,0.008600000
sample,forward_host,original,128,133,7,19775,1.087072015,1.152300000,0.087500000,0.019100000
sample,forward_host,original,128,134,7,656,1.093376040,1.150200000,0.070300000,0.019500000
sample,forward_host,original,128,135,7,39599,1.083199978,1.164500000,0.085700000,0.015400000
sample,forward_host,original,128,136,7,1122,1.091776013,1.168100000,0.079200000,0.021700000
sample,forward_host,original,128,137,7,291,1.107007980,1.190600000,0.118200000,0.028600000
sample,forward_host,original,128,138,7,37346,1.090687990,1.177200000,0.061600000,0.016500000
sample,forward_host,original,128,139,7,764,1.107519984,1.172900000,0.079400000,0.029300000
sample,forward_host,original,128,140,7,8074,1.109184027,1.164900000,0.082900000,0.028800000
sample,forward_host,original,128,141,7,20272,1.112159967,1.170400000,0.079500000,0.023000000
sample,forward_host,original,128,142,7,9106,1.103327990,1.153100000,0.081000000,0.020000000
sample,forward_host,original,128,143,7,3876,1.080927968,1.150600000,0.062200000,0.014100000
sample,forward_host,original,128,128,8,284,1.071903944,1.117600000,0.057700000,0.015200000
sample,forward_host,original,128,129,8,257,1.075616002,1.122400000,0.054500000,0.013500000
sample,forward_host,original,128,130,8,614,1.078336000,1.139500000,0.052100000,0.012500000
sample,forward_host,original,128,131,8,878,1.075999975,1.134700000,0.065300000,0.015000000
sample,forward_host,original,128,132,8,289,1.097023964,1.153800000,0.087100000,0.025200000
sample,forward_host,original,128,133,8,19775,1.087072015,1.137400000,0.063600000,0.018200000
sample,forward_host,original,128,134,8,656,1.092512012,1.143800000,0.078900000,0.020500000
sample,forward_host,original,128,135,8,39599,1.072927952,1.125500000,0.069200000,0.012300000
sample,forward_host,original,128,136,8,1122,1.090752006,1.146900000,0.067000000,0.022300000
sample,forward_host,original,128,137,8,291,1.093088031,1.142600000,0.075000000,0.022400000
sample,forward_host,original,128,138,8,37346,1.096480012,1.147600000,0.066300000,0.024600000
sample,forward_host,original,128,139,8,764,1.082080007,1.133800000,0.055900000,0.013700000
sample,forward_host,original,128,140,8,8074,1.082496047,1.148200000,0.052800000,0.012600000
sample,forward_host,original,128,141,8,20272,1.087648034,1.155300000,0.096800000,0.016300000
sample,forward_host,original,128,142,8,9106,1.102208018,1.157200000,0.082500000,0.021800000
sample,forward_host,original,128,143,8,3876,1.087167978,1.135400000,0.060600000,0.017200000
sample,forward_host,ordered4,128,128,8,284,1.205119967,1.273200000,0.138100000,0.059200000
sample,forward_host,ordered4,128,129,8,257,1.156991959,1.211600000,0.066900000,0.020800000
sample,forward_host,ordered4,128,130,8,614,1.161856055,1.216400000,0.065400000,0.020800000
sample,forward_host,ordered4,128,131,8,878,1.150239944,1.207900000,0.055700000,0.014300000
sample,forward_host,ordered4,128,132,8,289,1.148031950,1.227100000,0.062300000,0.013100000
sample,forward_host,ordered4,128,133,8,19775,1.169247985,1.246600000,0.072200000,0.022600000
sample,forward_host,ordered4,128,134,8,656,1.183007956,1.238800000,0.095800000,0.031700000
sample,forward_host,ordered4,128,135,8,39599,1.156255960,1.204200000,0.066800000,0.016000000
sample,forward_host,ordered4,128,136,8,1122,1.169343948,1.233700000,0.066000000,0.021000000
sample,forward_host,ordered4,128,137,8,291,1.165887952,1.257300000,0.076100000,0.019800000
sample,forward_host,ordered4,128,138,8,37346,1.239967942,1.323900000,0.192000000,0.062300000
sample,forward_host,ordered4,128,139,8,764,1.171903968,1.239000000,0.068000000,0.022800000
sample,forward_host,ordered4,128,140,8,8074,1.168480039,1.218000000,0.073200000,0.018300000
sample,forward_host,ordered4,128,141,8,20272,1.165120006,1.217300000,0.055900000,0.013100000
sample,forward_host,ordered4,128,142,8,9106,1.180384040,1.239600000,0.054600000,0.013000000
sample,forward_host,ordered4,128,143,8,3876,1.178751945,1.234400000,0.076000000,0.017600000
sample,forward_host,ordered4,128,128,9,284,1.147423983,1.208500000,0.070100000,0.016200000
sample,forward_host,ordered4,128,129,9,257,1.164576054,1.225200000,0.071300000,0.024000000
sample,forward_host,ordered4,128,130,9,614,1.154719949,1.201600000,0.055900000,0.015500000
sample,forward_host,ordered4,128,131,9,878,1.149919987,1.204700000,0.054100000,0.013600000
sample,forward_host,ordered4,128,132,9,289,1.152608037,1.214400000,0.059500000,0.014000000
sample,forward_host,ordered4,128,133,9,19775,1.176352024,1.236400000,0.092000000,0.026200000
sample,forward_host,ordered4,128,134,9,656,1.159711957,1.212500000,0.058100000,0.015100000
sample,forward_host,ordered4,128,135,9,39599,1.154304028,1.209200000,0.064200000,0.013700000
sample,forward_host,ordered4,128,136,9,1122,1.173344016,1.233500000,0.079900000,0.024200000
sample,forward_host,ordered4,128,137,9,291,1.163615942,1.227400000,0.058000000,0.015400000
sample,forward_host,ordered4,128,138,9,37346,1.182368040,1.249800000,0.088400000,0.026300000
sample,forward_host,ordered4,128,139,9,764,1.189056039,1.242700000,0.091500000,0.034800000
sample,forward_host,ordered4,128,140,9,8074,1.176543951,1.225600000,0.079800000,0.024800000
sample,forward_host,ordered4,128,141,9,20272,1.173823953,1.224300000,0.073300000,0.020500000
sample,forward_host,ordered4,128,142,9,9106,1.167680025,1.240100000,0.054200000,0.013100000
sample,forward_host,ordered4,128,143,9,3876,1.174304008,1.236900000,0.069000000,0.020600000
sample,forward_host,original,128,128,9,284,1.076928020,1.143600000,0.069900000,0.019200000
sample,forward_host,original,128,129,9,257,1.085471988,1.147400000,0.070400000,0.018600000
sample,forward_host,original,128,130,9,614,1.108000040,1.167900000,0.089300000,0.035800000
sample,forward_host,original,128,131,9,878,1.089920044,1.140400000,0.079400000,0.025700000
sample,forward_host,original,128,132,9,289,1.087263942,1.127400000,0.064500000,0.021100000
sample,forward_host,original,128,133,9,19775,1.081024051,1.125500000,0.054600000,0.013400000
sample,forward_host,original,128,134,9,656,1.089984059,1.148400000,0.073400000,0.018300000
sample,forward_host,original,128,135,9,39599,1.100864053,1.153300000,0.099500000,0.028600000
sample,forward_host,original,128,136,9,1122,1.095263958,1.155700000,0.074400000,0.026100000
sample,forward_host,original,128,137,9,291,1.107648015,1.159100000,0.083100000,0.031600000
sample,forward_host,original,128,138,9,37346,1.110751987,1.165700000,0.099400000,0.031400000
sample,forward_host,original,128,139,9,764,1.088960052,1.148800000,0.060800000,0.016600000
sample,forward_host,original,128,140,9,8074,1.101024032,1.159400000,0.074200000,0.025400000
sample,forward_host,original,128,141,9,20272,1.100224018,1.151900000,0.066600000,0.020500000
sample,forward_host,original,128,142,9,9106,1.098080039,1.145000000,0.063100000,0.019900000
sample,forward_host,original,128,143,9,3876,1.085759997,1.134100000,0.057500000,0.014900000
sample,forward_host,original,128,128,10,284,1.074944019,1.138700000,0.086400000,0.019300000
sample,forward_host,original,128,129,10,257,1.087839961,1.135200000,0.095900000,0.022800000
sample,forward_host,original,128,130,10,614,1.093503952,1.157600000,0.084500000,0.022700000
sample,forward_host,original,128,131,10,878,1.074720025,1.137200000,0.054100000,0.012800000
sample,forward_host,original,128,132,10,289,1.080800056,1.146200000,0.075000000,0.014700000
sample,forward_host,original,128,133,10,19775,1.100288033,1.158900000,0.121700000,0.027900000
sample,forward_host,original,128,134,10,656,1.083328009,1.132400000,0.058300000,0.014100000
sample,forward_host,original,128,135,10,39599,1.075551987,1.122100000,0.054200000,0.013200000
sample,forward_host,original,128,136,10,1122,1.080960035,1.150000000,0.058100000,0.012400000
sample,forward_host,original,128,137,10,291,1.112959981,1.186400000,0.095700000,0.033200000
sample,forward_host,original,128,138,10,37346,1.110496044,1.167300000,0.099100000,0.031000000
sample,forward_host,original,128,139,10,764,1.102975965,1.162200000,0.086900000,0.029000000
sample,forward_host,original,128,140,10,8074,1.100319982,1.150700000,0.083400000,0.025300000
sample,forward_host,original,128,141,10,20272,1.092671990,1.152100000,0.059000000,0.016100000
sample,forward_host,original,128,142,10,9106,1.101376057,1.163900000,0.068500000,0.021500000
sample,forward_host,original,128,143,10,3876,1.093407989,1.145600000,0.068700000,0.021500000
sample,forward_host,ordered4,128,128,10,284,1.170207977,1.253600000,0.083900000,0.034300000
sample,forward_host,ordered4,128,129,10,257,1.179808021,1.234800000,0.095200000,0.036300000
sample,forward_host,ordered4,128,130,10,614,1.161056042,1.214600000,0.065700000,0.020400000
sample,forward_host,ordered4,128,131,10,878,1.146816015,1.194000000,0.054000000,0.013800000
sample,forward_host,ordered4,128,132,10,289,1.151903987,1.210000000,0.061000000,0.013500000
sample,forward_host,ordered4,128,133,10,19775,1.172703981,1.243500000,0.083600000,0.026200000
sample,forward_host,ordered4,128,134,10,656,1.176576018,1.230500000,0.083200000,0.026500000
sample,forward_host,ordered4,128,135,10,39599,1.155135989,1.202900000,0.055400000,0.013300000
sample,forward_host,ordered4,128,136,10,1122,1.153728008,1.203500000,0.053400000,0.013300000
sample,forward_host,ordered4,128,137,10,291,1.158560038,1.232900000,0.056000000,0.012700000
sample,forward_host,ordered4,128,138,10,37346,1.183776021,1.247000000,0.101900000,0.026700000
sample,forward_host,ordered4,128,139,10,764,1.210016012,1.270300000,0.117500000,0.037700000
sample,forward_host,ordered4,128,140,10,8074,1.174368024,1.223200000,0.072600000,0.022300000
sample,forward_host,ordered4,128,141,10,20272,1.164415956,1.215400000,0.054800000,0.013700000
sample,forward_host,ordered4,128,142,10,9106,1.165536046,1.226300000,0.057300000,0.012600000
sample,forward_host,ordered4,128,143,10,3876,1.183776021,1.242100000,0.075500000,0.024800000
sample,forward_host,ordered4,128,128,11,284,1.145280004,1.202400000,0.057300000,0.014900000
sample,forward_host,ordered4,128,129,11,257,1.193375945,1.261200000,0.103400000,0.030900000
sample,forward_host,ordered4,128,130,11,614,1.168671966,1.226400000,0.085700000,0.024100000
sample,forward_host,ordered4,128,131,11,878,1.151263952,1.205500000,0.065100000,0.015200000
sample,forward_host,ordered4,128,132,11,289,1.145568013,1.205500000,0.052100000,0.012700000
sample,forward_host,ordered4,128,133,11,19775,1.152127981,1.207300000,0.052900000,0.013100000
sample,forward_host,ordered4,128,134,11,656,1.175776005,1.236300000,0.097200000,0.025600000
sample,forward_host,ordered4,128,135,11,39599,1.173984051,1.226400000,0.086700000,0.026100000
sample,forward_host,ordered4,128,136,11,1122,1.166111946,1.217600000,0.062700000,0.019700000
sample,forward_host,ordered4,128,137,11,291,1.163615942,1.217900000,0.071500000,0.017900000
sample,forward_host,ordered4,128,138,11,37346,1.161440015,1.219300000,0.053800000,0.012900000
sample,forward_host,ordered4,128,139,11,764,1.170976043,1.247200000,0.085900000,0.022300000
sample,forward_host,ordered4,128,140,11,8074,1.186112046,1.246600000,0.102800000,0.028200000
sample,forward_host,ordered4,128,141,11,20272,1.172000051,1.232800000,0.064700000,0.019400000
sample,forward_host,ordered4,128,142,11,9106,1.167039990,1.233100000,0.057900000,0.014000000
sample,forward_host,ordered4,128,143,11,3876,1.171296000,1.231300000,0.061400000,0.016300000
sample,forward_host,original,128,128,11,284,1.071488023,1.121200000,0.056100000,0.014800000
sample,forward_host,original,128,129,11,257,1.076704025,1.137400000,0.054200000,0.012900000
sample,forward_host,original,128,130,11,614,1.092319965,1.148800000,0.089900000,0.022100000
sample,forward_host,original,128,131,11,878,1.084735990,1.135400000,0.067100000,0.021300000
sample,forward_host,original,128,132,11,289,1.090752006,1.139200000,0.069200000,0.023400000
sample,forward_host,original,128,133,11,19775,1.081375957,1.128200000,0.054300000,0.013200000
sample,forward_host,original,128,134,11,656,1.093407989,1.158700000,0.071400000,0.020500000
sample,forward_host,original,128,135,11,39599,1.083583951,1.150100000,0.071100000,0.017500000
sample,forward_host,original,128,136,11,1122,1.089887977,1.145700000,0.066200000,0.019500000
sample,forward_host,original,128,137,11,291,1.083807945,1.133000000,0.056500000,0.016000000
sample,forward_host,original,128,138,11,37346,1.083999991,1.130300000,0.054500000,0.012900000
sample,forward_host,original,128,139,11,764,1.092319965,1.148800000,0.072300000,0.019700000
sample,forward_host,original,128,140,11,8074,1.083680034,1.159400000,0.053900000,0.013200000
sample,forward_host,original,128,141,11,20272,1.118783951,1.180100000,0.100100000,0.027800000
sample,forward_host,original,128,142,11,9106,1.097216010,1.151900000,0.069200000,0.019800000
sample,forward_host,original,128,143,11,3876,1.084447980,1.134800000,0.056700000,0.014300000
sample,forward_host,original,128,128,12,284,1.077888012,1.129700000,0.072100000,0.018900000
sample,forward_host,original,128,129,12,257,1.082463980,1.134500000,0.060600000,0.017000000
sample,forward_host,original,128,130,12,614,1.077407956,1.132800000,0.054900000,0.013300000
sample,forward_host,original,128,131,12,878,1.086976051,1.145500000,0.069300000,0.012300000
sample,forward_host,original,128,132,12,289,1.094048023,1.162000000,0.087700000,0.024200000
sample,forward_host,original,128,133,12,19775,1.108672023,1.162900000,0.082600000,0.031700000
sample,forward_host,original,128,134,12,656,1.098111987,1.146500000,0.077200000,0.025000000
sample,forward_host,original,128,135,12,39599,1.076640010,1.123000000,0.057600000,0.014100000
sample,forward_host,original,128,136,12,1122,1.079071999,1.130800000,0.051700000,0.012700000
sample,forward_host,original,128,137,12,291,1.090304017,1.152900000,0.060100000,0.019000000
sample,forward_host,original,128,138,12,37346,1.111008048,1.182300000,0.103600000,0.030500000
sample,forward_host,original,128,139,12,764,1.097568035,1.157200000,0.086800000,0.022400000
sample,forward_host,original,128,140,12,8074,1.093407989,1.150300000,0.076100000,0.018700000
sample,forward_host,original,128,141,12,20272,1.087263942,1.170500000,0.055800000,0.013600000
sample,forward_host,original,128,142,12,9106,1.104320049,1.165900000,0.080600000,0.023300000
sample,forward_host,original,128,143,12,3876,1.104223967,1.172900000,0.087500000,0.028400000
sample,forward_host,ordered4,128,128,12,284,1.178015947,1.238600000,0.106000000,0.028800000
sample,forward_host,ordered4,128,129,12,257,1.205343962,1.263000000,0.131000000,0.047600000
sample,forward_host,ordered4,128,130,12,614,1.171488047,1.222100000,0.082400000,0.028700000
sample,forward_host,ordered4,128,131,12,878,1.164160013,1.210700000,0.083700000,0.023500000
sample,forward_host,ordered4,128,132,12,289,1.153695941,1.211300000,0.058400000,0.014900000
sample,forward_host,ordered4,128,133,12,19775,1.154847980,1.228000000,0.071600000,0.016300000
sample,forward_host,ordered4,128,134,12,656,1.181375980,1.252100000,0.081700000,0.032300000
sample,forward_host,ordered4,128,135,12,39599,1.170591950,1.224100000,0.073200000,0.025700000
sample,forward_host,ordered4,128,136,12,1122,1.159263968,1.207200000,0.058100000,0.016000000
sample,forward_host,ordered4,128,137,12,291,1.172575951,1.232500000,0.072100000,0.022100000
sample,forward_host,ordered4,128,138,12,37346,1.168095946,1.237600000,0.059200000,0.015700000
sample,forward_host,ordered4,128,139,12,764,1.173120022,1.233800000,0.071700000,0.022600000
sample,forward_host,ordered4,128,140,12,8074,1.180896044,1.231000000,0.088300000,0.027800000
sample,forward_host,ordered4,128,141,12,20272,1.164031982,1.212300000,0.054900000,0.015500000
sample,forward_host,ordered4,128,142,12,9106,1.168959975,1.226000000,0.059100000,0.013700000
sample,forward_host,ordered4,128,143,12,3876,1.177664042,1.256500000,0.075300000,0.022500000
sample,forward_host,ordered4,128,128,13,284,1.152032018,1.204100000,0.076100000,0.021700000
sample,forward_host,ordered4,128,129,13,257,1.154847980,1.230000000,0.065800000,0.015600000
sample,forward_host,ordered4,128,130,13,614,1.181087971,1.241300000,0.089500000,0.031700000
sample,forward_host,ordered4,128,131,13,878,1.156448007,1.205600000,0.061900000,0.018600000
sample,forward_host,ordered4,128,132,13,289,1.160256028,1.210200000,0.076700000,0.021700000
sample,forward_host,ordered4,128,133,13,19775,1.167520046,1.226100000,0.070100000,0.022700000
sample,forward_host,ordered4,128,134,13,656,1.158784032,1.231100000,0.058500000,0.016300000
sample,forward_host,ordered4,128,135,13,39599,1.178303957,1.233000000,0.089900000,0.029900000
sample,forward_host,ordered4,128,136,13,1122,1.170591950,1.216600000,0.076900000,0.024100000
sample,forward_host,ordered4,128,137,13,291,1.171167970,1.219500000,0.069700000,0.021600000
sample,forward_host,ordered4,128,138,13,37346,1.160928011,1.219600000,0.054800000,0.013300000
sample,forward_host,ordered4,128,139,13,764,1.173535943,1.258100000,0.085100000,0.022700000
sample,forward_host,ordered4,128,140,13,8074,1.192064047,1.253800000,0.096500000,0.032600000
sample,forward_host,ordered4,128,141,13,20272,1.204031944,1.274400000,0.104200000,0.046000000
sample,forward_host,ordered4,128,142,13,9106,1.169759989,1.217000000,0.060100000,0.018900000
sample,forward_host,ordered4,128,143,13,3876,1.167968035,1.231600000,0.057100000,0.015300000
sample,forward_host,original,128,128,13,284,1.087839961,1.142600000,0.095400000,0.025100000
sample,forward_host,original,128,129,13,257,1.098207951,1.190600000,0.084500000,0.028400000
sample,forward_host,original,128,130,13,614,1.088927984,1.150300000,0.098700000,0.021000000
sample,forward_host,original,128,131,13,878,1.094112039,1.157300000,0.091400000,0.023100000
sample,forward_host,original,128,132,13,289,1.094624043,1.149300000,0.083400000,0.024400000
sample,forward_host,original,128,133,13,19775,1.089887977,1.137600000,0.079700000,0.020300000
sample,forward_host,original,128,134,13,656,1.093984008,1.153700000,0.078100000,0.020900000
sample,forward_host,original,128,135,13,39599,1.079615951,1.140400000,0.065400000,0.013100000
sample,forward_host,original,128,136,13,1122,1.091871977,1.153200000,0.081100000,0.021100000
sample,forward_host,original,128,137,13,291,1.101024032,1.159500000,0.070500000,0.022400000
sample,forward_host,original,128,138,13,37346,1.085343957,1.134300000,0.053800000,0.013200000
sample,forward_host,original,128,139,13,764,1.091231942,1.142000000,0.064000000,0.019900000
sample,forward_host,original,128,140,13,8074,1.082687974,1.149000000,0.051900000,0.012200000
sample,forward_host,original,128,141,13,20272,1.118432045,1.192900000,0.103300000,0.032600000
sample,forward_host,original,128,142,13,9106,1.104447961,1.156000000,0.083000000,0.022400000
sample,forward_host,original,128,143,13,3876,1.081760049,1.127900000,0.053000000,0.013500000
sample,forward_host,original,128,128,14,284,1.082432032,1.137700000,0.081500000,0.022000000
sample,forward_host,original,128,129,14,257,1.093343973,1.141700000,0.081500000,0.024600000
sample,forward_host,original,128,130,14,614,1.075935960,1.122500000,0.052700000,0.013100000
sample,forward_host,original,128,131,14,878,1.075616002,1.129200000,0.055400000,0.015100000
sample,forward_host,original,128,132,14,289,1.085567951,1.150700000,0.066600000,0.019200000
sample,forward_host,original,128,133,14,19775,1.104480028,1.180900000,0.090800000,0.028300000
sample,forward_host,original,128,134,14,656,1.092319965,1.142100000,0.079300000,0.020700000
sample,forward_host,original,128,135,14,39599,1.083423972,1.131100000,0.074100000,0.016900000
sample,forward_host,original,128,136,14,1122,1.084447980,1.136400000,0.076800000,0.016300000
sample,forward_host,original,128,137,14,291,1.085728049,1.153600000,0.057500000,0.014600000
sample,forward_host,original,128,138,14,37346,1.112383962,1.179300000,0.094200000,0.032600000
sample,forward_host,original,128,139,14,764,1.114784002,1.197200000,0.106400000,0.036300000
sample,forward_host,original,128,140,14,8074,1.094431996,1.138800000,0.081600000,0.021700000
sample,forward_host,original,128,141,14,20272,1.094720006,1.151200000,0.071600000,0.019500000
sample,forward_host,original,128,142,14,9106,1.095584035,1.162100000,0.058700000,0.018300000
sample,forward_host,original,128,143,14,3876,1.133664012,1.223900000,0.135000000,0.043900000
sample,forward_host,ordered4,128,128,14,284,1.151072025,1.234200000,0.065400000,0.019500000
sample,forward_host,ordered4,128,129,14,257,1.171040058,1.254500000,0.098600000,0.028500000
sample,forward_host,ordered4,128,130,14,614,1.184288025,1.249800000,0.098400000,0.034400000
sample,forward_host,ordered4,128,131,14,878,1.176607966,1.230700000,0.107900000,0.033800000
sample,forward_host,ordered4,128,132,14,289,1.164960027,1.216200000,0.074700000,0.023200000
sample,forward_host,ordered4,128,133,14,19775,1.163071990,1.244900000,0.064000000,0.020800000
sample,forward_host,ordered4,128,134,14,656,1.181056023,1.261900000,0.083700000,0.028800000
sample,forward_host,ordered4,128,135,14,39599,1.192127943,1.250600000,0.107600000,0.039900000
sample,forward_host,ordered4,128,136,14,1122,1.185760021,1.239700000,0.099000000,0.034300000
sample,forward_host,ordered4,128,137,14,291,1.183936000,1.241300000,0.081600000,0.032600000
sample,forward_host,ordered4,128,138,14,37346,1.174015999,1.242100000,0.079100000,0.020100000
sample,forward_host,ordered4,128,139,14,764,1.180799961,1.247000000,0.088300000,0.027500000
sample,forward_host,ordered4,128,140,14,8074,1.195711970,1.253400000,0.105100000,0.034400000
sample,forward_host,ordered4,128,141,14,20272,1.176480055,1.224900000,0.079400000,0.019600000
sample,forward_host,ordered4,128,142,14,9106,1.171072006,1.231200000,0.058300000,0.016300000
sample,forward_host,ordered4,128,143,14,3876,1.165663958,1.234000000,0.062000000,0.015600000
sample,forward_host,ordered4,128,128,15,284,1.140223980,1.209900000,0.067200000,0.012800000
sample,forward_host,ordered4,128,129,15,257,1.150431991,1.218200000,0.064900000,0.013600000
sample,forward_host,ordered4,128,130,15,614,1.176352024,1.242800000,0.099100000,0.032900000
sample,forward_host,ordered4,128,131,15,878,1.160768032,1.214100000,0.067200000,0.021100000
sample,forward_host,ordered4,128,132,15,289,1.152863979,1.203300000,0.057300000,0.017000000
sample,forward_host,ordered4,128,133,15,19775,1.151775956,1.206500000,0.060100000,0.014600000
sample,forward_host,ordered4,128,134,15,656,1.156383991,1.233000000,0.066900000,0.013200000
sample,forward_host,ordered4,128,135,15,39599,1.172799945,1.238500000,0.076300000,0.025800000
sample,forward_host,ordered4,128,136,15,1122,1.174175978,1.224900000,0.082300000,0.025900000
sample,forward_host,ordered4,128,137,15,291,1.161599994,1.209000000,0.064600000,0.014900000
sample,forward_host,ordered4,128,138,15,37346,1.165120006,1.221500000,0.070900000,0.013500000
sample,forward_host,ordered4,128,139,15,764,1.172320008,1.247400000,0.077200000,0.021100000
sample,forward_host,ordered4,128,140,15,8074,1.183328032,1.243600000,0.086100000,0.029900000
sample,forward_host,ordered4,128,141,15,20272,1.175680041,1.224900000,0.079500000,0.019800000
sample,forward_host,ordered4,128,142,15,9106,1.173024058,1.221100000,0.058800000,0.015700000
sample,forward_host,ordered4,128,143,15,3876,1.162559986,1.218700000,0.070800000,0.014000000
sample,forward_host,original,128,128,15,284,1.073343992,1.124300000,0.058200000,0.017700000
sample,forward_host,original,128,129,15,257,1.079679966,1.127400000,0.069400000,0.013400000
sample,forward_host,original,128,130,15,614,1.088927984,1.153600000,0.064000000,0.020700000
sample,forward_host,original,128,131,15,878,1.091199994,1.150600000,0.073400000,0.025400000
sample,forward_host,original,128,132,15,289,1.096832037,1.161700000,0.083200000,0.026800000
sample,forward_host,original,128,133,15,19775,1.099455953,1.163100000,0.073900000,0.026700000
sample,forward_host,original,128,134,15,656,1.086143970,1.134000000,0.068900000,0.014600000
sample,forward_host,original,128,135,15,39599,1.077343941,1.140400000,0.061400000,0.013600000
sample,forward_host,original,128,136,15,1122,1.101248026,1.202200000,0.077200000,0.027900000
sample,forward_host,original,128,137,15,291,1.116736054,1.190500000,0.099400000,0.034500000
sample,forward_host,original,128,138,15,37346,1.094239950,1.144400000,0.078700000,0.020800000
sample,forward_host,original,128,139,15,764,1.096799970,1.145200000,0.069400000,0.022700000
sample,forward_host,original,128,140,15,8074,1.082847953,1.145100000,0.054000000,0.012900000
sample,forward_host,original,128,141,15,20272,1.090880036,1.169300000,0.058500000,0.015100000
sample,forward_host,original,128,142,15,9106,1.109856009,1.171000000,0.075000000,0.028000000
sample,forward_host,original,128,143,15,3876,1.091711998,1.143100000,0.065300000,0.019900000
sample,forward_host,original,512,512,0,837,1.331007957,1.398100000,0.060900000,0.018500000
sample,forward_host,original,512,513,0,290,1.353631973,1.411200000,0.069000000,0.015400000
sample,forward_host,original,512,514,0,460,1.332767963,1.380400000,0.053200000,0.013900000
sample,forward_host,original,512,515,0,307,1.318688035,1.363700000,0.041600000,0.008600000
sample,forward_host,original,512,516,0,12606,1.322111964,1.392100000,0.042500000,0.008500000
sample,forward_host,original,512,517,0,32455,1.343296051,1.414400000,0.063100000,0.018500000
sample,forward_host,original,512,518,0,837,1.345056057,1.398800000,0.072300000,0.019100000
sample,forward_host,original,512,519,0,3584,1.333152056,1.384100000,0.055700000,0.014400000
sample,forward_host,original,512,520,0,45456,1.323232055,1.405100000,0.042300000,0.008700000
sample,forward_host,original,512,521,0,389,1.328063965,1.390000000,0.076700000,0.008900000
sample,forward_host,original,512,522,0,7485,1.341984034,1.409100000,0.055400000,0.014500000
sample,forward_host,original,512,523,0,284,1.342623949,1.395900000,0.093000000,0.018000000
sample,forward_host,original,512,524,0,3051,1.339679956,1.399200000,0.056700000,0.013800000
sample,forward_host,original,512,525,0,287,1.336671948,1.420300000,0.076700000,0.013400000
sample,forward_host,original,512,526,0,262,1.364896059,1.428700000,0.080600000,0.024800000
sample,forward_host,original,512,527,0,4295,1.342496037,1.395700000,0.070100000,0.019300000
sample,forward_host,ordered4,512,512,0,837,1.612032056,1.688400000,0.046400000,0.009600000
sample,forward_host,ordered4,512,513,0,290,1.665151954,1.731800000,0.097300000,0.039900000
sample,forward_host,ordered4,512,514,0,460,1.631135941,1.678500000,0.057100000,0.016500000
sample,forward_host,ordered4,512,515,0,307,1.630560040,1.683300000,0.055200000,0.014700000
sample,forward_host,ordered4,512,516,0,12606,1.621248007,1.698600000,0.048500000,0.010500000
sample,forward_host,ordered4,512,517,0,32455,1.653887987,1.713900000,0.077700000,0.027000000
sample,forward_host,ordered4,512,518,0,837,1.644096017,1.715600000,0.063700000,0.020500000
sample,forward_host,ordered4,512,519,0,3584,1.623391986,1.683400000,0.045900000,0.008700000
sample,forward_host,ordered4,512,520,0,45456,1.636448026,1.703200000,0.059800000,0.016700000
sample,forward_host,ordered4,512,521,0,389,1.630911946,1.678600000,0.073000000,0.011700000
sample,forward_host,ordered4,512,522,0,7485,1.629727960,1.681300000,0.045000000,0.009100000
sample,forward_host,ordered4,512,523,0,284,1.635967970,1.700100000,0.069200000,0.013200000
sample,forward_host,ordered4,512,524,0,3051,1.632575989,1.681400000,0.069600000,0.011100000
sample,forward_host,ordered4,512,525,0,287,1.640992045,1.689200000,0.069100000,0.013000000
sample,forward_host,ordered4,512,526,0,262,1.633280039,1.688300000,0.041800000,0.008600000
sample,forward_host,ordered4,512,527,0,4295,1.652127981,1.720400000,0.061500000,0.017800000
sample,forward_host,ordered4,512,512,1,837,1.644351959,1.701800000,0.091200000,0.030600000
sample,forward_host,ordered4,512,513,1,290,1.644063950,1.712700000,0.068400000,0.022600000
sample,forward_host,ordered4,512,514,1,460,1.645472050,1.721600000,0.087600000,0.021200000
sample,forward_host,ordered4,512,515,1,307,1.648576021,1.711100000,0.090700000,0.024900000
sample,forward_host,ordered4,512,516,1,12606,1.643712044,1.704100000,0.089300000,0.023800000
sample,forward_host,ordered4,512,517,1,32455,1.635360003,1.703100000,0.056400000,0.014200000
sample,forward_host,ordered4,512,518,1,837,1.646528006,1.708700000,0.067500000,0.022300000
sample,forward_host,ordered4,512,519,1,3584,1.647935987,1.708400000,0.082200000,0.022700000
sample,forward_host,ordered4,512,520,1,45456,1.652735949,1.722600000,0.094800000,0.023600000
sample,forward_host,ordered4,512,521,1,389,1.659136057,1.731300000,0.089700000,0.025300000
sample,forward_host,ordered4,512,522,1,7485,1.672608018,1.732700000,0.103100000,0.035900000
sample,forward_host,ordered4,512,523,1,284,1.648928046,1.734600000,0.067400000,0.020900000
sample,forward_host,ordered4,512,524,1,3051,1.661023974,1.720200000,0.085800000,0.027700000
sample,forward_host,ordered4,512,525,1,287,1.648383975,1.708300000,0.063700000,0.019300000
sample,forward_host,ordered4,512,526,1,262,1.662655950,1.721000000,0.073400000,0.024100000
sample,forward_host,ordered4,512,527,1,4295,1.659711957,1.737800000,0.071200000,0.022500000
sample,forward_host,original,512,512,1,837,1.349984050,1.427600000,0.095400000,0.030500000
sample,forward_host,original,512,513,1,290,1.347584009,1.419200000,0.105500000,0.024300000
sample,forward_host,original,512,514,1,460,1.328896046,1.381800000,0.061400000,0.012900000
sample,forward_host,original,512,515,1,307,1.321248055,1.382900000,0.052800000,0.008300000
sample,forward_host,original,512,516,1,12606,1.335615993,1.399800000,0.064200000,0.015600000
sample,forward_host,original,512,517,1,32455,1.327072024,1.382800000,0.060800000,0.008500000
sample,forward_host,original,512,518,1,837,1.336799979,1.396000000,0.063900000,0.013500000
sample,forward_host,original,512,519,1,3584,1.322208047,1.383300000,0.052900000,0.008400000
sample,forward_host,original,512,520,1,45456,1.329728007,1.381500000,0.063800000,0.011000000
sample,forward_host,original,512,521,1,389,1.326367974,1.391400000,0.070300000,0.008700000
sample,forward_host,original,512,522,1,7485,1.363168001,1.426200000,0.082400000,0.023000000
sample,forward_host,original,512,523,1,284,1.330144048,1.387100000,0.052700000,0.010800000
sample,forward_host,original,512,524,1,3051,1.326912045,1.391400000,0.049100000,0.008300000
sample,forward_host,original,512,525,1,287,1.332319975,1.398400000,0.048700000,0.008200000
sample,forward_host,original,512,526,1,262,1.340384007,1.399900000,0.081800000,0.011400000
sample,forward_host,original,512,527,1,4295,1.336384058,1.394100000,0.057700000,0.012300000
sample,forward_host,original,512,512,2,837,1.318495989,1.386200000,0.082200000,0.011000000
sample,forward_host,original,512,513,2,290,1.327327967,1.389900000,0.082700000,0.012300000
sample,forward_host,original,512,514,2,460,1.327584028,1.388000000,0.054000000,0.009900000
sample,forward_host,original,512,515,2,307,1.331552029,1.397000000,0.061700000,0.012000000
sample,forward_host,original,512,516,2,12606,1.320608020,1.382400000,0.048800000,0.008400000
sample,forward_host,original,512,517,2,32455,1.334239960,1.402400000,0.055100000,0.012700000
sample,forward_host,original,512,518,2,837,1.327103972,1.398600000,0.052000000,0.008900000
sample,forward_host,original,512,519,2,3584,1.352192044,1.412300000,0.123700000,0.027800000
sample,forward_host,original,512,520,2,45456,1.337407947,1.388800000,0.059500000,0.015300000
sample,forward_host,original,512,521,2,389,1.337823987,1.406500000,0.063200000,0.014200000
sample,forward_host,original,512,522,2,7485,1.352480054,1.427300000,0.075000000,0.018500000
sample,forward_host,original,512,523,2,284,1.339424014,1.383500000,0.056400000,0.012600000
sample,forward_host,original,512,524,2,3051,1.328544021,1.390300000,0.041900000,0.008900000
sample,forward_host,original,512,525,2,287,1.334815979,1.393700000,0.074200000,0.008000000
sample,forward_host,original,512,526,2,262,1.349792004,1.425500000,0.065100000,0.013000000
sample,forward_host,original,512,527,2,4295,1.334751964,1.386700000,0.061200000,0.013900000
sample,forward_host,ordered4,512,512,2,837,1.614143968,1.670600000,0.043500000,0.008800000
sample,forward_host,ordered4,512,513,2,290,1.619488001,1.695300000,0.047000000,0.008700000
sample,forward_host,ordered4,512,514,2,460,1.631008029,1.683100000,0.055900000,0.012900000
sample,forward_host,ordered4,512,515,2,307,1.625375986,1.676900000,0.067100000,0.011000000
sample,forward_host,ordered4,512,516,2,12606,1.619840026,1.680100000,0.053600000,0.008500000
sample,forward_host,ordered4,512,517,2,32455,1.624127984,1.673700000,0.058500000,0.008800000
sample,forward_host,ordered4,512,518,2,837,1.638527989,1.702000000,0.063500000,0.016600000
sample,forward_host,ordered4,512,519,2,3584,1.630527973,1.691000000,0.053800000,0.013300000
sample,forward_host,ordered4,512,520,2,45456,1.639775991,1.706500000,0.068800000,0.017300000
sample,forward_host,ordered4,512,521,2,389,1.657279968,1.714000000,0.089200000,0.022900000
sample,forward_host,ordered4,512,522,2,7485,1.660895944,1.719600000,0.079200000,0.027300000
sample,forward_host,ordered4,512,523,2,284,1.634464025,1.694700000,0.047700000,0.011900000
sample,forward_host,ordered4,512,524,2,3051,1.644799948,1.707700000,0.059800000,0.018200000
sample,forward_host,ordered4,512,525,2,287,1.635360003,1.687800000,0.065000000,0.010800000
sample,forward_host,ordered4,512,526,2,262,1.637279987,1.681300000,0.060700000,0.008800000
sample,forward_host,ordered4,512,527,2,4295,1.642912030,1.722800000,0.050100000,0.011700000
sample,forward_host,ordered4,512,512,3,837,1.624927998,1.680500000,0.061100000,0.017800000
sample,forward_host,ordered4,512,513,3,290,1.619232059,1.674400000,0.046400000,0.009000000
sample,forward_host,ordered4,512,514,3,460,1.631039977,1.689200000,0.052500000,0.012600000
sample,forward_host,ordered4,512,515,3,307,1.644096017,1.701400000,0.081000000,0.023000000
sample,forward_host,ordered4,512,516,3,12606,1.627040029,1.682300000,0.051700000,0.012300000
sample,forward_host,ordered4,512,517,3,32455,1.622720003,1.700000000,0.070900000,0.009100000
sample,forward_host,ordered4,512,518,3,837,1.630208015,1.695000000,0.056800000,0.010800000
sample,forward_host,ordered4,512,519,3,3584,1.631647944,1.686300000,0.056500000,0.012800000
sample,forward_host,ordered4,512,520,3,45456,1.621536016,1.670100000,0.044200000,0.008700000
sample,forward_host,ordered4,512,521,3,389,1.628255963,1.680900000,0.042000000,0.009000000
sample,forward_host,ordered4,512,522,3,7485,1.649279952,1.710100000,0.061200000,0.019500000
sample,forward_host,ordered4,512,523,3,284,1.630239964,1.677600000,0.044900000,0.010400000
sample,forward_host,ordered4,512,524,3,3051,1.637727976,1.693000000,0.050800000,0.011600000
sample,forward_host,ordered4,512,525,3,287,1.631935954,1.692900000,0.046700000,0.009100000
sample,forward_host,ordered4,512,526,3,262,1.639232039,1.697800000,0.074900000,0.012100000
sample,forward_host,ordered4,512,527,3,4295,1.659263968,1.726000000,0.078800000,0.022700000
sample,forward_host,original,512,512,3,837,1.339807987,1.437100000,0.080600000,0.023900000
sample,forward_host,original,512,513,3,290,1.373183966,1.474400000,0.112400000,0.038800000
sample,forward_host,original,512,514,3,460,1.350816011,1.417700000,0.075600000,0.024100000
sample,forward_host,original,512,515,3,307,1.347679973,1.428700000,0.079400000,0.024700000
sample,forward_host,original,512,516,3,12606,1.344128013,1.402500000,0.065400000,0.019800000
sample,forward_host,original,512,517,3,32455,1.337407947,1.401600000,0.059700000,0.014400000
sample,forward_host,original,512,518,3,837,1.376224041,1.449500000,0.109200000,0.039100000
sample,forward_host,original,512,519,3,3584,1.347007990,1.400300000,0.072200000,0.024200000
sample,forward_host,original,512,520,3,45456,1.339391947,1.495400000,0.061200000,0.015600000
sample,forward_host,original,512,521,3,389,1.350015998,1.411800000,0.083100000,0.022200000
sample,forward_host,original,512,522,3,7485,1.345216036,1.422000000,0.087300000,0.014800000
sample,forward_host,original,512,523,3,284,1.351519942,1.408000000,0.088600000,0.023300000
sample,forward_host,original,512,524,3,3051,1.411327958,1.466800000,0.170700000,0.047000000
sample,forward_host,original,512,525,3,287,1.351423979,1.428700000,0.073100000,0.022000000
sample,forward_host,original,512,526,3,262,1.370175958,1.438600000,0.088400000,0.028600000
sample,forward_host,original,512,527,3,4295,1.363680005,1.424100000,0.086900000,0.031000000
sample,forward_host,original,512,512,4,837,1.315071940,1.364100000,0.041800000,0.008600000
sample,forward_host,original,512,513,4,290,1.319360018,1.380800000,0.041500000,0.008600000
sample,forward_host,original,512,514,4,460,1.333376050,1.393700000,0.059600000,0.012400000
sample,forward_host,original,512,515,4,307,1.322335958,1.376400000,0.060200000,0.009100000
sample,forward_host,original,512,516,4,12606,1.319231987,1.374700000,0.045400000,0.009300000
sample,forward_host,original,512,517,4,32455,1.340448022,1.423400000,0.074900000,0.017900000
sample,forward_host,original,512,518,4,837,1.348096013,1.407700000,0.092800000,0.017500000
sample,forward_host,original,512,519,4,3584,1.356703997,1.432700000,0.090700000,0.031500000
sample,forward_host,original,512,520,4,45456,1.344576001,1.398900000,0.066100000,0.021500000
sample,forward_host,original,512,521,4,389,1.344735980,1.392700000,0.052600000,0.011700000
sample,forward_host,original,512,522,4,7485,1.328415990,1.391000000,0.042200000,0.008500000
sample,forward_host,original,512,523,4,284,1.325536013,1.390400000,0.042400000,0.009300000
sample,forward_host,original,512,524,4,3051,1.332479954,1.382400000,0.070400000,0.012700000
sample,forward_host,original,512,525,4,287,1.330656052,1.377400000,0.042900000,0.008700000
sample,forward_host,original,512,526,4,262,1.345759988,1.409600000,0.050400000,0.011400000
sample,forward_host,original,512,527,4,4295,1.325343966,1.381700000,0.059700000,0.009800000
sample,forward_host,ordered4,512,512,4,837,1.613119960,1.659400000,0.061000000,0.010500000
sample,forward_host,ordered4,512,513,4,290,1.619616032,1.680700000,0.042400000,0.009100000
sample,forward_host,ordered4,512,514,4,460,1.628000021,1.686600000,0.073300000,0.012600000
sample,forward_host,ordered4,512,515,4,307,1.619264007,1.661900000,0.044400000,0.008900000
sample,forward_host,ordered4,512,516,4,12606,1.620000005,1.666300000,0.058800000,0.009700000
sample,forward_host,ordered4,512,517,4,32455,1.621824026,1.690300000,0.040900000,0.008400000
sample,forward_host,ordered4,512,518,4,837,1.656767964,1.711700000,0.065500000,0.016500000
sample,forward_host,ordered4,512,519,4,3584,1.620991945,1.675900000,0.043700000,0.009700000
sample,forward_host,ordered4,512,520,4,45456,1.630048037,1.701200000,0.047700000,0.008800000
sample,forward_host,ordered4,512,521,4,389,1.630463958,1.687600000,0.043000000,0.009600000
sample,forward_host,ordered4,512,522,4,7485,1.632447958,1.696300000,0.048400000,0.009600000
sample,forward_host,ordered4,512,523,4,284,1.630496025,1.688400000,0.051600000,0.010000000
sample,forward_host,ordered4,512,524,4,3051,1.630591989,1.735200000,0.051300000,0.008400000
sample,forward_host,ordered4,512,525,4,287,1.659839988,1.738000000,0.087800000,0.024000000
sample,forward_host,ordered4,512,526,4,262,1.644096017,1.696400000,0.061800000,0.014900000
sample,forward_host,ordered4,512,527,4,4295,1.633440018,1.683700000,0.063100000,0.008600000
sample,forward_host,ordered4,512,512,5,837,1.621888041,1.671300000,0.053200000,0.013600000
sample,forward_host,ordered4,512,513,5,290,1.635295987,1.691400000,0.059800000,0.017000000
sample,forward_host,ordered4,512,514,5,460,1.620800018,1.675800000,0.065700000,0.009300000
sample,forward_host,ordered4,512,515,5,307,1.631008029,1.687600000,0.079300000,0.014400000
sample,forward_host,ordered4,512,516,5,12606,1.619135976,1.669600000,0.044800000,0.009100000
sample,forward_host,ordered4,512,517,5,32455,1.636127949,1.695900000,0.060300000,0.013500000
sample,forward_host,ordered4,512,518,5,837,1.647552013,1.721200000,0.081800000,0.021000000
sample,forward_host,ordered4,512,519,5,3584,1.644415975,1.698100000,0.089800000,0.021800000
sample,forward_host,ordered4,512,520,5,45456,1.653728008,1.702900000,0.085900000,0.026500000
sample,forward_host,ordered4,512,521,5,389,1.651551962,1.721000000,0.078000000,0.023300000
sample,forward_host,ordered4,512,522,5,7485,1.645696044,1.701700000,0.073000000,0.017900000
sample,forward_host,ordered4,512,523,5,284,1.642400026,1.699200000,0.069500000,0.019000000
sample,forward_host,ordered4,512,524,5,3051,1.653408051,1.712200000,0.078100000,0.022900000
sample,forward_host,ordered4,512,525,5,287,1.655007958,1.752600000,0.083800000,0.021000000
sample,forward_host,ordered4,512,526,5,262,1.682144046,1.743500000,0.102400000,0.039600000
sample,forward_host,ordered4,512,527,5,4295,1.646271944,1.695100000,0.074500000,0.017000000
sample,forward_host,original,512,512,5,837,1.336384058,1.390900000,0.079800000,0.020200000
sample,forward_host,original,512,513,5,290,1.333119988,1.428600000,0.054000000,0.013000000
sample,forward_host,original,512,514,5,460,1.386335969,1.460300000,0.138500000,0.050400000
sample,forward_host,original,512,515,5,307,1.346591949,1.397500000,0.071500000,0.027100000
sample,forward_host,original,512,516,5,12606,1.333088040,1.390900000,0.053300000,0.013200000
sample,forward_host,original,512,517,5,32455,1.346655965,1.447200000,0.079100000,0.021300000
sample,forward_host,original,512,518,5,837,1.349151969,1.410700000,0.076700000,0.022200000
sample,forward_host,original,512,519,5,3584,1.338847995,1.393400000,0.073900000,0.018600000
sample,forward_host,original,512,520,5,45456,1.343520045,1.400600000,0.073100000,0.014000000
sample,forward_host,original,512,521,5,389,1.349280000,1.440000000,0.084000000,0.020500000
sample,forward_host,original,512,522,5,7485,1.351008058,1.412700000,0.083600000,0.020500000
sample,forward_host,original,512,523,5,284,1.347776055,1.409100000,0.072400000,0.020000000
sample,forward_host,original,512,524,5,3051,1.342079997,1.460900000,0.075300000,0.013100000
sample,forward_host,original,512,525,5,287,1.351264000,1.409300000,0.081300000,0.019500000
sample,forward_host,original,512,526,5,262,1.353664041,1.418000000,0.115100000,0.022100000
sample,forward_host,original,512,527,5,4295,1.371296048,1.436800000,0.107200000,0.029500000
sample,forward_host,original,512,512,6,837,1.329728007,1.381800000,0.061800000,0.018100000
sample,forward_host,original,512,513,6,290,1.331488013,1.378800000,0.064600000,0.013100000
sample,forward_host,original,512,514,6,460,1.346783996,1.416000000,0.071400000,0.020800000
sample,forward_host,original,512,515,6,307,1.339264035,1.410700000,0.065000000,0.019700000
sample,forward_host,original,512,516,6,12606,1.340927958,1.396900000,0.062300000,0.018300000
sample,forward_host,original,512,517,6,32455,1.349056005,1.401400000,0.063500000,0.019800000
sample,forward_host,original,512,518,6,837,1.335711956,1.405100000,0.055800000,0.014200000
sample,forward_host,original,512,519,6,3584,1.335775971,1.391800000,0.063400000,0.018000000
sample,forward_host,original,512,520,6,45456,1.334911942,1.392000000,0.058000000,0.015100000
sample,forward_host,original,512,521,6,389,1.339743972,1.391000000,0.059500000,0.016400000
sample,forward_host,original,512,522,6,7485,1.346207976,1.428900000,0.071900000,0.015400000
sample,forward_host,original,512,523,6,284,1.357728004,1.436000000,0.081800000,0.029300000
sample,forward_host,original,512,524,6,3051,1.358816028,1.429400000,0.080700000,0.028300000
sample,forward_host,original,512,525,6,287,1.370336056,1.427600000,0.093800000,0.032800000
sample,forward_host,original,512,526,6,262,1.356511950,1.406900000,0.072000000,0.021600000
sample,forward_host,original,512,527,6,4295,1.349599957,1.422100000,0.075400000,0.023000000
sample,forward_host,ordered4,512,512,6,837,1.637920022,1.689000000,0.074200000,0.026100000
sample,forward_host,ordered4,512,513,6,290,1.648159981,1.698500000,0.083100000,0.026500000
sample,forward_host,ordered4,512,514,6,460,1.631168008,1.690000000,0.072100000,0.015000000
sample,forward_host,ordered4,512,515,6,307,1.637599945,1.703100000,0.072600000,0.019600000
sample,forward_host,ordered4,512,516,6,12606,1.656800032,1.720000000,0.088500000,0.030400000
sample,forward_host,ordered4,512,517,6,32455,1.633631945,1.708900000,0.058800000,0.015700000
sample,forward_host,ordered4,512,518,6,837,1.653375983,1.728600000,0.080200000,0.023600000
sample,forward_host,ordered4,512,519,6,3584,1.644191980,1.701000000,0.067100000,0.020600000
sample,forward_host,ordered4,512,520,6,45456,1.660640001,1.713100000,0.090800000,0.030100000
sample,forward_host,ordered4,512,521,6,389,1.639487982,1.701500000,0.056600000,0.016300000
sample,forward_host,ordered4,512,522,6,7485,1.653535962,1.718400000,0.070100000,0.021200000
sample,forward_host,ordered4,512,523,6,284,1.650079966,1.701600000,0.065300000,0.020400000
sample,forward_host,ordered4,512,524,6,3051,1.640544057,1.696900000,0.057900000,0.014900000
sample,forward_host,ordered4,512,525,6,287,1.649952054,1.710300000,0.062700000,0.018000000
sample,forward_host,ordered4,512,526,6,262,1.666656017,1.721100000,0.090200000,0.027000000
sample,forward_host,ordered4,512,527,6,4295,1.655423999,1.709200000,0.070800000,0.022500000
sample,forward_host,ordered4,512,512,7,837,1.661823988,1.754800000,0.106100000,0.039200000
sample,forward_host,ordered4,512,513,7,290,1.668287992,1.726200000,0.110900000,0.041400000
sample,forward_host,ordered4,512,514,7,460,1.644127965,1.701100000,0.072400000,0.024100000
sample,forward_host,ordered4,512,515,7,307,1.653920054,1.698200000,0.092100000,0.031400000
sample,forward_host,ordered4,512,516,7,12606,1.650015950,1.696400000,0.083800000,0.028700000
sample,forward_host,ordered4,512,517,7,32455,1.652063966,1.702000000,0.082600000,0.026900000
sample,forward_host,ordered4,512,518,7,837,1.642624021,1.713400000,0.062700000,0.018700000
sample,forward_host,ordered4,512,519,7,3584,1.659487963,1.735200000,0.091600000,0.031600000
sample,forward_host,ordered4,512,520,7,45456,1.645439982,1.697300000,0.066900000,0.020500000
sample,forward_host,ordered4,512,521,7,389,1.639744043,1.687900000,0.073900000,0.016500000
sample,forward_host,ordered4,512,522,7,7485,1.639775991,1.692200000,0.054000000,0.013300000
sample,forward_host,ordered4,512,523,7,284,1.656000018,1.718800000,0.082000000,0.026100000
sample,forward_host,ordered4,512,524,7,3051,1.651808023,1.705300000,0.064200000,0.021200000
sample,forward_host,ordered4,512,525,7,287,1.646975994,1.727400000,0.058000000,0.015300000
sample,forward_host,ordered4,512,526,7,262,1.688351989,1.761600000,0.117000000,0.029400000
sample,forward_host,ordered4,512,527,7,4295,1.673248053,1.729800000,0.100600000,0.034300000
sample,forward_host,original,512,512,7,837,1.325376034,1.377200000,0.054200000,0.014100000
sample,forward_host,original,512,513,7,290,1.348672032,1.421000000,0.076700000,0.021200000
sample,forward_host,original,512,514,7,460,1.336928010,1.413200000,0.060100000,0.017400000
sample,forward_host,original,512,515,7,307,1.351744056,1.424300000,0.077900000,0.023400000
sample,forward_host,original,512,516,7,12606,1.343296051,1.395300000,0.077700000,0.022000000
sample,forward_host,original,512,517,7,32455,1.344447970,1.412000000,0.070800000,0.019300000
sample,forward_host,original,512,518,7,837,1.346495986,1.421800000,0.074300000,0.020900000
sample,forward_host,original,512,519,7,3584,1.353695989,1.417400000,0.089500000,0.026700000
sample,forward_host,original,512,520,7,45456,1.348479986,1.403700000,0.073700000,0.021800000
sample,forward_host,original,512,521,7,389,1.342911959,1.389700000,0.058900000,0.018700000
sample,forward_host,original,512,522,7,7485,1.344480038,1.421100000,0.054200000,0.013200000
sample,forward_host,original,512,523,7,284,1.379263997,1.457300000,0.113000000,0.039600000
sample,forward_host,original,512,524,7,3051,1.348672032,1.414100000,0.066300000,0.020200000
sample,forward_host,original,512,525,7,287,1.356223941,1.417700000,0.072400000,0.022100000
sample,forward_host,original,512,526,7,262,1.349311948,1.424800000,0.061300000,0.020500000
sample,forward_host,original,512,527,7,4295,1.340672016,1.409600000,0.062700000,0.018600000
sample,forward_host,original,512,512,8,837,1.375488043,1.442900000,0.135300000,0.050500000
sample,forward_host,original,512,513,8,290,1.343616009,1.395500000,0.072700000,0.023000000
sample,forward_host,original,512,514,8,460,1.351871967,1.451900000,0.075700000,0.026900000
sample,forward_host,original,512,515,8,307,1.348832011,1.412800000,0.087700000,0.027600000
sample,forward_host,original,512,516,8,12606,1.354879975,1.418000000,0.079800000,0.028800000
sample,forward_host,original,512,517,8,32455,1.347615957,1.418200000,0.067800000,0.022400000
sample,forward_host,original,512,518,8,837,1.351487994,1.406500000,0.068800000,0.021900000
sample,forward_host,original,512,519,8,3584,1.348031998,1.414000000,0.082800000,0.024300000
sample,forward_host,original,512,520,8,45456,1.380671978,1.450300000,0.117100000,0.045600000
sample,forward_host,original,512,521,8,389,1.354272008,1.404000000,0.075100000,0.025500000
sample,forward_host,original,512,522,8,7485,1.364575982,1.418500000,0.082300000,0.033800000
sample,forward_host,original,512,523,8,284,1.354815960,1.446500000,0.071900000,0.022700000
sample,forward_host,original,512,524,8,3051,1.403200030,1.510600000,0.133700000,0.053700000
sample,forward_host,original,512,525,8,287,1.371808052,1.434700000,0.096300000,0.034400000
sample,forward_host,original,512,526,8,262,1.364256024,1.420300000,0.089500000,0.031200000
sample,forward_host,original,512,527,8,4295,1.339807987,1.417700000,0.073300000,0.017800000
sample,forward_host,ordered4,512,512,8,837,1.651520014,1.707700000,0.102300000,0.035100000
sample,forward_host,ordered4,512,513,8,290,1.647968054,1.691300000,0.082000000,0.023200000
sample,forward_host,ordered4,512,514,8,460,1.637375951,1.706100000,0.073500000,0.019500000
sample,forward_host,ordered4,512,515,8,307,1.668864012,1.727400000,0.134400000,0.044400000
sample,forward_host,ordered4,512,516,8,12606,1.652096033,1.695400000,0.089100000,0.030200000
sample,forward_host,ordered4,512,517,8,32455,1.641055942,1.719100000,0.060400000,0.018100000
sample,forward_host,ordered4,512,518,8,837,1.641152024,1.696400000,0.070800000,0.014100000
sample,forward_host,ordered4,512,519,8,3584,1.670143962,1.732900000,0.100300000,0.038200000
sample,forward_host,ordered4,512,520,8,45456,1.655007958,1.711100000,0.086300000,0.029400000
sample,forward_host,ordered4,512,521,8,389,1.640287995,1.722200000,0.056100000,0.016600000
sample,forward_host,ordered4,512,522,8,7485,1.671327949,1.734900000,0.091600000,0.034800000
sample,forward_host,ordered4,512,523,8,284,1.654656053,1.703800000,0.073900000,0.026400000
sample,forward_host,ordered4,512,524,8,3051,1.642400026,1.710500000,0.056800000,0.014700000
sample,forward_host,ordered4,512,525,8,287,1.658944011,1.731700000,0.080700000,0.024200000
sample,forward_host,ordered4,512,526,8,262,1.668416023,1.721400000,0.082100000,0.029500000
sample,forward_host,ordered4,512,527,8,4295,1.660447955,1.709400000,0.071300000,0.027100000
sample,forward_host,ordered4,512,512,9,837,1.648319960,1.718400000,0.101300000,0.030800000
sample,forward_host,ordered4,512,513,9,290,1.690879941,1.766000000,0.122400000,0.054500000
sample,forward_host,ordered4,512,514,9,460,1.652032018,1.704900000,0.076100000,0.028800000
sample,forward_host,ordered4,512,515,9,307,1.636031985,1.734300000,0.063600000,0.019000000
sample,forward_host,ordered4,512,516,9,12606,1.682464004,1.771100000,0.123600000,0.050600000
sample,forward_host,ordered4,512,517,9,32455,1.657920003,1.721500000,0.082800000,0.032100000
sample,forward_host,ordered4,512,518,9,837,1.653471947,1.736000000,0.086000000,0.024400000
sample,forward_host,ordered4,512,519,9,3584,1.661087990,1.737400000,0.093500000,0.032600000
sample,forward_host,ordered4,512,520,9,45456,1.682304025,1.745400000,0.111100000,0.046600000
sample,forward_host,ordered4,512,521,9,389,1.647807956,1.695200000,0.065800000,0.022600000
sample,forward_host,ordered4,512,522,9,7485,1.644991994,1.740000000,0.057600000,0.017200000
sample,forward_host,ordered4,512,523,9,284,1.688895941,1.767600000,0.121900000,0.049600000
sample,forward_host,ordered4,512,524,9,3051,1.661952019,1.712600000,0.083200000,0.028500000
sample,forward_host,ordered4,512,525,9,287,1.660671949,1.739300000,0.081700000,0.026200000
sample,forward_host,ordered4,512,526,9,262,1.671488047,1.737000000,0.082500000,0.029100000
sample,forward_host,ordered4,512,527,9,4295,1.657727957,1.708800000,0.073900000,0.025600000
sample,forward_host,original,512,512,9,837,1.350911975,1.402200000,0.090400000,0.034900000
sample,forward_host,original,512,513,9,290,1.350432038,1.419800000,0.083000000,0.026900000
sample,forward_host,original,512,514,9,460,1.358719945,1.425000000,0.084000000,0.032300000
sample,forward_host,original,512,515,9,307,1.352864027,1.415100000,0.079900000,0.030000000
sample,forward_host,original,512,516,9,12606,1.362079978,1.413500000,0.095300000,0.033900000
sample,forward_host,original,512,517,9,32455,1.349280000,1.405200000,0.079500000,0.023800000
sample,forward_host,original,512,518,9,837,1.340991974,1.394100000,0.082000000,0.017800000
sample,forward_host,original,512,519,9,3584,1.345311999,1.409900000,0.070000000,0.021700000
sample,forward_host,original,512,520,9,45456,1.345247984,1.400700000,0.069100000,0.022200000
sample,forward_host,original,512,521,9,389,1.340352058,1.388500000,0.062000000,0.016700000
sample,forward_host,original,512,522,9,7485,1.340064049,1.423900000,0.055300000,0.013800000
sample,forward_host,original,512,523,9,284,1.372383952,1.466000000,0.102100000,0.039200000
sample,forward_host,original,512,524,9,3051,1.376639962,1.437200000,0.107300000,0.038900000
sample,forward_host,original,512,525,9,287,1.355903983,1.405700000,0.070100000,0.023100000
sample,forward_host,original,512,526,9,262,1.364575982,1.446200000,0.087700000,0.027200000
sample,forward_host,original,512,527,9,4295,1.378783941,1.469000000,0.111500000,0.043300000
sample,forward_host,original,512,512,10,837,1.357023954,1.414700000,0.102800000,0.038700000
sample,forward_host,original,512,513,10,290,1.352607965,1.393300000,0.086700000,0.031400000
sample,forward_host,original,512,514,10,460,1.333791971,1.392400000,0.060800000,0.014800000
sample,forward_host,original,512,515,10,307,1.333855987,1.378600000,0.061400000,0.015800000
sample,forward_host,original,512,516,10,12606,1.354079962,1.410700000,0.086500000,0.028400000
sample,forward_host,original,512,517,10,32455,1.341120005,1.387800000,0.066800000,0.016800000
sample,forward_host,original,512,518,10,837,1.354655981,1.409900000,0.074600000,0.024400000
sample,forward_host,original,512,519,10,3584,1.334336042,1.433000000,0.066200000,0.016100000
sample,forward_host,original,512,520,10,45456,1.380928040,1.447600000,0.103400000,0.036700000
sample,forward_host,original,512,521,10,389,1.356127977,1.413200000,0.077500000,0.029300000
sample,forward_host,original,512,522,10,7485,1.348127961,1.400500000,0.063800000,0.020000000
sample,forward_host,original,512,523,10,284,1.338111997,1.449400000,0.063300000,0.015500000
sample,forward_host,original,512,524,10,3051,1.413151979,1.514700000,0.136100000,0.040000000
sample,forward_host,original,512,525,10,287,1.386175990,1.462800000,0.141600000,0.054500000
sample,forward_host,original,512,526,10,262,1.386016011,1.446800000,0.125800000,0.051900000
sample,forward_host,original,512,527,10,4295,1.348863959,1.426200000,0.069800000,0.023400000
sample,forward_host,ordered4,512,512,10,837,1.633535981,1.691200000,0.069700000,0.021900000
sample,forward_host,ordered4,512,513,10,290,1.652127981,1.707800000,0.089300000,0.030000000
sample,forward_host,ordered4,512,514,10,460,1.651775956,1.740200000,0.086100000,0.029600000
sample,forward_host,ordered4,512,515,10,307,1.661504030,1.739600000,0.093600000,0.039100000
sample,forward_host,ordered4,512,516,10,12606,1.655647993,1.730500000,0.083300000,0.030800000
sample,forward_host,ordered4,512,517,10,32455,1.663936019,1.742300000,0.100600000,0.038200000
sample,forward_host,ordered4,512,518,10,837,1.677471995,1.742200000,0.116100000,0.040800000
sample,forward_host,ordered4,512,519,10,3584,1.654464006,1.705700000,0.081500000,0.028900000
sample,forward_host,ordered4,512,520,10,45456,1.646208048,1.694900000,0.066300000,0.021300000
sample,forward_host,ordered4,512,521,10,389,1.641888022,1.703000000,0.057500000,0.015000000
sample,forward_host,ordered4,512,522,10,7485,1.667775989,1.737800000,0.082900000,0.029400000
sample,forward_host,ordered4,512,523,10,284,1.674496055,1.726500000,0.103200000,0.039200000
sample,forward_host,ordered4,512,524,10,3051,1.656319976,1.781800000,0.079200000,0.026000000
sample,forward_host,ordered4,512,525,10,287,1.703104019,1.787800000,0.143800000,0.051400000
sample,forward_host,ordered4,512,526,10,262,1.672736049,1.731900000,0.086100000,0.032400000
sample,forward_host,ordered4,512,527,10,4295,1.671839952,1.723900000,0.095100000,0.033900000
sample,forward_host,ordered4,512,512,11,837,1.649055958,1.728900000,0.087400000,0.031800000
sample,forward_host,ordered4,512,513,11,290,1.647935987,1.699700000,0.086700000,0.027300000
sample,forward_host,ordered4,512,514,11,460,1.644000053,1.701400000,0.068500000,0.023200000
sample,forward_host,ordered4,512,515,11,307,1.651744008,1.710800000,0.090800000,0.030000000
sample,forward_host,ordered4,512,516,11,12606,1.646720052,1.705400000,0.073700000,0.024300000
sample,forward_host,ordered4,512,517,11,32455,1.641088009,1.689300000,0.065200000,0.019800000
sample,forward_host,ordered4,512,518,11,837,1.635967970,1.720300000,0.055200000,0.013400000
sample,forward_host,ordered4,512,519,11,3584,1.679967999,1.742300000,0.121000000,0.044300000
sample,forward_host,ordered4,512,520,11,45456,1.665151954,1.719500000,0.097700000,0.034800000
sample,forward_host,ordered4,512,521,11,389,1.649567962,1.727700000,0.070600000,0.024100000
sample,forward_host,ordered4,512,522,11,7485,1.664543986,1.720700000,0.094400000,0.031500000
sample,forward_host,ordered4,512,523,11,284,1.663071990,1.717800000,0.082200000,0.027400000
sample,forward_host,ordered4,512,524,11,3051,1.666720033,1.723000000,0.095900000,0.034900000
sample,forward_host,ordered4,512,525,11,287,1.648959994,1.728700000,0.062400000,0.017800000
sample,forward_host,ordered4,512,526,11,262,1.683647990,1.759900000,0.096500000,0.038400000
sample,forward_host,ordered4,512,527,11,4295,1.656255960,1.707000000,0.071900000,0.025400000
sample,forward_host,original,512,512,11,837,1.327455997,1.375000000,0.058400000,0.016500000
sample,forward_host,original,512,513,11,290,1.329120040,1.406300000,0.053700000,0.012900000
sample,forward_host,original,512,514,11,460,1.355391979,1.432700000,0.077100000,0.025800000
sample,forward_host,original,512,515,11,307,1.355136037,1.410900000,0.090800000,0.031400000
sample,forward_host,original,512,516,11,12606,1.350304008,1.398900000,0.083600000,0.027700000
sample,forward_host,original,512,517,11,32455,1.343775988,1.421600000,0.073700000,0.019800000
sample,forward_host,original,512,518,11,837,1.352992058,1.407400000,0.083900000,0.025900000
sample,forward_host,original,512,519,11,3584,1.361184001,1.426100000,0.095600000,0.034200000
sample,forward_host,original,512,520,11,45456,1.360479951,1.403400000,0.088100000,0.030300000
sample,forward_host,original,512,521,11,389,1.337535977,1.382900000,0.059700000,0.015000000
sample,forward_host,original,512,522,11,7485,1.341856003,1.387900000,0.062000000,0.014900000
sample,forward_host,original,512,523,11,284,1.350496054,1.398500000,0.076600000,0.024000000
sample,forward_host,original,512,524,11,3051,1.359488010,1.412000000,0.083400000,0.026100000
sample,forward_host,original,512,525,11,287,1.361855984,1.416400000,0.087000000,0.028200000
sample,forward_host,original,512,526,11,262,1.356992006,1.425600000,0.076200000,0.021400000
sample,forward_host,original,512,527,11,4295,1.364223957,1.441900000,0.092600000,0.031400000
sample,forward_host,original,512,512,12,837,1.330656052,1.386200000,0.062000000,0.017300000
sample,forward_host,original,512,513,12,290,1.333600044,1.381300000,0.058200000,0.015100000
sample,forward_host,original,512,514,12,460,1.343904018,1.403700000,0.073900000,0.020400000
sample,forward_host,original,512,515,12,307,1.346783996,1.403400000,0.087500000,0.023300000
sample,forward_host,original,512,516,12,12606,1.345759988,1.407600000,0.078800000,0.022800000
sample,forward_host,original,512,517,12,32455,1.351680040,1.406400000,0.079000000,0.024300000
sample,forward_host,original,512,518,12,837,1.338847995,1.413800000,0.054300000,0.013400000
sample,forward_host,original,512,519,12,3584,1.336704016,1.396300000,0.071800000,0.017000000
sample,forward_host,original,512,520,12,45456,1.350975990,1.418300000,0.074300000,0.023300000
sample,forward_host,original,512,521,12,389,1.381024003,1.449000000,0.110300000,0.041400000
sample,forward_host,original,512,522,12,7485,1.370111942,1.427900000,0.094300000,0.033300000
sample,forward_host,original,512,523,12,284,1.356256008,1.423400000,0.084200000,0.027400000
sample,forward_host,original,512,524,12,3051,1.361951947,1.440600000,0.089800000,0.030800000
sample,forward_host,original,512,525,12,287,1.368639946,1.425600000,0.096900000,0.033100000
sample,forward_host,original,512,526,12,262,1.369887948,1.428300000,0.088300000,0.030600000
sample,forward_host,original,512,527,12,4295,1.354143977,1.439800000,0.082200000,0.027100000
sample,forward_host,ordered4,512,512,12,837,1.632799983,1.684900000,0.071100000,0.021100000
sample,forward_host,ordered4,512,513,12,290,1.642560005,1.694200000,0.069400000,0.023600000
sample,forward_host,ordered4,512,514,12,460,1.631232023,1.730100000,0.054100000,0.013000000
sample,forward_host,ordered4,512,515,12,307,1.653184056,1.727500000,0.082700000,0.029200000
sample,forward_host,ordered4,512,516,12,12606,1.660928011,1.725700000,0.101100000,0.036300000
sample,forward_host,ordered4,512,517,12,32455,1.647199988,1.724100000,0.080800000,0.022600000
sample,forward_host,ordered4,512,518,12,837,1.662528038,1.741800000,0.096500000,0.033300000
sample,forward_host,ordered4,512,519,12,3584,1.673727989,1.744500000,0.109100000,0.043200000
sample,forward_host,ordered4,512,520,12,45456,1.671936035,1.747300000,0.109400000,0.041700000
sample,forward_host,ordered4,512,521,12,389,1.666687965,1.745600000,0.095300000,0.035100000
sample,forward_host,ordered4,512,522,12,7485,1.678624034,1.741100000,0.106500000,0.040400000
sample,forward_host,ordered4,512,523,12,284,1.672736049,1.728300000,0.104900000,0.039900000
sample,forward_host,ordered4,512,524,12,3051,1.655071974,1.744600000,0.073100000,0.024300000
sample,forward_host,ordered4,512,525,12,287,1.658879995,1.719100000,0.090100000,0.026500000
sample,forward_host,ordered4,512,526,12,262,1.680096030,1.743000000,0.100500000,0.036500000
sample,forward_host,ordered4,512,527,12,4295,1.668992043,1.751800000,0.092300000,0.032500000
sample,forward_host,ordered4,512,512,13,837,1.667359948,1.742400000,0.111900000,0.044200000
sample,forward_host,ordered4,512,513,13,290,1.652927995,1.708900000,0.084500000,0.028100000
sample,forward_host,ordered4,512,514,13,460,1.647807956,1.719600000,0.078400000,0.024000000
sample,forward_host,ordered4,512,515,13,307,1.661888003,1.723000000,0.111700000,0.037300000
sample,forward_host,ordered4,512,516,13,12606,1.659904003,1.709400000,0.099000000,0.033700000
sample,forward_host,ordered4,512,517,13,32455,1.645792007,1.696700000,0.069200000,0.021200000
sample,forward_host,ordered4,512,518,13,837,1.650848031,1.727500000,0.079900000,0.024300000
sample,forward_host,ordered4,512,519,13,3584,1.676447988,1.748600000,0.113900000,0.043100000
sample,forward_host,ordered4,512,520,13,45456,1.652799964,1.706600000,0.075900000,0.027400000
sample,forward_host,ordered4,512,521,13,389,1.659296036,1.720000000,0.085800000,0.028700000
sample,forward_host,ordered4,512,522,13,7485,1.664703965,1.723500000,0.086100000,0.025500000
sample,forward_host,ordered4,512,523,13,284,1.664288044,1.722000000,0.096700000,0.033200000
sample,forward_host,ordered4,512,524,13,3051,1.649055958,1.698500000,0.062700000,0.017800000
sample,forward_host,ordered4,512,525,13,287,1.655231953,1.752100000,0.098100000,0.022200000
sample,forward_host,ordered4,512,526,13,262,1.689440012,1.755700000,0.129700000,0.045800000
sample,forward_host,ordered4,512,527,13,4295,1.657536030,1.708200000,0.068100000,0.021200000
sample,forward_host,original,512,512,13,837,1.334560037,1.382400000,0.076700000,0.023500000
sample,forward_host,original,512,513,13,290,1.343008041,1.434700000,0.073000000,0.021700000
sample,forward_host,original,512,514,13,460,1.392832041,1.453900000,0.145400000,0.050100000
sample,forward_host,original,512,515,13,307,1.347455978,1.395500000,0.081800000,0.026800000
sample,forward_host,original,512,516,13,12606,1.343968034,1.392400000,0.076800000,0.022000000
sample,forward_host,original,512,517,13,32455,1.344640017,1.442400000,0.067000000,0.019900000
sample,forward_host,original,512,518,13,837,1.380288005,1.454100000,0.122200000,0.044400000
sample,forward_host,original,512,519,13,3584,1.348512053,1.411900000,0.089100000,0.024400000
sample,forward_host,original,512,520,13,45456,1.341503978,1.395000000,0.071400000,0.017400000
sample,forward_host,original,512,521,13,389,1.339679956,1.410200000,0.053700000,0.013100000
sample,forward_host,original,512,522,13,7485,1.356511950,1.420500000,0.092900000,0.026100000
sample,forward_host,original,512,523,13,284,1.355360031,1.417600000,0.092400000,0.026100000
sample,forward_host,original,512,524,13,3051,1.357375979,1.418100000,0.090400000,0.025600000
sample,forward_host,original,512,525,13,287,1.352128029,1.427400000,0.075400000,0.018800000
sample,forward_host,original,512,526,13,262,1.354176044,1.419700000,0.088100000,0.019800000
sample,forward_host,original,512,527,13,4295,1.360448003,1.421500000,0.099900000,0.029100000
sample,forward_host,original,512,512,14,837,1.341632009,1.402300000,0.098600000,0.026000000
sample,forward_host,original,512,513,14,290,1.345280051,1.411400000,0.085600000,0.020500000
sample,forward_host,original,512,514,14,460,1.335647941,1.424100000,0.060500000,0.012900000
sample,forward_host,original,512,515,14,307,1.386559963,1.475000000,0.138300000,0.056200000
sample,forward_host,original,512,516,14,12606,1.352800012,1.414800000,0.100700000,0.028400000
sample,forward_host,original,512,517,14,32455,1.341824055,1.406300000,0.069700000,0.018600000
sample,forward_host,original,512,518,14,837,1.344799995,1.464600000,0.080300000,0.016500000
sample,forward_host,original,512,519,14,3584,1.346976042,1.404700000,0.090800000,0.025900000
sample,forward_host,original,512,520,14,45456,1.348479986,1.398500000,0.080700000,0.024200000
sample,forward_host,original,512,521,14,389,1.348575950,1.397600000,0.076500000,0.021100000
sample,forward_host,original,512,522,14,7485,1.350208044,1.436900000,0.063200000,0.019400000
sample,forward_host,original,512,523,14,284,1.358240008,1.416400000,0.094900000,0.026000000
sample,forward_host,original,512,524,14,3051,1.352095962,1.411900000,0.079300000,0.023600000
sample,forward_host,original,512,525,14,287,1.357920051,1.409200000,0.080600000,0.023800000
sample,forward_host,original,512,526,14,262,1.354943991,1.425400000,0.074800000,0.021100000
sample,forward_host,original,512,527,14,4295,1.350496054,1.419300000,0.077500000,0.024400000
sample,forward_host,ordered4,512,512,14,837,1.636927962,1.680900000,0.081800000,0.025100000
sample,forward_host,ordered4,512,513,14,290,1.632063985,1.685900000,0.062200000,0.014100000
sample,forward_host,ordered4,512,514,14,460,1.644384027,1.702100000,0.079800000,0.025200000
sample,forward_host,ordered4,512,515,14,307,1.652672052,1.725700000,0.090500000,0.030300000
sample,forward_host,ordered4,512,516,14,12606,1.661023974,1.725900000,0.099900000,0.033900000
sample,forward_host,ordered4,512,517,14,32455,1.642112017,1.734700000,0.064900000,0.017800000
sample,forward_host,ordered4,512,518,14,837,1.680832028,1.758600000,0.112600000,0.039800000
sample,forward_host,ordered4,512,519,14,3584,1.669664025,1.725500000,0.110200000,0.038900000
sample,forward_host,ordered4,512,520,14,45456,1.658848047,1.710100000,0.087500000,0.029600000
sample,forward_host,ordered4,512,521,14,389,1.662047982,1.720000000,0.089300000,0.029900000
sample,forward_host,ordered4,512,522,14,7485,1.668576002,1.719500000,0.094400000,0.032700000
sample,forward_host,ordered4,512,523,14,284,1.658208013,1.711500000,0.085000000,0.028700000
sample,forward_host,ordered4,512,524,14,3051,1.658879995,1.751500000,0.085700000,0.027900000
sample,forward_host,ordered4,512,525,14,287,1.696063995,1.758300000,0.135800000,0.050100000
sample,forward_host,ordered4,512,526,14,262,1.661407948,1.710800000,0.084000000,0.026600000
sample,forward_host,ordered4,512,527,14,4295,1.663200021,1.737900000,0.083400000,0.026400000
sample,forward_host,ordered4,512,512,15,837,1.627712011,1.687300000,0.074700000,0.016500000
sample,forward_host,ordered4,512,513,15,290,1.632063985,1.691900000,0.066700000,0.015700000
sample,forward_host,ordered4,512,514,15,460,1.638687968,1.697900000,0.089200000,0.020300000
sample,forward_host,ordered4,512,515,15,307,1.645151973,1.712200000,0.078700000,0.013900000
sample,forward_host,ordered4,512,516,15,12606,1.640352011,1.700600000,0.095300000,0.023100000
sample,forward_host,ordered4,512,517,15,32455,1.634592056,1.688000000,0.053700000,0.015000000
sample,forward_host,ordered4,512,518,15,837,1.637856007,1.700100000,0.063500000,0.014300000
sample,forward_host,ordered4,512,519,15,3584,1.646016002,1.704300000,0.088100000,0.022600000
sample,forward_host,ordered4,512,520,15,45456,1.636031985,1.703700000,0.065900000,0.014300000
sample,forward_host,ordered4,512,521,15,389,1.635967970,1.705500000,0.085500000,0.013000000
sample,forward_host,ordered4,512,522,15,7485,1.651072025,1.714800000,0.074500000,0.018600000
sample,forward_host,ordered4,512,523,15,284,1.642079949,1.694900000,0.064700000,0.014300000
sample,forward_host,ordered4,512,524,15,3051,1.639199972,1.694300000,0.055300000,0.012800000
sample,forward_host,ordered4,512,525,15,287,1.650048018,1.719000000,0.067400000,0.018200000
sample,forward_host,ordered4,512,526,15,262,1.663264036,1.731700000,0.093500000,0.020500000
sample,forward_host,ordered4,512,527,15,4295,1.665567994,1.729600000,0.092100000,0.029800000
sample,forward_host,original,512,512,15,837,1.336671948,1.388500000,0.073700000,0.020200000
sample,forward_host,original,512,513,15,290,1.330623984,1.389400000,0.059000000,0.011300000
sample,forward_host,original,512,514,15,460,1.345759988,1.402600000,0.077700000,0.021500000
sample,forward_host,original,512,515,15,307,1.342687964,1.390100000,0.078400000,0.022400000
sample,forward_host,original,512,516,15,12606,1.339903951,1.398200000,0.073800000,0.020400000
sample,forward_host,original,512,517,15,32455,1.346207976,1.425500000,0.074200000,0.018900000
sample,forward_host,original,512,518,15,837,1.336511970,1.395500000,0.070100000,0.012600000
sample,forward_host,original,512,519,15,3584,1.340031981,1.386100000,0.072800000,0.019700000
sample,forward_host,original,512,520,15,45456,1.340000033,1.386200000,0.053600000,0.013800000
sample,forward_host,original,512,521,15,389,1.344576001,1.421700000,0.071200000,0.019500000
sample,forward_host,original,512,522,15,7485,1.353888035,1.417800000,0.066300000,0.015200000
sample,forward_host,original,512,523,15,284,1.345983982,1.398700000,0.079400000,0.018100000
sample,forward_host,original,512,524,15,3051,1.351583958,1.401400000,0.075800000,0.020400000
sample,forward_host,original,512,525,15,287,1.352128029,1.400200000,0.072700000,0.020500000
sample,forward_host,original,512,526,15,262,1.346495986,1.490400000,0.053700000,0.013900000
sample,forward_host,original,512,527,15,4295,1.362655997,1.433500000,0.083900000,0.028600000
sample,forward_host,original,1007,1007,0,837,1.664448023,1.715800000,0.066900000,0.021900000
sample,forward_host,original,1007,1008,0,290,1.669119954,1.747000000,0.080900000,0.020100000
sample,forward_host,original,1007,1009,0,1863,1.661152005,1.716700000,0.086900000,0.020700000
sample,forward_host,original,1007,1010,0,691,1.667775989,1.721700000,0.063600000,0.017900000
sample,forward_host,original,1007,1011,0,262,1.655967951,1.725100000,0.054200000,0.013500000
sample,forward_host,original,1007,1012,0,5093,1.669664025,1.738200000,0.075100000,0.020700000
sample,forward_host,original,1007,1013,0,2488,1.672896028,1.727200000,0.068800000,0.021400000
sample,forward_host,original,1007,1014,0,12,1.664127946,1.713500000,0.054300000,0.013200000
sample,forward_host,original,1007,1015,0,31,1.671519995,1.747100000,0.076700000,0.022400000
sample,forward_host,original,1007,1016,0,7421,1.697983980,1.766800000,0.096200000,0.040600000
sample,forward_host,original,1007,1017,0,7051,1.677119970,1.755300000,0.076200000,0.023300000
sample,forward_host,original,1007,1018,0,286,1.669983983,1.734800000,0.073400000,0.014000000
sample,forward_host,original,1007,1019,0,262,1.676095963,1.769100000,0.091800000,0.019000000
sample,forward_host,original,1007,1020,0,2619,1.712416053,1.832200000,0.131700000,0.047600000
sample,forward_host,original,1007,1021,0,6896,1.686720014,1.750300000,0.078200000,0.026100000
sample,forward_host,original,1007,1022,0,764,1.669728041,1.742000000,0.090700000,0.015100000
sample,forward_host,ordered4,1007,1007,0,837,2.272351980,2.341500000,0.106300000,0.038500000
sample,forward_host,ordered4,1007,1008,0,290,2.274816036,2.341600000,0.100200000,0.038500000
sample,forward_host,ordered4,1007,1009,0,1863,2.266688108,2.336600000,0.091300000,0.030300000
sample,forward_host,ordered4,1007,1010,0,691,2.270528078,2.325600000,0.081800000,0.030200000
sample,forward_host,ordered4,1007,1011,0,262,2.266976118,2.376100000,0.091900000,0.032800000
sample,forward_host,ordered4,1007,1012,0,5093,2.332607985,2.418700000,0.177100000,0.074900000
sample,forward_host,ordered4,1007,1013,0,2488,2.286815882,2.349200000,0.104900000,0.039700000
sample,forward_host,ordered4,1007,1014,0,12,2.271872044,2.344700000,0.080200000,0.027600000
sample,forward_host,ordered4,1007,1015,0,31,2.283871889,2.344800000,0.129400000,0.041300000
sample,forward_host,ordered4,1007,1016,0,7421,2.262144089,2.343200000,0.080700000,0.024000000
sample,forward_host,ordered4,1007,1017,0,7051,2.288000107,2.359300000,0.099700000,0.040400000
sample,forward_host,ordered4,1007,1018,0,286,2.287744045,2.355000000,0.090700000,0.037400000
sample,forward_host,ordered4,1007,1019,0,262,2.282016039,2.367400000,0.101200000,0.035700000
sample,forward_host,ordered4,1007,1020,0,2619,2.299328089,2.358700000,0.101300000,0.041200000
sample,forward_host,ordered4,1007,1021,0,6896,2.288575888,2.372300000,0.101000000,0.038500000
sample,forward_host,ordered4,1007,1022,0,764,2.283904076,2.344200000,0.088700000,0.030000000
sample,forward_host,ordered4,1007,1007,1,837,2.271775961,2.357500000,0.098200000,0.038200000
sample,forward_host,ordered4,1007,1008,1,290,2.258336067,2.340100000,0.077100000,0.026100000
sample,forward_host,ordered4,1007,1009,1,1863,2.305119991,2.379700000,0.125000000,0.051700000
sample,forward_host,ordered4,1007,1010,1,691,2.258719921,2.333300000,0.080700000,0.024700000
sample,forward_host,ordered4,1007,1011,1,262,2.286783934,2.348700000,0.107100000,0.041500000
sample,forward_host,ordered4,1007,1012,1,5093,2.275520086,2.337300000,0.088600000,0.036900000
sample,forward_host,ordered4,1007,1013,1,2488,2.280639887,2.354300000,0.103500000,0.037200000
sample,forward_host,ordered4,1007,1014,1,12,2.305183887,2.367300000,0.116400000,0.043800000
sample,forward_host,ordered4,1007,1015,1,31,2.276384115,2.349400000,0.096100000,0.033900000
sample,forward_host,ordered4,1007,1016,1,7421,2.287967920,2.359800000,0.100400000,0.039400000
sample,forward_host,ordered4,1007,1017,1,7051,2.323263884,2.390800000,0.131900000,0.070800000
sample,forward_host,ordered4,1007,1018,1,286,2.271327972,2.370500000,0.082400000,0.025100000
sample,forward_host,ordered4,1007,1019,1,262,2.309247971,2.380300000,0.147300000,0.055200000
sample,forward_host,ordered4,1007,1020,1,2619,2.282079935,2.345600000,0.113600000,0.034800000
sample,forward_host,ordered4,1007,1021,1,6896,2.285759926,2.347600000,0.090300000,0.032800000
sample,forward_host,ordered4,1007,1022,1,764,2.293119907,2.354100000,0.097200000,0.036700000
sample,forward_host,original,1007,1007,1,837,1.668959975,1.720100000,0.073500000,0.026600000
sample,forward_host,original,1007,1008,1,290,1.665951967,1.722000000,0.078500000,0.021300000
sample,forward_host,original,1007,1009,1,1863,1.679648042,1.745900000,0.090100000,0.030800000
sample,forward_host,original,1007,1010,1,691,1.692064047,1.748200000,0.097100000,0.034600000
sample,forward_host,original,1007,1011,1,262,1.690623999,1.753800000,0.086500000,0.029600000
sample,forward_host,original,1007,1012,1,5093,1.684255958,1.747100000,0.094200000,0.031500000
sample,forward_host,original,1007,1013,1,2488,1.687232018,1.755300000,0.093800000,0.032400000
sample,forward_host,original,1007,1014,1,12,1.689440012,1.755300000,0.083000000,0.032000000
sample,forward_host,original,1007,1015,1,31,1.684767962,1.749300000,0.084200000,0.032500000
sample,forward_host,original,1007,1016,1,7421,1.696223974,1.754800000,0.105900000,0.038800000
sample,forward_host,original,1007,1017,1,7051,1.700960040,1.764700000,0.103400000,0.040700000
sample,forward_host,original,1007,1018,1,286,1.688992023,1.754400000,0.088400000,0.032200000
sample,forward_host,original,1007,1019,1,262,1.687327981,1.758300000,0.093500000,0.032300000
sample,forward_host,original,1007,1020,1,2619,1.719104052,1.804300000,0.110300000,0.041800000
sample,forward_host,original,1007,1021,1,6896,1.700320005,1.756600000,0.101500000,0.034300000
sample,forward_host,original,1007,1022,1,764,1.681759953,1.758000000,0.069400000,0.023300000
sample,forward_host,original,1007,1007,2,837,1.665248036,1.746900000,0.079600000,0.020800000
sample,forward_host,original,1007,1008,2,290,1.680672050,1.757600000,0.090400000,0.030900000
sample,forward_host,original,1007,1009,2,1863,1.702944040,1.772700000,0.109700000,0.048400000
sample,forward_host,original,1007,1010,2,691,1.694944024,1.755900000,0.103000000,0.039100000
sample,forward_host,original,1007,1011,2,262,1.682656050,1.752200000,0.090900000,0.032200000
sample,forward_host,original,1007,1012,2,5093,1.695999980,1.765000000,0.101300000,0.043400000
sample,forward_host,original,1007,1013,2,2488,1.698271990,1.753100000,0.098100000,0.039000000
sample,forward_host,original,1007,1014,2,12,1.690400004,1.754800000,0.084200000,0.031800000
sample,forward_host,original,1007,1015,2,31,1.687103987,1.779200000,0.099100000,0.033800000
sample,forward_host,original,1007,1016,2,7421,1.692288041,1.746800000,0.092900000,0.036600000
sample,forward_host,original,1007,1017,2,7051,1.690143943,1.744100000,0.086700000,0.033900000
sample,forward_host,original,1007,1018,2,286,1.684831977,1.761200000,0.086200000,0.028600000
sample,forward_host,original,1007,1019,2,262,1.698431969,1.759600000,0.103600000,0.038200000
sample,forward_host,original,1007,1020,2,2619,1.699776053,1.754100000,0.102500000,0.037400000
sample,forward_host,original,1007,1021,2,6896,1.681952000,1.750100000,0.081800000,0.022400000
sample,forward_host,original,1007,1022,2,764,1.692031980,1.785400000,0.089600000,0.029200000
sample,forward_host,ordered4,1007,1007,2,837,2.239552021,2.303000000,0.054800000,0.013300000
sample,forward_host,ordered4,1007,1008,2,290,2.229536057,2.291500000,0.072900000,0.010100000
sample,forward_host,ordered4,1007,1009,2,1863,2.242496014,2.297000000,0.059600000,0.012500000
sample,forward_host,ordered4,1007,1010,2,691,2.237407923,2.324000000,0.049700000,0.011100000
sample,forward_host,ordered4,1007,1011,2,262,2.259360075,2.334300000,0.092400000,0.024700000
sample,forward_host,ordered4,1007,1012,2,5093,2.285088062,2.357500000,0.106900000,0.039000000
sample,forward_host,ordered4,1007,1013,2,2488,2.270688057,2.342600000,0.076200000,0.026400000
sample,forward_host,ordered4,1007,1014,2,12,2.272192001,2.334500000,0.085800000,0.026400000
sample,forward_host,ordered4,1007,1015,2,31,2.262304068,2.312800000,0.069100000,0.026600000
sample,forward_host,ordered4,1007,1016,2,7421,2.251136065,2.313700000,0.055400000,0.015300000
sample,forward_host,ordered4,1007,1017,2,7051,2.286848068,2.356800000,0.087500000,0.033500000
sample,forward_host,ordered4,1007,1018,2,286,2.255136013,2.340800000,0.058200000,0.015800000
sample,forward_host,ordered4,1007,1019,2,262,2.294464111,2.378200000,0.103700000,0.041800000
sample,forward_host,ordered4,1007,1020,2,2619,2.333695889,2.400500000,0.171700000,0.071900000
sample,forward_host,ordered4,1007,1021,2,6896,2.274463892,2.343500000,0.076400000,0.022400000
sample,forward_host,ordered4,1007,1022,2,764,2.279776096,2.340900000,0.080000000,0.026600000
sample,forward_host,ordered4,1007,1007,3,837,2.263616085,2.327600000,0.103400000,0.031900000
sample,forward_host,ordered4,1007,1008,3,290,2.265696049,2.331900000,0.104700000,0.032200000
sample,forward_host,ordered4,1007,1009,3,1863,2.269536018,2.336400000,0.105200000,0.033700000
sample,forward_host,ordered4,1007,1010,3,691,2.263679981,2.339800000,0.086300000,0.031000000
sample,forward_host,ordered4,1007,1011,3,262,2.263967991,2.319900000,0.090700000,0.026700000
sample,forward_host,ordered4,1007,1012,3,5093,2.243200064,2.303400000,0.046700000,0.010500000
sample,forward_host,ordered4,1007,1013,3,2488,2.253664017,2.310700000,0.069300000,0.015900000
sample,forward_host,ordered4,1007,1014,3,12,2.255392075,2.308900000,0.052000000,0.013100000
sample,forward_host,ordered4,1007,1015,3,31,2.249119997,2.367000000,0.061900000,0.016800000
sample,forward_host,ordered4,1007,1016,3,7421,2.273567915,2.342900000,0.086500000,0.028700000
sample,forward_host,ordered4,1007,1017,3,7051,2.252671957,2.324800000,0.067900000,0.013800000
sample,forward_host,ordered4,1007,1018,3,286,2.253472090,2.444400000,0.062300000,0.012600000
sample,forward_host,ordered4,1007,1019,3,262,2.279488087,2.336000000,0.093500000,0.033400000
sample,forward_host,ordered4,1007,1020,3,2619,2.252160072,2.305700000,0.065000000,0.010800000
sample,forward_host,ordered4,1007,1021,3,6896,2.261759996,2.314600000,0.051900000,0.012500000
sample,forward_host,ordered4,1007,1022,3,764,2.262016058,2.323600000,0.050700000,0.012600000
sample,forward_host,original,1007,1007,3,837,1.642591953,1.687200000,0.046000000,0.009700000
sample,forward_host,original,1007,1008,3,290,1.644063950,1.702000000,0.044100000,0.008300000
sample,forward_host,original,1007,1009,3,1863,1.658112049,1.712600000,0.056800000,0.014700000
sample,forward_host,original,1007,1010,3,691,1.662400007,1.713600000,0.067600000,0.013300000
sample,forward_host,original,1007,1011,3,262,1.680032015,1.748500000,0.087300000,0.032400000
sample,forward_host,original,1007,1012,3,5093,1.651520014,1.716100000,0.080600000,0.010400000
sample,forward_host,original,1007,1013,3,2488,1.654911995,1.712700000,0.054500000,0.009200000
sample,forward_host,original,1007,1014,3,12,1.652768016,1.709000000,0.052900000,0.008600000
sample,forward_host,original,1007,1015,3,31,1.647807956,1.798700000,0.051900000,0.008200000
sample,forward_host,original,1007,1016,3,7421,1.659744024,1.823500000,0.063600000,0.015100000
sample,forward_host,original,1007,1017,3,7051,1.656864047,1.715300000,0.059200000,0.012100000
sample,forward_host,original,1007,1018,3,286,1.657760024,1.718200000,0.053700000,0.009300000
sample,forward_host,original,1007,1019,3,262,1.653375983,1.712300000,0.074000000,0.009800000
sample,forward_host,original,1007,1020,3,2619,1.676767945,1.753700000,0.079500000,0.022300000
sample,forward_host,original,1007,1021,3,6896,1.685472012,1.740600000,0.081400000,0.025900000
sample,forward_host,original,1007,1022,3,764,1.675040007,1.741200000,0.063700000,0.017600000
sample,forward_host,original,1007,1007,4,837,1.662847996,1.720500000,0.074100000,0.022000000
sample,forward_host,original,1007,1008,4,290,1.677631974,1.732600000,0.087600000,0.032100000
sample,forward_host,original,1007,1009,4,1863,1.669440031,1.717400000,0.074600000,0.022700000
sample,forward_host,original,1007,1010,4,691,1.665632010,1.769800000,0.071600000,0.019500000
sample,forward_host,original,1007,1011,4,262,1.675040007,1.751200000,0.090800000,0.025200000
sample,forward_host,original,1007,1012,4,5093,1.667935967,1.732800000,0.110300000,0.023500000
sample,forward_host,original,1007,1013,4,2488,1.673280001,1.725900000,0.088200000,0.021900000
sample,forward_host,original,1007,1014,4,12,1.667008042,1.733300000,0.069800000,0.017900000
sample,forward_host,original,1007,1015,4,31,1.668768048,1.730800000,0.084800000,0.020900000
sample,forward_host,original,1007,1016,4,7421,1.672608018,1.725500000,0.086600000,0.022900000
sample,forward_host,original,1007,1017,4,7051,1.669504046,1.737100000,0.068400000,0.018900000
sample,forward_host,original,1007,1018,4,286,1.675616026,1.735400000,0.083400000,0.022400000
sample,forward_host,original,1007,1019,4,262,1.678591967,1.752200000,0.091400000,0.024700000
sample,forward_host,original,1007,1020,4,2619,1.674720049,1.734500000,0.084200000,0.022800000
sample,forward_host,original,1007,1021,4,6896,1.676576018,1.761100000,0.080200000,0.021100000
sample,forward_host,original,1007,1022,4,764,1.689856052,1.744600000,0.093800000,0.026800000
sample,forward_host,ordered4,1007,1007,4,837,2.256031990,2.325900000,0.080500000,0.025400000
sample,forward_host,ordered4,1007,1008,4,290,2.258336067,2.332200000,0.090700000,0.026600000
sample,forward_host,ordered4,1007,1009,4,1863,2.294816017,2.369300000,0.126800000,0.046700000
sample,forward_host,ordered4,1007,1010,4,691,2.283584118,2.346800000,0.108200000,0.043300000
sample,forward_host,ordered4,1007,1011,4,262,2.270495892,2.355500000,0.104700000,0.032100000
sample,forward_host,ordered4,1007,1012,4,5093,2.273344040,2.332400000,0.106800000,0.033800000
sample,forward_host,ordered4,1007,1013,4,2488,2.259680033,2.320500000,0.075100000,0.023100000
sample,forward_host,ordered4,1007,1014,4,12,2.298655987,2.391000000,0.123900000,0.045200000
sample,forward_host,ordered4,1007,1015,4,31,2.261728048,2.320200000,0.076800000,0.024400000
sample,forward_host,ordered4,1007,1016,4,7421,2.275552034,2.334800000,0.106400000,0.032900000
sample,forward_host,ordered4,1007,1017,4,7051,2.276223898,2.327300000,0.082600000,0.026800000
sample,forward_host,ordered4,1007,1018,4,286,2.265631914,2.335000000,0.074500000,0.022200000
sample,forward_host,ordered4,1007,1019,4,262,2.310080051,2.369200000,0.132700000,0.048600000
sample,forward_host,ordered4,1007,1020,4,2619,2.267136097,2.325500000,0.079100000,0.025300000
sample,forward_host,ordered4,1007,1021,4,6896,2.286848068,2.375400000,0.104300000,0.037000000
sample,forward_host,ordered4,1007,1022,4,764,2.304447889,2.374000000,0.124100000,0.044900000
sample,forward_host,ordered4,1007,1007,5,837,2.229664087,2.289500000,0.064600000,0.010000000
sample,forward_host,ordered4,1007,1008,5,290,2.232608080,2.279300000,0.079400000,0.010400000
sample,forward_host,ordered4,1007,1009,5,1863,2.232543945,2.286100000,0.058600000,0.008800000
sample,forward_host,ordered4,1007,1010,5,691,2.242367983,2.326100000,0.078700000,0.010900000
sample,forward_host,ordered4,1007,1011,5,262,2.281888008,2.397600000,0.117700000,0.037900000
sample,forward_host,ordered4,1007,1012,5,5093,2.268703938,2.335900000,0.088400000,0.027100000
sample,forward_host,ordered4,1007,1013,5,2488,2.276639938,2.332300000,0.096100000,0.032000000
sample,forward_host,ordered4,1007,1014,5,12,2.249631882,2.298100000,0.051700000,0.012500000
sample,forward_host,ordered4,1007,1015,5,31,2.239007950,2.291500000,0.062500000,0.009600000
sample,forward_host,ordered4,1007,1016,5,7421,2.248640060,2.294200000,0.055600000,0.015700000
sample,forward_host,ordered4,1007,1017,5,7051,2.242496014,2.328900000,0.063100000,0.010100000
sample,forward_host,ordered4,1007,1018,5,286,2.276416063,2.347000000,0.095400000,0.028000000
sample,forward_host,ordered4,1007,1019,5,262,2.255136013,2.301400000,0.057700000,0.016500000
sample,forward_host,ordered4,1007,1020,5,2619,2.246943951,2.309600000,0.049300000,0.011500000
sample,forward_host,ordered4,1007,1021,5,6896,2.267807961,2.317600000,0.059600000,0.018400000
sample,forward_host,ordered4,1007,1022,5,764,2.261408091,2.331600000,0.049400000,0.012300000
sample,forward_host,original,1007,1007,5,837,1.661120057,1.707800000,0.073200000,0.021600000
sample,forward_host,original,1007,1008,5,290,1.661888003,1.722200000,0.069700000,0.019500000
sample,forward_host,original,1007,1009,5,1863,1.680032015,1.731200000,0.099700000,0.030700000
sample,forward_host,original,1007,1010,5,691,1.669216037,1.716700000,0.072100000,0.021300000
sample,forward_host,original,1007,1011,5,262,1.664736032,1.731600000,0.070800000,0.020200000
sample,forward_host,original,1007,1012,5,5093,1.671967983,1.728200000,0.079200000,0.025300000
sample,forward_host,original,1007,1013,5,2488,1.671712041,1.718400000,0.111200000,0.022000000
sample,forward_host,original,1007,1014,5,12,1.681856036,1.732400000,0.071300000,0.019500000
sample,forward_host,original,1007,1015,5,31,1.663936019,1.934100000,0.079000000,0.020900000
sample,forward_host,original,1007,1016,5,7421,1.710208058,1.782400000,0.130300000,0.043300000
sample,forward_host,original,1007,1017,5,7051,1.702144027,1.754600000,0.112800000,0.038000000
sample,forward_host,original,1007,1018,5,286,1.673215985,1.721900000,0.072600000,0.022000000
sample,forward_host,original,1007,1019,5,262,1.671776056,1.727900000,0.074700000,0.023900000
sample,forward_host,original,1007,1020,5,2619,1.675904036,1.726400000,0.077500000,0.023500000
sample,forward_host,original,1007,1021,5,6896,1.681184053,1.727600000,0.077800000,0.026100000
sample,forward_host,original,1007,1022,5,764,1.677407980,1.736700000,0.071700000,0.019800000
sample,forward_host,original,1007,1007,6,837,1.665791988,1.733300000,0.065600000,0.021900000
sample,forward_host,original,1007,1008,6,290,1.665151954,1.730600000,0.068500000,0.021400000
sample,forward_host,original,1007,1009,6,1863,1.655359983,1.700600000,0.050700000,0.012400000
sample,forward_host,original,1007,1010,6,691,1.651360035,1.723000000,0.062300000,0.009700000
sample,forward_host,original,1007,1011,6,262,1.660671949,1.757600000,0.075600000,0.018800000
sample,forward_host,original,1007,1012,6,5093,1.699391961,1.782600000,0.116300000,0.040400000
sample,forward_host,original,1007,1013,6,2488,1.693600059,1.762300000,0.096600000,0.036300000
sample,forward_host,original,1007,1014,6,12,1.655712008,1.710700000,0.067800000,0.011900000
sample,forward_host,original,1007,1015,6,31,1.654943943,1.717000000,0.051200000,0.011500000
sample,forward_host,original,1007,1016,6,7421,1.669407964,1.724700000,0.065200000,0.019500000
sample,forward_host,original,1007,1017,6,7051,1.654623985,1.709300000,0.066300000,0.010700000
sample,forward_host,original,1007,1018,6,286,1.657407999,1.747000000,0.049600000,0.011500000
sample,forward_host,original,1007,1019,6,262,1.672863960,1.731900000,0.067700000,0.020100000
sample,forward_host,original,1007,1020,6,2619,1.659744024,1.707000000,0.052500000,0.013100000
sample,forward_host,original,1007,1021,6,6896,1.659232020,1.717100000,0.064200000,0.010900000
sample,forward_host,original,1007,1022,6,764,1.670303941,1.759300000,0.054400000,0.013800000
sample,forward_host,ordered4,1007,1007,6,837,2.289184093,2.370100000,0.116300000,0.040800000
sample,forward_host,ordered4,1007,1008,6,290,2.247040033,2.345400000,0.062400000,0.018500000
sample,forward_host,ordered4,1007,1009,6,1863,2.291039944,2.373700000,0.123400000,0.043800000
sample,forward_host,ordered4,1007,1010,6,691,2.278079987,2.377100000,0.093100000,0.037300000
sample,forward_host,ordered4,1007,1011,6,262,2.290303946,2.371600000,0.117800000,0.046200000
sample,forward_host,ordered4,1007,1012,6,5093,2.295936108,2.392000000,0.120600000,0.047600000
sample,forward_host,ordered4,1007,1013,6,2488,2.282047987,2.378600000,0.101500000,0.039100000
sample,forward_host,ordered4,1007,1014,6,12,2.320031881,2.416900000,0.141800000,0.057000000
sample,forward_host,ordered4,1007,1015,6,31,2.333728075,2.424100000,0.148600000,0.066900000
sample,forward_host,ordered4,1007,1016,6,7421,2.280319929,2.379200000,0.093300000,0.033400000
sample,forward_host,ordered4,1007,1017,6,7051,2.299999952,2.365300000,0.101000000,0.041100000
sample,forward_host,ordered4,1007,1018,6,286,2.272448063,2.369200000,0.068900000,0.021000000
sample,forward_host,ordered4,1007,1019,6,262,2.275039911,2.332900000,0.081900000,0.029000000
sample,forward_host,ordered4,1007,1020,6,2619,2.263040066,2.342700000,0.055300000,0.014500000
sample,forward_host,ordered4,1007,1021,6,6896,2.268320084,2.340100000,0.064500000,0.017500000
sample,forward_host,ordered4,1007,1022,6,764,2.299904108,2.359000000,0.092700000,0.035700000
sample,forward_host,ordered4,1007,1007,7,837,2.235968113,2.317800000,0.054500000,0.012300000
sample,forward_host,ordered4,1007,1008,7,290,2.252511978,2.306500000,0.066500000,0.021100000
sample,forward_host,ordered4,1007,1009,7,1863,2.243103981,2.327900000,0.052300000,0.013500000
sample,forward_host,ordered4,1007,1010,7,691,2.261984110,2.316200000,0.073000000,0.026700000
sample,forward_host,ordered4,1007,1011,7,262,2.259135962,2.311100000,0.074200000,0.025700000
sample,forward_host,ordered4,1007,1012,7,5093,2.243583918,2.315800000,0.056000000,0.014800000
sample,forward_host,ordered4,1007,1013,7,2488,2.273375988,2.342600000,0.085600000,0.032200000
sample,forward_host,ordered4,1007,1014,7,12,2.262815952,2.352900000,0.069900000,0.023300000
sample,forward_host,ordered4,1007,1015,7,31,2.263040066,2.348200000,0.076500000,0.023800000
sample,forward_host,ordered4,1007,1016,7,7421,2.279103994,2.345700000,0.090700000,0.033900000
sample,forward_host,ordered4,1007,1017,7,7051,2.249984026,2.329300000,0.053800000,0.013800000
sample,forward_host,ordered4,1007,1018,7,286,2.299040079,2.364900000,0.099300000,0.038300000
sample,forward_host,ordered4,1007,1019,7,262,2.253632069,2.326600000,0.055300000,0.013900000
sample,forward_host,ordered4,1007,1020,7,2619,2.294879913,2.385400000,0.100500000,0.036700000
sample,forward_host,ordered4,1007,1021,7,6896,2.299455881,2.366400000,0.098700000,0.039200000
sample,forward_host,ordered4,1007,1022,7,764,2.253855944,2.332100000,0.052400000,0.010500000
sample,forward_host,original,1007,1007,7,837,1.643327951,1.690300000,0.063600000,0.010200000
sample,forward_host,original,1007,1008,7,290,1.643360019,1.724300000,0.042100000,0.008300000
sample,forward_host,original,1007,1009,7,1863,1.672031999,1.726500000,0.074800000,0.022400000
sample,forward_host,original,1007,1010,7,691,1.650975943,1.695500000,0.062900000,0.010500000
sample,forward_host,original,1007,1011,7,262,1.646399975,1.708200000,0.044800000,0.008900000
sample,forward_host,original,1007,1012,7,5093,1.647840023,1.716400000,0.045900000,0.009200000
sample,forward_host,original,1007,1013,7,2488,1.683359981,1.736500000,0.076800000,0.029100000
sample,forward_host,original,1007,1014,7,12,1.654911995,1.701000000,0.067500000,0.009800000
sample,forward_host,original,1007,1015,7,31,1.648480058,1.730300000,0.063200000,0.009600000
sample,forward_host,original,1007,1016,7,7421,1.685791969,1.746800000,0.095300000,0.026200000
sample,forward_host,original,1007,1017,7,7051,1.691104054,1.751100000,0.084700000,0.033100000
sample,forward_host,original,1007,1018,7,286,1.659520030,1.738900000,0.049700000,0.011200000
sample,forward_host,original,1007,1019,7,262,1.693727970,1.774200000,0.092100000,0.036000000
sample,forward_host,original,1007,1020,7,2619,1.665408015,1.713200000,0.057900000,0.015300000
sample,forward_host,original,1007,1021,7,6896,1.658239961,1.707800000,0.064500000,0.010700000
sample,forward_host,original,1007,1022,7,764,1.661535978,1.721400000,0.068200000,0.011200000
sample,forward_host,original,1007,1007,8,837,1.641792059,1.711300000,0.045000000,0.008600000
sample,forward_host,original,1007,1008,8,290,1.645887971,1.705100000,0.046000000,0.010100000
sample,forward_host,original,1007,1009,8,1863,1.648991942,1.696300000,0.066800000,0.010100000
sample,forward_host,original,1007,1010,8,691,1.649343967,1.700400000,0.046600000,0.009800000
sample,forward_host,original,1007,1011,8,262,1.650496006,1.722900000,0.064400000,0.012000000
sample,forward_host,original,1007,1012,8,5093,1.661407948,1.716900000,0.057900000,0.016600000
sample,forward_host,original,1007,1013,8,2488,1.676928043,1.735900000,0.072200000,0.023900000
sample,forward_host,original,1007,1014,8,12,1.663648009,1.738400000,0.057100000,0.015000000
sample,forward_host,original,1007,1015,8,31,1.662816048,1.732400000,0.066700000,0.019500000
sample,forward_host,original,1007,1016,8,7421,1.695584059,1.763300000,0.100500000,0.036600000
sample,forward_host,original,1007,1017,8,7051,1.683200002,1.740400000,0.078200000,0.027300000
sample,forward_host,original,1007,1018,8,286,1.664767981,1.738300000,0.055900000,0.014600000
sample,forward_host,original,1007,1019,8,262,1.695072055,1.755300000,0.092800000,0.035500000
sample,forward_host,original,1007,1020,8,2619,1.659808040,1.718000000,0.066000000,0.011500000
sample,forward_host,original,1007,1021,8,6896,1.681184053,1.758600000,0.070400000,0.023300000
sample,forward_host,original,1007,1022,8,764,1.705760002,1.774800000,0.097300000,0.036900000
sample,forward_host,ordered4,1007,1007,8,837,2.227360010,2.274100000,0.041600000,0.009100000
sample,forward_host,ordered4,1007,1008,8,290,2.230047941,2.310700000,0.044700000,0.008400000
sample,forward_host,ordered4,1007,1009,8,1863,2.271840096,2.336900000,0.106100000,0.027100000
sample,forward_host,ordered4,1007,1010,8,691,2.246752024,2.303800000,0.049000000,0.009500000
sample,forward_host,ordered4,1007,1011,8,262,2.252799988,2.347900000,0.069300000,0.013100000
sample,forward_host,ordered4,1007,1012,8,5093,2.258496046,2.310300000,0.074700000,0.020200000
sample,forward_host,ordered4,1007,1013,8,2488,2.237504005,2.325900000,0.042600000,0.008900000
sample,forward_host,ordered4,1007,1014,8,12,2.243295908,2.297700000,0.054400000,0.010500000
sample,forward_host,ordered4,1007,1015,8,31,2.265727997,2.322200000,0.065700000,0.020600000
sample,forward_host,ordered4,1007,1016,8,7421,2.236160040,2.319200000,0.041500000,0.008800000
sample,forward_host,ordered4,1007,1017,8,7051,2.290080070,2.354600000,0.090600000,0.034900000
sample,forward_host,ordered4,1007,1018,8,286,2.246464014,2.326400000,0.048000000,0.010400000
sample,forward_host,ordered4,1007,1019,8,262,2.281248093,2.342000000,0.083200000,0.032600000
sample,forward_host,ordered4,1007,1020,8,2619,2.262144089,2.322900000,0.056300000,0.016900000
sample,forward_host,ordered4,1007,1021,8,6896,2.261280060,2.337900000,0.059300000,0.015900000
sample,forward_host,ordered4,1007,1022,8,764,2.296447992,2.360500000,0.099300000,0.034400000
sample,forward_host,ordered4,1007,1007,9,837,2.243583918,2.323800000,0.052800000,0.012600000
sample,forward_host,ordered4,1007,1008,9,290,2.259200096,2.319800000,0.074200000,0.024300000
sample,forward_host,ordered4,1007,1009,9,1863,2.258527994,2.315400000,0.062500000,0.018100000
sample,forward_host,ordered4,1007,1010,9,691,2.237344027,2.327300000,0.051800000,0.009000000
sample,forward_host,ordered4,1007,1011,9,262,2.320064068,2.405600000,0.164400000,0.068400000
sample,forward_host,ordered4,1007,1012,9,5093,2.261152029,2.351800000,0.073100000,0.024800000
sample,forward_host,ordered4,1007,1013,9,2488,2.251519918,2.311900000,0.080100000,0.016100000
sample,forward_host,ordered4,1007,1014,9,12,2.287424088,2.340600000,0.079700000,0.026600000
sample,forward_host,ordered4,1007,1015,9,31,2.239327908,2.307200000,0.047300000,0.011200000
sample,forward_host,ordered4,1007,1016,9,7421,2.265088081,2.335800000,0.072000000,0.024000000
sample,forward_host,ordered4,1007,1017,9,7051,2.312896013,2.393200000,0.149100000,0.050700000
sample,forward_host,ordered4,1007,1018,9,286,2.269984007,2.343500000,0.083500000,0.022200000
sample,forward_host,ordered4,1007,1019,9,262,2.266047955,2.319600000,0.074100000,0.025900000
sample,forward_host,ordered4,1007,1020,9,2619,2.245536089,2.320200000,0.045100000,0.008700000
sample,forward_host,ordered4,1007,1021,9,6896,2.273855925,2.337900000,0.081600000,0.026000000
sample,forward_host,ordered4,1007,1022,9,764,2.266848087,2.322100000,0.062300000,0.018400000
sample,forward_host,original,1007,1007,9,837,1.641759992,1.689000000,0.042700000,0.008300000
sample,forward_host,original,1007,1008,9,290,1.642848015,1.733800000,0.041900000,0.008100000
sample,forward_host,original,1007,1009,9,1863,1.667328000,1.731700000,0.079200000,0.014300000
sample,forward_host,original,1007,1010,9,691,1.689471960,1.757500000,0.090100000,0.035600000
sample,forward_host,original,1007,1011,9,262,1.650400043,1.706100000,0.051400000,0.011700000
sample,forward_host,original,1007,1012,9,5093,1.667904019,1.748800000,0.065400000,0.020000000
sample,forward_host,original,1007,1013,9,2488,1.702944040,1.775700000,0.109800000,0.041500000
sample,forward_host,original,1007,1014,9,12,1.684159994,1.738900000,0.078100000,0.027900000
sample,forward_host,original,1007,1015,9,31,1.676831961,1.761900000,0.080200000,0.021800000
sample,forward_host,original,1007,1016,9,7421,1.687456012,1.751300000,0.098200000,0.032600000
sample,forward_host,original,1007,1017,9,7051,1.675328016,1.724500000,0.070300000,0.024500000
sample,forward_host,original,1007,1018,9,286,1.661919951,1.719200000,0.049600000,0.010000000
sample,forward_host,original,1007,1019,9,262,1.659391999,1.726100000,0.049100000,0.011500000
sample,forward_host,original,1007,1020,9,2619,1.689983964,1.757100000,0.085000000,0.029600000
sample,forward_host,original,1007,1021,9,6896,1.662335992,1.712600000,0.052800000,0.014100000
sample,forward_host,original,1007,1022,9,764,1.665567994,1.735900000,0.052100000,0.013000000
sample,forward_host,original,1007,1007,10,837,1.645568013,1.693900000,0.047700000,0.010700000
sample,forward_host,original,1007,1008,10,290,1.643712044,1.703800000,0.066400000,0.009200000
sample,forward_host,original,1007,1009,10,1863,1.678143978,1.737800000,0.078100000,0.026400000
sample,forward_host,original,1007,1010,10,691,1.653247952,1.706900000,0.067800000,0.010500000
sample,forward_host,original,1007,1011,10,262,1.647487998,1.743900000,0.070600000,0.009600000
sample,forward_host,original,1007,1012,10,5093,1.692639947,1.759400000,0.099500000,0.039300000
sample,forward_host,original,1007,1013,10,2488,1.663071990,1.709700000,0.054200000,0.013800000
sample,forward_host,original,1007,1014,10,12,1.651648045,1.703300000,0.061900000,0.008900000
sample,forward_host,original,1007,1015,10,31,1.652608037,1.724000000,0.055700000,0.008900000
sample,forward_host,original,1007,1016,10,7421,1.728479981,1.811800000,0.142600000,0.052900000
sample,forward_host,original,1007,1017,10,7051,1.668768048,1.722900000,0.063100000,0.018900000
sample,forward_host,original,1007,1018,10,286,1.655455947,1.729500000,0.070100000,0.009200000
sample,forward_host,original,1007,1019,10,262,1.676383972,1.742500000,0.081300000,0.020400000
sample,forward_host,original,1007,1020,10,2619,1.656159997,1.701500000,0.049700000,0.010500000
sample,forward_host,original,1007,1021,10,6896,1.655359983,1.712700000,0.043300000,0.008400000
sample,forward_host,original,1007,1022,10,764,1.656640053,1.726500000,0.046500000,0.008600000
sample,forward_host,ordered4,1007,1007,10,837,2.250783920,2.296600000,0.077700000,0.021200000
sample,forward_host,ordered4,1007,1008,10,290,2.243680000,2.341200000,0.052100000,0.013300000
sample,forward_host,ordered4,1007,1009,10,1863,2.252703905,2.315700000,0.078600000,0.017100000
sample,forward_host,ordered4,1007,1010,10,691,2.262432098,2.315100000,0.065000000,0.019700000
sample,forward_host,ordered4,1007,1011,10,262,2.231744051,2.301400000,0.052100000,0.009000000
sample,forward_host,ordered4,1007,1012,10,5093,2.247776031,2.311700000,0.080500000,0.017700000
sample,forward_host,ordered4,1007,1013,10,2488,2.237983942,2.295000000,0.044500000,0.008800000
sample,forward_host,ordered4,1007,1014,10,12,2.243551970,2.345800000,0.055600000,0.008700000
sample,forward_host,ordered4,1007,1015,10,31,2.272032022,2.337400000,0.099900000,0.027400000
sample,forward_host,ordered4,1007,1016,10,7421,2.244992018,2.323800000,0.054500000,0.015100000
sample,forward_host,ordered4,1007,1017,10,7051,2.276704073,2.341300000,0.096600000,0.027600000
sample,forward_host,ordered4,1007,1018,10,286,2.262784004,2.314200000,0.060900000,0.016900000
sample,forward_host,ordered4,1007,1019,10,262,2.244479895,2.311100000,0.049300000,0.009300000
sample,forward_host,ordered4,1007,1020,10,2619,2.276799917,2.339000000,0.093800000,0.030400000
sample,forward_host,ordered4,1007,1021,10,6896,2.246144056,2.325600000,0.064500000,0.009200000
sample,forward_host,ordered4,1007,1022,10,764,2.252383947,2.308900000,0.070200000,0.009700000
sample,forward_host,ordered4,1007,1007,11,837,2.254944086,2.307500000,0.068200000,0.022900000
sample,forward_host,ordered4,1007,1008,11,290,2.264415979,2.336200000,0.087300000,0.029700000
sample,forward_host,ordered4,1007,1009,11,1863,2.264287949,2.315800000,0.077400000,0.026600000
sample,forward_host,ordered4,1007,1010,11,691,2.245311975,2.297700000,0.054100000,0.015500000
sample,forward_host,ordered4,1007,1011,11,262,2.253855944,2.324400000,0.068900000,0.021100000
sample,forward_host,ordered4,1007,1012,11,5093,2.275712013,2.342100000,0.089000000,0.033000000
sample,forward_host,ordered4,1007,1013,11,2488,2.246527910,2.318200000,0.055000000,0.014300000
sample,forward_host,ordered4,1007,1014,11,12,2.262592077,2.327400000,0.116000000,0.023200000
sample,forward_host,ordered4,1007,1015,11,31,2.257695913,2.381900000,0.073900000,0.022800000
sample,forward_host,ordered4,1007,1016,11,7421,2.287424088,2.374700000,0.105000000,0.036000000
sample,forward_host,ordered4,1007,1017,11,7051,2.292032003,2.387900000,0.105700000,0.040600000
sample,forward_host,ordered4,1007,1018,11,286,2.294719934,2.430400000,0.100100000,0.041000000
sample,forward_host,ordered4,1007,1019,11,262,2.304608107,2.404100000,0.130200000,0.049200000
sample,forward_host,ordered4,1007,1020,11,2619,2.306463957,2.405400000,0.111800000,0.051500000
sample,forward_host,ordered4,1007,1021,11,6896,2.306175947,2.454500000,0.117200000,0.048900000
sample,forward_host,ordered4,1007,1022,11,764,2.353951931,2.509900000,0.210600000,0.079700000
sample,forward_host,original,1007,1007,11,837,1.645439982,1.688800000,0.047400000,0.011800000
sample,forward_host,original,1007,1008,11,290,1.643136024,1.707800000,0.044600000,0.009100000
sample,forward_host,original,1007,1009,11,1863,1.645248055,1.720400000,0.041500000,0.008600000
sample,forward_host,original,1007,1010,11,691,1.681216002,1.742100000,0.079000000,0.027100000
sample,forward_host,original,1007,1011,11,262,1.645151973,1.695200000,0.052300000,0.010800000
sample,forward_host,original,1007,1012,11,5093,1.648223996,1.799700000,0.063100000,0.010000000
sample,forward_host,original,1007,1013,11,2488,1.673408031,1.756200000,0.080100000,0.019300000
sample,forward_host,original,1007,1014,11,12,1.708480000,1.766000000,0.119500000,0.045800000
sample,forward_host,original,1007,1015,11,31,1.652160048,1.720000000,0.048600000,0.011800000
sample,forward_host,original,1007,1016,11,7421,1.660159945,1.733700000,0.053500000,0.012500000
sample,forward_host,original,1007,1017,11,7051,1.692896008,1.758300000,0.091300000,0.036200000
sample,forward_host,original,1007,1018,11,286,1.662559986,1.707000000,0.052900000,0.013200000
sample,forward_host,original,1007,1019,11,262,1.652480006,1.726800000,0.058400000,0.008500000
sample,forward_host,original,1007,1020,11,2619,1.657376051,1.731200000,0.059900000,0.012800000
sample,forward_host,original,1007,1021,11,6896,1.671264052,1.723100000,0.058100000,0.014700000
sample,forward_host,original,1007,1022,11,764,1.666880012,1.710300000,0.048000000,0.011200000
sample,forward_host,original,1007,1007,12,837,1.649824023,1.695500000,0.051700000,0.012000000
sample,forward_host,original,1007,1008,12,290,1.646144032,1.719800000,0.064700000,0.010300000
sample,forward_host,original,1007,1009,12,1863,1.650591969,1.712300000,0.048600000,0.010700000
sample,forward_host,original,1007,1010,12,691,1.679839969,1.753100000,0.077100000,0.025600000
sample,forward_host,original,1007,1011,12,262,1.668959975,1.746500000,0.067600000,0.019200000
sample,forward_host,original,1007,1012,12,5093,1.657984018,1.732100000,0.054500000,0.013600000
sample,forward_host,original,1007,1013,12,2488,1.694880009,1.755900000,0.094400000,0.035300000
sample,forward_host,original,1007,1014,12,12,1.663040042,1.711200000,0.054200000,0.013200000
sample,forward_host,original,1007,1015,12,31,1.651360035,1.740800000,0.047800000,0.011300000
sample,forward_host,original,1007,1016,12,7421,1.671967983,1.756000000,0.071300000,0.022100000
sample,forward_host,original,1007,1017,12,7051,1.665024042,1.714100000,0.059500000,0.016600000
sample,forward_host,original,1007,1018,12,286,1.656128049,1.717900000,0.047400000,0.010900000
sample,forward_host,original,1007,1019,12,262,1.659872055,1.814600000,0.051700000,0.013200000
sample,forward_host,original,1007,1020,12,2619,1.707648039,1.805300000,0.110300000,0.044500000
sample,forward_host,original,1007,1021,12,6896,1.692576051,1.747700000,0.082900000,0.030900000
sample,forward_host,original,1007,1022,12,764,1.664831996,1.739100000,0.049900000,0.011100000
sample,forward_host,ordered4,1007,1007,12,837,2.272000074,2.331000000,0.102100000,0.033800000
sample,forward_host,ordered4,1007,1008,12,290,2.248991966,2.301500000,0.063100000,0.020900000
sample,forward_host,ordered4,1007,1009,12,1863,2.234816074,2.316500000,0.050000000,0.010900000
sample,forward_host,ordered4,1007,1010,12,691,2.282495975,2.345700000,0.105600000,0.037500000
sample,forward_host,ordered4,1007,1011,12,262,2.248768091,2.332300000,0.060000000,0.018800000
sample,forward_host,ordered4,1007,1012,12,5093,2.303168058,2.392200000,0.137900000,0.055100000
sample,forward_host,ordered4,1007,1013,12,2488,2.305056095,2.377600000,0.122700000,0.049000000
sample,forward_host,ordered4,1007,1014,12,12,2.268575907,2.335500000,0.080700000,0.024000000
sample,forward_host,ordered4,1007,1015,12,31,2.297951937,2.361800000,0.115000000,0.045600000
sample,forward_host,ordered4,1007,1016,12,7421,2.273760080,2.379000000,0.102300000,0.030700000
sample,forward_host,ordered4,1007,1017,12,7051,2.286112070,2.371800000,0.101800000,0.036400000
sample,forward_host,ordered4,1007,1018,12,286,2.300512075,2.360900000,0.107100000,0.041100000
sample,forward_host,ordered4,1007,1019,12,262,2.267967939,2.345000000,0.083300000,0.028100000
sample,forward_host,ordered4,1007,1020,12,2619,2.304320097,2.373500000,0.110100000,0.042400000
sample,forward_host,ordered4,1007,1021,12,6896,2.286943913,2.390800000,0.093500000,0.034800000
sample,forward_host,ordered4,1007,1022,12,764,2.294879913,2.372000000,0.101200000,0.035200000
sample,forward_host,ordered4,1007,1007,13,837,2.293920040,2.407100000,0.127600000,0.051400000
sample,forward_host,ordered4,1007,1008,13,290,2.290047884,2.391000000,0.109000000,0.046300000
sample,forward_host,ordered4,1007,1009,13,1863,2.286400080,2.364600000,0.102500000,0.042200000
sample,forward_host,ordered4,1007,1010,13,691,2.247391939,2.314900000,0.056800000,0.014700000
sample,forward_host,ordered4,1007,1011,13,262,2.280287981,2.364600000,0.092800000,0.037900000
sample,forward_host,ordered4,1007,1012,13,5093,2.245791912,2.316000000,0.056500000,0.015500000
sample,forward_host,ordered4,1007,1013,13,2488,2.242432117,2.323900000,0.067900000,0.012100000
sample,forward_host,ordered4,1007,1014,13,12,2.268735886,2.340600000,0.076600000,0.026600000
sample,forward_host,ordered4,1007,1015,13,31,2.283744097,2.366200000,0.108800000,0.036100000
sample,forward_host,ordered4,1007,1016,13,7421,2.277663946,2.361100000,0.091400000,0.034200000
sample,forward_host,ordered4,1007,1017,13,7051,2.261728048,2.306800000,0.066800000,0.021700000
sample,forward_host,ordered4,1007,1018,13,286,2.257280111,2.323600000,0.057300000,0.016400000
sample,forward_host,ordered4,1007,1019,13,262,2.293375969,2.344500000,0.102600000,0.046300000
sample,forward_host,ordered4,1007,1020,13,2619,2.256191969,2.313700000,0.053800000,0.015600000
sample,forward_host,ordered4,1007,1021,13,6896,2.252032042,2.315500000,0.051900000,0.013400000
sample,forward_host,ordered4,1007,1022,13,764,2.266047955,2.315600000,0.057400000,0.016600000
sample,forward_host,original,1007,1007,13,837,1.658591986,1.714300000,0.068100000,0.015900000
sample,forward_host,original,1007,1008,13,290,1.646463990,1.699500000,0.044100000,0.008800000
sample,forward_host,original,1007,1009,13,1863,1.647071958,1.733700000,0.069100000,0.008500000
sample,forward_host,original,1007,1010,13,691,1.674751997,1.737700000,0.084700000,0.022600000
sample,forward_host,original,1007,1011,13,262,1.677471995,1.733600000,0.080100000,0.027700000
sample,forward_host,original,1007,1012,13,5093,1.649984002,1.722800000,0.061200000,0.009100000
sample,forward_host,original,1007,1013,13,2488,1.663679957,1.739900000,0.050100000,0.010200000
sample,forward_host,original,1007,1014,13,12,1.685088038,1.744500000,0.084800000,0.027900000
sample,forward_host,original,1007,1015,13,31,1.672703981,1.730600000,0.070500000,0.023500000
sample,forward_host,original,1007,1016,13,7421,1.667616010,1.732900000,0.065000000,0.019600000
sample,forward_host,original,1007,1017,13,7051,1.707839966,1.778200000,0.102300000,0.043400000
sample,forward_host,original,1007,1018,13,286,1.665887952,1.714500000,0.060100000,0.018800000
sample,forward_host,original,1007,1019,13,262,1.658463955,1.736300000,0.051500000,0.011100000
sample,forward_host,original,1007,1020,13,2619,1.687072039,1.771500000,0.082300000,0.029300000
sample,forward_host,original,1007,1021,13,6896,1.689183950,1.751000000,0.079600000,0.028100000
sample,forward_host,original,1007,1022,13,764,1.672479987,1.720500000,0.055600000,0.014800000
sample,forward_host,original,1007,1007,14,837,1.647935987,1.695400000,0.052400000,0.011600000
sample,forward_host,original,1007,1008,14,290,1.667999983,1.750300000,0.075300000,0.019400000
sample,forward_host,original,1007,1009,14,1863,1.700799942,1.790100000,0.113200000,0.041400000
sample,forward_host,original,1007,1010,14,691,1.689535975,1.747700000,0.088200000,0.033100000
sample,forward_host,original,1007,1011,14,262,1.666015983,1.732900000,0.059100000,0.016100000
sample,forward_host,original,1007,1012,14,5093,1.651039958,1.728100000,0.068000000,0.011000000
sample,forward_host,original,1007,1013,14,2488,1.695744038,1.764000000,0.090700000,0.034300000
sample,forward_host,original,1007,1014,14,12,1.666239977,1.713000000,0.058900000,0.016000000
sample,forward_host,original,1007,1015,14,31,1.648031950,1.715000000,0.060600000,0.009700000
sample,forward_host,original,1007,1016,14,7421,1.679072022,1.767000000,0.079100000,0.027900000
sample,forward_host,original,1007,1017,14,7051,1.674335957,1.723900000,0.068900000,0.021300000
sample,forward_host,original,1007,1018,14,286,1.655040026,1.697700000,0.043700000,0.009200000
sample,forward_host,original,1007,1019,14,262,1.650272012,1.738400000,0.043600000,0.008500000
sample,forward_host,original,1007,1020,14,2619,1.692031980,1.755700000,0.084600000,0.032700000
sample,forward_host,original,1007,1021,14,6896,1.673951983,1.721700000,0.062300000,0.017900000
sample,forward_host,original,1007,1022,14,764,1.657951951,1.728700000,0.060400000,0.008800000
sample,forward_host,ordered4,1007,1007,14,837,2.228575945,2.290000000,0.048000000,0.010600000
sample,forward_host,ordered4,1007,1008,14,290,2.289599895,2.358100000,0.122800000,0.046700000
sample,forward_host,ordered4,1007,1009,14,1863,2.262624025,2.348400000,0.074800000,0.026300000
sample,forward_host,ordered4,1007,1010,14,691,2.279263973,2.348100000,0.091800000,0.035900000
sample,forward_host,ordered4,1007,1011,14,262,2.243968010,2.310300000,0.054600000,0.014200000
sample,forward_host,ordered4,1007,1012,14,5093,2.272351980,2.342700000,0.090700000,0.034100000
sample,forward_host,ordered4,1007,1013,14,2488,2.257823944,2.326000000,0.063400000,0.021400000
sample,forward_host,ordered4,1007,1014,14,12,2.245728016,2.355400000,0.069900000,0.011600000
sample,forward_host,ordered4,1007,1015,14,31,2.247488022,2.344800000,0.054500000,0.015900000
sample,forward_host,ordered4,1007,1016,14,7421,2.323391914,2.429600000,0.149400000,0.059000000
sample,forward_host,ordered4,1007,1017,14,7051,2.296031952,2.372200000,0.107100000,0.045100000
sample,forward_host,ordered4,1007,1018,14,286,2.260832071,2.311300000,0.058400000,0.015900000
sample,forward_host,ordered4,1007,1019,14,262,2.246687889,2.315400000,0.077600000,0.013100000
sample,forward_host,ordered4,1007,1020,14,2619,2.254751921,2.305900000,0.057500000,0.016300000
sample,forward_host,ordered4,1007,1021,14,6896,2.252351999,2.311400000,0.066300000,0.012900000
sample,forward_host,ordered4,1007,1022,14,764,2.261823893,2.327600000,0.073300000,0.016000000
sample,forward_host,ordered4,1007,1007,15,837,2.246367931,2.333600000,0.062500000,0.020400000
sample,forward_host,ordered4,1007,1008,15,290,2.291520119,2.371200000,0.120900000,0.037400000
sample,forward_host,ordered4,1007,1009,15,1863,2.283839941,2.353200000,0.103500000,0.042500000
sample,forward_host,ordered4,1007,1010,15,691,2.245696068,2.301300000,0.053700000,0.012500000
sample,forward_host,ordered4,1007,1011,15,262,2.232320070,2.301200000,0.060000000,0.009400000
sample,forward_host,ordered4,1007,1012,15,5093,2.282495975,2.348200000,0.098800000,0.039900000
sample,forward_host,ordered4,1007,1013,15,2488,2.237951994,2.309100000,0.065300000,0.010800000
sample,forward_host,ordered4,1007,1014,15,12,2.251872063,2.313100000,0.062600000,0.017400000
sample,forward_host,ordered4,1007,1015,15,31,2.249408007,2.294900000,0.056000000,0.015500000
sample,forward_host,ordered4,1007,1016,15,7421,2.237407923,2.290600000,0.062600000,0.008800000
sample,forward_host,ordered4,1007,1017,15,7051,2.247904062,2.298900000,0.049100000,0.011500000
sample,forward_host,ordered4,1007,1018,15,286,2.245568037,2.335400000,0.043300000,0.009500000
sample,forward_host,ordered4,1007,1019,15,262,2.257215977,2.343500000,0.066000000,0.014100000
sample,forward_host,ordered4,1007,1020,15,2619,2.276223898,2.329800000,0.071800000,0.026600000
sample,forward_host,ordered4,1007,1021,15,6896,2.246943951,2.320600000,0.042100000,0.008900000
sample,forward_host,ordered4,1007,1022,15,764,2.292256117,2.346900000,0.084100000,0.031200000
sample,forward_host,original,1007,1007,15,837,1.693472028,1.770900000,0.104900000,0.039100000
sample,forward_host,original,1007,1008,15,290,1.683104038,1.746100000,0.092800000,0.030700000
sample,forward_host,original,1007,1009,15,1863,1.669792056,1.796000000,0.064400000,0.019200000
sample,forward_host,original,1007,1010,15,691,1.674944043,1.734200000,0.079200000,0.022100000
sample,forward_host,original,1007,1011,15,262,1.675071955,1.727300000,0.076300000,0.027700000
sample,forward_host,original,1007,1012,15,5093,1.646911979,1.693200000,0.062900000,0.009100000
sample,forward_host,original,1007,1013,15,2488,1.650336027,1.721800000,0.042900000,0.008400000
sample,forward_host,original,1007,1014,15,12,1.700160027,1.770700000,0.104000000,0.037700000
sample,forward_host,original,1007,1015,15,31,1.670303941,1.723300000,0.075100000,0.021300000
sample,forward_host,original,1007,1016,15,7421,1.650367975,1.739300000,0.062400000,0.009700000
sample,forward_host,original,1007,1017,15,7051,1.668640018,1.722800000,0.066100000,0.016500000
sample,forward_host,original,1007,1018,15,286,1.659391999,1.706400000,0.070800000,0.011900000
sample,forward_host,original,1007,1019,15,262,1.653728008,1.703300000,0.064300000,0.010500000
sample,forward_host,original,1007,1020,15,2619,1.653887987,1.720100000,0.046200000,0.010300000
sample,forward_host,original,1007,1021,15,6896,1.672639966,1.728200000,0.060800000,0.017000000
sample,forward_host,original,1007,1022,15,764,1.669695973,1.718600000,0.055800000,0.016500000
sample,generation,original,128,128,0,764,1.057888031,1.472000000,0.049300000,0.008700000
sample,generation,original,128,129,0,383,1.084959984,1.483700000,0.077000000,0.020200000
sample,generation,original,128,130,0,9653,1.091264009,1.572000000,0.082400000,0.021000000
sample,generation,original,128,131,0,25834,1.068063974,1.592900000,0.084900000,0.009100000
sample,generation,original,128,132,0,287,1.085440040,1.510000000,0.080300000,0.022100000
sample,generation,original,128,133,0,262,1.085440040,1.320800000,0.072500000,0.017200000
sample,generation,original,128,134,0,6076,1.106624007,1.462400000,0.097500000,0.029900000
sample,generation,original,128,135,0,290,1.074911952,1.371900000,0.056500000,0.014600000
sample,generation,original,128,136,0,389,1.068320036,1.224000000,0.043500000,0.008700000
sample,generation,original,128,137,0,8104,1.071871996,1.536500000,0.048700000,0.009200000
sample,generation,original,128,138,0,287,1.085055947,1.545700000,0.065200000,0.016500000
sample,generation,original,128,139,0,262,1.069056034,1.535700000,0.044200000,0.008600000
sample,generation,original,128,140,0,1280,1.072703958,1.557700000,0.050400000,0.008200000
sample,generation,original,128,141,0,9151,1.086752057,1.524100000,0.080300000,0.012500000
sample,generation,original,128,142,0,13,1.107007980,1.516300000,0.082300000,0.027400000
sample,generation,original,128,143,0,383,1.070271969,1.228600000,0.046600000,0.008800000
sample,generation,ordered4,128,128,0,764,1.129791975,1.278300000,0.044900000,0.008900000
sample,generation,ordered4,128,129,0,383,1.138751984,1.319700000,0.044100000,0.009600000
sample,generation,ordered4,128,130,0,9653,1.143103957,1.509400000,0.051700000,0.010300000
sample,generation,ordered4,128,131,0,25834,1.179744005,1.401500000,0.093300000,0.028500000
sample,generation,ordered4,128,132,0,287,1.167520046,1.333100000,0.085400000,0.025900000
sample,generation,ordered4,128,133,0,262,1.159039974,1.319200000,0.059500000,0.015600000
sample,generation,ordered4,128,134,0,6076,1.147616029,1.351300000,0.047900000,0.011100000
sample,generation,ordered4,128,135,0,290,1.158303976,1.319400000,0.061000000,0.019300000
sample,generation,ordered4,128,136,0,389,1.149279952,1.305200000,0.047200000,0.011100000
sample,generation,ordered4,128,137,0,8104,1.153408051,1.305900000,0.050500000,0.010900000
sample,generation,ordered4,128,138,0,287,1.153471947,1.314400000,0.047600000,0.010700000
sample,generation,ordered4,128,139,0,262,1.151008010,1.388700000,0.049400000,0.010900000
sample,generation,ordered4,128,140,0,1280,1.197600007,1.381400000,0.102000000,0.037200000
sample,generation,ordered4,128,141,0,9151,1.167487979,1.364100000,0.060200000,0.018100000
sample,generation,ordered4,128,142,0,13,1.187103987,1.360800000,0.085800000,0.028000000
sample,generation,ordered4,128,143,0,383,1.172384024,1.371400000,0.066100000,0.021600000
sample,generation,ordered4,128,128,1,764,1.150400043,1.318500000,0.069700000,0.018600000
sample,generation,ordered4,128,129,1,383,1.158367991,1.315500000,0.066200000,0.021600000
sample,generation,ordered4,128,130,1,9653,1.142016053,1.290800000,0.044500000,0.009100000
sample,generation,ordered4,128,131,1,25834,1.137984037,1.294600000,0.043400000,0.008800000
sample,generation,ordered4,128,132,1,287,1.141216040,1.614700000,0.048500000,0.008100000
sample,generation,ordered4,128,133,1,262,1.171327949,1.348000000,0.079900000,0.025800000
sample,generation,ordered4,128,134,1,6076,1.147423983,1.302400000,0.052600000,0.009200000
sample,generation,ordered4,128,135,1,290,1.142719984,1.609500000,0.042600000,0.008200000
sample,generation,ordered4,128,136,1,389,1.146783948,1.521700000,0.050500000,0.008600000
sample,generation,ordered4,128,137,1,8104,1.194623947,1.521000000,0.097100000,0.040000000
sample,generation,ordered4,128,138,1,287,1.178624034,1.487600000,0.086800000,0.023800000
sample,generation,ordered4,128,139,1,262,1.177407980,1.528500000,0.089100000,0.021700000
sample,generation,ordered4,128,140,1,1280,1.157888055,1.330300000,0.050300000,0.012900000
sample,generation,ordered4,128,141,1,9151,1.175392032,1.344100000,0.072900000,0.018400000
sample,generation,ordered4,128,142,1,13,1.161952019,1.325400000,0.050100000,0.012700000
sample,generation,ordered4,128,143,1,383,1.154271960,1.578600000,0.045800000,0.010100000
sample,generation,original,128,128,1,764,1.063199997,1.214500000,0.050500000,0.010700000
sample,generation,original,128,129,1,383,1.066527963,1.228600000,0.044400000,0.008800000
sample,generation,original,128,130,1,9653,1.084800005,1.264200000,0.060500000,0.016800000
sample,generation,original,128,131,1,25834,1.079264045,1.234200000,0.068500000,0.019700000
sample,generation,original,128,132,1,287,1.072576046,1.226200000,0.050600000,0.012700000
sample,generation,original,128,133,1,262,1.072927952,1.231800000,0.047400000,0.011000000
sample,generation,original,128,134,1,6076,1.074144006,1.230200000,0.044100000,0.009600000
sample,generation,original,128,135,1,290,1.066687942,1.543900000,0.044700000,0.009900000
sample,generation,original,128,136,1,389,1.080031991,1.240100000,0.068000000,0.017000000
sample,generation,original,128,137,1,8104,1.077119946,1.229800000,0.048400000,0.011600000
sample,generation,original,128,138,1,287,1.075839996,1.239900000,0.044900000,0.010200000
sample,generation,original,128,139,1,262,1.087584019,1.256700000,0.059000000,0.017700000
sample,generation,original,128,140,1,1280,1.094751954,1.271700000,0.071000000,0.023700000
sample,generation,original,128,141,1,9151,1.118528008,1.287500000,0.089500000,0.035900000
sample,generation,original,128,142,1,13,1.084895968,1.238300000,0.052200000,0.013600000
sample,generation,original,128,143,1,383,1.070943952,1.222900000,0.044400000,0.009200000
sample,generation,original,128,128,2,764,1.059520006,1.206200000,0.045400000,0.009200000
sample,generation,original,128,129,2,383,1.065631986,1.227400000,0.042700000,0.008500000
sample,generation,original,128,130,2,9653,1.069344044,1.515700000,0.047800000,0.008600000
sample,generation,original,128,131,2,25834,1.098559976,1.537900000,0.092600000,0.030100000
sample,generation,original,128,132,2,287,1.071359992,1.236100000,0.055500000,0.011300000
sample,generation,original,128,133,2,262,1.070816040,1.224800000,0.045700000,0.009600000
sample,generation,original,128,134,2,6076,1.070943952,1.230400000,0.042900000,0.008600000
sample,generation,original,128,135,2,290,1.076223969,1.508700000,0.056200000,0.012300000
sample,generation,original,128,136,2,389,1.075327992,1.507300000,0.058200000,0.013500000
sample,generation,original,128,137,2,8104,1.071648002,1.529100000,0.044800000,0.008600000
sample,generation,original,128,138,2,287,1.075680017,1.521900000,0.049500000,0.008300000
sample,generation,original,128,139,2,262,1.082847953,1.268400000,0.082100000,0.016700000
sample,generation,original,128,140,2,1280,1.090656042,1.256700000,0.090200000,0.020400000
sample,generation,original,128,141,2,9151,1.078400016,1.500000000,0.052600000,0.010100000
sample,generation,original,128,142,2,13,1.083680034,1.513300000,0.055200000,0.011900000
sample,generation,original,128,143,2,383,1.080736041,1.568100000,0.062500000,0.013300000
sample,generation,ordered4,128,128,2,764,1.134943962,1.317400000,0.047300000,0.010600000
sample,generation,ordered4,128,129,2,383,1.174559951,1.344200000,0.080900000,0.028400000
sample,generation,ordered4,128,130,2,9653,1.144960046,1.304500000,0.058200000,0.012000000
sample,generation,ordered4,128,131,2,25834,1.143136024,1.304900000,0.047800000,0.011400000
sample,generation,ordered4,128,132,2,287,1.144032001,1.313300000,0.047900000,0.010700000
sample,generation,ordered4,128,133,2,262,1.153983951,1.318900000,0.053500000,0.014500000
sample,generation,ordered4,128,134,2,6076,1.168256044,1.321100000,0.066200000,0.021500000
sample,generation,ordered4,128,135,2,290,1.144703984,1.287100000,0.048100000,0.010800000
sample,generation,ordered4,128,136,2,389,1.151808023,1.301300000,0.051800000,0.011800000
sample,generation,ordered4,128,137,2,8104,1.158175945,1.337700000,0.052700000,0.013500000
sample,generation,ordered4,128,138,2,287,1.172063947,1.334100000,0.069600000,0.023700000
sample,generation,ordered4,128,139,2,262,1.152511954,1.305500000,0.050900000,0.013200000
sample,generation,ordered4,128,140,2,1280,1.149055958,1.295700000,0.043900000,0.008700000
sample,generation,ordered4,128,141,2,9151,1.164415956,1.325400000,0.043400000,0.008600000
sample,generation,ordered4,128,142,2,13,1.155616045,1.408800000,0.050100000,0.009300000
sample,generation,ordered4,128,143,2,383,1.205600023,1.407000000,0.110800000,0.041600000
sample,generation,ordered4,128,128,3,764,1.162719965,1.639100000,0.097800000,0.026300000
sample,generation,ordered4,128,129,3,383,1.141855955,1.633300000,0.055900000,0.010000000
sample,generation,ordered4,128,130,3,9653,1.142143965,1.596000000,0.052700000,0.008500000
sample,generation,ordered4,128,131,3,25834,1.173535943,1.347800000,0.087000000,0.030000000
sample,generation,ordered4,128,132,3,287,1.144096017,1.566500000,0.058000000,0.011900000
sample,generation,ordered4,128,133,3,262,1.146399975,1.316500000,0.054100000,0.011700000
sample,generation,ordered4,128,134,3,6076,1.147487998,1.331400000,0.052400000,0.010500000
sample,generation,ordered4,128,135,3,290,1.163231969,1.586300000,0.073500000,0.020300000
sample,generation,ordered4,128,136,3,389,1.147519946,1.314100000,0.051600000,0.010000000
sample,generation,ordered4,128,137,3,8104,1.150591969,1.589100000,0.051900000,0.009900000
sample,generation,ordered4,128,138,3,287,1.153311968,1.639400000,0.055900000,0.010800000
sample,generation,ordered4,128,139,3,262,1.176959991,1.344700000,0.074300000,0.021900000
sample,generation,ordered4,128,140,3,1280,1.153344035,1.312700000,0.047700000,0.011500000
sample,generation,ordered4,128,141,3,9151,1.157536030,1.311800000,0.052800000,0.011600000
sample,generation,ordered4,128,142,3,13,1.154911995,1.325100000,0.042600000,0.009000000
sample,generation,ordered4,128,143,3,383,1.155967951,1.319600000,0.043800000,0.009300000
sample,generation,original,128,128,3,764,1.072767973,1.491000000,0.064900000,0.015200000
sample,generation,original,128,129,3,383,1.068256021,1.496000000,0.055200000,0.010000000
sample,generation,original,128,130,3,9653,1.071040034,1.239100000,0.051600000,0.009500000
sample,generation,original,128,131,3,25834,1.063488007,1.509900000,0.047300000,0.009000000
sample,generation,original,128,132,3,287,1.093024015,1.258100000,0.081200000,0.025000000
sample,generation,original,128,133,3,262,1.071295977,1.231300000,0.044500000,0.009700000
sample,generation,original,128,134,3,6076,1.071616054,1.222400000,0.043700000,0.008900000
sample,generation,original,128,135,3,290,1.066367984,1.221200000,0.043500000,0.009200000
sample,generation,original,128,136,3,389,1.068447948,1.284200000,0.046600000,0.010700000
sample,generation,original,128,137,3,8104,1.122848034,1.321100000,0.108300000,0.040400000
sample,generation,original,128,138,3,287,1.125663996,1.323200000,0.100300000,0.040300000
sample,generation,original,128,139,3,262,1.077535987,1.230500000,0.050800000,0.012400000
sample,generation,original,128,140,3,1280,1.074784040,1.243900000,0.048900000,0.009800000
sample,generation,original,128,141,3,9151,1.091264009,1.262500000,0.077800000,0.016900000
sample,generation,original,128,142,3,13,1.106016040,1.262500000,0.076700000,0.028900000
sample,generation,original,128,143,3,383,1.073760033,1.224100000,0.045000000,0.009400000
sample,generation,original,128,128,4,764,1.067872047,1.225300000,0.058800000,0.016900000
sample,generation,original,128,129,4,383,1.066400051,1.215300000,0.045900000,0.009900000
sample,generation,original,128,130,4,9653,1.067935944,1.223400000,0.043800000,0.009200000
sample,generation,original,128,131,4,25834,1.064991951,1.271600000,0.041900000,0.008500000
sample,generation,original,128,132,4,287,1.125599980,1.321200000,0.119600000,0.041400000
sample,generation,original,128,133,4,262,1.106400013,1.275000000,0.084200000,0.029800000
sample,generation,original,128,134,4,6076,1.079519987,1.233000000,0.053500000,0.013500000
sample,generation,original,128,135,4,290,1.074208021,1.227500000,0.068400000,0.013300000
sample,generation,original,128,136,4,389,1.069823980,1.281300000,0.044400000,0.009500000
sample,generation,original,128,137,4,8104,1.104032040,1.274700000,0.079600000,0.029400000
sample,generation,original,128,138,4,287,1.074208021,1.228200000,0.048100000,0.009800000
sample,generation,original,128,139,4,262,1.069568038,1.220200000,0.041800000,0.008300000
sample,generation,original,128,140,4,1280,1.072672009,1.239200000,0.042900000,0.008300000
sample,generation,original,128,141,4,9151,1.077247977,1.242100000,0.047500000,0.008600000
sample,generation,original,128,142,4,13,1.107679963,1.329400000,0.084400000,0.026000000
sample,generation,original,128,143,4,383,1.093600035,1.309600000,0.072400000,0.021600000
sample,generation,ordered4,128,128,4,764,1.136000037,1.604200000,0.057200000,0.010900000
sample,generation,ordered4,128,129,4,383,1.146016002,1.666700000,0.058900000,0.011900000
sample,generation,ordered4,128,130,4,9653,1.162592053,1.481200000,0.085800000,0.017100000
sample,generation,ordered4,128,131,4,25834,1.164352059,1.329100000,0.064400000,0.016700000
sample,generation,ordered4,128,132,4,287,1.139071941,1.289800000,0.045800000,0.009800000
sample,generation,ordered4,128,133,4,262,1.144287944,1.295900000,0.045100000,0.009700000
sample,generation,ordered4,128,134,4,6076,1.146016002,1.328100000,0.044300000,0.009300000
sample,generation,ordered4,128,135,4,290,1.156640053,1.309900000,0.080800000,0.016600000
sample,generation,ordered4,128,136,4,389,1.148319960,1.304600000,0.047000000,0.010300000
sample,generation,ordered4,128,137,4,8104,1.150815964,1.322100000,0.044300000,0.009600000
sample,generation,ordered4,128,138,4,287,1.157824039,1.328200000,0.054600000,0.012200000
sample,generation,ordered4,128,139,4,262,1.169056058,1.346400000,0.072800000,0.019100000
sample,generation,ordered4,128,140,4,1280,1.163136005,1.326000000,0.058100000,0.015600000
sample,generation,ordered4,128,141,4,9151,1.154880047,1.306900000,0.047400000,0.010600000
sample,generation,ordered4,128,142,4,13,1.156224012,1.314000000,0.045700000,0.010100000
sample,generation,ordered4,128,143,4,383,1.162047982,1.594000000,0.044700000,0.010100000
sample,generation,ordered4,128,128,5,764,1.133471966,1.309200000,0.047600000,0.008700000
sample,generation,ordered4,128,129,5,383,1.163519979,1.687900000,0.075100000,0.022000000
sample,generation,ordered4,128,130,5,9653,1.191552043,1.354600000,0.149300000,0.048900000
sample,generation,ordered4,128,131,5,25834,1.148128033,1.319000000,0.054000000,0.014100000
sample,generation,ordered4,128,132,5,287,1.140576005,1.483000000,0.050000000,0.009400000
sample,generation,ordered4,128,133,5,262,1.150848031,1.594000000,0.058900000,0.013400000
sample,generation,ordered4,128,134,5,6076,1.150367975,1.329600000,0.056400000,0.011400000
sample,generation,ordered4,128,135,5,290,1.143519998,1.468400000,0.044700000,0.008700000
sample,generation,ordered4,128,136,5,389,1.144639969,1.391000000,0.043600000,0.008500000
sample,generation,ordered4,128,137,5,8104,1.149919987,1.585000000,0.048000000,0.009100000
sample,generation,ordered4,128,138,5,287,1.151520014,1.317000000,0.051200000,0.008800000
sample,generation,ordered4,128,139,5,262,1.148767948,1.314500000,0.049000000,0.008500000
sample,generation,ordered4,128,140,5,1280,1.158367991,1.647600000,0.056800000,0.012100000
sample,generation,ordered4,128,141,5,9151,1.155488014,1.588400000,0.049000000,0.008700000
sample,generation,ordered4,128,142,5,13,1.180703998,1.653400000,0.081700000,0.021800000
sample,generation,ordered4,128,143,5,383,1.155104041,1.320300000,0.053400000,0.009600000
sample,generation,original,128,128,5,764,1.061056018,1.214800000,0.046500000,0.009600000
sample,generation,original,128,129,5,383,1.063776016,1.213600000,0.044900000,0.009700000
sample,generation,original,128,130,5,9653,1.066527963,1.234800000,0.043500000,0.009200000
sample,generation,original,128,131,5,25834,1.077728033,1.246400000,0.057700000,0.016300000
sample,generation,original,128,132,5,287,1.070528030,1.225200000,0.048400000,0.011900000
sample,generation,original,128,133,5,262,1.072607994,1.224400000,0.048400000,0.011000000
sample,generation,original,128,134,5,6076,1.073696017,1.231100000,0.045900000,0.010500000
sample,generation,original,128,135,5,290,1.068384051,1.239500000,0.045600000,0.010100000
sample,generation,original,128,136,5,389,1.071807981,1.239100000,0.063000000,0.011800000
sample,generation,original,128,137,5,8104,1.092704058,1.254500000,0.066900000,0.022800000
sample,generation,original,128,138,5,287,1.075584054,1.233500000,0.045100000,0.009600000
sample,generation,original,128,139,5,262,1.072415948,1.228900000,0.045600000,0.010200000
sample,generation,original,128,140,5,1280,1.076799989,1.403900000,0.047200000,0.010400000
sample,generation,original,128,141,5,9151,1.120352030,1.335500000,0.112400000,0.037000000
sample,generation,original,128,142,5,13,1.121984005,1.286900000,0.087100000,0.032900000
sample,generation,original,128,143,5,383,1.082335949,1.237300000,0.059700000,0.017300000
sample,generation,original,128,128,6,764,1.090847969,1.328400000,0.087400000,0.029100000
sample,generation,original,128,129,6,383,1.092128038,1.312400000,0.079600000,0.026900000
sample,generation,original,128,130,6,9653,1.083744049,1.329700000,0.064900000,0.017300000
sample,generation,original,128,131,6,25834,1.084383965,1.297100000,0.070900000,0.019900000
sample,generation,original,128,132,6,287,1.101439953,1.255000000,0.090100000,0.028700000
sample,generation,original,128,133,6,262,1.071936011,1.227800000,0.047800000,0.012100000
sample,generation,original,128,134,6,6076,1.071392059,1.226700000,0.043500000,0.009100000
sample,generation,original,128,135,6,290,1.065951943,1.293500000,0.043000000,0.008900000
sample,generation,original,128,136,6,389,1.079231977,1.251500000,0.055900000,0.016000000
sample,generation,original,128,137,6,8104,1.088608027,1.245300000,0.087800000,0.019000000
sample,generation,original,128,138,6,287,1.078112006,1.232800000,0.049300000,0.012200000
sample,generation,original,128,139,6,262,1.075456023,1.249700000,0.048400000,0.010800000
sample,generation,original,128,140,6,1280,1.076768041,1.282600000,0.047100000,0.011000000
sample,generation,original,128,141,6,9151,1.099264026,1.281100000,0.102500000,0.022700000
sample,generation,original,128,142,6,13,1.122943997,1.288000000,0.094100000,0.035600000
sample,generation,original,128,143,6,383,1.075680017,1.229400000,0.049800000,0.011900000
sample,generation,ordered4,128,128,6,764,1.152768016,1.314600000,0.067200000,0.020700000
sample,generation,ordered4,128,129,6,383,1.148959994,1.302500000,0.055400000,0.015800000
sample,generation,ordered4,128,130,6,9653,1.150048018,1.329000000,0.075000000,0.015300000
sample,generation,ordered4,128,131,6,25834,1.173408031,1.342100000,0.083300000,0.032000000
sample,generation,ordered4,128,132,6,287,1.145951986,1.298800000,0.052500000,0.013900000
sample,generation,ordered4,128,133,6,262,1.145535946,1.328300000,0.045300000,0.010600000
sample,generation,ordered4,128,134,6,6076,1.164000034,1.349100000,0.092700000,0.018800000
sample,generation,ordered4,128,135,6,290,1.162047982,1.336400000,0.070800000,0.020900000
sample,generation,ordered4,128,136,6,389,1.161471963,1.317800000,0.063800000,0.020400000
sample,generation,ordered4,128,137,6,8104,1.151360035,1.312900000,0.046600000,0.010600000
sample,generation,ordered4,128,138,6,287,1.153216004,1.319500000,0.047000000,0.010400000
sample,generation,ordered4,128,139,6,262,1.151391983,1.318600000,0.045100000,0.010500000
sample,generation,ordered4,128,140,6,1280,1.168095946,1.340900000,0.061500000,0.020400000
sample,generation,ordered4,128,141,6,9151,1.154719949,1.310400000,0.048200000,0.011500000
sample,generation,ordered4,128,142,6,13,1.162528038,1.328000000,0.050900000,0.014500000
sample,generation,ordered4,128,143,6,383,1.163872004,1.408300000,0.076400000,0.016300000
sample,generation,ordered4,128,128,7,764,1.130784035,1.384500000,0.042200000,0.008600000
sample,generation,ordered4,128,129,7,383,1.150048018,1.396000000,0.089600000,0.016900000
sample,generation,ordered4,128,130,7,9653,1.202463984,1.387800000,0.121300000,0.048300000
sample,generation,ordered4,128,131,7,25834,1.153311968,1.315400000,0.062000000,0.018600000
sample,generation,ordered4,128,132,7,287,1.141023993,1.294300000,0.045000000,0.009300000
sample,generation,ordered4,128,133,7,262,1.142719984,1.441400000,0.042300000,0.008500000
sample,generation,ordered4,128,134,7,6076,1.175935984,1.345900000,0.086000000,0.028100000
sample,generation,ordered4,128,135,7,290,1.150336027,1.301900000,0.050500000,0.013800000
sample,generation,ordered4,128,136,7,389,1.145375967,1.299600000,0.045800000,0.010300000
sample,generation,ordered4,128,137,7,8104,1.150176048,1.373400000,0.049700000,0.010400000
sample,generation,ordered4,128,138,7,287,1.165536046,1.336300000,0.074000000,0.017200000
sample,generation,ordered4,128,139,7,262,1.182847977,1.346200000,0.081800000,0.032900000
sample,generation,ordered4,128,140,7,1280,1.152896047,1.303300000,0.048200000,0.011100000
sample,generation,ordered4,128,141,7,9151,1.154623985,1.312600000,0.050300000,0.010300000
sample,generation,ordered4,128,142,7,13,1.158112049,1.408600000,0.053200000,0.010500000
sample,generation,ordered4,128,143,7,383,1.165439963,1.328200000,0.056900000,0.016600000
sample,generation,original,128,128,7,764,1.105087996,1.317900000,0.092000000,0.017100000
sample,generation,original,128,129,7,383,1.132223964,1.312700000,0.115000000,0.047000000
sample,generation,original,128,130,7,9653,1.072224021,1.221800000,0.049000000,0.011400000
sample,generation,original,128,131,7,25834,1.065407991,1.222600000,0.044200000,0.009100000
sample,generation,original,128,132,7,287,1.066720009,1.301700000,0.043300000,0.009100000
sample,generation,original,128,133,7,262,1.118368030,1.290200000,0.107600000,0.040000000
sample,generation,original,128,134,7,6076,1.099679947,1.258800000,0.074600000,0.026200000
sample,generation,original,128,135,7,290,1.065183997,1.213600000,0.048800000,0.009600000
sample,generation,original,128,136,7,389,1.068959951,1.226000000,0.043600000,0.008700000
sample,generation,original,128,137,7,8104,1.070559978,1.255400000,0.042600000,0.008900000
sample,generation,original,128,138,7,287,1.104799986,1.267700000,0.077900000,0.026900000
sample,generation,original,128,139,7,262,1.077535987,1.226000000,0.050200000,0.012300000
sample,generation,original,128,140,7,1280,1.070559978,1.222600000,0.041700000,0.008800000
sample,generation,original,128,141,7,9151,1.076544046,1.222300000,0.042600000,0.008900000
sample,generation,original,128,142,7,13,1.078176022,1.261900000,0.041900000,0.008500000
sample,generation,original,128,143,7,383,1.115360022,1.293500000,0.092800000,0.035900000
sample,generation,original,128,128,8,764,1.066975951,1.235600000,0.054800000,0.013500000
sample,generation,original,128,129,8,383,1.089856029,1.248800000,0.065400000,0.018500000
sample,generation,original,128,130,8,9653,1.069792032,1.220500000,0.047300000,0.009700000
sample,generation,original,128,131,8,25834,1.069632053,1.225400000,0.047700000,0.009000000
sample,generation,original,128,132,8,287,1.068032026,1.471300000,0.046100000,0.009600000
sample,generation,original,128,133,8,262,1.104671955,1.342100000,0.095600000,0.029600000
sample,generation,original,128,134,8,6076,1.127231956,1.304200000,0.109000000,0.044300000
sample,generation,original,128,135,8,290,1.088927984,1.267100000,0.068400000,0.024600000
sample,generation,original,128,136,8,389,1.072607994,1.229800000,0.048200000,0.011300000
sample,generation,original,128,137,8,8104,1.077471972,1.263100000,0.048200000,0.010800000
sample,generation,original,128,138,8,287,1.110847950,1.289400000,0.084100000,0.030600000
sample,generation,original,128,139,8,262,1.078367949,1.229900000,0.053800000,0.013200000
sample,generation,original,128,140,8,1280,1.074399948,1.243800000,0.045900000,0.009700000
sample,generation,original,128,141,8,9151,1.082656026,1.238600000,0.049500000,0.012500000
sample,generation,original,128,142,8,13,1.084543943,1.260800000,0.060400000,0.012100000
sample,generation,original,128,143,8,383,1.116832018,1.291200000,0.096300000,0.040000000
sample,generation,ordered4,128,128,8,764,1.162207961,1.343300000,0.078300000,0.030000000
sample,generation,ordered4,128,129,8,383,1.154847980,1.314500000,0.066000000,0.020600000
sample,generation,ordered4,128,130,8,9653,1.148064017,1.305500000,0.067400000,0.014000000
sample,generation,ordered4,128,131,8,25834,1.142079949,1.298900000,0.050300000,0.012500000
sample,generation,ordered4,128,132,8,287,1.139263988,1.327100000,0.047200000,0.009400000
sample,generation,ordered4,128,133,8,262,1.177824020,1.361100000,0.085400000,0.032400000
sample,generation,ordered4,128,134,8,6076,1.152448058,1.301100000,0.056200000,0.015400000
sample,generation,ordered4,128,135,8,290,1.142464042,1.294200000,0.046100000,0.009000000
sample,generation,ordered4,128,136,8,389,1.144608021,1.362300000,0.042000000,0.008800000
sample,generation,ordered4,128,137,8,8104,1.182528019,1.347500000,0.079000000,0.027300000
sample,generation,ordered4,128,138,8,287,1.159839988,1.309500000,0.056200000,0.016400000
sample,generation,ordered4,128,139,8,262,1.150303960,1.300300000,0.042900000,0.008700000
sample,generation,ordered4,128,140,8,1280,1.148864031,1.299200000,0.043400000,0.008700000
sample,generation,ordered4,128,141,8,9151,1.152672052,1.346600000,0.040800000,0.008300000
sample,generation,ordered4,128,142,8,13,1.170336008,1.324400000,0.060300000,0.018900000
sample,generation,ordered4,128,143,8,383,1.151424050,1.303200000,0.044300000,0.009600000
sample,generation,ordered4,128,128,9,764,1.158624053,1.335900000,0.083900000,0.022600000
sample,generation,ordered4,128,129,9,383,1.142943978,1.295700000,0.046100000,0.011000000
sample,generation,ordered4,128,130,9,9653,1.142688036,1.330900000,0.045800000,0.010000000
sample,generation,ordered4,128,131,9,25834,1.147392035,1.306700000,0.056100000,0.014300000
sample,generation,ordered4,128,132,9,287,1.148159981,1.305300000,0.079800000,0.016000000
sample,generation,ordered4,128,133,9,262,1.144639969,1.294700000,0.046200000,0.009600000
sample,generation,ordered4,128,134,9,6076,1.148640037,1.601900000,0.045000000,0.009800000
sample,generation,ordered4,128,135,9,290,1.149888039,1.390500000,0.057000000,0.011800000
sample,generation,ordered4,128,136,9,389,1.197600007,1.386300000,0.110100000,0.043800000
sample,generation,ordered4,128,137,9,8104,1.181535959,1.345200000,0.085800000,0.031000000
sample,generation,ordered4,128,138,9,287,1.154528022,1.315900000,0.048900000,0.011200000
sample,generation,ordered4,128,139,9,262,1.149376035,1.325300000,0.045600000,0.009900000
sample,generation,ordered4,128,140,9,1280,1.169759989,1.329500000,0.085900000,0.021300000
sample,generation,ordered4,128,141,9,9151,1.160544038,1.317900000,0.052700000,0.014100000
sample,generation,ordered4,128,142,9,13,1.158879995,1.319000000,0.048300000,0.011000000
sample,generation,ordered4,128,143,9,383,1.157407999,1.324700000,0.048500000,0.011000000
sample,generation,original,128,128,9,764,1.060320020,1.217500000,0.053600000,0.011000000
sample,generation,original,128,129,9,383,1.067199945,1.320100000,0.047500000,0.008600000
sample,generation,original,128,130,9,9653,1.094688058,1.326600000,0.101200000,0.026600000
sample,generation,original,128,131,9,25834,1.096223950,1.520000000,0.094400000,0.029800000
sample,generation,original,128,132,9,287,1.080479980,1.259700000,0.065700000,0.015600000
sample,generation,original,128,133,9,262,1.073184013,1.519000000,0.051100000,0.009200000
sample,generation,original,128,134,9,6076,1.073151946,1.249800000,0.047300000,0.008500000
sample,generation,original,128,135,9,290,1.080096006,1.269800000,0.063100000,0.013600000
sample,generation,original,128,136,9,389,1.075487971,1.234600000,0.049700000,0.012300000
sample,generation,original,128,137,9,8104,1.073760033,1.242300000,0.043800000,0.009000000
sample,generation,original,128,138,9,287,1.081760049,1.257900000,0.048000000,0.012500000
sample,generation,original,128,139,9,262,1.082623959,1.263600000,0.066500000,0.018200000
sample,generation,original,128,140,9,1280,1.106143951,1.270900000,0.079700000,0.030300000
sample,generation,original,128,141,9,9151,1.076063991,1.223900000,0.045200000,0.009400000
sample,generation,original,128,142,9,13,1.078912020,1.230100000,0.043000000,0.008700000
sample,generation,original,128,143,9,383,1.069151998,1.551900000,0.059300000,0.008700000
sample,generation,original,128,128,10,764,1.062368035,1.240300000,0.044700000,0.010400000
sample,generation,original,128,129,10,383,1.080960035,1.483800000,0.061500000,0.019200000
sample,generation,original,128,130,10,9653,1.155679941,1.373400000,0.153600000,0.063900000
sample,generation,original,128,131,10,25834,1.099712014,1.262400000,0.086200000,0.031700000
sample,generation,original,128,132,10,287,1.068415999,1.224200000,0.048900000,0.010300000
sample,generation,original,128,133,10,262,1.073343992,1.284600000,0.047600000,0.010300000
sample,generation,original,128,134,10,6076,1.120831966,1.364900000,0.097300000,0.041500000
sample,generation,original,128,135,10,290,1.134879947,1.319100000,0.142700000,0.062200000
sample,generation,original,128,136,10,389,1.112480044,1.291800000,0.117600000,0.047200000
sample,generation,original,128,137,10,8104,1.102624059,1.324900000,0.093200000,0.034300000
sample,generation,original,128,138,10,287,1.140416026,1.340400000,0.151800000,0.061700000
sample,generation,original,128,139,10,262,1.130367994,1.320600000,0.139400000,0.056500000
sample,generation,original,128,140,10,1280,1.118239999,1.292800000,0.111800000,0.044600000
sample,generation,original,128,141,10,9151,1.107007980,1.287200000,0.096000000,0.035500000
sample,generation,original,128,142,10,13,1.100640059,1.288900000,0.072800000,0.019900000
sample,generation,original,128,143,10,383,1.088992000,1.250800000,0.065600000,0.018800000
sample,generation,ordered4,128,128,10,764,1.134400010,1.401100000,0.047400000,0.011100000
sample,generation,ordered4,128,129,10,383,1.169183969,1.329800000,0.082900000,0.029000000
sample,generation,ordered4,128,130,10,9653,1.139104009,1.290000000,0.046900000,0.008800000
sample,generation,ordered4,128,131,10,25834,1.136736035,1.294900000,0.042300000,0.008600000
sample,generation,ordered4,128,132,10,287,1.139520049,1.682300000,0.046200000,0.008400000
sample,generation,ordered4,128,133,10,262,1.180448055,1.349500000,0.096200000,0.032100000
sample,generation,ordered4,128,134,10,6076,1.147423983,1.472300000,0.051600000,0.009000000
sample,generation,ordered4,128,135,10,290,1.142688036,1.296700000,0.044000000,0.008300000
sample,generation,ordered4,128,136,10,389,1.143743992,1.350800000,0.043000000,0.008300000
sample,generation,ordered4,128,137,10,8104,1.151903987,1.335900000,0.052800000,0.009100000
sample,generation,ordered4,128,138,10,287,1.151487947,1.301600000,0.043400000,0.008700000
sample,generation,ordered4,128,139,10,262,1.149183989,1.298800000,0.041500000,0.008600000
sample,generation,ordered4,128,140,10,1280,1.148736000,1.298200000,0.041400000,0.008200000
sample,generation,ordered4,128,141,10,9151,1.152351975,1.331000000,0.041700000,0.008600000
sample,generation,ordered4,128,142,10,13,1.183647990,1.377900000,0.080900000,0.028300000
sample,generation,ordered4,128,143,10,383,1.153535962,1.303600000,0.045100000,0.008800000
sample,generation,ordered4,128,128,11,764,1.137087941,1.288800000,0.051000000,0.012300000
sample,generation,ordered4,128,129,11,383,1.136736035,1.286700000,0.042800000,0.008700000
sample,generation,ordered4,128,130,11,9653,1.137951970,1.287000000,0.043300000,0.009000000
sample,generation,ordered4,128,131,11,25834,1.135679960,1.319800000,0.042500000,0.008700000
sample,generation,ordered4,128,132,11,287,1.162912011,1.414200000,0.078500000,0.026100000
sample,generation,ordered4,128,133,11,262,1.164288044,1.329200000,0.075400000,0.022900000
sample,generation,ordered4,128,134,11,6076,1.148767948,1.301900000,0.049600000,0.011900000
sample,generation,ordered4,128,135,11,290,1.142560005,1.321200000,0.042500000,0.008700000
sample,generation,ordered4,128,136,11,389,1.174911976,1.349900000,0.085500000,0.025400000
sample,generation,ordered4,128,137,11,8104,1.172351956,1.335000000,0.069900000,0.021800000
sample,generation,ordered4,128,138,11,287,1.162783980,1.349300000,0.055100000,0.014700000
sample,generation,ordered4,128,139,11,262,1.152704000,1.307500000,0.053600000,0.011300000
sample,generation,ordered4,128,140,11,1280,1.150207996,1.394700000,0.043700000,0.008700000
sample,generation,ordered4,128,141,11,9151,1.204704046,1.577300000,0.127900000,0.044000000
sample,generation,ordered4,128,142,11,13,1.177824020,1.394600000,0.069200000,0.021300000
sample,generation,ordered4,128,143,11,383,1.157984018,1.316600000,0.049700000,0.012000000
sample,generation,original,128,128,11,764,1.057183981,1.261300000,0.044300000,0.008500000
sample,generation,original,128,129,11,383,1.064767957,1.506700000,0.042700000,0.008600000
sample,generation,original,128,130,11,9653,1.072095990,1.252800000,0.051800000,0.008700000
sample,generation,original,128,131,11,25834,1.078688025,1.235100000,0.070600000,0.010000000
sample,generation,original,128,132,11,287,1.067711949,1.217200000,0.042900000,0.008700000
sample,generation,original,128,133,11,262,1.066687942,1.220200000,0.041500000,0.008700000
sample,generation,original,128,134,11,6076,1.071071982,1.302300000,0.045500000,0.008200000
sample,generation,original,128,135,11,290,1.080991983,1.514800000,0.077800000,0.015000000
sample,generation,original,128,136,11,389,1.101984024,1.334200000,0.088600000,0.031300000
sample,generation,original,128,137,11,8104,1.097887993,1.317300000,0.080900000,0.022100000
sample,generation,original,128,138,11,287,1.099647999,1.304200000,0.079500000,0.021500000
sample,generation,original,128,139,11,262,1.089439988,1.276700000,0.070300000,0.018700000
sample,generation,original,128,140,11,1280,1.104320049,1.270700000,0.080300000,0.025900000
sample,generation,original,128,141,11,9151,1.078047991,1.225200000,0.046100000,0.009700000
sample,generation,original,128,142,11,13,1.080575943,1.234900000,0.042600000,0.008500000
sample,generation,original,128,143,11,383,1.071903944,1.225300000,0.042300000,0.008700000
sample,generation,original,128,128,12,764,1.056064010,1.229400000,0.045900000,0.009200000
sample,generation,original,128,129,12,383,1.071776032,1.553700000,0.055800000,0.012000000
sample,generation,original,128,130,12,9653,1.107839942,1.437100000,0.144300000,0.036900000
sample,generation,original,128,131,12,25834,1.092671990,1.261300000,0.080600000,0.027100000
sample,generation,original,128,132,12,287,1.070976019,1.220700000,0.048900000,0.011300000
sample,generation,original,128,133,12,262,1.070752025,1.337000000,0.043500000,0.009000000
sample,generation,original,128,134,12,6076,1.113343954,1.303400000,0.098000000,0.032200000
sample,generation,original,128,135,12,290,1.072224021,1.222700000,0.055000000,0.013400000
sample,generation,original,128,136,12,389,1.069344044,1.227900000,0.043600000,0.009300000
sample,generation,original,128,137,12,8104,1.070368052,1.226900000,0.042600000,0.008600000
sample,generation,original,128,138,12,287,1.073055983,1.259800000,0.042400000,0.008500000
sample,generation,original,128,139,12,262,1.089823961,1.565300000,0.063500000,0.020200000
sample,generation,original,128,140,12,1280,1.074432015,1.404400000,0.048900000,0.010300000
sample,generation,original,128,141,12,9151,1.075584054,1.229300000,0.044500000,0.008500000
sample,generation,original,128,142,12,13,1.076928020,1.450600000,0.042600000,0.008400000
sample,generation,original,128,143,12,383,1.103008032,1.545400000,0.083600000,0.027900000
sample,generation,ordered4,128,128,12,764,1.133504033,1.291300000,0.051200000,0.008500000
sample,generation,ordered4,128,129,12,383,1.146463990,1.303100000,0.068500000,0.015400000
sample,generation,ordered4,128,130,12,9653,1.141600013,1.292500000,0.044800000,0.009200000
sample,generation,ordered4,128,131,12,25834,1.136543989,1.289500000,0.042800000,0.008600000
sample,generation,ordered4,128,132,12,287,1.138847947,1.348200000,0.046400000,0.008100000
sample,generation,ordered4,128,133,12,262,1.169247985,1.503000000,0.085900000,0.025200000
sample,generation,ordered4,128,134,12,6076,1.147071958,1.613800000,0.047400000,0.010200000
sample,generation,ordered4,128,135,12,290,1.142976046,1.575900000,0.049900000,0.008500000
sample,generation,ordered4,128,136,12,389,1.145184040,1.612400000,0.048000000,0.008800000
sample,generation,ordered4,128,137,12,8104,1.153311968,1.366500000,0.054200000,0.009800000
sample,generation,ordered4,128,138,12,287,1.160832047,1.307200000,0.052200000,0.013600000
sample,generation,ordered4,128,139,12,262,1.149407983,1.383000000,0.043100000,0.009200000
sample,generation,ordered4,128,140,12,1280,1.168799996,1.660000000,0.098500000,0.021000000
sample,generation,ordered4,128,141,12,9151,1.187999964,1.365300000,0.093300000,0.029100000
sample,generation,ordered4,128,142,12,13,1.158303976,1.316300000,0.048300000,0.010100000
sample,generation,ordered4,128,143,12,383,1.154495955,1.305200000,0.044500000,0.009200000
sample,generation,ordered4,128,128,13,764,1.169023991,1.503600000,0.105000000,0.032600000
sample,generation,ordered4,128,129,13,383,1.149664044,1.319500000,0.055000000,0.014400000
sample,generation,ordered4,128,130,13,9653,1.142336011,1.358600000,0.047600000,0.010900000
sample,generation,ordered4,128,131,13,25834,1.169407964,1.362300000,0.079300000,0.028200000
sample,generation,ordered4,128,132,13,287,1.160032034,1.322800000,0.071900000,0.019500000
sample,generation,ordered4,128,133,13,262,1.144479990,1.293500000,0.044800000,0.008900000
sample,generation,ordered4,128,134,13,6076,1.144736052,1.480400000,0.043100000,0.008500000
sample,generation,ordered4,128,135,13,290,1.326464057,1.494800000,0.278200000,0.171500000
sample,generation,ordered4,128,136,13,389,1.157279968,1.364000000,0.056200000,0.017500000
sample,generation,ordered4,128,137,13,8104,1.171007991,1.338700000,0.075100000,0.020500000
sample,generation,ordered4,128,138,13,287,1.149664044,1.341500000,0.043900000,0.008900000
sample,generation,ordered4,128,139,13,262,1.159808040,1.612300000,0.065100000,0.016300000
sample,generation,ordered4,128,140,13,1280,1.186815977,1.608500000,0.084700000,0.022500000
sample,generation,ordered4,128,141,13,9151,1.156576037,1.317500000,0.053500000,0.010300000
sample,generation,ordered4,128,142,13,13,1.154943943,1.592700000,0.043500000,0.008700000
sample,generation,ordered4,128,143,13,383,1.183168054,1.460700000,0.221700000,0.019700000
sample,generation,original,128,128,13,764,1.067296028,1.242300000,0.060400000,0.013300000
sample,generation,original,128,129,13,383,1.075647950,1.233500000,0.053800000,0.016000000
sample,generation,original,128,130,13,9653,1.080543995,1.234600000,0.075700000,0.017300000
sample,generation,original,128,131,13,25834,1.063040018,1.213400000,0.042500000,0.008400000
sample,generation,original,128,132,13,287,1.064895988,1.234600000,0.041400000,0.008500000
sample,generation,original,128,133,13,262,1.072800040,1.245400000,0.049000000,0.009700000
sample,generation,original,128,134,13,6076,1.075520039,1.229500000,0.051800000,0.011400000
sample,generation,original,128,135,13,290,1.067487955,1.217000000,0.044800000,0.008900000
sample,generation,original,128,136,13,389,1.066655993,1.222400000,0.041500000,0.008400000
sample,generation,original,128,137,13,8104,1.072255969,1.334100000,0.046500000,0.008900000
sample,generation,original,128,138,13,287,1.074687958,1.565000000,0.049100000,0.008700000
sample,generation,original,128,139,13,262,1.092671990,1.251500000,0.062500000,0.012800000
sample,generation,original,128,140,13,1280,1.077759981,1.242000000,0.047600000,0.011400000
sample,generation,original,128,141,13,9151,1.078976035,1.258000000,0.044900000,0.009600000
sample,generation,original,128,142,13,13,1.081887960,1.278800000,0.045800000,0.010500000
sample,generation,original,128,143,13,383,1.107584000,1.300900000,0.083800000,0.032800000
sample,generation,original,128,128,14,764,1.126528025,1.353800000,0.133000000,0.053900000
sample,generation,original,128,129,14,383,1.084447980,1.243900000,0.065900000,0.020900000
sample,generation,original,128,130,14,9653,1.069344044,1.217100000,0.044900000,0.009000000
sample,generation,original,128,131,14,25834,1.064703941,1.229800000,0.043700000,0.008500000
sample,generation,original,128,132,14,287,1.082816005,1.253200000,0.079400000,0.019400000
sample,generation,original,128,133,14,262,1.119711995,1.310900000,0.105100000,0.039300000
sample,generation,original,128,134,14,6076,1.087039948,1.240200000,0.059200000,0.017000000
sample,generation,original,128,135,14,290,1.064991951,1.214900000,0.044700000,0.009000000
sample,generation,original,128,136,14,389,1.067711949,1.255700000,0.042300000,0.008600000
sample,generation,original,128,137,14,8104,1.077216029,1.271800000,0.047500000,0.011800000
sample,generation,original,128,138,14,287,1.111328006,1.386900000,0.095500000,0.034100000
sample,generation,original,128,139,14,262,1.071455956,1.228300000,0.046600000,0.009400000
sample,generation,original,128,140,14,1280,1.075551987,1.251100000,0.043400000,0.009500000
sample,generation,original,128,141,14,9151,1.079967976,1.258900000,0.045600000,0.010200000
sample,generation,original,128,142,14,13,1.090752006,1.528700000,0.061700000,0.014600000
sample,generation,original,128,143,14,383,1.108479977,1.288100000,0.092700000,0.030900000
sample,generation,ordered4,128,128,14,764,1.138463974,1.295500000,0.055300000,0.014600000
sample,generation,ordered4,128,129,14,383,1.139359951,1.288500000,0.043800000,0.008500000
sample,generation,ordered4,128,130,14,9653,1.139168024,1.288500000,0.044200000,0.008700000
sample,generation,ordered4,128,131,14,25834,1.139647961,1.323200000,0.042400000,0.008600000
sample,generation,ordered4,128,132,14,287,1.156191945,1.510900000,0.064800000,0.019700000
sample,generation,ordered4,128,133,14,262,1.147423983,1.301700000,0.052600000,0.013300000
sample,generation,ordered4,128,134,14,6076,1.145823956,1.299600000,0.043500000,0.008900000
sample,generation,ordered4,128,135,14,290,1.140864015,1.530800000,0.042000000,0.008400000
sample,generation,ordered4,128,136,14,389,1.202720046,1.368100000,0.115100000,0.025900000
sample,generation,ordered4,128,137,14,8104,1.173503995,1.329300000,0.072500000,0.024900000
sample,generation,ordered4,128,138,14,287,1.154016018,1.295600000,0.054800000,0.009700000
sample,generation,ordered4,128,139,14,262,1.149919987,1.304100000,0.055300000,0.009900000
sample,generation,ordered4,128,140,14,1280,1.150143981,1.355500000,0.045900000,0.010200000
sample,generation,ordered4,128,141,14,9151,1.210047960,1.392500000,0.114100000,0.045800000
sample,generation,ordered4,128,142,14,13,1.179263949,1.339400000,0.069400000,0.024600000
sample,generation,ordered4,128,143,14,383,1.157312036,1.320400000,0.050300000,0.011700000
sample,generation,ordered4,128,128,15,764,1.134879947,1.284100000,0.049400000,0.011800000
sample,generation,ordered4,128,129,15,383,1.140511990,1.294900000,0.045200000,0.009500000
sample,generation,ordered4,128,130,15,9653,1.167263985,1.354100000,0.076200000,0.020900000
sample,generation,ordered4,128,131,15,25834,1.176671982,1.344100000,0.089200000,0.035300000
sample,generation,ordered4,128,132,15,287,1.144351959,1.296200000,0.050800000,0.012800000
sample,generation,ordered4,128,133,15,262,1.145472050,1.301300000,0.047900000,0.011000000
sample,generation,ordered4,128,134,15,6076,1.165120006,1.366200000,0.060700000,0.016800000
sample,generation,ordered4,128,135,15,290,1.188032031,1.440500000,0.112700000,0.035100000
sample,generation,ordered4,128,136,15,389,1.255328059,1.440100000,0.171200000,0.086300000
sample,generation,ordered4,128,137,15,8104,1.177695990,1.346600000,0.079700000,0.028100000
sample,generation,ordered4,128,138,15,287,1.166784048,1.332900000,0.059800000,0.016100000
sample,generation,ordered4,128,139,15,262,1.155583978,1.321500000,0.050600000,0.011700000
sample,generation,ordered4,128,140,15,1280,1.186911941,1.347600000,0.082000000,0.027400000
sample,generation,ordered4,128,141,15,9151,1.154880047,1.302300000,0.046700000,0.010700000
sample,generation,ordered4,128,142,15,13,1.153952003,1.300600000,0.043700000,0.008700000
sample,generation,ordered4,128,143,15,383,1.153408051,1.585700000,0.043400000,0.008900000
sample,generation,original,128,128,15,764,1.058431983,1.287200000,0.047500000,0.008200000
sample,generation,original,128,129,15,383,1.132895947,1.523000000,0.133300000,0.055300000
sample,generation,original,128,130,15,9653,1.092479944,1.421400000,0.072200000,0.023700000
sample,generation,original,128,131,15,25834,1.064991951,1.391400000,0.046400000,0.008800000
sample,generation,original,128,132,15,287,1.067232013,1.543000000,0.044200000,0.008300000
sample,generation,original,128,133,15,262,1.089568019,1.260600000,0.103600000,0.021900000
sample,generation,original,128,134,15,6076,1.077600002,1.237600000,0.050200000,0.013200000
sample,generation,original,128,135,15,290,1.066912055,1.220000000,0.044600000,0.009500000
sample,generation,original,128,136,15,389,1.070304036,1.230800000,0.043600000,0.009200000
sample,generation,original,128,137,15,8104,1.074272037,1.248500000,0.044200000,0.009500000
sample,generation,original,128,138,15,287,1.135936022,1.316500000,0.119600000,0.049500000
sample,generation,original,128,139,15,262,1.095167994,1.270900000,0.070600000,0.024800000
sample,generation,original,128,140,15,1280,1.075871944,1.230700000,0.048600000,0.011000000
sample,generation,original,128,141,15,9151,1.078176022,1.240900000,0.044500000,0.009300000
sample,generation,original,128,142,15,13,1.097504020,1.268700000,0.063200000,0.026800000
sample,generation,original,128,143,15,383,1.110656023,1.317900000,0.087800000,0.032500000
sample,generation,original,512,512,0,558,1.314111948,1.551700000,0.042900000,0.009000000
sample,generation,original,512,513,0,272,1.367071986,1.548000000,0.103400000,0.038600000
sample,generation,original,512,514,0,837,1.350751996,1.519400000,0.073700000,0.026100000
sample,generation,original,512,515,0,351,1.334336042,1.496900000,0.061100000,0.016600000
sample,generation,original,512,516,0,257,1.322271943,1.892900000,0.044600000,0.009200000
sample,generation,original,512,517,0,1767,1.389024019,1.564600000,0.112300000,0.040700000
sample,generation,original,512,518,0,4129,1.329471946,1.475800000,0.046700000,0.010900000
sample,generation,original,512,519,0,510,1.319007993,1.476500000,0.043300000,0.008800000
sample,generation,original,512,520,0,284,1.324576020,1.742300000,0.052600000,0.009600000
sample,generation,original,512,521,0,3126,1.342656016,1.499200000,0.064700000,0.017800000
sample,generation,original,512,522,0,1247,1.331840038,1.480100000,0.045500000,0.010400000
sample,generation,original,512,523,0,38813,1.326560020,1.486500000,0.042600000,0.008700000
sample,generation,original,512,524,0,411,1.329023957,1.535100000,0.064800000,0.008700000
sample,generation,original,512,525,0,357,1.359967947,1.515300000,0.068100000,0.019600000
sample,generation,original,512,526,0,1987,1.337823987,1.487900000,0.045300000,0.010600000
sample,generation,original,512,527,0,287,1.324447989,1.483900000,0.042000000,0.008700000
sample,generation,ordered4,512,512,0,558,1.617184043,1.759700000,0.055700000,0.013400000
sample,generation,ordered4,512,513,0,272,1.618592024,1.764800000,0.043300000,0.009000000
sample,generation,ordered4,512,514,0,837,1.620064020,1.809800000,0.042300000,0.008600000
sample,generation,ordered4,512,515,0,351,1.644415975,1.806200000,0.074800000,0.027400000
sample,generation,ordered4,512,516,0,257,1.622751951,1.769900000,0.046200000,0.010200000
sample,generation,ordered4,512,517,0,1767,1.620928049,1.834200000,0.043300000,0.008600000
sample,generation,ordered4,512,518,0,4129,1.666751981,1.885700000,0.103500000,0.032600000
sample,generation,ordered4,512,519,0,510,1.654943943,1.818100000,0.082200000,0.030000000
sample,generation,ordered4,512,520,0,284,1.624959946,1.840800000,0.046100000,0.009500000
sample,generation,ordered4,512,521,0,3126,1.658911943,1.835000000,0.087700000,0.027500000
sample,generation,ordered4,512,522,0,1247,1.657951951,1.810800000,0.077000000,0.028200000
sample,generation,ordered4,512,523,0,38813,1.627840042,1.776400000,0.045300000,0.008900000
sample,generation,ordered4,512,524,0,411,1.628864050,1.952400000,0.043000000,0.008700000
sample,generation,ordered4,512,525,0,357,1.738432050,1.995100000,0.198900000,0.075000000
sample,generation,ordered4,512,526,0,1987,1.691328049,1.927800000,0.126200000,0.043100000
sample,generation,ordered4,512,527,0,287,1.685152054,1.932000000,0.119000000,0.039900000
sample,generation,ordered4,512,512,1,558,1.638048053,1.830900000,0.080000000,0.026300000
sample,generation,ordered4,512,513,1,272,1.648576021,1.843500000,0.077500000,0.023000000
sample,generation,ordered4,512,514,1,837,1.654656053,1.853500000,0.083200000,0.032400000
sample,generation,ordered4,512,515,1,351,1.642815948,1.810800000,0.077600000,0.023100000
sample,generation,ordered4,512,516,1,257,1.626016021,1.873100000,0.051800000,0.012800000
sample,generation,ordered4,512,517,1,1767,1.805503964,1.993900000,0.140100000,0.034300000
sample,generation,ordered4,512,518,1,4129,1.655776024,1.810100000,0.088400000,0.030400000
sample,generation,ordered4,512,519,1,510,1.642591953,1.825300000,0.066800000,0.019700000
sample,generation,ordered4,512,520,1,284,1.648736000,1.818000000,0.071300000,0.025100000
sample,generation,ordered4,512,521,1,3126,1.638847947,1.803700000,0.058500000,0.016100000
sample,generation,ordered4,512,522,1,1247,1.649503946,1.807500000,0.065300000,0.021600000
sample,generation,ordered4,512,523,1,38813,1.632799983,1.815100000,0.047400000,0.011800000
sample,generation,ordered4,512,524,1,411,1.670879960,1.835900000,0.090600000,0.035600000
sample,generation,ordered4,512,525,1,357,1.634400010,1.783300000,0.047300000,0.011000000
sample,generation,ordered4,512,526,1,1987,1.635648012,1.801800000,0.045000000,0.008800000
sample,generation,ordered4,512,527,1,287,1.648383975,1.889300000,0.085500000,0.020400000
sample,generation,original,512,512,1,558,1.324640036,1.477400000,0.075200000,0.015400000
sample,generation,original,512,513,1,272,1.322911978,1.560400000,0.043200000,0.008800000
sample,generation,original,512,514,1,837,1.368288040,1.543300000,0.100800000,0.036800000
sample,generation,original,512,515,1,351,1.345216036,1.500300000,0.071300000,0.025700000
sample,generation,original,512,516,1,257,1.321151972,1.472200000,0.043600000,0.008900000
sample,generation,original,512,517,1,1767,1.323456049,1.837700000,0.042100000,0.008500000
sample,generation,original,512,518,1,4129,1.352128029,1.531100000,0.103300000,0.024000000
sample,generation,original,512,519,1,510,1.345119953,1.513100000,0.069600000,0.022700000
sample,generation,original,512,520,1,284,1.333119988,1.487800000,0.054900000,0.014000000
sample,generation,original,512,521,1,3126,1.325343966,1.525600000,0.043600000,0.008900000
sample,generation,original,512,522,1,1247,1.353600025,1.518100000,0.080900000,0.022300000
sample,generation,original,512,523,1,38813,1.328832030,1.481700000,0.048200000,0.011300000
sample,generation,original,512,524,1,411,1.327520013,1.501900000,0.045100000,0.009600000
sample,generation,original,512,525,1,357,1.332895994,1.503100000,0.044400000,0.009800000
sample,generation,original,512,526,1,1987,1.359295964,1.522300000,0.076100000,0.024500000
sample,generation,original,512,527,1,287,1.329696059,1.496600000,0.047400000,0.012100000
sample,generation,original,512,512,2,558,1.316319942,1.498400000,0.049100000,0.008500000
sample,generation,original,512,513,2,272,1.355679989,1.538900000,0.091100000,0.032100000
sample,generation,original,512,514,2,837,1.327744007,1.504500000,0.059800000,0.010600000
sample,generation,original,512,515,2,351,1.348896027,1.512600000,0.080900000,0.027100000
sample,generation,original,512,516,2,257,1.325279951,1.546900000,0.048500000,0.011600000
sample,generation,original,512,517,2,1767,1.368607998,1.540300000,0.099300000,0.037000000
sample,generation,original,512,518,2,4129,1.328032017,1.487900000,0.047000000,0.010200000
sample,generation,original,512,519,2,510,1.335999966,1.520800000,0.060000000,0.017200000
sample,generation,original,512,520,2,284,1.326336026,1.787700000,0.049300000,0.010000000
sample,generation,original,512,521,2,3126,1.370720029,1.535200000,0.095600000,0.033800000
sample,generation,original,512,522,2,1247,1.328415990,1.477500000,0.045100000,0.010000000
sample,generation,original,512,523,2,38813,1.325664043,1.477300000,0.043100000,0.008600000
sample,generation,original,512,524,2,411,1.331071973,1.535700000,0.052200000,0.009300000
sample,generation,original,512,525,2,357,1.349792004,1.508600000,0.066600000,0.019600000
sample,generation,original,512,526,2,1987,1.335711956,1.491300000,0.046000000,0.010100000
sample,generation,original,512,527,2,287,1.325728059,1.773500000,0.044500000,0.009200000
sample,generation,ordered4,512,512,2,558,1.629312038,1.790700000,0.064800000,0.019200000
sample,generation,ordered4,512,513,2,272,1.622688055,1.779800000,0.049400000,0.011300000
sample,generation,ordered4,512,514,2,837,1.623232007,1.783100000,0.049000000,0.010800000
sample,generation,ordered4,512,515,2,351,1.624927998,1.779900000,0.054100000,0.014700000
sample,generation,ordered4,512,516,2,257,1.620512009,1.777300000,0.045300000,0.010100000
sample,generation,ordered4,512,517,2,1767,1.626368046,1.796700000,0.050700000,0.012400000
sample,generation,ordered4,512,518,2,4129,1.634400010,1.797700000,0.058000000,0.016900000
sample,generation,ordered4,512,519,2,510,1.630175948,1.816800000,0.053500000,0.014700000
sample,generation,ordered4,512,520,2,284,1.657888055,1.853300000,0.080800000,0.029300000
sample,generation,ordered4,512,521,2,3126,1.654207945,1.828500000,0.074300000,0.024900000
sample,generation,ordered4,512,522,2,1247,1.650112033,1.825100000,0.067100000,0.019800000
sample,generation,ordered4,512,523,2,38813,1.634367943,1.802900000,0.057000000,0.013200000
sample,generation,ordered4,512,524,2,411,1.638048053,1.876200000,0.058400000,0.013700000
sample,generation,ordered4,512,525,2,357,1.688959956,1.868100000,0.123100000,0.043600000
sample,generation,ordered4,512,526,2,1987,1.653663993,1.808000000,0.063000000,0.018700000
sample,generation,ordered4,512,527,2,287,1.639711976,2.098600000,0.045300000,0.009300000
sample,generation,ordered4,512,512,3,558,1.610432029,1.763200000,0.043400000,0.009300000
sample,generation,ordered4,512,513,3,272,1.619295955,1.793100000,0.046700000,0.009200000
sample,generation,ordered4,512,514,3,837,1.625568032,1.792700000,0.047500000,0.011800000
sample,generation,ordered4,512,515,3,351,1.623360038,2.046700000,0.054100000,0.012400000
sample,generation,ordered4,512,516,3,257,1.630496025,1.837800000,0.064600000,0.015300000
sample,generation,ordered4,512,517,3,1767,1.639840007,1.804300000,0.067500000,0.020900000
sample,generation,ordered4,512,518,3,4129,1.639711976,1.792000000,0.064300000,0.019700000
sample,generation,ordered4,512,519,3,510,1.627616048,1.781500000,0.049600000,0.012600000
sample,generation,ordered4,512,520,3,284,1.624415994,1.800500000,0.044600000,0.009700000
sample,generation,ordered4,512,521,3,3126,1.669600010,1.842600000,0.091100000,0.037200000
sample,generation,ordered4,512,522,3,1247,1.637791991,1.803000000,0.053700000,0.013800000
sample,generation,ordered4,512,523,3,38813,1.637408018,1.905000000,0.167500000,0.014200000
sample,generation,ordered4,512,524,3,411,1.757248044,1.976700000,0.213200000,0.094800000
sample,generation,ordered4,512,525,3,357,1.673215985,1.838500000,0.091500000,0.034900000
sample,generation,ordered4,512,526,3,1987,1.639232039,1.832800000,0.050800000,0.011800000
sample,generation,ordered4,512,527,3,287,1.650879979,1.811900000,0.065800000,0.020900000
sample,generation,original,512,512,3,558,1.318431973,1.785800000,0.059600000,0.011900000
sample,generation,original,512,513,3,272,1.323680043,1.756800000,0.055100000,0.009300000
sample,generation,original,512,514,3,837,1.324800014,1.648200000,0.051300000,0.008900000
sample,generation,original,512,515,3,351,1.329216003,1.786600000,0.044400000,0.008300000
sample,generation,original,512,516,3,257,1.320512056,1.540200000,0.048800000,0.008300000
sample,generation,original,512,517,3,1767,1.340543985,1.797900000,0.068400000,0.018100000
sample,generation,original,512,518,3,4129,1.345952034,1.838700000,0.070900000,0.018700000
sample,generation,original,512,519,3,510,1.334624052,1.785100000,0.089000000,0.017600000
sample,generation,original,512,520,3,284,1.335039973,1.519800000,0.074700000,0.014500000
sample,generation,original,512,521,3,3126,1.356320024,1.778400000,0.091900000,0.027500000
sample,generation,original,512,522,3,1247,1.340512037,1.772500000,0.063500000,0.015500000
sample,generation,original,512,523,3,38813,1.328672051,1.797400000,0.051500000,0.009000000
sample,generation,original,512,524,3,411,1.328415990,1.754900000,0.059500000,0.009500000
sample,generation,original,512,525,3,357,1.332576036,1.496300000,0.050200000,0.008800000
sample,generation,original,512,526,3,1987,1.334400058,1.796800000,0.049600000,0.009000000
sample,generation,original,512,527,3,287,1.326336026,1.558100000,0.052100000,0.009800000
sample,generation,original,512,512,4,558,1.315456033,1.473600000,0.048400000,0.008700000
sample,generation,original,512,513,4,272,1.323519945,1.753000000,0.048200000,0.008400000
sample,generation,original,512,514,4,837,1.324159980,1.484000000,0.050300000,0.009000000
sample,generation,original,512,515,4,351,1.318016052,1.679200000,0.049900000,0.008300000
sample,generation,original,512,516,4,257,1.350559950,1.830700000,0.089400000,0.024800000
sample,generation,original,512,517,4,1767,1.347296000,1.660600000,0.074200000,0.021400000
sample,generation,original,512,518,4,4129,1.371008039,1.549400000,0.116700000,0.036200000
sample,generation,original,512,519,4,510,1.331871986,1.486800000,0.056600000,0.015900000
sample,generation,original,512,520,4,284,1.323616028,1.474400000,0.043600000,0.008700000
sample,generation,original,512,521,4,3126,1.329056025,1.533500000,0.043500000,0.008800000
sample,generation,original,512,522,4,1247,1.346560001,1.511600000,0.061000000,0.018800000
sample,generation,original,512,523,4,38813,1.326400042,1.478800000,0.046600000,0.009500000
sample,generation,original,512,524,4,411,1.328832030,1.483300000,0.042900000,0.009000000
sample,generation,original,512,525,4,357,1.332416058,1.510300000,0.045100000,0.008900000
sample,generation,original,512,526,4,1987,1.361984015,1.530300000,0.076800000,0.026300000
sample,generation,original,512,527,4,287,1.326784015,1.753900000,0.048100000,0.011000000
sample,generation,ordered4,512,512,4,558,1.632832050,1.809000000,0.076700000,0.018600000
sample,generation,ordered4,512,513,4,272,1.619871974,1.798200000,0.046200000,0.009600000
sample,generation,ordered4,512,514,4,837,1.621952057,2.075600000,0.048700000,0.009000000
sample,generation,ordered4,512,515,4,351,1.629855990,1.801100000,0.067300000,0.014800000
sample,generation,ordered4,512,516,4,257,1.627936006,1.801700000,0.054500000,0.013400000
sample,generation,ordered4,512,517,4,1767,1.625695944,1.786800000,0.047800000,0.011100000
sample,generation,ordered4,512,518,4,4129,1.628031969,1.787200000,0.046800000,0.010200000
sample,generation,ordered4,512,519,4,510,1.641919971,1.835100000,0.070700000,0.020000000
sample,generation,ordered4,512,520,4,284,1.643936038,2.003800000,0.072300000,0.020000000
sample,generation,ordered4,512,521,4,3126,1.726047993,1.938100000,0.171700000,0.070200000
sample,generation,ordered4,512,522,4,1247,1.676416039,1.842900000,0.100700000,0.038300000
sample,generation,ordered4,512,523,4,38813,1.630624056,1.791100000,0.050300000,0.012100000
sample,generation,ordered4,512,524,4,411,1.630144000,1.798900000,0.045100000,0.009800000
sample,generation,ordered4,512,525,4,357,1.643615961,1.812600000,0.054800000,0.015300000
sample,generation,ordered4,512,526,4,1987,1.638048053,1.792500000,0.047300000,0.010300000
sample,generation,ordered4,512,527,4,287,1.634080052,1.789900000,0.046300000,0.010200000
sample,generation,ordered4,512,512,5,558,1.612287998,1.777600000,0.044100000,0.009000000
sample,generation,ordered4,512,513,5,272,1.620800018,1.834200000,0.047400000,0.010900000
sample,generation,ordered4,512,514,5,837,1.688735962,1.876500000,0.128100000,0.053000000
sample,generation,ordered4,512,515,5,351,1.650688052,1.810700000,0.084000000,0.031800000
sample,generation,ordered4,512,516,5,257,1.624575973,1.822200000,0.048000000,0.010500000
sample,generation,ordered4,512,517,5,1767,1.628607988,2.126900000,0.047500000,0.009900000
sample,generation,ordered4,512,518,5,4129,1.703199983,1.904400000,0.173900000,0.055600000
sample,generation,ordered4,512,519,5,510,1.682911992,1.851600000,0.113500000,0.046600000
sample,generation,ordered4,512,520,5,284,1.637984037,1.907100000,0.058300000,0.016000000
sample,generation,ordered4,512,521,5,3126,1.672031999,1.845600000,0.106200000,0.035200000
sample,generation,ordered4,512,522,5,1247,1.654816031,1.827400000,0.072200000,0.023700000
sample,generation,ordered4,512,523,5,38813,1.647328019,1.909100000,0.067500000,0.019200000
sample,generation,ordered4,512,524,5,411,1.677312016,1.911300000,0.104800000,0.037600000
sample,generation,ordered4,512,525,5,357,1.679487944,1.932500000,0.106100000,0.039200000
sample,generation,ordered4,512,526,5,1987,1.651999950,2.002300000,0.103300000,0.019300000
sample,generation,ordered4,512,527,5,287,1.685279965,1.915800000,0.121500000,0.043100000
sample,generation,original,512,512,5,558,1.313472033,1.468300000,0.043900000,0.009100000
sample,generation,original,512,513,5,272,1.322623968,1.520800000,0.045700000,0.009800000
sample,generation,original,512,514,5,837,1.322399974,1.550100000,0.048800000,0.010400000
sample,generation,original,512,515,5,351,1.332064033,1.518100000,0.069500000,0.017200000
sample,generation,original,512,516,5,257,1.320639968,1.473800000,0.045900000,0.010100000
sample,generation,original,512,517,5,1767,1.325376034,1.493700000,0.044700000,0.009200000
sample,generation,original,512,518,5,4129,1.327936053,1.529200000,0.048600000,0.009500000
sample,generation,original,512,519,5,510,1.344959974,1.509300000,0.064100000,0.016300000
sample,generation,original,512,520,5,284,1.329632044,1.485200000,0.055400000,0.012700000
sample,generation,original,512,521,5,3126,1.324767947,1.559200000,0.044700000,0.009100000
sample,generation,original,512,522,5,1247,1.379135966,1.808400000,0.056900000,0.010500000
sample,generation,original,512,523,5,38813,1.331743956,1.764700000,0.056600000,0.012900000
sample,generation,original,512,524,5,411,1.329983950,1.483000000,0.055800000,0.012000000
sample,generation,original,512,525,5,357,1.329120040,1.486500000,0.043600000,0.008900000
sample,generation,original,512,526,5,1987,1.335775971,1.496800000,0.048900000,0.010300000
sample,generation,original,512,527,5,287,1.346047997,1.509600000,0.064700000,0.022200000
sample,generation,original,512,512,6,558,1.314048052,1.504900000,0.043900000,0.009000000
sample,generation,original,512,513,6,272,1.319776058,1.478800000,0.042700000,0.009100000
sample,generation,original,512,514,6,837,1.324383974,1.488500000,0.044800000,0.009200000
sample,generation,original,512,515,6,351,1.324959993,1.481200000,0.050500000,0.012900000
sample,generation,original,512,516,6,257,1.321984053,1.496900000,0.044600000,0.009100000
sample,generation,original,512,517,6,1767,1.338111997,1.563700000,0.057800000,0.017000000
sample,generation,original,512,518,6,4129,1.372383952,1.553700000,0.097400000,0.039700000
sample,generation,original,512,519,6,510,1.341312051,1.496200000,0.065500000,0.020700000
sample,generation,original,512,520,6,284,1.325952053,1.485400000,0.049100000,0.010900000
sample,generation,original,512,521,6,3126,1.333055973,1.507500000,0.046800000,0.011700000
sample,generation,original,512,522,6,1247,1.336192012,1.546500000,0.054700000,0.016400000
sample,generation,original,512,523,6,38813,1.384415984,1.599100000,0.115700000,0.045900000
sample,generation,original,512,524,6,411,1.384575963,1.556900000,0.114600000,0.044700000
sample,generation,original,512,525,6,357,1.341984034,1.530300000,0.055500000,0.014800000
sample,generation,original,512,526,6,1987,1.368255973,1.536600000,0.091400000,0.029400000
sample,generation,original,512,527,6,287,1.352159977,1.510000000,0.065300000,0.021200000
sample,generation,ordered4,512,512,6,558,1.616768003,1.781500000,0.054700000,0.010600000
sample,generation,ordered4,512,513,6,272,1.625632048,1.799600000,0.057500000,0.012900000
sample,generation,ordered4,512,514,6,837,1.628640056,1.801900000,0.056100000,0.012500000
sample,generation,ordered4,512,515,6,351,1.618528008,1.785200000,0.048900000,0.008800000
sample,generation,ordered4,512,516,6,257,1.620831966,1.802500000,0.057900000,0.009400000
sample,generation,ordered4,512,517,6,1767,1.644255996,2.072800000,0.073800000,0.022800000
sample,generation,ordered4,512,518,6,4129,1.626623988,2.070600000,0.053800000,0.009400000
sample,generation,ordered4,512,519,6,510,1.622560024,1.803300000,0.044300000,0.008700000
sample,generation,ordered4,512,520,6,284,1.626176000,1.776700000,0.046400000,0.010200000
sample,generation,ordered4,512,521,6,3126,1.627679944,1.785400000,0.044700000,0.009800000
sample,generation,ordered4,512,522,6,1247,1.634176016,1.796000000,0.044600000,0.010400000
sample,generation,ordered4,512,523,6,38813,1.626623988,1.781600000,0.046900000,0.010600000
sample,generation,ordered4,512,524,6,411,1.629536033,1.787400000,0.044800000,0.009200000
sample,generation,ordered4,512,525,6,357,1.638527989,1.901600000,0.054300000,0.014600000
sample,generation,ordered4,512,526,6,1987,1.676159978,1.975400000,0.110100000,0.033600000
sample,generation,ordered4,512,527,6,287,1.723744035,1.910800000,0.156500000,0.068200000
sample,generation,ordered4,512,512,7,558,1.612704039,1.772300000,0.051500000,0.009300000
sample,generation,ordered4,512,513,7,272,1.619968057,1.818800000,0.044600000,0.009400000
sample,generation,ordered4,512,514,7,837,1.645472050,1.851200000,0.074900000,0.023400000
sample,generation,ordered4,512,515,7,351,1.673120022,1.853100000,0.114400000,0.043400000
sample,generation,ordered4,512,516,7,257,1.649343967,1.811100000,0.078900000,0.029300000
sample,generation,ordered4,512,517,7,1767,1.625471950,1.784000000,0.047800000,0.010400000
sample,generation,ordered4,512,518,7,4129,1.644000053,1.813200000,0.063900000,0.018600000
sample,generation,ordered4,512,519,7,510,1.631327987,1.785400000,0.054800000,0.015900000
sample,generation,ordered4,512,520,7,284,1.628864050,1.777900000,0.048600000,0.011900000
sample,generation,ordered4,512,521,7,3126,1.627583981,1.813000000,0.042600000,0.009000000
sample,generation,ordered4,512,522,7,1247,1.654528022,1.812000000,0.069300000,0.023900000
sample,generation,ordered4,512,523,7,38813,1.632863998,1.784800000,0.045100000,0.009700000
sample,generation,ordered4,512,524,7,411,1.628800035,1.789000000,0.044400000,0.008800000
sample,generation,ordered4,512,525,7,357,1.639008045,1.831700000,0.047900000,0.012200000
sample,generation,ordered4,512,526,7,1987,1.681344032,1.848900000,0.104100000,0.035700000
sample,generation,ordered4,512,527,7,287,1.652672052,1.826300000,0.066200000,0.017100000
sample,generation,original,512,512,7,558,1.315583944,1.505100000,0.048600000,0.008500000
sample,generation,original,512,513,7,272,1.321503997,1.781400000,0.049000000,0.008200000
sample,generation,original,512,514,7,837,1.323007941,1.780700000,0.049500000,0.008500000
sample,generation,original,512,515,7,351,1.319967985,1.712500000,0.049400000,0.008900000
sample,generation,original,512,516,7,257,1.330240011,1.799300000,0.058800000,0.012800000
sample,generation,original,512,517,7,1767,1.327487946,1.798800000,0.052200000,0.008700000
sample,generation,original,512,518,7,4129,1.325791955,1.702100000,0.057100000,0.008000000
sample,generation,original,512,519,7,510,1.321151972,1.483600000,0.048400000,0.008500000
sample,generation,original,512,520,7,284,1.324319959,1.789800000,0.051700000,0.009600000
sample,generation,original,512,521,7,3126,1.326367974,1.795100000,0.049900000,0.008400000
sample,generation,original,512,522,7,1247,1.329759955,1.676800000,0.056800000,0.010100000
sample,generation,original,512,523,7,38813,1.367712021,1.871500000,0.106000000,0.028500000
sample,generation,original,512,524,7,411,1.347967982,1.828000000,0.072900000,0.020800000
sample,generation,original,512,525,7,357,1.331871986,1.513800000,0.052000000,0.008800000
sample,generation,original,512,526,7,1987,1.335423946,1.796500000,0.054600000,0.009800000
sample,generation,original,512,527,7,287,1.327584028,1.481800000,0.052100000,0.008900000
sample,generation,original,512,512,8,558,1.313984036,1.592100000,0.056100000,0.008400000
sample,generation,original,512,513,8,272,1.334112048,1.541000000,0.061500000,0.018700000
sample,generation,original,512,514,8,837,1.327424049,1.476700000,0.048200000,0.011600000
sample,generation,original,512,515,8,351,1.321535945,1.533400000,0.044800000,0.009400000
sample,generation,original,512,516,8,257,1.347936034,1.535300000,0.071400000,0.021600000
sample,generation,original,512,517,8,1767,1.344159961,1.790400000,0.099700000,0.023500000
sample,generation,original,512,518,8,4129,1.340191960,1.751400000,0.068400000,0.015900000
sample,generation,original,512,519,8,510,1.320832014,1.566900000,0.049400000,0.009000000
sample,generation,original,512,520,8,284,1.356063962,1.574100000,0.091500000,0.028400000
sample,generation,original,512,521,8,3126,1.360576034,1.532400000,0.084800000,0.031700000
sample,generation,original,512,522,8,1247,1.330976009,1.490200000,0.047200000,0.010500000
sample,generation,original,512,523,8,38813,1.328544021,1.792400000,0.048800000,0.009100000
sample,generation,original,512,524,8,411,1.346016049,1.638500000,0.077600000,0.019900000
sample,generation,original,512,525,8,357,1.333727956,1.487400000,0.048500000,0.011600000
sample,generation,original,512,526,8,1987,1.334175944,1.483100000,0.042500000,0.008700000
sample,generation,original,512,527,8,287,1.324095964,1.762800000,0.041700000,0.008200000
sample,generation,ordered4,512,512,8,558,1.611199975,2.056300000,0.053600000,0.009000000
sample,generation,ordered4,512,513,8,272,1.621376038,2.057800000,0.052000000,0.008700000
sample,generation,ordered4,512,514,8,837,1.621600032,1.791400000,0.051800000,0.008800000
sample,generation,ordered4,512,515,8,351,1.619040012,1.805800000,0.047800000,0.008300000
sample,generation,ordered4,512,516,8,257,1.617280006,2.050700000,0.048000000,0.008600000
sample,generation,ordered4,512,517,8,1767,1.623039961,1.800400000,0.049100000,0.008800000
sample,generation,ordered4,512,518,8,4129,1.635488033,1.793900000,0.054800000,0.016700000
sample,generation,ordered4,512,519,8,510,1.626240015,2.052300000,0.047000000,0.010600000
sample,generation,ordered4,512,520,8,284,1.626111984,1.867600000,0.053400000,0.010500000
sample,generation,ordered4,512,521,8,3126,1.651327968,1.810100000,0.071800000,0.022500000
sample,generation,ordered4,512,522,8,1247,1.637727976,1.941800000,0.071800000,0.013400000
sample,generation,ordered4,512,523,8,38813,1.635424018,1.803800000,0.057000000,0.013200000
sample,generation,ordered4,512,524,8,411,1.631680012,1.780600000,0.045700000,0.010600000
sample,generation,ordered4,512,525,8,357,1.635776043,1.803800000,0.042900000,0.008800000
sample,generation,ordered4,512,526,8,1987,1.634783983,2.071500000,0.047600000,0.008400000
sample,generation,ordered4,512,527,8,287,1.636896014,2.071400000,0.052500000,0.010900000
sample,generation,ordered4,512,512,9,558,1.615167975,1.793800000,0.057800000,0.011200000
sample,generation,ordered4,512,513,9,272,1.618463993,2.081500000,0.053700000,0.009200000
sample,generation,ordered4,512,514,9,837,1.619392037,1.788400000,0.048000000,0.008300000
sample,generation,ordered4,512,515,9,351,1.616384029,1.772300000,0.048900000,0.008700000
sample,generation,ordered4,512,516,9,257,1.619743943,1.779000000,0.052000000,0.008900000
sample,generation,ordered4,512,517,9,1767,1.623711944,1.783200000,0.046800000,0.008400000
sample,generation,ordered4,512,518,9,4129,1.622688055,1.986700000,0.047700000,0.008300000
sample,generation,ordered4,512,519,9,510,1.647904038,2.110100000,0.083600000,0.022600000
sample,generation,ordered4,512,520,9,284,1.639999986,2.091300000,0.067300000,0.016800000
sample,generation,ordered4,512,521,9,3126,1.632096052,2.101300000,0.061000000,0.010600000
sample,generation,ordered4,512,522,9,1247,1.653056026,2.064100000,0.063600000,0.010000000
sample,generation,ordered4,512,523,9,38813,1.632447958,1.817500000,0.053700000,0.011000000
sample,generation,ordered4,512,524,9,411,1.651008010,2.046700000,0.079900000,0.018700000
sample,generation,ordered4,512,525,9,357,1.638720036,1.858300000,0.052000000,0.011700000
sample,generation,ordered4,512,526,9,1987,1.652959943,2.032400000,0.065800000,0.018900000
sample,generation,ordered4,512,527,9,287,1.659744024,1.876200000,0.092000000,0.024300000
sample,generation,original,512,512,9,558,1.358432055,1.601700000,0.102600000,0.034300000
sample,generation,original,512,513,9,272,1.338495970,1.493600000,0.069300000,0.019500000
sample,generation,original,512,514,9,837,1.331552029,1.615100000,0.068000000,0.012400000
sample,generation,original,512,515,9,351,1.337440014,1.775300000,0.072500000,0.015600000
sample,generation,original,512,516,9,257,1.330240011,1.665200000,0.062500000,0.012400000
sample,generation,original,512,517,9,1767,1.324704051,1.523900000,0.046200000,0.009100000
sample,generation,original,512,518,9,4129,1.348608017,1.547300000,0.077700000,0.020600000
sample,generation,original,512,519,9,510,1.362879992,1.551400000,0.092800000,0.029900000
sample,generation,original,512,520,9,284,1.336863995,1.502700000,0.078400000,0.016300000
sample,generation,original,512,521,9,3126,1.328575969,1.611300000,0.050400000,0.008900000
sample,generation,original,512,522,9,1247,1.336063981,1.517500000,0.057900000,0.012300000
sample,generation,original,512,523,9,38813,1.351071954,1.672800000,0.066100000,0.012100000
sample,generation,original,512,524,9,411,1.329504013,1.488800000,0.051600000,0.009000000
sample,generation,original,512,525,9,357,1.331519961,1.749700000,0.043100000,0.008100000
sample,generation,original,512,526,9,1987,1.341856003,1.789300000,0.055600000,0.011600000
sample,generation,original,512,527,9,287,1.327679992,1.797200000,0.052500000,0.010400000
sample,generation,original,512,512,10,558,1.314175963,1.742600000,0.049300000,0.008700000
sample,generation,original,512,513,10,272,1.321696043,1.743400000,0.053400000,0.009300000
sample,generation,original,512,514,10,837,1.324704051,1.757600000,0.050000000,0.009100000
sample,generation,original,512,515,10,351,1.319424033,1.741000000,0.049000000,0.008500000
sample,generation,original,512,516,10,257,1.321087956,1.754800000,0.049500000,0.008700000
sample,generation,original,512,517,10,1767,1.326975942,1.529900000,0.049400000,0.008800000
sample,generation,original,512,518,10,4129,1.353888035,1.550600000,0.078000000,0.026400000
sample,generation,original,512,519,10,510,1.342079997,1.506500000,0.063300000,0.019900000
sample,generation,original,512,520,10,284,1.327455997,1.482000000,0.050100000,0.012600000
sample,generation,original,512,521,10,3126,1.327775955,1.495600000,0.045300000,0.009700000
sample,generation,original,512,522,10,1247,1.329759955,1.483700000,0.047000000,0.010800000
sample,generation,original,512,523,10,38813,1.329952002,1.845500000,0.046600000,0.011000000
sample,generation,original,512,524,10,411,1.333791971,1.502600000,0.050800000,0.012600000
sample,generation,original,512,525,10,357,1.343392015,1.501800000,0.056600000,0.016400000
sample,generation,original,512,526,10,1987,1.335551977,1.490700000,0.043500000,0.009200000
sample,generation,original,512,527,10,287,1.326176047,1.761400000,0.043400000,0.008900000
sample,generation,ordered4,512,512,10,558,1.611807942,2.008000000,0.051600000,0.008600000
sample,generation,ordered4,512,513,10,272,1.627807975,2.022000000,0.067300000,0.015000000
sample,generation,ordered4,512,514,10,837,1.694399953,1.901300000,0.159900000,0.057900000
sample,generation,ordered4,512,515,10,351,1.623808026,1.790500000,0.052900000,0.014100000
sample,generation,ordered4,512,516,10,257,1.632928014,1.810900000,0.055400000,0.016500000
sample,generation,ordered4,512,517,10,1767,1.628288031,1.780500000,0.050300000,0.013300000
sample,generation,ordered4,512,518,10,4129,1.624320030,1.784300000,0.043800000,0.008800000
sample,generation,ordered4,512,519,10,510,1.624799967,1.785000000,0.044800000,0.009400000
sample,generation,ordered4,512,520,10,284,1.626464009,1.782500000,0.046700000,0.010200000
sample,generation,ordered4,512,521,10,3126,1.630848050,1.807600000,0.044100000,0.009100000
sample,generation,ordered4,512,522,10,1247,1.631615996,2.102000000,0.043800000,0.009500000
sample,generation,ordered4,512,523,10,38813,1.641247988,2.096900000,0.073100000,0.017500000
sample,generation,ordered4,512,524,10,411,1.642112017,2.128100000,0.064400000,0.016500000
sample,generation,ordered4,512,525,10,357,1.632511973,1.831900000,0.051600000,0.008700000
sample,generation,ordered4,512,526,10,1987,1.645856023,1.861700000,0.066500000,0.018300000
sample,generation,ordered4,512,527,10,287,1.633056045,1.785700000,0.043300000,0.009600000
sample,generation,ordered4,512,512,11,558,1.610911965,1.762600000,0.045600000,0.009800000
sample,generation,ordered4,512,513,11,272,1.621919990,1.781200000,0.043000000,0.008900000
sample,generation,ordered4,512,514,11,837,1.626656055,1.799000000,0.051000000,0.013000000
sample,generation,ordered4,512,515,11,351,1.622688055,1.783700000,0.054800000,0.011400000
sample,generation,ordered4,512,516,11,257,1.620512009,1.781800000,0.049900000,0.009200000
sample,generation,ordered4,512,517,11,1767,1.622527957,2.044500000,0.050300000,0.008800000
sample,generation,ordered4,512,518,11,4129,1.641759992,1.805200000,0.072400000,0.019600000
sample,generation,ordered4,512,519,11,510,1.624096036,1.788100000,0.053200000,0.008800000
sample,generation,ordered4,512,520,11,284,1.624608040,2.044600000,0.050100000,0.008300000
sample,generation,ordered4,512,521,11,3126,1.638592005,2.067200000,0.062300000,0.015200000
sample,generation,ordered4,512,522,11,1247,1.632351995,2.061300000,0.054000000,0.010200000
sample,generation,ordered4,512,523,11,38813,1.628607988,2.060300000,0.051500000,0.009800000
sample,generation,ordered4,512,524,11,411,1.632928014,1.799000000,0.052700000,0.010600000
sample,generation,ordered4,512,525,11,357,1.633407950,1.796900000,0.044900000,0.009400000
sample,generation,ordered4,512,526,11,1987,1.664415956,1.844700000,0.080100000,0.029200000
sample,generation,ordered4,512,527,11,287,1.653759956,1.829800000,0.071500000,0.024300000
sample,generation,original,512,512,11,558,1.313887954,1.476300000,0.044000000,0.008900000
sample,generation,original,512,513,11,272,1.321568012,1.479800000,0.052100000,0.009500000
sample,generation,original,512,514,11,837,1.323680043,1.754800000,0.048800000,0.008800000
sample,generation,original,512,515,11,351,1.334272027,1.781800000,0.069600000,0.020200000
sample,generation,original,512,516,11,257,1.322463989,1.647900000,0.048400000,0.010400000
sample,generation,original,512,517,11,1767,1.324607968,1.500400000,0.042900000,0.008200000
sample,generation,original,512,518,11,4129,1.328448057,1.704500000,0.053700000,0.010600000
sample,generation,original,512,519,11,510,1.321984053,1.534900000,0.043600000,0.008500000
sample,generation,original,512,520,11,284,1.324447989,1.817600000,0.050300000,0.008900000
sample,generation,original,512,521,11,3126,1.332000017,1.498000000,0.054900000,0.012100000
sample,generation,original,512,522,11,1247,1.331904054,1.485000000,0.047600000,0.011100000
sample,generation,original,512,523,11,38813,1.332672000,1.495500000,0.050500000,0.013000000
sample,generation,original,512,524,11,411,1.328608036,1.487900000,0.048200000,0.008600000
sample,generation,original,512,525,11,357,1.333184004,1.797200000,0.047400000,0.008200000
sample,generation,original,512,526,11,1987,1.335680008,1.658700000,0.050700000,0.009400000
sample,generation,original,512,527,11,287,1.369824052,1.772400000,0.104400000,0.036600000
sample,generation,original,512,512,12,558,1.323135972,1.772100000,0.071500000,0.015000000
sample,generation,original,512,513,12,272,1.333024025,1.802200000,0.067800000,0.014700000
sample,generation,original,512,514,12,837,1.322463989,1.808500000,0.052700000,0.009100000
sample,generation,original,512,515,12,351,1.317407966,1.757700000,0.051600000,0.008400000
sample,generation,original,512,516,12,257,1.341663957,1.514000000,0.069700000,0.020800000
sample,generation,original,512,517,12,1767,1.329120040,1.794300000,0.055000000,0.010100000
sample,generation,original,512,518,12,4129,1.327360034,1.760400000,0.051300000,0.009000000
sample,generation,original,512,519,12,510,1.321568012,1.515500000,0.048900000,0.008600000
sample,generation,original,512,520,12,284,1.329632044,1.792400000,0.055400000,0.011200000
sample,generation,original,512,521,12,3126,1.337599993,1.506900000,0.058700000,0.014500000
sample,generation,original,512,522,12,1247,1.330847979,1.754200000,0.050700000,0.008700000
sample,generation,original,512,523,12,38813,1.335999966,1.784800000,0.064900000,0.014000000
sample,generation,original,512,524,12,411,1.328799963,1.493700000,0.051800000,0.008600000
sample,generation,original,512,525,12,357,1.338559985,1.735100000,0.048800000,0.008100000
sample,generation,original,512,526,12,1987,1.334367990,1.503500000,0.049200000,0.009100000
sample,generation,original,512,527,12,287,1.327679992,1.489900000,0.048600000,0.009100000
sample,generation,ordered4,512,512,12,558,1.632320046,2.096500000,0.083000000,0.018900000
sample,generation,ordered4,512,513,12,272,1.619776011,2.088300000,0.054500000,0.008700000
sample,generation,ordered4,512,514,12,837,1.622560024,2.051700000,0.050400000,0.008200000
sample,generation,ordered4,512,515,12,351,1.635807991,1.797700000,0.066000000,0.017400000
sample,generation,ordered4,512,516,12,257,1.621791959,1.784300000,0.050100000,0.008700000
sample,generation,ordered4,512,517,12,1767,1.625983953,2.099800000,0.049800000,0.008400000
sample,generation,ordered4,512,518,12,4129,1.625151992,1.792900000,0.049400000,0.008700000
sample,generation,ordered4,512,519,12,510,1.626304030,1.790400000,0.052500000,0.010800000
sample,generation,ordered4,512,520,12,284,1.622975945,2.098400000,0.048900000,0.008500000
sample,generation,ordered4,512,521,12,3126,1.628927946,2.108700000,0.049200000,0.008400000
sample,generation,ordered4,512,522,12,1247,1.631232023,2.104600000,0.049700000,0.008400000
sample,generation,ordered4,512,523,12,38813,1.626880050,2.114700000,0.047900000,0.008100000
sample,generation,ordered4,512,524,12,411,1.632192016,2.103900000,0.049000000,0.008600000
sample,generation,ordered4,512,525,12,357,1.631999969,1.980400000,0.051000000,0.008300000
sample,generation,ordered4,512,526,12,1987,1.676864028,1.843400000,0.108400000,0.029900000
sample,generation,ordered4,512,527,12,287,1.637887955,1.862900000,0.052600000,0.010500000
sample,generation,ordered4,512,512,13,558,1.611807942,1.782800000,0.052800000,0.008900000
sample,generation,ordered4,512,513,13,272,1.628991961,2.100500000,0.059300000,0.013500000
sample,generation,ordered4,512,514,13,837,1.620959997,1.785300000,0.051000000,0.009000000
sample,generation,ordered4,512,515,13,351,1.616544008,1.801000000,0.048500000,0.008300000
sample,generation,ordered4,512,516,13,257,1.625663996,2.098600000,0.058100000,0.012400000
sample,generation,ordered4,512,517,13,1767,1.625408053,2.089100000,0.051800000,0.009600000
sample,generation,ordered4,512,518,13,4129,1.623999953,2.102200000,0.049600000,0.008300000
sample,generation,ordered4,512,519,13,510,1.631872058,2.068900000,0.057200000,0.012800000
sample,generation,ordered4,512,520,13,284,1.627295971,1.794700000,0.053600000,0.009500000
sample,generation,ordered4,512,521,13,3126,1.626240015,1.786200000,0.047200000,0.008800000
sample,generation,ordered4,512,522,13,1247,1.629888058,1.787200000,0.048200000,0.008400000
sample,generation,ordered4,512,523,13,38813,1.627871990,1.801400000,0.048600000,0.008800000
sample,generation,ordered4,512,524,13,411,1.645632029,1.863100000,0.070200000,0.018200000
sample,generation,ordered4,512,525,13,357,1.661407948,2.053800000,0.084900000,0.023100000
sample,generation,ordered4,512,526,13,1987,1.649055958,1.982700000,0.096400000,0.018100000
sample,generation,ordered4,512,527,13,287,1.642400026,1.956900000,0.067000000,0.016000000
sample,generation,original,512,512,13,558,1.337823987,1.520500000,0.083200000,0.024800000
sample,generation,original,512,513,13,272,1.332288027,1.773700000,0.078900000,0.015200000
sample,generation,original,512,514,13,837,1.328927994,1.499900000,0.053700000,0.010000000
sample,generation,original,512,515,13,351,1.322432041,1.918000000,0.107200000,0.009300000
sample,generation,original,512,516,13,257,1.336447954,1.504100000,0.067700000,0.017700000
sample,generation,original,512,517,13,1767,1.324895978,1.673200000,0.057400000,0.009000000
sample,generation,original,512,518,13,4129,1.326560020,1.501700000,0.047200000,0.008300000
sample,generation,original,512,519,13,510,1.323135972,1.786400000,0.051800000,0.008900000
sample,generation,original,512,520,13,284,1.322047949,1.796500000,0.050200000,0.008200000
sample,generation,original,512,521,13,3126,1.337183952,1.504000000,0.056100000,0.013200000
sample,generation,original,512,522,13,1247,1.330207944,1.748400000,0.050900000,0.008800000
sample,generation,original,512,523,13,38813,1.329056025,1.798200000,0.050500000,0.009800000
sample,generation,original,512,524,13,411,1.328959942,1.491300000,0.047100000,0.008400000
sample,generation,original,512,525,13,357,1.331423998,1.719000000,0.048200000,0.008200000
sample,generation,original,512,526,13,1987,1.334720016,1.494300000,0.048000000,0.008300000
sample,generation,original,512,527,13,287,1.325855970,1.789400000,0.047600000,0.008300000
sample,generation,original,512,512,14,558,1.314720035,1.473500000,0.047200000,0.008400000
sample,generation,original,512,513,14,272,1.347360015,1.494300000,0.071500000,0.026200000
sample,generation,original,512,514,14,837,1.327296019,1.829100000,0.048800000,0.009400000
sample,generation,original,512,515,14,351,1.343520045,1.818700000,0.083700000,0.020300000
sample,generation,original,512,516,14,257,1.323232055,1.784400000,0.057100000,0.009900000
sample,generation,original,512,517,14,1767,1.334975958,1.804600000,0.059100000,0.013800000
sample,generation,original,512,518,14,4129,1.327167988,1.490700000,0.049400000,0.008700000
sample,generation,original,512,519,14,510,1.320448041,1.748300000,0.048000000,0.008400000
sample,generation,original,512,520,14,284,1.334784031,1.800300000,0.057900000,0.016600000
sample,generation,original,512,521,14,3126,1.326943994,1.796200000,0.050100000,0.009000000
sample,generation,original,512,522,14,1247,1.329983950,1.806700000,0.049200000,0.008700000
sample,generation,original,512,523,14,38813,1.324000001,1.562700000,0.048600000,0.008400000
sample,generation,original,512,524,14,411,1.348736048,1.561500000,0.074400000,0.020700000
sample,generation,original,512,525,14,357,1.342111945,1.505200000,0.077400000,0.015400000
sample,generation,original,512,526,14,1987,1.335327983,1.492400000,0.048400000,0.008800000
sample,generation,original,512,527,14,287,1.326207995,1.793900000,0.048100000,0.008600000
sample,generation,ordered4,512,512,14,558,1.615072012,1.820300000,0.053700000,0.009500000
sample,generation,ordered4,512,513,14,272,1.639039993,1.810900000,0.069700000,0.018400000
sample,generation,ordered4,512,514,14,837,1.621088028,2.041500000,0.045700000,0.009000000
sample,generation,ordered4,512,515,14,351,1.622591972,1.894800000,0.055800000,0.010300000
sample,generation,ordered4,512,516,14,257,1.654144049,1.828500000,0.125900000,0.028000000
sample,generation,ordered4,512,517,14,1767,1.645215988,1.832300000,0.068400000,0.020900000
sample,generation,ordered4,512,518,14,4129,1.651136041,1.849400000,0.101600000,0.021700000
sample,generation,ordered4,512,519,14,510,1.681311965,1.867900000,0.111000000,0.049500000
sample,generation,ordered4,512,520,14,284,1.626399994,1.782300000,0.047900000,0.011900000
sample,generation,ordered4,512,521,14,3126,1.627936006,1.779900000,0.043600000,0.008600000
sample,generation,ordered4,512,522,14,1247,1.629824042,1.787300000,0.044900000,0.008800000
sample,generation,ordered4,512,523,14,38813,1.638751984,2.181000000,0.059100000,0.013000000
sample,generation,ordered4,512,524,14,411,1.638623953,1.851500000,0.067200000,0.015300000
sample,generation,ordered4,512,525,14,357,1.638847947,1.861500000,0.061800000,0.013600000
sample,generation,ordered4,512,526,14,1987,1.652032018,1.867600000,0.069500000,0.016700000
sample,generation,ordered4,512,527,14,287,1.652672052,1.811600000,0.067800000,0.019800000
sample,generation,ordered4,512,512,15,558,1.615200043,2.085200000,0.055900000,0.011600000
sample,generation,ordered4,512,513,15,272,1.618623972,2.088300000,0.050800000,0.008400000
sample,generation,ordered4,512,514,15,837,1.621727943,1.933800000,0.048500000,0.008600000
sample,generation,ordered4,512,515,15,351,1.633983970,2.090600000,0.067200000,0.018000000
sample,generation,ordered4,512,516,15,257,1.643551946,1.815700000,0.075600000,0.022000000
sample,generation,ordered4,512,517,15,1767,1.624704003,2.093900000,0.053400000,0.009500000
sample,generation,ordered4,512,518,15,4129,1.642879963,2.111200000,0.066500000,0.018000000
sample,generation,ordered4,512,519,15,510,1.624415994,2.102200000,0.052500000,0.009400000
sample,generation,ordered4,512,520,15,284,1.625792027,2.087800000,0.051600000,0.008500000
sample,generation,ordered4,512,521,15,3126,1.637856007,2.105000000,0.055000000,0.012000000
sample,generation,ordered4,512,522,15,1247,1.628800035,1.794100000,0.048400000,0.008700000
sample,generation,ordered4,512,523,15,38813,1.626847982,2.086700000,0.049200000,0.008700000
sample,generation,ordered4,512,524,15,411,1.634847999,1.792100000,0.051200000,0.012500000
sample,generation,ordered4,512,525,15,357,1.631968021,1.790300000,0.046000000,0.008100000
sample,generation,ordered4,512,526,15,1987,1.635679960,1.821100000,0.050100000,0.010400000
sample,generation,ordered4,512,527,15,287,1.634464025,2.049500000,0.049400000,0.009700000
sample,generation,original,512,512,15,558,1.313375950,1.785500000,0.051500000,0.008600000
sample,generation,original,512,513,15,272,1.321311951,1.758200000,0.049600000,0.008500000
sample,generation,original,512,514,15,837,1.331616044,1.504100000,0.058600000,0.013300000
sample,generation,original,512,515,15,351,1.318207979,1.492900000,0.049100000,0.008900000
sample,generation,original,512,516,15,257,1.322239995,1.763300000,0.050100000,0.008600000
sample,generation,original,512,517,15,1767,1.328256011,1.761200000,0.051800000,0.008700000
sample,generation,original,512,518,15,4129,1.343296051,1.821600000,0.067000000,0.015000000
sample,generation,original,512,519,15,510,1.322144032,1.807400000,0.051900000,0.009200000
sample,generation,original,512,520,15,284,1.322720051,1.754100000,0.049700000,0.008600000
sample,generation,original,512,521,15,3126,1.333727956,1.504900000,0.058000000,0.012200000
sample,generation,original,512,522,15,1247,1.329120040,1.791200000,0.048700000,0.008600000
sample,generation,original,512,523,15,38813,1.325631976,1.760800000,0.048500000,0.008500000
sample,generation,original,512,524,15,411,1.329056025,1.792400000,0.049200000,0.008500000
sample,generation,original,512,525,15,357,1.345119953,1.818200000,0.075100000,0.013900000
sample,generation,original,512,526,15,1987,1.340927958,1.507900000,0.057700000,0.013500000
sample,generation,original,512,527,15,287,1.324159980,1.755000000,0.050000000,0.008600000
sample,generation,original,1007,1007,0,9106,1.645023942,2.073600000,0.052900000,0.008600000
sample,generation,original,1007,1008,0,3876,1.649183989,2.126900000,0.054400000,0.009000000
sample,generation,original,1007,1009,0,385,1.651487947,2.117400000,0.054900000,0.009500000
sample,generation,original,1007,1010,0,318,1.652511954,2.078300000,0.049000000,0.008100000
sample,generation,original,1007,1011,0,1043,1.648895979,2.118100000,0.048300000,0.008600000
sample,generation,original,1007,1012,0,287,1.650367975,2.125400000,0.050200000,0.008800000
sample,generation,original,1007,1013,0,262,1.652672052,2.082700000,0.049100000,0.008400000
sample,generation,original,1007,1014,0,2258,1.654240012,1.816000000,0.048100000,0.008500000
sample,generation,original,1007,1015,0,10596,1.649055958,2.113500000,0.052800000,0.009900000
sample,generation,original,1007,1016,0,10692,1.649952054,1.821900000,0.048600000,0.008500000
sample,generation,original,1007,1017,0,422,1.651775956,2.107200000,0.049700000,0.008400000
sample,generation,original,1007,1018,0,262,1.664512038,1.834000000,0.056500000,0.012900000
sample,generation,original,1007,1019,0,10183,1.652799964,2.078100000,0.051900000,0.009300000
sample,generation,original,1007,1020,0,19517,1.653311968,2.052300000,0.048900000,0.008800000
sample,generation,original,1007,1021,0,6896,1.693215966,2.175800000,0.094200000,0.031100000
sample,generation,original,1007,1022,0,284,1.661952019,2.105700000,0.055800000,0.010500000
sample,generation,ordered4,1007,1007,0,9106,2.236063957,2.394300000,0.053300000,0.013800000
sample,generation,ordered4,1007,1008,0,3876,2.241183996,2.422900000,0.054400000,0.015200000
sample,generation,ordered4,1007,1009,0,385,2.250175953,2.409600000,0.061000000,0.018200000
sample,generation,ordered4,1007,1010,0,318,2.247136116,2.421300000,0.052200000,0.015200000
sample,generation,ordered4,1007,1011,0,1043,2.241888046,2.402800000,0.051800000,0.013000000
sample,generation,ordered4,1007,1012,0,287,2.244992018,2.398600000,0.050900000,0.014400000
sample,generation,ordered4,1007,1013,0,262,2.261568069,2.454700000,0.073600000,0.030400000
sample,generation,ordered4,1007,1014,0,2258,2.282880068,2.453800000,0.084700000,0.040300000
sample,generation,ordered4,1007,1015,0,10596,2.250751972,2.432600000,0.054200000,0.014900000
sample,generation,ordered4,1007,1016,0,10692,2.249984026,2.411300000,0.058200000,0.016800000
sample,generation,ordered4,1007,1017,0,422,2.251071930,2.409500000,0.054400000,0.016300000
sample,generation,ordered4,1007,1018,0,262,2.245599985,2.414600000,0.046700000,0.011600000
sample,generation,ordered4,1007,1019,0,10183,2.279135942,2.447300000,0.080400000,0.030100000
sample,generation,ordered4,1007,1020,0,19517,2.254240036,2.443600000,0.056200000,0.018000000
sample,generation,ordered4,1007,1021,0,6896,2.284832001,2.482200000,0.089100000,0.032800000
sample,generation,ordered4,1007,1022,0,284,2.273344040,2.462000000,0.070700000,0.024900000
sample,generation,ordered4,1007,1007,1,9106,2.248095989,2.408500000,0.073400000,0.022500000
sample,generation,ordered4,1007,1008,1,3876,2.230592012,2.678800000,0.045000000,0.009100000
sample,generation,ordered4,1007,1009,1,385,2.252000093,2.710000000,0.072100000,0.020900000
sample,generation,ordered4,1007,1010,1,318,2.234143972,2.667900000,0.046100000,0.008700000
sample,generation,ordered4,1007,1011,1,1043,2.246848106,2.452500000,0.081900000,0.017700000
sample,generation,ordered4,1007,1012,1,287,2.271071911,2.437700000,0.084000000,0.032000000
sample,generation,ordered4,1007,1013,1,262,2.239648104,2.396800000,0.045600000,0.009300000
sample,generation,ordered4,1007,1014,1,2258,2.257791996,2.414700000,0.060200000,0.017900000
sample,generation,ordered4,1007,1015,1,10596,2.238111973,2.470100000,0.044000000,0.009400000
sample,generation,ordered4,1007,1016,1,10692,2.245984077,2.406600000,0.054900000,0.011600000
sample,generation,ordered4,1007,1017,1,422,2.240639925,2.391600000,0.045900000,0.009300000
sample,generation,ordered4,1007,1018,1,262,2.249952078,2.674700000,0.042200000,0.008600000
sample,generation,ordered4,1007,1019,1,10183,2.293056011,2.467300000,0.116400000,0.034900000
sample,generation,ordered4,1007,1020,1,19517,2.254112005,2.767900000,0.078000000,0.016700000
sample,generation,ordered4,1007,1021,1,6896,2.282207966,2.460700000,0.090800000,0.036600000
sample,generation,ordered4,1007,1022,1,284,2.256576061,2.406400000,0.048100000,0.011700000
sample,generation,original,1007,1007,1,9106,1.640735984,1.824800000,0.043800000,0.008700000
sample,generation,original,1007,1008,1,3876,1.649183989,1.819400000,0.051300000,0.013400000
sample,generation,original,1007,1009,1,385,1.645887971,1.801500000,0.045300000,0.009800000
sample,generation,original,1007,1010,1,318,1.649279952,2.115100000,0.042200000,0.008500000
sample,generation,original,1007,1011,1,1043,1.655328035,1.857700000,0.058700000,0.013200000
sample,generation,original,1007,1012,1,287,1.647904038,1.797200000,0.051800000,0.010300000
sample,generation,original,1007,1013,1,262,1.648928046,1.908600000,0.041800000,0.008600000
sample,generation,original,1007,1014,1,2258,1.674720049,1.977500000,0.077300000,0.020800000
sample,generation,original,1007,1015,1,10596,1.688928008,1.850300000,0.093500000,0.031600000
sample,generation,original,1007,1016,1,10692,1.658879995,1.809700000,0.051100000,0.014600000
sample,generation,original,1007,1017,1,422,1.649919987,1.842000000,0.042100000,0.008600000
sample,generation,original,1007,1018,1,262,1.687263966,1.854200000,0.080600000,0.030800000
sample,generation,original,1007,1019,1,10183,1.660032034,1.817900000,0.053100000,0.013900000
sample,generation,original,1007,1020,1,19517,1.652032018,2.072200000,0.044000000,0.008900000
sample,generation,original,1007,1021,1,6896,1.667711973,2.032300000,0.060000000,0.014200000
sample,generation,original,1007,1022,1,284,1.670976043,1.834200000,0.081500000,0.017300000
sample,generation,original,1007,1007,2,9106,1.667039990,1.861900000,0.075300000,0.024900000
sample,generation,original,1007,1008,2,3876,1.689056039,1.884200000,0.097700000,0.036100000
sample,generation,original,1007,1009,2,385,1.709087968,1.864000000,0.118900000,0.039800000
sample,generation,original,1007,1010,2,318,1.666944027,1.810300000,0.064800000,0.022200000
sample,generation,original,1007,1011,2,1043,1.647040009,1.865900000,0.044500000,0.009000000
sample,generation,original,1007,1012,2,287,1.676031947,1.837000000,0.082800000,0.026600000
sample,generation,original,1007,1013,2,262,1.671072006,1.822300000,0.066600000,0.022100000
sample,generation,original,1007,1014,2,2258,1.653280020,1.795600000,0.054300000,0.009400000
sample,generation,original,1007,1015,2,10596,1.668159962,1.817200000,0.072700000,0.020900000
sample,generation,original,1007,1016,2,10692,1.653471947,1.794700000,0.053100000,0.012700000
sample,generation,original,1007,1017,2,422,1.650848031,1.826700000,0.054800000,0.009200000
sample,generation,original,1007,1018,2,262,1.655392051,1.806300000,0.046300000,0.010000000
sample,generation,original,1007,1019,2,10183,1.656512022,1.814700000,0.053300000,0.012800000
sample,generation,original,1007,1020,2,19517,1.654911995,1.812700000,0.043700000,0.009200000
sample,generation,original,1007,1021,2,6896,1.655904055,2.081500000,0.049300000,0.008900000
sample,generation,original,1007,1022,2,284,1.677855968,2.151100000,0.075200000,0.020500000
sample,generation,ordered4,1007,1007,2,9106,2.227776051,2.690400000,0.052200000,0.008700000
sample,generation,ordered4,1007,1008,2,3876,2.233472109,2.705000000,0.053200000,0.010300000
sample,generation,ordered4,1007,1009,2,385,2.232863903,2.395900000,0.050600000,0.008700000
sample,generation,ordered4,1007,1010,2,318,2.242847919,2.624600000,0.056000000,0.013600000
sample,generation,ordered4,1007,1011,2,1043,2.233439922,2.470100000,0.044500000,0.008900000
sample,generation,ordered4,1007,1012,2,287,2.257280111,2.427600000,0.075500000,0.022300000
sample,generation,ordered4,1007,1013,2,262,2.252640009,2.419400000,0.054100000,0.014300000
sample,generation,ordered4,1007,1014,2,2258,2.239808083,2.404200000,0.048500000,0.009000000
sample,generation,ordered4,1007,1015,2,10596,2.249408007,2.413100000,0.059300000,0.013800000
sample,generation,ordered4,1007,1016,2,10692,2.242111921,2.478800000,0.050700000,0.009600000
sample,generation,ordered4,1007,1017,2,422,2.266752005,2.448900000,0.083600000,0.021400000
sample,generation,ordered4,1007,1018,2,262,2.257695913,2.759300000,0.062100000,0.015400000
sample,generation,ordered4,1007,1019,2,10183,2.250432014,2.737600000,0.063700000,0.013500000
sample,generation,ordered4,1007,1020,2,19517,2.256351948,2.738000000,0.063900000,0.014400000
sample,generation,ordered4,1007,1021,2,6896,2.252063990,2.418400000,0.050900000,0.008700000
sample,generation,ordered4,1007,1022,2,284,2.257472038,2.735500000,0.057100000,0.013000000
sample,generation,ordered4,1007,1007,3,9106,2.241247892,2.569800000,0.065100000,0.015900000
sample,generation,ordered4,1007,1008,3,3876,2.232255936,2.704700000,0.052200000,0.009200000
sample,generation,ordered4,1007,1009,3,385,2.235327959,2.432900000,0.050900000,0.009100000
sample,generation,ordered4,1007,1010,3,318,2.242847919,2.707200000,0.056200000,0.011900000
sample,generation,ordered4,1007,1011,3,1043,2.237087965,2.703000000,0.050300000,0.008700000
sample,generation,ordered4,1007,1012,3,287,2.232320070,2.700900000,0.048200000,0.008600000
sample,generation,ordered4,1007,1013,3,262,2.236608028,2.469500000,0.047900000,0.008200000
sample,generation,ordered4,1007,1014,3,2258,2.249216080,2.680400000,0.055500000,0.013300000
sample,generation,ordered4,1007,1015,3,10596,2.245248079,2.674500000,0.057100000,0.014000000
sample,generation,ordered4,1007,1016,3,10692,2.244512081,2.407300000,0.051800000,0.011200000
sample,generation,ordered4,1007,1017,3,422,2.244672060,2.565400000,0.045000000,0.009400000
sample,generation,ordered4,1007,1018,3,262,2.242784023,2.471500000,0.042700000,0.008400000
sample,generation,ordered4,1007,1019,3,10183,2.262655973,2.433000000,0.072800000,0.020800000
sample,generation,ordered4,1007,1020,3,19517,2.251935959,2.599800000,0.051400000,0.014000000
sample,generation,ordered4,1007,1021,3,6896,2.252799988,2.723000000,0.062600000,0.014800000
sample,generation,ordered4,1007,1022,3,284,2.279135942,2.756500000,0.082100000,0.027100000
sample,generation,original,1007,1007,3,9106,1.643072009,2.054000000,0.052800000,0.008600000
sample,generation,original,1007,1008,3,3876,1.645727992,2.107900000,0.049600000,0.009000000
sample,generation,original,1007,1009,3,385,1.648928046,2.115600000,0.051000000,0.009300000
sample,generation,original,1007,1010,3,318,1.648095965,2.128800000,0.049600000,0.008600000
sample,generation,original,1007,1011,3,1043,1.645920038,2.076100000,0.048400000,0.008400000
sample,generation,original,1007,1012,3,287,1.648416042,1.822800000,0.048300000,0.008100000
sample,generation,original,1007,1013,3,262,1.652704000,2.102300000,0.048100000,0.008800000
sample,generation,original,1007,1014,3,2258,1.656031966,2.081300000,0.050300000,0.008900000
sample,generation,original,1007,1015,3,10596,1.648128033,2.106300000,0.048200000,0.008400000
sample,generation,original,1007,1016,3,10692,1.648864031,2.135600000,0.048300000,0.008600000
sample,generation,original,1007,1017,3,422,1.654080033,1.823300000,0.066800000,0.009100000
sample,generation,original,1007,1018,3,262,1.654816031,1.813100000,0.047400000,0.008500000
sample,generation,original,1007,1019,3,10183,1.661952019,2.092100000,0.055700000,0.012600000
sample,generation,original,1007,1020,3,19517,1.653311968,2.099100000,0.051200000,0.008900000
sample,generation,original,1007,1021,3,6896,1.656607985,2.126300000,0.049300000,0.008200000
sample,generation,original,1007,1022,3,284,1.658687949,1.976900000,0.048200000,0.008200000
sample,generation,original,1007,1007,4,9106,1.661375999,1.826200000,0.092700000,0.017600000
sample,generation,original,1007,1008,4,3876,1.650239944,2.125100000,0.055300000,0.013000000
sample,generation,original,1007,1009,4,385,1.648800015,2.119200000,0.050300000,0.008300000
sample,generation,original,1007,1010,4,318,1.653728008,2.118700000,0.067400000,0.012500000
sample,generation,original,1007,1011,4,1043,1.648831964,2.121400000,0.049500000,0.009600000
sample,generation,original,1007,1012,4,287,1.648223996,2.117100000,0.048800000,0.008100000
sample,generation,original,1007,1013,4,262,1.657631993,2.122100000,0.054500000,0.011600000
sample,generation,original,1007,1014,4,2258,1.654368043,2.121900000,0.050000000,0.009100000
sample,generation,original,1007,1015,4,10596,1.647487998,1.981000000,0.048300000,0.008300000
sample,generation,original,1007,1016,4,10692,1.655135989,2.123000000,0.055400000,0.012100000
sample,generation,original,1007,1017,4,422,1.651968002,2.120900000,0.049100000,0.008800000
sample,generation,original,1007,1018,4,262,1.653056026,1.834300000,0.047300000,0.008200000
sample,generation,original,1007,1019,4,10183,1.659615993,1.940600000,0.053000000,0.012800000
sample,generation,original,1007,1020,4,19517,1.664512038,1.833300000,0.053500000,0.013500000
sample,generation,original,1007,1021,4,6896,1.656736016,1.902000000,0.048300000,0.008700000
sample,generation,original,1007,1022,4,284,1.689440012,1.920900000,0.088900000,0.026000000
sample,generation,ordered4,1007,1007,4,9106,2.238240004,2.398400000,0.047600000,0.009600000
sample,generation,ordered4,1007,1008,4,3876,2.232543945,2.414800000,0.053300000,0.009600000
sample,generation,ordered4,1007,1009,4,385,2.250720024,2.732200000,0.067600000,0.018100000
sample,generation,ordered4,1007,1010,4,318,2.237024069,2.662700000,0.052100000,0.008800000
sample,generation,ordered4,1007,1011,4,1043,2.238528013,2.705500000,0.055700000,0.012600000
sample,generation,ordered4,1007,1012,4,287,2.245919943,2.687100000,0.057200000,0.013100000
sample,generation,ordered4,1007,1013,4,262,2.240031958,2.708200000,0.056000000,0.011900000
sample,generation,ordered4,1007,1014,4,2258,2.245376110,2.673900000,0.055500000,0.010400000
sample,generation,ordered4,1007,1015,4,10596,2.238656044,2.669200000,0.056100000,0.008400000
sample,generation,ordered4,1007,1016,4,10692,2.269056082,2.701300000,0.083500000,0.026400000
sample,generation,ordered4,1007,1017,4,422,2.244575977,2.628200000,0.052700000,0.009800000
sample,generation,ordered4,1007,1018,4,262,2.245696068,2.584200000,0.048000000,0.009500000
sample,generation,ordered4,1007,1019,4,10183,2.272288084,2.797700000,0.092600000,0.026600000
sample,generation,ordered4,1007,1020,4,19517,2.306047916,2.479300000,0.117000000,0.045500000
sample,generation,ordered4,1007,1021,4,6896,2.247359991,2.404100000,0.048600000,0.009800000
sample,generation,ordered4,1007,1022,4,284,2.282176018,2.460600000,0.074000000,0.026100000
sample,generation,ordered4,1007,1007,5,9106,2.231456041,2.664300000,0.045500000,0.009500000
sample,generation,ordered4,1007,1008,5,3876,2.234080076,2.657900000,0.056900000,0.011600000
sample,generation,ordered4,1007,1009,5,385,2.232959986,2.664600000,0.049900000,0.008300000
sample,generation,ordered4,1007,1010,5,318,2.247488022,2.408700000,0.059600000,0.014900000
sample,generation,ordered4,1007,1011,5,1043,2.233504057,2.697600000,0.044800000,0.009100000
sample,generation,ordered4,1007,1012,5,287,2.251967907,2.698000000,0.072900000,0.022300000
sample,generation,ordered4,1007,1013,5,262,2.241535902,2.397500000,0.054000000,0.010500000
sample,generation,ordered4,1007,1014,5,2258,2.239200115,2.665600000,0.049900000,0.008800000
sample,generation,ordered4,1007,1015,5,10596,2.239039898,2.709400000,0.058600000,0.009800000
sample,generation,ordered4,1007,1016,5,10692,2.238528013,2.709300000,0.051000000,0.008500000
sample,generation,ordered4,1007,1017,5,422,2.258048058,2.490800000,0.063700000,0.013500000
sample,generation,ordered4,1007,1018,5,262,2.270656109,2.444700000,0.084600000,0.023100000
sample,generation,ordered4,1007,1019,5,10183,2.264192104,2.424400000,0.061700000,0.016900000
sample,generation,ordered4,1007,1020,5,19517,2.256320000,2.410200000,0.054700000,0.014500000
sample,generation,ordered4,1007,1021,5,6896,2.246464014,2.688100000,0.049100000,0.008900000
sample,generation,ordered4,1007,1022,5,284,2.265759945,2.427700000,0.067000000,0.015100000
sample,generation,original,1007,1007,5,9106,1.689056039,1.862700000,0.098000000,0.037800000
sample,generation,original,1007,1008,5,3876,1.646880031,1.824400000,0.053000000,0.012400000
sample,generation,original,1007,1009,5,385,1.652896047,1.834200000,0.049100000,0.011500000
sample,generation,original,1007,1010,5,318,1.658591986,1.815200000,0.055100000,0.013200000
sample,generation,original,1007,1011,5,1043,1.649248004,1.819300000,0.049000000,0.011600000
sample,generation,original,1007,1012,5,287,1.663136005,1.841100000,0.060400000,0.018300000
sample,generation,original,1007,1013,5,262,1.658175945,1.816100000,0.055800000,0.014600000
sample,generation,original,1007,1014,5,2258,1.657439947,1.809400000,0.049800000,0.011400000
sample,generation,original,1007,1015,5,10596,1.647583961,1.806700000,0.043300000,0.008600000
sample,generation,original,1007,1016,5,10692,1.652384043,1.806900000,0.044600000,0.009700000
sample,generation,original,1007,1017,5,422,1.660544038,1.818300000,0.053500000,0.012200000
sample,generation,original,1007,1018,5,262,1.655392051,1.815500000,0.048100000,0.008600000
sample,generation,original,1007,1019,5,10183,1.653216004,1.877200000,0.053300000,0.010700000
sample,generation,original,1007,1020,5,19517,1.691712022,2.158200000,0.095600000,0.025200000
sample,generation,original,1007,1021,5,6896,1.683359981,2.157900000,0.076500000,0.025900000
sample,generation,original,1007,1022,5,284,1.665727973,2.122800000,0.062000000,0.013000000
sample,generation,original,1007,1007,6,9106,1.646432042,1.945400000,0.048700000,0.011100000
sample,generation,original,1007,1008,6,3876,1.666175961,1.826600000,0.067400000,0.022600000
sample,generation,original,1007,1009,6,385,1.650207996,1.834000000,0.044600000,0.009100000
sample,generation,original,1007,1010,6,318,1.646975994,1.893000000,0.042400000,0.008500000
sample,generation,original,1007,1011,6,1043,1.685631990,1.846300000,0.087100000,0.033200000
sample,generation,original,1007,1012,6,287,1.649248004,1.798600000,0.047100000,0.011400000
sample,generation,original,1007,1013,6,262,1.649952054,1.870800000,0.044100000,0.008700000
sample,generation,original,1007,1014,6,2258,1.674208045,1.830900000,0.069200000,0.023100000
sample,generation,original,1007,1015,6,10596,1.645344019,1.794000000,0.045000000,0.009500000
sample,generation,original,1007,1016,6,10692,1.648895979,1.826000000,0.042600000,0.008500000
sample,generation,original,1007,1017,6,422,1.651584029,2.094500000,0.051100000,0.009000000
sample,generation,original,1007,1018,6,262,1.667616010,1.847200000,0.070400000,0.019500000
sample,generation,original,1007,1019,6,10183,1.650848031,1.812500000,0.044200000,0.008700000
sample,generation,original,1007,1020,6,19517,1.652608037,1.892700000,0.043900000,0.009000000
sample,generation,original,1007,1021,6,6896,1.691679955,1.860000000,0.093700000,0.031600000
sample,generation,original,1007,1022,6,284,1.669152021,1.868500000,0.056000000,0.016100000
sample,generation,ordered4,1007,1007,6,9106,2.251456022,2.422000000,0.078100000,0.021900000
sample,generation,ordered4,1007,1008,6,3876,2.240096092,2.446100000,0.043900000,0.009400000
sample,generation,ordered4,1007,1009,6,385,2.232032061,2.552300000,0.044300000,0.009000000
sample,generation,ordered4,1007,1010,6,318,2.250943899,2.409400000,0.069300000,0.013500000
sample,generation,ordered4,1007,1011,6,1043,2.233632088,2.428600000,0.044800000,0.009000000
sample,generation,ordered4,1007,1012,6,287,2.259232044,2.421800000,0.069100000,0.023200000
sample,generation,ordered4,1007,1013,6,262,2.238240004,2.408400000,0.046100000,0.009800000
sample,generation,ordered4,1007,1014,6,2258,2.257983923,2.436200000,0.060600000,0.019300000
sample,generation,ordered4,1007,1015,6,10596,2.262336016,2.413600000,0.071200000,0.025300000
sample,generation,ordered4,1007,1016,6,10692,2.241183996,2.478200000,0.057200000,0.009600000
sample,generation,ordered4,1007,1017,6,422,2.288448095,2.459100000,0.087500000,0.034000000
sample,generation,ordered4,1007,1018,6,262,2.245824099,2.465200000,0.048500000,0.011300000
sample,generation,ordered4,1007,1019,6,10183,2.274368048,2.436700000,0.071600000,0.024400000
sample,generation,ordered4,1007,1020,6,19517,2.252192020,2.401800000,0.046600000,0.011000000
sample,generation,ordered4,1007,1021,6,6896,2.247519970,2.524300000,0.044000000,0.008500000
sample,generation,ordered4,1007,1022,6,284,2.280479908,2.443900000,0.070500000,0.024000000
sample,generation,ordered4,1007,1007,7,9106,2.230463982,2.385200000,0.047900000,0.010400000
sample,generation,ordered4,1007,1008,7,3876,2.230880022,2.389300000,0.045300000,0.009300000
sample,generation,ordered4,1007,1009,7,385,2.234335899,2.663900000,0.047600000,0.008700000
sample,generation,ordered4,1007,1010,7,318,2.237855911,2.709700000,0.053800000,0.009400000
sample,generation,ordered4,1007,1011,7,1043,2.240927935,2.689500000,0.060100000,0.013200000
sample,generation,ordered4,1007,1012,7,287,2.250432014,2.428200000,0.069500000,0.019000000
sample,generation,ordered4,1007,1013,7,262,2.274271965,2.610200000,0.094800000,0.032600000
sample,generation,ordered4,1007,1014,7,2258,2.242079973,2.417000000,0.055500000,0.009800000
sample,generation,ordered4,1007,1015,7,10596,2.251807928,2.408800000,0.080700000,0.019000000
sample,generation,ordered4,1007,1016,7,10692,2.237663984,2.663300000,0.044400000,0.009300000
sample,generation,ordered4,1007,1017,7,422,2.253472090,2.477600000,0.079700000,0.016300000
sample,generation,ordered4,1007,1018,7,262,2.275968075,2.469400000,0.100500000,0.027000000
sample,generation,ordered4,1007,1019,7,10183,2.255487919,2.595400000,0.067500000,0.017700000
sample,generation,ordered4,1007,1020,7,19517,2.255647898,2.417200000,0.059000000,0.017600000
sample,generation,ordered4,1007,1021,7,6896,2.246272087,2.435400000,0.045100000,0.009700000
sample,generation,ordered4,1007,1022,7,284,2.272448063,2.439500000,0.066600000,0.022200000
sample,generation,original,1007,1007,7,9106,1.651360035,1.816600000,0.055200000,0.014600000
sample,generation,original,1007,1008,7,3876,1.644032001,1.794300000,0.043500000,0.008900000
sample,generation,original,1007,1009,7,385,1.646752000,1.818600000,0.060400000,0.008500000
sample,generation,original,1007,1010,7,318,1.649824023,2.044100000,0.048500000,0.010200000
sample,generation,original,1007,1011,7,1043,1.670464039,1.832100000,0.071600000,0.023100000
sample,generation,original,1007,1012,7,287,1.647647977,1.807500000,0.044800000,0.009100000
sample,generation,original,1007,1013,7,262,1.685855985,1.856500000,0.083400000,0.031200000
sample,generation,original,1007,1014,7,2258,1.651968002,1.799500000,0.045200000,0.009500000
sample,generation,original,1007,1015,7,10596,1.647135973,1.802000000,0.044300000,0.009000000
sample,generation,original,1007,1016,7,10692,1.651584029,1.804900000,0.045800000,0.009900000
sample,generation,original,1007,1017,7,422,1.650975943,1.807000000,0.043600000,0.008900000
sample,generation,original,1007,1018,7,262,1.656991959,1.835900000,0.043600000,0.008700000
sample,generation,original,1007,1019,7,10183,1.652384043,2.115700000,0.043000000,0.008700000
sample,generation,original,1007,1020,7,19517,1.680575967,1.850200000,0.075300000,0.027600000
sample,generation,original,1007,1021,7,6896,1.656031966,1.824100000,0.045600000,0.009600000
sample,generation,original,1007,1022,7,284,1.662624002,1.832200000,0.047500000,0.010700000
sample,generation,original,1007,1007,8,9106,1.646975994,1.814100000,0.050400000,0.012500000
sample,generation,original,1007,1008,8,3876,1.648480058,1.808400000,0.060000000,0.012500000
sample,generation,original,1007,1009,8,385,1.647264004,1.843600000,0.046400000,0.008800000
sample,generation,original,1007,1010,8,318,1.653184056,2.076300000,0.042700000,0.008500000
sample,generation,original,1007,1011,8,1043,1.654240012,2.029400000,0.064400000,0.012400000
sample,generation,original,1007,1012,8,287,1.649471998,1.805000000,0.044700000,0.009100000
sample,generation,original,1007,1013,8,262,1.650079966,1.814000000,0.049300000,0.009200000
sample,generation,original,1007,1014,8,2258,1.652480006,2.121900000,0.052100000,0.009200000
sample,generation,original,1007,1015,8,10596,1.647295952,1.806000000,0.048900000,0.008800000
sample,generation,original,1007,1016,8,10692,1.647744060,2.073400000,0.049200000,0.008800000
sample,generation,original,1007,1017,8,422,1.654623985,1.816100000,0.048100000,0.009400000
sample,generation,original,1007,1018,8,262,1.651999950,1.809600000,0.047300000,0.008400000
sample,generation,original,1007,1019,8,10183,1.656095982,2.079700000,0.065400000,0.013400000
sample,generation,original,1007,1020,8,19517,1.701663971,2.183900000,0.106600000,0.041100000
sample,generation,original,1007,1021,8,6896,1.659168005,1.818600000,0.055900000,0.009600000
sample,generation,original,1007,1022,8,284,1.658911943,2.110600000,0.045700000,0.009300000
sample,generation,ordered4,1007,1007,8,9106,2.231071949,2.398300000,0.046400000,0.010400000
sample,generation,ordered4,1007,1008,8,3876,2.228096008,2.688800000,0.052900000,0.009100000
sample,generation,ordered4,1007,1009,8,385,2.236896038,2.707800000,0.055800000,0.010700000
sample,generation,ordered4,1007,1010,8,318,2.237312078,2.715600000,0.055200000,0.008800000
sample,generation,ordered4,1007,1011,8,1043,2.235680103,2.399400000,0.051600000,0.009400000
sample,generation,ordered4,1007,1012,8,287,2.235775948,2.679800000,0.050600000,0.009900000
sample,generation,ordered4,1007,1013,8,262,2.237695932,2.661200000,0.047400000,0.008600000
sample,generation,ordered4,1007,1014,8,2258,2.244064093,2.681100000,0.054800000,0.010000000
sample,generation,ordered4,1007,1015,8,10596,2.238719940,2.407600000,0.051000000,0.009600000
sample,generation,ordered4,1007,1016,8,10692,2.241535902,2.706700000,0.055900000,0.010900000
sample,generation,ordered4,1007,1017,8,422,2.242079973,2.634800000,0.050900000,0.008600000
sample,generation,ordered4,1007,1018,8,262,2.267231941,2.897600000,0.086200000,0.022000000
sample,generation,ordered4,1007,1019,8,10183,2.301311970,2.481000000,0.119500000,0.048000000
sample,generation,ordered4,1007,1020,8,19517,2.246495962,2.397900000,0.048800000,0.012100000
sample,generation,ordered4,1007,1021,8,6896,2.254112005,2.410800000,0.045300000,0.010000000
sample,generation,ordered4,1007,1022,8,284,2.249216080,2.410000000,0.048100000,0.008600000
sample,generation,ordered4,1007,1007,9,9106,2.232032061,2.655800000,0.053300000,0.009400000
sample,generation,ordered4,1007,1008,9,3876,2.233760118,2.692300000,0.050600000,0.009100000
sample,generation,ordered4,1007,1009,9,385,2.234656096,2.716900000,0.049500000,0.009300000
sample,generation,ordered4,1007,1010,9,318,2.235071898,2.690500000,0.048700000,0.008500000
sample,generation,ordered4,1007,1011,9,1043,2.243680000,2.714500000,0.060800000,0.014400000
sample,generation,ordered4,1007,1012,9,287,2.237888098,2.674200000,0.052400000,0.010100000
sample,generation,ordered4,1007,1013,9,262,2.236991882,2.402500000,0.051200000,0.009500000
sample,generation,ordered4,1007,1014,9,2258,2.247136116,2.678600000,0.055600000,0.011700000
sample,generation,ordered4,1007,1015,9,10596,2.238015890,2.709800000,0.049500000,0.008800000
sample,generation,ordered4,1007,1016,9,10692,2.238368034,2.462900000,0.051000000,0.008500000
sample,generation,ordered4,1007,1017,9,422,2.270879984,2.749800000,0.086900000,0.026000000
sample,generation,ordered4,1007,1018,9,262,2.260288000,2.427500000,0.067400000,0.016300000
sample,generation,ordered4,1007,1019,9,10183,2.243583918,2.711000000,0.057900000,0.009600000
sample,generation,ordered4,1007,1020,9,19517,2.256992102,2.726900000,0.066400000,0.015300000
sample,generation,ordered4,1007,1021,9,6896,2.247776031,2.410400000,0.052300000,0.008800000
sample,generation,ordered4,1007,1022,9,284,2.254303932,2.711000000,0.053600000,0.010800000
sample,generation,original,1007,1007,9,9106,1.675711989,1.849100000,0.084400000,0.034200000
sample,generation,original,1007,1008,9,3876,1.645344019,2.093100000,0.053700000,0.009300000
sample,generation,original,1007,1009,9,385,1.663552046,2.118100000,0.091000000,0.014200000
sample,generation,original,1007,1010,9,318,1.653023958,1.875800000,0.051600000,0.009800000
sample,generation,original,1007,1011,9,1043,1.659935951,2.047600000,0.070100000,0.017400000
sample,generation,original,1007,1012,9,287,1.660895944,2.133300000,0.063700000,0.016800000
sample,generation,original,1007,1013,9,262,1.653280020,2.119700000,0.052100000,0.009100000
sample,generation,original,1007,1014,9,2258,1.652511954,2.264000000,0.050000000,0.009000000
sample,generation,original,1007,1015,9,10596,1.647840023,2.125000000,0.053000000,0.009400000
sample,generation,original,1007,1016,9,10692,1.648736000,2.125100000,0.048800000,0.008600000
sample,generation,original,1007,1017,9,422,1.651584029,2.122900000,0.049300000,0.008400000
sample,generation,original,1007,1018,9,262,1.660895944,2.000800000,0.055200000,0.012400000
sample,generation,original,1007,1019,9,10183,1.650688052,1.988400000,0.044200000,0.008700000
sample,generation,original,1007,1020,9,19517,1.651615977,1.809500000,0.043400000,0.008500000
sample,generation,original,1007,1021,9,6896,1.656640053,1.810500000,0.042900000,0.008400000
sample,generation,original,1007,1022,9,284,1.660768032,1.812500000,0.043500000,0.008900000
sample,generation,original,1007,1007,10,9106,1.654847980,1.811000000,0.056600000,0.016000000
sample,generation,original,1007,1008,10,3876,1.642207980,1.799500000,0.043600000,0.008600000
sample,generation,original,1007,1009,10,385,1.654304028,1.911400000,0.051300000,0.012200000
sample,generation,original,1007,1010,10,318,1.662943959,1.997700000,0.064800000,0.012900000
sample,generation,original,1007,1011,10,1043,1.645344019,1.806700000,0.048600000,0.008700000
sample,generation,original,1007,1012,10,287,1.648767948,1.814500000,0.043100000,0.009000000
sample,generation,original,1007,1013,10,262,1.657696009,1.816000000,0.053100000,0.013400000
sample,generation,original,1007,1014,10,2258,1.655359983,1.808700000,0.044000000,0.008600000
sample,generation,original,1007,1015,10,10596,1.645344019,1.810400000,0.051300000,0.008500000
sample,generation,original,1007,1016,10,10692,1.659327984,2.129600000,0.065000000,0.012300000
sample,generation,original,1007,1017,10,422,1.654559970,2.144100000,0.053200000,0.009100000
sample,generation,original,1007,1018,10,262,1.652672052,1.845100000,0.050000000,0.008300000
sample,generation,original,1007,1019,10,10183,1.654304028,2.068100000,0.053600000,0.010000000
sample,generation,original,1007,1020,10,19517,1.689120054,1.881000000,0.101600000,0.029200000
sample,generation,original,1007,1021,10,6896,1.667168021,1.881000000,0.077200000,0.015600000
sample,generation,original,1007,1022,10,284,1.673503995,1.833900000,0.059000000,0.017300000
sample,generation,ordered4,1007,1007,10,9106,2.229376078,2.674200000,0.054300000,0.008600000
sample,generation,ordered4,1007,1008,10,3876,2.238143921,2.407200000,0.058000000,0.013500000
sample,generation,ordered4,1007,1009,10,385,2.234783888,2.541300000,0.051200000,0.008400000
sample,generation,ordered4,1007,1010,10,318,2.235872030,2.405500000,0.047300000,0.008600000
sample,generation,ordered4,1007,1011,10,1043,2.241120100,2.713300000,0.057700000,0.013200000
sample,generation,ordered4,1007,1012,10,287,2.235199928,2.725900000,0.052200000,0.008700000
sample,generation,ordered4,1007,1013,10,262,2.267776012,2.753500000,0.072300000,0.015600000
sample,generation,ordered4,1007,1014,10,2258,2.241919994,2.701800000,0.052000000,0.008900000
sample,generation,ordered4,1007,1015,10,10596,2.243936062,2.707300000,0.060600000,0.013200000
sample,generation,ordered4,1007,1016,10,10692,2.238240004,2.666000000,0.050800000,0.008900000
sample,generation,ordered4,1007,1017,10,422,2.243871927,2.470500000,0.052300000,0.008500000
sample,generation,ordered4,1007,1018,10,262,2.271167994,2.695200000,0.079700000,0.024600000
sample,generation,ordered4,1007,1019,10,10183,2.246592045,2.695000000,0.070500000,0.011600000
sample,generation,ordered4,1007,1020,10,19517,2.247263908,2.725100000,0.058500000,0.011500000
sample,generation,ordered4,1007,1021,10,6896,2.257600069,2.725500000,0.058200000,0.013700000
sample,generation,ordered4,1007,1022,10,284,2.256544113,2.728500000,0.059700000,0.013500000
sample,generation,ordered4,1007,1007,11,9106,2.257024050,2.433900000,0.077800000,0.026600000
sample,generation,ordered4,1007,1008,11,3876,2.240672112,2.408100000,0.073100000,0.015800000
sample,generation,ordered4,1007,1009,11,385,2.243839979,2.431600000,0.053900000,0.015100000
sample,generation,ordered4,1007,1010,11,318,2.275615931,2.455300000,0.080900000,0.031500000
sample,generation,ordered4,1007,1011,11,1043,2.278752089,2.451700000,0.095100000,0.038300000
sample,generation,ordered4,1007,1012,11,287,2.268320084,2.433400000,0.090200000,0.032700000
sample,generation,ordered4,1007,1013,11,262,2.258591890,2.430900000,0.070400000,0.024500000
sample,generation,ordered4,1007,1014,11,2258,2.275039911,2.457500000,0.087100000,0.030300000
sample,generation,ordered4,1007,1015,11,10596,2.263456106,2.420800000,0.075400000,0.027100000
sample,generation,ordered4,1007,1016,11,10692,2.250175953,2.453700000,0.051800000,0.013400000
sample,generation,ordered4,1007,1017,11,422,2.296832085,2.472700000,0.100600000,0.038200000
sample,generation,ordered4,1007,1018,11,262,2.259520054,2.426700000,0.070500000,0.013600000
sample,generation,ordered4,1007,1019,11,10183,2.254688025,2.416800000,0.060800000,0.013600000
sample,generation,ordered4,1007,1020,11,19517,2.261696100,2.427800000,0.063100000,0.018200000
sample,generation,ordered4,1007,1021,11,6896,2.253344059,2.695000000,0.051900000,0.013000000
sample,generation,ordered4,1007,1022,11,284,2.264575958,2.521100000,0.067600000,0.016900000
sample,generation,original,1007,1007,11,9106,1.644191980,1.798000000,0.049700000,0.011900000
sample,generation,original,1007,1008,11,3876,1.643839955,1.831200000,0.043800000,0.009100000
sample,generation,original,1007,1009,11,385,1.653887987,1.817200000,0.054200000,0.013500000
sample,generation,original,1007,1010,11,318,1.661823988,1.830900000,0.056900000,0.016000000
sample,generation,original,1007,1011,11,1043,1.652575970,1.875000000,0.067300000,0.013400000
sample,generation,original,1007,1012,11,287,1.655776024,1.834600000,0.051500000,0.013100000
sample,generation,original,1007,1013,11,262,1.669343948,1.829400000,0.063100000,0.021400000
sample,generation,original,1007,1014,11,2258,1.663648009,1.841700000,0.074800000,0.016400000
sample,generation,original,1007,1015,11,10596,1.660256028,1.830200000,0.064600000,0.017600000
sample,generation,original,1007,1016,11,10692,1.663295984,1.821100000,0.060200000,0.017900000
sample,generation,original,1007,1017,11,422,1.659136057,1.818700000,0.052700000,0.014300000
sample,generation,original,1007,1018,11,262,1.668959975,1.854600000,0.063700000,0.020500000
sample,generation,original,1007,1019,11,10183,1.781407952,1.990200000,0.142200000,0.062100000
sample,generation,original,1007,1020,11,19517,1.678976059,1.859200000,0.076200000,0.022800000
sample,generation,original,1007,1021,11,6896,1.668287992,2.107600000,0.065400000,0.014200000
sample,generation,original,1007,1022,11,284,1.665248036,1.823900000,0.052800000,0.014000000
sample,generation,original,1007,1007,12,9106,1.708415985,1.905700000,0.133100000,0.050600000
sample,generation,original,1007,1008,12,3876,1.664576054,2.161000000,0.104100000,0.022300000
sample,generation,original,1007,1009,12,385,1.647232056,1.893200000,0.053200000,0.008800000
sample,generation,original,1007,1010,12,318,1.687520027,1.906300000,0.100400000,0.035300000
sample,generation,original,1007,1011,12,1043,1.668447971,2.126200000,0.074700000,0.022100000
sample,generation,original,1007,1012,12,287,1.659520030,1.839700000,0.067000000,0.015900000
sample,generation,original,1007,1013,12,262,1.664031982,2.133900000,0.062600000,0.015100000
sample,generation,original,1007,1014,12,2258,1.655871987,2.134800000,0.054100000,0.009200000
sample,generation,original,1007,1015,12,10596,1.645311952,2.086100000,0.051700000,0.008100000
sample,generation,original,1007,1016,12,10692,1.649536014,1.811500000,0.046700000,0.008300000
sample,generation,original,1007,1017,12,422,1.656288028,2.128000000,0.055100000,0.012000000
sample,generation,original,1007,1018,12,262,1.654304028,1.824600000,0.050400000,0.008800000
sample,generation,original,1007,1019,12,10183,1.657152057,2.083900000,0.057500000,0.012200000
sample,generation,original,1007,1020,12,19517,1.654656053,2.125300000,0.050500000,0.008900000
sample,generation,original,1007,1021,12,6896,1.657215953,2.088800000,0.049300000,0.008600000
sample,generation,original,1007,1022,12,284,1.658432007,1.826000000,0.051100000,0.008800000
sample,generation,ordered4,1007,1007,12,9106,2.229631901,2.665200000,0.045200000,0.009500000
sample,generation,ordered4,1007,1008,12,3876,2.232863903,2.386000000,0.054000000,0.010900000
sample,generation,ordered4,1007,1009,12,385,2.238656044,2.459200000,0.046300000,0.010900000
sample,generation,ordered4,1007,1010,12,318,2.244863987,2.690300000,0.062400000,0.015200000
sample,generation,ordered4,1007,1011,12,1043,2.239680052,2.422100000,0.053900000,0.013800000
sample,generation,ordered4,1007,1012,12,287,2.238751888,2.579900000,0.047200000,0.010900000
sample,generation,ordered4,1007,1013,12,262,2.284575939,2.467300000,0.095000000,0.033700000
sample,generation,ordered4,1007,1014,12,2258,2.281408072,2.545800000,0.086500000,0.032700000
sample,generation,ordered4,1007,1015,12,10596,2.274559975,2.440000000,0.082000000,0.031500000
sample,generation,ordered4,1007,1016,12,10692,2.252608061,2.416300000,0.055600000,0.016200000
sample,generation,ordered4,1007,1017,12,422,2.245951891,2.409700000,0.053100000,0.013100000
sample,generation,ordered4,1007,1018,12,262,2.268320084,2.433200000,0.063400000,0.019700000
sample,generation,ordered4,1007,1019,12,10183,2.248480082,2.707000000,0.053100000,0.014600000
sample,generation,ordered4,1007,1020,12,19517,2.266335964,2.428800000,0.080300000,0.022600000
sample,generation,ordered4,1007,1021,12,6896,2.255903959,2.426500000,0.052600000,0.012700000
sample,generation,ordered4,1007,1022,12,284,2.262880087,2.421000000,0.055100000,0.015600000
sample,generation,ordered4,1007,1007,13,9106,2.237024069,2.675300000,0.057200000,0.013300000
sample,generation,ordered4,1007,1008,13,3876,2.230592012,2.517500000,0.052200000,0.009100000
sample,generation,ordered4,1007,1009,13,385,2.276448011,2.765000000,0.099600000,0.030700000
sample,generation,ordered4,1007,1010,13,318,2.242111921,2.621700000,0.057900000,0.013000000
sample,generation,ordered4,1007,1011,13,1043,2.243904114,2.721200000,0.061300000,0.013300000
sample,generation,ordered4,1007,1012,13,287,2.244127989,2.680000000,0.063200000,0.014200000
sample,generation,ordered4,1007,1013,13,262,2.254271984,2.728500000,0.066100000,0.017700000
sample,generation,ordered4,1007,1014,13,2258,2.242271900,2.675200000,0.052100000,0.009700000
sample,generation,ordered4,1007,1015,13,10596,2.243168116,2.675000000,0.055700000,0.012400000
sample,generation,ordered4,1007,1016,13,10692,2.251264095,2.687400000,0.067400000,0.018700000
sample,generation,ordered4,1007,1017,13,422,2.257535934,2.739800000,0.126100000,0.020300000
sample,generation,ordered4,1007,1018,13,262,2.286560059,2.724000000,0.090900000,0.029800000
sample,generation,ordered4,1007,1019,13,10183,2.243680000,2.413400000,0.054800000,0.010600000
sample,generation,ordered4,1007,1020,13,19517,2.257375956,2.696800000,0.092700000,0.018200000
sample,generation,ordered4,1007,1021,13,6896,2.251296043,2.691700000,0.055100000,0.011000000
sample,generation,ordered4,1007,1022,13,284,2.260512114,2.696600000,0.059400000,0.013400000
sample,generation,original,1007,1007,13,9106,1.681471944,1.918300000,0.097600000,0.036000000
sample,generation,original,1007,1008,13,3876,1.667551994,1.936300000,0.081000000,0.024400000
sample,generation,original,1007,1009,13,385,1.706207991,1.978400000,0.117800000,0.046100000
sample,generation,original,1007,1010,13,318,1.704735994,1.947100000,0.117400000,0.046600000
sample,generation,original,1007,1011,13,1043,1.681344032,1.923900000,0.092600000,0.032700000
sample,generation,original,1007,1012,13,287,1.688127995,1.953300000,0.095700000,0.033800000
sample,generation,original,1007,1013,13,262,1.704159975,1.946900000,0.109300000,0.042000000
sample,generation,original,1007,1014,13,2258,1.696607947,1.997400000,0.101900000,0.037600000
sample,generation,original,1007,1015,13,10596,1.680927992,1.878400000,0.095300000,0.027800000
sample,generation,original,1007,1016,13,10692,1.689568043,1.860200000,0.087700000,0.029500000
sample,generation,original,1007,1017,13,422,1.663679957,1.841100000,0.055500000,0.015300000
sample,generation,original,1007,1018,13,262,1.679648042,2.137900000,0.079100000,0.023700000
sample,generation,original,1007,1019,13,10183,1.657631993,1.814800000,0.055700000,0.014000000
sample,generation,original,1007,1020,13,19517,1.658944011,1.817500000,0.066300000,0.012600000
sample,generation,original,1007,1021,13,6896,1.659391999,1.866700000,0.049200000,0.011400000
sample,generation,original,1007,1022,13,284,1.698271990,1.873600000,0.097400000,0.028900000
sample,generation,original,1007,1007,14,9106,1.675328016,1.939000000,0.084800000,0.029800000
sample,generation,original,1007,1008,14,3876,1.667904019,1.833600000,0.072300000,0.025300000
sample,generation,original,1007,1009,14,385,1.654335976,1.841300000,0.049400000,0.011400000
sample,generation,original,1007,1010,14,318,1.667935967,1.825700000,0.063400000,0.022200000
sample,generation,original,1007,1011,14,1043,1.647104025,1.800600000,0.046800000,0.010500000
sample,generation,original,1007,1012,14,287,1.647423983,1.825300000,0.042800000,0.008900000
sample,generation,original,1007,1013,14,262,1.654592037,2.231600000,0.047500000,0.008900000
sample,generation,original,1007,1014,14,2258,1.662271976,1.834500000,0.059300000,0.014300000
sample,generation,original,1007,1015,14,10596,1.655392051,1.829900000,0.059800000,0.014700000
sample,generation,original,1007,1016,14,10692,1.650879979,2.074400000,0.052000000,0.010500000
sample,generation,original,1007,1017,14,422,1.653792024,1.815800000,0.051800000,0.010200000
sample,generation,original,1007,1018,14,262,1.655647993,2.087000000,0.049300000,0.009700000
sample,generation,original,1007,1019,14,10183,1.655904055,1.821100000,0.052600000,0.010600000
sample,generation,original,1007,1020,14,19517,1.654880047,2.128800000,0.054000000,0.009800000
sample,generation,original,1007,1021,14,6896,1.656416059,2.005800000,0.047100000,0.009000000
sample,generation,original,1007,1022,14,284,1.723999977,1.911800000,0.148000000,0.047200000
sample,generation,ordered4,1007,1007,14,9106,2.282592058,2.618400000,0.116300000,0.045800000
sample,generation,ordered4,1007,1008,14,3876,2.288703918,2.507300000,0.121800000,0.048800000
sample,generation,ordered4,1007,1009,14,385,2.302335978,2.598800000,0.123400000,0.047200000
sample,generation,ordered4,1007,1010,14,318,2.326816082,2.652100000,0.179500000,0.045700000
sample,generation,ordered4,1007,1011,14,1043,2.300704002,2.563900000,0.124700000,0.049000000
sample,generation,ordered4,1007,1012,14,287,2.290528059,2.496600000,0.111700000,0.044000000
sample,generation,ordered4,1007,1013,14,262,2.285792112,2.496900000,0.099300000,0.039100000
sample,generation,ordered4,1007,1014,14,2258,2.283456087,2.484600000,0.098200000,0.038300000
sample,generation,ordered4,1007,1015,14,10596,2.333888054,2.589100000,0.154700000,0.038900000
sample,generation,ordered4,1007,1016,14,10692,2.299616098,2.497300000,0.117200000,0.045400000
sample,generation,ordered4,1007,1017,14,422,2.269952059,2.470900000,0.077000000,0.026600000
sample,generation,ordered4,1007,1018,14,262,2.291104078,2.505000000,0.095800000,0.034700000
sample,generation,ordered4,1007,1019,14,10183,2.296927929,2.603400000,0.115300000,0.046300000
sample,generation,ordered4,1007,1020,14,19517,2.341311932,2.577500000,0.163100000,0.073600000
sample,generation,ordered4,1007,1021,14,6896,2.309504032,2.519300000,0.123200000,0.047400000
sample,generation,ordered4,1007,1022,14,284,2.261312008,2.454100000,0.058900000,0.017600000
sample,generation,ordered4,1007,1007,15,9106,2.231775999,2.391200000,0.046900000,0.012100000
sample,generation,ordered4,1007,1008,15,3876,2.232223988,2.397700000,0.051200000,0.009500000
sample,generation,ordered4,1007,1009,15,385,2.237440109,2.705000000,0.055500000,0.011000000
sample,generation,ordered4,1007,1010,15,318,2.240319967,2.428700000,0.051500000,0.009200000
sample,generation,ordered4,1007,1011,15,1043,2.236831903,2.696900000,0.055900000,0.011500000
sample,generation,ordered4,1007,1012,15,287,2.243968010,2.416000000,0.064100000,0.012900000
sample,generation,ordered4,1007,1013,15,262,2.244384050,2.403800000,0.054200000,0.016000000
sample,generation,ordered4,1007,1014,15,2258,2.249279976,2.414500000,0.046600000,0.011900000
sample,generation,ordered4,1007,1015,15,10596,2.246815920,2.445900000,0.060000000,0.015400000
sample,generation,ordered4,1007,1016,15,10692,2.258944035,2.425900000,0.089100000,0.019200000
sample,generation,ordered4,1007,1017,15,422,2.276607990,2.498400000,0.085000000,0.033300000
sample,generation,ordered4,1007,1018,15,262,2.273504019,2.910700000,0.118100000,0.027500000
sample,generation,ordered4,1007,1019,15,10183,2.319008112,2.501900000,0.129600000,0.054900000
sample,generation,ordered4,1007,1020,15,19517,2.260384083,2.423200000,0.056200000,0.016300000
sample,generation,ordered4,1007,1021,15,6896,2.275840044,2.469100000,0.069100000,0.024300000
sample,generation,ordered4,1007,1022,15,284,2.268768072,2.462800000,0.067800000,0.020400000
sample,generation,original,1007,1007,15,9106,1.642336011,2.107000000,0.051400000,0.008700000
sample,generation,original,1007,1008,15,3876,1.645760059,2.076700000,0.051400000,0.009200000
sample,generation,original,1007,1009,15,385,1.649471998,2.119600000,0.049700000,0.008700000
sample,generation,original,1007,1010,15,318,1.649216056,2.092500000,0.049000000,0.008100000
sample,generation,original,1007,1011,15,1043,1.678688049,2.023000000,0.097300000,0.032200000
sample,generation,original,1007,1012,15,287,1.682368040,1.861600000,0.097000000,0.022900000
sample,generation,original,1007,1013,15,262,1.664095998,1.886000000,0.057000000,0.014600000
sample,generation,original,1007,1014,15,2258,1.682304025,1.854500000,0.076700000,0.028000000
sample,generation,original,1007,1015,15,10596,1.648767948,1.798200000,0.054100000,0.011300000
sample,generation,original,1007,1016,15,10692,1.653887987,1.840500000,0.045600000,0.009500000
sample,generation,original,1007,1017,15,422,1.654880047,1.809700000,0.048800000,0.012900000
sample,generation,original,1007,1018,15,262,1.656927943,2.076400000,0.044700000,0.009300000
sample,generation,original,1007,1019,15,10183,1.655455947,2.165300000,0.054100000,0.010800000
sample,generation,original,1007,1020,15,19517,1.738783956,1.954900000,0.143400000,0.057300000
sample,generation,original,1007,1021,15,6896,1.694239974,1.858000000,0.090300000,0.031900000
sample,generation,original,1007,1022,15,284,1.665120006,1.876100000,0.051500000,0.013000000
sample,setup,first_series,128,128,0,0,0.110100000,0.447800000,0.215800000,0.086000000
sample,first_replay,ordered4,128,128,0,284,1.137663960,1.148500000,0.041800000,0.011800000
sample,setup,warm,128,128,1,0,0.072000000,0.311000000,0.133800000,0.076200000
sample,first_replay,ordered4,128,128,1,284,1.133568048,1.141800000,0.053400000,0.009600000
sample,setup,warm,128,128,2,0,0.058600000,0.324100000,0.123000000,0.114600000
sample,first_replay,ordered4,128,128,2,284,1.147904038,1.157300000,0.065800000,0.017300000
sample,setup,warm,128,128,3,0,0.062600000,0.296300000,0.136900000,0.068200000
sample,first_replay,ordered4,128,128,3,284,1.132544041,1.142200000,0.035700000,0.009800000
sample,setup,warm,128,128,4,0,0.074800000,0.332600000,0.150200000,0.077300000
sample,first_replay,ordered4,128,128,4,284,1.137632012,1.145500000,0.054500000,0.010600000
sample,setup,warm,128,128,5,0,0.063600000,0.279800000,0.119800000,0.069300000
sample,first_replay,ordered4,128,128,5,284,1.131520033,1.159300000,0.045700000,0.009500000
sample,setup,warm,128,128,6,0,0.091000000,0.392000000,0.164600000,0.092700000
sample,first_replay,ordered4,128,128,6,284,1.146880031,1.155000000,0.061400000,0.015900000
sample,setup,warm,128,128,7,0,0.063200000,0.296200000,0.130800000,0.074500000
sample,first_replay,ordered4,128,128,7,284,1.134431958,1.142100000,0.041200000,0.009800000
sample,setup,warm,128,128,8,0,0.076000000,0.333200000,0.153600000,0.074300000
sample,first_replay,ordered4,128,128,8,284,1.133568048,1.142500000,0.035600000,0.010400000
sample,setup,warm,128,128,9,0,0.062900000,0.280300000,0.123200000,0.067500000
sample,first_replay,ordered4,128,128,9,284,1.136576056,1.142900000,0.051500000,0.009900000
sample,setup,warm,128,128,10,0,0.057700000,0.264200000,0.114900000,0.064300000
sample,first_replay,ordered4,128,128,10,284,1.132287979,1.140500000,0.051400000,0.009100000
sample,setup,warm,128,128,11,0,0.063700000,0.365600000,0.180200000,0.091900000
sample,first_replay,ordered4,128,128,11,284,1.137663960,1.267700000,0.055200000,0.010900000
sample,setup,warm,128,128,12,0,0.076700000,0.352000000,0.152400000,0.082500000
sample,first_replay,ordered4,128,128,12,284,1.137503982,1.149100000,0.075800000,0.011400000
sample,setup,warm,128,128,13,0,0.147600000,0.732000000,0.331000000,0.199500000
sample,first_replay,ordered4,128,128,13,284,1.157119989,1.171100000,0.076800000,0.022100000
sample,setup,warm,128,128,14,0,0.090700000,0.444100000,0.195800000,0.122500000
sample,first_replay,ordered4,128,128,14,284,1.134592056,1.144800000,0.071800000,0.010600000
sample,setup,warm,128,128,15,0,0.083300000,0.374900000,0.180800000,0.079500000
sample,first_replay,ordered4,128,128,15,284,1.134592056,1.143400000,0.039800000,0.010600000
sample,setup,warm,128,128,16,0,0.075600000,0.321600000,0.149400000,0.067400000
sample,first_replay,ordered4,128,128,16,284,1.134592056,1.141800000,0.035600000,0.009800000
sample,setup,warm,128,128,17,0,0.063300000,0.298700000,0.117700000,0.090300000
sample,first_replay,ordered4,128,128,17,284,1.133568048,1.143100000,0.066300000,0.009800000
sample,setup,warm,128,128,18,0,0.111300000,0.483000000,0.205800000,0.117900000
sample,first_replay,ordered4,128,128,18,284,1.145856023,1.156000000,0.069400000,0.015500000
sample,setup,warm,128,128,19,0,0.084700000,0.374500000,0.174000000,0.085500000
sample,first_replay,ordered4,128,128,19,284,1.139711976,1.147900000,0.051700000,0.010500000
sample,setup,warm,128,128,20,0,0.068100000,0.303300000,0.139600000,0.067200000
sample,first_replay,ordered4,128,128,20,284,1.132544041,1.156800000,0.043800000,0.009600000
sample,setup,warm,128,128,21,0,0.064000000,0.303100000,0.127100000,0.084600000
sample,first_replay,ordered4,128,128,21,284,1.138687968,1.145300000,0.046700000,0.009500000
sample,setup,warm,128,128,22,0,0.058400000,0.264600000,0.115500000,0.063700000
sample,first_replay,ordered4,128,128,22,284,1.143712044,1.150900000,0.053400000,0.009300000
sample,setup,warm,128,128,23,0,0.071300000,0.366200000,0.156400000,0.109100000
sample,first_replay,ordered4,128,128,23,284,1.135519981,1.143200000,0.046000000,0.010300000
sample,setup,warm,128,128,24,0,0.063600000,0.280300000,0.123300000,0.066500000
sample,first_replay,ordered4,128,128,24,284,1.142783999,1.149500000,0.051400000,0.009100000
sample,setup,warm,128,128,25,0,0.058400000,0.261000000,0.112100000,0.064200000
sample,first_replay,ordered4,128,128,25,284,1.132544041,1.139600000,0.065800000,0.008800000
sample,setup,warm,128,128,26,0,0.055700000,0.260300000,0.115000000,0.063900000
sample,first_replay,ordered4,128,128,26,284,1.132544041,1.140300000,0.035000000,0.008900000
sample,setup,warm,128,128,27,0,0.063000000,0.299400000,0.135700000,0.072600000
sample,first_replay,ordered4,128,128,27,284,1.131520033,1.139600000,0.069000000,0.009800000
sample,setup,warm,128,128,28,0,0.056700000,0.266100000,0.120200000,0.062800000
sample,first_replay,ordered4,128,128,28,284,1.130496025,1.139100000,0.033000000,0.009300000
sample,setup,warm,128,128,29,0,0.056600000,0.299600000,0.110700000,0.106400000
sample,first_replay,ordered4,128,128,29,284,1.134592056,1.143400000,0.047400000,0.009200000
sample,setup,warm,128,128,30,0,0.058800000,0.297000000,0.128700000,0.082100000
sample,first_replay,ordered4,128,128,30,284,1.134592056,1.144200000,0.061000000,0.010300000
sample,prefill_control,original,512,512,0,0,108.092384338,108.114000000,0.000000000,0.000000000
sample,head_control,original,512,512,0,0,0.350208014,0.354000000,0.000000000,0.000000000
sample,prefill_control,ordered4,512,512,0,0,108.078079224,108.098400000,0.000000000,0.000000000
sample,head_control,ordered4,512,512,0,0,0.346112013,0.349800000,0.000000000,0.000000000
sample,prefill_control,ordered4,512,512,1,0,108.024833679,108.041400000,0.000000000,0.000000000
sample,head_control,ordered4,512,512,1,0,0.334847987,0.337400000,0.000000000,0.000000000
sample,prefill_control,original,512,512,1,0,108.007644653,108.025200000,0.000000000,0.000000000
sample,head_control,original,512,512,1,0,0.338943988,0.342200000,0.000000000,0.000000000
sample,prefill_control,original,512,512,2,0,108.059646606,108.073700000,0.000000000,0.000000000
sample,head_control,original,512,512,2,0,0.339967996,0.343300000,0.000000000,0.000000000
sample,prefill_control,ordered4,512,512,2,0,108.043266296,108.065800000,0.000000000,0.000000000
sample,head_control,ordered4,512,512,2,0,0.354303986,0.358400000,0.000000000,0.000000000
sample,prefill_control,ordered4,512,512,3,0,108.085250854,108.104600000,0.000000000,0.000000000
sample,head_control,ordered4,512,512,3,0,0.357376009,0.360300000,0.000000000,0.000000000
sample,prefill_control,original,512,512,3,0,108.066818237,108.088400000,0.000000000,0.000000000
sample,head_control,original,512,512,3,0,0.344063997,0.348300000,0.000000000,0.000000000
sample,prefill_control,original,512,512,4,0,108.099586487,108.114400000,0.000000000,0.000000000
sample,head_control,original,512,512,4,0,0.332800001,0.336300000,0.000000000,0.000000000
sample,prefill_control,ordered4,512,512,4,0,108.039009094,108.058000000,0.000000000,0.000000000
sample,head_control,ordered4,512,512,4,0,0.344063997,0.348100000,0.000000000,0.000000000
sample,prefill_control,ordered4,512,512,5,0,108.006401062,108.025600000,0.000000000,0.000000000
sample,head_control,ordered4,512,512,5,0,0.346112013,0.349900000,0.000000000,0.000000000
sample,prefill_control,original,512,512,5,0,108.094467163,108.115200000,0.000000000,0.000000000
sample,head_control,original,512,512,5,0,0.344063997,0.348600000,0.000000000,0.000000000
sample,prefill_control,original,512,512,6,0,108.015647888,108.031900000,0.000000000,0.000000000
sample,head_control,original,512,512,6,0,0.336896002,0.340100000,0.000000000,0.000000000
sample,prefill_control,ordered4,512,512,6,0,108.050430298,108.066800000,0.000000000,0.000000000
sample,head_control,ordered4,512,512,6,0,0.332800001,0.353400000,0.000000000,0.000000000
sample,prefill_control,ordered4,512,512,7,0,108.060768127,108.076200000,0.000000000,0.000000000
sample,head_control,ordered4,512,512,7,0,0.336896002,0.340200000,0.000000000,0.000000000
sample,prefill_control,original,512,512,7,0,108.069885254,108.085800000,0.000000000,0.000000000
sample,head_control,original,512,512,7,0,0.333824009,0.337000000,0.000000000,0.000000000
sample,prefill_control,original,512,512,8,0,108.092414856,108.114200000,0.000000000,0.000000000
sample,head_control,original,512,512,8,0,0.362495989,0.366400000,0.000000000,0.000000000
sample,prefill_control,ordered4,512,512,8,0,108.136451721,108.155600000,0.000000000,0.000000000
sample,head_control,ordered4,512,512,8,0,0.343039989,0.346500000,0.000000000,0.000000000
sample,prefill_control,ordered4,512,512,9,0,108.013565063,108.030200000,0.000000000,0.000000000
sample,head_control,ordered4,512,512,9,0,0.332800001,0.335100000,0.000000000,0.000000000
sample,prefill_control,original,512,512,9,0,108.024833679,108.044300000,0.000000000,0.000000000
sample,head_control,original,512,512,9,0,0.342016011,0.345600000,0.000000000,0.000000000
sample,prefill_control,original,512,512,10,0,108.118019104,108.137500000,0.000000000,0.000000000
sample,head_control,original,512,512,10,0,0.346112013,0.349500000,0.000000000,0.000000000
sample,prefill_control,ordered4,512,512,10,0,108.056579590,108.075300000,0.000000000,0.000000000
sample,head_control,ordered4,512,512,10,0,0.345088005,0.349000000,0.000000000,0.000000000
sample,prefill_control,ordered4,512,512,11,0,108.119041443,108.138700000,0.000000000,0.000000000
sample,head_control,ordered4,512,512,11,0,0.344063997,0.348100000,0.000000000,0.000000000
sample,prefill_control,original,512,512,11,0,108.079101562,108.097900000,0.000000000,0.000000000
sample,head_control,original,512,512,11,0,0.348159999,0.352800000,0.000000000,0.000000000
sample,prefill_control,original,512,512,12,0,108.046333313,108.062700000,0.000000000,0.000000000
sample,head_control,original,512,512,12,0,0.332735986,0.335400000,0.000000000,0.000000000
sample,prefill_control,ordered4,512,512,12,0,107.979774475,107.996600000,0.000000000,0.000000000
sample,head_control,ordered4,512,512,12,0,0.339967996,0.343100000,0.000000000,0.000000000
sample,prefill_control,ordered4,512,512,13,0,108.061698914,108.082500000,0.000000000,0.000000000
sample,head_control,ordered4,512,512,13,0,0.346112013,0.350200000,0.000000000,0.000000000
sample,prefill_control,original,512,512,13,0,108.062721252,108.079300000,0.000000000,0.000000000
sample,head_control,original,512,512,13,0,0.333824009,0.336500000,0.000000000,0.000000000
sample,prefill_control,original,512,512,14,0,108.045310974,108.064600000,0.000000000,0.000000000
sample,head_control,original,512,512,14,0,0.345088005,0.349600000,0.000000000,0.000000000
sample,prefill_control,ordered4,512,512,14,0,108.086273193,108.116800000,0.000000000,0.000000000
sample,head_control,ordered4,512,512,14,0,0.345088005,0.348700000,0.000000000,0.000000000
sample,prefill_control,ordered4,512,512,15,0,108.064765930,108.085200000,0.000000000,0.000000000
sample,head_control,ordered4,512,512,15,0,0.342016011,0.346800000,0.000000000,0.000000000
sample,prefill_control,original,512,512,15,0,108.082176208,108.101900000,0.000000000,0.000000000
sample,head_control,original,512,512,15,0,0.345088005,0.349000000,0.000000000,0.000000000
sample,prefill_control,original,512,512,16,0,108.065856934,108.081700000,0.000000000,0.000000000
sample,head_control,original,512,512,16,0,0.334847987,0.338300000,0.000000000,0.000000000
sample,prefill_control,ordered4,512,512,16,0,108.015487671,108.034500000,0.000000000,0.000000000
sample,head_control,ordered4,512,512,16,0,0.346112013,0.350300000,0.000000000,0.000000000
sample,prefill_control,ordered4,512,512,17,0,107.932670593,107.951500000,0.000000000,0.000000000
sample,head_control,ordered4,512,512,17,0,0.349184006,0.354200000,0.000000000,0.000000000
sample,prefill_control,original,512,512,17,0,107.975677490,107.997500000,0.000000000,0.000000000
sample,head_control,original,512,512,17,0,0.343039989,0.347000000,0.000000000,0.000000000
sample,prefill_control,original,512,512,18,0,107.968513489,107.993300000,0.000000000,0.000000000
sample,head_control,original,512,512,18,0,0.349184006,0.352700000,0.000000000,0.000000000
sample,prefill_control,ordered4,512,512,18,0,107.941116333,107.960100000,0.000000000,0.000000000
sample,head_control,ordered4,512,512,18,0,0.336896002,0.339100000,0.000000000,0.000000000
sample,prefill_control,ordered4,512,512,19,0,107.975677490,107.997400000,0.000000000,0.000000000
sample,head_control,ordered4,512,512,19,0,0.353280008,0.355800000,0.000000000,0.000000000
sample,prefill_control,original,512,512,19,0,107.891708374,107.908200000,0.000000000,0.000000000
sample,head_control,original,512,512,19,0,0.333824009,0.335900000,0.000000000,0.000000000
sample,prefill_control,original,512,512,20,0,107.909118652,107.928200000,0.000000000,0.000000000
sample,head_control,original,512,512,20,0,0.338943988,0.341800000,0.000000000,0.000000000
sample,prefill_control,ordered4,512,512,20,0,107.952125549,107.972700000,0.000000000,0.000000000
sample,head_control,ordered4,512,512,20,0,0.344063997,0.348800000,0.000000000,0.000000000
sample,prefill_control,ordered4,512,512,21,0,107.956222534,107.978100000,0.000000000,0.000000000
sample,head_control,ordered4,512,512,21,0,0.355327994,0.359600000,0.000000000,0.000000000
sample,prefill_control,original,512,512,21,0,107.990013123,108.003900000,0.000000000,0.000000000
sample,head_control,original,512,512,21,0,0.350208014,0.352300000,0.000000000,0.000000000
sample,prefill_control,original,512,512,22,0,107.983871460,108.000500000,0.000000000,0.000000000
sample,head_control,original,512,512,22,0,0.334847987,0.337000000,0.000000000,0.000000000
sample,prefill_control,ordered4,512,512,22,0,107.984893799,108.004800000,0.000000000,0.000000000
sample,head_control,ordered4,512,512,22,0,0.343039989,0.346800000,0.000000000,0.000000000
sample,prefill_control,ordered4,512,512,23,0,108.006401062,108.028500000,0.000000000,0.000000000
sample,head_control,ordered4,512,512,23,0,0.356352001,0.359400000,0.000000000,0.000000000
sample,prefill_control,original,512,512,23,0,107.954177856,107.974400000,0.000000000,0.000000000
sample,head_control,original,512,512,23,0,0.342016011,0.346000000,0.000000000,0.000000000
sample,prefill_control,original,512,512,24,0,107.980796814,108.000400000,0.000000000,0.000000000
sample,head_control,original,512,512,24,0,0.345088005,0.348800000,0.000000000,0.000000000
sample,prefill_control,ordered4,512,512,24,0,107.986946106,108.010300000,0.000000000,0.000000000
sample,head_control,ordered4,512,512,24,0,0.346112013,0.349500000,0.000000000,0.000000000
sample,prefill_control,ordered4,512,512,25,0,107.981826782,108.004200000,0.000000000,0.000000000
sample,head_control,ordered4,512,512,25,0,0.345088005,0.349500000,0.000000000,0.000000000
sample,prefill_control,original,512,512,25,0,108.041213989,108.062800000,0.000000000,0.000000000
sample,head_control,original,512,512,25,0,0.346112013,0.349900000,0.000000000,0.000000000
sample,prefill_control,original,512,512,26,0,108.140541077,108.167400000,0.000000000,0.000000000
sample,head_control,original,512,512,26,0,0.357376009,0.360500000,0.000000000,0.000000000
sample,prefill_control,ordered4,512,512,26,0,108.146690369,108.174100000,0.000000000,0.000000000
sample,head_control,ordered4,512,512,26,0,0.351231992,0.355600000,0.000000000,0.000000000
sample,prefill_control,ordered4,512,512,27,0,108.124160767,108.145900000,0.000000000,0.000000000
sample,head_control,ordered4,512,512,27,0,0.353280008,0.356100000,0.000000000,0.000000000
sample,prefill_control,original,512,512,27,0,108.109825134,108.138900000,0.000000000,0.000000000
sample,head_control,original,512,512,27,0,0.339904010,0.342700000,0.000000000,0.000000000
sample,prefill_control,original,512,512,28,0,108.069854736,108.084300000,0.000000000,0.000000000
sample,head_control,original,512,512,28,0,0.334847987,0.337800000,0.000000000,0.000000000
sample,prefill_control,ordered4,512,512,28,0,108.138435364,108.160400000,0.000000000,0.000000000
sample,head_control,ordered4,512,512,28,0,0.353280008,0.357700000,0.000000000,0.000000000
sample,prefill_control,ordered4,512,512,29,0,108.109825134,108.125600000,0.000000000,0.000000000
sample,head_control,ordered4,512,512,29,0,0.336896002,0.339700000,0.000000000,0.000000000
sample,prefill_control,original,512,512,29,0,108.106750488,108.128200000,0.000000000,0.000000000
sample,head_control,original,512,512,29,0,0.351231992,0.355300000,0.000000000,0.000000000
