start_ns,end_ns,name
13464835,13465922,"k_embed_one(__half *, const __half *, const __half *, int, int)"
13465955,13469251,"k_layernorm(__half *, const __half *, const __half *, const __half *, int, int)"
13469283,13485732,"k_gemv_fp16(__half *, const __half *, const __half *, const __half *, int, int)"
13485764,13486788,"k_kv_append(__half *, __half *, const __half *, int, int)"
13486852,13497605,"k_attn_decode(__half *, const __half *, const __half *, const __half *, int, int)"
13497637,13505221,"k_gemv_fp16(__half *, const __half *, const __half *, const __half *, int, int)"
13505253,13506181,"k_add(__half *, const __half *, unsigned long long)"
13506213,13509477,"k_layernorm(__half *, const __half *, const __half *, const __half *, int, int)"
13509510,13530631,"k_gemv_fp16(__half *, const __half *, const __half *, const __half *, int, int)"
13530663,13531655,"k_gelu(__half *, unsigned long long)"
13531687,13555113,"k_gemv_fp16(__half *, const __half *, const __half *, const __half *, int, int)"
13555177,13556073,"k_add(__half *, const __half *, unsigned long long)"
13556105,13559497,"k_layernorm(__half *, const __half *, const __half *, const __half *, int, int)"
13559529,13575914,"k_gemv_fp16(__half *, const __half *, const __half *, const __half *, int, int)"
13575946,13576938,"k_kv_append(__half *, __half *, const __half *, int, int)"
13577002,13587531,"k_attn_decode(__half *, const __half *, const __half *, const __half *, int, int)"
13588267,13595147,"k_gemv_fp16(__half *, const __half *, const __half *, const __half *, int, int)"
13595180,13596075,"k_add(__half *, const __half *, unsigned long long)"
13596107,13599404,"k_layernorm(__half *, const __half *, const __half *, const __half *, int, int)"
13599436,13620781,"k_gemv_fp16(__half *, const __half *, const __half *, const __half *, int, int)"
13620813,13621773,"k_gelu(__half *, unsigned long long)"
13621837,13646959,"k_gemv_fp16(__half *, const __half *, const __half *, const __half *, int, int)"
13646991,13647887,"k_add(__half *, const __half *, unsigned long long)"
13647919,13651215,"k_layernorm(__half *, const __half *, const __half *, const __half *, int, int)"
13651279,13670833,"k_gemv_fp16(__half *, const __half *, const __half *, const __half *, int, int)"
13670897,13671889,"k_kv_append(__half *, __half *, const __half *, int, int)"
13671921,13683121,"k_attn_decode(__half *, const __half *, const __half *, const __half *, int, int)"
13683154,13691474,"k_gemv_fp16(__half *, const __half *, const __half *, const __half *, int, int)"
13691506,13692402,"k_add(__half *, const __half *, unsigned long long)"
13692434,13695698,"k_layernorm(__half *, const __half *, const __half *, const __half *, int, int)"
13695762,13717940,"k_gemv_fp16(__half *, const __half *, const __half *, const __half *, int, int)"
13717972,13718932,"k_gelu(__half *, unsigned long long)"
13719956,13743510,"k_gemv_fp16(__half *, const __half *, const __half *, const __half *, int, int)"
13743574,13744470,"k_add(__half *, const __half *, unsigned long long)"
13744502,13747734,"k_layernorm(__half *, const __half *, const __half *, const __half *, int, int)"
13747798,13764279,"k_gemv_fp16(__half *, const __half *, const __half *, const __half *, int, int)"
13764343,13765335,"k_kv_append(__half *, __half *, const __half *, int, int)"
13765367,13775992,"k_attn_decode(__half *, const __half *, const __half *, const __half *, int, int)"
13776024,13783672,"k_gemv_fp16(__half *, const __half *, const __half *, const __half *, int, int)"
13783736,13784600,"k_add(__half *, const __half *, unsigned long long)"
13784664,13788057,"k_layernorm(__half *, const __half *, const __half *, const __half *, int, int)"
13788121,13809338,"k_gemv_fp16(__half *, const __half *, const __half *, const __half *, int, int)"
13809402,13810362,"k_gelu(__half *, unsigned long long)"
13810394,13833852,"k_gemv_fp16(__half *, const __half *, const __half *, const __half *, int, int)"
13833884,13834780,"k_add(__half *, const __half *, unsigned long long)"
13834844,13838108,"k_layernorm(__half *, const __half *, const __half *, const __half *, int, int)"
13838140,13854589,"k_gemv_fp16(__half *, const __half *, const __half *, const __half *, int, int)"
13854621,13855613,"k_kv_append(__half *, __half *, const __half *, int, int)"
13856413,13867070,"k_attn_decode(__half *, const __half *, const __half *, const __half *, int, int)"
13867102,13874719,"k_gemv_fp16(__half *, const __half *, const __half *, const __half *, int, int)"
13874751,13875647,"k_add(__half *, const __half *, unsigned long long)"
13875679,13878911,"k_layernorm(__half *, const __half *, const __half *, const __half *, int, int)"
13878975,13900224,"k_gemv_fp16(__half *, const __half *, const __half *, const __half *, int, int)"
13900256,13901216,"k_gelu(__half *, unsigned long long)"
13901248,13924802,"k_gemv_fp16(__half *, const __half *, const __half *, const __half *, int, int)"
13924834,13925730,"k_add(__half *, const __half *, unsigned long long)"
13925794,13929058,"k_layernorm(__half *, const __half *, const __half *, const __half *, int, int)"
13929122,13945667,"k_gemv_fp16(__half *, const __half *, const __half *, const __half *, int, int)"
13945731,13946724,"k_kv_append(__half *, __half *, const __half *, int, int)"
13946756,13957412,"k_attn_decode(__half *, const __half *, const __half *, const __half *, int, int)"
13957444,13964997,"k_gemv_fp16(__half *, const __half *, const __half *, const __half *, int, int)"
13965061,13965957,"k_add(__half *, const __half *, unsigned long long)"
13965989,13969253,"k_layernorm(__half *, const __half *, const __half *, const __half *, int, int)"
13969285,13990438,"k_gemv_fp16(__half *, const __half *, const __half *, const __half *, int, int)"
13991207,13992135,"k_gelu(__half *, unsigned long long)"
13992199,14015784,"k_gemv_fp16(__half *, const __half *, const __half *, const __half *, int, int)"
14015848,14016744,"k_add(__half *, const __half *, unsigned long long)"
14016776,14020041,"k_layernorm(__half *, const __half *, const __half *, const __half *, int, int)"
14020105,14036490,"k_gemv_fp16(__half *, const __half *, const __half *, const __half *, int, int)"
14036554,14037514,"k_kv_append(__half *, __half *, const __half *, int, int)"
14037578,14048107,"k_attn_decode(__half *, const __half *, const __half *, const __half *, int, int)"
14048139,14055723,"k_gemv_fp16(__half *, const __half *, const __half *, const __half *, int, int)"
14055787,14056683,"k_add(__half *, const __half *, unsigned long long)"
14056715,14059947,"k_layernorm(__half *, const __half *, const __half *, const __half *, int, int)"
14060011,14081229,"k_gemv_fp16(__half *, const __half *, const __half *, const __half *, int, int)"
14081261,14082221,"k_gelu(__half *, unsigned long long)"
14082285,14105679,"k_gemv_fp16(__half *, const __half *, const __half *, const __half *, int, int)"
14105742,14106639,"k_add(__half *, const __half *, unsigned long long)"
14106670,14109999,"k_layernorm(__half *, const __half *, const __half *, const __half *, int, int)"
14110063,14126512,"k_gemv_fp16(__half *, const __half *, const __half *, const __half *, int, int)"
14127408,14128400,"k_kv_append(__half *, __half *, const __half *, int, int)"
14128464,14139473,"k_attn_decode(__half *, const __half *, const __half *, const __half *, int, int)"
14139537,14147377,"k_gemv_fp16(__half *, const __half *, const __half *, const __half *, int, int)"
14147409,14148305,"k_add(__half *, const __half *, unsigned long long)"
14148337,14151570,"k_layernorm(__half *, const __half *, const __half *, const __half *, int, int)"
14151634,14172787,"k_gemv_fp16(__half *, const __half *, const __half *, const __half *, int, int)"
14172819,14173779,"k_gelu(__half *, unsigned long long)"
14173811,14197205,"k_gemv_fp16(__half *, const __half *, const __half *, const __half *, int, int)"
14197237,14198133,"k_add(__half *, const __half *, unsigned long long)"
14198165,14201525,"k_layernorm(__half *, const __half *, const __half *, const __half *, int, int)"
14201557,14217942,"k_gemv_fp16(__half *, const __half *, const __half *, const __half *, int, int)"
14217974,14218966,"k_kv_append(__half *, __half *, const __half *, int, int)"
14219030,14229815,"k_attn_decode(__half *, const __half *, const __half *, const __half *, int, int)"
14229847,14237464,"k_gemv_fp16(__half *, const __half *, const __half *, const __half *, int, int)"
14237496,14238391,"k_add(__half *, const __half *, unsigned long long)"
14238456,14241656,"k_layernorm(__half *, const __half *, const __half *, const __half *, int, int)"
14242456,14263801,"k_gemv_fp16(__half *, const __half *, const __half *, const __half *, int, int)"
14263833,14264793,"k_gelu(__half *, unsigned long long)"
14264858,14288155,"k_gemv_fp16(__half *, const __half *, const __half *, const __half *, int, int)"
14288219,14289115,"k_add(__half *, const __half *, unsigned long long)"
14289147,14292411,"k_layernorm(__half *, const __half *, const __half *, const __half *, int, int)"
14292443,14309148,"k_gemv_fp16(__half *, const __half *, const __half *, const __half *, int, int)"
14309180,14310173,"k_kv_append(__half *, __half *, const __half *, int, int)"
14310237,14320861,"k_attn_decode(__half *, const __half *, const __half *, const __half *, int, int)"
14320893,14328510,"k_gemv_fp16(__half *, const __half *, const __half *, const __half *, int, int)"
14328574,14329470,"k_add(__half *, const __half *, unsigned long long)"
14329502,14332734,"k_layernorm(__half *, const __half *, const __half *, const __half *, int, int)"
14332766,14353984,"k_gemv_fp16(__half *, const __half *, const __half *, const __half *, int, int)"
14354048,14355008,"k_gelu(__half *, unsigned long long)"
14355040,14378369,"k_gemv_fp16(__half *, const __half *, const __half *, const __half *, int, int)"
14378401,14379329,"k_add(__half *, const __half *, unsigned long long)"
14379361,14382594,"k_layernorm(__half *, const __half *, const __half *, const __half *, int, int)"
14383393,14399811,"k_gemv_fp16(__half *, const __half *, const __half *, const __half *, int, int)"
14399843,14400867,"k_kv_append(__half *, __half *, const __half *, int, int)"
14400899,14411587,"k_attn_decode(__half *, const __half *, const __half *, const __half *, int, int)"
14411620,14419332,"k_gemv_fp16(__half *, const __half *, const __half *, const __half *, int, int)"
14419364,14420260,"k_add(__half *, const __half *, unsigned long long)"
14420292,14423652,"k_layernorm(__half *, const __half *, const __half *, const __half *, int, int)"
14423684,14444806,"k_gemv_fp16(__half *, const __half *, const __half *, const __half *, int, int)"
14444870,14445830,"k_gelu(__half *, unsigned long long)"
14445862,14469256,"k_gemv_fp16(__half *, const __half *, const __half *, const __half *, int, int)"
14469287,14470183,"k_add(__half *, const __half *, unsigned long long)"
14470247,14473448,"k_layernorm(__half *, const __half *, const __half *, const __half *, int, int)"
14473512,14489929,"k_gemv_fp16(__half *, const __half *, const __half *, const __half *, int, int)"
14489993,14490985,"k_kv_append(__half *, __half *, const __half *, int, int)"
14491049,14501674,"k_attn_decode(__half *, const __half *, const __half *, const __half *, int, int)"
14501706,14509418,"k_gemv_fp16(__half *, const __half *, const __half *, const __half *, int, int)"
14509450,14510346,"k_add(__half *, const __half *, unsigned long long)"
14511146,14514506,"k_layernorm(__half *, const __half *, const __half *, const __half *, int, int)"
14514539,14535724,"k_gemv_fp16(__half *, const __half *, const __half *, const __half *, int, int)"
14535756,14536716,"k_gelu(__half *, unsigned long long)"
14536748,14560206,"k_gemv_fp16(__half *, const __half *, const __half *, const __half *, int, int)"
14560270,14561166,"k_add(__half *, const __half *, unsigned long long)"
14561198,14564590,"k_layernorm(__half *, const __half *, const __half *, const __half *, int, int)"
14564622,14876900,"k_gemv_fp16(__half *, const __half *, const __half *, const __half *, int, int)"
14975850,14976906,"k_embed_one(__half *, const __half *, const __half *, int, int)"
14976938,14980267,"k_layernorm(__half *, const __half *, const __half *, const __half *, int, int)"
14980299,14996812,"k_gemv_fp16(__half *, const __half *, const __half *, const __half *, int, int)"
14996844,14998060,"k_kv_append(__half *, __half *, const __half *, int, int)"
14998092,15008940,"k_attn_decode(__half *, const __half *, const __half *, const __half *, int, int)"
15008973,15016653,"k_gemv_fp16(__half *, const __half *, const __half *, const __half *, int, int)"
15016685,15017581,"k_add(__half *, const __half *, unsigned long long)"
15017613,15020877,"k_layernorm(__half *, const __half *, const __half *, const __half *, int, int)"
15020909,15042063,"k_gemv_fp16(__half *, const __half *, const __half *, const __half *, int, int)"
15042095,15043055,"k_gelu(__half *, unsigned long long)"
15043087,15066480,"k_gemv_fp16(__half *, const __half *, const __half *, const __half *, int, int)"
15066513,15067440,"k_add(__half *, const __half *, unsigned long long)"
15067473,15070705,"k_layernorm(__half *, const __half *, const __half *, const __half *, int, int)"
15070769,15087186,"k_gemv_fp16(__half *, const __half *, const __half *, const __half *, int, int)"
15087250,15088242,"k_kv_append(__half *, __half *, const __half *, int, int)"
15088274,15098867,"k_attn_decode(__half *, const __half *, const __half *, const __half *, int, int)"
15099827,15106739,"k_gemv_fp16(__half *, const __half *, const __half *, const __half *, int, int)"
15106771,15107667,"k_add(__half *, const __half *, unsigned long long)"
15107699,15110995,"k_layernorm(__half *, const __half *, const __half *, const __half *, int, int)"
15111028,15132341,"k_gemv_fp16(__half *, const __half *, const __half *, const __half *, int, int)"
15132373,15133333,"k_gelu(__half *, unsigned long long)"
15133365,15156887,"k_gemv_fp16(__half *, const __half *, const __half *, const __half *, int, int)"
15156919,15157815,"k_add(__half *, const __half *, unsigned long long)"
15157879,15161111,"k_layernorm(__half *, const __half *, const __half *, const __half *, int, int)"
15161143,15177752,"k_gemv_fp16(__half *, const __half *, const __half *, const __half *, int, int)"
15177816,15178808,"k_kv_append(__half *, __half *, const __half *, int, int)"
15178840,15189657,"k_attn_decode(__half *, const __half *, const __half *, const __half *, int, int)"
15189689,15197466,"k_gemv_fp16(__half *, const __half *, const __half *, const __half *, int, int)"
15197497,15198394,"k_add(__half *, const __half *, unsigned long long)"
15198457,15201786,"k_layernorm(__half *, const __half *, const __half *, const __half *, int, int)"
15201818,15223035,"k_gemv_fp16(__half *, const __half *, const __half *, const __half *, int, int)"
15223099,15224027,"k_gelu(__half *, unsigned long long)"
15225051,15248541,"k_gemv_fp16(__half *, const __half *, const __half *, const __half *, int, int)"
15248573,15249469,"k_add(__half *, const __half *, unsigned long long)"
15249533,15252829,"k_layernorm(__half *, const __half *, const __half *, const __half *, int, int)"
15252861,15269406,"k_gemv_fp16(__half *, const __half *, const __half *, const __half *, int, int)"
15269470,15270462,"k_kv_append(__half *, __half *, const __half *, int, int)"
15270526,15281087,"k_attn_decode(__half *, const __half *, const __half *, const __half *, int, int)"
15281151,15288896,"k_gemv_fp16(__half *, const __half *, const __half *, const __half *, int, int)"
15288960,15289824,"k_add(__half *, const __half *, unsigned long long)"
15289888,15293120,"k_layernorm(__half *, const __half *, const __half *, const __half *, int, int)"
15293184,15314402,"k_gemv_fp16(__half *, const __half *, const __half *, const __half *, int, int)"
15314466,15315426,"k_gelu(__half *, unsigned long long)"
15315458,15338819,"k_gemv_fp16(__half *, const __half *, const __half *, const __half *, int, int)"
15338883,15339747,"k_add(__half *, const __half *, unsigned long long)"
15339811,15343043,"k_layernorm(__half *, const __half *, const __half *, const __half *, int, int)"
15343107,15359493,"k_gemv_fp16(__half *, const __half *, const __half *, const __half *, int, int)"
15359525,15360549,"k_kv_append(__half *, __half *, const __half *, int, int)"
15361349,15371973,"k_attn_decode(__half *, const __half *, const __half *, const __half *, int, int)"
15372005,15379686,"k_gemv_fp16(__half *, const __half *, const __half *, const __half *, int, int)"
15379718,15380614,"k_add(__half *, const __half *, unsigned long long)"
15380646,15383878,"k_layernorm(__half *, const __half *, const __half *, const __half *, int, int)"
15383942,15405224,"k_gemv_fp16(__half *, const __half *, const __half *, const __half *, int, int)"
15405288,15406248,"k_gelu(__half *, unsigned long long)"
15406280,15429737,"k_gemv_fp16(__half *, const __half *, const __half *, const __half *, int, int)"
15429770,15430698,"k_add(__half *, const __half *, unsigned long long)"
15430730,15433994,"k_layernorm(__half *, const __half *, const __half *, const __half *, int, int)"
15434026,15450379,"k_gemv_fp16(__half *, const __half *, const __half *, const __half *, int, int)"
15450443,15451435,"k_kv_append(__half *, __half *, const __half *, int, int)"
15451467,15462187,"k_attn_decode(__half *, const __half *, const __half *, const __half *, int, int)"
15462188,15469740,"k_gemv_fp16(__half *, const __half *, const __half *, const __half *, int, int)"
15469804,15470700,"k_add(__half *, const __half *, unsigned long long)"
15470732,15473997,"k_layernorm(__half *, const __half *, const __half *, const __half *, int, int)"
15474029,15495310,"k_gemv_fp16(__half *, const __half *, const __half *, const __half *, int, int)"
15496142,15497070,"k_gelu(__half *, unsigned long long)"
15497134,15520592,"k_gemv_fp16(__half *, const __half *, const __half *, const __half *, int, int)"
15520624,15521520,"k_add(__half *, const __half *, unsigned long long)"
15521552,15524816,"k_layernorm(__half *, const __half *, const __half *, const __half *, int, int)"
15524880,15541233,"k_gemv_fp16(__half *, const __half *, const __half *, const __half *, int, int)"
15541265,15542257,"k_kv_append(__half *, __half *, const __half *, int, int)"
15542321,15553010,"k_attn_decode(__half *, const __half *, const __half *, const __half *, int, int)"
15553042,15560722,"k_gemv_fp16(__half *, const __half *, const __half *, const __half *, int, int)"
15560787,15561682,"k_add(__half *, const __half *, unsigned long long)"
15561715,15564947,"k_layernorm(__half *, const __half *, const __half *, const __half *, int, int)"
15564979,15586132,"k_gemv_fp16(__half *, const __half *, const __half *, const __half *, int, int)"
15586196,15587156,"k_gelu(__half *, unsigned long long)"
15587188,15610678,"k_gemv_fp16(__half *, const __half *, const __half *, const __half *, int, int)"
15610742,15611638,"k_add(__half *, const __half *, unsigned long long)"
15611670,15614902,"k_layernorm(__half *, const __half *, const __half *, const __half *, int, int)"
15614966,15631447,"k_gemv_fp16(__half *, const __half *, const __half *, const __half *, int, int)"
15632183,15633175,"k_kv_append(__half *, __half *, const __half *, int, int)"
15633239,15644216,"k_attn_decode(__half *, const __half *, const __half *, const __half *, int, int)"
15644248,15651865,"k_gemv_fp16(__half *, const __half *, const __half *, const __half *, int, int)"
15651897,15652793,"k_add(__half *, const __half *, unsigned long long)"
15652825,15656057,"k_layernorm(__half *, const __half *, const __half *, const __half *, int, int)"
15656121,15677402,"k_gemv_fp16(__half *, const __half *, const __half *, const __half *, int, int)"
15677434,15678395,"k_gelu(__half *, unsigned long long)"
15678458,15701980,"k_gemv_fp16(__half *, const __half *, const __half *, const __half *, int, int)"
15702012,15702908,"k_add(__half *, const __half *, unsigned long long)"
15702972,15706204,"k_layernorm(__half *, const __half *, const __half *, const __half *, int, int)"
15706268,15722621,"k_gemv_fp16(__half *, const __half *, const __half *, const __half *, int, int)"
15722686,15723678,"k_kv_append(__half *, __half *, const __half *, int, int)"
15723710,15734398,"k_attn_decode(__half *, const __half *, const __half *, const __half *, int, int)"
15734430,15742207,"k_gemv_fp16(__half *, const __half *, const __half *, const __half *, int, int)"
15742239,15743135,"k_add(__half *, const __half *, unsigned long long)"
15743167,15746399,"k_layernorm(__half *, const __half *, const __half *, const __half *, int, int)"
15747167,15768449,"k_gemv_fp16(__half *, const __half *, const __half *, const __half *, int, int)"
15768513,15769473,"k_gelu(__half *, unsigned long long)"
15769505,15792930,"k_gemv_fp16(__half *, const __half *, const __half *, const __half *, int, int)"
15792962,15793859,"k_add(__half *, const __half *, unsigned long long)"
15793890,15797251,"k_layernorm(__half *, const __half *, const __half *, const __half *, int, int)"
15797315,15813700,"k_gemv_fp16(__half *, const __half *, const __half *, const __half *, int, int)"
15813732,15814724,"k_kv_append(__half *, __half *, const __half *, int, int)"
15814788,15825669,"k_attn_decode(__half *, const __half *, const __half *, const __half *, int, int)"
15825701,15833317,"k_gemv_fp16(__half *, const __half *, const __half *, const __half *, int, int)"
15833349,15834245,"k_add(__half *, const __half *, unsigned long long)"
15834277,15837510,"k_layernorm(__half *, const __half *, const __half *, const __half *, int, int)"
15837573,15858695,"k_gemv_fp16(__half *, const __half *, const __half *, const __half *, int, int)"
15858727,15859687,"k_gelu(__half *, unsigned long long)"
15859719,15883113,"k_gemv_fp16(__half *, const __half *, const __half *, const __half *, int, int)"
15883145,15884041,"k_add(__half *, const __half *, unsigned long long)"
15884105,15887465,"k_layernorm(__half *, const __half *, const __half *, const __half *, int, int)"
15888265,15904650,"k_gemv_fp16(__half *, const __half *, const __half *, const __half *, int, int)"
15904682,15905674,"k_kv_append(__half *, __half *, const __half *, int, int)"
15905738,15916331,"k_attn_decode(__half *, const __half *, const __half *, const __half *, int, int)"
15916363,15924012,"k_gemv_fp16(__half *, const __half *, const __half *, const __half *, int, int)"
15924043,15924939,"k_add(__half *, const __half *, unsigned long long)"
15924972,15928236,"k_layernorm(__half *, const __half *, const __half *, const __half *, int, int)"
15928268,15949389,"k_gemv_fp16(__half *, const __half *, const __half *, const __half *, int, int)"
15949453,15950381,"k_gelu(__half *, unsigned long long)"
15950445,15973807,"k_gemv_fp16(__half *, const __half *, const __half *, const __half *, int, int)"
15973871,15974767,"k_add(__half *, const __half *, unsigned long long)"
15974799,15978031,"k_layernorm(__half *, const __half *, const __half *, const __half *, int, int)"
15978063,15994448,"k_gemv_fp16(__half *, const __half *, const __half *, const __half *, int, int)"
15994512,15995504,"k_kv_append(__half *, __half *, const __half *, int, int)"
15995568,16006225,"k_attn_decode(__half *, const __half *, const __half *, const __half *, int, int)"
16006257,16013937,"k_gemv_fp16(__half *, const __half *, const __half *, const __half *, int, int)"
16013970,16014866,"k_add(__half *, const __half *, unsigned long long)"
16015666,16018898,"k_layernorm(__half *, const __half *, const __half *, const __half *, int, int)"
16018962,16040179,"k_gemv_fp16(__half *, const __half *, const __half *, const __half *, int, int)"
16040211,16041171,"k_gelu(__half *, unsigned long long)"
16041204,16064757,"k_gemv_fp16(__half *, const __half *, const __half *, const __half *, int, int)"
16064789,16065685,"k_add(__half *, const __half *, unsigned long long)"
16065749,16068981,"k_layernorm(__half *, const __half *, const __half *, const __half *, int, int)"
16069045,16381131,"k_gemv_fp16(__half *, const __half *, const __half *, const __half *, int, int)"
16469489,16470545,"k_embed_one(__half *, const __half *, const __half *, int, int)"
16470577,16473841,"k_layernorm(__half *, const __half *, const __half *, const __half *, int, int)"
16473873,16490418,"k_gemv_fp16(__half *, const __half *, const __half *, const __half *, int, int)"
16490450,16491442,"k_kv_append(__half *, __half *, const __half *, int, int)"
16491474,16502227,"k_attn_decode(__half *, const __half *, const __half *, const __half *, int, int)"
16502259,16509844,"k_gemv_fp16(__half *, const __half *, const __half *, const __half *, int, int)"
16509876,16510772,"k_add(__half *, const __half *, unsigned long long)"
16510804,16514068,"k_layernorm(__half *, const __half *, const __half *, const __half *, int, int)"
16514100,16535253,"k_gemv_fp16(__half *, const __half *, const __half *, const __half *, int, int)"
16535285,16536246,"k_gelu(__half *, unsigned long long)"
16536310,16559895,"k_gemv_fp16(__half *, const __half *, const __half *, const __half *, int, int)"
16559959,16560855,"k_add(__half *, const __half *, unsigned long long)"
16560887,16564183,"k_layernorm(__half *, const __half *, const __half *, const __half *, int, int)"
16564215,16580569,"k_gemv_fp16(__half *, const __half *, const __half *, const __half *, int, int)"
16580600,16581625,"k_kv_append(__half *, __half *, const __half *, int, int)"
16581656,16592217,"k_attn_decode(__half *, const __half *, const __half *, const __half *, int, int)"
16593209,16599994,"k_gemv_fp16(__half *, const __half *, const __half *, const __half *, int, int)"
16600026,16600954,"k_add(__half *, const __half *, unsigned long long)"
16600986,16604282,"k_layernorm(__half *, const __half *, const __half *, const __half *, int, int)"
16604346,16625500,"k_gemv_fp16(__half *, const __half *, const __half *, const __half *, int, int)"
16625563,16626524,"k_gelu(__half *, unsigned long long)"
16626556,16650013,"k_gemv_fp16(__half *, const __half *, const __half *, const __half *, int, int)"
16650077,16650973,"k_add(__half *, const __half *, unsigned long long)"
16651005,16654333,"k_layernorm(__half *, const __half *, const __half *, const __half *, int, int)"
16654366,16670911,"k_gemv_fp16(__half *, const __half *, const __half *, const __half *, int, int)"
16670975,16671967,"k_kv_append(__half *, __half *, const __half *, int, int)"
16671999,16682687,"k_attn_decode(__half *, const __half *, const __half *, const __half *, int, int)"
16682720,16690432,"k_gemv_fp16(__half *, const __half *, const __half *, const __half *, int, int)"
16690464,16691360,"k_add(__half *, const __half *, unsigned long long)"
16691392,16694624,"k_layernorm(__half *, const __half *, const __half *, const __half *, int, int)"
16694656,16715874,"k_gemv_fp16(__half *, const __half *, const __half *, const __half *, int, int)"
16715938,16716866,"k_gelu(__half *, unsigned long long)"
16717890,16741348,"k_gemv_fp16(__half *, const __half *, const __half *, const __half *, int, int)"
16741379,16742276,"k_add(__half *, const __half *, unsigned long long)"
16742340,16745572,"k_layernorm(__half *, const __half *, const __half *, const __half *, int, int)"
16745604,16761989,"k_gemv_fp16(__half *, const __half *, const __half *, const __half *, int, int)"
16762053,16763045,"k_kv_append(__half *, __half *, const __half *, int, int)"
16763077,16773830,"k_attn_decode(__half *, const __half *, const __half *, const __half *, int, int)"
16773862,16781606,"k_gemv_fp16(__half *, const __half *, const __half *, const __half *, int, int)"
16781638,16782535,"k_add(__half *, const __half *, unsigned long long)"
16782566,16785799,"k_layernorm(__half *, const __half *, const __half *, const __half *, int, int)"
16785863,16807048,"k_gemv_fp16(__half *, const __half *, const __half *, const __half *, int, int)"
16807112,16808040,"k_gelu(__half *, unsigned long long)"
16808104,16831402,"k_gemv_fp16(__half *, const __half *, const __half *, const __half *, int, int)"
16831466,16832362,"k_add(__half *, const __half *, unsigned long long)"
16832394,16835754,"k_layernorm(__half *, const __half *, const __half *, const __half *, int, int)"
16835786,16852203,"k_gemv_fp16(__half *, const __half *, const __half *, const __half *, int, int)"
16852267,16853259,"k_kv_append(__half *, __half *, const __half *, int, int)"
16854059,16864684,"k_attn_decode(__half *, const __half *, const __half *, const __half *, int, int)"
16864748,16872365,"k_gemv_fp16(__half *, const __half *, const __half *, const __half *, int, int)"
16872396,16873325,"k_add(__half *, const __half *, unsigned long long)"
16873357,16876589,"k_layernorm(__half *, const __half *, const __half *, const __half *, int, int)"
16876653,16897870,"k_gemv_fp16(__half *, const __half *, const __half *, const __half *, int, int)"
16897934,16898894,"k_gelu(__half *, unsigned long long)"
16898926,16922351,"k_gemv_fp16(__half *, const __half *, const __half *, const __half *, int, int)"
16922352,16923280,"k_add(__half *, const __half *, unsigned long long)"
16923312,16926576,"k_layernorm(__half *, const __half *, const __half *, const __half *, int, int)"
16926640,16943057,"k_gemv_fp16(__half *, const __half *, const __half *, const __half *, int, int)"
16943121,16944113,"k_kv_append(__half *, __half *, const __half *, int, int)"
16944146,16954898,"k_attn_decode(__half *, const __half *, const __half *, const __half *, int, int)"
16954930,16962483,"k_gemv_fp16(__half *, const __half *, const __half *, const __half *, int, int)"
16962547,16963411,"k_add(__half *, const __half *, unsigned long long)"
16963475,16966707,"k_layernorm(__half *, const __half *, const __half *, const __half *, int, int)"
16966739,16987893,"k_gemv_fp16(__half *, const __half *, const __half *, const __half *, int, int)"
16988884,16989845,"k_gelu(__half *, unsigned long long)"
16989909,17013398,"k_gemv_fp16(__half *, const __half *, const __half *, const __half *, int, int)"
17013430,17014326,"k_add(__half *, const __half *, unsigned long long)"
17014358,17017623,"k_layernorm(__half *, const __half *, const __half *, const __half *, int, int)"
17017687,17034040,"k_gemv_fp16(__half *, const __half *, const __half *, const __half *, int, int)"
17034072,17035064,"k_kv_append(__half *, __half *, const __half *, int, int)"
17035128,17045785,"k_attn_decode(__half *, const __half *, const __half *, const __half *, int, int)"
17045848,17053529,"k_gemv_fp16(__half *, const __half *, const __half *, const __half *, int, int)"
17053561,17054457,"k_add(__half *, const __half *, unsigned long long)"
17054489,17057849,"k_layernorm(__half *, const __half *, const __half *, const __half *, int, int)"
17057881,17079067,"k_gemv_fp16(__half *, const __half *, const __half *, const __half *, int, int)"
17079131,17080091,"k_gelu(__half *, unsigned long long)"
17080123,17103612,"k_gemv_fp16(__half *, const __half *, const __half *, const __half *, int, int)"
17103644,17104541,"k_add(__half *, const __half *, unsigned long long)"
17104604,17107837,"k_layernorm(__half *, const __half *, const __half *, const __half *, int, int)"
17107869,17124286,"k_gemv_fp16(__half *, const __half *, const __half *, const __half *, int, int)"
17125054,17126078,"k_kv_append(__half *, __half *, const __half *, int, int)"
17126110,17136927,"k_attn_decode(__half *, const __half *, const __half *, const __half *, int, int)"
17136959,17144575,"k_gemv_fp16(__half *, const __half *, const __half *, const __half *, int, int)"
17144607,17145503,"k_add(__half *, const __half *, unsigned long long)"
17145535,17148767,"k_layernorm(__half *, const __half *, const __half *, const __half *, int, int)"
17148832,17170113,"k_gemv_fp16(__half *, const __half *, const __half *, const __half *, int, int)"
17170177,17171137,"k_gelu(__half *, unsigned long long)"
17171169,17194595,"k_gemv_fp16(__half *, const __half *, const __half *, const __half *, int, int)"
17194627,17195523,"k_add(__half *, const __half *, unsigned long long)"
17195587,17198819,"k_layernorm(__half *, const __half *, const __half *, const __half *, int, int)"
17198851,17215268,"k_gemv_fp16(__half *, const __half *, const __half *, const __half *, int, int)"
17215300,17216324,"k_kv_append(__half *, __half *, const __half *, int, int)"
17216356,17227365,"k_attn_decode(__half *, const __half *, const __half *, const __half *, int, int)"
17227429,17235109,"k_gemv_fp16(__half *, const __half *, const __half *, const __half *, int, int)"
17235142,17236037,"k_add(__half *, const __half *, unsigned long long)"
17236070,17239334,"k_layernorm(__half *, const __half *, const __half *, const __half *, int, int)"
17240358,17261543,"k_gemv_fp16(__half *, const __half *, const __half *, const __half *, int, int)"
17261607,17262567,"k_gelu(__half *, unsigned long long)"
17262599,17285865,"k_gemv_fp16(__half *, const __half *, const __half *, const __half *, int, int)"
17285897,17286825,"k_add(__half *, const __half *, unsigned long long)"
17286857,17290121,"k_layernorm(__half *, const __half *, const __half *, const __half *, int, int)"
17290153,17306666,"k_gemv_fp16(__half *, const __half *, const __half *, const __half *, int, int)"
17306730,17307723,"k_kv_append(__half *, __half *, const __half *, int, int)"
17307754,17318379,"k_attn_decode(__half *, const __half *, const __half *, const __half *, int, int)"
17318443,17326028,"k_gemv_fp16(__half *, const __half *, const __half *, const __half *, int, int)"
17326092,17326956,"k_add(__half *, const __half *, unsigned long long)"
17327020,17330380,"k_layernorm(__half *, const __half *, const __half *, const __half *, int, int)"
17330412,17351661,"k_gemv_fp16(__half *, const __half *, const __half *, const __half *, int, int)"
17351693,17352654,"k_gelu(__half *, unsigned long long)"
17352717,17376079,"k_gemv_fp16(__half *, const __half *, const __half *, const __half *, int, int)"
17376111,17377007,"k_add(__half *, const __half *, unsigned long long)"
17377039,17380303,"k_layernorm(__half *, const __half *, const __half *, const __half *, int, int)"
17381071,17397489,"k_gemv_fp16(__half *, const __half *, const __half *, const __half *, int, int)"
17397521,17398513,"k_kv_append(__half *, __half *, const __half *, int, int)"
17398545,17409265,"k_attn_decode(__half *, const __half *, const __half *, const __half *, int, int)"
17409297,17417074,"k_gemv_fp16(__half *, const __half *, const __half *, const __half *, int, int)"
17417106,17418002,"k_add(__half *, const __half *, unsigned long long)"
17418066,17421330,"k_layernorm(__half *, const __half *, const __half *, const __half *, int, int)"
17421362,17442484,"k_gemv_fp16(__half *, const __half *, const __half *, const __half *, int, int)"
17442548,17443508,"k_gelu(__half *, unsigned long long)"
17443540,17466933,"k_gemv_fp16(__half *, const __half *, const __half *, const __half *, int, int)"
17466997,17467893,"k_add(__half *, const __half *, unsigned long long)"
17467925,17471158,"k_layernorm(__half *, const __half *, const __half *, const __half *, int, int)"
17471222,17487607,"k_gemv_fp16(__half *, const __half *, const __half *, const __half *, int, int)"
17487639,17488631,"k_kv_append(__half *, __half *, const __half *, int, int)"
17488695,17499448,"k_attn_decode(__half *, const __half *, const __half *, const __half *, int, int)"
17499512,17507128,"k_gemv_fp16(__half *, const __half *, const __half *, const __half *, int, int)"
17507192,17508088,"k_add(__half *, const __half *, unsigned long long)"
17509080,17512440,"k_layernorm(__half *, const __half *, const __half *, const __half *, int, int)"
17512473,17533722,"k_gemv_fp16(__half *, const __half *, const __half *, const __half *, int, int)"
17533754,17534714,"k_gelu(__half *, unsigned long long)"
17534746,17558044,"k_gemv_fp16(__half *, const __half *, const __half *, const __half *, int, int)"
17558108,17559004,"k_add(__half *, const __half *, unsigned long long)"
17559036,17562268,"k_layernorm(__half *, const __half *, const __half *, const __half *, int, int)"
17562332,17874161,"k_gemv_fp16(__half *, const __half *, const __half *, const __half *, int, int)"
17930101,17931189,"k_embed_one(__half *, const __half *, const __half *, int, int)"
17931221,17934486,"k_layernorm(__half *, const __half *, const __half *, const __half *, int, int)"
17934517,17950999,"k_gemv_fp16(__half *, const __half *, const __half *, const __half *, int, int)"
17951063,17952055,"k_kv_append(__half *, __half *, const __half *, int, int)"
17952087,17962904,"k_attn_decode(__half *, const __half *, const __half *, const __half *, int, int)"
17962935,17970584,"k_gemv_fp16(__half *, const __half *, const __half *, const __half *, int, int)"
17970648,17971544,"k_add(__half *, const __half *, unsigned long long)"
17971576,17974840,"k_layernorm(__half *, const __half *, const __half *, const __half *, int, int)"
17974872,17995930,"k_gemv_fp16(__half *, const __half *, const __half *, const __half *, int, int)"
17995994,17996954,"k_gelu(__half *, unsigned long long)"
17996986,18020347,"k_gemv_fp16(__half *, const __half *, const __half *, const __half *, int, int)"
18020379,18021275,"k_add(__half *, const __half *, unsigned long long)"
18021340,18024572,"k_layernorm(__half *, const __half *, const __half *, const __half *, int, int)"
18024604,18041053,"k_gemv_fp16(__half *, const __half *, const __half *, const __half *, int, int)"
18041117,18042077,"k_kv_append(__half *, __half *, const __half *, int, int)"
18042141,18052894,"k_attn_decode(__half *, const __half *, const __half *, const __half *, int, int)"
18053694,18060606,"k_gemv_fp16(__half *, const __half *, const __half *, const __half *, int, int)"
18060670,18061566,"k_add(__half *, const __half *, unsigned long long)"
18061598,18064862,"k_layernorm(__half *, const __half *, const __half *, const __half *, int, int)"
18064895,18086112,"k_gemv_fp16(__half *, const __half *, const __half *, const __half *, int, int)"
18086176,18087136,"k_gelu(__half *, unsigned long long)"
18087168,18110562,"k_gemv_fp16(__half *, const __half *, const __half *, const __half *, int, int)"
18110594,18111490,"k_add(__half *, const __half *, unsigned long long)"
18111554,18114786,"k_layernorm(__half *, const __half *, const __half *, const __half *, int, int)"
18114850,18131395,"k_gemv_fp16(__half *, const __half *, const __half *, const __half *, int, int)"
18131427,18132419,"k_kv_append(__half *, __half *, const __half *, int, int)"
18132483,18143332,"k_attn_decode(__half *, const __half *, const __half *, const __half *, int, int)"
18143364,18151045,"k_gemv_fp16(__half *, const __half *, const __half *, const __half *, int, int)"
18151076,18151972,"k_add(__half *, const __half *, unsigned long long)"
18152005,18155397,"k_layernorm(__half *, const __half *, const __half *, const __half *, int, int)"
18155461,18176678,"k_gemv_fp16(__half *, const __half *, const __half *, const __half *, int, int)"
18176710,18177670,"k_gelu(__half *, unsigned long long)"
18178438,18201896,"k_gemv_fp16(__half *, const __half *, const __half *, const __half *, int, int)"
18201960,18202856,"k_add(__half *, const __half *, unsigned long long)"
18202888,18206088,"k_layernorm(__half *, const __half *, const __half *, const __half *, int, int)"
18206152,18222569,"k_gemv_fp16(__half *, const __half *, const __half *, const __half *, int, int)"
18222601,18223593,"k_kv_append(__half *, __half *, const __half *, int, int)"
18223657,18234218,"k_attn_decode(__half *, const __half *, const __half *, const __half *, int, int)"
18234250,18241931,"k_gemv_fp16(__half *, const __half *, const __half *, const __half *, int, int)"
18241963,18242859,"k_add(__half *, const __half *, unsigned long long)"
18242923,18246219,"k_layernorm(__half *, const __half *, const __half *, const __half *, int, int)"
18246283,18267596,"k_gemv_fp16(__half *, const __half *, const __half *, const __half *, int, int)"
18267629,18268589,"k_gelu(__half *, unsigned long long)"
18268620,18291918,"k_gemv_fp16(__half *, const __half *, const __half *, const __half *, int, int)"
18291982,18292878,"k_add(__half *, const __half *, unsigned long long)"
18292910,18296142,"k_layernorm(__half *, const __half *, const __half *, const __half *, int, int)"
18296206,18312719,"k_gemv_fp16(__half *, const __half *, const __half *, const __half *, int, int)"
18312752,18313743,"k_kv_append(__half *, __half *, const __half *, int, int)"
18314576,18325200,"k_attn_decode(__half *, const __half *, const __half *, const __half *, int, int)"
18325232,18332849,"k_gemv_fp16(__half *, const __half *, const __half *, const __half *, int, int)"
18332913,18333777,"k_add(__half *, const __half *, unsigned long long)"
18333841,18337073,"k_layernorm(__half *, const __half *, const __half *, const __half *, int, int)"
18337105,18358291,"k_gemv_fp16(__half *, const __half *, const __half *, const __half *, int, int)"
18358323,18359283,"k_gelu(__half *, unsigned long long)"
18359347,18382804,"k_gemv_fp16(__half *, const __half *, const __half *, const __half *, int, int)"
18382836,18383732,"k_add(__half *, const __half *, unsigned long long)"
18383796,18387029,"k_layernorm(__half *, const __half *, const __half *, const __half *, int, int)"
18387093,18403638,"k_gemv_fp16(__half *, const __half *, const __half *, const __half *, int, int)"
18403670,18404694,"k_kv_append(__half *, __half *, const __half *, int, int)"
18404726,18415671,"k_attn_decode(__half *, const __half *, const __half *, const __half *, int, int)"
18415703,18423287,"k_gemv_fp16(__half *, const __half *, const __half *, const __half *, int, int)"
18423319,18424215,"k_add(__half *, const __half *, unsigned long long)"
18424247,18427479,"k_layernorm(__half *, const __half *, const __half *, const __half *, int, int)"
18427543,18448729,"k_gemv_fp16(__half *, const __half *, const __half *, const __half *, int, int)"
18449561,18450489,"k_gelu(__half *, unsigned long long)"
18450553,18474107,"k_gemv_fp16(__half *, const __half *, const __half *, const __half *, int, int)"
18474171,18475035,"k_add(__half *, const __half *, unsigned long long)"
18475099,18478363,"k_layernorm(__half *, const __half *, const __half *, const __half *, int, int)"
18478395,18495164,"k_gemv_fp16(__half *, const __half *, const __half *, const __half *, int, int)"
18495196,18496188,"k_kv_append(__half *, __half *, const __half *, int, int)"
18496252,18506877,"k_attn_decode(__half *, const __half *, const __half *, const __half *, int, int)"
18506909,18514493,"k_gemv_fp16(__half *, const __half *, const __half *, const __half *, int, int)"
18514557,18515421,"k_add(__half *, const __half *, unsigned long long)"
18515486,18518686,"k_layernorm(__half *, const __half *, const __half *, const __half *, int, int)"
18518750,18540031,"k_gemv_fp16(__half *, const __half *, const __half *, const __half *, int, int)"
18540095,18541055,"k_gelu(__half *, unsigned long long)"
18541087,18564449,"k_gemv_fp16(__half *, const __half *, const __half *, const __half *, int, int)"
18564513,18565409,"k_add(__half *, const __half *, unsigned long long)"
18565441,18568673,"k_layernorm(__half *, const __half *, const __half *, const __half *, int, int)"
18568737,18585154,"k_gemv_fp16(__half *, const __half *, const __half *, const __half *, int, int)"
18585922,18586914,"k_kv_append(__half *, __half *, const __half *, int, int)"
18586978,18597795,"k_attn_decode(__half *, const __half *, const __half *, const __half *, int, int)"
18597859,18605476,"k_gemv_fp16(__half *, const __half *, const __half *, const __half *, int, int)"
18605508,18606404,"k_add(__half *, const __half *, unsigned long long)"
18606436,18609668,"k_layernorm(__half *, const __half *, const __half *, const __half *, int, int)"
18609732,18630917,"k_gemv_fp16(__half *, const __half *, const __half *, const __half *, int, int)"
18630981,18631941,"k_gelu(__half *, unsigned long long)"
18631973,18655335,"k_gemv_fp16(__half *, const __half *, const __half *, const __half *, int, int)"
18655399,18656295,"k_add(__half *, const __half *, unsigned long long)"
18656327,18659687,"k_layernorm(__half *, const __half *, const __half *, const __half *, int, int)"
18659751,18676168,"k_gemv_fp16(__half *, const __half *, const __half *, const __half *, int, int)"
18676233,18677224,"k_kv_append(__half *, __half *, const __half *, int, int)"
18677289,18687817,"k_attn_decode(__half *, const __half *, const __half *, const __half *, int, int)"
18687849,18695434,"k_gemv_fp16(__half *, const __half *, const __half *, const __half *, int, int)"
18695498,18696394,"k_add(__half *, const __half *, unsigned long long)"
18696426,18699626,"k_layernorm(__half *, const __half *, const __half *, const __half *, int, int)"
18700650,18721996,"k_gemv_fp16(__half *, const __half *, const __half *, const __half *, int, int)"
18722028,18722988,"k_gelu(__half *, unsigned long long)"
18723020,18746413,"k_gemv_fp16(__half *, const __half *, const __half *, const __half *, int, int)"
18746445,18747341,"k_add(__half *, const __half *, unsigned long long)"
18747373,18750638,"k_layernorm(__half *, const __half *, const __half *, const __half *, int, int)"
18750670,18767055,"k_gemv_fp16(__half *, const __half *, const __half *, const __half *, int, int)"
18767087,18768111,"k_kv_append(__half *, __half *, const __half *, int, int)"
18768143,18778863,"k_attn_decode(__half *, const __half *, const __half *, const __half *, int, int)"
18778928,18786512,"k_gemv_fp16(__half *, const __half *, const __half *, const __half *, int, int)"
18786544,18787440,"k_add(__half *, const __half *, unsigned long long)"
18787504,18790704,"k_layernorm(__half *, const __half *, const __half *, const __half *, int, int)"
18790736,18812018,"k_gemv_fp16(__half *, const __half *, const __half *, const __half *, int, int)"
18812050,18813010,"k_gelu(__half *, unsigned long long)"
18813042,18836468,"k_gemv_fp16(__half *, const __half *, const __half *, const __half *, int, int)"
18836531,18837428,"k_add(__half *, const __half *, unsigned long long)"
18837459,18840788,"k_layernorm(__half *, const __half *, const __half *, const __half *, int, int)"
18841556,18858005,"k_gemv_fp16(__half *, const __half *, const __half *, const __half *, int, int)"
18858037,18859061,"k_kv_append(__half *, __half *, const __half *, int, int)"
18859093,18870006,"k_attn_decode(__half *, const __half *, const __half *, const __half *, int, int)"
18870038,18877654,"k_gemv_fp16(__half *, const __half *, const __half *, const __half *, int, int)"
18877718,18878614,"k_add(__half *, const __half *, unsigned long long)"
18878646,18881911,"k_layernorm(__half *, const __half *, const __half *, const __half *, int, int)"
18881943,18903160,"k_gemv_fp16(__half *, const __half *, const __half *, const __half *, int, int)"
18903192,18904152,"k_gelu(__half *, unsigned long long)"
18904184,18927578,"k_gemv_fp16(__half *, const __half *, const __half *, const __half *, int, int)"
18927610,18928506,"k_add(__half *, const __half *, unsigned long long)"
18928538,18931866,"k_layernorm(__half *, const __half *, const __half *, const __half *, int, int)"
18931930,18948347,"k_gemv_fp16(__half *, const __half *, const __half *, const __half *, int, int)"
18948411,18949371,"k_kv_append(__half *, __half *, const __half *, int, int)"
18949435,18960092,"k_attn_decode(__half *, const __half *, const __half *, const __half *, int, int)"
18960124,18967772,"k_gemv_fp16(__half *, const __half *, const __half *, const __half *, int, int)"
18967837,18968733,"k_add(__half *, const __half *, unsigned long long)"
18969501,18972733,"k_layernorm(__half *, const __half *, const __half *, const __half *, int, int)"
18972797,18994046,"k_gemv_fp16(__half *, const __half *, const __half *, const __half *, int, int)"
18994078,18995038,"k_gelu(__half *, unsigned long long)"
18995070,19018528,"k_gemv_fp16(__half *, const __half *, const __half *, const __half *, int, int)"
19018592,19019456,"k_add(__half *, const __half *, unsigned long long)"
19019520,19022784,"k_layernorm(__half *, const __half *, const __half *, const __half *, int, int)"
19022816,19334582,"k_gemv_fp16(__half *, const __half *, const __half *, const __half *, int, int)"
19403483,19404603,"k_embed_one(__half *, const __half *, const __half *, int, int)"
19404635,19407899,"k_layernorm(__half *, const __half *, const __half *, const __half *, int, int)"
19407931,19424412,"k_gemv_fp16(__half *, const __half *, const __half *, const __half *, int, int)"
19424444,19425436,"k_kv_append(__half *, __half *, const __half *, int, int)"
19425500,19436509,"k_attn_decode(__half *, const __half *, const __half *, const __half *, int, int)"
19436541,19444093,"k_gemv_fp16(__half *, const __half *, const __half *, const __half *, int, int)"
19444157,19445021,"k_add(__half *, const __half *, unsigned long long)"
19445085,19448317,"k_layernorm(__half *, const __half *, const __half *, const __half *, int, int)"
19448350,19469471,"k_gemv_fp16(__half *, const __half *, const __half *, const __half *, int, int)"
19469503,19470463,"k_gelu(__half *, unsigned long long)"
19470527,19493921,"k_gemv_fp16(__half *, const __half *, const __half *, const __half *, int, int)"
19493953,19494881,"k_add(__half *, const __half *, unsigned long long)"
19494913,19498177,"k_layernorm(__half *, const __half *, const __half *, const __half *, int, int)"
19498209,19514722,"k_gemv_fp16(__half *, const __half *, const __half *, const __half *, int, int)"
19514754,19515746,"k_kv_append(__half *, __half *, const __half *, int, int)"
19515810,19526659,"k_attn_decode(__half *, const __half *, const __half *, const __half *, int, int)"
19527491,19534500,"k_gemv_fp16(__half *, const __half *, const __half *, const __half *, int, int)"
19534531,19535427,"k_add(__half *, const __half *, unsigned long long)"
19535460,19538756,"k_layernorm(__half *, const __half *, const __half *, const __half *, int, int)"
19538788,19559973,"k_gemv_fp16(__half *, const __half *, const __half *, const __half *, int, int)"
19560005,19560965,"k_gelu(__half *, unsigned long long)"
19560997,19584359,"k_gemv_fp16(__half *, const __half *, const __half *, const __half *, int, int)"
19584391,19585319,"k_add(__half *, const __half *, unsigned long long)"
19585351,19588679,"k_layernorm(__half *, const __half *, const __half *, const __half *, int, int)"
19588711,19605224,"k_gemv_fp16(__half *, const __half *, const __half *, const __half *, int, int)"
19605256,19606248,"k_kv_append(__half *, __half *, const __half *, int, int)"
19606312,19617225,"k_attn_decode(__half *, const __half *, const __half *, const __half *, int, int)"
19617257,19625130,"k_gemv_fp16(__half *, const __half *, const __half *, const __half *, int, int)"
19625162,19626058,"k_add(__half *, const __half *, unsigned long long)"
19626090,19629354,"k_layernorm(__half *, const __half *, const __half *, const __half *, int, int)"
19629386,19650572,"k_gemv_fp16(__half *, const __half *, const __half *, const __half *, int, int)"
19650635,19651563,"k_gelu(__half *, unsigned long long)"
19652619,19676077,"k_gemv_fp16(__half *, const __half *, const __half *, const __half *, int, int)"
19676109,19677005,"k_add(__half *, const __half *, unsigned long long)"
19677069,19680302,"k_layernorm(__half *, const __half *, const __half *, const __half *, int, int)"
19680333,19696815,"k_gemv_fp16(__half *, const __half *, const __half *, const __half *, int, int)"
19696847,19697839,"k_kv_append(__half *, __half *, const __half *, int, int)"
19697903,19708495,"k_attn_decode(__half *, const __half *, const __half *, const __half *, int, int)"
19708527,19716240,"k_gemv_fp16(__half *, const __half *, const __half *, const __half *, int, int)"
19716272,19717168,"k_add(__half *, const __half *, unsigned long long)"
19717232,19720464,"k_layernorm(__half *, const __half *, const __half *, const __half *, int, int)"
19720528,19741746,"k_gemv_fp16(__half *, const __half *, const __half *, const __half *, int, int)"
19741778,19742738,"k_gelu(__half *, unsigned long long)"
19742770,19766099,"k_gemv_fp16(__half *, const __half *, const __half *, const __half *, int, int)"
19766131,19767027,"k_add(__half *, const __half *, unsigned long long)"
19767091,19770356,"k_layernorm(__half *, const __half *, const __half *, const __half *, int, int)"
19770420,19786933,"k_gemv_fp16(__half *, const __half *, const __half *, const __half *, int, int)"
19786997,19787989,"k_kv_append(__half *, __half *, const __half *, int, int)"
19788821,19799542,"k_attn_decode(__half *, const __half *, const __half *, const __half *, int, int)"
19799574,19807190,"k_gemv_fp16(__half *, const __half *, const __half *, const __half *, int, int)"
19807254,19808150,"k_add(__half *, const __half *, unsigned long long)"
19808182,19811510,"k_layernorm(__half *, const __half *, const __half *, const __half *, int, int)"
19811542,19832792,"k_gemv_fp16(__half *, const __half *, const __half *, const __half *, int, int)"
19832824,19833784,"k_gelu(__half *, unsigned long long)"
19833848,19857306,"k_gemv_fp16(__half *, const __half *, const __half *, const __half *, int, int)"
19857338,19858234,"k_add(__half *, const __half *, unsigned long long)"
19858298,19861562,"k_layernorm(__half *, const __half *, const __half *, const __half *, int, int)"
19861594,19878043,"k_gemv_fp16(__half *, const __half *, const __half *, const __half *, int, int)"
19878075,19879067,"k_kv_append(__half *, __half *, const __half *, int, int)"
19879131,19889724,"k_attn_decode(__half *, const __half *, const __half *, const __half *, int, int)"
19889756,19897372,"k_gemv_fp16(__half *, const __half *, const __half *, const __half *, int, int)"
19897436,19898300,"k_add(__half *, const __half *, unsigned long long)"
19898364,19901661,"k_layernorm(__half *, const __half *, const __half *, const __half *, int, int)"
19901725,19922942,"k_gemv_fp16(__half *, const __half *, const __half *, const __half *, int, int)"
19923934,19924894,"k_gelu(__half *, unsigned long long)"
19924958,19948512,"k_gemv_fp16(__half *, const __half *, const __half *, const __half *, int, int)"
19948576,19949440,"k_add(__half *, const __half *, unsigned long long)"
19949504,19952768,"k_layernorm(__half *, const __half *, const __half *, const __half *, int, int)"
19952832,19969185,"k_gemv_fp16(__half *, const __half *, const __half *, const __half *, int, int)"
19969249,19970241,"k_kv_append(__half *, __half *, const __half *, int, int)"
19970305,19980834,"k_attn_decode(__half *, const __half *, const __half *, const __half *, int, int)"
19980866,19988483,"k_gemv_fp16(__half *, const __half *, const __half *, const __half *, int, int)"
19988515,19989411,"k_add(__half *, const __half *, unsigned long long)"
19989443,19992675,"k_layernorm(__half *, const __half *, const __half *, const __half *, int, int)"
19992707,20013860,"k_gemv_fp16(__half *, const __half *, const __half *, const __half *, int, int)"
20013892,20014852,"k_gelu(__half *, unsigned long long)"
20014916,20038310,"k_gemv_fp16(__half *, const __half *, const __half *, const __half *, int, int)"
20038342,20039238,"k_add(__half *, const __half *, unsigned long long)"
20039270,20042630,"k_layernorm(__half *, const __half *, const __half *, const __half *, int, int)"
20042694,20059368,"k_gemv_fp16(__half *, const __half *, const __half *, const __half *, int, int)"
20060392,20061384,"k_kv_append(__half *, __half *, const __half *, int, int)"
20061448,20072168,"k_attn_decode(__half *, const __half *, const __half *, const __half *, int, int)"
20072200,20079849,"k_gemv_fp16(__half *, const __half *, const __half *, const __half *, int, int)"
20079881,20080777,"k_add(__half *, const __half *, unsigned long long)"
20080841,20084105,"k_layernorm(__half *, const __half *, const __half *, const __half *, int, int)"
20084137,20105227,"k_gemv_fp16(__half *, const __half *, const __half *, const __half *, int, int)"
20105291,20106219,"k_gelu(__half *, unsigned long long)"
20106283,20129804,"k_gemv_fp16(__half *, const __half *, const __half *, const __half *, int, int)"
20129868,20130733,"k_add(__half *, const __half *, unsigned long long)"
20130796,20134029,"k_layernorm(__half *, const __half *, const __half *, const __half *, int, int)"
20134093,20150574,"k_gemv_fp16(__half *, const __half *, const __half *, const __half *, int, int)"
20150606,20151598,"k_kv_append(__half *, __half *, const __half *, int, int)"
20151630,20162254,"k_attn_decode(__half *, const __half *, const __half *, const __half *, int, int)"
20162319,20169967,"k_gemv_fp16(__half *, const __half *, const __half *, const __half *, int, int)"
20169999,20170895,"k_add(__half *, const __half *, unsigned long long)"
20170927,20174223,"k_layernorm(__half *, const __half *, const __half *, const __half *, int, int)"
20174992,20196337,"k_gemv_fp16(__half *, const __half *, const __half *, const __half *, int, int)"
20196369,20197329,"k_gelu(__half *, unsigned long long)"
20197393,20220691,"k_gemv_fp16(__half *, const __half *, const __half *, const __half *, int, int)"
20220754,20221651,"k_add(__half *, const __half *, unsigned long long)"
20221683,20224947,"k_layernorm(__half *, const __half *, const __half *, const __half *, int, int)"
20224979,20241364,"k_gemv_fp16(__half *, const __half *, const __half *, const __half *, int, int)"
20241396,20242388,"k_kv_append(__half *, __half *, const __half *, int, int)"
20242452,20252981,"k_attn_decode(__half *, const __half *, const __half *, const __half *, int, int)"
20253045,20260725,"k_gemv_fp16(__half *, const __half *, const __half *, const __half *, int, int)"
20260757,20261685,"k_add(__half *, const __half *, unsigned long long)"
20261717,20264917,"k_layernorm(__half *, const __half *, const __half *, const __half *, int, int)"
20264982,20286231,"k_gemv_fp16(__half *, const __half *, const __half *, const __half *, int, int)"
20286263,20287223,"k_gelu(__half *, unsigned long long)"
20287255,20310617,"k_gemv_fp16(__half *, const __half *, const __half *, const __half *, int, int)"
20310681,20311577,"k_add(__half *, const __half *, unsigned long long)"
20311609,20314905,"k_layernorm(__half *, const __half *, const __half *, const __half *, int, int)"
20315929,20332442,"k_gemv_fp16(__half *, const __half *, const __half *, const __half *, int, int)"
20332506,20333498,"k_kv_append(__half *, __half *, const __half *, int, int)"
20333530,20344123,"k_attn_decode(__half *, const __half *, const __half *, const __half *, int, int)"
20344155,20351900,"k_gemv_fp16(__half *, const __half *, const __half *, const __half *, int, int)"
20351932,20352860,"k_add(__half *, const __half *, unsigned long long)"
20352892,20356252,"k_layernorm(__half *, const __half *, const __half *, const __half *, int, int)"
20356284,20377437,"k_gemv_fp16(__half *, const __half *, const __half *, const __half *, int, int)"
20377469,20378429,"k_gelu(__half *, unsigned long long)"
20378493,20401855,"k_gemv_fp16(__half *, const __half *, const __half *, const __half *, int, int)"
20401887,20402783,"k_add(__half *, const __half *, unsigned long long)"
20402847,20406047,"k_layernorm(__half *, const __half *, const __half *, const __half *, int, int)"
20406111,20422497,"k_gemv_fp16(__half *, const __half *, const __half *, const __half *, int, int)"
20422528,20423520,"k_kv_append(__half *, __half *, const __half *, int, int)"
20423584,20434273,"k_attn_decode(__half *, const __half *, const __half *, const __half *, int, int)"
20434337,20441986,"k_gemv_fp16(__half *, const __half *, const __half *, const __half *, int, int)"
20442018,20442914,"k_add(__half *, const __half *, unsigned long long)"
20443682,20447042,"k_layernorm(__half *, const __half *, const __half *, const __half *, int, int)"
20447106,20468260,"k_gemv_fp16(__half *, const __half *, const __half *, const __half *, int, int)"
20468292,20469284,"k_gelu(__half *, unsigned long long)"
20469316,20492997,"k_gemv_fp16(__half *, const __half *, const __half *, const __half *, int, int)"
20493061,20493925,"k_add(__half *, const __half *, unsigned long long)"
20493989,20497221,"k_layernorm(__half *, const __half *, const __half *, const __half *, int, int)"
20497286,20809339,"k_gemv_fp16(__half *, const __half *, const __half *, const __half *, int, int)"
20871583,20872767,"k_embed_one(__half *, const __half *, const __half *, int, int)"
20872799,20876064,"k_layernorm(__half *, const __half *, const __half *, const __half *, int, int)"
20876128,20892673,"k_gemv_fp16(__half *, const __half *, const __half *, const __half *, int, int)"
20892705,20893793,"k_kv_append(__half *, __half *, const __half *, int, int)"
20893857,20904801,"k_attn_decode(__half *, const __half *, const __half *, const __half *, int, int)"
20904834,20912418,"k_gemv_fp16(__half *, const __half *, const __half *, const __half *, int, int)"
20912450,20913346,"k_add(__half *, const __half *, unsigned long long)"
20913378,20916706,"k_layernorm(__half *, const __half *, const __half *, const __half *, int, int)"
20916738,20937924,"k_gemv_fp16(__half *, const __half *, const __half *, const __half *, int, int)"
20937956,20938916,"k_gelu(__half *, unsigned long long)"
20938980,20962470,"k_gemv_fp16(__half *, const __half *, const __half *, const __half *, int, int)"
20962502,20963397,"k_add(__half *, const __half *, unsigned long long)"
20963462,20966758,"k_layernorm(__half *, const __half *, const __half *, const __half *, int, int)"
20966790,20983335,"k_gemv_fp16(__half *, const __half *, const __half *, const __half *, int, int)"
20983367,20984359,"k_kv_append(__half *, __half *, const __half *, int, int)"
20984391,20995048,"k_attn_decode(__half *, const __half *, const __half *, const __half *, int, int)"
20995816,21002856,"k_gemv_fp16(__half *, const __half *, const __half *, const __half *, int, int)"
21002888,21003784,"k_add(__half *, const __half *, unsigned long long)"
21003816,21007112,"k_layernorm(__half *, const __half *, const __half *, const __half *, int, int)"
21007145,21028394,"k_gemv_fp16(__half *, const __half *, const __half *, const __half *, int, int)"
21028426,21029386,"k_gelu(__half *, unsigned long long)"
21029450,21052940,"k_gemv_fp16(__half *, const __half *, const __half *, const __half *, int, int)"
21052972,21053868,"k_add(__half *, const __half *, unsigned long long)"
21053932,21057164,"k_layernorm(__half *, const __half *, const __half *, const __half *, int, int)"
21057228,21073773,"k_gemv_fp16(__half *, const __half *, const __half *, const __half *, int, int)"
21073805,21074829,"k_kv_append(__half *, __half *, const __half *, int, int)"
21074861,21085710,"k_attn_decode(__half *, const __half *, const __half *, const __half *, int, int)"
21085742,21093454,"k_gemv_fp16(__half *, const __half *, const __half *, const __half *, int, int)"
21093487,21094383,"k_add(__half *, const __half *, unsigned long long)"
21094414,21097647,"k_layernorm(__half *, const __half *, const __half *, const __half *, int, int)"
21097679,21118928,"k_gemv_fp16(__half *, const __half *, const __half *, const __half *, int, int)"
21118992,21119920,"k_gelu(__half *, unsigned long long)"
21120944,21144466,"k_gemv_fp16(__half *, const __half *, const __half *, const __half *, int, int)"
21144498,21145394,"k_add(__half *, const __half *, unsigned long long)"
21145458,21148818,"k_layernorm(__half *, const __half *, const __half *, const __half *, int, int)"
21148882,21165363,"k_gemv_fp16(__half *, const __half *, const __half *, const __half *, int, int)"
21165396,21166387,"k_kv_append(__half *, __half *, const __half *, int, int)"
21166452,21177076,"k_attn_decode(__half *, const __half *, const __half *, const __half *, int, int)"
21177108,21184789,"k_gemv_fp16(__half *, const __half *, const __half *, const __half *, int, int)"
21184821,21185717,"k_add(__half *, const __half *, unsigned long long)"
21185781,21189013,"k_layernorm(__half *, const __half *, const __half *, const __half *, int, int)"
21189045,21210263,"k_gemv_fp16(__half *, const __half *, const __half *, const __half *, int, int)"
21210327,21211287,"k_gelu(__half *, unsigned long long)"
21211319,21234840,"k_gemv_fp16(__half *, const __half *, const __half *, const __half *, int, int)"
21234904,21235800,"k_add(__half *, const __half *, unsigned long long)"
21235832,21239097,"k_layernorm(__half *, const __half *, const __half *, const __half *, int, int)"
21239129,21255610,"k_gemv_fp16(__half *, const __half *, const __half *, const __half *, int, int)"
21255642,21256666,"k_kv_append(__half *, __half *, const __half *, int, int)"
21257658,21268251,"k_attn_decode(__half *, const __half *, const __half *, const __half *, int, int)"
21268282,21275899,"k_gemv_fp16(__half *, const __half *, const __half *, const __half *, int, int)"
21275931,21276827,"k_add(__half *, const __half *, unsigned long long)"
21276859,21280123,"k_layernorm(__half *, const __half *, const __half *, const __half *, int, int)"
21280155,21301469,"k_gemv_fp16(__half *, const __half *, const __half *, const __half *, int, int)"
21301533,21302461,"k_gelu(__half *, unsigned long long)"
21302525,21325983,"k_gemv_fp16(__half *, const __half *, const __half *, const __half *, int, int)"
21326014,21326911,"k_add(__half *, const __half *, unsigned long long)"
21326943,21330207,"k_layernorm(__half *, const __half *, const __half *, const __half *, int, int)"
21330239,21346624,"k_gemv_fp16(__half *, const __half *, const __half *, const __half *, int, int)"
21346688,21347680,"k_kv_append(__half *, __half *, const __half *, int, int)"
21347712,21358433,"k_attn_decode(__half *, const __half *, const __half *, const __half *, int, int)"
21358465,21366017,"k_gemv_fp16(__half *, const __half *, const __half *, const __half *, int, int)"
21366081,21366945,"k_add(__half *, const __half *, unsigned long long)"
21367009,21370306,"k_layernorm(__half *, const __half *, const __half *, const __half *, int, int)"
21370337,21391523,"k_gemv_fp16(__half *, const __half *, const __half *, const __half *, int, int)"
21392515,21393475,"k_gelu(__half *, unsigned long long)"
21393539,21417061,"k_gemv_fp16(__half *, const __half *, const __half *, const __half *, int, int)"
21417093,21417989,"k_add(__half *, const __half *, unsigned long long)"
21418053,21421349,"k_layernorm(__half *, const __half *, const __half *, const __half *, int, int)"
21421381,21437734,"k_gemv_fp16(__half *, const __half *, const __half *, const __half *, int, int)"
21437798,21438790,"k_kv_append(__half *, __half *, const __half *, int, int)"
21438822,21449703,"k_attn_decode(__half *, const __half *, const __half *, const __half *, int, int)"
21449735,21457383,"k_gemv_fp16(__half *, const __half *, const __half *, const __half *, int, int)"
21457447,21458312,"k_add(__half *, const __half *, unsigned long long)"
21458376,21461640,"k_layernorm(__half *, const __half *, const __half *, const __half *, int, int)"
21461672,21482889,"k_gemv_fp16(__half *, const __half *, const __half *, const __half *, int, int)"
21482921,21483881,"k_gelu(__half *, unsigned long long)"
21483945,21507211,"k_gemv_fp16(__half *, const __half *, const __half *, const __half *, int, int)"
21507243,21508171,"k_add(__half *, const __half *, unsigned long long)"
21508203,21511531,"k_layernorm(__half *, const __half *, const __half *, const __half *, int, int)"
21511563,21528108,"k_gemv_fp16(__half *, const __half *, const __half *, const __half *, int, int)"
21528940,21529933,"k_kv_append(__half *, __half *, const __half *, int, int)"
21529997,21541005,"k_attn_decode(__half *, const __half *, const __half *, const __half *, int, int)"
21541037,21548654,"k_gemv_fp16(__half *, const __half *, const __half *, const __half *, int, int)"
21548718,21549582,"k_add(__half *, const __half *, unsigned long long)"
21549646,21552942,"k_layernorm(__half *, const __half *, const __half *, const __half *, int, int)"
21552974,21574127,"k_gemv_fp16(__half *, const __half *, const __half *, const __half *, int, int)"
21574160,21575120,"k_gelu(__half *, unsigned long long)"
21575183,21598577,"k_gemv_fp16(__half *, const __half *, const __half *, const __half *, int, int)"
21598609,21599505,"k_add(__half *, const __half *, unsigned long long)"
21599537,21602802,"k_layernorm(__half *, const __half *, const __half *, const __half *, int, int)"
21602866,21619219,"k_gemv_fp16(__half *, const __half *, const __half *, const __half *, int, int)"
21619251,21620275,"k_kv_append(__half *, __half *, const __half *, int, int)"
21620307,21630931,"k_attn_decode(__half *, const __half *, const __half *, const __half *, int, int)"
21630964,21638580,"k_gemv_fp16(__half *, const __half *, const __half *, const __half *, int, int)"
21638612,21639540,"k_add(__half *, const __half *, unsigned long long)"
21639572,21642804,"k_layernorm(__half *, const __half *, const __half *, const __half *, int, int)"
21643604,21665014,"k_gemv_fp16(__half *, const __half *, const __half *, const __half *, int, int)"
21665046,21666038,"k_gelu(__half *, unsigned long long)"
21666070,21689368,"k_gemv_fp16(__half *, const __half *, const __half *, const __half *, int, int)"
21689399,21690295,"k_add(__half *, const __half *, unsigned long long)"
21690359,21693624,"k_layernorm(__half *, const __half *, const __half *, const __half *, int, int)"
21693656,21710073,"k_gemv_fp16(__half *, const __half *, const __half *, const __half *, int, int)"
21710105,21711097,"k_kv_append(__half *, __half *, const __half *, int, int)"
21711161,21721818,"k_attn_decode(__half *, const __half *, const __half *, const __half *, int, int)"
21721850,21729402,"k_gemv_fp16(__half *, const __half *, const __half *, const __half *, int, int)"
21729434,21730330,"k_add(__half *, const __half *, unsigned long long)"
21730362,21733690,"k_layernorm(__half *, const __half *, const __half *, const __half *, int, int)"
21733723,21754908,"k_gemv_fp16(__half *, const __half *, const __half *, const __half *, int, int)"
21754972,21755932,"k_gelu(__half *, unsigned long long)"
21755964,21779326,"k_gemv_fp16(__half *, const __half *, const __half *, const __half *, int, int)"
21779358,21780254,"k_add(__half *, const __half *, unsigned long long)"
21780286,21783550,"k_layernorm(__half *, const __half *, const __half *, const __half *, int, int)"
21784382,21800831,"k_gemv_fp16(__half *, const __half *, const __half *, const __half *, int, int)"
21800863,21801887,"k_kv_append(__half *, __half *, const __half *, int, int)"
21801919,21812704,"k_attn_decode(__half *, const __half *, const __half *, const __half *, int, int)"
21812736,21820416,"k_gemv_fp16(__half *, const __half *, const __half *, const __half *, int, int)"
21820448,21821376,"k_add(__half *, const __half *, unsigned long long)"
21821408,21824673,"k_layernorm(__half *, const __half *, const __half *, const __half *, int, int)"
21824705,21845858,"k_gemv_fp16(__half *, const __half *, const __half *, const __half *, int, int)"
21845922,21846882,"k_gelu(__half *, unsigned long long)"
21846914,21870276,"k_gemv_fp16(__half *, const __half *, const __half *, const __half *, int, int)"
21870340,21871236,"k_add(__half *, const __half *, unsigned long long)"
21871268,21874564,"k_layernorm(__half *, const __half *, const __half *, const __half *, int, int)"
21874628,21891013,"k_gemv_fp16(__half *, const __half *, const __half *, const __half *, int, int)"
21891045,21892037,"k_kv_append(__half *, __half *, const __half *, int, int)"
21892101,21902630,"k_attn_decode(__half *, const __half *, const __half *, const __half *, int, int)"
21902662,21910343,"k_gemv_fp16(__half *, const __half *, const __half *, const __half *, int, int)"
21910407,21911303,"k_add(__half *, const __half *, unsigned long long)"
21912103,21915367,"k_layernorm(__half *, const __half *, const __half *, const __half *, int, int)"
21915431,21936584,"k_gemv_fp16(__half *, const __half *, const __half *, const __half *, int, int)"
21936648,21937609,"k_gelu(__half *, unsigned long long)"
21937640,21960970,"k_gemv_fp16(__half *, const __half *, const __half *, const __half *, int, int)"
21961034,21961898,"k_add(__half *, const __half *, unsigned long long)"
21961962,21965226,"k_layernorm(__half *, const __half *, const __half *, const __half *, int, int)"
21965290,22277248,"k_gemv_fp16(__half *, const __half *, const __half *, const __half *, int, int)"
22333796,22334884,"k_embed_one(__half *, const __half *, const __half *, int, int)"
22334916,22338180,"k_layernorm(__half *, const __half *, const __half *, const __half *, int, int)"
22338212,22354789,"k_gemv_fp16(__half *, const __half *, const __half *, const __half *, int, int)"
22354821,22355813,"k_kv_append(__half *, __half *, const __half *, int, int)"
22355877,22366950,"k_attn_decode(__half *, const __half *, const __half *, const __half *, int, int)"
22366982,22374567,"k_gemv_fp16(__half *, const __half *, const __half *, const __half *, int, int)"
22374598,22375495,"k_add(__half *, const __half *, unsigned long long)"
22375527,22378951,"k_layernorm(__half *, const __half *, const __half *, const __half *, int, int)"
22378983,22400040,"k_gemv_fp16(__half *, const __half *, const __half *, const __half *, int, int)"
22400072,22401032,"k_gelu(__half *, unsigned long long)"
22401096,22424554,"k_gemv_fp16(__half *, const __half *, const __half *, const __half *, int, int)"
22424586,22425482,"k_add(__half *, const __half *, unsigned long long)"
22425546,22428778,"k_layernorm(__half *, const __half *, const __half *, const __half *, int, int)"
22428810,22445195,"k_gemv_fp16(__half *, const __half *, const __half *, const __half *, int, int)"
22445227,22446219,"k_kv_append(__half *, __half *, const __half *, int, int)"
22446283,22456908,"k_attn_decode(__half *, const __half *, const __half *, const __half *, int, int)"
22457740,22464653,"k_gemv_fp16(__half *, const __half *, const __half *, const __half *, int, int)"
22464717,22465613,"k_add(__half *, const __half *, unsigned long long)"
22465645,22468909,"k_layernorm(__half *, const __half *, const __half *, const __half *, int, int)"
22468941,22490190,"k_gemv_fp16(__half *, const __half *, const __half *, const __half *, int, int)"
22490222,22491182,"k_gelu(__half *, unsigned long long)"
22491215,22514544,"k_gemv_fp16(__half *, const __half *, const __half *, const __half *, int, int)"
22514576,22515472,"k_add(__half *, const __half *, unsigned long long)"
22515504,22518896,"k_layernorm(__half *, const __half *, const __half *, const __half *, int, int)"
22518928,22535442,"k_gemv_fp16(__half *, const __half *, const __half *, const __half *, int, int)"
22535505,22536498,"k_kv_append(__half *, __half *, const __half *, int, int)"
22536530,22547186,"k_attn_decode(__half *, const __half *, const __half *, const __half *, int, int)"
22547218,22554995,"k_gemv_fp16(__half *, const __half *, const __half *, const __half *, int, int)"
22555027,22555923,"k_add(__half *, const __half *, unsigned long long)"
22555987,22559347,"k_layernorm(__half *, const __half *, const __half *, const __half *, int, int)"
22559379,22580533,"k_gemv_fp16(__half *, const __half *, const __half *, const __half *, int, int)"
22580565,22581557,"k_gelu(__half *, unsigned long long)"
22582581,22606038,"k_gemv_fp16(__half *, const __half *, const __half *, const __half *, int, int)"
22606102,22606998,"k_add(__half *, const __half *, unsigned long long)"
22607031,22610359,"k_layernorm(__half *, const __half *, const __half *, const __half *, int, int)"
22610423,22626904,"k_gemv_fp16(__half *, const __half *, const __half *, const __half *, int, int)"
22626936,22627928,"k_kv_append(__half *, __half *, const __half *, int, int)"
22627992,22638553,"k_attn_decode(__half *, const __half *, const __half *, const __half *, int, int)"
22638617,22646233,"k_gemv_fp16(__half *, const __half *, const __half *, const __half *, int, int)"
22646297,22647193,"k_add(__half *, const __half *, unsigned long long)"
22647225,22650490,"k_layernorm(__half *, const __half *, const __half *, const __half *, int, int)"
22650521,22671739,"k_gemv_fp16(__half *, const __half *, const __half *, const __half *, int, int)"
22671771,22672731,"k_gelu(__half *, unsigned long long)"
22672795,22696093,"k_gemv_fp16(__half *, const __half *, const __half *, const __half *, int, int)"
22696157,22697053,"k_add(__half *, const __half *, unsigned long long)"
22697085,22700349,"k_layernorm(__half *, const __half *, const __half *, const __half *, int, int)"
22700381,22716798,"k_gemv_fp16(__half *, const __half *, const __half *, const __half *, int, int)"
22716830,22717854,"k_kv_append(__half *, __half *, const __half *, int, int)"
22718622,22729439,"k_attn_decode(__half *, const __half *, const __half *, const __half *, int, int)"
22729471,22737215,"k_gemv_fp16(__half *, const __half *, const __half *, const __half *, int, int)"
22737279,22738175,"k_add(__half *, const __half *, unsigned long long)"
22738208,22741472,"k_layernorm(__half *, const __half *, const __half *, const __half *, int, int)"
22741536,22762657,"k_gemv_fp16(__half *, const __half *, const __half *, const __half *, int, int)"
22762721,22763681,"k_gelu(__half *, unsigned long long)"
22763713,22787203,"k_gemv_fp16(__half *, const __half *, const __half *, const __half *, int, int)"
22787235,22788163,"k_add(__half *, const __half *, unsigned long long)"
22788195,22791427,"k_layernorm(__half *, const __half *, const __half *, const __half *, int, int)"
22791491,22807844,"k_gemv_fp16(__half *, const __half *, const __half *, const __half *, int, int)"
22807908,22808900,"k_kv_append(__half *, __half *, const __half *, int, int)"
22808932,22819685,"k_attn_decode(__half *, const __half *, const __half *, const __half *, int, int)"
22819717,22827270,"k_gemv_fp16(__half *, const __half *, const __half *, const __half *, int, int)"
22827334,22828230,"k_add(__half *, const __half *, unsigned long long)"
22828262,22831526,"k_layernorm(__half *, const __half *, const __half *, const __half *, int, int)"
22831590,22852839,"k_gemv_fp16(__half *, const __half *, const __half *, const __half *, int, int)"
22853607,22854567,"k_gelu(__half *, unsigned long long)"
22854599,22878185,"k_gemv_fp16(__half *, const __half *, const __half *, const __half *, int, int)"
22878217,22879113,"k_add(__half *, const __half *, unsigned long long)"
22879177,22882409,"k_layernorm(__half *, const __half *, const __half *, const __half *, int, int)"
22882473,22898795,"k_gemv_fp16(__half *, const __half *, const __half *, const __half *, int, int)"
22898859,22899819,"k_kv_append(__half *, __half *, const __half *, int, int)"
22899883,22910571,"k_attn_decode(__half *, const __half *, const __half *, const __half *, int, int)"
22910603,22918284,"k_gemv_fp16(__half *, const __half *, const __half *, const __half *, int, int)"
22918316,22919212,"k_add(__half *, const __half *, unsigned long long)"
22919276,22922476,"k_layernorm(__half *, const __half *, const __half *, const __half *, int, int)"
22922540,22943726,"k_gemv_fp16(__half *, const __half *, const __half *, const __half *, int, int)"
22943758,22944718,"k_gelu(__half *, unsigned long long)"
22944782,22968111,"k_gemv_fp16(__half *, const __half *, const __half *, const __half *, int, int)"
22968175,22969071,"k_add(__half *, const __half *, unsigned long long)"
22969103,22972463,"k_layernorm(__half *, const __half *, const __half *, const __half *, int, int)"
22972528,22988913,"k_gemv_fp16(__half *, const __half *, const __half *, const __half *, int, int)"
22989745,22990737,"k_kv_append(__half *, __half *, const __half *, int, int)"
22990801,23001618,"k_attn_decode(__half *, const __half *, const __half *, const __half *, int, int)"
23001650,23009266,"k_gemv_fp16(__half *, const __half *, const __half *, const __half *, int, int)"
23009330,23010194,"k_add(__half *, const __half *, unsigned long long)"
23010258,23013490,"k_layernorm(__half *, const __half *, const __half *, const __half *, int, int)"
23013522,23034708,"k_gemv_fp16(__half *, const __half *, const __half *, const __half *, int, int)"
23034772,23035732,"k_gelu(__half *, unsigned long long)"
23035764,23059157,"k_gemv_fp16(__half *, const __half *, const __half *, const __half *, int, int)"
23059221,23060118,"k_add(__half *, const __half *, unsigned long long)"
23060150,23063382,"k_layernorm(__half *, const __half *, const __half *, const __half *, int, int)"
23063446,23079799,"k_gemv_fp16(__half *, const __half *, const __half *, const __half *, int, int)"
23079831,23080823,"k_kv_append(__half *, __half *, const __half *, int, int)"
23080887,23091512,"k_attn_decode(__half *, const __half *, const __half *, const __half *, int, int)"
23091544,23099128,"k_gemv_fp16(__half *, const __half *, const __half *, const __half *, int, int)"
23099192,23100088,"k_add(__half *, const __half *, unsigned long long)"
23100120,23103449,"k_layernorm(__half *, const __half *, const __half *, const __half *, int, int)"
23104249,23125626,"k_gemv_fp16(__half *, const __half *, const __half *, const __half *, int, int)"
23125658,23126650,"k_gelu(__half *, unsigned long long)"
23126682,23150076,"k_gemv_fp16(__half *, const __half *, const __half *, const __half *, int, int)"
23150108,23151004,"k_add(__half *, const __half *, unsigned long long)"
23151068,23154300,"k_layernorm(__half *, const __half *, const __half *, const __half *, int, int)"
23154332,23170717,"k_gemv_fp16(__half *, const __half *, const __half *, const __half *, int, int)"
23170781,23171773,"k_kv_append(__half *, __half *, const __half *, int, int)"
23171805,23182398,"k_attn_decode(__half *, const __half *, const __half *, const __half *, int, int)"
23182430,23190207,"k_gemv_fp16(__half *, const __half *, const __half *, const __half *, int, int)"
23190238,23191135,"k_add(__half *, const __half *, unsigned long long)"
23191167,23194399,"k_layernorm(__half *, const __half *, const __half *, const __half *, int, int)"
23194431,23215744,"k_gemv_fp16(__half *, const __half *, const __half *, const __half *, int, int)"
23215776,23216768,"k_gelu(__half *, unsigned long long)"
23216800,23240098,"k_gemv_fp16(__half *, const __half *, const __half *, const __half *, int, int)"
23240130,23241026,"k_add(__half *, const __half *, unsigned long long)"
23241058,23244354,"k_layernorm(__half *, const __half *, const __half *, const __half *, int, int)"
23245154,23261668,"k_gemv_fp16(__half *, const __half *, const __half *, const __half *, int, int)"
23261699,23262724,"k_kv_append(__half *, __half *, const __half *, int, int)"
23262755,23273380,"k_attn_decode(__half *, const __half *, const __half *, const __half *, int, int)"
23273412,23281061,"k_gemv_fp16(__half *, const __half *, const __half *, const __half *, int, int)"
23281125,23282021,"k_add(__half *, const __half *, unsigned long long)"
23282053,23285477,"k_layernorm(__half *, const __half *, const __half *, const __half *, int, int)"
23285509,23306695,"k_gemv_fp16(__half *, const __half *, const __half *, const __half *, int, int)"
23306727,23307687,"k_gelu(__half *, unsigned long long)"
23307719,23331080,"k_gemv_fp16(__half *, const __half *, const __half *, const __half *, int, int)"
23331112,23332008,"k_add(__half *, const __half *, unsigned long long)"
23332072,23335305,"k_layernorm(__half *, const __half *, const __half *, const __half *, int, int)"
23335368,23351754,"k_gemv_fp16(__half *, const __half *, const __half *, const __half *, int, int)"
23351786,23352778,"k_kv_append(__half *, __half *, const __half *, int, int)"
23352842,23363690,"k_attn_decode(__half *, const __half *, const __half *, const __half *, int, int)"
23363723,23371403,"k_gemv_fp16(__half *, const __half *, const __half *, const __half *, int, int)"
23371435,23372331,"k_add(__half *, const __half *, unsigned long long)"
23373131,23376363,"k_layernorm(__half *, const __half *, const __half *, const __half *, int, int)"
23376427,23397613,"k_gemv_fp16(__half *, const __half *, const __half *, const __half *, int, int)"
23397677,23398605,"k_gelu(__half *, unsigned long long)"
23398669,23422030,"k_gemv_fp16(__half *, const __half *, const __half *, const __half *, int, int)"
23422063,23422959,"k_add(__half *, const __half *, unsigned long long)"
23423023,23426383,"k_layernorm(__half *, const __half *, const __half *, const __half *, int, int)"
23426447,23738244,"k_gemv_fp16(__half *, const __half *, const __half *, const __half *, int, int)"
23797832,23798920,"k_embed_one(__half *, const __half *, const __half *, int, int)"
23798984,23802281,"k_layernorm(__half *, const __half *, const __half *, const __half *, int, int)"
23802313,23818826,"k_gemv_fp16(__half *, const __half *, const __half *, const __half *, int, int)"
23818890,23819882,"k_kv_append(__half *, __half *, const __half *, int, int)"
23819914,23830763,"k_attn_decode(__half *, const __half *, const __half *, const __half *, int, int)"
23830795,23838347,"k_gemv_fp16(__half *, const __half *, const __half *, const __half *, int, int)"
23838379,23839275,"k_add(__half *, const __half *, unsigned long long)"
23839339,23842699,"k_layernorm(__half *, const __half *, const __half *, const __half *, int, int)"
23842763,23863917,"k_gemv_fp16(__half *, const __half *, const __half *, const __half *, int, int)"
23863981,23864941,"k_gelu(__half *, unsigned long long)"
23864973,23888495,"k_gemv_fp16(__half *, const __half *, const __half *, const __half *, int, int)"
23888558,23889455,"k_add(__half *, const __half *, unsigned long long)"
23889487,23892815,"k_layernorm(__half *, const __half *, const __half *, const __half *, int, int)"
23892879,23909200,"k_gemv_fp16(__half *, const __half *, const __half *, const __half *, int, int)"
23909232,23910256,"k_kv_append(__half *, __half *, const __half *, int, int)"
23910288,23920785,"k_attn_decode(__half *, const __half *, const __half *, const __half *, int, int)"
23921809,23928689,"k_gemv_fp16(__half *, const __half *, const __half *, const __half *, int, int)"
23928721,23929617,"k_add(__half *, const __half *, unsigned long long)"
23929649,23932946,"k_layernorm(__half *, const __half *, const __half *, const __half *, int, int)"
23932977,23954227,"k_gemv_fp16(__half *, const __half *, const __half *, const __half *, int, int)"
23954291,23955251,"k_gelu(__half *, unsigned long long)"
23955283,23978645,"k_gemv_fp16(__half *, const __half *, const __half *, const __half *, int, int)"
23978709,23979605,"k_add(__half *, const __half *, unsigned long long)"
23979637,23982965,"k_layernorm(__half *, const __half *, const __half *, const __half *, int, int)"
23983029,23999542,"k_gemv_fp16(__half *, const __half *, const __half *, const __half *, int, int)"
23999574,24000566,"k_kv_append(__half *, __half *, const __half *, int, int)"
24000630,24011319,"k_attn_decode(__half *, const __half *, const __half *, const __half *, int, int)"
24011351,24019031,"k_gemv_fp16(__half *, const __half *, const __half *, const __half *, int, int)"
24019063,24019960,"k_add(__half *, const __half *, unsigned long long)"
24019991,24023256,"k_layernorm(__half *, const __half *, const __half *, const __half *, int, int)"
24023320,24044505,"k_gemv_fp16(__half *, const __half *, const __half *, const __half *, int, int)"
24044537,24045497,"k_gelu(__half *, unsigned long long)"
24046297,24069723,"k_gemv_fp16(__half *, const __half *, const __half *, const __half *, int, int)"
24069755,24070651,"k_add(__half *, const __half *, unsigned long long)"
24070715,24073947,"k_layernorm(__half *, const __half *, const __half *, const __half *, int, int)"
24073979,24090428,"k_gemv_fp16(__half *, const __half *, const __half *, const __half *, int, int)"
24090492,24091484,"k_kv_append(__half *, __half *, const __half *, int, int)"
24091548,24102077,"k_attn_decode(__half *, const __half *, const __half *, const __half *, int, int)"
24102109,24109694,"k_gemv_fp16(__half *, const __half *, const __half *, const __half *, int, int)"
24109758,24110654,"k_add(__half *, const __half *, unsigned long long)"
24110686,24113982,"k_layernorm(__half *, const __half *, const __half *, const __half *, int, int)"
24114014,24135295,"k_gemv_fp16(__half *, const __half *, const __half *, const __half *, int, int)"
24135328,24136288,"k_gelu(__half *, unsigned long long)"
24136352,24159777,"k_gemv_fp16(__half *, const __half *, const __half *, const __half *, int, int)"
24159809,24160705,"k_add(__half *, const __half *, unsigned long long)"
24160769,24164033,"k_layernorm(__half *, const __half *, const __half *, const __half *, int, int)"
24164065,24180482,"k_gemv_fp16(__half *, const __half *, const __half *, const __half *, int, int)"
24180515,24181507,"k_kv_append(__half *, __half *, const __half *, int, int)"
24182499,24193122,"k_attn_decode(__half *, const __half *, const __half *, const __half *, int, int)"
24193123,24200804,"k_gemv_fp16(__half *, const __half *, const __half *, const __half *, int, int)"
24200836,24201732,"k_add(__half *, const __half *, unsigned long long)"
24201796,24205156,"k_layernorm(__half *, const __half *, const __half *, const __half *, int, int)"
24205188,24226374,"k_gemv_fp16(__half *, const __half *, const __half *, const __half *, int, int)"
24226406,24227366,"k_gelu(__half *, unsigned long long)"
24227430,24250952,"k_gemv_fp16(__half *, const __half *, const __half *, const __half *, int, int)"
24250983,24251879,"k_add(__half *, const __half *, unsigned long long)"
24251912,24255240,"k_layernorm(__half *, const __half *, const __half *, const __half *, int, int)"
24255272,24271881,"k_gemv_fp16(__half *, const __half *, const __half *, const __half *, int, int)"
24271913,24272905,"k_kv_append(__half *, __half *, const __half *, int, int)"
24272969,24283754,"k_attn_decode(__half *, const __half *, const __half *, const __half *, int, int)"
24283786,24291338,"k_gemv_fp16(__half *, const __half *, const __half *, const __half *, int, int)"
24291370,24292266,"k_add(__half *, const __half *, unsigned long long)"
24292298,24295658,"k_layernorm(__half *, const __half *, const __half *, const __half *, int, int)"
24295690,24316876,"k_gemv_fp16(__half *, const __half *, const __half *, const __half *, int, int)"
24317644,24318604,"k_gelu(__half *, unsigned long long)"
24318636,24342126,"k_gemv_fp16(__half *, const __half *, const __half *, const __half *, int, int)"
24342190,24343054,"k_add(__half *, const __half *, unsigned long long)"
24343118,24346382,"k_layernorm(__half *, const __half *, const __half *, const __half *, int, int)"
24346414,24362799,"k_gemv_fp16(__half *, const __half *, const __half *, const __half *, int, int)"
24362831,24363823,"k_kv_append(__half *, __half *, const __half *, int, int)"
24363855,24374512,"k_attn_decode(__half *, const __half *, const __half *, const __half *, int, int)"
24374576,24382225,"k_gemv_fp16(__half *, const __half *, const __half *, const __half *, int, int)"
24382256,24383152,"k_add(__half *, const __half *, unsigned long long)"
24383216,24386481,"k_layernorm(__half *, const __half *, const __half *, const __half *, int, int)"
24386545,24407730,"k_gemv_fp16(__half *, const __half *, const __half *, const __half *, int, int)"
24407794,24408722,"k_gelu(__half *, unsigned long long)"
24408786,24432244,"k_gemv_fp16(__half *, const __half *, const __half *, const __half *, int, int)"
24432308,24433204,"k_add(__half *, const __half *, unsigned long long)"
24433268,24436500,"k_layernorm(__half *, const __half *, const __half *, const __half *, int, int)"
24436532,24452981,"k_gemv_fp16(__half *, const __half *, const __half *, const __half *, int, int)"
24453813,24454805,"k_kv_append(__half *, __half *, const __half *, int, int)"
24454869,24465590,"k_attn_decode(__half *, const __half *, const __half *, const __half *, int, int)"
24465622,24473207,"k_gemv_fp16(__half *, const __half *, const __half *, const __half *, int, int)"
24473271,24474135,"k_add(__half *, const __half *, unsigned long long)"
24474199,24477431,"k_layernorm(__half *, const __half *, const __half *, const __half *, int, int)"
24477495,24498712,"k_gemv_fp16(__half *, const __half *, const __half *, const __half *, int, int)"
24498744,24499705,"k_gelu(__half *, unsigned long long)"
24499769,24523226,"k_gemv_fp16(__half *, const __half *, const __half *, const __half *, int, int)"
24523258,24524154,"k_add(__half *, const __half *, unsigned long long)"
24524218,24527450,"k_layernorm(__half *, const __half *, const __half *, const __half *, int, int)"
24527514,24543932,"k_gemv_fp16(__half *, const __half *, const __half *, const __half *, int, int)"
24543964,24544956,"k_kv_append(__half *, __half *, const __half *, int, int)"
24544988,24555644,"k_attn_decode(__half *, const __half *, const __half *, const __half *, int, int)"
24555676,24563261,"k_gemv_fp16(__half *, const __half *, const __half *, const __half *, int, int)"
24563325,24564221,"k_add(__half *, const __half *, unsigned long long)"
24564253,24567517,"k_layernorm(__half *, const __half *, const __half *, const __half *, int, int)"
24568349,24589791,"k_gemv_fp16(__half *, const __half *, const __half *, const __half *, int, int)"
24589855,24590815,"k_gelu(__half *, unsigned long long)"
24590847,24614208,"k_gemv_fp16(__half *, const __half *, const __half *, const __half *, int, int)"
24614240,24615137,"k_add(__half *, const __half *, unsigned long long)"
24615200,24618433,"k_layernorm(__half *, const __half *, const __half *, const __half *, int, int)"
24618465,24634914,"k_gemv_fp16(__half *, const __half *, const __half *, const __half *, int, int)"
24634946,24635938,"k_kv_append(__half *, __half *, const __half *, int, int)"
24636002,24646627,"k_attn_decode(__half *, const __half *, const __half *, const __half *, int, int)"
24646658,24654275,"k_gemv_fp16(__half *, const __half *, const __half *, const __half *, int, int)"
24654339,24655203,"k_add(__half *, const __half *, unsigned long long)"
24655267,24658467,"k_layernorm(__half *, const __half *, const __half *, const __half *, int, int)"
24658531,24679685,"k_gemv_fp16(__half *, const __half *, const __half *, const __half *, int, int)"
24679749,24680709,"k_gelu(__half *, unsigned long long)"
24680741,24704038,"k_gemv_fp16(__half *, const __half *, const __half *, const __half *, int, int)"
24704103,24704999,"k_add(__half *, const __half *, unsigned long long)"
24705031,24708295,"k_layernorm(__half *, const __half *, const __half *, const __half *, int, int)"
24709159,24725704,"k_gemv_fp16(__half *, const __half *, const __half *, const __half *, int, int)"
24725736,24726728,"k_kv_append(__half *, __half *, const __half *, int, int)"
24726792,24737449,"k_attn_decode(__half *, const __half *, const __half *, const __half *, int, int)"
24737513,24745193,"k_gemv_fp16(__half *, const __half *, const __half *, const __half *, int, int)"
24745225,24746121,"k_add(__half *, const __half *, unsigned long long)"
24746185,24749418,"k_layernorm(__half *, const __half *, const __half *, const __half *, int, int)"
24749482,24770635,"k_gemv_fp16(__half *, const __half *, const __half *, const __half *, int, int)"
24770667,24771627,"k_gelu(__half *, unsigned long long)"
24771659,24795373,"k_gemv_fp16(__half *, const __half *, const __half *, const __half *, int, int)"
24795437,24796333,"k_add(__half *, const __half *, unsigned long long)"
24796365,24799629,"k_layernorm(__half *, const __half *, const __half *, const __half *, int, int)"
24799693,24816110,"k_gemv_fp16(__half *, const __half *, const __half *, const __half *, int, int)"
24816174,24817166,"k_kv_append(__half *, __half *, const __half *, int, int)"
24817230,24827855,"k_attn_decode(__half *, const __half *, const __half *, const __half *, int, int)"
24827919,24835536,"k_gemv_fp16(__half *, const __half *, const __half *, const __half *, int, int)"
24835567,24836464,"k_add(__half *, const __half *, unsigned long long)"
24837552,24840816,"k_layernorm(__half *, const __half *, const __half *, const __half *, int, int)"
24840848,24862001,"k_gemv_fp16(__half *, const __half *, const __half *, const __half *, int, int)"
24862065,24863025,"k_gelu(__half *, unsigned long long)"
24863057,24886323,"k_gemv_fp16(__half *, const __half *, const __half *, const __half *, int, int)"
24886387,24887251,"k_add(__half *, const __half *, unsigned long long)"
24887315,24890579,"k_layernorm(__half *, const __half *, const __half *, const __half *, int, int)"
24890643,25202569,"k_gemv_fp16(__half *, const __half *, const __half *, const __half *, int, int)"
25283886,25284974,"k_embed_one(__half *, const __half *, const __half *, int, int)"
25285007,25288271,"k_layernorm(__half *, const __half *, const __half *, const __half *, int, int)"
25288303,25305008,"k_gemv_fp16(__half *, const __half *, const __half *, const __half *, int, int)"
25305040,25306032,"k_kv_append(__half *, __half *, const __half *, int, int)"
25306096,25316753,"k_attn_decode(__half *, const __half *, const __half *, const __half *, int, int)"
25316785,25324369,"k_gemv_fp16(__half *, const __half *, const __half *, const __half *, int, int)"
25324401,25325297,"k_add(__half *, const __half *, unsigned long long)"
25325329,25328593,"k_layernorm(__half *, const __half *, const __half *, const __half *, int, int)"
25328625,25349715,"k_gemv_fp16(__half *, const __half *, const __half *, const __half *, int, int)"
25349747,25350739,"k_gelu(__half *, unsigned long long)"
25350771,25374164,"k_gemv_fp16(__half *, const __half *, const __half *, const __half *, int, int)"
25374229,25375125,"k_add(__half *, const __half *, unsigned long long)"
25375157,25378453,"k_layernorm(__half *, const __half *, const __half *, const __half *, int, int)"
25378485,25394966,"k_gemv_fp16(__half *, const __half *, const __half *, const __half *, int, int)"
25395030,25396022,"k_kv_append(__half *, __half *, const __half *, int, int)"
25396086,25406743,"k_attn_decode(__half *, const __half *, const __half *, const __half *, int, int)"
25407543,25414583,"k_gemv_fp16(__half *, const __half *, const __half *, const __half *, int, int)"
25414615,25415511,"k_add(__half *, const __half *, unsigned long long)"
25415543,25418808,"k_layernorm(__half *, const __half *, const __half *, const __half *, int, int)"
25418840,25440057,"k_gemv_fp16(__half *, const __half *, const __half *, const __half *, int, int)"
25440089,25441049,"k_gelu(__half *, unsigned long long)"
25441081,25464379,"k_gemv_fp16(__half *, const __half *, const __half *, const __half *, int, int)"
25464411,25465307,"k_add(__half *, const __half *, unsigned long long)"
25465339,25468635,"k_layernorm(__half *, const __half *, const __half *, const __half *, int, int)"
25468699,25485212,"k_gemv_fp16(__half *, const __half *, const __half *, const __half *, int, int)"
25485276,25486268,"k_kv_append(__half *, __half *, const __half *, int, int)"
25486300,25497437,"k_attn_decode(__half *, const __half *, const __half *, const __half *, int, int)"
25497469,25505118,"k_gemv_fp16(__half *, const __half *, const __half *, const __half *, int, int)"
25505181,25506078,"k_add(__half *, const __half *, unsigned long long)"
25506110,25509374,"k_layernorm(__half *, const __half *, const __half *, const __half *, int, int)"
25509438,25530687,"k_gemv_fp16(__half *, const __half *, const __half *, const __half *, int, int)"
25530719,25531679,"k_gelu(__half *, unsigned long long)"
25532704,25556161,"k_gemv_fp16(__half *, const __half *, const __half *, const __half *, int, int)"
25556193,25557089,"k_add(__half *, const __half *, unsigned long long)"
25557121,25560417,"k_layernorm(__half *, const __half *, const __half *, const __half *, int, int)"
25560449,25576931,"k_gemv_fp16(__half *, const __half *, const __half *, const __half *, int, int)"
25576994,25577987,"k_kv_append(__half *, __half *, const __half *, int, int)"
25578019,25588707,"k_attn_decode(__half *, const __half *, const __half *, const __half *, int, int)"
25588739,25596356,"k_gemv_fp16(__half *, const __half *, const __half *, const __half *, int, int)"
25596420,25597316,"k_add(__half *, const __half *, unsigned long long)"
25597348,25600612,"k_layernorm(__half *, const __half *, const __half *, const __half *, int, int)"
25600644,25621830,"k_gemv_fp16(__half *, const __half *, const __half *, const __half *, int, int)"
25621894,25622854,"k_gelu(__half *, unsigned long long)"
25622886,25646215,"k_gemv_fp16(__half *, const __half *, const __half *, const __half *, int, int)"
25646279,25647143,"k_add(__half *, const __half *, unsigned long long)"
25647207,25650440,"k_layernorm(__half *, const __half *, const __half *, const __half *, int, int)"
25650504,25667017,"k_gemv_fp16(__half *, const __half *, const __half *, const __half *, int, int)"
25667049,25668073,"k_kv_append(__half *, __half *, const __half *, int, int)"
25668841,25679497,"k_attn_decode(__half *, const __half *, const __half *, const __half *, int, int)"
25679530,25687146,"k_gemv_fp16(__half *, const __half *, const __half *, const __half *, int, int)"
25687178,25688106,"k_add(__half *, const __half *, unsigned long long)"
25688138,25691402,"k_layernorm(__half *, const __half *, const __half *, const __half *, int, int)"
25691466,25712620,"k_gemv_fp16(__half *, const __half *, const __half *, const __half *, int, int)"
25712652,25713612,"k_gelu(__half *, unsigned long long)"
25713644,25737102,"k_gemv_fp16(__half *, const __half *, const __half *, const __half *, int, int)"
25737133,25738030,"k_add(__half *, const __half *, unsigned long long)"
25738062,25741326,"k_layernorm(__half *, const __half *, const __half *, const __half *, int, int)"
25741390,25757775,"k_gemv_fp16(__half *, const __half *, const __half *, const __half *, int, int)"
25757807,25758799,"k_kv_append(__half *, __half *, const __half *, int, int)"
25758831,25769520,"k_attn_decode(__half *, const __half *, const __half *, const __half *, int, int)"
25769552,25777136,"k_gemv_fp16(__half *, const __half *, const __half *, const __half *, int, int)"
25777200,25778096,"k_add(__half *, const __half *, unsigned long long)"
25778128,25781361,"k_layernorm(__half *, const __half *, const __half *, const __half *, int, int)"
25781425,25802738,"k_gemv_fp16(__half *, const __half *, const __half *, const __half *, int, int)"
25803506,25804466,"k_gelu(__half *, unsigned long long)"
25804498,25828052,"k_gemv_fp16(__half *, const __half *, const __half *, const __half *, int, int)"
25828084,25828980,"k_add(__half *, const __half *, unsigned long long)"
25829044,25832340,"k_layernorm(__half *, const __half *, const __half *, const __half *, int, int)"
25832372,25848789,"k_gemv_fp16(__half *, const __half *, const __half *, const __half *, int, int)"
25848853,25849845,"k_kv_append(__half *, __half *, const __half *, int, int)"
25849877,25860566,"k_attn_decode(__half *, const __half *, const __half *, const __half *, int, int)"
25860598,25868246,"k_gemv_fp16(__half *, const __half *, const __half *, const __half *, int, int)"
25868279,25869175,"k_add(__half *, const __half *, unsigned long long)"
25869239,25872439,"k_layernorm(__half *, const __half *, const __half *, const __half *, int, int)"
25872471,25893720,"k_gemv_fp16(__half *, const __half *, const __half *, const __half *, int, int)"
25893752,25894712,"k_gelu(__half *, unsigned long long)"
25894776,25918138,"k_gemv_fp16(__half *, const __half *, const __half *, const __half *, int, int)"
25918170,25919066,"k_add(__half *, const __half *, unsigned long long)"
25919130,25922362,"k_layernorm(__half *, const __half *, const __half *, const __half *, int, int)"
25922426,25938875,"k_gemv_fp16(__half *, const __half *, const __half *, const __half *, int, int)"
25939643,25940635,"k_kv_append(__half *, __half *, const __half *, int, int)"
25940667,25951740,"k_attn_decode(__half *, const __half *, const __half *, const __half *, int, int)"
25951772,25959485,"k_gemv_fp16(__half *, const __half *, const __half *, const __half *, int, int)"
25959549,25960445,"k_add(__half *, const __half *, unsigned long long)"
25960477,25963709,"k_layernorm(__half *, const __half *, const __half *, const __half *, int, int)"
25963773,25984959,"k_gemv_fp16(__half *, const __half *, const __half *, const __half *, int, int)"
25985023,25985983,"k_gelu(__half *, unsigned long long)"
25986015,26009504,"k_gemv_fp16(__half *, const __half *, const __half *, const __half *, int, int)"
26009536,26010432,"k_add(__half *, const __half *, unsigned long long)"
26010496,26013729,"k_layernorm(__half *, const __half *, const __half *, const __half *, int, int)"
26013793,26030178,"k_gemv_fp16(__half *, const __half *, const __half *, const __half *, int, int)"
26030210,26031202,"k_kv_append(__half *, __half *, const __half *, int, int)"
26031266,26042083,"k_attn_decode(__half *, const __half *, const __half *, const __half *, int, int)"
26042114,26049731,"k_gemv_fp16(__half *, const __half *, const __half *, const __half *, int, int)"
26049763,26050659,"k_add(__half *, const __half *, unsigned long long)"
26050723,26053923,"k_layernorm(__half *, const __half *, const __half *, const __half *, int, int)"
26054851,26076325,"k_gemv_fp16(__half *, const __half *, const __half *, const __half *, int, int)"
26076357,26077317,"k_gelu(__half *, unsigned long long)"
26077349,26100646,"k_gemv_fp16(__half *, const __half *, const __half *, const __half *, int, int)"
26100710,26101607,"k_add(__half *, const __half *, unsigned long long)"
26101639,26104903,"k_layernorm(__half *, const __half *, const __half *, const __half *, int, int)"
26104935,26121352,"k_gemv_fp16(__half *, const __half *, const __half *, const __half *, int, int)"
26121384,26122408,"k_kv_append(__half *, __half *, const __half *, int, int)"
26122440,26133161,"k_attn_decode(__half *, const __half *, const __half *, const __half *, int, int)"
26133193,26140809,"k_gemv_fp16(__half *, const __half *, const __half *, const __half *, int, int)"
26140841,26141737,"k_add(__half *, const __half *, unsigned long long)"
26141769,26145002,"k_layernorm(__half *, const __half *, const __half *, const __half *, int, int)"
26145033,26166347,"k_gemv_fp16(__half *, const __half *, const __half *, const __half *, int, int)"
26166379,26167339,"k_gelu(__half *, unsigned long long)"
26167371,26190637,"k_gemv_fp16(__half *, const __half *, const __half *, const __half *, int, int)"
26190701,26191597,"k_add(__half *, const __half *, unsigned long long)"
26191629,26194893,"k_layernorm(__half *, const __half *, const __half *, const __half *, int, int)"
26195885,26212590,"k_gemv_fp16(__half *, const __half *, const __half *, const __half *, int, int)"
26212654,26213646,"k_kv_append(__half *, __half *, const __half *, int, int)"
26213678,26224655,"k_attn_decode(__half *, const __half *, const __half *, const __half *, int, int)"
26224687,26232335,"k_gemv_fp16(__half *, const __half *, const __half *, const __half *, int, int)"
26232400,26233295,"k_add(__half *, const __half *, unsigned long long)"
26233328,26236560,"k_layernorm(__half *, const __half *, const __half *, const __half *, int, int)"
26236624,26257873,"k_gemv_fp16(__half *, const __half *, const __half *, const __half *, int, int)"
26257937,26258897,"k_gelu(__half *, unsigned long long)"
26258929,26282355,"k_gemv_fp16(__half *, const __half *, const __half *, const __half *, int, int)"
26282387,26283283,"k_add(__half *, const __half *, unsigned long long)"
26283347,26286579,"k_layernorm(__half *, const __half *, const __half *, const __half *, int, int)"
26286611,26302996,"k_gemv_fp16(__half *, const __half *, const __half *, const __half *, int, int)"
26303060,26304052,"k_kv_append(__half *, __half *, const __half *, int, int)"
26304117,26314773,"k_attn_decode(__half *, const __half *, const __half *, const __half *, int, int)"
26314805,26322454,"k_gemv_fp16(__half *, const __half *, const __half *, const __half *, int, int)"
26322518,26323414,"k_add(__half *, const __half *, unsigned long long)"
26324182,26327414,"k_layernorm(__half *, const __half *, const __half *, const __half *, int, int)"
26327478,26348696,"k_gemv_fp16(__half *, const __half *, const __half *, const __half *, int, int)"
26348759,26349720,"k_gelu(__half *, unsigned long long)"
26349752,26373241,"k_gemv_fp16(__half *, const __half *, const __half *, const __half *, int, int)"
26373273,26374169,"k_add(__half *, const __half *, unsigned long long)"
26374233,26377466,"k_layernorm(__half *, const __half *, const __half *, const __half *, int, int)"
26377498,26689359,"k_gemv_fp16(__half *, const __half *, const __half *, const __half *, int, int)"
26763060,26764148,"k_embed_one(__half *, const __half *, const __half *, int, int)"
26764180,26767412,"k_layernorm(__half *, const __half *, const __half *, const __half *, int, int)"
26767476,26784182,"k_gemv_fp16(__half *, const __half *, const __half *, const __half *, int, int)"
26784213,26785206,"k_kv_append(__half *, __half *, const __half *, int, int)"
26785269,26795958,"k_attn_decode(__half *, const __half *, const __half *, const __half *, int, int)"
26795990,26803543,"k_gemv_fp16(__half *, const __half *, const __half *, const __half *, int, int)"
26803575,26804471,"k_add(__half *, const __half *, unsigned long long)"
26804535,26807767,"k_layernorm(__half *, const __half *, const __half *, const __half *, int, int)"
26807831,26828889,"k_gemv_fp16(__half *, const __half *, const __half *, const __half *, int, int)"
26828920,26829881,"k_gelu(__half *, unsigned long long)"
26829913,26853370,"k_gemv_fp16(__half *, const __half *, const __half *, const __half *, int, int)"
26853434,26854330,"k_add(__half *, const __half *, unsigned long long)"
26854362,26857626,"k_layernorm(__half *, const __half *, const __half *, const __half *, int, int)"
26857659,26874140,"k_gemv_fp16(__half *, const __half *, const __half *, const __half *, int, int)"
26874172,26875196,"k_kv_append(__half *, __half *, const __half *, int, int)"
26875228,26886173,"k_attn_decode(__half *, const __half *, const __half *, const __half *, int, int)"
26886908,26893949,"k_gemv_fp16(__half *, const __half *, const __half *, const __half *, int, int)"
26893981,26894877,"k_add(__half *, const __half *, unsigned long long)"
26894909,26898173,"k_layernorm(__half *, const __half *, const __half *, const __half *, int, int)"
26898205,26919391,"k_gemv_fp16(__half *, const __half *, const __half *, const __half *, int, int)"
26919455,26920415,"k_gelu(__half *, unsigned long long)"
26920447,26943776,"k_gemv_fp16(__half *, const __half *, const __half *, const __half *, int, int)"
26943840,26944736,"k_add(__half *, const __half *, unsigned long long)"
26944769,26948033,"k_layernorm(__half *, const __half *, const __half *, const __half *, int, int)"
26948097,26964610,"k_gemv_fp16(__half *, const __half *, const __half *, const __half *, int, int)"
26964674,26965666,"k_kv_append(__half *, __half *, const __half *, int, int)"
26965698,26976387,"k_attn_decode(__half *, const __half *, const __half *, const __half *, int, int)"
26976419,26984099,"k_gemv_fp16(__half *, const __half *, const __half *, const __half *, int, int)"
26984163,26985027,"k_add(__half *, const __half *, unsigned long long)"
26985091,26988324,"k_layernorm(__half *, const __half *, const __half *, const __half *, int, int)"
26988387,27009637,"k_gemv_fp16(__half *, const __half *, const __half *, const __half *, int, int)"
27009669,27010629,"k_gelu(__half *, unsigned long long)"
27011653,27035111,"k_gemv_fp16(__half *, const __half *, const __half *, const __half *, int, int)"
27035143,27036039,"k_add(__half *, const __half *, unsigned long long)"
27036103,27039303,"k_layernorm(__half *, const __half *, const __half *, const __half *, int, int)"
27039367,27055816,"k_gemv_fp16(__half *, const __half *, const __half *, const __half *, int, int)"
27055848,27056840,"k_kv_append(__half *, __half *, const __half *, int, int)"
27056904,27067497,"k_attn_decode(__half *, const __half *, const __half *, const __half *, int, int)"
27067561,27075178,"k_gemv_fp16(__half *, const __half *, const __half *, const __half *, int, int)"
27075209,27076105,"k_add(__half *, const __half *, unsigned long long)"
27076169,27079402,"k_layernorm(__half *, const __half *, const __half *, const __half *, int, int)"
27079466,27100683,"k_gemv_fp16(__half *, const __half *, const __half *, const __half *, int, int)"
27100715,27101675,"k_gelu(__half *, unsigned long long)"
27101707,27125005,"k_gemv_fp16(__half *, const __half *, const __half *, const __half *, int, int)"
27125037,27125933,"k_add(__half *, const __half *, unsigned long long)"
27125997,27129229,"k_layernorm(__half *, const __half *, const __half *, const __half *, int, int)"
27129261,27145678,"k_gemv_fp16(__half *, const __half *, const __half *, const __half *, int, int)"
27145710,27146702,"k_kv_append(__half *, __half *, const __half *, int, int)"
27147566,27158255,"k_attn_decode(__half *, const __half *, const __half *, const __half *, int, int)"
27158287,27165936,"k_gemv_fp16(__half *, const __half *, const __half *, const __half *, int, int)"
27165968,27166864,"k_add(__half *, const __half *, unsigned long long)"
27166896,27170160,"k_layernorm(__half *, const __half *, const __half *, const __half *, int, int)"
27170224,27191569,"k_gemv_fp16(__half *, const __half *, const __half *, const __half *, int, int)"
27191601,27192561,"k_gelu(__half *, unsigned long long)"
27192626,27216051,"k_gemv_fp16(__half *, const __half *, const __half *, const __half *, int, int)"
27216083,27216979,"k_add(__half *, const __half *, unsigned long long)"
27217011,27220403,"k_layernorm(__half *, const __half *, const __half *, const __half *, int, int)"
27220435,27237045,"k_gemv_fp16(__half *, const __half *, const __half *, const __half *, int, int)"
27237077,27238069,"k_kv_append(__half *, __half *, const __half *, int, int)"
27238132,27248757,"k_attn_decode(__half *, const __half *, const __half *, const __half *, int, int)"
27248789,27256342,"k_gemv_fp16(__half *, const __half *, const __half *, const __half *, int, int)"
27256406,27257302,"k_add(__half *, const __half *, unsigned long long)"
27257334,27260598,"k_layernorm(__half *, const __half *, const __half *, const __half *, int, int)"
27260630,27281880,"k_gemv_fp16(__half *, const __half *, const __half *, const __half *, int, int)"
27282680,27283640,"k_gelu(__half *, unsigned long long)"
27283704,27307161,"k_gemv_fp16(__half *, const __half *, const __half *, const __half *, int, int)"
27307193,27308089,"k_add(__half *, const __half *, unsigned long long)"
27308121,27311386,"k_layernorm(__half *, const __half *, const __half *, const __half *, int, int)"
27311450,27327739,"k_gemv_fp16(__half *, const __half *, const __half *, const __half *, int, int)"
27327771,27328763,"k_kv_append(__half *, __half *, const __half *, int, int)"
27328827,27339580,"k_attn_decode(__half *, const __half *, const __half *, const __half *, int, int)"
27339612,27347132,"k_gemv_fp16(__half *, const __half *, const __half *, const __half *, int, int)"
27347164,27348060,"k_add(__half *, const __half *, unsigned long long)"
27348124,27351324,"k_layernorm(__half *, const __half *, const __half *, const __half *, int, int)"
27351388,27372542,"k_gemv_fp16(__half *, const __half *, const __half *, const __half *, int, int)"
27372574,27373534,"k_gelu(__half *, unsigned long long)"
27373598,27396959,"k_gemv_fp16(__half *, const __half *, const __half *, const __half *, int, int)"
27397024,27397920,"k_add(__half *, const __half *, unsigned long long)"
27397952,27401216,"k_layernorm(__half *, const __half *, const __half *, const __half *, int, int)"
27401248,27417761,"k_gemv_fp16(__half *, const __half *, const __half *, const __half *, int, int)"
27418593,27419585,"k_kv_append(__half *, __half *, const __half *, int, int)"
27419649,27430338,"k_attn_decode(__half *, const __half *, const __half *, const __half *, int, int)"
27430402,27438018,"k_gemv_fp16(__half *, const __half *, const __half *, const __half *, int, int)"
27438050,27438946,"k_add(__half *, const __half *, unsigned long long)"
27439011,27442243,"k_layernorm(__half *, const __half *, const __half *, const __half *, int, int)"
27442275,27463524,"k_gemv_fp16(__half *, const __half *, const __half *, const __half *, int, int)"
27463556,27464516,"k_gelu(__half *, unsigned long long)"
27464580,27488070,"k_gemv_fp16(__half *, const __half *, const __half *, const __half *, int, int)"
27488134,27489030,"k_add(__half *, const __half *, unsigned long long)"
27489062,27492326,"k_layernorm(__half *, const __half *, const __half *, const __half *, int, int)"
27492358,27508839,"k_gemv_fp16(__half *, const __half *, const __half *, const __half *, int, int)"
27508871,27509863,"k_kv_append(__half *, __half *, const __half *, int, int)"
27509895,27520872,"k_attn_decode(__half *, const __half *, const __half *, const __half *, int, int)"
27520904,27528489,"k_gemv_fp16(__half *, const __half *, const __half *, const __half *, int, int)"
27528553,27529449,"k_add(__half *, const __half *, unsigned long long)"
27529481,27532713,"k_layernorm(__half *, const __half *, const __half *, const __half *, int, int)"
27533481,27554890,"k_gemv_fp16(__half *, const __half *, const __half *, const __half *, int, int)"
27554954,27555914,"k_gelu(__half *, unsigned long long)"
27555947,27579276,"k_gemv_fp16(__half *, const __half *, const __half *, const __half *, int, int)"
27579308,27580236,"k_add(__half *, const __half *, unsigned long long)"
27580268,27583532,"k_layernorm(__half *, const __half *, const __half *, const __half *, int, int)"
27583564,27599918,"k_gemv_fp16(__half *, const __half *, const __half *, const __half *, int, int)"
27599950,27600941,"k_kv_append(__half *, __half *, const __half *, int, int)"
27601005,27611822,"k_attn_decode(__half *, const __half *, const __half *, const __half *, int, int)"
27611854,27619471,"k_gemv_fp16(__half *, const __half *, const __half *, const __half *, int, int)"
27619503,27620399,"k_add(__half *, const __half *, unsigned long long)"
27620431,27623663,"k_layernorm(__half *, const __half *, const __half *, const __half *, int, int)"
27623695,27644945,"k_gemv_fp16(__half *, const __half *, const __half *, const __half *, int, int)"
27644977,27645937,"k_gelu(__half *, unsigned long long)"
27645969,27669362,"k_gemv_fp16(__half *, const __half *, const __half *, const __half *, int, int)"
27669394,27670290,"k_add(__half *, const __half *, unsigned long long)"
27670322,27673618,"k_layernorm(__half *, const __half *, const __half *, const __half *, int, int)"
27674451,27690964,"k_gemv_fp16(__half *, const __half *, const __half *, const __half *, int, int)"
27690996,27691988,"k_kv_append(__half *, __half *, const __half *, int, int)"
27692020,27702613,"k_attn_decode(__half *, const __half *, const __half *, const __half *, int, int)"
27702644,27710325,"k_gemv_fp16(__half *, const __half *, const __half *, const __half *, int, int)"
27710357,27711253,"k_add(__half *, const __half *, unsigned long long)"
27711317,27714549,"k_layernorm(__half *, const __half *, const __half *, const __half *, int, int)"
27714613,27735799,"k_gemv_fp16(__half *, const __half *, const __half *, const __half *, int, int)"
27735831,27736791,"k_gelu(__half *, unsigned long long)"
27736823,27760216,"k_gemv_fp16(__half *, const __half *, const __half *, const __half *, int, int)"
27760280,27761177,"k_add(__half *, const __half *, unsigned long long)"
27761209,27764473,"k_layernorm(__half *, const __half *, const __half *, const __half *, int, int)"
27764505,27780954,"k_gemv_fp16(__half *, const __half *, const __half *, const __half *, int, int)"
27780986,27781978,"k_kv_append(__half *, __half *, const __half *, int, int)"
27782042,27792699,"k_attn_decode(__half *, const __half *, const __half *, const __half *, int, int)"
27792731,27800379,"k_gemv_fp16(__half *, const __half *, const __half *, const __half *, int, int)"
27800411,27801307,"k_add(__half *, const __half *, unsigned long long)"
27802075,27805308,"k_layernorm(__half *, const __half *, const __half *, const __half *, int, int)"
27805372,27826589,"k_gemv_fp16(__half *, const __half *, const __half *, const __half *, int, int)"
27826653,27827581,"k_gelu(__half *, unsigned long long)"
27827645,27851263,"k_gemv_fp16(__half *, const __half *, const __half *, const __half *, int, int)"
27851295,27852191,"k_add(__half *, const __half *, unsigned long long)"
27852255,27855487,"k_layernorm(__half *, const __half *, const __half *, const __half *, int, int)"
27855551,28167829,"k_gemv_fp16(__half *, const __half *, const __half *, const __half *, int, int)"
28236281,28237337,"k_embed_one(__half *, const __half *, const __half *, int, int)"
28237369,28240633,"k_layernorm(__half *, const __half *, const __half *, const __half *, int, int)"
28240666,28257146,"k_gemv_fp16(__half *, const __half *, const __half *, const __half *, int, int)"
28257179,28258171,"k_kv_append(__half *, __half *, const __half *, int, int)"
28258235,28269116,"k_attn_decode(__half *, const __half *, const __half *, const __half *, int, int)"
28269147,28276828,"k_gemv_fp16(__half *, const __half *, const __half *, const __half *, int, int)"
28276860,28277756,"k_add(__half *, const __half *, unsigned long long)"
28277788,28281052,"k_layernorm(__half *, const __half *, const __half *, const __half *, int, int)"
28281084,28302206,"k_gemv_fp16(__half *, const __half *, const __half *, const __half *, int, int)"
28302238,28303230,"k_gelu(__half *, unsigned long long)"
28303262,28326687,"k_gemv_fp16(__half *, const __half *, const __half *, const __half *, int, int)"
28326751,28327647,"k_add(__half *, const __half *, unsigned long long)"
28327679,28330944,"k_layernorm(__half *, const __half *, const __half *, const __half *, int, int)"
28330976,28347393,"k_gemv_fp16(__half *, const __half *, const __half *, const __half *, int, int)"
28347425,28348449,"k_kv_append(__half *, __half *, const __half *, int, int)"
28348481,28359041,"k_attn_decode(__half *, const __half *, const __half *, const __half *, int, int)"
28359810,28366818,"k_gemv_fp16(__half *, const __half *, const __half *, const __half *, int, int)"
28366882,28367778,"k_add(__half *, const __half *, unsigned long long)"
28367810,28371075,"k_layernorm(__half *, const __half *, const __half *, const __half *, int, int)"
28371106,28392356,"k_gemv_fp16(__half *, const __half *, const __half *, const __half *, int, int)"
28392388,28393348,"k_gelu(__half *, unsigned long long)"
28393412,28416838,"k_gemv_fp16(__half *, const __half *, const __half *, const __half *, int, int)"
28416902,28417798,"k_add(__half *, const __half *, unsigned long long)"
28417830,28421094,"k_layernorm(__half *, const __half *, const __half *, const __half *, int, int)"
28421126,28437767,"k_gemv_fp16(__half *, const __half *, const __half *, const __half *, int, int)"
28437799,28438791,"k_kv_append(__half *, __half *, const __half *, int, int)"
28438855,28449800,"k_attn_decode(__half *, const __half *, const __half *, const __half *, int, int)"
28449832,28457480,"k_gemv_fp16(__half *, const __half *, const __half *, const __half *, int, int)"
28457544,28458440,"k_add(__half *, const __half *, unsigned long long)"
28458472,28461737,"k_layernorm(__half *, const __half *, const __half *, const __half *, int, int)"
28461769,28482986,"k_gemv_fp16(__half *, const __half *, const __half *, const __half *, int, int)"
28483018,28483978,"k_gelu(__half *, unsigned long long)"
28485002,28508428,"k_gemv_fp16(__half *, const __half *, const __half *, const __half *, int, int)"
28508460,28509356,"k_add(__half *, const __half *, unsigned long long)"
28509420,28512780,"k_layernorm(__half *, const __half *, const __half *, const __half *, int, int)"
28512812,28529197,"k_gemv_fp16(__half *, const __half *, const __half *, const __half *, int, int)"
28529229,28530221,"k_kv_append(__half *, __half *, const __half *, int, int)"
28530285,28540942,"k_attn_decode(__half *, const __half *, const __half *, const __half *, int, int)"
28540974,28548623,"k_gemv_fp16(__half *, const __half *, const __half *, const __half *, int, int)"
28548655,28549551,"k_add(__half *, const __half *, unsigned long long)"
28549615,28552847,"k_layernorm(__half *, const __half *, const __half *, const __half *, int, int)"
28552911,28574096,"k_gemv_fp16(__half *, const __half *, const __half *, const __half *, int, int)"
28574160,28575088,"k_gelu(__half *, unsigned long long)"
28575152,28598578,"k_gemv_fp16(__half *, const __half *, const __half *, const __half *, int, int)"
28598642,28599506,"k_add(__half *, const __half *, unsigned long long)"
28599570,28602802,"k_layernorm(__half *, const __half *, const __half *, const __half *, int, int)"
28602866,28619251,"k_gemv_fp16(__half *, const __half *, const __half *, const __half *, int, int)"
28619284,28620308,"k_kv_append(__half *, __half *, const __half *, int, int)"
28621075,28631604,"k_attn_decode(__half *, const __half *, const __half *, const __half *, int, int)"
28631636,28639285,"k_gemv_fp16(__half *, const __half *, const __half *, const __half *, int, int)"
28639317,28640213,"k_add(__half *, const __half *, unsigned long long)"
28640277,28643509,"k_layernorm(__half *, const __half *, const __half *, const __half *, int, int)"
28643541,28664759,"k_gemv_fp16(__half *, const __half *, const __half *, const __half *, int, int)"
28664791,28665751,"k_gelu(__half *, unsigned long long)"
28665815,28689304,"k_gemv_fp16(__half *, const __half *, const __half *, const __half *, int, int)"
28689336,28690264,"k_add(__half *, const __half *, unsigned long long)"
28690296,28693529,"k_layernorm(__half *, const __half *, const __half *, const __half *, int, int)"
28693561,28710106,"k_gemv_fp16(__half *, const __half *, const __half *, const __half *, int, int)"
28710138,28711162,"k_kv_append(__half *, __half *, const __half *, int, int)"
28711194,28721947,"k_attn_decode(__half *, const __half *, const __half *, const __half *, int, int)"
28721979,28729563,"k_gemv_fp16(__half *, const __half *, const __half *, const __half *, int, int)"
28729595,28730491,"k_add(__half *, const __half *, unsigned long long)"
28730555,28733755,"k_layernorm(__half *, const __half *, const __half *, const __half *, int, int)"
28733819,28755037,"k_gemv_fp16(__half *, const __half *, const __half *, const __half *, int, int)"
28755837,28756797,"k_gelu(__half *, unsigned long long)"
28756861,28780319,"k_gemv_fp16(__half *, const __half *, const __half *, const __half *, int, int)"
28780350,28781247,"k_add(__half *, const __half *, unsigned long long)"
28781279,28784671,"k_layernorm(__half *, const __half *, const __half *, const __half *, int, int)"
28784703,28801088,"k_gemv_fp16(__half *, const __half *, const __half *, const __half *, int, int)"
28801152,28802112,"k_kv_append(__half *, __half *, const __half *, int, int)"
28802176,28812993,"k_attn_decode(__half *, const __half *, const __half *, const __half *, int, int)"
28813025,28820577,"k_gemv_fp16(__half *, const __half *, const __half *, const __half *, int, int)"
28820641,28821537,"k_add(__half *, const __half *, unsigned long long)"
28821569,28824834,"k_layernorm(__half *, const __half *, const __half *, const __half *, int, int)"
28824866,28846019,"k_gemv_fp16(__half *, const __half *, const __half *, const __half *, int, int)"
28846083,28847011,"k_gelu(__half *, unsigned long long)"
28847075,28870469,"k_gemv_fp16(__half *, const __half *, const __half *, const __half *, int, int)"
28870501,28871397,"k_add(__half *, const __half *, unsigned long long)"
28871461,28874693,"k_layernorm(__half *, const __half *, const __half *, const __half *, int, int)"
28874757,28891142,"k_gemv_fp16(__half *, const __half *, const __half *, const __half *, int, int)"
28891942,28892934,"k_kv_append(__half *, __half *, const __half *, int, int)"
28892998,28903751,"k_attn_decode(__half *, const __half *, const __half *, const __half *, int, int)"
28903783,28911400,"k_gemv_fp16(__half *, const __half *, const __half *, const __half *, int, int)"
28911463,28912328,"k_add(__half *, const __half *, unsigned long long)"
28912392,28915624,"k_layernorm(__half *, const __half *, const __half *, const __half *, int, int)"
28915688,28936809,"k_gemv_fp16(__half *, const __half *, const __half *, const __half *, int, int)"
28936873,28937801,"k_gelu(__half *, unsigned long long)"
28937865,28961291,"k_gemv_fp16(__half *, const __half *, const __half *, const __half *, int, int)"
28961323,28962219,"k_add(__half *, const __half *, unsigned long long)"
28962251,28965515,"k_layernorm(__half *, const __half *, const __half *, const __half *, int, int)"
28965547,28981900,"k_gemv_fp16(__half *, const __half *, const __half *, const __half *, int, int)"
28981932,28982957,"k_kv_append(__half *, __half *, const __half *, int, int)"
28982988,28993741,"k_attn_decode(__half *, const __half *, const __half *, const __half *, int, int)"
28993773,29001422,"k_gemv_fp16(__half *, const __half *, const __half *, const __half *, int, int)"
29001486,29002382,"k_add(__half *, const __half *, unsigned long long)"
29002414,29005646,"k_layernorm(__half *, const __half *, const __half *, const __half *, int, int)"
29006414,29027695,"k_gemv_fp16(__half *, const __half *, const __half *, const __half *, int, int)"
29027728,29028688,"k_gelu(__half *, unsigned long long)"
29028752,29051953,"k_gemv_fp16(__half *, const __half *, const __half *, const __half *, int, int)"
29052017,29052913,"k_add(__half *, const __half *, unsigned long long)"
29052945,29056242,"k_layernorm(__half *, const __half *, const __half *, const __half *, int, int)"
29056305,29072755,"k_gemv_fp16(__half *, const __half *, const __half *, const __half *, int, int)"
29072819,29073811,"k_kv_append(__half *, __half *, const __half *, int, int)"
29073843,29084467,"k_attn_decode(__half *, const __half *, const __half *, const __half *, int, int)"
29084531,29092116,"k_gemv_fp16(__half *, const __half *, const __half *, const __half *, int, int)"
29092148,29093044,"k_add(__half *, const __half *, unsigned long long)"
29093076,29096340,"k_layernorm(__half *, const __half *, const __half *, const __half *, int, int)"
29096372,29117590,"k_gemv_fp16(__half *, const __half *, const __half *, const __half *, int, int)"
29117622,29118582,"k_gelu(__half *, unsigned long long)"
29118646,29141943,"k_gemv_fp16(__half *, const __half *, const __half *, const __half *, int, int)"
29141976,29142871,"k_add(__half *, const __half *, unsigned long long)"
29142936,29146168,"k_layernorm(__half *, const __half *, const __half *, const __half *, int, int)"
29147192,29163673,"k_gemv_fp16(__half *, const __half *, const __half *, const __half *, int, int)"
29163705,29164697,"k_kv_append(__half *, __half *, const __half *, int, int)"
29164761,29175546,"k_attn_decode(__half *, const __half *, const __half *, const __half *, int, int)"
29175578,29183226,"k_gemv_fp16(__half *, const __half *, const __half *, const __half *, int, int)"
29183258,29184154,"k_add(__half *, const __half *, unsigned long long)"
29184186,29187515,"k_layernorm(__half *, const __half *, const __half *, const __half *, int, int)"
29187547,29208668,"k_gemv_fp16(__half *, const __half *, const __half *, const __half *, int, int)"
29208732,29209660,"k_gelu(__half *, unsigned long long)"
29209724,29233310,"k_gemv_fp16(__half *, const __half *, const __half *, const __half *, int, int)"
29233374,29234270,"k_add(__half *, const __half *, unsigned long long)"
29234302,29237598,"k_layernorm(__half *, const __half *, const __half *, const __half *, int, int)"
29237662,29253887,"k_gemv_fp16(__half *, const __half *, const __half *, const __half *, int, int)"
29253919,29254911,"k_kv_append(__half *, __half *, const __half *, int, int)"
29254975,29265760,"k_attn_decode(__half *, const __half *, const __half *, const __half *, int, int)"
29265824,29273312,"k_gemv_fp16(__half *, const __half *, const __half *, const __half *, int, int)"
29273345,29274240,"k_add(__half *, const __half *, unsigned long long)"
29275296,29278561,"k_layernorm(__half *, const __half *, const __half *, const __half *, int, int)"
29278625,29299778,"k_gemv_fp16(__half *, const __half *, const __half *, const __half *, int, int)"
29299842,29300802,"k_gelu(__half *, unsigned long long)"
29300834,29324516,"k_gemv_fp16(__half *, const __half *, const __half *, const __half *, int, int)"
29324548,29325476,"k_add(__half *, const __half *, unsigned long long)"
29325508,29328772,"k_layernorm(__half *, const __half *, const __half *, const __half *, int, int)"
29328804,29640954,"k_gemv_fp16(__half *, const __half *, const __half *, const __half *, int, int)"
29719839,29720895,"k_embed_one(__half *, const __half *, const __half *, int, int)"
29720927,29724255,"k_layernorm(__half *, const __half *, const __half *, const __half *, int, int)"
29724288,29740864,"k_gemv_fp16(__half *, const __half *, const __half *, const __half *, int, int)"
29740928,29741921,"k_kv_append(__half *, __half *, const __half *, int, int)"
29741953,29752737,"k_attn_decode(__half *, const __half *, const __half *, const __half *, int, int)"
29752769,29760354,"k_gemv_fp16(__half *, const __half *, const __half *, const __half *, int, int)"
29760386,29761282,"k_add(__half *, const __half *, unsigned long long)"
29761314,29764706,"k_layernorm(__half *, const __half *, const __half *, const __half *, int, int)"
29764738,29785828,"k_gemv_fp16(__half *, const __half *, const __half *, const __half *, int, int)"
29785860,29786820,"k_gelu(__half *, unsigned long long)"
29786852,29810245,"k_gemv_fp16(__half *, const __half *, const __half *, const __half *, int, int)"
29810277,29811173,"k_add(__half *, const __half *, unsigned long long)"
29811237,29814470,"k_layernorm(__half *, const __half *, const __half *, const __half *, int, int)"
29814502,29831047,"k_gemv_fp16(__half *, const __half *, const __half *, const __half *, int, int)"
29831079,29832103,"k_kv_append(__half *, __half *, const __half *, int, int)"
29832135,29842696,"k_attn_decode(__half *, const __half *, const __half *, const __half *, int, int)"
29843688,29850568,"k_gemv_fp16(__half *, const __half *, const __half *, const __half *, int, int)"
29850632,29851528,"k_add(__half *, const __half *, unsigned long long)"
29851560,29854792,"k_layernorm(__half *, const __half *, const __half *, const __half *, int, int)"
29854824,29876138,"k_gemv_fp16(__half *, const __half *, const __half *, const __half *, int, int)"
29876170,29877130,"k_gelu(__half *, unsigned long long)"
29877162,29900524,"k_gemv_fp16(__half *, const __half *, const __half *, const __half *, int, int)"
29900588,29901484,"k_add(__half *, const __half *, unsigned long long)"
29901515,29904780,"k_layernorm(__half *, const __half *, const __half *, const __half *, int, int)"
29904812,29921581,"k_gemv_fp16(__half *, const __half *, const __half *, const __half *, int, int)"
29921613,29922605,"k_kv_append(__half *, __half *, const __half *, int, int)"
29922669,29933262,"k_attn_decode(__half *, const __half *, const __half *, const __half *, int, int)"
29933294,29941070,"k_gemv_fp16(__half *, const __half *, const __half *, const __half *, int, int)"
29941102,29941998,"k_add(__half *, const __half *, unsigned long long)"
29942062,29945295,"k_layernorm(__half *, const __half *, const __half *, const __half *, int, int)"
29945326,29966576,"k_gemv_fp16(__half *, const __half *, const __half *, const __half *, int, int)"
29966608,29967568,"k_gelu(__half *, unsigned long long)"
29968400,29991986,"k_gemv_fp16(__half *, const __half *, const __half *, const __half *, int, int)"
29992018,29992914,"k_add(__half *, const __half *, unsigned long long)"
29992978,29996210,"k_layernorm(__half *, const __half *, const __half *, const __half *, int, int)"
29996274,30012819,"k_gemv_fp16(__half *, const __half *, const __half *, const __half *, int, int)"
30012851,30013843,"k_kv_append(__half *, __half *, const __half *, int, int)"
30013907,30024436,"k_attn_decode(__half *, const __half *, const __half *, const __half *, int, int)"
30024500,30032245,"k_gemv_fp16(__half *, const __half *, const __half *, const __half *, int, int)"
30032276,30033173,"k_add(__half *, const __half *, unsigned long long)"
30033205,30036629,"k_layernorm(__half *, const __half *, const __half *, const __half *, int, int)"
30036661,30057910,"k_gemv_fp16(__half *, const __half *, const __half *, const __half *, int, int)"
30057974,30058902,"k_gelu(__half *, unsigned long long)"
30058966,30082232,"k_gemv_fp16(__half *, const __half *, const __half *, const __half *, int, int)"
30082296,30083192,"k_add(__half *, const __half *, unsigned long long)"
30083224,30086456,"k_layernorm(__half *, const __half *, const __half *, const __half *, int, int)"
30086488,30102937,"k_gemv_fp16(__half *, const __half *, const __half *, const __half *, int, int)"
30102969,30103962,"k_kv_append(__half *, __half *, const __half *, int, int)"
30104986,30115770,"k_attn_decode(__half *, const __half *, const __half *, const __half *, int, int)"
30115834,30123451,"k_gemv_fp16(__half *, const __half *, const __half *, const __half *, int, int)"
30123483,30124411,"k_add(__half *, const __half *, unsigned long long)"
30124443,30127771,"k_layernorm(__half *, const __half *, const __half *, const __half *, int, int)"
30127803,30149116,"k_gemv_fp16(__half *, const __half *, const __half *, const __half *, int, int)"
30149149,30150109,"k_gelu(__half *, unsigned long long)"
30150141,30173598,"k_gemv_fp16(__half *, const __half *, const __half *, const __half *, int, int)"
30173630,30174526,"k_add(__half *, const __half *, unsigned long long)"
30174558,30177886,"k_layernorm(__half *, const __half *, const __half *, const __half *, int, int)"
30177919,30194432,"k_gemv_fp16(__half *, const __half *, const __half *, const __half *, int, int)"
30194464,30195456,"k_kv_append(__half *, __half *, const __half *, int, int)"
30195520,30206625,"k_attn_decode(__half *, const __half *, const __half *, const __half *, int, int)"
30206656,30214241,"k_gemv_fp16(__half *, const __half *, const __half *, const __half *, int, int)"
30214305,30215201,"k_add(__half *, const __half *, unsigned long long)"
30215233,30218465,"k_layernorm(__half *, const __half *, const __half *, const __half *, int, int)"
30218497,30239715,"k_gemv_fp16(__half *, const __half *, const __half *, const __half *, int, int)"
30240515,30241475,"k_gelu(__half *, unsigned long long)"
30241539,30264996,"k_gemv_fp16(__half *, const __half *, const __half *, const __half *, int, int)"
30265029,30265925,"k_add(__half *, const __half *, unsigned long long)"
30265989,30269317,"k_layernorm(__half *, const __half *, const __half *, const __half *, int, int)"
30269349,30285734,"k_gemv_fp16(__half *, const __half *, const __half *, const __half *, int, int)"
30285766,30286758,"k_kv_append(__half *, __half *, const __half *, int, int)"
30286790,30297351,"k_attn_decode(__half *, const __half *, const __half *, const __half *, int, int)"
30297415,30305159,"k_gemv_fp16(__half *, const __half *, const __half *, const __half *, int, int)"
30305191,30306087,"k_add(__half *, const __half *, unsigned long long)"
30306151,30309351,"k_layernorm(__half *, const __half *, const __half *, const __half *, int, int)"
30309416,30330601,"k_gemv_fp16(__half *, const __half *, const __half *, const __half *, int, int)"
30330665,30331625,"k_gelu(__half *, unsigned long long)"
30331657,30355083,"k_gemv_fp16(__half *, const __half *, const __half *, const __half *, int, int)"
30355147,30356043,"k_add(__half *, const __half *, unsigned long long)"
30356075,30359307,"k_layernorm(__half *, const __half *, const __half *, const __half *, int, int)"
30359371,30376012,"k_gemv_fp16(__half *, const __half *, const __half *, const __half *, int, int)"
30377004,30377996,"k_kv_append(__half *, __half *, const __half *, int, int)"
30378060,30388973,"k_attn_decode(__half *, const __half *, const __half *, const __half *, int, int)"
30389005,30396590,"k_gemv_fp16(__half *, const __half *, const __half *, const __half *, int, int)"
30396654,30397550,"k_add(__half *, const __half *, unsigned long long)"
30397582,30400974,"k_layernorm(__half *, const __half *, const __half *, const __half *, int, int)"
30401038,30422255,"k_gemv_fp16(__half *, const __half *, const __half *, const __half *, int, int)"
30422287,30423247,"k_gelu(__half *, unsigned long long)"
30423280,30446737,"k_gemv_fp16(__half *, const __half *, const __half *, const __half *, int, int)"
30446769,30447665,"k_add(__half *, const __half *, unsigned long long)"
30447729,30451025,"k_layernorm(__half *, const __half *, const __half *, const __half *, int, int)"
30451057,30467506,"k_gemv_fp16(__half *, const __half *, const __half *, const __half *, int, int)"
30467539,30468563,"k_kv_append(__half *, __half *, const __half *, int, int)"
30468595,30479347,"k_attn_decode(__half *, const __half *, const __half *, const __half *, int, int)"
30479379,30486868,"k_gemv_fp16(__half *, const __half *, const __half *, const __half *, int, int)"
30486900,30487796,"k_add(__half *, const __half *, unsigned long long)"
30487828,30491060,"k_layernorm(__half *, const __half *, const __half *, const __half *, int, int)"
30491860,30513174,"k_gemv_fp16(__half *, const __half *, const __half *, const __half *, int, int)"
30513206,30514166,"k_gelu(__half *, unsigned long long)"
30514198,30537559,"k_gemv_fp16(__half *, const __half *, const __half *, const __half *, int, int)"
30537623,30538519,"k_add(__half *, const __half *, unsigned long long)"
30538551,30541848,"k_layernorm(__half *, const __half *, const __half *, const __half *, int, int)"
30541911,30558585,"k_gemv_fp16(__half *, const __half *, const __half *, const __half *, int, int)"
30558649,30559641,"k_kv_append(__half *, __half *, const __half *, int, int)"
30559673,30570394,"k_attn_decode(__half *, const __half *, const __half *, const __half *, int, int)"
30570458,30578074,"k_gemv_fp16(__half *, const __half *, const __half *, const __half *, int, int)"
30578106,30579002,"k_add(__half *, const __half *, unsigned long long)"
30579034,30582298,"k_layernorm(__half *, const __half *, const __half *, const __half *, int, int)"
30582362,30603580,"k_gemv_fp16(__half *, const __half *, const __half *, const __half *, int, int)"
30603612,30604572,"k_gelu(__half *, unsigned long long)"
30604604,30627934,"k_gemv_fp16(__half *, const __half *, const __half *, const __half *, int, int)"
30627965,30628861,"k_add(__half *, const __half *, unsigned long long)"
30628894,30632158,"k_layernorm(__half *, const __half *, const __half *, const __half *, int, int)"
30632990,30649567,"k_gemv_fp16(__half *, const __half *, const __half *, const __half *, int, int)"
30649599,30650591,"k_kv_append(__half *, __half *, const __half *, int, int)"
30650655,30661568,"k_attn_decode(__half *, const __half *, const __half *, const __half *, int, int)"
30661600,30669312,"k_gemv_fp16(__half *, const __half *, const __half *, const __half *, int, int)"
30669344,30670240,"k_add(__half *, const __half *, unsigned long long)"
30670272,30673536,"k_layernorm(__half *, const __half *, const __half *, const __half *, int, int)"
30673569,30694946,"k_gemv_fp16(__half *, const __half *, const __half *, const __half *, int, int)"
30694978,30695938,"k_gelu(__half *, unsigned long long)"
30695970,30719428,"k_gemv_fp16(__half *, const __half *, const __half *, const __half *, int, int)"
30719460,30720356,"k_add(__half *, const __half *, unsigned long long)"
30720420,30723652,"k_layernorm(__half *, const __half *, const __half *, const __half *, int, int)"
30723716,30740133,"k_gemv_fp16(__half *, const __half *, const __half *, const __half *, int, int)"
30740197,30741189,"k_kv_append(__half *, __half *, const __half *, int, int)"
30741221,30752070,"k_attn_decode(__half *, const __half *, const __half *, const __half *, int, int)"
30752102,30759815,"k_gemv_fp16(__half *, const __half *, const __half *, const __half *, int, int)"
30759847,30760743,"k_add(__half *, const __half *, unsigned long long)"
30761575,30764967,"k_layernorm(__half *, const __half *, const __half *, const __half *, int, int)"
30764999,30786184,"k_gemv_fp16(__half *, const __half *, const __half *, const __half *, int, int)"
30786248,30787176,"k_gelu(__half *, unsigned long long)"
30787240,30810570,"k_gemv_fp16(__half *, const __half *, const __half *, const __half *, int, int)"
30810634,30811530,"k_add(__half *, const __half *, unsigned long long)"
30811562,30814794,"k_layernorm(__half *, const __half *, const __half *, const __half *, int, int)"
30814858,31126976,"k_gemv_fp16(__half *, const __half *, const __half *, const __half *, int, int)"
31210149,31211270,"k_embed_one(__half *, const __half *, const __half *, int, int)"
31211302,31214566,"k_layernorm(__half *, const __half *, const __half *, const __half *, int, int)"
31214598,31231079,"k_gemv_fp16(__half *, const __half *, const __half *, const __half *, int, int)"
31231111,31232103,"k_kv_append(__half *, __half *, const __half *, int, int)"
31232167,31242792,"k_attn_decode(__half *, const __half *, const __half *, const __half *, int, int)"
31242824,31250408,"k_gemv_fp16(__half *, const __half *, const __half *, const __half *, int, int)"
31250440,31251336,"k_add(__half *, const __half *, unsigned long long)"
31251368,31254632,"k_layernorm(__half *, const __half *, const __half *, const __half *, int, int)"
31254665,31275754,"k_gemv_fp16(__half *, const __half *, const __half *, const __half *, int, int)"
31275786,31276746,"k_gelu(__half *, unsigned long long)"
31276810,31300268,"k_gemv_fp16(__half *, const __half *, const __half *, const __half *, int, int)"
31300300,31301196,"k_add(__half *, const __half *, unsigned long long)"
31301260,31304588,"k_layernorm(__half *, const __half *, const __half *, const __half *, int, int)"
31304620,31321037,"k_gemv_fp16(__half *, const __half *, const __half *, const __half *, int, int)"
31321069,31322061,"k_kv_append(__half *, __half *, const __half *, int, int)"
31322125,31332942,"k_attn_decode(__half *, const __half *, const __half *, const __half *, int, int)"
31333710,31340718,"k_gemv_fp16(__half *, const __half *, const __half *, const __half *, int, int)"
31340751,31341646,"k_add(__half *, const __half *, unsigned long long)"
31341678,31345007,"k_layernorm(__half *, const __half *, const __half *, const __half *, int, int)"
31345039,31366320,"k_gemv_fp16(__half *, const __half *, const __half *, const __half *, int, int)"
31366352,31367312,"k_gelu(__half *, unsigned long long)"
31367344,31390802,"k_gemv_fp16(__half *, const __half *, const __half *, const __half *, int, int)"
31390866,31391762,"k_add(__half *, const __half *, unsigned long long)"
31391794,31395122,"k_layernorm(__half *, const __half *, const __half *, const __half *, int, int)"
31395154,31411699,"k_gemv_fp16(__half *, const __half *, const __half *, const __half *, int, int)"
31411763,31412755,"k_kv_append(__half *, __half *, const __half *, int, int)"
31412787,31423572,"k_attn_decode(__half *, const __half *, const __half *, const __half *, int, int)"
31423604,31431253,"k_gemv_fp16(__half *, const __half *, const __half *, const __half *, int, int)"
31431285,31432181,"k_add(__half *, const __half *, unsigned long long)"
31432245,31435541,"k_layernorm(__half *, const __half *, const __half *, const __half *, int, int)"
31435605,31456918,"k_gemv_fp16(__half *, const __half *, const __half *, const __half *, int, int)"
31456983,31457943,"k_gelu(__half *, unsigned long long)"
31458711,31482200,"k_gemv_fp16(__half *, const __half *, const __half *, const __half *, int, int)"
31482232,31483160,"k_add(__half *, const __half *, unsigned long long)"
31483192,31486424,"k_layernorm(__half *, const __half *, const __half *, const __half *, int, int)"
31486457,31502841,"k_gemv_fp16(__half *, const __half *, const __half *, const __half *, int, int)"
31502906,31503898,"k_kv_append(__half *, __half *, const __half *, int, int)"
31503930,31514522,"k_attn_decode(__half *, const __half *, const __half *, const __half *, int, int)"
31514554,31522235,"k_gemv_fp16(__half *, const __half *, const __half *, const __half *, int, int)"
31522267,31523163,"k_add(__half *, const __half *, unsigned long long)"
31523227,31526491,"k_layernorm(__half *, const __half *, const __half *, const __half *, int, int)"
31526523,31547741,"k_gemv_fp16(__half *, const __half *, const __half *, const __half *, int, int)"
31547805,31548733,"k_gelu(__half *, unsigned long long)"
31548797,31572094,"k_gemv_fp16(__half *, const __half *, const __half *, const __half *, int, int)"
31572158,31573022,"k_add(__half *, const __half *, unsigned long long)"
31573086,31576319,"k_layernorm(__half *, const __half *, const __half *, const __half *, int, int)"
31576351,31592992,"k_gemv_fp16(__half *, const __half *, const __half *, const __half *, int, int)"
31593056,31594048,"k_kv_append(__half *, __half *, const __half *, int, int)"
31594880,31605729,"k_attn_decode(__half *, const __half *, const __half *, const __half *, int, int)"
31605761,31613377,"k_gemv_fp16(__half *, const __half *, const __half *, const __half *, int, int)"
31613409,31614305,"k_add(__half *, const __half *, unsigned long long)"
31614337,31617570,"k_layernorm(__half *, const __half *, const __half *, const __half *, int, int)"
31617633,31638883,"k_gemv_fp16(__half *, const __half *, const __half *, const __half *, int, int)"
31638947,31639875,"k_gelu(__half *, unsigned long long)"
31639939,31663397,"k_gemv_fp16(__half *, const __half *, const __half *, const __half *, int, int)"
31663429,31664357,"k_add(__half *, const __half *, unsigned long long)"
31664389,31667653,"k_layernorm(__half *, const __half *, const __half *, const __half *, int, int)"
31667717,31684230,"k_gemv_fp16(__half *, const __half *, const __half *, const __half *, int, int)"
31684294,31685286,"k_kv_append(__half *, __half *, const __half *, int, int)"
31685318,31695975,"k_attn_decode(__half *, const __half *, const __half *, const __half *, int, int)"
31696007,31703655,"k_gemv_fp16(__half *, const __half *, const __half *, const __half *, int, int)"
31703719,31704615,"k_add(__half *, const __half *, unsigned long long)"
31704647,31707880,"k_layernorm(__half *, const __half *, const __half *, const __half *, int, int)"
31707944,31729129,"k_gemv_fp16(__half *, const __half *, const __half *, const __half *, int, int)"
31729897,31730857,"k_gelu(__half *, unsigned long long)"
31730921,31754571,"k_gemv_fp16(__half *, const __half *, const __half *, const __half *, int, int)"
31754635,31755531,"k_add(__half *, const __half *, unsigned long long)"
31755563,31758827,"k_layernorm(__half *, const __half *, const __half *, const __half *, int, int)"
31758891,31775276,"k_gemv_fp16(__half *, const __half *, const __half *, const __half *, int, int)"
31775308,31776300,"k_kv_append(__half *, __half *, const __half *, int, int)"
31776364,31786957,"k_attn_decode(__half *, const __half *, const __half *, const __half *, int, int)"
31786989,31794574,"k_gemv_fp16(__half *, const __half *, const __half *, const __half *, int, int)"
31794606,31795502,"k_add(__half *, const __half *, unsigned long long)"
31795566,31798798,"k_layernorm(__half *, const __half *, const __half *, const __half *, int, int)"
31798862,31820015,"k_gemv_fp16(__half *, const __half *, const __half *, const __half *, int, int)"
31820047,31821008,"k_gelu(__half *, unsigned long long)"
31821071,31844529,"k_gemv_fp16(__half *, const __half *, const __half *, const __half *, int, int)"
31844561,31845457,"k_add(__half *, const __half *, unsigned long long)"
31845489,31848753,"k_layernorm(__half *, const __half *, const __half *, const __half *, int, int)"
31848817,31865267,"k_gemv_fp16(__half *, const __half *, const __half *, const __half *, int, int)"
31866002,31866995,"k_kv_append(__half *, __half *, const __half *, int, int)"
31867059,31878131,"k_attn_decode(__half *, const __half *, const __half *, const __half *, int, int)"
31878195,31885780,"k_gemv_fp16(__half *, const __half *, const __half *, const __half *, int, int)"
31885812,31886708,"k_add(__half *, const __half *, unsigned long long)"
31886740,31890132,"k_layernorm(__half *, const __half *, const __half *, const __half *, int, int)"
31890196,31911350,"k_gemv_fp16(__half *, const __half *, const __half *, const __half *, int, int)"
31911382,31912342,"k_gelu(__half *, unsigned long long)"
31912406,31935735,"k_gemv_fp16(__half *, const __half *, const __half *, const __half *, int, int)"
31935799,31936695,"k_add(__half *, const __half *, unsigned long long)"
31936727,31939992,"k_layernorm(__half *, const __half *, const __half *, const __half *, int, int)"
31940056,31956409,"k_gemv_fp16(__half *, const __half *, const __half *, const __half *, int, int)"
31956441,31957433,"k_kv_append(__half *, __half *, const __half *, int, int)"
31957497,31968057,"k_attn_decode(__half *, const __half *, const __half *, const __half *, int, int)"
31968090,31975674,"k_gemv_fp16(__half *, const __half *, const __half *, const __half *, int, int)"
31975706,31976602,"k_add(__half *, const __half *, unsigned long long)"
31976634,31979898,"k_layernorm(__half *, const __half *, const __half *, const __half *, int, int)"
31980922,32002332,"k_gemv_fp16(__half *, const __half *, const __half *, const __half *, int, int)"
32002364,32003324,"k_gelu(__half *, unsigned long long)"
32003356,32026622,"k_gemv_fp16(__half *, const __half *, const __half *, const __half *, int, int)"
32026653,32027582,"k_add(__half *, const __half *, unsigned long long)"
32027614,32030846,"k_layernorm(__half *, const __half *, const __half *, const __half *, int, int)"
32030910,32047263,"k_gemv_fp16(__half *, const __half *, const __half *, const __half *, int, int)"
32047327,32048319,"k_kv_append(__half *, __half *, const __half *, int, int)"
32048351,32059104,"k_attn_decode(__half *, const __half *, const __half *, const __half *, int, int)"
32059136,32066752,"k_gemv_fp16(__half *, const __half *, const __half *, const __half *, int, int)"
32066784,32067680,"k_add(__half *, const __half *, unsigned long long)"
32067744,32070945,"k_layernorm(__half *, const __half *, const __half *, const __half *, int, int)"
32071009,32092226,"k_gemv_fp16(__half *, const __half *, const __half *, const __half *, int, int)"
32092258,32093218,"k_gelu(__half *, unsigned long long)"
32093250,32116612,"k_gemv_fp16(__half *, const __half *, const __half *, const __half *, int, int)"
32116676,32117572,"k_add(__half *, const __half *, unsigned long long)"
32117604,32120900,"k_layernorm(__half *, const __half *, const __half *, const __half *, int, int)"
32121668,32138181,"k_gemv_fp16(__half *, const __half *, const __half *, const __half *, int, int)"
32138213,32139237,"k_kv_append(__half *, __half *, const __half *, int, int)"
32139269,32150054,"k_attn_decode(__half *, const __half *, const __half *, const __half *, int, int)"
32150086,32157863,"k_gemv_fp16(__half *, const __half *, const __half *, const __half *, int, int)"
32157926,32158823,"k_add(__half *, const __half *, unsigned long long)"
32158855,32162119,"k_layernorm(__half *, const __half *, const __half *, const __half *, int, int)"
32162151,32183304,"k_gemv_fp16(__half *, const __half *, const __half *, const __half *, int, int)"
32183336,32184296,"k_gelu(__half *, unsigned long long)"
32184360,32207786,"k_gemv_fp16(__half *, const __half *, const __half *, const __half *, int, int)"
32207850,32208746,"k_add(__half *, const __half *, unsigned long long)"
32208778,32212042,"k_layernorm(__half *, const __half *, const __half *, const __half *, int, int)"
32212106,32228619,"k_gemv_fp16(__half *, const __half *, const __half *, const __half *, int, int)"
32228683,32229675,"k_kv_append(__half *, __half *, const __half *, int, int)"
32229708,32240396,"k_attn_decode(__half *, const __half *, const __half *, const __half *, int, int)"
32240460,32248141,"k_gemv_fp16(__half *, const __half *, const __half *, const __half *, int, int)"
32248205,32249069,"k_add(__half *, const __half *, unsigned long long)"
32250093,32253357,"k_layernorm(__half *, const __half *, const __half *, const __half *, int, int)"
32253389,32274575,"k_gemv_fp16(__half *, const __half *, const __half *, const __half *, int, int)"
32274606,32275567,"k_gelu(__half *, unsigned long long)"
32275599,32299216,"k_gemv_fp16(__half *, const __half *, const __half *, const __half *, int, int)"
32299248,32300144,"k_add(__half *, const __half *, unsigned long long)"
32300208,32303569,"k_layernorm(__half *, const __half *, const __half *, const __half *, int, int)"
32303601,32615686,"k_gemv_fp16(__half *, const __half *, const __half *, const __half *, int, int)"
32717165,32718253,"k_embed_one(__half *, const __half *, const __half *, int, int)"
32718285,32721549,"k_layernorm(__half *, const __half *, const __half *, const __half *, int, int)"
32721581,32738127,"k_gemv_fp16(__half *, const __half *, const __half *, const __half *, int, int)"
32738190,32739183,"k_kv_append(__half *, __half *, const __half *, int, int)"
32739214,32749967,"k_attn_decode(__half *, const __half *, const __half *, const __half *, int, int)"
32749999,32757552,"k_gemv_fp16(__half *, const __half *, const __half *, const __half *, int, int)"
32757584,32758480,"k_add(__half *, const __half *, unsigned long long)"
32758512,32761776,"k_layernorm(__half *, const __half *, const __half *, const __half *, int, int)"
32761808,32783537,"k_gemv_fp16(__half *, const __half *, const __half *, const __half *, int, int)"
32783570,32784530,"k_gelu(__half *, unsigned long long)"
32784562,32807891,"k_gemv_fp16(__half *, const __half *, const __half *, const __half *, int, int)"
32807955,32808851,"k_add(__half *, const __half *, unsigned long long)"
32808883,32812116,"k_layernorm(__half *, const __half *, const __half *, const __half *, int, int)"
32812180,32828693,"k_gemv_fp16(__half *, const __half *, const __half *, const __half *, int, int)"
32828725,32829717,"k_kv_append(__half *, __half *, const __half *, int, int)"
32829781,32840438,"k_attn_decode(__half *, const __half *, const __half *, const __half *, int, int)"
32841173,32848086,"k_gemv_fp16(__half *, const __half *, const __half *, const __half *, int, int)"
32848118,32849014,"k_add(__half *, const __half *, unsigned long long)"
32849046,32852342,"k_layernorm(__half *, const __half *, const __half *, const __half *, int, int)"
32852406,32873560,"k_gemv_fp16(__half *, const __half *, const __half *, const __half *, int, int)"
32873592,32874552,"k_gelu(__half *, unsigned long long)"
32874584,32897945,"k_gemv_fp16(__half *, const __half *, const __half *, const __half *, int, int)"
32897977,32898905,"k_add(__half *, const __half *, unsigned long long)"
32898937,32902234,"k_layernorm(__half *, const __half *, const __half *, const __half *, int, int)"
32902266,32918875,"k_gemv_fp16(__half *, const __half *, const __half *, const __half *, int, int)"
32918939,32919931,"k_kv_append(__half *, __half *, const __half *, int, int)"
32919963,32930619,"k_attn_decode(__half *, const __half *, const __half *, const __half *, int, int)"
32930620,32938332,"k_gemv_fp16(__half *, const __half *, const __half *, const __half *, int, int)"
32938364,32939260,"k_add(__half *, const __half *, unsigned long long)"
32939324,32942685,"k_layernorm(__half *, const __half *, const __half *, const __half *, int, int)"
32942748,32963934,"k_gemv_fp16(__half *, const __half *, const __half *, const __half *, int, int)"
32963966,32964926,"k_gelu(__half *, unsigned long long)"
32965758,32989344,"k_gemv_fp16(__half *, const __half *, const __half *, const __half *, int, int)"
32989376,32990272,"k_add(__half *, const __half *, unsigned long long)"
32990336,32993536,"k_layernorm(__half *, const __half *, const __half *, const __half *, int, int)"
32993600,33009889,"k_gemv_fp16(__half *, const __half *, const __half *, const __half *, int, int)"
33009921,33010913,"k_kv_append(__half *, __half *, const __half *, int, int)"
33010977,33021666,"k_attn_decode(__half *, const __half *, const __half *, const __half *, int, int)"
33021698,33029187,"k_gemv_fp16(__half *, const __half *, const __half *, const __half *, int, int)"
33029250,33030147,"k_add(__half *, const __half *, unsigned long long)"
33030178,33033507,"k_layernorm(__half *, const __half *, const __half *, const __half *, int, int)"
33033571,33054820,"k_gemv_fp16(__half *, const __half *, const __half *, const __half *, int, int)"
33054852,33055812,"k_gelu(__half *, unsigned long long)"
33055876,33079270,"k_gemv_fp16(__half *, const __half *, const __half *, const __half *, int, int)"
33079302,33080198,"k_add(__half *, const __half *, unsigned long long)"
33080262,33083622,"k_layernorm(__half *, const __half *, const __half *, const __half *, int, int)"
33083654,33100039,"k_gemv_fp16(__half *, const __half *, const __half *, const __half *, int, int)"
33100103,33101095,"k_kv_append(__half *, __half *, const __half *, int, int)"
33101895,33112520,"k_attn_decode(__half *, const __half *, const __half *, const __half *, int, int)"
33112552,33120201,"k_gemv_fp16(__half *, const __half *, const __half *, const __half *, int, int)"
33120233,33121129,"k_add(__half *, const __half *, unsigned long long)"
33121161,33124457,"k_layernorm(__half *, const __half *, const __half *, const __half *, int, int)"
33124489,33145738,"k_gemv_fp16(__half *, const __half *, const __half *, const __half *, int, int)"
33145771,33146731,"k_gelu(__half *, unsigned long long)"
33146794,33170188,"k_gemv_fp16(__half *, const __half *, const __half *, const __half *, int, int)"
33170220,33171116,"k_add(__half *, const __half *, unsigned long long)"
33171180,33174477,"k_layernorm(__half *, const __half *, const __half *, const __half *, int, int)"
33174540,33191086,"k_gemv_fp16(__half *, const __half *, const __half *, const __half *, int, int)"
33191117,33192142,"k_kv_append(__half *, __half *, const __half *, int, int)"
33192174,33202766,"k_attn_decode(__half *, const __half *, const __half *, const __half *, int, int)"
33202798,33210351,"k_gemv_fp16(__half *, const __half *, const __half *, const __half *, int, int)"
33210383,33211279,"k_add(__half *, const __half *, unsigned long long)"
33211343,33214575,"k_layernorm(__half *, const __half *, const __half *, const __half *, int, int)"
33214639,33235825,"k_gemv_fp16(__half *, const __half *, const __half *, const __half *, int, int)"
33236849,33237809,"k_gelu(__half *, unsigned long long)"
33237873,33261522,"k_gemv_fp16(__half *, const __half *, const __half *, const __half *, int, int)"
33261587,33262451,"k_add(__half *, const __half *, unsigned long long)"
33262514,33265779,"k_layernorm(__half *, const __half *, const __half *, const __half *, int, int)"
33265811,33282228,"k_gemv_fp16(__half *, const __half *, const __half *, const __half *, int, int)"
33282260,33283252,"k_kv_append(__half *, __half *, const __half *, int, int)"
33283284,33293876,"k_attn_decode(__half *, const __half *, const __half *, const __half *, int, int)"
33293909,33301589,"k_gemv_fp16(__half *, const __half *, const __half *, const __half *, int, int)"
33301653,33302549,"k_add(__half *, const __half *, unsigned long long)"
33302581,33305781,"k_layernorm(__half *, const __half *, const __half *, const __half *, int, int)"
33305846,33327095,"k_gemv_fp16(__half *, const __half *, const __half *, const __half *, int, int)"
33327159,33328087,"k_gelu(__half *, unsigned long long)"
33328151,33351417,"k_gemv_fp16(__half *, const __half *, const __half *, const __half *, int, int)"
33351481,33352377,"k_add(__half *, const __half *, unsigned long long)"
33352409,33355641,"k_layernorm(__half *, const __half *, const __half *, const __half *, int, int)"
33355705,33372314,"k_gemv_fp16(__half *, const __half *, const __half *, const __half *, int, int)"
33373050,33374042,"k_kv_append(__half *, __half *, const __half *, int, int)"
33374106,33384795,"k_attn_decode(__half *, const __half *, const __half *, const __half *, int, int)"
33384827,33392604,"k_gemv_fp16(__half *, const __half *, const __half *, const __half *, int, int)"
33392635,33393531,"k_add(__half *, const __half *, unsigned long long)"
33393564,33396828,"k_layernorm(__half *, const __half *, const __half *, const __half *, int, int)"
33396860,33418077,"k_gemv_fp16(__half *, const __half *, const __half *, const __half *, int, int)"
33418109,33419069,"k_gelu(__half *, unsigned long long)"
33419133,33442655,"k_gemv_fp16(__half *, const __half *, const __half *, const __half *, int, int)"
33442687,33443583,"k_add(__half *, const __half *, unsigned long long)"
33443647,33446879,"k_layernorm(__half *, const __half *, const __half *, const __half *, int, int)"
33446943,33463264,"k_gemv_fp16(__half *, const __half *, const __half *, const __half *, int, int)"
33463328,33464320,"k_kv_append(__half *, __half *, const __half *, int, int)"
33464352,33475041,"k_attn_decode(__half *, const __half *, const __half *, const __half *, int, int)"
33475073,33482690,"k_gemv_fp16(__half *, const __half *, const __half *, const __half *, int, int)"
33482722,33483650,"k_add(__half *, const __half *, unsigned long long)"
33483682,33486914,"k_layernorm(__half *, const __half *, const __half *, const __half *, int, int)"
33487714,33508995,"k_gemv_fp16(__half *, const __half *, const __half *, const __half *, int, int)"
33509027,33509987,"k_gelu(__half *, unsigned long long)"
33510019,33533413,"k_gemv_fp16(__half *, const __half *, const __half *, const __half *, int, int)"
33533477,33534373,"k_add(__half *, const __half *, unsigned long long)"
33534405,33537669,"k_layernorm(__half *, const __half *, const __half *, const __half *, int, int)"
33537733,33554119,"k_gemv_fp16(__half *, const __half *, const __half *, const __half *, int, int)"
33554182,33555175,"k_kv_append(__half *, __half *, const __half *, int, int)"
33555207,33565895,"k_attn_decode(__half *, const __half *, const __half *, const __half *, int, int)"
33565927,33573576,"k_gemv_fp16(__half *, const __half *, const __half *, const __half *, int, int)"
33573608,33574504,"k_add(__half *, const __half *, unsigned long long)"
33574568,33577800,"k_layernorm(__half *, const __half *, const __half *, const __half *, int, int)"
33577832,33598953,"k_gemv_fp16(__half *, const __half *, const __half *, const __half *, int, int)"
33599018,33599946,"k_gelu(__half *, unsigned long long)"
33600010,33623307,"k_gemv_fp16(__half *, const __half *, const __half *, const __half *, int, int)"
33623339,33624267,"k_add(__half *, const __half *, unsigned long long)"
33624299,33627532,"k_layernorm(__half *, const __half *, const __half *, const __half *, int, int)"
33628364,33644845,"k_gemv_fp16(__half *, const __half *, const __half *, const __half *, int, int)"
33644877,33645901,"k_kv_append(__half *, __half *, const __half *, int, int)"
33645933,33656589,"k_attn_decode(__half *, const __half *, const __half *, const __half *, int, int)"
33656654,33664302,"k_gemv_fp16(__half *, const __half *, const __half *, const __half *, int, int)"
33664334,33665230,"k_add(__half *, const __half *, unsigned long long)"
33665262,33668526,"k_layernorm(__half *, const __half *, const __half *, const __half *, int, int)"
33668558,33690000,"k_gemv_fp16(__half *, const __half *, const __half *, const __half *, int, int)"
33690032,33690992,"k_gelu(__half *, unsigned long long)"
33691056,33714450,"k_gemv_fp16(__half *, const __half *, const __half *, const __half *, int, int)"
33714481,33715378,"k_add(__half *, const __half *, unsigned long long)"
33715410,33718642,"k_layernorm(__half *, const __half *, const __half *, const __half *, int, int)"
33718706,33735251,"k_gemv_fp16(__half *, const __half *, const __half *, const __half *, int, int)"
33735315,33736307,"k_kv_append(__half *, __half *, const __half *, int, int)"
33736371,33746932,"k_attn_decode(__half *, const __half *, const __half *, const __half *, int, int)"
33746964,33754676,"k_gemv_fp16(__half *, const __half *, const __half *, const __half *, int, int)"
33754708,33755604,"k_add(__half *, const __half *, unsigned long long)"
33756628,33759957,"k_layernorm(__half *, const __half *, const __half *, const __half *, int, int)"
33760021,33781174,"k_gemv_fp16(__half *, const __half *, const __half *, const __half *, int, int)"
33781206,33782166,"k_gelu(__half *, unsigned long long)"
33782230,33805592,"k_gemv_fp16(__half *, const __half *, const __half *, const __half *, int, int)"
33805656,33806552,"k_add(__half *, const __half *, unsigned long long)"
33806584,33809848,"k_layernorm(__half *, const __half *, const __half *, const __half *, int, int)"
33809880,34121901,"k_gemv_fp16(__half *, const __half *, const __half *, const __half *, int, int)"
34207283,34208371,"k_embed_one(__half *, const __half *, const __half *, int, int)"
34208403,34211668,"k_layernorm(__half *, const __half *, const __half *, const __half *, int, int)"
34211700,34228244,"k_gemv_fp16(__half *, const __half *, const __half *, const __half *, int, int)"
34228245,34229269,"k_kv_append(__half *, __half *, const __half *, int, int)"
34229301,34240054,"k_attn_decode(__half *, const __half *, const __half *, const __half *, int, int)"
34240086,34247702,"k_gemv_fp16(__half *, const __half *, const __half *, const __half *, int, int)"
34247734,34248630,"k_add(__half *, const __half *, unsigned long long)"
34248694,34251926,"k_layernorm(__half *, const __half *, const __half *, const __half *, int, int)"
34251958,34273112,"k_gemv_fp16(__half *, const __half *, const __half *, const __half *, int, int)"
34273144,34274104,"k_gelu(__half *, unsigned long long)"
34274168,34297690,"k_gemv_fp16(__half *, const __half *, const __half *, const __half *, int, int)"
34297722,34298650,"k_add(__half *, const __half *, unsigned long long)"
34298682,34301946,"k_layernorm(__half *, const __half *, const __half *, const __half *, int, int)"
34302010,34318363,"k_gemv_fp16(__half *, const __half *, const __half *, const __half *, int, int)"
34318427,34319419,"k_kv_append(__half *, __half *, const __half *, int, int)"
34319483,34330108,"k_attn_decode(__half *, const __half *, const __half *, const __half *, int, int)"
34330940,34337980,"k_gemv_fp16(__half *, const __half *, const __half *, const __half *, int, int)"
34338012,34338908,"k_add(__half *, const __half *, unsigned long long)"
34338940,34342205,"k_layernorm(__half *, const __half *, const __half *, const __half *, int, int)"
34342269,34363486,"k_gemv_fp16(__half *, const __half *, const __half *, const __half *, int, int)"
34363550,34364510,"k_gelu(__half *, unsigned long long)"
34364542,34387936,"k_gemv_fp16(__half *, const __half *, const __half *, const __half *, int, int)"
34387968,34388864,"k_add(__half *, const __half *, unsigned long long)"
34388896,34392160,"k_layernorm(__half *, const __half *, const __half *, const __half *, int, int)"
34392192,34408737,"k_gemv_fp16(__half *, const __half *, const __half *, const __half *, int, int)"
34408769,34409761,"k_kv_append(__half *, __half *, const __half *, int, int)"
34409793,34420482,"k_attn_decode(__half *, const __half *, const __half *, const __half *, int, int)"
34420514,34428195,"k_gemv_fp16(__half *, const __half *, const __half *, const __half *, int, int)"
34428227,34429123,"k_add(__half *, const __half *, unsigned long long)"
34429187,34432515,"k_layernorm(__half *, const __half *, const __half *, const __half *, int, int)"
34432547,34453828,"k_gemv_fp16(__half *, const __half *, const __half *, const __half *, int, int)"
34453892,34454852,"k_gelu(__half *, unsigned long long)"
34455588,34479078,"k_gemv_fp16(__half *, const __half *, const __half *, const __half *, int, int)"
34479142,34480038,"k_add(__half *, const __half *, unsigned long long)"
34480070,34483302,"k_layernorm(__half *, const __half *, const __half *, const __half *, int, int)"
34483366,34499879,"k_gemv_fp16(__half *, const __half *, const __half *, const __half *, int, int)"
34499944,34500904,"k_kv_append(__half *, __half *, const __half *, int, int)"
34500968,34511528,"k_attn_decode(__half *, const __half *, const __half *, const __half *, int, int)"
34511592,34519209,"k_gemv_fp16(__half *, const __half *, const __half *, const __half *, int, int)"
34519273,34520169,"k_add(__half *, const __half *, unsigned long long)"
34520201,34523497,"k_layernorm(__half *, const __half *, const __half *, const __half *, int, int)"
34523529,34544811,"k_gemv_fp16(__half *, const __half *, const __half *, const __half *, int, int)"
34544842,34545802,"k_gelu(__half *, unsigned long long)"
34545867,34569164,"k_gemv_fp16(__half *, const __half *, const __half *, const __half *, int, int)"
34569196,34570092,"k_add(__half *, const __half *, unsigned long long)"
34570156,34573389,"k_layernorm(__half *, const __half *, const __half *, const __half *, int, int)"
34573421,34589870,"k_gemv_fp16(__half *, const __half *, const __half *, const __half *, int, int)"
34589902,34590894,"k_kv_append(__half *, __half *, const __half *, int, int)"
34591758,34602351,"k_attn_decode(__half *, const __half *, const __half *, const __half *, int, int)"
34602382,34610031,"k_gemv_fp16(__half *, const __half *, const __half *, const __half *, int, int)"
34610063,34610959,"k_add(__half *, const __half *, unsigned long long)"
34610991,34614223,"k_layernorm(__half *, const __half *, const __half *, const __half *, int, int)"
34614287,34635537,"k_gemv_fp16(__half *, const __half *, const __half *, const __half *, int, int)"
34635569,34636529,"k_gelu(__half *, unsigned long long)"
34636561,34660018,"k_gemv_fp16(__half *, const __half *, const __half *, const __half *, int, int)"
34660050,34660947,"k_add(__half *, const __half *, unsigned long long)"
34660979,34664243,"k_layernorm(__half *, const __half *, const __half *, const __half *, int, int)"
34664275,34680756,"k_gemv_fp16(__half *, const __half *, const __half *, const __half *, int, int)"
34680788,34681780,"k_kv_append(__half *, __half *, const __half *, int, int)"
34681844,34692597,"k_attn_decode(__half *, const __half *, const __half *, const __half *, int, int)"
34692629,34700341,"k_gemv_fp16(__half *, const __half *, const __half *, const __half *, int, int)"
34700405,34701269,"k_add(__half *, const __half *, unsigned long long)"
34701333,34704565,"k_layernorm(__half *, const __half *, const __half *, const __half *, int, int)"
34704629,34725847,"k_gemv_fp16(__half *, const __half *, const __half *, const __half *, int, int)"
34726871,34727831,"k_gelu(__half *, unsigned long long)"
34727863,34751481,"k_gemv_fp16(__half *, const __half *, const __half *, const __half *, int, int)"
34751513,34752409,"k_add(__half *, const __half *, unsigned long long)"
34752473,34755737,"k_layernorm(__half *, const __half *, const __half *, const __half *, int, int)"
34755801,34772026,"k_gemv_fp16(__half *, const __half *, const __half *, const __half *, int, int)"
34772058,34773050,"k_kv_append(__half *, __half *, const __half *, int, int)"
34773114,34784027,"k_attn_decode(__half *, const __half *, const __half *, const __half *, int, int)"
34784059,34791548,"k_gemv_fp16(__half *, const __half *, const __half *, const __half *, int, int)"
34791612,34792476,"k_add(__half *, const __half *, unsigned long long)"
34792539,34795772,"k_layernorm(__half *, const __half *, const __half *, const __half *, int, int)"
34795836,34817053,"k_gemv_fp16(__half *, const __half *, const __half *, const __half *, int, int)"
34817085,34818045,"k_gelu(__half *, unsigned long long)"
34818109,34841471,"k_gemv_fp16(__half *, const __half *, const __half *, const __half *, int, int)"
34841535,34842431,"k_add(__half *, const __half *, unsigned long long)"
34842463,34845695,"k_layernorm(__half *, const __half *, const __half *, const __half *, int, int)"
34845759,34862208,"k_gemv_fp16(__half *, const __half *, const __half *, const __half *, int, int)"
34863008,34864000,"k_kv_append(__half *, __half *, const __half *, int, int)"
34864064,34875009,"k_attn_decode(__half *, const __half *, const __half *, const __half *, int, int)"
34875041,34882690,"k_gemv_fp16(__half *, const __half *, const __half *, const __half *, int, int)"
34882722,34883618,"k_add(__half *, const __half *, unsigned long long)"
34883682,34886914,"k_layernorm(__half *, const __half *, const __half *, const __half *, int, int)"
34886946,34908099,"k_gemv_fp16(__half *, const __half *, const __half *, const __half *, int, int)"
34908163,34909092,"k_gelu(__half *, unsigned long long)"
34909156,34932645,"k_gemv_fp16(__half *, const __half *, const __half *, const __half *, int, int)"
34932677,34933573,"k_add(__half *, const __half *, unsigned long long)"
34933637,34936869,"k_layernorm(__half *, const __half *, const __half *, const __half *, int, int)"
34936902,34953383,"k_gemv_fp16(__half *, const __half *, const __half *, const __half *, int, int)"
34953415,34954407,"k_kv_append(__half *, __half *, const __half *, int, int)"
34954471,34965064,"k_attn_decode(__half *, const __half *, const __half *, const __half *, int, int)"
34965095,34972712,"k_gemv_fp16(__half *, const __half *, const __half *, const __half *, int, int)"
34972776,34973672,"k_add(__half *, const __half *, unsigned long long)"
34973704,34976936,"k_layernorm(__half *, const __half *, const __half *, const __half *, int, int)"
34977768,34999178,"k_gemv_fp16(__half *, const __half *, const __half *, const __half *, int, int)"
34999210,35000170,"k_gelu(__half *, unsigned long long)"
35000202,35023595,"k_gemv_fp16(__half *, const __half *, const __half *, const __half *, int, int)"
35023627,35024556,"k_add(__half *, const __half *, unsigned long long)"
35024587,35027820,"k_layernorm(__half *, const __half *, const __half *, const __half *, int, int)"
35027884,35044397,"k_gemv_fp16(__half *, const __half *, const __half *, const __half *, int, int)"
35044461,35045453,"k_kv_append(__half *, __half *, const __half *, int, int)"
35045517,35056174,"k_attn_decode(__half *, const __half *, const __half *, const __half *, int, int)"
35056206,35063822,"k_gemv_fp16(__half *, const __half *, const __half *, const __half *, int, int)"
35063854,35064750,"k_add(__half *, const __half *, unsigned long long)"
35064814,35068079,"k_layernorm(__half *, const __half *, const __half *, const __half *, int, int)"
35068142,35089360,"k_gemv_fp16(__half *, const __half *, const __half *, const __half *, int, int)"
35089424,35090352,"k_gelu(__half *, unsigned long long)"
35090416,35113906,"k_gemv_fp16(__half *, const __half *, const __half *, const __half *, int, int)"
35113938,35114834,"k_add(__half *, const __half *, unsigned long long)"
35114898,35118194,"k_layernorm(__half *, const __half *, const __half *, const __half *, int, int)"
35119218,35135699,"k_gemv_fp16(__half *, const __half *, const __half *, const __half *, int, int)"
35135731,35136755,"k_kv_append(__half *, __half *, const __half *, int, int)"
35136787,35147508,"k_attn_decode(__half *, const __half *, const __half *, const __half *, int, int)"
35147540,35155189,"k_gemv_fp16(__half *, const __half *, const __half *, const __half *, int, int)"
35155221,35156116,"k_add(__half *, const __half *, unsigned long long)"
35156149,35159413,"k_layernorm(__half *, const __half *, const __half *, const __half *, int, int)"
35159445,35180598,"k_gemv_fp16(__half *, const __half *, const __half *, const __half *, int, int)"
35180630,35181590,"k_gelu(__half *, unsigned long long)"
35181654,35205304,"k_gemv_fp16(__half *, const __half *, const __half *, const __half *, int, int)"
35205368,35206264,"k_add(__half *, const __half *, unsigned long long)"
35206296,35209560,"k_layernorm(__half *, const __half *, const __half *, const __half *, int, int)"
35209624,35225977,"k_gemv_fp16(__half *, const __half *, const __half *, const __half *, int, int)"
35226009,35227001,"k_kv_append(__half *, __half *, const __half *, int, int)"
35227065,35237658,"k_attn_decode(__half *, const __half *, const __half *, const __half *, int, int)"
35237722,35245435,"k_gemv_fp16(__half *, const __half *, const __half *, const __half *, int, int)"
35245467,35246363,"k_add(__half *, const __half *, unsigned long long)"
35247131,35250427,"k_layernorm(__half *, const __half *, const __half *, const __half *, int, int)"
35250491,35271676,"k_gemv_fp16(__half *, const __half *, const __half *, const __half *, int, int)"
35271709,35272669,"k_gelu(__half *, unsigned long long)"
35272733,35296350,"k_gemv_fp16(__half *, const __half *, const __half *, const __half *, int, int)"
35296414,35297278,"k_add(__half *, const __half *, unsigned long long)"
35297342,35300575,"k_layernorm(__half *, const __half *, const __half *, const __half *, int, int)"
35300606,35612628,"k_gemv_fp16(__half *, const __half *, const __half *, const __half *, int, int)"
35722523,35723643,"k_embed_one(__half *, const __half *, const __half *, int, int)"
35723676,35726940,"k_layernorm(__half *, const __half *, const __half *, const __half *, int, int)"
35726972,35743485,"k_gemv_fp16(__half *, const __half *, const __half *, const __half *, int, int)"
35743517,35744509,"k_kv_append(__half *, __half *, const __half *, int, int)"
35744573,35755358,"k_attn_decode(__half *, const __half *, const __half *, const __half *, int, int)"
35755390,35762942,"k_gemv_fp16(__half *, const __half *, const __half *, const __half *, int, int)"
35762974,35763870,"k_add(__half *, const __half *, unsigned long long)"
35763902,35767423,"k_layernorm(__half *, const __half *, const __half *, const __half *, int, int)"
35767455,35788576,"k_gemv_fp16(__half *, const __half *, const __half *, const __half *, int, int)"
35788640,35789568,"k_gelu(__half *, unsigned long long)"
35789632,35813058,"k_gemv_fp16(__half *, const __half *, const __half *, const __half *, int, int)"
35813090,35813986,"k_add(__half *, const __half *, unsigned long long)"
35814050,35817378,"k_layernorm(__half *, const __half *, const __half *, const __half *, int, int)"
35817410,35833987,"k_gemv_fp16(__half *, const __half *, const __half *, const __half *, int, int)"
35834019,35835011,"k_kv_append(__half *, __half *, const __half *, int, int)"
35835075,35845604,"k_attn_decode(__half *, const __half *, const __half *, const __half *, int, int)"
35846404,35853413,"k_gemv_fp16(__half *, const __half *, const __half *, const __half *, int, int)"
35853476,35854373,"k_add(__half *, const __half *, unsigned long long)"
35854404,35857669,"k_layernorm(__half *, const __half *, const __half *, const __half *, int, int)"
35857701,35878854,"k_gemv_fp16(__half *, const __half *, const __half *, const __half *, int, int)"
35878918,35879878,"k_gelu(__half *, unsigned long long)"
35879910,35903304,"k_gemv_fp16(__half *, const __half *, const __half *, const __half *, int, int)"
35903336,35904232,"k_add(__half *, const __half *, unsigned long long)"
35904296,35907560,"k_layernorm(__half *, const __half *, const __half *, const __half *, int, int)"
35907624,35924297,"k_gemv_fp16(__half *, const __half *, const __half *, const __half *, int, int)"
35924329,35925321,"k_kv_append(__half *, __half *, const __half *, int, int)"
35925385,35936010,"k_attn_decode(__half *, const __half *, const __half *, const __half *, int, int)"
35936042,35943723,"k_gemv_fp16(__half *, const __half *, const __half *, const __half *, int, int)"
35943755,35944651,"k_add(__half *, const __half *, unsigned long long)"
35944683,35948011,"k_layernorm(__half *, const __half *, const __half *, const __half *, int, int)"
35948075,35969389,"k_gemv_fp16(__half *, const __half *, const __half *, const __half *, int, int)"
35969420,35970380,"k_gelu(__half *, unsigned long long)"
35971405,35994894,"k_gemv_fp16(__half *, const __half *, const __half *, const __half *, int, int)"
35994926,35995822,"k_add(__half *, const __half *, unsigned long long)"
35995886,35999119,"k_layernorm(__half *, const __half *, const __half *, const __half *, int, int)"
35999182,36015632,"k_gemv_fp16(__half *, const __half *, const __half *, const __half *, int, int)"
36015696,36016688,"k_kv_append(__half *, __half *, const __half *, int, int)"
36016752,36027312,"k_attn_decode(__half *, const __half *, const __half *, const __half *, int, int)"
36027377,36035057,"k_gemv_fp16(__half *, const __half *, const __half *, const __half *, int, int)"
36035089,36035985,"k_add(__half *, const __half *, unsigned long long)"
36036017,36039313,"k_layernorm(__half *, const __half *, const __half *, const __half *, int, int)"
36039345,36060595,"k_gemv_fp16(__half *, const __half *, const __half *, const __half *, int, int)"
36060627,36061587,"k_gelu(__half *, unsigned long long)"
36061651,36084948,"k_gemv_fp16(__half *, const __half *, const __half *, const __half *, int, int)"
36085012,36085908,"k_add(__half *, const __half *, unsigned long long)"
36085940,36089205,"k_layernorm(__half *, const __half *, const __half *, const __half *, int, int)"
36089237,36105654,"k_gemv_fp16(__half *, const __half *, const __half *, const __half *, int, int)"
36105718,36106710,"k_kv_append(__half *, __half *, const __half *, int, int)"
36107510,36118103,"k_attn_decode(__half *, const __half *, const __half *, const __half *, int, int)"
36118135,36125783,"k_gemv_fp16(__half *, const __half *, const __half *, const __half *, int, int)"
36125815,36126711,"k_add(__half *, const __half *, unsigned long long)"
36126743,36130007,"k_layernorm(__half *, const __half *, const __half *, const __half *, int, int)"
36130039,36151289,"k_gemv_fp16(__half *, const __half *, const __half *, const __half *, int, int)"
36151321,36152281,"k_gelu(__half *, unsigned long long)"
36152313,36175803,"k_gemv_fp16(__half *, const __half *, const __half *, const __half *, int, int)"
36175835,36176731,"k_add(__half *, const __half *, unsigned long long)"
36176795,36180027,"k_layernorm(__half *, const __half *, const __half *, const __half *, int, int)"
36180091,36196476,"k_gemv_fp16(__half *, const __half *, const __half *, const __half *, int, int)"
36196540,36197532,"k_kv_append(__half *, __half *, const __half *, int, int)"
36197564,36208380,"k_attn_decode(__half *, const __half *, const __half *, const __half *, int, int)"
36208381,36215997,"k_gemv_fp16(__half *, const __half *, const __half *, const __half *, int, int)"
36216029,36216925,"k_add(__half *, const __half *, unsigned long long)"
36216990,36220190,"k_layernorm(__half *, const __half *, const __half *, const __half *, int, int)"
36220254,36241471,"k_gemv_fp16(__half *, const __half *, const __half *, const __half *, int, int)"
36242207,36243167,"k_gelu(__half *, unsigned long long)"
36243231,36267009,"k_gemv_fp16(__half *, const __half *, const __half *, const __half *, int, int)"
36267041,36267937,"k_add(__half *, const __half *, unsigned long long)"
36267969,36271233,"k_layernorm(__half *, const __half *, const __half *, const __half *, int, int)"
36271297,36287650,"k_gemv_fp16(__half *, const __half *, const __half *, const __half *, int, int)"
36287682,36288674,"k_kv_append(__half *, __half *, const __half *, int, int)"
36288738,36299619,"k_attn_decode(__half *, const __half *, const __half *, const __half *, int, int)"
36299651,36307300,"k_gemv_fp16(__half *, const __half *, const __half *, const __half *, int, int)"
36307332,36308228,"k_add(__half *, const __half *, unsigned long long)"
36308260,36311492,"k_layernorm(__half *, const __half *, const __half *, const __half *, int, int)"
36311524,36332677,"k_gemv_fp16(__half *, const __half *, const __half *, const __half *, int, int)"
36332741,36333670,"k_gelu(__half *, unsigned long long)"
36333733,36357095,"k_gemv_fp16(__half *, const __half *, const __half *, const __half *, int, int)"
36357159,36358055,"k_add(__half *, const __half *, unsigned long long)"
36358087,36361447,"k_layernorm(__half *, const __half *, const __half *, const __half *, int, int)"
36361479,36377896,"k_gemv_fp16(__half *, const __half *, const __half *, const __half *, int, int)"
36378728,36379721,"k_kv_append(__half *, __half *, const __half *, int, int)"
36379784,36390633,"k_attn_decode(__half *, const __half *, const __half *, const __half *, int, int)"
36390697,36398314,"k_gemv_fp16(__half *, const __half *, const __half *, const __half *, int, int)"
36398346,36399242,"k_add(__half *, const __half *, unsigned long long)"
36399274,36402538,"k_layernorm(__half *, const __half *, const __half *, const __half *, int, int)"
36402570,36423756,"k_gemv_fp16(__half *, const __half *, const __half *, const __half *, int, int)"
36423820,36424748,"k_gelu(__half *, unsigned long long)"
36424812,36448173,"k_gemv_fp16(__half *, const __half *, const __half *, const __half *, int, int)"
36448205,36449101,"k_add(__half *, const __half *, unsigned long long)"
36449165,36452398,"k_layernorm(__half *, const __half *, const __half *, const __half *, int, int)"
36452461,36468847,"k_gemv_fp16(__half *, const __half *, const __half *, const __half *, int, int)"
36468879,36469871,"k_kv_append(__half *, __half *, const __half *, int, int)"
36469935,36480528,"k_attn_decode(__half *, const __half *, const __half *, const __half *, int, int)"
36480559,36488272,"k_gemv_fp16(__half *, const __half *, const __half *, const __half *, int, int)"
36488336,36489232,"k_add(__half *, const __half *, unsigned long long)"
36489264,36492464,"k_layernorm(__half *, const __half *, const __half *, const __half *, int, int)"
36493264,36514642,"k_gemv_fp16(__half *, const __half *, const __half *, const __half *, int, int)"
36514674,36515634,"k_gelu(__half *, unsigned long long)"
36515666,36539124,"k_gemv_fp16(__half *, const __half *, const __half *, const __half *, int, int)"
36539155,36540052,"k_add(__half *, const __half *, unsigned long long)"
36540084,36543348,"k_layernorm(__half *, const __half *, const __half *, const __half *, int, int)"
36543380,36559797,"k_gemv_fp16(__half *, const __half *, const __half *, const __half *, int, int)"
36559829,36560821,"k_kv_append(__half *, __half *, const __half *, int, int)"
36560885,36571510,"k_attn_decode(__half *, const __half *, const __half *, const __half *, int, int)"
36571542,36579094,"k_gemv_fp16(__half *, const __half *, const __half *, const __half *, int, int)"
36579126,36580022,"k_add(__half *, const __half *, unsigned long long)"
36580054,36583287,"k_layernorm(__half *, const __half *, const __half *, const __half *, int, int)"
36583351,36604600,"k_gemv_fp16(__half *, const __half *, const __half *, const __half *, int, int)"
36604632,36605592,"k_gelu(__half *, unsigned long long)"
36605656,36629018,"k_gemv_fp16(__half *, const __half *, const __half *, const __half *, int, int)"
36629050,36629978,"k_add(__half *, const __half *, unsigned long long)"
36630010,36633338,"k_layernorm(__half *, const __half *, const __half *, const __half *, int, int)"
36634138,36650651,"k_gemv_fp16(__half *, const __half *, const __half *, const __half *, int, int)"
36650715,36651707,"k_kv_append(__half *, __half *, const __half *, int, int)"
36651739,36662332,"k_attn_decode(__half *, const __half *, const __half *, const __half *, int, int)"
36662396,36670172,"k_gemv_fp16(__half *, const __half *, const __half *, const __half *, int, int)"
36670205,36671101,"k_add(__half *, const __half *, unsigned long long)"
36671133,36674397,"k_layernorm(__half *, const __half *, const __half *, const __half *, int, int)"
36674461,36695614,"k_gemv_fp16(__half *, const __half *, const __half *, const __half *, int, int)"
36695646,36696606,"k_gelu(__half *, unsigned long long)"
36696638,36720064,"k_gemv_fp16(__half *, const __half *, const __half *, const __half *, int, int)"
36720096,36720992,"k_add(__half *, const __half *, unsigned long long)"
36721024,36724256,"k_layernorm(__half *, const __half *, const __half *, const __half *, int, int)"
36724320,36740705,"k_gemv_fp16(__half *, const __half *, const __half *, const __half *, int, int)"
36740769,36741762,"k_kv_append(__half *, __half *, const __half *, int, int)"
36741793,36752482,"k_attn_decode(__half *, const __half *, const __half *, const __half *, int, int)"
36752546,36760227,"k_gemv_fp16(__half *, const __half *, const __half *, const __half *, int, int)"
36760291,36761155,"k_add(__half *, const __half *, unsigned long long)"
36762211,36765475,"k_layernorm(__half *, const __half *, const __half *, const __half *, int, int)"
36765507,36786693,"k_gemv_fp16(__half *, const __half *, const __half *, const __half *, int, int)"
36786756,36787685,"k_gelu(__half *, unsigned long long)"
36787749,36811046,"k_gemv_fp16(__half *, const __half *, const __half *, const __half *, int, int)"
36811110,36812006,"k_add(__half *, const __half *, unsigned long long)"
36812038,36815366,"k_layernorm(__half *, const __half *, const __half *, const __half *, int, int)"
36815399,37127324,"k_gemv_fp16(__half *, const __half *, const __half *, const __half *, int, int)"
