start_ns,end_ns,name
12421744,12423280,"k_embed_one(__half *, const __half *, const __half *, int, int)"
12437777,12441169,"k_layernorm(__half *, const __half *, const __half *, const __half *, int, int)"
12448178,12464819,"k_gemv_fp16(__half *, const __half *, const __half *, const __half *, int, int)"
12466227,12467379,"k_kv_append(__half *, __half *, const __half *, int, int)"
12468691,12534648,"k_attn_decode(__half *, const __half *, const __half *, const __half *, int, int)"
12536152,12543160,"k_gemv_fp16(__half *, const __half *, const __half *, const __half *, int, int)"
12545112,12546136,"k_add(__half *, const __half *, unsigned long long)"
12547512,12550873,"k_layernorm(__half *, const __half *, const __half *, const __half *, int, int)"
12552345,12573594,"k_gemv_fp16(__half *, const __half *, const __half *, const __half *, int, int)"
12575066,12576155,"k_gelu(__half *, unsigned long long)"
12578171,12601756,"k_gemv_fp16(__half *, const __half *, const __half *, const __half *, int, int)"
12603132,12604124,"k_add(__half *, const __half *, unsigned long long)"
12605533,12608893,"k_layernorm(__half *, const __half *, const __half *, const __half *, int, int)"
12610237,12626814,"k_gemv_fp16(__half *, const __half *, const __half *, const __half *, int, int)"
12628766,12629886,"k_kv_append(__half *, __half *, const __half *, int, int)"
12631294,12696963,"k_attn_decode(__half *, const __half *, const __half *, const __half *, int, int)"
12722917,12729957,"k_gemv_fp16(__half *, const __half *, const __half *, const __half *, int, int)"
12731429,12732421,"k_add(__half *, const __half *, unsigned long long)"
12734406,12737798,"k_layernorm(__half *, const __half *, const __half *, const __half *, int, int)"
12739142,12761864,"k_gemv_fp16(__half *, const __half *, const __half *, const __half *, int, int)"
12763303,12764360,"k_gelu(__half *, unsigned long long)"
12765800,12794122,"k_gemv_fp16(__half *, const __half *, const __half *, const __half *, int, int)"
12796138,12797130,"k_add(__half *, const __half *, unsigned long long)"
12798570,12801930,"k_layernorm(__half *, const __half *, const __half *, const __half *, int, int)"
12803338,12820812,"k_gemv_fp16(__half *, const __half *, const __half *, const __half *, int, int)"
12822124,12823244,"k_kv_append(__half *, __half *, const __half *, int, int)"
12825292,12891216,"k_attn_decode(__half *, const __half *, const __half *, const __half *, int, int)"
12892688,12899665,"k_gemv_fp16(__half *, const __half *, const __half *, const __half *, int, int)"
12901137,12902129,"k_add(__half *, const __half *, unsigned long long)"
12903505,12906866,"k_layernorm(__half *, const __half *, const __half *, const __half *, int, int)"
12908914,12930163,"k_gemv_fp16(__half *, const __half *, const __half *, const __half *, int, int)"
12931539,12932563,"k_gelu(__half *, unsigned long long)"
12933907,12957333,"k_gemv_fp16(__half *, const __half *, const __half *, const __half *, int, int)"
12958773,12959797,"k_add(__half *, const __half *, unsigned long long)"
12961749,12965142,"k_layernorm(__half *, const __half *, const __half *, const __half *, int, int)"
12966518,12983127,"k_gemv_fp16(__half *, const __half *, const __half *, const __half *, int, int)"
12984599,12985719,"k_kv_append(__half *, __half *, const __half *, int, int)"
12987255,13053244,"k_attn_decode(__half *, const __half *, const __half *, const __half *, int, int)"
13055260,13062268,"k_gemv_fp16(__half *, const __half *, const __half *, const __half *, int, int)"
13063548,13064572,"k_add(__half *, const __half *, unsigned long long)"
13065948,13069309,"k_layernorm(__half *, const __half *, const __half *, const __half *, int, int)"
13070781,13091902,"k_gemv_fp16(__half *, const __half *, const __half *, const __half *, int, int)"
13094046,13095103,"k_gelu(__half *, unsigned long long)"
13096479,13120000,"k_gemv_fp16(__half *, const __half *, const __half *, const __half *, int, int)"
13121408,13122401,"k_add(__half *, const __half *, unsigned long long)"
13123809,13127137,"k_layernorm(__half *, const __half *, const __half *, const __half *, int, int)"
13129025,13145538,"k_gemv_fp16(__half *, const __half *, const __half *, const __half *, int, int)"
13147106,13148226,"k_kv_append(__half *, __half *, const __half *, int, int)"
13149602,13215079,"k_attn_decode(__half *, const __half *, const __half *, const __half *, int, int)"
13216487,13223463,"k_gemv_fp16(__half *, const __half *, const __half *, const __half *, int, int)"
13225384,13226408,"k_add(__half *, const __half *, unsigned long long)"
13227688,13231048,"k_layernorm(__half *, const __half *, const __half *, const __half *, int, int)"
13232456,13253578,"k_gemv_fp16(__half *, const __half *, const __half *, const __half *, int, int)"
13254986,13256042,"k_gelu(__half *, unsigned long long)"
13257866,13281324,"k_gemv_fp16(__half *, const __half *, const __half *, const __half *, int, int)"
13282764,13283756,"k_add(__half *, const __half *, unsigned long long)"
13285196,13288524,"k_layernorm(__half *, const __half *, const __half *, const __half *, int, int)"
13289964,13306541,"k_gemv_fp16(__half *, const __half *, const __half *, const __half *, int, int)"
13308814,13309934,"k_kv_append(__half *, __half *, const __half *, int, int)"
13311406,13377586,"k_attn_decode(__half *, const __half *, const __half *, const __half *, int, int)"
13379122,13386131,"k_gemv_fp16(__half *, const __half *, const __half *, const __half *, int, int)"
13387475,13388499,"k_add(__half *, const __half *, unsigned long long)"
13390483,13393811,"k_layernorm(__half *, const __half *, const __half *, const __half *, int, int)"
13395316,13416533,"k_gemv_fp16(__half *, const __half *, const __half *, const __half *, int, int)"
13417877,13418933,"k_gelu(__half *, unsigned long long)"
13420309,13443703,"k_gemv_fp16(__half *, const __half *, const __half *, const __half *, int, int)"
13445687,13446679,"k_add(__half *, const __half *, unsigned long long)"
13448183,13451575,"k_layernorm(__half *, const __half *, const __half *, const __half *, int, int)"
13452983,13469561,"k_gemv_fp16(__half *, const __half *, const __half *, const __half *, int, int)"
13470905,13472025,"k_kv_append(__half *, __half *, const __half *, int, int)"
13474169,13539709,"k_attn_decode(__half *, const __half *, const __half *, const __half *, int, int)"
13541118,13548094,"k_gemv_fp16(__half *, const __half *, const __half *, const __half *, int, int)"
13549566,13550558,"k_add(__half *, const __half *, unsigned long long)"
13551838,13555166,"k_layernorm(__half *, const __half *, const __half *, const __half *, int, int)"
13557119,13578208,"k_gemv_fp16(__half *, const __half *, const __half *, const __half *, int, int)"
13579648,13580704,"k_gelu(__half *, unsigned long long)"
13582112,13605730,"k_gemv_fp16(__half *, const __half *, const __half *, const __half *, int, int)"
13607138,13608162,"k_add(__half *, const __half *, unsigned long long)"
13610210,13613603,"k_layernorm(__half *, const __half *, const __half *, const __half *, int, int)"
13614915,13631364,"k_gemv_fp16(__half *, const __half *, const __half *, const __half *, int, int)"
13632772,13633892,"k_kv_append(__half *, __half *, const __half *, int, int)"
13635204,13701193,"k_attn_decode(__half *, const __half *, const __half *, const __half *, int, int)"
13704233,13711241,"k_gemv_fp16(__half *, const __half *, const __half *, const __half *, int, int)"
13712713,13713737,"k_add(__half *, const __half *, unsigned long long)"
13715146,13718506,"k_layernorm(__half *, const __half *, const __half *, const __half *, int, int)"
13719978,13741067,"k_gemv_fp16(__half *, const __half *, const __half *, const __half *, int, int)"
13743724,13744780,"k_gelu(__half *, unsigned long long)"
13746380,13770189,"k_gemv_fp16(__half *, const __half *, const __half *, const __half *, int, int)"
13771629,13772622,"k_add(__half *, const __half *, unsigned long long)"
13774094,13777454,"k_layernorm(__half *, const __half *, const __half *, const __half *, int, int)"
13779502,13796079,"k_gemv_fp16(__half *, const __half *, const __half *, const __half *, int, int)"
13797679,13798800,"k_kv_append(__half *, __half *, const __half *, int, int)"
13800208,13865684,"k_attn_decode(__half *, const __half *, const __half *, const __half *, int, int)"
13867188,13874197,"k_gemv_fp16(__half *, const __half *, const __half *, const __half *, int, int)"
13876245,13877269,"k_add(__half *, const __half *, unsigned long long)"
13878581,13881909,"k_layernorm(__half *, const __half *, const __half *, const __half *, int, int)"
13883349,13904503,"k_gemv_fp16(__half *, const __half *, const __half *, const __half *, int, int)"
13905911,13906967,"k_gelu(__half *, unsigned long long)"
13909079,13932505,"k_gemv_fp16(__half *, const __half *, const __half *, const __half *, int, int)"
13934009,13935033,"k_add(__half *, const __half *, unsigned long long)"
13936569,13940057,"k_layernorm(__half *, const __half *, const __half *, const __half *, int, int)"
13941497,13958075,"k_gemv_fp16(__half *, const __half *, const __half *, const __half *, int, int)"
13960123,13961243,"k_kv_append(__half *, __half *, const __half *, int, int)"
13962747,14028383,"k_attn_decode(__half *, const __half *, const __half *, const __half *, int, int)"
14030144,14037088,"k_gemv_fp16(__half *, const __half *, const __half *, const __half *, int, int)"
14038592,14039616,"k_add(__half *, const __half *, unsigned long long)"
14041664,14045056,"k_layernorm(__half *, const __half *, const __half *, const __half *, int, int)"
14046625,14067842,"k_gemv_fp16(__half *, const __half *, const __half *, const __half *, int, int)"
14069378,14070434,"k_gelu(__half *, unsigned long long)"
14071906,14095364,"k_gemv_fp16(__half *, const __half *, const __half *, const __half *, int, int)"
14097476,14098500,"k_add(__half *, const __half *, unsigned long long)"
14099972,14103429,"k_layernorm(__half *, const __half *, const __half *, const __half *, int, int)"
14104933,14121542,"k_gemv_fp16(__half *, const __half *, const __half *, const __half *, int, int)"
14123110,14124230,"k_kv_append(__half *, __half *, const __half *, int, int)"
14126342,14192395,"k_attn_decode(__half *, const __half *, const __half *, const __half *, int, int)"
14193931,14200875,"k_gemv_fp16(__half *, const __half *, const __half *, const __half *, int, int)"
14202411,14203404,"k_add(__half *, const __half *, unsigned long long)"
14204748,14208108,"k_layernorm(__half *, const __half *, const __half *, const __half *, int, int)"
14210188,14231373,"k_gemv_fp16(__half *, const __half *, const __half *, const __half *, int, int)"
14232878,14233934,"k_gelu(__half *, unsigned long long)"
14235438,14258959,"k_gemv_fp16(__half *, const __half *, const __half *, const __half *, int, int)"
14260400,14261392,"k_add(__half *, const __half *, unsigned long long)"
14263440,14266832,"k_layernorm(__half *, const __half *, const __half *, const __half *, int, int)"
14268304,14284945,"k_gemv_fp16(__half *, const __half *, const __half *, const __half *, int, int)"
14286481,14287601,"k_kv_append(__half *, __half *, const __half *, int, int)"
14289105,14355382,"k_attn_decode(__half *, const __half *, const __half *, const __half *, int, int)"
14357654,14364599,"k_gemv_fp16(__half *, const __half *, const __half *, const __half *, int, int)"
14366039,14367063,"k_add(__half *, const __half *, unsigned long long)"
14368663,14372183,"k_layernorm(__half *, const __half *, const __half *, const __half *, int, int)"
14373719,14394905,"k_gemv_fp16(__half *, const __half *, const __half *, const __half *, int, int)"
14396985,14398041,"k_gelu(__half *, unsigned long long)"
14399545,14423003,"k_gemv_fp16(__half *, const __half *, const __half *, const __half *, int, int)"
14424475,14425467,"k_add(__half *, const __half *, unsigned long long)"
14427003,14430363,"k_layernorm(__half *, const __half *, const __half *, const __half *, int, int)"
14432444,14744433,"k_gemv_fp16(__half *, const __half *, const __half *, const __half *, int, int)"
14798293,14799701,"k_embed_one(__half *, const __half *, const __half *, int, int)"
14805237,14808694,"k_layernorm(__half *, const __half *, const __half *, const __half *, int, int)"
14814294,14830967,"k_gemv_fp16(__half *, const __half *, const __half *, const __half *, int, int)"
14834583,14835703,"k_kv_append(__half *, __half *, const __half *, int, int)"
14875514,14941855,"k_attn_decode(__half *, const __half *, const __half *, const __half *, int, int)"
14943455,14950463,"k_gemv_fp16(__half *, const __half *, const __half *, const __half *, int, int)"
14952096,14953120,"k_add(__half *, const __half *, unsigned long long)"
14955040,14958368,"k_layernorm(__half *, const __half *, const __half *, const __half *, int, int)"
14959904,14981249,"k_gemv_fp16(__half *, const __half *, const __half *, const __half *, int, int)"
14982850,14983906,"k_gelu(__half *, unsigned long long)"
14985506,15009092,"k_gemv_fp16(__half *, const __half *, const __half *, const __half *, int, int)"
15011300,15012324,"k_add(__half *, const __half *, unsigned long long)"
15013828,15017188,"k_layernorm(__half *, const __half *, const __half *, const __half *, int, int)"
15018596,15035205,"k_gemv_fp16(__half *, const __half *, const __half *, const __half *, int, int)"
15036741,15037861,"k_kv_append(__half *, __half *, const __half *, int, int)"
15039942,15105866,"k_attn_decode(__half *, const __half *, const __half *, const __half *, int, int)"
15107402,15114443,"k_gemv_fp16(__half *, const __half *, const __half *, const __half *, int, int)"
15115947,15116939,"k_add(__half *, const __half *, unsigned long long)"
15118347,15121707,"k_layernorm(__half *, const __half *, const __half *, const __half *, int, int)"
15123692,15145037,"k_gemv_fp16(__half *, const __half *, const __half *, const __half *, int, int)"
15146541,15147597,"k_gelu(__half *, unsigned long long)"
15149133,15172687,"k_gemv_fp16(__half *, const __half *, const __half *, const __half *, int, int)"
15174159,15175183,"k_add(__half *, const __half *, unsigned long long)"
15177615,15181008,"k_layernorm(__half *, const __half *, const __half *, const __half *, int, int)"
15182544,15199185,"k_gemv_fp16(__half *, const __half *, const __half *, const __half *, int, int)"
15200913,15202033,"k_kv_append(__half *, __half *, const __half *, int, int)"
15203537,15269590,"k_attn_decode(__half *, const __half *, const __half *, const __half *, int, int)"
15271862,15278806,"k_gemv_fp16(__half *, const __half *, const __half *, const __half *, int, int)"
15280214,15281239,"k_add(__half *, const __half *, unsigned long long)"
15282551,15285879,"k_layernorm(__half *, const __half *, const __half *, const __half *, int, int)"
15287415,15308632,"k_gemv_fp16(__half *, const __half *, const __half *, const __half *, int, int)"
15310713,15311737,"k_gelu(__half *, unsigned long long)"
15313177,15336634,"k_gemv_fp16(__half *, const __half *, const __half *, const __half *, int, int)"
15338138,15339130,"k_add(__half *, const __half *, unsigned long long)"
15340539,15343867,"k_layernorm(__half *, const __half *, const __half *, const __half *, int, int)"
15346011,15362620,"k_gemv_fp16(__half *, const __half *, const __half *, const __half *, int, int)"
15364252,15365372,"k_kv_append(__half *, __half *, const __half *, int, int)"
15366908,15432385,"k_attn_decode(__half *, const __half *, const __half *, const __half *, int, int)"
15434017,15440962,"k_gemv_fp16(__half *, const __half *, const __half *, const __half *, int, int)"
15443202,15444226,"k_add(__half *, const __half *, unsigned long long)"
15445602,15448962,"k_layernorm(__half *, const __half *, const __half *, const __half *, int, int)"
15450402,15471620,"k_gemv_fp16(__half *, const __half *, const __half *, const __half *, int, int)"
15473124,15474180,"k_gelu(__half *, unsigned long long)"
15476260,15499622,"k_gemv_fp16(__half *, const __half *, const __half *, const __half *, int, int)"
15501062,15502086,"k_add(__half *, const __half *, unsigned long long)"
15503462,15506918,"k_layernorm(__half *, const __half *, const __half *, const __half *, int, int)"
15508422,15524935,"k_gemv_fp16(__half *, const __half *, const __half *, const __half *, int, int)"
15526952,15528040,"k_kv_append(__half *, __half *, const __half *, int, int)"
15529544,15595692,"k_attn_decode(__half *, const __half *, const __half *, const __half *, int, int)"
15597196,15604173,"k_gemv_fp16(__half *, const __half *, const __half *, const __half *, int, int)"
15605741,15606765,"k_add(__half *, const __half *, unsigned long long)"
15608813,15612141,"k_layernorm(__half *, const __half *, const __half *, const __half *, int, int)"
15613614,15634863,"k_gemv_fp16(__half *, const __half *, const __half *, const __half *, int, int)"
15636271,15637327,"k_gelu(__half *, unsigned long long)"
15638863,15662321,"k_gemv_fp16(__half *, const __half *, const __half *, const __half *, int, int)"
15664529,15665553,"k_add(__half *, const __half *, unsigned long long)"
15667025,15670386,"k_layernorm(__half *, const __half *, const __half *, const __half *, int, int)"
15671825,15688339,"k_gemv_fp16(__half *, const __half *, const __half *, const __half *, int, int)"
15689747,15690835,"k_kv_append(__half *, __half *, const __half *, int, int)"
15692915,15758327,"k_attn_decode(__half *, const __half *, const __half *, const __half *, int, int)"
15759928,15766872,"k_gemv_fp16(__half *, const __half *, const __half *, const __half *, int, int)"
15768312,15769336,"k_add(__half *, const __half *, unsigned long long)"
15770872,15774361,"k_layernorm(__half *, const __half *, const __half *, const __half *, int, int)"
15776281,15797466,"k_gemv_fp16(__half *, const __half *, const __half *, const __half *, int, int)"
15799098,15800154,"k_gelu(__half *, unsigned long long)"
15801626,15825084,"k_gemv_fp16(__half *, const __half *, const __half *, const __half *, int, int)"
15826588,15827612,"k_add(__half *, const __half *, unsigned long long)"
15829565,15832957,"k_layernorm(__half *, const __half *, const __half *, const __half *, int, int)"
15834493,15850910,"k_gemv_fp16(__half *, const __half *, const __half *, const __half *, int, int)"
15852478,15853598,"k_kv_append(__half *, __half *, const __half *, int, int)"
15855006,15921123,"k_attn_decode(__half *, const __half *, const __half *, const __half *, int, int)"
15923299,15930340,"k_gemv_fp16(__half *, const __half *, const __half *, const __half *, int, int)"
15931812,15932836,"k_add(__half *, const __half *, unsigned long long)"
15934180,15937476,"k_layernorm(__half *, const __half *, const __half *, const __half *, int, int)"
15938948,15960070,"k_gemv_fp16(__half *, const __half *, const __half *, const __half *, int, int)"
15962278,15963302,"k_gelu(__half *, unsigned long long)"
15964806,15988295,"k_gemv_fp16(__half *, const __half *, const __half *, const __half *, int, int)"
15989736,15990760,"k_add(__half *, const __half *, unsigned long long)"
15992232,15995560,"k_layernorm(__half *, const __half *, const __half *, const __half *, int, int)"
15997704,16014217,"k_gemv_fp16(__half *, const __half *, const __half *, const __half *, int, int)"
16015689,16016809,"k_kv_append(__half *, __half *, const __half *, int, int)"
16018154,16084014,"k_attn_decode(__half *, const __half *, const __half *, const __half *, int, int)"
16085934,16092911,"k_gemv_fp16(__half *, const __half *, const __half *, const __half *, int, int)"
16095535,16096527,"k_add(__half *, const __half *, unsigned long long)"
16098127,16101487,"k_layernorm(__half *, const __half *, const __half *, const __half *, int, int)"
16103055,16124273,"k_gemv_fp16(__half *, const __half *, const __half *, const __half *, int, int)"
16126065,16127121,"k_gelu(__half *, unsigned long long)"
16129745,16153235,"k_gemv_fp16(__half *, const __half *, const __half *, const __half *, int, int)"
16154771,16155795,"k_add(__half *, const __half *, unsigned long long)"
16157619,16160980,"k_layernorm(__half *, const __half *, const __half *, const __half *, int, int)"
16162516,16179157,"k_gemv_fp16(__half *, const __half *, const __half *, const __half *, int, int)"
16181237,16182357,"k_kv_append(__half *, __half *, const __half *, int, int)"
16183925,16249498,"k_attn_decode(__half *, const __half *, const __half *, const __half *, int, int)"
16251034,16258042,"k_gemv_fp16(__half *, const __half *, const __half *, const __half *, int, int)"
16259546,16260570,"k_add(__half *, const __half *, unsigned long long)"
16262683,16266075,"k_layernorm(__half *, const __half *, const __half *, const __half *, int, int)"
16267611,16288732,"k_gemv_fp16(__half *, const __half *, const __half *, const __half *, int, int)"
16290205,16291261,"k_gelu(__half *, unsigned long long)"
16292701,16316126,"k_gemv_fp16(__half *, const __half *, const __half *, const __half *, int, int)"
16318302,16319295,"k_add(__half *, const __half *, unsigned long long)"
16320767,16324191,"k_layernorm(__half *, const __half *, const __half *, const __half *, int, int)"
16325567,16342016,"k_gemv_fp16(__half *, const __half *, const __half *, const __half *, int, int)"
16343424,16344544,"k_kv_append(__half *, __half *, const __half *, int, int)"
16346464,16412677,"k_attn_decode(__half *, const __half *, const __half *, const __half *, int, int)"
16414181,16421157,"k_gemv_fp16(__half *, const __half *, const __half *, const __half *, int, int)"
16422566,16423558,"k_add(__half *, const __half *, unsigned long long)"
16424870,16428198,"k_layernorm(__half *, const __half *, const __half *, const __half *, int, int)"
16430246,16451368,"k_gemv_fp16(__half *, const __half *, const __half *, const __half *, int, int)"
16452776,16453832,"k_gelu(__half *, unsigned long long)"
16455176,16478730,"k_gemv_fp16(__half *, const __half *, const __half *, const __half *, int, int)"
16480138,16481162,"k_add(__half *, const __half *, unsigned long long)"
16483050,16486410,"k_layernorm(__half *, const __half *, const __half *, const __half *, int, int)"
16487754,16504395,"k_gemv_fp16(__half *, const __half *, const __half *, const __half *, int, int)"
16505867,16506988,"k_kv_append(__half *, __half *, const __half *, int, int)"
16508460,16574096,"k_attn_decode(__half *, const __half *, const __half *, const __half *, int, int)"
16576240,16583089,"k_gemv_fp16(__half *, const __half *, const __half *, const __half *, int, int)"
16584497,16585521,"k_add(__half *, const __half *, unsigned long long)"
16586865,16590289,"k_layernorm(__half *, const __half *, const __half *, const __half *, int, int)"
16591761,16612915,"k_gemv_fp16(__half *, const __half *, const __half *, const __half *, int, int)"
16614899,16615955,"k_gelu(__half *, unsigned long long)"
16617331,16640757,"k_gemv_fp16(__half *, const __half *, const __half *, const __half *, int, int)"
16642101,16643125,"k_add(__half *, const __half *, unsigned long long)"
16644533,16647893,"k_layernorm(__half *, const __half *, const __half *, const __half *, int, int)"
16649749,16666327,"k_gemv_fp16(__half *, const __half *, const __half *, const __half *, int, int)"
16667799,16668919,"k_kv_append(__half *, __half *, const __half *, int, int)"
16670327,16735932,"k_attn_decode(__half *, const __half *, const __half *, const __half *, int, int)"
16737340,16744316,"k_gemv_fp16(__half *, const __half *, const __half *, const __half *, int, int)"
16746268,16747292,"k_add(__half *, const __half *, unsigned long long)"
16748636,16752093,"k_layernorm(__half *, const __half *, const __half *, const __half *, int, int)"
16753437,16774622,"k_gemv_fp16(__half *, const __half *, const __half *, const __half *, int, int)"
16775998,16777054,"k_gelu(__half *, unsigned long long)"
16779038,16802528,"k_gemv_fp16(__half *, const __half *, const __half *, const __half *, int, int)"
16803872,16804896,"k_add(__half *, const __half *, unsigned long long)"
16806304,16809633,"k_layernorm(__half *, const __half *, const __half *, const __half *, int, int)"
16810977,17122998,"k_gemv_fp16(__half *, const __half *, const __half *, const __half *, int, int)"
17149752,17151160,"k_embed_one(__half *, const __half *, const __half *, int, int)"
17176570,17179930,"k_layernorm(__half *, const __half *, const __half *, const __half *, int, int)"
17182074,17198620,"k_gemv_fp16(__half *, const __half *, const __half *, const __half *, int, int)"
17200124,17201244,"k_kv_append(__half *, __half *, const __half *, int, int)"
17203420,17269985,"k_attn_decode(__half *, const __half *, const __half *, const __half *, int, int)"
17271489,17278465,"k_gemv_fp16(__half *, const __half *, const __half *, const __half *, int, int)"
17279873,17280865,"k_add(__half *, const __half *, unsigned long long)"
17282274,17285602,"k_layernorm(__half *, const __half *, const __half *, const __half *, int, int)"
17287554,17308803,"k_gemv_fp16(__half *, const __half *, const __half *, const __half *, int, int)"
17310275,17311331,"k_gelu(__half *, unsigned long long)"
17312772,17336293,"k_gemv_fp16(__half *, const __half *, const __half *, const __half *, int, int)"
17337733,17338725,"k_add(__half *, const __half *, unsigned long long)"
17340774,17344134,"k_layernorm(__half *, const __half *, const __half *, const __half *, int, int)"
17345510,17362087,"k_gemv_fp16(__half *, const __half *, const __half *, const __half *, int, int)"
17363463,17364551,"k_kv_append(__half *, __half *, const __half *, int, int)"
17366151,17431564,"k_attn_decode(__half *, const __half *, const __half *, const __half *, int, int)"
17433548,17440524,"k_gemv_fp16(__half *, const __half *, const __half *, const __half *, int, int)"
17441932,17442957,"k_add(__half *, const __half *, unsigned long long)"
17444237,17447629,"k_layernorm(__half *, const __half *, const __half *, const __half *, int, int)"
17448973,17470190,"k_gemv_fp16(__half *, const __half *, const __half *, const __half *, int, int)"
17472527,17473583,"k_gelu(__half *, unsigned long long)"
17475087,17498640,"k_gemv_fp16(__half *, const __half *, const __half *, const __half *, int, int)"
17500112,17501137,"k_add(__half *, const __half *, unsigned long long)"
17502449,17505841,"k_layernorm(__half *, const __half *, const __half *, const __half *, int, int)"
17507857,17524530,"k_gemv_fp16(__half *, const __half *, const __half *, const __half *, int, int)"
17525938,17527058,"k_kv_append(__half *, __half *, const __half *, int, int)"
17528530,17594391,"k_attn_decode(__half *, const __half *, const __half *, const __half *, int, int)"
17595927,17602904,"k_gemv_fp16(__half *, const __half *, const __half *, const __half *, int, int)"
17604824,17605848,"k_add(__half *, const __half *, unsigned long long)"
17607288,17610648,"k_layernorm(__half *, const __half *, const __half *, const __half *, int, int)"
17612024,17633242,"k_gemv_fp16(__half *, const __half *, const __half *, const __half *, int, int)"
17634554,17635610,"k_gelu(__half *, unsigned long long)"
17637498,17661052,"k_gemv_fp16(__half *, const __half *, const __half *, const __half *, int, int)"
17662460,17663452,"k_add(__half *, const __half *, unsigned long long)"
17664828,17668252,"k_layernorm(__half *, const __half *, const __half *, const __half *, int, int)"
17669756,17686462,"k_gemv_fp16(__half *, const __half *, const __half *, const __half *, int, int)"
17688478,17689566,"k_kv_append(__half *, __half *, const __half *, int, int)"
17691006,17756386,"k_attn_decode(__half *, const __half *, const __half *, const __half *, int, int)"
17757827,17764771,"k_gemv_fp16(__half *, const __half *, const __half *, const __half *, int, int)"
17766179,17767171,"k_add(__half *, const __half *, unsigned long long)"
17769123,17772579,"k_layernorm(__half *, const __half *, const __half *, const __half *, int, int)"
17773924,17795077,"k_gemv_fp16(__half *, const __half *, const __half *, const __half *, int, int)"
17796485,17797509,"k_gelu(__half *, unsigned long long)"
17798917,17822375,"k_gemv_fp16(__half *, const __half *, const __half *, const __half *, int, int)"
17824263,17825255,"k_add(__half *, const __half *, unsigned long long)"
17826695,17830055,"k_layernorm(__half *, const __half *, const __half *, const __half *, int, int)"
17831496,17848105,"k_gemv_fp16(__half *, const __half *, const __half *, const __half *, int, int)"
17849385,17850505,"k_kv_append(__half *, __half *, const __half *, int, int)"
17852393,17918510,"k_attn_decode(__half *, const __half *, const __half *, const __half *, int, int)"
17920014,17926958,"k_gemv_fp16(__half *, const __half *, const __half *, const __half *, int, int)"
17928302,17929294,"k_add(__half *, const __half *, unsigned long long)"
17930702,17934063,"k_layernorm(__half *, const __half *, const __half *, const __half *, int, int)"
17935951,17957008,"k_gemv_fp16(__half *, const __half *, const __half *, const __half *, int, int)"
17958352,17959408,"k_gelu(__half *, unsigned long long)"
17960753,17984082,"k_gemv_fp16(__half *, const __half *, const __half *, const __half *, int, int)"
17985426,17986450,"k_add(__half *, const __half *, unsigned long long)"
17988338,17991731,"k_layernorm(__half *, const __half *, const __half *, const __half *, int, int)"
17993139,18009620,"k_gemv_fp16(__half *, const __half *, const __half *, const __half *, int, int)"
18011028,18012148,"k_kv_append(__half *, __half *, const __half *, int, int)"
18013556,18079545,"k_attn_decode(__half *, const __half *, const __half *, const __half *, int, int)"
18081529,18088537,"k_gemv_fp16(__half *, const __half *, const __half *, const __half *, int, int)"
18090042,18091066,"k_add(__half *, const __half *, unsigned long long)"
18092442,18095834,"k_layernorm(__half *, const __half *, const __half *, const __half *, int, int)"
18097114,18118235,"k_gemv_fp16(__half *, const __half *, const __half *, const __half *, int, int)"
18120188,18121212,"k_gelu(__half *, unsigned long long)"
18122556,18145981,"k_gemv_fp16(__half *, const __half *, const __half *, const __half *, int, int)"
18147293,18148318,"k_add(__half *, const __half *, unsigned long long)"
18149726,18153086,"k_layernorm(__half *, const __half *, const __half *, const __half *, int, int)"
18155038,18171583,"k_gemv_fp16(__half *, const __half *, const __half *, const __half *, int, int)"
18172895,18173983,"k_kv_append(__half *, __half *, const __half *, int, int)"
18175359,18241220,"k_attn_decode(__half *, const __half *, const __half *, const __half *, int, int)"
18242692,18249700,"k_gemv_fp16(__half *, const __half *, const __half *, const __half *, int, int)"
18251589,18252581,"k_add(__half *, const __half *, unsigned long long)"
18253925,18257221,"k_layernorm(__half *, const __half *, const __half *, const __half *, int, int)"
18258565,18279687,"k_gemv_fp16(__half *, const __half *, const __half *, const __half *, int, int)"
18281031,18282087,"k_gelu(__half *, unsigned long long)"
18283975,18307369,"k_gemv_fp16(__half *, const __half *, const __half *, const __half *, int, int)"
18308841,18309833,"k_add(__half *, const __half *, unsigned long long)"
18311337,18314697,"k_layernorm(__half *, const __half *, const __half *, const __half *, int, int)"
18316041,18332458,"k_gemv_fp16(__half *, const __half *, const __half *, const __half *, int, int)"
18334474,18335594,"k_kv_append(__half *, __half *, const __half *, int, int)"
18336971,18402671,"k_attn_decode(__half *, const __half *, const __half *, const __half *, int, int)"
18404079,18411024,"k_gemv_fp16(__half *, const __half *, const __half *, const __half *, int, int)"
18412368,18413360,"k_add(__half *, const __half *, unsigned long long)"
18415344,18418672,"k_layernorm(__half *, const __half *, const __half *, const __half *, int, int)"
18420080,18441170,"k_gemv_fp16(__half *, const __half *, const __half *, const __half *, int, int)"
18442546,18443602,"k_gelu(__half *, unsigned long long)"
18445010,18468436,"k_gemv_fp16(__half *, const __half *, const __half *, const __half *, int, int)"
18470356,18471380,"k_add(__half *, const __half *, unsigned long long)"
18472724,18476052,"k_layernorm(__half *, const __half *, const __half *, const __half *, int, int)"
18477492,18494166,"k_gemv_fp16(__half *, const __half *, const __half *, const __half *, int, int)"
18495478,18496598,"k_kv_append(__half *, __half *, const __half *, int, int)"
18498454,18564250,"k_attn_decode(__half *, const __half *, const __half *, const __half *, int, int)"
18565658,18572635,"k_gemv_fp16(__half *, const __half *, const __half *, const __half *, int, int)"
18574171,18575163,"k_add(__half *, const __half *, unsigned long long)"
18576507,18579932,"k_layernorm(__half *, const __half *, const __half *, const __half *, int, int)"
18581852,18603005,"k_gemv_fp16(__half *, const __half *, const __half *, const __half *, int, int)"
18604413,18605469,"k_gelu(__half *, unsigned long long)"
18606909,18630303,"k_gemv_fp16(__half *, const __half *, const __half *, const __half *, int, int)"
18631647,18632671,"k_add(__half *, const __half *, unsigned long long)"
18634655,18637983,"k_layernorm(__half *, const __half *, const __half *, const __half *, int, int)"
18639392,18655905,"k_gemv_fp16(__half *, const __half *, const __half *, const __half *, int, int)"
18657313,18658433,"k_kv_append(__half *, __half *, const __half *, int, int)"
18659809,18725510,"k_attn_decode(__half *, const __half *, const __half *, const __half *, int, int)"
18727590,18734534,"k_gemv_fp16(__half *, const __half *, const __half *, const __half *, int, int)"
18735942,18736934,"k_add(__half *, const __half *, unsigned long long)"
18738279,18741703,"k_layernorm(__half *, const __half *, const __half *, const __half *, int, int)"
18743111,18764168,"k_gemv_fp16(__half *, const __half *, const __half *, const __half *, int, int)"
18766185,18767241,"k_gelu(__half *, unsigned long long)"
18768713,18792202,"k_gemv_fp16(__half *, const __half *, const __half *, const __half *, int, int)"
18793610,18794634,"k_add(__half *, const __half *, unsigned long long)"
18796011,18799339,"k_layernorm(__half *, const __half *, const __half *, const __half *, int, int)"
18801195,18817644,"k_gemv_fp16(__half *, const __half *, const __half *, const __half *, int, int)"
18818988,18820108,"k_kv_append(__half *, __half *, const __half *, int, int)"
18821516,18887377,"k_attn_decode(__half *, const __half *, const __half *, const __half *, int, int)"
18888881,18895857,"k_gemv_fp16(__half *, const __half *, const __half *, const __half *, int, int)"
18897778,18898770,"k_add(__half *, const __half *, unsigned long long)"
18900082,18903474,"k_layernorm(__half *, const __half *, const __half *, const __half *, int, int)"
18904914,18926004,"k_gemv_fp16(__half *, const __half *, const __half *, const __half *, int, int)"
18927860,18928916,"k_gelu(__half *, unsigned long long)"
18930932,18954390,"k_gemv_fp16(__half *, const __half *, const __half *, const __half *, int, int)"
18956214,18957238,"k_add(__half *, const __half *, unsigned long long)"
18958614,18961910,"k_layernorm(__half *, const __half *, const __half *, const __half *, int, int)"
18963318,18979767,"k_gemv_fp16(__half *, const __half *, const __half *, const __half *, int, int)"
18981591,18982711,"k_kv_append(__half *, __half *, const __half *, int, int)"
18984088,19049436,"k_attn_decode(__half *, const __half *, const __half *, const __half *, int, int)"
19050940,19057821,"k_gemv_fp16(__half *, const __half *, const __half *, const __half *, int, int)"
19059197,19060221,"k_add(__half *, const __half *, unsigned long long)"
19062141,19065469,"k_layernorm(__half *, const __half *, const __half *, const __half *, int, int)"
19066909,19087999,"k_gemv_fp16(__half *, const __half *, const __half *, const __half *, int, int)"
19089407,19090463,"k_gelu(__half *, unsigned long long)"
19091871,19115329,"k_gemv_fp16(__half *, const __half *, const __half *, const __half *, int, int)"
19117217,19118241,"k_add(__half *, const __half *, unsigned long long)"
19119521,19122881,"k_layernorm(__half *, const __half *, const __half *, const __half *, int, int)"
19124193,19436311,"k_gemv_fp16(__half *, const __half *, const __half *, const __half *, int, int)"
19460345,19461753,"k_embed_one(__half *, const __half *, const __half *, int, int)"
19466425,19469785,"k_layernorm(__half *, const __half *, const __half *, const __half *, int, int)"
19471706,19488443,"k_gemv_fp16(__half *, const __half *, const __half *, const __half *, int, int)"
19489819,19490939,"k_kv_append(__half *, __half *, const __half *, int, int)"
19492539,19558016,"k_attn_decode(__half *, const __half *, const __half *, const __half *, int, int)"
19560064,19567008,"k_gemv_fp16(__half *, const __half *, const __half *, const __half *, int, int)"
19568352,19569376,"k_add(__half *, const __half *, unsigned long long)"
19570656,19573984,"k_layernorm(__half *, const __half *, const __half *, const __half *, int, int)"
19575329,19596514,"k_gemv_fp16(__half *, const __half *, const __half *, const __half *, int, int)"
19656582,19657638,"k_gelu(__half *, unsigned long long)"
19659014,19682536,"k_gemv_fp16(__half *, const __half *, const __half *, const __half *, int, int)"
19683976,19684968,"k_add(__half *, const __half *, unsigned long long)"
19686408,19689737,"k_layernorm(__half *, const __half *, const __half *, const __half *, int, int)"
19691593,19708202,"k_gemv_fp16(__half *, const __half *, const __half *, const __half *, int, int)"
19709706,19710794,"k_kv_append(__half *, __half *, const __half *, int, int)"
19712266,19778095,"k_attn_decode(__half *, const __half *, const __half *, const __half *, int, int)"
19779535,19786575,"k_gemv_fp16(__half *, const __half *, const __half *, const __half *, int, int)"
19788528,19789519,"k_add(__half *, const __half *, unsigned long long)"
19791056,19794384,"k_layernorm(__half *, const __half *, const __half *, const __half *, int, int)"
19795760,19817042,"k_gemv_fp16(__half *, const __half *, const __half *, const __half *, int, int)"
19818418,19819442,"k_gelu(__half *, unsigned long long)"
19821458,19844979,"k_gemv_fp16(__half *, const __half *, const __half *, const __half *, int, int)"
19846451,19847476,"k_add(__half *, const __half *, unsigned long long)"
19849076,19852404,"k_layernorm(__half *, const __half *, const __half *, const __half *, int, int)"
19853876,19870421,"k_gemv_fp16(__half *, const __half *, const __half *, const __half *, int, int)"
19873237,19874357,"k_kv_append(__half *, __half *, const __half *, int, int)"
19875990,19941562,"k_attn_decode(__half *, const __half *, const __half *, const __half *, int, int)"
19946235,19953179,"k_gemv_fp16(__half *, const __half *, const __half *, const __half *, int, int)"
19978749,19979773,"k_add(__half *, const __half *, unsigned long long)"
19983325,19986653,"k_layernorm(__half *, const __half *, const __half *, const __half *, int, int)"
19988573,20009695,"k_gemv_fp16(__half *, const __half *, const __half *, const __half *, int, int)"
20011391,20012447,"k_gelu(__half *, unsigned long long)"
20059394,20082820,"k_gemv_fp16(__half *, const __half *, const __half *, const __half *, int, int)"
20085540,20086532,"k_add(__half *, const __half *, unsigned long long)"
20088196,20091525,"k_layernorm(__half *, const __half *, const __half *, const __half *, int, int)"
20093285,20109766,"k_gemv_fp16(__half *, const __half *, const __half *, const __half *, int, int)"
20111462,20112582,"k_kv_append(__half *, __half *, const __half *, int, int)"
20114790,20180299,"k_attn_decode(__half *, const __half *, const __half *, const __half *, int, int)"
20182187,20189131,"k_gemv_fp16(__half *, const __half *, const __half *, const __half *, int, int)"
20190923,20191916,"k_add(__half *, const __half *, unsigned long long)"
20193772,20197164,"k_layernorm(__half *, const __half *, const __half *, const __half *, int, int)"
20199692,20220782,"k_gemv_fp16(__half *, const __half *, const __half *, const __half *, int, int)"
20222478,20223534,"k_gelu(__half *, unsigned long long)"
20225358,20249007,"k_gemv_fp16(__half *, const __half *, const __half *, const __half *, int, int)"
20250768,20251760,"k_add(__half *, const __half *, unsigned long long)"
20254512,20257872,"k_layernorm(__half *, const __half *, const __half *, const __half *, int, int)"
20259632,20276177,"k_gemv_fp16(__half *, const __half *, const __half *, const __half *, int, int)"
20277906,20279026,"k_kv_append(__half *, __half *, const __half *, int, int)"
20280658,20346966,"k_attn_decode(__half *, const __half *, const __half *, const __half *, int, int)"
20349654,20356599,"k_gemv_fp16(__half *, const __half *, const __half *, const __half *, int, int)"
20358359,20359351,"k_add(__half *, const __half *, unsigned long long)"
20383225,20386553,"k_layernorm(__half *, const __half *, const __half *, const __half *, int, int)"
20388377,20409499,"k_gemv_fp16(__half *, const __half *, const __half *, const __half *, int, int)"
20412187,20413243,"k_gelu(__half *, unsigned long long)"
20414971,20438461,"k_gemv_fp16(__half *, const __half *, const __half *, const __half *, int, int)"
20451389,20452382,"k_add(__half *, const __half *, unsigned long long)"
20454686,20458078,"k_layernorm(__half *, const __half *, const __half *, const __half *, int, int)"
20460734,20477215,"k_gemv_fp16(__half *, const __half *, const __half *, const __half *, int, int)"
20478912,20480032,"k_kv_append(__half *, __half *, const __half *, int, int)"
20512770,20578694,"k_attn_decode(__half *, const __half *, const __half *, const __half *, int, int)"
20580518,20587463,"k_gemv_fp16(__half *, const __half *, const __half *, const __half *, int, int)"
20589895,20590919,"k_add(__half *, const __half *, unsigned long long)"
20592615,20595912,"k_layernorm(__half *, const __half *, const __half *, const __half *, int, int)"
20597544,20618697,"k_gemv_fp16(__half *, const __half *, const __half *, const __half *, int, int)"
20620457,20621481,"k_gelu(__half *, unsigned long long)"
20623914,20647243,"k_gemv_fp16(__half *, const __half *, const __half *, const __half *, int, int)"
20649451,20650443,"k_add(__half *, const __half *, unsigned long long)"
20652235,20655564,"k_layernorm(__half *, const __half *, const __half *, const __half *, int, int)"
20657420,20673933,"k_gemv_fp16(__half *, const __half *, const __half *, const __half *, int, int)"
20676365,20677453,"k_kv_append(__half *, __half *, const __half *, int, int)"
20679149,20744498,"k_attn_decode(__half *, const __half *, const __half *, const __half *, int, int)"
20746354,20753363,"k_gemv_fp16(__half *, const __half *, const __half *, const __half *, int, int)"
20755123,20756115,"k_add(__half *, const __half *, unsigned long long)"
20758739,20762099,"k_layernorm(__half *, const __half *, const __half *, const __half *, int, int)"
20763731,20784917,"k_gemv_fp16(__half *, const __half *, const __half *, const __half *, int, int)"
20786805,20787861,"k_gelu(__half *, unsigned long long)"
20789461,20813111,"k_gemv_fp16(__half *, const __half *, const __half *, const __half *, int, int)"
20815639,20816631,"k_add(__half *, const __half *, unsigned long long)"
20818359,20821719,"k_layernorm(__half *, const __half *, const __half *, const __half *, int, int)"
20823415,20839864,"k_gemv_fp16(__half *, const __half *, const __half *, const __half *, int, int)"
20841497,20842617,"k_kv_append(__half *, __half *, const __half *, int, int)"
20845081,20910941,"k_attn_decode(__half *, const __half *, const __half *, const __half *, int, int)"
20912830,20919838,"k_gemv_fp16(__half *, const __half *, const __half *, const __half *, int, int)"
20921566,20922558,"k_add(__half *, const __half *, unsigned long long)"
20924223,20927583,"k_layernorm(__half *, const __half *, const __half *, const __half *, int, int)"
20929983,20951136,"k_gemv_fp16(__half *, const __half *, const __half *, const __half *, int, int)"
20952992,20954016,"k_gelu(__half *, unsigned long long)"
20955744,20979106,"k_gemv_fp16(__half *, const __half *, const __half *, const __half *, int, int)"
20980866,20981858,"k_add(__half *, const __half *, unsigned long long)"
20984355,20987651,"k_layernorm(__half *, const __half *, const __half *, const __half *, int, int)"
20989379,21006052,"k_gemv_fp16(__half *, const __half *, const __half *, const __half *, int, int)"
21007908,21009028,"k_kv_append(__half *, __half *, const __half *, int, int)"
21010724,21076265,"k_attn_decode(__half *, const __half *, const __half *, const __half *, int, int)"
21078953,21085898,"k_gemv_fp16(__half *, const __half *, const __half *, const __half *, int, int)"
21087658,21088650,"k_add(__half *, const __half *, unsigned long long)"
21090474,21093770,"k_layernorm(__half *, const __half *, const __half *, const __half *, int, int)"
21095402,21116460,"k_gemv_fp16(__half *, const __half *, const __half *, const __half *, int, int)"
21119084,21120108,"k_gelu(__half *, unsigned long long)"
21121868,21145358,"k_gemv_fp16(__half *, const __half *, const __half *, const __half *, int, int)"
21147182,21148174,"k_add(__half *, const __half *, unsigned long long)"
21150190,21153550,"k_layernorm(__half *, const __half *, const __half *, const __half *, int, int)"
21156046,21172720,"k_gemv_fp16(__half *, const __half *, const __half *, const __half *, int, int)"
21174512,21175632,"k_kv_append(__half *, __half *, const __half *, int, int)"
21177360,21243412,"k_attn_decode(__half *, const __half *, const __half *, const __half *, int, int)"
21244917,21252021,"k_gemv_fp16(__half *, const __half *, const __half *, const __half *, int, int)"
21254037,21255061,"k_add(__half *, const __half *, unsigned long long)"
21256469,21259766,"k_layernorm(__half *, const __half *, const __half *, const __half *, int, int)"
21261398,21282455,"k_gemv_fp16(__half *, const __half *, const __half *, const __half *, int, int)"
21284023,21285079,"k_gelu(__half *, unsigned long long)"
21287256,21310713,"k_gemv_fp16(__half *, const __half *, const __half *, const __half *, int, int)"
21312313,21313337,"k_add(__half *, const __half *, unsigned long long)"
21314873,21318202,"k_layernorm(__half *, const __half *, const __half *, const __half *, int, int)"
21319738,21336411,"k_gemv_fp16(__half *, const __half *, const __half *, const __half *, int, int)"
21338459,21339579,"k_kv_append(__half *, __half *, const __half *, int, int)"
21341051,21406720,"k_attn_decode(__half *, const __half *, const __half *, const __half *, int, int)"
21408256,21415265,"k_gemv_fp16(__half *, const __half *, const __half *, const __half *, int, int)"
21416704,21417697,"k_add(__half *, const __half *, unsigned long long)"
21419681,21423041,"k_layernorm(__half *, const __half *, const __half *, const __half *, int, int)"
21424641,21445826,"k_gemv_fp16(__half *, const __half *, const __half *, const __half *, int, int)"
21447459,21448515,"k_gelu(__half *, unsigned long long)"
21449987,21473509,"k_gemv_fp16(__half *, const __half *, const __half *, const __half *, int, int)"
21475781,21476773,"k_add(__half *, const __half *, unsigned long long)"
21478245,21481605,"k_layernorm(__half *, const __half *, const __half *, const __half *, int, int)"
21483173,21499686,"k_gemv_fp16(__half *, const __half *, const __half *, const __half *, int, int)"
21501159,21502279,"k_kv_append(__half *, __half *, const __half *, int, int)"
21504327,21570283,"k_attn_decode(__half *, const __half *, const __half *, const __half *, int, int)"
21571915,21578892,"k_gemv_fp16(__half *, const __half *, const __half *, const __half *, int, int)"
21580396,21581420,"k_add(__half *, const __half *, unsigned long long)"
21582796,21586188,"k_layernorm(__half *, const __half *, const __half *, const __half *, int, int)"
21588269,21609390,"k_gemv_fp16(__half *, const __half *, const __half *, const __half *, int, int)"
21610926,21611982,"k_gelu(__half *, unsigned long long)"
21613518,21636912,"k_gemv_fp16(__half *, const __half *, const __half *, const __half *, int, int)"
21638672,21639664,"k_add(__half *, const __half *, unsigned long long)"
21641712,21645041,"k_layernorm(__half *, const __half *, const __half *, const __half *, int, int)"
21646801,21958950,"k_gemv_fp16(__half *, const __half *, const __half *, const __half *, int, int)"
22000521,22001929,"k_embed_one(__half *, const __half *, const __half *, int, int)"
22008074,22011530,"k_layernorm(__half *, const __half *, const __half *, const __half *, int, int)"
22016394,22032971,"k_gemv_fp16(__half *, const __half *, const __half *, const __half *, int, int)"
22034540,22035660,"k_kv_append(__half *, __half *, const __half *, int, int)"
22037164,22103472,"k_attn_decode(__half *, const __half *, const __half *, const __half *, int, int)"
22105233,22112177,"k_gemv_fp16(__half *, const __half *, const __half *, const __half *, int, int)"
22114449,22115473,"k_add(__half *, const __half *, unsigned long long)"
22117009,22120337,"k_layernorm(__half *, const __half *, const __half *, const __half *, int, int)"
22121777,22142995,"k_gemv_fp16(__half *, const __half *, const __half *, const __half *, int, int)"
22144563,22145587,"k_gelu(__half *, unsigned long long)"
22148083,22171669,"k_gemv_fp16(__half *, const __half *, const __half *, const __half *, int, int)"
22173205,22174229,"k_add(__half *, const __half *, unsigned long long)"
22175797,22179126,"k_layernorm(__half *, const __half *, const __half *, const __half *, int, int)"
22180662,22197207,"k_gemv_fp16(__half *, const __half *, const __half *, const __half *, int, int)"
22199511,22200599,"k_kv_append(__half *, __half *, const __half *, int, int)"
22202103,22268284,"k_attn_decode(__half *, const __half *, const __half *, const __half *, int, int)"
22269788,22276796,"k_gemv_fp16(__half *, const __half *, const __half *, const __half *, int, int)"
22278204,22279197,"k_add(__half *, const __half *, unsigned long long)"
22281117,22284477,"k_layernorm(__half *, const __half *, const __half *, const __half *, int, int)"
22285789,22307038,"k_gemv_fp16(__half *, const __half *, const __half *, const __half *, int, int)"
22308350,22309406,"k_gelu(__half *, unsigned long long)"
22310783,22334336,"k_gemv_fp16(__half *, const __half *, const __half *, const __half *, int, int)"
22336352,22337377,"k_add(__half *, const __half *, unsigned long long)"
22338849,22342177,"k_layernorm(__half *, const __half *, const __half *, const __half *, int, int)"
22343553,22360034,"k_gemv_fp16(__half *, const __half *, const __half *, const __half *, int, int)"
22361410,22362530,"k_kv_append(__half *, __half *, const __half *, int, int)"
22364418,22430407,"k_attn_decode(__half *, const __half *, const __half *, const __half *, int, int)"
22431911,22438888,"k_gemv_fp16(__half *, const __half *, const __half *, const __half *, int, int)"
22440328,22441320,"k_add(__half *, const __half *, unsigned long long)"
22442728,22446088,"k_layernorm(__half *, const __half *, const __half *, const __half *, int, int)"
22447944,22469066,"k_gemv_fp16(__half *, const __half *, const __half *, const __half *, int, int)"
22470378,22471402,"k_gelu(__half *, unsigned long long)"
22472746,22496075,"k_gemv_fp16(__half *, const __half *, const __half *, const __half *, int, int)"
22497452,22498444,"k_add(__half *, const __half *, unsigned long long)"
22500460,22503788,"k_layernorm(__half *, const __half *, const __half *, const __half *, int, int)"
22505164,22521741,"k_gemv_fp16(__half *, const __half *, const __half *, const __half *, int, int)"
22523181,22524270,"k_kv_append(__half *, __half *, const __half *, int, int)"
22525614,22591538,"k_attn_decode(__half *, const __half *, const __half *, const __half *, int, int)"
22593490,22600435,"k_gemv_fp16(__half *, const __half *, const __half *, const __half *, int, int)"
22601875,22602867,"k_add(__half *, const __half *, unsigned long long)"
22604275,22607635,"k_layernorm(__half *, const __half *, const __half *, const __half *, int, int)"
22608947,22630037,"k_gemv_fp16(__half *, const __half *, const __half *, const __half *, int, int)"
22631893,22632917,"k_gelu(__half *, unsigned long long)"
22634357,22658007,"k_gemv_fp16(__half *, const __half *, const __half *, const __half *, int, int)"
22659319,22660311,"k_add(__half *, const __half *, unsigned long long)"
22661719,22665047,"k_layernorm(__half *, const __half *, const __half *, const __half *, int, int)"
22666872,22683545,"k_gemv_fp16(__half *, const __half *, const __half *, const __half *, int, int)"
22684985,22686073,"k_kv_append(__half *, __half *, const __half *, int, int)"
22687513,22753501,"k_attn_decode(__half *, const __half *, const __half *, const __half *, int, int)"
22754973,22761950,"k_gemv_fp16(__half *, const __half *, const __half *, const __half *, int, int)"
22763870,22764862,"k_add(__half *, const __half *, unsigned long long)"
22766142,22769502,"k_layernorm(__half *, const __half *, const __half *, const __half *, int, int)"
22770879,22792096,"k_gemv_fp16(__half *, const __half *, const __half *, const __half *, int, int)"
22793504,22794560,"k_gelu(__half *, unsigned long long)"
22796480,22820066,"k_gemv_fp16(__half *, const __half *, const __half *, const __half *, int, int)"
22821570,22822562,"k_add(__half *, const __half *, unsigned long long)"
22823874,22827234,"k_layernorm(__half *, const __half *, const __half *, const __half *, int, int)"
22828547,22845028,"k_gemv_fp16(__half *, const __half *, const __half *, const __half *, int, int)"
22846852,22847972,"k_kv_append(__half *, __half *, const __half *, int, int)"
22849380,22915113,"k_attn_decode(__half *, const __half *, const __half *, const __half *, int, int)"
22916585,22923561,"k_gemv_fp16(__half *, const __half *, const __half *, const __half *, int, int)"
22924969,22925961,"k_add(__half *, const __half *, unsigned long long)"
22927817,22931146,"k_layernorm(__half *, const __half *, const __half *, const __half *, int, int)"
22932522,22953611,"k_gemv_fp16(__half *, const __half *, const __half *, const __half *, int, int)"
22954955,22956012,"k_gelu(__half *, unsigned long long)"
22957356,22980749,"k_gemv_fp16(__half *, const __half *, const __half *, const __half *, int, int)"
22982701,22983693,"k_add(__half *, const __half *, unsigned long long)"
22985070,22988430,"k_layernorm(__half *, const __half *, const __half *, const __half *, int, int)"
22989806,23006159,"k_gemv_fp16(__half *, const __half *, const __half *, const __half *, int, int)"
23007535,23008655,"k_kv_append(__half *, __half *, const __half *, int, int)"
23010671,23076436,"k_attn_decode(__half *, const __half *, const __half *, const __half *, int, int)"
23077876,23084916,"k_gemv_fp16(__half *, const __half *, const __half *, const __half *, int, int)"
23086261,23087253,"k_add(__half *, const __half *, unsigned long long)"
23088661,23092053,"k_layernorm(__half *, const __half *, const __half *, const __half *, int, int)"
23094165,23115383,"k_gemv_fp16(__half *, const __half *, const __half *, const __half *, int, int)"
23116791,23117847,"k_gelu(__half *, unsigned long long)"
23119383,23142840,"k_gemv_fp16(__half *, const __half *, const __half *, const __half *, int, int)"
23144281,23145305,"k_add(__half *, const __half *, unsigned long long)"
23147353,23150681,"k_layernorm(__half *, const __half *, const __half *, const __half *, int, int)"
23152057,23168570,"k_gemv_fp16(__half *, const __half *, const __half *, const __half *, int, int)"
23169978,23171098,"k_kv_append(__half *, __half *, const __half *, int, int)"
23172539,23238239,"k_attn_decode(__half *, const __half *, const __half *, const __half *, int, int)"
23240223,23247040,"k_gemv_fp16(__half *, const __half *, const __half *, const __half *, int, int)"
23248512,23249504,"k_add(__half *, const __half *, unsigned long long)"
23250976,23254272,"k_layernorm(__half *, const __half *, const __half *, const __half *, int, int)"
23255776,23276866,"k_gemv_fp16(__half *, const __half *, const __half *, const __half *, int, int)"
23279458,23280514,"k_gelu(__half *, unsigned long long)"
23282018,23305348,"k_gemv_fp16(__half *, const __half *, const __half *, const __half *, int, int)"
23306724,23307748,"k_add(__half *, const __half *, unsigned long long)"
23309092,23312420,"k_layernorm(__half *, const __half *, const __half *, const __half *, int, int)"
23314405,23330950,"k_gemv_fp16(__half *, const __half *, const __half *, const __half *, int, int)"
23332390,23333510,"k_kv_append(__half *, __half *, const __half *, int, int)"
23335078,23400458,"k_attn_decode(__half *, const __half *, const __half *, const __half *, int, int)"
23401867,23408939,"k_gemv_fp16(__half *, const __half *, const __half *, const __half *, int, int)"
23410891,23411915,"k_add(__half *, const __half *, unsigned long long)"
23413195,23416491,"k_layernorm(__half *, const __half *, const __half *, const __half *, int, int)"
23417868,23439053,"k_gemv_fp16(__half *, const __half *, const __half *, const __half *, int, int)"
23440397,23441453,"k_gelu(__half *, unsigned long long)"
23443373,23466831,"k_gemv_fp16(__half *, const __half *, const __half *, const __half *, int, int)"
23468399,23469391,"k_add(__half *, const __half *, unsigned long long)"
23470895,23474223,"k_layernorm(__half *, const __half *, const __half *, const __half *, int, int)"
23475696,23492177,"k_gemv_fp16(__half *, const __half *, const __half *, const __half *, int, int)"
23494225,23495345,"k_kv_append(__half *, __half *, const __half *, int, int)"
23496753,23562262,"k_attn_decode(__half *, const __half *, const __half *, const __half *, int, int)"
23563766,23570742,"k_gemv_fp16(__half *, const __half *, const __half *, const __half *, int, int)"
23572182,23573174,"k_add(__half *, const __half *, unsigned long long)"
23575159,23578487,"k_layernorm(__half *, const __half *, const __half *, const __half *, int, int)"
23579959,23601176,"k_gemv_fp16(__half *, const __half *, const __half *, const __half *, int, int)"
23602712,23603768,"k_gelu(__half *, unsigned long long)"
23605209,23628730,"k_gemv_fp16(__half *, const __half *, const __half *, const __half *, int, int)"
23630779,23631770,"k_add(__half *, const __half *, unsigned long long)"
23633243,23636571,"k_layernorm(__half *, const __half *, const __half *, const __half *, int, int)"
23638011,23654556,"k_gemv_fp16(__half *, const __half *, const __half *, const __half *, int, int)"
23656508,23657628,"k_kv_append(__half *, __half *, const __half *, int, int)"
23659836,23725825,"k_attn_decode(__half *, const __half *, const __half *, const __half *, int, int)"
23727297,23734242,"k_gemv_fp16(__half *, const __half *, const __half *, const __half *, int, int)"
23735906,23736898,"k_add(__half *, const __half *, unsigned long long)"
23738434,23741762,"k_layernorm(__half *, const __half *, const __half *, const __half *, int, int)"
23743938,23765060,"k_gemv_fp16(__half *, const __half *, const __half *, const __half *, int, int)"
23766564,23767620,"k_gelu(__half *, unsigned long long)"
23769060,23792422,"k_gemv_fp16(__half *, const __half *, const __half *, const __half *, int, int)"
23794374,23795398,"k_add(__half *, const __half *, unsigned long long)"
23797542,23800870,"k_layernorm(__half *, const __half *, const __half *, const __half *, int, int)"
23802342,23818887,"k_gemv_fp16(__half *, const __half *, const __half *, const __half *, int, int)"
23820359,23821480,"k_kv_append(__half *, __half *, const __half *, int, int)"
23822888,23888300,"k_attn_decode(__half *, const __half *, const __half *, const __half *, int, int)"
23890508,23897485,"k_gemv_fp16(__half *, const __half *, const __half *, const __half *, int, int)"
23899021,23900013,"k_add(__half *, const __half *, unsigned long long)"
23901421,23904845,"k_layernorm(__half *, const __half *, const __half *, const __half *, int, int)"
23906318,23927439,"k_gemv_fp16(__half *, const __half *, const __half *, const __half *, int, int)"
23929615,23930671,"k_gelu(__half *, unsigned long long)"
23932079,23955473,"k_gemv_fp16(__half *, const __half *, const __half *, const __half *, int, int)"
23956913,23957905,"k_add(__half *, const __half *, unsigned long long)"
23959313,23962673,"k_layernorm(__half *, const __half *, const __half *, const __half *, int, int)"
23964753,24276519,"k_gemv_fp16(__half *, const __half *, const __half *, const __half *, int, int)"
24305481,24306889,"k_embed_one(__half *, const __half *, const __half *, int, int)"
24310986,24314346,"k_layernorm(__half *, const __half *, const __half *, const __half *, int, int)"
24316714,24333483,"k_gemv_fp16(__half *, const __half *, const __half *, const __half *, int, int)"
24335883,24336971,"k_kv_append(__half *, __half *, const __half *, int, int)"
24338507,24403888,"k_attn_decode(__half *, const __half *, const __half *, const __half *, int, int)"
24405392,24412241,"k_gemv_fp16(__half *, const __half *, const __half *, const __half *, int, int)"
24413681,24414673,"k_add(__half *, const __half *, unsigned long long)"
24416785,24420113,"k_layernorm(__half *, const __half *, const __half *, const __half *, int, int)"
24421521,24442771,"k_gemv_fp16(__half *, const __half *, const __half *, const __half *, int, int)"
24462292,24463316,"k_gelu(__half *, unsigned long long)"
24464852,24488406,"k_gemv_fp16(__half *, const __half *, const __half *, const __half *, int, int)"
24490774,24491766,"k_add(__half *, const __half *, unsigned long long)"
24493206,24496535,"k_layernorm(__half *, const __half *, const __half *, const __half *, int, int)"
24497943,24514488,"k_gemv_fp16(__half *, const __half *, const __half *, const __half *, int, int)"
24516056,24517144,"k_kv_append(__half *, __half *, const __half *, int, int)"
24519160,24584893,"k_attn_decode(__half *, const __half *, const __half *, const __half *, int, int)"
24586493,24593565,"k_gemv_fp16(__half *, const __half *, const __half *, const __half *, int, int)"
24595005,24595998,"k_add(__half *, const __half *, unsigned long long)"
24597310,24600670,"k_layernorm(__half *, const __half *, const __half *, const __half *, int, int)"
24602718,24623967,"k_gemv_fp16(__half *, const __half *, const __half *, const __half *, int, int)"
24625407,24626463,"k_gelu(__half *, unsigned long long)"
24627904,24651329,"k_gemv_fp16(__half *, const __half *, const __half *, const __half *, int, int)"
24652705,24653730,"k_add(__half *, const __half *, unsigned long long)"
24655746,24659074,"k_layernorm(__half *, const __half *, const __half *, const __half *, int, int)"
24660546,24677379,"k_gemv_fp16(__half *, const __half *, const __half *, const __half *, int, int)"
24678819,24679939,"k_kv_append(__half *, __half *, const __half *, int, int)"
24681379,24746952,"k_attn_decode(__half *, const __half *, const __half *, const __half *, int, int)"
24748872,24755817,"k_gemv_fp16(__half *, const __half *, const __half *, const __half *, int, int)"
24757257,24758281,"k_add(__half *, const __half *, unsigned long long)"
24759625,24762953,"k_layernorm(__half *, const __half *, const __half *, const __half *, int, int)"
24764297,24785547,"k_gemv_fp16(__half *, const __half *, const __half *, const __half *, int, int)"
24787595,24788619,"k_gelu(__half *, unsigned long long)"
24789931,24813421,"k_gemv_fp16(__half *, const __half *, const __half *, const __half *, int, int)"
24814829,24815853,"k_add(__half *, const __half *, unsigned long long)"
24817229,24820557,"k_layernorm(__half *, const __half *, const __half *, const __half *, int, int)"
24822477,24839214,"k_gemv_fp16(__half *, const __half *, const __half *, const __half *, int, int)"
24840526,24841646,"k_kv_append(__half *, __half *, const __half *, int, int)"
24843055,24908563,"k_attn_decode(__half *, const __half *, const __half *, const __half *, int, int)"
24909939,24916884,"k_gemv_fp16(__half *, const __half *, const __half *, const __half *, int, int)"
24918964,24919988,"k_add(__half *, const __half *, unsigned long long)"
24921332,24924692,"k_layernorm(__half *, const __half *, const __half *, const __half *, int, int)"
24926100,24947222,"k_gemv_fp16(__half *, const __half *, const __half *, const __half *, int, int)"
24948630,24949686,"k_gelu(__half *, unsigned long long)"
24951606,24975096,"k_gemv_fp16(__half *, const __half *, const __half *, const __half *, int, int)"
24976568,24977560,"k_add(__half *, const __half *, unsigned long long)"
24978936,24982264,"k_layernorm(__half *, const __half *, const __half *, const __half *, int, int)"
24983704,25000026,"k_gemv_fp16(__half *, const __half *, const __half *, const __half *, int, int)"
25001914,25003034,"k_kv_append(__half *, __half *, const __half *, int, int)"
25004378,25069950,"k_attn_decode(__half *, const __half *, const __half *, const __half *, int, int)"
25071422,25078399,"k_gemv_fp16(__half *, const __half *, const __half *, const __half *, int, int)"
25079711,25080703,"k_add(__half *, const __half *, unsigned long long)"
25082655,25085984,"k_layernorm(__half *, const __half *, const __half *, const __half *, int, int)"
25087392,25108609,"k_gemv_fp16(__half *, const __half *, const __half *, const __half *, int, int)"
25110081,25111105,"k_gelu(__half *, unsigned long long)"
25112609,25136003,"k_gemv_fp16(__half *, const __half *, const __half *, const __half *, int, int)"
25137955,25138979,"k_add(__half *, const __half *, unsigned long long)"
25140419,25143747,"k_layernorm(__half *, const __half *, const __half *, const __half *, int, int)"
25145092,25161733,"k_gemv_fp16(__half *, const __half *, const __half *, const __half *, int, int)"
25163173,25164261,"k_kv_append(__half *, __half *, const __half *, int, int)"
25166277,25232202,"k_attn_decode(__half *, const __half *, const __half *, const __half *, int, int)"
25233642,25240522,"k_gemv_fp16(__half *, const __half *, const __half *, const __half *, int, int)"
25241866,25242890,"k_add(__half *, const __half *, unsigned long long)"
25244202,25247595,"k_layernorm(__half *, const __half *, const __half *, const __half *, int, int)"
25249579,25270668,"k_gemv_fp16(__half *, const __half *, const __half *, const __half *, int, int)"
25272140,25273196,"k_gelu(__half *, unsigned long long)"
25274765,25298158,"k_gemv_fp16(__half *, const __half *, const __half *, const __half *, int, int)"
25299502,25300494,"k_add(__half *, const __half *, unsigned long long)"
25302510,25305871,"k_layernorm(__half *, const __half *, const __half *, const __half *, int, int)"
25307247,25323760,"k_gemv_fp16(__half *, const __half *, const __half *, const __half *, int, int)"
25325296,25326416,"k_kv_append(__half *, __half *, const __half *, int, int)"
25327728,25393397,"k_attn_decode(__half *, const __half *, const __half *, const __half *, int, int)"
25395861,25402837,"k_gemv_fp16(__half *, const __half *, const __half *, const __half *, int, int)"
25404245,25405270,"k_add(__half *, const __half *, unsigned long long)"
25406582,25409878,"k_layernorm(__half *, const __half *, const __half *, const __half *, int, int)"
25411318,25432407,"k_gemv_fp16(__half *, const __half *, const __half *, const __half *, int, int)"
25434328,25435384,"k_gelu(__half *, unsigned long long)"
25436696,25460121,"k_gemv_fp16(__half *, const __half *, const __half *, const __half *, int, int)"
25461529,25462522,"k_add(__half *, const __half *, unsigned long long)"
25463962,25467290,"k_layernorm(__half *, const __half *, const __half *, const __half *, int, int)"
25469146,25485627,"k_gemv_fp16(__half *, const __half *, const __half *, const __half *, int, int)"
25487003,25488123,"k_kv_append(__half *, __half *, const __half *, int, int)"
25489531,25555328,"k_attn_decode(__half *, const __half *, const __half *, const __half *, int, int)"
25556832,25563777,"k_gemv_fp16(__half *, const __half *, const __half *, const __half *, int, int)"
25565697,25566689,"k_add(__half *, const __half *, unsigned long long)"
25568001,25571329,"k_layernorm(__half *, const __half *, const __half *, const __half *, int, int)"
25572737,25593859,"k_gemv_fp16(__half *, const __half *, const __half *, const __half *, int, int)"
25656423,25657447,"k_gelu(__half *, unsigned long long)"
25659623,25683049,"k_gemv_fp16(__half *, const __half *, const __half *, const __half *, int, int)"
25684617,25685609,"k_add(__half *, const __half *, unsigned long long)"
25687401,25690729,"k_layernorm(__half *, const __half *, const __half *, const __half *, int, int)"
25692074,25708555,"k_gemv_fp16(__half *, const __half *, const __half *, const __half *, int, int)"
25742349,25743469,"k_kv_append(__half *, __half *, const __half *, int, int)"
25745101,25810930,"k_attn_decode(__half *, const __half *, const __half *, const __half *, int, int)"
25813042,25820018,"k_gemv_fp16(__half *, const __half *, const __half *, const __half *, int, int)"
25821554,25822547,"k_add(__half *, const __half *, unsigned long long)"
25824595,25827923,"k_layernorm(__half *, const __half *, const __half *, const __half *, int, int)"
25829331,25850420,"k_gemv_fp16(__half *, const __half *, const __half *, const __half *, int, int)"
25851797,25852853,"k_gelu(__half *, unsigned long long)"
25854261,25877591,"k_gemv_fp16(__half *, const __half *, const __half *, const __half *, int, int)"
25879447,25880471,"k_add(__half *, const __half *, unsigned long long)"
25881879,25885207,"k_layernorm(__half *, const __half *, const __half *, const __half *, int, int)"
25886551,25903032,"k_gemv_fp16(__half *, const __half *, const __half *, const __half *, int, int)"
25904376,25905496,"k_kv_append(__half *, __half *, const __half *, int, int)"
25907448,25973309,"k_attn_decode(__half *, const __half *, const __half *, const __half *, int, int)"
25974749,25981694,"k_gemv_fp16(__half *, const __half *, const __half *, const __half *, int, int)"
25983326,25984318,"k_add(__half *, const __half *, unsigned long long)"
25985694,25989022,"k_layernorm(__half *, const __half *, const __half *, const __half *, int, int)"
25991102,26012192,"k_gemv_fp16(__half *, const __half *, const __half *, const __half *, int, int)"
26013632,26014688,"k_gelu(__half *, unsigned long long)"
26016224,26039650,"k_gemv_fp16(__half *, const __half *, const __half *, const __half *, int, int)"
26041026,26042050,"k_add(__half *, const __half *, unsigned long long)"
26044066,26047394,"k_layernorm(__half *, const __half *, const __half *, const __half *, int, int)"
26048898,26065380,"k_gemv_fp16(__half *, const __half *, const __half *, const __half *, int, int)"
26066852,26067972,"k_kv_append(__half *, __half *, const __half *, int, int)"
26069380,26135048,"k_attn_decode(__half *, const __half *, const __half *, const __half *, int, int)"
26137256,26144265,"k_gemv_fp16(__half *, const __half *, const __half *, const __half *, int, int)"
26145673,26146665,"k_add(__half *, const __half *, unsigned long long)"
26148009,26151337,"k_layernorm(__half *, const __half *, const __half *, const __half *, int, int)"
26152713,26173803,"k_gemv_fp16(__half *, const __half *, const __half *, const __half *, int, int)"
26176107,26177131,"k_gelu(__half *, unsigned long long)"
26178571,26201965,"k_gemv_fp16(__half *, const __half *, const __half *, const __half *, int, int)"
26203437,26204429,"k_add(__half *, const __half *, unsigned long long)"
26205773,26209133,"k_layernorm(__half *, const __half *, const __half *, const __half *, int, int)"
26211086,26227631,"k_gemv_fp16(__half *, const __half *, const __half *, const __half *, int, int)"
26229071,26230191,"k_kv_append(__half *, __half *, const __half *, int, int)"
26231567,26297620,"k_attn_decode(__half *, const __half *, const __half *, const __half *, int, int)"
26298996,26305972,"k_gemv_fp16(__half *, const __half *, const __half *, const __half *, int, int)"
26307796,26308821,"k_add(__half *, const __half *, unsigned long long)"
26310133,26313461,"k_layernorm(__half *, const __half *, const __half *, const __half *, int, int)"
26314773,26335894,"k_gemv_fp16(__half *, const __half *, const __half *, const __half *, int, int)"
26337430,26338455,"k_gelu(__half *, unsigned long long)"
26340439,26363832,"k_gemv_fp16(__half *, const __half *, const __half *, const __half *, int, int)"
26365144,26366168,"k_add(__half *, const __half *, unsigned long long)"
26367640,26370969,"k_layernorm(__half *, const __half *, const __half *, const __half *, int, int)"
26372345,26684078,"k_gemv_fp16(__half *, const __half *, const __half *, const __half *, int, int)"
26749203,26750611,"k_embed_one(__half *, const __half *, const __half *, int, int)"
26756627,26759988,"k_layernorm(__half *, const __half *, const __half *, const __half *, int, int)"
26762708,26779317,"k_gemv_fp16(__half *, const __half *, const __half *, const __half *, int, int)"
26810231,26811319,"k_kv_append(__half *, __half *, const __half *, int, int)"
26819992,26885597,"k_attn_decode(__half *, const __half *, const __half *, const __half *, int, int)"
26887005,26893981,"k_gemv_fp16(__half *, const __half *, const __half *, const __half *, int, int)"
26895453,26896477,"k_add(__half *, const __half *, unsigned long long)"
26898269,26901598,"k_layernorm(__half *, const __half *, const __half *, const __half *, int, int)"
26903518,26924767,"k_gemv_fp16(__half *, const __half *, const __half *, const __half *, int, int)"
26926175,26927231,"k_gelu(__half *, unsigned long long)"
26928639,26952225,"k_gemv_fp16(__half *, const __half *, const __half *, const __half *, int, int)"
26953697,26954689,"k_add(__half *, const __half *, unsigned long long)"
26956609,26959938,"k_layernorm(__half *, const __half *, const __half *, const __half *, int, int)"
26961346,26977891,"k_gemv_fp16(__half *, const __half *, const __half *, const __half *, int, int)"
26979427,26980515,"k_kv_append(__half *, __half *, const __half *, int, int)"
26981827,27047464,"k_attn_decode(__half *, const __half *, const __half *, const __half *, int, int)"
27049448,27056488,"k_gemv_fp16(__half *, const __half *, const __half *, const __half *, int, int)"
27057897,27058888,"k_add(__half *, const __half *, unsigned long long)"
27060552,27063881,"k_layernorm(__half *, const __half *, const __half *, const __half *, int, int)"
27065321,27086538,"k_gemv_fp16(__half *, const __half *, const __half *, const __half *, int, int)"
27089227,27090251,"k_gelu(__half *, unsigned long long)"
27091819,27115373,"k_gemv_fp16(__half *, const __half *, const __half *, const __half *, int, int)"
27116909,27117901,"k_add(__half *, const __half *, unsigned long long)"
27119373,27122733,"k_layernorm(__half *, const __half *, const __half *, const __half *, int, int)"
27125133,27141870,"k_gemv_fp16(__half *, const __half *, const __half *, const __half *, int, int)"
27143342,27144430,"k_kv_append(__half *, __half *, const __half *, int, int)"
27145934,27211475,"k_attn_decode(__half *, const __half *, const __half *, const __half *, int, int)"
27213043,27219988,"k_gemv_fp16(__half *, const __half *, const __half *, const __half *, int, int)"
27222324,27223348,"k_add(__half *, const __half *, unsigned long long)"
27224948,27228276,"k_layernorm(__half *, const __half *, const __half *, const __half *, int, int)"
27229972,27251222,"k_gemv_fp16(__half *, const __half *, const __half *, const __half *, int, int)"
27252854,27253910,"k_gelu(__half *, unsigned long long)"
27256086,27279576,"k_gemv_fp16(__half *, const __half *, const __half *, const __half *, int, int)"
27281080,27282072,"k_add(__half *, const __half *, unsigned long long)"
27283480,27286808,"k_layernorm(__half *, const __half *, const __half *, const __half *, int, int)"
27288248,27304826,"k_gemv_fp16(__half *, const __half *, const __half *, const __half *, int, int)"
27307034,27308122,"k_kv_append(__half *, __half *, const __half *, int, int)"
27309786,27375198,"k_attn_decode(__half *, const __half *, const __half *, const __half *, int, int)"
27376767,27383743,"k_gemv_fp16(__half *, const __half *, const __half *, const __half *, int, int)"
27385247,27386271,"k_add(__half *, const __half *, unsigned long long)"
27388351,27391680,"k_layernorm(__half *, const __half *, const __half *, const __half *, int, int)"
27393088,27414209,"k_gemv_fp16(__half *, const __half *, const __half *, const __half *, int, int)"
27415745,27416801,"k_gelu(__half *, unsigned long long)"
27418241,27441795,"k_gemv_fp16(__half *, const __half *, const __half *, const __half *, int, int)"
27444099,27445123,"k_add(__half *, const __half *, unsigned long long)"
27446627,27449956,"k_layernorm(__half *, const __half *, const __half *, const __half *, int, int)"
27451396,27467941,"k_gemv_fp16(__half *, const __half *, const __half *, const __half *, int, int)"
27469637,27470757,"k_kv_append(__half *, __half *, const __half *, int, int)"
27473093,27539210,"k_attn_decode(__half *, const __half *, const __half *, const __half *, int, int)"
27540650,27547594,"k_gemv_fp16(__half *, const __half *, const __half *, const __half *, int, int)"
27549162,27550155,"k_add(__half *, const __half *, unsigned long long)"
27551563,27554891,"k_layernorm(__half *, const __half *, const __half *, const __half *, int, int)"
27557035,27578093,"k_gemv_fp16(__half *, const __half *, const __half *, const __half *, int, int)"
27579565,27580621,"k_gelu(__half *, unsigned long long)"
27582253,27605615,"k_gemv_fp16(__half *, const __half *, const __half *, const __half *, int, int)"
27607150,27608175,"k_add(__half *, const __half *, unsigned long long)"
27610223,27613551,"k_layernorm(__half *, const __half *, const __half *, const __half *, int, int)"
27615087,27631536,"k_gemv_fp16(__half *, const __half *, const __half *, const __half *, int, int)"
27633040,27634160,"k_kv_append(__half *, __half *, const __half *, int, int)"
27635601,27701525,"k_attn_decode(__half *, const __half *, const __half *, const __half *, int, int)"
27703861,27710838,"k_gemv_fp16(__half *, const __half *, const __half *, const __half *, int, int)"
27712246,27713270,"k_add(__half *, const __half *, unsigned long long)"
27714582,27717878,"k_layernorm(__half *, const __half *, const __half *, const __half *, int, int)"
27719350,27740504,"k_gemv_fp16(__half *, const __half *, const __half *, const __half *, int, int)"
27742744,27743800,"k_gelu(__half *, unsigned long long)"
27745240,27768634,"k_gemv_fp16(__half *, const __half *, const __half *, const __half *, int, int)"
27770138,27771162,"k_add(__half *, const __half *, unsigned long long)"
27772634,27775994,"k_layernorm(__half *, const __half *, const __half *, const __half *, int, int)"
27778203,27794652,"k_gemv_fp16(__half *, const __half *, const __half *, const __half *, int, int)"
27796764,27797884,"k_kv_append(__half *, __half *, const __half *, int, int)"
27799516,27865409,"k_attn_decode(__half *, const __half *, const __half *, const __half *, int, int)"
27866881,27873889,"k_gemv_fp16(__half *, const __half *, const __half *, const __half *, int, int)"
27876577,27877601,"k_add(__half *, const __half *, unsigned long long)"
27878978,27882274,"k_layernorm(__half *, const __half *, const __half *, const __half *, int, int)"
27883810,27904931,"k_gemv_fp16(__half *, const __half *, const __half *, const __half *, int, int)"
27906532,27907588,"k_gelu(__half *, unsigned long long)"
27909924,27933349,"k_gemv_fp16(__half *, const __half *, const __half *, const __half *, int, int)"
27934885,27935909,"k_add(__half *, const __half *, unsigned long long)"
27937478,27940806,"k_layernorm(__half *, const __half *, const __half *, const __half *, int, int)"
27942310,27958983,"k_gemv_fp16(__half *, const __half *, const __half *, const __half *, int, int)"
27961063,27962183,"k_kv_append(__half *, __half *, const __half *, int, int)"
27963623,28029100,"k_attn_decode(__half *, const __half *, const __half *, const __half *, int, int)"
28030668,28037645,"k_gemv_fp16(__half *, const __half *, const __half *, const __half *, int, int)"
28039277,28040301,"k_add(__half *, const __half *, unsigned long long)"
28041613,28044941,"k_layernorm(__half *, const __half *, const __half *, const __half *, int, int)"
28046349,28067406,"k_gemv_fp16(__half *, const __half *, const __half *, const __half *, int, int)"
28068847,28069903,"k_gelu(__half *, unsigned long long)"
28071439,28094769,"k_gemv_fp16(__half *, const __half *, const __half *, const __half *, int, int)"
28097105,28098129,"k_add(__half *, const __half *, unsigned long long)"
28099569,28102897,"k_layernorm(__half *, const __half *, const __half *, const __half *, int, int)"
28104369,28120818,"k_gemv_fp16(__half *, const __half *, const __half *, const __half *, int, int)"
28122226,28123346,"k_kv_append(__half *, __half *, const __half *, int, int)"
28125490,28191735,"k_attn_decode(__half *, const __half *, const __half *, const __half *, int, int)"
28193303,28200376,"k_gemv_fp16(__half *, const __half *, const __half *, const __half *, int, int)"
28201912,28202904,"k_add(__half *, const __half *, unsigned long long)"
28204248,28207640,"k_layernorm(__half *, const __half *, const __half *, const __half *, int, int)"
28209720,28230778,"k_gemv_fp16(__half *, const __half *, const __half *, const __half *, int, int)"
28232314,28233338,"k_gelu(__half *, unsigned long long)"
28234810,28258204,"k_gemv_fp16(__half *, const __half *, const __half *, const __half *, int, int)"
28259708,28260700,"k_add(__half *, const __half *, unsigned long long)"
28262748,28266076,"k_layernorm(__half *, const __half *, const __half *, const __half *, int, int)"
28267612,28284094,"k_gemv_fp16(__half *, const __half *, const __half *, const __half *, int, int)"
28285566,28286686,"k_kv_append(__half *, __half *, const __half *, int, int)"
28288094,28353923,"k_attn_decode(__half *, const __half *, const __half *, const __half *, int, int)"
28356163,28363107,"k_gemv_fp16(__half *, const __half *, const __half *, const __half *, int, int)"
28364675,28365667,"k_add(__half *, const __half *, unsigned long long)"
28367139,28370436,"k_layernorm(__half *, const __half *, const __half *, const __half *, int, int)"
28371972,28393285,"k_gemv_fp16(__half *, const __half *, const __half *, const __half *, int, int)"
28395461,28396485,"k_gelu(__half *, unsigned long long)"
28398022,28421511,"k_gemv_fp16(__half *, const __half *, const __half *, const __half *, int, int)"
28423047,28424039,"k_add(__half *, const __half *, unsigned long long)"
28425480,28428872,"k_layernorm(__half *, const __half *, const __half *, const __half *, int, int)"
28430920,28447305,"k_gemv_fp16(__half *, const __half *, const __half *, const __half *, int, int)"
28448809,28449929,"k_kv_append(__half *, __half *, const __half *, int, int)"
28451369,28516750,"k_attn_decode(__half *, const __half *, const __half *, const __half *, int, int)"
28518350,28525326,"k_gemv_fp16(__half *, const __half *, const __half *, const __half *, int, int)"
28527694,28528687,"k_add(__half *, const __half *, unsigned long long)"
28530063,28533391,"k_layernorm(__half *, const __half *, const __half *, const __half *, int, int)"
28534799,28555985,"k_gemv_fp16(__half *, const __half *, const __half *, const __half *, int, int)"
28557521,28558577,"k_gelu(__half *, unsigned long long)"
28560753,28584114,"k_gemv_fp16(__half *, const __half *, const __half *, const __half *, int, int)"
28585523,28586547,"k_add(__half *, const __half *, unsigned long long)"
28588147,28591571,"k_layernorm(__half *, const __half *, const __half *, const __half *, int, int)"
28593107,28609588,"k_gemv_fp16(__half *, const __half *, const __half *, const __half *, int, int)"
28611764,28612852,"k_kv_append(__half *, __half *, const __half *, int, int)"
28614389,28680089,"k_attn_decode(__half *, const __half *, const __half *, const __half *, int, int)"
28681625,28688506,"k_gemv_fp16(__half *, const __half *, const __half *, const __half *, int, int)"
28791553,28792545,"k_add(__half *, const __half *, unsigned long long)"
28794305,28797665,"k_layernorm(__half *, const __half *, const __half *, const __half *, int, int)"
28799233,28820355,"k_gemv_fp16(__half *, const __half *, const __half *, const __half *, int, int)"
28858053,28859078,"k_gelu(__half *, unsigned long long)"
28860582,28884007,"k_gemv_fp16(__half *, const __half *, const __half *, const __half *, int, int)"
28886151,28887144,"k_add(__half *, const __half *, unsigned long long)"
28923978,28927402,"k_layernorm(__half *, const __half *, const __half *, const __half *, int, int)"
28928874,29240448,"k_gemv_fp16(__half *, const __half *, const __half *, const __half *, int, int)"
29279715,29281155,"k_embed_one(__half *, const __half *, const __half *, int, int)"
29289219,29292644,"k_layernorm(__half *, const __half *, const __half *, const __half *, int, int)"
29294820,29311685,"k_gemv_fp16(__half *, const __half *, const __half *, const __half *, int, int)"
29313253,29314341,"k_kv_append(__half *, __half *, const __half *, int, int)"
29315813,29381866,"k_attn_decode(__half *, const __half *, const __half *, const __half *, int, int)"
29384074,29391018,"k_gemv_fp16(__half *, const __half *, const __half *, const __half *, int, int)"
29392587,29393611,"k_add(__half *, const __half *, unsigned long long)"
29394987,29398347,"k_layernorm(__half *, const __half *, const __half *, const __half *, int, int)"
29399787,29420941,"k_gemv_fp16(__half *, const __half *, const __half *, const __half *, int, int)"
29422957,29424013,"k_gelu(__half *, unsigned long long)"
29425485,29448974,"k_gemv_fp16(__half *, const __half *, const __half *, const __half *, int, int)"
29450479,29451503,"k_add(__half *, const __half *, unsigned long long)"
29453039,29456367,"k_layernorm(__half *, const __half *, const __half *, const __half *, int, int)"
29458479,29475024,"k_gemv_fp16(__half *, const __half *, const __half *, const __half *, int, int)"
29476432,29477553,"k_kv_append(__half *, __half *, const __half *, int, int)"
29479089,29544821,"k_attn_decode(__half *, const __half *, const __half *, const __half *, int, int)"
29546357,29553430,"k_gemv_fp16(__half *, const __half *, const __half *, const __half *, int, int)"
29555542,29556534,"k_add(__half *, const __half *, unsigned long long)"
29557910,29561238,"k_layernorm(__half *, const __half *, const __half *, const __half *, int, int)"
29562774,29583960,"k_gemv_fp16(__half *, const __half *, const __half *, const __half *, int, int)"
29585528,29586552,"k_gelu(__half *, unsigned long long)"
29588632,29612186,"k_gemv_fp16(__half *, const __half *, const __half *, const __half *, int, int)"
29613658,29614650,"k_add(__half *, const __half *, unsigned long long)"
29616122,29619482,"k_layernorm(__half *, const __half *, const __half *, const __half *, int, int)"
29620986,29637468,"k_gemv_fp16(__half *, const __half *, const __half *, const __half *, int, int)"
29639548,29640668,"k_kv_append(__half *, __half *, const __half *, int, int)"
29642076,29708256,"k_attn_decode(__half *, const __half *, const __half *, const __half *, int, int)"
29709793,29716769,"k_gemv_fp16(__half *, const __half *, const __half *, const __half *, int, int)"
29718241,29719265,"k_add(__half *, const __half *, unsigned long long)"
29721441,29724802,"k_layernorm(__half *, const __half *, const __half *, const __half *, int, int)"
29726370,29747523,"k_gemv_fp16(__half *, const __half *, const __half *, const __half *, int, int)"
29749443,29750468,"k_gelu(__half *, unsigned long long)"
29752067,29775525,"k_gemv_fp16(__half *, const __half *, const __half *, const __half *, int, int)"
29777669,29778693,"k_add(__half *, const __half *, unsigned long long)"
29780133,29783494,"k_layernorm(__half *, const __half *, const __half *, const __half *, int, int)"
29784902,29801447,"k_gemv_fp16(__half *, const __half *, const __half *, const __half *, int, int)"
29802919,29804007,"k_kv_append(__half *, __half *, const __half *, int, int)"
29806119,29871852,"k_attn_decode(__half *, const __half *, const __half *, const __half *, int, int)"
29873356,29880300,"k_gemv_fp16(__half *, const __half *, const __half *, const __half *, int, int)"
29881741,29882765,"k_add(__half *, const __half *, unsigned long long)"
29884237,29887565,"k_layernorm(__half *, const __half *, const __half *, const __half *, int, int)"
29889709,29910831,"k_gemv_fp16(__half *, const __half *, const __half *, const __half *, int, int)"
29912943,29913999,"k_gelu(__half *, unsigned long long)"
29915471,29938896,"k_gemv_fp16(__half *, const __half *, const __half *, const __half *, int, int)"
29940465,29941489,"k_add(__half *, const __half *, unsigned long long)"
29943569,29946961,"k_layernorm(__half *, const __half *, const __half *, const __half *, int, int)"
29948465,29965042,"k_gemv_fp16(__half *, const __half *, const __half *, const __half *, int, int)"
29966611,29967731,"k_kv_append(__half *, __half *, const __half *, int, int)"
29969235,30034967,"k_attn_decode(__half *, const __half *, const __half *, const __half *, int, int)"
30037079,30044056,"k_gemv_fp16(__half *, const __half *, const __half *, const __half *, int, int)"
30045464,30046456,"k_add(__half *, const __half *, unsigned long long)"
30047864,30051192,"k_layernorm(__half *, const __half *, const __half *, const __half *, int, int)"
30052632,30073850,"k_gemv_fp16(__half *, const __half *, const __half *, const __half *, int, int)"
30076410,30077434,"k_gelu(__half *, unsigned long long)"
30078970,30102460,"k_gemv_fp16(__half *, const __half *, const __half *, const __half *, int, int)"
30103964,30104988,"k_add(__half *, const __half *, unsigned long long)"
30106460,30109852,"k_layernorm(__half *, const __half *, const __half *, const __half *, int, int)"
30111996,30128510,"k_gemv_fp16(__half *, const __half *, const __half *, const __half *, int, int)"
30129886,30131006,"k_kv_append(__half *, __half *, const __half *, int, int)"
30132414,30198307,"k_attn_decode(__half *, const __half *, const __half *, const __half *, int, int)"
30199843,30206851,"k_gemv_fp16(__half *, const __half *, const __half *, const __half *, int, int)"
30208867,30209891,"k_add(__half *, const __half *, unsigned long long)"
30211267,30214596,"k_layernorm(__half *, const __half *, const __half *, const __half *, int, int)"
30216132,30237221,"k_gemv_fp16(__half *, const __half *, const __half *, const __half *, int, int)"
30238757,30239813,"k_gelu(__half *, unsigned long long)"
30241990,30265351,"k_gemv_fp16(__half *, const __half *, const __half *, const __half *, int, int)"
30266887,30267879,"k_add(__half *, const __half *, unsigned long long)"
30269383,30272744,"k_layernorm(__half *, const __half *, const __half *, const __half *, int, int)"
30274152,30290601,"k_gemv_fp16(__half *, const __half *, const __half *, const __half *, int, int)"
30292649,30293737,"k_kv_append(__half *, __half *, const __half *, int, int)"
30295209,30361102,"k_attn_decode(__half *, const __half *, const __half *, const __half *, int, int)"
30362670,30369710,"k_gemv_fp16(__half *, const __half *, const __half *, const __half *, int, int)"
30371119,30372111,"k_add(__half *, const __half *, unsigned long long)"
30374159,30377455,"k_layernorm(__half *, const __half *, const __half *, const __half *, int, int)"
30378831,30399952,"k_gemv_fp16(__half *, const __half *, const __half *, const __half *, int, int)"
30401585,30402609,"k_gelu(__half *, unsigned long long)"
30404113,30427571,"k_gemv_fp16(__half *, const __half *, const __half *, const __half *, int, int)"
30429811,30430835,"k_add(__half *, const __half *, unsigned long long)"
30432403,30435827,"k_layernorm(__half *, const __half *, const __half *, const __half *, int, int)"
30437235,30453716,"k_gemv_fp16(__half *, const __half *, const __half *, const __half *, int, int)"
30455188,30456276,"k_kv_append(__half *, __half *, const __half *, int, int)"
30458485,30524281,"k_attn_decode(__half *, const __half *, const __half *, const __half *, int, int)"
30525817,30532762,"k_gemv_fp16(__half *, const __half *, const __half *, const __half *, int, int)"
30534266,30535258,"k_add(__half *, const __half *, unsigned long long)"
30536666,30540122,"k_layernorm(__half *, const __half *, const __half *, const __half *, int, int)"
30542202,30563356,"k_gemv_fp16(__half *, const __half *, const __half *, const __half *, int, int)"
30564764,30565820,"k_gelu(__half *, unsigned long long)"
30567260,30590622,"k_gemv_fp16(__half *, const __half *, const __half *, const __half *, int, int)"
30592126,30593150,"k_add(__half *, const __half *, unsigned long long)"
30595230,30598558,"k_layernorm(__half *, const __half *, const __half *, const __half *, int, int)"
30600031,30616576,"k_gemv_fp16(__half *, const __half *, const __half *, const __half *, int, int)"
30618048,30619168,"k_kv_append(__half *, __half *, const __half *, int, int)"
30620608,30686404,"k_attn_decode(__half *, const __half *, const __half *, const __half *, int, int)"
30688389,30695365,"k_gemv_fp16(__half *, const __half *, const __half *, const __half *, int, int)"
30696805,30697797,"k_add(__half *, const __half *, unsigned long long)"
30699141,30702566,"k_layernorm(__half *, const __half *, const __half *, const __half *, int, int)"
30703974,30725031,"k_gemv_fp16(__half *, const __half *, const __half *, const __half *, int, int)"
30727111,30728167,"k_gelu(__half *, unsigned long long)"
30729607,30753193,"k_gemv_fp16(__half *, const __half *, const __half *, const __half *, int, int)"
30754537,30755561,"k_add(__half *, const __half *, unsigned long long)"
30756969,30760298,"k_layernorm(__half *, const __half *, const __half *, const __half *, int, int)"
30762250,30778763,"k_gemv_fp16(__half *, const __half *, const __half *, const __half *, int, int)"
30780139,30781227,"k_kv_append(__half *, __half *, const __half *, int, int)"
30782667,30849200,"k_attn_decode(__half *, const __half *, const __half *, const __half *, int, int)"
30850608,30857584,"k_gemv_fp16(__half *, const __half *, const __half *, const __half *, int, int)"
30859440,30860433,"k_add(__half *, const __half *, unsigned long long)"
30861745,30865073,"k_layernorm(__half *, const __half *, const __half *, const __half *, int, int)"
30866417,30887506,"k_gemv_fp16(__half *, const __half *, const __half *, const __half *, int, int)"
30888914,30889971,"k_gelu(__half *, unsigned long long)"
30891923,30915284,"k_gemv_fp16(__half *, const __half *, const __half *, const __half *, int, int)"
30916628,30917653,"k_add(__half *, const __half *, unsigned long long)"
30919029,30922357,"k_layernorm(__half *, const __half *, const __half *, const __half *, int, int)"
30923669,30940118,"k_gemv_fp16(__half *, const __half *, const __half *, const __half *, int, int)"
30942070,30943190,"k_kv_append(__half *, __half *, const __half *, int, int)"
30944566,31010875,"k_attn_decode(__half *, const __half *, const __half *, const __half *, int, int)"
31012283,31019260,"k_gemv_fp16(__half *, const __half *, const __half *, const __half *, int, int)"
31020732,31021756,"k_add(__half *, const __half *, unsigned long long)"
31023612,31026972,"k_layernorm(__half *, const __half *, const __half *, const __half *, int, int)"
31028380,31049470,"k_gemv_fp16(__half *, const __half *, const __half *, const __half *, int, int)"
31050910,31051934,"k_gelu(__half *, unsigned long long)"
31053374,31076768,"k_gemv_fp16(__half *, const __half *, const __half *, const __half *, int, int)"
31078784,31079776,"k_add(__half *, const __half *, unsigned long long)"
31081120,31084448,"k_layernorm(__half *, const __half *, const __half *, const __half *, int, int)"
31085888,31102337,"k_gemv_fp16(__half *, const __half *, const __half *, const __half *, int, int)"
31104034,31105154,"k_kv_append(__half *, __half *, const __half *, int, int)"
31107170,31173062,"k_attn_decode(__half *, const __half *, const __half *, const __half *, int, int)"
31174534,31181511,"k_gemv_fp16(__half *, const __half *, const __half *, const __half *, int, int)"
31182855,31183847,"k_add(__half *, const __half *, unsigned long long)"
31185255,31188583,"k_layernorm(__half *, const __half *, const __half *, const __half *, int, int)"
31190439,31211433,"k_gemv_fp16(__half *, const __half *, const __half *, const __half *, int, int)"
31212873,31213929,"k_gelu(__half *, unsigned long long)"
31215273,31238731,"k_gemv_fp16(__half *, const __half *, const __half *, const __half *, int, int)"
31240107,31241099,"k_add(__half *, const __half *, unsigned long long)"
31243051,31246379,"k_layernorm(__half *, const __half *, const __half *, const __half *, int, int)"
31247756,31559617,"k_gemv_fp16(__half *, const __half *, const __half *, const __half *, int, int)"
31589187,31590595,"k_embed_one(__half *, const __half *, const __half *, int, int)"
31595299,31598628,"k_layernorm(__half *, const __half *, const __half *, const __half *, int, int)"
31601028,31617605,"k_gemv_fp16(__half *, const __half *, const __half *, const __half *, int, int)"
31619205,31620325,"k_kv_append(__half *, __half *, const __half *, int, int)"
31621701,31687306,"k_attn_decode(__half *, const __half *, const __half *, const __half *, int, int)"
31688746,31695755,"k_gemv_fp16(__half *, const __half *, const __half *, const __half *, int, int)"
31697675,31698667,"k_add(__half *, const __half *, unsigned long long)"
31699979,31703307,"k_layernorm(__half *, const __half *, const __half *, const __half *, int, int)"
31704651,31725869,"k_gemv_fp16(__half *, const __half *, const __half *, const __half *, int, int)"
31794802,31795857,"k_gelu(__half *, unsigned long long)"
31798258,31821779,"k_gemv_fp16(__half *, const __half *, const __half *, const __half *, int, int)"
31823251,31824244,"k_add(__half *, const __half *, unsigned long long)"
31877911,31881239,"k_layernorm(__half *, const __half *, const __half *, const __half *, int, int)"
31882776,31899385,"k_gemv_fp16(__half *, const __half *, const __half *, const __half *, int, int)"
31901753,31902841,"k_kv_append(__half *, __half *, const __half *, int, int)"
31904313,31970238,"k_attn_decode(__half *, const __half *, const __half *, const __half *, int, int)"
31971934,31979134,"k_gemv_fp16(__half *, const __half *, const __half *, const __half *, int, int)"
31980894,31981887,"k_add(__half *, const __half *, unsigned long long)"
31984607,31987967,"k_layernorm(__half *, const __half *, const __half *, const __half *, int, int)"
31989727,32010880,"k_gemv_fp16(__half *, const __half *, const __half *, const __half *, int, int)"
32012641,32013665,"k_gelu(__half *, unsigned long long)"
32015425,32038915,"k_gemv_fp16(__half *, const __half *, const __half *, const __half *, int, int)"
32041314,32042339,"k_add(__half *, const __half *, unsigned long long)"
32044067,32047395,"k_layernorm(__half *, const __half *, const __half *, const __half *, int, int)"
32049059,32065732,"k_gemv_fp16(__half *, const __half *, const __half *, const __half *, int, int)"
32067525,32068645,"k_kv_append(__half *, __half *, const __half *, int, int)"
32071109,32136297,"k_attn_decode(__half *, const __half *, const __half *, const __half *, int, int)"
32138057,32145002,"k_gemv_fp16(__half *, const __half *, const __half *, const __half *, int, int)"
32146730,32147754,"k_add(__half *, const __half *, unsigned long long)"
32149418,32152810,"k_layernorm(__half *, const __half *, const __half *, const __half *, int, int)"
32155243,32176428,"k_gemv_fp16(__half *, const __half *, const __half *, const __half *, int, int)"
32178476,32179500,"k_gelu(__half *, unsigned long long)"
32181100,32204558,"k_gemv_fp16(__half *, const __half *, const __half *, const __half *, int, int)"
32206318,32207310,"k_add(__half *, const __half *, unsigned long long)"
32209678,32213006,"k_layernorm(__half *, const __half *, const __half *, const __half *, int, int)"
32214799,32231440,"k_gemv_fp16(__half *, const __half *, const __half *, const __half *, int, int)"
32233136,32234256,"k_kv_append(__half *, __half *, const __half *, int, int)"
32235824,32301397,"k_attn_decode(__half *, const __half *, const __half *, const __half *, int, int)"
32304149,32311125,"k_gemv_fp16(__half *, const __half *, const __half *, const __half *, int, int)"
32312790,32313781,"k_add(__half *, const __half *, unsigned long long)"
32315510,32318838,"k_layernorm(__half *, const __half *, const __half *, const __half *, int, int)"
32320662,32341719,"k_gemv_fp16(__half *, const __half *, const __half *, const __half *, int, int)"
32344184,32345208,"k_gelu(__half *, unsigned long long)"
32346872,32370330,"k_gemv_fp16(__half *, const __half *, const __half *, const __half *, int, int)"
32372186,32373178,"k_add(__half *, const __half *, unsigned long long)"
32374906,32378234,"k_layernorm(__half *, const __half *, const __half *, const __half *, int, int)"
32380666,32397307,"k_gemv_fp16(__half *, const __half *, const __half *, const __half *, int, int)"
32399036,32400156,"k_kv_append(__half *, __half *, const __half *, int, int)"
32401916,32467520,"k_attn_decode(__half *, const __half *, const __half *, const __half *, int, int)"
32469216,32476257,"k_gemv_fp16(__half *, const __half *, const __half *, const __half *, int, int)"
32478625,32479649,"k_add(__half *, const __half *, unsigned long long)"
32481281,32484577,"k_layernorm(__half *, const __half *, const __half *, const __half *, int, int)"
32486273,32507395,"k_gemv_fp16(__half *, const __half *, const __half *, const __half *, int, int)"
32509283,32510339,"k_gelu(__half *, unsigned long long)"
32512803,32536197,"k_gemv_fp16(__half *, const __half *, const __half *, const __half *, int, int)"
32537925,32538917,"k_add(__half *, const __half *, unsigned long long)"
32540581,32543942,"k_layernorm(__half *, const __half *, const __half *, const __half *, int, int)"
32545670,32562151,"k_gemv_fp16(__half *, const __half *, const __half *, const __half *, int, int)"
32564551,32565671,"k_kv_append(__half *, __half *, const __half *, int, int)"
32567399,32633196,"k_attn_decode(__half *, const __half *, const __half *, const __half *, int, int)"
32635020,32641996,"k_gemv_fp16(__half *, const __half *, const __half *, const __half *, int, int)"
32643788,32644813,"k_add(__half *, const __half *, unsigned long long)"
32646989,32650445,"k_layernorm(__half *, const __half *, const __half *, const __half *, int, int)"
32652173,32673294,"k_gemv_fp16(__half *, const __half *, const __half *, const __half *, int, int)"
32675151,32676207,"k_gelu(__half *, unsigned long long)"
32677967,32701392,"k_gemv_fp16(__half *, const __half *, const __half *, const __half *, int, int)"
32703729,32704753,"k_add(__half *, const __half *, unsigned long long)"
32706577,32709905,"k_layernorm(__half *, const __half *, const __half *, const __half *, int, int)"
32711633,32728114,"k_gemv_fp16(__half *, const __half *, const __half *, const __half *, int, int)"
32729906,32731026,"k_kv_append(__half *, __half *, const __half *, int, int)"
32733459,32799127,"k_attn_decode(__half *, const __half *, const __half *, const __half *, int, int)"
32800855,32807832,"k_gemv_fp16(__half *, const __half *, const __half *, const __half *, int, int)"
32809592,32810584,"k_add(__half *, const __half *, unsigned long long)"
32812440,32815768,"k_layernorm(__half *, const __half *, const __half *, const __half *, int, int)"
32818329,32839610,"k_gemv_fp16(__half *, const __half *, const __half *, const __half *, int, int)"
32841594,32842650,"k_gelu(__half *, unsigned long long)"
32844474,32867868,"k_gemv_fp16(__half *, const __half *, const __half *, const __half *, int, int)"
32869756,32870748,"k_add(__half *, const __half *, unsigned long long)"
32873404,32876733,"k_layernorm(__half *, const __half *, const __half *, const __half *, int, int)"
32879005,32895518,"k_gemv_fp16(__half *, const __half *, const __half *, const __half *, int, int)"
32898206,32899294,"k_kv_append(__half *, __half *, const __half *, int, int)"
32901054,32966755,"k_attn_decode(__half *, const __half *, const __half *, const __half *, int, int)"
33024743,33031591,"k_gemv_fp16(__half *, const __half *, const __half *, const __half *, int, int)"
33033543,33034536,"k_add(__half *, const __half *, unsigned long long)"
33036840,33040136,"k_layernorm(__half *, const __half *, const __half *, const __half *, int, int)"
33041896,33062986,"k_gemv_fp16(__half *, const __half *, const __half *, const __half *, int, int)"
33083243,33084267,"k_gelu(__half *, unsigned long long)"
33086923,33110285,"k_gemv_fp16(__half *, const __half *, const __half *, const __half *, int, int)"
33112045,33113069,"k_add(__half *, const __half *, unsigned long long)"
33154288,33157648,"k_layernorm(__half *, const __half *, const __half *, const __half *, int, int)"
33160560,33177201,"k_gemv_fp16(__half *, const __half *, const __half *, const __half *, int, int)"
33179058,33180178,"k_kv_append(__half *, __half *, const __half *, int, int)"
33181970,33247382,"k_attn_decode(__half *, const __half *, const __half *, const __half *, int, int)"
33248854,33255831,"k_gemv_fp16(__half *, const __half *, const __half *, const __half *, int, int)"
33257975,33258967,"k_add(__half *, const __half *, unsigned long long)"
33261111,33264376,"k_layernorm(__half *, const __half *, const __half *, const __half *, int, int)"
33265976,33287193,"k_gemv_fp16(__half *, const __half *, const __half *, const __half *, int, int)"
33288729,33289785,"k_gelu(__half *, unsigned long long)"
33291961,33315387,"k_gemv_fp16(__half *, const __half *, const __half *, const __half *, int, int)"
33316955,33317947,"k_add(__half *, const __half *, unsigned long long)"
33319451,33322780,"k_layernorm(__half *, const __half *, const __half *, const __half *, int, int)"
33324380,33340989,"k_gemv_fp16(__half *, const __half *, const __half *, const __half *, int, int)"
33343101,33344189,"k_kv_append(__half *, __half *, const __half *, int, int)"
33345661,33411362,"k_attn_decode(__half *, const __half *, const __half *, const __half *, int, int)"
33412962,33419970,"k_gemv_fp16(__half *, const __half *, const __half *, const __half *, int, int)"
33421378,33422370,"k_add(__half *, const __half *, unsigned long long)"
33424611,33427907,"k_layernorm(__half *, const __half *, const __half *, const __half *, int, int)"
33429443,33450628,"k_gemv_fp16(__half *, const __half *, const __half *, const __half *, int, int)"
33452133,33453157,"k_gelu(__half *, unsigned long long)"
33454629,33478054,"k_gemv_fp16(__half *, const __half *, const __half *, const __half *, int, int)"
33480231,33481222,"k_add(__half *, const __half *, unsigned long long)"
33482823,33486151,"k_layernorm(__half *, const __half *, const __half *, const __half *, int, int)"
33487591,33504232,"k_gemv_fp16(__half *, const __half *, const __half *, const __half *, int, int)"
33505768,33506888,"k_kv_append(__half *, __half *, const __half *, int, int)"
33509001,33574445,"k_attn_decode(__half *, const __half *, const __half *, const __half *, int, int)"
33576013,33583022,"k_gemv_fp16(__half *, const __half *, const __half *, const __half *, int, int)"
33584622,33585614,"k_add(__half *, const __half *, unsigned long long)"
33587118,33590478,"k_layernorm(__half *, const __half *, const __half *, const __half *, int, int)"
33592558,33613712,"k_gemv_fp16(__half *, const __half *, const __half *, const __half *, int, int)"
33615344,33616400,"k_gelu(__half *, unsigned long long)"
33617904,33641426,"k_gemv_fp16(__half *, const __half *, const __half *, const __half *, int, int)"
33642834,33643858,"k_add(__half *, const __half *, unsigned long long)"
33646098,33649426,"k_layernorm(__half *, const __half *, const __half *, const __half *, int, int)"
33650994,33667347,"k_gemv_fp16(__half *, const __half *, const __half *, const __half *, int, int)"
33668884,33670004,"k_kv_append(__half *, __half *, const __half *, int, int)"
33671444,33736984,"k_attn_decode(__half *, const __half *, const __half *, const __half *, int, int)"
33739160,33746137,"k_gemv_fp16(__half *, const __half *, const __half *, const __half *, int, int)"
33747673,33748665,"k_add(__half *, const __half *, unsigned long long)"
33750201,33753529,"k_layernorm(__half *, const __half *, const __half *, const __half *, int, int)"
33754970,33776187,"k_gemv_fp16(__half *, const __half *, const __half *, const __half *, int, int)"
33778427,33779451,"k_gelu(__half *, unsigned long long)"
33780956,33804349,"k_gemv_fp16(__half *, const __half *, const __half *, const __half *, int, int)"
33805917,33806909,"k_add(__half *, const __half *, unsigned long long)"
33808413,33811869,"k_layernorm(__half *, const __half *, const __half *, const __half *, int, int)"
33813950,34125843,"k_gemv_fp16(__half *, const __half *, const __half *, const __half *, int, int)"
34175607,34177015,"k_embed_one(__half *, const __half *, const __half *, int, int)"
34184567,34187896,"k_layernorm(__half *, const __half *, const __half *, const __half *, int, int)"
34189944,34206585,"k_gemv_fp16(__half *, const __half *, const __half *, const __half *, int, int)"
34208729,34209849,"k_kv_append(__half *, __half *, const __half *, int, int)"
34211161,34277150,"k_attn_decode(__half *, const __half *, const __half *, const __half *, int, int)"
34278622,34285694,"k_gemv_fp16(__half *, const __half *, const __half *, const __half *, int, int)"
34287166,34288191,"k_add(__half *, const __half *, unsigned long long)"
34289919,34293407,"k_layernorm(__half *, const __half *, const __half *, const __half *, int, int)"
34294783,34316097,"k_gemv_fp16(__half *, const __half *, const __half *, const __half *, int, int)"
34317537,34318561,"k_gelu(__half *, unsigned long long)"
34319969,34343555,"k_gemv_fp16(__half *, const __half *, const __half *, const __half *, int, int)"
34345635,34346659,"k_add(__half *, const __half *, unsigned long long)"
34347971,34351299,"k_layernorm(__half *, const __half *, const __half *, const __half *, int, int)"
34352931,34369540,"k_gemv_fp16(__half *, const __half *, const __half *, const __half *, int, int)"
34370916,34372036,"k_kv_append(__half *, __half *, const __half *, int, int)"
34373861,34439369,"k_attn_decode(__half *, const __half *, const __half *, const __half *, int, int)"
34440809,34447818,"k_gemv_fp16(__half *, const __half *, const __half *, const __half *, int, int)"
34449194,34450186,"k_add(__half *, const __half *, unsigned long long)"
34451690,34455178,"k_layernorm(__half *, const __half *, const __half *, const __half *, int, int)"
34457002,34478220,"k_gemv_fp16(__half *, const __half *, const __half *, const __half *, int, int)"
34479660,34480716,"k_gelu(__half *, unsigned long long)"
34482124,34505550,"k_gemv_fp16(__half *, const __half *, const __half *, const __half *, int, int)"
34506830,34507854,"k_add(__half *, const __half *, unsigned long long)"
34509806,34513134,"k_layernorm(__half *, const __half *, const __half *, const __half *, int, int)"
34514478,34530959,"k_gemv_fp16(__half *, const __half *, const __half *, const __half *, int, int)"
34532368,34533488,"k_kv_append(__half *, __half *, const __half *, int, int)"
34534960,34600852,"k_attn_decode(__half *, const __half *, const __half *, const __half *, int, int)"
34602901,34609877,"k_gemv_fp16(__half *, const __half *, const __half *, const __half *, int, int)"
34611189,34612213,"k_add(__half *, const __half *, unsigned long long)"
34613589,34616949,"k_layernorm(__half *, const __half *, const __half *, const __half *, int, int)"
34618229,34639415,"k_gemv_fp16(__half *, const __half *, const __half *, const __half *, int, int)"
34641239,34642295,"k_gelu(__half *, unsigned long long)"
34643671,34667065,"k_gemv_fp16(__half *, const __half *, const __half *, const __half *, int, int)"
34668473,34669497,"k_add(__half *, const __half *, unsigned long long)"
34670905,34674233,"k_layernorm(__half *, const __half *, const __half *, const __half *, int, int)"
34676058,34692635,"k_gemv_fp16(__half *, const __half *, const __half *, const __half *, int, int)"
34693947,34695067,"k_kv_append(__half *, __half *, const __half *, int, int)"
34696475,34762336,"k_attn_decode(__half *, const __half *, const __half *, const __half *, int, int)"
34763744,34770752,"k_gemv_fp16(__half *, const __half *, const __half *, const __half *, int, int)"
34772640,34773632,"k_add(__half *, const __half *, unsigned long long)"
34775041,34778369,"k_layernorm(__half *, const __half *, const __half *, const __half *, int, int)"
34779713,34800802,"k_gemv_fp16(__half *, const __half *, const __half *, const __half *, int, int)"
34802178,34803203,"k_gelu(__half *, unsigned long long)"
34805154,34828740,"k_gemv_fp16(__half *, const __half *, const __half *, const __half *, int, int)"
34830436,34831461,"k_add(__half *, const __half *, unsigned long long)"
34832837,34836165,"k_layernorm(__half *, const __half *, const __half *, const __half *, int, int)"
34837541,34854054,"k_gemv_fp16(__half *, const __half *, const __half *, const __half *, int, int)"
34855974,34857062,"k_kv_append(__half *, __half *, const __half *, int, int)"
34858374,34923723,"k_attn_decode(__half *, const __half *, const __half *, const __half *, int, int)"
34925195,34932171,"k_gemv_fp16(__half *, const __half *, const __half *, const __half *, int, int)"
34933483,34934476,"k_add(__half *, const __half *, unsigned long long)"
34936396,34939852,"k_layernorm(__half *, const __half *, const __half *, const __half *, int, int)"
34941260,34962382,"k_gemv_fp16(__half *, const __half *, const __half *, const __half *, int, int)"
34963758,34964814,"k_gelu(__half *, unsigned long long)"
34966158,34989519,"k_gemv_fp16(__half *, const __half *, const __half *, const __half *, int, int)"
34991440,34992431,"k_add(__half *, const __half *, unsigned long long)"
34993744,34997072,"k_layernorm(__half *, const __half *, const __half *, const __half *, int, int)"
34998512,35015025,"k_gemv_fp16(__half *, const __half *, const __half *, const __half *, int, int)"
35016465,35017585,"k_kv_append(__half *, __half *, const __half *, int, int)"
35019602,35085238,"k_attn_decode(__half *, const __half *, const __half *, const __half *, int, int)"
35086646,35093751,"k_gemv_fp16(__half *, const __half *, const __half *, const __half *, int, int)"
35095191,35096215,"k_add(__half *, const __half *, unsigned long long)"
35097623,35101015,"k_layernorm(__half *, const __half *, const __half *, const __half *, int, int)"
35102807,35124089,"k_gemv_fp16(__half *, const __half *, const __half *, const __half *, int, int)"
35125593,35126617,"k_gelu(__half *, unsigned long long)"
35127961,35151323,"k_gemv_fp16(__half *, const __half *, const __half *, const __half *, int, int)"
35152731,35153723,"k_add(__half *, const __half *, unsigned long long)"
35155707,35159035,"k_layernorm(__half *, const __half *, const __half *, const __half *, int, int)"
35160347,35177020,"k_gemv_fp16(__half *, const __half *, const __half *, const __half *, int, int)"
35178365,35179485,"k_kv_append(__half *, __half *, const __half *, int, int)"
35180925,35246305,"k_attn_decode(__half *, const __half *, const __half *, const __half *, int, int)"
35248225,35255202,"k_gemv_fp16(__half *, const __half *, const __half *, const __half *, int, int)"
35256546,35257570,"k_add(__half *, const __half *, unsigned long long)"
35258946,35262242,"k_layernorm(__half *, const __half *, const __half *, const __half *, int, int)"
35263586,35284708,"k_gemv_fp16(__half *, const __half *, const __half *, const __half *, int, int)"
35286564,35287588,"k_gelu(__half *, unsigned long long)"
35289028,35312422,"k_gemv_fp16(__half *, const __half *, const __half *, const __half *, int, int)"
35313862,35314886,"k_add(__half *, const __half *, unsigned long long)"
35316294,35319622,"k_layernorm(__half *, const __half *, const __half *, const __half *, int, int)"
35321574,35338023,"k_gemv_fp16(__half *, const __half *, const __half *, const __half *, int, int)"
35339464,35340584,"k_kv_append(__half *, __half *, const __half *, int, int)"
35341992,35407852,"k_attn_decode(__half *, const __half *, const __half *, const __half *, int, int)"
35409261,35416205,"k_gemv_fp16(__half *, const __half *, const __half *, const __half *, int, int)"
35418061,35419085,"k_add(__half *, const __half *, unsigned long long)"
35420429,35423757,"k_layernorm(__half *, const __half *, const __half *, const __half *, int, int)"
35425070,35446127,"k_gemv_fp16(__half *, const __half *, const __half *, const __half *, int, int)"
35447919,35448943,"k_gelu(__half *, unsigned long long)"
35450991,35474449,"k_gemv_fp16(__half *, const __half *, const __half *, const __half *, int, int)"
35475985,35477009,"k_add(__half *, const __half *, unsigned long long)"
35478481,35481809,"k_layernorm(__half *, const __half *, const __half *, const __half *, int, int)"
35483346,35499827,"k_gemv_fp16(__half *, const __half *, const __half *, const __half *, int, int)"
35501971,35503091,"k_kv_append(__half *, __half *, const __half *, int, int)"
35504595,35570456,"k_attn_decode(__half *, const __half *, const __half *, const __half *, int, int)"
35572024,35579000,"k_gemv_fp16(__half *, const __half *, const __half *, const __half *, int, int)"
35580537,35581560,"k_add(__half *, const __half *, unsigned long long)"
35583641,35587001,"k_layernorm(__half *, const __half *, const __half *, const __half *, int, int)"
35588345,35609562,"k_gemv_fp16(__half *, const __half *, const __half *, const __half *, int, int)"
35611035,35612091,"k_gelu(__half *, unsigned long long)"
35613595,35637084,"k_gemv_fp16(__half *, const __half *, const __half *, const __half *, int, int)"
35639196,35640220,"k_add(__half *, const __half *, unsigned long long)"
35641693,35645021,"k_layernorm(__half *, const __half *, const __half *, const __half *, int, int)"
35646461,35662942,"k_gemv_fp16(__half *, const __half *, const __half *, const __half *, int, int)"
35664478,35665566,"k_kv_append(__half *, __half *, const __half *, int, int)"
35667678,35733603,"k_attn_decode(__half *, const __half *, const __half *, const __half *, int, int)"
35735203,35742180,"k_gemv_fp16(__half *, const __half *, const __half *, const __half *, int, int)"
35743652,35744676,"k_add(__half *, const __half *, unsigned long long)"
35746052,35749476,"k_layernorm(__half *, const __half *, const __half *, const __half *, int, int)"
35751556,35772742,"k_gemv_fp16(__half *, const __half *, const __half *, const __half *, int, int)"
35774182,35775238,"k_gelu(__half *, unsigned long long)"
35776678,35800104,"k_gemv_fp16(__half *, const __half *, const __half *, const __half *, int, int)"
35801640,35802632,"k_add(__half *, const __half *, unsigned long long)"
35804648,35807976,"k_layernorm(__half *, const __half *, const __half *, const __half *, int, int)"
35809608,35826121,"k_gemv_fp16(__half *, const __half *, const __half *, const __half *, int, int)"
35827690,35828810,"k_kv_append(__half *, __half *, const __half *, int, int)"
35830346,35895982,"k_attn_decode(__half *, const __half *, const __half *, const __half *, int, int)"
35898158,35905135,"k_gemv_fp16(__half *, const __half *, const __half *, const __half *, int, int)"
35906703,35907695,"k_add(__half *, const __half *, unsigned long long)"
35909135,35912527,"k_layernorm(__half *, const __half *, const __half *, const __half *, int, int)"
35913999,35935057,"k_gemv_fp16(__half *, const __half *, const __half *, const __half *, int, int)"
35937457,35938513,"k_gelu(__half *, unsigned long long)"
35940081,35963603,"k_gemv_fp16(__half *, const __half *, const __half *, const __half *, int, int)"
35965331,35966323,"k_add(__half *, const __half *, unsigned long long)"
35967763,35971092,"k_layernorm(__half *, const __half *, const __half *, const __half *, int, int)"
35973204,35989717,"k_gemv_fp16(__half *, const __half *, const __half *, const __half *, int, int)"
35991157,35992277,"k_kv_append(__half *, __half *, const __half *, int, int)"
35993813,36059546,"k_attn_decode(__half *, const __half *, const __half *, const __half *, int, int)"
36061018,36067994,"k_gemv_fp16(__half *, const __half *, const __half *, const __half *, int, int)"
36070202,36071194,"k_add(__half *, const __half *, unsigned long long)"
36072731,36076091,"k_layernorm(__half *, const __half *, const __half *, const __half *, int, int)"
36077595,36098684,"k_gemv_fp16(__half *, const __half *, const __half *, const __half *, int, int)"
36100220,36101245,"k_gelu(__half *, unsigned long long)"
36103357,36126974,"k_gemv_fp16(__half *, const __half *, const __half *, const __half *, int, int)"
36128574,36129567,"k_add(__half *, const __half *, unsigned long long)"
36131039,36134367,"k_layernorm(__half *, const __half *, const __half *, const __half *, int, int)"
36135807,36447381,"k_gemv_fp16(__half *, const __half *, const __half *, const __half *, int, int)"
36488503,36489912,"k_embed_one(__half *, const __half *, const __half *, int, int)"
36497368,36500728,"k_layernorm(__half *, const __half *, const __half *, const __half *, int, int)"
36503961,36520666,"k_gemv_fp16(__half *, const __half *, const __half *, const __half *, int, int)"
36522266,36523354,"k_kv_append(__half *, __half *, const __half *, int, int)"
36525402,36591423,"k_attn_decode(__half *, const __half *, const __half *, const __half *, int, int)"
36592991,36599935,"k_gemv_fp16(__half *, const __half *, const __half *, const __half *, int, int)"
36601503,36602495,"k_add(__half *, const __half *, unsigned long long)"
36604000,36607328,"k_layernorm(__half *, const __half *, const __half *, const __half *, int, int)"
36609152,36630337,"k_gemv_fp16(__half *, const __half *, const __half *, const __half *, int, int)"
36631906,36632962,"k_gelu(__half *, unsigned long long)"
36634498,36658083,"k_gemv_fp16(__half *, const __half *, const __half *, const __half *, int, int)"
36659683,36660675,"k_add(__half *, const __half *, unsigned long long)"
36662724,36666052,"k_layernorm(__half *, const __half *, const __half *, const __half *, int, int)"
36667556,36684165,"k_gemv_fp16(__half *, const __half *, const __half *, const __half *, int, int)"
36685733,36686853,"k_kv_append(__half *, __half *, const __half *, int, int)"
36688261,36753770,"k_attn_decode(__half *, const __half *, const __half *, const __half *, int, int)"
36755754,36762763,"k_gemv_fp16(__half *, const __half *, const __half *, const __half *, int, int)"
36764139,36765131,"k_add(__half *, const __half *, unsigned long long)"
36766603,36769963,"k_layernorm(__half *, const __half *, const __half *, const __half *, int, int)"
36771339,36792589,"k_gemv_fp16(__half *, const __half *, const __half *, const __half *, int, int)"
36794637,36795693,"k_gelu(__half *, unsigned long long)"
36797005,36820526,"k_gemv_fp16(__half *, const __half *, const __half *, const __half *, int, int)"
36821967,36822959,"k_add(__half *, const __half *, unsigned long long)"
36824271,36827599,"k_layernorm(__half *, const __half *, const __half *, const __half *, int, int)"
36829519,36846032,"k_gemv_fp16(__half *, const __half *, const __half *, const __half *, int, int)"
36847408,36848528,"k_kv_append(__half *, __half *, const __half *, int, int)"
36849873,36915445,"k_attn_decode(__half *, const __half *, const __half *, const __half *, int, int)"
36916949,36923926,"k_gemv_fp16(__half *, const __half *, const __half *, const __half *, int, int)"
36925846,36926838,"k_add(__half *, const __half *, unsigned long long)"
36928214,36931542,"k_layernorm(__half *, const __half *, const __half *, const __half *, int, int)"
36932886,36954040,"k_gemv_fp16(__half *, const __half *, const __half *, const __half *, int, int)"
36955576,36956632,"k_gelu(__half *, unsigned long long)"
36958488,36981978,"k_gemv_fp16(__half *, const __half *, const __half *, const __half *, int, int)"
36983386,36984410,"k_add(__half *, const __half *, unsigned long long)"
36985754,36989178,"k_layernorm(__half *, const __half *, const __half *, const __half *, int, int)"
36990522,37007003,"k_gemv_fp16(__half *, const __half *, const __half *, const __half *, int, int)"
37008956,37010044,"k_kv_append(__half *, __half *, const __half *, int, int)"
37011388,37077024,"k_attn_decode(__half *, const __half *, const __half *, const __half *, int, int)"
37078464,37085409,"k_gemv_fp16(__half *, const __half *, const __half *, const __half *, int, int)"
37086785,37087777,"k_add(__half *, const __half *, unsigned long long)"
37089633,37092993,"k_layernorm(__half *, const __half *, const __half *, const __half *, int, int)"
37094338,37115459,"k_gemv_fp16(__half *, const __half *, const __half *, const __half *, int, int)"
37116899,37117923,"k_gelu(__half *, unsigned long long)"
37119235,37142821,"k_gemv_fp16(__half *, const __half *, const __half *, const __half *, int, int)"
37144645,37145669,"k_add(__half *, const __half *, unsigned long long)"
37146981,37150373,"k_layernorm(__half *, const __half *, const __half *, const __half *, int, int)"
37151846,37168359,"k_gemv_fp16(__half *, const __half *, const __half *, const __half *, int, int)"
37169735,37170823,"k_kv_append(__half *, __half *, const __half *, int, int)"
37172743,37238539,"k_attn_decode(__half *, const __half *, const __half *, const __half *, int, int)"
37239884,37246828,"k_gemv_fp16(__half *, const __half *, const __half *, const __half *, int, int)"
37248204,37249196,"k_add(__half *, const __half *, unsigned long long)"
37250700,37254029,"k_layernorm(__half *, const __half *, const __half *, const __half *, int, int)"
37255885,37277070,"k_gemv_fp16(__half *, const __half *, const __half *, const __half *, int, int)"
37278510,37279566,"k_gelu(__half *, unsigned long long)"
37280911,37304368,"k_gemv_fp16(__half *, const __half *, const __half *, const __half *, int, int)"
37305840,37306832,"k_add(__half *, const __half *, unsigned long long)"
37308849,37312209,"k_layernorm(__half *, const __half *, const __half *, const __half *, int, int)"
37313585,37330098,"k_gemv_fp16(__half *, const __half *, const __half *, const __half *, int, int)"
37331442,37332562,"k_kv_append(__half *, __half *, const __half *, int, int)"
37333842,37399959,"k_attn_decode(__half *, const __half *, const __half *, const __half *, int, int)"
37401911,37408887,"k_gemv_fp16(__half *, const __half *, const __half *, const __half *, int, int)"
37410296,37411288,"k_add(__half *, const __half *, unsigned long long)"
37412728,37416024,"k_layernorm(__half *, const __half *, const __half *, const __half *, int, int)"
37417464,37438681,"k_gemv_fp16(__half *, const __half *, const __half *, const __half *, int, int)"
37440730,37441786,"k_gelu(__half *, unsigned long long)"
37443258,37466683,"k_gemv_fp16(__half *, const __half *, const __half *, const __half *, int, int)"
37468188,37469180,"k_add(__half *, const __half *, unsigned long long)"
37470556,37473948,"k_layernorm(__half *, const __half *, const __half *, const __half *, int, int)"
37475804,37492285,"k_gemv_fp16(__half *, const __half *, const __half *, const __half *, int, int)"
37493693,37494781,"k_kv_append(__half *, __half *, const __half *, int, int)"
37496221,37562338,"k_attn_decode(__half *, const __half *, const __half *, const __half *, int, int)"
37563842,37570787,"k_gemv_fp16(__half *, const __half *, const __half *, const __half *, int, int)"
37572643,37573667,"k_add(__half *, const __half *, unsigned long long)"
37574979,37578275,"k_layernorm(__half *, const __half *, const __half *, const __half *, int, int)"
37579683,37600837,"k_gemv_fp16(__half *, const __half *, const __half *, const __half *, int, int)"
37602341,37603365,"k_gelu(__half *, unsigned long long)"
37605349,37628775,"k_gemv_fp16(__half *, const __half *, const __half *, const __half *, int, int)"
37630183,37631207,"k_add(__half *, const __half *, unsigned long long)"
37632711,37636039,"k_layernorm(__half *, const __half *, const __half *, const __half *, int, int)"
37637351,37653800,"k_gemv_fp16(__half *, const __half *, const __half *, const __half *, int, int)"
37655784,37656905,"k_kv_append(__half *, __half *, const __half *, int, int)"
37658281,37724077,"k_attn_decode(__half *, const __half *, const __half *, const __half *, int, int)"
37725517,37732526,"k_gemv_fp16(__half *, const __half *, const __half *, const __half *, int, int)"
37733870,37734894,"k_add(__half *, const __half *, unsigned long long)"
37736750,37740046,"k_layernorm(__half *, const __half *, const __half *, const __half *, int, int)"
37741486,37762640,"k_gemv_fp16(__half *, const __half *, const __half *, const __half *, int, int)"
37796402,37797426,"k_gelu(__half *, unsigned long long)"
37799027,37822420,"k_gemv_fp16(__half *, const __half *, const __half *, const __half *, int, int)"
37824628,37825620,"k_add(__half *, const __half *, unsigned long long)"
37827060,37830421,"k_layernorm(__half *, const __half *, const __half *, const __half *, int, int)"
37845110,37861655,"k_gemv_fp16(__half *, const __half *, const __half *, const __half *, int, int)"
37863063,37864151,"k_kv_append(__half *, __half *, const __half *, int, int)"
37866199,37932220,"k_attn_decode(__half *, const __half *, const __half *, const __half *, int, int)"
37933692,37940668,"k_gemv_fp16(__half *, const __half *, const __half *, const __half *, int, int)"
37942172,37943196,"k_add(__half *, const __half *, unsigned long long)"
37944733,37948029,"k_layernorm(__half *, const __half *, const __half *, const __half *, int, int)"
37950141,37971262,"k_gemv_fp16(__half *, const __half *, const __half *, const __half *, int, int)"
37973151,37974207,"k_gelu(__half *, unsigned long long)"
37975615,37999072,"k_gemv_fp16(__half *, const __half *, const __half *, const __half *, int, int)"
38000576,38001601,"k_add(__half *, const __half *, unsigned long long)"
38003745,38007169,"k_layernorm(__half *, const __half *, const __half *, const __half *, int, int)"
38008577,38025122,"k_gemv_fp16(__half *, const __half *, const __half *, const __half *, int, int)"
38026594,38027714,"k_kv_append(__half *, __half *, const __half *, int, int)"
38029346,38094919,"k_attn_decode(__half *, const __half *, const __half *, const __half *, int, int)"
38097191,38104168,"k_gemv_fp16(__half *, const __half *, const __half *, const __half *, int, int)"
38105704,38106696,"k_add(__half *, const __half *, unsigned long long)"
38108104,38111432,"k_layernorm(__half *, const __half *, const __half *, const __half *, int, int)"
38112936,38134090,"k_gemv_fp16(__half *, const __half *, const __half *, const __half *, int, int)"
38136202,38137258,"k_gelu(__half *, unsigned long long)"
38138858,38162284,"k_gemv_fp16(__half *, const __half *, const __half *, const __half *, int, int)"
38163884,38164908,"k_add(__half *, const __half *, unsigned long long)"
38166380,38169708,"k_layernorm(__half *, const __half *, const __half *, const __half *, int, int)"
38171788,38188270,"k_gemv_fp16(__half *, const __half *, const __half *, const __half *, int, int)"
38189678,38190798,"k_kv_append(__half *, __half *, const __half *, int, int)"
38192238,38258034,"k_attn_decode(__half *, const __half *, const __half *, const __half *, int, int)"
38259666,38266611,"k_gemv_fp16(__half *, const __half *, const __half *, const __half *, int, int)"
38268851,38269843,"k_add(__half *, const __half *, unsigned long long)"
38271283,38274611,"k_layernorm(__half *, const __half *, const __half *, const __half *, int, int)"
38276116,38297269,"k_gemv_fp16(__half *, const __half *, const __half *, const __half *, int, int)"
38298741,38299765,"k_gelu(__half *, unsigned long long)"
38301878,38325335,"k_gemv_fp16(__half *, const __half *, const __half *, const __half *, int, int)"
38326967,38327959,"k_add(__half *, const __half *, unsigned long long)"
38329367,38332695,"k_layernorm(__half *, const __half *, const __half *, const __half *, int, int)"
38334136,38350681,"k_gemv_fp16(__half *, const __half *, const __half *, const __half *, int, int)"
38352825,38353945,"k_kv_append(__half *, __half *, const __half *, int, int)"
38355449,38421438,"k_attn_decode(__half *, const __half *, const __half *, const __half *, int, int)"
38423038,38429982,"k_gemv_fp16(__half *, const __half *, const __half *, const __half *, int, int)"
38431454,38432479,"k_add(__half *, const __half *, unsigned long long)"
38434623,38437951,"k_layernorm(__half *, const __half *, const __half *, const __half *, int, int)"
38439455,38460608,"k_gemv_fp16(__half *, const __half *, const __half *, const __half *, int, int)"
38462081,38463137,"k_gelu(__half *, unsigned long long)"
38464609,38488002,"k_gemv_fp16(__half *, const __half *, const __half *, const __half *, int, int)"
38490242,38491235,"k_add(__half *, const __half *, unsigned long long)"
38492675,38496067,"k_layernorm(__half *, const __half *, const __half *, const __half *, int, int)"
38497667,38809625,"k_gemv_fp16(__half *, const __half *, const __half *, const __half *, int, int)"
38842395,38843803,"k_embed_one(__half *, const __half *, const __half *, int, int)"
38850108,38853436,"k_layernorm(__half *, const __half *, const __half *, const __half *, int, int)"
38855516,38872061,"k_gemv_fp16(__half *, const __half *, const __half *, const __half *, int, int)"
38873693,38874813,"k_kv_append(__half *, __half *, const __half *, int, int)"
38876189,38942082,"k_attn_decode(__half *, const __half *, const __half *, const __half *, int, int)"
38944642,38951587,"k_gemv_fp16(__half *, const __half *, const __half *, const __half *, int, int)"
38953059,38954051,"k_add(__half *, const __half *, unsigned long long)"
38955715,38959043,"k_layernorm(__half *, const __half *, const __half *, const __half *, int, int)"
38960579,38981829,"k_gemv_fp16(__half *, const __half *, const __half *, const __half *, int, int)"
38984005,38985061,"k_gelu(__half *, unsigned long long)"
38986597,39010279,"k_gemv_fp16(__half *, const __half *, const __half *, const __half *, int, int)"
39011815,39012807,"k_add(__half *, const __half *, unsigned long long)"
39014247,39017607,"k_layernorm(__half *, const __half *, const __half *, const __half *, int, int)"
39019943,39036457,"k_gemv_fp16(__half *, const __half *, const __half *, const __half *, int, int)"
39037897,39039017,"k_kv_append(__half *, __half *, const __half *, int, int)"
39040425,39106573,"k_attn_decode(__half *, const __half *, const __half *, const __half *, int, int)"
39108109,39115150,"k_gemv_fp16(__half *, const __half *, const __half *, const __half *, int, int)"
39117326,39118350,"k_add(__half *, const __half *, unsigned long long)"
39119726,39123054,"k_layernorm(__half *, const __half *, const __half *, const __half *, int, int)"
39124558,39145808,"k_gemv_fp16(__half *, const __half *, const __half *, const __half *, int, int)"
39147376,39148432,"k_gelu(__half *, unsigned long long)"
39150608,39174066,"k_gemv_fp16(__half *, const __half *, const __half *, const __half *, int, int)"
39175570,39176562,"k_add(__half *, const __half *, unsigned long long)"
39178098,39181426,"k_layernorm(__half *, const __half *, const __half *, const __half *, int, int)"
39182995,39199796,"k_gemv_fp16(__half *, const __half *, const __half *, const __half *, int, int)"
39201812,39202900,"k_kv_append(__half *, __half *, const __half *, int, int)"
39204404,39270521,"k_attn_decode(__half *, const __half *, const __half *, const __half *, int, int)"
39272089,39279033,"k_gemv_fp16(__half *, const __half *, const __half *, const __half *, int, int)"
39280505,39281497,"k_add(__half *, const __half *, unsigned long long)"
39283386,39286714,"k_layernorm(__half *, const __half *, const __half *, const __half *, int, int)"
39288314,39309499,"k_gemv_fp16(__half *, const __half *, const __half *, const __half *, int, int)"
39310940,39311995,"k_gelu(__half *, unsigned long long)"
39313468,39336861,"k_gemv_fp16(__half *, const __half *, const __half *, const __half *, int, int)"
39338973,39339966,"k_add(__half *, const __half *, unsigned long long)"
39341630,39344990,"k_layernorm(__half *, const __half *, const __half *, const __half *, int, int)"
39346462,39362943,"k_gemv_fp16(__half *, const __half *, const __half *, const __half *, int, int)"
39364479,39365599,"k_kv_append(__half *, __half *, const __half *, int, int)"
39367743,39433028,"k_attn_decode(__half *, const __half *, const __half *, const __half *, int, int)"
39434532,39441509,"k_gemv_fp16(__half *, const __half *, const __half *, const __half *, int, int)"
39442917,39443909,"k_add(__half *, const __half *, unsigned long long)"
39445349,39448773,"k_layernorm(__half *, const __half *, const __half *, const __half *, int, int)"
39450917,39472039,"k_gemv_fp16(__half *, const __half *, const __half *, const __half *, int, int)"
39473511,39474567,"k_gelu(__half *, unsigned long long)"
39476103,39499561,"k_gemv_fp16(__half *, const __half *, const __half *, const __half *, int, int)"
39501065,39502057,"k_add(__half *, const __half *, unsigned long long)"
39504137,39507561,"k_layernorm(__half *, const __half *, const __half *, const __half *, int, int)"
39509033,39525579,"k_gemv_fp16(__half *, const __half *, const __half *, const __half *, int, int)"
39527082,39528203,"k_kv_append(__half *, __half *, const __half *, int, int)"
39529643,39595375,"k_attn_decode(__half *, const __half *, const __half *, const __half *, int, int)"
39597519,39604496,"k_gemv_fp16(__half *, const __half *, const __half *, const __half *, int, int)"
39605936,39606960,"k_add(__half *, const __half *, unsigned long long)"
39608432,39611856,"k_layernorm(__half *, const __half *, const __half *, const __half *, int, int)"
39613328,39634450,"k_gemv_fp16(__half *, const __half *, const __half *, const __half *, int, int)"
39636722,39637746,"k_gelu(__half *, unsigned long long)"
39639250,39662644,"k_gemv_fp16(__half *, const __half *, const __half *, const __half *, int, int)"
39664116,39665108,"k_add(__half *, const __half *, unsigned long long)"
39666580,39669940,"k_layernorm(__half *, const __half *, const __half *, const __half *, int, int)"
39672181,39688662,"k_gemv_fp16(__half *, const __half *, const __half *, const __half *, int, int)"
39690102,39691222,"k_kv_append(__half *, __half *, const __half *, int, int)"
39692662,39758427,"k_attn_decode(__half *, const __half *, const __half *, const __half *, int, int)"
39760027,39767003,"k_gemv_fp16(__half *, const __half *, const __half *, const __half *, int, int)"
39769115,39770107,"k_add(__half *, const __half *, unsigned long long)"
39771483,39774940,"k_layernorm(__half *, const __half *, const __half *, const __half *, int, int)"
39776412,39797533,"k_gemv_fp16(__half *, const __half *, const __half *, const __half *, int, int)"
39799037,39800093,"k_gelu(__half *, unsigned long long)"
39802366,39825727,"k_gemv_fp16(__half *, const __half *, const __half *, const __half *, int, int)"
39827776,39828800,"k_add(__half *, const __half *, unsigned long long)"
39830304,39833696,"k_layernorm(__half *, const __half *, const __half *, const __half *, int, int)"
39835136,39851585,"k_gemv_fp16(__half *, const __half *, const __half *, const __half *, int, int)"
39853665,39854785,"k_kv_append(__half *, __half *, const __half *, int, int)"
39856225,39922054,"k_attn_decode(__half *, const __half *, const __half *, const __half *, int, int)"
39923462,39930471,"k_gemv_fp16(__half *, const __half *, const __half *, const __half *, int, int)"
39931975,39932967,"k_add(__half *, const __half *, unsigned long long)"
39934983,39938279,"k_layernorm(__half *, const __half *, const __half *, const __half *, int, int)"
39939655,39960777,"k_gemv_fp16(__half *, const __half *, const __half *, const __half *, int, int)"
39997899,39998955,"k_gelu(__half *, unsigned long long)"
40000459,40023949,"k_gemv_fp16(__half *, const __half *, const __half *, const __half *, int, int)"
40082705,40083729,"k_add(__half *, const __half *, unsigned long long)"
40085329,40088690,"k_layernorm(__half *, const __half *, const __half *, const __half *, int, int)"
40090162,40106675,"k_gemv_fp16(__half *, const __half *, const __half *, const __half *, int, int)"
40137269,40138389,"k_kv_append(__half *, __half *, const __half *, int, int)"
40140501,40206842,"k_attn_decode(__half *, const __half *, const __half *, const __half *, int, int)"
40208410,40215386,"k_gemv_fp16(__half *, const __half *, const __half *, const __half *, int, int)"
40216858,40217850,"k_add(__half *, const __half *, unsigned long long)"
40219163,40222491,"k_layernorm(__half *, const __half *, const __half *, const __half *, int, int)"
40224635,40245789,"k_gemv_fp16(__half *, const __half *, const __half *, const __half *, int, int)"
40247357,40248381,"k_gelu(__half *, unsigned long long)"
40249949,40273534,"k_gemv_fp16(__half *, const __half *, const __half *, const __half *, int, int)"
40275071,40276063,"k_add(__half *, const __half *, unsigned long long)"
40278207,40281535,"k_layernorm(__half *, const __half *, const __half *, const __half *, int, int)"
40283039,40299552,"k_gemv_fp16(__half *, const __half *, const __half *, const __half *, int, int)"
40300992,40302112,"k_kv_append(__half *, __half *, const __half *, int, int)"
40303552,40369253,"k_attn_decode(__half *, const __half *, const __half *, const __half *, int, int)"
40371397,40378342,"k_gemv_fp16(__half *, const __half *, const __half *, const __half *, int, int)"
40379782,40380774,"k_add(__half *, const __half *, unsigned long long)"
40382214,40385510,"k_layernorm(__half *, const __half *, const __half *, const __half *, int, int)"
40386854,40407976,"k_gemv_fp16(__half *, const __half *, const __half *, const __half *, int, int)"
40410024,40411080,"k_gelu(__half *, unsigned long long)"
40412488,40435914,"k_gemv_fp16(__half *, const __half *, const __half *, const __half *, int, int)"
40437418,40438410,"k_add(__half *, const __half *, unsigned long long)"
40439946,40443306,"k_layernorm(__half *, const __half *, const __half *, const __half *, int, int)"
40445418,40461963,"k_gemv_fp16(__half *, const __half *, const __half *, const __half *, int, int)"
40463468,40464588,"k_kv_append(__half *, __half *, const __half *, int, int)"
40465996,40531760,"k_attn_decode(__half *, const __half *, const __half *, const __half *, int, int)"
40533584,40540529,"k_gemv_fp16(__half *, const __half *, const __half *, const __half *, int, int)"
40542737,40543761,"k_add(__half *, const __half *, unsigned long long)"
40545073,40548369,"k_layernorm(__half *, const __half *, const __half *, const __half *, int, int)"
40549874,40570995,"k_gemv_fp16(__half *, const __half *, const __half *, const __half *, int, int)"
40572563,40573619,"k_gelu(__half *, unsigned long long)"
40575699,40599541,"k_gemv_fp16(__half *, const __half *, const __half *, const __half *, int, int)"
40601077,40602069,"k_add(__half *, const __half *, unsigned long long)"
40603509,40606838,"k_layernorm(__half *, const __half *, const __half *, const __half *, int, int)"
40608278,40624791,"k_gemv_fp16(__half *, const __half *, const __half *, const __half *, int, int)"
40626903,40628023,"k_kv_append(__half *, __half *, const __half *, int, int)"
40629559,40695388,"k_attn_decode(__half *, const __half *, const __half *, const __half *, int, int)"
40696828,40703868,"k_gemv_fp16(__half *, const __half *, const __half *, const __half *, int, int)"
40705404,40706397,"k_add(__half *, const __half *, unsigned long long)"
40709021,40712349,"k_layernorm(__half *, const __half *, const __half *, const __half *, int, int)"
40713853,40734942,"k_gemv_fp16(__half *, const __half *, const __half *, const __half *, int, int)"
40825029,40826085,"k_gelu(__half *, unsigned long long)"
40827717,40851079,"k_gemv_fp16(__half *, const __half *, const __half *, const __half *, int, int)"
40853287,40854279,"k_add(__half *, const __half *, unsigned long long)"
40884649,40887945,"k_layernorm(__half *, const __half *, const __half *, const __half *, int, int)"
40889481,40905962,"k_gemv_fp16(__half *, const __half *, const __half *, const __half *, int, int)"
40907434,40908555,"k_kv_append(__half *, __half *, const __half *, int, int)"
40910635,40976303,"k_attn_decode(__half *, const __half *, const __half *, const __half *, int, int)"
40977807,40984784,"k_gemv_fp16(__half *, const __half *, const __half *, const __half *, int, int)"
40986320,40987312,"k_add(__half *, const __half *, unsigned long long)"
40988784,40992208,"k_layernorm(__half *, const __half *, const __half *, const __half *, int, int)"
40994320,41015442,"k_gemv_fp16(__half *, const __half *, const __half *, const __half *, int, int)"
41016946,41018002,"k_gelu(__half *, unsigned long long)"
41019442,41042772,"k_gemv_fp16(__half *, const __half *, const __half *, const __half *, int, int)"
41044212,41045204,"k_add(__half *, const __half *, unsigned long long)"
41047348,41050676,"k_layernorm(__half *, const __half *, const __half *, const __half *, int, int)"
41052308,41363882,"k_gemv_fp16(__half *, const __half *, const __half *, const __half *, int, int)"
41404109,41405517,"k_embed_one(__half *, const __half *, const __half *, int, int)"
41433551,41436879,"k_layernorm(__half *, const __half *, const __half *, const __half *, int, int)"
41439727,41456304,"k_gemv_fp16(__half *, const __half *, const __half *, const __half *, int, int)"
41457809,41458897,"k_kv_append(__half *, __half *, const __half *, int, int)"
41460337,41526166,"k_attn_decode(__half *, const __half *, const __half *, const __half *, int, int)"
41527669,41534614,"k_gemv_fp16(__half *, const __half *, const __half *, const __half *, int, int)"
41536502,41537494,"k_add(__half *, const __half *, unsigned long long)"
41538806,41542134,"k_layernorm(__half *, const __half *, const __half *, const __half *, int, int)"
41543447,41564664,"k_gemv_fp16(__half *, const __half *, const __half *, const __half *, int, int)"
41566104,41567160,"k_gelu(__half *, unsigned long long)"
41569144,41592666,"k_gemv_fp16(__half *, const __half *, const __half *, const __half *, int, int)"
41594202,41595226,"k_add(__half *, const __half *, unsigned long long)"
41596538,41599867,"k_layernorm(__half *, const __half *, const __half *, const __half *, int, int)"
41601179,41617692,"k_gemv_fp16(__half *, const __half *, const __half *, const __half *, int, int)"
41619676,41620796,"k_kv_append(__half *, __half *, const __half *, int, int)"
41622108,41687841,"k_attn_decode(__half *, const __half *, const __half *, const __half *, int, int)"
41689313,41696353,"k_gemv_fp16(__half *, const __half *, const __half *, const __half *, int, int)"
41697697,41698689,"k_add(__half *, const __half *, unsigned long long)"
41700513,41703874,"k_layernorm(__half *, const __half *, const __half *, const __half *, int, int)"
41705250,41726563,"k_gemv_fp16(__half *, const __half *, const __half *, const __half *, int, int)"
41727971,41729027,"k_gelu(__half *, unsigned long long)"
41730435,41753989,"k_gemv_fp16(__half *, const __half *, const __half *, const __half *, int, int)"
41755781,41756805,"k_add(__half *, const __half *, unsigned long long)"
41758118,41761446,"k_layernorm(__half *, const __half *, const __half *, const __half *, int, int)"
41762854,41779495,"k_gemv_fp16(__half *, const __half *, const __half *, const __half *, int, int)"
41780839,41781959,"k_kv_append(__half *, __half *, const __half *, int, int)"
41784039,41849452,"k_attn_decode(__half *, const __half *, const __half *, const __half *, int, int)"
41850892,41857900,"k_gemv_fp16(__half *, const __half *, const __half *, const __half *, int, int)"
41859276,41860301,"k_add(__half *, const __half *, unsigned long long)"
41861709,41865037,"k_layernorm(__half *, const __half *, const __half *, const __half *, int, int)"
41866861,41888046,"k_gemv_fp16(__half *, const __half *, const __half *, const __half *, int, int)"
41889519,41890575,"k_gelu(__half *, unsigned long long)"
41891983,41915344,"k_gemv_fp16(__half *, const __half *, const __half *, const __half *, int, int)"
41916689,41917713,"k_add(__half *, const __half *, unsigned long long)"
41919601,41922929,"k_layernorm(__half *, const __half *, const __half *, const __half *, int, int)"
41924337,41940850,"k_gemv_fp16(__half *, const __half *, const __half *, const __half *, int, int)"
41942674,41943762,"k_kv_append(__half *, __half *, const __half *, int, int)"
41945106,42010935,"k_attn_decode(__half *, const __half *, const __half *, const __half *, int, int)"
42012855,42019832,"k_gemv_fp16(__half *, const __half *, const __half *, const __half *, int, int)"
42021304,42022296,"k_add(__half *, const __half *, unsigned long long)"
42023608,42026936,"k_layernorm(__half *, const __half *, const __half *, const __half *, int, int)"
42028248,42049338,"k_gemv_fp16(__half *, const __half *, const __half *, const __half *, int, int)"
42051450,42052506,"k_gelu(__half *, unsigned long long)"
42053946,42077340,"k_gemv_fp16(__half *, const __half *, const __half *, const __half *, int, int)"
42078748,42079772,"k_add(__half *, const __half *, unsigned long long)"
42081212,42084604,"k_layernorm(__half *, const __half *, const __half *, const __half *, int, int)"
42086524,42102973,"k_gemv_fp16(__half *, const __half *, const __half *, const __half *, int, int)"
42104414,42105534,"k_kv_append(__half *, __half *, const __half *, int, int)"
42106974,42172994,"k_attn_decode(__half *, const __half *, const __half *, const __half *, int, int)"
42174466,42181443,"k_gemv_fp16(__half *, const __half *, const __half *, const __half *, int, int)"
42183363,42184355,"k_add(__half *, const __half *, unsigned long long)"
42185635,42188963,"k_layernorm(__half *, const __half *, const __half *, const __half *, int, int)"
42190339,42211461,"k_gemv_fp16(__half *, const __half *, const __half *, const __half *, int, int)"
42212837,42213861,"k_gelu(__half *, unsigned long long)"
42215717,42239143,"k_gemv_fp16(__half *, const __half *, const __half *, const __half *, int, int)"
42240519,42241511,"k_add(__half *, const __half *, unsigned long long)"
42242919,42246279,"k_layernorm(__half *, const __half *, const __half *, const __half *, int, int)"
42247719,42264201,"k_gemv_fp16(__half *, const __half *, const __half *, const __half *, int, int)"
42266121,42267209,"k_kv_append(__half *, __half *, const __half *, int, int)"
42268585,42334573,"k_attn_decode(__half *, const __half *, const __half *, const __half *, int, int)"
42335950,42342894,"k_gemv_fp16(__half *, const __half *, const __half *, const __half *, int, int)"
42344334,42345358,"k_add(__half *, const __half *, unsigned long long)"
42347151,42350479,"k_layernorm(__half *, const __half *, const __half *, const __half *, int, int)"
42352015,42373040,"k_gemv_fp16(__half *, const __half *, const __half *, const __half *, int, int)"
42374544,42375568,"k_gelu(__half *, unsigned long long)"
42376848,42400274,"k_gemv_fp16(__half *, const __half *, const __half *, const __half *, int, int)"
42402194,42403218,"k_add(__half *, const __half *, unsigned long long)"
42404690,42408019,"k_layernorm(__half *, const __half *, const __half *, const __half *, int, int)"
42409459,42425972,"k_gemv_fp16(__half *, const __half *, const __half *, const __half *, int, int)"
42427380,42428500,"k_kv_append(__half *, __half *, const __half *, int, int)"
42430484,42495865,"k_attn_decode(__half *, const __half *, const __half *, const __half *, int, int)"
42497305,42504249,"k_gemv_fp16(__half *, const __half *, const __half *, const __half *, int, int)"
42505722,42506713,"k_add(__half *, const __half *, unsigned long long)"
42507994,42511290,"k_layernorm(__half *, const __half *, const __half *, const __half *, int, int)"
42513210,42534299,"k_gemv_fp16(__half *, const __half *, const __half *, const __half *, int, int)"
42535836,42536892,"k_gelu(__half *, unsigned long long)"
42538300,42561821,"k_gemv_fp16(__half *, const __half *, const __half *, const __half *, int, int)"
42563294,42564285,"k_add(__half *, const __half *, unsigned long long)"
42566174,42569502,"k_layernorm(__half *, const __half *, const __half *, const __half *, int, int)"
42570910,42587391,"k_gemv_fp16(__half *, const __half *, const __half *, const __half *, int, int)"
42588767,42589887,"k_kv_append(__half *, __half *, const __half *, int, int)"
42591391,42657156,"k_attn_decode(__half *, const __half *, const __half *, const __half *, int, int)"
42659140,42666084,"k_gemv_fp16(__half *, const __half *, const __half *, const __half *, int, int)"
42667589,42668581,"k_add(__half *, const __half *, unsigned long long)"
42669893,42673221,"k_layernorm(__half *, const __half *, const __half *, const __half *, int, int)"
42674565,42695623,"k_gemv_fp16(__half *, const __half *, const __half *, const __half *, int, int)"
42697959,42698983,"k_gelu(__half *, unsigned long long)"
42700423,42723849,"k_gemv_fp16(__half *, const __half *, const __half *, const __half *, int, int)"
42725193,42726185,"k_add(__half *, const __half *, unsigned long long)"
42727593,42730921,"k_layernorm(__half *, const __half *, const __half *, const __half *, int, int)"
42732809,42749514,"k_gemv_fp16(__half *, const __half *, const __half *, const __half *, int, int)"
42750891,42752011,"k_kv_append(__half *, __half *, const __half *, int, int)"
42753451,42818927,"k_attn_decode(__half *, const __half *, const __half *, const __half *, int, int)"
42820303,42827280,"k_gemv_fp16(__half *, const __half *, const __half *, const __half *, int, int)"
42829200,42830192,"k_add(__half *, const __half *, unsigned long long)"
42831472,42834768,"k_layernorm(__half *, const __half *, const __half *, const __half *, int, int)"
42836176,42857330,"k_gemv_fp16(__half *, const __half *, const __half *, const __half *, int, int)"
42858706,42859730,"k_gelu(__half *, unsigned long long)"
42861810,42885364,"k_gemv_fp16(__half *, const __half *, const __half *, const __half *, int, int)"
42886804,42887796,"k_add(__half *, const __half *, unsigned long long)"
42889268,42892596,"k_layernorm(__half *, const __half *, const __half *, const __half *, int, int)"
42894005,42910774,"k_gemv_fp16(__half *, const __half *, const __half *, const __half *, int, int)"
42912918,42914038,"k_kv_append(__half *, __half *, const __half *, int, int)"
42915446,42981082,"k_attn_decode(__half *, const __half *, const __half *, const __half *, int, int)"
42982523,42989339,"k_gemv_fp16(__half *, const __half *, const __half *, const __half *, int, int)"
42990715,42991739,"k_add(__half *, const __half *, unsigned long long)"
42993691,42996987,"k_layernorm(__half *, const __half *, const __half *, const __half *, int, int)"
42998396,43019517,"k_gemv_fp16(__half *, const __half *, const __half *, const __half *, int, int)"
43021533,43022589,"k_gelu(__half *, unsigned long long)"
43024062,43047423,"k_gemv_fp16(__half *, const __half *, const __half *, const __half *, int, int)"
43049471,43050495,"k_add(__half *, const __half *, unsigned long long)"
43051871,43055232,"k_layernorm(__half *, const __half *, const __half *, const __half *, int, int)"
43056640,43073121,"k_gemv_fp16(__half *, const __half *, const __half *, const __half *, int, int)"
43074465,43075585,"k_kv_append(__half *, __half *, const __half *, int, int)"
43077633,43143078,"k_attn_decode(__half *, const __half *, const __half *, const __half *, int, int)"
43144454,43151494,"k_gemv_fp16(__half *, const __half *, const __half *, const __half *, int, int)"
43152902,43153894,"k_add(__half *, const __half *, unsigned long long)"
43155302,43158631,"k_layernorm(__half *, const __half *, const __half *, const __half *, int, int)"
43160487,43181609,"k_gemv_fp16(__half *, const __half *, const __half *, const __half *, int, int)"
43183048,43184073,"k_gelu(__half *, unsigned long long)"
43185417,43208842,"k_gemv_fp16(__half *, const __half *, const __half *, const __half *, int, int)"
43210218,43211210,"k_add(__half *, const __half *, unsigned long long)"
43213163,43216459,"k_layernorm(__half *, const __half *, const __half *, const __half *, int, int)"
43217867,43234348,"k_gemv_fp16(__half *, const __half *, const __half *, const __half *, int, int)"
43235724,43236844,"k_kv_append(__half *, __half *, const __half *, int, int)"
43238252,43304241,"k_attn_decode(__half *, const __half *, const __half *, const __half *, int, int)"
43306225,43313170,"k_gemv_fp16(__half *, const __half *, const __half *, const __half *, int, int)"
43314546,43315570,"k_add(__half *, const __half *, unsigned long long)"
43316978,43320306,"k_layernorm(__half *, const __half *, const __half *, const __half *, int, int)"
43321618,43342772,"k_gemv_fp16(__half *, const __half *, const __half *, const __half *, int, int)"
43344724,43345780,"k_gelu(__half *, unsigned long long)"
43347220,43370614,"k_gemv_fp16(__half *, const __half *, const __half *, const __half *, int, int)"
43372022,43373014,"k_add(__half *, const __half *, unsigned long long)"
43374422,43377750,"k_layernorm(__half *, const __half *, const __half *, const __half *, int, int)"
43379606,43691180,"k_gemv_fp16(__half *, const __half *, const __half *, const __half *, int, int)"
43723150,43724686,"k_embed_one(__half *, const __half *, const __half *, int, int)"
43730479,43733839,"k_layernorm(__half *, const __half *, const __half *, const __half *, int, int)"
43735919,43752432,"k_gemv_fp16(__half *, const __half *, const __half *, const __half *, int, int)"
43754352,43755472,"k_kv_append(__half *, __half *, const __half *, int, int)"
43756880,43822421,"k_attn_decode(__half *, const __half *, const __half *, const __half *, int, int)"
43823925,43830870,"k_gemv_fp16(__half *, const __half *, const __half *, const __half *, int, int)"
43832246,43833238,"k_add(__half *, const __half *, unsigned long long)"
43835990,43839350,"k_layernorm(__half *, const __half *, const __half *, const __half *, int, int)"
43840694,43861848,"k_gemv_fp16(__half *, const __half *, const __half *, const __half *, int, int)"
43863864,43864888,"k_gelu(__half *, unsigned long long)"
43866296,43889946,"k_gemv_fp16(__half *, const __half *, const __half *, const __half *, int, int)"
43892122,43893114,"k_add(__half *, const __half *, unsigned long long)"
43894426,43897754,"k_layernorm(__half *, const __half *, const __half *, const __half *, int, int)"
43899162,43915740,"k_gemv_fp16(__half *, const __half *, const __half *, const __half *, int, int)"
43917212,43918332,"k_kv_append(__half *, __half *, const __half *, int, int)"
43920508,43986112,"k_attn_decode(__half *, const __half *, const __half *, const __half *, int, int)"
43987712,43994753,"k_gemv_fp16(__half *, const __half *, const __half *, const __half *, int, int)"
43996321,43997313,"k_add(__half *, const __half *, unsigned long long)"
43998721,44002081,"k_layernorm(__half *, const __half *, const __half *, const __half *, int, int)"
44004097,44025315,"k_gemv_fp16(__half *, const __half *, const __half *, const __half *, int, int)"
44026787,44027843,"k_gelu(__half *, unsigned long long)"
44029411,44052901,"k_gemv_fp16(__half *, const __half *, const __half *, const __half *, int, int)"
44054309,44055333,"k_add(__half *, const __half *, unsigned long long)"
44057445,44060773,"k_layernorm(__half *, const __half *, const __half *, const __half *, int, int)"
44062374,44079111,"k_gemv_fp16(__half *, const __half *, const __half *, const __half *, int, int)"
44080583,44081703,"k_kv_append(__half *, __half *, const __half *, int, int)"
44083143,44148236,"k_attn_decode(__half *, const __half *, const __half *, const __half *, int, int)"
44150572,44157548,"k_gemv_fp16(__half *, const __half *, const __half *, const __half *, int, int)"
44158956,44159948,"k_add(__half *, const __half *, unsigned long long)"
44161517,44164845,"k_layernorm(__half *, const __half *, const __half *, const __half *, int, int)"
44166189,44187310,"k_gemv_fp16(__half *, const __half *, const __half *, const __half *, int, int)"
44189358,44190414,"k_gelu(__half *, unsigned long long)"
44191791,44215248,"k_gemv_fp16(__half *, const __half *, const __half *, const __half *, int, int)"
44216688,44217712,"k_add(__half *, const __half *, unsigned long long)"
44219088,44222545,"k_layernorm(__half *, const __half *, const __half *, const __half *, int, int)"
44224977,44241298,"k_gemv_fp16(__half *, const __half *, const __half *, const __half *, int, int)"
44242706,44243826,"k_kv_append(__half *, __half *, const __half *, int, int)"
44245266,44311191,"k_attn_decode(__half *, const __half *, const __half *, const __half *, int, int)"
44312663,44319607,"k_gemv_fp16(__half *, const __half *, const __half *, const __half *, int, int)"
44321752,44322744,"k_add(__half *, const __half *, unsigned long long)"
44324120,44327480,"k_layernorm(__half *, const __half *, const __half *, const __half *, int, int)"
44328984,44350041,"k_gemv_fp16(__half *, const __half *, const __half *, const __half *, int, int)"
44351674,44352698,"k_gelu(__half *, unsigned long long)"
44354874,44378268,"k_gemv_fp16(__half *, const __half *, const __half *, const __half *, int, int)"
44379804,44380796,"k_add(__half *, const __half *, unsigned long long)"
44382300,44385692,"k_layernorm(__half *, const __half *, const __half *, const __half *, int, int)"
44387100,44403709,"k_gemv_fp16(__half *, const __half *, const __half *, const __half *, int, int)"
44406205,44407326,"k_kv_append(__half *, __half *, const __half *, int, int)"
44408830,44474402,"k_attn_decode(__half *, const __half *, const __half *, const __half *, int, int)"
44475874,44482851,"k_gemv_fp16(__half *, const __half *, const __half *, const __half *, int, int)"
44484387,44485411,"k_add(__half *, const __half *, unsigned long long)"
44487299,44490627,"k_layernorm(__half *, const __half *, const __half *, const __half *, int, int)"
44492164,44513285,"k_gemv_fp16(__half *, const __half *, const __half *, const __half *, int, int)"
44514693,44515749,"k_gelu(__half *, unsigned long long)"
44517221,44540647,"k_gemv_fp16(__half *, const __half *, const __half *, const __half *, int, int)"
44542887,44543879,"k_add(__half *, const __half *, unsigned long long)"
44545255,44548679,"k_layernorm(__half *, const __half *, const __half *, const __half *, int, int)"
44550119,44566601,"k_gemv_fp16(__half *, const __half *, const __half *, const __half *, int, int)"
44568137,44569225,"k_kv_append(__half *, __half *, const __half *, int, int)"
44571337,44637326,"k_attn_decode(__half *, const __half *, const __half *, const __half *, int, int)"
44638830,44645710,"k_gemv_fp16(__half *, const __half *, const __half *, const __half *, int, int)"
44647246,44648238,"k_add(__half *, const __half *, unsigned long long)"
44649614,44652943,"k_layernorm(__half *, const __half *, const __half *, const __half *, int, int)"
44655087,44676240,"k_gemv_fp16(__half *, const __half *, const __half *, const __half *, int, int)"
44678160,44679216,"k_gelu(__half *, unsigned long long)"
44680721,44704114,"k_gemv_fp16(__half *, const __half *, const __half *, const __half *, int, int)"
44705650,44706642,"k_add(__half *, const __half *, unsigned long long)"
44709075,44712403,"k_layernorm(__half *, const __half *, const __half *, const __half *, int, int)"
44713811,44730580,"k_gemv_fp16(__half *, const __half *, const __half *, const __half *, int, int)"
44732212,44733300,"k_kv_append(__half *, __half *, const __half *, int, int)"
44734996,44800537,"k_attn_decode(__half *, const __half *, const __half *, const __half *, int, int)"
44802745,44809593,"k_gemv_fp16(__half *, const __half *, const __half *, const __half *, int, int)"
44811130,44812122,"k_add(__half *, const __half *, unsigned long long)"
44813466,44816762,"k_layernorm(__half *, const __half *, const __half *, const __half *, int, int)"
44818202,44839484,"k_gemv_fp16(__half *, const __half *, const __half *, const __half *, int, int)"
44841724,44842748,"k_gelu(__half *, unsigned long long)"
44844220,44867613,"k_gemv_fp16(__half *, const __half *, const __half *, const __half *, int, int)"
44869054,44870078,"k_add(__half *, const __half *, unsigned long long)"
44871614,44874942,"k_layernorm(__half *, const __half *, const __half *, const __half *, int, int)"
44877118,44893631,"k_gemv_fp16(__half *, const __half *, const __half *, const __half *, int, int)"
44895359,44896448,"k_kv_append(__half *, __half *, const __half *, int, int)"
44898016,44964228,"k_attn_decode(__half *, const __half *, const __half *, const __half *, int, int)"
44965796,44972741,"k_gemv_fp16(__half *, const __half *, const __half *, const __half *, int, int)"
44974981,44975973,"k_add(__half *, const __half *, unsigned long long)"
44977445,44980773,"k_layernorm(__half *, const __half *, const __half *, const __half *, int, int)"
44982181,45003239,"k_gemv_fp16(__half *, const __half *, const __half *, const __half *, int, int)"
45004935,45005991,"k_gelu(__half *, unsigned long long)"
45008231,45031753,"k_gemv_fp16(__half *, const __half *, const __half *, const __half *, int, int)"
45033673,45034665,"k_add(__half *, const __half *, unsigned long long)"
45036137,45039497,"k_layernorm(__half *, const __half *, const __half *, const __half *, int, int)"
45041034,45057547,"k_gemv_fp16(__half *, const __half *, const __half *, const __half *, int, int)"
45060203,45061323,"k_kv_append(__half *, __half *, const __half *, int, int)"
45062827,45128400,"k_attn_decode(__half *, const __half *, const __half *, const __half *, int, int)"
45130064,45136912,"k_gemv_fp16(__half *, const __half *, const __half *, const __half *, int, int)"
45138320,45139345,"k_add(__half *, const __half *, unsigned long long)"
45141329,45144625,"k_layernorm(__half *, const __half *, const __half *, const __half *, int, int)"
45146129,45167218,"k_gemv_fp16(__half *, const __half *, const __half *, const __half *, int, int)"
45168819,45169875,"k_gelu(__half *, unsigned long long)"
45171411,45194804,"k_gemv_fp16(__half *, const __half *, const __half *, const __half *, int, int)"
45197076,45198101,"k_add(__half *, const __half *, unsigned long long)"
45199573,45202933,"k_layernorm(__half *, const __half *, const __half *, const __half *, int, int)"
45204405,45220918,"k_gemv_fp16(__half *, const __half *, const __half *, const __half *, int, int)"
45222422,45223542,"k_kv_append(__half *, __half *, const __half *, int, int)"
45225910,45291259,"k_attn_decode(__half *, const __half *, const __half *, const __half *, int, int)"
45292763,45299740,"k_gemv_fp16(__half *, const __half *, const __half *, const __half *, int, int)"
45301372,45302396,"k_add(__half *, const __half *, unsigned long long)"
45303868,45307196,"k_layernorm(__half *, const __half *, const __half *, const __half *, int, int)"
45309372,45330462,"k_gemv_fp16(__half *, const __half *, const __half *, const __half *, int, int)"
45331998,45333054,"k_gelu(__half *, unsigned long long)"
45334558,45357951,"k_gemv_fp16(__half *, const __half *, const __half *, const __half *, int, int)"
45359392,45360416,"k_add(__half *, const __half *, unsigned long long)"
45362560,45365920,"k_layernorm(__half *, const __half *, const __half *, const __half *, int, int)"
45367424,45383905,"k_gemv_fp16(__half *, const __half *, const __half *, const __half *, int, int)"
45385474,45386561,"k_kv_append(__half *, __half *, const __half *, int, int)"
45388066,45454374,"k_attn_decode(__half *, const __half *, const __half *, const __half *, int, int)"
45456582,45463591,"k_gemv_fp16(__half *, const __half *, const __half *, const __half *, int, int)"
45465255,45466247,"k_add(__half *, const __half *, unsigned long long)"
45468007,45471335,"k_layernorm(__half *, const __half *, const __half *, const __half *, int, int)"
45472807,45493961,"k_gemv_fp16(__half *, const __half *, const __half *, const __half *, int, int)"
45496233,45497289,"k_gelu(__half *, unsigned long long)"
45498825,45522187,"k_gemv_fp16(__half *, const __half *, const __half *, const __half *, int, int)"
45523691,45524683,"k_add(__half *, const __half *, unsigned long long)"
45526091,45529419,"k_layernorm(__half *, const __half *, const __half *, const __half *, int, int)"
45531532,45547981,"k_gemv_fp16(__half *, const __half *, const __half *, const __half *, int, int)"
45549581,45550669,"k_kv_append(__half *, __half *, const __half *, int, int)"
45552109,45617553,"k_attn_decode(__half *, const __half *, const __half *, const __half *, int, int)"
45619058,45626034,"k_gemv_fp16(__half *, const __half *, const __half *, const __half *, int, int)"
45628114,45629138,"k_add(__half *, const __half *, unsigned long long)"
45630483,45633843,"k_layernorm(__half *, const __half *, const __half *, const __half *, int, int)"
45635251,45656340,"k_gemv_fp16(__half *, const __half *, const __half *, const __half *, int, int)"
45657844,45658901,"k_gelu(__half *, unsigned long long)"
45661013,45684502,"k_gemv_fp16(__half *, const __half *, const __half *, const __half *, int, int)"
45686038,45687030,"k_add(__half *, const __half *, unsigned long long)"
45688567,45691895,"k_layernorm(__half *, const __half *, const __half *, const __half *, int, int)"
45693335,46005228,"k_gemv_fp16(__half *, const __half *, const __half *, const __half *, int, int)"
46043375,46044911,"k_embed_one(__half *, const __half *, const __half *, int, int)"
46074769,46078098,"k_layernorm(__half *, const __half *, const __half *, const __half *, int, int)"
46080562,46097299,"k_gemv_fp16(__half *, const __half *, const __half *, const __half *, int, int)"
46098739,46099859,"k_kv_append(__half *, __half *, const __half *, int, int)"
46101907,46168024,"k_attn_decode(__half *, const __half *, const __half *, const __half *, int, int)"
46169496,46176472,"k_gemv_fp16(__half *, const __half *, const __half *, const __half *, int, int)"
46178009,46179001,"k_add(__half *, const __half *, unsigned long long)"
46180409,46183737,"k_layernorm(__half *, const __half *, const __half *, const __half *, int, int)"
46185881,46207131,"k_gemv_fp16(__half *, const __half *, const __half *, const __half *, int, int)"
46208699,46209755,"k_gelu(__half *, unsigned long long)"
46211195,46234652,"k_gemv_fp16(__half *, const __half *, const __half *, const __half *, int, int)"
46236157,46237181,"k_add(__half *, const __half *, unsigned long long)"
46239325,46242653,"k_layernorm(__half *, const __half *, const __half *, const __half *, int, int)"
46244157,46260702,"k_gemv_fp16(__half *, const __half *, const __half *, const __half *, int, int)"
46262014,46263102,"k_kv_append(__half *, __half *, const __half *, int, int)"
46264607,46330435,"k_attn_decode(__half *, const __half *, const __half *, const __half *, int, int)"
46332483,46339524,"k_gemv_fp16(__half *, const __half *, const __half *, const __half *, int, int)"
46340900,46341892,"k_add(__half *, const __half *, unsigned long long)"
46343332,46346692,"k_layernorm(__half *, const __half *, const __half *, const __half *, int, int)"
46348100,46369382,"k_gemv_fp16(__half *, const __half *, const __half *, const __half *, int, int)"
46371334,46372358,"k_gelu(__half *, unsigned long long)"
46373734,46397224,"k_gemv_fp16(__half *, const __half *, const __half *, const __half *, int, int)"
46398536,46399528,"k_add(__half *, const __half *, unsigned long long)"
46400936,46404264,"k_layernorm(__half *, const __half *, const __half *, const __half *, int, int)"
46406088,46422570,"k_gemv_fp16(__half *, const __half *, const __half *, const __half *, int, int)"
46423978,46425066,"k_kv_append(__half *, __half *, const __half *, int, int)"
46426410,46492206,"k_attn_decode(__half *, const __half *, const __half *, const __half *, int, int)"
46493646,46500591,"k_gemv_fp16(__half *, const __half *, const __half *, const __half *, int, int)"
46502639,46503631,"k_add(__half *, const __half *, unsigned long long)"
46504943,46508271,"k_layernorm(__half *, const __half *, const __half *, const __half *, int, int)"
46509616,46530769,"k_gemv_fp16(__half *, const __half *, const __half *, const __half *, int, int)"
46532145,46533201,"k_gelu(__half *, unsigned long long)"
46535089,46558483,"k_gemv_fp16(__half *, const __half *, const __half *, const __half *, int, int)"
46559827,46560819,"k_add(__half *, const __half *, unsigned long long)"
46562195,46565555,"k_layernorm(__half *, const __half *, const __half *, const __half *, int, int)"
46566963,46583445,"k_gemv_fp16(__half *, const __half *, const __half *, const __half *, int, int)"
46585365,46586485,"k_kv_append(__half *, __half *, const __half *, int, int)"
46587797,46653369,"k_attn_decode(__half *, const __half *, const __half *, const __half *, int, int)"
46655066,46662010,"k_gemv_fp16(__half *, const __half *, const __half *, const __half *, int, int)"
46663450,46664442,"k_add(__half *, const __half *, unsigned long long)"
46666363,46669723,"k_layernorm(__half *, const __half *, const __half *, const __half *, int, int)"
46671035,46692124,"k_gemv_fp16(__half *, const __half *, const __half *, const __half *, int, int)"
46693532,46694588,"k_gelu(__half *, unsigned long long)"
46695933,46719358,"k_gemv_fp16(__half *, const __half *, const __half *, const __half *, int, int)"
46721566,46722590,"k_add(__half *, const __half *, unsigned long long)"
46723935,46727263,"k_layernorm(__half *, const __half *, const __half *, const __half *, int, int)"
46728543,46745024,"k_gemv_fp16(__half *, const __half *, const __half *, const __half *, int, int)"
46746368,46747488,"k_kv_append(__half *, __half *, const __half *, int, int)"
46749344,46815237,"k_attn_decode(__half *, const __half *, const __half *, const __half *, int, int)"
46816613,46823589,"k_gemv_fp16(__half *, const __half *, const __half *, const __half *, int, int)"
46824901,46825926,"k_add(__half *, const __half *, unsigned long long)"
46827270,46830726,"k_layernorm(__half *, const __half *, const __half *, const __half *, int, int)"
46832614,46853767,"k_gemv_fp16(__half *, const __half *, const __half *, const __half *, int, int)"
46855239,46856264,"k_gelu(__half *, unsigned long long)"
46857704,46881033,"k_gemv_fp16(__half *, const __half *, const __half *, const __half *, int, int)"
46882410,46883401,"k_add(__half *, const __half *, unsigned long long)"
46885258,46888650,"k_layernorm(__half *, const __half *, const __half *, const __half *, int, int)"
46889962,46906443,"k_gemv_fp16(__half *, const __half *, const __half *, const __half *, int, int)"
46907883,46909003,"k_kv_append(__half *, __half *, const __half *, int, int)"
46910379,46976112,"k_attn_decode(__half *, const __half *, const __half *, const __half *, int, int)"
46978192,46985169,"k_gemv_fp16(__half *, const __half *, const __half *, const __half *, int, int)"
46986673,46987665,"k_add(__half *, const __half *, unsigned long long)"
46989041,46992369,"k_layernorm(__half *, const __half *, const __half *, const __half *, int, int)"
46993713,47014771,"k_gemv_fp16(__half *, const __half *, const __half *, const __half *, int, int)"
47016787,47017811,"k_gelu(__half *, unsigned long long)"
47019379,47042805,"k_gemv_fp16(__half *, const __half *, const __half *, const __half *, int, int)"
47044085,47045109,"k_add(__half *, const __half *, unsigned long long)"
47046549,47050037,"k_layernorm(__half *, const __half *, const __half *, const __half *, int, int)"
47051957,47068566,"k_gemv_fp16(__half *, const __half *, const __half *, const __half *, int, int)"
47070006,47071126,"k_kv_append(__half *, __half *, const __half *, int, int)"
47072439,47137915,"k_attn_decode(__half *, const __half *, const __half *, const __half *, int, int)"
47139387,47146332,"k_gemv_fp16(__half *, const __half *, const __half *, const __half *, int, int)"
47148188,47149212,"k_add(__half *, const __half *, unsigned long long)"
47150460,47153756,"k_layernorm(__half *, const __half *, const __half *, const __half *, int, int)"
47155132,47176190,"k_gemv_fp16(__half *, const __half *, const __half *, const __half *, int, int)"
47177566,47178590,"k_gelu(__half *, unsigned long long)"
47180574,47204064,"k_gemv_fp16(__half *, const __half *, const __half *, const __half *, int, int)"
47205472,47206464,"k_add(__half *, const __half *, unsigned long long)"
47207904,47211264,"k_layernorm(__half *, const __half *, const __half *, const __half *, int, int)"
47212640,47229154,"k_gemv_fp16(__half *, const __half *, const __half *, const __half *, int, int)"
47231042,47232162,"k_kv_append(__half *, __half *, const __half *, int, int)"
47233538,47298950,"k_attn_decode(__half *, const __half *, const __half *, const __half *, int, int)"
47300423,47307399,"k_gemv_fp16(__half *, const __half *, const __half *, const __half *, int, int)"
47308807,47309831,"k_add(__half *, const __half *, unsigned long long)"
47311655,47314983,"k_layernorm(__half *, const __half *, const __half *, const __half *, int, int)"
47316360,47337449,"k_gemv_fp16(__half *, const __half *, const __half *, const __half *, int, int)"
47338889,47339945,"k_gelu(__half *, unsigned long long)"
47341321,47364715,"k_gemv_fp16(__half *, const __half *, const __half *, const __half *, int, int)"
47366667,47367659,"k_add(__half *, const __half *, unsigned long long)"
47369131,47372588,"k_layernorm(__half *, const __half *, const __half *, const __half *, int, int)"
47373964,47390349,"k_gemv_fp16(__half *, const __half *, const __half *, const __half *, int, int)"
47391757,47392877,"k_kv_append(__half *, __half *, const __half *, int, int)"
47394829,47460978,"k_attn_decode(__half *, const __half *, const __half *, const __half *, int, int)"
47462450,47469458,"k_gemv_fp16(__half *, const __half *, const __half *, const __half *, int, int)"
47470898,47471890,"k_add(__half *, const __half *, unsigned long long)"
47473234,47476563,"k_layernorm(__half *, const __half *, const __half *, const __half *, int, int)"
47478419,47499540,"k_gemv_fp16(__half *, const __half *, const __half *, const __half *, int, int)"
47501076,47502133,"k_gelu(__half *, unsigned long long)"
47503509,47526902,"k_gemv_fp16(__half *, const __half *, const __half *, const __half *, int, int)"
47528310,47529334,"k_add(__half *, const __half *, unsigned long long)"
47531255,47534583,"k_layernorm(__half *, const __half *, const __half *, const __half *, int, int)"
47536023,47552504,"k_gemv_fp16(__half *, const __half *, const __half *, const __half *, int, int)"
47553912,47555032,"k_kv_append(__half *, __half *, const __half *, int, int)"
47556440,47622173,"k_attn_decode(__half *, const __half *, const __half *, const __half *, int, int)"
47624093,47630941,"k_gemv_fp16(__half *, const __half *, const __half *, const __half *, int, int)"
47632446,47633438,"k_add(__half *, const __half *, unsigned long long)"
47634878,47638174,"k_layernorm(__half *, const __half *, const __half *, const __half *, int, int)"
47639518,47660575,"k_gemv_fp16(__half *, const __half *, const __half *, const __half *, int, int)"
47662528,47663552,"k_gelu(__half *, unsigned long long)"
47665120,47688513,"k_gemv_fp16(__half *, const __half *, const __half *, const __half *, int, int)"
47689954,47690946,"k_add(__half *, const __half *, unsigned long long)"
47692322,47695650,"k_layernorm(__half *, const __half *, const __half *, const __half *, int, int)"
47697666,47714147,"k_gemv_fp16(__half *, const __half *, const __half *, const __half *, int, int)"
47715459,47716579,"k_kv_append(__half *, __half *, const __half *, int, int)"
47717955,47783528,"k_attn_decode(__half *, const __half *, const __half *, const __half *, int, int)"
47784968,47791977,"k_gemv_fp16(__half *, const __half *, const __half *, const __half *, int, int)"
47793897,47794921,"k_add(__half *, const __half *, unsigned long long)"
47796297,47799625,"k_layernorm(__half *, const __half *, const __half *, const __half *, int, int)"
47801065,47822155,"k_gemv_fp16(__half *, const __half *, const __half *, const __half *, int, int)"
47823499,47824555,"k_gelu(__half *, unsigned long long)"
47826443,47849837,"k_gemv_fp16(__half *, const __half *, const __half *, const __half *, int, int)"
47851277,47852269,"k_add(__half *, const __half *, unsigned long long)"
47853677,47857005,"k_layernorm(__half *, const __half *, const __half *, const __half *, int, int)"
47858381,47874894,"k_gemv_fp16(__half *, const __half *, const __half *, const __half *, int, int)"
47876911,47878031,"k_kv_append(__half *, __half *, const __half *, int, int)"
47879439,47945267,"k_attn_decode(__half *, const __half *, const __half *, const __half *, int, int)"
47946771,47953748,"k_gemv_fp16(__half *, const __half *, const __half *, const __half *, int, int)"
47955092,47956116,"k_add(__half *, const __half *, unsigned long long)"
47958036,47961364,"k_layernorm(__half *, const __half *, const __half *, const __half *, int, int)"
47962772,47983990,"k_gemv_fp16(__half *, const __half *, const __half *, const __half *, int, int)"
47985430,47986454,"k_gelu(__half *, unsigned long long)"
47987830,48011192,"k_gemv_fp16(__half *, const __half *, const __half *, const __half *, int, int)"
48013112,48014136,"k_add(__half *, const __half *, unsigned long long)"
48015448,48018808,"k_layernorm(__half *, const __half *, const __half *, const __half *, int, int)"
48020121,48331662,"k_gemv_fp16(__half *, const __half *, const __half *, const __half *, int, int)"
48357072,48358480,"k_embed_one(__half *, const __half *, const __half *, int, int)"
48366417,48369745,"k_layernorm(__half *, const __half *, const __half *, const __half *, int, int)"
48373329,48389842,"k_gemv_fp16(__half *, const __half *, const __half *, const __half *, int, int)"
48391858,48392946,"k_kv_append(__half *, __half *, const __half *, int, int)"
48394386,48460023,"k_attn_decode(__half *, const __half *, const __half *, const __half *, int, int)"
48462039,48468888,"k_gemv_fp16(__half *, const __half *, const __half *, const __half *, int, int)"
48470296,48471288,"k_add(__half *, const __half *, unsigned long long)"
48472760,48476216,"k_layernorm(__half *, const __half *, const __half *, const __half *, int, int)"
48477688,48498874,"k_gemv_fp16(__half *, const __half *, const __half *, const __half *, int, int)"
48500794,48501850,"k_gelu(__half *, unsigned long long)"
48503258,48526780,"k_gemv_fp16(__half *, const __half *, const __half *, const __half *, int, int)"
48528156,48529180,"k_add(__half *, const __half *, unsigned long long)"
48530492,48533820,"k_layernorm(__half *, const __half *, const __half *, const __half *, int, int)"
48535676,48552253,"k_gemv_fp16(__half *, const __half *, const __half *, const __half *, int, int)"
48553629,48554750,"k_kv_append(__half *, __half *, const __half *, int, int)"
48556318,48622434,"k_attn_decode(__half *, const __half *, const __half *, const __half *, int, int)"
48623906,48631043,"k_gemv_fp16(__half *, const __half *, const __half *, const __half *, int, int)"
48633059,48634051,"k_add(__half *, const __half *, unsigned long long)"
48635331,48638659,"k_layernorm(__half *, const __half *, const __half *, const __half *, int, int)"
48640067,48661317,"k_gemv_fp16(__half *, const __half *, const __half *, const __half *, int, int)"
48662789,48663845,"k_gelu(__half *, unsigned long long)"
48665829,48689351,"k_gemv_fp16(__half *, const __half *, const __half *, const __half *, int, int)"
48690823,48691815,"k_add(__half *, const __half *, unsigned long long)"
48693127,48696456,"k_layernorm(__half *, const __half *, const __half *, const __half *, int, int)"
48697799,48714313,"k_gemv_fp16(__half *, const __half *, const __half *, const __half *, int, int)"
48716361,48717449,"k_kv_append(__half *, __half *, const __half *, int, int)"
48718793,48784750,"k_attn_decode(__half *, const __half *, const __half *, const __half *, int, int)"
48786158,48793102,"k_gemv_fp16(__half *, const __half *, const __half *, const __half *, int, int)"
48794510,48795502,"k_add(__half *, const __half *, unsigned long long)"
48797358,48800687,"k_layernorm(__half *, const __half *, const __half *, const __half *, int, int)"
48802031,48823152,"k_gemv_fp16(__half *, const __half *, const __half *, const __half *, int, int)"
48824720,48825776,"k_gelu(__half *, unsigned long long)"
48827056,48850514,"k_gemv_fp16(__half *, const __half *, const __half *, const __half *, int, int)"
48852434,48853458,"k_add(__half *, const __half *, unsigned long long)"
48854771,48858099,"k_layernorm(__half *, const __half *, const __half *, const __half *, int, int)"
48859411,48875924,"k_gemv_fp16(__half *, const __half *, const __half *, const __half *, int, int)"
48877332,48878452,"k_kv_append(__half *, __half *, const __half *, int, int)"
48880276,48946393,"k_attn_decode(__half *, const __half *, const __half *, const __half *, int, int)"
48947769,48954713,"k_gemv_fp16(__half *, const __half *, const __half *, const __half *, int, int)"
48956122,48957114,"k_add(__half *, const __half *, unsigned long long)"
48958490,48961818,"k_layernorm(__half *, const __half *, const __half *, const __half *, int, int)"
48963674,48984859,"k_gemv_fp16(__half *, const __half *, const __half *, const __half *, int, int)"
48986460,48987516,"k_gelu(__half *, unsigned long long)"
48988924,49012317,"k_gemv_fp16(__half *, const __half *, const __half *, const __half *, int, int)"
49013725,49014718,"k_add(__half *, const __half *, unsigned long long)"
49016606,49020062,"k_layernorm(__half *, const __half *, const __half *, const __half *, int, int)"
49021438,49038111,"k_gemv_fp16(__half *, const __half *, const __half *, const __half *, int, int)"
49039519,49040607,"k_kv_append(__half *, __half *, const __half *, int, int)"
49041919,49108164,"k_attn_decode(__half *, const __half *, const __half *, const __half *, int, int)"
49110212,49117189,"k_gemv_fp16(__half *, const __half *, const __half *, const __half *, int, int)"
49118533,49119557,"k_add(__half *, const __half *, unsigned long long)"
49120933,49124357,"k_layernorm(__half *, const __half *, const __half *, const __half *, int, int)"
49125733,49146855,"k_gemv_fp16(__half *, const __half *, const __half *, const __half *, int, int)"
49149255,49150311,"k_gelu(__half *, unsigned long long)"
49151783,49175145,"k_gemv_fp16(__half *, const __half *, const __half *, const __half *, int, int)"
49176521,49177545,"k_add(__half *, const __half *, unsigned long long)"
49178953,49182281,"k_layernorm(__half *, const __half *, const __half *, const __half *, int, int)"
49184105,49200523,"k_gemv_fp16(__half *, const __half *, const __half *, const __half *, int, int)"
49202027,49203147,"k_kv_append(__half *, __half *, const __half *, int, int)"
49204491,49270351,"k_attn_decode(__half *, const __half *, const __half *, const __half *, int, int)"
49271791,49278736,"k_gemv_fp16(__half *, const __half *, const __half *, const __half *, int, int)"
49280688,49281680,"k_add(__half *, const __half *, unsigned long long)"
49282992,49286352,"k_layernorm(__half *, const __half *, const __half *, const __half *, int, int)"
49287696,49308786,"k_gemv_fp16(__half *, const __half *, const __half *, const __half *, int, int)"
49310162,49311218,"k_gelu(__half *, unsigned long long)"
49313074,49336468,"k_gemv_fp16(__half *, const __half *, const __half *, const __half *, int, int)"
49337780,49338804,"k_add(__half *, const __half *, unsigned long long)"
49340276,49343668,"k_layernorm(__half *, const __half *, const __half *, const __half *, int, int)"
49344949,49361558,"k_gemv_fp16(__half *, const __half *, const __half *, const __half *, int, int)"
49363510,49364630,"k_kv_append(__half *, __half *, const __half *, int, int)"
49366038,49431707,"k_attn_decode(__half *, const __half *, const __half *, const __half *, int, int)"
49433051,49439995,"k_gemv_fp16(__half *, const __half *, const __half *, const __half *, int, int)"
49441371,49442395,"k_add(__half *, const __half *, unsigned long long)"
49444315,49447612,"k_layernorm(__half *, const __half *, const __half *, const __half *, int, int)"
49449084,49470205,"k_gemv_fp16(__half *, const __half *, const __half *, const __half *, int, int)"
49471549,49472573,"k_gelu(__half *, unsigned long long)"
49473950,49497343,"k_gemv_fp16(__half *, const __half *, const __half *, const __half *, int, int)"
49499295,49500319,"k_add(__half *, const __half *, unsigned long long)"
49501727,49505056,"k_layernorm(__half *, const __half *, const __half *, const __half *, int, int)"
49506496,49522945,"k_gemv_fp16(__half *, const __half *, const __half *, const __half *, int, int)"
49524353,49525441,"k_kv_append(__half *, __half *, const __half *, int, int)"
49527489,49592934,"k_attn_decode(__half *, const __half *, const __half *, const __half *, int, int)"
49594406,49601414,"k_gemv_fp16(__half *, const __half *, const __half *, const __half *, int, int)"
49602822,49603847,"k_add(__half *, const __half *, unsigned long long)"
49605255,49608551,"k_layernorm(__half *, const __half *, const __half *, const __half *, int, int)"
49610567,49631753,"k_gemv_fp16(__half *, const __half *, const __half *, const __half *, int, int)"
49633065,49634089,"k_gelu(__half *, unsigned long long)"
49635401,49658762,"k_gemv_fp16(__half *, const __half *, const __half *, const __half *, int, int)"
49660074,49661098,"k_add(__half *, const __half *, unsigned long long)"
49663083,49666507,"k_layernorm(__half *, const __half *, const __half *, const __half *, int, int)"
49667883,49684396,"k_gemv_fp16(__half *, const __half *, const __half *, const __half *, int, int)"
49685676,49686796,"k_kv_append(__half *, __half *, const __half *, int, int)"
49688236,49754033,"k_attn_decode(__half *, const __half *, const __half *, const __half *, int, int)"
49756081,49763058,"k_gemv_fp16(__half *, const __half *, const __half *, const __half *, int, int)"
49764466,49765490,"k_add(__half *, const __half *, unsigned long long)"
49766866,49770194,"k_layernorm(__half *, const __half *, const __half *, const __half *, int, int)"
49771506,49792596,"k_gemv_fp16(__half *, const __half *, const __half *, const __half *, int, int)"
49794580,49795604,"k_gelu(__half *, unsigned long long)"
49797012,49820502,"k_gemv_fp16(__half *, const __half *, const __half *, const __half *, int, int)"
49821814,49822838,"k_add(__half *, const __half *, unsigned long long)"
49824214,49827702,"k_layernorm(__half *, const __half *, const __half *, const __half *, int, int)"
49829718,49846103,"k_gemv_fp16(__half *, const __half *, const __half *, const __half *, int, int)"
49847544,49848631,"k_kv_append(__half *, __half *, const __half *, int, int)"
49850103,49915580,"k_attn_decode(__half *, const __half *, const __half *, const __half *, int, int)"
49917276,49924253,"k_gemv_fp16(__half *, const __half *, const __half *, const __half *, int, int)"
49926909,49927901,"k_add(__half *, const __half *, unsigned long long)"
49929277,49932605,"k_layernorm(__half *, const __half *, const __half *, const __half *, int, int)"
49934109,49955199,"k_gemv_fp16(__half *, const __half *, const __half *, const __half *, int, int)"
49957183,49958207,"k_gelu(__half *, unsigned long long)"
49960927,49984449,"k_gemv_fp16(__half *, const __half *, const __half *, const __half *, int, int)"
49986113,49987105,"k_add(__half *, const __half *, unsigned long long)"
49988641,49992034,"k_layernorm(__half *, const __half *, const __half *, const __half *, int, int)"
49993570,50009923,"k_gemv_fp16(__half *, const __half *, const __half *, const __half *, int, int)"
50011971,50013091,"k_kv_append(__half *, __half *, const __half *, int, int)"
50024580,50090440,"k_attn_decode(__half *, const __half *, const __half *, const __half *, int, int)"
50091976,50098953,"k_gemv_fp16(__half *, const __half *, const __half *, const __half *, int, int)"
50100457,50101481,"k_add(__half *, const __half *, unsigned long long)"
50103721,50107050,"k_layernorm(__half *, const __half *, const __half *, const __half *, int, int)"
50108458,50129579,"k_gemv_fp16(__half *, const __half *, const __half *, const __half *, int, int)"
50131083,50132107,"k_gelu(__half *, unsigned long long)"
50133611,50157005,"k_gemv_fp16(__half *, const __half *, const __half *, const __half *, int, int)"
50159085,50160109,"k_add(__half *, const __half *, unsigned long long)"
50161549,50164909,"k_layernorm(__half *, const __half *, const __half *, const __half *, int, int)"
50166446,50182863,"k_gemv_fp16(__half *, const __half *, const __half *, const __half *, int, int)"
50184303,50185423,"k_kv_append(__half *, __half *, const __half *, int, int)"
50187471,50253331,"k_attn_decode(__half *, const __half *, const __half *, const __half *, int, int)"
50254900,50261844,"k_gemv_fp16(__half *, const __half *, const __half *, const __half *, int, int)"
50263380,50264372,"k_add(__half *, const __half *, unsigned long long)"
50265876,50269205,"k_layernorm(__half *, const __half *, const __half *, const __half *, int, int)"
50271253,50292342,"k_gemv_fp16(__half *, const __half *, const __half *, const __half *, int, int)"
50293814,50294870,"k_gelu(__half *, unsigned long long)"
50296311,50319736,"k_gemv_fp16(__half *, const __half *, const __half *, const __half *, int, int)"
50321272,50322264,"k_add(__half *, const __half *, unsigned long long)"
50324120,50327449,"k_layernorm(__half *, const __half *, const __half *, const __half *, int, int)"
50343002,50654543,"k_gemv_fp16(__half *, const __half *, const __half *, const __half *, int, int)"
