metadata,stream,per-thread
[kv] plan: 12 layers x 2 (K,V) x 12 heads x 1024 pos x 64 dim x fp16 = 37.7 MB
[kv] arena = ONE contiguous alloc; VRAM free 7194/8585 MB -> headroom 7157 MB after cache
[kv] decode KV traffic = 36.9 KB per token of context (2*L*H*D*2B); at ctx=512 -> 18.9 MB/step
[kv] plan: 12 layers x 2 (K,V) x 12 heads x 1024 pos x 64 dim x fp16 = 37.7 MB
[kv] arena = ONE contiguous alloc; VRAM free 7133/8585 MB -> headroom 7096 MB after cache
[kv] decode KV traffic = 36.9 KB per token of context (2*L*H*D*2B); at ctx=512 -> 18.9 MB/step
metadata,backend,gemv
metadata,samples_per_condition,256
sample,experiment,policy,ctx,pos,rep,token,event_ms,wall_ms,enqueue_ms,update_ms
sample,setup,process_cold,128,128,-1,0,0.891200000,4.048000000,0.650600000,0.131200000
sample,fixed_single,ordinary,128,128,0,284,1.919999957,1.929900000,1.572400000,0.000000000
sample,fixed_single,graph,128,128,0,284,1.349632025,1.357800000,0.038800000,0.007800000
sample,fixed_single,graph_fixed_diagnostic,128,128,0,284,1.343487978,1.350900000,0.033500000,0.000000000
sample,fixed_single,graph,128,128,1,284,1.348608017,1.356500000,0.037500000,0.005500000
sample,fixed_single,ordinary,128,128,1,284,1.721184015,1.727800000,1.353000000,0.000000000
sample,fixed_single,graph_fixed_diagnostic,128,128,1,284,1.344416022,1.351400000,0.034200000,0.000000000
sample,fixed_single,ordinary,128,128,2,284,1.806336045,1.814200000,1.458600000,0.000000000
sample,fixed_single,graph,128,128,2,284,1.348608017,1.356600000,0.038300000,0.005600000
sample,fixed_single,graph_fixed_diagnostic,128,128,2,284,1.341439962,1.348600000,0.032100000,0.000000000
sample,fixed_single,graph,128,128,3,284,1.351616025,1.359700000,0.041700000,0.006400000
sample,fixed_single,ordinary,128,128,3,284,3.080192089,3.088200000,2.192200000,0.000000000
sample,fixed_single,graph_fixed_diagnostic,128,128,3,284,1.342463970,1.350600000,0.033000000,0.000000000
sample,fixed_single,ordinary,128,128,4,284,1.862367988,1.869500000,1.530500000,0.000000000
sample,fixed_single,graph,128,128,4,284,1.350656033,1.357700000,0.036500000,0.005700000
sample,fixed_single,graph_fixed_diagnostic,128,128,4,284,1.351680040,1.360000000,0.031700000,0.000000000
sample,fixed_single,graph,128,128,5,284,1.347584009,1.356600000,0.041900000,0.005200000
sample,fixed_single,ordinary,128,128,5,284,2.192384005,2.201100000,1.502000000,0.000000000
sample,fixed_single,graph_fixed_diagnostic,128,128,5,284,1.344511986,1.354000000,0.038400000,0.000000000
sample,fixed_single,ordinary,128,128,6,284,2.147327900,2.156800000,1.410600000,0.000000000
sample,fixed_single,graph,128,128,6,284,1.357823968,1.369500000,0.074700000,0.011900000
sample,fixed_single,graph_fixed_diagnostic,128,128,6,284,1.345535994,1.355800000,0.035700000,0.000000000
sample,fixed_single,graph,128,128,7,284,1.352671981,1.360800000,0.038100000,0.005700000
sample,fixed_single,ordinary,128,128,7,284,1.832960010,1.841700000,1.514800000,0.000000000
sample,fixed_single,graph_fixed_diagnostic,128,128,7,284,1.344383955,1.352300000,0.034200000,0.000000000
sample,fixed_single,ordinary,128,128,8,284,1.932288051,1.940800000,1.514400000,0.000000000
sample,fixed_single,graph,128,128,8,284,1.352512002,1.359800000,0.040000000,0.008700000
sample,fixed_single,graph_fixed_diagnostic,128,128,8,284,1.343487978,1.351600000,0.032100000,0.000000000
sample,fixed_single,graph,128,128,9,284,1.349632025,1.357600000,0.038400000,0.005400000
sample,fixed_single,ordinary,128,128,9,284,1.804288030,1.811700000,1.370300000,0.000000000
sample,fixed_single,graph_fixed_diagnostic,128,128,9,284,1.344511986,1.352100000,0.033000000,0.000000000
sample,fixed_single,ordinary,128,128,10,284,1.901568055,1.909000000,1.103200000,0.000000000
sample,fixed_single,graph,128,128,10,284,1.350656033,1.359100000,0.039200000,0.005800000
sample,fixed_single,graph_fixed_diagnostic,128,128,10,284,1.343392015,1.351300000,0.031900000,0.000000000
sample,fixed_single,graph,128,128,11,284,1.349632025,1.357600000,0.038400000,0.005400000
sample,fixed_single,ordinary,128,128,11,284,1.832960010,1.841100000,1.349700000,0.000000000
sample,fixed_single,graph_fixed_diagnostic,128,128,11,284,1.343487978,1.351200000,0.030500000,0.000000000
sample,fixed_single,ordinary,128,128,12,284,1.816576004,1.824400000,1.460600000,0.000000000
sample,fixed_single,graph,128,128,12,284,1.349632025,1.357800000,0.038500000,0.005400000
sample,fixed_single,graph_fixed_diagnostic,128,128,12,284,1.343487978,1.351100000,0.032100000,0.000000000
sample,fixed_single,graph,128,128,13,284,1.353728056,1.373500000,0.043300000,0.007500000
sample,fixed_single,ordinary,128,128,13,284,3.220256090,3.227900000,2.888900000,0.000000000
sample,fixed_single,graph_fixed_diagnostic,128,128,13,284,1.342463970,1.350400000,0.033100000,0.000000000
sample,fixed_single,ordinary,128,128,14,284,1.594367981,1.601400000,1.244200000,0.000000000
sample,fixed_single,graph,128,128,14,284,1.350656033,1.358500000,0.039400000,0.006200000
sample,fixed_single,graph_fixed_diagnostic,128,128,14,284,1.343487978,1.350700000,0.031900000,0.000000000
sample,fixed_single,graph,128,128,15,284,1.349632025,1.359000000,0.042100000,0.005400000
sample,fixed_single,ordinary,128,128,15,284,1.981439948,1.990100000,1.388200000,0.000000000
sample,fixed_single,graph_fixed_diagnostic,128,128,15,284,1.344511986,1.353900000,0.038000000,0.000000000
sample,fixed_single,ordinary,128,128,16,284,2.079744101,2.089100000,1.478900000,0.000000000
sample,fixed_single,graph,128,128,16,284,1.354751945,1.364200000,0.046100000,0.008300000
sample,fixed_single,graph_fixed_diagnostic,128,128,16,284,1.345535994,1.356300000,0.036400000,0.000000000
sample,fixed_single,graph,128,128,17,284,1.349632025,1.359900000,0.041300000,0.006000000
sample,fixed_single,ordinary,128,128,17,284,2.264064074,2.273700000,1.304200000,0.000000000
sample,fixed_single,graph_fixed_diagnostic,128,128,17,284,1.346560001,1.355600000,0.038700000,0.000000000
sample,fixed_single,ordinary,128,128,18,284,1.993728042,2.002800000,1.633700000,0.000000000
sample,fixed_single,graph,128,128,18,284,1.351680040,1.360600000,0.043700000,0.006300000
sample,fixed_single,graph_fixed_diagnostic,128,128,18,284,1.343487978,1.353200000,0.035200000,0.000000000
sample,fixed_single,graph,128,128,19,284,1.349632025,1.358600000,0.042900000,0.005400000
sample,fixed_single,ordinary,128,128,19,284,2.144256115,2.152800000,1.794600000,0.000000000
sample,fixed_single,graph_fixed_diagnostic,128,128,19,284,1.346560001,1.356600000,0.040200000,0.000000000
sample,fixed_single,ordinary,128,128,20,284,2.004992008,2.014900000,1.378000000,0.000000000
sample,fixed_single,graph,128,128,20,284,1.350656033,1.360300000,0.046600000,0.007200000
sample,fixed_single,graph_fixed_diagnostic,128,128,20,284,1.343487978,1.353000000,0.035900000,0.000000000
sample,fixed_single,graph,128,128,21,284,1.348608017,1.357700000,0.041900000,0.005600000
sample,fixed_single,ordinary,128,128,21,284,2.042880058,2.052000000,1.498200000,0.000000000
sample,fixed_single,graph_fixed_diagnostic,128,128,21,284,1.344511986,1.353900000,0.038200000,0.000000000
sample,fixed_single,ordinary,128,128,22,284,2.082815886,2.091800000,1.770600000,0.000000000
sample,fixed_single,graph,128,128,22,284,1.351680040,1.360100000,0.042300000,0.006200000
sample,fixed_single,graph_fixed_diagnostic,128,128,22,284,1.345535994,1.360400000,0.042700000,0.000000000
sample,fixed_single,graph,128,128,23,284,1.349632025,1.358100000,0.043900000,0.006100000
sample,fixed_single,ordinary,128,128,23,284,2.071392059,2.079000000,1.434700000,0.000000000
sample,fixed_single,graph_fixed_diagnostic,128,128,23,284,1.344511986,1.353700000,0.036200000,0.000000000
sample,fixed_single,ordinary,128,128,24,284,2.131968021,2.141500000,1.492300000,0.000000000
sample,fixed_single,graph,128,128,24,284,1.351680040,1.360100000,0.043200000,0.005700000
sample,fixed_single,graph_fixed_diagnostic,128,128,24,284,1.343487978,1.351700000,0.036000000,0.000000000
sample,fixed_single,graph,128,128,25,284,1.349632025,1.359200000,0.042700000,0.005500000
sample,fixed_single,ordinary,128,128,25,284,2.068480015,2.077900000,1.756900000,0.000000000
sample,fixed_single,graph_fixed_diagnostic,128,128,25,284,1.343487978,1.351900000,0.038300000,0.000000000
sample,fixed_single,ordinary,128,128,26,284,1.983487964,1.994000000,1.543400000,0.000000000
sample,fixed_single,graph,128,128,26,284,1.351680040,1.360700000,0.048400000,0.006000000
sample,fixed_single,graph_fixed_diagnostic,128,128,26,284,1.344511986,1.354100000,0.035200000,0.000000000
sample,fixed_single,graph,128,128,27,284,1.350656033,1.359700000,0.042400000,0.005300000
sample,fixed_single,ordinary,128,128,27,284,2.032639980,2.042100000,1.520500000,0.000000000
sample,fixed_single,graph_fixed_diagnostic,128,128,27,284,1.344511986,1.353700000,0.038700000,0.000000000
sample,fixed_single,ordinary,128,128,28,284,1.973248005,1.982400000,1.445700000,0.000000000
sample,fixed_single,graph,128,128,28,284,1.351680040,1.360600000,0.042700000,0.005700000
sample,fixed_single,graph_fixed_diagnostic,128,128,28,284,1.342463970,1.352100000,0.035700000,0.000000000
sample,fixed_single,graph,128,128,29,284,1.349632025,1.357900000,0.037500000,0.005400000
sample,fixed_single,ordinary,128,128,29,284,1.838080049,1.845400000,1.491300000,0.000000000
sample,fixed_single,graph_fixed_diagnostic,128,128,29,284,1.342463970,1.350500000,0.035000000,0.000000000
sample,fixed_single,ordinary,128,128,30,284,1.751039982,1.759000000,1.335800000,0.000000000
sample,fixed_single,graph,128,128,30,284,1.349632025,1.357900000,0.040700000,0.006100000
sample,fixed_single,graph_fixed_diagnostic,128,128,30,284,1.343487978,1.351700000,0.031700000,0.000000000
sample,fixed_single,graph,128,128,31,284,1.349632025,1.357200000,0.038900000,0.005400000
sample,fixed_single,ordinary,128,128,31,284,1.701760054,1.708300000,1.333200000,0.000000000
sample,fixed_single,graph_fixed_diagnostic,128,128,31,284,1.343392015,1.350400000,0.034300000,0.000000000
sample,fixed_single,ordinary,128,128,32,284,1.743872046,1.752000000,1.399200000,0.000000000
sample,fixed_single,graph,128,128,32,284,1.350656033,1.358100000,0.038700000,0.005700000
sample,fixed_single,graph_fixed_diagnostic,128,128,32,284,1.344511986,1.351700000,0.035500000,0.000000000
sample,fixed_single,graph,128,128,33,284,1.350399971,1.360000000,0.038400000,0.006000000
sample,fixed_single,ordinary,128,128,33,284,2.770944118,2.797300000,2.046100000,0.000000000
sample,fixed_single,graph_fixed_diagnostic,128,128,33,284,1.342463970,1.350400000,0.033700000,0.000000000
sample,fixed_single,ordinary,128,128,34,284,1.696768045,1.704300000,1.240000000,0.000000000
sample,fixed_single,graph,128,128,34,284,1.351680040,1.361300000,0.046000000,0.007300000
sample,fixed_single,graph_fixed_diagnostic,128,128,34,284,1.344511986,1.353500000,0.035400000,0.000000000
sample,fixed_single,graph,128,128,35,284,1.348608017,1.358000000,0.042600000,0.005300000
sample,fixed_single,ordinary,128,128,35,284,1.977344036,1.986900000,1.556000000,0.000000000
sample,fixed_single,graph_fixed_diagnostic,128,128,35,284,1.344511986,1.353300000,0.038300000,0.000000000
sample,fixed_single,ordinary,128,128,36,284,1.973248005,1.981500000,1.442500000,0.000000000
sample,fixed_single,graph,128,128,36,284,1.351680040,1.358900000,0.043600000,0.007600000
sample,fixed_single,graph_fixed_diagnostic,128,128,36,284,1.345343947,1.352500000,0.033300000,0.000000000
sample,fixed_single,graph,128,128,37,284,1.348544002,1.355700000,0.038500000,0.005400000
sample,fixed_single,ordinary,128,128,37,284,1.771520019,1.780300000,1.426100000,0.000000000
sample,fixed_single,graph_fixed_diagnostic,128,128,37,284,1.345407963,1.352300000,0.034300000,0.000000000
sample,fixed_single,ordinary,128,128,38,284,1.812479973,1.820500000,1.369400000,0.000000000
sample,fixed_single,graph,128,128,38,284,1.349632025,1.357200000,0.037800000,0.005500000
sample,fixed_single,graph_fixed_diagnostic,128,128,38,284,1.342463970,1.350300000,0.031600000,0.000000000
sample,fixed_single,graph,128,128,39,284,1.349632025,1.356500000,0.036900000,0.005200000
sample,fixed_single,ordinary,128,128,39,284,1.735679984,1.743200000,1.383800000,0.000000000
sample,fixed_single,graph_fixed_diagnostic,128,128,39,284,1.343487978,1.351700000,0.035600000,0.000000000
sample,fixed_single,ordinary,128,128,40,284,1.875967979,1.884900000,1.417700000,0.000000000
sample,fixed_single,graph,128,128,40,284,1.350656033,1.359100000,0.046500000,0.007100000
sample,fixed_single,graph_fixed_diagnostic,128,128,40,284,1.344511986,1.354500000,0.035900000,0.000000000
sample,fixed_single,graph,128,128,41,284,1.348608017,1.357800000,0.042000000,0.005500000
sample,fixed_single,ordinary,128,128,41,284,2.174976110,2.183800000,1.837200000,0.000000000
sample,fixed_single,graph_fixed_diagnostic,128,128,41,284,1.342463970,1.352100000,0.038500000,0.000000000
sample,fixed_single,ordinary,128,128,42,284,2.030591965,2.039700000,1.701400000,0.000000000
sample,fixed_single,graph,128,128,42,284,1.348608017,1.357700000,0.042000000,0.005900000
sample,fixed_single,graph_fixed_diagnostic,128,128,42,284,1.344511986,1.353600000,0.035900000,0.000000000
sample,fixed_single,graph,128,128,43,284,1.375231981,1.390500000,0.074700000,0.019900000
sample,fixed_single,ordinary,128,128,43,284,1.985535979,1.999000000,1.074600000,0.000000000
sample,fixed_single,graph_fixed_diagnostic,128,128,43,284,1.347584009,1.357400000,0.041200000,0.000000000
sample,fixed_single,ordinary,128,128,44,284,2.157567978,2.166800000,1.810700000,0.000000000
sample,fixed_single,graph,128,128,44,284,1.353728056,1.363700000,0.046000000,0.008300000
sample,fixed_single,graph_fixed_diagnostic,128,128,44,284,1.345535994,1.354500000,0.035700000,0.000000000
sample,fixed_single,graph,128,128,45,284,1.349632025,1.359000000,0.043500000,0.005600000
sample,fixed_single,ordinary,128,128,45,284,2.180095911,2.188700000,1.626900000,0.000000000
sample,fixed_single,graph_fixed_diagnostic,128,128,45,284,1.345535994,1.353900000,0.037900000,0.000000000
sample,fixed_single,ordinary,128,128,46,284,2.051071882,2.060800000,1.410500000,0.000000000
sample,fixed_single,graph,128,128,46,284,1.352704048,1.361800000,0.045100000,0.007900000
sample,fixed_single,graph_fixed_diagnostic,128,128,46,284,1.345535994,1.354300000,0.035300000,0.000000000
sample,fixed_single,graph,128,128,47,284,1.351680040,1.363200000,0.043900000,0.005800000
sample,fixed_single,ordinary,128,128,47,284,1.822623968,1.829600000,1.482400000,0.000000000
sample,fixed_single,graph_fixed_diagnostic,128,128,47,284,1.344480038,1.351800000,0.031900000,0.000000000
sample,fixed_single,ordinary,128,128,48,284,1.810400009,1.817400000,1.314000000,0.000000000
sample,fixed_single,graph,128,128,48,284,1.348608017,1.357200000,0.038100000,0.005500000
sample,fixed_single,graph_fixed_diagnostic,128,128,48,284,1.344447970,1.351600000,0.031600000,0.000000000
sample,fixed_single,graph,128,128,49,284,1.349632025,1.357400000,0.041900000,0.005400000
sample,fixed_single,ordinary,128,128,49,284,1.866752028,1.874800000,1.281200000,0.000000000
sample,fixed_single,graph_fixed_diagnostic,128,128,49,284,1.343487978,1.351500000,0.033000000,0.000000000
sample,fixed_single,ordinary,128,128,50,284,1.831936002,1.839900000,1.197200000,0.000000000
sample,fixed_single,graph,128,128,50,284,1.350656033,1.358200000,0.038900000,0.005600000
sample,fixed_single,graph_fixed_diagnostic,128,128,50,284,1.344511986,1.351900000,0.032000000,0.000000000
sample,fixed_single,graph,128,128,51,284,1.348608017,1.356300000,0.038300000,0.005200000
sample,fixed_single,ordinary,128,128,51,284,1.855487943,1.863100000,1.524500000,0.000000000
sample,fixed_single,graph_fixed_diagnostic,128,128,51,284,1.343487978,1.351000000,0.032700000,0.000000000
sample,fixed_single,ordinary,128,128,52,284,1.851392031,1.859000000,1.539300000,0.000000000
sample,fixed_single,graph,128,128,52,284,1.349632025,1.357900000,0.039000000,0.005400000
sample,fixed_single,graph_fixed_diagnostic,128,128,52,284,1.344511986,1.352400000,0.032900000,0.000000000
sample,fixed_single,graph,128,128,53,284,1.349535942,1.357600000,0.038500000,0.005300000
sample,fixed_single,ordinary,128,128,53,284,2.632672071,2.648000000,0.682100000,0.000000000
sample,fixed_single,graph_fixed_diagnostic,128,128,53,284,1.346560001,1.354300000,0.038500000,0.000000000
sample,fixed_single,ordinary,128,128,54,284,1.554432034,1.562300000,1.131000000,0.000000000
sample,fixed_single,graph,128,128,54,284,1.352607965,1.360100000,0.061100000,0.009200000
sample,fixed_single,graph_fixed_diagnostic,128,128,54,284,1.343359947,1.351200000,0.032500000,0.000000000
sample,fixed_single,graph,128,128,55,284,1.347584009,1.355900000,0.039200000,0.005400000
sample,fixed_single,ordinary,128,128,55,284,1.604480028,1.610900000,1.248000000,0.000000000
sample,fixed_single,graph_fixed_diagnostic,128,128,55,284,1.344383955,1.352100000,0.032800000,0.000000000
sample,fixed_single,ordinary,128,128,56,284,1.568608046,1.575600000,1.175400000,0.000000000
sample,fixed_single,graph,128,128,56,284,1.350656033,1.358800000,0.037000000,0.005800000
sample,fixed_single,graph_fixed_diagnostic,128,128,56,284,1.347424030,1.357800000,0.036200000,0.000000000
sample,fixed_single,graph,128,128,57,284,1.351680040,1.359300000,0.041800000,0.007400000
sample,fixed_single,ordinary,128,128,57,284,1.773568034,1.781200000,1.241200000,0.000000000
sample,fixed_single,graph_fixed_diagnostic,128,128,57,284,1.343487978,1.351300000,0.034300000,0.000000000
sample,fixed_single,ordinary,128,128,58,284,1.729536057,1.736500000,1.361200000,0.000000000
sample,fixed_single,graph,128,128,58,284,1.349632025,1.358000000,0.039400000,0.005800000
sample,fixed_single,graph_fixed_diagnostic,128,128,58,284,1.343487978,1.351800000,0.031900000,0.000000000
sample,fixed_single,graph,128,128,59,284,1.348608017,1.356200000,0.038400000,0.005400000
sample,fixed_single,ordinary,128,128,59,284,1.910784006,1.918400000,1.449200000,0.000000000
sample,fixed_single,graph_fixed_diagnostic,128,128,59,284,1.342463970,1.350400000,0.034600000,0.000000000
sample,fixed_single,ordinary,128,128,60,284,1.904639959,1.912200000,1.171300000,0.000000000
sample,fixed_single,graph,128,128,60,284,1.352704048,1.360300000,0.041400000,0.007800000
sample,fixed_single,graph_fixed_diagnostic,128,128,60,284,1.344511986,1.352300000,0.032100000,0.000000000
sample,fixed_single,graph,128,128,61,284,1.348608017,1.356500000,0.038200000,0.005500000
sample,fixed_single,ordinary,128,128,61,284,1.868800044,1.877500000,1.457200000,0.000000000
sample,fixed_single,graph_fixed_diagnostic,128,128,61,284,1.343487978,1.351300000,0.034400000,0.000000000
sample,fixed_single,ordinary,128,128,62,284,1.766271949,1.773000000,1.416300000,0.000000000
sample,fixed_single,graph,128,128,62,284,1.349632025,1.357900000,0.038800000,0.005600000
sample,fixed_single,graph_fixed_diagnostic,128,128,62,284,1.342463970,1.350700000,0.032100000,0.000000000
sample,fixed_single,graph,128,128,63,284,1.348608017,1.356300000,0.038800000,0.005300000
sample,fixed_single,ordinary,128,128,63,284,1.943552017,1.951100000,1.496400000,0.000000000
sample,fixed_single,graph_fixed_diagnostic,128,128,63,284,1.344511986,1.355000000,0.035300000,0.000000000
sample,fixed_single,ordinary,128,128,64,284,2.516992092,2.546800000,2.153400000,0.000000000
sample,fixed_single,graph,128,128,64,284,1.356799960,1.365800000,0.054100000,0.012000000
sample,fixed_single,graph_fixed_diagnostic,128,128,64,284,1.342463970,1.351300000,0.035400000,0.000000000
sample,fixed_single,graph,128,128,65,284,1.349632025,1.359100000,0.042200000,0.005400000
sample,fixed_single,ordinary,128,128,65,284,2.042880058,2.052100000,1.686500000,0.000000000
sample,fixed_single,graph_fixed_diagnostic,128,128,65,284,1.345535994,1.353300000,0.038000000,0.000000000
sample,fixed_single,ordinary,128,128,66,284,1.773568034,1.781800000,1.351800000,0.000000000
sample,fixed_single,graph,128,128,66,284,1.349472046,1.357000000,0.038600000,0.005700000
sample,fixed_single,graph_fixed_diagnostic,128,128,66,284,1.344511986,1.352900000,0.032300000,0.000000000
sample,fixed_single,graph,128,128,67,284,1.349632025,1.358700000,0.038700000,0.005800000
sample,fixed_single,ordinary,128,128,67,284,1.819584012,1.827600000,1.460100000,0.000000000
sample,fixed_single,graph_fixed_diagnostic,128,128,67,284,1.342463970,1.350500000,0.032800000,0.000000000
sample,fixed_single,ordinary,128,128,68,284,1.814527988,1.822100000,1.468200000,0.000000000
sample,fixed_single,graph,128,128,68,284,1.348608017,1.356700000,0.039500000,0.005500000
sample,fixed_single,graph_fixed_diagnostic,128,128,68,284,1.343487978,1.351600000,0.032100000,0.000000000
sample,fixed_single,graph,128,128,69,284,1.350592017,1.357800000,0.038500000,0.005400000
sample,fixed_single,ordinary,128,128,69,284,1.821696043,1.829400000,1.509900000,0.000000000
sample,fixed_single,graph_fixed_diagnostic,128,128,69,284,1.343487978,1.350900000,0.034100000,0.000000000
sample,fixed_single,ordinary,128,128,70,284,1.812479973,1.820900000,1.501200000,0.000000000
sample,fixed_single,graph,128,128,70,284,1.353728056,1.363900000,0.045300000,0.008200000
sample,fixed_single,graph_fixed_diagnostic,128,128,70,284,1.343487978,1.351300000,0.032200000,0.000000000
sample,fixed_single,graph,128,128,71,284,1.349632025,1.357300000,0.038000000,0.005600000
sample,fixed_single,ordinary,128,128,71,284,1.987583995,1.995100000,1.275100000,0.000000000
sample,fixed_single,graph_fixed_diagnostic,128,128,71,284,1.343487978,1.351300000,0.034000000,0.000000000
sample,fixed_single,ordinary,128,128,72,284,1.992704034,2.000000000,1.292600000,0.000000000
sample,fixed_single,graph,128,128,72,284,1.350623965,1.357500000,0.039100000,0.005600000
sample,fixed_single,graph_fixed_diagnostic,128,128,72,284,1.344511986,1.353000000,0.031700000,0.000000000
sample,fixed_single,graph,128,128,73,284,1.347584009,1.355800000,0.038300000,0.005400000
sample,fixed_single,ordinary,128,128,73,284,1.833984017,1.843300000,1.486800000,0.000000000
sample,fixed_single,graph_fixed_diagnostic,128,128,73,284,1.349632025,1.364100000,0.071400000,0.000000000
sample,fixed_single,ordinary,128,128,74,284,3.152895927,3.161200000,2.390300000,0.000000000
sample,fixed_single,graph,128,128,74,284,1.353728056,1.361600000,0.046800000,0.009600000
sample,fixed_single,graph_fixed_diagnostic,128,128,74,284,1.344383955,1.351400000,0.032400000,0.000000000
sample,fixed_single,graph,128,128,75,284,1.348608017,1.356100000,0.038300000,0.005400000
sample,fixed_single,ordinary,128,128,75,284,2.030591965,2.038200000,0.952700000,0.000000000
sample,fixed_single,graph_fixed_diagnostic,128,128,75,284,1.344511986,1.352200000,0.033100000,0.000000000
sample,fixed_single,ordinary,128,128,76,284,1.965055943,1.972600000,1.534900000,0.000000000
sample,fixed_single,graph,128,128,76,284,1.349632025,1.357400000,0.039800000,0.005900000
sample,fixed_single,graph_fixed_diagnostic,128,128,76,284,1.344511986,1.352000000,0.031800000,0.000000000
sample,fixed_single,graph,128,128,77,284,1.351647973,1.360200000,0.039500000,0.007500000
sample,fixed_single,ordinary,128,128,77,284,2.092031956,2.101900000,1.232500000,0.000000000
sample,fixed_single,graph_fixed_diagnostic,128,128,77,284,1.345535994,1.355000000,0.043700000,0.000000000
sample,fixed_single,ordinary,128,128,78,284,2.129920006,2.138500000,1.366100000,0.000000000
sample,fixed_single,graph,128,128,78,284,1.357823968,1.367000000,0.052800000,0.012000000
sample,fixed_single,graph_fixed_diagnostic,128,128,78,284,1.343487978,1.353600000,0.037100000,0.000000000
sample,fixed_single,graph,128,128,79,284,1.349632025,1.359900000,0.168300000,0.006200000
sample,fixed_single,ordinary,128,128,79,284,1.977344036,1.986300000,1.424700000,0.000000000
sample,fixed_single,graph_fixed_diagnostic,128,128,79,284,1.345535994,1.354400000,0.038800000,0.000000000
sample,fixed_single,ordinary,128,128,80,284,2.014208078,2.023000000,1.673700000,0.000000000
sample,fixed_single,graph,128,128,80,284,1.355775952,1.364800000,0.051900000,0.010400000
sample,fixed_single,graph_fixed_diagnostic,128,128,80,284,1.343487978,1.352400000,0.034600000,0.000000000
sample,fixed_single,graph,128,128,81,284,1.349632025,1.358700000,0.043400000,0.005600000
sample,fixed_single,ordinary,128,128,81,284,1.950719953,1.959300000,1.137700000,0.000000000
sample,fixed_single,graph_fixed_diagnostic,128,128,81,284,1.344511986,1.352800000,0.033200000,0.000000000
sample,fixed_single,ordinary,128,128,82,284,1.933312058,1.941500000,1.381400000,0.000000000
sample,fixed_single,graph,128,128,82,284,1.350656033,1.358800000,0.041300000,0.006200000
sample,fixed_single,graph_fixed_diagnostic,128,128,82,284,1.345535994,1.352800000,0.032100000,0.000000000
sample,fixed_single,graph,128,128,83,284,1.347584009,1.355600000,0.038600000,0.005300000
sample,fixed_single,ordinary,128,128,83,284,1.919999957,1.927900000,1.251100000,0.000000000
sample,fixed_single,graph_fixed_diagnostic,128,128,83,284,1.348608017,1.367800000,0.037700000,0.000000000
sample,fixed_single,ordinary,128,128,84,284,2.086911917,2.096300000,1.639000000,0.000000000
sample,fixed_single,graph,128,128,84,284,1.357823968,1.366600000,0.052800000,0.012600000
sample,fixed_single,graph_fixed_diagnostic,128,128,84,284,1.344511986,1.354100000,0.035500000,0.000000000
sample,fixed_single,graph,128,128,85,284,1.349632025,1.357900000,0.043200000,0.005500000
sample,fixed_single,ordinary,128,128,85,284,2.062335968,2.071700000,1.548400000,0.000000000
sample,fixed_single,graph_fixed_diagnostic,128,128,85,284,1.343487978,1.352600000,0.040100000,0.000000000
sample,fixed_single,ordinary,128,128,86,284,2.019328117,2.027900000,1.666100000,0.000000000
sample,fixed_single,graph,128,128,86,284,1.349632025,1.357200000,0.039500000,0.005800000
sample,fixed_single,graph_fixed_diagnostic,128,128,86,284,1.343487978,1.351700000,0.031800000,0.000000000
sample,fixed_single,graph,128,128,87,284,1.356799960,1.368700000,0.045500000,0.008600000
sample,fixed_single,ordinary,128,128,87,284,1.682432055,1.691000000,1.367900000,0.000000000
sample,fixed_single,graph_fixed_diagnostic,128,128,87,284,1.344511986,1.353600000,0.038700000,0.000000000
sample,fixed_single,ordinary,128,128,88,284,1.690623999,1.701200000,1.362800000,0.000000000
sample,fixed_single,graph,128,128,88,284,1.354751945,1.364100000,0.047500000,0.009000000
sample,fixed_single,graph_fixed_diagnostic,128,128,88,284,1.344511986,1.353000000,0.035200000,0.000000000
sample,fixed_single,graph,128,128,89,284,1.348608017,1.357800000,0.042600000,0.005400000
sample,fixed_single,ordinary,128,128,89,284,2.058239937,2.067600000,1.716800000,0.000000000
sample,fixed_single,graph_fixed_diagnostic,128,128,89,284,1.343487978,1.352000000,0.038000000,0.000000000
sample,fixed_single,ordinary,128,128,90,284,1.851392031,1.859600000,1.494700000,0.000000000
sample,fixed_single,graph,128,128,90,284,1.349632025,1.357800000,0.038500000,0.005700000
sample,fixed_single,graph_fixed_diagnostic,128,128,90,284,1.343487978,1.351400000,0.031600000,0.000000000
sample,fixed_single,graph,128,128,91,284,1.348608017,1.357000000,0.038900000,0.005800000
sample,fixed_single,ordinary,128,128,91,284,1.849311948,1.856600000,1.299100000,0.000000000
sample,fixed_single,graph_fixed_diagnostic,128,128,91,284,1.343487978,1.351200000,0.034400000,0.000000000
sample,fixed_single,ordinary,128,128,92,284,1.890303969,1.897500000,1.543300000,0.000000000
sample,fixed_single,graph,128,128,92,284,1.350656033,1.358500000,0.038800000,0.005600000
sample,fixed_single,graph_fixed_diagnostic,128,128,92,284,1.345535994,1.353100000,0.032000000,0.000000000
sample,fixed_single,graph,128,128,93,284,1.349632025,1.357600000,0.038600000,0.005400000
sample,fixed_single,ordinary,128,128,93,284,1.890303969,1.897500000,1.559200000,0.000000000
sample,fixed_single,graph_fixed_diagnostic,128,128,93,284,1.342463970,1.350800000,0.034600000,0.000000000
sample,fixed_single,ordinary,128,128,94,284,2.686912060,2.695800000,2.382100000,0.000000000
sample,fixed_single,graph,128,128,94,284,1.377279997,1.396500000,0.064000000,0.024300000
sample,fixed_single,graph_fixed_diagnostic,128,128,94,284,1.342463970,1.350700000,0.032000000,0.000000000
sample,fixed_single,graph,128,128,95,284,1.350656033,1.357500000,0.037100000,0.005800000
sample,fixed_single,ordinary,128,128,95,284,1.746943951,1.754100000,1.430800000,0.000000000
sample,fixed_single,graph_fixed_diagnostic,128,128,95,284,1.343487978,1.351100000,0.033100000,0.000000000
sample,fixed_single,ordinary,128,128,96,284,1.757184029,1.764400000,1.426500000,0.000000000
sample,fixed_single,graph,128,128,96,284,1.349472046,1.357200000,0.038500000,0.005600000
sample,fixed_single,graph_fixed_diagnostic,128,128,96,284,1.343423963,1.350900000,0.031800000,0.000000000
sample,fixed_single,graph,128,128,97,284,1.347584009,1.355200000,0.038600000,0.005500000
sample,fixed_single,ordinary,128,128,97,284,1.978368044,1.990200000,1.665300000,0.000000000
sample,fixed_single,graph_fixed_diagnostic,128,128,97,284,1.346560001,1.353800000,0.036800000,0.000000000
sample,fixed_single,ordinary,128,128,98,284,1.711104035,1.719000000,1.355300000,0.000000000
sample,fixed_single,graph,128,128,98,284,1.353728056,1.362100000,0.039200000,0.007600000
sample,fixed_single,graph_fixed_diagnostic,128,128,98,284,1.343487978,1.351400000,0.032300000,0.000000000
sample,fixed_single,graph,128,128,99,284,1.349632025,1.356900000,0.038400000,0.005500000
sample,fixed_single,ordinary,128,128,99,284,1.823744059,1.831800000,1.473300000,0.000000000
sample,fixed_single,graph_fixed_diagnostic,128,128,99,284,1.344511986,1.352200000,0.032400000,0.000000000
sample,fixed_single,ordinary,128,128,100,284,1.736672044,1.744200000,1.231000000,0.000000000
sample,fixed_single,graph,128,128,100,284,1.349472046,1.357200000,0.041000000,0.005600000
sample,fixed_single,graph_fixed_diagnostic,128,128,100,284,1.344511986,1.352000000,0.031700000,0.000000000
sample,fixed_single,graph,128,128,101,284,1.357759953,1.368900000,0.042300000,0.008300000
sample,fixed_single,ordinary,128,128,101,284,1.839104056,1.849300000,1.432700000,0.000000000
sample,fixed_single,graph_fixed_diagnostic,128,128,101,284,1.343487978,1.351400000,0.035400000,0.000000000
sample,fixed_single,ordinary,128,128,102,284,1.616896033,1.624100000,1.245900000,0.000000000
sample,fixed_single,graph,128,128,102,284,1.351680040,1.359600000,0.038300000,0.007400000
sample,fixed_single,graph_fixed_diagnostic,128,128,102,284,1.343487978,1.351300000,0.031900000,0.000000000
sample,fixed_single,graph,128,128,103,284,1.350656033,1.358200000,0.038700000,0.005700000
sample,fixed_single,ordinary,128,128,103,284,2.017280102,2.026500000,1.676800000,0.000000000
sample,fixed_single,graph_fixed_diagnostic,128,128,103,284,1.345535994,1.354400000,0.038100000,0.000000000
sample,fixed_single,ordinary,128,128,104,284,2.082815886,2.091800000,1.731200000,0.000000000
sample,fixed_single,graph,128,128,104,284,1.356799960,1.367300000,0.051900000,0.010500000
sample,fixed_single,graph_fixed_diagnostic,128,128,104,284,1.347584009,1.358700000,0.039700000,0.000000000
sample,fixed_single,graph,128,128,105,284,1.352704048,1.366600000,0.047300000,0.007700000
sample,fixed_single,ordinary,128,128,105,284,2.135040045,2.149500000,1.715900000,0.000000000
sample,fixed_single,graph_fixed_diagnostic,128,128,105,284,1.347584009,1.356000000,0.040800000,0.000000000
sample,fixed_single,ordinary,128,128,106,284,2.033663988,2.042900000,1.721700000,0.000000000
sample,fixed_single,graph,128,128,106,284,1.354751945,1.363800000,0.047200000,0.009900000
sample,fixed_single,graph_fixed_diagnostic,128,128,106,284,1.344511986,1.354500000,0.035900000,0.000000000
sample,fixed_single,graph,128,128,107,284,1.348608017,1.357600000,0.043700000,0.006100000
sample,fixed_single,ordinary,128,128,107,284,2.075648069,2.085000000,1.528400000,0.000000000
sample,fixed_single,graph_fixed_diagnostic,128,128,107,284,1.346560001,1.357400000,0.040000000,0.000000000
sample,fixed_single,ordinary,128,128,108,284,2.017280102,2.026800000,1.650600000,0.000000000
sample,fixed_single,graph,128,128,108,284,1.352704048,1.362000000,0.046500000,0.008800000
sample,fixed_single,graph_fixed_diagnostic,128,128,108,284,1.343487978,1.353000000,0.039700000,0.000000000
sample,fixed_single,graph,128,128,109,284,1.350656033,1.359400000,0.043500000,0.005500000
sample,fixed_single,ordinary,128,128,109,284,2.031615973,2.039900000,1.438200000,0.000000000
sample,fixed_single,graph_fixed_diagnostic,128,128,109,284,1.343487978,1.352400000,0.040700000,0.000000000
sample,fixed_single,ordinary,128,128,110,284,2.065407991,2.075600000,1.754200000,0.000000000
sample,fixed_single,graph,128,128,110,284,1.349632025,1.357900000,0.042200000,0.005600000
sample,fixed_single,graph_fixed_diagnostic,128,128,110,284,1.342463970,1.349900000,0.031900000,0.000000000
sample,fixed_single,graph,128,128,111,284,1.353728056,1.365200000,0.062900000,0.007200000
sample,fixed_single,ordinary,128,128,111,284,1.919999957,1.926600000,1.551900000,0.000000000
sample,fixed_single,graph_fixed_diagnostic,128,128,111,284,1.343487978,1.351500000,0.034800000,0.000000000
sample,fixed_single,ordinary,128,128,112,284,1.814527988,1.822500000,1.484700000,0.000000000
sample,fixed_single,graph,128,128,112,284,1.351680040,1.359000000,0.039100000,0.005900000
sample,fixed_single,graph_fixed_diagnostic,128,128,112,284,1.344511986,1.352700000,0.031900000,0.000000000
sample,fixed_single,graph,128,128,113,284,1.352704048,1.360300000,0.040700000,0.007900000
sample,fixed_single,ordinary,128,128,113,284,1.861631989,1.869900000,1.181800000,0.000000000
sample,fixed_single,graph_fixed_diagnostic,128,128,113,284,1.343487978,1.351000000,0.034200000,0.000000000
sample,fixed_single,ordinary,128,128,114,284,1.965055943,1.972300000,1.528500000,0.000000000
sample,fixed_single,graph,128,128,114,284,1.353728056,1.362200000,0.042200000,0.008100000
sample,fixed_single,graph_fixed_diagnostic,128,128,114,284,1.344480038,1.353100000,0.031800000,0.000000000
sample,fixed_single,graph,128,128,115,284,1.349632025,1.358300000,0.042100000,0.006700000
sample,fixed_single,ordinary,128,128,115,284,1.999871969,2.008800000,1.566300000,0.000000000
sample,fixed_single,graph_fixed_diagnostic,128,128,115,284,1.344511986,1.353100000,0.037400000,0.000000000
sample,fixed_single,ordinary,128,128,116,284,2.006016016,2.014900000,1.658100000,0.000000000
sample,fixed_single,graph,128,128,116,284,1.352704048,1.361200000,0.043700000,0.005800000
sample,fixed_single,graph_fixed_diagnostic,128,128,116,284,1.346560001,1.354500000,0.035000000,0.000000000
sample,fixed_single,graph,128,128,117,284,1.348608017,1.356600000,0.038900000,0.005400000
sample,fixed_single,ordinary,128,128,117,284,1.790976048,1.798700000,1.232100000,0.000000000
sample,fixed_single,graph_fixed_diagnostic,128,128,117,284,1.347584009,1.357600000,0.038100000,0.000000000
sample,fixed_single,ordinary,128,128,118,284,1.839104056,1.846700000,1.231200000,0.000000000
sample,fixed_single,graph,128,128,118,284,1.350656033,1.358900000,0.039000000,0.005500000
sample,fixed_single,graph_fixed_diagnostic,128,128,118,284,1.344511986,1.351800000,0.032200000,0.000000000
sample,fixed_single,graph,128,128,119,284,1.348608017,1.356800000,0.038700000,0.005400000
sample,fixed_single,ordinary,128,128,119,284,1.986559987,1.994100000,1.649100000,0.000000000
sample,fixed_single,graph_fixed_diagnostic,128,128,119,284,1.343487978,1.352000000,0.033300000,0.000000000
sample,fixed_single,ordinary,128,128,120,284,2.008064032,2.017200000,1.660100000,0.000000000
sample,fixed_single,graph,128,128,120,284,1.350656033,1.359000000,0.043100000,0.006300000
sample,fixed_single,graph_fixed_diagnostic,128,128,120,284,1.343487978,1.352600000,0.035900000,0.000000000
sample,fixed_single,graph,128,128,121,284,1.348608017,1.361800000,0.042100000,0.005200000
sample,fixed_single,ordinary,128,128,121,284,2.057215929,2.082600000,1.711500000,0.000000000
sample,fixed_single,graph_fixed_diagnostic,128,128,121,284,1.349632025,1.359400000,0.051700000,0.000000000
sample,fixed_single,ordinary,128,128,122,284,1.804288030,1.815300000,1.391200000,0.000000000
sample,fixed_single,graph,128,128,122,284,1.367040038,1.376700000,0.063800000,0.016000000
sample,fixed_single,graph_fixed_diagnostic,128,128,122,284,1.346560001,1.359900000,0.042000000,0.000000000
sample,fixed_single,graph,128,128,123,284,1.356799960,1.367800000,0.043400000,0.009300000
sample,fixed_single,ordinary,128,128,123,284,1.915904045,1.924100000,1.195400000,0.000000000
sample,fixed_single,graph_fixed_diagnostic,128,128,123,284,1.343487978,1.351800000,0.034800000,0.000000000
sample,fixed_single,ordinary,128,128,124,284,1.906687975,1.914900000,1.467400000,0.000000000
sample,fixed_single,graph,128,128,124,284,1.349503994,1.356900000,0.037100000,0.006100000
sample,fixed_single,graph_fixed_diagnostic,128,128,124,284,1.346560001,1.357100000,0.049900000,0.000000000
sample,fixed_single,graph,128,128,125,284,1.456128001,1.483800000,0.425200000,0.055000000
sample,fixed_single,ordinary,128,128,125,284,1.835008025,1.843300000,1.331800000,0.000000000
sample,fixed_single,graph_fixed_diagnostic,128,128,125,284,1.343487978,1.351500000,0.032500000,0.000000000
sample,fixed_single,ordinary,128,128,126,284,1.779711962,1.787800000,1.333200000,0.000000000
sample,fixed_single,graph,128,128,126,284,1.350656033,1.357900000,0.040900000,0.006200000
sample,fixed_single,graph_fixed_diagnostic,128,128,126,284,1.343296051,1.351100000,0.032300000,0.000000000
sample,fixed_single,graph,128,128,127,284,1.348608017,1.357100000,0.038200000,0.005600000
sample,fixed_single,ordinary,128,128,127,284,1.815551996,1.824000000,1.162700000,0.000000000
sample,fixed_single,graph_fixed_diagnostic,128,128,127,284,1.343487978,1.353500000,0.037800000,0.000000000
sample,fixed_single,ordinary,128,128,128,284,1.703935981,1.724800000,1.343800000,0.000000000
sample,fixed_single,graph,128,128,128,284,1.366016030,1.376700000,0.058900000,0.010400000
sample,fixed_single,graph_fixed_diagnostic,128,128,128,284,1.345535994,1.357200000,0.039100000,0.000000000
sample,fixed_single,graph,128,128,129,284,1.355775952,1.365700000,0.046800000,0.010100000
sample,fixed_single,ordinary,128,128,129,284,2.141184092,2.150500000,1.609300000,0.000000000
sample,fixed_single,graph_fixed_diagnostic,128,128,129,284,1.346560001,1.355000000,0.038100000,0.000000000
sample,fixed_single,ordinary,128,128,130,284,2.118655920,2.128900000,1.573300000,0.000000000
sample,fixed_single,graph,128,128,130,284,1.353728056,1.363900000,0.045700000,0.008300000
sample,fixed_single,graph_fixed_diagnostic,128,128,130,284,1.343487978,1.352300000,0.035800000,0.000000000
sample,fixed_single,graph,128,128,131,284,1.352704048,1.362600000,0.045500000,0.005500000
sample,fixed_single,ordinary,128,128,131,284,2.037760019,2.050600000,1.464700000,0.000000000
sample,fixed_single,graph_fixed_diagnostic,128,128,131,284,1.346560001,1.355600000,0.040900000,0.000000000
sample,fixed_single,ordinary,128,128,132,284,2.040832043,2.050100000,1.205300000,0.000000000
sample,fixed_single,graph,128,128,132,284,1.352704048,1.362500000,0.044300000,0.008700000
sample,fixed_single,graph_fixed_diagnostic,128,128,132,284,1.342463970,1.351800000,0.036100000,0.000000000
sample,fixed_single,graph,128,128,133,284,1.349632025,1.359000000,0.043400000,0.005500000
sample,fixed_single,ordinary,128,128,133,284,2.154495955,2.162700000,1.717600000,0.000000000
sample,fixed_single,graph_fixed_diagnostic,128,128,133,284,1.343392015,1.351200000,0.034400000,0.000000000
sample,fixed_single,ordinary,128,128,134,284,1.766399980,1.774100000,1.391000000,0.000000000
sample,fixed_single,graph,128,128,134,284,1.349599957,1.357700000,0.037800000,0.005700000
sample,fixed_single,graph_fixed_diagnostic,128,128,134,284,1.346560001,1.356600000,0.035100000,0.000000000
sample,fixed_single,graph,128,128,135,284,1.352543950,1.361600000,0.041400000,0.007600000
sample,fixed_single,ordinary,128,128,135,284,1.592319965,1.602000000,0.957500000,0.000000000
sample,fixed_single,graph_fixed_diagnostic,128,128,135,284,1.346560001,1.355100000,0.037500000,0.000000000
sample,fixed_single,ordinary,128,128,136,284,2.118655920,2.128100000,1.372500000,0.000000000
sample,fixed_single,graph,128,128,136,284,1.351680040,1.361000000,0.046700000,0.006100000
sample,fixed_single,graph_fixed_diagnostic,128,128,136,284,1.344511986,1.353500000,0.038400000,0.000000000
sample,fixed_single,graph,128,128,137,284,1.348608017,1.357700000,0.042700000,0.005500000
sample,fixed_single,ordinary,128,128,137,284,2.031615973,2.039900000,1.368200000,0.000000000
sample,fixed_single,graph_fixed_diagnostic,128,128,137,284,1.343487978,1.353200000,0.038500000,0.000000000
sample,fixed_single,ordinary,128,128,138,284,2.034687996,2.043800000,1.485000000,0.000000000
sample,fixed_single,graph,128,128,138,284,1.356799960,1.365800000,0.045900000,0.008900000
sample,fixed_single,graph_fixed_diagnostic,128,128,138,284,1.343487978,1.353500000,0.036100000,0.000000000
sample,fixed_single,graph,128,128,139,284,1.349632025,1.358400000,0.042400000,0.005500000
sample,fixed_single,ordinary,128,128,139,284,1.978368044,1.987400000,1.381000000,0.000000000
sample,fixed_single,graph_fixed_diagnostic,128,128,139,284,1.345535994,1.354500000,0.035900000,0.000000000
sample,fixed_single,ordinary,128,128,140,284,2.163712025,2.173200000,1.831300000,0.000000000
sample,fixed_single,graph,128,128,140,284,1.352704048,1.361600000,0.043900000,0.006500000
sample,fixed_single,graph_fixed_diagnostic,128,128,140,284,1.343487978,1.353100000,0.035300000,0.000000000
sample,fixed_single,graph,128,128,141,284,1.347584009,1.356600000,0.054600000,0.005400000
sample,fixed_single,ordinary,128,128,141,284,1.845247984,1.853400000,1.497200000,0.000000000
sample,fixed_single,graph_fixed_diagnostic,128,128,141,284,1.345535994,1.352900000,0.034700000,0.000000000
sample,fixed_single,ordinary,128,128,142,284,1.810431957,1.817700000,1.460900000,0.000000000
sample,fixed_single,graph,128,128,142,284,1.350656033,1.359200000,0.041700000,0.007000000
sample,fixed_single,graph_fixed_diagnostic,128,128,142,284,1.343392015,1.351200000,0.031700000,0.000000000
sample,fixed_single,graph,128,128,143,284,1.349472046,1.356900000,0.038500000,0.005400000
sample,fixed_single,ordinary,128,128,143,284,1.940448046,1.947300000,1.586300000,0.000000000
sample,fixed_single,graph_fixed_diagnostic,128,128,143,284,1.344447970,1.352000000,0.034300000,0.000000000
sample,fixed_single,ordinary,128,128,144,284,1.826719999,1.834100000,1.411100000,0.000000000
sample,fixed_single,graph,128,128,144,284,1.349632025,1.357800000,0.038400000,0.005400000
sample,fixed_single,graph_fixed_diagnostic,128,128,144,284,1.343487978,1.351200000,0.032500000,0.000000000
sample,fixed_single,graph,128,128,145,284,1.359871984,1.373200000,0.048800000,0.013000000
sample,fixed_single,ordinary,128,128,145,284,2.952192068,2.980300000,2.597300000,0.000000000
sample,fixed_single,graph_fixed_diagnostic,128,128,145,284,1.344383955,1.352500000,0.035700000,0.000000000
sample,fixed_single,ordinary,128,128,146,284,2.012160063,2.021200000,1.548000000,0.000000000
sample,fixed_single,graph,128,128,146,284,1.355679989,1.363100000,0.042300000,0.009400000
sample,fixed_single,graph_fixed_diagnostic,128,128,146,284,1.345535994,1.353200000,0.031700000,0.000000000
sample,fixed_single,graph,128,128,147,284,1.348608017,1.355700000,0.038500000,0.005400000
sample,fixed_single,ordinary,128,128,147,284,1.841151953,1.849200000,1.511600000,0.000000000
sample,fixed_single,graph_fixed_diagnostic,128,128,147,284,1.343487978,1.351300000,0.034700000,0.000000000
sample,fixed_single,ordinary,128,128,148,284,1.679360032,1.687300000,1.334100000,0.000000000
sample,fixed_single,graph,128,128,148,284,1.356672049,1.365700000,0.054500000,0.010400000
sample,fixed_single,graph_fixed_diagnostic,128,128,148,284,1.346560001,1.362700000,0.041900000,0.000000000
sample,fixed_single,graph,128,128,149,284,1.361919999,1.374200000,0.080500000,0.014500000
sample,fixed_single,ordinary,128,128,149,284,1.935359955,1.944000000,1.561900000,0.000000000
sample,fixed_single,graph_fixed_diagnostic,128,128,149,284,1.344511986,1.353900000,0.039600000,0.000000000
sample,fixed_single,ordinary,128,128,150,284,1.737728000,1.746200000,1.320400000,0.000000000
sample,fixed_single,graph,128,128,150,284,1.349632025,1.358700000,0.043900000,0.005500000
sample,fixed_single,graph_fixed_diagnostic,128,128,150,284,1.345535994,1.353700000,0.036100000,0.000000000
sample,fixed_single,graph,128,128,151,284,1.351680040,1.360300000,0.042300000,0.005300000
sample,fixed_single,ordinary,128,128,151,284,1.856511950,1.865000000,1.334200000,0.000000000
sample,fixed_single,graph_fixed_diagnostic,128,128,151,284,1.345535994,1.356100000,0.039700000,0.000000000
sample,fixed_single,ordinary,128,128,152,284,1.694720030,1.705600000,1.315400000,0.000000000
sample,fixed_single,graph,128,128,152,284,1.352704048,1.362200000,0.045300000,0.008000000
sample,fixed_single,graph_fixed_diagnostic,128,128,152,284,1.344511986,1.354700000,0.036700000,0.000000000
sample,fixed_single,graph,128,128,153,284,1.349472046,1.356400000,0.039500000,0.005800000
sample,fixed_single,ordinary,128,128,153,284,1.581055999,1.589400000,1.237000000,0.000000000
sample,fixed_single,graph_fixed_diagnostic,128,128,153,284,1.343487978,1.351100000,0.032900000,0.000000000
sample,fixed_single,ordinary,128,128,154,284,1.587167978,1.594200000,1.175700000,0.000000000
sample,fixed_single,graph,128,128,154,284,1.347584009,1.356000000,0.038900000,0.005300000
sample,fixed_single,graph_fixed_diagnostic,128,128,154,284,1.344511986,1.351900000,0.033000000,0.000000000
sample,fixed_single,graph,128,128,155,284,1.347584009,1.356100000,0.037400000,0.005200000
sample,fixed_single,ordinary,128,128,155,284,1.895424008,1.914400000,1.550500000,0.000000000
sample,fixed_single,graph_fixed_diagnostic,128,128,155,284,1.345535994,1.354400000,0.040200000,0.000000000
sample,fixed_single,ordinary,128,128,156,284,1.974272013,1.982900000,1.487100000,0.000000000
sample,fixed_single,graph,128,128,156,284,1.360895991,1.370200000,0.076100000,0.014200000
sample,fixed_single,graph_fixed_diagnostic,128,128,156,284,1.345535994,1.354700000,0.035400000,0.000000000
sample,fixed_single,graph,128,128,157,284,1.350656033,1.358900000,0.042400000,0.005500000
sample,fixed_single,ordinary,128,128,157,284,2.073600054,2.082300000,1.519700000,0.000000000
sample,fixed_single,graph_fixed_diagnostic,128,128,157,284,1.343487978,1.352000000,0.038700000,0.000000000
sample,fixed_single,ordinary,128,128,158,284,1.855487943,1.862100000,1.507400000,0.000000000
sample,fixed_single,graph,128,128,158,284,1.350496054,1.358200000,0.039500000,0.006100000
sample,fixed_single,graph_fixed_diagnostic,128,128,158,284,1.342463970,1.350800000,0.031400000,0.000000000
sample,fixed_single,graph,128,128,159,284,1.349632025,1.356900000,0.038700000,0.005600000
sample,fixed_single,ordinary,128,128,159,284,1.777663946,1.785600000,1.356500000,0.000000000
sample,fixed_single,graph_fixed_diagnostic,128,128,159,284,1.343487978,1.351800000,0.034100000,0.000000000
sample,fixed_single,ordinary,128,128,160,284,1.768319964,1.775600000,1.235100000,0.000000000
sample,fixed_single,graph,128,128,160,284,1.351680040,1.359400000,0.041400000,0.005700000
sample,fixed_single,graph_fixed_diagnostic,128,128,160,284,1.342463970,1.350400000,0.031900000,0.000000000
sample,fixed_single,graph,128,128,161,284,1.349632025,1.357400000,0.038400000,0.005500000
sample,fixed_single,ordinary,128,128,161,284,1.843072057,1.850900000,1.202900000,0.000000000
sample,fixed_single,graph_fixed_diagnostic,128,128,161,284,1.344320059,1.351600000,0.035000000,0.000000000
sample,fixed_single,ordinary,128,128,162,284,1.856511950,1.864300000,1.519800000,0.000000000
sample,fixed_single,graph,128,128,162,284,1.349632025,1.357300000,0.039800000,0.006100000
sample,fixed_single,graph_fixed_diagnostic,128,128,162,284,1.343487978,1.351400000,0.031600000,0.000000000
sample,fixed_single,graph,128,128,163,284,1.348512053,1.355800000,0.038400000,0.005600000
sample,fixed_single,ordinary,128,128,163,284,1.775616050,1.783100000,1.328900000,0.000000000
sample,fixed_single,graph_fixed_diagnostic,128,128,163,284,1.342463970,1.350900000,0.034300000,0.000000000
sample,fixed_single,ordinary,128,128,164,284,1.825664043,1.833200000,1.457200000,0.000000000
sample,fixed_single,graph,128,128,164,284,1.349632025,1.357000000,0.038900000,0.005500000
sample,fixed_single,graph_fixed_diagnostic,128,128,164,284,1.343487978,1.351400000,0.031700000,0.000000000
sample,fixed_single,graph,128,128,165,284,1.348608017,1.356700000,0.038400000,0.005300000
sample,fixed_single,ordinary,128,128,165,284,1.891327977,1.898200000,1.578700000,0.000000000
sample,fixed_single,graph_fixed_diagnostic,128,128,165,284,1.346560001,1.356400000,0.041700000,0.000000000
sample,fixed_single,ordinary,128,128,166,284,2.504703999,2.532200000,1.893600000,0.000000000
sample,fixed_single,graph,128,128,166,284,1.369088054,1.394700000,0.078100000,0.037800000
sample,fixed_single,graph_fixed_diagnostic,128,128,166,284,1.343487978,1.352900000,0.037900000,0.000000000
sample,fixed_single,graph,128,128,167,284,1.354751945,1.363600000,0.047100000,0.008700000
sample,fixed_single,ordinary,128,128,167,284,2.030591965,2.039700000,1.625400000,0.000000000
sample,fixed_single,graph_fixed_diagnostic,128,128,167,284,1.344511986,1.353200000,0.037800000,0.000000000
sample,fixed_single,ordinary,128,128,168,284,2.094079971,2.103200000,1.635700000,0.000000000
sample,fixed_single,graph,128,128,168,284,1.353728056,1.362500000,0.045800000,0.006400000
sample,fixed_single,graph_fixed_diagnostic,128,128,168,284,1.345535994,1.357400000,0.039800000,0.000000000
sample,fixed_single,graph,128,128,169,284,1.353728056,1.365300000,0.067500000,0.009000000
sample,fixed_single,ordinary,128,128,169,284,1.794047952,1.804100000,1.399400000,0.000000000
sample,fixed_single,graph_fixed_diagnostic,128,128,169,284,1.346560001,1.357000000,0.042200000,0.000000000
sample,fixed_single,ordinary,128,128,170,284,1.880064011,1.889800000,1.426900000,0.000000000
sample,fixed_single,graph,128,128,170,284,1.352704048,1.362000000,0.043000000,0.008000000
sample,fixed_single,graph_fixed_diagnostic,128,128,170,284,1.343487978,1.352700000,0.036300000,0.000000000
sample,fixed_single,graph,128,128,171,284,1.351680040,1.361300000,0.046400000,0.007100000
sample,fixed_single,ordinary,128,128,171,284,1.998847961,2.008700000,1.685300000,0.000000000
sample,fixed_single,graph_fixed_diagnostic,128,128,171,284,1.344511986,1.352900000,0.038700000,0.000000000
sample,fixed_single,ordinary,128,128,172,284,2.132992029,2.144000000,1.791000000,0.000000000
sample,fixed_single,graph,128,128,172,284,1.357823968,1.366500000,0.046700000,0.011300000
sample,fixed_single,graph_fixed_diagnostic,128,128,172,284,1.345535994,1.356500000,0.032800000,0.000000000
sample,fixed_single,graph,128,128,173,284,1.361919999,1.373500000,0.049400000,0.009700000
sample,fixed_single,ordinary,128,128,173,284,2.163712025,2.176000000,1.854000000,0.000000000
sample,fixed_single,graph_fixed_diagnostic,128,128,173,284,1.348608017,1.357700000,0.044600000,0.000000000
sample,fixed_single,ordinary,128,128,174,284,2.041856050,2.053000000,1.687700000,0.000000000
sample,fixed_single,graph,128,128,174,284,1.359871984,1.370500000,0.080600000,0.013500000
sample,fixed_single,graph_fixed_diagnostic,128,128,174,284,1.344511986,1.356900000,0.040500000,0.000000000
sample,fixed_single,graph,128,128,175,284,1.355775952,1.368200000,0.047400000,0.010100000
sample,fixed_single,ordinary,128,128,175,284,2.153471947,2.181000000,1.441000000,0.000000000
sample,fixed_single,graph_fixed_diagnostic,128,128,175,284,1.349632025,1.360900000,0.052000000,0.000000000
sample,fixed_single,ordinary,128,128,176,284,2.068480015,2.081600000,1.754600000,0.000000000
sample,fixed_single,graph,128,128,176,284,1.369088054,1.379000000,0.063800000,0.020400000
sample,fixed_single,graph_fixed_diagnostic,128,128,176,284,1.345535994,1.356800000,0.039000000,0.000000000
sample,fixed_single,graph,128,128,177,284,1.355775952,1.367000000,0.049800000,0.011100000
sample,fixed_single,ordinary,128,128,177,284,2.105344057,2.117300000,1.572400000,0.000000000
sample,fixed_single,graph_fixed_diagnostic,128,128,177,284,1.348608017,1.359200000,0.043300000,0.000000000
sample,fixed_single,ordinary,128,128,178,284,2.086911917,2.097300000,1.773200000,0.000000000
sample,fixed_single,graph,128,128,178,284,1.374207973,1.383300000,0.066900000,0.019800000
sample,fixed_single,graph_fixed_diagnostic,128,128,178,284,1.348608017,1.360100000,0.044600000,0.000000000
sample,fixed_single,graph,128,128,179,284,1.356799960,1.368100000,0.063800000,0.010500000
sample,fixed_single,ordinary,128,128,179,284,1.611775994,1.623100000,1.221800000,0.000000000
sample,fixed_single,graph_fixed_diagnostic,128,128,179,284,1.345535994,1.355100000,0.059600000,0.000000000
sample,fixed_single,ordinary,128,128,180,284,1.608703971,1.617600000,1.102600000,0.000000000
sample,fixed_single,graph,128,128,180,284,1.352704048,1.361100000,0.045600000,0.009100000
sample,fixed_single,graph_fixed_diagnostic,128,128,180,284,1.345535994,1.355000000,0.035200000,0.000000000
sample,fixed_single,graph,128,128,181,284,1.354591966,1.363100000,0.040800000,0.006400000
sample,fixed_single,ordinary,128,128,181,284,1.575935960,1.585400000,0.934700000,0.000000000
sample,fixed_single,graph_fixed_diagnostic,128,128,181,284,1.345535994,1.354100000,0.035200000,0.000000000
sample,fixed_single,ordinary,128,128,182,284,2.190335989,2.200400000,1.720500000,0.000000000
sample,fixed_single,graph,128,128,182,284,1.360895991,1.369800000,0.079500000,0.012600000
sample,fixed_single,graph_fixed_diagnostic,128,128,182,284,1.346560001,1.358400000,0.040600000,0.000000000
sample,fixed_single,graph,128,128,183,284,1.353728056,1.365200000,0.051700000,0.008700000
sample,fixed_single,ordinary,128,128,183,284,2.091007948,2.101300000,1.744300000,0.000000000
sample,fixed_single,graph_fixed_diagnostic,128,128,183,284,1.346560001,1.355600000,0.044200000,0.000000000
sample,fixed_single,ordinary,128,128,184,284,2.054143906,2.064400000,1.718300000,0.000000000
sample,fixed_single,graph,128,128,184,284,1.352704048,1.361800000,0.041200000,0.008500000
sample,fixed_single,graph_fixed_diagnostic,128,128,184,284,1.345471978,1.353600000,0.034000000,0.000000000
sample,fixed_single,graph,128,128,185,284,1.348608017,1.357600000,0.040100000,0.006200000
sample,fixed_single,ordinary,128,128,185,284,1.851392031,1.859700000,1.522800000,0.000000000
sample,fixed_single,graph_fixed_diagnostic,128,128,185,284,1.346271992,1.354600000,0.041500000,0.000000000
sample,fixed_single,ordinary,128,128,186,284,2.336767912,2.367400000,1.985600000,0.000000000
sample,fixed_single,graph,128,128,186,284,1.364992023,1.373700000,0.053000000,0.015400000
sample,fixed_single,graph_fixed_diagnostic,128,128,186,284,1.344511986,1.353100000,0.032600000,0.000000000
sample,fixed_single,graph,128,128,187,284,1.351680040,1.359700000,0.038900000,0.007400000
sample,fixed_single,ordinary,128,128,187,284,1.805312037,1.813700000,1.422200000,0.000000000
sample,fixed_single,graph_fixed_diagnostic,128,128,187,284,1.343487978,1.351800000,0.036400000,0.000000000
sample,fixed_single,ordinary,128,128,188,284,1.939455986,1.947400000,1.431600000,0.000000000
sample,fixed_single,graph,128,128,188,284,1.350656033,1.359000000,0.038300000,0.006600000
sample,fixed_single,graph_fixed_diagnostic,128,128,188,284,1.344511986,1.354100000,0.034700000,0.000000000
sample,fixed_single,graph,128,128,189,284,1.353567958,1.361700000,0.039600000,0.007300000
sample,fixed_single,ordinary,128,128,189,284,1.997823954,2.005900000,1.628900000,0.000000000
sample,fixed_single,graph_fixed_diagnostic,128,128,189,284,1.346560001,1.356900000,0.035100000,0.000000000
sample,fixed_single,ordinary,128,128,190,284,1.837056041,1.850800000,1.469300000,0.000000000
sample,fixed_single,graph,128,128,190,284,1.356608033,1.364500000,0.069700000,0.011400000
sample,fixed_single,graph_fixed_diagnostic,128,128,190,284,1.343487978,1.351000000,0.030300000,0.000000000
sample,fixed_single,graph,128,128,191,284,1.350656033,1.357700000,0.038200000,0.005400000
sample,fixed_single,ordinary,128,128,191,284,1.814527988,1.822200000,1.478300000,0.000000000
sample,fixed_single,graph_fixed_diagnostic,128,128,191,284,1.343456030,1.351000000,0.033000000,0.000000000
sample,fixed_single,ordinary,128,128,192,284,1.990656018,1.997400000,1.678500000,0.000000000
sample,fixed_single,graph,128,128,192,284,1.350656033,1.359100000,0.055000000,0.005900000
sample,fixed_single,graph_fixed_diagnostic,128,128,192,284,1.343487978,1.352800000,0.035500000,0.000000000
sample,fixed_single,graph,128,128,193,284,1.348608017,1.358300000,0.042800000,0.005300000
sample,fixed_single,ordinary,128,128,193,284,2.040832043,2.049700000,1.420300000,0.000000000
sample,fixed_single,graph_fixed_diagnostic,128,128,193,284,1.343487978,1.352800000,0.037600000,0.000000000
sample,fixed_single,ordinary,128,128,194,284,1.961984038,1.970200000,1.471800000,0.000000000
sample,fixed_single,graph,128,128,194,284,1.349632025,1.358000000,0.039100000,0.005700000
sample,fixed_single,graph_fixed_diagnostic,128,128,194,284,1.344352007,1.352200000,0.032000000,0.000000000
sample,fixed_single,graph,128,128,195,284,1.349472046,1.357200000,0.038700000,0.005200000
sample,fixed_single,ordinary,128,128,195,284,1.863680005,1.872500000,1.120800000,0.000000000
sample,fixed_single,graph_fixed_diagnostic,128,128,195,284,1.348608017,1.362400000,0.038700000,0.000000000
sample,fixed_single,ordinary,128,128,196,284,2.849792004,2.878800000,2.491500000,0.000000000
sample,fixed_single,graph,128,128,196,284,1.353600025,1.360800000,0.041000000,0.008600000
sample,fixed_single,graph_fixed_diagnostic,128,128,196,284,1.343487978,1.350300000,0.031000000,0.000000000
sample,fixed_single,graph,128,128,197,284,1.348608017,1.356300000,0.037200000,0.005500000
sample,fixed_single,ordinary,128,128,197,284,1.935359955,1.943500000,1.275100000,0.000000000
sample,fixed_single,graph_fixed_diagnostic,128,128,197,284,1.344511986,1.353100000,0.037500000,0.000000000
sample,fixed_single,ordinary,128,128,198,284,2.025471926,2.035300000,1.660600000,0.000000000
sample,fixed_single,graph,128,128,198,284,1.350656033,1.359800000,0.043100000,0.005800000
sample,fixed_single,graph_fixed_diagnostic,128,128,198,284,1.344511986,1.353600000,0.035400000,0.000000000
sample,fixed_single,graph,128,128,199,284,1.356799960,1.370800000,0.049100000,0.007900000
sample,fixed_single,ordinary,128,128,199,284,1.992704034,2.002900000,1.358600000,0.000000000
sample,fixed_single,graph_fixed_diagnostic,128,128,199,284,1.344511986,1.353600000,0.039100000,0.000000000
sample,fixed_single,ordinary,128,128,200,284,2.026495934,2.036000000,1.406500000,0.000000000
sample,fixed_single,graph,128,128,200,284,1.351680040,1.360500000,0.043300000,0.006000000
sample,fixed_single,graph_fixed_diagnostic,128,128,200,284,1.342463970,1.351900000,0.035500000,0.000000000
sample,fixed_single,graph,128,128,201,284,1.349632025,1.358300000,0.042900000,0.005400000
sample,fixed_single,ordinary,128,128,201,284,1.983487964,1.991400000,1.420600000,0.000000000
sample,fixed_single,graph_fixed_diagnostic,128,128,201,284,1.342463970,1.351100000,0.034400000,0.000000000
sample,fixed_single,ordinary,128,128,202,284,2.011136055,2.019000000,1.698600000,0.000000000
sample,fixed_single,graph,128,128,202,284,1.351647973,1.359300000,0.044400000,0.007400000
sample,fixed_single,graph_fixed_diagnostic,128,128,202,284,1.345535994,1.352700000,0.032400000,0.000000000
sample,fixed_single,graph,128,128,203,284,1.347584009,1.355800000,0.038700000,0.005500000
sample,fixed_single,ordinary,128,128,203,284,1.780735970,1.788700000,1.230100000,0.000000000
sample,fixed_single,graph_fixed_diagnostic,128,128,203,284,1.342463970,1.350500000,0.032600000,0.000000000
sample,fixed_single,ordinary,128,128,204,284,1.818528056,1.825500000,1.458000000,0.000000000
sample,fixed_single,graph,128,128,204,284,1.348608017,1.356800000,0.039300000,0.005600000
sample,fixed_single,graph_fixed_diagnostic,128,128,204,284,1.343487978,1.351100000,0.032000000,0.000000000
sample,fixed_single,graph,128,128,205,284,1.348608017,1.355800000,0.038500000,0.005300000
sample,fixed_single,ordinary,128,128,205,284,1.873919964,1.882000000,1.397900000,0.000000000
sample,fixed_single,graph_fixed_diagnostic,128,128,205,284,1.343487978,1.354100000,0.034900000,0.000000000
sample,fixed_single,ordinary,128,128,206,284,2.578432083,2.609000000,2.212800000,0.000000000
sample,fixed_single,graph,128,128,206,284,1.353728056,1.361200000,0.039000000,0.007700000
sample,fixed_single,graph_fixed_diagnostic,128,128,206,284,1.342463970,1.349900000,0.032500000,0.000000000
sample,fixed_single,graph,128,128,207,284,1.346560001,1.354600000,0.038500000,0.005300000
sample,fixed_single,ordinary,128,128,207,284,1.819648027,1.827500000,1.263800000,0.000000000
sample,fixed_single,graph_fixed_diagnostic,128,128,207,284,1.344511986,1.353700000,0.038000000,0.000000000
sample,fixed_single,ordinary,128,128,208,284,1.965055943,1.976000000,1.505800000,0.000000000
sample,fixed_single,graph,128,128,208,284,1.350656033,1.359700000,0.044000000,0.006000000
sample,fixed_single,graph_fixed_diagnostic,128,128,208,284,1.342463970,1.351500000,0.035100000,0.000000000
sample,fixed_single,graph,128,128,209,284,1.363968015,1.380100000,0.053900000,0.009900000
sample,fixed_single,ordinary,128,128,209,284,1.693696022,1.705800000,1.317200000,0.000000000
sample,fixed_single,graph_fixed_diagnostic,128,128,209,284,1.346560001,1.355600000,0.041800000,0.000000000
sample,fixed_single,ordinary,128,128,210,284,1.972223997,1.981400000,1.631900000,0.000000000
sample,fixed_single,graph,128,128,210,284,1.357823968,1.367500000,0.075200000,0.013200000
sample,fixed_single,graph_fixed_diagnostic,128,128,210,284,1.345535994,1.354700000,0.037700000,0.000000000
sample,fixed_single,graph,128,128,211,284,1.348608017,1.359400000,0.044800000,0.005400000
sample,fixed_single,ordinary,128,128,211,284,1.725440025,1.735300000,1.406600000,0.000000000
sample,fixed_single,graph_fixed_diagnostic,128,128,211,284,1.344511986,1.353100000,0.039500000,0.000000000
sample,fixed_single,ordinary,128,128,212,284,1.809407949,1.819300000,1.043000000,0.000000000
sample,fixed_single,graph,128,128,212,284,1.354751945,1.365600000,0.046600000,0.007900000
sample,fixed_single,graph_fixed_diagnostic,128,128,212,284,1.346560001,1.358500000,0.038900000,0.000000000
sample,fixed_single,graph,128,128,213,284,1.351680040,1.361900000,0.045800000,0.007300000
sample,fixed_single,ordinary,128,128,213,284,1.831936002,1.841400000,1.513100000,0.000000000
sample,fixed_single,graph_fixed_diagnostic,128,128,213,284,1.343487978,1.353000000,0.039700000,0.000000000
sample,fixed_single,ordinary,128,128,214,284,1.757184029,1.766900000,1.441600000,0.000000000
sample,fixed_single,graph,128,128,214,284,1.349632025,1.358700000,0.042300000,0.006100000
sample,fixed_single,graph_fixed_diagnostic,128,128,214,284,1.344511986,1.353900000,0.036500000,0.000000000
sample,fixed_single,graph,128,128,215,284,1.349632025,1.358700000,0.040900000,0.005200000
sample,fixed_single,ordinary,128,128,215,284,1.727488041,1.735800000,1.330700000,0.000000000
sample,fixed_single,graph_fixed_diagnostic,128,128,215,284,1.343487978,1.351900000,0.035600000,0.000000000
sample,fixed_single,ordinary,128,128,216,284,1.685503960,1.693500000,0.646200000,0.000000000
sample,fixed_single,graph,128,128,216,284,1.352704048,1.362000000,0.039300000,0.007400000
sample,fixed_single,graph_fixed_diagnostic,128,128,216,284,1.343487978,1.354900000,0.039300000,0.000000000
sample,fixed_single,graph,128,128,217,284,1.349632025,1.358300000,0.041100000,0.005700000
sample,fixed_single,ordinary,128,128,217,284,1.754112005,1.762900000,1.407000000,0.000000000
sample,fixed_single,graph_fixed_diagnostic,128,128,217,284,1.343487978,1.352300000,0.036000000,0.000000000
sample,fixed_single,ordinary,128,128,218,284,1.800191998,1.809300000,1.394100000,0.000000000
sample,fixed_single,graph,128,128,218,284,1.349632025,1.358700000,0.042700000,0.005600000
sample,fixed_single,graph_fixed_diagnostic,128,128,218,284,1.341439962,1.351000000,0.036300000,0.000000000
sample,fixed_single,graph,128,128,219,284,1.350656033,1.359800000,0.041000000,0.005500000
sample,fixed_single,ordinary,128,128,219,284,1.968127966,1.977500000,1.620200000,0.000000000
sample,fixed_single,graph_fixed_diagnostic,128,128,219,284,1.345535994,1.355400000,0.037400000,0.000000000
sample,fixed_single,ordinary,128,128,220,284,1.677312016,1.686500000,1.337600000,0.000000000
sample,fixed_single,graph,128,128,220,284,1.351680040,1.361400000,0.046900000,0.008100000
sample,fixed_single,graph_fixed_diagnostic,128,128,220,284,1.345535994,1.354800000,0.036600000,0.000000000
sample,fixed_single,graph,128,128,221,284,1.350656033,1.360200000,0.041000000,0.005500000
sample,fixed_single,ordinary,128,128,221,284,1.751039982,1.761100000,1.440300000,0.000000000
sample,fixed_single,graph_fixed_diagnostic,128,128,221,284,1.346560001,1.354600000,0.035800000,0.000000000
sample,fixed_single,ordinary,128,128,222,284,1.818624020,1.828000000,1.471100000,0.000000000
sample,fixed_single,graph,128,128,222,284,1.349632025,1.358400000,0.043000000,0.005700000
sample,fixed_single,graph_fixed_diagnostic,128,128,222,284,1.344511986,1.353900000,0.036400000,0.000000000
sample,fixed_single,graph,128,128,223,284,1.369088054,1.383800000,0.056900000,0.011800000
sample,fixed_single,ordinary,128,128,223,284,1.951743960,1.961100000,1.344600000,0.000000000
sample,fixed_single,graph_fixed_diagnostic,128,128,223,284,1.344511986,1.353600000,0.038400000,0.000000000
sample,fixed_single,ordinary,128,128,224,284,2.012160063,2.021000000,1.445600000,0.000000000
sample,fixed_single,graph,128,128,224,284,1.350656033,1.360000000,0.044600000,0.006100000
sample,fixed_single,graph_fixed_diagnostic,128,128,224,284,1.341439962,1.351400000,0.035200000,0.000000000
sample,fixed_single,graph,128,128,225,284,1.348608017,1.357800000,0.042400000,0.005600000
sample,fixed_single,ordinary,128,128,225,284,2.112512112,2.121500000,1.332700000,0.000000000
sample,fixed_single,graph_fixed_diagnostic,128,128,225,284,1.343487978,1.352900000,0.038400000,0.000000000
sample,fixed_single,ordinary,128,128,226,284,1.966079950,1.974500000,1.622600000,0.000000000
sample,fixed_single,graph,128,128,226,284,1.359871984,1.371500000,0.069100000,0.013100000
sample,fixed_single,graph_fixed_diagnostic,128,128,226,284,1.349632025,1.362800000,0.040700000,0.000000000
sample,fixed_single,graph,128,128,227,284,1.357823968,1.366700000,0.047200000,0.011600000
sample,fixed_single,ordinary,128,128,227,284,2.100224018,2.110800000,1.666500000,0.000000000
sample,fixed_single,graph_fixed_diagnostic,128,128,227,284,1.344511986,1.353400000,0.038700000,0.000000000
sample,fixed_single,ordinary,128,128,228,284,2.011136055,2.020400000,1.456000000,0.000000000
sample,fixed_single,graph,128,128,228,284,1.350656033,1.359200000,0.043100000,0.006800000
sample,fixed_single,graph_fixed_diagnostic,128,128,228,284,1.343487978,1.353900000,0.036700000,0.000000000
sample,fixed_single,graph,128,128,229,284,1.350656033,1.359000000,0.043100000,0.005300000
sample,fixed_single,ordinary,128,128,229,284,1.980416059,1.989400000,1.595200000,0.000000000
sample,fixed_single,graph_fixed_diagnostic,128,128,229,284,1.346560001,1.357200000,0.040000000,0.000000000
sample,fixed_single,ordinary,128,128,230,284,2.012160063,2.023600000,1.330800000,0.000000000
sample,fixed_single,graph,128,128,230,284,1.357823968,1.366800000,0.052700000,0.011000000
sample,fixed_single,graph_fixed_diagnostic,128,128,230,284,1.344511986,1.355500000,0.042200000,0.000000000
sample,fixed_single,graph,128,128,231,284,1.352704048,1.363300000,0.045700000,0.007600000
sample,fixed_single,ordinary,128,128,231,284,1.954815984,1.963400000,1.507100000,0.000000000
sample,fixed_single,graph_fixed_diagnostic,128,128,231,284,1.346560001,1.355100000,0.038600000,0.000000000
sample,fixed_single,ordinary,128,128,232,284,2.130944014,2.140000000,1.783800000,0.000000000
sample,fixed_single,graph,128,128,232,284,1.351647973,1.359500000,0.043700000,0.005700000
sample,fixed_single,graph_fixed_diagnostic,128,128,232,284,1.350656033,1.359200000,0.036800000,0.000000000
sample,fixed_single,graph,128,128,233,284,1.352704048,1.363700000,0.045900000,0.007900000
sample,fixed_single,ordinary,128,128,233,284,1.635328054,1.644000000,1.245100000,0.000000000
sample,fixed_single,graph_fixed_diagnostic,128,128,233,284,1.346464038,1.354100000,0.037100000,0.000000000
sample,fixed_single,ordinary,128,128,234,284,1.552543998,1.560400000,1.204700000,0.000000000
sample,fixed_single,graph,128,128,234,284,1.351680040,1.358700000,0.042000000,0.007600000
sample,fixed_single,graph_fixed_diagnostic,128,128,234,284,1.342463970,1.351000000,0.033000000,0.000000000
sample,fixed_single,graph,128,128,235,284,1.349632025,1.357300000,0.038000000,0.005500000
sample,fixed_single,ordinary,128,128,235,284,1.595391989,1.604200000,1.219100000,0.000000000
sample,fixed_single,graph_fixed_diagnostic,128,128,235,284,1.345535994,1.354200000,0.038800000,0.000000000
sample,fixed_single,ordinary,128,128,236,284,1.766399980,1.775000000,1.407900000,0.000000000
sample,fixed_single,graph,128,128,236,284,1.350656033,1.360300000,0.043200000,0.006200000
sample,fixed_single,graph_fixed_diagnostic,128,128,236,284,1.352704048,1.374500000,0.043500000,0.000000000
sample,fixed_single,graph,128,128,237,284,1.366016030,1.382600000,0.056900000,0.017100000
sample,fixed_single,ordinary,128,128,237,284,2.206720114,2.217800000,1.632300000,0.000000000
sample,fixed_single,graph_fixed_diagnostic,128,128,237,284,1.347584009,1.357400000,0.040200000,0.000000000
sample,fixed_single,ordinary,128,128,238,284,2.124799967,2.136500000,1.524500000,0.000000000
sample,fixed_single,graph,128,128,238,284,1.359871984,1.368700000,0.077200000,0.012900000
sample,fixed_single,graph_fixed_diagnostic,128,128,238,284,1.345504045,1.355900000,0.039300000,0.000000000
sample,fixed_single,graph,128,128,239,284,1.354751945,1.365500000,0.049000000,0.009100000
sample,fixed_single,ordinary,128,128,239,284,2.041856050,2.050000000,1.578500000,0.000000000
sample,fixed_single,graph_fixed_diagnostic,128,128,239,284,1.342463970,1.353000000,0.042900000,0.000000000
sample,fixed_single,ordinary,128,128,240,284,2.256896019,2.274600000,1.736900000,0.000000000
sample,fixed_single,graph,128,128,240,284,1.371135950,1.384900000,0.066300000,0.018500000
sample,fixed_single,graph_fixed_diagnostic,128,128,240,284,1.349632025,1.365000000,0.061600000,0.000000000
sample,fixed_single,graph,128,128,241,284,1.355775952,1.367500000,0.051300000,0.009900000
sample,fixed_single,ordinary,128,128,241,284,2.192384005,2.206100000,1.880200000,0.000000000
sample,fixed_single,graph_fixed_diagnostic,128,128,241,284,1.347584009,1.356200000,0.040600000,0.000000000
sample,fixed_single,ordinary,128,128,242,284,2.159615993,2.169100000,1.811300000,0.000000000
sample,fixed_single,graph,128,128,242,284,1.352704048,1.361500000,0.044200000,0.007900000
sample,fixed_single,graph_fixed_diagnostic,128,128,242,284,1.343487978,1.353400000,0.039100000,0.000000000
sample,fixed_single,graph,128,128,243,284,1.353728056,1.363700000,0.048800000,0.006700000
sample,fixed_single,ordinary,128,128,243,284,2.081792116,2.092800000,1.485300000,0.000000000
sample,fixed_single,graph_fixed_diagnostic,128,128,243,284,1.345535994,1.354300000,0.055100000,0.000000000
sample,fixed_single,ordinary,128,128,244,284,1.800191998,1.808500000,1.234500000,0.000000000
sample,fixed_single,graph,128,128,244,284,1.349632025,1.357900000,0.038200000,0.007400000
sample,fixed_single,graph_fixed_diagnostic,128,128,244,284,1.344511986,1.352100000,0.032000000,0.000000000
sample,fixed_single,graph,128,128,245,284,1.347584009,1.355600000,0.038500000,0.005400000
sample,fixed_single,ordinary,128,128,245,284,1.781759977,1.788700000,1.176500000,0.000000000
sample,fixed_single,graph_fixed_diagnostic,128,128,245,284,1.343487978,1.351400000,0.034800000,0.000000000
sample,fixed_single,ordinary,128,128,246,284,1.860607982,1.868400000,1.373500000,0.000000000
sample,fixed_single,graph,128,128,246,284,1.350463986,1.357300000,0.043200000,0.005900000
sample,fixed_single,graph_fixed_diagnostic,128,128,246,284,1.344511986,1.353200000,0.032600000,0.000000000
sample,fixed_single,graph,128,128,247,284,1.448959947,1.473700000,0.317400000,0.048600000
sample,fixed_single,ordinary,128,128,247,284,1.873919964,1.881400000,1.327300000,0.000000000
sample,fixed_single,graph_fixed_diagnostic,128,128,247,284,1.343232036,1.350500000,0.032600000,0.000000000
sample,fixed_single,ordinary,128,128,248,284,1.806336045,1.814300000,1.252900000,0.000000000
sample,fixed_single,graph,128,128,248,284,1.350656033,1.358600000,0.040800000,0.005900000
sample,fixed_single,graph_fixed_diagnostic,128,128,248,284,1.343487978,1.350600000,0.032000000,0.000000000
sample,fixed_single,graph,128,128,249,284,1.347584009,1.356100000,0.038700000,0.005300000
sample,fixed_single,ordinary,128,128,249,284,1.838080049,1.846900000,1.408600000,0.000000000
sample,fixed_single,graph_fixed_diagnostic,128,128,249,284,1.345535994,1.354100000,0.038600000,0.000000000
sample,fixed_single,ordinary,128,128,250,284,2.007040024,2.020300000,1.693200000,0.000000000
sample,fixed_single,graph,128,128,250,284,1.355775952,1.365200000,0.047600000,0.009300000
sample,fixed_single,graph_fixed_diagnostic,128,128,250,284,1.344511986,1.354000000,0.035700000,0.000000000
sample,fixed_single,graph,128,128,251,284,1.351680040,1.361100000,0.060700000,0.005600000
sample,fixed_single,ordinary,128,128,251,284,2.046976089,2.055400000,1.690700000,0.000000000
sample,fixed_single,graph_fixed_diagnostic,128,128,251,284,1.342463970,1.350400000,0.030200000,0.000000000
sample,fixed_single,ordinary,128,128,252,284,1.900544047,1.907900000,1.553300000,0.000000000
sample,fixed_single,graph,128,128,252,284,1.349632025,1.357200000,0.041300000,0.005700000
sample,fixed_single,graph_fixed_diagnostic,128,128,252,284,1.342463970,1.350500000,0.031900000,0.000000000
sample,fixed_single,graph,128,128,253,284,1.350656033,1.357800000,0.038700000,0.005500000
sample,fixed_single,ordinary,128,128,253,284,1.928192019,1.935700000,1.361000000,0.000000000
sample,fixed_single,graph_fixed_diagnostic,128,128,253,284,1.342463970,1.351100000,0.035500000,0.000000000
sample,fixed_single,ordinary,128,128,254,284,1.752063990,1.760100000,1.404200000,0.000000000
sample,fixed_single,graph,128,128,254,284,1.349632025,1.357700000,0.038900000,0.005600000
sample,fixed_single,graph_fixed_diagnostic,128,128,254,284,1.343487978,1.352200000,0.031900000,0.000000000
sample,fixed_single,graph,128,128,255,284,1.347584009,1.356100000,0.038800000,0.005400000
sample,fixed_single,ordinary,128,128,255,284,1.748991966,1.756300000,1.377300000,0.000000000
sample,fixed_single,graph_fixed_diagnostic,128,128,255,284,1.342463970,1.350200000,0.034400000,0.000000000
sample,fixed_batch16,ordinary,128,128,0,284,1.667968035,1.668850000,1.540881250,0.000000000
sample,fixed_batch16,graph,128,128,0,284,1.343289971,1.343887500,0.032156250,0.000000000
sample,fixed_batch16,graph,128,128,1,284,1.341375947,1.342112500,0.030500000,0.000000000
sample,fixed_batch16,ordinary,128,128,1,284,2.022912025,2.024062500,2.000318750,0.000000000
sample,fixed_batch16,ordinary,128,128,2,284,1.958912015,1.959562500,1.825837500,0.000000000
sample,fixed_batch16,graph,128,128,2,284,1.342784047,1.343537500,0.031675000,0.000000000
sample,fixed_batch16,graph,128,128,3,284,1.343551993,1.344850000,0.045006250,0.000000000
sample,fixed_batch16,ordinary,128,128,3,284,2.028287888,2.029106250,1.896875000,0.000000000
sample,fixed_batch16,ordinary,128,128,4,284,2.036864042,2.037600000,1.895400000,0.000000000
sample,fixed_batch16,graph,128,128,4,284,1.343168020,1.343975000,0.032556250,0.000000000
sample,fixed_batch16,graph,128,128,5,284,1.343423963,1.344650000,0.041512500,0.000000000
sample,fixed_batch16,ordinary,128,128,5,284,2.054016113,2.054900000,1.858668750,0.000000000
sample,fixed_batch16,ordinary,128,128,6,284,1.994943976,1.995618750,1.854718750,0.000000000
sample,fixed_batch16,graph,128,128,6,284,1.342975974,1.343800000,0.032312500,0.000000000
sample,fixed_batch16,graph,128,128,7,284,1.343999982,1.345431250,0.044443750,0.000000000
sample,fixed_batch16,ordinary,128,128,7,284,2.014074087,2.014918750,1.930831250,0.000000000
sample,fixed_batch16,ordinary,128,128,8,284,2.122623920,2.123306250,2.103268750,0.000000000
sample,fixed_batch16,graph,128,128,8,284,1.343232036,1.343868750,0.033543750,0.000000000
sample,fixed_batch16,graph,128,128,9,284,1.341951966,1.342625000,0.032225000,0.000000000
sample,fixed_batch16,ordinary,128,128,9,284,2.115190029,2.115912500,2.046781250,0.000000000
sample,fixed_batch16,ordinary,128,128,10,284,1.886847973,1.887531250,1.743375000,0.000000000
sample,fixed_batch16,graph,128,128,10,284,1.344256043,1.345156250,0.036525000,0.000000000
sample,fixed_batch16,graph,128,128,11,284,1.343351960,1.344681250,0.034350000,0.000000000
sample,fixed_batch16,ordinary,128,128,11,284,1.893056035,1.893793750,1.805537500,0.000000000
sample,fixed_batch16,ordinary,128,128,12,284,2.076159954,2.076868750,1.954556250,0.000000000
sample,fixed_batch16,graph,128,128,12,284,1.342592001,1.343200000,0.031668750,0.000000000
sample,fixed_batch16,graph,128,128,13,284,1.342592001,1.343587500,0.037018750,0.000000000
sample,fixed_batch16,ordinary,128,128,13,284,2.062592030,2.063806250,1.926318750,0.000000000
sample,fixed_batch16,ordinary,128,128,14,284,2.052799940,2.053643750,2.025362500,0.000000000
sample,fixed_batch16,graph,128,128,14,284,1.343039989,1.343768750,0.036068750,0.000000000
sample,fixed_batch16,graph,128,128,15,284,1.343359947,1.344700000,0.038493750,0.000000000
sample,fixed_batch16,ordinary,128,128,15,284,2.115263939,2.116593750,1.984231250,0.000000000
sample,fixed_batch16,ordinary,128,128,16,284,2.044352055,2.045106250,1.870462500,0.000000000
sample,fixed_batch16,graph,128,128,16,284,1.343296051,1.343931250,0.031618750,0.000000000
sample,fixed_batch16,graph,128,128,17,284,1.342015982,1.342837500,0.034062500,0.000000000
sample,fixed_batch16,ordinary,128,128,17,284,2.096384048,2.097325000,1.967387500,0.000000000
sample,fixed_batch16,ordinary,128,128,18,284,1.786880016,1.787800000,1.247606250,0.000000000
sample,fixed_batch16,graph,128,128,18,284,1.345600009,1.346493750,0.041900000,0.000000000
sample,fixed_batch16,graph,128,128,19,284,1.341503978,1.342537500,0.030818750,0.000000000
sample,fixed_batch16,ordinary,128,128,19,284,2.066495895,2.067537500,1.918675000,0.000000000
sample,fixed_batch16,ordinary,128,128,20,284,2.044287920,2.045168750,1.712087500,0.000000000
sample,fixed_batch16,graph,128,128,20,284,1.343039989,1.343743750,0.031943750,0.000000000
sample,fixed_batch16,graph,128,128,21,284,1.342336059,1.343218750,0.033818750,0.000000000
sample,fixed_batch16,ordinary,128,128,21,284,2.036607981,2.037412500,1.828350000,0.000000000
sample,fixed_batch16,ordinary,128,128,22,284,1.850751996,1.851443750,1.455375000,0.000000000
sample,fixed_batch16,graph,128,128,22,284,1.343232036,1.343950000,0.031862500,0.000000000
sample,fixed_batch16,graph,128,128,23,284,1.342262030,1.343075000,0.030075000,0.000000000
sample,fixed_batch16,ordinary,128,128,23,284,2.129024029,2.130556250,1.850387500,0.000000000
sample,fixed_batch16,ordinary,128,128,24,284,1.964032054,1.964887500,1.516600000,0.000000000
sample,fixed_batch16,graph,128,128,24,284,1.343744040,1.344931250,0.034537500,0.000000000
sample,fixed_batch16,graph,128,128,25,284,1.342656016,1.344050000,0.039200000,0.000000000
sample,fixed_batch16,ordinary,128,128,25,284,1.960512042,1.962475000,1.837812500,0.000000000
sample,fixed_batch16,ordinary,128,128,26,284,1.951807976,1.952650000,1.743543750,0.000000000
sample,fixed_batch16,graph,128,128,26,284,1.345664024,1.348256250,0.040650000,0.000000000
sample,fixed_batch16,graph,128,128,27,284,1.342399955,1.343425000,0.037575000,0.000000000
sample,fixed_batch16,ordinary,128,128,27,284,1.626816034,1.627668750,1.394768750,0.000000000
sample,fixed_batch16,ordinary,128,128,28,284,1.818933964,1.819625000,1.435937500,0.000000000
sample,fixed_batch16,graph,128,128,28,284,1.344640017,1.345606250,0.041268750,0.000000000
sample,fixed_batch16,graph,128,128,29,284,1.342527986,1.343600000,0.037325000,0.000000000
sample,fixed_batch16,ordinary,128,128,29,284,1.985471964,1.986737500,1.728187500,0.000000000
sample,fixed_batch16,ordinary,128,128,30,284,2.093823910,2.095031250,1.973000000,0.000000000
sample,fixed_batch16,graph,128,128,30,284,1.344895959,1.345737500,0.037337500,0.000000000
sample,fixed_batch16,graph,128,128,31,284,1.343487978,1.344831250,0.039012500,0.000000000
sample,fixed_batch16,ordinary,128,128,31,284,2.049207926,2.050081250,1.920856250,0.000000000
sample,fixed_batch16,ordinary,128,128,32,284,1.926975965,1.927700000,1.648693750,0.000000000
sample,fixed_batch16,graph,128,128,32,284,1.343680024,1.344387500,0.031387500,0.000000000
sample,fixed_batch16,graph,128,128,33,284,1.343104005,1.344368750,0.041393750,0.000000000
sample,fixed_batch16,ordinary,128,128,33,284,2.051392078,2.052331250,1.909568750,0.000000000
sample,fixed_batch16,ordinary,128,128,34,284,1.965119958,1.965943750,1.827806250,0.000000000
sample,fixed_batch16,graph,128,128,34,284,1.343871951,1.344850000,0.037037500,0.000000000
sample,fixed_batch16,graph,128,128,35,284,1.343680024,1.345418750,0.039981250,0.000000000
sample,fixed_batch16,ordinary,128,128,35,284,2.109695911,2.111037500,1.937125000,0.000000000
sample,fixed_batch16,ordinary,128,128,36,284,1.986238003,1.986931250,1.746025000,0.000000000
sample,fixed_batch16,graph,128,128,36,284,1.343413949,1.344025000,0.031700000,0.000000000
sample,fixed_batch16,graph,128,128,37,284,1.342463970,1.343425000,0.031606250,0.000000000
sample,fixed_batch16,ordinary,128,128,37,284,1.901311994,1.903912500,1.749750000,0.000000000
sample,fixed_batch16,ordinary,128,128,38,284,2.239936113,2.241300000,2.084418750,0.000000000
sample,fixed_batch16,graph,128,128,38,284,1.345280051,1.346418750,0.041362500,0.000000000
sample,fixed_batch16,graph,128,128,39,284,1.342463970,1.343600000,0.038243750,0.000000000
sample,fixed_batch16,ordinary,128,128,39,284,2.176000118,2.177168750,1.883950000,0.000000000
sample,fixed_batch16,ordinary,128,128,40,284,2.162048101,2.163012500,1.920981250,0.000000000
sample,fixed_batch16,graph,128,128,40,284,1.344895959,1.345718750,0.038550000,0.000000000
sample,fixed_batch16,graph,128,128,41,284,1.341567993,1.342250000,0.029600000,0.000000000
sample,fixed_batch16,ordinary,128,128,41,284,2.004479885,2.005600000,1.748025000,0.000000000
sample,fixed_batch16,ordinary,128,128,42,284,1.926975965,1.927718750,1.682525000,0.000000000
sample,fixed_batch16,graph,128,128,42,284,1.343680024,1.344581250,0.033593750,0.000000000
sample,fixed_batch16,graph,128,128,43,284,1.341760039,1.342368750,0.030568750,0.000000000
sample,fixed_batch16,ordinary,128,128,43,284,2.089910030,2.090893750,1.762106250,0.000000000
sample,fixed_batch16,ordinary,128,128,44,284,1.990911961,1.991712500,1.709206250,0.000000000
sample,fixed_batch16,graph,128,128,44,284,1.344063997,1.345006250,0.031350000,0.000000000
sample,fixed_batch16,graph,128,128,45,284,1.344831944,1.347193750,0.047581250,0.000000000
sample,fixed_batch16,ordinary,128,128,45,284,1.843008041,1.844381250,1.566362500,0.000000000
sample,fixed_batch16,ordinary,128,128,46,284,1.708799958,1.709500000,1.425862500,0.000000000
sample,fixed_batch16,graph,128,128,46,284,1.344256043,1.345006250,0.031725000,0.000000000
sample,fixed_batch16,graph,128,128,47,284,1.341696024,1.342462500,0.031031250,0.000000000
sample,fixed_batch16,ordinary,128,128,47,284,2.096640110,2.097731250,1.793425000,0.000000000
sample,fixed_batch16,ordinary,128,128,48,284,1.974207997,1.975018750,1.533675000,0.000000000
sample,fixed_batch16,graph,128,128,48,284,1.343359947,1.344525000,0.031875000,0.000000000
sample,fixed_batch16,graph,128,128,49,284,1.344192028,1.345825000,0.045243750,0.000000000
sample,fixed_batch16,ordinary,128,128,49,284,2.158463955,2.159318750,1.989606250,0.000000000
sample,fixed_single,ordinary,512,512,0,837,1.876991987,1.886000000,1.435400000,0.000000000
sample,fixed_single,graph,512,512,0,837,1.604608059,1.613900000,0.045200000,0.005600000
sample,fixed_single,graph_fixed_diagnostic,512,512,0,837,1.600512028,1.612800000,0.038700000,0.000000000
sample,fixed_single,graph,512,512,1,837,1.605631948,1.615100000,0.043300000,0.006500000
sample,fixed_single,ordinary,512,512,1,837,1.846271992,1.856000000,1.393700000,0.000000000
sample,fixed_single,graph_fixed_diagnostic,512,512,1,837,1.596415997,1.606200000,0.038000000,0.000000000
sample,fixed_single,ordinary,512,512,2,837,1.841151953,1.851500000,1.495100000,0.000000000
sample,fixed_single,graph,512,512,2,837,1.602560043,1.611200000,0.042300000,0.005600000
sample,fixed_single,graph_fixed_diagnostic,512,512,2,837,1.597440004,1.606200000,0.035700000,0.000000000
sample,fixed_single,graph,512,512,3,837,1.602560043,1.612200000,0.043200000,0.005300000
sample,fixed_single,ordinary,512,512,3,837,1.977344036,1.985500000,1.390800000,0.000000000
sample,fixed_single,graph_fixed_diagnostic,512,512,3,837,1.598464012,1.607000000,0.037700000,0.000000000
sample,fixed_single,ordinary,512,512,4,837,1.866752028,1.878600000,1.423900000,0.000000000
sample,fixed_single,graph,512,512,4,837,1.606655955,1.615600000,0.045300000,0.009300000
sample,fixed_single,graph_fixed_diagnostic,512,512,4,837,1.597375989,1.604500000,0.031500000,0.000000000
sample,fixed_single,graph,512,512,5,837,1.605504036,1.614100000,0.038300000,0.006000000
sample,fixed_single,ordinary,512,512,5,837,1.841151953,1.850000000,1.413600000,0.000000000
sample,fixed_single,graph_fixed_diagnostic,512,512,5,837,1.598464012,1.607400000,0.037400000,0.000000000
sample,fixed_single,ordinary,512,512,6,837,1.924095988,1.932400000,1.266500000,0.000000000
sample,fixed_single,graph,512,512,6,837,1.602560043,1.611700000,0.042400000,0.005500000
sample,fixed_single,graph_fixed_diagnostic,512,512,6,837,1.602560043,1.626500000,0.038300000,0.000000000
sample,fixed_single,graph,512,512,7,837,1.609727979,1.620000000,0.053200000,0.012100000
sample,fixed_single,ordinary,512,512,7,837,1.851392031,1.860700000,1.315800000,0.000000000
sample,fixed_single,graph_fixed_diagnostic,512,512,7,837,1.597440004,1.606300000,0.037700000,0.000000000
sample,fixed_single,ordinary,512,512,8,837,1.905663967,1.914900000,1.223100000,0.000000000
sample,fixed_single,graph,512,512,8,837,1.604608059,1.614200000,0.043500000,0.006200000
sample,fixed_single,graph_fixed_diagnostic,512,512,8,837,1.599488020,1.608600000,0.036500000,0.000000000
sample,fixed_single,graph,512,512,9,837,1.604608059,1.613200000,0.043100000,0.005300000
sample,fixed_single,ordinary,512,512,9,837,1.875967979,1.884600000,1.353400000,0.000000000
sample,fixed_single,graph_fixed_diagnostic,512,512,9,837,1.598464012,1.607300000,0.036300000,0.000000000
sample,fixed_single,ordinary,512,512,10,837,1.821535945,1.832500000,0.675100000,0.000000000
sample,fixed_single,graph,512,512,10,837,1.607679963,1.615400000,0.061300000,0.008200000
sample,fixed_single,graph_fixed_diagnostic,512,512,10,837,1.595391989,1.603700000,0.033300000,0.000000000
sample,fixed_single,graph,512,512,11,837,1.603584051,1.611000000,0.039000000,0.005600000
sample,fixed_single,ordinary,512,512,11,837,1.796095967,1.804100000,0.666200000,0.000000000
sample,fixed_single,graph_fixed_diagnostic,512,512,11,837,1.596415997,1.604800000,0.032600000,0.000000000
sample,fixed_single,ordinary,512,512,12,837,1.796095967,1.803700000,0.607500000,0.000000000
sample,fixed_single,graph,512,512,12,837,1.605631948,1.612800000,0.037900000,0.005900000
sample,fixed_single,graph_fixed_diagnostic,512,512,12,837,1.596415997,1.606300000,0.032400000,0.000000000
sample,fixed_single,graph,512,512,13,837,1.607679963,1.620100000,0.042200000,0.007100000
sample,fixed_single,ordinary,512,512,13,837,1.793023944,1.801300000,0.529500000,0.000000000
sample,fixed_single,graph_fixed_diagnostic,512,512,13,837,1.600512028,1.607600000,0.043900000,0.000000000
sample,fixed_single,ordinary,512,512,14,837,1.833984017,1.843800000,0.550400000,0.000000000
sample,fixed_single,graph,512,512,14,837,1.605631948,1.615700000,0.039300000,0.007400000
sample,fixed_single,graph_fixed_diagnostic,512,512,14,837,1.594367981,1.602400000,0.033000000,0.000000000
sample,fixed_single,graph,512,512,15,837,1.603584051,1.611000000,0.039700000,0.005500000
sample,fixed_single,ordinary,512,512,15,837,1.798143983,1.806000000,0.718200000,0.000000000
sample,fixed_single,graph_fixed_diagnostic,512,512,15,837,1.597440004,1.605500000,0.033400000,0.000000000
sample,fixed_single,ordinary,512,512,16,837,1.861503959,1.872300000,0.777000000,0.000000000
sample,fixed_single,graph,512,512,16,837,1.715039968,1.745000000,0.340500000,0.050800000
sample,fixed_single,graph_fixed_diagnostic,512,512,16,837,1.596415997,1.605100000,0.029400000,0.000000000
sample,fixed_single,graph,512,512,17,837,1.603584051,1.612500000,0.041900000,0.005900000
sample,fixed_single,ordinary,512,512,17,837,1.844223976,1.853500000,1.477700000,0.000000000
sample,fixed_single,graph_fixed_diagnostic,512,512,17,837,1.598464012,1.607000000,0.038100000,0.000000000
sample,fixed_single,ordinary,512,512,18,837,2.007040024,2.015600000,1.633000000,0.000000000
sample,fixed_single,graph,512,512,18,837,1.603584051,1.612800000,0.044400000,0.005900000
sample,fixed_single,graph_fixed_diagnostic,512,512,18,837,1.598464012,1.607800000,0.035800000,0.000000000
sample,fixed_single,graph,512,512,19,837,1.602560043,1.612300000,0.041100000,0.005400000
sample,fixed_single,ordinary,512,512,19,837,1.848320007,1.857700000,1.496300000,0.000000000
sample,fixed_single,graph_fixed_diagnostic,512,512,19,837,1.597440004,1.606400000,0.037900000,0.000000000
sample,fixed_single,ordinary,512,512,20,837,1.833888054,1.840700000,1.302600000,0.000000000
sample,fixed_single,graph,512,512,20,837,1.602560043,1.611800000,0.038800000,0.006100000
sample,fixed_single,graph_fixed_diagnostic,512,512,20,837,1.598464012,1.607500000,0.035100000,0.000000000
sample,fixed_single,graph,512,512,21,837,1.602560043,1.612300000,0.042400000,0.005300000
sample,fixed_single,ordinary,512,512,21,837,1.893375993,1.902000000,1.504800000,0.000000000
sample,fixed_single,graph_fixed_diagnostic,512,512,21,837,1.595391989,1.605300000,0.035800000,0.000000000
sample,fixed_single,ordinary,512,512,22,837,1.936383963,1.945100000,1.476800000,0.000000000
sample,fixed_single,graph,512,512,22,837,1.604608059,1.613300000,0.043800000,0.005700000
sample,fixed_single,graph_fixed_diagnostic,512,512,22,837,1.598464012,1.607000000,0.035200000,0.000000000
sample,fixed_single,graph,512,512,23,837,1.603584051,1.611700000,0.038300000,0.005200000
sample,fixed_single,ordinary,512,512,23,837,1.795071959,1.803000000,0.723400000,0.000000000
sample,fixed_single,graph_fixed_diagnostic,512,512,23,837,1.598464012,1.605800000,0.032200000,0.000000000
sample,fixed_single,ordinary,512,512,24,837,1.828863978,1.836600000,0.830200000,0.000000000
sample,fixed_single,graph,512,512,24,837,1.604608059,1.613800000,0.042800000,0.005600000
sample,fixed_single,graph_fixed_diagnostic,512,512,24,837,1.597440004,1.607100000,0.035400000,0.000000000
sample,fixed_single,graph,512,512,25,837,1.603584051,1.612300000,0.042200000,0.005400000
sample,fixed_single,ordinary,512,512,25,837,2.200576067,2.214300000,1.613000000,0.000000000
sample,fixed_single,graph_fixed_diagnostic,512,512,25,837,1.602560043,1.612700000,0.049900000,0.000000000
sample,fixed_single,ordinary,512,512,26,837,2.378751993,2.390100000,1.816300000,0.000000000
sample,fixed_single,graph,512,512,26,837,1.623039961,1.633900000,0.078500000,0.021400000
sample,fixed_single,graph_fixed_diagnostic,512,512,26,837,1.601536036,1.615700000,0.050800000,0.000000000
sample,fixed_single,graph,512,512,27,837,1.608703971,1.620900000,0.052800000,0.009400000
sample,fixed_single,ordinary,512,512,27,837,1.848320007,1.857800000,1.403100000,0.000000000
sample,fixed_single,graph_fixed_diagnostic,512,512,27,837,1.598464012,1.607600000,0.039000000,0.000000000
sample,fixed_single,ordinary,512,512,28,837,1.952767968,1.961700000,1.640400000,0.000000000
sample,fixed_single,graph,512,512,28,837,1.607679963,1.618200000,0.048100000,0.008800000
sample,fixed_single,graph_fixed_diagnostic,512,512,28,837,1.597440004,1.607200000,0.035600000,0.000000000
sample,fixed_single,graph,512,512,29,837,1.603584051,1.612900000,0.041700000,0.005900000
sample,fixed_single,ordinary,512,512,29,837,1.857535958,1.865900000,1.429000000,0.000000000
sample,fixed_single,graph_fixed_diagnostic,512,512,29,837,1.598464012,1.606400000,0.032000000,0.000000000
sample,fixed_single,ordinary,512,512,30,837,1.795935988,1.803400000,1.255900000,0.000000000
sample,fixed_single,graph,512,512,30,837,1.604608059,1.612300000,0.038600000,0.005900000
sample,fixed_single,graph_fixed_diagnostic,512,512,30,837,1.596415997,1.604100000,0.032400000,0.000000000
sample,fixed_single,graph,512,512,31,837,1.602560043,1.610000000,0.038400000,0.005300000
sample,fixed_single,ordinary,512,512,31,837,1.828735948,1.835700000,1.163200000,0.000000000
sample,fixed_single,graph_fixed_diagnostic,512,512,31,837,1.596415997,1.604700000,0.034600000,0.000000000
sample,fixed_single,ordinary,512,512,32,837,1.865728021,1.873300000,0.852400000,0.000000000
sample,fixed_single,graph,512,512,32,837,1.604608059,1.612400000,0.041600000,0.006000000
sample,fixed_single,graph_fixed_diagnostic,512,512,32,837,1.597440004,1.605400000,0.031800000,0.000000000
sample,fixed_single,graph,512,512,33,837,1.602560043,1.610100000,0.038900000,0.005700000
sample,fixed_single,ordinary,512,512,33,837,1.852416039,1.860000000,0.813200000,0.000000000
sample,fixed_single,graph_fixed_diagnostic,512,512,33,837,1.596415997,1.604100000,0.032700000,0.000000000
sample,fixed_single,ordinary,512,512,34,837,1.794047952,1.801700000,1.009300000,0.000000000
sample,fixed_single,graph,512,512,34,837,1.601536036,1.609800000,0.039000000,0.005600000
sample,fixed_single,graph_fixed_diagnostic,512,512,34,837,1.601376057,1.616600000,0.035100000,0.000000000
sample,fixed_single,graph,512,512,35,837,1.721343994,1.750600000,0.361000000,0.067100000
sample,fixed_single,ordinary,512,512,35,837,1.851232052,1.858100000,0.760300000,0.000000000
sample,fixed_single,graph_fixed_diagnostic,512,512,35,837,1.598464012,1.605100000,0.033700000,0.000000000
sample,fixed_single,ordinary,512,512,36,837,1.796095967,1.803200000,0.572500000,0.000000000
sample,fixed_single,graph,512,512,36,837,1.604608059,1.612300000,0.037700000,0.006500000
sample,fixed_single,graph_fixed_diagnostic,512,512,36,837,1.598464012,1.606400000,0.032900000,0.000000000
sample,fixed_single,graph,512,512,37,837,1.602560043,1.611900000,0.040900000,0.005500000
sample,fixed_single,ordinary,512,512,37,837,1.931264043,1.940500000,0.822200000,0.000000000
sample,fixed_single,graph_fixed_diagnostic,512,512,37,837,1.600512028,1.613800000,0.040400000,0.000000000
sample,fixed_single,ordinary,512,512,38,837,1.982463956,1.994000000,1.501900000,0.000000000
sample,fixed_single,graph,512,512,38,837,1.617920041,1.626800000,0.054900000,0.015100000
sample,fixed_single,graph_fixed_diagnostic,512,512,38,837,1.598464012,1.607700000,0.036300000,0.000000000
sample,fixed_single,graph,512,512,39,837,1.602560043,1.611700000,0.043400000,0.005300000
sample,fixed_single,ordinary,512,512,39,837,1.847296000,1.857300000,1.434700000,0.000000000
sample,fixed_single,graph_fixed_diagnostic,512,512,39,837,1.597440004,1.607300000,0.038200000,0.000000000
sample,fixed_single,ordinary,512,512,40,837,1.916928053,1.926700000,1.497700000,0.000000000
sample,fixed_single,graph,512,512,40,837,1.603584051,1.613900000,0.044400000,0.006200000
sample,fixed_single,graph_fixed_diagnostic,512,512,40,837,1.597440004,1.606600000,0.040300000,0.000000000
sample,fixed_single,graph,512,512,41,837,1.610751987,1.623800000,0.074500000,0.010700000
sample,fixed_single,ordinary,512,512,41,837,1.936383963,1.946000000,1.560600000,0.000000000
sample,fixed_single,graph_fixed_diagnostic,512,512,41,837,1.597440004,1.607300000,0.035800000,0.000000000
sample,fixed_single,ordinary,512,512,42,837,1.841151953,1.850400000,1.491900000,0.000000000
sample,fixed_single,graph,512,512,42,837,1.603584051,1.612700000,0.042100000,0.005400000
sample,fixed_single,graph_fixed_diagnostic,512,512,42,837,1.596415997,1.604700000,0.032000000,0.000000000
sample,fixed_single,graph,512,512,43,837,1.602560043,1.612100000,0.042700000,0.005300000
sample,fixed_single,ordinary,512,512,43,837,1.845247984,1.854200000,1.405400000,0.000000000
sample,fixed_single,graph_fixed_diagnostic,512,512,43,837,1.596415997,1.607200000,0.037800000,0.000000000
sample,fixed_single,ordinary,512,512,44,837,1.914880037,1.931500000,0.694900000,0.000000000
sample,fixed_single,graph,512,512,44,837,1.622015953,1.634400000,0.064400000,0.014800000
sample,fixed_single,graph_fixed_diagnostic,512,512,44,837,1.599488020,1.610400000,0.037400000,0.000000000
sample,fixed_single,graph,512,512,45,837,1.606655955,1.616600000,0.042300000,0.006700000
sample,fixed_single,ordinary,512,512,45,837,1.882112026,1.891800000,0.904100000,0.000000000
sample,fixed_single,graph_fixed_diagnostic,512,512,45,837,1.602560043,1.612400000,0.042200000,0.000000000
sample,fixed_single,ordinary,512,512,46,837,1.845247984,1.854800000,1.018600000,0.000000000
sample,fixed_single,graph,512,512,46,837,1.609727979,1.621600000,0.073200000,0.011600000
sample,fixed_single,graph_fixed_diagnostic,512,512,46,837,1.600512028,1.612700000,0.038700000,0.000000000
sample,fixed_single,graph,512,512,47,837,1.619968057,1.633800000,0.065300000,0.012800000
sample,fixed_single,ordinary,512,512,47,837,1.875967979,1.887600000,1.528700000,0.000000000
sample,fixed_single,graph_fixed_diagnostic,512,512,47,837,1.599488020,1.609900000,0.041800000,0.000000000
sample,fixed_single,ordinary,512,512,48,837,1.870847940,1.882500000,1.319800000,0.000000000
sample,fixed_single,graph,512,512,48,837,1.612800002,1.621700000,0.075200000,0.012000000
sample,fixed_single,graph_fixed_diagnostic,512,512,48,837,1.599488020,1.608300000,0.034400000,0.000000000
sample,fixed_single,graph,512,512,49,837,1.609568000,1.618100000,0.043900000,0.007900000
sample,fixed_single,ordinary,512,512,49,837,1.853440046,1.862200000,1.297500000,0.000000000
sample,fixed_single,graph_fixed_diagnostic,512,512,49,837,1.595391989,1.605100000,0.035100000,0.000000000
sample,fixed_single,ordinary,512,512,50,837,1.823744059,1.845800000,0.946000000,0.000000000
sample,fixed_single,graph,512,512,50,837,1.610751987,1.619100000,0.046600000,0.010400000
sample,fixed_single,graph_fixed_diagnostic,512,512,50,837,1.598464012,1.606700000,0.034600000,0.000000000
sample,fixed_single,graph,512,512,51,837,1.606655955,1.614900000,0.039800000,0.008000000
sample,fixed_single,ordinary,512,512,51,837,1.799167991,1.808200000,0.964100000,0.000000000
sample,fixed_single,graph_fixed_diagnostic,512,512,51,837,1.600512028,1.608400000,0.034500000,0.000000000
sample,fixed_single,ordinary,512,512,52,837,1.797119975,1.805600000,1.029700000,0.000000000
sample,fixed_single,graph,512,512,52,837,1.608672023,1.617000000,0.044100000,0.009700000
sample,fixed_single,graph_fixed_diagnostic,512,512,52,837,1.601536036,1.609700000,0.033800000,0.000000000
sample,fixed_single,graph,512,512,53,837,1.606655955,1.615600000,0.039400000,0.007100000
sample,fixed_single,ordinary,512,512,53,837,2.664319992,2.675900000,1.084300000,0.000000000
sample,fixed_single,graph_fixed_diagnostic,512,512,53,837,1.602560043,1.612500000,0.042100000,0.000000000
sample,fixed_single,ordinary,512,512,54,837,2.039808035,2.052500000,1.455700000,0.000000000
sample,fixed_single,graph,512,512,54,837,1.639423966,1.651800000,0.079800000,0.030900000
sample,fixed_single,graph_fixed_diagnostic,512,512,54,837,1.602560043,1.615600000,0.043400000,0.000000000
sample,fixed_single,graph,512,512,55,837,1.606655955,1.618900000,0.080500000,0.008700000
sample,fixed_single,ordinary,512,512,55,837,2.014208078,2.025300000,1.657300000,0.000000000
sample,fixed_single,graph_fixed_diagnostic,512,512,55,837,1.601536036,1.611300000,0.042800000,0.000000000
sample,fixed_single,ordinary,512,512,56,837,2.031615973,2.043900000,1.685400000,0.000000000
sample,fixed_single,graph,512,512,56,837,1.628160000,1.639000000,0.071000000,0.018300000
sample,fixed_single,graph_fixed_diagnostic,512,512,56,837,1.600512028,1.612600000,0.041300000,0.000000000
sample,fixed_single,graph,512,512,57,837,1.609727979,1.620000000,0.050300000,0.007800000
sample,fixed_single,ordinary,512,512,57,837,1.851392031,1.862100000,1.482000000,0.000000000
sample,fixed_single,graph_fixed_diagnostic,512,512,57,837,1.597440004,1.605200000,0.034900000,0.000000000
sample,fixed_single,ordinary,512,512,58,837,1.796095967,1.805400000,0.817000000,0.000000000
sample,fixed_single,graph,512,512,58,837,1.607679963,1.616900000,0.040700000,0.008200000
sample,fixed_single,graph_fixed_diagnostic,512,512,58,837,1.597440004,1.605500000,0.032500000,0.000000000
sample,fixed_single,graph,512,512,59,837,1.604575992,1.613800000,0.040500000,0.006400000
sample,fixed_single,ordinary,512,512,59,837,1.803264022,1.815400000,0.858000000,0.000000000
sample,fixed_single,graph_fixed_diagnostic,512,512,59,837,1.600512028,1.609400000,0.038100000,0.000000000
sample,fixed_single,ordinary,512,512,60,837,1.795071959,1.805100000,1.107100000,0.000000000
sample,fixed_single,graph,512,512,60,837,1.616736054,1.624700000,0.053300000,0.015900000
sample,fixed_single,graph_fixed_diagnostic,512,512,60,837,1.598464012,1.608900000,0.034700000,0.000000000
sample,fixed_single,graph,512,512,61,837,1.603584051,1.612800000,0.043800000,0.006100000
sample,fixed_single,ordinary,512,512,61,837,1.879040003,1.889000000,1.548100000,0.000000000
sample,fixed_single,graph_fixed_diagnostic,512,512,61,837,1.599488020,1.609100000,0.042900000,0.000000000
sample,fixed_single,ordinary,512,512,62,837,1.918975949,1.928100000,1.587300000,0.000000000
sample,fixed_single,graph,512,512,62,837,1.614848018,1.625500000,0.080700000,0.013700000
sample,fixed_single,graph_fixed_diagnostic,512,512,62,837,1.602560043,1.616700000,0.039000000,0.000000000
sample,fixed_single,graph,512,512,63,837,1.610751987,1.622200000,0.050700000,0.011100000
sample,fixed_single,ordinary,512,512,63,837,1.927168012,1.937800000,1.505800000,0.000000000
sample,fixed_single,graph_fixed_diagnostic,512,512,63,837,1.598464012,1.608400000,0.039500000,0.000000000
sample,fixed_single,ordinary,512,512,64,837,1.865728021,1.875200000,1.433100000,0.000000000
sample,fixed_single,graph,512,512,64,837,1.605631948,1.615300000,0.045800000,0.006800000
sample,fixed_single,graph_fixed_diagnostic,512,512,64,837,1.597440004,1.607000000,0.037000000,0.000000000
sample,fixed_single,graph,512,512,65,837,1.601536036,1.611400000,0.044200000,0.005300000
sample,fixed_single,ordinary,512,512,65,837,1.840127945,1.850600000,0.746100000,0.000000000
sample,fixed_single,graph_fixed_diagnostic,512,512,65,837,1.600512028,1.608300000,0.039300000,0.000000000
sample,fixed_single,ordinary,512,512,66,837,1.881088018,1.893300000,0.820700000,0.000000000
sample,fixed_single,graph,512,512,66,837,1.604608059,1.614100000,0.047100000,0.007200000
sample,fixed_single,graph_fixed_diagnostic,512,512,66,837,1.599488020,1.608400000,0.036100000,0.000000000
sample,fixed_single,graph,512,512,67,837,1.604608059,1.613500000,0.042800000,0.005700000
sample,fixed_single,ordinary,512,512,67,837,1.856511950,1.865600000,1.425300000,0.000000000
sample,fixed_single,graph_fixed_diagnostic,512,512,67,837,1.598464012,1.608300000,0.037600000,0.000000000
sample,fixed_single,ordinary,512,512,68,837,1.842175961,1.850700000,1.307700000,0.000000000
sample,fixed_single,graph,512,512,68,837,1.605631948,1.614300000,0.044900000,0.005700000
sample,fixed_single,graph_fixed_diagnostic,512,512,68,837,1.598464012,1.607500000,0.052300000,0.000000000
sample,fixed_single,graph,512,512,69,837,1.603487968,1.611200000,0.038600000,0.006100000
sample,fixed_single,ordinary,512,512,69,837,1.798143983,1.805100000,0.634600000,0.000000000
sample,fixed_single,graph_fixed_diagnostic,512,512,69,837,1.597440004,1.605300000,0.034400000,0.000000000
sample,fixed_single,ordinary,512,512,70,837,1.795071959,1.803300000,0.617500000,0.000000000
sample,fixed_single,graph,512,512,70,837,1.602560043,1.610800000,0.036500000,0.005700000
sample,fixed_single,graph_fixed_diagnostic,512,512,70,837,1.597440004,1.605200000,0.032200000,0.000000000
sample,fixed_single,graph,512,512,71,837,1.604608059,1.612300000,0.037000000,0.005300000
sample,fixed_single,ordinary,512,512,71,837,1.845247984,1.853300000,0.667500000,0.000000000
sample,fixed_single,graph_fixed_diagnostic,512,512,71,837,1.599264026,1.611000000,0.036700000,0.000000000
sample,fixed_single,ordinary,512,512,72,837,2.516992092,2.545900000,1.422200000,0.000000000
sample,fixed_single,graph,512,512,72,837,1.610751987,1.620300000,0.072200000,0.011800000
sample,fixed_single,graph_fixed_diagnostic,512,512,72,837,1.595391989,1.605100000,0.036400000,0.000000000
sample,fixed_single,graph,512,512,73,837,1.602560043,1.611200000,0.041600000,0.005400000
sample,fixed_single,ordinary,512,512,73,837,1.841151953,1.850600000,0.786200000,0.000000000
sample,fixed_single,graph_fixed_diagnostic,512,512,73,837,1.598464012,1.607800000,0.036600000,0.000000000
sample,fixed_single,ordinary,512,512,74,837,1.810431957,1.819500000,0.662100000,0.000000000
sample,fixed_single,graph,512,512,74,837,1.604608059,1.612000000,0.037400000,0.005700000
sample,fixed_single,graph_fixed_diagnostic,512,512,74,837,1.601408005,1.613400000,0.035400000,0.000000000
sample,fixed_single,graph,512,512,75,837,1.605631948,1.614500000,0.041400000,0.007900000
sample,fixed_single,ordinary,512,512,75,837,1.829887986,1.837200000,0.601400000,0.000000000
sample,fixed_single,graph_fixed_diagnostic,512,512,75,837,1.599488020,1.607500000,0.033200000,0.000000000
sample,fixed_single,ordinary,512,512,76,837,1.934335947,1.944300000,0.751800000,0.000000000
sample,fixed_single,graph,512,512,76,837,1.604608059,1.613700000,0.041800000,0.005900000
sample,fixed_single,graph_fixed_diagnostic,512,512,76,837,1.597440004,1.606200000,0.036700000,0.000000000
sample,fixed_single,graph,512,512,77,837,1.603584051,1.612200000,0.041000000,0.005300000
sample,fixed_single,ordinary,512,512,77,837,1.843199968,1.852300000,0.768500000,0.000000000
sample,fixed_single,graph_fixed_diagnostic,512,512,77,837,1.599488020,1.609200000,0.038400000,0.000000000
sample,fixed_single,ordinary,512,512,78,837,1.807360053,1.816600000,0.620400000,0.000000000
sample,fixed_single,graph,512,512,78,837,1.605631948,1.613500000,0.037700000,0.006100000
sample,fixed_single,graph_fixed_diagnostic,512,512,78,837,1.597440004,1.604700000,0.029800000,0.000000000
sample,fixed_single,graph,512,512,79,837,1.602560043,1.610800000,0.037000000,0.005200000
sample,fixed_single,ordinary,512,512,79,837,1.795968056,1.803900000,0.680200000,0.000000000
sample,fixed_single,graph_fixed_diagnostic,512,512,79,837,1.598399997,1.606400000,0.032600000,0.000000000
sample,fixed_single,ordinary,512,512,80,837,1.846271992,1.854000000,0.632600000,0.000000000
sample,fixed_single,graph,512,512,80,837,1.603584051,1.611100000,0.036300000,0.005500000
sample,fixed_single,graph_fixed_diagnostic,512,512,80,837,1.598304033,1.605600000,0.032500000,0.000000000
sample,fixed_single,graph,512,512,81,837,1.611775994,1.623700000,0.059000000,0.008000000
sample,fixed_single,ordinary,512,512,81,837,2.026495934,2.051600000,0.799100000,0.000000000
sample,fixed_single,graph_fixed_diagnostic,512,512,81,837,1.597440004,1.605500000,0.036100000,0.000000000
sample,fixed_single,ordinary,512,512,82,837,1.798143983,1.805300000,1.121200000,0.000000000
sample,fixed_single,graph,512,512,82,837,1.601536036,1.609900000,0.038700000,0.006000000
sample,fixed_single,graph_fixed_diagnostic,512,512,82,837,1.598368049,1.606000000,0.032200000,0.000000000
sample,fixed_single,graph,512,512,83,837,1.603584051,1.611000000,0.038800000,0.005400000
sample,fixed_single,ordinary,512,512,83,837,1.794047952,1.801800000,0.752400000,0.000000000
sample,fixed_single,graph_fixed_diagnostic,512,512,83,837,1.599488020,1.608200000,0.033900000,0.000000000
sample,fixed_single,ordinary,512,512,84,837,1.871871948,1.883000000,0.725900000,0.000000000
sample,fixed_single,graph,512,512,84,837,1.606655955,1.615200000,0.041400000,0.007900000
sample,fixed_single,graph_fixed_diagnostic,512,512,84,837,1.597311974,1.604800000,0.031600000,0.000000000
sample,fixed_single,graph,512,512,85,837,1.601503968,1.608500000,0.038600000,0.005600000
sample,fixed_single,ordinary,512,512,85,837,1.795071959,1.802800000,0.844600000,0.000000000
sample,fixed_single,graph_fixed_diagnostic,512,512,85,837,1.597440004,1.605400000,0.034300000,0.000000000
sample,fixed_single,ordinary,512,512,86,837,1.795071959,1.802800000,0.855300000,0.000000000
sample,fixed_single,graph,512,512,86,837,1.601472020,1.609700000,0.039100000,0.005700000
sample,fixed_single,graph_fixed_diagnostic,512,512,86,837,1.596415997,1.606600000,0.035500000,0.000000000
sample,fixed_single,graph,512,512,87,837,1.606655955,1.616900000,0.043600000,0.007600000
sample,fixed_single,ordinary,512,512,87,837,1.849344015,1.858000000,1.471400000,0.000000000
sample,fixed_single,graph_fixed_diagnostic,512,512,87,837,1.599488020,1.608900000,0.037700000,0.000000000
sample,fixed_single,ordinary,512,512,88,837,1.829887986,1.838200000,1.363200000,0.000000000
sample,fixed_single,graph,512,512,88,837,1.604480028,1.611500000,0.041100000,0.006000000
sample,fixed_single,graph_fixed_diagnostic,512,512,88,837,1.597440004,1.605400000,0.031400000,0.000000000
sample,fixed_single,graph,512,512,89,837,1.603392005,1.610500000,0.037800000,0.005400000
sample,fixed_single,ordinary,512,512,89,837,1.797119975,1.805200000,1.290800000,0.000000000
sample,fixed_single,graph_fixed_diagnostic,512,512,89,837,1.599328041,1.606700000,0.034300000,0.000000000
sample,fixed_single,ordinary,512,512,90,837,1.809407949,1.816700000,0.792500000,0.000000000
sample,fixed_single,graph,512,512,90,837,1.620991945,1.629300000,0.247400000,0.013400000
sample,fixed_single,graph_fixed_diagnostic,512,512,90,837,1.600512028,1.607100000,0.031300000,0.000000000
sample,fixed_single,graph,512,512,91,837,1.603423953,1.610100000,0.038000000,0.005700000
sample,fixed_single,ordinary,512,512,91,837,1.798143983,1.806100000,0.851100000,0.000000000
sample,fixed_single,graph_fixed_diagnostic,512,512,91,837,1.598464012,1.606100000,0.034100000,0.000000000
sample,fixed_single,ordinary,512,512,92,837,1.874943972,1.882700000,0.687100000,0.000000000
sample,fixed_single,graph,512,512,92,837,1.602560043,1.611500000,0.039200000,0.005900000
sample,fixed_single,graph_fixed_diagnostic,512,512,92,837,1.597440004,1.605900000,0.031800000,0.000000000
sample,fixed_single,graph,512,512,93,837,1.601536036,1.609500000,0.038500000,0.005300000
sample,fixed_single,ordinary,512,512,93,837,1.852416039,1.866300000,1.391700000,0.000000000
sample,fixed_single,graph_fixed_diagnostic,512,512,93,837,1.600512028,1.610100000,0.040200000,0.000000000
sample,fixed_single,ordinary,512,512,94,837,1.839104056,1.847800000,1.462200000,0.000000000
sample,fixed_single,graph,512,512,94,837,1.616896033,1.625800000,0.055500000,0.017200000
sample,fixed_single,graph_fixed_diagnostic,512,512,94,837,1.599488020,1.609100000,0.035600000,0.000000000
sample,fixed_single,graph,512,512,95,837,1.607679963,1.617200000,0.045400000,0.007300000
sample,fixed_single,ordinary,512,512,95,837,1.869824052,1.879500000,1.428100000,0.000000000
sample,fixed_single,graph_fixed_diagnostic,512,512,95,837,1.598464012,1.607600000,0.038300000,0.000000000
sample,fixed_single,ordinary,512,512,96,837,1.843199968,1.853900000,1.399200000,0.000000000
sample,fixed_single,graph,512,512,96,837,1.610751987,1.624900000,0.048200000,0.009600000
sample,fixed_single,graph_fixed_diagnostic,512,512,96,837,1.596415997,1.606000000,0.036000000,0.000000000
sample,fixed_single,graph,512,512,97,837,1.604608059,1.613400000,0.042800000,0.005600000
sample,fixed_single,ordinary,512,512,97,837,1.846271992,1.855600000,1.503900000,0.000000000
sample,fixed_single,graph_fixed_diagnostic,512,512,97,837,1.597440004,1.605700000,0.036200000,0.000000000
sample,fixed_single,ordinary,512,512,98,837,1.817471981,1.824300000,1.037100000,0.000000000
sample,fixed_single,graph,512,512,98,837,1.604480028,1.611900000,0.038500000,0.005600000
sample,fixed_single,graph_fixed_diagnostic,512,512,98,837,1.597440004,1.605700000,0.032100000,0.000000000
sample,fixed_single,graph,512,512,99,837,1.604608059,1.612300000,0.038400000,0.005400000
sample,fixed_single,ordinary,512,512,99,837,1.873919964,1.894900000,1.357500000,0.000000000
sample,fixed_single,graph_fixed_diagnostic,512,512,99,837,1.600512028,1.609700000,0.036300000,0.000000000
sample,fixed_single,ordinary,512,512,100,837,1.848320007,1.858400000,1.531700000,0.000000000
sample,fixed_single,graph,512,512,100,837,1.613824010,1.622500000,0.078800000,0.013700000
sample,fixed_single,graph_fixed_diagnostic,512,512,100,837,1.598464012,1.608900000,0.039000000,0.000000000
sample,fixed_single,graph,512,512,101,837,1.605631948,1.615700000,0.046900000,0.008200000
sample,fixed_single,ordinary,512,512,101,837,1.845247984,1.853800000,1.325400000,0.000000000
sample,fixed_single,graph_fixed_diagnostic,512,512,101,837,1.597440004,1.606300000,0.038900000,0.000000000
sample,fixed_single,ordinary,512,512,102,837,1.856511950,1.865500000,1.324400000,0.000000000
sample,fixed_single,graph,512,512,102,837,1.603584051,1.612600000,0.043000000,0.005400000
sample,fixed_single,graph_fixed_diagnostic,512,512,102,837,1.597440004,1.608700000,0.037900000,0.000000000
sample,fixed_single,graph,512,512,103,837,1.604608059,1.614500000,0.043500000,0.006500000
sample,fixed_single,ordinary,512,512,103,837,1.844223976,1.854000000,1.412800000,0.000000000
sample,fixed_single,graph_fixed_diagnostic,512,512,103,837,1.597440004,1.606900000,0.038500000,0.000000000
sample,fixed_single,ordinary,512,512,104,837,1.878015995,1.887500000,1.438600000,0.000000000
sample,fixed_single,graph,512,512,104,837,1.602560043,1.612500000,0.042100000,0.005300000
sample,fixed_single,graph_fixed_diagnostic,512,512,104,837,1.605631948,1.615000000,0.035300000,0.000000000
sample,fixed_single,graph,512,512,105,837,1.601536036,1.609100000,0.038300000,0.005300000
sample,fixed_single,ordinary,512,512,105,837,1.798143983,1.806400000,1.192500000,0.000000000
sample,fixed_single,graph_fixed_diagnostic,512,512,105,837,1.596415997,1.604400000,0.033600000,0.000000000
sample,fixed_single,ordinary,512,512,106,837,1.798143983,1.806400000,0.925700000,0.000000000
sample,fixed_single,graph,512,512,106,837,1.602496028,1.610400000,0.039400000,0.005800000
sample,fixed_single,graph_fixed_diagnostic,512,512,106,837,1.598464012,1.605900000,0.032000000,0.000000000
sample,fixed_single,graph,512,512,107,837,1.602560043,1.610200000,0.038400000,0.005300000
sample,fixed_single,ordinary,512,512,107,837,1.800191998,1.807000000,1.063100000,0.000000000
sample,fixed_single,graph_fixed_diagnostic,512,512,107,837,1.597440004,1.605500000,0.034400000,0.000000000
sample,fixed_single,ordinary,512,512,108,837,1.799167991,1.806700000,0.864400000,0.000000000
sample,fixed_single,graph,512,512,108,837,1.603584051,1.612200000,0.039100000,0.005600000
sample,fixed_single,graph_fixed_diagnostic,512,512,108,837,1.599488020,1.607200000,0.032200000,0.000000000
sample,fixed_single,graph,512,512,109,837,1.604608059,1.614000000,0.039600000,0.006900000
sample,fixed_single,ordinary,512,512,109,837,1.847296000,1.857600000,1.395300000,0.000000000
sample,fixed_single,graph_fixed_diagnostic,512,512,109,837,1.597440004,1.606200000,0.038100000,0.000000000
sample,fixed_single,ordinary,512,512,110,837,1.936383963,1.945100000,1.543900000,0.000000000
sample,fixed_single,graph,512,512,110,837,1.603584051,1.612600000,0.042300000,0.005900000
sample,fixed_single,graph_fixed_diagnostic,512,512,110,837,1.598464012,1.608100000,0.035500000,0.000000000
sample,fixed_single,graph,512,512,111,837,1.602560043,1.611700000,0.042400000,0.005400000
sample,fixed_single,ordinary,512,512,111,837,1.886208057,1.894800000,1.401000000,0.000000000
sample,fixed_single,graph_fixed_diagnostic,512,512,111,837,1.597440004,1.606300000,0.038600000,0.000000000
sample,fixed_single,ordinary,512,512,112,837,1.842175961,1.853000000,1.487500000,0.000000000
sample,fixed_single,graph,512,512,112,837,1.605631948,1.614700000,0.042400000,0.006700000
sample,fixed_single,graph_fixed_diagnostic,512,512,112,837,1.600512028,1.608400000,0.032400000,0.000000000
sample,fixed_single,graph,512,512,113,837,1.602560043,1.610600000,0.038700000,0.005300000
sample,fixed_single,ordinary,512,512,113,837,1.798143983,1.805500000,0.851100000,0.000000000
sample,fixed_single,graph_fixed_diagnostic,512,512,113,837,1.596256018,1.604100000,0.032700000,0.000000000
sample,fixed_single,ordinary,512,512,114,837,1.796095967,1.803800000,0.843400000,0.000000000
sample,fixed_single,graph,512,512,114,837,1.601536036,1.610200000,0.039700000,0.005400000
sample,fixed_single,graph_fixed_diagnostic,512,512,114,837,1.598431945,1.606900000,0.032100000,0.000000000
sample,fixed_single,graph,512,512,115,837,1.632256031,1.646600000,0.063600000,0.017700000
sample,fixed_single,ordinary,512,512,115,837,1.798143983,1.806800000,0.524700000,0.000000000
sample,fixed_single,graph_fixed_diagnostic,512,512,115,837,1.600512028,1.608900000,0.036900000,0.000000000
sample,fixed_single,ordinary,512,512,116,837,1.934335947,1.941700000,0.565500000,0.000000000
sample,fixed_single,graph,512,512,116,837,1.611616015,1.619800000,0.044200000,0.011400000
sample,fixed_single,graph_fixed_diagnostic,512,512,116,837,1.597440004,1.606500000,0.035400000,0.000000000
sample,fixed_single,graph,512,512,117,837,1.602560043,1.611900000,0.042700000,0.005400000
sample,fixed_single,ordinary,512,512,117,837,1.840127945,1.849100000,1.492300000,0.000000000
sample,fixed_single,graph_fixed_diagnostic,512,512,117,837,1.598464012,1.607800000,0.038300000,0.000000000
sample,fixed_single,ordinary,512,512,118,837,2.069504023,2.078400000,0.857300000,0.000000000
sample,fixed_single,graph,512,512,118,837,1.616896033,1.628800000,0.053000000,0.013700000
sample,fixed_single,graph_fixed_diagnostic,512,512,118,837,1.598464012,1.609100000,0.037300000,0.000000000
sample,fixed_single,graph,512,512,119,837,1.604608059,1.614100000,0.043700000,0.006200000
sample,fixed_single,ordinary,512,512,119,837,2.026495934,2.036100000,1.226600000,0.000000000
sample,fixed_single,graph_fixed_diagnostic,512,512,119,837,1.598464012,1.608200000,0.036200000,0.000000000
sample,fixed_single,ordinary,512,512,120,837,1.842175961,1.851800000,1.506500000,0.000000000
sample,fixed_single,graph,512,512,120,837,1.602560043,1.611800000,0.043400000,0.006200000
sample,fixed_single,graph_fixed_diagnostic,512,512,120,837,1.595391989,1.604600000,0.035900000,0.000000000
sample,fixed_single,graph,512,512,121,837,1.603584051,1.613200000,0.042500000,0.005400000
sample,fixed_single,ordinary,512,512,121,837,1.859583974,1.871000000,1.512100000,0.000000000
sample,fixed_single,graph_fixed_diagnostic,512,512,121,837,1.597440004,1.606200000,0.039700000,0.000000000
sample,fixed_single,ordinary,512,512,122,837,1.843199968,1.851800000,1.450200000,0.000000000
sample,fixed_single,graph,512,512,122,837,1.606655955,1.615700000,0.043200000,0.006400000
sample,fixed_single,graph_fixed_diagnostic,512,512,122,837,1.597440004,1.604600000,0.032000000,0.000000000
sample,fixed_single,graph,512,512,123,837,1.601536036,1.609700000,0.038100000,0.005300000
sample,fixed_single,ordinary,512,512,123,837,1.842175961,1.849500000,0.830900000,0.000000000
sample,fixed_single,graph_fixed_diagnostic,512,512,123,837,1.596415997,1.604900000,0.032300000,0.000000000
sample,fixed_single,ordinary,512,512,124,837,1.837056041,1.844600000,0.978700000,0.000000000
sample,fixed_single,graph,512,512,124,837,1.604544044,1.613100000,0.039600000,0.006800000
sample,fixed_single,graph_fixed_diagnostic,512,512,124,837,1.598464012,1.606100000,0.032100000,0.000000000
sample,fixed_single,graph,512,512,125,837,1.602560043,1.610200000,0.038500000,0.005200000
sample,fixed_single,ordinary,512,512,125,837,1.796095967,1.803700000,0.984700000,0.000000000
sample,fixed_single,graph_fixed_diagnostic,512,512,125,837,1.595391989,1.603600000,0.034500000,0.000000000
sample,fixed_single,ordinary,512,512,126,837,1.798143983,1.805600000,0.958000000,0.000000000
sample,fixed_single,graph,512,512,126,837,1.604608059,1.612100000,0.038500000,0.005400000
sample,fixed_single,graph_fixed_diagnostic,512,512,126,837,1.598464012,1.605300000,0.033700000,0.000000000
sample,fixed_single,graph,512,512,127,837,1.603584051,1.611200000,0.038600000,0.005400000
sample,fixed_single,ordinary,512,512,127,837,1.781759977,1.789800000,0.818600000,0.000000000
sample,fixed_single,graph_fixed_diagnostic,512,512,127,837,1.600512028,1.610300000,0.049700000,0.000000000
sample,fixed_single,ordinary,512,512,128,837,2.103296041,2.131200000,1.133700000,0.000000000
sample,fixed_single,graph,512,512,128,837,1.609727979,1.619900000,0.051300000,0.010400000
sample,fixed_single,graph_fixed_diagnostic,512,512,128,837,1.598464012,1.607500000,0.035400000,0.000000000
sample,fixed_single,graph,512,512,129,837,1.605631948,1.615500000,0.042800000,0.006400000
sample,fixed_single,ordinary,512,512,129,837,1.841151953,1.850800000,1.488400000,0.000000000
sample,fixed_single,graph_fixed_diagnostic,512,512,129,837,1.598464012,1.607800000,0.038200000,0.000000000
sample,fixed_single,ordinary,512,512,130,837,1.942528009,1.951600000,1.472900000,0.000000000
sample,fixed_single,graph,512,512,130,837,1.602560043,1.612100000,0.043100000,0.006100000
sample,fixed_single,graph_fixed_diagnostic,512,512,130,837,1.598464012,1.608000000,0.037400000,0.000000000
sample,fixed_single,graph,512,512,131,837,1.605631948,1.614000000,0.042800000,0.005900000
sample,fixed_single,ordinary,512,512,131,837,1.895424008,1.904000000,1.465400000,0.000000000
sample,fixed_single,graph_fixed_diagnostic,512,512,131,837,1.596415997,1.605700000,0.035800000,0.000000000
sample,fixed_single,ordinary,512,512,132,837,1.839104056,1.848500000,1.406800000,0.000000000
sample,fixed_single,graph,512,512,132,837,1.602560043,1.611200000,0.042400000,0.005700000
sample,fixed_single,graph_fixed_diagnostic,512,512,132,837,1.597440004,1.605200000,0.032500000,0.000000000
sample,fixed_single,graph,512,512,133,837,1.604608059,1.611600000,0.038300000,0.005300000
sample,fixed_single,ordinary,512,512,133,837,1.796095967,1.803900000,1.227500000,0.000000000
sample,fixed_single,graph_fixed_diagnostic,512,512,133,837,1.600512028,1.609900000,0.036700000,0.000000000
sample,fixed_single,ordinary,512,512,134,837,1.837056041,1.845800000,0.764600000,0.000000000
sample,fixed_single,graph,512,512,134,837,1.606655955,1.615300000,0.045900000,0.009200000
sample,fixed_single,graph_fixed_diagnostic,512,512,134,837,1.598464012,1.605800000,0.031800000,0.000000000
sample,fixed_single,graph,512,512,135,837,1.603456020,1.611000000,0.038200000,0.005300000
sample,fixed_single,ordinary,512,512,135,837,1.854464054,1.862900000,1.514100000,0.000000000
sample,fixed_single,graph_fixed_diagnostic,512,512,135,837,1.598464012,1.607300000,0.038400000,0.000000000
sample,fixed_single,ordinary,512,512,136,837,1.878015995,1.886700000,1.534400000,0.000000000
sample,fixed_single,graph,512,512,136,837,1.602560043,1.611100000,0.042600000,0.005400000
sample,fixed_single,graph_fixed_diagnostic,512,512,136,837,1.597440004,1.607300000,0.035900000,0.000000000
sample,fixed_single,graph,512,512,137,837,1.623039961,1.637300000,0.060700000,0.010400000
sample,fixed_single,ordinary,512,512,137,837,1.874943972,1.884100000,1.191700000,0.000000000
sample,fixed_single,graph_fixed_diagnostic,512,512,137,837,1.599488020,1.608600000,0.038300000,0.000000000
sample,fixed_single,ordinary,512,512,138,837,1.843199968,1.851300000,1.412400000,0.000000000
sample,fixed_single,graph,512,512,138,837,1.603584051,1.612900000,0.046900000,0.006600000
sample,fixed_single,graph_fixed_diagnostic,512,512,138,837,1.597440004,1.606600000,0.035500000,0.000000000
sample,fixed_single,graph,512,512,139,837,1.603584051,1.612900000,0.041900000,0.005200000
sample,fixed_single,ordinary,512,512,139,837,1.841151953,1.850500000,1.483800000,0.000000000
sample,fixed_single,graph_fixed_diagnostic,512,512,139,837,1.596415997,1.606100000,0.035600000,0.000000000
sample,fixed_single,ordinary,512,512,140,837,1.822720051,1.832200000,1.120900000,0.000000000
sample,fixed_single,graph,512,512,140,837,1.606655955,1.615700000,0.039800000,0.006800000
sample,fixed_single,graph_fixed_diagnostic,512,512,140,837,1.598464012,1.609700000,0.036900000,0.000000000
sample,fixed_single,graph,512,512,141,837,1.605631948,1.614600000,0.043100000,0.006600000
sample,fixed_single,ordinary,512,512,141,837,1.843199968,1.854500000,1.487000000,0.000000000
sample,fixed_single,graph_fixed_diagnostic,512,512,141,837,1.599488020,1.607800000,0.038400000,0.000000000
sample,fixed_single,ordinary,512,512,142,837,1.867776036,1.877000000,1.419900000,0.000000000
sample,fixed_single,graph,512,512,142,837,1.603584051,1.613600000,0.044800000,0.006200000
sample,fixed_single,graph_fixed_diagnostic,512,512,142,837,1.598464012,1.616300000,0.036600000,0.000000000
sample,fixed_single,graph,512,512,143,837,1.603584051,1.614300000,0.044400000,0.006100000
sample,fixed_single,ordinary,512,512,143,837,1.899520040,1.909100000,1.483500000,0.000000000
sample,fixed_single,graph_fixed_diagnostic,512,512,143,837,1.596415997,1.606400000,0.038200000,0.000000000
sample,fixed_single,ordinary,512,512,144,837,1.840127945,1.849000000,1.397200000,0.000000000
sample,fixed_single,graph,512,512,144,837,1.603584051,1.611800000,0.042400000,0.005700000
sample,fixed_single,graph_fixed_diagnostic,512,512,144,837,1.595391989,1.603400000,0.031600000,0.000000000
sample,fixed_single,graph,512,512,145,837,1.603487968,1.610800000,0.038200000,0.005400000
sample,fixed_single,ordinary,512,512,145,837,1.798143983,1.805200000,1.290700000,0.000000000
sample,fixed_single,graph_fixed_diagnostic,512,512,145,837,1.598464012,1.606400000,0.032200000,0.000000000
sample,fixed_single,ordinary,512,512,146,837,1.894400001,1.901500000,0.965300000,0.000000000
sample,fixed_single,graph,512,512,146,837,1.608608007,1.617100000,0.048000000,0.008000000
sample,fixed_single,graph_fixed_diagnostic,512,512,146,837,1.599488020,1.608400000,0.035900000,0.000000000
sample,fixed_single,graph,512,512,147,837,1.603584051,1.613000000,0.041200000,0.005900000
sample,fixed_single,ordinary,512,512,147,837,1.843199968,1.851600000,1.394900000,0.000000000
sample,fixed_single,graph_fixed_diagnostic,512,512,147,837,1.599488020,1.608800000,0.038100000,0.000000000
sample,fixed_single,ordinary,512,512,148,837,1.956863999,1.966200000,1.509900000,0.000000000
sample,fixed_single,graph,512,512,148,837,1.603584051,1.613000000,0.042600000,0.005700000
sample,fixed_single,graph_fixed_diagnostic,512,512,148,837,1.598464012,1.607600000,0.035200000,0.000000000
sample,fixed_single,graph,512,512,149,837,1.602560043,1.609800000,0.036200000,0.005400000
sample,fixed_single,ordinary,512,512,149,837,1.798143983,1.806900000,0.862600000,0.000000000
sample,fixed_single,graph_fixed_diagnostic,512,512,149,837,1.597440004,1.605800000,0.035400000,0.000000000
sample,fixed_single,ordinary,512,512,150,837,1.796095967,1.803600000,0.851100000,0.000000000
sample,fixed_single,graph,512,512,150,837,1.604608059,1.612600000,0.041200000,0.006600000
sample,fixed_single,graph_fixed_diagnostic,512,512,150,837,1.595391989,1.603600000,0.032100000,0.000000000
sample,fixed_single,graph,512,512,151,837,1.603487968,1.610900000,0.039000000,0.005400000
sample,fixed_single,ordinary,512,512,151,837,1.796095967,1.803000000,0.851100000,0.000000000
sample,fixed_single,graph_fixed_diagnostic,512,512,151,837,1.597440004,1.606100000,0.034300000,0.000000000
sample,fixed_single,ordinary,512,512,152,837,1.793023944,1.801400000,0.839600000,0.000000000
sample,fixed_single,graph,512,512,152,837,1.617920041,1.630300000,0.057300000,0.016800000
sample,fixed_single,graph_fixed_diagnostic,512,512,152,837,1.598464012,1.607100000,0.034100000,0.000000000
sample,fixed_single,graph,512,512,153,837,1.603520036,1.610900000,0.038400000,0.006300000
sample,fixed_single,ordinary,512,512,153,837,1.802240014,1.809800000,0.892600000,0.000000000
sample,fixed_single,graph_fixed_diagnostic,512,512,153,837,1.598464012,1.606500000,0.034000000,0.000000000
sample,fixed_single,ordinary,512,512,154,837,1.798143983,1.805300000,0.940000000,0.000000000
sample,fixed_single,graph,512,512,154,837,1.602560043,1.610800000,0.038900000,0.005700000
sample,fixed_single,graph_fixed_diagnostic,512,512,154,837,1.597440004,1.605400000,0.032000000,0.000000000
sample,fixed_single,graph,512,512,155,837,1.603584051,1.611200000,0.039100000,0.005400000
sample,fixed_single,ordinary,512,512,155,837,1.831936002,1.839300000,1.118700000,0.000000000
sample,fixed_single,graph_fixed_diagnostic,512,512,155,837,1.600512028,1.612000000,0.040200000,0.000000000
sample,fixed_single,ordinary,512,512,156,837,2.353152037,2.381100000,1.122200000,0.000000000
sample,fixed_single,graph,512,512,156,837,1.627135992,1.636200000,0.067900000,0.022100000
sample,fixed_single,graph_fixed_diagnostic,512,512,156,837,1.599488020,1.609300000,0.036500000,0.000000000
sample,fixed_single,graph,512,512,157,837,1.605631948,1.615600000,0.044800000,0.006700000
sample,fixed_single,ordinary,512,512,157,837,1.896448016,1.905900000,1.392300000,0.000000000
sample,fixed_single,graph_fixed_diagnostic,512,512,157,837,1.598464012,1.607700000,0.038400000,0.000000000
sample,fixed_single,ordinary,512,512,158,837,1.841151953,1.850000000,1.495400000,0.000000000
sample,fixed_single,graph,512,512,158,837,1.605631948,1.614600000,0.046500000,0.005700000
sample,fixed_single,graph_fixed_diagnostic,512,512,158,837,1.602560043,1.614700000,0.040400000,0.000000000
sample,fixed_single,graph,512,512,159,837,1.604608059,1.614600000,0.046800000,0.007700000
sample,fixed_single,ordinary,512,512,159,837,1.864704013,1.874200000,1.415200000,0.000000000
sample,fixed_single,graph_fixed_diagnostic,512,512,159,837,1.597440004,1.606800000,0.038900000,0.000000000
sample,fixed_single,ordinary,512,512,160,837,1.846271992,1.855600000,1.466000000,0.000000000
sample,fixed_single,graph,512,512,160,837,1.604608059,1.613500000,0.042800000,0.005800000
sample,fixed_single,graph_fixed_diagnostic,512,512,160,837,1.598464012,1.607900000,0.036200000,0.000000000
sample,fixed_single,graph,512,512,161,837,1.602560043,1.611500000,0.040500000,0.005500000
sample,fixed_single,ordinary,512,512,161,837,1.822720051,1.829900000,0.967900000,0.000000000
sample,fixed_single,graph_fixed_diagnostic,512,512,161,837,1.599488020,1.608700000,0.032500000,0.000000000
sample,fixed_single,ordinary,512,512,162,837,1.801216006,1.810200000,0.877100000,0.000000000
sample,fixed_single,graph,512,512,162,837,1.609727979,1.618600000,0.073200000,0.009800000
sample,fixed_single,graph_fixed_diagnostic,512,512,162,837,1.599488020,1.609500000,0.037900000,0.000000000
sample,fixed_single,graph,512,512,163,837,1.604608059,1.613400000,0.044000000,0.006400000
sample,fixed_single,ordinary,512,512,163,837,1.870847940,1.879900000,1.404300000,0.000000000
sample,fixed_single,graph_fixed_diagnostic,512,512,163,837,1.596415997,1.606200000,0.038100000,0.000000000
sample,fixed_single,ordinary,512,512,164,837,1.842175961,1.851000000,1.504200000,0.000000000
sample,fixed_single,graph,512,512,164,837,1.602560043,1.611500000,0.044000000,0.005600000
sample,fixed_single,graph_fixed_diagnostic,512,512,164,837,1.599488020,1.608600000,0.036200000,0.000000000
sample,fixed_single,graph,512,512,165,837,1.618944049,1.634600000,0.059800000,0.010500000
sample,fixed_single,ordinary,512,512,165,837,1.908735991,1.919100000,1.383900000,0.000000000
sample,fixed_single,graph_fixed_diagnostic,512,512,165,837,1.597440004,1.607200000,0.038900000,0.000000000
sample,fixed_single,ordinary,512,512,166,837,1.842175961,1.850700000,1.511600000,0.000000000
sample,fixed_single,graph,512,512,166,837,1.605631948,1.614200000,0.043700000,0.006200000
sample,fixed_single,graph_fixed_diagnostic,512,512,166,837,1.599488020,1.608500000,0.035400000,0.000000000
sample,fixed_single,graph,512,512,167,837,1.602560043,1.611700000,0.042900000,0.005500000
sample,fixed_single,ordinary,512,512,167,837,1.839104056,1.849000000,1.414100000,0.000000000
sample,fixed_single,graph_fixed_diagnostic,512,512,167,837,1.597440004,1.606200000,0.037200000,0.000000000
sample,fixed_single,ordinary,512,512,168,837,2.021375895,2.031900000,1.517600000,0.000000000
sample,fixed_single,graph,512,512,168,837,1.612800002,1.622900000,0.055200000,0.011100000
sample,fixed_single,graph_fixed_diagnostic,512,512,168,837,1.600479960,1.611300000,0.038600000,0.000000000
sample,fixed_single,graph,512,512,169,837,1.610751987,1.622200000,0.071600000,0.009600000
sample,fixed_single,ordinary,512,512,169,837,1.929216027,1.941100000,1.541300000,0.000000000
sample,fixed_single,graph_fixed_diagnostic,512,512,169,837,1.599488020,1.610100000,0.039500000,0.000000000
sample,fixed_single,ordinary,512,512,170,837,1.878015995,1.887400000,1.115000000,0.000000000
sample,fixed_single,graph,512,512,170,837,1.604608059,1.612800000,0.039000000,0.007700000
sample,fixed_single,graph_fixed_diagnostic,512,512,170,837,1.598464012,1.609000000,0.034700000,0.000000000
sample,fixed_single,graph,512,512,171,837,1.617920041,1.634400000,0.052100000,0.010700000
sample,fixed_single,ordinary,512,512,171,837,1.892351985,1.914700000,1.088900000,0.000000000
sample,fixed_single,graph_fixed_diagnostic,512,512,171,837,1.603584051,1.616600000,0.069200000,0.000000000
sample,fixed_single,ordinary,512,512,172,837,1.980416059,1.998800000,1.387600000,0.000000000
sample,fixed_single,graph,512,512,172,837,1.625087976,1.633700000,0.067000000,0.020900000
sample,fixed_single,graph_fixed_diagnostic,512,512,172,837,1.597440004,1.606800000,0.034700000,0.000000000
sample,fixed_single,graph,512,512,173,837,1.608703971,1.618100000,0.048800000,0.008600000
sample,fixed_single,ordinary,512,512,173,837,2.028543949,2.038700000,1.646900000,0.000000000
sample,fixed_single,graph_fixed_diagnostic,512,512,173,837,1.602560043,1.612500000,0.052700000,0.000000000
sample,fixed_single,ordinary,512,512,174,837,2.397183895,2.420900000,2.091000000,0.000000000
sample,fixed_single,graph,512,512,174,837,1.775616050,1.804400000,0.417700000,0.082200000
sample,fixed_single,graph_fixed_diagnostic,512,512,174,837,1.599488020,1.608500000,0.034200000,0.000000000
sample,fixed_single,graph,512,512,175,837,1.613567948,1.623400000,0.046500000,0.008900000
sample,fixed_single,ordinary,512,512,175,837,1.972223997,1.980200000,1.539700000,0.000000000
sample,fixed_single,graph_fixed_diagnostic,512,512,175,837,1.598464012,1.606600000,0.037400000,0.000000000
sample,fixed_single,ordinary,512,512,176,837,1.797119975,1.805700000,1.029800000,0.000000000
sample,fixed_single,graph,512,512,176,837,1.608543992,1.616400000,0.047500000,0.011000000
sample,fixed_single,graph_fixed_diagnostic,512,512,176,837,1.600415945,1.608900000,0.034400000,0.000000000
sample,fixed_single,graph,512,512,177,837,1.607679963,1.617800000,0.043100000,0.008300000
sample,fixed_single,ordinary,512,512,177,837,1.804288030,1.813900000,0.996500000,0.000000000
sample,fixed_single,graph_fixed_diagnostic,512,512,177,837,1.599455953,1.608300000,0.035400000,0.000000000
sample,fixed_single,ordinary,512,512,178,837,1.937407970,1.948600000,1.036500000,0.000000000
sample,fixed_single,graph,512,512,178,837,1.610751987,1.621900000,0.049600000,0.011700000
sample,fixed_single,graph_fixed_diagnostic,512,512,178,837,1.598464012,1.609900000,0.039700000,0.000000000
sample,fixed_single,graph,512,512,179,837,1.604608059,1.615800000,0.046300000,0.006800000
sample,fixed_single,ordinary,512,512,179,837,1.894400001,1.905000000,1.547100000,0.000000000
sample,fixed_single,graph_fixed_diagnostic,512,512,179,837,1.599488020,1.609200000,0.039900000,0.000000000
sample,fixed_single,ordinary,512,512,180,837,1.837056041,1.854300000,0.843400000,0.000000000
sample,fixed_single,graph,512,512,180,837,1.627135992,1.642300000,0.072200000,0.018300000
sample,fixed_single,graph_fixed_diagnostic,512,512,180,837,1.603584051,1.615300000,0.037600000,0.000000000
sample,fixed_single,graph,512,512,181,837,1.609727979,1.618900000,0.071600000,0.010700000
sample,fixed_single,ordinary,512,512,181,837,1.803264022,1.812700000,1.417200000,0.000000000
sample,fixed_single,graph_fixed_diagnostic,512,512,181,837,1.601536036,1.610400000,0.037800000,0.000000000
sample,fixed_single,ordinary,512,512,182,837,1.927168012,1.936200000,1.204500000,0.000000000
sample,fixed_single,graph,512,512,182,837,1.614848018,1.623900000,0.072400000,0.013400000
sample,fixed_single,graph_fixed_diagnostic,512,512,182,837,1.599424005,1.610500000,0.033600000,0.000000000
sample,fixed_single,graph,512,512,183,837,1.610751987,1.623600000,0.046500000,0.010600000
sample,fixed_single,ordinary,512,512,183,837,1.876991987,1.896400000,1.108800000,0.000000000
sample,fixed_single,graph_fixed_diagnostic,512,512,183,837,1.605631948,1.619900000,0.056300000,0.000000000
sample,fixed_single,ordinary,512,512,184,837,1.816576004,1.834500000,1.189800000,0.000000000
sample,fixed_single,graph,512,512,184,837,1.620991945,1.629200000,0.056200000,0.018300000
sample,fixed_single,graph_fixed_diagnostic,512,512,184,837,1.601536036,1.613700000,0.038400000,0.000000000
sample,fixed_single,graph,512,512,185,837,1.608703971,1.620300000,0.049900000,0.009400000
sample,fixed_single,ordinary,512,512,185,837,1.899520040,1.911600000,1.481000000,0.000000000
sample,fixed_single,graph_fixed_diagnostic,512,512,185,837,1.602560043,1.612500000,0.043700000,0.000000000
sample,fixed_single,ordinary,512,512,186,837,2.214911938,2.227000000,1.656800000,0.000000000
sample,fixed_single,graph,512,512,186,837,1.622015953,1.631400000,0.060500000,0.017500000
sample,fixed_single,graph_fixed_diagnostic,512,512,186,837,1.598464012,1.608200000,0.035100000,0.000000000
sample,fixed_single,graph,512,512,187,837,1.607679963,1.616300000,0.040700000,0.007700000
sample,fixed_single,ordinary,512,512,187,837,1.927168012,1.938500000,1.536400000,0.000000000
sample,fixed_single,graph_fixed_diagnostic,512,512,187,837,1.601536036,1.611200000,0.042100000,0.000000000
sample,fixed_single,ordinary,512,512,188,837,1.925119996,1.935000000,1.496600000,0.000000000
sample,fixed_single,graph,512,512,188,837,1.611775994,1.621700000,0.051500000,0.011300000
sample,fixed_single,graph_fixed_diagnostic,512,512,188,837,1.602560043,1.618400000,0.043000000,0.000000000
sample,fixed_single,graph,512,512,189,837,1.605631948,1.615300000,0.047600000,0.007400000
sample,fixed_single,ordinary,512,512,189,837,1.942528009,1.952800000,1.314100000,0.000000000
sample,fixed_single,graph_fixed_diagnostic,512,512,189,837,1.599488020,1.608000000,0.036200000,0.000000000
sample,fixed_single,ordinary,512,512,190,837,1.827839971,1.837400000,0.752400000,0.000000000
sample,fixed_single,graph,512,512,190,837,1.607584000,1.616200000,0.048900000,0.009800000
sample,fixed_single,graph_fixed_diagnostic,512,512,190,837,1.598464012,1.607700000,0.035900000,0.000000000
sample,fixed_single,graph,512,512,191,837,1.605471969,1.613300000,0.039000000,0.006800000
sample,fixed_single,ordinary,512,512,191,837,1.798143983,1.806700000,0.709900000,0.000000000
sample,fixed_single,graph_fixed_diagnostic,512,512,191,837,1.597440004,1.605400000,0.035700000,0.000000000
sample,fixed_single,ordinary,512,512,192,837,1.823744059,1.833500000,0.697400000,0.000000000
sample,fixed_single,graph,512,512,192,837,1.617920041,1.636600000,0.056200000,0.014000000
sample,fixed_single,graph_fixed_diagnostic,512,512,192,837,1.631232023,1.662700000,0.253700000,0.000000000
sample,fixed_single,graph,512,512,193,837,1.606655955,1.615100000,0.039300000,0.007600000
sample,fixed_single,ordinary,512,512,193,837,1.880064011,1.891200000,0.780900000,0.000000000
sample,fixed_single,graph_fixed_diagnostic,512,512,193,837,1.600512028,1.610000000,0.043700000,0.000000000
sample,fixed_single,ordinary,512,512,194,837,1.997823954,2.008800000,1.105500000,0.000000000
sample,fixed_single,graph,512,512,194,837,1.611775994,1.621800000,0.073000000,0.011300000
sample,fixed_single,graph_fixed_diagnostic,512,512,194,837,1.597440004,1.607700000,0.036900000,0.000000000
sample,fixed_single,graph,512,512,195,837,1.605631948,1.616200000,0.043400000,0.006300000
sample,fixed_single,ordinary,512,512,195,837,1.806239963,1.819600000,1.111200000,0.000000000
sample,fixed_single,graph_fixed_diagnostic,512,512,195,837,1.602560043,1.612500000,0.038900000,0.000000000
sample,fixed_single,ordinary,512,512,196,837,2.021375895,2.033100000,1.708400000,0.000000000
sample,fixed_single,graph,512,512,196,837,1.623039961,1.632300000,0.066700000,0.021800000
sample,fixed_single,graph_fixed_diagnostic,512,512,196,837,1.601536036,1.613900000,0.043200000,0.000000000
sample,fixed_single,graph,512,512,197,837,1.608703971,1.618900000,0.047800000,0.009400000
sample,fixed_single,ordinary,512,512,197,837,2.043904066,2.053500000,1.038100000,0.000000000
sample,fixed_single,graph_fixed_diagnostic,512,512,197,837,1.597440004,1.608300000,0.042000000,0.000000000
sample,fixed_single,ordinary,512,512,198,837,1.943552017,1.954900000,1.472700000,0.000000000
sample,fixed_single,graph,512,512,198,837,1.616896033,1.629100000,0.069300000,0.015500000
sample,fixed_single,graph_fixed_diagnostic,512,512,198,837,1.600512028,1.611200000,0.040100000,0.000000000
sample,fixed_single,graph,512,512,199,837,1.606655955,1.616300000,0.045200000,0.007500000
sample,fixed_single,ordinary,512,512,199,837,1.881088018,1.891000000,1.334700000,0.000000000
sample,fixed_single,graph_fixed_diagnostic,512,512,199,837,1.598464012,1.607800000,0.039800000,0.000000000
sample,fixed_single,ordinary,512,512,200,837,1.842175961,1.852200000,1.306900000,0.000000000
sample,fixed_single,graph,512,512,200,837,1.608703971,1.618100000,0.046900000,0.008900000
sample,fixed_single,graph_fixed_diagnostic,512,512,200,837,1.598464012,1.609000000,0.038700000,0.000000000
sample,fixed_single,graph,512,512,201,837,1.605631948,1.614800000,0.043700000,0.006700000
sample,fixed_single,ordinary,512,512,201,837,2.492415905,2.502700000,1.714200000,0.000000000
sample,fixed_single,graph_fixed_diagnostic,512,512,201,837,1.607679963,1.619700000,0.057600000,0.000000000
sample,fixed_single,ordinary,512,512,202,837,2.037760019,2.050100000,1.106400000,0.000000000
sample,fixed_single,graph,512,512,202,837,1.632256031,1.641700000,0.073800000,0.029000000
sample,fixed_single,graph_fixed_diagnostic,512,512,202,837,1.599488020,1.609100000,0.039300000,0.000000000
sample,fixed_single,graph,512,512,203,837,1.604608059,1.615300000,0.046500000,0.006300000
sample,fixed_single,ordinary,512,512,203,837,1.843199968,1.853500000,1.416400000,0.000000000
sample,fixed_single,graph_fixed_diagnostic,512,512,203,837,1.599488020,1.608100000,0.038800000,0.000000000
sample,fixed_single,ordinary,512,512,204,837,1.873919964,1.885300000,1.527900000,0.000000000
sample,fixed_single,graph,512,512,204,837,1.613824010,1.627600000,0.057400000,0.011100000
sample,fixed_single,graph_fixed_diagnostic,512,512,204,837,1.605631948,1.621300000,0.050500000,0.000000000
sample,fixed_single,graph,512,512,205,837,1.612800002,1.623900000,0.053900000,0.011800000
sample,fixed_single,ordinary,512,512,205,837,2.025471926,2.036700000,1.244300000,0.000000000
sample,fixed_single,graph_fixed_diagnostic,512,512,205,837,1.599488020,1.609600000,0.040000000,0.000000000
sample,fixed_single,ordinary,512,512,206,837,1.859583974,1.872000000,1.511500000,0.000000000
sample,fixed_single,graph,512,512,206,837,1.607679963,1.616700000,0.051300000,0.009000000
sample,fixed_single,graph_fixed_diagnostic,512,512,206,837,1.596415997,1.606900000,0.039600000,0.000000000
sample,fixed_single,graph,512,512,207,837,1.605631948,1.616600000,0.043800000,0.006400000
sample,fixed_single,ordinary,512,512,207,837,1.973248005,1.981800000,1.460800000,0.000000000
sample,fixed_single,graph_fixed_diagnostic,512,512,207,837,1.601536036,1.609800000,0.037800000,0.000000000
sample,fixed_single,ordinary,512,512,208,837,1.796095967,1.804000000,0.733000000,0.000000000
sample,fixed_single,graph,512,512,208,837,1.607679963,1.616800000,0.063800000,0.009900000
sample,fixed_single,graph_fixed_diagnostic,512,512,208,837,1.597440004,1.605900000,0.032700000,0.000000000
sample,fixed_single,graph,512,512,209,837,1.604608059,1.612300000,0.038200000,0.006200000
sample,fixed_single,ordinary,512,512,209,837,1.795071959,1.802900000,0.715700000,0.000000000
sample,fixed_single,graph_fixed_diagnostic,512,512,209,837,1.598464012,1.607500000,0.035900000,0.000000000
sample,fixed_single,ordinary,512,512,210,837,1.797952056,1.805700000,0.635700000,0.000000000
sample,fixed_single,graph,512,512,210,837,1.606655955,1.616600000,0.081000000,0.007900000
sample,fixed_single,graph_fixed_diagnostic,512,512,210,837,1.601536036,1.615500000,0.036100000,0.000000000
sample,fixed_single,graph,512,512,211,837,1.616896033,1.632600000,0.052700000,0.015400000
sample,fixed_single,ordinary,512,512,211,837,1.805312037,1.813600000,0.735500000,0.000000000
sample,fixed_single,graph_fixed_diagnostic,512,512,211,837,1.599488020,1.607700000,0.035200000,0.000000000
sample,fixed_single,ordinary,512,512,212,837,1.802240014,1.811400000,0.648300000,0.000000000
sample,fixed_single,graph,512,512,212,837,1.608672023,1.616600000,0.044200000,0.009200000
sample,fixed_single,graph_fixed_diagnostic,512,512,212,837,1.598464012,1.607600000,0.033800000,0.000000000
sample,fixed_single,graph,512,512,213,837,1.603584051,1.610900000,0.039200000,0.006100000
sample,fixed_single,ordinary,512,512,213,837,1.796095967,1.804000000,0.621100000,0.000000000
sample,fixed_single,graph_fixed_diagnostic,512,512,213,837,1.598464012,1.608000000,0.036600000,0.000000000
sample,fixed_single,ordinary,512,512,214,837,2.949055910,2.963700000,0.618800000,0.000000000
sample,fixed_single,graph,512,512,214,837,1.625087976,1.635100000,0.066000000,0.020500000
sample,fixed_single,graph_fixed_diagnostic,512,512,214,837,1.600512028,1.610600000,0.040400000,0.000000000
sample,fixed_single,graph,512,512,215,837,1.607679963,1.617800000,0.046400000,0.008500000
sample,fixed_single,ordinary,512,512,215,837,1.919999957,1.931200000,1.006100000,0.000000000
sample,fixed_single,graph_fixed_diagnostic,512,512,215,837,1.599488020,1.609600000,0.040900000,0.000000000
sample,fixed_single,ordinary,512,512,216,837,1.984511971,1.994300000,1.635800000,0.000000000
sample,fixed_single,graph,512,512,216,837,1.612800002,1.623100000,0.077500000,0.012500000
sample,fixed_single,graph_fixed_diagnostic,512,512,216,837,1.604608059,1.627100000,0.049800000,0.000000000
sample,fixed_single,graph,512,512,217,837,1.623039961,1.640400000,0.065500000,0.017900000
sample,fixed_single,ordinary,512,512,217,837,1.995776057,2.008300000,1.643800000,0.000000000
sample,fixed_single,graph_fixed_diagnostic,512,512,217,837,1.602560043,1.610500000,0.044500000,0.000000000
sample,fixed_single,ordinary,512,512,218,837,1.843199968,1.853300000,1.505700000,0.000000000
sample,fixed_single,graph,512,512,218,837,1.612800002,1.621700000,0.082400000,0.013000000
sample,fixed_single,graph_fixed_diagnostic,512,512,218,837,1.600512028,1.612300000,0.039400000,0.000000000
sample,fixed_single,graph,512,512,219,837,1.606655955,1.617600000,0.045000000,0.007600000
sample,fixed_single,ordinary,512,512,219,837,1.895424008,1.905700000,1.549100000,0.000000000
sample,fixed_single,graph_fixed_diagnostic,512,512,219,837,1.602560043,1.616000000,0.041300000,0.000000000
sample,fixed_single,ordinary,512,512,220,837,1.876991987,1.887700000,1.544900000,0.000000000
sample,fixed_single,graph,512,512,220,837,1.609727979,1.619400000,0.047400000,0.009500000
sample,fixed_single,graph_fixed_diagnostic,512,512,220,837,1.597440004,1.607900000,0.038700000,0.000000000
sample,fixed_single,graph,512,512,221,837,1.606655955,1.616800000,0.046600000,0.007800000
sample,fixed_single,ordinary,512,512,221,837,1.933312058,1.943900000,1.385900000,0.000000000
sample,fixed_single,graph_fixed_diagnostic,512,512,221,837,1.600512028,1.610200000,0.040600000,0.000000000
sample,fixed_single,ordinary,512,512,222,837,1.869824052,1.878600000,1.516400000,0.000000000
sample,fixed_single,graph,512,512,222,837,1.607679963,1.616300000,0.058600000,0.008800000
sample,fixed_single,graph_fixed_diagnostic,512,512,222,837,1.598464012,1.608900000,0.035500000,0.000000000
sample,fixed_single,graph,512,512,223,837,1.622015953,1.638600000,0.059900000,0.012700000
sample,fixed_single,ordinary,512,512,223,837,1.971199989,1.988500000,1.652100000,0.000000000
sample,fixed_single,graph_fixed_diagnostic,512,512,223,837,1.603584051,1.614800000,0.047900000,0.000000000
sample,fixed_single,ordinary,512,512,224,837,1.905663967,1.918000000,1.461200000,0.000000000
sample,fixed_single,graph,512,512,224,837,1.617920041,1.627800000,0.059200000,0.016400000
sample,fixed_single,graph_fixed_diagnostic,512,512,224,837,1.599488020,1.610200000,0.039800000,0.000000000
sample,fixed_single,graph,512,512,225,837,1.608703971,1.619900000,0.047100000,0.008900000
sample,fixed_single,ordinary,512,512,225,837,1.963008046,1.972900000,1.419400000,0.000000000
sample,fixed_single,graph_fixed_diagnostic,512,512,225,837,1.598464012,1.607000000,0.035600000,0.000000000
sample,fixed_single,ordinary,512,512,226,837,1.799167991,1.809000000,0.983200000,0.000000000
sample,fixed_single,graph,512,512,226,837,1.608608007,1.616900000,0.050300000,0.011400000
sample,fixed_single,graph_fixed_diagnostic,512,512,226,837,1.599488020,1.608900000,0.035200000,0.000000000
sample,fixed_single,graph,512,512,227,837,1.606655955,1.615200000,0.038900000,0.007000000
sample,fixed_single,ordinary,512,512,227,837,1.850368023,1.861300000,1.413000000,0.000000000
sample,fixed_single,graph_fixed_diagnostic,512,512,227,837,1.595391989,1.605100000,0.042900000,0.000000000
sample,fixed_single,ordinary,512,512,228,837,1.884160042,1.894800000,1.500100000,0.000000000
sample,fixed_single,graph,512,512,228,837,1.633280039,1.651200000,0.077900000,0.020100000
sample,fixed_single,graph_fixed_diagnostic,512,512,228,837,1.598464012,1.612400000,0.039900000,0.000000000
sample,fixed_single,graph,512,512,229,837,1.620991945,1.643500000,0.061700000,0.015200000
sample,fixed_single,ordinary,512,512,229,837,1.910784006,1.921900000,1.377600000,0.000000000
sample,fixed_single,graph_fixed_diagnostic,512,512,229,837,1.601536036,1.611800000,0.045800000,0.000000000
sample,fixed_single,ordinary,512,512,230,837,1.907711983,1.921100000,0.719300000,0.000000000
sample,fixed_single,graph,512,512,230,837,1.624063969,1.638400000,0.068600000,0.018100000
sample,fixed_single,graph_fixed_diagnostic,512,512,230,837,1.602560043,1.616200000,0.058900000,0.000000000
sample,fixed_single,graph,512,512,231,837,1.607679963,1.616200000,0.060800000,0.008900000
sample,fixed_single,ordinary,512,512,231,837,1.813503981,1.822100000,0.699900000,0.000000000
sample,fixed_single,graph_fixed_diagnostic,512,512,231,837,1.599455953,1.608700000,0.035600000,0.000000000
sample,fixed_single,ordinary,512,512,232,837,1.905663967,1.915600000,0.893000000,0.000000000
sample,fixed_single,graph,512,512,232,837,1.654783964,1.666400000,0.096500000,0.045800000
sample,fixed_single,graph_fixed_diagnostic,512,512,232,837,1.618944049,1.648200000,0.068000000,0.000000000
sample,fixed_single,graph,512,512,233,837,1.615872025,1.629100000,0.058300000,0.012600000
sample,fixed_single,ordinary,512,512,233,837,1.960960031,1.973300000,1.400600000,0.000000000
sample,fixed_single,graph_fixed_diagnostic,512,512,233,837,1.600512028,1.612900000,0.039400000,0.000000000
sample,fixed_single,ordinary,512,512,234,837,1.806272030,1.826800000,0.650500000,0.000000000
sample,fixed_single,graph,512,512,234,837,1.627135992,1.638300000,0.068800000,0.020300000
sample,fixed_single,graph_fixed_diagnostic,512,512,234,837,1.603584051,1.618400000,0.037600000,0.000000000
sample,fixed_single,graph,512,512,235,837,1.619968057,1.631600000,0.053700000,0.013800000
sample,fixed_single,ordinary,512,512,235,837,1.865728021,1.886400000,1.016200000,0.000000000
sample,fixed_single,graph_fixed_diagnostic,512,512,235,837,1.602560043,1.611800000,0.044900000,0.000000000
sample,fixed_single,ordinary,512,512,236,837,1.978304029,1.987900000,0.795600000,0.000000000
sample,fixed_single,graph,512,512,236,837,1.624063969,1.633500000,0.064500000,0.021000000
sample,fixed_single,graph_fixed_diagnostic,512,512,236,837,1.597280025,1.606000000,0.033000000,0.000000000
sample,fixed_single,graph,512,512,237,837,1.604608059,1.612400000,0.040400000,0.007700000
sample,fixed_single,ordinary,512,512,237,837,1.831936002,1.840900000,0.751600000,0.000000000
sample,fixed_single,graph_fixed_diagnostic,512,512,237,837,1.599488020,1.608800000,0.036200000,0.000000000
sample,fixed_single,ordinary,512,512,238,837,1.842175961,1.851600000,0.846600000,0.000000000
sample,fixed_single,graph,512,512,238,837,1.624992013,1.634700000,0.060900000,0.017400000
sample,fixed_single,graph_fixed_diagnostic,512,512,238,837,1.599488020,1.609000000,0.034100000,0.000000000
sample,fixed_single,graph,512,512,239,837,1.608703971,1.619000000,0.053300000,0.009300000
sample,fixed_single,ordinary,512,512,239,837,1.804288030,1.814300000,0.563600000,0.000000000
sample,fixed_single,graph_fixed_diagnostic,512,512,239,837,1.599488020,1.611200000,0.039300000,0.000000000
sample,fixed_single,ordinary,512,512,240,837,1.804288030,1.815000000,0.665000000,0.000000000
sample,fixed_single,graph,512,512,240,837,1.620991945,1.634000000,0.056100000,0.015600000
sample,fixed_single,graph_fixed_diagnostic,512,512,240,837,1.598464012,1.607200000,0.033300000,0.000000000
sample,fixed_single,graph,512,512,241,837,1.607679963,1.618000000,0.042100000,0.007800000
sample,fixed_single,ordinary,512,512,241,837,1.818624020,1.837200000,0.712200000,0.000000000
sample,fixed_single,graph_fixed_diagnostic,512,512,241,837,1.601536036,1.612800000,0.042400000,0.000000000
sample,fixed_single,ordinary,512,512,242,837,1.916928053,1.930400000,1.418200000,0.000000000
sample,fixed_single,graph,512,512,242,837,1.638399959,1.648700000,0.084200000,0.034800000
sample,fixed_single,graph_fixed_diagnostic,512,512,242,837,1.600512028,1.611500000,0.040900000,0.000000000
sample,fixed_single,graph,512,512,243,837,1.607679963,1.618800000,0.046700000,0.007600000
sample,fixed_single,ordinary,512,512,243,837,1.882112026,1.894200000,1.299500000,0.000000000
sample,fixed_single,graph_fixed_diagnostic,512,512,243,837,1.599488020,1.617200000,0.042400000,0.000000000
sample,fixed_single,ordinary,512,512,244,837,1.848320007,1.859600000,1.123100000,0.000000000
sample,fixed_single,graph,512,512,244,837,1.626111984,1.642200000,0.070100000,0.022400000
sample,fixed_single,graph_fixed_diagnostic,512,512,244,837,1.599488020,1.608100000,0.033200000,0.000000000
sample,fixed_single,graph,512,512,245,837,1.607679963,1.619000000,0.065300000,0.007900000
sample,fixed_single,ordinary,512,512,245,837,1.821696043,1.831700000,0.874100000,0.000000000
sample,fixed_single,graph_fixed_diagnostic,512,512,245,837,1.598464012,1.607500000,0.034000000,0.000000000
sample,fixed_single,ordinary,512,512,246,837,1.821696043,1.829700000,0.623000000,0.000000000
sample,fixed_single,graph,512,512,246,837,1.608703971,1.616700000,0.060800000,0.008100000
sample,fixed_single,graph_fixed_diagnostic,512,512,246,837,1.598464012,1.607400000,0.033300000,0.000000000
sample,fixed_single,graph,512,512,247,837,1.605631948,1.614500000,0.058000000,0.007500000
sample,fixed_single,ordinary,512,512,247,837,1.861503959,1.869800000,0.769000000,0.000000000
sample,fixed_single,graph_fixed_diagnostic,512,512,247,837,1.600512028,1.610500000,0.042200000,0.000000000
sample,fixed_single,ordinary,512,512,248,837,1.801216006,1.813600000,0.680300000,0.000000000
sample,fixed_single,graph,512,512,248,837,1.619968057,1.628500000,0.054000000,0.013700000
sample,fixed_single,graph_fixed_diagnostic,512,512,248,837,1.596415997,1.605500000,0.032400000,0.000000000
sample,fixed_single,graph,512,512,249,837,1.606655955,1.614300000,0.040900000,0.006600000
sample,fixed_single,ordinary,512,512,249,837,1.824767947,1.833400000,0.634100000,0.000000000
sample,fixed_single,graph_fixed_diagnostic,512,512,249,837,1.598271966,1.605700000,0.034100000,0.000000000
sample,fixed_single,ordinary,512,512,250,837,1.820575953,1.828500000,0.618300000,0.000000000
sample,fixed_single,graph,512,512,250,837,1.604608059,1.614300000,0.059600000,0.007700000
sample,fixed_single,graph_fixed_diagnostic,512,512,250,837,1.599264026,1.609500000,0.033200000,0.000000000
sample,fixed_single,graph,512,512,251,837,1.708032012,1.735100000,0.343900000,0.048800000
sample,fixed_single,ordinary,512,512,251,837,1.869696021,1.876600000,0.630300000,0.000000000
sample,fixed_single,graph_fixed_diagnostic,512,512,251,837,1.598368049,1.606100000,0.032800000,0.000000000
sample,fixed_single,ordinary,512,512,252,837,1.794047952,1.802100000,0.681900000,0.000000000
sample,fixed_single,graph,512,512,252,837,1.605631948,1.613800000,0.041800000,0.007400000
sample,fixed_single,graph_fixed_diagnostic,512,512,252,837,1.597440004,1.606800000,0.033300000,0.000000000
sample,fixed_single,graph,512,512,253,837,1.603584051,1.611300000,0.038600000,0.006500000
sample,fixed_single,ordinary,512,512,253,837,1.798975945,1.808600000,0.693900000,0.000000000
sample,fixed_single,graph_fixed_diagnostic,512,512,253,837,1.606655955,1.624400000,0.052800000,0.000000000
sample,fixed_single,ordinary,512,512,254,837,1.911808014,1.929700000,0.701200000,0.000000000
sample,fixed_single,graph,512,512,254,837,1.643519998,1.656400000,0.088600000,0.033000000
sample,fixed_single,graph_fixed_diagnostic,512,512,254,837,1.600512028,1.611800000,0.039800000,0.000000000
sample,fixed_single,graph,512,512,255,837,1.607679963,1.617900000,0.048100000,0.008600000
sample,fixed_single,ordinary,512,512,255,837,1.846271992,1.860200000,1.413000000,0.000000000
sample,fixed_single,graph_fixed_diagnostic,512,512,255,837,1.601536036,1.611300000,0.043600000,0.000000000
sample,fixed_batch16,ordinary,512,512,0,837,1.848127961,1.849887500,0.997393750,0.000000000
sample,fixed_batch16,graph,512,512,0,837,1.596608043,1.597606250,0.033012500,0.000000000
sample,fixed_batch16,graph,512,512,1,837,1.598080039,1.599993750,0.043781250,0.000000000
sample,fixed_batch16,ordinary,512,512,1,837,1.978111982,1.979775000,1.582368750,0.000000000
sample,fixed_batch16,ordinary,512,512,2,837,2.014463902,2.015750000,1.369000000,0.000000000
sample,fixed_batch16,graph,512,512,2,837,1.598656058,1.600025000,0.043343750,0.000000000
sample,fixed_batch16,graph,512,512,3,837,1.596160054,1.597587500,0.033100000,0.000000000
sample,fixed_batch16,ordinary,512,512,3,837,1.956223965,1.958187500,1.391406250,0.000000000
sample,fixed_batch16,ordinary,512,512,4,837,2.002687931,2.003962500,1.070125000,0.000000000
sample,fixed_batch16,graph,512,512,4,837,1.598976016,1.600193750,0.045556250,0.000000000
sample,fixed_batch16,graph,512,512,5,837,1.596223950,1.597075000,0.031900000,0.000000000
sample,fixed_batch16,ordinary,512,512,5,837,1.990720034,1.991587500,1.582368750,0.000000000
sample,fixed_batch16,ordinary,512,512,6,837,1.841791987,1.842637500,1.144281250,0.000000000
sample,fixed_batch16,graph,512,512,6,837,1.596672058,1.597506250,0.032406250,0.000000000
sample,fixed_batch16,graph,512,512,7,837,1.598399997,1.600575000,0.041581250,0.000000000
sample,fixed_batch16,ordinary,512,512,7,837,1.895424008,1.896243750,1.279031250,0.000000000
sample,fixed_batch16,ordinary,512,512,8,837,2.093055964,2.094106250,1.641262500,0.000000000
sample,fixed_batch16,graph,512,512,8,837,1.596863985,1.598512500,0.035400000,0.000000000
sample,fixed_batch16,graph,512,512,9,837,1.596032023,1.597606250,0.042187500,0.000000000
sample,fixed_batch16,ordinary,512,512,9,837,2.118138075,2.120193750,1.338437500,0.000000000
sample,fixed_batch16,ordinary,512,512,10,837,2.059072018,2.060787500,1.343262500,0.000000000
sample,fixed_batch16,graph,512,512,10,837,1.598847985,1.600987500,0.045775000,0.000000000
sample,fixed_batch16,graph,512,512,11,837,1.596480012,1.597943750,0.043531250,0.000000000
sample,fixed_batch16,ordinary,512,512,11,837,1.989696026,1.990743750,1.579968750,0.000000000
sample,fixed_batch16,ordinary,512,512,12,837,2.028608084,2.029537500,1.114293750,0.000000000
sample,fixed_batch16,graph,512,512,12,837,1.598656058,1.599943750,0.041918750,0.000000000
sample,fixed_batch16,graph,512,512,13,837,1.595903993,1.596918750,0.039437500,0.000000000
sample,fixed_batch16,ordinary,512,512,13,837,1.826496005,1.827306250,1.012706250,0.000000000
sample,fixed_batch16,ordinary,512,512,14,837,1.981245995,1.981906250,1.506293750,0.000000000
sample,fixed_batch16,graph,512,512,14,837,1.596475959,1.597343750,0.031881250,0.000000000
sample,fixed_batch16,graph,512,512,15,837,1.597440004,1.599018750,0.043606250,0.000000000
sample,fixed_batch16,ordinary,512,512,15,837,1.888767958,1.890081250,1.486193750,0.000000000
sample,fixed_batch16,ordinary,512,512,16,837,2.027065992,2.027762500,1.005906250,0.000000000
sample,fixed_batch16,graph,512,512,16,837,1.602112055,1.603037500,0.038956250,0.000000000
sample,fixed_batch16,graph,512,512,17,837,1.595648050,1.596525000,0.029450000,0.000000000
sample,fixed_batch16,ordinary,512,512,17,837,2.109055996,2.110225000,1.693100000,0.000000000
sample,fixed_batch16,ordinary,512,512,18,837,2.019648075,2.022193750,1.445306250,0.000000000
sample,fixed_batch16,graph,512,512,18,837,1.599488020,1.601450000,0.042025000,0.000000000
sample,fixed_batch16,graph,512,512,19,837,1.598976016,1.602575000,0.049268750,0.000000000
sample,fixed_batch16,ordinary,512,512,19,837,2.082880020,2.085518750,1.365550000,0.000000000
sample,fixed_batch16,ordinary,512,512,20,837,2.021055937,2.022462500,1.438831250,0.000000000
sample,fixed_batch16,graph,512,512,20,837,1.599104047,1.600725000,0.044918750,0.000000000
sample,fixed_batch16,graph,512,512,21,837,1.598528028,1.602600000,0.041437500,0.000000000
sample,fixed_batch16,ordinary,512,512,21,837,2.124094009,2.126956250,1.694993750,0.000000000
sample,fixed_batch16,ordinary,512,512,22,837,2.082367897,2.085012500,1.753762500,0.000000000
sample,fixed_batch16,graph,512,512,22,837,1.600512028,1.602212500,0.047993750,0.000000000
sample,fixed_batch16,graph,512,512,23,837,1.598399997,1.601837500,0.046431250,0.000000000
sample,fixed_batch16,ordinary,512,512,23,837,2.084160089,2.086493750,1.798456250,0.000000000
sample,fixed_batch16,ordinary,512,512,24,837,2.046080112,2.047262500,1.640525000,0.000000000
sample,fixed_batch16,graph,512,512,24,837,1.596544027,1.597587500,0.033350000,0.000000000
sample,fixed_batch16,graph,512,512,25,837,1.596544027,1.598231250,0.034512500,0.000000000
sample,fixed_batch16,ordinary,512,512,25,837,1.885120034,1.886175000,1.416843750,0.000000000
sample,fixed_batch16,ordinary,512,512,26,837,1.987712026,1.990112500,1.318656250,0.000000000
sample,fixed_batch16,graph,512,512,26,837,1.599936008,1.602012500,0.052337500,0.000000000
sample,fixed_batch16,graph,512,512,27,837,1.595903993,1.597843750,0.040925000,0.000000000
sample,fixed_batch16,ordinary,512,512,27,837,2.130431890,2.131881250,1.413925000,0.000000000
sample,fixed_batch16,ordinary,512,512,28,837,1.977087975,1.978531250,1.123925000,0.000000000
sample,fixed_batch16,graph,512,512,28,837,1.598976016,1.601062500,0.044368750,0.000000000
sample,fixed_batch16,graph,512,512,29,837,1.595327973,1.596381250,0.031356250,0.000000000
sample,fixed_batch16,ordinary,512,512,29,837,1.904064059,1.905125000,0.995281250,0.000000000
sample,fixed_batch16,ordinary,512,512,30,837,1.909504056,1.910537500,1.497137500,0.000000000
sample,fixed_batch16,graph,512,512,30,837,1.596989989,1.598506250,0.032681250,0.000000000
sample,fixed_batch16,graph,512,512,31,837,1.605759978,1.611612500,0.075812500,0.000000000
sample,fixed_batch16,ordinary,512,512,31,837,1.999040008,2.000475000,1.731600000,0.000000000
sample,fixed_batch16,ordinary,512,512,32,837,1.935232043,1.936337500,1.578806250,0.000000000
sample,fixed_batch16,graph,512,512,32,837,1.596992016,1.598081250,0.031531250,0.000000000
sample,fixed_batch16,graph,512,512,33,837,1.597311974,1.599618750,0.035325000,0.000000000
sample,fixed_batch16,ordinary,512,512,33,837,1.943168044,1.945893750,1.465612500,0.000000000
sample,fixed_batch16,ordinary,512,512,34,837,2.079616070,2.081493750,1.031850000,0.000000000
sample,fixed_batch16,graph,512,512,34,837,1.598464012,1.599756250,0.043468750,0.000000000
sample,fixed_batch16,graph,512,512,35,837,1.596287966,1.597537500,0.032056250,0.000000000
sample,fixed_batch16,ordinary,512,512,35,837,1.969408035,1.971881250,1.488987500,0.000000000
sample,fixed_batch16,ordinary,512,512,36,837,1.935168028,1.937381250,1.236750000,0.000000000
sample,fixed_batch16,graph,512,512,36,837,1.598656058,1.600043750,0.041600000,0.000000000
sample,fixed_batch16,graph,512,512,37,837,1.597759962,1.600656250,0.042731250,0.000000000
sample,fixed_batch16,ordinary,512,512,37,837,1.937728047,1.940687500,1.660687500,0.000000000
sample,fixed_batch16,ordinary,512,512,38,837,1.930624008,1.931625000,1.053562500,0.000000000
sample,fixed_batch16,graph,512,512,38,837,1.597375989,1.598593750,0.033375000,0.000000000
sample,fixed_batch16,graph,512,512,39,837,1.596277952,1.597481250,0.032181250,0.000000000
sample,fixed_batch16,ordinary,512,512,39,837,1.806848049,1.808193750,1.372012500,0.000000000
sample,fixed_batch16,ordinary,512,512,40,837,1.910336018,1.911331250,1.649325000,0.000000000
sample,fixed_batch16,graph,512,512,40,837,1.598399997,1.599512500,0.042025000,0.000000000
sample,fixed_batch16,graph,512,512,41,837,1.596287966,1.598075000,0.044775000,0.000000000
sample,fixed_batch16,ordinary,512,512,41,837,2.034687996,2.036418750,1.048012500,0.000000000
sample,fixed_batch16,ordinary,512,512,42,837,1.936768055,1.939118750,1.482131250,0.000000000
sample,fixed_batch16,graph,512,512,42,837,1.598592043,1.599887500,0.040650000,0.000000000
sample,fixed_batch16,graph,512,512,43,837,1.596799970,1.598375000,0.031381250,0.000000000
sample,fixed_batch16,ordinary,512,512,43,837,1.931712031,1.933962500,1.189850000,0.000000000
sample,fixed_batch16,ordinary,512,512,44,837,2.007679939,2.009350000,1.023250000,0.000000000
sample,fixed_batch16,graph,512,512,44,837,1.599231958,1.601912500,0.043975000,0.000000000
sample,fixed_batch16,graph,512,512,45,837,1.597695947,1.600312500,0.043231250,0.000000000
sample,fixed_batch16,ordinary,512,512,45,837,1.946943998,1.949793750,1.646993750,0.000000000
sample,fixed_batch16,ordinary,512,512,46,837,1.962048054,1.963206250,1.358925000,0.000000000
sample,fixed_batch16,graph,512,512,46,837,1.596863985,1.597787500,0.031600000,0.000000000
sample,fixed_batch16,graph,512,512,47,837,1.596415997,1.597968750,0.037350000,0.000000000
sample,fixed_batch16,ordinary,512,512,47,837,2.093760014,2.096000000,1.482418750,0.000000000
sample,fixed_batch16,ordinary,512,512,48,837,1.935104012,1.936656250,1.346587500,0.000000000
sample,fixed_batch16,graph,512,512,48,837,1.598464012,1.600087500,0.040912500,0.000000000
sample,fixed_batch16,graph,512,512,49,837,1.596094012,1.597606250,0.033512500,0.000000000
sample,fixed_batch16,ordinary,512,512,49,837,2.018944025,2.020437500,1.461731250,0.000000000
sample,fixed_single,ordinary,1023,1023,0,383,2.174976110,2.185300000,1.007100000,0.000000000
sample,fixed_single,graph,1023,1023,0,383,1.944576025,1.953200000,0.073600000,0.012000000
sample,fixed_single,graph_fixed_diagnostic,1023,1023,0,383,1.932288051,1.940800000,0.036500000,0.000000000
sample,fixed_single,graph,1023,1023,1,383,1.937407970,1.946700000,0.043600000,0.005500000
sample,fixed_single,ordinary,1023,1023,1,383,2.177023888,2.185700000,0.713100000,0.000000000
sample,fixed_single,graph_fixed_diagnostic,1023,1023,1,383,1.933312058,1.944900000,0.038600000,0.000000000
sample,fixed_single,ordinary,1023,1023,2,383,2.163712025,2.174600000,0.698500000,0.000000000
sample,fixed_single,graph,1023,1023,2,383,1.939455986,1.947500000,0.039900000,0.007400000
sample,fixed_single,graph_fixed_diagnostic,1023,1023,2,383,1.930240035,1.955400000,0.050700000,0.000000000
sample,fixed_single,graph,1023,1023,3,383,1.936383963,1.945600000,0.042700000,0.005500000
sample,fixed_single,ordinary,1023,1023,3,383,2.176000118,2.185300000,0.916800000,0.000000000
sample,fixed_single,graph_fixed_diagnostic,1023,1023,3,383,1.932288051,1.941500000,0.038300000,0.000000000
sample,fixed_single,ordinary,1023,1023,4,383,2.172928095,2.182300000,0.878200000,0.000000000
sample,fixed_single,graph,1023,1023,4,383,1.941504002,1.951800000,0.044000000,0.007000000
sample,fixed_single,graph_fixed_diagnostic,1023,1023,4,383,1.931264043,1.938900000,0.032000000,0.000000000
sample,fixed_single,graph,1023,1023,5,383,1.937407970,1.945600000,0.037800000,0.005600000
sample,fixed_single,ordinary,1023,1023,5,383,2.128895998,2.136400000,0.560200000,0.000000000
sample,fixed_single,graph_fixed_diagnostic,1023,1023,5,383,1.930240035,1.938400000,0.033900000,0.000000000
sample,fixed_single,ordinary,1023,1023,6,383,2.127871990,2.136500000,0.543400000,0.000000000
sample,fixed_single,graph,1023,1023,6,383,1.936383963,1.944700000,0.040500000,0.005800000
sample,fixed_single,graph_fixed_diagnostic,1023,1023,6,383,1.932288051,1.940800000,0.030600000,0.000000000
sample,fixed_single,graph,1023,1023,7,383,1.939455986,1.950400000,0.064000000,0.007000000
sample,fixed_single,ordinary,1023,1023,7,383,2.346816063,2.376200000,0.886900000,0.000000000
sample,fixed_single,graph_fixed_diagnostic,1023,1023,7,383,1.934335947,1.944300000,0.037500000,0.000000000
sample,fixed_single,ordinary,1023,1023,8,383,2.226176023,2.234900000,0.856400000,0.000000000
sample,fixed_single,graph,1023,1023,8,383,1.939455986,1.948200000,0.043200000,0.006000000
sample,fixed_single,graph_fixed_diagnostic,1023,1023,8,383,1.929216027,1.939100000,0.036200000,0.000000000
sample,fixed_single,graph,1023,1023,9,383,1.938336015,1.945300000,0.036300000,0.005600000
sample,fixed_single,ordinary,1023,1023,9,383,2.129920006,2.137500000,0.669800000,0.000000000
sample,fixed_single,graph_fixed_diagnostic,1023,1023,9,383,1.931264043,1.939200000,0.034300000,0.000000000
sample,fixed_single,ordinary,1023,1023,10,383,2.126751900,2.134500000,0.681300000,0.000000000
sample,fixed_single,graph,1023,1023,10,383,1.937247992,1.944800000,0.041300000,0.005900000
sample,fixed_single,graph_fixed_diagnostic,1023,1023,10,383,1.931264043,1.939700000,0.032100000,0.000000000
sample,fixed_single,graph,1023,1023,11,383,1.935359955,1.943600000,0.038900000,0.005400000
sample,fixed_single,ordinary,1023,1023,11,383,2.127871990,2.136600000,0.599400000,0.000000000
sample,fixed_single,graph_fixed_diagnostic,1023,1023,11,383,1.932288051,1.940100000,0.034200000,0.000000000
sample,fixed_single,ordinary,1023,1023,12,383,2.128895998,2.136900000,0.690500000,0.000000000
sample,fixed_single,graph,1023,1023,12,383,1.937407970,1.945200000,0.041200000,0.005800000
sample,fixed_single,graph_fixed_diagnostic,1023,1023,12,383,1.931200027,1.938700000,0.032000000,0.000000000
sample,fixed_single,graph,1023,1023,13,383,1.934335947,1.941500000,0.038700000,0.005600000
sample,fixed_single,ordinary,1023,1023,13,383,2.127871990,2.136300000,0.647100000,0.000000000
sample,fixed_single,graph_fixed_diagnostic,1023,1023,13,383,1.932096004,1.939800000,0.034400000,0.000000000
sample,fixed_single,ordinary,1023,1023,14,383,2.128895998,2.136400000,0.685500000,0.000000000
sample,fixed_single,graph,1023,1023,14,383,1.937407970,1.944900000,0.039200000,0.005800000
sample,fixed_single,graph_fixed_diagnostic,1023,1023,14,383,1.929216027,1.940400000,0.031900000,0.000000000
sample,fixed_single,graph,1023,1023,15,383,2.043904066,2.070800000,0.323900000,0.048300000
sample,fixed_single,ordinary,1023,1023,15,383,2.210815907,2.219800000,0.772600000,0.000000000
sample,fixed_single,graph_fixed_diagnostic,1023,1023,15,383,1.932288051,1.941900000,0.037200000,0.000000000
sample,fixed_single,ordinary,1023,1023,16,383,2.177023888,2.186300000,0.895900000,0.000000000
sample,fixed_single,graph,1023,1023,16,383,1.938431978,1.947400000,0.045900000,0.006200000
sample,fixed_single,graph_fixed_diagnostic,1023,1023,16,383,1.933312058,1.941200000,0.039100000,0.000000000
sample,fixed_single,graph,1023,1023,17,383,1.936383963,1.944900000,0.038600000,0.005400000
sample,fixed_single,ordinary,1023,1023,17,383,2.135040045,2.147200000,0.722200000,0.000000000
sample,fixed_single,graph_fixed_diagnostic,1023,1023,17,383,1.933312058,1.941300000,0.035600000,0.000000000
sample,fixed_single,ordinary,1023,1023,18,383,2.128895998,2.136200000,0.689500000,0.000000000
sample,fixed_single,graph,1023,1023,18,383,1.937407970,1.945300000,0.039100000,0.007200000
sample,fixed_single,graph_fixed_diagnostic,1023,1023,18,383,1.931200027,1.938600000,0.031700000,0.000000000
sample,fixed_single,graph,1023,1023,19,383,1.937407970,1.944800000,0.039100000,0.005600000
sample,fixed_single,ordinary,1023,1023,19,383,2.167808056,2.175700000,0.551800000,0.000000000
sample,fixed_single,graph_fixed_diagnostic,1023,1023,19,383,1.929216027,1.938400000,0.034100000,0.000000000
sample,fixed_single,ordinary,1023,1023,20,383,2.134016037,2.144000000,0.702500000,0.000000000
sample,fixed_single,graph,1023,1023,20,383,1.943552017,1.952200000,0.052100000,0.010000000
sample,fixed_single,graph_fixed_diagnostic,1023,1023,20,383,1.931264043,1.939800000,0.034500000,0.000000000
sample,fixed_single,graph,1023,1023,21,383,1.939455986,1.947300000,0.039000000,0.006400000
sample,fixed_single,ordinary,1023,1023,21,383,2.127871990,2.135300000,0.690400000,0.000000000
sample,fixed_single,graph_fixed_diagnostic,1023,1023,21,383,1.932160020,1.939500000,0.034300000,0.000000000
sample,fixed_single,ordinary,1023,1023,22,383,2.127871990,2.135900000,0.676800000,0.000000000
sample,fixed_single,graph,1023,1023,22,383,1.936319947,1.945000000,0.041400000,0.006100000
sample,fixed_single,graph_fixed_diagnostic,1023,1023,22,383,1.937407970,1.952700000,0.043100000,0.000000000
sample,fixed_single,graph,1023,1023,23,383,1.949695945,1.958400000,0.051200000,0.015900000
sample,fixed_single,ordinary,1023,1023,23,383,2.268160105,2.277900000,0.794100000,0.000000000
sample,fixed_single,graph_fixed_diagnostic,1023,1023,23,383,1.934335947,1.943800000,0.040400000,0.000000000
sample,fixed_single,ordinary,1023,1023,24,383,2.176000118,2.185700000,0.611500000,0.000000000
sample,fixed_single,graph,1023,1023,24,383,1.943552017,1.953400000,0.071200000,0.010600000
sample,fixed_single,graph_fixed_diagnostic,1023,1023,24,383,1.932288051,1.941600000,0.038700000,0.000000000
sample,fixed_single,graph,1023,1023,25,383,1.942528009,1.952400000,0.051300000,0.007800000
sample,fixed_single,ordinary,1023,1023,25,383,2.217983961,2.227500000,0.829500000,0.000000000
sample,fixed_single,graph_fixed_diagnostic,1023,1023,25,383,1.931264043,1.941000000,0.038200000,0.000000000
sample,fixed_single,ordinary,1023,1023,26,383,2.176000118,2.184800000,1.023900000,0.000000000
sample,fixed_single,graph,1023,1023,26,383,1.938431978,1.947400000,0.043000000,0.005800000
sample,fixed_single,graph_fixed_diagnostic,1023,1023,26,383,1.932288051,1.941000000,0.035800000,0.000000000
sample,fixed_single,graph,1023,1023,27,383,1.939455986,1.948300000,0.042200000,0.005400000
sample,fixed_single,ordinary,1023,1023,27,383,2.144256115,2.152900000,0.716900000,0.000000000
sample,fixed_single,graph_fixed_diagnostic,1023,1023,27,383,1.934335947,1.945300000,0.036100000,0.000000000
sample,fixed_single,ordinary,1023,1023,28,383,2.213887930,2.223900000,0.766200000,0.000000000
sample,fixed_single,graph,1023,1023,28,383,1.938431978,1.947300000,0.043000000,0.007200000
sample,fixed_single,graph_fixed_diagnostic,1023,1023,28,383,1.930240035,1.939700000,0.035600000,0.000000000
sample,fixed_single,graph,1023,1023,29,383,1.938431978,1.946900000,0.042600000,0.005600000
sample,fixed_single,ordinary,1023,1023,29,383,2.170880079,2.180700000,1.011200000,0.000000000
sample,fixed_single,graph_fixed_diagnostic,1023,1023,29,383,1.933312058,1.941000000,0.038100000,0.000000000
sample,fixed_single,ordinary,1023,1023,30,383,2.211839914,2.220000000,0.684100000,0.000000000
sample,fixed_single,graph,1023,1023,30,383,1.943552017,1.954400000,0.043100000,0.007300000
sample,fixed_single,graph_fixed_diagnostic,1023,1023,30,383,1.934335947,1.944900000,0.033200000,0.000000000
sample,fixed_single,graph,1023,1023,31,383,1.937407970,1.947700000,0.043900000,0.007800000
sample,fixed_single,ordinary,1023,1023,31,383,2.225152016,2.234500000,0.837000000,0.000000000
sample,fixed_single,graph_fixed_diagnostic,1023,1023,31,383,1.932288051,1.942000000,0.041900000,0.000000000
sample,fixed_single,ordinary,1023,1023,32,383,2.174976110,2.184200000,1.018800000,0.000000000
sample,fixed_single,graph,1023,1023,32,383,1.937407970,1.946800000,0.043600000,0.006200000
sample,fixed_single,graph_fixed_diagnostic,1023,1023,32,383,1.931264043,1.938600000,0.031900000,0.000000000
sample,fixed_single,graph,1023,1023,33,383,1.937407970,1.945400000,0.038500000,0.005800000
sample,fixed_single,ordinary,1023,1023,33,383,2.134016037,2.141300000,0.735500000,0.000000000
sample,fixed_single,graph_fixed_diagnostic,1023,1023,33,383,1.931264043,1.939300000,0.034100000,0.000000000
sample,fixed_single,ordinary,1023,1023,34,383,2.128799915,2.136300000,0.677600000,0.000000000
sample,fixed_single,graph,1023,1023,34,383,1.937343955,1.945500000,0.041500000,0.005900000
sample,fixed_single,graph_fixed_diagnostic,1023,1023,34,383,1.928192019,1.936000000,0.032600000,0.000000000
sample,fixed_single,graph,1023,1023,35,383,1.937407970,1.944900000,0.038900000,0.005500000
sample,fixed_single,ordinary,1023,1023,35,383,2.127871990,2.136300000,0.608800000,0.000000000
sample,fixed_single,graph_fixed_diagnostic,1023,1023,35,383,1.934080005,1.943100000,0.036300000,0.000000000
sample,fixed_single,ordinary,1023,1023,36,383,2.177023888,2.186400000,1.019400000,0.000000000
sample,fixed_single,graph,1023,1023,36,383,1.941504002,1.950600000,0.043900000,0.008100000
sample,fixed_single,graph_fixed_diagnostic,1023,1023,36,383,1.932288051,1.942300000,0.035300000,0.000000000
sample,fixed_single,graph,1023,1023,37,383,1.936383963,1.944600000,0.042800000,0.005500000
sample,fixed_single,ordinary,1023,1023,37,383,2.127871990,2.135800000,0.681100000,0.000000000
sample,fixed_single,graph_fixed_diagnostic,1023,1023,37,383,1.932288051,1.940000000,0.034300000,0.000000000
sample,fixed_single,ordinary,1023,1023,38,383,2.115583897,2.125700000,0.668700000,0.000000000
sample,fixed_single,graph,1023,1023,38,383,2.040832043,2.075900000,0.343500000,0.066300000
sample,fixed_single,graph_fixed_diagnostic,1023,1023,38,383,1.929216027,1.937000000,0.032600000,0.000000000
sample,fixed_single,graph,1023,1023,39,383,1.938431978,1.947600000,0.041600000,0.005900000
sample,fixed_single,ordinary,1023,1023,39,383,2.242559910,2.251900000,0.795700000,0.000000000
sample,fixed_single,graph_fixed_diagnostic,1023,1023,39,383,1.932288051,1.942100000,0.037400000,0.000000000
sample,fixed_single,ordinary,1023,1023,40,383,2.177023888,2.185900000,0.987500000,0.000000000
sample,fixed_single,graph,1023,1023,40,383,1.939455986,1.948100000,0.043600000,0.006300000
sample,fixed_single,graph_fixed_diagnostic,1023,1023,40,383,1.932288051,1.941600000,0.034400000,0.000000000
sample,fixed_single,graph,1023,1023,41,383,1.940479994,1.949700000,0.041000000,0.007000000
sample,fixed_single,ordinary,1023,1023,41,383,2.166559935,2.175100000,0.613100000,0.000000000
sample,fixed_single,graph_fixed_diagnostic,1023,1023,41,383,1.931264043,1.939300000,0.036300000,0.000000000
sample,fixed_single,ordinary,1023,1023,42,383,2.209791899,2.219200000,0.630600000,0.000000000
sample,fixed_single,graph,1023,1023,42,383,1.940479994,1.950700000,0.068300000,0.009500000
sample,fixed_single,graph_fixed_diagnostic,1023,1023,42,383,1.931264043,1.941000000,0.039000000,0.000000000
sample,fixed_single,graph,1023,1023,43,383,1.939455986,1.949000000,0.042500000,0.005800000
sample,fixed_single,ordinary,1023,1023,43,383,2.178047895,2.189100000,0.704100000,0.000000000
sample,fixed_single,graph_fixed_diagnostic,1023,1023,43,383,1.932288051,1.941600000,0.038800000,0.000000000
sample,fixed_single,ordinary,1023,1023,44,383,2.178047895,2.187300000,0.877300000,0.000000000
sample,fixed_single,graph,1023,1023,44,383,1.937407970,1.947000000,0.044100000,0.006600000
sample,fixed_single,graph_fixed_diagnostic,1023,1023,44,383,1.933312058,1.941900000,0.036500000,0.000000000
sample,fixed_single,graph,1023,1023,45,383,1.937407970,1.946700000,0.043100000,0.005300000
sample,fixed_single,ordinary,1023,1023,45,383,2.127871990,2.135200000,0.684800000,0.000000000
sample,fixed_single,graph_fixed_diagnostic,1023,1023,45,383,1.932288051,1.940000000,0.033600000,0.000000000
sample,fixed_single,ordinary,1023,1023,46,383,2.130944014,2.140200000,0.810100000,0.000000000
sample,fixed_single,graph,1023,1023,46,383,1.941504002,1.950800000,0.052300000,0.008300000
sample,fixed_single,graph_fixed_diagnostic,1023,1023,46,383,1.932288051,1.941200000,0.035700000,0.000000000
sample,fixed_single,graph,1023,1023,47,383,1.938431978,1.947900000,0.042400000,0.005400000
sample,fixed_single,ordinary,1023,1023,47,383,2.177023888,2.186800000,1.003400000,0.000000000
sample,fixed_single,graph_fixed_diagnostic,1023,1023,47,383,1.933312058,1.943600000,0.037100000,0.000000000
sample,fixed_single,ordinary,1023,1023,48,383,2.176000118,2.185100000,1.020400000,0.000000000
sample,fixed_single,graph,1023,1023,48,383,1.937407970,1.946800000,0.043300000,0.005800000
sample,fixed_single,graph_fixed_diagnostic,1023,1023,48,383,1.934335947,1.943300000,0.038400000,0.000000000
sample,fixed_single,graph,1023,1023,49,383,1.938431978,1.948500000,0.042700000,0.006100000
sample,fixed_single,ordinary,1023,1023,49,383,2.176000118,2.186000000,0.876700000,0.000000000
sample,fixed_single,graph_fixed_diagnostic,1023,1023,49,383,1.932288051,1.941500000,0.037300000,0.000000000
sample,fixed_single,ordinary,1023,1023,50,383,2.174976110,2.184400000,0.890800000,0.000000000
sample,fixed_single,graph,1023,1023,50,383,1.939455986,1.948600000,0.045300000,0.005600000
sample,fixed_single,graph_fixed_diagnostic,1023,1023,50,383,1.934335947,1.941300000,0.032100000,0.000000000
sample,fixed_single,graph,1023,1023,51,383,1.937407970,1.945200000,0.038300000,0.005200000
sample,fixed_single,ordinary,1023,1023,51,383,2.129920006,2.138700000,0.605900000,0.000000000
sample,fixed_single,graph_fixed_diagnostic,1023,1023,51,383,1.932288051,1.940000000,0.034800000,0.000000000
sample,fixed_single,ordinary,1023,1023,52,383,2.169856071,2.177000000,0.599800000,0.000000000
sample,fixed_single,graph,1023,1023,52,383,1.937407970,1.945200000,0.041100000,0.005900000
sample,fixed_single,graph_fixed_diagnostic,1023,1023,52,383,1.930240035,1.938700000,0.032200000,0.000000000
sample,fixed_single,graph,1023,1023,53,383,1.937407970,1.945300000,0.038600000,0.005300000
sample,fixed_single,ordinary,1023,1023,53,383,2.121727943,2.129500000,0.680500000,0.000000000
sample,fixed_single,graph_fixed_diagnostic,1023,1023,53,383,1.931040049,1.942100000,0.032500000,0.000000000
sample,fixed_single,ordinary,1023,1023,54,383,3.020800114,3.081800000,1.548500000,0.000000000
sample,fixed_single,graph,1023,1023,54,383,1.944576025,1.953400000,0.051300000,0.009100000
sample,fixed_single,graph_fixed_diagnostic,1023,1023,54,383,1.930240035,1.939300000,0.035100000,0.000000000
sample,fixed_single,graph,1023,1023,55,383,1.937407970,1.947000000,0.042500000,0.005700000
sample,fixed_single,ordinary,1023,1023,55,383,2.174976110,2.183800000,0.821300000,0.000000000
sample,fixed_single,graph_fixed_diagnostic,1023,1023,55,383,1.932288051,1.940400000,0.037800000,0.000000000
sample,fixed_single,ordinary,1023,1023,56,383,2.127871990,2.135800000,0.590000000,0.000000000
sample,fixed_single,graph,1023,1023,56,383,1.943552017,1.953500000,0.047400000,0.009300000
sample,fixed_single,graph_fixed_diagnostic,1023,1023,56,383,1.936287999,1.944300000,0.037200000,0.000000000
sample,fixed_single,graph,1023,1023,57,383,1.939455986,1.948600000,0.042700000,0.007200000
sample,fixed_single,ordinary,1023,1023,57,383,2.291712046,2.301300000,0.828000000,0.000000000
sample,fixed_single,graph_fixed_diagnostic,1023,1023,57,383,1.931264043,1.941000000,0.038900000,0.000000000
sample,fixed_single,ordinary,1023,1023,58,383,2.220031977,2.228700000,1.085200000,0.000000000
sample,fixed_single,graph,1023,1023,58,383,1.938431978,1.948300000,0.043200000,0.006800000
sample,fixed_single,graph_fixed_diagnostic,1023,1023,58,383,1.929216027,1.938600000,0.036100000,0.000000000
sample,fixed_single,graph,1023,1023,59,383,1.942528009,1.955600000,0.050100000,0.007900000
sample,fixed_single,ordinary,1023,1023,59,383,2.182143927,2.196900000,1.029400000,0.000000000
sample,fixed_single,graph_fixed_diagnostic,1023,1023,59,383,1.933312058,1.945100000,0.039600000,0.000000000
sample,fixed_single,ordinary,1023,1023,60,383,2.169856071,2.179700000,0.709200000,0.000000000
sample,fixed_single,graph,1023,1023,60,383,1.938336015,1.946000000,0.041200000,0.006600000
sample,fixed_single,graph_fixed_diagnostic,1023,1023,60,383,1.931264043,1.939200000,0.032700000,0.000000000
sample,fixed_single,graph,1023,1023,61,383,1.938367963,1.945700000,0.039500000,0.005400000
sample,fixed_single,ordinary,1023,1023,61,383,2.128767967,2.136600000,0.552900000,0.000000000
sample,fixed_single,graph_fixed_diagnostic,1023,1023,61,383,1.932288051,1.941800000,0.037800000,0.000000000
sample,fixed_single,ordinary,1023,1023,62,383,2.244607925,2.253700000,0.589000000,0.000000000
sample,fixed_single,graph,1023,1023,62,383,1.941504002,1.950400000,0.047100000,0.008200000
sample,fixed_single,graph_fixed_diagnostic,1023,1023,62,383,1.930240035,1.940000000,0.035700000,0.000000000
sample,fixed_single,graph,1023,1023,63,383,1.935359955,1.944700000,0.040900000,0.005400000
sample,fixed_single,ordinary,1023,1023,63,383,2.173952103,2.183600000,0.542900000,0.000000000
sample,fixed_single,graph_fixed_diagnostic,1023,1023,63,383,1.933312058,1.942100000,0.037000000,0.000000000
sample,fixed_single,ordinary,1023,1023,64,383,2.181119919,2.195600000,1.223000000,0.000000000
sample,fixed_single,graph,1023,1023,64,383,1.944576025,1.953800000,0.049600000,0.009900000
sample,fixed_single,graph_fixed_diagnostic,1023,1023,64,383,1.932288051,1.940800000,0.036600000,0.000000000
sample,fixed_single,graph,1023,1023,65,383,1.938431978,1.946700000,0.039200000,0.005500000
sample,fixed_single,ordinary,1023,1023,65,383,2.126847982,2.133900000,0.677200000,0.000000000
sample,fixed_single,graph_fixed_diagnostic,1023,1023,65,383,1.932288051,1.940300000,0.032600000,0.000000000
sample,fixed_single,ordinary,1023,1023,66,383,2.127871990,2.135700000,0.683200000,0.000000000
sample,fixed_single,graph,1023,1023,66,383,1.937407970,1.945400000,0.041200000,0.005700000
sample,fixed_single,graph_fixed_diagnostic,1023,1023,66,383,1.932255983,1.939800000,0.032000000,0.000000000
sample,fixed_single,graph,1023,1023,67,383,1.936383963,1.944000000,0.038600000,0.005600000
sample,fixed_single,ordinary,1023,1023,67,383,2.126847982,2.134500000,0.548700000,0.000000000
sample,fixed_single,graph_fixed_diagnostic,1023,1023,67,383,1.930240035,1.938300000,0.034000000,0.000000000
sample,fixed_single,ordinary,1023,1023,68,383,2.127840042,2.135100000,0.667800000,0.000000000
sample,fixed_single,graph,1023,1023,68,383,1.937407970,1.945200000,0.039300000,0.005700000
sample,fixed_single,graph_fixed_diagnostic,1023,1023,68,383,1.932160020,1.939600000,0.032700000,0.000000000
sample,fixed_single,graph,1023,1023,69,383,1.938367963,1.945700000,0.041700000,0.005200000
sample,fixed_single,ordinary,1023,1023,69,383,3.224575996,3.237700000,0.557900000,0.000000000
sample,fixed_single,graph_fixed_diagnostic,1023,1023,69,383,1.933312058,1.943000000,0.038300000,0.000000000
sample,fixed_single,ordinary,1023,1023,70,383,2.168832064,2.177700000,0.706700000,0.000000000
sample,fixed_single,graph,1023,1023,70,383,1.960960031,1.972300000,0.069700000,0.021400000
sample,fixed_single,graph_fixed_diagnostic,1023,1023,70,383,1.932288051,1.942100000,0.039200000,0.000000000
sample,fixed_single,graph,1023,1023,71,383,1.939455986,1.948700000,0.043700000,0.006500000
sample,fixed_single,ordinary,1023,1023,71,383,2.236416101,2.247000000,1.038600000,0.000000000
sample,fixed_single,graph_fixed_diagnostic,1023,1023,71,383,1.936383963,1.949400000,0.044100000,0.000000000
sample,fixed_single,ordinary,1023,1023,72,383,2.179071903,2.188600000,1.029600000,0.000000000
sample,fixed_single,graph,1023,1023,72,383,1.940479994,1.949200000,0.046800000,0.008800000
sample,fixed_single,graph_fixed_diagnostic,1023,1023,72,383,1.930240035,1.940100000,0.039900000,0.000000000
sample,fixed_single,graph,1023,1023,73,383,1.938431978,1.947600000,0.043400000,0.005500000
sample,fixed_single,ordinary,1023,1023,73,383,2.176000118,2.185400000,1.012000000,0.000000000
sample,fixed_single,graph_fixed_diagnostic,1023,1023,73,383,1.932288051,1.941200000,0.037300000,0.000000000
sample,fixed_single,ordinary,1023,1023,74,383,2.171904087,2.181000000,0.863600000,0.000000000
sample,fixed_single,graph,1023,1023,74,383,1.936383963,1.947100000,0.043800000,0.006500000
sample,fixed_single,graph_fixed_diagnostic,1023,1023,74,383,1.932288051,1.943100000,0.036600000,0.000000000
sample,fixed_single,graph,1023,1023,75,383,1.939455986,1.951400000,0.044900000,0.006800000
sample,fixed_single,ordinary,1023,1023,75,383,2.181119919,2.191600000,1.055100000,0.000000000
sample,fixed_single,graph_fixed_diagnostic,1023,1023,75,383,1.931264043,1.940900000,0.038100000,0.000000000
sample,fixed_single,ordinary,1023,1023,76,383,2.214911938,2.225000000,1.022600000,0.000000000
sample,fixed_single,graph,1023,1023,76,383,1.940479994,1.949400000,0.042500000,0.007300000
sample,fixed_single,graph_fixed_diagnostic,1023,1023,76,383,1.933312058,1.942900000,0.036200000,0.000000000
sample,fixed_single,graph,1023,1023,77,383,1.940479994,1.972300000,0.045100000,0.007800000
sample,fixed_single,ordinary,1023,1023,77,383,2.228224039,2.238500000,0.756200000,0.000000000
sample,fixed_single,graph_fixed_diagnostic,1023,1023,77,383,1.932288051,1.941600000,0.039700000,0.000000000
sample,fixed_single,ordinary,1023,1023,78,383,2.174976110,2.184500000,1.014700000,0.000000000
sample,fixed_single,graph,1023,1023,78,383,1.938431978,1.948300000,0.045700000,0.005800000
sample,fixed_single,graph_fixed_diagnostic,1023,1023,78,383,1.931264043,1.940600000,0.036900000,0.000000000
sample,fixed_single,graph,1023,1023,79,383,1.936383963,1.945700000,0.043400000,0.005300000
sample,fixed_single,ordinary,1023,1023,79,383,2.177023888,2.186900000,1.017200000,0.000000000
sample,fixed_single,graph_fixed_diagnostic,1023,1023,79,383,1.933312058,1.942900000,0.036300000,0.000000000
sample,fixed_single,ordinary,1023,1023,80,383,2.178047895,2.187000000,0.858200000,0.000000000
sample,fixed_single,graph,1023,1023,80,383,1.940479994,1.949500000,0.045800000,0.006300000
sample,fixed_single,graph_fixed_diagnostic,1023,1023,80,383,1.931264043,1.939100000,0.037300000,0.000000000
sample,fixed_single,graph,1023,1023,81,383,1.936383963,1.943600000,0.038700000,0.005600000
sample,fixed_single,ordinary,1023,1023,81,383,2.128895998,2.136900000,0.679100000,0.000000000
sample,fixed_single,graph_fixed_diagnostic,1023,1023,81,383,1.934335947,1.942100000,0.034200000,0.000000000
sample,fixed_single,ordinary,1023,1023,82,383,2.129920006,2.139200000,0.661800000,0.000000000
sample,fixed_single,graph,1023,1023,82,383,1.938431978,1.946500000,0.063000000,0.006900000
sample,fixed_single,graph_fixed_diagnostic,1023,1023,82,383,1.933151960,1.941100000,0.032000000,0.000000000
sample,fixed_single,graph,1023,1023,83,383,1.936383963,1.943900000,0.057500000,0.005300000
sample,fixed_single,ordinary,1023,1023,83,383,2.128895998,2.136500000,0.602000000,0.000000000
sample,fixed_single,graph_fixed_diagnostic,1023,1023,83,383,1.931264043,1.939300000,0.034000000,0.000000000
sample,fixed_single,ordinary,1023,1023,84,383,2.127871990,2.135100000,0.689300000,0.000000000
sample,fixed_single,graph,1023,1023,84,383,1.936383963,1.944600000,0.039400000,0.005700000
sample,fixed_single,graph_fixed_diagnostic,1023,1023,84,383,1.933312058,1.944900000,0.033400000,0.000000000
sample,fixed_single,graph,1023,1023,85,383,2.048000097,2.075200000,0.283700000,0.053500000
sample,fixed_single,ordinary,1023,1023,85,383,2.181119919,2.190300000,0.858600000,0.000000000
sample,fixed_single,graph_fixed_diagnostic,1023,1023,85,383,1.932288051,1.942200000,0.037400000,0.000000000
sample,fixed_single,ordinary,1023,1023,86,383,2.173952103,2.184200000,0.850100000,0.000000000
sample,fixed_single,graph,1023,1023,86,383,1.938431978,1.948100000,0.045200000,0.006100000
sample,fixed_single,graph_fixed_diagnostic,1023,1023,86,383,1.933312058,1.942300000,0.036000000,0.000000000
sample,fixed_single,graph,1023,1023,87,383,1.939455986,1.948900000,0.043400000,0.007100000
sample,fixed_single,ordinary,1023,1023,87,383,2.176000118,2.186100000,0.666500000,0.000000000
sample,fixed_single,graph_fixed_diagnostic,1023,1023,87,383,1.933312058,1.942000000,0.040500000,0.000000000
sample,fixed_single,ordinary,1023,1023,88,383,2.172928095,2.182900000,0.562600000,0.000000000
sample,fixed_single,graph,1023,1023,88,383,1.953791976,1.962000000,0.042600000,0.007400000
sample,fixed_single,graph_fixed_diagnostic,1023,1023,88,383,1.930240035,1.938400000,0.031100000,0.000000000
sample,fixed_single,graph,1023,1023,89,383,1.935359955,1.942600000,0.038100000,0.005600000
sample,fixed_single,ordinary,1023,1023,89,383,2.126847982,2.134500000,0.533200000,0.000000000
sample,fixed_single,graph_fixed_diagnostic,1023,1023,89,383,1.931264043,1.940200000,0.033600000,0.000000000
sample,fixed_single,ordinary,1023,1023,90,383,2.144256115,2.156100000,0.540200000,0.000000000
sample,fixed_single,graph,1023,1023,90,383,1.940479994,1.948000000,0.060700000,0.007800000
sample,fixed_single,graph_fixed_diagnostic,1023,1023,90,383,1.931231976,1.939200000,0.032100000,0.000000000
sample,fixed_single,graph,1023,1023,91,383,1.937376022,1.944600000,0.039400000,0.005900000
sample,fixed_single,ordinary,1023,1023,91,383,2.127871990,2.135800000,0.525800000,0.000000000
sample,fixed_single,graph_fixed_diagnostic,1023,1023,91,383,1.930240035,1.938400000,0.034400000,0.000000000
sample,fixed_single,ordinary,1023,1023,92,383,2.125823975,2.134000000,0.522800000,0.000000000
sample,fixed_single,graph,1023,1023,92,383,1.942528009,1.951500000,0.064300000,0.009100000
sample,fixed_single,graph_fixed_diagnostic,1023,1023,92,383,1.936383963,1.945300000,0.157300000,0.000000000
sample,fixed_single,graph,1023,1023,93,383,1.943552017,1.951400000,0.042800000,0.008300000
sample,fixed_single,ordinary,1023,1023,93,383,2.116607904,2.124100000,0.594600000,0.000000000
sample,fixed_single,graph_fixed_diagnostic,1023,1023,93,383,1.931264043,1.938500000,0.033800000,0.000000000
sample,fixed_single,ordinary,1023,1023,94,383,2.125823975,2.133200000,0.675500000,0.000000000
sample,fixed_single,graph,1023,1023,94,383,1.937407970,1.944900000,0.059700000,0.006200000
sample,fixed_single,graph_fixed_diagnostic,1023,1023,94,383,1.931264043,1.939700000,0.031800000,0.000000000
sample,fixed_single,graph,1023,1023,95,383,1.936383963,1.944600000,0.038900000,0.005500000
sample,fixed_single,ordinary,1023,1023,95,383,2.125823975,2.132900000,0.593000000,0.000000000
sample,fixed_single,graph_fixed_diagnostic,1023,1023,95,383,1.931264043,1.939400000,0.033500000,0.000000000
sample,fixed_single,ordinary,1023,1023,96,383,2.151423931,2.159600000,0.555300000,0.000000000
sample,fixed_single,graph,1023,1023,96,383,1.937407970,1.947100000,0.045000000,0.005900000
sample,fixed_single,graph_fixed_diagnostic,1023,1023,96,383,1.931264043,1.940400000,0.035500000,0.000000000
sample,fixed_single,graph,1023,1023,97,383,1.939455986,1.948600000,0.044700000,0.005400000
sample,fixed_single,ordinary,1023,1023,97,383,2.224128008,2.232200000,0.593300000,0.000000000
sample,fixed_single,graph_fixed_diagnostic,1023,1023,97,383,1.935199976,1.942900000,0.035300000,0.000000000
sample,fixed_single,ordinary,1023,1023,98,383,2.127871990,2.136000000,0.588900000,0.000000000
sample,fixed_single,graph,1023,1023,98,383,1.939391971,1.946700000,0.037400000,0.006300000
sample,fixed_single,graph_fixed_diagnostic,1023,1023,98,383,1.930240035,1.938500000,0.031100000,0.000000000
sample,fixed_single,graph,1023,1023,99,383,1.936383963,1.944900000,0.037900000,0.005300000
sample,fixed_single,ordinary,1023,1023,99,383,2.125823975,2.133200000,0.553900000,0.000000000
sample,fixed_single,graph_fixed_diagnostic,1023,1023,99,383,1.932288051,1.940300000,0.033300000,0.000000000
sample,fixed_single,ordinary,1023,1023,100,383,2.124799967,2.134300000,0.554400000,0.000000000
sample,fixed_single,graph,1023,1023,100,383,1.954815984,1.969800000,0.058000000,0.008000000
sample,fixed_single,graph_fixed_diagnostic,1023,1023,100,383,1.965055943,1.994300000,0.165200000,0.000000000
sample,fixed_single,graph,1023,1023,101,383,1.939455986,1.948900000,0.044300000,0.008200000
sample,fixed_single,ordinary,1023,1023,101,383,2.178047895,2.187700000,0.626600000,0.000000000
sample,fixed_single,graph_fixed_diagnostic,1023,1023,101,383,1.931264043,1.940400000,0.037500000,0.000000000
sample,fixed_single,ordinary,1023,1023,102,383,2.174976110,2.184100000,0.644600000,0.000000000
sample,fixed_single,graph,1023,1023,102,383,1.938431978,1.946700000,0.045000000,0.005800000
sample,fixed_single,graph_fixed_diagnostic,1023,1023,102,383,1.932288051,1.940900000,0.031700000,0.000000000
sample,fixed_single,graph,1023,1023,103,383,1.948575974,1.962300000,0.046600000,0.010200000
sample,fixed_single,ordinary,1023,1023,103,383,2.173952103,2.182400000,0.682400000,0.000000000
sample,fixed_single,graph_fixed_diagnostic,1023,1023,103,383,1.932288051,1.942100000,0.041000000,0.000000000
sample,fixed_single,ordinary,1023,1023,104,383,2.216959953,2.226300000,0.672200000,0.000000000
sample,fixed_single,graph,1023,1023,104,383,1.942528009,1.952900000,0.047900000,0.009800000
sample,fixed_single,graph_fixed_diagnostic,1023,1023,104,383,1.930240035,1.940500000,0.039100000,0.000000000
sample,fixed_single,graph,1023,1023,105,383,1.937407970,1.946100000,0.046600000,0.006000000
sample,fixed_single,ordinary,1023,1023,105,383,2.289664030,2.299000000,0.968200000,0.000000000
sample,fixed_single,graph_fixed_diagnostic,1023,1023,105,383,1.936383963,1.946200000,0.045500000,0.000000000
sample,fixed_single,ordinary,1023,1023,106,383,2.178047895,2.187100000,1.034500000,0.000000000
sample,fixed_single,graph,1023,1023,106,383,1.944576025,1.953300000,0.050700000,0.011300000
sample,fixed_single,graph_fixed_diagnostic,1023,1023,106,383,1.933312058,1.941900000,0.041900000,0.000000000
sample,fixed_single,graph,1023,1023,107,383,1.936383963,1.945000000,0.038300000,0.005600000
sample,fixed_single,ordinary,1023,1023,107,383,2.168672085,2.175800000,0.563700000,0.000000000
sample,fixed_single,graph_fixed_diagnostic,1023,1023,107,383,1.931264043,1.939800000,0.034600000,0.000000000
sample,fixed_single,ordinary,1023,1023,108,383,2.127743959,2.134900000,0.683200000,0.000000000
sample,fixed_single,graph,1023,1023,108,383,1.952767968,1.963000000,0.055900000,0.012300000
sample,fixed_single,graph_fixed_diagnostic,1023,1023,108,383,1.932288051,1.942300000,0.039200000,0.000000000
sample,fixed_single,graph,1023,1023,109,383,1.938431978,1.947600000,0.044100000,0.006900000
sample,fixed_single,ordinary,1023,1023,109,383,2.182143927,2.191800000,1.026200000,0.000000000
sample,fixed_single,graph_fixed_diagnostic,1023,1023,109,383,1.933312058,1.942400000,0.038600000,0.000000000
sample,fixed_single,ordinary,1023,1023,110,383,2.173952103,2.182800000,1.027700000,0.000000000
sample,fixed_single,graph,1023,1023,110,383,1.938431978,1.947600000,0.046500000,0.006100000
sample,fixed_single,graph_fixed_diagnostic,1023,1023,110,383,1.932288051,1.942300000,0.039300000,0.000000000
sample,fixed_single,graph,1023,1023,111,383,1.937407970,1.947400000,0.043100000,0.005900000
sample,fixed_single,ordinary,1023,1023,111,383,2.176000118,2.185900000,1.042000000,0.000000000
sample,fixed_single,graph_fixed_diagnostic,1023,1023,111,383,1.931264043,1.941300000,0.039700000,0.000000000
sample,fixed_single,ordinary,1023,1023,112,383,2.174976110,2.184100000,0.919200000,0.000000000
sample,fixed_single,graph,1023,1023,112,383,1.937407970,1.946500000,0.043000000,0.006100000
sample,fixed_single,graph_fixed_diagnostic,1023,1023,112,383,1.933312058,1.940600000,0.032000000,0.000000000
sample,fixed_single,graph,1023,1023,113,383,1.936383963,1.944200000,0.038700000,0.005300000
sample,fixed_single,ordinary,1023,1023,113,383,2.135040045,2.146400000,0.597500000,0.000000000
sample,fixed_single,graph_fixed_diagnostic,1023,1023,113,383,1.934335947,1.942200000,0.038800000,0.000000000
sample,fixed_single,ordinary,1023,1023,114,383,2.128895998,2.136200000,0.564000000,0.000000000
sample,fixed_single,graph,1023,1023,114,383,1.940479994,1.948500000,0.043100000,0.007700000
sample,fixed_single,graph_fixed_diagnostic,1023,1023,114,383,1.932288051,1.939800000,0.032600000,0.000000000
sample,fixed_single,graph,1023,1023,115,383,1.938431978,1.945800000,0.039400000,0.005500000
sample,fixed_single,ordinary,1023,1023,115,383,2.130944014,2.139300000,0.563400000,0.000000000
sample,fixed_single,graph_fixed_diagnostic,1023,1023,115,383,1.933312058,1.940700000,0.034600000,0.000000000
sample,fixed_single,ordinary,1023,1023,116,383,3.316735983,3.325500000,0.758200000,0.000000000
sample,fixed_single,graph,1023,1023,116,383,1.940479994,1.948400000,0.041100000,0.007100000
sample,fixed_single,graph_fixed_diagnostic,1023,1023,116,383,1.933120012,1.939700000,0.029300000,0.000000000
sample,fixed_single,graph,1023,1023,117,383,1.937407970,1.945000000,0.038700000,0.005400000
sample,fixed_single,ordinary,1023,1023,117,383,2.125823975,2.133600000,0.680900000,0.000000000
sample,fixed_single,graph_fixed_diagnostic,1023,1023,117,383,1.930240035,1.937900000,0.034400000,0.000000000
sample,fixed_single,ordinary,1023,1023,118,383,2.126847982,2.134700000,0.688800000,0.000000000
sample,fixed_single,graph,1023,1023,118,383,1.940479994,1.952100000,0.043400000,0.007500000
sample,fixed_single,graph_fixed_diagnostic,1023,1023,118,383,1.934335947,1.947700000,0.035600000,0.000000000
sample,fixed_single,graph,1023,1023,119,383,1.939455986,1.948400000,0.039500000,0.007800000
sample,fixed_single,ordinary,1023,1023,119,383,2.128895998,2.136200000,0.703800000,0.000000000
sample,fixed_single,graph_fixed_diagnostic,1023,1023,119,383,1.930240035,1.938500000,0.034300000,0.000000000
sample,fixed_single,ordinary,1023,1023,120,383,2.166784048,2.174700000,0.688400000,0.000000000
sample,fixed_single,graph,1023,1023,120,383,1.937407970,1.945900000,0.041200000,0.006000000
sample,fixed_single,graph_fixed_diagnostic,1023,1023,120,383,1.932288051,1.940500000,0.031800000,0.000000000
sample,fixed_single,graph,1023,1023,121,383,1.949695945,1.967800000,0.055400000,0.013800000
sample,fixed_single,ordinary,1023,1023,121,383,2.177023888,2.189800000,1.645900000,0.000000000
sample,fixed_single,graph_fixed_diagnostic,1023,1023,121,383,1.933312058,1.944700000,0.044300000,0.000000000
sample,fixed_single,ordinary,1023,1023,122,383,2.179071903,2.189700000,1.039400000,0.000000000
sample,fixed_single,graph,1023,1023,122,383,1.947648048,1.956400000,0.053700000,0.011400000
sample,fixed_single,graph_fixed_diagnostic,1023,1023,122,383,1.931264043,1.940100000,0.036200000,0.000000000
sample,fixed_single,graph,1023,1023,123,383,1.937407970,1.947300000,0.043800000,0.005500000
sample,fixed_single,ordinary,1023,1023,123,383,2.174976110,2.185100000,1.025500000,0.000000000
sample,fixed_single,graph_fixed_diagnostic,1023,1023,123,383,1.934335947,1.955800000,0.041400000,0.000000000
sample,fixed_single,ordinary,1023,1023,124,383,2.220031977,2.233000000,0.737700000,0.000000000
sample,fixed_single,graph,1023,1023,124,383,1.956863999,1.965200000,0.062700000,0.017400000
sample,fixed_single,graph_fixed_diagnostic,1023,1023,124,383,1.932288051,1.941400000,0.037300000,0.000000000
sample,fixed_single,graph,1023,1023,125,383,1.936383963,1.945900000,0.045100000,0.005400000
sample,fixed_single,ordinary,1023,1023,125,383,2.172928095,2.181900000,0.579800000,0.000000000
sample,fixed_single,graph_fixed_diagnostic,1023,1023,125,383,1.934335947,1.943300000,0.040200000,0.000000000
sample,fixed_single,ordinary,1023,1023,126,383,2.197504044,2.206900000,0.665000000,0.000000000
sample,fixed_single,graph,1023,1023,126,383,1.944576025,1.955900000,0.053000000,0.011300000
sample,fixed_single,graph_fixed_diagnostic,1023,1023,126,383,1.932288051,1.942000000,0.037100000,0.000000000
sample,fixed_single,graph,1023,1023,127,383,1.937407970,1.946200000,0.043400000,0.005500000
sample,fixed_single,ordinary,1023,1023,127,383,2.165760040,2.174900000,1.014700000,0.000000000
sample,fixed_single,graph_fixed_diagnostic,1023,1023,127,383,1.929216027,1.937200000,0.032700000,0.000000000
sample,fixed_single,ordinary,1023,1023,128,383,2.125823975,2.134000000,0.680100000,0.000000000
sample,fixed_single,graph,1023,1023,128,383,1.938431978,1.945700000,0.040800000,0.006000000
sample,fixed_single,graph_fixed_diagnostic,1023,1023,128,383,1.931264043,1.939300000,0.032500000,0.000000000
sample,fixed_single,graph,1023,1023,129,383,1.943552017,1.955300000,0.063000000,0.007200000
sample,fixed_single,ordinary,1023,1023,129,383,2.130944014,2.138300000,0.554500000,0.000000000
sample,fixed_single,graph_fixed_diagnostic,1023,1023,129,383,1.931264043,1.939400000,0.035100000,0.000000000
sample,fixed_single,ordinary,1023,1023,130,383,2.170880079,2.179000000,0.683000000,0.000000000
sample,fixed_single,graph,1023,1023,130,383,1.937407970,1.944800000,0.041800000,0.006300000
sample,fixed_single,graph_fixed_diagnostic,1023,1023,130,383,1.932255983,1.939800000,0.034400000,0.000000000
sample,fixed_single,graph,1023,1023,131,383,1.938431978,1.946700000,0.037000000,0.006100000
sample,fixed_single,ordinary,1023,1023,131,383,2.173952103,2.182300000,0.884000000,0.000000000
sample,fixed_single,graph_fixed_diagnostic,1023,1023,131,383,1.938431978,1.948700000,0.045300000,0.000000000
sample,fixed_single,ordinary,1023,1023,132,383,2.178047895,2.187200000,0.933900000,0.000000000
sample,fixed_single,graph,1023,1023,132,383,1.941504002,1.950100000,0.046500000,0.008700000
sample,fixed_single,graph_fixed_diagnostic,1023,1023,132,383,1.932288051,1.941300000,0.036300000,0.000000000
sample,fixed_single,graph,1023,1023,133,383,1.938431978,1.948300000,0.043700000,0.005300000
sample,fixed_single,ordinary,1023,1023,133,383,2.212863922,2.223000000,0.716900000,0.000000000
sample,fixed_single,graph_fixed_diagnostic,1023,1023,133,383,1.932288051,1.941900000,0.038500000,0.000000000
sample,fixed_single,ordinary,1023,1023,134,383,2.176000118,2.185900000,0.862500000,0.000000000
sample,fixed_single,graph,1023,1023,134,383,1.939455986,1.949200000,0.042500000,0.007100000
sample,fixed_single,graph_fixed_diagnostic,1023,1023,134,383,1.930240035,1.939800000,0.035900000,0.000000000
sample,fixed_single,graph,1023,1023,135,383,1.936383963,1.946000000,0.042500000,0.005400000
sample,fixed_single,ordinary,1023,1023,135,383,2.172928095,2.181300000,1.012400000,0.000000000
sample,fixed_single,graph_fixed_diagnostic,1023,1023,135,383,1.931264043,1.939900000,0.032500000,0.000000000
sample,fixed_single,ordinary,1023,1023,136,383,2.126847982,2.134900000,0.634700000,0.000000000
sample,fixed_single,graph,1023,1023,136,383,1.937407970,1.945200000,0.039000000,0.005600000
sample,fixed_single,graph_fixed_diagnostic,1023,1023,136,383,1.931071997,1.938400000,0.029800000,0.000000000
sample,fixed_single,graph,1023,1023,137,383,1.936383963,1.944200000,0.038400000,0.005600000
sample,fixed_single,ordinary,1023,1023,137,383,2.128895998,2.136500000,0.674600000,0.000000000
sample,fixed_single,graph_fixed_diagnostic,1023,1023,137,383,1.932288051,1.940100000,0.033800000,0.000000000
sample,fixed_single,ordinary,1023,1023,138,383,2.127808094,2.135300000,0.675600000,0.000000000
sample,fixed_single,graph,1023,1023,138,383,1.940448046,1.947800000,0.038300000,0.005700000
sample,fixed_single,graph_fixed_diagnostic,1023,1023,138,383,1.930240035,1.938100000,0.031800000,0.000000000
sample,fixed_single,graph,1023,1023,139,383,1.937407970,1.944800000,0.038200000,0.005300000
sample,fixed_single,ordinary,1023,1023,139,383,3.135488033,3.143300000,0.592100000,0.000000000
sample,fixed_single,graph_fixed_diagnostic,1023,1023,139,383,1.932288051,1.940200000,0.034400000,0.000000000
sample,fixed_single,ordinary,1023,1023,140,383,2.165760040,2.174000000,0.569100000,0.000000000
sample,fixed_single,graph,1023,1023,140,383,1.940479994,1.950200000,0.050400000,0.008400000
sample,fixed_single,graph_fixed_diagnostic,1023,1023,140,383,1.931264043,1.940400000,0.035500000,0.000000000
sample,fixed_single,graph,1023,1023,141,383,1.936383963,1.945800000,0.040700000,0.005300000
sample,fixed_single,ordinary,1023,1023,141,383,2.200576067,2.209700000,0.890700000,0.000000000
sample,fixed_single,graph_fixed_diagnostic,1023,1023,141,383,1.935359955,1.948400000,0.035700000,0.000000000
sample,fixed_single,ordinary,1023,1023,142,383,2.167808056,2.176800000,0.605100000,0.000000000
sample,fixed_single,graph,1023,1023,142,383,1.948672056,1.959200000,0.056900000,0.016000000
sample,fixed_single,graph_fixed_diagnostic,1023,1023,142,383,1.935359955,1.944900000,0.040400000,0.000000000
sample,fixed_single,graph,1023,1023,143,383,1.937407970,1.947800000,0.044100000,0.006600000
sample,fixed_single,ordinary,1023,1023,143,383,2.178047895,2.187300000,1.031600000,0.000000000
sample,fixed_single,graph_fixed_diagnostic,1023,1023,143,383,1.931264043,1.940800000,0.037600000,0.000000000
sample,fixed_single,ordinary,1023,1023,144,383,2.177023888,2.185900000,0.933600000,0.000000000
sample,fixed_single,graph,1023,1023,144,383,1.952767968,1.968700000,0.060200000,0.011900000
sample,fixed_single,graph_fixed_diagnostic,1023,1023,144,383,1.935359955,1.950600000,0.042000000,0.000000000
sample,fixed_single,graph,1023,1023,145,383,1.943552017,1.953900000,0.051900000,0.010100000
sample,fixed_single,ordinary,1023,1023,145,383,2.193408012,2.202900000,0.630800000,0.000000000
sample,fixed_single,graph_fixed_diagnostic,1023,1023,145,383,1.934335947,1.941900000,0.034400000,0.000000000
sample,fixed_single,ordinary,1023,1023,146,383,2.130944014,2.138800000,0.587100000,0.000000000
sample,fixed_single,graph,1023,1023,146,383,1.938431978,1.945900000,0.041500000,0.006000000
sample,fixed_single,graph_fixed_diagnostic,1023,1023,146,383,1.931264043,1.939000000,0.032500000,0.000000000
sample,fixed_single,graph,1023,1023,147,383,1.954815984,1.965100000,0.071000000,0.010400000
sample,fixed_single,ordinary,1023,1023,147,383,2.188287973,2.197300000,0.782400000,0.000000000
sample,fixed_single,graph_fixed_diagnostic,1023,1023,147,383,1.934335947,1.944000000,0.047200000,0.000000000
sample,fixed_single,ordinary,1023,1023,148,383,2.191359997,2.201100000,0.786400000,0.000000000
sample,fixed_single,graph,1023,1023,148,383,1.945600033,1.956500000,0.053800000,0.009700000
sample,fixed_single,graph_fixed_diagnostic,1023,1023,148,383,1.933312058,1.943700000,0.037300000,0.000000000
sample,fixed_single,graph,1023,1023,149,383,1.940479994,1.948400000,0.042100000,0.006300000
sample,fixed_single,ordinary,1023,1023,149,383,2.130944014,2.138400000,0.593300000,0.000000000
sample,fixed_single,graph_fixed_diagnostic,1023,1023,149,383,1.933312058,1.940900000,0.034400000,0.000000000
sample,fixed_single,ordinary,1023,1023,150,383,2.127871990,2.135200000,0.684900000,0.000000000
sample,fixed_single,graph,1023,1023,150,383,1.936383963,1.945300000,0.038000000,0.006200000
sample,fixed_single,graph_fixed_diagnostic,1023,1023,150,383,1.930240035,1.939300000,0.032100000,0.000000000
sample,fixed_single,graph,1023,1023,151,383,1.936383963,1.945300000,0.042800000,0.005300000
sample,fixed_single,ordinary,1023,1023,151,383,2.178047895,2.187400000,0.975900000,0.000000000
sample,fixed_single,graph_fixed_diagnostic,1023,1023,151,383,1.934335947,1.943500000,0.037400000,0.000000000
sample,fixed_single,ordinary,1023,1023,152,383,2.177023888,2.186800000,1.016200000,0.000000000
sample,fixed_single,graph,1023,1023,152,383,1.940479994,1.948500000,0.043100000,0.005700000
sample,fixed_single,graph_fixed_diagnostic,1023,1023,152,383,1.929216027,1.937100000,0.031500000,0.000000000
sample,fixed_single,graph,1023,1023,153,383,1.935359955,1.943200000,0.038700000,0.005400000
sample,fixed_single,ordinary,1023,1023,153,383,2.129920006,2.137100000,0.684500000,0.000000000
sample,fixed_single,graph_fixed_diagnostic,1023,1023,153,383,1.932288051,1.939400000,0.033900000,0.000000000
sample,fixed_single,ordinary,1023,1023,154,383,2.126847982,2.134500000,0.674200000,0.000000000
sample,fixed_single,graph,1023,1023,154,383,1.936383963,1.944400000,0.038100000,0.005600000
sample,fixed_single,graph_fixed_diagnostic,1023,1023,154,383,1.934208035,1.946700000,0.034800000,0.000000000
sample,fixed_single,graph,1023,1023,155,383,2.056191921,2.082700000,0.350500000,0.062400000
sample,fixed_single,ordinary,1023,1023,155,383,2.323456049,2.331400000,1.136900000,0.000000000
sample,fixed_single,graph_fixed_diagnostic,1023,1023,155,383,1.935359955,1.944200000,0.039800000,0.000000000
sample,fixed_single,ordinary,1023,1023,156,383,2.176000118,2.185300000,0.885200000,0.000000000
sample,fixed_single,graph,1023,1023,156,383,1.940479994,1.949900000,0.048500000,0.007900000
sample,fixed_single,graph_fixed_diagnostic,1023,1023,156,383,1.931264043,1.940800000,0.041100000,0.000000000
sample,fixed_single,graph,1023,1023,157,383,1.938431978,1.947500000,0.043500000,0.005300000
sample,fixed_single,ordinary,1023,1023,157,383,2.174976110,2.185500000,0.665800000,0.000000000
sample,fixed_single,graph_fixed_diagnostic,1023,1023,157,383,1.932288051,1.942300000,0.041700000,0.000000000
sample,fixed_single,ordinary,1023,1023,158,383,2.176000118,2.185600000,0.986500000,0.000000000
sample,fixed_single,graph,1023,1023,158,383,1.939455986,1.948700000,0.045300000,0.006000000
sample,fixed_single,graph_fixed_diagnostic,1023,1023,158,383,1.933312058,1.942700000,0.035800000,0.000000000
sample,fixed_single,graph,1023,1023,159,383,1.936383963,1.945800000,0.043400000,0.005500000
sample,fixed_single,ordinary,1023,1023,159,383,2.161664009,2.170900000,0.834800000,0.000000000
sample,fixed_single,graph_fixed_diagnostic,1023,1023,159,383,1.929216027,1.937800000,0.034000000,0.000000000
sample,fixed_single,ordinary,1023,1023,160,383,2.130944014,2.140800000,0.567700000,0.000000000
sample,fixed_single,graph,1023,1023,160,383,1.947648048,1.959700000,0.061000000,0.012500000
sample,fixed_single,graph_fixed_diagnostic,1023,1023,160,383,1.930240035,1.939300000,0.032000000,0.000000000
sample,fixed_single,graph,1023,1023,161,383,1.937407970,1.945900000,0.041600000,0.005700000
sample,fixed_single,ordinary,1023,1023,161,383,2.179071903,2.189300000,0.899300000,0.000000000
sample,fixed_single,graph_fixed_diagnostic,1023,1023,161,383,1.934335947,1.944000000,0.038000000,0.000000000
sample,fixed_single,ordinary,1023,1023,162,383,2.180095911,2.189400000,1.024000000,0.000000000
sample,fixed_single,graph,1023,1023,162,383,1.940479994,1.950000000,0.043800000,0.007200000
sample,fixed_single,graph_fixed_diagnostic,1023,1023,162,383,1.938431978,1.955900000,0.069300000,0.000000000
sample,fixed_single,graph,1023,1023,163,383,1.947648048,1.957900000,0.054400000,0.014200000
sample,fixed_single,ordinary,1023,1023,163,383,2.321408033,2.330400000,1.018000000,0.000000000
sample,fixed_single,graph_fixed_diagnostic,1023,1023,163,383,1.932288051,1.941000000,0.038700000,0.000000000
sample,fixed_single,ordinary,1023,1023,164,383,2.174976110,2.183900000,1.014000000,0.000000000
sample,fixed_single,graph,1023,1023,164,383,1.936383963,1.946700000,0.046200000,0.005800000
sample,fixed_single,graph_fixed_diagnostic,1023,1023,164,383,1.933312058,1.941800000,0.036400000,0.000000000
sample,fixed_single,graph,1023,1023,165,383,1.939455986,1.948400000,0.049800000,0.005800000
sample,fixed_single,ordinary,1023,1023,165,383,2.172928095,2.181400000,0.696100000,0.000000000
sample,fixed_single,graph_fixed_diagnostic,1023,1023,165,383,1.932288051,1.939500000,0.035100000,0.000000000
sample,fixed_single,ordinary,1023,1023,166,383,2.128895998,2.136600000,0.541000000,0.000000000
sample,fixed_single,graph,1023,1023,166,383,1.938431978,1.945900000,0.041200000,0.006200000
sample,fixed_single,graph_fixed_diagnostic,1023,1023,166,383,1.930240035,1.938400000,0.032500000,0.000000000
sample,fixed_single,graph,1023,1023,167,383,1.936383963,1.944900000,0.039200000,0.005500000
sample,fixed_single,ordinary,1023,1023,167,383,2.130912066,2.138100000,0.577900000,0.000000000
sample,fixed_single,graph_fixed_diagnostic,1023,1023,167,383,1.932288051,1.940400000,0.034800000,0.000000000
sample,fixed_single,ordinary,1023,1023,168,383,2.172928095,2.181800000,0.548900000,0.000000000
sample,fixed_single,graph,1023,1023,168,383,1.938431978,1.948000000,0.041500000,0.006500000
sample,fixed_single,graph_fixed_diagnostic,1023,1023,168,383,1.933312058,1.942200000,0.036400000,0.000000000
sample,fixed_single,graph,1023,1023,169,383,1.936383963,1.944900000,0.041100000,0.005500000
sample,fixed_single,ordinary,1023,1023,169,383,2.136064053,2.144800000,0.568900000,0.000000000
sample,fixed_single,graph_fixed_diagnostic,1023,1023,169,383,1.931264043,1.938700000,0.032900000,0.000000000
sample,fixed_single,ordinary,1023,1023,170,383,2.121855974,2.129800000,0.585900000,0.000000000
sample,fixed_single,graph,1023,1023,170,383,1.935359955,1.943800000,0.039000000,0.006200000
sample,fixed_single,graph_fixed_diagnostic,1023,1023,170,383,1.959872007,1.985200000,0.224400000,0.000000000
sample,fixed_single,graph,1023,1023,171,383,1.937407970,1.944800000,0.035300000,0.005500000
sample,fixed_single,ordinary,1023,1023,171,383,2.131968021,2.139700000,0.490300000,0.000000000
sample,fixed_single,graph_fixed_diagnostic,1023,1023,171,383,1.934335947,1.941900000,0.034100000,0.000000000
sample,fixed_single,ordinary,1023,1023,172,383,2.129920006,2.137400000,0.585800000,0.000000000
sample,fixed_single,graph,1023,1023,172,383,1.939455986,1.947300000,0.037100000,0.005700000
sample,fixed_single,graph_fixed_diagnostic,1023,1023,172,383,1.931264043,1.939900000,0.032400000,0.000000000
sample,fixed_single,graph,1023,1023,173,383,1.952767968,1.964900000,0.051600000,0.008200000
sample,fixed_single,ordinary,1023,1023,173,383,2.162688017,2.170000000,0.585000000,0.000000000
sample,fixed_single,graph_fixed_diagnostic,1023,1023,173,383,1.930240035,1.938800000,0.034900000,0.000000000
sample,fixed_single,ordinary,1023,1023,174,383,2.123775959,2.132200000,0.539600000,0.000000000
sample,fixed_single,graph,1023,1023,174,383,1.938336015,1.945700000,0.041500000,0.006200000
sample,fixed_single,graph_fixed_diagnostic,1023,1023,174,383,1.932288051,1.940500000,0.032700000,0.000000000
sample,fixed_single,graph,1023,1023,175,383,1.938431978,1.946000000,0.039400000,0.005300000
sample,fixed_single,ordinary,1023,1023,175,383,2.129920006,2.137300000,0.538500000,0.000000000
sample,fixed_single,graph_fixed_diagnostic,1023,1023,175,383,1.932288051,1.942100000,0.034100000,0.000000000
sample,fixed_single,ordinary,1023,1023,176,383,2.176000118,2.185600000,0.650500000,0.000000000
sample,fixed_single,graph,1023,1023,176,383,1.937407970,1.947400000,0.043300000,0.006700000
sample,fixed_single,graph_fixed_diagnostic,1023,1023,176,383,1.931264043,1.940800000,0.035600000,0.000000000
sample,fixed_single,graph,1023,1023,177,383,1.937407970,1.946000000,0.045600000,0.005500000
sample,fixed_single,ordinary,1023,1023,177,383,2.126847982,2.135000000,0.692400000,0.000000000
sample,fixed_single,graph_fixed_diagnostic,1023,1023,177,383,1.929216027,1.937400000,0.034200000,0.000000000
sample,fixed_single,ordinary,1023,1023,178,383,2.118655920,2.126500000,0.730300000,0.000000000
sample,fixed_single,graph,1023,1023,178,383,1.939455986,1.947100000,0.038200000,0.006100000
sample,fixed_single,graph_fixed_diagnostic,1023,1023,178,383,1.932288051,1.941200000,0.029400000,0.000000000
sample,fixed_single,graph,1023,1023,179,383,1.937407970,1.946300000,0.042400000,0.005600000
sample,fixed_single,ordinary,1023,1023,179,383,2.244607925,2.253200000,0.935100000,0.000000000
sample,fixed_single,graph_fixed_diagnostic,1023,1023,179,383,1.935359955,1.944800000,0.038000000,0.000000000
sample,fixed_single,ordinary,1023,1023,180,383,2.176000118,2.184900000,0.869900000,0.000000000
sample,fixed_single,graph,1023,1023,180,383,1.938431978,1.946700000,0.042800000,0.005700000
sample,fixed_single,graph_fixed_diagnostic,1023,1023,180,383,1.936383963,1.946000000,0.053000000,0.000000000
sample,fixed_single,graph,1023,1023,181,383,1.942432046,1.949500000,0.041800000,0.007400000
sample,fixed_single,ordinary,1023,1023,181,383,2.130944014,2.139200000,0.720000000,0.000000000
sample,fixed_single,graph_fixed_diagnostic,1023,1023,181,383,1.933248043,1.940400000,0.034200000,0.000000000
sample,fixed_single,ordinary,1023,1023,182,383,2.128895998,2.136300000,0.583900000,0.000000000
sample,fixed_single,graph,1023,1023,182,383,1.938431978,1.946700000,0.041100000,0.006200000
sample,fixed_single,graph_fixed_diagnostic,1023,1023,182,383,1.931264043,1.939900000,0.035700000,0.000000000
sample,fixed_single,graph,1023,1023,183,383,1.937407970,1.946000000,0.042800000,0.005300000
sample,fixed_single,ordinary,1023,1023,183,383,2.174976110,2.185900000,1.026100000,0.000000000
sample,fixed_single,graph_fixed_diagnostic,1023,1023,183,383,1.932288051,1.940900000,0.037800000,0.000000000
sample,fixed_single,ordinary,1023,1023,184,383,2.165760040,2.173700000,0.508100000,0.000000000
sample,fixed_single,graph,1023,1023,184,383,1.937407970,1.945200000,0.036700000,0.005700000
sample,fixed_single,graph_fixed_diagnostic,1023,1023,184,383,1.932288051,1.940300000,0.031900000,0.000000000
sample,fixed_single,graph,1023,1023,185,383,1.935359955,1.942700000,0.038600000,0.005300000
sample,fixed_single,ordinary,1023,1023,185,383,2.127871990,2.135700000,0.545700000,0.000000000
sample,fixed_single,graph_fixed_diagnostic,1023,1023,185,383,1.931264043,1.940100000,0.034200000,0.000000000
sample,fixed_single,ordinary,1023,1023,186,383,3.076096058,3.088500000,0.682100000,0.000000000
sample,fixed_single,graph,1023,1023,186,383,1.941504002,1.948800000,0.045100000,0.008800000
sample,fixed_single,graph_fixed_diagnostic,1023,1023,186,383,1.930240035,1.937700000,0.031000000,0.000000000
sample,fixed_single,graph,1023,1023,187,383,1.937407970,1.945500000,0.038800000,0.005600000
sample,fixed_single,ordinary,1023,1023,187,383,2.127871990,2.135200000,0.577900000,0.000000000
sample,fixed_single,graph_fixed_diagnostic,1023,1023,187,383,1.932288051,1.939900000,0.034700000,0.000000000
sample,fixed_single,ordinary,1023,1023,188,383,2.130944014,2.138400000,0.559600000,0.000000000
sample,fixed_single,graph,1023,1023,188,383,1.937407970,1.946100000,0.037400000,0.005700000
sample,fixed_single,graph_fixed_diagnostic,1023,1023,188,383,1.936383963,1.950400000,0.036400000,0.000000000
sample,fixed_single,graph,1023,1023,189,383,1.947648048,1.956800000,0.052900000,0.013100000
sample,fixed_single,ordinary,1023,1023,189,383,2.269184113,2.279000000,1.073100000,0.000000000
sample,fixed_single,graph_fixed_diagnostic,1023,1023,189,383,1.930240035,1.940100000,0.039800000,0.000000000
sample,fixed_single,ordinary,1023,1023,190,383,2.239487886,2.247900000,1.017000000,0.000000000
sample,fixed_single,graph,1023,1023,190,383,1.940479994,1.949400000,0.044000000,0.007300000
sample,fixed_single,graph_fixed_diagnostic,1023,1023,190,383,1.930240035,1.940300000,0.036400000,0.000000000
sample,fixed_single,graph,1023,1023,191,383,1.941504002,1.951100000,0.044500000,0.006500000
sample,fixed_single,ordinary,1023,1023,191,383,2.179071903,2.188300000,1.022800000,0.000000000
sample,fixed_single,graph_fixed_diagnostic,1023,1023,191,383,1.931264043,1.941400000,0.038100000,0.000000000
sample,fixed_single,ordinary,1023,1023,192,383,2.228224039,2.236800000,0.890000000,0.000000000
sample,fixed_single,graph,1023,1023,192,383,1.938431978,1.947500000,0.043200000,0.006300000
sample,fixed_single,graph_fixed_diagnostic,1023,1023,192,383,1.930240035,1.939000000,0.035300000,0.000000000
sample,fixed_single,graph,1023,1023,193,383,1.934335947,1.943200000,0.038000000,0.005200000
sample,fixed_single,ordinary,1023,1023,193,383,2.126816034,2.135600000,0.689000000,0.000000000
sample,fixed_single,graph_fixed_diagnostic,1023,1023,193,383,1.938431978,1.956700000,0.049100000,0.000000000
sample,fixed_single,ordinary,1023,1023,194,383,2.197504044,2.207900000,0.722700000,0.000000000
sample,fixed_single,graph,1023,1023,194,383,1.947648048,1.957200000,0.077300000,0.012800000
sample,fixed_single,graph_fixed_diagnostic,1023,1023,194,383,1.930240035,1.939600000,0.036100000,0.000000000
sample,fixed_single,graph,1023,1023,195,383,1.936383963,1.945400000,0.042800000,0.005700000
sample,fixed_single,ordinary,1023,1023,195,383,2.189311981,2.197800000,0.675300000,0.000000000
sample,fixed_single,graph_fixed_diagnostic,1023,1023,195,383,1.934335947,1.943400000,0.041600000,0.000000000
sample,fixed_single,ordinary,1023,1023,196,383,2.171904087,2.181700000,0.954500000,0.000000000
sample,fixed_single,graph,1023,1023,196,383,1.946624041,1.959200000,0.058700000,0.011300000
sample,fixed_single,graph_fixed_diagnostic,1023,1023,196,383,1.932288051,1.942700000,0.036400000,0.000000000
sample,fixed_single,graph,1023,1023,197,383,1.938431978,1.947000000,0.043100000,0.006100000
sample,fixed_single,ordinary,1023,1023,197,383,2.184191942,2.192900000,0.994900000,0.000000000
sample,fixed_single,graph_fixed_diagnostic,1023,1023,197,383,1.931264043,1.940400000,0.038000000,0.000000000
sample,fixed_single,ordinary,1023,1023,198,383,2.177023888,2.185400000,0.885600000,0.000000000
sample,fixed_single,graph,1023,1023,198,383,1.937407970,1.945700000,0.040900000,0.006000000
sample,fixed_single,graph_fixed_diagnostic,1023,1023,198,383,1.931264043,1.939200000,0.032500000,0.000000000
sample,fixed_single,graph,1023,1023,199,383,1.942495942,1.954100000,0.053300000,0.008300000
sample,fixed_single,ordinary,1023,1023,199,383,2.145279884,2.152000000,0.553800000,0.000000000
sample,fixed_single,graph_fixed_diagnostic,1023,1023,199,383,1.931264043,1.939100000,0.034500000,0.000000000
sample,fixed_single,ordinary,1023,1023,200,383,2.126847982,2.134300000,0.654500000,0.000000000
sample,fixed_single,graph,1023,1023,200,383,1.935359955,1.943900000,0.041000000,0.006000000
sample,fixed_single,graph_fixed_diagnostic,1023,1023,200,383,1.931231976,1.938800000,0.031800000,0.000000000
sample,fixed_single,graph,1023,1023,201,383,1.936383963,1.943500000,0.038500000,0.005500000
sample,fixed_single,ordinary,1023,1023,201,383,2.117631912,2.127200000,0.689100000,0.000000000
sample,fixed_single,graph_fixed_diagnostic,1023,1023,201,383,1.966879964,1.996400000,0.272300000,0.000000000
sample,fixed_single,ordinary,1023,1023,202,383,2.140160084,2.147900000,0.701500000,0.000000000
sample,fixed_single,graph,1023,1023,202,383,1.942528009,1.950800000,0.060900000,0.009600000
sample,fixed_single,graph_fixed_diagnostic,1023,1023,202,383,1.932288051,1.941700000,0.037600000,0.000000000
sample,fixed_single,graph,1023,1023,203,383,1.936383963,1.946100000,0.042200000,0.005500000
sample,fixed_single,ordinary,1023,1023,203,383,2.173952103,2.183400000,0.983900000,0.000000000
sample,fixed_single,graph_fixed_diagnostic,1023,1023,203,383,1.933312058,1.943200000,0.034000000,0.000000000
sample,fixed_single,ordinary,1023,1023,204,383,2.174976110,2.185100000,0.992300000,0.000000000
sample,fixed_single,graph,1023,1023,204,383,1.939455986,1.947300000,0.041500000,0.009000000
sample,fixed_single,graph_fixed_diagnostic,1023,1023,204,383,1.933312058,1.941700000,0.031800000,0.000000000
sample,fixed_single,graph,1023,1023,205,383,1.936383963,1.944400000,0.038500000,0.005300000
sample,fixed_single,ordinary,1023,1023,205,383,2.126847982,2.134600000,0.679400000,0.000000000
sample,fixed_single,graph_fixed_diagnostic,1023,1023,205,383,1.929216027,1.937700000,0.034400000,0.000000000
sample,fixed_single,ordinary,1023,1023,206,383,2.128895998,2.136800000,0.681400000,0.000000000
sample,fixed_single,graph,1023,1023,206,383,1.936383963,1.944600000,0.038700000,0.005600000
sample,fixed_single,graph_fixed_diagnostic,1023,1023,206,383,1.934335947,1.942900000,0.036000000,0.000000000
sample,fixed_single,graph,1023,1023,207,383,1.940479994,1.948600000,0.041900000,0.008600000
sample,fixed_single,ordinary,1023,1023,207,383,2.125760078,2.134200000,0.658600000,0.000000000
sample,fixed_single,graph_fixed_diagnostic,1023,1023,207,383,1.933312058,1.942600000,0.038200000,0.000000000
sample,fixed_single,ordinary,1023,1023,208,383,2.177023888,2.186600000,1.002500000,0.000000000
sample,fixed_single,graph,1023,1023,208,383,1.941504002,1.951300000,0.050200000,0.011000000
sample,fixed_single,graph_fixed_diagnostic,1023,1023,208,383,1.931264043,1.940800000,0.035600000,0.000000000
sample,fixed_single,graph,1023,1023,209,383,1.937407970,1.946000000,0.042600000,0.005400000
sample,fixed_single,ordinary,1023,1023,209,383,2.141184092,2.149800000,0.587700000,0.000000000
sample,fixed_single,graph_fixed_diagnostic,1023,1023,209,383,1.935359955,1.943300000,0.035600000,0.000000000
sample,fixed_single,ordinary,1023,1023,210,383,2.272255898,2.281500000,0.781000000,0.000000000
sample,fixed_single,graph,1023,1023,210,383,1.942528009,1.951800000,0.049800000,0.009600000
sample,fixed_single,graph_fixed_diagnostic,1023,1023,210,383,1.930240035,1.939400000,0.035800000,0.000000000
sample,fixed_single,graph,1023,1023,211,383,1.935359955,1.945200000,0.042900000,0.005500000
sample,fixed_single,ordinary,1023,1023,211,383,2.177023888,2.185900000,1.018500000,0.000000000
sample,fixed_single,graph_fixed_diagnostic,1023,1023,211,383,1.931264043,1.940200000,0.037700000,0.000000000
sample,fixed_single,ordinary,1023,1023,212,383,2.127871990,2.136200000,0.581200000,0.000000000
sample,fixed_single,graph,1023,1023,212,383,1.938431978,1.946900000,0.041000000,0.005800000
sample,fixed_single,graph_fixed_diagnostic,1023,1023,212,383,1.934335947,1.943800000,0.035600000,0.000000000
sample,fixed_single,graph,1023,1023,213,383,1.936383963,1.945800000,0.042300000,0.005300000
sample,fixed_single,ordinary,1023,1023,213,383,2.171904087,2.180700000,1.007600000,0.000000000
sample,fixed_single,graph_fixed_diagnostic,1023,1023,213,383,1.933312058,1.942900000,0.037400000,0.000000000
sample,fixed_single,ordinary,1023,1023,214,383,2.173952103,2.183600000,0.734100000,0.000000000
sample,fixed_single,graph,1023,1023,214,383,1.937407970,1.946300000,0.043400000,0.005800000
sample,fixed_single,graph_fixed_diagnostic,1023,1023,214,383,1.932288051,1.940600000,0.031900000,0.000000000
sample,fixed_single,graph,1023,1023,215,383,1.934335947,1.942700000,0.038300000,0.005400000
sample,fixed_single,ordinary,1023,1023,215,383,2.131968021,2.139600000,0.605700000,0.000000000
sample,fixed_single,graph_fixed_diagnostic,1023,1023,215,383,1.931231976,1.938700000,0.033000000,0.000000000
sample,fixed_single,ordinary,1023,1023,216,383,2.125823975,2.133900000,0.649600000,0.000000000
sample,fixed_single,graph,1023,1023,216,383,1.939327955,1.947400000,0.039600000,0.005600000
sample,fixed_single,graph_fixed_diagnostic,1023,1023,216,383,1.932288051,1.939900000,0.031900000,0.000000000
sample,fixed_single,graph,1023,1023,217,383,1.936287999,1.946000000,0.055200000,0.005300000
sample,fixed_single,ordinary,1023,1023,217,383,3.125247955,3.156700000,1.830700000,0.000000000
sample,fixed_single,graph_fixed_diagnostic,1023,1023,217,383,1.933312058,1.941400000,0.035300000,0.000000000
sample,fixed_single,ordinary,1023,1023,218,383,2.127871990,2.135900000,0.681800000,0.000000000
sample,fixed_single,graph,1023,1023,218,383,1.939455986,1.948400000,0.040500000,0.008400000
sample,fixed_single,graph_fixed_diagnostic,1023,1023,218,383,1.932288051,1.940500000,0.036000000,0.000000000
sample,fixed_single,graph,1023,1023,219,383,1.937407970,1.946300000,0.042400000,0.005400000
sample,fixed_single,ordinary,1023,1023,219,383,2.174976110,2.184800000,0.915300000,0.000000000
sample,fixed_single,graph_fixed_diagnostic,1023,1023,219,383,1.934335947,1.944300000,0.040500000,0.000000000
sample,fixed_single,ordinary,1023,1023,220,383,2.222079992,2.230700000,0.796700000,0.000000000
sample,fixed_single,graph,1023,1023,220,383,1.937407970,1.945400000,0.038800000,0.007300000
sample,fixed_single,graph_fixed_diagnostic,1023,1023,220,383,1.931264043,1.944500000,0.032000000,0.000000000
sample,fixed_single,graph,1023,1023,221,383,1.938431978,1.946900000,0.039200000,0.006300000
sample,fixed_single,ordinary,1023,1023,221,383,2.143232107,2.151700000,0.697400000,0.000000000
sample,fixed_single,graph_fixed_diagnostic,1023,1023,221,383,1.931264043,1.939800000,0.034800000,0.000000000
sample,fixed_single,ordinary,1023,1023,222,383,2.130944014,2.137800000,0.593200000,0.000000000
sample,fixed_single,graph,1023,1023,222,383,1.937407970,1.945800000,0.038100000,0.006000000
sample,fixed_single,graph_fixed_diagnostic,1023,1023,222,383,1.931264043,1.939100000,0.031700000,0.000000000
sample,fixed_single,graph,1023,1023,223,383,1.937407970,1.944400000,0.038800000,0.005300000
sample,fixed_single,ordinary,1023,1023,223,383,2.128895998,2.135900000,0.586400000,0.000000000
sample,fixed_single,graph_fixed_diagnostic,1023,1023,223,383,1.931264043,1.939100000,0.037100000,0.000000000
sample,fixed_single,ordinary,1023,1023,224,383,2.127871990,2.135400000,0.689000000,0.000000000
sample,fixed_single,graph,1023,1023,224,383,1.937407970,1.945800000,0.039200000,0.005600000
sample,fixed_single,graph_fixed_diagnostic,1023,1023,224,383,1.931264043,1.941800000,0.039500000,0.000000000
sample,fixed_single,graph,1023,1023,225,383,1.938336015,1.946600000,0.036600000,0.006400000
sample,fixed_single,ordinary,1023,1023,225,383,2.169856071,2.178300000,0.753900000,0.000000000
sample,fixed_single,graph_fixed_diagnostic,1023,1023,225,383,1.933312058,1.942000000,0.038000000,0.000000000
sample,fixed_single,ordinary,1023,1023,226,383,2.173952103,2.183500000,0.719200000,0.000000000
sample,fixed_single,graph,1023,1023,226,383,1.939455986,1.947800000,0.049200000,0.006200000
sample,fixed_single,graph_fixed_diagnostic,1023,1023,226,383,1.932288051,1.941000000,0.035700000,0.000000000
sample,fixed_single,graph,1023,1023,227,383,1.934335947,1.944300000,0.042600000,0.005400000
sample,fixed_single,ordinary,1023,1023,227,383,2.173952103,2.184500000,1.042800000,0.000000000
sample,fixed_single,graph_fixed_diagnostic,1023,1023,227,383,1.935359955,1.946500000,0.040600000,0.000000000
sample,fixed_single,ordinary,1023,1023,228,383,2.264064074,2.276400000,0.770500000,0.000000000
sample,fixed_single,graph,1023,1023,228,383,1.942528009,1.952700000,0.051100000,0.009900000
sample,fixed_single,graph_fixed_diagnostic,1023,1023,228,383,1.930240035,1.938400000,0.032400000,0.000000000
sample,fixed_single,graph,1023,1023,229,383,1.940351963,1.947200000,0.039700000,0.005400000
sample,fixed_single,ordinary,1023,1023,229,383,2.128895998,2.136400000,0.554900000,0.000000000
sample,fixed_single,graph_fixed_diagnostic,1023,1023,229,383,1.930240035,1.938600000,0.032600000,0.000000000
sample,fixed_single,ordinary,1023,1023,230,383,2.172832012,2.180900000,0.586900000,0.000000000
sample,fixed_single,graph,1023,1023,230,383,1.938431978,1.946100000,0.041300000,0.006100000
sample,fixed_single,graph_fixed_diagnostic,1023,1023,230,383,1.930240035,1.938400000,0.032100000,0.000000000
sample,fixed_single,graph,1023,1023,231,383,1.936383963,1.943600000,0.039200000,0.005400000
sample,fixed_single,ordinary,1023,1023,231,383,2.126847982,2.134400000,0.685200000,0.000000000
sample,fixed_single,graph_fixed_diagnostic,1023,1023,231,383,1.930240035,1.938400000,0.034400000,0.000000000
sample,fixed_single,ordinary,1023,1023,232,383,2.126847982,2.135200000,0.740000000,0.000000000
sample,fixed_single,graph,1023,1023,232,383,1.934335947,1.943000000,0.039200000,0.005600000
sample,fixed_single,graph_fixed_diagnostic,1023,1023,232,383,1.934335947,1.942200000,0.166300000,0.000000000
sample,fixed_single,graph,1023,1023,233,383,1.937407970,1.945700000,0.037100000,0.006100000
sample,fixed_single,ordinary,1023,1023,233,383,2.176000118,2.185300000,0.932800000,0.000000000
sample,fixed_single,graph_fixed_diagnostic,1023,1023,233,383,1.931264043,1.940800000,0.034400000,0.000000000
sample,fixed_single,ordinary,1023,1023,234,383,2.172928095,2.182400000,1.038300000,0.000000000
sample,fixed_single,graph,1023,1023,234,383,1.936383963,1.945200000,0.042500000,0.005800000
sample,fixed_single,graph_fixed_diagnostic,1023,1023,234,383,1.930143952,1.937700000,0.031800000,0.000000000
sample,fixed_single,graph,1023,1023,235,383,1.936383963,1.944000000,0.038600000,0.005300000
sample,fixed_single,ordinary,1023,1023,235,383,2.152447939,2.178000000,0.724100000,0.000000000
sample,fixed_single,graph_fixed_diagnostic,1023,1023,235,383,1.935359955,1.945000000,0.043100000,0.000000000
sample,fixed_single,ordinary,1023,1023,236,383,2.243583918,2.252200000,1.093800000,0.000000000
sample,fixed_single,graph,1023,1023,236,383,1.948672056,1.961200000,0.081300000,0.017300000
sample,fixed_single,graph_fixed_diagnostic,1023,1023,236,383,1.931264043,1.940400000,0.038000000,0.000000000
sample,fixed_single,graph,1023,1023,237,383,1.938431978,1.948000000,0.043300000,0.005600000
sample,fixed_single,ordinary,1023,1023,237,383,2.174976110,2.184200000,0.863900000,0.000000000
sample,fixed_single,graph_fixed_diagnostic,1023,1023,237,383,1.934335947,1.943700000,0.038300000,0.000000000
sample,fixed_single,ordinary,1023,1023,238,383,2.171904087,2.181300000,1.036100000,0.000000000
sample,fixed_single,graph,1023,1023,238,383,1.938431978,1.948400000,0.046200000,0.006300000
sample,fixed_single,graph_fixed_diagnostic,1023,1023,238,383,1.931264043,1.940900000,0.036400000,0.000000000
sample,fixed_single,graph,1023,1023,239,383,1.937407970,1.947600000,0.042600000,0.005200000
sample,fixed_single,ordinary,1023,1023,239,383,2.177023888,2.186500000,0.862700000,0.000000000
sample,fixed_single,graph_fixed_diagnostic,1023,1023,239,383,1.932288051,1.941900000,0.038400000,0.000000000
sample,fixed_single,ordinary,1023,1023,240,383,2.145279884,2.154000000,1.005800000,0.000000000
sample,fixed_single,graph,1023,1023,240,383,1.939455986,1.949100000,0.039100000,0.006700000
sample,fixed_single,graph_fixed_diagnostic,1023,1023,240,383,1.935359955,1.945600000,0.035600000,0.000000000
sample,fixed_single,graph,1023,1023,241,383,1.937407970,1.946100000,0.042900000,0.006400000
sample,fixed_single,ordinary,1023,1023,241,383,2.176000118,2.185600000,1.021000000,0.000000000
sample,fixed_single,graph_fixed_diagnostic,1023,1023,241,383,1.931264043,1.940500000,0.037900000,0.000000000
sample,fixed_single,ordinary,1023,1023,242,383,2.209791899,2.218600000,1.079300000,0.000000000
sample,fixed_single,graph,1023,1023,242,383,1.937407970,1.945700000,0.042900000,0.006000000
sample,fixed_single,graph_fixed_diagnostic,1023,1023,242,383,1.934335947,1.943200000,0.035700000,0.000000000
sample,fixed_single,graph,1023,1023,243,383,1.937407970,1.946700000,0.042900000,0.005800000
sample,fixed_single,ordinary,1023,1023,243,383,2.176000118,2.185400000,1.012000000,0.000000000
sample,fixed_single,graph_fixed_diagnostic,1023,1023,243,383,1.931264043,1.939600000,0.037400000,0.000000000
sample,fixed_single,ordinary,1023,1023,244,383,2.173952103,2.184000000,0.862400000,0.000000000
sample,fixed_single,graph,1023,1023,244,383,1.936383963,1.945300000,0.045100000,0.005700000
sample,fixed_single,graph_fixed_diagnostic,1023,1023,244,383,1.931264043,1.938800000,0.031800000,0.000000000
sample,fixed_single,graph,1023,1023,245,383,1.936383963,1.944300000,0.038700000,0.005300000
sample,fixed_single,ordinary,1023,1023,245,383,2.130944014,2.138300000,0.669800000,0.000000000
sample,fixed_single,graph_fixed_diagnostic,1023,1023,245,383,1.933312058,1.941400000,0.033600000,0.000000000
sample,fixed_single,ordinary,1023,1023,246,383,2.131968021,2.138400000,0.547800000,0.000000000
sample,fixed_single,graph,1023,1023,246,383,1.940287948,1.947200000,0.040900000,0.006200000
sample,fixed_single,graph_fixed_diagnostic,1023,1023,246,383,1.932288051,1.939000000,0.032100000,0.000000000
sample,fixed_single,graph,1023,1023,247,383,1.938400030,1.945200000,0.048700000,0.005400000
sample,fixed_single,ordinary,1023,1023,247,383,2.128895998,2.135900000,0.538900000,0.000000000
sample,fixed_single,graph_fixed_diagnostic,1023,1023,247,383,1.931264043,1.939200000,0.034200000,0.000000000
sample,fixed_single,ordinary,1023,1023,248,383,2.117631912,2.128300000,0.631200000,0.000000000
sample,fixed_single,graph,1023,1023,248,383,2.139136076,2.176900000,0.431200000,0.071500000
sample,fixed_single,graph_fixed_diagnostic,1023,1023,248,383,1.934335947,1.942400000,0.036300000,0.000000000
sample,fixed_single,graph,1023,1023,249,383,1.943552017,1.950700000,0.040700000,0.009700000
sample,fixed_single,ordinary,1023,1023,249,383,2.181119919,2.189400000,0.773400000,0.000000000
sample,fixed_single,graph_fixed_diagnostic,1023,1023,249,383,1.934335947,1.942700000,0.040200000,0.000000000
sample,fixed_single,ordinary,1023,1023,250,383,2.197504044,2.206300000,1.032700000,0.000000000
sample,fixed_single,graph,1023,1023,250,383,1.938431978,1.947700000,0.042500000,0.006800000
sample,fixed_single,graph_fixed_diagnostic,1023,1023,250,383,1.934335947,1.943600000,0.039600000,0.000000000
sample,fixed_single,graph,1023,1023,251,383,1.936383963,1.944300000,0.039300000,0.006000000
sample,fixed_single,ordinary,1023,1023,251,383,2.130944014,2.138900000,0.699400000,0.000000000
sample,fixed_single,graph_fixed_diagnostic,1023,1023,251,383,1.931264043,1.939000000,0.033800000,0.000000000
sample,fixed_single,ordinary,1023,1023,252,383,2.129920006,2.137500000,0.715800000,0.000000000
sample,fixed_single,graph,1023,1023,252,383,1.938431978,1.946000000,0.039200000,0.005700000
sample,fixed_single,graph_fixed_diagnostic,1023,1023,252,383,1.929216027,1.937800000,0.032500000,0.000000000
sample,fixed_single,graph,1023,1023,253,383,1.934335947,1.942300000,0.039700000,0.005200000
sample,fixed_single,ordinary,1023,1023,253,383,2.158368111,2.170000000,0.575800000,0.000000000
sample,fixed_single,graph_fixed_diagnostic,1023,1023,253,383,1.934335947,1.945000000,0.039700000,0.000000000
sample,fixed_single,ordinary,1023,1023,254,383,2.143232107,2.151700000,0.583800000,0.000000000
sample,fixed_single,graph,1023,1023,254,383,1.943552017,1.951200000,0.046200000,0.010700000
sample,fixed_single,graph_fixed_diagnostic,1023,1023,254,383,1.932288051,1.940400000,0.032300000,0.000000000
sample,fixed_single,graph,1023,1023,255,383,1.939455986,1.947300000,0.038400000,0.005600000
sample,fixed_single,ordinary,1023,1023,255,383,2.142208099,2.149900000,0.581800000,0.000000000
sample,fixed_single,graph_fixed_diagnostic,1023,1023,255,383,1.932255983,1.941000000,0.038900000,0.000000000
sample,fixed_batch16,ordinary,1023,1023,0,383,2.283391953,2.284775000,1.443981250,0.000000000
sample,fixed_batch16,graph,1023,1023,0,383,1.940544009,1.945775000,0.054600000,0.000000000
sample,fixed_batch16,graph,1023,1023,1,383,1.932543993,1.935543750,0.043825000,0.000000000
sample,fixed_batch16,ordinary,1023,1023,1,383,2.240695953,2.242200000,2.072200000,0.000000000
sample,fixed_batch16,ordinary,1023,1023,2,383,2.184895992,2.186093750,1.774150000,0.000000000
sample,fixed_batch16,graph,1023,1023,2,383,1.931005955,1.932106250,0.030618750,0.000000000
sample,fixed_batch16,graph,1023,1023,3,383,1.930879951,1.932143750,0.035431250,0.000000000
sample,fixed_batch16,ordinary,1023,1023,3,383,2.249664068,2.251181250,1.654925000,0.000000000
sample,fixed_batch16,ordinary,1023,1023,4,383,2.193011999,2.193725000,1.648337500,0.000000000
sample,fixed_batch16,graph,1023,1023,4,383,1.930879951,1.931681250,0.029643750,0.000000000
sample,fixed_batch16,graph,1023,1023,5,383,1.930816054,1.932193750,0.031406250,0.000000000
sample,fixed_batch16,ordinary,1023,1023,5,383,2.175359964,2.176756250,1.253975000,0.000000000
sample,fixed_batch16,ordinary,1023,1023,6,383,2.193023920,2.193937500,1.164512500,0.000000000
sample,fixed_batch16,graph,1023,1023,6,383,1.931264043,1.932237500,0.032312500,0.000000000
sample,fixed_batch16,graph,1023,1023,7,383,1.930688024,1.931543750,0.028637500,0.000000000
sample,fixed_batch16,ordinary,1023,1023,7,383,2.236416101,2.237350000,1.940275000,0.000000000
sample,fixed_batch16,ordinary,1023,1023,8,383,2.153280020,2.154262500,1.801868750,0.000000000
sample,fixed_batch16,graph,1023,1023,8,383,1.931136012,1.932312500,0.030987500,0.000000000
sample,fixed_batch16,graph,1023,1023,9,383,1.930304050,1.931918750,0.031668750,0.000000000
sample,fixed_batch16,ordinary,1023,1023,9,383,2.193023920,2.195387500,1.342143750,0.000000000
sample,fixed_batch16,ordinary,1023,1023,10,383,2.164031982,2.165662500,1.181806250,0.000000000
sample,fixed_batch16,graph,1023,1023,10,383,1.931071997,1.932256250,0.031412500,0.000000000
sample,fixed_batch16,graph,1023,1023,11,383,1.929216027,1.930000000,0.036018750,0.000000000
sample,fixed_batch16,ordinary,1023,1023,11,383,2.166464090,2.167256250,1.410725000,0.000000000
sample,fixed_batch16,ordinary,1023,1023,12,383,2.215935946,2.216750000,1.391337500,0.000000000
sample,fixed_batch16,graph,1023,1023,12,383,1.932800055,1.934400000,0.040793750,0.000000000
sample,fixed_batch16,graph,1023,1023,13,383,1.930240035,1.931318750,0.031350000,0.000000000
sample,fixed_batch16,ordinary,1023,1023,13,383,2.218816042,2.219881250,1.249643750,0.000000000
sample,fixed_batch16,ordinary,1023,1023,14,383,2.173568010,2.174937500,1.806356250,0.000000000
sample,fixed_batch16,graph,1023,1023,14,383,1.931839943,1.933706250,0.038812500,0.000000000
sample,fixed_batch16,graph,1023,1023,15,383,1.929664016,1.930862500,0.030062500,0.000000000
sample,fixed_batch16,ordinary,1023,1023,15,383,2.200448036,2.201737500,1.847925000,0.000000000
sample,fixed_batch16,ordinary,1023,1023,16,383,2.155647993,2.156550000,1.654168750,0.000000000
sample,fixed_batch16,graph,1023,1023,16,383,1.930495977,1.931531250,0.030406250,0.000000000
sample,fixed_batch16,graph,1023,1023,17,383,1.932288051,1.934168750,0.040875000,0.000000000
sample,fixed_batch16,ordinary,1023,1023,17,383,2.140032053,2.141018750,1.395650000,0.000000000
sample,fixed_batch16,ordinary,1023,1023,18,383,2.277760029,2.278675000,2.169093750,0.000000000
sample,fixed_batch16,graph,1023,1023,18,383,1.930495977,1.931300000,0.030381250,0.000000000
sample,fixed_batch16,graph,1023,1023,19,383,1.931136012,1.932393750,0.041162500,0.000000000
sample,fixed_batch16,ordinary,1023,1023,19,383,2.156095982,2.156937500,1.997787500,0.000000000
sample,fixed_batch16,ordinary,1023,1023,20,383,2.240576029,2.241306250,1.859018750,0.000000000
sample,fixed_batch16,graph,1023,1023,20,383,1.931187987,1.932187500,0.031275000,0.000000000
sample,fixed_batch16,graph,1023,1023,21,383,1.931648016,1.933256250,0.037412500,0.000000000
sample,fixed_batch16,ordinary,1023,1023,21,383,2.212928057,2.214006250,1.720968750,0.000000000
sample,fixed_batch16,ordinary,1023,1023,22,383,2.173887968,2.174856250,1.397431250,0.000000000
sample,fixed_batch16,graph,1023,1023,22,383,1.930816054,1.931600000,0.030225000,0.000000000
sample,fixed_batch16,graph,1023,1023,23,383,1.929085970,1.930037500,0.027331250,0.000000000
sample,fixed_batch16,ordinary,1023,1023,23,383,2.177792072,2.180250000,1.403068750,0.000000000
sample,fixed_batch16,ordinary,1023,1023,24,383,2.250240088,2.251281250,1.981187500,0.000000000
sample,fixed_batch16,graph,1023,1023,24,383,1.930943966,1.932037500,0.031175000,0.000000000
sample,fixed_batch16,graph,1023,1023,25,383,1.930047989,1.931006250,0.028331250,0.000000000
sample,fixed_batch16,ordinary,1023,1023,25,383,2.230079889,2.231187500,1.796981250,0.000000000
sample,fixed_batch16,ordinary,1023,1023,26,383,2.155694008,2.156475000,1.749943750,0.000000000
sample,fixed_batch16,graph,1023,1023,26,383,1.932096004,1.932925000,0.033437500,0.000000000
sample,fixed_batch16,graph,1023,1023,27,383,1.930304050,1.931356250,0.028431250,0.000000000
sample,fixed_batch16,ordinary,1023,1023,27,383,2.206592083,2.208200000,1.170618750,0.000000000
sample,fixed_batch16,ordinary,1023,1023,28,383,2.183680058,2.184781250,1.308918750,0.000000000
sample,fixed_batch16,graph,1023,1023,28,383,1.930935979,1.931668750,0.030343750,0.000000000
sample,fixed_batch16,graph,1023,1023,29,383,1.929023981,1.929693750,0.027675000,0.000000000
sample,fixed_batch16,ordinary,1023,1023,29,383,2.218048096,2.218931250,2.069125000,0.000000000
sample,fixed_batch16,ordinary,1023,1023,30,383,2.172991991,2.173831250,1.864131250,0.000000000
sample,fixed_batch16,graph,1023,1023,30,383,1.932479978,1.933725000,0.041406250,0.000000000
sample,fixed_batch16,graph,1023,1023,31,383,1.930304050,1.931362500,0.035743750,0.000000000
sample,fixed_batch16,ordinary,1023,1023,31,383,2.237375975,2.238393750,1.866550000,0.000000000
sample,fixed_batch16,ordinary,1023,1023,32,383,2.185408115,2.186375000,1.545818750,0.000000000
sample,fixed_batch16,graph,1023,1023,32,383,1.932096004,1.933400000,0.036925000,0.000000000
sample,fixed_batch16,graph,1023,1023,33,383,1.929399967,1.930187500,0.027718750,0.000000000
sample,fixed_batch16,ordinary,1023,1023,33,383,2.233279943,2.234381250,1.633687500,0.000000000
sample,fixed_batch16,ordinary,1023,1023,34,383,2.135936022,2.136968750,1.190681250,0.000000000
sample,fixed_batch16,graph,1023,1023,34,383,1.939839959,1.942756250,0.097581250,0.000000000
sample,fixed_batch16,graph,1023,1023,35,383,1.930240035,1.931631250,0.037506250,0.000000000
sample,fixed_batch16,ordinary,1023,1023,35,383,2.153215885,2.154718750,1.937775000,0.000000000
sample,fixed_batch16,ordinary,1023,1023,36,383,2.188863993,2.189781250,1.916843750,0.000000000
sample,fixed_batch16,graph,1023,1023,36,383,1.931071997,1.932012500,0.030100000,0.000000000
sample,fixed_batch16,graph,1023,1023,37,383,1.930624008,1.931800000,0.035900000,0.000000000
sample,fixed_batch16,ordinary,1023,1023,37,383,2.158400059,2.159468750,1.810131250,0.000000000
sample,fixed_batch16,ordinary,1023,1023,38,383,2.227391958,2.228118750,1.681943750,0.000000000
sample,fixed_batch16,graph,1023,1023,38,383,1.932415962,1.933556250,0.037368750,0.000000000
sample,fixed_batch16,graph,1023,1023,39,383,1.931200027,1.932543750,0.036193750,0.000000000
sample,fixed_batch16,ordinary,1023,1023,39,383,2.261113882,2.261893750,1.427768750,0.000000000
sample,fixed_batch16,ordinary,1023,1023,40,383,2.204544067,2.205587500,1.311475000,0.000000000
sample,fixed_batch16,graph,1023,1023,40,383,1.932608008,1.933600000,0.037500000,0.000000000
sample,fixed_batch16,graph,1023,1023,41,383,1.935359955,1.937593750,0.065318750,0.000000000
sample,fixed_batch16,ordinary,1023,1023,41,383,2.221184015,2.222262500,1.936293750,0.000000000
sample,fixed_batch16,ordinary,1023,1023,42,383,2.187839985,2.188612500,1.891425000,0.000000000
sample,fixed_batch16,graph,1023,1023,42,383,1.930943966,1.931750000,0.028912500,0.000000000
sample,fixed_batch16,graph,1023,1023,43,383,1.931455970,1.933118750,0.031750000,0.000000000
sample,fixed_batch16,ordinary,1023,1023,43,383,2.176640034,2.178206250,1.551937500,0.000000000
sample,fixed_batch16,ordinary,1023,1023,44,383,2.189886093,2.192218750,1.356231250,0.000000000
sample,fixed_batch16,graph,1023,1023,44,383,1.933055997,1.935175000,0.040256250,0.000000000
sample,fixed_batch16,graph,1023,1023,45,383,1.929600000,1.930743750,0.030443750,0.000000000
sample,fixed_batch16,ordinary,1023,1023,45,383,2.146176100,2.147337500,1.347706250,0.000000000
sample,fixed_batch16,ordinary,1023,1023,46,383,2.195839882,2.196693750,2.041668750,0.000000000
sample,fixed_batch16,graph,1023,1023,46,383,1.930814028,1.931593750,0.028562500,0.000000000
sample,fixed_batch16,graph,1023,1023,47,383,1.930240035,1.931437500,0.035493750,0.000000000
sample,fixed_batch16,ordinary,1023,1023,47,383,2.171766043,2.173375000,1.163900000,0.000000000
sample,fixed_batch16,ordinary,1023,1023,48,383,2.192831993,2.193618750,1.794012500,0.000000000
sample,fixed_batch16,graph,1023,1023,48,383,1.932608008,1.933581250,0.033150000,0.000000000
sample,fixed_batch16,graph,1023,1023,49,383,1.932160020,1.934218750,0.040268750,0.000000000
sample,fixed_batch16,ordinary,1023,1023,49,383,2.223226070,2.224118750,1.687325000,0.000000000
sample,advancing_forward,ordinary,128,128,0,284,1.979392052,1.988600000,1.560800000,0.000000000
sample,advancing_forward,ordinary,128,129,0,257,2.033663988,2.042700000,1.474700000,0.000000000
sample,advancing_forward,ordinary,128,130,0,614,1.904639959,1.913300000,1.481800000,0.000000000
sample,advancing_forward,ordinary,128,131,0,878,1.928192019,1.937400000,1.371600000,0.000000000
sample,advancing_forward,ordinary,128,132,0,289,1.976320028,1.984800000,1.663700000,0.000000000
sample,advancing_forward,ordinary,128,133,0,19775,1.896448016,1.904900000,1.548700000,0.000000000
sample,advancing_forward,ordinary,128,134,0,656,1.957888007,1.966200000,1.590300000,0.000000000
sample,advancing_forward,ordinary,128,135,0,39599,1.904639959,1.913000000,1.256000000,0.000000000
sample,advancing_forward,ordinary,128,136,0,1122,1.904639959,1.913400000,1.588400000,0.000000000
sample,advancing_forward,ordinary,128,137,0,291,1.856511950,1.864700000,1.318600000,0.000000000
sample,advancing_forward,ordinary,128,138,0,37346,1.918975949,1.928100000,1.366100000,0.000000000
sample,advancing_forward,ordinary,128,139,0,764,2.012160063,2.019900000,1.544600000,0.000000000
sample,advancing_forward,ordinary,128,140,0,8074,1.889279962,1.898500000,1.314100000,0.000000000
sample,advancing_forward,ordinary,128,141,0,20272,1.896448016,1.906000000,1.428800000,0.000000000
sample,advancing_forward,ordinary,128,142,0,9106,1.932288051,1.941500000,1.324900000,0.000000000
sample,advancing_forward,ordinary,128,143,0,3876,1.976320028,1.984500000,1.009200000,0.000000000
sample,advancing_forward,graph,128,128,0,284,1.354751945,1.364100000,0.047100000,0.007900000
sample,advancing_forward,graph,128,129,0,257,1.360895991,1.369800000,0.044800000,0.007700000
sample,advancing_forward,graph,128,130,0,614,1.362944007,1.371700000,0.057700000,0.008300000
sample,advancing_forward,graph,128,131,0,878,1.359712005,1.367200000,0.039800000,0.008000000
sample,advancing_forward,graph,128,132,0,289,1.360800028,1.367800000,0.039800000,0.008000000
sample,advancing_forward,graph,128,133,0,19775,1.363968015,1.371900000,0.042300000,0.007900000
sample,advancing_forward,graph,128,134,0,656,1.366016030,1.373600000,0.042600000,0.008000000
sample,advancing_forward,graph,128,135,0,39599,1.362815976,1.369900000,0.044700000,0.009600000
sample,advancing_forward,graph,128,136,0,1122,1.363968015,1.371500000,0.040400000,0.008300000
sample,advancing_forward,graph,128,137,0,291,1.367040038,1.374800000,0.040500000,0.008200000
sample,advancing_forward,graph,128,138,0,37346,1.368064046,1.375400000,0.042900000,0.008200000
sample,advancing_forward,graph,128,139,0,764,1.364992023,1.372300000,0.040600000,0.008000000
sample,advancing_forward,graph,128,140,0,8074,1.369088054,1.376900000,0.042200000,0.007900000
sample,advancing_forward,graph,128,141,0,20272,1.370975971,1.378700000,0.042600000,0.008000000
sample,advancing_forward,graph,128,142,0,9106,1.373183966,1.380400000,0.043300000,0.008200000
sample,advancing_forward,graph,128,143,0,3876,1.366016030,1.373500000,0.040200000,0.008200000
sample,advancing_forward,graph,128,128,1,284,1.353728056,1.361200000,0.042300000,0.008000000
sample,advancing_forward,graph,128,129,1,257,1.359871984,1.366700000,0.039900000,0.008200000
sample,advancing_forward,graph,128,130,1,614,1.362944007,1.370600000,0.040200000,0.008100000
sample,advancing_forward,graph,128,131,1,878,1.358847976,1.366800000,0.043300000,0.008100000
sample,advancing_forward,graph,128,132,1,289,1.361919999,1.369200000,0.043000000,0.008000000
sample,advancing_forward,graph,128,133,1,19775,1.364992023,1.372500000,0.041200000,0.008100000
sample,advancing_forward,graph,128,134,1,656,1.368064046,1.375300000,0.042400000,0.008000000
sample,advancing_forward,graph,128,135,1,39599,1.358847976,1.367100000,0.042400000,0.008200000
sample,advancing_forward,graph,128,136,1,1122,1.361919999,1.370500000,0.042900000,0.008100000
sample,advancing_forward,graph,128,137,1,291,1.366016030,1.374200000,0.040300000,0.008000000
sample,advancing_forward,graph,128,138,1,37346,1.368064046,1.376500000,0.043000000,0.008100000
sample,advancing_forward,graph,128,139,1,764,1.368000031,1.374900000,0.040400000,0.008200000
sample,advancing_forward,graph,128,140,1,8074,1.369088054,1.376500000,0.046000000,0.008500000
sample,advancing_forward,graph,128,141,1,20272,1.372159958,1.380700000,0.045900000,0.008100000
sample,advancing_forward,graph,128,142,1,9106,1.464319944,1.489700000,0.155800000,0.070400000
sample,advancing_forward,graph,128,143,1,3876,1.363968015,1.371800000,0.039000000,0.008000000
sample,advancing_forward,ordinary,128,128,1,284,1.819648027,1.827800000,1.392500000,0.000000000
sample,advancing_forward,ordinary,128,129,1,257,1.852416039,1.931600000,1.510500000,0.000000000
sample,advancing_forward,ordinary,128,130,1,614,1.582080007,1.595700000,0.920300000,0.000000000
sample,advancing_forward,ordinary,128,131,1,878,1.604608059,1.612800000,0.771900000,0.000000000
sample,advancing_forward,ordinary,128,132,1,289,1.731552005,1.738700000,0.962100000,0.000000000
sample,advancing_forward,ordinary,128,133,1,19775,1.745919943,1.754800000,1.399200000,0.000000000
sample,advancing_forward,ordinary,128,134,1,656,2.004992008,2.013800000,1.580600000,0.000000000
sample,advancing_forward,ordinary,128,135,1,39599,1.929216027,1.938700000,1.561200000,0.000000000
sample,advancing_forward,ordinary,128,136,1,1122,2.079744101,2.089200000,1.731500000,0.000000000
sample,advancing_forward,ordinary,128,137,1,291,1.914880037,1.924200000,1.440000000,0.000000000
sample,advancing_forward,ordinary,128,138,1,37346,1.788928032,1.796700000,1.442100000,0.000000000
sample,advancing_forward,ordinary,128,139,1,764,1.905663967,1.913600000,1.537200000,0.000000000
sample,advancing_forward,ordinary,128,140,1,8074,1.718111992,1.726500000,1.399900000,0.000000000
sample,advancing_forward,ordinary,128,141,1,20272,1.757184029,1.764500000,1.445100000,0.000000000
sample,advancing_forward,ordinary,128,142,1,9106,1.726271987,1.733400000,1.292800000,0.000000000
sample,advancing_forward,ordinary,128,143,1,3876,1.786784053,1.793500000,1.357900000,0.000000000
sample,advancing_forward,ordinary,128,128,2,284,1.995776057,2.004700000,1.647700000,0.000000000
sample,advancing_forward,ordinary,128,129,2,257,1.732607961,1.742100000,1.214300000,0.000000000
sample,advancing_forward,ordinary,128,130,2,614,1.596415997,1.605600000,0.739500000,0.000000000
sample,advancing_forward,ordinary,128,131,2,878,1.625087976,1.635500000,1.097400000,0.000000000
sample,advancing_forward,ordinary,128,132,2,289,1.754112005,1.764400000,1.349000000,0.000000000
sample,advancing_forward,ordinary,128,133,2,19775,1.793023944,1.803000000,0.972100000,0.000000000
sample,advancing_forward,ordinary,128,134,2,656,1.754112005,1.766400000,1.369700000,0.000000000
sample,advancing_forward,ordinary,128,135,2,39599,1.859583974,1.868100000,1.327400000,0.000000000
sample,advancing_forward,ordinary,128,136,2,1122,1.608703971,1.616400000,1.265600000,0.000000000
sample,advancing_forward,ordinary,128,137,2,291,1.697792053,1.705500000,1.291500000,0.000000000
sample,advancing_forward,ordinary,128,138,2,37346,1.559551954,1.567200000,1.106000000,0.000000000
sample,advancing_forward,ordinary,128,139,2,764,1.634304047,1.641900000,1.244500000,0.000000000
sample,advancing_forward,ordinary,128,140,2,8074,1.638399959,1.646300000,1.178100000,0.000000000
sample,advancing_forward,ordinary,128,141,2,20272,1.580031991,1.588000000,1.175600000,0.000000000
sample,advancing_forward,ordinary,128,142,2,9106,1.569792032,1.578100000,0.858300000,0.000000000
sample,advancing_forward,ordinary,128,143,2,3876,1.611775994,1.619000000,1.224400000,0.000000000
sample,advancing_forward,graph,128,128,2,284,1.351680040,1.359800000,0.040000000,0.008100000
sample,advancing_forward,graph,128,129,2,257,1.361760020,1.369400000,0.040100000,0.008000000
sample,advancing_forward,graph,128,130,2,614,1.361919999,1.370300000,0.043000000,0.008600000
sample,advancing_forward,graph,128,131,2,878,1.359871984,1.366800000,0.042700000,0.008200000
sample,advancing_forward,graph,128,132,2,289,1.359871984,1.367900000,0.042200000,0.008200000
sample,advancing_forward,graph,128,133,2,19775,1.363968015,1.372100000,0.042000000,0.008000000
sample,advancing_forward,graph,128,134,2,656,1.365888000,1.373500000,0.042100000,0.008000000
sample,advancing_forward,graph,128,135,2,39599,1.361919999,1.368700000,0.042300000,0.008000000
sample,advancing_forward,graph,128,136,2,1122,1.362944007,1.370700000,0.042300000,0.008000000
sample,advancing_forward,graph,128,137,2,291,1.368064046,1.375600000,0.041900000,0.008100000
sample,advancing_forward,graph,128,138,2,37346,1.369088054,1.377100000,0.040000000,0.008100000
sample,advancing_forward,graph,128,139,2,764,1.366016030,1.374200000,0.042100000,0.008300000
sample,advancing_forward,graph,128,140,2,8074,1.367040038,1.374500000,0.042700000,0.007900000
sample,advancing_forward,graph,128,141,2,20272,1.374207973,1.381900000,0.050500000,0.009100000
sample,advancing_forward,graph,128,142,2,9106,1.377279997,1.385900000,0.063100000,0.009600000
sample,advancing_forward,graph,128,143,2,3876,1.473407984,1.498400000,0.333200000,0.069000000
sample,advancing_forward,graph,128,128,3,284,1.352704048,1.360700000,0.042300000,0.008000000
sample,advancing_forward,graph,128,129,3,257,1.361760020,1.369300000,0.042000000,0.008300000
sample,advancing_forward,graph,128,130,3,614,1.360895991,1.368700000,0.040000000,0.008000000
sample,advancing_forward,graph,128,131,3,878,1.358847976,1.367200000,0.042500000,0.008100000
sample,advancing_forward,graph,128,132,3,289,1.358847976,1.367100000,0.041000000,0.007900000
sample,advancing_forward,graph,128,133,3,19775,1.363968015,1.372000000,0.040800000,0.008000000
sample,advancing_forward,graph,128,134,3,656,1.366016030,1.372800000,0.042800000,0.008000000
sample,advancing_forward,graph,128,135,3,39599,1.361760020,1.370600000,0.038600000,0.008300000
sample,advancing_forward,graph,128,136,3,1122,1.473503947,1.499000000,0.353500000,0.071200000
sample,advancing_forward,graph,128,137,3,291,1.366016030,1.374600000,0.039000000,0.008200000
sample,advancing_forward,graph,128,138,3,37346,1.368064046,1.375500000,0.039500000,0.007800000
sample,advancing_forward,graph,128,139,3,764,1.368064046,1.374600000,0.039400000,0.007900000
sample,advancing_forward,graph,128,140,3,8074,1.368064046,1.375800000,0.040200000,0.008000000
sample,advancing_forward,graph,128,141,3,20272,1.371135950,1.378400000,0.042300000,0.008200000
sample,advancing_forward,graph,128,142,3,9106,1.373183966,1.381400000,0.042800000,0.008100000
sample,advancing_forward,graph,128,143,3,3876,1.364992023,1.372500000,0.040300000,0.008200000
sample,advancing_forward,ordinary,128,128,3,284,2.822016001,2.848300000,1.929600000,0.000000000
sample,advancing_forward,ordinary,128,129,3,257,1.577983975,1.586100000,1.215500000,0.000000000
sample,advancing_forward,ordinary,128,130,3,614,1.846240044,1.853100000,1.498800000,0.000000000
sample,advancing_forward,ordinary,128,131,3,878,1.783807993,1.791200000,1.472300000,0.000000000
sample,advancing_forward,ordinary,128,132,3,289,1.718271971,1.725700000,1.373600000,0.000000000
sample,advancing_forward,ordinary,128,133,3,19775,1.748991966,1.756500000,1.307900000,0.000000000
sample,advancing_forward,ordinary,128,134,3,656,1.695551991,1.703300000,1.382300000,0.000000000
sample,advancing_forward,ordinary,128,135,3,39599,1.837023973,1.844300000,1.197700000,0.000000000
sample,advancing_forward,ordinary,128,136,3,1122,1.948608041,1.956900000,1.500300000,0.000000000
sample,advancing_forward,ordinary,128,137,3,291,1.916928053,1.924500000,1.561100000,0.000000000
sample,advancing_forward,ordinary,128,138,3,37346,1.928192019,1.936700000,1.524600000,0.000000000
sample,advancing_forward,ordinary,128,139,3,764,2.162688017,2.172000000,1.346100000,0.000000000
sample,advancing_forward,ordinary,128,140,3,8074,2.067456007,2.076800000,1.660100000,0.000000000
sample,advancing_forward,ordinary,128,141,3,20272,2.072576046,2.082300000,1.293100000,0.000000000
sample,advancing_forward,ordinary,128,142,3,9106,1.860607982,1.869400000,1.486600000,0.000000000
sample,advancing_forward,ordinary,128,143,3,3876,2.007040024,2.017700000,1.449800000,0.000000000
sample,advancing_forward,ordinary,128,128,4,284,2.061311960,2.070700000,1.640600000,0.000000000
sample,advancing_forward,ordinary,128,129,4,257,1.954815984,1.963900000,1.523600000,0.000000000
sample,advancing_forward,ordinary,128,130,4,614,1.906687975,1.916200000,1.392900000,0.000000000
sample,advancing_forward,ordinary,128,131,4,878,1.957888007,1.967000000,1.270400000,0.000000000
sample,advancing_forward,ordinary,128,132,4,289,2.057215929,2.066100000,1.744900000,0.000000000
sample,advancing_forward,ordinary,128,133,4,19775,1.938431978,1.948000000,1.382700000,0.000000000
sample,advancing_forward,ordinary,128,134,4,656,1.939455986,1.948500000,1.391900000,0.000000000
sample,advancing_forward,ordinary,128,135,4,39599,2.099200010,2.108200000,1.768500000,0.000000000
sample,advancing_forward,ordinary,128,136,4,1122,2.018304110,2.026800000,1.597400000,0.000000000
sample,advancing_forward,ordinary,128,137,4,291,2.017280102,2.026500000,0.784200000,0.000000000
sample,advancing_forward,ordinary,128,138,4,37346,1.956863999,1.965100000,1.616600000,0.000000000
sample,advancing_forward,ordinary,128,139,4,764,1.653759956,1.661100000,1.172900000,0.000000000
sample,advancing_forward,ordinary,128,140,4,8074,1.779711962,1.787800000,1.322500000,0.000000000
sample,advancing_forward,ordinary,128,141,4,20272,1.941439986,1.949200000,1.129300000,0.000000000
sample,advancing_forward,ordinary,128,142,4,9106,1.810431957,1.819300000,1.463900000,0.000000000
sample,advancing_forward,ordinary,128,143,4,3876,1.969151974,1.977600000,1.272200000,0.000000000
sample,advancing_forward,graph,128,128,4,284,1.352704048,1.361800000,0.046900000,0.008000000
sample,advancing_forward,graph,128,129,4,257,1.362944007,1.371600000,0.046100000,0.008400000
sample,advancing_forward,graph,128,130,4,614,1.364992023,1.374800000,0.047500000,0.009400000
sample,advancing_forward,graph,128,131,4,878,1.359871984,1.369000000,0.047700000,0.008400000
sample,advancing_forward,graph,128,132,4,289,1.362944007,1.372100000,0.048100000,0.008000000
sample,advancing_forward,graph,128,133,4,19775,1.373183966,1.385600000,0.059400000,0.011700000
sample,advancing_forward,graph,128,134,4,656,1.370111942,1.380600000,0.059000000,0.009500000
sample,advancing_forward,graph,128,135,4,39599,1.362944007,1.377200000,0.051100000,0.011200000
sample,advancing_forward,graph,128,136,4,1122,1.364992023,1.373500000,0.050200000,0.008100000
sample,advancing_forward,graph,128,137,4,291,1.367040038,1.376400000,0.048300000,0.007900000
sample,advancing_forward,graph,128,138,4,37346,1.369088054,1.377700000,0.046500000,0.007900000
sample,advancing_forward,graph,128,139,4,764,1.366016030,1.376200000,0.047700000,0.008200000
sample,advancing_forward,graph,128,140,4,8074,1.368064046,1.377600000,0.048300000,0.007900000
sample,advancing_forward,graph,128,141,4,20272,1.373183966,1.381700000,0.048700000,0.008000000
sample,advancing_forward,graph,128,142,4,9106,1.374207973,1.384000000,0.047100000,0.007900000
sample,advancing_forward,graph,128,143,4,3876,1.364992023,1.374900000,0.046600000,0.008000000
sample,advancing_forward,graph,128,128,5,284,1.353728056,1.361900000,0.039900000,0.008200000
sample,advancing_forward,graph,128,129,5,257,1.359871984,1.368700000,0.043800000,0.008000000
sample,advancing_forward,graph,128,130,5,614,1.363968015,1.375900000,0.044700000,0.007900000
sample,advancing_forward,graph,128,131,5,878,1.359871984,1.368700000,0.047200000,0.008100000
sample,advancing_forward,graph,128,132,5,289,1.360895991,1.369500000,0.046300000,0.008100000
sample,advancing_forward,graph,128,133,5,19775,1.363968015,1.372900000,0.044100000,0.008100000
sample,advancing_forward,graph,128,134,5,656,1.368064046,1.376500000,0.046900000,0.008100000
sample,advancing_forward,graph,128,135,5,39599,1.362944007,1.371400000,0.048000000,0.008000000
sample,advancing_forward,graph,128,136,5,1122,1.363968015,1.371000000,0.040400000,0.007900000
sample,advancing_forward,graph,128,137,5,291,1.366016030,1.373800000,0.042700000,0.008000000
sample,advancing_forward,graph,128,138,5,37346,1.374207973,1.381800000,0.046000000,0.008400000
sample,advancing_forward,graph,128,139,5,764,1.369984031,1.378500000,0.044900000,0.009000000
sample,advancing_forward,graph,128,140,5,8074,1.368064046,1.376500000,0.040700000,0.008300000
sample,advancing_forward,graph,128,141,5,20272,1.371135950,1.378400000,0.042600000,0.007800000
sample,advancing_forward,graph,128,142,5,9106,1.373183966,1.381300000,0.042800000,0.008000000
sample,advancing_forward,graph,128,143,5,3876,1.364992023,1.372100000,0.039900000,0.008100000
sample,advancing_forward,ordinary,128,128,5,284,2.119679928,2.129700000,1.481600000,0.000000000
sample,advancing_forward,ordinary,128,129,5,257,2.014208078,2.023400000,1.227400000,0.000000000
sample,advancing_forward,ordinary,128,130,5,614,2.026495934,2.035700000,1.338100000,0.000000000
sample,advancing_forward,ordinary,128,131,5,878,1.956863999,1.965600000,1.387100000,0.000000000
sample,advancing_forward,ordinary,128,132,5,289,1.564671993,1.572700000,1.248700000,0.000000000
sample,advancing_forward,ordinary,128,133,5,19775,1.925119996,1.933400000,1.189700000,0.000000000
sample,advancing_forward,ordinary,128,134,5,656,2.057215929,2.066000000,1.469900000,0.000000000
sample,advancing_forward,ordinary,128,135,5,39599,1.988608003,1.996700000,1.527900000,0.000000000
sample,advancing_forward,ordinary,128,136,5,1122,2.068480015,2.077000000,1.732700000,0.000000000
sample,advancing_forward,ordinary,128,137,5,291,2.000895977,2.009700000,1.563900000,0.000000000
sample,advancing_forward,ordinary,128,138,5,37346,1.907711983,1.916200000,1.393600000,0.000000000
sample,advancing_forward,ordinary,128,139,5,764,1.786880016,1.794500000,1.457200000,0.000000000
sample,advancing_forward,ordinary,128,140,5,8074,1.769472003,1.776500000,1.410900000,0.000000000
sample,advancing_forward,ordinary,128,141,5,20272,1.807360053,1.815400000,1.495800000,0.000000000
sample,advancing_forward,ordinary,128,142,5,9106,1.684479952,1.691600000,1.216600000,0.000000000
sample,advancing_forward,ordinary,128,143,5,3876,1.690623999,1.697700000,1.259400000,0.000000000
sample,advancing_forward,ordinary,128,128,6,284,2.050048113,2.058700000,1.381000000,0.000000000
sample,advancing_forward,ordinary,128,129,6,257,1.918975949,1.928800000,1.471900000,0.000000000
sample,advancing_forward,ordinary,128,130,6,614,2.012160063,2.020500000,1.447000000,0.000000000
sample,advancing_forward,ordinary,128,131,6,878,1.876991987,1.886400000,1.510900000,0.000000000
sample,advancing_forward,ordinary,128,132,6,289,1.784832001,1.792100000,1.472000000,0.000000000
sample,advancing_forward,ordinary,128,133,6,19775,1.850368023,1.857200000,1.520000000,0.000000000
sample,advancing_forward,ordinary,128,134,6,656,1.707999945,1.714300000,1.307500000,0.000000000
sample,advancing_forward,ordinary,128,135,6,39599,3.144704103,3.151800000,2.066400000,0.000000000
sample,advancing_forward,ordinary,128,136,6,1122,1.801216006,1.808500000,1.452400000,0.000000000
sample,advancing_forward,ordinary,128,137,6,291,1.798015952,1.804700000,1.462400000,0.000000000
sample,advancing_forward,ordinary,128,138,6,37346,1.751039982,1.759600000,1.325400000,0.000000000
sample,advancing_forward,ordinary,128,139,6,764,1.767423987,1.775300000,1.415700000,0.000000000
sample,advancing_forward,ordinary,128,140,6,8074,1.824767947,1.833000000,1.175000000,0.000000000
sample,advancing_forward,ordinary,128,141,6,20272,1.776640058,1.784800000,1.446500000,0.000000000
sample,advancing_forward,ordinary,128,142,6,9106,2.081792116,2.089300000,1.735400000,0.000000000
sample,advancing_forward,ordinary,128,143,6,3876,2.009088039,2.017300000,1.318700000,0.000000000
sample,advancing_forward,graph,128,128,6,284,1.354751945,1.364100000,0.048200000,0.007900000
sample,advancing_forward,graph,128,129,6,257,1.360895991,1.369600000,0.044800000,0.008200000
sample,advancing_forward,graph,128,130,6,614,1.361919999,1.371100000,0.044400000,0.008200000
sample,advancing_forward,graph,128,131,6,878,1.360895991,1.369000000,0.047700000,0.008200000
sample,advancing_forward,graph,128,132,6,289,1.362944007,1.371300000,0.047100000,0.008100000
sample,advancing_forward,graph,128,133,6,19775,1.364992023,1.373400000,0.044200000,0.008200000
sample,advancing_forward,graph,128,134,6,656,1.366016030,1.374100000,0.040200000,0.008100000
sample,advancing_forward,graph,128,135,6,39599,1.361727953,1.368800000,0.040500000,0.008200000
sample,advancing_forward,graph,128,136,6,1122,1.362944007,1.370800000,0.046900000,0.008100000
sample,advancing_forward,graph,128,137,6,291,1.368064046,1.376000000,0.042600000,0.008200000
sample,advancing_forward,graph,128,138,6,37346,1.369088054,1.376600000,0.039700000,0.008200000
sample,advancing_forward,graph,128,139,6,764,1.364896059,1.372400000,0.039900000,0.008100000
sample,advancing_forward,graph,128,140,6,8074,1.369088054,1.377000000,0.040100000,0.008000000
sample,advancing_forward,graph,128,141,6,20272,1.370975971,1.378200000,0.040500000,0.008200000
sample,advancing_forward,graph,128,142,6,9106,1.373183966,1.381300000,0.039900000,0.008000000
sample,advancing_forward,graph,128,143,6,3876,1.364992023,1.372300000,0.040700000,0.008200000
sample,advancing_forward,graph,128,128,7,284,1.353728056,1.363100000,0.046200000,0.008000000
sample,advancing_forward,graph,128,129,7,257,1.375231981,1.388000000,0.067500000,0.016900000
sample,advancing_forward,graph,128,130,7,614,1.363968015,1.372700000,0.047600000,0.008500000
sample,advancing_forward,graph,128,131,7,878,1.359871984,1.369400000,0.046400000,0.008300000
sample,advancing_forward,graph,128,132,7,289,1.361919999,1.370800000,0.046800000,0.008100000
sample,advancing_forward,graph,128,133,7,19775,1.367040038,1.375500000,0.047200000,0.008200000
sample,advancing_forward,graph,128,134,7,656,1.366016030,1.375500000,0.047100000,0.008000000
sample,advancing_forward,graph,128,135,7,39599,1.360895991,1.370000000,0.046500000,0.007900000
sample,advancing_forward,graph,128,136,7,1122,1.362944007,1.372600000,0.047100000,0.008300000
sample,advancing_forward,graph,128,137,7,291,1.364992023,1.374200000,0.046400000,0.008000000
sample,advancing_forward,graph,128,138,7,37346,1.369088054,1.377300000,0.046900000,0.008000000
sample,advancing_forward,graph,128,139,7,764,1.366016030,1.375300000,0.046000000,0.007800000
sample,advancing_forward,graph,128,140,7,8074,1.371135950,1.381700000,0.050900000,0.009200000
sample,advancing_forward,graph,128,141,7,20272,1.377279997,1.389000000,0.046600000,0.011400000
sample,advancing_forward,graph,128,142,7,9106,1.379328012,1.390200000,0.070200000,0.011000000
sample,advancing_forward,graph,128,143,7,3876,1.368064046,1.378100000,0.065300000,0.010100000
sample,advancing_forward,ordinary,128,128,7,284,1.971199989,1.979400000,1.615600000,0.000000000
sample,advancing_forward,ordinary,128,129,7,257,1.900544047,1.907200000,1.300100000,0.000000000
sample,advancing_forward,ordinary,128,130,7,614,1.829887986,1.838500000,1.483900000,0.000000000
sample,advancing_forward,ordinary,128,131,7,878,1.822720051,1.830500000,1.319600000,0.000000000
sample,advancing_forward,ordinary,128,132,7,289,1.761279941,1.768800000,1.359300000,0.000000000
sample,advancing_forward,ordinary,128,133,7,19775,1.855487943,1.862500000,1.323000000,0.000000000
sample,advancing_forward,ordinary,128,134,7,656,1.721343994,1.729300000,1.409400000,0.000000000
sample,advancing_forward,ordinary,128,135,7,39599,1.700927973,1.709400000,1.372200000,0.000000000
sample,advancing_forward,ordinary,128,136,7,1122,1.860607982,1.868600000,1.548000000,0.000000000
sample,advancing_forward,ordinary,128,137,7,291,1.888192058,1.895000000,1.220600000,0.000000000
sample,advancing_forward,ordinary,128,138,7,37346,1.802207947,1.808600000,1.447800000,0.000000000
sample,advancing_forward,ordinary,128,139,7,764,2.976768017,2.984400000,2.643700000,0.000000000
sample,advancing_forward,ordinary,128,140,7,8074,1.817600012,1.825500000,1.454200000,0.000000000
sample,advancing_forward,ordinary,128,141,7,20272,1.703935981,1.711100000,1.354000000,0.000000000
sample,advancing_forward,ordinary,128,142,7,9106,1.725440025,1.733000000,1.378900000,0.000000000
sample,advancing_forward,ordinary,128,143,7,3876,1.937407970,1.945200000,1.580800000,0.000000000
sample,advancing_forward,ordinary,128,128,8,284,1.640447974,1.647900000,1.310500000,0.000000000
sample,advancing_forward,ordinary,128,129,8,257,1.558527946,1.566300000,1.057000000,0.000000000
sample,advancing_forward,ordinary,128,130,8,614,2.892800093,2.920800000,2.012700000,0.000000000
sample,advancing_forward,ordinary,128,131,8,878,1.722368002,1.732600000,1.348200000,0.000000000
sample,advancing_forward,ordinary,128,132,8,289,1.788928032,1.798100000,1.425000000,0.000000000
sample,advancing_forward,ordinary,128,133,8,19775,1.731583953,1.740300000,1.395800000,0.000000000
sample,advancing_forward,ordinary,128,134,8,656,1.772544026,1.782100000,1.403600000,0.000000000
sample,advancing_forward,ordinary,128,135,8,39599,1.725440025,1.734300000,1.251900000,0.000000000
sample,advancing_forward,ordinary,128,136,8,1122,1.773568034,1.781400000,1.441800000,0.000000000
sample,advancing_forward,ordinary,128,137,8,291,1.842175961,1.851200000,1.530200000,0.000000000
sample,advancing_forward,ordinary,128,138,8,37346,1.750015974,1.759000000,1.401500000,0.000000000
sample,advancing_forward,ordinary,128,139,8,764,1.636351943,1.645400000,1.324800000,0.000000000
sample,advancing_forward,ordinary,128,140,8,8074,1.771520019,1.780300000,1.460200000,0.000000000
sample,advancing_forward,ordinary,128,141,8,20272,1.631232023,1.638000000,1.284100000,0.000000000
sample,advancing_forward,ordinary,128,142,8,9106,1.590271950,1.598300000,1.239700000,0.000000000
sample,advancing_forward,ordinary,128,143,8,3876,1.577888012,1.584600000,1.154400000,0.000000000
sample,advancing_forward,graph,128,128,8,284,1.352704048,1.362100000,0.047400000,0.008000000
sample,advancing_forward,graph,128,129,8,257,1.373183966,1.387100000,0.061600000,0.015200000
sample,advancing_forward,graph,128,130,8,614,1.368064046,1.378800000,0.053400000,0.010400000
sample,advancing_forward,graph,128,131,8,878,1.362944007,1.374100000,0.050000000,0.009600000
sample,advancing_forward,graph,128,132,8,289,1.361919999,1.371600000,0.048600000,0.007900000
sample,advancing_forward,graph,128,133,8,19775,1.369088054,1.377700000,0.046500000,0.007900000
sample,advancing_forward,graph,128,134,8,656,1.367040038,1.376600000,0.049000000,0.008000000
sample,advancing_forward,graph,128,135,8,39599,1.361919999,1.371800000,0.046900000,0.008300000
sample,advancing_forward,graph,128,136,8,1122,1.368064046,1.379500000,0.049300000,0.010100000
sample,advancing_forward,graph,128,137,8,291,1.367040038,1.375800000,0.046900000,0.008000000
sample,advancing_forward,graph,128,138,8,37346,1.369088054,1.378000000,0.049000000,0.008100000
sample,advancing_forward,graph,128,139,8,764,1.367040038,1.375900000,0.048700000,0.008000000
sample,advancing_forward,graph,128,140,8,8074,1.367040038,1.376700000,0.048400000,0.008000000
sample,advancing_forward,graph,128,141,8,20272,1.373183966,1.382600000,0.047900000,0.009400000
sample,advancing_forward,graph,128,142,8,9106,1.374207973,1.382800000,0.052300000,0.007800000
sample,advancing_forward,graph,128,143,8,3876,1.366016030,1.375300000,0.045800000,0.007900000
sample,advancing_forward,graph,128,128,9,284,1.353728056,1.361200000,0.043700000,0.007900000
sample,advancing_forward,graph,128,129,9,257,1.358847976,1.367000000,0.042900000,0.008000000
sample,advancing_forward,graph,128,130,9,614,1.360895991,1.369300000,0.043100000,0.007900000
sample,advancing_forward,graph,128,131,9,878,1.358847976,1.367200000,0.041000000,0.008000000
sample,advancing_forward,graph,128,132,9,289,1.359871984,1.367900000,0.040700000,0.008000000
sample,advancing_forward,graph,128,133,9,19775,1.363775969,1.370600000,0.040400000,0.008100000
sample,advancing_forward,graph,128,134,9,656,1.367040038,1.375400000,0.040000000,0.008200000
sample,advancing_forward,graph,128,135,9,39599,1.360895991,1.369500000,0.040100000,0.008100000
sample,advancing_forward,graph,128,136,9,1122,1.363935947,1.370800000,0.039600000,0.008000000
sample,advancing_forward,graph,128,137,9,291,1.368064046,1.375700000,0.040100000,0.008000000
sample,advancing_forward,graph,128,138,9,37346,1.367040038,1.374800000,0.042600000,0.007900000
sample,advancing_forward,graph,128,139,9,764,1.364992023,1.373200000,0.040100000,0.008000000
sample,advancing_forward,graph,128,140,9,8074,1.368896008,1.376300000,0.042500000,0.007800000
sample,advancing_forward,graph,128,141,9,20272,1.372159958,1.379500000,0.040300000,0.008100000
sample,advancing_forward,graph,128,142,9,9106,1.372159958,1.380100000,0.042900000,0.008100000
sample,advancing_forward,graph,128,143,9,3876,1.366016030,1.374000000,0.040100000,0.008200000
sample,advancing_forward,ordinary,128,128,9,284,1.939455986,1.948500000,1.574000000,0.000000000
sample,advancing_forward,ordinary,128,129,9,257,1.798143983,1.806200000,1.420800000,0.000000000
sample,advancing_forward,ordinary,128,130,9,614,1.733631968,1.741300000,1.383500000,0.000000000
sample,advancing_forward,ordinary,128,131,9,878,1.844223976,1.851200000,1.473200000,0.000000000
sample,advancing_forward,ordinary,128,132,9,289,1.774592042,1.782200000,1.180300000,0.000000000
sample,advancing_forward,ordinary,128,133,9,19775,1.897472024,1.906500000,1.401700000,0.000000000
sample,advancing_forward,ordinary,128,134,9,656,1.969151974,1.977700000,1.442400000,0.000000000
sample,advancing_forward,ordinary,128,135,9,39599,2.128895998,2.139700000,1.224600000,0.000000000
sample,advancing_forward,ordinary,128,136,9,1122,1.911808014,1.921200000,1.569700000,0.000000000
sample,advancing_forward,ordinary,128,137,9,291,1.968127966,1.976400000,1.598600000,0.000000000
sample,advancing_forward,ordinary,128,138,9,37346,2.041856050,2.050400000,1.395300000,0.000000000
sample,advancing_forward,ordinary,128,139,9,764,1.891327977,1.899800000,1.546000000,0.000000000
sample,advancing_forward,ordinary,128,140,9,8074,1.892351985,1.900700000,1.246800000,0.000000000
sample,advancing_forward,ordinary,128,141,9,20272,1.928192019,1.936600000,1.493300000,0.000000000
sample,advancing_forward,ordinary,128,142,9,9106,2.032639980,2.041900000,1.300400000,0.000000000
sample,advancing_forward,ordinary,128,143,9,3876,1.897472024,1.905500000,1.476500000,0.000000000
sample,advancing_forward,ordinary,128,128,10,284,2.027519941,2.036600000,1.595200000,0.000000000
sample,advancing_forward,ordinary,128,129,10,257,1.922047973,1.931000000,1.283400000,0.000000000
sample,advancing_forward,ordinary,128,130,10,614,1.843199968,1.851000000,1.474900000,0.000000000
sample,advancing_forward,ordinary,128,131,10,878,1.672191978,1.679900000,1.040500000,0.000000000
sample,advancing_forward,ordinary,128,132,10,289,1.548287988,1.557000000,0.710900000,0.000000000
sample,advancing_forward,ordinary,128,133,10,19775,1.595360041,1.602700000,0.882900000,0.000000000
sample,advancing_forward,ordinary,128,134,10,656,1.574911952,1.583100000,1.096800000,0.000000000
sample,advancing_forward,ordinary,128,135,10,39599,1.590271950,1.597200000,1.277300000,0.000000000
sample,advancing_forward,ordinary,128,136,10,1122,1.623903990,1.631400000,1.310100000,0.000000000
sample,advancing_forward,ordinary,128,137,10,291,1.628160000,1.635400000,1.282300000,0.000000000
sample,advancing_forward,ordinary,128,138,10,37346,1.613824010,1.620700000,1.240500000,0.000000000
sample,advancing_forward,ordinary,128,139,10,764,1.564607978,1.571800000,1.226800000,0.000000000
sample,advancing_forward,ordinary,128,140,10,8074,1.580031991,1.588900000,1.127900000,0.000000000
sample,advancing_forward,ordinary,128,141,10,20272,1.648512006,1.660400000,1.044400000,0.000000000
sample,advancing_forward,ordinary,128,142,10,9106,1.574911952,1.582200000,0.838300000,0.000000000
sample,advancing_forward,ordinary,128,143,10,3876,1.564671993,1.572100000,0.482000000,0.000000000
sample,advancing_forward,graph,128,128,10,284,1.353728056,1.361900000,0.042600000,0.008100000
sample,advancing_forward,graph,128,129,10,257,1.358847976,1.366800000,0.042400000,0.008000000
sample,advancing_forward,graph,128,130,10,614,1.362944007,1.370400000,0.042200000,0.007900000
sample,advancing_forward,graph,128,131,10,878,1.359871984,1.367500000,0.042400000,0.008000000
sample,advancing_forward,graph,128,132,10,289,1.362751961,1.369900000,0.042500000,0.008000000
sample,advancing_forward,graph,128,133,10,19775,1.364992023,1.372800000,0.041800000,0.007900000
sample,advancing_forward,graph,128,134,10,656,1.379328012,1.390100000,0.051900000,0.012000000
sample,advancing_forward,graph,128,135,10,39599,1.359871984,1.367000000,0.041100000,0.008500000
sample,advancing_forward,graph,128,136,10,1122,1.363968015,1.371200000,0.042700000,0.008000000
sample,advancing_forward,graph,128,137,10,291,1.367040038,1.374500000,0.040100000,0.008000000
sample,advancing_forward,graph,128,138,10,37346,1.370111942,1.377000000,0.040300000,0.008200000
sample,advancing_forward,graph,128,139,10,764,1.367040038,1.374600000,0.041600000,0.008200000
sample,advancing_forward,graph,128,140,10,8074,1.369088054,1.376600000,0.039800000,0.008200000
sample,advancing_forward,graph,128,141,10,20272,1.370111942,1.378300000,0.039900000,0.008000000
sample,advancing_forward,graph,128,142,10,9106,1.375231981,1.382400000,0.042300000,0.008000000
sample,advancing_forward,graph,128,143,10,3876,1.364992023,1.372500000,0.040200000,0.008300000
sample,advancing_forward,graph,128,128,11,284,1.354751945,1.363700000,0.048400000,0.008200000
sample,advancing_forward,graph,128,129,11,257,1.360895991,1.369500000,0.049100000,0.007900000
sample,advancing_forward,graph,128,130,11,614,1.361919999,1.371000000,0.048000000,0.008000000
sample,advancing_forward,graph,128,131,11,878,1.360895991,1.370500000,0.049000000,0.008100000
sample,advancing_forward,graph,128,132,11,289,1.361919999,1.370200000,0.048800000,0.007900000
sample,advancing_forward,graph,128,133,11,19775,1.363968015,1.373800000,0.046500000,0.007900000
sample,advancing_forward,graph,128,134,11,656,1.368064046,1.377400000,0.048700000,0.008000000
sample,advancing_forward,graph,128,135,11,39599,1.360895991,1.369300000,0.047700000,0.008200000
sample,advancing_forward,graph,128,136,11,1122,1.360895991,1.370700000,0.048200000,0.008000000
sample,advancing_forward,graph,128,137,11,291,1.364992023,1.374000000,0.045500000,0.007700000
sample,advancing_forward,graph,128,138,11,37346,1.370111942,1.378700000,0.046500000,0.007900000
sample,advancing_forward,graph,128,139,11,764,1.368064046,1.377100000,0.064100000,0.009600000
sample,advancing_forward,graph,128,140,11,8074,1.371104002,1.379700000,0.043500000,0.010000000
sample,advancing_forward,graph,128,141,11,20272,1.373183966,1.382100000,0.044600000,0.008200000
sample,advancing_forward,graph,128,142,11,9106,1.374207973,1.383300000,0.047200000,0.007900000
sample,advancing_forward,graph,128,143,11,3876,1.366016030,1.375600000,0.044100000,0.007900000
sample,advancing_forward,ordinary,128,128,11,284,1.762303948,1.769900000,1.326200000,0.000000000
sample,advancing_forward,ordinary,128,129,11,257,1.802240014,1.809400000,1.434600000,0.000000000
sample,advancing_forward,ordinary,128,130,11,614,2.979712009,2.986600000,1.034800000,0.000000000
sample,advancing_forward,ordinary,128,131,11,878,1.933312058,1.941200000,1.306600000,0.000000000
sample,advancing_forward,ordinary,128,132,11,289,1.963008046,1.971700000,1.556500000,0.000000000
sample,advancing_forward,ordinary,128,133,11,19775,2.095103979,2.104200000,1.222700000,0.000000000
sample,advancing_forward,ordinary,128,134,11,656,2.035712004,2.045400000,1.724500000,0.000000000
sample,advancing_forward,ordinary,128,135,11,39599,1.965055943,1.973400000,1.593400000,0.000000000
sample,advancing_forward,ordinary,128,136,11,1122,1.752063990,1.759200000,1.321100000,0.000000000
sample,advancing_forward,ordinary,128,137,11,291,1.825791955,1.833500000,1.453400000,0.000000000
sample,advancing_forward,ordinary,128,138,11,37346,1.669119954,1.677500000,1.352000000,0.000000000
sample,advancing_forward,ordinary,128,139,11,764,1.772544026,1.780200000,1.460500000,0.000000000
sample,advancing_forward,ordinary,128,140,11,8074,1.788895965,1.796000000,1.284100000,0.000000000
sample,advancing_forward,ordinary,128,141,11,20272,1.730559945,1.738200000,1.410700000,0.000000000
sample,advancing_forward,ordinary,128,142,11,9106,1.707008004,1.714300000,1.318300000,0.000000000
sample,advancing_forward,ordinary,128,143,11,3876,1.687551975,1.694900000,1.237200000,0.000000000
sample,advancing_forward,ordinary,128,128,12,284,1.934335947,1.943200000,1.621700000,0.000000000
sample,advancing_forward,ordinary,128,129,12,257,1.964032054,1.972400000,1.158000000,0.000000000
sample,advancing_forward,ordinary,128,130,12,614,1.909759998,1.919000000,1.560000000,0.000000000
sample,advancing_forward,ordinary,128,131,12,878,2.007040024,2.015300000,1.559200000,0.000000000
sample,advancing_forward,ordinary,128,132,12,289,2.081792116,2.090100000,1.290700000,0.000000000
sample,advancing_forward,ordinary,128,133,12,19775,1.874943972,1.884500000,1.464500000,0.000000000
sample,advancing_forward,ordinary,128,134,12,656,1.904639959,1.913200000,1.226100000,0.000000000
sample,advancing_forward,ordinary,128,135,12,39599,1.904639959,1.917600000,1.571700000,0.000000000
sample,advancing_forward,ordinary,128,136,12,1122,1.973248005,1.981500000,1.417900000,0.000000000
sample,advancing_forward,ordinary,128,137,12,291,1.676288009,1.684500000,1.329700000,0.000000000
sample,advancing_forward,ordinary,128,138,12,37346,1.717247963,1.725000000,1.295600000,0.000000000
sample,advancing_forward,ordinary,128,139,12,764,1.703935981,1.711500000,1.359300000,0.000000000
sample,advancing_forward,ordinary,128,140,12,8074,1.756064057,1.763500000,1.251700000,0.000000000
sample,advancing_forward,ordinary,128,141,12,20272,1.725440025,1.733300000,1.408800000,0.000000000
sample,advancing_forward,ordinary,128,142,12,9106,1.631232023,1.638400000,1.286000000,0.000000000
sample,advancing_forward,ordinary,128,143,12,3876,1.872895956,1.880000000,1.561700000,0.000000000
sample,advancing_forward,graph,128,128,12,284,1.352704048,1.360800000,0.042800000,0.007900000
sample,advancing_forward,graph,128,129,12,257,1.358847976,1.366700000,0.039700000,0.008100000
sample,advancing_forward,graph,128,130,12,614,1.362944007,1.370500000,0.042400000,0.007900000
sample,advancing_forward,graph,128,131,12,878,1.359807968,1.367000000,0.040000000,0.008100000
sample,advancing_forward,graph,128,132,12,289,1.360895991,1.368200000,0.042600000,0.008100000
sample,advancing_forward,graph,128,133,12,19775,1.364992023,1.372600000,0.042600000,0.008100000
sample,advancing_forward,graph,128,134,12,656,1.366016030,1.373900000,0.040100000,0.008000000
sample,advancing_forward,graph,128,135,12,39599,1.361919999,1.369000000,0.040200000,0.008200000
sample,advancing_forward,graph,128,136,12,1122,1.366016030,1.374200000,0.042900000,0.010800000
sample,advancing_forward,graph,128,137,12,291,1.367040038,1.375100000,0.042100000,0.007900000
sample,advancing_forward,graph,128,138,12,37346,1.385344028,1.398700000,0.059900000,0.016600000
sample,advancing_forward,graph,128,139,12,764,1.482751966,1.508100000,0.354700000,0.074200000
sample,advancing_forward,graph,128,140,12,8074,1.367040038,1.375400000,0.042500000,0.008200000
sample,advancing_forward,graph,128,141,12,20272,1.373183966,1.380500000,0.039100000,0.008100000
sample,advancing_forward,graph,128,142,12,9106,1.374207973,1.381400000,0.042500000,0.007900000
sample,advancing_forward,graph,128,143,12,3876,1.368064046,1.376200000,0.041000000,0.008800000
sample,advancing_forward,graph,128,128,13,284,1.351680040,1.361200000,0.048700000,0.008000000
sample,advancing_forward,graph,128,129,13,257,1.360736012,1.367600000,0.041800000,0.008000000
sample,advancing_forward,graph,128,130,13,614,1.362944007,1.370000000,0.062300000,0.008000000
sample,advancing_forward,graph,128,131,13,878,1.373183966,1.385100000,0.052700000,0.012900000
sample,advancing_forward,graph,128,132,13,289,1.362944007,1.371000000,0.042400000,0.008800000
sample,advancing_forward,graph,128,133,13,19775,1.362944007,1.371200000,0.039600000,0.008200000
sample,advancing_forward,graph,128,134,13,656,1.367040038,1.376200000,0.047300000,0.008100000
sample,advancing_forward,graph,128,135,13,39599,1.362944007,1.372100000,0.049000000,0.007900000
sample,advancing_forward,graph,128,136,13,1122,1.362944007,1.372100000,0.047700000,0.008000000
sample,advancing_forward,graph,128,137,13,291,1.367040038,1.376100000,0.047700000,0.008000000
sample,advancing_forward,graph,128,138,13,37346,1.369088054,1.378100000,0.047500000,0.008000000
sample,advancing_forward,graph,128,139,13,764,1.369088054,1.378300000,0.047500000,0.008000000
sample,advancing_forward,graph,128,140,13,8074,1.370111942,1.379400000,0.047400000,0.007900000
sample,advancing_forward,graph,128,141,13,20272,1.371135950,1.380100000,0.047300000,0.008000000
sample,advancing_forward,graph,128,142,13,9106,1.372159958,1.381000000,0.043000000,0.008000000
sample,advancing_forward,graph,128,143,13,3876,1.388543963,1.401800000,0.066400000,0.018700000
sample,advancing_forward,ordinary,128,128,13,284,1.854464054,1.862500000,1.331300000,0.000000000
sample,advancing_forward,ordinary,128,129,13,257,1.867776036,1.875900000,1.555800000,0.000000000
sample,advancing_forward,ordinary,128,130,13,614,1.899520040,1.908200000,1.283300000,0.000000000
sample,advancing_forward,ordinary,128,131,13,878,1.715136051,1.722500000,1.282100000,0.000000000
sample,advancing_forward,ordinary,128,132,13,289,1.970175982,1.978200000,1.556300000,0.000000000
sample,advancing_forward,ordinary,128,133,13,19775,1.764351964,1.774000000,1.371000000,0.000000000
sample,advancing_forward,ordinary,128,134,13,656,2.060287952,2.070400000,1.689700000,0.000000000
sample,advancing_forward,ordinary,128,135,13,39599,2.179071903,2.189800000,1.865200000,0.000000000
sample,advancing_forward,ordinary,128,136,13,1122,1.995776057,2.005700000,1.666000000,0.000000000
sample,advancing_forward,ordinary,128,137,13,291,1.935359955,1.946700000,1.622800000,0.000000000
sample,advancing_forward,ordinary,128,138,13,37346,1.874943972,1.883700000,1.546100000,0.000000000
sample,advancing_forward,ordinary,128,139,13,764,1.980416059,1.989600000,1.342000000,0.000000000
sample,advancing_forward,ordinary,128,140,13,8074,2.210815907,2.221200000,1.564000000,0.000000000
sample,advancing_forward,ordinary,128,141,13,20272,1.984511971,1.994400000,1.564500000,0.000000000
sample,advancing_forward,ordinary,128,142,13,9106,1.987583995,1.997400000,1.570900000,0.000000000
sample,advancing_forward,ordinary,128,143,13,3876,1.869824052,1.879100000,1.515700000,0.000000000
sample,advancing_forward,ordinary,128,128,14,284,1.769472003,1.777900000,1.420600000,0.000000000
sample,advancing_forward,ordinary,128,129,14,257,1.886047959,1.893800000,1.497500000,0.000000000
sample,advancing_forward,ordinary,128,130,14,614,1.817600012,1.825300000,1.431100000,0.000000000
sample,advancing_forward,ordinary,128,131,14,878,1.878015995,1.885700000,1.535200000,0.000000000
sample,advancing_forward,ordinary,128,132,14,289,1.815551996,1.822800000,1.390600000,0.000000000
sample,advancing_forward,ordinary,128,133,14,19775,1.735679984,1.743400000,1.420500000,0.000000000
sample,advancing_forward,ordinary,128,134,14,656,1.830911994,1.838700000,1.286700000,0.000000000
sample,advancing_forward,ordinary,128,135,14,39599,1.860607982,1.868100000,1.511600000,0.000000000
sample,advancing_forward,ordinary,128,136,14,1122,1.756064057,1.763600000,1.314500000,0.000000000
sample,advancing_forward,ordinary,128,137,14,291,1.667072058,1.674600000,1.290200000,0.000000000
sample,advancing_forward,ordinary,128,138,14,37346,1.774495959,1.781100000,1.344700000,0.000000000
sample,advancing_forward,ordinary,128,139,14,764,3.051520109,3.059500000,2.709000000,0.000000000
sample,advancing_forward,ordinary,128,140,14,8074,1.578879952,1.586600000,1.246400000,0.000000000
sample,advancing_forward,ordinary,128,141,14,20272,2.068480015,2.076800000,1.755800000,0.000000000
sample,advancing_forward,ordinary,128,142,14,9106,2.144256115,2.153400000,1.023200000,0.000000000
sample,advancing_forward,ordinary,128,143,14,3876,2.253823996,2.263500000,1.325800000,0.000000000
sample,advancing_forward,graph,128,128,14,284,1.354751945,1.367000000,0.044200000,0.008000000
sample,advancing_forward,graph,128,129,14,257,1.376255989,1.389100000,0.062600000,0.014900000
sample,advancing_forward,graph,128,130,14,614,1.372159958,1.382100000,0.081400000,0.012100000
sample,advancing_forward,graph,128,131,14,878,1.359871984,1.369300000,0.049300000,0.008200000
sample,advancing_forward,graph,128,132,14,289,1.362944007,1.371900000,0.048600000,0.008200000
sample,advancing_forward,graph,128,133,14,19775,1.364992023,1.374600000,0.046700000,0.008200000
sample,advancing_forward,graph,128,134,14,656,1.367040038,1.376900000,0.048500000,0.008000000
sample,advancing_forward,graph,128,135,14,39599,1.362944007,1.371400000,0.048300000,0.008100000
sample,advancing_forward,graph,128,136,14,1122,1.364992023,1.374600000,0.046700000,0.008200000
sample,advancing_forward,graph,128,137,14,291,1.370111942,1.378700000,0.048200000,0.008300000
sample,advancing_forward,graph,128,138,14,37346,1.368064046,1.377800000,0.048900000,0.007900000
sample,advancing_forward,graph,128,139,14,764,1.367040038,1.376500000,0.048900000,0.007900000
sample,advancing_forward,graph,128,140,14,8074,1.382400036,1.394600000,0.075400000,0.014200000
sample,advancing_forward,graph,128,141,14,20272,1.377279997,1.387700000,0.052800000,0.010700000
sample,advancing_forward,graph,128,142,14,9106,1.375231981,1.383700000,0.046500000,0.008200000
sample,advancing_forward,graph,128,143,14,3876,1.368064046,1.376600000,0.047100000,0.008200000
sample,advancing_forward,graph,128,128,15,284,1.353664041,1.361000000,0.040300000,0.008000000
sample,advancing_forward,graph,128,129,15,257,1.360864043,1.368000000,0.039800000,0.008000000
sample,advancing_forward,graph,128,130,15,614,1.362944007,1.370200000,0.042800000,0.008100000
sample,advancing_forward,graph,128,131,15,878,1.358847976,1.366500000,0.043100000,0.008000000
sample,advancing_forward,graph,128,132,15,289,1.361919999,1.370000000,0.042900000,0.008000000
sample,advancing_forward,graph,128,133,15,19775,1.363968015,1.372300000,0.040000000,0.008000000
sample,advancing_forward,graph,128,134,15,656,1.370111942,1.378700000,0.047100000,0.010300000
sample,advancing_forward,graph,128,135,15,39599,1.361919999,1.369600000,0.041000000,0.008400000
sample,advancing_forward,graph,128,136,15,1122,1.362944007,1.370700000,0.040200000,0.008100000
sample,advancing_forward,graph,128,137,15,291,1.366016030,1.374300000,0.039700000,0.008000000
sample,advancing_forward,graph,128,138,15,37346,1.369951963,1.377400000,0.040200000,0.008200000
sample,advancing_forward,graph,128,139,15,764,1.367040038,1.374800000,0.042000000,0.008200000
sample,advancing_forward,graph,128,140,15,8074,1.368064046,1.376200000,0.042400000,0.008000000
sample,advancing_forward,graph,128,141,15,20272,1.372159958,1.379700000,0.042800000,0.007900000
sample,advancing_forward,graph,128,142,15,9106,1.375136018,1.382100000,0.043200000,0.008100000
sample,advancing_forward,graph,128,143,15,3876,1.366016030,1.373600000,0.040400000,0.008100000
sample,advancing_forward,ordinary,128,128,15,284,1.970175982,1.978600000,1.371200000,0.000000000
sample,advancing_forward,ordinary,128,129,15,257,1.754112005,1.761700000,1.397200000,0.000000000
sample,advancing_forward,ordinary,128,130,15,614,1.860576034,1.867300000,1.547800000,0.000000000
sample,advancing_forward,ordinary,128,131,15,878,1.746816039,1.753900000,1.362500000,0.000000000
sample,advancing_forward,ordinary,128,132,15,289,1.756160021,1.764200000,1.412800000,0.000000000
sample,advancing_forward,ordinary,128,133,15,19775,1.850368023,1.858000000,1.339000000,0.000000000
sample,advancing_forward,ordinary,128,134,15,656,1.751039982,1.758400000,1.418400000,0.000000000
sample,advancing_forward,ordinary,128,135,15,39599,1.795071959,1.802200000,1.463800000,0.000000000
sample,advancing_forward,ordinary,128,136,15,1122,1.680384040,1.687300000,1.337900000,0.000000000
sample,advancing_forward,ordinary,128,137,15,291,1.756160021,1.763700000,1.440000000,0.000000000
sample,advancing_forward,ordinary,128,138,15,37346,1.711104035,1.718400000,1.165000000,0.000000000
sample,advancing_forward,ordinary,128,139,15,764,1.713152051,1.720300000,1.365400000,0.000000000
sample,advancing_forward,ordinary,128,140,15,8074,1.736703992,1.744400000,1.393400000,0.000000000
sample,advancing_forward,ordinary,128,141,15,20272,1.684479952,1.692400000,1.273000000,0.000000000
sample,advancing_forward,ordinary,128,142,15,9106,1.785856009,1.793000000,1.375900000,0.000000000
sample,advancing_forward,ordinary,128,143,15,3876,1.928032041,1.935400000,1.162400000,0.000000000
sample,advancing_forward,ordinary,512,512,0,837,1.850368023,1.858500000,1.097400000,0.000000000
sample,advancing_forward,ordinary,512,513,0,290,1.804288030,1.812200000,0.569500000,0.000000000
sample,advancing_forward,ordinary,512,514,0,460,1.848320007,1.855800000,0.566500000,0.000000000
sample,advancing_forward,ordinary,512,515,0,307,1.805312037,1.815300000,0.718800000,0.000000000
sample,advancing_forward,ordinary,512,516,0,12606,1.882112026,1.891400000,0.858900000,0.000000000
sample,advancing_forward,ordinary,512,517,0,32455,1.841151953,1.849200000,0.756700000,0.000000000
sample,advancing_forward,ordinary,512,518,0,837,1.903615952,1.912900000,1.045100000,0.000000000
sample,advancing_forward,ordinary,512,519,0,3584,1.853440046,1.861500000,0.772400000,0.000000000
sample,advancing_forward,ordinary,512,520,0,45456,1.851392031,1.860400000,0.683400000,0.000000000
sample,advancing_forward,ordinary,512,521,0,389,1.934335947,1.943100000,0.975100000,0.000000000
sample,advancing_forward,ordinary,512,522,0,7485,1.862655997,1.871500000,0.990500000,0.000000000
sample,advancing_forward,ordinary,512,523,0,284,1.939455986,1.950400000,1.257400000,0.000000000
sample,advancing_forward,ordinary,512,524,0,3051,2.098176003,2.107900000,1.435900000,0.000000000
sample,advancing_forward,ordinary,512,525,0,287,1.862655997,1.871200000,1.509000000,0.000000000
sample,advancing_forward,ordinary,512,526,0,262,1.862655997,1.871300000,1.260400000,0.000000000
sample,advancing_forward,ordinary,512,527,0,4295,1.885184050,1.894200000,1.452500000,0.000000000
sample,advancing_forward,graph,512,512,0,837,1.609727979,1.617800000,0.040300000,0.008300000
sample,advancing_forward,graph,512,513,0,290,1.632256031,1.647400000,0.060000000,0.016600000
sample,advancing_forward,graph,512,514,0,460,1.619968057,1.629500000,0.069700000,0.010700000
sample,advancing_forward,graph,512,515,0,307,1.619871974,1.628400000,0.044300000,0.009400000
sample,advancing_forward,graph,512,516,0,12606,1.618944049,1.627400000,0.041500000,0.008600000
sample,advancing_forward,graph,512,517,0,32455,1.622015953,1.630900000,0.041500000,0.009000000
sample,advancing_forward,graph,512,518,0,837,1.622015953,1.630700000,0.040600000,0.008500000
sample,advancing_forward,graph,512,519,0,3584,1.617920041,1.627900000,0.041500000,0.008600000
sample,advancing_forward,graph,512,520,0,45456,1.618944049,1.627500000,0.039500000,0.008300000
sample,advancing_forward,graph,512,521,0,389,1.622015953,1.629500000,0.042900000,0.008000000
sample,advancing_forward,graph,512,522,0,7485,1.625087976,1.632600000,0.042700000,0.008000000
sample,advancing_forward,graph,512,523,0,284,1.627135992,1.638400000,0.067400000,0.011800000
sample,advancing_forward,graph,512,524,0,3051,1.737696052,1.763400000,0.349800000,0.071100000
sample,advancing_forward,graph,512,525,0,287,1.626111984,1.634100000,0.040000000,0.008100000
sample,advancing_forward,graph,512,526,0,262,1.627871990,1.634800000,0.038800000,0.008100000
sample,advancing_forward,graph,512,527,0,4295,1.619968057,1.628700000,0.040400000,0.008300000
sample,advancing_forward,graph,512,512,1,837,1.608703971,1.617100000,0.041200000,0.008300000
sample,advancing_forward,graph,512,513,1,290,1.615872025,1.623600000,0.046400000,0.008200000
sample,advancing_forward,graph,512,514,1,460,1.638399959,1.652800000,0.065000000,0.020900000
sample,advancing_forward,graph,512,515,1,307,1.617823958,1.625400000,0.065500000,0.009800000
sample,advancing_forward,graph,512,516,1,12606,1.615872025,1.623700000,0.042300000,0.008100000
sample,advancing_forward,graph,512,517,1,32455,1.622015953,1.628800000,0.039700000,0.008300000
sample,advancing_forward,graph,512,518,1,837,1.623039961,1.631200000,0.039600000,0.008200000
sample,advancing_forward,graph,512,519,1,3584,1.616896033,1.625600000,0.046800000,0.008100000
sample,advancing_forward,graph,512,520,1,45456,1.619968057,1.628900000,0.046800000,0.007900000
sample,advancing_forward,graph,512,521,1,389,1.625087976,1.634200000,0.048100000,0.009300000
sample,advancing_forward,graph,512,522,1,7485,1.626111984,1.635700000,0.047300000,0.008100000
sample,advancing_forward,graph,512,523,1,284,1.624063969,1.633800000,0.050900000,0.008700000
sample,advancing_forward,graph,512,524,1,3051,1.629184008,1.638100000,0.069900000,0.009400000
sample,advancing_forward,graph,512,525,1,287,1.627135992,1.636400000,0.047500000,0.007900000
sample,advancing_forward,graph,512,526,1,262,1.629184008,1.639200000,0.046000000,0.007900000
sample,advancing_forward,graph,512,527,1,4295,1.619968057,1.629500000,0.047500000,0.007900000
sample,advancing_forward,ordinary,512,512,1,837,1.923071980,1.932400000,1.366200000,0.000000000
sample,advancing_forward,ordinary,512,513,1,290,1.886208057,1.894800000,1.528800000,0.000000000
sample,advancing_forward,ordinary,512,514,1,460,1.853440046,1.862400000,1.404400000,0.000000000
sample,advancing_forward,ordinary,512,515,1,307,1.851392031,1.860000000,1.398500000,0.000000000
sample,advancing_forward,ordinary,512,516,1,12606,1.857535958,1.867100000,1.399900000,0.000000000
sample,advancing_forward,ordinary,512,517,1,32455,1.850368023,1.858600000,1.317000000,0.000000000
sample,advancing_forward,ordinary,512,518,1,837,1.810431957,1.817700000,1.031200000,0.000000000
sample,advancing_forward,ordinary,512,519,1,3584,1.805312037,1.813400000,0.977800000,0.000000000
sample,advancing_forward,ordinary,512,520,1,45456,1.806336045,1.814400000,1.094800000,0.000000000
sample,advancing_forward,ordinary,512,521,1,389,1.877856016,1.888900000,1.114700000,0.000000000
sample,advancing_forward,ordinary,512,522,1,7485,1.852416039,1.860600000,1.447000000,0.000000000
sample,advancing_forward,ordinary,512,523,1,284,1.972223997,1.981200000,1.029100000,0.000000000
sample,advancing_forward,ordinary,512,524,1,3051,1.859583974,1.868100000,1.505400000,0.000000000
sample,advancing_forward,ordinary,512,525,1,287,1.861631989,1.870300000,1.415200000,0.000000000
sample,advancing_forward,ordinary,512,526,1,262,1.905663967,1.913900000,1.305200000,0.000000000
sample,advancing_forward,ordinary,512,527,1,4295,1.859583974,1.868100000,1.474500000,0.000000000
sample,advancing_forward,ordinary,512,512,2,837,1.882112026,1.890600000,0.884100000,0.000000000
sample,advancing_forward,ordinary,512,513,2,290,1.849344015,1.857800000,1.412600000,0.000000000
sample,advancing_forward,ordinary,512,514,2,460,1.808383942,1.815700000,0.924600000,0.000000000
sample,advancing_forward,ordinary,512,515,2,307,1.804288030,1.811700000,1.115500000,0.000000000
sample,advancing_forward,ordinary,512,516,2,12606,1.807360053,1.814600000,1.067000000,0.000000000
sample,advancing_forward,ordinary,512,517,2,32455,1.808383942,1.815200000,0.989900000,0.000000000
sample,advancing_forward,ordinary,512,518,2,837,1.855487943,1.863000000,0.844200000,0.000000000
sample,advancing_forward,ordinary,512,519,2,3584,3.005439997,3.013300000,2.189000000,0.000000000
sample,advancing_forward,ordinary,512,520,2,45456,1.799167991,1.807100000,1.083700000,0.000000000
sample,advancing_forward,ordinary,512,521,2,389,1.867776036,1.874800000,0.769600000,0.000000000
sample,advancing_forward,ordinary,512,522,2,7485,1.811455965,1.819100000,0.877000000,0.000000000
sample,advancing_forward,ordinary,512,523,2,284,1.812479973,1.820500000,0.974700000,0.000000000
sample,advancing_forward,ordinary,512,524,2,3051,1.812448025,1.820000000,0.973700000,0.000000000
sample,advancing_forward,ordinary,512,525,2,287,1.847296000,1.854900000,1.009400000,0.000000000
sample,advancing_forward,ordinary,512,526,2,262,1.880064011,1.887600000,1.039200000,0.000000000
sample,advancing_forward,ordinary,512,527,2,4295,1.811424017,1.819800000,1.270600000,0.000000000
sample,advancing_forward,graph,512,512,2,837,1.608703971,1.618200000,0.048000000,0.008200000
sample,advancing_forward,graph,512,513,2,290,1.615872025,1.625300000,0.047900000,0.008400000
sample,advancing_forward,graph,512,514,2,460,1.617920041,1.627100000,0.048800000,0.008100000
sample,advancing_forward,graph,512,515,2,307,1.613824010,1.623100000,0.047300000,0.008000000
sample,advancing_forward,graph,512,516,2,12606,1.616896033,1.628000000,0.047800000,0.007900000
sample,advancing_forward,graph,512,517,2,32455,1.639423966,1.656700000,0.097400000,0.022800000
sample,advancing_forward,graph,512,518,2,837,1.626111984,1.635700000,0.050200000,0.009500000
sample,advancing_forward,graph,512,519,2,3584,1.616896033,1.626200000,0.047200000,0.008400000
sample,advancing_forward,graph,512,520,2,45456,1.619968057,1.628800000,0.046900000,0.008400000
sample,advancing_forward,graph,512,521,2,389,1.622015953,1.631500000,0.049700000,0.007900000
sample,advancing_forward,graph,512,522,2,7485,1.626111984,1.635000000,0.048900000,0.007800000
sample,advancing_forward,graph,512,523,2,284,1.620991945,1.630300000,0.048500000,0.008000000
sample,advancing_forward,graph,512,524,2,3051,1.623039961,1.632200000,0.048900000,0.007800000
sample,advancing_forward,graph,512,525,2,287,1.628160000,1.637200000,0.049300000,0.007900000
sample,advancing_forward,graph,512,526,2,262,1.630208015,1.639500000,0.048500000,0.008100000
sample,advancing_forward,graph,512,527,2,4295,1.624063969,1.633800000,0.048800000,0.008700000
sample,advancing_forward,graph,512,512,3,837,1.610751987,1.618300000,0.040800000,0.008200000
sample,advancing_forward,graph,512,513,3,290,1.616896033,1.623800000,0.040500000,0.008000000
sample,advancing_forward,graph,512,514,3,460,1.617920041,1.626000000,0.040500000,0.008000000
sample,advancing_forward,graph,512,515,3,307,1.614848018,1.621700000,0.040100000,0.008000000
sample,advancing_forward,graph,512,516,3,12606,1.616896033,1.624700000,0.040100000,0.008100000
sample,advancing_forward,graph,512,517,3,32455,1.623039961,1.631600000,0.044300000,0.008000000
sample,advancing_forward,graph,512,518,3,837,1.622015953,1.631400000,0.042700000,0.008900000
sample,advancing_forward,graph,512,519,3,3584,1.616896033,1.626400000,0.046700000,0.008300000
sample,advancing_forward,graph,512,520,3,45456,1.619968057,1.629700000,0.047800000,0.008000000
sample,advancing_forward,graph,512,521,3,389,1.622015953,1.630500000,0.043700000,0.008100000
sample,advancing_forward,graph,512,522,3,7485,1.623039961,1.632700000,0.046300000,0.007900000
sample,advancing_forward,graph,512,523,3,284,1.622015953,1.631200000,0.046900000,0.007900000
sample,advancing_forward,graph,512,524,3,3051,1.623039961,1.632900000,0.048000000,0.008200000
sample,advancing_forward,graph,512,525,3,287,1.627135992,1.636000000,0.044000000,0.007900000
sample,advancing_forward,graph,512,526,3,262,1.632256031,1.640800000,0.054600000,0.008100000
sample,advancing_forward,graph,512,527,3,4295,1.622015953,1.631300000,0.044200000,0.008700000
sample,advancing_forward,ordinary,512,512,3,837,1.843199968,1.851900000,0.829300000,0.000000000
sample,advancing_forward,ordinary,512,513,3,290,1.852416039,1.861400000,0.884400000,0.000000000
sample,advancing_forward,ordinary,512,514,3,460,1.856511950,1.865000000,0.993400000,0.000000000
sample,advancing_forward,ordinary,512,515,3,307,1.914880037,1.923600000,0.767800000,0.000000000
sample,advancing_forward,ordinary,512,516,3,12606,1.827839971,1.836400000,0.931300000,0.000000000
sample,advancing_forward,ordinary,512,517,3,32455,1.825791955,1.834400000,0.687500000,0.000000000
sample,advancing_forward,ordinary,512,518,3,837,1.942528009,1.952200000,0.805000000,0.000000000
sample,advancing_forward,ordinary,512,519,3,3584,1.848320007,1.857700000,0.841900000,0.000000000
sample,advancing_forward,ordinary,512,520,3,45456,1.851392031,1.861000000,0.870900000,0.000000000
sample,advancing_forward,ordinary,512,521,3,389,1.900544047,1.910300000,0.867100000,0.000000000
sample,advancing_forward,ordinary,512,522,3,7485,1.863680005,1.872500000,0.762300000,0.000000000
sample,advancing_forward,ordinary,512,523,3,284,1.857535958,1.865900000,0.859800000,0.000000000
sample,advancing_forward,ordinary,512,524,3,3051,1.932288051,1.941600000,0.863500000,0.000000000
sample,advancing_forward,ordinary,512,525,3,287,1.976320028,1.986900000,0.763600000,0.000000000
sample,advancing_forward,ordinary,512,526,3,262,1.864704013,1.873400000,0.773800000,0.000000000
sample,advancing_forward,ordinary,512,527,3,4295,1.854464054,1.862600000,0.762600000,0.000000000
sample,advancing_forward,ordinary,512,512,4,837,1.853440046,1.861200000,0.617400000,0.000000000
sample,advancing_forward,ordinary,512,513,4,290,1.930240035,1.937300000,0.973300000,0.000000000
sample,advancing_forward,ordinary,512,514,4,460,1.878944039,1.886000000,1.134400000,0.000000000
sample,advancing_forward,ordinary,512,515,4,307,1.832960010,1.841700000,0.904700000,0.000000000
sample,advancing_forward,ordinary,512,516,4,12606,1.847296000,1.856900000,1.249300000,0.000000000
sample,advancing_forward,ordinary,512,517,4,32455,1.900544047,1.908600000,1.553400000,0.000000000
sample,advancing_forward,ordinary,512,518,4,837,1.859583974,1.868700000,1.205100000,0.000000000
sample,advancing_forward,ordinary,512,519,4,3584,1.849344015,1.858500000,1.414100000,0.000000000
sample,advancing_forward,ordinary,512,520,4,45456,1.878015995,1.886600000,1.435800000,0.000000000
sample,advancing_forward,ordinary,512,521,4,389,1.945600033,1.954400000,1.554700000,0.000000000
sample,advancing_forward,ordinary,512,522,4,7485,2.095103979,2.104400000,1.714000000,0.000000000
sample,advancing_forward,ordinary,512,523,4,284,2.114559889,2.124100000,1.653900000,0.000000000
sample,advancing_forward,ordinary,512,524,4,3051,2.242559910,2.251600000,1.332100000,0.000000000
sample,advancing_forward,ordinary,512,525,4,287,1.858559966,1.867700000,1.244700000,0.000000000
sample,advancing_forward,ordinary,512,526,4,262,1.838976026,1.847100000,1.165400000,0.000000000
sample,advancing_forward,ordinary,512,527,4,4295,1.856511950,1.866000000,1.415700000,0.000000000
sample,advancing_forward,graph,512,512,4,837,1.728512049,1.755300000,0.356400000,0.075500000
sample,advancing_forward,graph,512,513,4,290,1.615872025,1.623300000,0.042600000,0.008100000
sample,advancing_forward,graph,512,514,4,460,1.625087976,1.634700000,0.046200000,0.011700000
sample,advancing_forward,graph,512,515,4,307,1.616768003,1.624000000,0.042400000,0.008100000
sample,advancing_forward,graph,512,516,4,12606,1.616896033,1.625000000,0.042300000,0.008000000
sample,advancing_forward,graph,512,517,4,32455,1.619968057,1.627600000,0.042500000,0.007900000
sample,advancing_forward,graph,512,518,4,837,1.623039961,1.630700000,0.042700000,0.008100000
sample,advancing_forward,graph,512,519,4,3584,1.615872025,1.622800000,0.043000000,0.008100000
sample,advancing_forward,graph,512,520,4,45456,1.617920041,1.626600000,0.042800000,0.008200000
sample,advancing_forward,graph,512,521,4,389,1.624063969,1.636300000,0.061800000,0.008800000
sample,advancing_forward,graph,512,522,4,7485,1.625087976,1.635800000,0.071000000,0.009800000
sample,advancing_forward,graph,512,523,4,284,1.620991945,1.630500000,0.047400000,0.008000000
sample,advancing_forward,graph,512,524,4,3051,1.625087976,1.634300000,0.047800000,0.008000000
sample,advancing_forward,graph,512,525,4,287,1.627135992,1.637200000,0.046700000,0.009200000
sample,advancing_forward,graph,512,526,4,262,1.630208015,1.639700000,0.048200000,0.008400000
sample,advancing_forward,graph,512,527,4,4295,1.620991945,1.630500000,0.047400000,0.008000000
sample,advancing_forward,graph,512,512,5,837,1.607679963,1.616800000,0.047500000,0.008200000
sample,advancing_forward,graph,512,513,5,290,1.617920041,1.626700000,0.046800000,0.007900000
sample,advancing_forward,graph,512,514,5,460,1.617920041,1.627400000,0.072800000,0.007900000
sample,advancing_forward,graph,512,515,5,307,1.614848018,1.624000000,0.046400000,0.008000000
sample,advancing_forward,graph,512,516,5,12606,1.616896033,1.626400000,0.047100000,0.008000000
sample,advancing_forward,graph,512,517,5,32455,1.620991945,1.630100000,0.046000000,0.008000000
sample,advancing_forward,graph,512,518,5,837,1.624063969,1.633100000,0.047000000,0.008300000
sample,advancing_forward,graph,512,519,5,3584,1.614848018,1.624400000,0.046900000,0.007900000
sample,advancing_forward,graph,512,520,5,45456,1.617920041,1.627000000,0.048100000,0.007800000
sample,advancing_forward,graph,512,521,5,389,1.623039961,1.632300000,0.046600000,0.008300000
sample,advancing_forward,graph,512,522,5,7485,1.625087976,1.634400000,0.046000000,0.008000000
sample,advancing_forward,graph,512,523,5,284,1.622015953,1.631100000,0.046400000,0.007800000
sample,advancing_forward,graph,512,524,5,3051,1.636351943,1.646300000,0.051400000,0.010300000
sample,advancing_forward,graph,512,525,5,287,1.629184008,1.638200000,0.040000000,0.008600000
sample,advancing_forward,graph,512,526,5,262,1.630208015,1.638000000,0.040700000,0.008400000
sample,advancing_forward,graph,512,527,5,4295,1.620991945,1.628300000,0.039900000,0.008000000
sample,advancing_forward,ordinary,512,512,5,837,1.840127945,1.848400000,0.847400000,0.000000000
sample,advancing_forward,ordinary,512,513,5,290,1.806336045,1.814200000,1.139100000,0.000000000
sample,advancing_forward,ordinary,512,514,5,460,1.805312037,1.813100000,1.031500000,0.000000000
sample,advancing_forward,ordinary,512,515,5,307,1.855487943,1.862900000,0.745700000,0.000000000
sample,advancing_forward,ordinary,512,516,5,12606,1.804288030,1.811600000,1.199100000,0.000000000
sample,advancing_forward,ordinary,512,517,5,32455,1.807360053,1.814800000,1.203300000,0.000000000
sample,advancing_forward,ordinary,512,518,5,837,1.811424017,1.819200000,0.872800000,0.000000000
sample,advancing_forward,ordinary,512,519,5,3584,1.923071980,1.931600000,1.210600000,0.000000000
sample,advancing_forward,ordinary,512,520,5,45456,3.096575975,3.112700000,2.681500000,0.000000000
sample,advancing_forward,ordinary,512,521,5,389,1.927168012,1.936800000,0.749400000,0.000000000
sample,advancing_forward,ordinary,512,522,5,7485,1.884160042,1.894900000,1.571300000,0.000000000
sample,advancing_forward,ordinary,512,523,5,284,2.276351929,2.285100000,1.270700000,0.000000000
sample,advancing_forward,ordinary,512,524,5,3051,1.873919964,1.883200000,1.326200000,0.000000000
sample,advancing_forward,ordinary,512,525,5,287,1.870847940,1.879900000,1.398300000,0.000000000
sample,advancing_forward,ordinary,512,526,5,262,1.974272013,1.983200000,1.449500000,0.000000000
sample,advancing_forward,ordinary,512,527,5,4295,1.939455986,1.949200000,0.919400000,0.000000000
sample,advancing_forward,ordinary,512,512,6,837,1.839104056,1.848000000,1.497500000,0.000000000
sample,advancing_forward,ordinary,512,513,6,290,1.854464054,1.862500000,1.412500000,0.000000000
sample,advancing_forward,ordinary,512,514,6,460,1.900544047,1.909400000,1.373000000,0.000000000
sample,advancing_forward,ordinary,512,515,6,307,1.933312058,1.941500000,1.269900000,0.000000000
sample,advancing_forward,ordinary,512,516,6,12606,1.876991987,1.886100000,1.346600000,0.000000000
sample,advancing_forward,ordinary,512,517,6,32455,1.893375993,1.902400000,1.237000000,0.000000000
sample,advancing_forward,ordinary,512,518,6,837,1.856511950,1.865900000,1.314500000,0.000000000
sample,advancing_forward,ordinary,512,519,6,3584,1.852416039,1.861100000,1.374700000,0.000000000
sample,advancing_forward,ordinary,512,520,6,45456,1.855487943,1.864400000,1.497100000,0.000000000
sample,advancing_forward,ordinary,512,521,6,389,1.928192019,1.936700000,1.374400000,0.000000000
sample,advancing_forward,ordinary,512,522,6,7485,1.813503981,1.821600000,0.998900000,0.000000000
sample,advancing_forward,ordinary,512,523,6,284,1.811455965,1.819000000,1.061900000,0.000000000
sample,advancing_forward,ordinary,512,524,6,3051,1.844095945,1.853600000,1.388500000,0.000000000
sample,advancing_forward,ordinary,512,525,6,287,1.826815963,1.835100000,0.635100000,0.000000000
sample,advancing_forward,ordinary,512,526,6,262,1.865728021,1.875500000,1.446300000,0.000000000
sample,advancing_forward,ordinary,512,527,6,4295,1.884160042,1.893400000,1.334600000,0.000000000
sample,advancing_forward,graph,512,512,6,837,1.610751987,1.617800000,0.040800000,0.008300000
sample,advancing_forward,graph,512,513,6,290,1.615872025,1.623700000,0.040400000,0.008100000
sample,advancing_forward,graph,512,514,6,460,1.617727995,1.625400000,0.041300000,0.008200000
sample,advancing_forward,graph,512,515,6,307,1.613824010,1.621700000,0.043500000,0.008000000
sample,advancing_forward,graph,512,516,6,12606,1.614848018,1.623200000,0.042500000,0.007900000
sample,advancing_forward,graph,512,517,6,32455,1.622015953,1.629100000,0.040100000,0.008000000
sample,advancing_forward,graph,512,518,6,837,1.620991945,1.628500000,0.045700000,0.008000000
sample,advancing_forward,graph,512,519,6,3584,1.616896033,1.624700000,0.040300000,0.008400000
sample,advancing_forward,graph,512,520,6,45456,1.617920041,1.626300000,0.043000000,0.008000000
sample,advancing_forward,graph,512,521,6,389,1.623039961,1.630900000,0.042800000,0.007900000
sample,advancing_forward,graph,512,522,6,7485,1.625952005,1.633500000,0.042900000,0.008200000
sample,advancing_forward,graph,512,523,6,284,1.620895982,1.628700000,0.040400000,0.007900000
sample,advancing_forward,graph,512,524,6,3051,1.666048050,1.686300000,0.084300000,0.026400000
sample,advancing_forward,graph,512,525,6,287,1.728512049,1.755500000,0.326700000,0.076600000
sample,advancing_forward,graph,512,526,6,262,1.631072044,1.641300000,0.045200000,0.009000000
sample,advancing_forward,graph,512,527,6,4295,1.625087976,1.638300000,0.073100000,0.010300000
sample,advancing_forward,graph,512,512,7,837,1.610751987,1.618300000,0.042100000,0.008100000
sample,advancing_forward,graph,512,513,7,290,1.616896033,1.624700000,0.040700000,0.008200000
sample,advancing_forward,graph,512,514,7,460,1.616768003,1.624700000,0.040400000,0.008000000
sample,advancing_forward,graph,512,515,7,307,1.636351943,1.649900000,0.064100000,0.015600000
sample,advancing_forward,graph,512,516,7,12606,1.620991945,1.629300000,0.047500000,0.011000000
sample,advancing_forward,graph,512,517,7,32455,1.622015953,1.630200000,0.046700000,0.008500000
sample,advancing_forward,graph,512,518,7,837,1.622015953,1.629100000,0.039700000,0.008000000
sample,advancing_forward,graph,512,519,7,3584,1.616896033,1.624200000,0.040200000,0.008000000
sample,advancing_forward,graph,512,520,7,45456,1.619968057,1.627800000,0.040500000,0.008400000
sample,advancing_forward,graph,512,521,7,389,1.620991945,1.629000000,0.039600000,0.008100000
sample,advancing_forward,graph,512,522,7,7485,1.626111984,1.634700000,0.043100000,0.008100000
sample,advancing_forward,graph,512,523,7,284,1.625087976,1.633500000,0.072000000,0.011300000
sample,advancing_forward,graph,512,524,7,3051,1.623039961,1.632400000,0.046100000,0.008000000
sample,advancing_forward,graph,512,525,7,287,1.644544005,1.658100000,0.063500000,0.015000000
sample,advancing_forward,graph,512,526,7,262,1.632256031,1.641400000,0.051500000,0.009200000
sample,advancing_forward,graph,512,527,7,4295,1.620991945,1.630700000,0.051600000,0.008200000
sample,advancing_forward,ordinary,512,512,7,837,1.800191998,1.807900000,1.072900000,0.000000000
sample,advancing_forward,ordinary,512,513,7,290,1.828735948,1.836200000,0.757500000,0.000000000
sample,advancing_forward,ordinary,512,514,7,460,1.806336045,1.814800000,0.955200000,0.000000000
sample,advancing_forward,ordinary,512,515,7,307,1.804191947,1.811200000,0.952300000,0.000000000
sample,advancing_forward,ordinary,512,516,7,12606,1.831936002,1.839400000,0.877500000,0.000000000
sample,advancing_forward,ordinary,512,517,7,32455,1.819584012,1.826800000,0.733400000,0.000000000
sample,advancing_forward,ordinary,512,518,7,837,1.853440046,1.863000000,1.508200000,0.000000000
sample,advancing_forward,ordinary,512,519,7,3584,1.848320007,1.857600000,1.480900000,0.000000000
sample,advancing_forward,ordinary,512,520,7,45456,1.906687975,1.915900000,1.443200000,0.000000000
sample,advancing_forward,ordinary,512,521,7,389,1.854464054,1.862900000,1.470800000,0.000000000
sample,advancing_forward,ordinary,512,522,7,7485,1.869824052,1.877900000,1.353300000,0.000000000
sample,advancing_forward,ordinary,512,523,7,284,3.033087969,3.040700000,2.375700000,0.000000000
sample,advancing_forward,ordinary,512,524,7,3051,1.804288030,1.811800000,0.842300000,0.000000000
sample,advancing_forward,ordinary,512,525,7,287,1.842175961,1.849800000,0.642100000,0.000000000
sample,advancing_forward,ordinary,512,526,7,262,1.819648027,1.827700000,0.807200000,0.000000000
sample,advancing_forward,ordinary,512,527,7,4295,1.809407949,1.816800000,0.762200000,0.000000000
sample,advancing_forward,ordinary,512,512,8,837,1.964032054,1.979400000,1.630200000,0.000000000
sample,advancing_forward,ordinary,512,513,8,290,1.901568055,1.909900000,1.547200000,0.000000000
sample,advancing_forward,ordinary,512,514,8,460,1.848320007,1.857700000,1.506700000,0.000000000
sample,advancing_forward,ordinary,512,515,8,307,1.936383963,1.946900000,1.570700000,0.000000000
sample,advancing_forward,ordinary,512,516,8,12606,1.853440046,1.862000000,1.440000000,0.000000000
sample,advancing_forward,ordinary,512,517,8,32455,1.853440046,1.862800000,1.320600000,0.000000000
sample,advancing_forward,ordinary,512,518,8,837,1.884160042,1.893500000,1.567000000,0.000000000
sample,advancing_forward,ordinary,512,519,8,3584,1.854464054,1.863100000,1.406900000,0.000000000
sample,advancing_forward,ordinary,512,520,8,45456,1.915904045,1.925300000,1.603700000,0.000000000
sample,advancing_forward,ordinary,512,521,8,389,2.209791899,2.219100000,1.111700000,0.000000000
sample,advancing_forward,ordinary,512,522,8,7485,1.859583974,1.869300000,1.381100000,0.000000000
sample,advancing_forward,ordinary,512,523,8,284,1.854464054,1.863100000,1.460200000,0.000000000
sample,advancing_forward,ordinary,512,524,8,3051,1.919999957,1.928900000,1.568600000,0.000000000
sample,advancing_forward,ordinary,512,525,8,287,1.863680005,1.873100000,1.482800000,0.000000000
sample,advancing_forward,ordinary,512,526,8,262,1.874943972,1.883600000,1.343000000,0.000000000
sample,advancing_forward,ordinary,512,527,8,4295,1.853440046,1.861900000,1.400700000,0.000000000
sample,advancing_forward,graph,512,512,8,837,1.609727979,1.618200000,0.044600000,0.008300000
sample,advancing_forward,graph,512,513,8,290,1.617920041,1.627200000,0.047000000,0.008100000
sample,advancing_forward,graph,512,514,8,460,1.618944049,1.628100000,0.046400000,0.008000000
sample,advancing_forward,graph,512,515,8,307,1.613824010,1.622900000,0.047200000,0.008100000
sample,advancing_forward,graph,512,516,8,12606,1.615872025,1.624800000,0.047800000,0.008000000
sample,advancing_forward,graph,512,517,8,32455,1.622015953,1.630900000,0.048500000,0.008100000
sample,advancing_forward,graph,512,518,8,837,1.623039961,1.630300000,0.040100000,0.008200000
sample,advancing_forward,graph,512,519,8,3584,1.615808010,1.623600000,0.043500000,0.008300000
sample,advancing_forward,graph,512,520,8,45456,1.630208015,1.641400000,0.053700000,0.011700000
sample,advancing_forward,graph,512,521,8,389,1.622015953,1.630300000,0.040600000,0.008600000
sample,advancing_forward,graph,512,522,8,7485,1.625087976,1.634200000,0.043100000,0.008300000
sample,advancing_forward,graph,512,523,8,284,1.620991945,1.629700000,0.045600000,0.008200000
sample,advancing_forward,graph,512,524,8,3051,1.624063969,1.633000000,0.047700000,0.008000000
sample,advancing_forward,graph,512,525,8,287,1.627135992,1.636800000,0.047900000,0.007900000
sample,advancing_forward,graph,512,526,8,262,1.628160000,1.637700000,0.044900000,0.007900000
sample,advancing_forward,graph,512,527,8,4295,1.622015953,1.631100000,0.044000000,0.008000000
sample,advancing_forward,graph,512,512,9,837,1.613824010,1.623300000,0.071400000,0.011900000
sample,advancing_forward,graph,512,513,9,290,1.618944049,1.626600000,0.047400000,0.009600000
sample,advancing_forward,graph,512,514,9,460,1.617920041,1.626000000,0.042200000,0.009100000
sample,advancing_forward,graph,512,515,9,307,1.617792010,1.625900000,0.043500000,0.011300000
sample,advancing_forward,graph,512,516,9,12606,1.617920041,1.627200000,0.044100000,0.008200000
sample,advancing_forward,graph,512,517,9,32455,1.618944049,1.627700000,0.044900000,0.008100000
sample,advancing_forward,graph,512,518,9,837,1.624063969,1.633500000,0.046800000,0.008100000
sample,advancing_forward,graph,512,519,9,3584,1.616896033,1.625700000,0.047800000,0.008000000
sample,advancing_forward,graph,512,520,9,45456,1.638399959,1.654300000,0.067700000,0.017400000
sample,advancing_forward,graph,512,521,9,389,1.627135992,1.638000000,0.077600000,0.011200000
sample,advancing_forward,graph,512,522,9,7485,1.629184008,1.637700000,0.041800000,0.008700000
sample,advancing_forward,graph,512,523,9,284,1.623039961,1.632700000,0.049000000,0.008400000
sample,advancing_forward,graph,512,524,9,3051,1.624063969,1.632900000,0.048500000,0.008000000
sample,advancing_forward,graph,512,525,9,287,1.629184008,1.638100000,0.048000000,0.008600000
sample,advancing_forward,graph,512,526,9,262,1.629184008,1.639000000,0.048300000,0.007800000
sample,advancing_forward,graph,512,527,9,4295,1.620991945,1.629800000,0.046100000,0.007900000
sample,advancing_forward,ordinary,512,512,9,837,1.800160050,1.807800000,1.294600000,0.000000000
sample,advancing_forward,ordinary,512,513,9,290,1.807360053,1.815300000,0.993400000,0.000000000
sample,advancing_forward,ordinary,512,514,9,460,1.828863978,1.836000000,0.891300000,0.000000000
sample,advancing_forward,ordinary,512,515,9,307,1.867776036,1.876200000,1.184200000,0.000000000
sample,advancing_forward,ordinary,512,516,9,12606,1.805184007,1.812200000,0.830200000,0.000000000
sample,advancing_forward,ordinary,512,517,9,32455,1.808383942,1.816400000,1.144400000,0.000000000
sample,advancing_forward,ordinary,512,518,9,837,1.810431957,1.819200000,1.111100000,0.000000000
sample,advancing_forward,ordinary,512,519,9,3584,2.381824017,2.396700000,2.076300000,0.000000000
sample,advancing_forward,ordinary,512,520,9,45456,2.615295887,2.642400000,1.971100000,0.000000000
sample,advancing_forward,ordinary,512,521,9,389,1.883136034,1.892400000,1.328700000,0.000000000
sample,advancing_forward,ordinary,512,522,9,7485,1.859583974,1.868100000,1.319300000,0.000000000
sample,advancing_forward,ordinary,512,523,9,284,1.891327977,1.899100000,0.999000000,0.000000000
sample,advancing_forward,ordinary,512,524,9,3051,1.873919964,1.882100000,0.803400000,0.000000000
sample,advancing_forward,ordinary,512,525,9,287,1.816576004,1.825000000,0.870700000,0.000000000
sample,advancing_forward,ordinary,512,526,9,262,1.815551996,1.823700000,0.996800000,0.000000000
sample,advancing_forward,ordinary,512,527,9,4295,1.811328053,1.819900000,0.971300000,0.000000000
sample,advancing_forward,ordinary,512,512,10,837,1.881088018,1.889700000,1.419700000,0.000000000
sample,advancing_forward,ordinary,512,513,10,290,1.865728021,1.875200000,1.337000000,0.000000000
sample,advancing_forward,ordinary,512,514,10,460,1.855487943,1.864100000,1.409100000,0.000000000
sample,advancing_forward,ordinary,512,515,10,307,2.042880058,2.053000000,1.407500000,0.000000000
sample,advancing_forward,ordinary,512,516,10,12606,2.017280102,2.030000000,1.403100000,0.000000000
sample,advancing_forward,ordinary,512,517,10,32455,1.967103958,1.976300000,1.631800000,0.000000000
sample,advancing_forward,ordinary,512,518,10,837,1.883136034,1.891900000,1.334800000,0.000000000
sample,advancing_forward,ordinary,512,519,10,3584,2.027519941,2.037400000,1.416400000,0.000000000
sample,advancing_forward,ordinary,512,520,10,45456,1.926144004,1.935000000,1.062600000,0.000000000
sample,advancing_forward,ordinary,512,521,10,389,1.891327977,1.900900000,1.519900000,0.000000000
sample,advancing_forward,ordinary,512,522,10,7485,1.945600033,1.954700000,1.503700000,0.000000000
sample,advancing_forward,ordinary,512,523,10,284,1.984511971,1.993200000,1.378300000,0.000000000
sample,advancing_forward,ordinary,512,524,10,3051,1.907711983,1.918800000,1.364000000,0.000000000
sample,advancing_forward,ordinary,512,525,10,287,1.898496032,1.907000000,1.426200000,0.000000000
sample,advancing_forward,ordinary,512,526,10,262,1.861631989,1.871800000,1.500600000,0.000000000
sample,advancing_forward,ordinary,512,527,10,4295,1.893375993,1.902300000,1.499500000,0.000000000
sample,advancing_forward,graph,512,512,10,837,1.609727979,1.619000000,0.047300000,0.008400000
sample,advancing_forward,graph,512,513,10,290,1.617920041,1.626800000,0.046600000,0.008100000
sample,advancing_forward,graph,512,514,10,460,1.636351943,1.656100000,0.063700000,0.015300000
sample,advancing_forward,graph,512,515,10,307,1.616896033,1.627300000,0.053500000,0.008800000
sample,advancing_forward,graph,512,516,10,12606,1.619968057,1.629100000,0.049000000,0.008300000
sample,advancing_forward,graph,512,517,10,32455,1.619968057,1.629700000,0.047100000,0.008100000
sample,advancing_forward,graph,512,518,10,837,1.625087976,1.634800000,0.048500000,0.008300000
sample,advancing_forward,graph,512,519,10,3584,1.615872025,1.625800000,0.049200000,0.008100000
sample,advancing_forward,graph,512,520,10,45456,1.618944049,1.627700000,0.049100000,0.008000000
sample,advancing_forward,graph,512,521,10,389,1.624063969,1.633200000,0.072100000,0.007900000
sample,advancing_forward,graph,512,522,10,7485,1.623039961,1.632900000,0.048600000,0.007900000
sample,advancing_forward,graph,512,523,10,284,1.624063969,1.633700000,0.055700000,0.009100000
sample,advancing_forward,graph,512,524,10,3051,1.628160000,1.640500000,0.053600000,0.011100000
sample,advancing_forward,graph,512,525,10,287,1.627135992,1.635300000,0.040600000,0.008100000
sample,advancing_forward,graph,512,526,10,262,1.629088044,1.637000000,0.040500000,0.007800000
sample,advancing_forward,graph,512,527,10,4295,1.622015953,1.628900000,0.040700000,0.008000000
sample,advancing_forward,graph,512,512,11,837,1.608703971,1.616300000,0.040500000,0.008100000
sample,advancing_forward,graph,512,513,11,290,1.616896033,1.624600000,0.040100000,0.008100000
sample,advancing_forward,graph,512,514,11,460,1.616896033,1.627000000,0.043300000,0.008800000
sample,advancing_forward,graph,512,515,11,307,1.727488041,1.753600000,0.342800000,0.072500000
sample,advancing_forward,graph,512,516,11,12606,1.615872025,1.624100000,0.039900000,0.008000000
sample,advancing_forward,graph,512,517,11,32455,1.619968057,1.627100000,0.041700000,0.008100000
sample,advancing_forward,graph,512,518,11,837,1.622015953,1.629300000,0.041900000,0.008200000
sample,advancing_forward,graph,512,519,11,3584,1.613824010,1.622000000,0.040400000,0.008000000
sample,advancing_forward,graph,512,520,11,45456,1.619968057,1.627500000,0.040400000,0.008300000
sample,advancing_forward,graph,512,521,11,389,1.622015953,1.629300000,0.040300000,0.008100000
sample,advancing_forward,graph,512,522,11,7485,1.624063969,1.631400000,0.039800000,0.008000000
sample,advancing_forward,graph,512,523,11,284,1.620991945,1.629400000,0.040100000,0.008100000
sample,advancing_forward,graph,512,524,11,3051,1.625920057,1.633900000,0.044700000,0.009700000
sample,advancing_forward,graph,512,525,11,287,1.626111984,1.633800000,0.040400000,0.008100000
sample,advancing_forward,graph,512,526,11,262,1.628991961,1.637100000,0.040500000,0.008000000
sample,advancing_forward,graph,512,527,11,4295,1.620991945,1.630300000,0.045200000,0.008100000
sample,advancing_forward,ordinary,512,512,11,837,1.974272013,1.983300000,1.449900000,0.000000000
sample,advancing_forward,ordinary,512,513,11,290,1.876991987,1.887900000,1.445600000,0.000000000
sample,advancing_forward,ordinary,512,514,11,460,2.023423910,2.033500000,1.527100000,0.000000000
sample,advancing_forward,ordinary,512,515,11,307,1.850368023,1.859800000,1.418800000,0.000000000
sample,advancing_forward,ordinary,512,516,11,12606,1.873919964,1.882900000,1.499300000,0.000000000
sample,advancing_forward,ordinary,512,517,11,32455,1.875967979,1.884600000,1.493400000,0.000000000
sample,advancing_forward,ordinary,512,518,11,837,1.855487943,1.863700000,1.305600000,0.000000000
sample,advancing_forward,ordinary,512,519,11,3584,1.850368023,1.859600000,1.499500000,0.000000000
sample,advancing_forward,ordinary,512,520,11,45456,1.854464054,1.863500000,1.286300000,0.000000000
sample,advancing_forward,ordinary,512,521,11,389,2.022399902,2.031300000,1.575500000,0.000000000
sample,advancing_forward,ordinary,512,522,11,7485,1.861631989,1.870400000,1.256900000,0.000000000
sample,advancing_forward,ordinary,512,523,11,284,1.858559966,1.868000000,1.337700000,0.000000000
sample,advancing_forward,ordinary,512,524,11,3051,1.943552017,1.952700000,1.462100000,0.000000000
sample,advancing_forward,ordinary,512,525,11,287,1.922047973,1.931300000,0.989500000,0.000000000
sample,advancing_forward,ordinary,512,526,11,262,1.853440046,1.860900000,0.885500000,0.000000000
sample,advancing_forward,ordinary,512,527,11,4295,1.828863978,1.836300000,1.101700000,0.000000000
sample,advancing_forward,ordinary,512,512,12,837,1.801216006,1.809100000,0.715600000,0.000000000
sample,advancing_forward,ordinary,512,513,12,290,1.853440046,1.862000000,1.481500000,0.000000000
sample,advancing_forward,ordinary,512,514,12,460,1.850368023,1.859600000,1.329000000,0.000000000
sample,advancing_forward,ordinary,512,515,12,307,1.873919964,1.883600000,1.427500000,0.000000000
sample,advancing_forward,ordinary,512,516,12,12606,1.895424008,1.903700000,1.444500000,0.000000000
sample,advancing_forward,ordinary,512,517,12,32455,1.812479973,1.820500000,1.002100000,0.000000000
sample,advancing_forward,ordinary,512,518,12,837,1.813408017,1.820500000,0.570800000,0.000000000
sample,advancing_forward,ordinary,512,519,12,3584,1.802240014,1.810200000,0.568000000,0.000000000
sample,advancing_forward,ordinary,512,520,12,45456,1.809407949,1.816700000,0.860600000,0.000000000
sample,advancing_forward,ordinary,512,521,12,389,1.813503981,1.821300000,0.933100000,0.000000000
sample,advancing_forward,ordinary,512,522,12,7485,1.854464054,1.861600000,0.868200000,0.000000000
sample,advancing_forward,ordinary,512,523,12,284,1.812479973,1.819600000,0.749600000,0.000000000
sample,advancing_forward,ordinary,512,524,12,3051,1.815551996,1.823300000,1.122200000,0.000000000
sample,advancing_forward,ordinary,512,525,12,287,1.869824052,1.877400000,1.020200000,0.000000000
sample,advancing_forward,ordinary,512,526,12,262,1.863680005,1.871800000,1.048300000,0.000000000
sample,advancing_forward,ordinary,512,527,12,4295,1.810400009,1.818900000,0.816400000,0.000000000
sample,advancing_forward,graph,512,512,12,837,1.609727979,1.621800000,0.049700000,0.008100000
sample,advancing_forward,graph,512,513,12,290,1.615872025,1.625500000,0.046800000,0.008100000
sample,advancing_forward,graph,512,514,12,460,1.616896033,1.626900000,0.046500000,0.007800000
sample,advancing_forward,graph,512,515,12,307,1.613824010,1.624200000,0.047500000,0.007900000
sample,advancing_forward,graph,512,516,12,12606,1.617920041,1.627000000,0.047400000,0.007900000
sample,advancing_forward,graph,512,517,12,32455,1.619968057,1.629200000,0.049900000,0.008200000
sample,advancing_forward,graph,512,518,12,837,1.620991945,1.630600000,0.048600000,0.008000000
sample,advancing_forward,graph,512,519,12,3584,1.617920041,1.626700000,0.053400000,0.007900000
sample,advancing_forward,graph,512,520,12,45456,1.617920041,1.626100000,0.040600000,0.007900000
sample,advancing_forward,graph,512,521,12,389,1.620991945,1.629100000,0.041000000,0.008100000
sample,advancing_forward,graph,512,522,12,7485,1.623039961,1.631700000,0.043200000,0.007900000
sample,advancing_forward,graph,512,523,12,284,1.619968057,1.628100000,0.043300000,0.007900000
sample,advancing_forward,graph,512,524,12,3051,1.623039961,1.630300000,0.041400000,0.008000000
sample,advancing_forward,graph,512,525,12,287,1.627135992,1.635300000,0.041000000,0.008000000
sample,advancing_forward,graph,512,526,12,262,1.630208015,1.638300000,0.041500000,0.007900000
sample,advancing_forward,graph,512,527,12,4295,1.633280039,1.645000000,0.050700000,0.012400000
sample,advancing_forward,graph,512,512,13,837,1.609727979,1.616500000,0.042600000,0.008200000
sample,advancing_forward,graph,512,513,13,290,1.614848018,1.622600000,0.039900000,0.008000000
sample,advancing_forward,graph,512,514,13,460,1.623008013,1.630400000,0.066000000,0.007900000
sample,advancing_forward,graph,512,515,13,307,1.614655972,1.622500000,0.040200000,0.008100000
sample,advancing_forward,graph,512,516,13,12606,1.615872025,1.623200000,0.040200000,0.007900000
sample,advancing_forward,graph,512,517,13,32455,1.618911982,1.626600000,0.040100000,0.008300000
sample,advancing_forward,graph,512,518,13,837,1.624959946,1.633700000,0.064800000,0.009800000
sample,advancing_forward,graph,512,519,13,3584,1.614848018,1.622800000,0.040200000,0.008000000
sample,advancing_forward,graph,512,520,13,45456,1.618911982,1.625700000,0.040100000,0.008000000
sample,advancing_forward,graph,512,521,13,389,1.619968057,1.627900000,0.039500000,0.007900000
sample,advancing_forward,graph,512,522,13,7485,1.625920057,1.633300000,0.039800000,0.007800000
sample,advancing_forward,graph,512,523,13,284,1.620991945,1.628700000,0.039700000,0.008000000
sample,advancing_forward,graph,512,524,13,3051,1.622975945,1.630400000,0.040000000,0.008100000
sample,advancing_forward,graph,512,525,13,287,1.626111984,1.634200000,0.043700000,0.008000000
sample,advancing_forward,graph,512,526,13,262,1.630208015,1.637900000,0.040400000,0.008300000
sample,advancing_forward,graph,512,527,13,4295,1.622015953,1.630800000,0.044400000,0.009200000
sample,advancing_forward,ordinary,512,512,13,837,1.797119975,1.805700000,0.967700000,0.000000000
sample,advancing_forward,ordinary,512,513,13,290,1.855487943,1.863800000,1.014700000,0.000000000
sample,advancing_forward,ordinary,512,514,13,460,1.805312037,1.812800000,0.881400000,0.000000000
sample,advancing_forward,ordinary,512,515,13,307,1.864704013,1.872100000,1.274700000,0.000000000
sample,advancing_forward,ordinary,512,516,13,12606,1.806208014,1.814500000,1.078700000,0.000000000
sample,advancing_forward,ordinary,512,517,13,32455,1.809407949,1.817600000,0.761100000,0.000000000
sample,advancing_forward,ordinary,512,518,13,837,1.903615952,1.911800000,1.563700000,0.000000000
sample,advancing_forward,ordinary,512,519,13,3584,2.110464096,2.120500000,1.272900000,0.000000000
sample,advancing_forward,ordinary,512,520,13,45456,1.853440046,1.862600000,1.472100000,0.000000000
sample,advancing_forward,ordinary,512,521,13,389,1.922047973,1.931000000,1.121100000,0.000000000
sample,advancing_forward,ordinary,512,522,13,7485,1.861631989,1.870300000,1.429800000,0.000000000
sample,advancing_forward,ordinary,512,523,13,284,1.859583974,1.868400000,1.311200000,0.000000000
sample,advancing_forward,ordinary,512,524,13,3051,1.892351985,1.901700000,1.425100000,0.000000000
sample,advancing_forward,ordinary,512,525,13,287,1.863680005,1.872300000,1.413900000,0.000000000
sample,advancing_forward,ordinary,512,526,13,262,1.866752028,1.876100000,1.374200000,0.000000000
sample,advancing_forward,ordinary,512,527,13,4295,1.856511950,1.864400000,1.315800000,0.000000000
sample,advancing_forward,ordinary,512,512,14,837,1.922047973,1.931000000,1.428100000,0.000000000
sample,advancing_forward,ordinary,512,513,14,290,1.850368023,1.860100000,1.495600000,0.000000000
sample,advancing_forward,ordinary,512,514,14,460,1.900544047,1.909000000,1.521400000,0.000000000
sample,advancing_forward,ordinary,512,515,14,307,1.851392031,1.859700000,1.457900000,0.000000000
sample,advancing_forward,ordinary,512,516,14,12606,1.921023965,1.929700000,1.063600000,0.000000000
sample,advancing_forward,ordinary,512,517,14,32455,2.007040024,2.015300000,1.647300000,0.000000000
sample,advancing_forward,ordinary,512,518,14,837,1.870847940,1.878800000,0.716800000,0.000000000
sample,advancing_forward,ordinary,512,519,14,3584,1.861631989,1.886500000,1.105900000,0.000000000
sample,advancing_forward,ordinary,512,520,14,45456,1.973248005,1.982300000,1.324900000,0.000000000
sample,advancing_forward,ordinary,512,521,14,389,1.914880037,1.923500000,1.538200000,0.000000000
sample,advancing_forward,ordinary,512,522,14,7485,1.858559966,1.867900000,1.198300000,0.000000000
sample,advancing_forward,ordinary,512,523,14,284,1.894400001,1.903600000,1.092100000,0.000000000
sample,advancing_forward,ordinary,512,524,14,3051,1.859583974,1.867800000,1.411000000,0.000000000
sample,advancing_forward,ordinary,512,525,14,287,1.843199968,1.852100000,1.336800000,0.000000000
sample,advancing_forward,ordinary,512,526,14,262,1.818624020,1.825800000,0.839100000,0.000000000
sample,advancing_forward,ordinary,512,527,14,4295,1.811360002,1.818500000,0.855000000,0.000000000
sample,advancing_forward,graph,512,512,14,837,1.609727979,1.618100000,0.045700000,0.009200000
sample,advancing_forward,graph,512,513,14,290,1.617823958,1.625700000,0.044200000,0.008300000
sample,advancing_forward,graph,512,514,14,460,1.618944049,1.628400000,0.047700000,0.008400000
sample,advancing_forward,graph,512,515,14,307,1.615872025,1.624800000,0.047200000,0.009200000
sample,advancing_forward,graph,512,516,14,12606,1.617920041,1.627600000,0.049000000,0.007800000
sample,advancing_forward,graph,512,517,14,32455,1.619968057,1.629600000,0.046400000,0.007800000
sample,advancing_forward,graph,512,518,14,837,1.623039961,1.632100000,0.048600000,0.008000000
sample,advancing_forward,graph,512,519,14,3584,1.616896033,1.626700000,0.049100000,0.008000000
sample,advancing_forward,graph,512,520,14,45456,1.617920041,1.626500000,0.049100000,0.007800000
sample,advancing_forward,graph,512,521,14,389,1.635328054,1.647000000,0.060000000,0.013200000
sample,advancing_forward,graph,512,522,14,7485,1.625087976,1.635200000,0.047600000,0.008500000
sample,advancing_forward,graph,512,523,14,284,1.623039961,1.632500000,0.046400000,0.008000000
sample,advancing_forward,graph,512,524,14,3051,1.622015953,1.630900000,0.045800000,0.007900000
sample,advancing_forward,graph,512,525,14,287,1.626111984,1.634800000,0.040800000,0.008000000
sample,advancing_forward,graph,512,526,14,262,1.629184008,1.637400000,0.040800000,0.007900000
sample,advancing_forward,graph,512,527,14,4295,1.619968057,1.626900000,0.040900000,0.008000000
sample,advancing_forward,graph,512,512,15,837,1.613824010,1.623900000,0.053400000,0.010300000
sample,advancing_forward,graph,512,513,15,290,1.620991945,1.635900000,0.054300000,0.010600000
sample,advancing_forward,graph,512,514,15,460,1.617920041,1.626400000,0.046400000,0.008400000
sample,advancing_forward,graph,512,515,15,307,1.615872025,1.625400000,0.047600000,0.007800000
sample,advancing_forward,graph,512,516,15,12606,1.615872025,1.624400000,0.042800000,0.008000000
sample,advancing_forward,graph,512,517,15,32455,1.621855974,1.629700000,0.040500000,0.007900000
sample,advancing_forward,graph,512,518,15,837,1.621952057,1.628900000,0.042900000,0.007900000
sample,advancing_forward,graph,512,519,15,3584,1.614848018,1.623000000,0.041100000,0.008000000
sample,advancing_forward,graph,512,520,15,45456,1.617920041,1.626200000,0.041100000,0.008100000
sample,advancing_forward,graph,512,521,15,389,1.634271979,1.645700000,0.052200000,0.012800000
sample,advancing_forward,graph,512,522,15,7485,1.625056028,1.632700000,0.041100000,0.008500000
sample,advancing_forward,graph,512,523,15,284,1.622015953,1.629700000,0.039900000,0.008100000
sample,advancing_forward,graph,512,524,15,3051,1.623999953,1.631600000,0.042300000,0.008100000
sample,advancing_forward,graph,512,525,15,287,1.628128052,1.635700000,0.040200000,0.008000000
sample,advancing_forward,graph,512,526,15,262,1.629184008,1.637000000,0.040200000,0.008000000
sample,advancing_forward,graph,512,527,15,4295,1.622015953,1.629000000,0.040100000,0.008000000
sample,advancing_forward,ordinary,512,512,15,837,1.812479973,1.820600000,1.072200000,0.000000000
sample,advancing_forward,ordinary,512,513,15,290,2.030591965,2.038500000,0.799800000,0.000000000
sample,advancing_forward,ordinary,512,514,15,460,1.909759998,1.919300000,1.548000000,0.000000000
sample,advancing_forward,ordinary,512,515,15,307,1.847296000,1.856300000,1.416700000,0.000000000
sample,advancing_forward,ordinary,512,516,15,12606,1.934335947,1.943200000,1.487300000,0.000000000
sample,advancing_forward,ordinary,512,517,15,32455,1.856511950,1.865600000,1.308600000,0.000000000
sample,advancing_forward,ordinary,512,518,15,837,1.872895956,1.881900000,1.311000000,0.000000000
sample,advancing_forward,ordinary,512,519,15,3584,1.852416039,1.863100000,1.427000000,0.000000000
sample,advancing_forward,ordinary,512,520,15,45456,1.854464054,1.863500000,1.433100000,0.000000000
sample,advancing_forward,ordinary,512,521,15,389,1.856511950,1.865700000,1.310100000,0.000000000
sample,advancing_forward,ordinary,512,522,15,7485,1.883136034,1.892800000,1.486300000,0.000000000
sample,advancing_forward,ordinary,512,523,15,284,1.856511950,1.866100000,1.457200000,0.000000000
sample,advancing_forward,ordinary,512,524,15,3051,1.856511950,1.865200000,1.462400000,0.000000000
sample,advancing_forward,ordinary,512,525,15,287,1.865728021,1.874000000,1.344300000,0.000000000
sample,advancing_forward,ordinary,512,526,15,262,1.865728021,1.874400000,1.312100000,0.000000000
sample,advancing_forward,ordinary,512,527,15,4295,1.856511950,1.865900000,0.876400000,0.000000000
sample,advancing_forward,ordinary,1007,1007,0,837,2.123775959,2.131500000,0.582600000,0.000000000
sample,advancing_forward,ordinary,1007,1008,0,290,2.124736071,2.132200000,0.584200000,0.000000000
sample,advancing_forward,ordinary,1007,1009,0,1863,3.266463995,3.273700000,0.613700000,0.000000000
sample,advancing_forward,ordinary,1007,1010,0,691,2.125823975,2.133700000,0.482200000,0.000000000
sample,advancing_forward,ordinary,1007,1011,0,262,2.155519962,2.167100000,0.665700000,0.000000000
sample,advancing_forward,ordinary,1007,1012,0,5093,2.125823975,2.133400000,0.674600000,0.000000000
sample,advancing_forward,ordinary,1007,1013,0,2488,2.132992029,2.140900000,0.681600000,0.000000000
sample,advancing_forward,ordinary,1007,1014,0,12,2.151423931,2.159600000,0.628900000,0.000000000
sample,advancing_forward,ordinary,1007,1015,0,31,2.129920006,2.137200000,0.656600000,0.000000000
sample,advancing_forward,ordinary,1007,1016,0,7421,2.159615993,2.168300000,0.619800000,0.000000000
sample,advancing_forward,ordinary,1007,1017,0,7051,2.134016037,2.141900000,0.567200000,0.000000000
sample,advancing_forward,ordinary,1007,1018,0,286,2.141184092,2.149200000,0.568900000,0.000000000
sample,advancing_forward,ordinary,1007,1019,0,262,2.151423931,2.159300000,0.600800000,0.000000000
sample,advancing_forward,ordinary,1007,1020,0,2619,2.136064053,2.144300000,0.588900000,0.000000000
sample,advancing_forward,ordinary,1007,1021,0,6896,2.140160084,2.148000000,0.546000000,0.000000000
sample,advancing_forward,ordinary,1007,1022,0,764,2.144256115,2.151800000,0.572300000,0.000000000
sample,advancing_forward,graph,1007,1007,0,837,1.937343955,1.945500000,0.040400000,0.008500000
sample,advancing_forward,graph,1007,1008,0,290,1.938431978,1.946200000,0.041600000,0.008400000
sample,advancing_forward,graph,1007,1009,0,1863,1.940479994,1.949200000,0.041200000,0.008600000
sample,advancing_forward,graph,1007,1010,0,691,1.945600033,1.954000000,0.040600000,0.008200000
sample,advancing_forward,graph,1007,1011,0,262,1.955839992,1.969300000,0.055600000,0.012900000
sample,advancing_forward,graph,1007,1012,0,5093,1.944576025,1.952600000,0.043800000,0.008800000
sample,advancing_forward,graph,1007,1013,0,2488,1.949695945,1.958200000,0.045000000,0.008700000
sample,advancing_forward,graph,1007,1014,0,12,1.951743960,1.960400000,0.044000000,0.008600000
sample,advancing_forward,graph,1007,1015,0,31,1.943552017,1.952100000,0.042500000,0.009200000
sample,advancing_forward,graph,1007,1016,0,7421,1.943552017,1.952200000,0.040900000,0.008400000
sample,advancing_forward,graph,1007,1017,0,7051,1.947648048,1.956200000,0.041200000,0.008300000
sample,advancing_forward,graph,1007,1018,0,286,1.948672056,1.957400000,0.040600000,0.008200000
sample,advancing_forward,graph,1007,1019,0,262,1.948480010,1.959700000,0.045100000,0.009700000
sample,advancing_forward,graph,1007,1020,0,2619,2.065407991,2.095000000,0.371300000,0.074400000
sample,advancing_forward,graph,1007,1021,0,6896,1.949695945,1.957800000,0.040200000,0.008500000
sample,advancing_forward,graph,1007,1022,0,764,1.956863999,1.964100000,0.043500000,0.008400000
sample,advancing_forward,graph,1007,1007,1,837,1.952767968,1.969400000,0.075600000,0.015500000
sample,advancing_forward,graph,1007,1008,1,290,1.942528009,1.954200000,0.078100000,0.011100000
sample,advancing_forward,graph,1007,1009,1,1863,1.944576025,1.955100000,0.049500000,0.008200000
sample,advancing_forward,graph,1007,1010,1,691,1.944576025,1.955200000,0.048600000,0.008100000
sample,advancing_forward,graph,1007,1011,1,262,1.941504002,1.951100000,0.048100000,0.007900000
sample,advancing_forward,graph,1007,1012,1,5093,1.943552017,1.953400000,0.049900000,0.008000000
sample,advancing_forward,graph,1007,1013,1,2488,1.947648048,1.957600000,0.049800000,0.008500000
sample,advancing_forward,graph,1007,1014,1,12,1.950719953,1.959900000,0.048300000,0.008100000
sample,advancing_forward,graph,1007,1015,1,31,1.941504002,1.953200000,0.048800000,0.008000000
sample,advancing_forward,graph,1007,1016,1,7421,1.942528009,1.952700000,0.046900000,0.008000000
sample,advancing_forward,graph,1007,1017,1,7051,1.947648048,1.957500000,0.046500000,0.008200000
sample,advancing_forward,graph,1007,1018,1,286,1.949695945,1.959200000,0.047200000,0.008400000
sample,advancing_forward,graph,1007,1019,1,262,1.945440054,1.953700000,0.040800000,0.008100000
sample,advancing_forward,graph,1007,1020,1,2619,1.949695945,1.957600000,0.044100000,0.008000000
sample,advancing_forward,graph,1007,1021,1,6896,1.951679945,1.959300000,0.040700000,0.008300000
sample,advancing_forward,graph,1007,1022,1,764,1.955680013,1.963200000,0.040700000,0.008200000
sample,advancing_forward,ordinary,1007,1007,1,837,2.170880079,2.180400000,1.028500000,0.000000000
sample,advancing_forward,ordinary,1007,1008,1,290,2.189311981,2.198100000,0.849500000,0.000000000
sample,advancing_forward,ordinary,1007,1009,1,1863,2.130944014,2.138600000,0.687800000,0.000000000
sample,advancing_forward,ordinary,1007,1010,1,691,2.129920006,2.139200000,0.710700000,0.000000000
sample,advancing_forward,ordinary,1007,1011,1,262,2.193408012,2.201300000,0.697100000,0.000000000
sample,advancing_forward,ordinary,1007,1012,1,5093,2.126847982,2.134100000,0.688500000,0.000000000
sample,advancing_forward,ordinary,1007,1013,1,2488,2.129920006,2.138300000,0.696100000,0.000000000
sample,advancing_forward,ordinary,1007,1014,1,12,2.136064053,2.143700000,0.685600000,0.000000000
sample,advancing_forward,ordinary,1007,1015,1,31,2.126688004,2.134700000,0.686200000,0.000000000
sample,advancing_forward,ordinary,1007,1016,1,7421,2.128832102,2.136900000,0.704100000,0.000000000
sample,advancing_forward,ordinary,1007,1017,1,7051,2.121727943,2.129700000,0.715100000,0.000000000
sample,advancing_forward,ordinary,1007,1018,1,286,3.301376104,3.310500000,2.145200000,0.000000000
sample,advancing_forward,ordinary,1007,1019,1,262,2.170880079,2.180200000,0.706100000,0.000000000
sample,advancing_forward,ordinary,1007,1020,1,2619,2.288640022,2.297800000,1.012500000,0.000000000
sample,advancing_forward,ordinary,1007,1021,1,6896,2.185215950,2.194500000,1.023500000,0.000000000
sample,advancing_forward,ordinary,1007,1022,1,764,2.190335989,2.199400000,0.870300000,0.000000000
sample,advancing_forward,ordinary,1007,1007,2,837,2.257920027,2.267000000,0.944500000,0.000000000
sample,advancing_forward,ordinary,1007,1008,2,290,2.174976110,2.184500000,1.018800000,0.000000000
sample,advancing_forward,ordinary,1007,1009,2,1863,2.176000118,2.185100000,1.002600000,0.000000000
sample,advancing_forward,ordinary,1007,1010,2,691,2.180095911,2.189200000,0.933000000,0.000000000
sample,advancing_forward,ordinary,1007,1011,2,262,2.180095911,2.192800000,1.026400000,0.000000000
sample,advancing_forward,ordinary,1007,1012,2,5093,2.152447939,2.161900000,0.851500000,0.000000000
sample,advancing_forward,ordinary,1007,1013,2,2488,2.130944014,2.138800000,0.690900000,0.000000000
sample,advancing_forward,ordinary,1007,1014,2,12,2.136064053,2.143400000,0.698000000,0.000000000
sample,advancing_forward,ordinary,1007,1015,2,31,2.130847931,2.138200000,0.698800000,0.000000000
sample,advancing_forward,ordinary,1007,1016,2,7421,2.128895998,2.136900000,0.688900000,0.000000000
sample,advancing_forward,ordinary,1007,1017,2,7051,2.134016037,2.141800000,0.697700000,0.000000000
sample,advancing_forward,ordinary,1007,1018,2,286,2.153311968,2.161300000,0.935900000,0.000000000
sample,advancing_forward,ordinary,1007,1019,2,262,2.180095911,2.188600000,1.032700000,0.000000000
sample,advancing_forward,ordinary,1007,1020,2,2619,2.185215950,2.195200000,1.008500000,0.000000000
sample,advancing_forward,ordinary,1007,1021,2,6896,2.187263966,2.195900000,0.730900000,0.000000000
sample,advancing_forward,ordinary,1007,1022,2,764,2.189311981,2.198800000,0.897400000,0.000000000
sample,advancing_forward,graph,1007,1007,2,837,1.936383963,1.945300000,0.044300000,0.008500000
sample,advancing_forward,graph,1007,1008,2,290,1.937407970,1.945300000,0.043100000,0.008200000
sample,advancing_forward,graph,1007,1009,2,1863,1.942528009,1.950900000,0.041300000,0.008600000
sample,advancing_forward,graph,1007,1010,2,691,1.945600033,1.953800000,0.040900000,0.008400000
sample,advancing_forward,graph,1007,1011,2,262,1.941311955,1.949500000,0.043000000,0.008100000
sample,advancing_forward,graph,1007,1012,2,5093,1.942528009,1.952700000,0.040400000,0.008100000
sample,advancing_forward,graph,1007,1013,2,2488,1.957888007,1.974900000,0.059800000,0.014100000
sample,advancing_forward,graph,1007,1014,2,12,1.950719953,1.961300000,0.052200000,0.009100000
sample,advancing_forward,graph,1007,1015,2,31,1.944576025,1.954400000,0.048000000,0.009300000
sample,advancing_forward,graph,1007,1016,2,7421,1.947648048,1.957800000,0.051400000,0.010300000
sample,advancing_forward,graph,1007,1017,2,7051,1.949695945,1.959600000,0.049400000,0.009100000
sample,advancing_forward,graph,1007,1018,2,286,1.952767968,1.963100000,0.051600000,0.009500000
sample,advancing_forward,graph,1007,1019,2,262,1.948672056,1.958100000,0.052400000,0.009100000
sample,advancing_forward,graph,1007,1020,2,2619,1.949695945,1.960100000,0.051500000,0.009000000
sample,advancing_forward,graph,1007,1021,2,6896,1.958912015,1.971600000,0.073600000,0.012700000
sample,advancing_forward,graph,1007,1022,2,764,1.963008046,1.975800000,0.057700000,0.015100000
sample,advancing_forward,graph,1007,1007,3,837,1.939455986,1.948900000,0.047300000,0.008100000
sample,advancing_forward,graph,1007,1008,3,290,1.938431978,1.948000000,0.047000000,0.008000000
sample,advancing_forward,graph,1007,1009,3,1863,1.943552017,1.954800000,0.046900000,0.008100000
sample,advancing_forward,graph,1007,1010,3,691,1.945600033,1.955200000,0.046600000,0.008100000
sample,advancing_forward,graph,1007,1011,3,262,1.942528009,1.952500000,0.047800000,0.008300000
sample,advancing_forward,graph,1007,1012,3,5093,1.943488002,1.951000000,0.041600000,0.008100000
sample,advancing_forward,graph,1007,1013,3,2488,1.944576025,1.952200000,0.040300000,0.008000000
sample,advancing_forward,graph,1007,1014,3,12,1.947648048,1.956600000,0.040300000,0.008100000
sample,advancing_forward,graph,1007,1015,3,31,1.941504002,1.949900000,0.040700000,0.008200000
sample,advancing_forward,graph,1007,1016,3,7421,1.943552017,1.952100000,0.040400000,0.008000000
sample,advancing_forward,graph,1007,1017,3,7051,1.948544025,1.956800000,0.039800000,0.008200000
sample,advancing_forward,graph,1007,1018,3,286,1.947648048,1.955700000,0.040700000,0.008100000
sample,advancing_forward,graph,1007,1019,3,262,1.944576025,1.952400000,0.040300000,0.008100000
sample,advancing_forward,graph,1007,1020,3,2619,1.947648048,1.955300000,0.041100000,0.008500000
sample,advancing_forward,graph,1007,1021,3,6896,1.955839992,1.963700000,0.043000000,0.010200000
sample,advancing_forward,graph,1007,1022,3,764,1.954815984,1.962800000,0.041000000,0.008300000
sample,advancing_forward,ordinary,1007,1007,3,837,2.167808056,2.176800000,0.574700000,0.000000000
sample,advancing_forward,ordinary,1007,1008,3,290,2.171904087,2.181200000,0.636500000,0.000000000
sample,advancing_forward,ordinary,1007,1009,3,1863,2.174976110,2.184000000,0.602900000,0.000000000
sample,advancing_forward,ordinary,1007,1010,3,691,2.176000118,2.185000000,1.028400000,0.000000000
sample,advancing_forward,ordinary,1007,1011,3,262,2.174976110,2.184500000,0.876600000,0.000000000
sample,advancing_forward,ordinary,1007,1012,3,5093,2.316287994,2.330500000,1.223100000,0.000000000
sample,advancing_forward,ordinary,1007,1013,3,2488,2.181119919,2.190300000,1.039700000,0.000000000
sample,advancing_forward,ordinary,1007,1014,3,12,2.184191942,2.193200000,1.025000000,0.000000000
sample,advancing_forward,ordinary,1007,1015,3,31,2.237440109,2.246800000,0.916700000,0.000000000
sample,advancing_forward,ordinary,1007,1016,3,7421,2.181119919,2.190100000,0.932800000,0.000000000
sample,advancing_forward,ordinary,1007,1017,3,7051,2.182143927,2.191100000,1.029100000,0.000000000
sample,advancing_forward,ordinary,1007,1018,3,286,2.249727964,2.258800000,1.027600000,0.000000000
sample,advancing_forward,ordinary,1007,1019,3,262,2.211839914,2.225300000,1.059200000,0.000000000
sample,advancing_forward,ordinary,1007,1020,3,2619,2.184191942,2.195400000,0.992100000,0.000000000
sample,advancing_forward,ordinary,1007,1021,3,6896,2.189311981,2.200200000,0.992200000,0.000000000
sample,advancing_forward,ordinary,1007,1022,3,764,2.189311981,2.199400000,1.018900000,0.000000000
sample,advancing_forward,ordinary,1007,1007,4,837,2.169856071,2.179000000,1.034300000,0.000000000
sample,advancing_forward,ordinary,1007,1008,4,290,2.173952103,2.182400000,1.028000000,0.000000000
sample,advancing_forward,ordinary,1007,1009,4,1863,2.173952103,2.182900000,1.023400000,0.000000000
sample,advancing_forward,ordinary,1007,1010,4,691,2.179071903,2.188700000,1.021900000,0.000000000
sample,advancing_forward,ordinary,1007,1011,4,262,2.177023888,2.189500000,1.020900000,0.000000000
sample,advancing_forward,ordinary,1007,1012,4,5093,2.129920006,2.138800000,0.686100000,0.000000000
sample,advancing_forward,ordinary,1007,1013,4,2488,2.141119957,2.153100000,1.052800000,0.000000000
sample,advancing_forward,ordinary,1007,1014,4,12,2.136064053,2.144200000,0.585900000,0.000000000
sample,advancing_forward,ordinary,1007,1015,4,31,2.129920006,2.138000000,0.597500000,0.000000000
sample,advancing_forward,ordinary,1007,1016,4,7421,2.132992029,2.141600000,0.595700000,0.000000000
sample,advancing_forward,ordinary,1007,1017,4,7051,2.135040045,2.142900000,0.587600000,0.000000000
sample,advancing_forward,ordinary,1007,1018,4,286,2.134016037,2.141900000,0.570800000,0.000000000
sample,advancing_forward,ordinary,1007,1019,4,262,2.123775959,2.131500000,0.608000000,0.000000000
sample,advancing_forward,ordinary,1007,1020,4,2619,2.136928082,2.145800000,0.715100000,0.000000000
sample,advancing_forward,ordinary,1007,1021,4,6896,2.476032019,2.498200000,1.098500000,0.000000000
sample,advancing_forward,ordinary,1007,1022,4,764,2.287616014,2.297900000,0.641200000,0.000000000
sample,advancing_forward,graph,1007,1007,4,837,1.939455986,1.950600000,0.045300000,0.008400000
sample,advancing_forward,graph,1007,1008,4,290,1.958912015,1.971600000,0.088200000,0.017300000
sample,advancing_forward,graph,1007,1009,4,1863,1.972223997,1.986300000,0.080000000,0.026900000
sample,advancing_forward,graph,1007,1010,4,691,1.946624041,1.958400000,0.050800000,0.009100000
sample,advancing_forward,graph,1007,1011,4,262,1.941504002,1.951700000,0.052800000,0.008300000
sample,advancing_forward,graph,1007,1012,4,5093,1.945600033,1.954200000,0.073500000,0.008300000
sample,advancing_forward,graph,1007,1013,4,2488,1.946624041,1.956900000,0.047400000,0.008000000
sample,advancing_forward,graph,1007,1014,4,12,1.948672056,1.957900000,0.048500000,0.008000000
sample,advancing_forward,graph,1007,1015,4,31,1.942528009,1.952700000,0.046900000,0.008000000
sample,advancing_forward,graph,1007,1016,4,7421,1.946624041,1.956000000,0.047300000,0.008700000
sample,advancing_forward,graph,1007,1017,4,7051,1.947648048,1.957100000,0.041400000,0.008300000
sample,advancing_forward,graph,1007,1018,4,286,1.949632049,1.957600000,0.040900000,0.008200000
sample,advancing_forward,graph,1007,1019,4,262,1.947648048,1.955100000,0.040800000,0.008000000
sample,advancing_forward,graph,1007,1020,4,2619,1.947648048,1.956500000,0.041100000,0.008600000
sample,advancing_forward,graph,1007,1021,4,6896,1.951743960,1.959500000,0.043500000,0.008100000
sample,advancing_forward,graph,1007,1022,4,764,1.954751968,1.962400000,0.040600000,0.008300000
sample,advancing_forward,graph,1007,1007,5,837,1.939455986,1.948600000,0.054600000,0.008100000
sample,advancing_forward,graph,1007,1008,5,290,1.938431978,1.947600000,0.048100000,0.008100000
sample,advancing_forward,graph,1007,1009,5,1863,1.945600033,1.955300000,0.050000000,0.008000000
sample,advancing_forward,graph,1007,1010,5,691,1.943552017,1.953900000,0.047100000,0.008000000
sample,advancing_forward,graph,1007,1011,5,262,1.940479994,1.950800000,0.049100000,0.008000000
sample,advancing_forward,graph,1007,1012,5,5093,1.944576025,1.954800000,0.049600000,0.008300000
sample,advancing_forward,graph,1007,1013,5,2488,1.947648048,1.957100000,0.041700000,0.008400000
sample,advancing_forward,graph,1007,1014,5,12,1.948672056,1.956800000,0.040400000,0.008200000
sample,advancing_forward,graph,1007,1015,5,31,1.941504002,1.950200000,0.043300000,0.008200000
sample,advancing_forward,graph,1007,1016,5,7421,1.943552017,1.954500000,0.046000000,0.008000000
sample,advancing_forward,graph,1007,1017,5,7051,1.950719953,1.963900000,0.049700000,0.011100000
sample,advancing_forward,graph,1007,1018,5,286,1.953791976,1.963700000,0.051700000,0.009500000
sample,advancing_forward,graph,1007,1019,5,262,1.947648048,1.964900000,0.049800000,0.008200000
sample,advancing_forward,graph,1007,1020,5,2619,1.951743960,1.968300000,0.055600000,0.011700000
sample,advancing_forward,graph,1007,1021,5,6896,1.953791976,1.967000000,0.079000000,0.011500000
sample,advancing_forward,graph,1007,1022,5,764,1.958912015,1.970600000,0.054300000,0.012300000
sample,advancing_forward,ordinary,1007,1007,5,837,2.112544060,2.121100000,0.697800000,0.000000000
sample,advancing_forward,ordinary,1007,1008,5,290,3.222527981,3.234000000,0.524700000,0.000000000
sample,advancing_forward,ordinary,1007,1009,5,1863,2.123775959,2.132000000,0.697700000,0.000000000
sample,advancing_forward,ordinary,1007,1010,5,691,2.164736032,2.173100000,0.691700000,0.000000000
sample,advancing_forward,ordinary,1007,1011,5,262,2.174976110,2.184900000,0.891800000,0.000000000
sample,advancing_forward,ordinary,1007,1012,5,5093,2.176000118,2.186200000,0.992700000,0.000000000
sample,advancing_forward,ordinary,1007,1013,5,2488,2.180095911,2.189200000,1.031100000,0.000000000
sample,advancing_forward,ordinary,1007,1014,5,12,2.141184092,2.149900000,0.703400000,0.000000000
sample,advancing_forward,ordinary,1007,1015,5,31,2.130944014,2.139900000,0.714400000,0.000000000
sample,advancing_forward,ordinary,1007,1016,5,7421,2.176863909,2.184900000,0.553000000,0.000000000
sample,advancing_forward,ordinary,1007,1017,5,7051,3.042304039,3.051000000,0.452100000,0.000000000
sample,advancing_forward,ordinary,1007,1018,5,286,2.138112068,2.147100000,0.690300000,0.000000000
sample,advancing_forward,ordinary,1007,1019,5,262,2.132992029,2.141100000,0.700100000,0.000000000
sample,advancing_forward,ordinary,1007,1020,5,2619,2.131968021,2.140400000,0.704100000,0.000000000
sample,advancing_forward,ordinary,1007,1021,5,6896,2.137088060,2.145700000,0.821400000,0.000000000
sample,advancing_forward,ordinary,1007,1022,5,764,2.145279884,2.155500000,0.596400000,0.000000000
sample,advancing_forward,ordinary,1007,1007,6,837,2.213887930,2.222600000,0.634000000,0.000000000
sample,advancing_forward,ordinary,1007,1008,6,290,2.171904087,2.181100000,0.605200000,0.000000000
sample,advancing_forward,ordinary,1007,1009,6,1863,2.173952103,2.183800000,0.600400000,0.000000000
sample,advancing_forward,ordinary,1007,1010,6,691,2.221055984,2.230000000,0.599700000,0.000000000
sample,advancing_forward,ordinary,1007,1011,6,262,2.173952103,2.182700000,0.606400000,0.000000000
sample,advancing_forward,ordinary,1007,1012,6,5093,2.207743883,2.216600000,0.651800000,0.000000000
sample,advancing_forward,ordinary,1007,1013,6,2488,2.151423931,2.159800000,0.514900000,0.000000000
sample,advancing_forward,ordinary,1007,1014,6,12,2.180095911,2.188700000,0.586000000,0.000000000
sample,advancing_forward,ordinary,1007,1015,6,31,2.176000118,2.184900000,0.596300000,0.000000000
sample,advancing_forward,ordinary,1007,1016,6,7421,2.249727964,2.261100000,0.932000000,0.000000000
sample,advancing_forward,ordinary,1007,1017,6,7051,2.220031977,2.230300000,0.776600000,0.000000000
sample,advancing_forward,ordinary,1007,1018,6,286,2.248703957,2.257500000,0.837300000,0.000000000
sample,advancing_forward,ordinary,1007,1019,6,262,2.185215950,2.194800000,0.759600000,0.000000000
sample,advancing_forward,ordinary,1007,1020,6,2619,2.185215950,2.194400000,0.892600000,0.000000000
sample,advancing_forward,ordinary,1007,1021,6,6896,2.189311981,2.197900000,0.834500000,0.000000000
sample,advancing_forward,ordinary,1007,1022,6,764,2.187263966,2.196600000,0.744400000,0.000000000
sample,advancing_forward,graph,1007,1007,6,837,1.937407970,1.946400000,0.048900000,0.007900000
sample,advancing_forward,graph,1007,1008,6,290,1.940479994,1.949900000,0.047700000,0.008000000
sample,advancing_forward,graph,1007,1009,6,1863,1.942528009,1.951100000,0.048100000,0.008000000
sample,advancing_forward,graph,1007,1010,6,691,1.942528009,1.950200000,0.042700000,0.008000000
sample,advancing_forward,graph,1007,1011,6,262,1.942528009,1.950500000,0.043700000,0.008000000
sample,advancing_forward,graph,1007,1012,6,5093,1.967103958,1.982600000,0.061100000,0.019600000
sample,advancing_forward,graph,1007,1013,6,2488,1.948672056,1.960700000,0.071700000,0.009000000
sample,advancing_forward,graph,1007,1014,6,12,1.948672056,1.957500000,0.045700000,0.008300000
sample,advancing_forward,graph,1007,1015,6,31,1.939455986,1.949500000,0.048400000,0.008100000
sample,advancing_forward,graph,1007,1016,6,7421,1.944576025,1.955100000,0.047500000,0.008100000
sample,advancing_forward,graph,1007,1017,6,7051,1.946624041,1.955900000,0.048500000,0.008000000
sample,advancing_forward,graph,1007,1018,6,286,1.950719953,1.959800000,0.046300000,0.007900000
sample,advancing_forward,graph,1007,1019,6,262,1.945600033,1.955400000,0.049100000,0.007900000
sample,advancing_forward,graph,1007,1020,6,2619,1.956863999,1.969300000,0.053900000,0.013600000
sample,advancing_forward,graph,1007,1021,6,6896,1.950719953,1.959700000,0.070300000,0.008300000
sample,advancing_forward,graph,1007,1022,6,764,1.953791976,1.963200000,0.046100000,0.008000000
sample,advancing_forward,graph,1007,1007,7,837,1.935359955,1.944800000,0.046600000,0.008200000
sample,advancing_forward,graph,1007,1008,7,290,1.939455986,1.948500000,0.046600000,0.008200000
sample,advancing_forward,graph,1007,1009,7,1863,1.950719953,1.962600000,0.062200000,0.012300000
sample,advancing_forward,graph,1007,1010,7,691,1.944576025,1.953700000,0.048900000,0.008300000
sample,advancing_forward,graph,1007,1011,7,262,1.940479994,1.950500000,0.048500000,0.007900000
sample,advancing_forward,graph,1007,1012,7,5093,1.941504002,1.951200000,0.045800000,0.007900000
sample,advancing_forward,graph,1007,1013,7,2488,1.945600033,1.952700000,0.043400000,0.007800000
sample,advancing_forward,graph,1007,1014,7,12,1.946624041,1.955000000,0.043900000,0.008200000
sample,advancing_forward,graph,1007,1015,7,31,1.941504002,1.948900000,0.043600000,0.007900000
sample,advancing_forward,graph,1007,1016,7,7421,1.943552017,1.951500000,0.041000000,0.007900000
sample,advancing_forward,graph,1007,1017,7,7051,1.948672056,1.957200000,0.047700000,0.009200000
sample,advancing_forward,graph,1007,1018,7,286,1.950431943,1.958300000,0.039900000,0.008400000
sample,advancing_forward,graph,1007,1019,7,262,1.944255948,1.951600000,0.038900000,0.008000000
sample,advancing_forward,graph,1007,1020,7,2619,1.946624041,1.955000000,0.042900000,0.007800000
sample,advancing_forward,graph,1007,1021,7,6896,1.950559974,1.957800000,0.039800000,0.007900000
sample,advancing_forward,graph,1007,1022,7,764,1.952767968,1.961000000,0.039800000,0.007900000
sample,advancing_forward,ordinary,1007,1007,7,837,2.122751951,2.130300000,0.647400000,0.000000000
sample,advancing_forward,ordinary,1007,1008,7,290,2.125823975,2.133700000,0.692300000,0.000000000
sample,advancing_forward,ordinary,1007,1009,7,1863,2.127871990,2.135400000,0.688000000,0.000000000
sample,advancing_forward,ordinary,1007,1010,7,691,2.129920006,2.137900000,0.690700000,0.000000000
sample,advancing_forward,ordinary,1007,1011,7,262,2.128767967,2.136000000,0.659200000,0.000000000
sample,advancing_forward,ordinary,1007,1012,7,5093,2.131968021,2.141000000,0.589800000,0.000000000
sample,advancing_forward,ordinary,1007,1013,7,2488,2.133919954,2.141900000,0.690400000,0.000000000
sample,advancing_forward,ordinary,1007,1014,7,12,2.132992029,2.141600000,0.688500000,0.000000000
sample,advancing_forward,ordinary,1007,1015,7,31,2.125823975,2.134100000,0.659500000,0.000000000
sample,advancing_forward,ordinary,1007,1016,7,7421,2.129920006,2.138200000,0.677900000,0.000000000
sample,advancing_forward,ordinary,1007,1017,7,7051,2.172928095,2.181600000,0.596700000,0.000000000
sample,advancing_forward,ordinary,1007,1018,7,286,2.134016037,2.142300000,0.689000000,0.000000000
sample,advancing_forward,ordinary,1007,1019,7,262,2.135040045,2.143300000,0.684300000,0.000000000
sample,advancing_forward,ordinary,1007,1020,7,2619,2.135040045,2.142700000,0.682600000,0.000000000
sample,advancing_forward,ordinary,1007,1021,7,6896,2.138175964,2.146400000,0.618700000,0.000000000
sample,advancing_forward,ordinary,1007,1022,7,764,2.141184092,2.149100000,0.693600000,0.000000000
sample,advancing_forward,ordinary,1007,1007,8,837,2.127712011,2.139100000,0.676700000,0.000000000
sample,advancing_forward,ordinary,1007,1008,8,290,2.122751951,2.130400000,0.697000000,0.000000000
sample,advancing_forward,ordinary,1007,1009,8,1863,2.126847982,2.134100000,0.598200000,0.000000000
sample,advancing_forward,ordinary,1007,1010,8,691,2.128895998,2.136800000,0.694500000,0.000000000
sample,advancing_forward,ordinary,1007,1011,8,262,2.126847982,2.134400000,0.691000000,0.000000000
sample,advancing_forward,ordinary,1007,1012,8,5093,2.127871990,2.135500000,0.678500000,0.000000000
sample,advancing_forward,ordinary,1007,1013,8,2488,2.150399923,2.158200000,0.678600000,0.000000000
sample,advancing_forward,ordinary,1007,1014,8,12,2.141184092,2.152800000,0.567700000,0.000000000
sample,advancing_forward,ordinary,1007,1015,8,31,2.171904087,2.180300000,0.712800000,0.000000000
sample,advancing_forward,ordinary,1007,1016,8,7421,2.234368086,2.244300000,0.764200000,0.000000000
sample,advancing_forward,ordinary,1007,1017,8,7051,2.183167934,2.194200000,0.984100000,0.000000000
sample,advancing_forward,ordinary,1007,1018,8,286,2.185215950,2.196100000,1.030000000,0.000000000
sample,advancing_forward,ordinary,1007,1019,8,262,2.138112068,2.148700000,0.745200000,0.000000000
sample,advancing_forward,ordinary,1007,1020,8,2619,2.135040045,2.143900000,0.607600000,0.000000000
sample,advancing_forward,ordinary,1007,1021,8,6896,2.144128084,2.155900000,0.678100000,0.000000000
sample,advancing_forward,ordinary,1007,1022,8,764,2.186239958,2.197000000,0.625600000,0.000000000
sample,advancing_forward,graph,1007,1007,8,837,1.936383963,1.944400000,0.040900000,0.007800000
sample,advancing_forward,graph,1007,1008,8,290,1.939391971,1.946600000,0.040800000,0.008000000
sample,advancing_forward,graph,1007,1009,8,1863,1.942495942,1.950400000,0.040800000,0.008000000
sample,advancing_forward,graph,1007,1010,8,691,1.955839992,1.968500000,0.055300000,0.012700000
sample,advancing_forward,graph,1007,1011,8,262,1.945600033,1.953200000,0.043300000,0.008800000
sample,advancing_forward,graph,1007,1012,8,5093,1.942528009,1.950500000,0.040100000,0.008000000
sample,advancing_forward,graph,1007,1013,8,2488,1.945600033,1.952700000,0.040200000,0.008000000
sample,advancing_forward,graph,1007,1014,8,12,1.946624041,1.954500000,0.040100000,0.008000000
sample,advancing_forward,graph,1007,1015,8,31,1.939455986,1.947700000,0.039700000,0.008100000
sample,advancing_forward,graph,1007,1016,8,7421,1.942528009,1.950500000,0.040200000,0.007900000
sample,advancing_forward,graph,1007,1017,8,7051,1.947648048,1.955600000,0.040000000,0.007800000
sample,advancing_forward,graph,1007,1018,8,286,1.949695945,1.957400000,0.042000000,0.009900000
sample,advancing_forward,graph,1007,1019,8,262,1.945600033,1.953000000,0.040700000,0.008000000
sample,advancing_forward,graph,1007,1020,8,2619,1.948447943,1.955500000,0.039000000,0.008100000
sample,advancing_forward,graph,1007,1021,8,6896,1.951743960,1.959500000,0.038900000,0.008300000
sample,advancing_forward,graph,1007,1022,8,764,1.953791976,1.961300000,0.040200000,0.008400000
sample,advancing_forward,graph,1007,1007,9,837,1.938431978,1.946800000,0.063400000,0.010300000
sample,advancing_forward,graph,1007,1008,9,290,1.938431978,1.947600000,0.048300000,0.008600000
sample,advancing_forward,graph,1007,1009,9,1863,1.942528009,1.951700000,0.048800000,0.008000000
sample,advancing_forward,graph,1007,1010,9,691,1.944576025,1.954000000,0.048300000,0.008100000
sample,advancing_forward,graph,1007,1011,9,262,1.942528009,1.952200000,0.043700000,0.007900000
sample,advancing_forward,graph,1007,1012,9,5093,1.943552017,1.952400000,0.046100000,0.008500000
sample,advancing_forward,graph,1007,1013,9,2488,1.945600033,1.954600000,0.047400000,0.008100000
sample,advancing_forward,graph,1007,1014,9,12,1.947648048,1.958300000,0.045500000,0.008700000
sample,advancing_forward,graph,1007,1015,9,31,1.943552017,1.954300000,0.048600000,0.009600000
sample,advancing_forward,graph,1007,1016,9,7421,1.942528009,1.953200000,0.047100000,0.008100000
sample,advancing_forward,graph,1007,1017,9,7051,1.947648048,1.956700000,0.048600000,0.007800000
sample,advancing_forward,graph,1007,1018,9,286,1.952767968,1.962800000,0.047700000,0.008800000
sample,advancing_forward,graph,1007,1019,9,262,1.946624041,1.955500000,0.048100000,0.008000000
sample,advancing_forward,graph,1007,1020,9,2619,1.948672056,1.957000000,0.048500000,0.007900000
sample,advancing_forward,graph,1007,1021,9,6896,1.951743960,1.960700000,0.048800000,0.007900000
sample,advancing_forward,graph,1007,1022,9,764,1.956863999,1.966500000,0.054100000,0.008900000
sample,advancing_forward,ordinary,1007,1007,9,837,2.155519962,2.163700000,0.584800000,0.000000000
sample,advancing_forward,ordinary,1007,1008,9,290,2.126847982,2.134200000,0.539000000,0.000000000
sample,advancing_forward,ordinary,1007,1009,9,1863,2.129920006,2.137700000,0.559700000,0.000000000
sample,advancing_forward,ordinary,1007,1010,9,691,2.163712025,2.171200000,0.612300000,0.000000000
sample,advancing_forward,ordinary,1007,1011,9,262,2.128895998,2.136900000,0.584500000,0.000000000
sample,advancing_forward,ordinary,1007,1012,9,5093,2.149375916,2.156500000,0.586000000,0.000000000
sample,advancing_forward,ordinary,1007,1013,9,2488,2.135040045,2.142800000,0.565400000,0.000000000
sample,advancing_forward,ordinary,1007,1014,9,12,2.136064053,2.143800000,0.544300000,0.000000000
sample,advancing_forward,ordinary,1007,1015,9,31,2.130944014,2.138600000,0.579000000,0.000000000
sample,advancing_forward,ordinary,1007,1016,9,7421,2.131968021,2.140800000,0.583300000,0.000000000
sample,advancing_forward,ordinary,1007,1017,9,7051,2.125823975,2.135600000,0.701500000,0.000000000
sample,advancing_forward,ordinary,1007,1018,9,286,3.012511969,3.042100000,1.579500000,0.000000000
sample,advancing_forward,ordinary,1007,1019,9,262,2.179071903,2.188800000,0.696400000,0.000000000
sample,advancing_forward,ordinary,1007,1020,9,2619,2.181119919,2.189800000,0.690400000,0.000000000
sample,advancing_forward,ordinary,1007,1021,9,6896,2.184191942,2.192400000,0.883800000,0.000000000
sample,advancing_forward,ordinary,1007,1022,9,764,2.208767891,2.216900000,0.651200000,0.000000000
sample,advancing_forward,ordinary,1007,1007,10,837,2.181119919,2.188600000,0.591600000,0.000000000
sample,advancing_forward,ordinary,1007,1008,10,290,2.125727892,2.133100000,0.683000000,0.000000000
sample,advancing_forward,ordinary,1007,1009,10,1863,2.127871990,2.135600000,0.593200000,0.000000000
sample,advancing_forward,ordinary,1007,1010,10,691,2.132960081,2.140800000,0.582400000,0.000000000
sample,advancing_forward,ordinary,1007,1011,10,262,2.135967970,2.150100000,0.601400000,0.000000000
sample,advancing_forward,ordinary,1007,1012,10,5093,2.131839991,2.139600000,0.542800000,0.000000000
sample,advancing_forward,ordinary,1007,1013,10,2488,2.135040045,2.143300000,0.594100000,0.000000000
sample,advancing_forward,ordinary,1007,1014,10,12,2.174976110,2.183600000,0.640100000,0.000000000
sample,advancing_forward,ordinary,1007,1015,10,31,2.176000118,2.185500000,0.988800000,0.000000000
sample,advancing_forward,ordinary,1007,1016,10,7421,2.181119919,2.189900000,0.730000000,0.000000000
sample,advancing_forward,ordinary,1007,1017,10,7051,2.183167934,2.192700000,0.881700000,0.000000000
sample,advancing_forward,ordinary,1007,1018,10,286,2.185215950,2.194700000,1.002600000,0.000000000
sample,advancing_forward,ordinary,1007,1019,10,262,2.184191942,2.194300000,0.741500000,0.000000000
sample,advancing_forward,ordinary,1007,1020,10,2619,2.184191942,2.193000000,1.007300000,0.000000000
sample,advancing_forward,ordinary,1007,1021,10,6896,2.186239958,2.196000000,0.989700000,0.000000000
sample,advancing_forward,ordinary,1007,1022,10,764,2.192384005,2.201300000,0.869500000,0.000000000
sample,advancing_forward,graph,1007,1007,10,837,1.952767968,1.967100000,0.062800000,0.014700000
sample,advancing_forward,graph,1007,1008,10,290,1.940479994,1.950300000,0.049500000,0.008600000
sample,advancing_forward,graph,1007,1009,10,1863,1.941504002,1.951000000,0.047500000,0.008100000
sample,advancing_forward,graph,1007,1010,10,691,1.943552017,1.952600000,0.048100000,0.008200000
sample,advancing_forward,graph,1007,1011,10,262,1.941504002,1.949800000,0.047800000,0.007900000
sample,advancing_forward,graph,1007,1012,10,5093,1.942304015,1.949500000,0.045800000,0.008100000
sample,advancing_forward,graph,1007,1013,10,2488,1.944576025,1.952500000,0.042800000,0.008100000
sample,advancing_forward,graph,1007,1014,10,12,1.948672056,1.956400000,0.042300000,0.008000000
sample,advancing_forward,graph,1007,1015,10,31,1.953663945,1.962900000,0.050200000,0.012400000
sample,advancing_forward,graph,1007,1016,10,7421,1.945440054,1.952300000,0.039100000,0.008300000
sample,advancing_forward,graph,1007,1017,10,7051,1.948672056,1.957800000,0.043900000,0.008100000
sample,advancing_forward,graph,1007,1018,10,286,1.947648048,1.957400000,0.044600000,0.008100000
sample,advancing_forward,graph,1007,1019,10,262,1.945600033,1.955200000,0.044200000,0.008400000
sample,advancing_forward,graph,1007,1020,10,2619,1.947648048,1.956600000,0.045000000,0.008000000
sample,advancing_forward,graph,1007,1021,10,6896,1.950719953,1.960200000,0.044600000,0.008000000
sample,advancing_forward,graph,1007,1022,10,764,1.952767968,1.961600000,0.044400000,0.007900000
sample,advancing_forward,graph,1007,1007,11,837,1.937407970,1.945800000,0.042200000,0.008000000
sample,advancing_forward,graph,1007,1008,11,290,1.937407970,1.945000000,0.042400000,0.008300000
sample,advancing_forward,graph,1007,1009,11,1863,1.940479994,1.948500000,0.042100000,0.008100000
sample,advancing_forward,graph,1007,1010,11,691,1.944447994,1.952400000,0.041800000,0.007900000
sample,advancing_forward,graph,1007,1011,11,262,1.953727961,1.964500000,0.050700000,0.012100000
sample,advancing_forward,graph,1007,1012,11,5093,1.944576025,1.952700000,0.043500000,0.008700000
sample,advancing_forward,graph,1007,1013,11,2488,1.946624041,1.955000000,0.042100000,0.008100000
sample,advancing_forward,graph,1007,1014,11,12,1.949568033,1.956500000,0.043100000,0.008200000
sample,advancing_forward,graph,1007,1015,11,31,1.940479994,1.948400000,0.042600000,0.008300000
sample,advancing_forward,graph,1007,1016,11,7421,1.943552017,1.952100000,0.041900000,0.007900000
sample,advancing_forward,graph,1007,1017,11,7051,1.945536017,1.952700000,0.042500000,0.008000000
sample,advancing_forward,graph,1007,1018,11,286,1.947648048,1.955000000,0.039900000,0.008100000
sample,advancing_forward,graph,1007,1019,11,262,1.946624041,1.954600000,0.040800000,0.008700000
sample,advancing_forward,graph,1007,1020,11,2619,1.948511958,1.956600000,0.042500000,0.008100000
sample,advancing_forward,graph,1007,1021,11,6896,1.949695945,1.957500000,0.042600000,0.008000000
sample,advancing_forward,graph,1007,1022,11,764,1.951743960,1.959500000,0.039500000,0.007900000
sample,advancing_forward,ordinary,1007,1007,11,837,2.221055984,2.230400000,0.887500000,0.000000000
sample,advancing_forward,ordinary,1007,1008,11,290,2.136064053,2.144500000,0.633800000,0.000000000
sample,advancing_forward,ordinary,1007,1009,11,1863,2.130944014,2.138700000,0.679500000,0.000000000
sample,advancing_forward,ordinary,1007,1010,11,691,2.131839991,2.139400000,0.590400000,0.000000000
sample,advancing_forward,ordinary,1007,1011,11,262,2.128895998,2.135800000,0.679200000,0.000000000
sample,advancing_forward,ordinary,1007,1012,11,5093,2.126847982,2.134700000,0.691500000,0.000000000
sample,advancing_forward,ordinary,1007,1013,11,2488,2.132992029,2.140600000,0.605600000,0.000000000
sample,advancing_forward,ordinary,1007,1014,11,12,2.131968021,2.141800000,0.746900000,0.000000000
sample,advancing_forward,ordinary,1007,1015,11,31,3.088383913,3.124900000,1.777500000,0.000000000
sample,advancing_forward,ordinary,1007,1016,11,7421,2.157567978,2.164600000,0.579300000,0.000000000
sample,advancing_forward,ordinary,1007,1017,11,7051,2.134848118,2.142400000,0.590800000,0.000000000
sample,advancing_forward,ordinary,1007,1018,11,286,2.135040045,2.143200000,0.690100000,0.000000000
sample,advancing_forward,ordinary,1007,1019,11,262,2.134016037,2.141800000,0.687300000,0.000000000
sample,advancing_forward,ordinary,1007,1020,11,2619,2.135040045,2.143000000,0.610900000,0.000000000
sample,advancing_forward,ordinary,1007,1021,11,6896,2.140032053,2.147600000,0.602100000,0.000000000
sample,advancing_forward,ordinary,1007,1022,11,764,2.142208099,2.149700000,0.689500000,0.000000000
sample,advancing_forward,ordinary,1007,1007,12,837,2.123775959,2.131500000,0.586100000,0.000000000
sample,advancing_forward,ordinary,1007,1008,12,290,2.329600096,2.338900000,0.545400000,0.000000000
sample,advancing_forward,ordinary,1007,1009,12,1863,2.140160084,2.156200000,0.798600000,0.000000000
sample,advancing_forward,ordinary,1007,1010,12,691,2.189248085,2.198900000,1.014300000,0.000000000
sample,advancing_forward,ordinary,1007,1011,12,262,2.178047895,2.189700000,1.026700000,0.000000000
sample,advancing_forward,ordinary,1007,1012,12,5093,2.245631933,2.256000000,1.074400000,0.000000000
sample,advancing_forward,ordinary,1007,1013,12,2488,2.183167934,2.193900000,1.008700000,0.000000000
sample,advancing_forward,ordinary,1007,1014,12,12,2.262016058,2.274100000,1.101400000,0.000000000
sample,advancing_forward,ordinary,1007,1015,12,31,2.216959953,2.226300000,0.643600000,0.000000000
sample,advancing_forward,ordinary,1007,1016,12,7421,2.156543970,2.169500000,0.720700000,0.000000000
sample,advancing_forward,ordinary,1007,1017,12,7051,2.134016037,2.142600000,0.679800000,0.000000000
sample,advancing_forward,ordinary,1007,1018,12,286,2.136064053,2.145600000,0.704100000,0.000000000
sample,advancing_forward,ordinary,1007,1019,12,262,2.134016037,2.143100000,0.703400000,0.000000000
sample,advancing_forward,ordinary,1007,1020,12,2619,2.135040045,2.143700000,0.707000000,0.000000000
sample,advancing_forward,ordinary,1007,1021,12,6896,2.140160084,2.148900000,0.593000000,0.000000000
sample,advancing_forward,ordinary,1007,1022,12,764,2.139008045,2.148200000,0.699800000,0.000000000
sample,advancing_forward,graph,1007,1007,12,837,1.937407970,1.944800000,0.043300000,0.008100000
sample,advancing_forward,graph,1007,1008,12,290,1.937407970,1.947000000,0.039900000,0.007900000
sample,advancing_forward,graph,1007,1009,12,1863,1.941504002,1.949400000,0.040600000,0.008000000
sample,advancing_forward,graph,1007,1010,12,691,1.944416046,1.952100000,0.043500000,0.008000000
sample,advancing_forward,graph,1007,1011,12,262,1.941504002,1.950200000,0.042700000,0.008100000
sample,advancing_forward,graph,1007,1012,12,5093,1.951743960,1.965600000,0.051000000,0.011800000
sample,advancing_forward,graph,1007,1013,12,2488,2.061311960,2.088300000,0.368900000,0.076400000
sample,advancing_forward,graph,1007,1014,12,12,1.947648048,1.954200000,0.039000000,0.008200000
sample,advancing_forward,graph,1007,1015,12,31,1.944352031,1.950900000,0.039800000,0.008100000
sample,advancing_forward,graph,1007,1016,12,7421,1.944576025,1.952600000,0.040000000,0.008000000
sample,advancing_forward,graph,1007,1017,12,7051,1.945600033,1.954200000,0.042500000,0.008100000
sample,advancing_forward,graph,1007,1018,12,286,1.948575974,1.956400000,0.040100000,0.007900000
sample,advancing_forward,graph,1007,1019,12,262,1.946624041,1.954700000,0.042500000,0.007900000
sample,advancing_forward,graph,1007,1020,12,2619,1.947520018,1.955000000,0.043600000,0.008100000
sample,advancing_forward,graph,1007,1021,12,6896,1.949695945,1.957100000,0.042800000,0.008100000
sample,advancing_forward,graph,1007,1022,12,764,1.953791976,1.962300000,0.040300000,0.008000000
sample,advancing_forward,graph,1007,1007,13,837,1.937407970,1.946600000,0.044700000,0.008100000
sample,advancing_forward,graph,1007,1008,13,290,1.939455986,1.949100000,0.048600000,0.008000000
sample,advancing_forward,graph,1007,1009,13,1863,1.959936023,1.972600000,0.062100000,0.013800000
sample,advancing_forward,graph,1007,1010,13,691,1.944576025,1.954000000,0.046700000,0.008700000
sample,advancing_forward,graph,1007,1011,13,262,1.943552017,1.952600000,0.048000000,0.008200000
sample,advancing_forward,graph,1007,1012,13,5093,1.942528009,1.952200000,0.044900000,0.008000000
sample,advancing_forward,graph,1007,1013,13,2488,1.946624041,1.956900000,0.047700000,0.007900000
sample,advancing_forward,graph,1007,1014,13,12,1.948672056,1.957600000,0.048000000,0.008100000
sample,advancing_forward,graph,1007,1015,13,31,1.941375971,1.948500000,0.041900000,0.008100000
sample,advancing_forward,graph,1007,1016,13,7421,1.943519950,1.951200000,0.041200000,0.007900000
sample,advancing_forward,graph,1007,1017,13,7051,1.945600033,1.953300000,0.040900000,0.008700000
sample,advancing_forward,graph,1007,1018,13,286,1.950688004,1.959300000,0.041400000,0.009200000
sample,advancing_forward,graph,1007,1019,13,262,1.945567966,1.953600000,0.042700000,0.007800000
sample,advancing_forward,graph,1007,1020,13,2619,1.947648048,1.955400000,0.044600000,0.008000000
sample,advancing_forward,graph,1007,1021,13,6896,1.952607989,1.960500000,0.042800000,0.008500000
sample,advancing_forward,graph,1007,1022,13,764,1.953791976,1.962500000,0.044900000,0.008100000
sample,advancing_forward,ordinary,1007,1007,13,837,2.127775908,2.134400000,0.679700000,0.000000000
sample,advancing_forward,ordinary,1007,1008,13,290,2.124799967,2.133000000,0.687600000,0.000000000
sample,advancing_forward,ordinary,1007,1009,13,1863,2.126847982,2.137400000,0.560400000,0.000000000
sample,advancing_forward,ordinary,1007,1010,13,691,2.135008097,2.142700000,0.693500000,0.000000000
sample,advancing_forward,ordinary,1007,1011,13,262,2.207743883,2.215900000,0.565400000,0.000000000
sample,advancing_forward,ordinary,1007,1012,13,5093,3.330048084,3.343500000,0.719300000,0.000000000
sample,advancing_forward,ordinary,1007,1013,13,2488,2.180095911,2.192600000,1.046800000,0.000000000
sample,advancing_forward,ordinary,1007,1014,13,12,2.180095911,2.189800000,0.985400000,0.000000000
sample,advancing_forward,ordinary,1007,1015,13,31,2.253823996,2.262800000,1.031500000,0.000000000
sample,advancing_forward,ordinary,1007,1016,13,7421,2.215935946,2.225400000,0.888300000,0.000000000
sample,advancing_forward,ordinary,1007,1017,13,7051,2.182143927,2.190800000,1.018000000,0.000000000
sample,advancing_forward,ordinary,1007,1018,13,286,2.210815907,2.220400000,0.875400000,0.000000000
sample,advancing_forward,ordinary,1007,1019,13,262,2.183167934,2.193200000,0.566900000,0.000000000
sample,advancing_forward,ordinary,1007,1020,13,2619,2.199552059,2.211000000,0.569600000,0.000000000
sample,advancing_forward,ordinary,1007,1021,13,6896,2.186239958,2.195600000,0.631800000,0.000000000
sample,advancing_forward,ordinary,1007,1022,13,764,2.202624083,2.212300000,0.561500000,0.000000000
sample,advancing_forward,ordinary,1007,1007,14,837,2.170880079,2.179300000,0.892800000,0.000000000
sample,advancing_forward,ordinary,1007,1008,14,290,2.172928095,2.180500000,0.685300000,0.000000000
sample,advancing_forward,ordinary,1007,1009,14,1863,2.126847982,2.134400000,0.682100000,0.000000000
sample,advancing_forward,ordinary,1007,1010,14,691,2.131936073,2.139300000,0.593300000,0.000000000
sample,advancing_forward,ordinary,1007,1011,14,262,2.128895998,2.136300000,0.607500000,0.000000000
sample,advancing_forward,ordinary,1007,1012,14,5093,2.129920006,2.138300000,0.598000000,0.000000000
sample,advancing_forward,ordinary,1007,1013,14,2488,2.132992029,2.140600000,0.601100000,0.000000000
sample,advancing_forward,ordinary,1007,1014,14,12,2.134016037,2.141300000,0.693300000,0.000000000
sample,advancing_forward,ordinary,1007,1015,14,31,2.128895998,2.136800000,0.601200000,0.000000000
sample,advancing_forward,ordinary,1007,1016,14,7421,2.129920006,2.138600000,0.651000000,0.000000000
sample,advancing_forward,ordinary,1007,1017,14,7051,2.189311981,2.197700000,0.925600000,0.000000000
sample,advancing_forward,ordinary,1007,1018,14,286,2.188287973,2.196500000,0.889600000,0.000000000
sample,advancing_forward,ordinary,1007,1019,14,262,2.180095911,2.190200000,0.898600000,0.000000000
sample,advancing_forward,ordinary,1007,1020,14,2619,3.392512083,3.405600000,0.803600000,0.000000000
sample,advancing_forward,ordinary,1007,1021,14,6896,2.173952103,2.183100000,0.868800000,0.000000000
sample,advancing_forward,ordinary,1007,1022,14,764,2.130944014,2.138600000,0.566600000,0.000000000
sample,advancing_forward,graph,1007,1007,14,837,1.934335947,1.942200000,0.042700000,0.007900000
sample,advancing_forward,graph,1007,1008,14,290,1.955839992,1.979900000,0.059200000,0.013500000
sample,advancing_forward,graph,1007,1009,14,1863,2.005887985,2.032900000,0.102900000,0.057900000
sample,advancing_forward,graph,1007,1010,14,691,1.943552017,1.953000000,0.044600000,0.008400000
sample,advancing_forward,graph,1007,1011,14,262,1.941504002,1.950800000,0.044900000,0.008100000
sample,advancing_forward,graph,1007,1012,14,5093,1.942528009,1.952500000,0.048100000,0.008100000
sample,advancing_forward,graph,1007,1013,14,2488,1.947648048,1.956700000,0.047100000,0.007900000
sample,advancing_forward,graph,1007,1014,14,12,1.946624041,1.955300000,0.039800000,0.008100000
sample,advancing_forward,graph,1007,1015,14,31,1.942528009,1.950200000,0.039900000,0.008000000
sample,advancing_forward,graph,1007,1016,14,7421,1.943552017,1.950500000,0.039800000,0.008300000
sample,advancing_forward,graph,1007,1017,14,7051,1.946624041,1.954800000,0.040300000,0.008000000
sample,advancing_forward,graph,1007,1018,14,286,1.947584033,1.956000000,0.040100000,0.007900000
sample,advancing_forward,graph,1007,1019,14,262,1.948672056,1.958800000,0.045500000,0.008700000
sample,advancing_forward,graph,1007,1020,14,2619,1.946624041,1.956500000,0.044800000,0.008200000
sample,advancing_forward,graph,1007,1021,14,6896,1.950719953,1.960000000,0.046600000,0.008200000
sample,advancing_forward,graph,1007,1022,14,764,1.954815984,1.965300000,0.051300000,0.008700000
sample,advancing_forward,graph,1007,1007,15,837,1.936383963,1.944300000,0.043000000,0.008100000
sample,advancing_forward,graph,1007,1008,15,290,1.939327955,1.947200000,0.040300000,0.008200000
sample,advancing_forward,graph,1007,1009,15,1863,1.939455986,1.947600000,0.042900000,0.008200000
sample,advancing_forward,graph,1007,1010,15,691,1.947648048,1.956100000,0.072900000,0.012900000
sample,advancing_forward,graph,1007,1011,15,262,1.940479994,1.948800000,0.040500000,0.008200000
sample,advancing_forward,graph,1007,1012,15,5093,1.943488002,1.951000000,0.040900000,0.008100000
sample,advancing_forward,graph,1007,1013,15,2488,1.947648048,1.957100000,0.042400000,0.008800000
sample,advancing_forward,graph,1007,1014,15,12,1.952767968,1.964700000,0.056700000,0.011100000
sample,advancing_forward,graph,1007,1015,15,31,1.945600033,1.955300000,0.049000000,0.009800000
sample,advancing_forward,graph,1007,1016,15,7421,1.954815984,1.965700000,0.060800000,0.009300000
sample,advancing_forward,graph,1007,1017,15,7051,1.951743960,1.962900000,0.056900000,0.011700000
sample,advancing_forward,graph,1007,1018,15,286,1.947648048,1.957900000,0.048700000,0.007900000
sample,advancing_forward,graph,1007,1019,15,262,1.946624041,1.956800000,0.048800000,0.008200000
sample,advancing_forward,graph,1007,1020,15,2619,1.949695945,1.958600000,0.047200000,0.008300000
sample,advancing_forward,graph,1007,1021,15,6896,1.955839992,1.966200000,0.074800000,0.011000000
sample,advancing_forward,graph,1007,1022,15,764,1.957888007,1.969300000,0.074800000,0.010600000
sample,advancing_forward,ordinary,1007,1007,15,837,2.123775959,2.131600000,0.585700000,0.000000000
sample,advancing_forward,ordinary,1007,1008,15,290,2.124799967,2.132500000,0.602800000,0.000000000
sample,advancing_forward,ordinary,1007,1009,15,1863,2.130944014,2.137900000,0.686300000,0.000000000
sample,advancing_forward,ordinary,1007,1010,15,691,2.126847982,2.134400000,0.544700000,0.000000000
sample,advancing_forward,ordinary,1007,1011,15,262,2.125823975,2.133200000,0.539500000,0.000000000
sample,advancing_forward,ordinary,1007,1012,15,5093,2.127871990,2.135900000,0.582400000,0.000000000
sample,advancing_forward,ordinary,1007,1013,15,2488,2.135040045,2.142200000,0.606400000,0.000000000
sample,advancing_forward,ordinary,1007,1014,15,12,2.174976110,2.183000000,0.605200000,0.000000000
sample,advancing_forward,ordinary,1007,1015,15,31,2.138112068,2.151700000,0.721600000,0.000000000
sample,advancing_forward,ordinary,1007,1016,15,7421,2.166784048,2.175300000,0.622000000,0.000000000
sample,advancing_forward,ordinary,1007,1017,15,7051,2.132992029,2.141000000,0.570700000,0.000000000
sample,advancing_forward,ordinary,1007,1018,15,286,2.136064053,2.143900000,0.609600000,0.000000000
sample,advancing_forward,ordinary,1007,1019,15,262,2.134016037,2.141300000,0.601800000,0.000000000
sample,advancing_forward,ordinary,1007,1020,15,2619,2.136064053,2.143800000,0.548500000,0.000000000
sample,advancing_forward,ordinary,1007,1021,15,6896,2.140160084,2.151200000,0.600100000,0.000000000
sample,advancing_forward,ordinary,1007,1022,15,764,2.138112068,2.146300000,0.848800000,0.000000000
sample,forward_host,ordinary,128,128,0,284,2.113408089,2.167400000,1.642300000,0.000000000
sample,forward_host,ordinary,128,129,0,257,1.955872059,2.011400000,1.528400000,0.000000000
sample,forward_host,ordinary,128,130,0,614,2.042880058,2.092700000,1.587100000,0.000000000
sample,forward_host,ordinary,128,131,0,878,1.858687997,1.908000000,1.509700000,0.000000000
sample,forward_host,ordinary,128,132,0,289,1.844831944,1.893900000,1.514400000,0.000000000
sample,forward_host,ordinary,128,133,0,19775,1.934303999,2.021900000,1.548800000,0.000000000
sample,forward_host,ordinary,128,134,0,656,1.934911966,2.002600000,1.183500000,0.000000000
sample,forward_host,ordinary,128,135,0,39599,1.984480023,2.037500000,1.317100000,0.000000000
sample,forward_host,ordinary,128,136,0,1122,1.999711990,2.054500000,1.466400000,0.000000000
sample,forward_host,ordinary,128,137,0,291,2.030015945,2.085300000,1.682400000,0.000000000
sample,forward_host,ordinary,128,138,0,37346,2.040224075,2.096500000,1.546800000,0.000000000
sample,forward_host,ordinary,128,139,0,764,1.934111953,1.989400000,1.592400000,0.000000000
sample,forward_host,ordinary,128,140,0,8074,2.061055899,2.151000000,1.743700000,0.000000000
sample,forward_host,ordinary,128,141,0,20272,1.729184031,1.810100000,1.040300000,0.000000000
sample,forward_host,ordinary,128,142,0,9106,1.780256033,1.826500000,1.195000000,0.000000000
sample,forward_host,ordinary,128,143,0,3876,1.804512024,1.850300000,1.260000000,0.000000000
sample,forward_host,graph,128,128,0,284,1.355424047,1.405200000,0.044700000,0.008200000
sample,forward_host,graph,128,129,0,257,1.361664057,1.411300000,0.044800000,0.008100000
sample,forward_host,graph,128,130,0,614,1.362944007,1.412800000,0.043700000,0.008300000
sample,forward_host,graph,128,131,0,878,1.361567974,1.411100000,0.045100000,0.008100000
sample,forward_host,graph,128,132,0,289,1.362208009,1.461900000,0.044600000,0.008000000
sample,forward_host,graph,128,133,0,19775,1.377887964,1.558900000,0.053400000,0.014400000
sample,forward_host,graph,128,134,0,656,1.508191943,1.587500000,0.373200000,0.081600000
sample,forward_host,graph,128,135,0,39599,1.363839984,1.415100000,0.040700000,0.008400000
sample,forward_host,graph,128,136,0,1122,1.366176009,1.426200000,0.043300000,0.008100000
sample,forward_host,graph,128,137,0,291,1.368672013,1.425300000,0.045600000,0.008400000
sample,forward_host,graph,128,138,0,37346,1.372159958,1.430300000,0.044800000,0.008000000
sample,forward_host,graph,128,139,0,764,1.370111942,1.425100000,0.047100000,0.008100000
sample,forward_host,graph,128,140,0,8074,1.370079994,1.425700000,0.046000000,0.008200000
sample,forward_host,graph,128,141,0,20272,1.373855948,1.429900000,0.048000000,0.008100000
sample,forward_host,graph,128,142,0,9106,1.376191974,1.431800000,0.047900000,0.008300000
sample,forward_host,graph,128,143,0,3876,1.367007971,1.438900000,0.047900000,0.008100000
sample,forward_host,graph,128,128,1,284,1.355967999,1.412100000,0.045500000,0.008600000
sample,forward_host,graph,128,129,1,257,1.363456011,1.418800000,0.046500000,0.008200000
sample,forward_host,graph,128,130,1,614,1.365120053,1.420600000,0.045800000,0.008100000
sample,forward_host,graph,128,131,1,878,1.360448003,1.415500000,0.046100000,0.008300000
sample,forward_host,graph,128,132,1,289,1.362784028,1.417300000,0.045900000,0.008000000
sample,forward_host,graph,128,133,1,19775,1.366207957,1.421200000,0.047900000,0.008100000
sample,forward_host,graph,128,134,1,656,1.368000031,1.422600000,0.050600000,0.008000000
sample,forward_host,graph,128,135,1,39599,1.362239957,1.418100000,0.046200000,0.008000000
sample,forward_host,graph,128,136,1,1122,1.364351988,1.433400000,0.047000000,0.008200000
sample,forward_host,graph,128,137,1,291,1.373535991,1.430000000,0.053300000,0.009000000
sample,forward_host,graph,128,138,1,37346,1.370911956,1.435600000,0.046500000,0.008100000
sample,forward_host,graph,128,139,1,764,1.367231965,1.423600000,0.048200000,0.007900000
sample,forward_host,graph,128,140,1,8074,1.371135950,1.426700000,0.047300000,0.008200000
sample,forward_host,graph,128,141,1,20272,1.373568058,1.425100000,0.048600000,0.008000000
sample,forward_host,graph,128,142,1,9106,1.374719977,1.425500000,0.044800000,0.008100000
sample,forward_host,graph,128,143,1,3876,1.366943955,1.416600000,0.045000000,0.008000000
sample,forward_host,ordinary,128,128,1,284,2.044991970,2.099300000,1.597800000,0.000000000
sample,forward_host,ordinary,128,129,1,257,2.175616026,2.233400000,1.648100000,0.000000000
sample,forward_host,ordinary,128,130,1,614,1.992831945,2.047700000,1.645300000,0.000000000
sample,forward_host,ordinary,128,131,1,878,1.991871953,2.047400000,1.051700000,0.000000000
sample,forward_host,ordinary,128,132,1,289,2.148704052,2.297300000,1.836100000,0.000000000
sample,forward_host,ordinary,128,133,1,19775,1.945279956,2.004000000,1.603700000,0.000000000
sample,forward_host,ordinary,128,134,1,656,2.095168114,2.170100000,0.865800000,0.000000000
sample,forward_host,ordinary,128,135,1,39599,2.032288074,2.090400000,1.384700000,0.000000000
sample,forward_host,ordinary,128,136,1,1122,1.977952003,2.033300000,1.300100000,0.000000000
sample,forward_host,ordinary,128,137,1,291,2.031008005,2.086900000,1.662800000,0.000000000
sample,forward_host,ordinary,128,138,1,37346,2.023103952,2.077900000,1.509200000,0.000000000
sample,forward_host,ordinary,128,139,1,764,1.946400046,2.001600000,1.270400000,0.000000000
sample,forward_host,ordinary,128,140,1,8074,2.117856026,2.174200000,1.322400000,0.000000000
sample,forward_host,ordinary,128,141,1,20272,2.050463915,2.106100000,1.602000000,0.000000000
sample,forward_host,ordinary,128,142,1,9106,2.052896023,2.137600000,1.593500000,0.000000000
sample,forward_host,ordinary,128,143,1,3876,2.368959904,2.426000000,1.158200000,0.000000000
sample,forward_host,ordinary,128,128,2,284,1.908735991,1.958300000,1.560100000,0.000000000
sample,forward_host,ordinary,128,129,2,257,1.860800028,1.909900000,0.905200000,0.000000000
sample,forward_host,ordinary,128,130,2,614,1.745919943,1.794900000,1.330900000,0.000000000
sample,forward_host,ordinary,128,131,2,878,1.641343951,1.722700000,1.185500000,0.000000000
sample,forward_host,ordinary,128,132,2,289,1.773216009,1.939300000,1.424600000,0.000000000
sample,forward_host,ordinary,128,133,2,19775,2.845920086,2.915300000,2.055300000,0.000000000
sample,forward_host,ordinary,128,134,2,656,1.634304047,1.680300000,1.243900000,0.000000000
sample,forward_host,ordinary,128,135,2,39599,1.707903981,1.758500000,1.332800000,0.000000000
sample,forward_host,ordinary,128,136,2,1122,1.781471968,1.832400000,1.433000000,0.000000000
sample,forward_host,ordinary,128,137,2,291,1.928320050,1.980600000,1.616100000,0.000000000
sample,forward_host,ordinary,128,138,2,37346,1.860895991,1.913900000,1.310600000,0.000000000
sample,forward_host,ordinary,128,139,2,764,2.119071960,2.187700000,1.381600000,0.000000000
sample,forward_host,ordinary,128,140,2,8074,2.060159922,2.116000000,0.984500000,0.000000000
sample,forward_host,ordinary,128,141,2,20272,2.038944006,2.094500000,1.512800000,0.000000000
sample,forward_host,ordinary,128,142,2,9106,1.915840030,1.966400000,1.572900000,0.000000000
sample,forward_host,ordinary,128,143,2,3876,1.842527986,1.891800000,1.527700000,0.000000000
sample,forward_host,graph,128,128,2,284,1.355327964,1.410900000,0.047400000,0.008000000
sample,forward_host,graph,128,129,2,257,1.362239957,1.417400000,0.047800000,0.008000000
sample,forward_host,graph,128,130,2,614,1.364639997,1.441400000,0.047100000,0.008100000
sample,forward_host,graph,128,131,2,878,1.386016011,1.450400000,0.073500000,0.021900000
sample,forward_host,graph,128,132,2,289,1.364575982,1.421700000,0.051500000,0.009800000
sample,forward_host,graph,128,133,2,19775,1.365599990,1.421200000,0.050500000,0.008400000
sample,forward_host,graph,128,134,2,656,1.369184017,1.425000000,0.047600000,0.008100000
sample,forward_host,graph,128,135,2,39599,1.363872051,1.414700000,0.046400000,0.008100000
sample,forward_host,graph,128,136,2,1122,1.362848043,1.413200000,0.041500000,0.008000000
sample,forward_host,graph,128,137,2,291,1.367359996,1.416700000,0.041400000,0.007900000
sample,forward_host,graph,128,138,2,37346,1.371359944,1.421300000,0.041700000,0.008000000
sample,forward_host,graph,128,139,2,764,1.367967963,1.419000000,0.040500000,0.008000000
sample,forward_host,graph,128,140,2,8074,1.369887948,1.419300000,0.040800000,0.008100000
sample,forward_host,graph,128,141,2,20272,1.373343945,1.440000000,0.042800000,0.008200000
sample,forward_host,graph,128,142,2,9106,1.388352036,1.440200000,0.079800000,0.012500000
sample,forward_host,graph,128,143,2,3876,1.367583990,1.417700000,0.042500000,0.009200000
sample,forward_host,graph,128,128,3,284,1.360991955,1.415700000,0.057800000,0.008000000
sample,forward_host,graph,128,129,3,257,1.360736012,1.416400000,0.050800000,0.008300000
sample,forward_host,graph,128,130,3,614,1.362975955,1.418400000,0.047400000,0.007900000
sample,forward_host,graph,128,131,3,878,1.359647989,1.416300000,0.049000000,0.008100000
sample,forward_host,graph,128,132,3,289,1.362527966,1.418300000,0.048600000,0.008100000
sample,forward_host,graph,128,133,3,19775,1.365919948,1.416200000,0.046800000,0.007900000
sample,forward_host,graph,128,134,3,656,1.369408011,1.430900000,0.043300000,0.008200000
sample,forward_host,graph,128,135,3,39599,1.383360028,1.434800000,0.062700000,0.016200000
sample,forward_host,graph,128,136,3,1122,1.369055986,1.417700000,0.046600000,0.010000000
sample,forward_host,graph,128,137,3,291,1.367264032,1.415500000,0.045300000,0.008400000
sample,forward_host,graph,128,138,3,37346,1.369120002,1.415600000,0.046000000,0.008100000
sample,forward_host,graph,128,139,3,764,1.368384004,1.415500000,0.043000000,0.008100000
sample,forward_host,graph,128,140,3,8074,1.370399952,1.418500000,0.045800000,0.008000000
sample,forward_host,graph,128,141,3,20272,1.371968031,1.419200000,0.043900000,0.008100000
sample,forward_host,graph,128,142,3,9106,1.375936031,1.422300000,0.044900000,0.008000000
sample,forward_host,graph,128,143,3,3876,1.366655946,1.413400000,0.045500000,0.008000000
sample,forward_host,ordinary,128,128,3,284,1.612704039,1.658800000,1.221900000,0.000000000
sample,forward_host,ordinary,128,129,3,257,1.598847985,1.644900000,1.214800000,0.000000000
sample,forward_host,ordinary,128,130,3,614,1.597663999,1.643300000,1.220000000,0.000000000
sample,forward_host,ordinary,128,131,3,878,1.619007945,1.664500000,1.244200000,0.000000000
sample,forward_host,ordinary,128,132,3,289,1.576959968,1.623500000,1.204800000,0.000000000
sample,forward_host,ordinary,128,133,3,19775,1.695584059,1.741300000,1.287100000,0.000000000
sample,forward_host,ordinary,128,134,3,656,1.630112052,1.675900000,1.255700000,0.000000000
sample,forward_host,ordinary,128,135,3,39599,1.624959946,1.671400000,1.308100000,0.000000000
sample,forward_host,ordinary,128,136,3,1122,1.607872009,1.663400000,1.179100000,0.000000000
sample,forward_host,ordinary,128,137,3,291,2.752160072,2.791600000,2.092400000,0.000000000
sample,forward_host,ordinary,128,138,3,37346,1.666847944,1.712300000,1.260800000,0.000000000
sample,forward_host,ordinary,128,139,3,764,1.752832055,1.814900000,1.437200000,0.000000000
sample,forward_host,ordinary,128,140,3,8074,2.017184019,2.066700000,1.579700000,0.000000000
sample,forward_host,ordinary,128,141,3,20272,1.881055951,1.929600000,1.534300000,0.000000000
sample,forward_host,ordinary,128,142,3,9106,1.744063973,1.793300000,1.375700000,0.000000000
sample,forward_host,ordinary,128,143,3,3876,1.929247975,1.978900000,1.364000000,0.000000000
sample,forward_host,ordinary,128,128,4,284,2.039968014,2.095100000,1.702300000,0.000000000
sample,forward_host,ordinary,128,129,4,257,2.110368013,2.165100000,1.584800000,0.000000000
sample,forward_host,ordinary,128,130,4,614,2.000832081,2.055000000,1.643800000,0.000000000
sample,forward_host,ordinary,128,131,4,878,2.006975889,2.061600000,1.491700000,0.000000000
sample,forward_host,ordinary,128,132,4,289,2.143104076,2.206000000,1.588300000,0.000000000
sample,forward_host,ordinary,128,133,4,19775,1.976448059,2.031600000,1.530700000,0.000000000
sample,forward_host,ordinary,128,134,4,656,1.943904042,1.995100000,1.587000000,0.000000000
sample,forward_host,ordinary,128,135,4,39599,1.830752015,1.880000000,1.391900000,0.000000000
sample,forward_host,ordinary,128,136,4,1122,1.902112007,1.950900000,1.533600000,0.000000000
sample,forward_host,ordinary,128,137,4,291,1.868224025,1.917000000,1.494000000,0.000000000
sample,forward_host,ordinary,128,138,4,37346,1.952160001,2.001400000,1.639000000,0.000000000
sample,forward_host,ordinary,128,139,4,764,1.840896010,1.889300000,1.493900000,0.000000000
sample,forward_host,ordinary,128,140,4,8074,1.819839954,1.919700000,1.510100000,0.000000000
sample,forward_host,ordinary,128,141,4,20272,1.879680037,1.955300000,1.047400000,0.000000000
sample,forward_host,ordinary,128,142,4,9106,1.581599951,1.627800000,1.185200000,0.000000000
sample,forward_host,ordinary,128,143,4,3876,1.585600019,1.631300000,1.197800000,0.000000000
sample,forward_host,graph,128,128,4,284,1.355775952,1.412100000,0.049200000,0.008300000
sample,forward_host,graph,128,129,4,257,1.379840016,1.430800000,0.047200000,0.008000000
sample,forward_host,graph,128,130,4,614,1.364223957,1.414300000,0.043200000,0.007900000
sample,forward_host,graph,128,131,4,878,1.361503959,1.411800000,0.044700000,0.008200000
sample,forward_host,graph,128,132,4,289,1.361439943,1.448000000,0.044500000,0.008000000
sample,forward_host,graph,128,133,4,19775,1.377503991,1.430100000,0.077800000,0.011400000
sample,forward_host,graph,128,134,4,656,1.372287989,1.426200000,0.046300000,0.010100000
sample,forward_host,graph,128,135,4,39599,1.363072038,1.419300000,0.045600000,0.010200000
sample,forward_host,graph,128,136,4,1122,1.364928007,1.421200000,0.048700000,0.008200000
sample,forward_host,graph,128,137,4,291,1.370336056,1.425000000,0.047100000,0.008100000
sample,forward_host,graph,128,138,4,37346,1.370303988,1.426500000,0.047300000,0.008200000
sample,forward_host,graph,128,139,4,764,1.369600058,1.431600000,0.048800000,0.008700000
sample,forward_host,graph,128,140,4,8074,1.371135950,1.427300000,0.049600000,0.009500000
sample,forward_host,graph,128,141,4,20272,1.374655962,1.430800000,0.049000000,0.008000000
sample,forward_host,graph,128,142,4,9106,1.377439976,1.433300000,0.049700000,0.008300000
sample,forward_host,graph,128,143,4,3876,1.366752028,1.461200000,0.047700000,0.008300000
sample,forward_host,graph,128,128,5,284,1.354591966,1.404500000,0.044700000,0.008200000
sample,forward_host,graph,128,129,5,257,1.362655997,1.412400000,0.044600000,0.008100000
sample,forward_host,graph,128,130,5,614,1.362432003,1.412500000,0.045100000,0.008300000
sample,forward_host,graph,128,131,5,878,1.360479951,1.411100000,0.045800000,0.008200000
sample,forward_host,graph,128,132,5,289,1.362400055,1.413000000,0.042900000,0.008500000
sample,forward_host,graph,128,133,5,19775,1.366719961,1.416900000,0.044100000,0.008600000
sample,forward_host,graph,128,134,5,656,1.369727969,1.419300000,0.044700000,0.008000000
sample,forward_host,graph,128,135,5,39599,1.362112045,1.411800000,0.044700000,0.008100000
sample,forward_host,graph,128,136,5,1122,1.365056038,1.411300000,0.044700000,0.008100000
sample,forward_host,graph,128,137,5,291,1.367712021,1.428800000,0.043200000,0.008000000
sample,forward_host,graph,128,138,5,37346,1.378751993,1.517000000,0.050400000,0.011300000
sample,forward_host,graph,128,139,5,764,1.482527971,1.550100000,0.351200000,0.073600000
sample,forward_host,graph,128,140,5,8074,1.368255973,1.413600000,0.040400000,0.008400000
sample,forward_host,graph,128,141,5,20272,1.373824000,1.424300000,0.040600000,0.008400000
sample,forward_host,graph,128,142,5,9106,1.375743985,1.427800000,0.045200000,0.008300000
sample,forward_host,graph,128,143,5,3876,1.367136002,1.418900000,0.044600000,0.008000000
sample,forward_host,ordinary,128,128,5,284,1.593312025,1.661400000,1.221800000,0.000000000
sample,forward_host,ordinary,128,129,5,257,1.593727946,1.731000000,1.160900000,0.000000000
sample,forward_host,ordinary,128,130,5,614,2.558239937,2.630100000,1.898700000,0.000000000
sample,forward_host,ordinary,128,131,5,878,1.885184050,1.937400000,1.428200000,0.000000000
sample,forward_host,ordinary,128,132,5,289,1.962527990,2.019100000,1.308200000,0.000000000
sample,forward_host,ordinary,128,133,5,19775,1.897375941,1.948700000,1.541100000,0.000000000
sample,forward_host,ordinary,128,134,5,656,1.764415979,1.815900000,1.322000000,0.000000000
sample,forward_host,ordinary,128,135,5,39599,1.702015996,1.749600000,1.340000000,0.000000000
sample,forward_host,ordinary,128,136,5,1122,1.599871993,1.645600000,1.245800000,0.000000000
sample,forward_host,ordinary,128,137,5,291,1.724799991,1.772700000,1.391800000,0.000000000
sample,forward_host,ordinary,128,138,5,37346,1.625759959,1.671700000,0.933800000,0.000000000
sample,forward_host,ordinary,128,139,5,764,1.576704025,1.623000000,1.157600000,0.000000000
sample,forward_host,ordinary,128,140,5,8074,1.627776027,1.673800000,1.282800000,0.000000000
sample,forward_host,ordinary,128,141,5,20272,1.608703971,1.653900000,1.201900000,0.000000000
sample,forward_host,ordinary,128,142,5,9106,1.632351995,1.678800000,1.289600000,0.000000000
sample,forward_host,ordinary,128,143,5,3876,1.731999993,1.782600000,1.383800000,0.000000000
sample,forward_host,ordinary,128,128,6,284,1.819200039,1.866400000,1.361300000,0.000000000
sample,forward_host,ordinary,128,129,6,257,1.982848048,2.036900000,1.014400000,0.000000000
sample,forward_host,ordinary,128,130,6,614,1.754943967,1.807200000,1.319500000,0.000000000
sample,forward_host,ordinary,128,131,6,878,1.819424033,1.870000000,1.489000000,0.000000000
sample,forward_host,ordinary,128,132,6,289,1.840896010,1.891800000,1.491900000,0.000000000
sample,forward_host,ordinary,128,133,6,19775,1.740512013,1.791700000,1.404800000,0.000000000
sample,forward_host,ordinary,128,134,6,656,1.798688054,1.849300000,1.440700000,0.000000000
sample,forward_host,ordinary,128,135,6,39599,1.918112040,1.983600000,1.587400000,0.000000000
sample,forward_host,ordinary,128,136,6,1122,1.771744013,1.823400000,1.440500000,0.000000000
sample,forward_host,ordinary,128,137,6,291,1.724640012,1.777300000,1.319800000,0.000000000
sample,forward_host,ordinary,128,138,6,37346,1.781280041,1.833400000,1.431200000,0.000000000
sample,forward_host,ordinary,128,139,6,764,1.791872025,1.843700000,1.443700000,0.000000000
sample,forward_host,ordinary,128,140,6,8074,1.804800034,1.856200000,1.302000000,0.000000000
sample,forward_host,ordinary,128,141,6,20272,1.871039987,2.014400000,1.523500000,0.000000000
sample,forward_host,ordinary,128,142,6,9106,1.803392053,1.854500000,1.393300000,0.000000000
sample,forward_host,ordinary,128,143,6,3876,1.819551945,1.908500000,1.471700000,0.000000000
sample,forward_host,graph,128,128,6,284,1.354655981,1.404000000,0.042700000,0.008300000
sample,forward_host,graph,128,129,6,257,1.361824036,1.412100000,0.042700000,0.007900000
sample,forward_host,graph,128,130,6,614,1.364287972,1.414000000,0.043600000,0.007900000
sample,forward_host,graph,128,131,6,878,1.360864043,1.410900000,0.042300000,0.008200000
sample,forward_host,graph,128,132,6,289,1.362560034,1.412200000,0.042200000,0.008200000
sample,forward_host,graph,128,133,6,19775,1.369408011,1.418900000,0.042100000,0.008200000
sample,forward_host,graph,128,134,6,656,1.367391944,1.417100000,0.042000000,0.008000000
sample,forward_host,graph,128,135,6,39599,1.361855984,1.411400000,0.041700000,0.008200000
sample,forward_host,graph,128,136,6,1122,1.364223957,1.457700000,0.040900000,0.008400000
sample,forward_host,graph,128,137,6,291,1.391551971,1.459600000,0.080200000,0.018100000
sample,forward_host,graph,128,138,6,37346,1.373600006,1.748400000,0.066100000,0.010600000
sample,forward_host,graph,128,139,6,764,1.386464000,1.456800000,0.060100000,0.020700000
sample,forward_host,graph,128,140,6,8074,1.370272040,1.425700000,0.045200000,0.008300000
sample,forward_host,graph,128,141,6,20272,1.373471975,1.429000000,0.046900000,0.008000000
sample,forward_host,graph,128,142,6,9106,1.376832008,1.431200000,0.046300000,0.007900000
sample,forward_host,graph,128,143,6,3876,1.368703961,1.424700000,0.045200000,0.008000000
sample,forward_host,graph,128,128,7,284,1.356415987,1.411800000,0.046400000,0.008000000
sample,forward_host,graph,128,129,7,257,1.363103986,1.430800000,0.046200000,0.008000000
sample,forward_host,graph,128,130,7,614,1.386719942,1.466500000,0.069500000,0.020300000
sample,forward_host,graph,128,131,7,878,1.364511967,1.421500000,0.050900000,0.009500000
sample,forward_host,graph,128,132,7,289,1.363711953,1.423700000,0.050100000,0.008100000
sample,forward_host,graph,128,133,7,19775,1.370847940,1.427500000,0.048300000,0.008800000
sample,forward_host,graph,128,134,7,656,1.370368004,1.426800000,0.048500000,0.008300000
sample,forward_host,graph,128,135,7,39599,1.361248016,1.416700000,0.047200000,0.008100000
sample,forward_host,graph,128,136,7,1122,1.365568042,1.422400000,0.047400000,0.008000000
sample,forward_host,graph,128,137,7,291,1.369856000,1.426200000,0.047200000,0.008000000
sample,forward_host,graph,128,138,7,37346,1.369760036,1.426100000,0.051700000,0.008300000
sample,forward_host,graph,128,139,7,764,1.366688013,1.422300000,0.049700000,0.007900000
sample,forward_host,graph,128,140,7,8074,1.369472027,1.439700000,0.049500000,0.008000000
sample,forward_host,graph,128,141,7,20272,1.381888032,1.438700000,0.078100000,0.010700000
sample,forward_host,graph,128,142,7,9106,1.376384020,1.424200000,0.046500000,0.008200000
sample,forward_host,graph,128,143,7,3876,1.367071986,1.414400000,0.041600000,0.007900000
sample,forward_host,ordinary,128,128,7,284,1.947872043,1.997800000,1.578500000,0.000000000
sample,forward_host,ordinary,128,129,7,257,1.954336047,2.015500000,1.635400000,0.000000000
sample,forward_host,ordinary,128,130,7,614,1.751584053,1.800200000,1.406100000,0.000000000
sample,forward_host,ordinary,128,131,7,878,1.934303999,1.983100000,1.491800000,0.000000000
sample,forward_host,ordinary,128,132,7,289,1.800160050,1.849300000,1.373900000,0.000000000
sample,forward_host,ordinary,128,133,7,19775,1.813439965,1.863000000,1.472100000,0.000000000
sample,forward_host,ordinary,128,134,7,656,1.966431975,2.019500000,1.261200000,0.000000000
sample,forward_host,ordinary,128,135,7,39599,2.030528069,2.084800000,1.618700000,0.000000000
sample,forward_host,ordinary,128,136,7,1122,2.040127993,2.093900000,1.670900000,0.000000000
sample,forward_host,ordinary,128,137,7,291,2.141024113,2.204200000,1.224000000,0.000000000
sample,forward_host,ordinary,128,138,7,37346,1.984032035,2.041800000,1.256800000,0.000000000
sample,forward_host,ordinary,128,139,7,764,1.980543971,2.030200000,1.406200000,0.000000000
sample,forward_host,ordinary,128,140,7,8074,1.800223947,1.849700000,1.451100000,0.000000000
sample,forward_host,ordinary,128,141,7,20272,1.878399968,1.927600000,1.563000000,0.000000000
sample,forward_host,ordinary,128,142,7,9106,1.760704041,1.809900000,1.449000000,0.000000000
sample,forward_host,ordinary,128,143,7,3876,1.763007998,1.812300000,1.446300000,0.000000000
sample,forward_host,ordinary,128,128,8,284,2.179552078,2.234600000,1.596200000,0.000000000
sample,forward_host,ordinary,128,129,8,257,1.968960047,2.023800000,1.341300000,0.000000000
sample,forward_host,ordinary,128,130,8,614,2.060064077,2.114900000,1.714000000,0.000000000
sample,forward_host,ordinary,128,131,8,878,2.030688047,2.075300000,1.699700000,0.000000000
sample,forward_host,ordinary,128,132,8,289,1.979679942,2.034200000,1.569300000,0.000000000
sample,forward_host,ordinary,128,133,8,19775,1.966143966,2.020100000,1.324500000,0.000000000
sample,forward_host,ordinary,128,134,8,656,2.206432104,2.263300000,1.372000000,0.000000000
sample,forward_host,ordinary,128,135,8,39599,2.221120119,2.279000000,1.754500000,0.000000000
sample,forward_host,ordinary,128,136,8,1122,2.017024040,2.075800000,1.556200000,0.000000000
sample,forward_host,ordinary,128,137,8,291,2.115231991,2.171200000,0.970000000,0.000000000
sample,forward_host,ordinary,128,138,8,37346,2.055648088,2.110300000,1.390400000,0.000000000
sample,forward_host,ordinary,128,139,8,764,2.049088001,2.106300000,1.610300000,0.000000000
sample,forward_host,ordinary,128,140,8,8074,2.012320042,2.067000000,1.298400000,0.000000000
sample,forward_host,ordinary,128,141,8,20272,2.052320004,2.123500000,1.418800000,0.000000000
sample,forward_host,ordinary,128,142,8,9106,2.022783995,2.077600000,1.494600000,0.000000000
sample,forward_host,ordinary,128,143,8,3876,2.076191902,2.142100000,1.413300000,0.000000000
sample,forward_host,graph,128,128,8,284,1.354912043,1.402100000,0.039500000,0.008000000
sample,forward_host,graph,128,129,8,257,1.363999963,1.419000000,0.045300000,0.008400000
sample,forward_host,graph,128,130,8,614,1.363296032,1.418600000,0.049200000,0.008000000
sample,forward_host,graph,128,131,8,878,1.361439943,1.417700000,0.045100000,0.008100000
sample,forward_host,graph,128,132,8,289,1.363360047,1.438600000,0.046400000,0.008100000
sample,forward_host,graph,128,133,8,19775,1.387743950,1.447800000,0.069400000,0.022800000
sample,forward_host,graph,128,134,8,656,1.369151950,1.425700000,0.048600000,0.009000000
sample,forward_host,graph,128,135,8,39599,1.362367988,1.418100000,0.049400000,0.008200000
sample,forward_host,graph,128,136,8,1122,1.365888000,1.422000000,0.049300000,0.008200000
sample,forward_host,graph,128,137,8,291,1.370175958,1.425600000,0.046400000,0.007900000
sample,forward_host,graph,128,138,8,37346,1.370432019,1.427400000,0.049000000,0.007900000
sample,forward_host,graph,128,139,8,764,1.368767977,1.424100000,0.050400000,0.008600000
sample,forward_host,graph,128,140,8,8074,1.371296048,1.426700000,0.047100000,0.008000000
sample,forward_host,graph,128,141,8,20272,1.374271989,1.430100000,0.047700000,0.008200000
sample,forward_host,graph,128,142,8,9106,1.376255989,1.432000000,0.048800000,0.008100000
sample,forward_host,graph,128,143,8,3876,1.365728021,1.472800000,0.050200000,0.008100000
sample,forward_host,graph,128,128,9,284,1.356191993,1.448000000,0.047300000,0.008100000
sample,forward_host,graph,128,129,9,257,1.361951947,1.418300000,0.051900000,0.008100000
sample,forward_host,graph,128,130,9,614,1.362591982,1.418400000,0.046700000,0.008200000
sample,forward_host,graph,128,131,9,878,1.361215949,1.416900000,0.047600000,0.008000000
sample,forward_host,graph,128,132,9,289,1.362112045,1.418100000,0.047600000,0.008100000
sample,forward_host,graph,128,133,9,19775,1.365759969,1.421800000,0.048300000,0.007900000
sample,forward_host,graph,128,134,9,656,1.369567990,1.425900000,0.049900000,0.008100000
sample,forward_host,graph,128,135,9,39599,1.359935999,1.415400000,0.048900000,0.008000000
sample,forward_host,graph,128,136,9,1122,1.365280032,1.433900000,0.048600000,0.008400000
sample,forward_host,graph,128,137,9,291,1.399968028,1.456500000,0.079100000,0.030300000
sample,forward_host,graph,128,138,9,37346,1.372831941,1.422500000,0.042800000,0.008800000
sample,forward_host,graph,128,139,9,764,1.368319988,1.417900000,0.043300000,0.008400000
sample,forward_host,graph,128,140,9,8074,1.370815992,1.421000000,0.041300000,0.008300000
sample,forward_host,graph,128,141,9,20272,1.373376012,1.423600000,0.043200000,0.008200000
sample,forward_host,graph,128,142,9,9106,1.374464035,1.424900000,0.042800000,0.008000000
sample,forward_host,graph,128,143,9,3876,1.366559982,1.417000000,0.044300000,0.008000000
sample,forward_host,ordinary,128,128,9,284,2.231775999,2.289600000,1.522900000,0.000000000
sample,forward_host,ordinary,128,129,9,257,2.086463928,2.144900000,1.717600000,0.000000000
sample,forward_host,ordinary,128,130,9,614,1.925536036,1.981200000,1.496000000,0.000000000
sample,forward_host,ordinary,128,131,9,878,1.872192025,1.923000000,1.465000000,0.000000000
sample,forward_host,ordinary,128,132,9,289,1.793215990,1.842600000,1.481000000,0.000000000
sample,forward_host,ordinary,128,133,9,19775,1.661344051,1.710400000,1.268100000,0.000000000
sample,forward_host,ordinary,128,134,9,656,1.774368048,1.823500000,1.400800000,0.000000000
sample,forward_host,ordinary,128,135,9,39599,1.704704046,1.750900000,1.346700000,0.000000000
sample,forward_host,ordinary,128,136,9,1122,1.791679978,1.846300000,1.446800000,0.000000000
sample,forward_host,ordinary,128,137,9,291,3.065056086,3.119600000,2.643900000,0.000000000
sample,forward_host,ordinary,128,138,9,37346,2.108383894,2.163100000,1.035000000,0.000000000
sample,forward_host,ordinary,128,139,9,764,2.040895939,2.094400000,1.508200000,0.000000000
sample,forward_host,ordinary,128,140,9,8074,2.015487909,2.070100000,1.283100000,0.000000000
sample,forward_host,ordinary,128,141,9,20272,1.951167941,2.005000000,1.604500000,0.000000000
sample,forward_host,ordinary,128,142,9,9106,1.939808011,1.989100000,1.593000000,0.000000000
sample,forward_host,ordinary,128,143,9,3876,1.923776031,1.982100000,1.605000000,0.000000000
sample,forward_host,ordinary,128,128,10,284,1.879711986,1.928400000,1.319400000,0.000000000
sample,forward_host,ordinary,128,129,10,257,1.832927942,1.881300000,1.399200000,0.000000000
sample,forward_host,ordinary,128,130,10,614,1.885151982,1.934000000,1.526900000,0.000000000
sample,forward_host,ordinary,128,131,10,878,1.878880024,1.928500000,1.531400000,0.000000000
sample,forward_host,ordinary,128,132,10,289,1.628479958,1.679300000,1.111900000,0.000000000
sample,forward_host,ordinary,128,133,10,19775,1.592159986,1.633700000,0.891700000,0.000000000
sample,forward_host,ordinary,128,134,10,656,1.581311941,1.622400000,0.713400000,0.000000000
sample,forward_host,ordinary,128,135,10,39599,1.696447968,1.738400000,0.898200000,0.000000000
sample,forward_host,ordinary,128,136,10,1122,1.641695976,1.686300000,1.130100000,0.000000000
sample,forward_host,ordinary,128,137,10,291,1.779968023,1.836500000,1.009300000,0.000000000
sample,forward_host,ordinary,128,138,10,37346,2.137120008,2.193700000,1.125400000,0.000000000
sample,forward_host,ordinary,128,139,10,764,1.960319996,2.021400000,1.424400000,0.000000000
sample,forward_host,ordinary,128,140,10,8074,2.079519987,2.149000000,1.735600000,0.000000000
sample,forward_host,ordinary,128,141,10,20272,2.022207975,2.076100000,1.609100000,0.000000000
sample,forward_host,ordinary,128,142,10,9106,2.063263893,2.123900000,1.751000000,0.000000000
sample,forward_host,ordinary,128,143,10,3876,2.156703949,2.211500000,1.530000000,0.000000000
sample,forward_host,graph,128,128,10,284,1.353503942,1.403600000,0.040500000,0.008000000
sample,forward_host,graph,128,129,10,257,1.361279964,1.411500000,0.040900000,0.008000000
sample,forward_host,graph,128,130,10,614,1.363808036,1.413300000,0.041100000,0.007900000
sample,forward_host,graph,128,131,10,878,1.362303972,1.429500000,0.040900000,0.008100000
sample,forward_host,graph,128,132,10,289,1.386111975,1.442900000,0.063800000,0.017500000
sample,forward_host,graph,128,133,10,19775,1.368127942,1.418200000,0.047200000,0.009700000
sample,forward_host,graph,128,134,10,656,1.368703961,1.418200000,0.040600000,0.008000000
sample,forward_host,graph,128,135,10,39599,1.363999963,1.413200000,0.040700000,0.008100000
sample,forward_host,graph,128,136,10,1122,1.363584042,1.413100000,0.040800000,0.008000000
sample,forward_host,graph,128,137,10,291,1.368736029,1.418700000,0.040300000,0.008100000
sample,forward_host,graph,128,138,10,37346,1.372864008,1.422400000,0.042100000,0.008100000
sample,forward_host,graph,128,139,10,764,1.367200017,1.417400000,0.040500000,0.008100000
sample,forward_host,graph,128,140,10,8074,1.369696021,1.418900000,0.040500000,0.008000000
sample,forward_host,graph,128,141,10,20272,1.372575998,1.422800000,0.040700000,0.008300000
sample,forward_host,graph,128,142,10,9106,1.374912024,1.424600000,0.040800000,0.008200000
sample,forward_host,graph,128,143,10,3876,1.365311980,1.429900000,0.040500000,0.008200000
sample,forward_host,graph,128,128,11,284,1.359007955,1.407800000,0.050900000,0.009500000
sample,forward_host,graph,128,129,11,257,1.361472011,1.406600000,0.044000000,0.008200000
sample,forward_host,graph,128,130,11,614,1.363680005,1.411200000,0.043500000,0.008600000
sample,forward_host,graph,128,131,11,878,1.366335988,1.418900000,0.040500000,0.008200000
sample,forward_host,graph,128,132,11,289,1.365440011,1.419000000,0.044500000,0.008200000
sample,forward_host,graph,128,133,11,19775,1.365471959,1.418600000,0.044800000,0.008200000
sample,forward_host,graph,128,134,11,656,1.369248033,1.420600000,0.046200000,0.008100000
sample,forward_host,graph,128,135,11,39599,1.362112045,1.444700000,0.047000000,0.007900000
sample,forward_host,graph,128,136,11,1122,1.381343961,1.448900000,0.069100000,0.021000000
sample,forward_host,graph,128,137,11,291,1.371135950,1.433600000,0.081800000,0.010800000
sample,forward_host,graph,128,138,11,37346,1.373152018,1.430400000,0.047600000,0.009300000
sample,forward_host,graph,128,139,11,764,1.368127942,1.423600000,0.049000000,0.008300000
sample,forward_host,graph,128,140,11,8074,1.370911956,1.426500000,0.050300000,0.008100000
sample,forward_host,graph,128,141,11,20272,1.372128010,1.427900000,0.048200000,0.007900000
sample,forward_host,graph,128,142,11,9106,1.376096010,1.432000000,0.049400000,0.008000000
sample,forward_host,graph,128,143,11,3876,1.366047978,1.422300000,0.049500000,0.008500000
sample,forward_host,ordinary,128,128,11,284,3.215487957,3.270800000,2.764100000,0.000000000
sample,forward_host,ordinary,128,129,11,257,2.053056002,2.107500000,1.493200000,0.000000000
sample,forward_host,ordinary,128,130,11,614,2.030400038,2.087100000,1.158200000,0.000000000
sample,forward_host,ordinary,128,131,11,878,2.140352011,2.196100000,1.395600000,0.000000000
sample,forward_host,ordinary,128,132,11,289,2.057183981,2.108400000,1.704100000,0.000000000
sample,forward_host,ordinary,128,133,11,19775,1.873440027,1.922300000,1.500600000,0.000000000
sample,forward_host,ordinary,128,134,11,656,1.868672013,1.940200000,1.518900000,0.000000000
sample,forward_host,ordinary,128,135,11,39599,1.627743959,1.674200000,1.136700000,0.000000000
sample,forward_host,ordinary,128,136,11,1122,1.616224051,1.662400000,1.243800000,0.000000000
sample,forward_host,ordinary,128,137,11,291,1.623072028,1.675400000,1.275300000,0.000000000
sample,forward_host,ordinary,128,138,11,37346,1.633568048,1.680200000,1.212000000,0.000000000
sample,forward_host,ordinary,128,139,11,764,1.599871993,1.645500000,1.194900000,0.000000000
sample,forward_host,ordinary,128,140,11,8074,1.583135962,1.629300000,1.250000000,0.000000000
sample,forward_host,ordinary,128,141,11,20272,1.624447942,1.671100000,1.139600000,0.000000000
sample,forward_host,ordinary,128,142,11,9106,1.671327949,1.717200000,1.015800000,0.000000000
sample,forward_host,ordinary,128,143,11,3876,1.750527978,1.805000000,1.081100000,0.000000000
sample,forward_host,ordinary,128,128,12,284,1.698848009,1.744400000,1.367500000,0.000000000
sample,forward_host,ordinary,128,129,12,257,1.650751948,1.697300000,1.239600000,0.000000000
sample,forward_host,ordinary,128,130,12,614,1.611711979,1.658300000,1.230800000,0.000000000
sample,forward_host,ordinary,128,131,12,878,1.572064042,1.617900000,1.201700000,0.000000000
sample,forward_host,ordinary,128,132,12,289,1.596256018,1.643000000,1.217500000,0.000000000
sample,forward_host,ordinary,128,133,12,19775,1.578176022,1.624600000,1.090500000,0.000000000
sample,forward_host,ordinary,128,134,12,656,1.690207958,1.744200000,1.344100000,0.000000000
sample,forward_host,ordinary,128,135,12,39599,1.580512047,1.626700000,1.181100000,0.000000000
sample,forward_host,ordinary,128,136,12,1122,1.680832028,1.727900000,1.040600000,0.000000000
sample,forward_host,ordinary,128,137,12,291,1.755007982,1.805100000,1.408200000,0.000000000
sample,forward_host,ordinary,128,138,12,37346,1.755071998,1.805600000,1.267400000,0.000000000
sample,forward_host,ordinary,128,139,12,764,1.824671984,1.876400000,1.440100000,0.000000000
sample,forward_host,ordinary,128,140,12,8074,1.756703973,1.807600000,1.345900000,0.000000000
sample,forward_host,ordinary,128,141,12,20272,1.786496043,1.837700000,1.190800000,0.000000000
sample,forward_host,ordinary,128,142,12,9106,1.711583972,1.801200000,1.363200000,0.000000000
sample,forward_host,ordinary,128,143,12,3876,2.573632002,2.748900000,2.265800000,0.000000000
sample,forward_host,graph,128,128,12,284,1.354464054,1.411000000,0.050500000,0.008400000
sample,forward_host,graph,128,129,12,257,1.362143993,1.418200000,0.049800000,0.008200000
sample,forward_host,graph,128,130,12,614,1.364192009,1.420400000,0.049700000,0.008100000
sample,forward_host,graph,128,131,12,878,1.361439943,1.417800000,0.049500000,0.008100000
sample,forward_host,graph,128,132,12,289,1.361888051,1.418500000,0.047500000,0.008100000
sample,forward_host,graph,128,133,12,19775,1.366847992,1.418000000,0.047100000,0.008200000
sample,forward_host,graph,128,134,12,656,1.368927956,1.454600000,0.042900000,0.008300000
sample,forward_host,graph,128,135,12,39599,1.370815992,1.437800000,0.052400000,0.013300000
sample,forward_host,graph,128,136,12,1122,1.368543983,1.423000000,0.047900000,0.010400000
sample,forward_host,graph,128,137,12,291,1.372192025,1.424600000,0.049000000,0.008900000
sample,forward_host,graph,128,138,12,37346,1.371135950,1.425200000,0.046100000,0.008300000
sample,forward_host,graph,128,139,12,764,1.367903948,1.472600000,0.045600000,0.007900000
sample,forward_host,graph,128,140,12,8074,1.368415952,1.425100000,0.053100000,0.008300000
sample,forward_host,graph,128,141,12,20272,1.373728037,1.428800000,0.048300000,0.008600000
sample,forward_host,graph,128,142,12,9106,1.375903964,1.428000000,0.048200000,0.008300000
sample,forward_host,graph,128,143,12,3876,1.365375996,1.418300000,0.048600000,0.007900000
sample,forward_host,graph,128,128,13,284,1.362687945,1.414300000,0.070200000,0.010800000
sample,forward_host,graph,128,129,13,257,1.362879992,1.414400000,0.042200000,0.009100000
sample,forward_host,graph,128,130,13,614,1.364832044,1.418600000,0.057900000,0.008300000
sample,forward_host,graph,128,131,13,878,1.361248016,1.416100000,0.046300000,0.008100000
sample,forward_host,graph,128,132,13,289,1.362848043,1.417800000,0.047100000,0.008100000
sample,forward_host,graph,128,133,13,19775,1.365792036,1.420900000,0.045600000,0.008000000
sample,forward_host,graph,128,134,13,656,1.368639946,1.423600000,0.047000000,0.008100000
sample,forward_host,graph,128,135,13,39599,1.363551974,1.418900000,0.046800000,0.008000000
sample,forward_host,graph,128,136,13,1122,1.365919948,1.416100000,0.048900000,0.008000000
sample,forward_host,graph,128,137,13,291,1.368896008,1.419200000,0.042300000,0.008300000
sample,forward_host,graph,128,138,13,37346,1.369663954,1.470200000,0.042700000,0.008000000
sample,forward_host,graph,128,139,13,764,1.387776017,1.454600000,0.062300000,0.016500000
sample,forward_host,graph,128,140,13,8074,1.392096043,1.449700000,0.070600000,0.018200000
sample,forward_host,graph,128,141,13,20272,1.380031943,1.437000000,0.073300000,0.011800000
sample,forward_host,graph,128,142,13,9106,1.375712037,1.430700000,0.050000000,0.009000000
sample,forward_host,graph,128,143,13,3876,1.370623946,1.426300000,0.048600000,0.011300000
sample,forward_host,ordinary,128,128,13,284,1.931231976,2.039500000,1.323000000,0.000000000
sample,forward_host,ordinary,128,129,13,257,1.696799994,1.755900000,1.320200000,0.000000000
sample,forward_host,ordinary,128,130,13,614,1.648095965,1.695500000,0.682600000,0.000000000
sample,forward_host,ordinary,128,131,13,878,1.706527948,1.758700000,1.287800000,0.000000000
sample,forward_host,ordinary,128,132,13,289,2.037823915,2.084000000,1.689200000,0.000000000
sample,forward_host,ordinary,128,133,13,19775,1.726688027,1.776500000,1.185100000,0.000000000
sample,forward_host,ordinary,128,134,13,656,1.803071976,1.854000000,1.491400000,0.000000000
sample,forward_host,ordinary,128,135,13,39599,1.895455956,1.951600000,1.527000000,0.000000000
sample,forward_host,ordinary,128,136,13,1122,2.021823883,2.079200000,1.596900000,0.000000000
sample,forward_host,ordinary,128,137,13,291,2.121952057,2.198200000,1.781900000,0.000000000
sample,forward_host,ordinary,128,138,13,37346,2.095551968,2.152300000,1.564400000,0.000000000
sample,forward_host,ordinary,128,139,13,764,1.976032019,2.027700000,1.631100000,0.000000000
sample,forward_host,ordinary,128,140,13,8074,1.811295986,1.863100000,1.495200000,0.000000000
sample,forward_host,ordinary,128,141,13,20272,1.913056016,1.964300000,1.600900000,0.000000000
sample,forward_host,ordinary,128,142,13,9106,1.824128032,1.875200000,1.504400000,0.000000000
sample,forward_host,ordinary,128,143,13,3876,1.947936058,1.998800000,1.529800000,0.000000000
sample,forward_host,ordinary,128,128,14,284,1.628288031,1.675000000,1.261700000,0.000000000
sample,forward_host,ordinary,128,129,14,257,1.643360019,1.690500000,1.242900000,0.000000000
sample,forward_host,ordinary,128,130,14,614,1.694751978,1.741100000,1.340800000,0.000000000
sample,forward_host,ordinary,128,131,14,878,1.698912024,1.746400000,1.229900000,0.000000000
sample,forward_host,ordinary,128,132,14,289,1.650207996,1.709100000,1.300400000,0.000000000
sample,forward_host,ordinary,128,133,14,19775,1.577631950,1.631800000,0.956900000,0.000000000
sample,forward_host,ordinary,128,134,14,656,1.642431974,1.688800000,0.581000000,0.000000000
sample,forward_host,ordinary,128,135,14,39599,1.670655966,1.716700000,0.581200000,0.000000000
sample,forward_host,ordinary,128,136,14,1122,1.600800037,1.668300000,1.029100000,0.000000000
sample,forward_host,ordinary,128,137,14,291,2.872960091,2.920700000,2.332900000,0.000000000
sample,forward_host,ordinary,128,138,14,37346,1.782464027,1.827200000,1.435300000,0.000000000
sample,forward_host,ordinary,128,139,14,764,1.578304052,1.625600000,1.168100000,0.000000000
sample,forward_host,ordinary,128,140,14,8074,1.619135976,1.665800000,1.220800000,0.000000000
sample,forward_host,ordinary,128,141,14,20272,1.655647993,1.704600000,1.243800000,0.000000000
sample,forward_host,ordinary,128,142,14,9106,1.685791969,1.739100000,1.348500000,0.000000000
sample,forward_host,ordinary,128,143,14,3876,1.807136059,1.860000000,1.458600000,0.000000000
sample,forward_host,graph,128,128,14,284,1.360352039,1.419400000,0.057100000,0.010700000
sample,forward_host,graph,128,129,14,257,1.363903999,1.419900000,0.051900000,0.008600000
sample,forward_host,graph,128,130,14,614,1.366080046,1.421900000,0.052200000,0.009600000
sample,forward_host,graph,128,131,14,878,1.364799976,1.420000000,0.050600000,0.009100000
sample,forward_host,graph,128,132,14,289,1.363680005,1.419500000,0.048700000,0.009200000
sample,forward_host,graph,128,133,14,19775,1.370239973,1.420600000,0.071200000,0.009500000
sample,forward_host,graph,128,134,14,656,1.370048046,1.425000000,0.043300000,0.008600000
sample,forward_host,graph,128,135,14,39599,1.365247965,1.421300000,0.051100000,0.008600000
sample,forward_host,graph,128,136,14,1122,1.367872000,1.423700000,0.053300000,0.009300000
sample,forward_host,graph,128,137,14,291,1.373119950,1.485700000,0.074500000,0.009900000
sample,forward_host,graph,128,138,14,37346,1.390143991,1.455200000,0.068400000,0.016100000
sample,forward_host,graph,128,139,14,764,1.386816025,1.436700000,0.069600000,0.018100000
sample,forward_host,graph,128,140,14,8074,1.372895956,1.418100000,0.046500000,0.010100000
sample,forward_host,graph,128,141,14,20272,1.375679970,1.422100000,0.062300000,0.009300000
sample,forward_host,graph,128,142,14,9106,1.377056003,1.428900000,0.045000000,0.008900000
sample,forward_host,graph,128,143,14,3876,1.371008039,1.425200000,0.051000000,0.010900000
sample,forward_host,graph,128,128,15,284,1.354784012,1.404900000,0.043900000,0.009100000
sample,forward_host,graph,128,129,15,257,1.365120053,1.412900000,0.063200000,0.009600000
sample,forward_host,graph,128,130,15,614,1.366304040,1.424000000,0.043400000,0.009000000
sample,forward_host,graph,128,131,15,878,1.374815941,1.422900000,0.056900000,0.013100000
sample,forward_host,graph,128,132,15,289,1.365599990,1.413900000,0.043200000,0.009000000
sample,forward_host,graph,128,133,15,19775,1.367359996,1.415600000,0.043100000,0.008700000
sample,forward_host,graph,128,134,15,656,1.367104053,1.415600000,0.044300000,0.008600000
sample,forward_host,graph,128,135,15,39599,1.363008022,1.412000000,0.044000000,0.008900000
sample,forward_host,graph,128,136,15,1122,1.364608049,1.412700000,0.043700000,0.009000000
sample,forward_host,graph,128,137,15,291,1.371168017,1.419000000,0.041500000,0.008700000
sample,forward_host,graph,128,138,15,37346,1.371296048,1.418900000,0.042000000,0.008600000
sample,forward_host,graph,128,139,15,764,1.368991971,1.416900000,0.041900000,0.008700000
sample,forward_host,graph,128,140,15,8074,1.372128010,1.419600000,0.042000000,0.008400000
sample,forward_host,graph,128,141,15,20272,1.373664021,1.428200000,0.044200000,0.009000000
sample,forward_host,graph,128,142,15,9106,1.394816041,1.582600000,0.061000000,0.016900000
sample,forward_host,graph,128,143,15,3876,1.578464031,1.698400000,0.441200000,0.116000000
sample,forward_host,ordinary,128,128,15,284,1.636064053,1.683300000,1.315800000,0.000000000
sample,forward_host,ordinary,128,129,15,257,1.654399991,1.702100000,1.324000000,0.000000000
sample,forward_host,ordinary,128,130,15,614,1.606335998,1.654000000,1.247900000,0.000000000
sample,forward_host,ordinary,128,131,15,878,1.612735987,1.660600000,1.154400000,0.000000000
sample,forward_host,ordinary,128,132,15,289,1.799008012,1.865300000,1.203100000,0.000000000
sample,forward_host,ordinary,128,133,15,19775,1.835199952,1.889100000,0.704000000,0.000000000
sample,forward_host,ordinary,128,134,15,656,1.769152045,1.823400000,1.456500000,0.000000000
sample,forward_host,ordinary,128,135,15,39599,2.018176079,2.070200000,1.212200000,0.000000000
sample,forward_host,ordinary,128,136,15,1122,1.796447992,1.848700000,1.452400000,0.000000000
sample,forward_host,ordinary,128,137,15,291,1.732671976,1.784300000,1.379600000,0.000000000
sample,forward_host,ordinary,128,138,15,37346,1.953600049,2.001800000,1.607800000,0.000000000
sample,forward_host,ordinary,128,139,15,764,1.601887941,1.675100000,1.215200000,0.000000000
sample,forward_host,ordinary,128,140,15,8074,1.674656034,1.751600000,0.985900000,0.000000000
sample,forward_host,ordinary,128,141,15,20272,1.626464009,1.685900000,1.186400000,0.000000000
sample,forward_host,ordinary,128,142,15,9106,1.671712041,1.721400000,1.329700000,0.000000000
sample,forward_host,ordinary,128,143,15,3876,1.576864004,1.637600000,1.241100000,0.000000000
sample,forward_host,ordinary,512,512,0,837,2.023423910,2.086100000,0.687400000,0.000000000
sample,forward_host,ordinary,512,513,0,290,1.879199982,1.929200000,1.187900000,0.000000000
sample,forward_host,ordinary,512,514,0,460,1.815583944,1.867200000,0.692300000,0.000000000
sample,forward_host,ordinary,512,515,0,307,1.981119990,2.041400000,1.088800000,0.000000000
sample,forward_host,ordinary,512,516,0,12606,1.981248021,2.034100000,1.152700000,0.000000000
sample,forward_host,ordinary,512,517,0,32455,1.868064046,1.920700000,0.908300000,0.000000000
sample,forward_host,ordinary,512,518,0,837,1.898656011,1.951100000,0.788300000,0.000000000
sample,forward_host,ordinary,512,519,0,3584,2.005664110,2.085000000,1.037400000,0.000000000
sample,forward_host,ordinary,512,520,0,45456,1.869472027,1.923700000,0.898000000,0.000000000
sample,forward_host,ordinary,512,521,0,389,1.874719977,1.927300000,1.158400000,0.000000000
sample,forward_host,ordinary,512,522,0,7485,1.968224049,2.019600000,0.810400000,0.000000000
sample,forward_host,ordinary,512,523,0,284,1.879071951,1.931900000,1.007100000,0.000000000
sample,forward_host,ordinary,512,524,0,3051,1.920287967,1.972200000,1.154200000,0.000000000
sample,forward_host,ordinary,512,525,0,287,1.849375963,1.897400000,0.857600000,0.000000000
sample,forward_host,ordinary,512,526,0,262,1.838592052,1.885500000,0.727200000,0.000000000
sample,forward_host,ordinary,512,527,0,4295,1.867712021,1.924400000,0.841300000,0.000000000
sample,forward_host,graph,512,512,0,837,1.610784054,1.665100000,0.050500000,0.008600000
sample,forward_host,graph,512,513,0,290,1.617248058,1.671800000,0.050000000,0.008200000
sample,forward_host,graph,512,514,0,460,1.619295955,1.674600000,0.049600000,0.008100000
sample,forward_host,graph,512,515,0,307,1.616032004,1.670200000,0.048800000,0.008100000
sample,forward_host,graph,512,516,0,12606,1.616224051,1.670300000,0.047500000,0.008200000
sample,forward_host,graph,512,517,0,32455,1.622048020,1.686600000,0.049600000,0.008200000
sample,forward_host,graph,512,518,0,837,1.638368011,1.694100000,0.067500000,0.014400000
sample,forward_host,graph,512,519,0,3584,1.617472053,1.666400000,0.048100000,0.008400000
sample,forward_host,graph,512,520,0,45456,1.620031953,1.666600000,0.041400000,0.008300000
sample,forward_host,graph,512,521,0,389,1.625535965,1.673000000,0.044600000,0.011100000
sample,forward_host,graph,512,522,0,7485,1.624320030,1.672000000,0.042800000,0.008100000
sample,forward_host,graph,512,523,0,284,1.622048020,1.669400000,0.041500000,0.008500000
sample,forward_host,graph,512,524,0,3051,1.624575973,1.671300000,0.043000000,0.008400000
sample,forward_host,graph,512,525,0,287,1.626016021,1.674400000,0.044500000,0.008400000
sample,forward_host,graph,512,526,0,262,1.629343987,1.677700000,0.042400000,0.008300000
sample,forward_host,graph,512,527,0,4295,1.630911946,1.670400000,0.051100000,0.009100000
sample,forward_host,graph,512,512,1,837,1.612800002,1.669900000,0.068700000,0.008200000
sample,forward_host,graph,512,513,1,290,1.617056012,1.668000000,0.070900000,0.008100000
sample,forward_host,graph,512,514,1,460,1.620223999,1.670200000,0.068500000,0.008500000
sample,forward_host,graph,512,515,1,307,1.616320014,1.666000000,0.047500000,0.008200000
sample,forward_host,graph,512,516,1,12606,1.619392037,1.669300000,0.047500000,0.008200000
sample,forward_host,graph,512,517,1,32455,1.621183991,1.694100000,0.070100000,0.008200000
sample,forward_host,graph,512,518,1,837,1.637760043,1.770500000,0.060000000,0.017100000
sample,forward_host,graph,512,519,1,3584,1.617056012,1.671400000,0.050900000,0.008800000
sample,forward_host,graph,512,520,1,45456,1.620928049,1.672700000,0.048800000,0.008300000
sample,forward_host,graph,512,521,1,389,1.622431993,1.676200000,0.065600000,0.008300000
sample,forward_host,graph,512,522,1,7485,1.623424053,1.674800000,0.048600000,0.008100000
sample,forward_host,graph,512,523,1,284,1.623391986,1.675000000,0.048800000,0.008300000
sample,forward_host,graph,512,524,1,3051,1.623391986,1.669500000,0.048800000,0.008500000
sample,forward_host,graph,512,525,1,287,1.626719952,1.671600000,0.044000000,0.008500000
sample,forward_host,graph,512,526,1,262,1.628927946,1.692000000,0.041900000,0.008300000
sample,forward_host,graph,512,527,1,4295,1.637472034,1.692700000,0.054900000,0.012600000
sample,forward_host,ordinary,512,512,1,837,2.074399948,2.129400000,1.435000000,0.000000000
sample,forward_host,ordinary,512,513,1,290,1.870687962,1.926600000,1.157500000,0.000000000
sample,forward_host,ordinary,512,514,1,460,1.870751977,1.930100000,1.086600000,0.000000000
sample,forward_host,ordinary,512,515,1,307,1.982879996,2.088900000,1.184100000,0.000000000
sample,forward_host,ordinary,512,516,1,12606,1.886240005,1.939100000,1.348500000,0.000000000
sample,forward_host,ordinary,512,517,1,32455,1.861248016,1.941200000,0.659800000,0.000000000
sample,forward_host,ordinary,512,518,1,837,1.880095959,1.935800000,0.617300000,0.000000000
sample,forward_host,ordinary,512,519,1,3584,1.832672000,1.881100000,0.792400000,0.000000000
sample,forward_host,ordinary,512,520,1,45456,1.866400003,1.920000000,0.707500000,0.000000000
sample,forward_host,ordinary,512,521,1,389,1.957792044,2.014300000,0.796500000,0.000000000
sample,forward_host,ordinary,512,522,1,7485,1.972640038,2.026900000,0.842700000,0.000000000
sample,forward_host,ordinary,512,523,1,284,1.882495999,1.982100000,1.439600000,0.000000000
sample,forward_host,ordinary,512,524,1,3051,2.173055887,2.235600000,1.709000000,0.000000000
sample,forward_host,ordinary,512,525,1,287,2.020607948,2.078400000,1.167400000,0.000000000
sample,forward_host,ordinary,512,526,1,262,1.916383982,1.974900000,1.521500000,0.000000000
sample,forward_host,ordinary,512,527,1,4295,1.928992033,1.985100000,1.451600000,0.000000000
sample,forward_host,ordinary,512,512,2,837,1.862336040,1.920100000,0.926300000,0.000000000
sample,forward_host,ordinary,512,513,2,290,3.007776022,3.058400000,2.262700000,0.000000000
sample,forward_host,ordinary,512,514,2,460,1.816319942,1.862700000,0.711200000,0.000000000
sample,forward_host,ordinary,512,515,2,307,1.822847962,1.884700000,1.239900000,0.000000000
sample,forward_host,ordinary,512,516,2,12606,1.827520013,1.876400000,1.109800000,0.000000000
sample,forward_host,ordinary,512,517,2,32455,1.891327977,1.944900000,1.521200000,0.000000000
sample,forward_host,ordinary,512,518,2,837,1.943232059,1.997100000,1.562500000,0.000000000
sample,forward_host,ordinary,512,519,2,3584,1.901311994,1.956000000,1.373600000,0.000000000
sample,forward_host,ordinary,512,520,2,45456,2.066879988,2.112100000,0.916600000,0.000000000
sample,forward_host,ordinary,512,521,2,389,1.875424027,1.931900000,0.882700000,0.000000000
sample,forward_host,ordinary,512,522,2,7485,1.923264027,1.980800000,1.096100000,0.000000000
sample,forward_host,ordinary,512,523,2,284,1.859583974,1.910400000,0.787200000,0.000000000
sample,forward_host,ordinary,512,524,2,3051,1.874815941,1.928800000,1.513100000,0.000000000
sample,forward_host,ordinary,512,525,2,287,1.986367941,2.041000000,1.554000000,0.000000000
sample,forward_host,ordinary,512,526,2,262,1.919487953,1.973300000,1.567600000,0.000000000
sample,forward_host,ordinary,512,527,2,4295,1.895391941,1.977100000,1.546900000,0.000000000
sample,forward_host,graph,512,512,2,837,1.610944033,1.665600000,0.046100000,0.008500000
sample,forward_host,graph,512,513,2,290,1.618335962,1.673800000,0.046600000,0.008500000
sample,forward_host,graph,512,514,2,460,1.620128036,1.675900000,0.046500000,0.008100000
sample,forward_host,graph,512,515,2,307,1.615808010,1.671600000,0.046900000,0.008500000
sample,forward_host,graph,512,516,2,12606,1.617151976,1.672500000,0.046800000,0.008300000
sample,forward_host,graph,512,517,2,32455,1.623072028,1.703000000,0.047100000,0.008200000
sample,forward_host,graph,512,518,2,837,1.627455950,1.686900000,0.051400000,0.009000000
sample,forward_host,graph,512,519,2,3584,1.617280006,1.674900000,0.048000000,0.008900000
sample,forward_host,graph,512,520,2,45456,1.620159984,1.675600000,0.049600000,0.008800000
sample,forward_host,graph,512,521,2,389,1.622975945,1.678600000,0.049800000,0.008500000
sample,forward_host,graph,512,522,2,7485,1.623039961,1.678900000,0.049800000,0.008300000
sample,forward_host,graph,512,523,2,284,1.622688055,1.678400000,0.049200000,0.008500000
sample,forward_host,graph,512,524,2,3051,1.623615980,1.673900000,0.049400000,0.008200000
sample,forward_host,graph,512,525,2,287,1.627424002,1.677200000,0.043200000,0.008100000
sample,forward_host,graph,512,526,2,262,1.631296039,1.680800000,0.043300000,0.008300000
sample,forward_host,graph,512,527,2,4295,1.619519949,1.683400000,0.042100000,0.008100000
sample,forward_host,graph,512,512,3,837,1.609887958,1.667400000,0.044900000,0.008400000
sample,forward_host,graph,512,513,3,290,1.616863966,1.671100000,0.045100000,0.008200000
sample,forward_host,graph,512,514,3,460,1.617696047,1.674000000,0.048800000,0.008300000
sample,forward_host,graph,512,515,3,307,1.616832018,1.675700000,0.048000000,0.008700000
sample,forward_host,graph,512,516,3,12606,1.616320014,1.668400000,0.043600000,0.008400000
sample,forward_host,graph,512,517,3,32455,1.620831966,1.680900000,0.041400000,0.008300000
sample,forward_host,graph,512,518,3,837,1.635776043,1.687000000,0.057100000,0.012400000
sample,forward_host,graph,512,519,3,3584,1.617280006,1.685100000,0.041300000,0.008700000
sample,forward_host,graph,512,520,3,45456,1.618239999,1.667200000,0.043300000,0.008400000
sample,forward_host,graph,512,521,3,389,1.622048020,1.671200000,0.040500000,0.008100000
sample,forward_host,graph,512,522,3,7485,1.626752019,1.675800000,0.040800000,0.008200000
sample,forward_host,graph,512,523,3,284,1.619680047,1.669200000,0.040600000,0.008200000
sample,forward_host,graph,512,524,3,3051,1.623424053,1.672100000,0.040800000,0.008300000
sample,forward_host,graph,512,525,3,287,1.629408002,1.678100000,0.040700000,0.008300000
sample,forward_host,graph,512,526,3,262,1.628064036,1.677300000,0.040700000,0.008200000
sample,forward_host,graph,512,527,3,4295,1.620895982,1.671800000,0.040500000,0.008200000
sample,forward_host,ordinary,512,512,3,837,1.895200014,1.949700000,1.452700000,0.000000000
sample,forward_host,ordinary,512,513,3,290,2.039328098,2.095000000,1.282900000,0.000000000
sample,forward_host,ordinary,512,514,3,460,1.934816003,1.990300000,1.478900000,0.000000000
sample,forward_host,ordinary,512,515,3,307,1.951743960,2.067000000,1.524000000,0.000000000
sample,forward_host,ordinary,512,516,3,12606,2.004512072,2.062300000,1.352800000,0.000000000
sample,forward_host,ordinary,512,517,3,32455,1.901056051,1.956500000,1.365400000,0.000000000
sample,forward_host,ordinary,512,518,3,837,1.913056016,1.968500000,1.502300000,0.000000000
sample,forward_host,ordinary,512,519,3,3584,1.930783987,1.986000000,1.160900000,0.000000000
sample,forward_host,ordinary,512,520,3,45456,1.907552004,1.962900000,1.412500000,0.000000000
sample,forward_host,ordinary,512,521,3,389,1.908192039,1.963700000,1.553400000,0.000000000
sample,forward_host,ordinary,512,522,3,7485,1.938431978,1.993300000,1.397100000,0.000000000
sample,forward_host,ordinary,512,523,3,284,1.877344012,1.937700000,1.275800000,0.000000000
sample,forward_host,ordinary,512,524,3,3051,1.841887951,1.892400000,1.270500000,0.000000000
sample,forward_host,ordinary,512,525,3,287,1.843616009,1.892300000,1.128500000,0.000000000
sample,forward_host,ordinary,512,526,3,262,1.844416022,1.893700000,1.023600000,0.000000000
sample,forward_host,ordinary,512,527,3,4295,1.834239960,1.883400000,0.781100000,0.000000000
sample,forward_host,ordinary,512,512,4,837,2.024735928,2.091900000,1.646200000,0.000000000
sample,forward_host,ordinary,512,513,4,290,1.853728056,1.904200000,1.284600000,0.000000000
sample,forward_host,ordinary,512,514,4,460,1.925119996,1.975400000,0.689100000,0.000000000
sample,forward_host,ordinary,512,515,4,307,1.830335975,1.879600000,0.910500000,0.000000000
sample,forward_host,ordinary,512,516,4,12606,1.832672000,1.882100000,1.013200000,0.000000000
sample,forward_host,ordinary,512,517,4,32455,1.875712037,1.924900000,0.838700000,0.000000000
sample,forward_host,ordinary,512,518,4,837,1.838816047,1.887700000,0.883000000,0.000000000
sample,forward_host,ordinary,512,519,4,3584,1.829856038,1.878400000,1.002100000,0.000000000
sample,forward_host,ordinary,512,520,4,45456,1.875391960,1.934400000,0.784700000,0.000000000
sample,forward_host,ordinary,512,521,4,389,1.841727972,1.891100000,1.023800000,0.000000000
sample,forward_host,ordinary,512,522,4,7485,1.841984034,1.891300000,0.899800000,0.000000000
sample,forward_host,ordinary,512,523,4,284,1.839679956,1.889300000,0.923500000,0.000000000
sample,forward_host,ordinary,512,524,4,3051,1.839391947,1.889100000,1.005200000,0.000000000
sample,forward_host,ordinary,512,525,4,287,1.920032024,1.969000000,0.663800000,0.000000000
sample,forward_host,ordinary,512,526,4,262,1.904415965,1.954100000,0.863800000,0.000000000
sample,forward_host,ordinary,512,527,4,4295,1.833439946,1.882200000,0.858000000,0.000000000
sample,forward_host,graph,512,512,4,837,1.608896017,1.664800000,0.049200000,0.008700000
sample,forward_host,graph,512,513,4,290,1.616224051,1.673200000,0.048300000,0.008300000
sample,forward_host,graph,512,514,4,460,1.619871974,1.676400000,0.049300000,0.008400000
sample,forward_host,graph,512,515,4,307,1.615615964,1.671300000,0.048600000,0.008100000
sample,forward_host,graph,512,516,4,12606,1.617151976,1.672400000,0.048300000,0.008100000
sample,forward_host,graph,512,517,4,32455,1.620543957,1.676800000,0.048800000,0.008300000
sample,forward_host,graph,512,518,4,837,1.622207999,1.678400000,0.048800000,0.008100000
sample,forward_host,graph,512,519,4,3584,1.617056012,1.686400000,0.050100000,0.008200000
sample,forward_host,graph,512,520,4,45456,1.639999986,1.699700000,0.068300000,0.023000000
sample,forward_host,graph,512,521,4,389,1.623072028,1.679000000,0.049000000,0.008800000
sample,forward_host,graph,512,522,4,7485,1.626304030,1.682300000,0.050100000,0.008300000
sample,forward_host,graph,512,523,4,284,1.621919990,1.673500000,0.048300000,0.008300000
sample,forward_host,graph,512,524,4,3051,1.623456001,1.674000000,0.043300000,0.008200000
sample,forward_host,graph,512,525,4,287,1.627647996,1.677600000,0.045400000,0.008400000
sample,forward_host,graph,512,526,4,262,1.629920006,1.680100000,0.045400000,0.008300000
sample,forward_host,graph,512,527,4,4295,1.619840026,1.669500000,0.045400000,0.008100000
sample,forward_host,graph,512,512,5,837,1.609599948,1.659400000,0.042800000,0.008300000
sample,forward_host,graph,512,513,5,290,1.619840026,1.672400000,0.047300000,0.011600000
sample,forward_host,graph,512,514,5,460,1.618047953,1.667300000,0.041900000,0.008300000
sample,forward_host,graph,512,515,5,307,1.613471985,1.663700000,0.042300000,0.008300000
sample,forward_host,graph,512,516,5,12606,1.617696047,1.671100000,0.041300000,0.008300000
sample,forward_host,graph,512,517,5,32455,1.623072028,1.677500000,0.046900000,0.008200000
sample,forward_host,graph,512,518,5,837,1.623456001,1.702700000,0.047400000,0.008200000
sample,forward_host,graph,512,519,5,3584,1.648607969,1.720200000,0.087600000,0.018100000
sample,forward_host,graph,512,520,5,45456,1.620767951,1.676400000,0.048500000,0.009100000
sample,forward_host,graph,512,521,5,389,1.623136044,1.679000000,0.047300000,0.008300000
sample,forward_host,graph,512,522,5,7485,1.634335995,1.684500000,0.047000000,0.008400000
sample,forward_host,graph,512,523,5,284,1.621343970,1.670500000,0.041900000,0.008200000
sample,forward_host,graph,512,524,5,3051,1.622655988,1.672900000,0.041300000,0.008200000
sample,forward_host,graph,512,525,5,287,1.628064036,1.676900000,0.041600000,0.008400000
sample,forward_host,graph,512,526,5,262,1.629184008,1.678100000,0.041100000,0.008000000
sample,forward_host,graph,512,527,5,4295,1.620064020,1.669400000,0.041600000,0.008100000
sample,forward_host,ordinary,512,512,5,837,1.919903994,2.009800000,1.578300000,0.000000000
sample,forward_host,ordinary,512,513,5,290,1.902816057,1.957900000,1.459900000,0.000000000
sample,forward_host,ordinary,512,514,5,460,1.898975968,1.954800000,1.457000000,0.000000000
sample,forward_host,ordinary,512,515,5,307,2.164319992,2.220500000,1.353500000,0.000000000
sample,forward_host,ordinary,512,516,5,12606,1.967872024,2.033900000,1.553600000,0.000000000
sample,forward_host,ordinary,512,517,5,32455,1.880192041,1.962500000,1.330400000,0.000000000
sample,forward_host,ordinary,512,518,5,837,1.837471962,1.889100000,1.023200000,0.000000000
sample,forward_host,ordinary,512,519,5,3584,1.878335953,1.925200000,0.769600000,0.000000000
sample,forward_host,ordinary,512,520,5,45456,1.832224011,1.881300000,1.114500000,0.000000000
sample,forward_host,ordinary,512,521,5,389,1.864671946,1.920300000,1.106600000,0.000000000
sample,forward_host,ordinary,512,522,5,7485,1.855391979,1.909200000,0.757400000,0.000000000
sample,forward_host,ordinary,512,523,5,284,1.907904029,1.962200000,1.455800000,0.000000000
sample,forward_host,ordinary,512,524,5,3051,2.061280012,2.148200000,1.495500000,0.000000000
sample,forward_host,ordinary,512,525,5,287,1.866016030,1.925300000,0.908800000,0.000000000
sample,forward_host,ordinary,512,526,5,262,2.025504112,2.070200000,0.635900000,0.000000000
sample,forward_host,ordinary,512,527,5,4295,2.027359962,2.084300000,0.695600000,0.000000000
sample,forward_host,ordinary,512,512,6,837,1.822592020,1.871000000,0.868200000,0.000000000
sample,forward_host,ordinary,512,513,6,290,1.855967999,1.920100000,1.384600000,0.000000000
sample,forward_host,ordinary,512,514,6,460,1.838624001,1.887700000,1.235700000,0.000000000
sample,forward_host,ordinary,512,515,6,307,1.884608030,1.934200000,0.926900000,0.000000000
sample,forward_host,ordinary,512,516,6,12606,1.830175996,1.879300000,0.953300000,0.000000000
sample,forward_host,ordinary,512,517,6,32455,1.835072041,1.884300000,0.929800000,0.000000000
sample,forward_host,ordinary,512,518,6,837,1.838271976,1.888000000,1.231800000,0.000000000
sample,forward_host,ordinary,512,519,6,3584,1.831295967,1.880700000,0.967500000,0.000000000
sample,forward_host,ordinary,512,520,6,45456,1.834527969,1.883300000,0.785000000,0.000000000
sample,forward_host,ordinary,512,521,6,389,1.835551977,1.936200000,1.022900000,0.000000000
sample,forward_host,ordinary,512,522,6,7485,3.132544041,3.203400000,2.650100000,0.000000000
sample,forward_host,ordinary,512,523,6,284,1.867743969,1.922400000,1.193600000,0.000000000
sample,forward_host,ordinary,512,524,6,3051,1.907199979,2.024600000,1.467500000,0.000000000
sample,forward_host,ordinary,512,525,6,287,2.027264118,2.082900000,1.097500000,0.000000000
sample,forward_host,ordinary,512,526,6,262,1.919551969,1.974800000,1.568100000,0.000000000
sample,forward_host,ordinary,512,527,6,4295,1.880159974,1.932900000,1.163300000,0.000000000
sample,forward_host,graph,512,512,6,837,1.610560060,1.661800000,0.044600000,0.009300000
sample,forward_host,graph,512,513,6,290,1.615264058,1.663000000,0.041400000,0.008600000
sample,forward_host,graph,512,514,6,460,1.618335962,1.667600000,0.040000000,0.008300000
sample,forward_host,graph,512,515,6,307,1.615967989,1.665500000,0.043100000,0.008400000
sample,forward_host,graph,512,516,6,12606,1.617920041,1.668200000,0.043000000,0.008400000
sample,forward_host,graph,512,517,6,32455,1.619743943,1.668900000,0.046200000,0.008200000
sample,forward_host,graph,512,518,6,837,1.623615980,1.676300000,0.044900000,0.008300000
sample,forward_host,graph,512,519,6,3584,1.618208051,1.669100000,0.049100000,0.008500000
sample,forward_host,graph,512,520,6,45456,1.621536016,1.698600000,0.042500000,0.008500000
sample,forward_host,graph,512,521,6,389,1.657184005,1.741300000,0.084600000,0.030300000
sample,forward_host,graph,512,522,6,7485,1.629119992,1.688600000,0.078400000,0.011100000
sample,forward_host,graph,512,523,6,284,1.623327971,1.680100000,0.049200000,0.009300000
sample,forward_host,graph,512,524,6,3051,1.623903990,1.680300000,0.046700000,0.008400000
sample,forward_host,graph,512,525,6,287,1.626847982,1.682800000,0.047700000,0.008200000
sample,forward_host,graph,512,526,6,262,1.628224015,1.685200000,0.048900000,0.008300000
sample,forward_host,graph,512,527,6,4295,1.622239947,1.678100000,0.047400000,0.008200000
sample,forward_host,graph,512,512,7,837,1.609599948,1.658600000,0.040700000,0.008300000
sample,forward_host,graph,512,513,7,290,1.616063952,1.664800000,0.041200000,0.008300000
sample,forward_host,graph,512,514,7,460,1.618752003,1.667700000,0.040900000,0.008400000
sample,forward_host,graph,512,515,7,307,1.614655972,1.663700000,0.040600000,0.008400000
sample,forward_host,graph,512,516,7,12606,1.618592024,1.667300000,0.043600000,0.008300000
sample,forward_host,graph,512,517,7,32455,1.619295955,1.668600000,0.040800000,0.008200000
sample,forward_host,graph,512,518,7,837,1.621472001,1.670900000,0.043600000,0.008300000
sample,forward_host,graph,512,519,7,3584,1.617248058,1.691300000,0.042400000,0.008400000
sample,forward_host,graph,512,520,7,45456,1.630272031,1.759100000,0.051400000,0.013100000
sample,forward_host,graph,512,521,7,389,1.783807993,1.844500000,0.393500000,0.089800000
sample,forward_host,graph,512,522,7,7485,1.624672055,1.671000000,0.041400000,0.009100000
sample,forward_host,graph,512,523,7,284,1.621279955,1.671200000,0.040700000,0.008300000
sample,forward_host,graph,512,524,7,3051,1.623872042,1.673100000,0.040900000,0.008400000
sample,forward_host,graph,512,525,7,287,1.625535965,1.675200000,0.041900000,0.008200000
sample,forward_host,graph,512,526,7,262,1.628288031,1.677400000,0.042500000,0.008400000
sample,forward_host,graph,512,527,7,4295,1.620095968,1.669200000,0.041200000,0.008500000
sample,forward_host,ordinary,512,512,7,837,2.106240034,2.164100000,1.046700000,0.000000000
sample,forward_host,ordinary,512,513,7,290,1.931648016,1.999600000,1.541000000,0.000000000
sample,forward_host,ordinary,512,514,7,460,2.130496025,2.186600000,0.922500000,0.000000000
sample,forward_host,ordinary,512,515,7,307,2.098400116,2.153700000,1.785500000,0.000000000
sample,forward_host,ordinary,512,516,7,12606,1.906751990,1.999700000,1.485300000,0.000000000
sample,forward_host,ordinary,512,517,7,32455,1.869375944,1.923300000,1.019000000,0.000000000
sample,forward_host,ordinary,512,518,7,837,1.883008003,1.935700000,0.842800000,0.000000000
sample,forward_host,ordinary,512,519,7,3584,1.872640014,1.924800000,0.909000000,0.000000000
sample,forward_host,ordinary,512,520,7,45456,1.880064011,1.931400000,0.869100000,0.000000000
sample,forward_host,ordinary,512,521,7,389,1.878208041,1.930300000,0.795200000,0.000000000
sample,forward_host,ordinary,512,522,7,7485,1.896703959,1.948000000,0.798600000,0.000000000
sample,forward_host,ordinary,512,523,7,284,1.945855975,1.997600000,0.777200000,0.000000000
sample,forward_host,ordinary,512,524,7,3051,1.878751993,1.931100000,0.912500000,0.000000000
sample,forward_host,ordinary,512,525,7,287,1.948768020,2.008900000,0.762400000,0.000000000
sample,forward_host,ordinary,512,526,7,262,1.844352007,1.890600000,0.702200000,0.000000000
sample,forward_host,ordinary,512,527,7,4295,1.826400042,1.873300000,0.618500000,0.000000000
sample,forward_host,ordinary,512,512,8,837,1.884032011,1.938100000,1.537300000,0.000000000
sample,forward_host,ordinary,512,513,8,290,1.960736036,2.028900000,1.599900000,0.000000000
sample,forward_host,ordinary,512,514,8,460,1.940287948,1.994800000,1.497200000,0.000000000
sample,forward_host,ordinary,512,515,8,307,1.903007984,1.958400000,1.469500000,0.000000000
sample,forward_host,ordinary,512,516,8,12606,1.880607963,1.931400000,1.233800000,0.000000000
sample,forward_host,ordinary,512,517,8,32455,1.855136037,1.904700000,0.877700000,0.000000000
sample,forward_host,ordinary,512,518,8,837,1.841503978,1.888300000,1.137900000,0.000000000
sample,forward_host,ordinary,512,519,8,3584,1.827487946,1.877200000,0.827200000,0.000000000
sample,forward_host,ordinary,512,520,8,45456,1.854655981,1.904100000,1.250100000,0.000000000
sample,forward_host,ordinary,512,521,8,389,1.940096021,2.000400000,0.709400000,0.000000000
sample,forward_host,ordinary,512,522,8,7485,1.844607949,1.894000000,0.733200000,0.000000000
sample,forward_host,ordinary,512,523,8,284,1.836799979,1.886100000,1.022800000,0.000000000
sample,forward_host,ordinary,512,524,8,3051,1.838528037,1.887600000,0.927600000,0.000000000
sample,forward_host,ordinary,512,525,8,287,1.844831944,1.893300000,0.903800000,0.000000000
sample,forward_host,ordinary,512,526,8,262,1.845535994,1.893700000,0.780100000,0.000000000
sample,forward_host,ordinary,512,527,8,4295,1.831455946,1.880700000,0.919400000,0.000000000
sample,forward_host,graph,512,512,8,837,1.613759995,1.670500000,0.056600000,0.008500000
sample,forward_host,graph,512,513,8,290,1.618720055,1.674800000,0.049900000,0.008300000
sample,forward_host,graph,512,514,8,460,1.619743943,1.675300000,0.046800000,0.008300000
sample,forward_host,graph,512,515,8,307,1.616608024,1.673300000,0.049000000,0.008200000
sample,forward_host,graph,512,516,8,12606,1.616799951,1.673900000,0.049400000,0.008300000
sample,forward_host,graph,512,517,8,32455,1.621600032,1.677300000,0.054100000,0.008100000
sample,forward_host,graph,512,518,8,837,1.624256015,1.679900000,0.047600000,0.008200000
sample,forward_host,graph,512,519,8,3584,1.616224051,1.670900000,0.049300000,0.008200000
sample,forward_host,graph,512,520,8,45456,1.618816018,1.686000000,0.048400000,0.008300000
sample,forward_host,graph,512,521,8,389,1.641535997,1.703700000,0.072000000,0.019100000
sample,forward_host,graph,512,522,8,7485,1.629631996,1.682600000,0.057000000,0.010000000
sample,forward_host,graph,512,523,8,284,1.621503949,1.675600000,0.042700000,0.008300000
sample,forward_host,graph,512,524,8,3051,1.624384046,1.675800000,0.040500000,0.008400000
sample,forward_host,graph,512,525,8,287,1.626399994,1.681700000,0.043600000,0.008700000
sample,forward_host,graph,512,526,8,262,1.629696012,1.685500000,0.048300000,0.008200000
sample,forward_host,graph,512,527,8,4295,1.622176051,1.678400000,0.049400000,0.008200000
sample,forward_host,graph,512,512,9,837,1.610975981,1.660600000,0.042500000,0.008900000
sample,forward_host,graph,512,513,9,290,1.617856026,1.667500000,0.041300000,0.008400000
sample,forward_host,graph,512,514,9,460,1.617504001,1.666400000,0.040700000,0.008100000
sample,forward_host,graph,512,515,9,307,1.616672039,1.665700000,0.040500000,0.008300000
sample,forward_host,graph,512,516,9,12606,1.618847966,1.667800000,0.040700000,0.008300000
sample,forward_host,graph,512,517,9,32455,1.620095968,1.669000000,0.040600000,0.008300000
sample,forward_host,graph,512,518,9,837,1.621855974,1.672400000,0.040800000,0.008300000
sample,forward_host,graph,512,519,9,3584,1.617375970,1.718300000,0.044200000,0.008800000
sample,forward_host,graph,512,520,9,45456,1.639392018,1.710100000,0.065000000,0.017300000
sample,forward_host,graph,512,521,9,389,1.626783967,1.684700000,0.050400000,0.010100000
sample,forward_host,graph,512,522,9,7485,1.627295971,1.683000000,0.055900000,0.008600000
sample,forward_host,graph,512,523,9,284,1.621664047,1.676900000,0.052300000,0.008200000
sample,forward_host,graph,512,524,9,3051,1.624480009,1.674700000,0.047900000,0.008200000
sample,forward_host,graph,512,525,9,287,1.626752019,1.677000000,0.042500000,0.008400000
sample,forward_host,graph,512,526,9,262,1.629727960,1.679100000,0.046200000,0.008300000
sample,forward_host,graph,512,527,9,4295,1.619583964,1.669000000,0.041600000,0.008100000
sample,forward_host,ordinary,512,512,9,837,1.824864030,1.874200000,0.910000000,0.000000000
sample,forward_host,ordinary,512,513,9,290,1.828927994,1.878000000,0.812300000,0.000000000
sample,forward_host,ordinary,512,514,9,460,1.834784031,1.884300000,1.020200000,0.000000000
sample,forward_host,ordinary,512,515,9,307,1.824928045,1.874900000,1.050000000,0.000000000
sample,forward_host,ordinary,512,516,9,12606,1.831807971,1.881100000,1.007000000,0.000000000
sample,forward_host,ordinary,512,517,9,32455,1.834591985,1.883600000,1.136300000,0.000000000
sample,forward_host,ordinary,512,518,9,837,1.933055997,1.999900000,1.018100000,0.000000000
sample,forward_host,ordinary,512,519,9,3584,1.809535980,1.863500000,1.066800000,0.000000000
sample,forward_host,ordinary,512,520,9,45456,1.891103983,1.942400000,1.151300000,0.000000000
sample,forward_host,ordinary,512,521,9,389,1.843647957,1.895800000,0.896100000,0.000000000
sample,forward_host,ordinary,512,522,9,7485,1.959840059,2.013600000,1.299700000,0.000000000
sample,forward_host,ordinary,512,523,9,284,1.984704018,2.039700000,1.073100000,0.000000000
sample,forward_host,ordinary,512,524,9,3051,1.882655978,1.937600000,1.354900000,0.000000000
sample,forward_host,ordinary,512,525,9,287,1.914463997,1.969500000,1.469200000,0.000000000
sample,forward_host,ordinary,512,526,9,262,2.131648064,2.215000000,1.521900000,0.000000000
sample,forward_host,ordinary,512,527,9,4295,2.263648033,2.324300000,1.407800000,0.000000000
sample,forward_host,ordinary,512,512,10,837,1.991999984,2.046700000,1.409100000,0.000000000
sample,forward_host,ordinary,512,513,10,290,1.904960036,1.959200000,1.540500000,0.000000000
sample,forward_host,ordinary,512,514,10,460,1.977952003,2.045500000,1.207100000,0.000000000
sample,forward_host,ordinary,512,515,10,307,1.941023946,1.995900000,1.588000000,0.000000000
sample,forward_host,ordinary,512,516,10,12606,1.903391957,1.991400000,1.527700000,0.000000000
sample,forward_host,ordinary,512,517,10,32455,1.885151982,1.939800000,1.502500000,0.000000000
sample,forward_host,ordinary,512,518,10,837,1.902016044,1.952800000,1.118200000,0.000000000
sample,forward_host,ordinary,512,519,10,3584,1.831904054,1.880800000,1.366800000,0.000000000
sample,forward_host,ordinary,512,520,10,45456,1.832991958,1.881900000,0.795200000,0.000000000
sample,forward_host,ordinary,512,521,10,389,1.835296035,1.903700000,1.019400000,0.000000000
sample,forward_host,ordinary,512,522,10,7485,1.892416000,1.970600000,0.908500000,0.000000000
sample,forward_host,ordinary,512,523,10,284,1.866528034,1.930500000,1.006800000,0.000000000
sample,forward_host,ordinary,512,524,10,3051,1.915104032,1.969100000,1.537100000,0.000000000
sample,forward_host,ordinary,512,525,10,287,2.005311966,2.059400000,1.453000000,0.000000000
sample,forward_host,ordinary,512,526,10,262,1.915519953,1.996100000,1.553400000,0.000000000
sample,forward_host,ordinary,512,527,10,4295,1.912127972,1.965500000,1.482000000,0.000000000
sample,forward_host,graph,512,512,10,837,1.633535981,1.689300000,0.066500000,0.022900000
sample,forward_host,graph,512,513,10,290,1.619104028,1.669100000,0.042400000,0.008800000
sample,forward_host,graph,512,514,10,460,1.618783951,1.668900000,0.041100000,0.008200000
sample,forward_host,graph,512,515,10,307,1.613536000,1.663400000,0.042000000,0.008100000
sample,forward_host,graph,512,516,10,12606,1.616896033,1.666100000,0.042200000,0.008200000
sample,forward_host,graph,512,517,10,32455,1.621695995,1.671100000,0.041900000,0.008100000
sample,forward_host,graph,512,518,10,837,1.621503949,1.671600000,0.042500000,0.008100000
sample,forward_host,graph,512,519,10,3584,1.618911982,1.668600000,0.042100000,0.008000000
sample,forward_host,graph,512,520,10,45456,1.619071960,1.667900000,0.042400000,0.008100000
sample,forward_host,graph,512,521,10,389,1.623072028,1.675400000,0.056500000,0.008100000
sample,forward_host,graph,512,522,10,7485,1.640480042,1.731400000,0.060800000,0.018700000
sample,forward_host,graph,512,523,10,284,1.624351978,1.678900000,0.047700000,0.009700000
sample,forward_host,graph,512,524,10,3051,1.624447942,1.680100000,0.047000000,0.008400000
sample,forward_host,graph,512,525,10,287,1.629631996,1.688700000,0.045900000,0.008000000
sample,forward_host,graph,512,526,10,262,1.631872058,1.690000000,0.047000000,0.008000000
sample,forward_host,graph,512,527,10,4295,1.620288014,1.676100000,0.047200000,0.008200000
sample,forward_host,graph,512,512,11,837,1.610880017,1.657700000,0.047900000,0.008600000
sample,forward_host,graph,512,513,11,290,1.616608024,1.663500000,0.045100000,0.008300000
sample,forward_host,graph,512,514,11,460,1.619104028,1.664600000,0.043000000,0.008100000
sample,forward_host,graph,512,515,11,307,1.614976048,1.661400000,0.044800000,0.008000000
sample,forward_host,graph,512,516,11,12606,1.617023945,1.663000000,0.045000000,0.008100000
sample,forward_host,graph,512,517,11,32455,1.618975997,1.665400000,0.041700000,0.008000000
sample,forward_host,graph,512,518,11,837,1.622143984,1.678400000,0.044400000,0.008000000
sample,forward_host,graph,512,519,11,3584,1.615775943,1.662500000,0.043000000,0.008100000
sample,forward_host,graph,512,520,11,45456,1.618880033,1.684500000,0.045100000,0.008200000
sample,forward_host,graph,512,521,11,389,1.646208048,1.802600000,0.065400000,0.025100000
sample,forward_host,graph,512,522,11,7485,1.742624044,1.816500000,0.357000000,0.077300000
sample,forward_host,graph,512,523,11,284,1.623487949,1.677300000,0.039600000,0.008300000
sample,forward_host,graph,512,524,11,3051,1.625759959,1.680200000,0.046100000,0.008100000
sample,forward_host,graph,512,525,11,287,1.629567981,1.684100000,0.044600000,0.008000000
sample,forward_host,graph,512,526,11,262,1.628576040,1.683000000,0.045300000,0.008100000
sample,forward_host,graph,512,527,11,4295,1.621152043,1.671300000,0.044700000,0.008100000
sample,forward_host,ordinary,512,512,11,837,1.823104024,1.872300000,1.154900000,0.000000000
sample,forward_host,ordinary,512,513,11,290,1.827999949,1.877000000,1.199200000,0.000000000
sample,forward_host,ordinary,512,514,11,460,1.830464005,1.879600000,0.873500000,0.000000000
sample,forward_host,ordinary,512,515,11,307,1.828608036,1.877600000,1.254800000,0.000000000
sample,forward_host,ordinary,512,516,11,12606,1.832831979,1.881700000,1.045800000,0.000000000
sample,forward_host,ordinary,512,517,11,32455,1.830304027,1.879600000,1.134900000,0.000000000
sample,forward_host,ordinary,512,518,11,837,1.835584044,1.941500000,1.048000000,0.000000000
sample,forward_host,ordinary,512,519,11,3584,1.872063994,2.038600000,0.857400000,0.000000000
sample,forward_host,ordinary,512,520,11,45456,2.873248100,2.951700000,2.374300000,0.000000000
sample,forward_host,ordinary,512,521,11,389,1.909567952,1.963800000,1.459000000,0.000000000
sample,forward_host,ordinary,512,522,11,7485,2.042783976,2.112000000,1.593200000,0.000000000
sample,forward_host,ordinary,512,523,11,284,2.079391956,2.134700000,1.135800000,0.000000000
sample,forward_host,ordinary,512,524,11,3051,1.966719985,2.021000000,1.537400000,0.000000000
sample,forward_host,ordinary,512,525,11,287,1.998111963,2.052500000,1.627600000,0.000000000
sample,forward_host,ordinary,512,526,11,262,1.994464040,2.067400000,1.467400000,0.000000000
sample,forward_host,ordinary,512,527,11,4295,1.937631965,2.004400000,1.564800000,0.000000000
sample,forward_host,ordinary,512,512,12,837,1.934399962,1.987900000,1.479800000,0.000000000
sample,forward_host,ordinary,512,513,12,290,1.942399979,1.991700000,1.084000000,0.000000000
sample,forward_host,ordinary,512,514,12,460,1.873855948,1.938100000,1.041200000,0.000000000
sample,forward_host,ordinary,512,515,12,307,1.830432057,1.880000000,0.816200000,0.000000000
sample,forward_host,ordinary,512,516,12,12606,1.831840038,1.881000000,1.003300000,0.000000000
sample,forward_host,ordinary,512,517,12,32455,1.831552029,1.880500000,0.761400000,0.000000000
sample,forward_host,ordinary,512,518,12,837,1.834879994,1.884300000,1.108700000,0.000000000
sample,forward_host,ordinary,512,519,12,3584,1.830144048,1.880300000,0.909200000,0.000000000
sample,forward_host,ordinary,512,520,12,45456,1.834527969,1.883700000,1.131500000,0.000000000
sample,forward_host,ordinary,512,521,12,389,1.837056041,1.885700000,0.783200000,0.000000000
sample,forward_host,ordinary,512,522,12,7485,1.873952031,1.934900000,1.005800000,0.000000000
sample,forward_host,ordinary,512,523,12,284,1.851392031,1.898000000,0.655100000,0.000000000
sample,forward_host,ordinary,512,524,12,3051,1.828223944,1.870400000,0.554700000,0.000000000
sample,forward_host,ordinary,512,525,12,287,1.829023957,1.879000000,0.603800000,0.000000000
sample,forward_host,ordinary,512,526,12,262,1.843935966,1.894000000,0.767900000,0.000000000
sample,forward_host,ordinary,512,527,12,4295,1.832224011,1.881300000,1.101300000,0.000000000
sample,forward_host,graph,512,512,12,837,1.609599948,1.702600000,0.049400000,0.008300000
sample,forward_host,graph,512,513,12,290,1.620640039,1.674500000,0.056400000,0.009400000
sample,forward_host,graph,512,514,12,460,1.619135976,1.671400000,0.052100000,0.008300000
sample,forward_host,graph,512,515,12,307,1.616415977,1.669500000,0.048000000,0.008000000
sample,forward_host,graph,512,516,12,12606,1.616511941,1.669200000,0.047500000,0.008100000
sample,forward_host,graph,512,517,12,32455,1.620383978,1.673800000,0.049500000,0.008000000
sample,forward_host,graph,512,518,12,837,1.626656055,1.695600000,0.071100000,0.011400000
sample,forward_host,graph,512,519,12,3584,1.614784002,1.662000000,0.042300000,0.008000000
sample,forward_host,graph,512,520,12,45456,1.617535949,1.664700000,0.046000000,0.007900000
sample,forward_host,graph,512,521,12,389,1.624127984,1.684200000,0.045600000,0.007900000
sample,forward_host,graph,512,522,12,7485,1.644991994,1.696300000,0.060800000,0.017600000
sample,forward_host,graph,512,523,12,284,1.622591972,1.669800000,0.041800000,0.009000000
sample,forward_host,graph,512,524,12,3051,1.622591972,1.669400000,0.046200000,0.008200000
sample,forward_host,graph,512,525,12,287,1.626816034,1.674100000,0.046200000,0.008100000
sample,forward_host,graph,512,526,12,262,1.630687952,1.677600000,0.044000000,0.008400000
sample,forward_host,graph,512,527,12,4295,1.619968057,1.666900000,0.044200000,0.008500000
sample,forward_host,graph,512,512,13,837,1.614527941,1.718300000,0.052300000,0.010800000
sample,forward_host,graph,512,513,13,290,1.662047982,1.742300000,0.112300000,0.035300000
sample,forward_host,graph,512,514,13,460,1.645920038,1.715700000,0.083400000,0.025700000
sample,forward_host,graph,512,515,13,307,1.636000037,1.709400000,0.072300000,0.017100000
sample,forward_host,graph,512,516,13,12606,1.627392054,1.692700000,0.062200000,0.014400000
sample,forward_host,graph,512,517,13,32455,1.626080036,1.692200000,0.054900000,0.012000000
sample,forward_host,graph,512,518,13,837,1.630079985,1.700600000,0.056400000,0.011700000
sample,forward_host,graph,512,519,13,3584,1.629472017,1.696600000,0.059700000,0.012500000
sample,forward_host,graph,512,520,13,45456,1.633311987,1.695600000,0.061000000,0.015400000
sample,forward_host,graph,512,521,13,389,1.635231972,1.714600000,0.063100000,0.015300000
sample,forward_host,graph,512,522,13,7485,1.643391967,1.710800000,0.068900000,0.020300000
sample,forward_host,graph,512,523,13,284,1.632768035,1.697500000,0.063400000,0.013900000
sample,forward_host,graph,512,524,13,3051,1.633216023,1.712600000,0.062100000,0.014200000
sample,forward_host,graph,512,525,13,287,1.660223961,1.739300000,0.084100000,0.027800000
sample,forward_host,graph,512,526,13,262,1.649824023,1.713800000,0.072100000,0.020200000
sample,forward_host,graph,512,527,13,4295,1.627104044,1.698100000,0.057300000,0.012200000
sample,forward_host,ordinary,512,512,13,837,1.857439995,1.900700000,0.840100000,0.000000000
sample,forward_host,ordinary,512,513,13,290,1.920480013,1.974900000,0.618700000,0.000000000
sample,forward_host,ordinary,512,514,13,460,1.942752004,1.993800000,1.570000000,0.000000000
sample,forward_host,ordinary,512,515,13,307,1.831007957,1.879600000,0.893400000,0.000000000
sample,forward_host,ordinary,512,516,13,12606,1.901759982,1.951600000,0.678400000,0.000000000
sample,forward_host,ordinary,512,517,13,32455,1.830911994,1.880400000,0.763800000,0.000000000
sample,forward_host,ordinary,512,518,13,837,1.842496037,1.924100000,0.898000000,0.000000000
sample,forward_host,ordinary,512,519,13,3584,1.820160031,1.884700000,1.171300000,0.000000000
sample,forward_host,ordinary,512,520,13,45456,1.857535958,1.906900000,1.115700000,0.000000000
sample,forward_host,ordinary,512,521,13,389,1.835296035,1.884800000,0.879800000,0.000000000
sample,forward_host,ordinary,512,522,13,7485,1.838495970,1.887400000,0.922900000,0.000000000
sample,forward_host,ordinary,512,523,13,284,1.860383987,1.909100000,0.886700000,0.000000000
sample,forward_host,ordinary,512,524,13,3051,1.835103989,1.884700000,1.063900000,0.000000000
sample,forward_host,ordinary,512,525,13,287,1.840415955,1.889400000,0.874200000,0.000000000
sample,forward_host,ordinary,512,526,13,262,1.899456024,1.945200000,1.004200000,0.000000000
sample,forward_host,ordinary,512,527,13,4295,1.841567993,1.898600000,0.975000000,0.000000000
sample,forward_host,ordinary,512,512,14,837,2.079360008,2.137300000,1.689700000,0.000000000
sample,forward_host,ordinary,512,513,14,290,1.913120031,1.968500000,1.426000000,0.000000000
sample,forward_host,ordinary,512,514,14,460,1.880031943,1.934400000,1.410600000,0.000000000
sample,forward_host,ordinary,512,515,14,307,1.952927947,2.022800000,1.373700000,0.000000000
sample,forward_host,ordinary,512,516,14,12606,1.902207971,1.957200000,1.456700000,0.000000000
sample,forward_host,ordinary,512,517,14,32455,1.902240038,1.956600000,1.454800000,0.000000000
sample,forward_host,ordinary,512,518,14,837,1.881664038,1.936100000,1.522800000,0.000000000
sample,forward_host,ordinary,512,519,14,3584,1.872544050,1.926600000,1.429300000,0.000000000
sample,forward_host,ordinary,512,520,14,45456,1.876703978,1.926500000,1.288400000,0.000000000
sample,forward_host,ordinary,512,521,14,389,1.916000009,1.965500000,1.024800000,0.000000000
sample,forward_host,ordinary,512,522,14,7485,1.858719945,1.912200000,1.000400000,0.000000000
sample,forward_host,ordinary,512,523,14,284,1.964576006,2.053100000,1.514000000,0.000000000
sample,forward_host,ordinary,512,524,14,3051,2.027424097,2.089400000,1.469900000,0.000000000
sample,forward_host,ordinary,512,525,14,287,1.919424057,1.974900000,1.542600000,0.000000000
sample,forward_host,ordinary,512,526,14,262,1.918815970,1.973000000,1.266500000,0.000000000
sample,forward_host,ordinary,512,527,14,4295,1.878592014,1.933500000,1.348400000,0.000000000
sample,forward_host,graph,512,512,14,837,1.611071944,1.673700000,0.048900000,0.008200000
sample,forward_host,graph,512,513,14,290,1.619071960,1.669000000,0.046200000,0.008100000
sample,forward_host,graph,512,514,14,460,1.619264007,1.670600000,0.041900000,0.008100000
sample,forward_host,graph,512,515,14,307,1.614367962,1.663600000,0.044700000,0.008000000
sample,forward_host,graph,512,516,14,12606,1.617280006,1.666800000,0.044500000,0.008100000
sample,forward_host,graph,512,517,14,32455,1.620671988,1.670200000,0.043200000,0.008000000
sample,forward_host,graph,512,518,14,837,1.623167992,1.672600000,0.047300000,0.008100000
sample,forward_host,graph,512,519,14,3584,1.616160035,1.665300000,0.044500000,0.008100000
sample,forward_host,graph,512,520,14,45456,1.617311954,1.666900000,0.043900000,0.008000000
sample,forward_host,graph,512,521,14,389,1.622048020,1.672300000,0.044400000,0.008000000
sample,forward_host,graph,512,522,14,7485,1.624639988,1.843600000,0.044200000,0.008000000
sample,forward_host,graph,512,523,14,284,1.767392039,1.844500000,0.376400000,0.071600000
sample,forward_host,graph,512,524,14,3051,1.622655988,1.678100000,0.046200000,0.008000000
sample,forward_host,graph,512,525,14,287,1.628512025,1.690000000,0.046500000,0.008200000
sample,forward_host,graph,512,526,14,262,1.629055977,1.683900000,0.043800000,0.008100000
sample,forward_host,graph,512,527,14,4295,1.621888041,1.676300000,0.044900000,0.008000000
sample,forward_host,graph,512,512,15,837,1.614527941,1.670500000,0.051600000,0.011300000
sample,forward_host,graph,512,513,15,290,1.624256015,1.680900000,0.053500000,0.010800000
sample,forward_host,graph,512,514,15,460,1.620607972,1.675600000,0.049300000,0.008100000
sample,forward_host,graph,512,515,15,307,1.616927981,1.671200000,0.048800000,0.008000000
sample,forward_host,graph,512,516,15,12606,1.617311954,1.672100000,0.048500000,0.007900000
sample,forward_host,graph,512,517,15,32455,1.620128036,1.671400000,0.048200000,0.007900000
sample,forward_host,graph,512,518,15,837,1.622848034,1.672100000,0.043400000,0.008300000
sample,forward_host,graph,512,519,15,3584,1.615584016,1.665000000,0.041400000,0.008000000
sample,forward_host,graph,512,520,15,45456,1.618239999,1.666900000,0.043900000,0.008000000
sample,forward_host,graph,512,521,15,389,1.622527957,1.689700000,0.041700000,0.008200000
sample,forward_host,graph,512,522,15,7485,1.633664012,1.691800000,0.048700000,0.012300000
sample,forward_host,graph,512,523,15,284,1.626240015,1.685200000,0.052200000,0.010900000
sample,forward_host,graph,512,524,15,3051,1.627616048,1.686000000,0.076700000,0.010300000
sample,forward_host,graph,512,525,15,287,1.632256031,1.688200000,0.049900000,0.010100000
sample,forward_host,graph,512,526,15,262,1.629920006,1.687400000,0.047400000,0.008100000
sample,forward_host,graph,512,527,15,4295,1.623296022,1.678800000,0.046700000,0.008000000
sample,forward_host,ordinary,512,512,15,837,1.815520048,1.864800000,0.630100000,0.000000000
sample,forward_host,ordinary,512,513,15,290,1.824480057,1.875700000,1.013000000,0.000000000
sample,forward_host,ordinary,512,514,15,460,1.836511970,1.885900000,0.895100000,0.000000000
sample,forward_host,ordinary,512,515,15,307,1.827487946,1.876400000,0.887000000,0.000000000
sample,forward_host,ordinary,512,516,15,12606,1.830656052,1.879400000,0.965500000,0.000000000
sample,forward_host,ordinary,512,517,15,32455,1.832128048,1.881700000,1.180000000,0.000000000
sample,forward_host,ordinary,512,518,15,837,1.841088057,1.890500000,0.784600000,0.000000000
sample,forward_host,ordinary,512,519,15,3584,1.893983960,1.958800000,1.073600000,0.000000000
sample,forward_host,ordinary,512,520,15,45456,3.047136068,3.102200000,2.329800000,0.000000000
sample,forward_host,ordinary,512,521,15,389,2.010528088,2.066500000,1.477400000,0.000000000
sample,forward_host,ordinary,512,522,15,7485,1.888671994,1.942800000,1.456700000,0.000000000
sample,forward_host,ordinary,512,523,15,284,1.986816049,2.040900000,1.040700000,0.000000000
sample,forward_host,ordinary,512,524,15,3051,1.976351976,2.031700000,1.377700000,0.000000000
sample,forward_host,ordinary,512,525,15,287,1.909312010,1.963300000,1.463800000,0.000000000
sample,forward_host,ordinary,512,526,15,262,1.947232008,2.012100000,1.591100000,0.000000000
sample,forward_host,ordinary,512,527,15,4295,1.900447965,1.954700000,1.360600000,0.000000000
sample,forward_host,ordinary,1007,1007,0,837,2.192672014,2.244600000,0.627900000,0.000000000
sample,forward_host,ordinary,1007,1008,0,290,2.186144114,2.248800000,0.558500000,0.000000000
sample,forward_host,ordinary,1007,1009,0,1863,2.191679955,2.242300000,0.656700000,0.000000000
sample,forward_host,ordinary,1007,1010,0,691,2.199232101,2.251100000,0.545200000,0.000000000
sample,forward_host,ordinary,1007,1011,0,262,2.191135883,2.239400000,0.621800000,0.000000000
sample,forward_host,ordinary,1007,1012,0,5093,2.186271906,2.238200000,0.507900000,0.000000000
sample,forward_host,ordinary,1007,1013,0,2488,2.196063995,2.258300000,0.625900000,0.000000000
sample,forward_host,ordinary,1007,1014,0,12,2.226144075,2.288800000,0.642500000,0.000000000
sample,forward_host,ordinary,1007,1015,0,31,2.197376013,2.249000000,0.616200000,0.000000000
sample,forward_host,ordinary,1007,1016,0,7421,2.195039988,2.247600000,0.715000000,0.000000000
sample,forward_host,ordinary,1007,1017,0,7051,2.199872017,2.252500000,0.711500000,0.000000000
sample,forward_host,ordinary,1007,1018,0,286,2.205791950,2.257400000,0.648100000,0.000000000
sample,forward_host,ordinary,1007,1019,0,262,2.196320057,2.248100000,0.628800000,0.000000000
sample,forward_host,ordinary,1007,1020,0,2619,2.200799942,2.401300000,0.651100000,0.000000000
sample,forward_host,ordinary,1007,1021,0,6896,2.235424042,2.299000000,0.779900000,0.000000000
sample,forward_host,ordinary,1007,1022,0,764,2.296927929,2.351800000,0.954800000,0.000000000
sample,forward_host,graph,1007,1007,0,837,1.938879967,1.989900000,0.048800000,0.008600000
sample,forward_host,graph,1007,1008,0,290,1.940063953,2.009000000,0.040500000,0.008100000
sample,forward_host,graph,1007,1009,0,1863,1.967775941,2.033200000,0.068100000,0.023200000
sample,forward_host,graph,1007,1010,0,691,1.951488018,2.006400000,0.046900000,0.010900000
sample,forward_host,graph,1007,1011,0,262,1.942944050,1.998900000,0.050000000,0.008800000
sample,forward_host,graph,1007,1012,0,5093,1.943616033,2.003800000,0.045500000,0.008100000
sample,forward_host,graph,1007,1013,0,2488,1.946591973,2.003700000,0.046700000,0.008800000
sample,forward_host,graph,1007,1014,0,12,1.950111985,2.006500000,0.045900000,0.008800000
sample,forward_host,graph,1007,1015,0,31,1.941535950,1.998000000,0.047200000,0.008100000
sample,forward_host,graph,1007,1016,0,7421,1.944383979,2.016300000,0.046400000,0.008000000
sample,forward_host,graph,1007,1017,0,7051,1.975008011,2.034800000,0.071900000,0.025300000
sample,forward_host,graph,1007,1018,0,286,1.948832035,2.005400000,0.051700000,0.009000000
sample,forward_host,graph,1007,1019,0,262,1.950783968,2.006400000,0.048300000,0.008200000
sample,forward_host,graph,1007,1020,0,2619,1.947424054,2.002600000,0.046900000,0.008000000
sample,forward_host,graph,1007,1021,0,6896,1.952000022,2.008100000,0.049200000,0.008000000
sample,forward_host,graph,1007,1022,0,764,1.953503966,2.009700000,0.047700000,0.008000000
sample,forward_host,graph,1007,1007,1,837,1.936287999,1.986700000,0.048600000,0.008200000
sample,forward_host,graph,1007,1008,1,290,1.939136028,1.988500000,0.044400000,0.008200000
sample,forward_host,graph,1007,1009,1,1863,1.942304015,1.991700000,0.043100000,0.008300000
sample,forward_host,graph,1007,1010,1,691,1.943616033,1.993600000,0.043700000,0.008400000
sample,forward_host,graph,1007,1011,1,262,1.941439986,1.991100000,0.043500000,0.008100000
sample,forward_host,graph,1007,1012,1,5093,1.940960050,2.003300000,0.044300000,0.008300000
sample,forward_host,graph,1007,1013,1,2488,1.968799949,2.023200000,0.063700000,0.020800000
sample,forward_host,graph,1007,1014,1,12,1.948256016,1.997500000,0.042700000,0.008800000
sample,forward_host,graph,1007,1015,1,31,1.940863967,1.990000000,0.044300000,0.008500000
sample,forward_host,graph,1007,1016,1,7421,1.943456054,1.997700000,0.042700000,0.008200000
sample,forward_host,graph,1007,1017,1,7051,1.947199941,2.002500000,0.047300000,0.008200000
sample,forward_host,graph,1007,1018,1,286,1.949087977,2.004800000,0.047100000,0.008400000
sample,forward_host,graph,1007,1019,1,262,1.950847983,2.104000000,0.050700000,0.008700000
sample,forward_host,graph,1007,1020,1,2619,2.060447931,2.151600000,0.358000000,0.071100000
sample,forward_host,graph,1007,1021,1,6896,1.970847964,2.030600000,0.066900000,0.019600000
sample,forward_host,graph,1007,1022,1,764,1.958719969,2.014600000,0.079900000,0.010400000
sample,forward_host,ordinary,1007,1007,1,837,2.183104038,2.259300000,0.655800000,0.000000000
sample,forward_host,ordinary,1007,1008,1,290,2.193311930,2.248600000,0.700300000,0.000000000
sample,forward_host,ordinary,1007,1009,1,1863,2.194783926,2.248700000,1.034100000,0.000000000
sample,forward_host,ordinary,1007,1010,1,691,2.223392010,2.280200000,0.855900000,0.000000000
sample,forward_host,ordinary,1007,1011,1,262,2.222079992,2.275900000,0.721300000,0.000000000
sample,forward_host,ordinary,1007,1012,1,5093,2.222559929,2.276100000,0.803900000,0.000000000
sample,forward_host,ordinary,1007,1013,1,2488,2.205471992,2.262100000,0.888900000,0.000000000
sample,forward_host,ordinary,1007,1014,1,12,2.228800058,2.300200000,0.660300000,0.000000000
sample,forward_host,ordinary,1007,1015,1,31,2.188447952,2.247200000,1.059700000,0.000000000
sample,forward_host,ordinary,1007,1016,1,7421,2.233151913,2.289300000,0.934000000,0.000000000
sample,forward_host,ordinary,1007,1017,1,7051,2.181600094,2.231300000,0.886900000,0.000000000
sample,forward_host,ordinary,1007,1018,1,286,2.161119938,2.211400000,0.730400000,0.000000000
sample,forward_host,ordinary,1007,1019,1,262,2.158943892,2.208900000,0.682600000,0.000000000
sample,forward_host,ordinary,1007,1020,1,2619,2.163007975,2.212200000,0.729900000,0.000000000
sample,forward_host,ordinary,1007,1021,1,6896,2.162303925,2.223100000,0.726100000,0.000000000
sample,forward_host,ordinary,1007,1022,1,764,2.152863979,2.205600000,0.719000000,0.000000000
sample,forward_host,ordinary,1007,1007,2,837,2.196160078,2.250400000,0.626800000,0.000000000
sample,forward_host,ordinary,1007,1008,2,290,2.270656109,2.355000000,0.653900000,0.000000000
sample,forward_host,ordinary,1007,1009,2,1863,2.189311981,2.246400000,0.634100000,0.000000000
sample,forward_host,ordinary,1007,1010,2,691,2.193727970,2.273800000,0.630500000,0.000000000
sample,forward_host,ordinary,1007,1011,2,262,2.200383902,2.250500000,0.639900000,0.000000000
sample,forward_host,ordinary,1007,1012,2,5093,2.151200056,2.198500000,0.602600000,0.000000000
sample,forward_host,ordinary,1007,1013,2,2488,2.155872107,2.203400000,0.605400000,0.000000000
sample,forward_host,ordinary,1007,1014,2,12,2.189696074,2.240000000,0.598400000,0.000000000
sample,forward_host,ordinary,1007,1015,2,31,2.235232115,2.334900000,0.691800000,0.000000000
sample,forward_host,ordinary,1007,1016,2,7421,2.181216002,2.250700000,0.730000000,0.000000000
sample,forward_host,ordinary,1007,1017,2,7051,2.198143959,2.251400000,0.753800000,0.000000000
sample,forward_host,ordinary,1007,1018,2,286,2.199712038,2.256800000,0.637100000,0.000000000
sample,forward_host,ordinary,1007,1019,2,262,2.239295959,2.293100000,0.695500000,0.000000000
sample,forward_host,ordinary,1007,1020,2,2619,2.200608015,2.253400000,0.631600000,0.000000000
sample,forward_host,ordinary,1007,1021,2,6896,2.201472044,2.273900000,0.619400000,0.000000000
sample,forward_host,ordinary,1007,1022,2,764,2.252703905,2.326000000,0.643400000,0.000000000
sample,forward_host,graph,1007,1007,2,837,1.940320015,1.997300000,0.048700000,0.008800000
sample,forward_host,graph,1007,1008,2,290,1.941280007,1.997000000,0.047900000,0.008000000
sample,forward_host,graph,1007,1009,2,1863,1.944319963,2.000700000,0.047300000,0.008000000
sample,forward_host,graph,1007,1010,2,691,1.945119977,2.000400000,0.050100000,0.008000000
sample,forward_host,graph,1007,1011,2,262,1.938815951,2.007400000,0.049800000,0.008000000
sample,forward_host,graph,1007,1012,2,5093,1.945472002,2.002300000,0.056500000,0.008900000
sample,forward_host,graph,1007,1013,2,2488,1.944479942,2.001100000,0.050400000,0.008000000
sample,forward_host,graph,1007,1014,2,12,1.947456002,1.998600000,0.050300000,0.008100000
sample,forward_host,graph,1007,1015,2,31,1.943007946,1.992800000,0.046300000,0.008000000
sample,forward_host,graph,1007,1016,2,7421,1.942080021,1.992100000,0.046700000,0.008100000
sample,forward_host,graph,1007,1017,2,7051,1.948511958,1.998600000,0.045700000,0.007900000
sample,forward_host,graph,1007,1018,2,286,1.949471951,2.058000000,0.045100000,0.008000000
sample,forward_host,graph,1007,1019,2,262,1.950623989,1.992700000,0.049100000,0.008200000
sample,forward_host,graph,1007,1020,2,2619,1.949728012,2.000500000,0.056800000,0.008300000
sample,forward_host,graph,1007,1021,2,6896,1.951743960,2.002000000,0.043000000,0.008400000
sample,forward_host,graph,1007,1022,2,764,1.955168009,2.006000000,0.042600000,0.008100000
sample,forward_host,graph,1007,1007,3,837,1.966464043,2.027900000,0.085000000,0.028500000
sample,forward_host,graph,1007,1008,3,290,1.944352031,2.000200000,0.076000000,0.011700000
sample,forward_host,graph,1007,1009,3,1863,1.942623973,1.998200000,0.047900000,0.008500000
sample,forward_host,graph,1007,1010,3,691,1.944767952,2.000200000,0.049900000,0.008200000
sample,forward_host,graph,1007,1011,3,262,1.941759944,1.996500000,0.049800000,0.008000000
sample,forward_host,graph,1007,1012,3,5093,1.943295956,1.999100000,0.047700000,0.008100000
sample,forward_host,graph,1007,1013,3,2488,1.944416046,1.999700000,0.049400000,0.008000000
sample,forward_host,graph,1007,1014,3,12,1.946975946,2.063500000,0.047200000,0.007900000
sample,forward_host,graph,1007,1015,3,31,1.958624005,2.027900000,0.062900000,0.013800000
sample,forward_host,graph,1007,1016,3,7421,1.950080037,2.007300000,0.054100000,0.011500000
sample,forward_host,graph,1007,1017,3,7051,1.946496010,2.003500000,0.047200000,0.008400000
sample,forward_host,graph,1007,1018,3,286,1.950911999,2.006200000,0.049400000,0.008100000
sample,forward_host,graph,1007,1019,3,262,1.945055962,2.000000000,0.046900000,0.007900000
sample,forward_host,graph,1007,1020,3,2619,1.950943947,2.006100000,0.049200000,0.008500000
sample,forward_host,graph,1007,1021,3,6896,1.954175949,2.009800000,0.047700000,0.008000000
sample,forward_host,graph,1007,1022,3,764,1.955551982,2.019000000,0.048900000,0.008000000
sample,forward_host,ordinary,1007,1007,3,837,2.189183950,2.241100000,0.625800000,0.000000000
sample,forward_host,ordinary,1007,1008,3,290,2.189599991,2.241900000,0.635700000,0.000000000
sample,forward_host,ordinary,1007,1009,3,1863,2.199136019,2.257500000,0.617300000,0.000000000
sample,forward_host,ordinary,1007,1010,3,691,2.152352095,2.206500000,0.577400000,0.000000000
sample,forward_host,ordinary,1007,1011,3,262,2.189984083,2.243000000,0.580700000,0.000000000
sample,forward_host,ordinary,1007,1012,3,5093,2.188575983,2.241600000,0.641500000,0.000000000
sample,forward_host,ordinary,1007,1013,3,2488,2.255487919,2.316900000,0.597600000,0.000000000
sample,forward_host,ordinary,1007,1014,3,12,2.198976040,2.251200000,0.572500000,0.000000000
sample,forward_host,ordinary,1007,1015,3,31,2.224447966,2.276200000,0.636500000,0.000000000
sample,forward_host,ordinary,1007,1016,3,7421,2.200992107,2.265100000,0.610900000,0.000000000
sample,forward_host,ordinary,1007,1017,3,7051,2.189248085,2.244000000,0.552400000,0.000000000
sample,forward_host,ordinary,1007,1018,3,286,2.271712065,2.324000000,0.660400000,0.000000000
sample,forward_host,ordinary,1007,1019,3,262,2.284384012,2.335800000,0.583700000,0.000000000
sample,forward_host,ordinary,1007,1020,3,2619,2.198656082,2.251100000,0.606200000,0.000000000
sample,forward_host,ordinary,1007,1021,3,6896,2.200639963,2.252800000,0.595600000,0.000000000
sample,forward_host,ordinary,1007,1022,3,764,2.203552008,2.255400000,0.563000000,0.000000000
sample,forward_host,ordinary,1007,1007,4,837,2.190016031,2.242100000,0.584100000,0.000000000
sample,forward_host,ordinary,1007,1008,4,290,2.212991953,2.261800000,0.593900000,0.000000000
sample,forward_host,ordinary,1007,1009,4,1863,2.152832031,2.199500000,0.606600000,0.000000000
sample,forward_host,ordinary,1007,1010,4,691,2.179872036,2.244100000,0.604400000,0.000000000
sample,forward_host,ordinary,1007,1011,4,262,2.150464058,2.204300000,0.614800000,0.000000000
sample,forward_host,ordinary,1007,1012,4,5093,2.190112114,2.250100000,0.623500000,0.000000000
sample,forward_host,ordinary,1007,1013,4,2488,2.194720030,2.250900000,0.625300000,0.000000000
sample,forward_host,ordinary,1007,1014,4,12,2.200799942,2.253400000,0.623900000,0.000000000
sample,forward_host,ordinary,1007,1015,4,31,2.231231928,2.282500000,0.593800000,0.000000000
sample,forward_host,ordinary,1007,1016,4,7421,2.191839933,2.244200000,0.591100000,0.000000000
sample,forward_host,ordinary,1007,1017,4,7051,2.236479998,2.301200000,0.564700000,0.000000000
sample,forward_host,ordinary,1007,1018,4,286,2.206271887,2.258200000,0.591000000,0.000000000
sample,forward_host,ordinary,1007,1019,4,262,2.198528051,2.251800000,0.561700000,0.000000000
sample,forward_host,ordinary,1007,1020,4,2619,2.200511932,2.252400000,0.600800000,0.000000000
sample,forward_host,ordinary,1007,1021,4,6896,2.202719927,2.255000000,0.630400000,0.000000000
sample,forward_host,ordinary,1007,1022,4,764,2.196640015,2.243800000,0.629900000,0.000000000
sample,forward_host,graph,1007,1007,4,837,1.937695980,1.994400000,0.052600000,0.008200000
sample,forward_host,graph,1007,1008,4,290,1.939039946,1.990600000,0.050400000,0.007900000
sample,forward_host,graph,1007,1009,4,1863,1.944607973,1.995500000,0.045500000,0.009900000
sample,forward_host,graph,1007,1010,4,691,1.942975998,1.992600000,0.044000000,0.008100000
sample,forward_host,graph,1007,1011,4,262,1.940224051,1.990300000,0.046100000,0.008000000
sample,forward_host,graph,1007,1012,4,5093,1.943199992,2.020200000,0.044200000,0.008100000
sample,forward_host,graph,1007,1013,4,2488,1.959679961,2.035300000,0.055000000,0.014300000
sample,forward_host,graph,1007,1014,4,12,1.954367995,2.008900000,0.050100000,0.010300000
sample,forward_host,graph,1007,1015,4,31,1.943359971,1.995000000,0.043900000,0.009100000
sample,forward_host,graph,1007,1016,4,7421,1.943743944,1.993800000,0.042800000,0.008200000
sample,forward_host,graph,1007,1017,4,7051,1.945631981,1.995300000,0.042800000,0.008100000
sample,forward_host,graph,1007,1018,4,286,1.948672056,1.998200000,0.042500000,0.008100000
sample,forward_host,graph,1007,1019,4,262,1.947039962,1.996700000,0.042700000,0.008000000
sample,forward_host,graph,1007,1020,4,2619,1.949663997,2.045800000,0.044000000,0.008000000
sample,forward_host,graph,1007,1021,4,6896,1.953824043,2.113500000,0.042900000,0.010200000
sample,forward_host,graph,1007,1022,4,764,2.063519955,2.140100000,0.243900000,0.070700000
sample,forward_host,graph,1007,1007,5,837,1.938879967,1.997900000,0.051900000,0.008200000
sample,forward_host,graph,1007,1008,5,290,1.939808011,2.008900000,0.051700000,0.008500000
sample,forward_host,graph,1007,1009,5,1863,1.954687953,2.384400000,0.066300000,0.012000000
sample,forward_host,graph,1007,1010,5,691,2.088639975,2.172700000,0.382500000,0.100900000
sample,forward_host,graph,1007,1011,5,262,1.942656040,1.997800000,0.052800000,0.008400000
sample,forward_host,graph,1007,1012,5,5093,1.942847967,1.996200000,0.041800000,0.008600000
sample,forward_host,graph,1007,1013,5,2488,1.945376039,1.998600000,0.043000000,0.008100000
sample,forward_host,graph,1007,1014,5,12,1.947103977,1.999100000,0.040300000,0.008200000
sample,forward_host,graph,1007,1015,5,31,1.940191984,1.992100000,0.040800000,0.008300000
sample,forward_host,graph,1007,1016,5,7421,1.944864035,1.998900000,0.041600000,0.008600000
sample,forward_host,graph,1007,1017,5,7051,1.958688021,2.015300000,0.055200000,0.015100000
sample,forward_host,graph,1007,1018,5,286,1.951007962,1.999500000,0.047600000,0.009100000
sample,forward_host,graph,1007,1019,5,262,1.948959947,1.996700000,0.041600000,0.008600000
sample,forward_host,graph,1007,1020,5,2619,1.951904058,2.004400000,0.047200000,0.009800000
sample,forward_host,graph,1007,1021,5,6896,1.952576041,2.005800000,0.048800000,0.009100000
sample,forward_host,graph,1007,1022,5,764,1.955135942,2.007400000,0.047500000,0.008700000
sample,forward_host,ordinary,1007,1007,5,837,2.220000029,2.283600000,0.643400000,0.000000000
sample,forward_host,ordinary,1007,1008,5,290,2.191488028,2.243900000,0.541900000,0.000000000
sample,forward_host,ordinary,1007,1009,5,1863,2.191551924,2.244500000,0.667200000,0.000000000
sample,forward_host,ordinary,1007,1010,5,691,2.196127892,2.249400000,0.626600000,0.000000000
sample,forward_host,ordinary,1007,1011,5,262,2.193471909,2.259000000,0.648900000,0.000000000
sample,forward_host,ordinary,1007,1012,5,5093,2.175935984,2.226900000,0.879800000,0.000000000
sample,forward_host,ordinary,1007,1013,5,2488,2.154720068,2.204300000,0.722000000,0.000000000
sample,forward_host,ordinary,1007,1014,5,12,2.161760092,2.210800000,0.731300000,0.000000000
sample,forward_host,ordinary,1007,1015,5,31,2.150943995,2.200700000,0.696200000,0.000000000
sample,forward_host,ordinary,1007,1016,5,7421,2.149343967,2.198100000,0.716000000,0.000000000
sample,forward_host,ordinary,1007,1017,5,7051,2.159199953,2.208200000,0.729300000,0.000000000
sample,forward_host,ordinary,1007,1018,5,286,2.158368111,2.230000000,0.754500000,0.000000000
sample,forward_host,ordinary,1007,1019,5,262,3.568639994,3.624900000,2.362600000,0.000000000
sample,forward_host,ordinary,1007,1020,5,2619,2.135263920,2.192800000,0.671300000,0.000000000
sample,forward_host,ordinary,1007,1021,5,6896,2.192703962,2.246800000,1.013300000,0.000000000
sample,forward_host,ordinary,1007,1022,5,764,2.304735899,2.361400000,0.839300000,0.000000000
sample,forward_host,ordinary,1007,1007,6,837,2.255872011,2.310500000,0.832200000,0.000000000
sample,forward_host,ordinary,1007,1008,6,290,2.327264071,2.388100000,0.920300000,0.000000000
sample,forward_host,ordinary,1007,1009,6,1863,2.227616072,2.282300000,0.983900000,0.000000000
sample,forward_host,ordinary,1007,1010,6,691,2.225919962,2.324000000,0.946000000,0.000000000
sample,forward_host,ordinary,1007,1011,6,262,2.205087900,2.272600000,0.954200000,0.000000000
sample,forward_host,ordinary,1007,1012,6,5093,2.230432034,2.284400000,0.959100000,0.000000000
sample,forward_host,ordinary,1007,1013,6,2488,2.227839947,2.283300000,0.921500000,0.000000000
sample,forward_host,ordinary,1007,1014,6,12,2.209696054,2.264100000,0.924700000,0.000000000
sample,forward_host,ordinary,1007,1015,6,31,2.237375975,2.292100000,0.956800000,0.000000000
sample,forward_host,ordinary,1007,1016,6,7421,2.230592012,2.286600000,0.757000000,0.000000000
sample,forward_host,ordinary,1007,1017,6,7051,2.231616020,2.287900000,0.949700000,0.000000000
sample,forward_host,ordinary,1007,1018,6,286,2.208832026,2.291100000,1.050500000,0.000000000
sample,forward_host,ordinary,1007,1019,6,262,2.194400072,2.258000000,1.024000000,0.000000000
sample,forward_host,ordinary,1007,1020,6,2619,2.240927935,2.296200000,1.077000000,0.000000000
sample,forward_host,ordinary,1007,1021,6,6896,2.191296101,2.242300000,0.727700000,0.000000000
sample,forward_host,ordinary,1007,1022,6,764,2.201503992,2.256400000,0.692200000,0.000000000
sample,forward_host,graph,1007,1007,6,837,1.945567966,2.004900000,0.049600000,0.012900000
sample,forward_host,graph,1007,1008,6,290,1.939391971,1.985800000,0.044200000,0.008300000
sample,forward_host,graph,1007,1009,6,1863,1.940639973,1.986500000,0.044400000,0.008400000
sample,forward_host,graph,1007,1010,6,691,1.945440054,1.991200000,0.043900000,0.008400000
sample,forward_host,graph,1007,1011,6,262,1.940575957,1.987200000,0.043900000,0.008400000
sample,forward_host,graph,1007,1012,6,5093,1.941599965,1.987700000,0.046000000,0.008100000
sample,forward_host,graph,1007,1013,6,2488,1.945183992,2.035400000,0.043700000,0.008100000
sample,forward_host,graph,1007,1014,6,12,1.955711961,2.030600000,0.057100000,0.012100000
sample,forward_host,graph,1007,1015,6,31,1.972447991,2.034100000,0.075200000,0.024800000
sample,forward_host,graph,1007,1016,6,7421,1.946688056,1.999100000,0.066000000,0.009800000
sample,forward_host,graph,1007,1017,6,7051,1.949599981,2.005400000,0.047700000,0.008400000
sample,forward_host,graph,1007,1018,6,286,1.949632049,2.008700000,0.047100000,0.008200000
sample,forward_host,graph,1007,1019,6,262,1.947936058,2.004900000,0.047700000,0.008700000
sample,forward_host,graph,1007,1020,6,2619,1.951743960,2.009200000,0.048000000,0.008300000
sample,forward_host,graph,1007,1021,6,6896,1.952064037,2.051500000,0.050900000,0.008100000
sample,forward_host,graph,1007,1022,6,764,1.965728045,2.024300000,0.057700000,0.013200000
sample,forward_host,graph,1007,1007,7,837,1.938719988,1.993500000,0.047400000,0.008100000
sample,forward_host,graph,1007,1008,7,290,1.938048005,1.992900000,0.049200000,0.008000000
sample,forward_host,graph,1007,1009,7,1863,1.941311955,2.048300000,0.046700000,0.008100000
sample,forward_host,graph,1007,1010,7,691,1.955711961,2.022700000,0.062300000,0.012400000
sample,forward_host,graph,1007,1011,7,262,1.941823959,1.992200000,0.047200000,0.008600000
sample,forward_host,graph,1007,1012,7,5093,1.945536017,2.000800000,0.042600000,0.008600000
sample,forward_host,graph,1007,1013,7,2488,1.947232008,2.003900000,0.049900000,0.008200000
sample,forward_host,graph,1007,1014,7,12,1.958943963,2.023800000,0.059300000,0.012700000
sample,forward_host,graph,1007,1015,7,31,1.945024014,2.001400000,0.048100000,0.009200000
sample,forward_host,graph,1007,1016,7,7421,1.946912050,2.002900000,0.050900000,0.008100000
sample,forward_host,graph,1007,1017,7,7051,1.948351979,2.017900000,0.050100000,0.008000000
sample,forward_host,graph,1007,1018,7,286,1.956671953,2.008100000,0.054100000,0.010500000
sample,forward_host,graph,1007,1019,7,262,1.947968006,1.997900000,0.044000000,0.008200000
sample,forward_host,graph,1007,1020,7,2619,1.947551966,1.997000000,0.045800000,0.008000000
sample,forward_host,graph,1007,1021,7,6896,1.950943947,2.000800000,0.045400000,0.008000000
sample,forward_host,graph,1007,1022,7,764,1.953055978,2.006000000,0.043200000,0.008000000
sample,forward_host,ordinary,1007,1007,7,837,2.193759918,2.244100000,0.920800000,0.000000000
sample,forward_host,ordinary,1007,1008,7,290,2.150239944,2.200400000,0.699900000,0.000000000
sample,forward_host,ordinary,1007,1009,7,1863,2.172832012,2.223400000,0.684200000,0.000000000
sample,forward_host,ordinary,1007,1010,7,691,2.154783964,2.205100000,0.705200000,0.000000000
sample,forward_host,ordinary,1007,1011,7,262,2.184031963,2.234000000,0.713300000,0.000000000
sample,forward_host,ordinary,1007,1012,7,5093,2.153471947,2.218100000,0.907100000,0.000000000
sample,forward_host,ordinary,1007,1013,7,2488,2.156768084,2.212400000,0.731200000,0.000000000
sample,forward_host,ordinary,1007,1014,7,12,2.234944105,2.289300000,0.987700000,0.000000000
sample,forward_host,ordinary,1007,1015,7,31,2.305311918,2.366400000,1.075200000,0.000000000
sample,forward_host,ordinary,1007,1016,7,7421,2.217760086,2.273500000,0.810300000,0.000000000
sample,forward_host,ordinary,1007,1017,7,7051,2.235807896,2.291600000,0.948200000,0.000000000
sample,forward_host,ordinary,1007,1018,7,286,2.297375917,2.352200000,1.128000000,0.000000000
sample,forward_host,ordinary,1007,1019,7,262,2.200288057,2.265600000,0.745200000,0.000000000
sample,forward_host,ordinary,1007,1020,7,2619,2.305471897,2.358800000,0.582200000,0.000000000
sample,forward_host,ordinary,1007,1021,7,6896,2.202080011,2.254400000,0.627500000,0.000000000
sample,forward_host,ordinary,1007,1022,7,764,2.202879906,2.256100000,0.578300000,0.000000000
sample,forward_host,ordinary,1007,1007,8,837,2.255584002,2.310400000,1.122800000,0.000000000
sample,forward_host,ordinary,1007,1008,8,290,2.294111967,2.350700000,0.867700000,0.000000000
sample,forward_host,ordinary,1007,1009,8,1863,2.198335886,2.249500000,0.802800000,0.000000000
sample,forward_host,ordinary,1007,1010,8,691,2.152928114,2.202400000,0.711600000,0.000000000
sample,forward_host,ordinary,1007,1011,8,262,2.154783964,2.204200000,0.726900000,0.000000000
sample,forward_host,ordinary,1007,1012,8,5093,2.150559902,2.199900000,0.719900000,0.000000000
sample,forward_host,ordinary,1007,1013,8,2488,2.157696009,2.214800000,0.862100000,0.000000000
sample,forward_host,ordinary,1007,1014,8,12,2.183264017,2.233400000,0.642500000,0.000000000
sample,forward_host,ordinary,1007,1015,8,31,2.154400110,2.203600000,0.727700000,0.000000000
sample,forward_host,ordinary,1007,1016,8,7421,2.158400059,2.207800000,0.708100000,0.000000000
sample,forward_host,ordinary,1007,1017,8,7051,2.194432020,2.244300000,0.570800000,0.000000000
sample,forward_host,ordinary,1007,1018,8,286,2.160959959,2.210400000,0.743200000,0.000000000
sample,forward_host,ordinary,1007,1019,8,262,2.152992010,2.199300000,0.703400000,0.000000000
sample,forward_host,ordinary,1007,1020,8,2619,2.143935919,2.209100000,0.832000000,0.000000000
sample,forward_host,ordinary,1007,1021,8,6896,3.371007919,3.427800000,2.021200000,0.000000000
sample,forward_host,ordinary,1007,1022,8,764,2.238080025,2.292300000,1.078400000,0.000000000
sample,forward_host,graph,1007,1007,8,837,1.937088013,2.014900000,0.043800000,0.008100000
sample,forward_host,graph,1007,1008,8,290,1.953055978,2.018400000,0.053500000,0.016800000
sample,forward_host,graph,1007,1009,8,1863,1.945440054,2.000400000,0.064800000,0.009300000
sample,forward_host,graph,1007,1010,8,691,1.946048021,2.002100000,0.047000000,0.008400000
sample,forward_host,graph,1007,1011,8,262,1.942368031,1.997300000,0.047100000,0.008300000
sample,forward_host,graph,1007,1012,8,5093,1.944928050,1.999800000,0.047100000,0.008100000
sample,forward_host,graph,1007,1013,8,2488,1.947839975,2.002000000,0.046800000,0.008400000
sample,forward_host,graph,1007,1014,8,12,1.963744044,2.014300000,0.050400000,0.008100000
sample,forward_host,graph,1007,1015,8,31,1.942592025,2.005000000,0.043300000,0.008100000
sample,forward_host,graph,1007,1016,8,7421,1.965919971,2.021500000,0.061000000,0.020200000
sample,forward_host,graph,1007,1017,8,7051,1.947072029,1.996100000,0.045800000,0.008700000
sample,forward_host,graph,1007,1018,8,286,1.949471951,1.998900000,0.042800000,0.008100000
sample,forward_host,graph,1007,1019,8,262,1.947167993,1.996700000,0.042500000,0.008000000
sample,forward_host,graph,1007,1020,8,2619,1.948192000,2.002500000,0.042300000,0.008100000
sample,forward_host,graph,1007,1021,8,6896,1.953184009,2.007400000,0.046500000,0.008200000
sample,forward_host,graph,1007,1022,8,764,1.952288032,2.007100000,0.047500000,0.008400000
sample,forward_host,graph,1007,1007,9,837,1.939648032,2.003100000,0.050700000,0.008100000
sample,forward_host,graph,1007,1008,9,290,1.943423986,2.000200000,0.052700000,0.010200000
sample,forward_host,graph,1007,1009,9,1863,1.941344023,1.996400000,0.049300000,0.008100000
sample,forward_host,graph,1007,1010,9,691,1.946176052,2.002300000,0.049700000,0.008200000
sample,forward_host,graph,1007,1011,9,262,1.943904042,2.010900000,0.049000000,0.008000000
sample,forward_host,graph,1007,1012,9,5093,1.963999987,2.021400000,0.069400000,0.023200000
sample,forward_host,graph,1007,1013,9,2488,1.947839975,2.000500000,0.050300000,0.008900000
sample,forward_host,graph,1007,1014,9,12,1.949504018,2.006400000,0.050800000,0.008100000
sample,forward_host,graph,1007,1015,9,31,1.942656040,1.995500000,0.051500000,0.008000000
sample,forward_host,graph,1007,1016,9,7421,1.945119977,1.997600000,0.051800000,0.008300000
sample,forward_host,graph,1007,1017,9,7051,1.948256016,2.000700000,0.050100000,0.008000000
sample,forward_host,graph,1007,1018,9,286,1.950559974,2.002700000,0.050100000,0.008000000
sample,forward_host,graph,1007,1019,9,262,1.947999954,2.033300000,0.051200000,0.008100000
sample,forward_host,graph,1007,1020,9,2619,1.963711977,2.033200000,0.053300000,0.016000000
sample,forward_host,graph,1007,1021,9,6896,1.957728028,2.014800000,0.053300000,0.010800000
sample,forward_host,graph,1007,1022,9,764,1.958143950,2.029900000,0.052000000,0.008500000
sample,forward_host,ordinary,1007,1007,9,837,2.168992043,2.227600000,0.733900000,0.000000000
sample,forward_host,ordinary,1007,1008,9,290,2.169312000,2.224100000,0.728100000,0.000000000
sample,forward_host,ordinary,1007,1009,9,1863,2.228192091,2.283000000,0.901600000,0.000000000
sample,forward_host,ordinary,1007,1010,9,691,2.230720043,2.285800000,0.932700000,0.000000000
sample,forward_host,ordinary,1007,1011,9,262,2.285183907,2.339700000,1.053200000,0.000000000
sample,forward_host,ordinary,1007,1012,9,5093,2.266304016,2.321800000,1.059200000,0.000000000
sample,forward_host,ordinary,1007,1013,9,2488,2.205408096,2.283300000,1.049400000,0.000000000
sample,forward_host,ordinary,1007,1014,9,12,2.237472057,2.292300000,1.217500000,0.000000000
sample,forward_host,ordinary,1007,1015,9,31,2.216320038,2.271100000,0.935700000,0.000000000
sample,forward_host,ordinary,1007,1016,9,7421,2.238944054,2.291300000,0.880900000,0.000000000
sample,forward_host,ordinary,1007,1017,9,7051,2.179296017,2.228200000,0.724100000,0.000000000
sample,forward_host,ordinary,1007,1018,9,286,2.161695957,2.211600000,0.719600000,0.000000000
sample,forward_host,ordinary,1007,1019,9,262,2.158816099,2.208100000,0.694800000,0.000000000
sample,forward_host,ordinary,1007,1020,9,2619,2.196768045,2.264800000,0.717800000,0.000000000
sample,forward_host,ordinary,1007,1021,9,6896,2.273535967,2.331900000,0.737900000,0.000000000
sample,forward_host,ordinary,1007,1022,9,764,2.234335899,2.287900000,0.943900000,0.000000000
sample,forward_host,ordinary,1007,1007,10,837,2.271071911,2.339300000,0.761200000,0.000000000
sample,forward_host,ordinary,1007,1008,10,290,2.194495916,2.255800000,1.026400000,0.000000000
sample,forward_host,ordinary,1007,1009,10,1863,2.263583899,2.319000000,0.668300000,0.000000000
sample,forward_host,ordinary,1007,1010,10,691,2.220607996,2.271000000,0.941100000,0.000000000
sample,forward_host,ordinary,1007,1011,10,262,2.153664112,2.203500000,0.730200000,0.000000000
sample,forward_host,ordinary,1007,1012,10,5093,2.152192116,2.202000000,0.630000000,0.000000000
sample,forward_host,ordinary,1007,1013,10,2488,2.156703949,2.205600000,0.727100000,0.000000000
sample,forward_host,ordinary,1007,1014,10,12,2.203583956,2.274100000,0.732600000,0.000000000
sample,forward_host,ordinary,1007,1015,10,31,2.211136103,2.270500000,1.055600000,0.000000000
sample,forward_host,ordinary,1007,1016,10,7421,2.185152054,2.244900000,0.742400000,0.000000000
sample,forward_host,ordinary,1007,1017,10,7051,2.233023882,2.288000000,1.064600000,0.000000000
sample,forward_host,ordinary,1007,1018,10,286,2.256896019,2.311500000,0.737600000,0.000000000
sample,forward_host,ordinary,1007,1019,10,262,2.211999893,2.267200000,1.074800000,0.000000000
sample,forward_host,ordinary,1007,1020,10,2619,2.232671976,2.283100000,0.907400000,0.000000000
sample,forward_host,ordinary,1007,1021,10,6896,2.170272112,2.230300000,0.716500000,0.000000000
sample,forward_host,ordinary,1007,1022,10,764,2.157664061,2.210300000,0.598400000,0.000000000
sample,forward_host,graph,1007,1007,10,837,1.935999990,1.985000000,0.040200000,0.008000000
sample,forward_host,graph,1007,1008,10,290,1.939872026,1.988900000,0.045200000,0.010100000
sample,forward_host,graph,1007,1009,10,1863,1.942175984,1.998700000,0.042900000,0.008100000
sample,forward_host,graph,1007,1010,10,691,1.966367960,2.014200000,0.067500000,0.025000000
sample,forward_host,graph,1007,1011,10,262,1.944128036,2.000300000,0.043700000,0.009500000
sample,forward_host,graph,1007,1012,10,5093,1.943776011,2.002100000,0.045500000,0.008100000
sample,forward_host,graph,1007,1013,10,2488,1.947327971,2.006200000,0.045000000,0.008100000
sample,forward_host,graph,1007,1014,10,12,1.947808027,2.004600000,0.047000000,0.007900000
sample,forward_host,graph,1007,1015,10,31,1.942335963,1.998100000,0.048300000,0.008000000
sample,forward_host,graph,1007,1016,10,7421,1.945919991,2.004000000,0.049700000,0.008100000
sample,forward_host,graph,1007,1017,10,7051,1.947872043,2.027200000,0.049500000,0.008000000
sample,forward_host,graph,1007,1018,10,286,1.972895980,2.041500000,0.068300000,0.019700000
sample,forward_host,graph,1007,1019,10,262,1.948768020,2.006500000,0.052800000,0.009400000
sample,forward_host,graph,1007,1020,10,2619,1.947520018,2.002200000,0.048600000,0.008200000
sample,forward_host,graph,1007,1021,10,6896,1.950176001,2.002300000,0.046900000,0.008400000
sample,forward_host,graph,1007,1022,10,764,1.954144001,2.004300000,0.041400000,0.008200000
sample,forward_host,graph,1007,1007,11,837,1.936671972,1.983100000,0.043100000,0.008300000
sample,forward_host,graph,1007,1008,11,290,1.939296007,1.985900000,0.046700000,0.008100000
sample,forward_host,graph,1007,1009,11,1863,1.942080021,1.988300000,0.044400000,0.008100000
sample,forward_host,graph,1007,1010,11,691,1.941887975,1.988100000,0.043600000,0.008100000
sample,forward_host,graph,1007,1011,11,262,1.939136028,1.986200000,0.043400000,0.008100000
sample,forward_host,graph,1007,1012,11,5093,1.942559958,1.988300000,0.044000000,0.007900000
sample,forward_host,graph,1007,1013,11,2488,1.946560025,2.030900000,0.044000000,0.007900000
sample,forward_host,graph,1007,1014,11,12,1.953408003,2.107200000,0.046900000,0.010900000
sample,forward_host,graph,1007,1015,11,31,2.037184000,2.102500000,0.185100000,0.070500000
sample,forward_host,graph,1007,1016,11,7421,1.944800019,1.999300000,0.043900000,0.007900000
sample,forward_host,graph,1007,1017,11,7051,1.946720004,2.001200000,0.044300000,0.007900000
sample,forward_host,graph,1007,1018,11,286,1.949599981,2.003800000,0.047800000,0.008000000
sample,forward_host,graph,1007,1019,11,262,1.947136045,2.001700000,0.046500000,0.008100000
sample,forward_host,graph,1007,1020,11,2619,1.948863983,2.003400000,0.046700000,0.008100000
sample,forward_host,graph,1007,1021,11,6896,1.951007962,2.037300000,0.046600000,0.008000000
sample,forward_host,graph,1007,1022,11,764,1.963487983,2.024200000,0.077400000,0.012700000
sample,forward_host,ordinary,1007,1007,11,837,2.168639898,2.257800000,0.597400000,0.000000000
sample,forward_host,ordinary,1007,1008,11,290,2.172928095,2.241000000,0.727800000,0.000000000
sample,forward_host,ordinary,1007,1009,11,1863,2.182271957,2.236100000,0.719200000,0.000000000
sample,forward_host,ordinary,1007,1010,11,691,2.226527929,2.307400000,1.060300000,0.000000000
sample,forward_host,ordinary,1007,1011,11,262,2.230560064,2.286100000,0.943900000,0.000000000
sample,forward_host,ordinary,1007,1012,11,5093,2.226367950,2.282000000,0.981000000,0.000000000
sample,forward_host,ordinary,1007,1013,11,2488,2.285824060,2.340800000,0.687500000,0.000000000
sample,forward_host,ordinary,1007,1014,11,12,2.229279995,2.320300000,0.921800000,0.000000000
sample,forward_host,ordinary,1007,1015,11,31,2.218431950,2.277600000,1.057600000,0.000000000
sample,forward_host,ordinary,1007,1016,11,7421,2.229984045,2.284900000,0.921900000,0.000000000
sample,forward_host,ordinary,1007,1017,11,7051,2.237087965,2.293500000,0.919600000,0.000000000
sample,forward_host,ordinary,1007,1018,11,286,2.234368086,2.289200000,1.123200000,0.000000000
sample,forward_host,ordinary,1007,1019,11,262,2.205728054,2.260000000,0.892100000,0.000000000
sample,forward_host,ordinary,1007,1020,11,2619,2.198240042,2.248700000,0.904700000,0.000000000
sample,forward_host,ordinary,1007,1021,11,6896,2.187328100,2.272300000,0.673600000,0.000000000
sample,forward_host,ordinary,1007,1022,11,764,2.226815939,2.279700000,0.531500000,0.000000000
sample,forward_host,ordinary,1007,1007,12,837,2.144799948,2.190400000,0.575500000,0.000000000
sample,forward_host,ordinary,1007,1008,12,290,2.142335892,2.187600000,0.514800000,0.000000000
sample,forward_host,ordinary,1007,1009,12,1863,2.136640072,2.335600000,0.603900000,0.000000000
sample,forward_host,ordinary,1007,1010,12,691,3.168607950,3.242000000,1.626800000,0.000000000
sample,forward_host,ordinary,1007,1011,12,262,2.190272093,2.241800000,0.637600000,0.000000000
sample,forward_host,ordinary,1007,1012,12,5093,2.252640009,2.305000000,0.586900000,0.000000000
sample,forward_host,ordinary,1007,1013,12,2488,2.196320057,2.247400000,0.711500000,0.000000000
sample,forward_host,ordinary,1007,1014,12,12,2.202080011,2.253500000,0.578700000,0.000000000
sample,forward_host,ordinary,1007,1015,12,31,2.196896076,2.262000000,0.658400000,0.000000000
sample,forward_host,ordinary,1007,1016,12,7421,2.187455893,2.248400000,0.632300000,0.000000000
sample,forward_host,ordinary,1007,1017,12,7051,2.181600094,2.238100000,0.651200000,0.000000000
sample,forward_host,ordinary,1007,1018,12,286,2.278656006,2.333000000,0.576800000,0.000000000
sample,forward_host,ordinary,1007,1019,12,262,2.244064093,2.298800000,0.609400000,0.000000000
sample,forward_host,ordinary,1007,1020,12,2619,2.199872017,2.253200000,0.593600000,0.000000000
sample,forward_host,ordinary,1007,1021,12,6896,2.204384089,2.257700000,0.599700000,0.000000000
sample,forward_host,ordinary,1007,1022,12,764,2.200799942,2.262400000,0.569100000,0.000000000
sample,forward_host,graph,1007,1007,12,837,1.937440038,1.997600000,0.047100000,0.008200000
sample,forward_host,graph,1007,1008,12,290,1.940960050,1.991700000,0.046400000,0.007800000
sample,forward_host,graph,1007,1009,12,1863,1.939296007,1.989000000,0.045200000,0.008100000
sample,forward_host,graph,1007,1010,12,691,1.944512010,2.007700000,0.042700000,0.008000000
sample,forward_host,graph,1007,1011,12,262,1.965280056,2.020100000,0.065200000,0.025700000
sample,forward_host,graph,1007,1012,12,5093,1.944255948,1.994000000,0.043200000,0.008700000
sample,forward_host,graph,1007,1013,12,2488,1.945472002,1.995200000,0.046400000,0.008200000
sample,forward_host,graph,1007,1014,12,12,1.948768020,1.998500000,0.045300000,0.008300000
sample,forward_host,graph,1007,1015,12,31,1.941632032,1.991300000,0.044800000,0.008100000
sample,forward_host,graph,1007,1016,12,7421,1.944224000,1.993800000,0.044700000,0.008200000
sample,forward_host,graph,1007,1017,12,7051,1.949759960,1.999700000,0.044300000,0.008100000
sample,forward_host,graph,1007,1018,12,286,1.948544025,2.015200000,0.044700000,0.007900000
sample,forward_host,graph,1007,1019,12,262,1.967775941,2.212800000,0.058400000,0.020400000
sample,forward_host,graph,1007,1020,12,2619,1.949599981,1.998600000,0.041500000,0.009500000
sample,forward_host,graph,1007,1021,12,6896,1.950976014,2.000600000,0.041100000,0.008200000
sample,forward_host,graph,1007,1022,12,764,1.953279972,2.006900000,0.042600000,0.008100000
sample,forward_host,graph,1007,1007,13,837,1.955199957,2.130600000,0.059300000,0.019100000
sample,forward_host,graph,1007,1008,13,290,2.028640032,2.105200000,0.139100000,0.073700000
sample,forward_host,graph,1007,1009,13,1863,1.943359971,1.998400000,0.046400000,0.010300000
sample,forward_host,graph,1007,1010,13,691,1.944352031,2.000700000,0.046600000,0.008300000
sample,forward_host,graph,1007,1011,13,262,1.941023946,1.995700000,0.047500000,0.008100000
sample,forward_host,graph,1007,1012,13,5093,1.943456054,1.998400000,0.046800000,0.008400000
sample,forward_host,graph,1007,1013,13,2488,1.946431994,1.996700000,0.046200000,0.008000000
sample,forward_host,graph,1007,1014,13,12,1.949535966,2.031800000,0.044600000,0.008000000
sample,forward_host,graph,1007,1015,13,31,1.956383944,2.010100000,0.056900000,0.016600000
sample,forward_host,graph,1007,1016,13,7421,1.943552017,2.018800000,0.061500000,0.021000000
sample,forward_host,graph,1007,1017,13,7051,1.946176052,2.003300000,0.051200000,0.008100000
sample,forward_host,graph,1007,1018,13,286,1.949344039,2.005600000,0.046400000,0.007900000
sample,forward_host,graph,1007,1019,13,262,1.947136045,2.003100000,0.047500000,0.008100000
sample,forward_host,graph,1007,1020,13,2619,1.946208000,2.002600000,0.049000000,0.008200000
sample,forward_host,graph,1007,1021,13,6896,1.951871991,2.007800000,0.048400000,0.008100000
sample,forward_host,graph,1007,1022,13,764,1.953567982,2.024400000,0.049400000,0.007900000
sample,forward_host,ordinary,1007,1007,13,837,2.146431923,2.195800000,0.740600000,0.000000000
sample,forward_host,ordinary,1007,1008,13,290,2.148288012,2.198200000,0.698900000,0.000000000
sample,forward_host,ordinary,1007,1009,13,1863,2.154911995,2.212200000,0.745600000,0.000000000
sample,forward_host,ordinary,1007,1010,13,691,2.211136103,2.266400000,1.041300000,0.000000000
sample,forward_host,ordinary,1007,1011,13,262,2.226975918,2.281200000,1.077000000,0.000000000
sample,forward_host,ordinary,1007,1012,13,5093,2.255039930,2.309200000,0.974900000,0.000000000
sample,forward_host,ordinary,1007,1013,13,2488,2.207328081,2.260800000,1.034700000,0.000000000
sample,forward_host,ordinary,1007,1014,13,12,2.234496117,2.284500000,0.811100000,0.000000000
sample,forward_host,ordinary,1007,1015,13,31,2.194112062,2.247800000,0.743000000,0.000000000
sample,forward_host,ordinary,1007,1016,13,7421,2.222592115,2.289000000,0.995200000,0.000000000
sample,forward_host,ordinary,1007,1017,13,7051,3.414207935,3.471200000,2.318300000,0.000000000
sample,forward_host,ordinary,1007,1018,13,286,2.235872030,2.290700000,0.882700000,0.000000000
sample,forward_host,ordinary,1007,1019,13,262,2.321439981,2.376000000,0.914500000,0.000000000
sample,forward_host,ordinary,1007,1020,13,2619,2.234911919,2.289000000,0.831200000,0.000000000
sample,forward_host,ordinary,1007,1021,13,6896,2.216991901,2.272000000,0.915500000,0.000000000
sample,forward_host,ordinary,1007,1022,13,764,2.238496065,2.313000000,0.769800000,0.000000000
sample,forward_host,ordinary,1007,1007,14,837,2.189568043,2.240300000,0.988600000,0.000000000
sample,forward_host,ordinary,1007,1008,14,290,2.150527954,2.200600000,0.728800000,0.000000000
sample,forward_host,ordinary,1007,1009,14,1863,2.152544022,2.209700000,0.730300000,0.000000000
sample,forward_host,ordinary,1007,1010,14,691,2.190880060,2.243500000,0.598600000,0.000000000
sample,forward_host,ordinary,1007,1011,14,262,2.150880098,2.201700000,0.621500000,0.000000000
sample,forward_host,ordinary,1007,1012,14,5093,2.194688082,2.245600000,0.641400000,0.000000000
sample,forward_host,ordinary,1007,1013,14,2488,2.197088003,2.248900000,0.622400000,0.000000000
sample,forward_host,ordinary,1007,1014,14,12,2.197535992,2.248900000,0.668300000,0.000000000
sample,forward_host,ordinary,1007,1015,14,31,2.186847925,2.241000000,0.569400000,0.000000000
sample,forward_host,ordinary,1007,1016,14,7421,2.208640099,2.268400000,0.634800000,0.000000000
sample,forward_host,ordinary,1007,1017,14,7051,2.170943975,2.223800000,0.603300000,0.000000000
sample,forward_host,ordinary,1007,1018,14,286,2.162688017,2.212100000,0.727100000,0.000000000
sample,forward_host,ordinary,1007,1019,14,262,2.202208042,2.250700000,0.662900000,0.000000000
sample,forward_host,ordinary,1007,1020,14,2619,2.182048082,2.232000000,0.649600000,0.000000000
sample,forward_host,ordinary,1007,1021,14,6896,2.164927959,2.214200000,0.730200000,0.000000000
sample,forward_host,ordinary,1007,1022,14,764,2.166208029,2.215400000,0.631200000,0.000000000
sample,forward_host,graph,1007,1007,14,837,1.937824011,1.988100000,0.044800000,0.008200000
sample,forward_host,graph,1007,1008,14,290,1.939808011,1.991000000,0.045500000,0.008000000
sample,forward_host,graph,1007,1009,14,1863,1.943647981,1.995100000,0.042400000,0.008600000
sample,forward_host,graph,1007,1010,14,691,1.943680048,1.994200000,0.042900000,0.008200000
sample,forward_host,graph,1007,1011,14,262,1.939967990,2.025000000,0.045000000,0.008100000
sample,forward_host,graph,1007,1012,14,5093,1.955456018,2.131800000,0.071700000,0.014200000
sample,forward_host,graph,1007,1013,14,2488,2.074656010,2.150500000,0.259700000,0.077500000
sample,forward_host,graph,1007,1014,14,12,1.950304031,2.005300000,0.046200000,0.008500000
sample,forward_host,graph,1007,1015,14,31,1.942592025,1.998400000,0.045800000,0.008200000
sample,forward_host,graph,1007,1016,14,7421,1.944064021,1.999400000,0.045500000,0.008100000
sample,forward_host,graph,1007,1017,14,7051,1.948544025,2.003200000,0.048900000,0.008200000
sample,forward_host,graph,1007,1018,14,286,1.957247972,2.008200000,0.049400000,0.008200000
sample,forward_host,graph,1007,1019,14,262,1.945472002,2.010000000,0.045300000,0.008100000
sample,forward_host,graph,1007,1020,14,2619,1.971552014,2.025400000,0.062800000,0.024300000
sample,forward_host,graph,1007,1021,14,6896,1.952767968,2.003400000,0.044400000,0.009300000
sample,forward_host,graph,1007,1022,14,764,1.954784036,2.003300000,0.043000000,0.008600000
sample,forward_host,graph,1007,1007,15,837,1.935487986,2.000200000,0.048700000,0.008000000
sample,forward_host,graph,1007,1008,15,290,1.945119977,1.996800000,0.053000000,0.008500000
sample,forward_host,graph,1007,1009,15,1863,1.942432046,1.996900000,0.041800000,0.008100000
sample,forward_host,graph,1007,1010,15,691,1.944800019,2.000100000,0.051100000,0.008000000
sample,forward_host,graph,1007,1011,15,262,1.940448046,1.996500000,0.052000000,0.008000000
sample,forward_host,graph,1007,1012,15,5093,1.943711996,1.999100000,0.051900000,0.008000000
sample,forward_host,graph,1007,1013,15,2488,1.945055962,2.000500000,0.049500000,0.008000000
sample,forward_host,graph,1007,1014,15,12,1.947648048,2.004300000,0.049000000,0.008000000
sample,forward_host,graph,1007,1015,15,31,1.947424054,2.004300000,0.049400000,0.007900000
sample,forward_host,graph,1007,1016,15,7421,1.945952058,1.996200000,0.049000000,0.008400000
sample,forward_host,graph,1007,1017,15,7051,1.946176052,1.995600000,0.045100000,0.008200000
sample,forward_host,graph,1007,1018,15,286,1.949023962,1.998400000,0.044700000,0.008000000
sample,forward_host,graph,1007,1019,15,262,1.945952058,1.995900000,0.044600000,0.008100000
sample,forward_host,graph,1007,1020,15,2619,1.947839975,1.996900000,0.044900000,0.008100000
sample,forward_host,graph,1007,1021,15,6896,1.950144053,1.999900000,0.045100000,0.008100000
sample,forward_host,graph,1007,1022,15,764,1.953536034,1.999000000,0.043700000,0.008300000
sample,forward_host,ordinary,1007,1007,15,837,2.218528032,2.273700000,0.723600000,0.000000000
sample,forward_host,ordinary,1007,1008,15,290,2.220704079,2.275800000,0.879500000,0.000000000
sample,forward_host,ordinary,1007,1009,15,1863,2.225728035,2.279300000,0.680100000,0.000000000
sample,forward_host,ordinary,1007,1010,15,691,2.407295942,2.474000000,1.171800000,0.000000000
sample,forward_host,ordinary,1007,1011,15,262,2.263456106,2.320600000,0.974500000,0.000000000
sample,forward_host,ordinary,1007,1012,15,5093,2.223839998,2.281100000,1.031700000,0.000000000
sample,forward_host,ordinary,1007,1013,15,2488,2.229856014,2.284000000,0.945000000,0.000000000
sample,forward_host,ordinary,1007,1014,15,12,2.204288006,2.259600000,1.070200000,0.000000000
sample,forward_host,ordinary,1007,1015,15,31,2.253727913,2.309300000,0.829400000,0.000000000
sample,forward_host,ordinary,1007,1016,15,7421,2.225280046,2.280200000,0.802200000,0.000000000
sample,forward_host,ordinary,1007,1017,15,7051,2.243551970,2.299400000,0.843300000,0.000000000
sample,forward_host,ordinary,1007,1018,15,286,2.236223936,2.291800000,0.825300000,0.000000000
sample,forward_host,ordinary,1007,1019,15,262,2.208767891,2.258800000,0.918300000,0.000000000
sample,forward_host,ordinary,1007,1020,15,2619,2.178560019,2.227300000,0.725100000,0.000000000
sample,forward_host,ordinary,1007,1021,15,6896,2.213824034,2.263000000,0.737500000,0.000000000
sample,forward_host,ordinary,1007,1022,15,764,2.165503979,2.214900000,0.685900000,0.000000000
sample,generation,ordinary,128,128,0,764,2.025696039,2.494800000,1.588600000,0.000000000
sample,generation,ordinary,128,129,0,383,2.147903919,2.582600000,1.815000000,0.000000000
sample,generation,ordinary,128,130,0,9653,1.859871984,2.018500000,1.301100000,0.000000000
sample,generation,ordinary,128,131,0,25834,1.881119967,2.033500000,1.450600000,0.000000000
sample,generation,ordinary,128,132,0,287,1.980576038,2.132400000,1.432700000,0.000000000
sample,generation,ordinary,128,133,0,262,1.966912031,2.122300000,1.601800000,0.000000000
sample,generation,ordinary,128,134,0,6076,2.022016048,2.178300000,1.691300000,0.000000000
sample,generation,ordinary,128,135,0,290,2.083647966,2.241600000,1.732800000,0.000000000
sample,generation,ordinary,128,136,0,389,2.032448053,2.531800000,1.689000000,0.000000000
sample,generation,ordinary,128,137,0,8104,1.944224000,2.426100000,1.501600000,0.000000000
sample,generation,ordinary,128,138,0,287,1.821344018,2.153400000,1.426700000,0.000000000
sample,generation,ordinary,128,139,0,262,1.875776052,2.204500000,1.188900000,0.000000000
sample,generation,ordinary,128,140,0,1280,1.769984007,1.925600000,1.411600000,0.000000000
sample,generation,ordinary,128,141,0,9151,1.806815982,2.133500000,1.279500000,0.000000000
sample,generation,ordinary,128,142,0,13,1.822239995,2.151000000,1.452400000,0.000000000
sample,generation,ordinary,128,143,0,383,1.690623999,2.001600000,1.313400000,0.000000000
sample,generation,graph,128,128,0,764,1.358816028,1.507900000,0.050100000,0.010000000
sample,generation,graph,128,129,0,383,1.362944007,1.524500000,0.044000000,0.009500000
sample,generation,graph,128,130,0,9653,1.364351988,1.522400000,0.047000000,0.008600000
sample,generation,graph,128,131,0,25834,1.361503959,1.522900000,0.047500000,0.008500000
sample,generation,graph,128,132,0,287,1.362527966,1.521100000,0.047700000,0.008300000
sample,generation,graph,128,133,0,262,1.365568042,1.525600000,0.051000000,0.008300000
sample,generation,graph,128,134,0,6076,1.367743969,1.525800000,0.047000000,0.008300000
sample,generation,graph,128,135,0,290,1.362367988,1.739200000,0.046300000,0.008000000
sample,generation,graph,128,136,0,389,1.372223973,1.530900000,0.050000000,0.012100000
sample,generation,graph,128,137,0,8104,1.369439960,1.523900000,0.046000000,0.009700000
sample,generation,graph,128,138,0,287,1.371968031,1.527000000,0.042400000,0.008400000
sample,generation,graph,128,139,0,262,1.369151950,1.531500000,0.047900000,0.008200000
sample,generation,graph,128,140,0,1280,1.368703961,1.526500000,0.045600000,0.008100000
sample,generation,graph,128,141,0,9151,1.373535991,1.531600000,0.046500000,0.008100000
sample,generation,graph,128,142,0,13,1.375872016,1.535000000,0.046500000,0.008300000
sample,generation,graph,128,143,0,383,1.367807984,1.525800000,0.047600000,0.008400000
sample,generation,graph,128,128,1,764,1.355008006,2.393200000,0.042600000,0.009300000
sample,generation,graph,128,129,1,383,1.460576057,1.644300000,0.170200000,0.073900000
sample,generation,graph,128,130,1,9653,1.362815976,1.511300000,0.042100000,0.008300000
sample,generation,graph,128,131,1,25834,1.359359980,1.512200000,0.040700000,0.008200000
sample,generation,graph,128,132,1,287,1.361855984,1.513200000,0.042700000,0.008800000
sample,generation,graph,128,133,1,262,1.365344048,1.517300000,0.042000000,0.008300000
sample,generation,graph,128,134,1,6076,1.367104053,1.518800000,0.042400000,0.008300000
sample,generation,graph,128,135,1,290,1.362496018,1.515300000,0.042000000,0.008100000
sample,generation,graph,128,136,1,389,1.364287972,1.515900000,0.042400000,0.008100000
sample,generation,graph,128,137,1,8104,1.368415952,1.533400000,0.042700000,0.008400000
sample,generation,graph,128,138,1,287,1.381695986,1.539400000,0.054200000,0.016600000
sample,generation,graph,128,139,1,262,1.368191957,1.521500000,0.043100000,0.008700000
sample,generation,graph,128,140,1,1280,1.371327996,1.524200000,0.041800000,0.008400000
sample,generation,graph,128,141,1,9151,1.371327996,1.524000000,0.042100000,0.008300000
sample,generation,graph,128,142,1,13,1.374367952,1.526100000,0.042100000,0.008300000
sample,generation,graph,128,143,1,383,1.366431952,1.518500000,0.041600000,0.008100000
sample,generation,ordinary,128,128,1,764,1.983327985,2.457000000,1.537000000,0.000000000
sample,generation,ordinary,128,129,1,383,1.966431975,2.188500000,1.568300000,0.000000000
sample,generation,ordinary,128,130,1,9653,1.960127950,2.290100000,1.394600000,0.000000000
sample,generation,ordinary,128,131,1,25834,1.947072029,2.277000000,1.391900000,0.000000000
sample,generation,ordinary,128,132,1,287,1.845600009,2.174700000,1.437300000,0.000000000
sample,generation,ordinary,128,133,1,262,1.821727991,2.040500000,1.029700000,0.000000000
sample,generation,ordinary,128,134,1,6076,2.141983986,2.294100000,1.829700000,0.000000000
sample,generation,ordinary,128,135,1,290,1.833727956,1.983800000,1.484600000,0.000000000
sample,generation,ordinary,128,136,1,389,1.814144015,1.965800000,1.387000000,0.000000000
sample,generation,ordinary,128,137,1,8104,1.878175974,2.028200000,1.474800000,0.000000000
sample,generation,ordinary,128,138,1,287,1.882079959,2.036900000,1.233200000,0.000000000
sample,generation,ordinary,128,139,1,262,1.956159949,2.112000000,1.495600000,0.000000000
sample,generation,ordinary,128,140,1,1280,2.047456026,2.347700000,1.654600000,0.000000000
sample,generation,ordinary,128,141,1,9151,2.158368111,2.632900000,1.708200000,0.000000000
sample,generation,ordinary,128,142,1,13,3.254976034,3.730500000,2.448200000,0.000000000
sample,generation,ordinary,128,143,1,383,1.995424032,2.151600000,1.664000000,0.000000000
sample,generation,ordinary,128,128,2,764,1.947167993,2.120100000,1.589700000,0.000000000
sample,generation,ordinary,128,129,2,383,1.836223960,1.997400000,1.506900000,0.000000000
sample,generation,ordinary,128,130,2,9653,2.121088028,2.597200000,1.584300000,0.000000000
sample,generation,ordinary,128,131,2,25834,2.010879993,2.483700000,1.564400000,0.000000000
sample,generation,ordinary,128,132,2,287,1.984223962,2.419600000,1.635800000,0.000000000
sample,generation,ordinary,128,133,2,262,2.047199965,2.520100000,1.624000000,0.000000000
sample,generation,ordinary,128,134,2,6076,1.995839953,2.467700000,1.642400000,0.000000000
sample,generation,ordinary,128,135,2,290,1.748831987,2.182900000,1.145200000,0.000000000
sample,generation,ordinary,128,136,2,389,1.699040055,2.156500000,1.274800000,0.000000000
sample,generation,ordinary,128,137,2,8104,2.047103882,2.518400000,1.350900000,0.000000000
sample,generation,ordinary,128,138,2,287,1.975072026,2.443600000,1.333600000,0.000000000
sample,generation,ordinary,128,139,2,262,2.001343966,2.348500000,1.235900000,0.000000000
sample,generation,ordinary,128,140,2,1280,2.006144047,2.474300000,1.458400000,0.000000000
sample,generation,ordinary,128,141,2,9151,2.126816034,2.606000000,1.402100000,0.000000000
sample,generation,ordinary,128,142,2,13,1.978080034,2.449000000,1.528700000,0.000000000
sample,generation,ordinary,128,143,2,383,2.114784002,2.421500000,1.784500000,0.000000000
sample,generation,graph,128,128,2,764,1.352704048,1.505500000,0.042100000,0.008200000
sample,generation,graph,128,129,2,383,1.361312032,1.512900000,0.042000000,0.008000000
sample,generation,graph,128,130,2,9653,1.365952015,1.567200000,0.043600000,0.009100000
sample,generation,graph,128,131,2,25834,1.360895991,1.514500000,0.042700000,0.008700000
sample,generation,graph,128,132,2,287,1.365759969,1.520200000,0.043700000,0.009200000
sample,generation,graph,128,133,2,262,1.369727969,1.523100000,0.045000000,0.009700000
sample,generation,graph,128,134,2,6076,1.368543983,1.522800000,0.042700000,0.008900000
sample,generation,graph,128,135,2,290,1.363072038,1.521100000,0.046000000,0.008300000
sample,generation,graph,128,136,2,389,1.365792036,1.524700000,0.048000000,0.008200000
sample,generation,graph,128,137,2,8104,1.366592050,1.526100000,0.047600000,0.008300000
sample,generation,graph,128,138,2,287,1.370560050,1.529300000,0.045800000,0.008200000
sample,generation,graph,128,139,2,262,1.368479967,1.526400000,0.047200000,0.008200000
sample,generation,graph,128,140,2,1280,1.370144010,1.528600000,0.046200000,0.008200000
sample,generation,graph,128,141,2,9151,1.373471975,1.550500000,0.046900000,0.008200000
sample,generation,graph,128,142,2,13,1.393792033,1.855800000,0.092200000,0.021600000
sample,generation,graph,128,143,2,383,1.369024038,1.528900000,0.049200000,0.009400000
sample,generation,graph,128,128,3,764,1.356127977,1.576400000,0.042200000,0.008100000
sample,generation,graph,128,129,3,383,1.362975955,1.514600000,0.042000000,0.008200000
sample,generation,graph,128,130,3,9653,1.364127994,1.516200000,0.042900000,0.008500000
sample,generation,graph,128,131,3,25834,1.362815976,1.514400000,0.042600000,0.008300000
sample,generation,graph,128,132,3,287,1.363615990,1.569400000,0.042100000,0.008200000
sample,generation,graph,128,133,3,262,1.372447968,2.295700000,0.049700000,0.011900000
sample,generation,graph,128,134,3,6076,1.488896012,1.680400000,0.366900000,0.077700000
sample,generation,graph,128,135,3,290,1.362527966,1.520100000,0.045600000,0.008200000
sample,generation,graph,128,136,3,389,1.365120053,1.586400000,0.047300000,0.008200000
sample,generation,graph,128,137,3,8104,1.368767977,1.526200000,0.047200000,0.008200000
sample,generation,graph,128,138,3,287,1.369632006,1.527400000,0.047200000,0.008400000
sample,generation,graph,128,139,3,262,1.369439960,1.526700000,0.053600000,0.008400000
sample,generation,graph,128,140,3,1280,1.372511983,1.530800000,0.046200000,0.008200000
sample,generation,graph,128,141,3,9151,1.376960039,1.529900000,0.047300000,0.011100000
sample,generation,graph,128,142,3,13,1.373631954,1.537500000,0.042100000,0.008100000
sample,generation,graph,128,143,3,383,1.374719977,1.533100000,0.049100000,0.012500000
sample,generation,ordinary,128,128,3,764,1.998111963,2.155400000,1.542200000,0.000000000
sample,generation,ordinary,128,129,3,383,1.980064034,2.132600000,1.537000000,0.000000000
sample,generation,ordinary,128,130,3,9653,1.919584036,2.091600000,1.575800000,0.000000000
sample,generation,ordinary,128,131,3,25834,2.026112080,2.178800000,1.408900000,0.000000000
sample,generation,ordinary,128,132,3,287,1.955327988,2.113000000,1.452800000,0.000000000
sample,generation,ordinary,128,133,3,262,2.076544046,2.553400000,1.632900000,0.000000000
sample,generation,ordinary,128,134,3,6076,1.999680042,2.469900000,1.354600000,0.000000000
sample,generation,ordinary,128,135,3,290,2.100768089,2.572400000,0.997300000,0.000000000
sample,generation,ordinary,128,136,3,389,2.010240078,2.483200000,1.356700000,0.000000000
sample,generation,ordinary,128,137,3,8104,1.864096045,2.329000000,1.344100000,0.000000000
sample,generation,ordinary,128,138,3,287,1.679712057,2.153200000,1.091700000,0.000000000
sample,generation,ordinary,128,139,3,262,1.958912015,2.432600000,1.601600000,0.000000000
sample,generation,ordinary,128,140,3,1280,2.065088034,2.535800000,1.660900000,0.000000000
sample,generation,ordinary,128,141,3,9151,1.961856008,2.432800000,1.571700000,0.000000000
sample,generation,ordinary,128,142,3,13,1.905599952,2.390600000,1.536500000,0.000000000
sample,generation,ordinary,128,143,3,383,2.036864042,2.458300000,1.489400000,0.000000000
sample,generation,ordinary,128,128,4,764,1.850656033,2.177900000,1.537500000,0.000000000
sample,generation,ordinary,128,129,4,383,1.952000022,2.277400000,1.618100000,0.000000000
sample,generation,ordinary,128,130,4,9653,1.831647992,2.156700000,1.514900000,0.000000000
sample,generation,ordinary,128,131,4,25834,1.876832008,2.067600000,1.471100000,0.000000000
sample,generation,ordinary,128,132,4,287,2.043103933,2.798100000,1.738200000,0.000000000
sample,generation,ordinary,128,133,4,262,1.929855943,2.080100000,1.572800000,0.000000000
sample,generation,ordinary,128,134,4,6076,1.750112057,1.903300000,1.111600000,0.000000000
sample,generation,ordinary,128,135,4,290,1.875712037,2.032300000,1.247400000,0.000000000
sample,generation,ordinary,128,136,4,389,1.997151971,2.154100000,1.363000000,0.000000000
sample,generation,ordinary,128,137,4,8104,2.036832094,2.198400000,1.349600000,0.000000000
sample,generation,ordinary,128,138,4,287,2.012255907,2.169000000,1.071900000,0.000000000
sample,generation,ordinary,128,139,4,262,2.216095924,2.702100000,0.918900000,0.000000000
sample,generation,ordinary,128,140,4,1280,1.622079968,1.932600000,0.829500000,0.000000000
sample,generation,ordinary,128,141,4,9151,1.617280006,2.061500000,0.755400000,0.000000000
sample,generation,ordinary,128,142,4,13,1.723423958,2.264800000,0.695800000,0.000000000
sample,generation,ordinary,128,143,4,383,1.662592053,2.132000000,0.865900000,0.000000000
sample,generation,graph,128,128,4,764,1.368352056,1.846600000,0.058600000,0.015100000
sample,generation,graph,128,129,4,383,1.363839984,1.834900000,0.049700000,0.008800000
sample,generation,graph,128,130,4,9653,1.365759969,1.518900000,0.047200000,0.008400000
sample,generation,graph,128,131,4,25834,1.359967947,1.690600000,0.043700000,0.008400000
sample,generation,graph,128,132,4,287,1.362336040,1.514500000,0.045800000,0.008100000
sample,generation,graph,128,133,4,262,1.367391944,1.519900000,0.041800000,0.008200000
sample,generation,graph,128,134,4,6076,1.367359996,1.520200000,0.042400000,0.008200000
sample,generation,graph,128,135,4,290,1.363296032,1.601300000,0.042900000,0.008300000
sample,generation,graph,128,136,4,389,1.364575982,1.516400000,0.042400000,0.008200000
sample,generation,graph,128,137,4,8104,1.367007971,1.530300000,0.041900000,0.008200000
sample,generation,graph,128,138,4,287,1.369375944,1.521500000,0.042600000,0.008400000
sample,generation,graph,128,139,4,262,1.367903948,1.520200000,0.042500000,0.008200000
sample,generation,graph,128,140,4,1280,1.370720029,1.522700000,0.043000000,0.008200000
sample,generation,graph,128,141,4,9151,1.374176025,1.527800000,0.041300000,0.008000000
sample,generation,graph,128,142,4,13,1.374879956,1.526500000,0.042300000,0.008200000
sample,generation,graph,128,143,4,383,1.365120053,1.516900000,0.042400000,0.008200000
sample,generation,graph,128,128,5,764,1.354431987,1.555600000,0.042100000,0.008100000
sample,generation,graph,128,129,5,383,1.365120053,1.520800000,0.046100000,0.010500000
sample,generation,graph,128,130,5,9653,1.364159942,1.518700000,0.046600000,0.008700000
sample,generation,graph,128,131,5,25834,1.361312032,1.514400000,0.042600000,0.008300000
sample,generation,graph,128,132,5,287,1.361024022,1.513400000,0.042200000,0.008100000
sample,generation,graph,128,133,5,262,1.366080046,1.518200000,0.041800000,0.008200000
sample,generation,graph,128,134,5,6076,1.366176009,1.517800000,0.042300000,0.008200000
sample,generation,graph,128,135,5,290,1.361439943,1.512900000,0.041000000,0.008200000
sample,generation,graph,128,136,5,389,1.363263965,1.515400000,0.042700000,0.008100000
sample,generation,graph,128,137,5,8104,1.368672013,1.519700000,0.042000000,0.008200000
sample,generation,graph,128,138,5,287,1.369920015,1.522400000,0.041900000,0.008200000
sample,generation,graph,128,139,5,262,1.368607998,1.565700000,0.042400000,0.008400000
sample,generation,graph,128,140,5,1280,1.383615971,2.161300000,0.056100000,0.012700000
sample,generation,graph,128,141,5,9151,1.376000047,1.533400000,0.045100000,0.009700000
sample,generation,graph,128,142,5,13,1.377439976,1.535200000,0.045800000,0.008300000
sample,generation,graph,128,143,5,383,1.366976023,1.530900000,0.046900000,0.008200000
sample,generation,ordinary,128,128,5,764,1.945472002,2.109500000,1.471300000,0.000000000
sample,generation,ordinary,128,129,5,383,1.886559963,2.046000000,1.319300000,0.000000000
sample,generation,ordinary,128,130,5,9653,1.895776033,2.052000000,1.472000000,0.000000000
sample,generation,ordinary,128,131,5,25834,2.037280083,2.193800000,1.516200000,0.000000000
sample,generation,ordinary,128,132,5,287,2.032608032,2.190900000,1.683500000,0.000000000
sample,generation,ordinary,128,133,5,262,2.007839918,2.166100000,1.563600000,0.000000000
sample,generation,ordinary,128,134,5,6076,1.941759944,2.102600000,1.575600000,0.000000000
sample,generation,ordinary,128,135,5,290,2.018304110,2.175300000,1.428500000,0.000000000
sample,generation,ordinary,128,136,5,389,2.483360052,2.782300000,1.888700000,0.000000000
sample,generation,ordinary,128,137,5,8104,2.026688099,2.450200000,1.307600000,0.000000000
sample,generation,ordinary,128,138,5,287,2.332992077,2.807100000,1.334700000,0.000000000
sample,generation,ordinary,128,139,5,262,2.048032045,2.520600000,1.022500000,0.000000000
sample,generation,ordinary,128,140,5,1280,1.966624022,2.436500000,1.287700000,0.000000000
sample,generation,ordinary,128,141,5,9151,2.036288023,2.504800000,1.630100000,0.000000000
sample,generation,ordinary,128,142,5,13,2.080960035,2.566600000,1.505300000,0.000000000
sample,generation,ordinary,128,143,5,383,2.014463902,2.489300000,1.390700000,0.000000000
sample,generation,ordinary,128,128,6,764,2.003999949,2.462500000,1.656900000,0.000000000
sample,generation,ordinary,128,129,6,383,1.806656003,2.375000000,1.377300000,0.000000000
sample,generation,ordinary,128,130,6,9653,1.810207963,1.959300000,1.443200000,0.000000000
sample,generation,ordinary,128,131,6,25834,1.581151962,1.892500000,1.210100000,0.000000000
sample,generation,ordinary,128,132,6,287,1.582623959,1.851800000,1.240600000,0.000000000
sample,generation,ordinary,128,133,6,262,1.590111971,1.738200000,1.188400000,0.000000000
sample,generation,ordinary,128,134,6,6076,1.605280042,1.753300000,1.205300000,0.000000000
sample,generation,ordinary,128,135,6,290,1.580896020,1.728900000,1.196200000,0.000000000
sample,generation,ordinary,128,136,6,389,1.589344025,1.737500000,1.111500000,0.000000000
sample,generation,ordinary,128,137,6,8104,1.709599972,2.177400000,1.324100000,0.000000000
sample,generation,ordinary,128,138,6,287,2.045439959,2.527700000,0.843400000,0.000000000
sample,generation,ordinary,128,139,6,262,1.873216033,2.330200000,0.874100000,0.000000000
sample,generation,ordinary,128,140,6,1280,1.787711978,2.258000000,1.400500000,0.000000000
sample,generation,ordinary,128,141,6,9151,1.739807963,2.218800000,1.226100000,0.000000000
sample,generation,ordinary,128,142,6,13,1.806015968,2.274500000,1.273600000,0.000000000
sample,generation,ordinary,128,143,6,383,1.786463976,2.257000000,1.379800000,0.000000000
sample,generation,graph,128,128,6,764,1.355232000,1.513500000,0.047900000,0.008300000
sample,generation,graph,128,129,6,383,1.362655997,1.837100000,0.048600000,0.008300000
sample,generation,graph,128,130,6,9653,1.364063978,1.834300000,0.047800000,0.008100000
sample,generation,graph,128,131,6,25834,1.360159993,1.840900000,0.047600000,0.008100000
sample,generation,graph,128,132,6,287,1.364127994,1.835000000,0.047700000,0.008200000
sample,generation,graph,128,133,6,262,1.366335988,1.840100000,0.047400000,0.008000000
sample,generation,graph,128,134,6,6076,1.368543983,1.529300000,0.047700000,0.008100000
sample,generation,graph,128,135,6,290,1.365535975,1.514400000,0.047400000,0.008800000
sample,generation,graph,128,136,6,389,1.368255973,1.686000000,0.048600000,0.008200000
sample,generation,graph,128,137,6,8104,1.370079994,1.645800000,0.042600000,0.008300000
sample,generation,graph,128,138,6,287,1.372223973,1.515200000,0.042500000,0.008000000
sample,generation,graph,128,139,6,262,1.370591998,1.513700000,0.042100000,0.008300000
sample,generation,graph,128,140,6,1280,1.372128010,1.540100000,0.042600000,0.008500000
sample,generation,graph,128,141,6,9151,1.374719977,1.532200000,0.046900000,0.008300000
sample,generation,graph,128,142,6,13,1.375615954,1.534500000,0.046500000,0.008000000
sample,generation,graph,128,143,6,383,1.366240025,1.525900000,0.046600000,0.008400000
sample,generation,graph,128,128,7,764,1.353983998,1.506900000,0.041100000,0.008200000
sample,generation,graph,128,129,7,383,1.362208009,1.514700000,0.041400000,0.008200000
sample,generation,graph,128,130,7,9653,1.363584042,1.516700000,0.042500000,0.008200000
sample,generation,graph,128,131,7,25834,1.360991955,1.514100000,0.041100000,0.008100000
sample,generation,graph,128,132,7,287,1.363487959,1.515400000,0.042100000,0.008400000
sample,generation,graph,128,133,7,262,1.367200017,1.519200000,0.042200000,0.008400000
sample,generation,graph,128,134,7,6076,1.369503975,1.520900000,0.041900000,0.008300000
sample,generation,graph,128,135,7,290,1.362975955,1.515300000,0.041300000,0.008300000
sample,generation,graph,128,136,7,389,1.363039970,1.528200000,0.041500000,0.008200000
sample,generation,graph,128,137,7,8104,1.376096010,1.533500000,0.047600000,0.011900000
sample,generation,graph,128,138,7,287,1.370687962,1.523800000,0.043000000,0.008700000
sample,generation,graph,128,139,7,262,1.367936015,1.520300000,0.042600000,0.008500000
sample,generation,graph,128,140,7,1280,1.370111942,1.521500000,0.042200000,0.008200000
sample,generation,graph,128,141,7,9151,1.372799993,1.524600000,0.042500000,0.008100000
sample,generation,graph,128,142,7,13,1.374304056,1.527500000,0.041500000,0.008200000
sample,generation,graph,128,143,7,383,1.368031979,1.521700000,0.042400000,0.008600000
sample,generation,ordinary,128,128,7,764,1.906144023,2.058400000,1.219100000,0.000000000
sample,generation,ordinary,128,129,7,383,1.989312053,2.140200000,1.636400000,0.000000000
sample,generation,ordinary,128,130,7,9653,1.894592047,2.045800000,1.320500000,0.000000000
sample,generation,ordinary,128,131,7,25834,1.837856054,1.988500000,1.491500000,0.000000000
sample,generation,ordinary,128,132,7,287,1.942304015,2.094200000,1.595600000,0.000000000
sample,generation,ordinary,128,133,7,262,1.898015976,2.048300000,1.451700000,0.000000000
sample,generation,ordinary,128,134,7,6076,1.770975947,1.954100000,1.423300000,0.000000000
sample,generation,ordinary,128,135,7,290,1.675680041,2.834800000,1.194400000,0.000000000
sample,generation,ordinary,128,136,7,389,1.883967996,2.054900000,1.533600000,0.000000000
sample,generation,ordinary,128,137,7,8104,1.979712009,2.142800000,1.634800000,0.000000000
sample,generation,ordinary,128,138,7,287,2.193376064,2.611600000,0.932900000,0.000000000
sample,generation,ordinary,128,139,7,262,2.035775900,2.377600000,1.645700000,0.000000000
sample,generation,ordinary,128,140,7,1280,1.799200058,2.127200000,1.458200000,0.000000000
sample,generation,ordinary,128,141,7,9151,1.898623943,2.072100000,1.350500000,0.000000000
sample,generation,ordinary,128,142,7,13,1.993952036,2.433500000,1.646000000,0.000000000
sample,generation,ordinary,128,143,7,383,2.166016102,2.589500000,1.386200000,0.000000000
sample,generation,ordinary,128,128,8,764,2.026783943,2.515400000,1.683900000,0.000000000
sample,generation,ordinary,128,129,8,383,2.067071915,2.540100000,1.754600000,0.000000000
sample,generation,ordinary,128,130,8,9653,2.029247999,2.509000000,1.717600000,0.000000000
sample,generation,ordinary,128,131,8,25834,2.022239923,2.365400000,1.263300000,0.000000000
sample,generation,ordinary,128,132,8,287,1.962527990,2.432700000,1.616100000,0.000000000
sample,generation,ordinary,128,133,8,262,1.947232008,2.275600000,1.607300000,0.000000000
sample,generation,ordinary,128,134,8,6076,1.962463975,2.291600000,1.001100000,0.000000000
sample,generation,ordinary,128,135,8,290,1.983199954,2.147900000,1.629300000,0.000000000
sample,generation,ordinary,128,136,8,389,1.855424047,2.009800000,1.349400000,0.000000000
sample,generation,ordinary,128,137,8,8104,1.840352058,1.991200000,1.509800000,0.000000000
sample,generation,ordinary,128,138,8,287,1.944255948,2.096000000,1.370200000,0.000000000
sample,generation,ordinary,128,139,8,262,1.863680005,2.014600000,1.385400000,0.000000000
sample,generation,ordinary,128,140,8,1280,1.752287984,1.903100000,1.393000000,0.000000000
sample,generation,ordinary,128,141,8,9151,1.823264003,1.973100000,1.411100000,0.000000000
sample,generation,ordinary,128,142,8,13,1.870175958,2.023100000,1.366100000,0.000000000
sample,generation,ordinary,128,143,8,383,1.745599985,1.909200000,1.080000000,0.000000000
sample,generation,graph,128,128,8,764,1.356768012,1.516400000,0.047800000,0.008300000
sample,generation,graph,128,129,8,383,1.362751961,1.525600000,0.047200000,0.008500000
sample,generation,graph,128,130,8,9653,1.363808036,1.820000000,0.048100000,0.008400000
sample,generation,graph,128,131,8,25834,1.360960007,1.832900000,0.047900000,0.008100000
sample,generation,graph,128,132,8,287,1.362336040,1.696400000,0.048200000,0.008200000
sample,generation,graph,128,133,8,262,1.365856051,1.520800000,0.043000000,0.008200000
sample,generation,graph,128,134,8,6076,1.390239954,1.546100000,0.075200000,0.008400000
sample,generation,graph,128,135,8,290,1.363872051,1.521700000,0.045100000,0.009900000
sample,generation,graph,128,136,8,389,1.362751961,1.517100000,0.043400000,0.008700000
sample,generation,graph,128,137,8,8104,1.369151950,1.528400000,0.048100000,0.008400000
sample,generation,graph,128,138,8,287,1.372063994,1.530200000,0.046700000,0.008500000
sample,generation,graph,128,139,8,262,1.367136002,1.525100000,0.046100000,0.008300000
sample,generation,graph,128,140,8,1280,1.369215965,1.529500000,0.047800000,0.008500000
sample,generation,graph,128,141,8,9151,1.373919964,1.532600000,0.045300000,0.008300000
sample,generation,graph,128,142,8,13,1.375360012,1.534000000,0.046200000,0.008300000
sample,generation,graph,128,143,8,383,1.368896008,1.522900000,0.047700000,0.009200000
sample,generation,graph,128,128,9,764,1.355999947,1.511900000,0.051700000,0.008600000
sample,generation,graph,128,129,9,383,1.362367988,1.690900000,0.042200000,0.008200000
sample,generation,graph,128,130,9,9653,1.362751961,1.514700000,0.042100000,0.008100000
sample,generation,graph,128,131,9,25834,1.360031962,1.688100000,0.043400000,0.008200000
sample,generation,graph,128,132,9,287,1.363584042,1.692700000,0.043400000,0.008000000
sample,generation,graph,128,133,9,262,1.365183949,1.527800000,0.043200000,0.008000000
sample,generation,graph,128,134,9,6076,1.367967963,1.549000000,0.042100000,0.008000000
sample,generation,graph,128,135,9,290,1.370015979,1.530200000,0.050600000,0.013000000
sample,generation,graph,128,136,9,389,1.365375996,1.521300000,0.045200000,0.009500000
sample,generation,graph,128,137,9,8104,1.371296048,1.523800000,0.042900000,0.008400000
sample,generation,graph,128,138,9,287,1.369632006,1.522100000,0.042300000,0.008100000
sample,generation,graph,128,139,9,262,1.368607998,1.520100000,0.042800000,0.008300000
sample,generation,graph,128,140,9,1280,1.369503975,1.521500000,0.042600000,0.008400000
sample,generation,graph,128,141,9,9151,1.373664021,1.525500000,0.042500000,0.008300000
sample,generation,graph,128,142,9,13,1.376191974,1.528100000,0.041300000,0.008100000
sample,generation,graph,128,143,9,383,1.367136002,1.518900000,0.042700000,0.008300000
sample,generation,ordinary,128,128,9,764,2.138592005,2.611400000,1.545000000,0.000000000
sample,generation,ordinary,128,129,9,383,2.114655972,2.543600000,1.763800000,0.000000000
sample,generation,ordinary,128,130,9,9653,2.009023905,2.444200000,1.678200000,0.000000000
sample,generation,ordinary,128,131,9,25834,2.113600016,2.552600000,1.687400000,0.000000000
sample,generation,ordinary,128,132,9,287,2.161855936,2.644900000,1.519800000,0.000000000
sample,generation,ordinary,128,133,9,262,1.931519985,2.259700000,1.509200000,0.000000000
sample,generation,ordinary,128,134,9,6076,2.066528082,2.608900000,1.406900000,0.000000000
sample,generation,ordinary,128,135,9,290,2.069312096,2.541900000,1.229200000,0.000000000
sample,generation,ordinary,128,136,9,389,2.048480034,2.521700000,1.717400000,0.000000000
sample,generation,ordinary,128,137,9,8104,2.068671942,2.537600000,1.754200000,0.000000000
sample,generation,ordinary,128,138,9,287,2.001312017,2.442400000,1.675600000,0.000000000
sample,generation,ordinary,128,139,9,262,1.954239964,2.107800000,1.584500000,0.000000000
sample,generation,ordinary,128,140,9,1280,1.951040030,2.105900000,1.527100000,0.000000000
sample,generation,ordinary,128,141,9,9151,2.051903963,2.213400000,1.722200000,0.000000000
sample,generation,ordinary,128,142,9,13,1.994143963,2.151000000,1.682600000,0.000000000
sample,generation,ordinary,128,143,9,383,2.144191980,2.300600000,1.722000000,0.000000000
sample,generation,ordinary,128,128,10,764,1.765247941,2.193500000,1.407900000,0.000000000
sample,generation,ordinary,128,129,10,383,1.981088042,2.452600000,1.106800000,0.000000000
sample,generation,ordinary,128,130,10,9653,1.834367990,2.254800000,1.331200000,0.000000000
sample,generation,ordinary,128,131,10,25834,1.969856024,2.438500000,1.017700000,0.000000000
sample,generation,ordinary,128,132,10,287,1.758911967,2.229200000,1.412500000,0.000000000
sample,generation,ordinary,128,133,10,262,1.828672051,2.261100000,1.468600000,0.000000000
sample,generation,ordinary,128,134,10,6076,1.778624058,2.249000000,1.448400000,0.000000000
sample,generation,ordinary,128,135,10,290,1.757312059,2.232500000,1.344400000,0.000000000
sample,generation,ordinary,128,136,10,389,1.782976031,2.239200000,1.375000000,0.000000000
sample,generation,ordinary,128,137,10,8104,1.892351985,2.359500000,1.439300000,0.000000000
sample,generation,ordinary,128,138,10,287,1.819615960,2.287200000,1.479200000,0.000000000
sample,generation,ordinary,128,139,10,262,1.778144002,2.250300000,1.431800000,0.000000000
sample,generation,ordinary,128,140,10,1280,1.815168023,2.251500000,1.375200000,0.000000000
sample,generation,ordinary,128,141,10,9151,1.784863949,2.181400000,1.393100000,0.000000000
sample,generation,ordinary,128,142,10,13,1.789631963,1.939600000,1.336400000,0.000000000
sample,generation,ordinary,128,143,10,383,1.583520055,1.728400000,1.248400000,0.000000000
sample,generation,graph,128,128,10,764,1.354239941,1.507100000,0.042800000,0.008200000
sample,generation,graph,128,129,10,383,1.361376047,1.513000000,0.041800000,0.008100000
sample,generation,graph,128,130,10,9653,1.366271973,1.556300000,0.043100000,0.008500000
sample,generation,graph,128,131,10,25834,1.367679954,1.546300000,0.054300000,0.012500000
sample,generation,graph,128,132,10,287,1.364480019,1.838500000,0.048400000,0.009000000
sample,generation,graph,128,133,10,262,1.366559982,1.525600000,0.046800000,0.008600000
sample,generation,graph,128,134,10,6076,1.367136002,1.525300000,0.049300000,0.008000000
sample,generation,graph,128,135,10,290,1.362815976,1.838500000,0.047300000,0.008200000
sample,generation,graph,128,136,10,389,1.363232017,1.693500000,0.048500000,0.008400000
sample,generation,graph,128,137,10,8104,1.367583990,1.695700000,0.042700000,0.008200000
sample,generation,graph,128,138,10,287,1.370079994,1.521600000,0.041400000,0.008200000
sample,generation,graph,128,139,10,262,1.368127942,1.704200000,0.042200000,0.008300000
sample,generation,graph,128,140,10,1280,1.369536042,1.553500000,0.042300000,0.008000000
sample,generation,graph,128,141,10,9151,1.373759985,2.299200000,0.041000000,0.008600000
sample,generation,graph,128,142,10,13,1.376799941,1.532300000,0.039800000,0.008200000
sample,generation,graph,128,143,10,383,1.365344048,1.514100000,0.040600000,0.008200000
sample,generation,graph,128,128,11,764,1.355712056,1.826700000,0.047100000,0.008200000
sample,generation,graph,128,129,11,383,1.361279964,1.518900000,0.047800000,0.008300000
sample,generation,graph,128,130,11,9653,1.373376012,1.559100000,0.048000000,0.008500000
sample,generation,graph,128,131,11,25834,1.368960023,1.527900000,0.050900000,0.011800000
sample,generation,graph,128,132,11,287,1.373855948,1.533600000,0.045100000,0.009400000
sample,generation,graph,128,133,11,262,1.367776036,1.525900000,0.046200000,0.008300000
sample,generation,graph,128,134,11,6076,1.370272040,1.534600000,0.045600000,0.008200000
sample,generation,graph,128,135,11,290,1.361791968,1.521900000,0.046600000,0.008400000
sample,generation,graph,128,136,11,389,1.364863992,1.524500000,0.047000000,0.008200000
sample,generation,graph,128,137,11,8104,1.368896008,1.527100000,0.046500000,0.008300000
sample,generation,graph,128,138,11,287,1.372959971,1.532300000,0.046500000,0.008300000
sample,generation,graph,128,139,11,262,1.368319988,1.527400000,0.046400000,0.008300000
sample,generation,graph,128,140,11,1280,1.371232033,1.859000000,0.046700000,0.008300000
sample,generation,graph,128,141,11,9151,1.376127958,1.535000000,0.049400000,0.010000000
sample,generation,graph,128,142,11,13,1.375679970,1.847000000,0.046500000,0.008300000
sample,generation,graph,128,143,11,383,1.368095994,1.835200000,0.048200000,0.008400000
sample,generation,ordinary,128,128,11,764,1.917919993,2.069400000,1.545800000,0.000000000
sample,generation,ordinary,128,129,11,383,2.069247961,2.255100000,1.654000000,0.000000000
sample,generation,ordinary,128,130,11,9653,1.690111995,1.843100000,1.285600000,0.000000000
sample,generation,ordinary,128,131,11,25834,1.922304034,2.343700000,1.572000000,0.000000000
sample,generation,ordinary,128,132,11,287,1.985247970,2.438900000,0.968900000,0.000000000
sample,generation,ordinary,128,133,11,262,1.858528018,2.298600000,1.505900000,0.000000000
sample,generation,ordinary,128,134,11,6076,1.877599955,2.325400000,1.242500000,0.000000000
sample,generation,ordinary,128,135,11,290,1.749184012,2.176900000,1.406100000,0.000000000
sample,generation,ordinary,128,136,11,389,2.284159899,2.751000000,1.383500000,0.000000000
sample,generation,ordinary,128,137,11,8104,1.648064017,2.184800000,1.268400000,0.000000000
sample,generation,ordinary,128,138,11,287,2.072959900,2.291800000,1.687400000,0.000000000
sample,generation,ordinary,128,139,11,262,1.744384050,1.907500000,1.384200000,0.000000000
sample,generation,ordinary,128,140,11,1280,1.553151965,1.694200000,0.865500000,0.000000000
sample,generation,ordinary,128,141,11,9151,1.620319963,1.776600000,0.586700000,0.000000000
sample,generation,ordinary,128,142,11,13,1.739392042,1.894500000,1.339500000,0.000000000
sample,generation,ordinary,128,143,11,383,1.585952044,1.735700000,1.119600000,0.000000000
sample,generation,ordinary,128,128,12,764,2.208064079,2.632800000,1.676900000,0.000000000
sample,generation,ordinary,128,129,12,383,2.018111944,2.444700000,1.512500000,0.000000000
sample,generation,ordinary,128,130,12,9653,1.914528012,2.339700000,1.456300000,0.000000000
sample,generation,ordinary,128,131,12,25834,2.049855947,2.232200000,1.699700000,0.000000000
sample,generation,ordinary,128,132,12,287,1.604192019,1.759500000,1.236100000,0.000000000
sample,generation,ordinary,128,133,12,262,1.739616036,1.892100000,1.333200000,0.000000000
sample,generation,ordinary,128,134,12,6076,1.649600029,1.801700000,1.328600000,0.000000000
sample,generation,ordinary,128,135,12,290,1.665375948,1.843000000,1.199100000,0.000000000
sample,generation,ordinary,128,136,12,389,1.955839992,2.107100000,1.445000000,0.000000000
sample,generation,ordinary,128,137,12,8104,1.606271982,1.758900000,1.200500000,0.000000000
sample,generation,ordinary,128,138,12,287,1.631263971,1.783000000,1.153000000,0.000000000
sample,generation,ordinary,128,139,12,262,1.621024013,1.773900000,1.215600000,0.000000000
sample,generation,ordinary,128,140,12,1280,1.691776037,1.863600000,1.347200000,0.000000000
sample,generation,ordinary,128,141,12,9151,1.666847944,1.820600000,1.280400000,0.000000000
sample,generation,ordinary,128,142,12,13,1.682464004,1.835100000,0.893700000,0.000000000
sample,generation,ordinary,128,143,12,383,1.736224055,1.892600000,1.389300000,0.000000000
sample,generation,graph,128,128,12,764,1.355744004,1.794500000,0.050200000,0.008600000
sample,generation,graph,128,129,12,383,1.365695953,1.795000000,0.048300000,0.008500000
sample,generation,graph,128,130,12,9653,1.364223957,1.525400000,0.042600000,0.008400000
sample,generation,graph,128,131,12,25834,1.369951963,1.532700000,0.051900000,0.012900000
sample,generation,graph,128,132,12,287,1.364608049,1.517000000,0.046300000,0.009800000
sample,generation,graph,128,133,12,262,1.367455959,1.520700000,0.044900000,0.009000000
sample,generation,graph,128,134,12,6076,1.370720029,1.522300000,0.042900000,0.008600000
sample,generation,graph,128,135,12,290,1.362143993,1.514200000,0.043400000,0.008900000
sample,generation,graph,128,136,12,389,1.364256024,1.519900000,0.043300000,0.008800000
sample,generation,graph,128,137,12,8104,1.369472027,1.520800000,0.043600000,0.008700000
sample,generation,graph,128,138,12,287,1.369472027,1.520200000,0.043700000,0.008400000
sample,generation,graph,128,139,12,262,1.368415952,1.525000000,0.042800000,0.008300000
sample,generation,graph,128,140,12,1280,1.369887948,1.572500000,0.046400000,0.008500000
sample,generation,graph,128,141,12,9151,1.378368020,1.844400000,0.060100000,0.011700000
sample,generation,graph,128,142,12,13,1.376799941,1.816700000,0.052500000,0.009300000
sample,generation,graph,128,143,12,383,1.365983963,1.804600000,0.049700000,0.008400000
sample,generation,graph,128,128,13,764,1.359168053,1.515600000,0.051000000,0.009500000
sample,generation,graph,128,129,13,383,1.363839984,1.564600000,0.043800000,0.009200000
sample,generation,graph,128,130,13,9653,1.366271973,1.526400000,0.050400000,0.010100000
sample,generation,graph,128,131,13,25834,1.361696005,1.547700000,0.049400000,0.009600000
sample,generation,graph,128,132,13,287,1.376736045,1.777800000,0.063100000,0.016400000
sample,generation,graph,128,133,13,262,1.368896008,1.526400000,0.045300000,0.009500000
sample,generation,graph,128,134,13,6076,1.371520042,1.788900000,0.053700000,0.009900000
sample,generation,graph,128,135,13,290,1.365056038,1.788900000,0.050900000,0.009500000
sample,generation,graph,128,136,13,389,1.366240025,1.519700000,0.050300000,0.009300000
sample,generation,graph,128,137,13,8104,1.368864059,1.525400000,0.042900000,0.008900000
sample,generation,graph,128,138,13,287,1.371296048,1.525400000,0.043700000,0.009000000
sample,generation,graph,128,139,13,262,1.369120002,1.520500000,0.044700000,0.009400000
sample,generation,graph,128,140,13,1280,1.369920015,1.523100000,0.043800000,0.009000000
sample,generation,graph,128,141,13,9151,1.375136018,1.545400000,0.043700000,0.009000000
sample,generation,graph,128,142,13,13,1.384639978,1.543700000,0.053000000,0.014400000
sample,generation,graph,128,143,13,383,1.371871948,1.526100000,0.048200000,0.010600000
sample,generation,ordinary,128,128,13,764,1.634495974,1.787700000,1.303500000,0.000000000
sample,generation,ordinary,128,129,13,383,1.582816005,1.734500000,1.270000000,0.000000000
sample,generation,ordinary,128,130,13,9653,1.651615977,1.861700000,1.242100000,0.000000000
sample,generation,ordinary,128,131,13,25834,1.597856045,1.837300000,1.244000000,0.000000000
sample,generation,ordinary,128,132,13,287,1.886495948,2.312500000,1.542900000,0.000000000
sample,generation,ordinary,128,133,13,262,1.934175968,2.361100000,1.446900000,0.000000000
sample,generation,ordinary,128,134,13,6076,1.876288056,2.297200000,1.028400000,0.000000000
sample,generation,ordinary,128,135,13,290,1.793951988,2.235200000,1.473300000,0.000000000
sample,generation,ordinary,128,136,13,389,1.723935962,1.876700000,1.341900000,0.000000000
sample,generation,ordinary,128,137,13,8104,1.607936025,1.758300000,1.205200000,0.000000000
sample,generation,ordinary,128,138,13,287,1.617375970,1.794300000,1.274600000,0.000000000
sample,generation,ordinary,128,139,13,262,2.298912048,2.900300000,1.229900000,0.000000000
sample,generation,ordinary,128,140,13,1280,1.574239969,1.799900000,1.225400000,0.000000000
sample,generation,ordinary,128,141,13,9151,1.579679966,1.799900000,1.195600000,0.000000000
sample,generation,ordinary,128,142,13,13,1.703135967,1.924800000,1.377200000,0.000000000
sample,generation,ordinary,128,143,13,383,1.669567943,1.832900000,1.311300000,0.000000000
sample,generation,ordinary,128,128,14,764,1.585343957,1.889300000,0.978000000,0.000000000
sample,generation,ordinary,128,129,14,383,1.644960046,1.799300000,1.179700000,0.000000000
sample,generation,ordinary,128,130,14,9653,1.648223996,1.800300000,1.023600000,0.000000000
sample,generation,ordinary,128,131,14,25834,1.602399945,1.757300000,1.229800000,0.000000000
sample,generation,ordinary,128,132,14,287,1.807647943,1.967600000,1.142600000,0.000000000
sample,generation,ordinary,128,133,14,262,1.566463947,1.723700000,1.180500000,0.000000000
sample,generation,ordinary,128,134,14,6076,1.667296052,1.825700000,1.259500000,0.000000000
sample,generation,ordinary,128,135,14,290,1.807999969,2.300900000,1.154500000,0.000000000
sample,generation,ordinary,128,136,14,389,1.979583979,2.293800000,1.663900000,0.000000000
sample,generation,ordinary,128,137,14,8104,1.889152050,2.314500000,1.447600000,0.000000000
sample,generation,ordinary,128,138,14,287,1.679551959,1.850500000,1.299300000,0.000000000
sample,generation,ordinary,128,139,14,262,1.675104022,1.828200000,1.050800000,0.000000000
sample,generation,ordinary,128,140,14,1280,1.632992029,1.786700000,1.321000000,0.000000000
sample,generation,ordinary,128,141,14,9151,1.688096046,1.841500000,1.287900000,0.000000000
sample,generation,ordinary,128,142,14,13,1.659136057,1.812300000,1.254600000,0.000000000
sample,generation,ordinary,128,143,14,383,1.678207994,1.919100000,1.318400000,0.000000000
sample,generation,graph,128,128,14,764,1.356320024,1.784900000,0.048900000,0.009200000
sample,generation,graph,128,129,14,383,1.363072038,1.520900000,0.048500000,0.008800000
sample,generation,graph,128,130,14,9653,1.364032030,1.521500000,0.048400000,0.008600000
sample,generation,graph,128,131,14,25834,1.359392047,1.517600000,0.046800000,0.008400000
sample,generation,graph,128,132,14,287,1.365247965,1.803500000,0.048000000,0.008600000
sample,generation,graph,128,133,14,262,1.366816044,1.517600000,0.043100000,0.008600000
sample,generation,graph,128,134,14,6076,1.368607998,1.532500000,0.042900000,0.008400000
sample,generation,graph,128,135,14,290,1.372704029,1.532900000,0.052000000,0.013800000
sample,generation,graph,128,136,14,389,1.366400003,1.518800000,0.048100000,0.009500000
sample,generation,graph,128,137,14,8104,1.367200017,1.518600000,0.043100000,0.008500000
sample,generation,graph,128,138,14,287,1.369151950,1.520600000,0.041900000,0.008100000
sample,generation,graph,128,139,14,262,1.367712021,1.519300000,0.041800000,0.008400000
sample,generation,graph,128,140,14,1280,1.369439960,1.522000000,0.043100000,0.008400000
sample,generation,graph,128,141,14,9151,1.371840000,1.523700000,0.043400000,0.008500000
sample,generation,graph,128,142,14,13,1.375584006,1.527600000,0.042900000,0.008500000
sample,generation,graph,128,143,14,383,1.366176009,1.518700000,0.042100000,0.008200000
sample,generation,graph,128,128,15,764,1.353631973,1.506300000,0.043100000,0.008600000
sample,generation,graph,128,129,15,383,1.361279964,1.512900000,0.042600000,0.008400000
sample,generation,graph,128,130,15,9653,1.363615990,1.515600000,0.042800000,0.008400000
sample,generation,graph,128,131,15,25834,1.362112045,1.514000000,0.042900000,0.008300000
sample,generation,graph,128,132,15,287,1.361951947,1.513700000,0.043000000,0.008400000
sample,generation,graph,128,133,15,262,1.366655946,1.518300000,0.042900000,0.008500000
sample,generation,graph,128,134,15,6076,1.370751977,1.522300000,0.042700000,0.008700000
sample,generation,graph,128,135,15,290,1.363584042,1.610800000,0.042800000,0.008400000
sample,generation,graph,128,136,15,389,1.390208006,1.558700000,0.076000000,0.023700000
sample,generation,graph,128,137,15,8104,1.380671978,1.545700000,0.055900000,0.015900000
sample,generation,graph,128,138,15,287,1.379135966,1.811300000,0.058100000,0.013800000
sample,generation,graph,128,139,15,262,1.372480035,1.799400000,0.056000000,0.010600000
sample,generation,graph,128,140,15,1280,1.371775985,1.802400000,0.050900000,0.009500000
sample,generation,graph,128,141,15,9151,1.372704029,1.800500000,0.048300000,0.008400000
sample,generation,graph,128,142,15,13,1.376639962,1.558300000,0.049100000,0.008600000
sample,generation,graph,128,143,15,383,1.369120002,1.527700000,0.049200000,0.009100000
sample,generation,ordinary,128,128,15,764,1.937280059,2.369400000,1.572600000,0.000000000
sample,generation,ordinary,128,129,15,383,2.042335987,2.469900000,1.610700000,0.000000000
sample,generation,ordinary,128,130,15,9653,1.880800009,2.308000000,1.568800000,0.000000000
sample,generation,ordinary,128,131,15,25834,1.924224019,2.225600000,1.330200000,0.000000000
sample,generation,ordinary,128,132,15,287,1.637215972,1.787800000,1.290100000,0.000000000
sample,generation,ordinary,128,133,15,262,1.673215985,1.834400000,1.272300000,0.000000000
sample,generation,ordinary,128,134,15,6076,1.631135941,1.787700000,1.279600000,0.000000000
sample,generation,ordinary,128,135,15,290,1.662176013,1.813500000,1.273300000,0.000000000
sample,generation,ordinary,128,136,15,389,1.623744011,1.775600000,1.291900000,0.000000000
sample,generation,ordinary,128,137,15,8104,1.607231975,1.758300000,1.254800000,0.000000000
sample,generation,ordinary,128,138,15,287,1.634207964,1.786100000,1.322100000,0.000000000
sample,generation,ordinary,128,139,15,262,1.653151989,1.804400000,1.333300000,0.000000000
sample,generation,ordinary,128,140,15,1280,1.592576027,1.742800000,1.220700000,0.000000000
sample,generation,ordinary,128,141,15,9151,1.671584010,1.847100000,1.229100000,0.000000000
sample,generation,ordinary,128,142,15,13,1.570752025,1.722300000,1.205700000,0.000000000
sample,generation,ordinary,128,143,15,383,1.741472006,1.892800000,0.927300000,0.000000000
sample,generation,ordinary,512,512,0,558,1.959136009,2.463300000,1.109400000,0.000000000
sample,generation,ordinary,512,513,0,272,1.857983947,2.189000000,1.277600000,0.000000000
sample,generation,ordinary,512,514,0,837,1.842560053,2.012700000,0.749700000,0.000000000
sample,generation,ordinary,512,515,0,351,1.830175996,1.987800000,0.723300000,0.000000000
sample,generation,ordinary,512,516,0,257,1.933184028,2.091500000,0.662400000,0.000000000
sample,generation,ordinary,512,517,0,1767,1.963935971,2.389600000,0.817700000,0.000000000
sample,generation,ordinary,512,518,0,4129,1.883744001,2.319300000,1.017600000,0.000000000
sample,generation,ordinary,512,519,0,510,2.000832081,2.377400000,1.384800000,0.000000000
sample,generation,ordinary,512,520,0,284,1.847967982,2.008600000,1.048900000,0.000000000
sample,generation,ordinary,512,521,0,3126,1.832255960,2.003700000,0.836000000,0.000000000
sample,generation,ordinary,512,522,0,1247,1.840608001,1.996400000,0.762800000,0.000000000
sample,generation,ordinary,512,523,0,38813,1.815616012,1.970300000,0.831100000,0.000000000
sample,generation,ordinary,512,524,0,411,1.859488010,2.287900000,0.733800000,0.000000000
sample,generation,ordinary,512,525,0,357,1.866335988,2.026700000,0.995800000,0.000000000
sample,generation,ordinary,512,526,0,1987,1.822271943,1.991200000,0.564400000,0.000000000
sample,generation,ordinary,512,527,0,287,1.879552007,2.160900000,1.028000000,0.000000000
sample,generation,graph,512,512,0,558,1.610208035,2.070800000,0.049500000,0.008600000
sample,generation,graph,512,513,0,272,1.615551949,2.066000000,0.048700000,0.008500000
sample,generation,graph,512,514,0,837,1.621791959,2.081300000,0.048400000,0.008300000
sample,generation,graph,512,515,0,351,1.617568016,1.785700000,0.049100000,0.008100000
sample,generation,graph,512,516,0,257,1.617951989,2.079600000,0.048500000,0.008700000
sample,generation,graph,512,517,0,1767,1.622112036,2.082700000,0.048800000,0.008400000
sample,generation,graph,512,518,0,4129,1.622720003,1.954700000,0.048400000,0.008300000
sample,generation,graph,512,519,0,510,1.617984056,1.768100000,0.042500000,0.008200000
sample,generation,graph,512,520,0,284,1.618368030,1.770200000,0.042700000,0.008200000
sample,generation,graph,512,521,0,3126,1.622624040,1.773300000,0.042400000,0.008400000
sample,generation,graph,512,522,0,1247,1.624575973,1.775000000,0.042800000,0.008300000
sample,generation,graph,512,523,0,38813,1.623775959,1.842000000,0.042000000,0.008200000
sample,generation,graph,512,524,0,411,1.643712044,2.699100000,0.065500000,0.021800000
sample,generation,graph,512,525,0,357,1.758304000,1.950300000,0.353900000,0.077800000
sample,generation,graph,512,526,0,1987,1.631775975,1.790100000,0.047700000,0.008700000
sample,generation,graph,512,527,0,287,1.623103976,1.786300000,0.048300000,0.008200000
sample,generation,graph,512,512,1,558,1.611135960,1.781700000,0.044200000,0.008400000
sample,generation,graph,512,513,1,272,1.625247955,1.788800000,0.049500000,0.012700000
sample,generation,graph,512,514,1,837,1.618335962,1.776600000,0.047400000,0.008700000
sample,generation,graph,512,515,1,351,1.616160035,1.777500000,0.048000000,0.008600000
sample,generation,graph,512,516,1,257,1.619359970,1.777400000,0.047500000,0.008400000
sample,generation,graph,512,517,1,1767,1.622336030,1.779700000,0.046900000,0.008300000
sample,generation,graph,512,518,1,4129,1.622975945,1.777000000,0.046200000,0.008300000
sample,generation,graph,512,519,1,510,1.618208051,1.770600000,0.042000000,0.008200000
sample,generation,graph,512,520,1,284,1.617984056,1.769500000,0.042200000,0.008100000
sample,generation,graph,512,521,1,3126,1.623775959,1.811000000,0.042400000,0.008200000
sample,generation,graph,512,522,1,1247,1.627071977,2.507100000,0.044500000,0.010300000
sample,generation,graph,512,523,1,38813,1.622496009,1.771400000,0.042100000,0.008800000
sample,generation,graph,512,524,1,411,1.624768019,1.772400000,0.040900000,0.008200000
sample,generation,graph,512,525,1,357,1.627488017,1.779900000,0.041000000,0.008000000
sample,generation,graph,512,526,1,1987,1.629343987,1.781600000,0.042100000,0.008300000
sample,generation,graph,512,527,1,287,1.619616032,1.771600000,0.043200000,0.008400000
sample,generation,ordinary,512,512,1,558,1.905856013,2.387900000,1.384900000,0.000000000
sample,generation,ordinary,512,513,1,272,1.947391987,2.407700000,1.411200000,0.000000000
sample,generation,ordinary,512,514,1,837,1.838592052,2.166100000,0.924000000,0.000000000
sample,generation,ordinary,512,515,1,351,1.837440014,2.169700000,1.227600000,0.000000000
sample,generation,ordinary,512,516,1,257,1.835520029,2.073700000,1.298500000,0.000000000
sample,generation,ordinary,512,517,1,1767,1.871647954,2.038900000,1.047600000,0.000000000
sample,generation,ordinary,512,518,1,4129,1.890975952,2.047500000,0.619000000,0.000000000
sample,generation,ordinary,512,519,1,510,1.968896031,2.125900000,1.349400000,0.000000000
sample,generation,ordinary,512,520,1,284,1.888000011,2.045900000,1.533500000,0.000000000
sample,generation,ordinary,512,521,1,3126,1.917631984,2.075000000,1.521900000,0.000000000
sample,generation,ordinary,512,522,1,1247,1.918527961,2.075400000,1.470200000,0.000000000
sample,generation,ordinary,512,523,1,38813,1.924415946,2.082500000,1.544000000,0.000000000
sample,generation,ordinary,512,524,1,411,1.983296037,2.453100000,1.301800000,0.000000000
sample,generation,ordinary,512,525,1,357,1.884896040,2.345300000,0.628700000,0.000000000
sample,generation,ordinary,512,526,1,1987,1.882688046,2.208300000,0.616600000,0.000000000
sample,generation,ordinary,512,527,1,287,1.829535961,2.148900000,0.583400000,0.000000000
sample,generation,ordinary,512,512,2,558,2.995039940,3.149700000,2.627900000,0.000000000
sample,generation,ordinary,512,513,2,272,1.830144048,1.979400000,0.883800000,0.000000000
sample,generation,ordinary,512,514,2,837,1.895776033,2.053000000,0.740800000,0.000000000
sample,generation,ordinary,512,515,2,351,1.832319975,1.984000000,0.871300000,0.000000000
sample,generation,ordinary,512,516,2,257,1.834400058,1.986500000,0.899100000,0.000000000
sample,generation,ordinary,512,517,2,1767,1.940799952,2.092700000,0.721800000,0.000000000
sample,generation,ordinary,512,518,2,4129,1.862048030,2.014600000,1.225800000,0.000000000
sample,generation,ordinary,512,519,2,510,1.871296048,2.026400000,1.171700000,0.000000000
sample,generation,ordinary,512,520,2,284,1.904064059,2.056800000,1.031800000,0.000000000
sample,generation,ordinary,512,521,2,3126,1.844544053,1.996000000,1.353100000,0.000000000
sample,generation,ordinary,512,522,2,1247,1.844416022,1.996000000,1.027500000,0.000000000
sample,generation,ordinary,512,523,2,38813,1.869215965,2.021100000,0.997800000,0.000000000
sample,generation,ordinary,512,524,2,411,1.842079997,1.993700000,1.109300000,0.000000000
sample,generation,ordinary,512,525,2,357,1.847967982,1.999900000,0.996900000,0.000000000
sample,generation,ordinary,512,526,2,1987,1.845600009,2.040100000,1.260800000,0.000000000
sample,generation,ordinary,512,527,2,287,1.815808058,1.973000000,0.859300000,0.000000000
sample,generation,graph,512,512,2,558,1.610592008,1.770400000,0.048300000,0.008600000
sample,generation,graph,512,513,2,272,1.615712047,1.774900000,0.046900000,0.008300000
sample,generation,graph,512,514,2,837,1.619935989,2.092400000,0.046800000,0.008200000
sample,generation,graph,512,515,2,351,1.615808010,2.130700000,0.047700000,0.008400000
sample,generation,graph,512,516,2,257,1.619680047,2.094600000,0.048300000,0.008700000
sample,generation,graph,512,517,2,1767,1.621631980,2.095300000,0.049000000,0.008500000
sample,generation,graph,512,518,2,4129,1.625535965,2.103200000,0.048000000,0.008100000
sample,generation,graph,512,519,2,510,1.615200043,1.773800000,0.048300000,0.008100000
sample,generation,graph,512,520,2,284,1.618944049,2.092900000,0.047300000,0.008000000
sample,generation,graph,512,521,2,3126,1.622015953,1.993400000,0.048500000,0.008100000
sample,generation,graph,512,522,2,1247,1.623424053,1.932500000,0.043200000,0.008100000
sample,generation,graph,512,523,2,38813,1.620928049,1.793900000,0.042200000,0.008100000
sample,generation,graph,512,524,2,411,1.631199956,1.788700000,0.050800000,0.013300000
sample,generation,graph,512,525,2,357,1.629024029,1.778900000,0.043200000,0.008800000
sample,generation,graph,512,526,2,1987,1.628672004,1.777300000,0.043000000,0.008400000
sample,generation,graph,512,527,2,287,1.622272015,1.772900000,0.042800000,0.008400000
sample,generation,graph,512,512,3,558,1.609856009,1.777900000,0.043100000,0.008300000
sample,generation,graph,512,513,3,272,1.619647980,1.763000000,0.042400000,0.009100000
sample,generation,graph,512,514,3,837,1.619871974,1.763200000,0.042500000,0.008300000
sample,generation,graph,512,515,3,351,1.617632031,1.758800000,0.042500000,0.008200000
sample,generation,graph,512,516,3,257,1.618720055,1.773600000,0.043100000,0.008100000
sample,generation,graph,512,517,3,1767,1.619007945,1.774300000,0.042300000,0.008200000
sample,generation,graph,512,518,3,4129,1.621503949,1.773000000,0.042200000,0.008100000
sample,generation,graph,512,519,3,510,1.614688039,1.766800000,0.042500000,0.008100000
sample,generation,graph,512,520,3,284,1.618816018,1.771000000,0.041500000,0.008200000
sample,generation,graph,512,521,3,3126,1.621312022,1.784700000,0.042800000,0.008300000
sample,generation,graph,512,522,3,1247,1.633504033,1.791000000,0.048500000,0.012500000
sample,generation,graph,512,523,3,38813,1.623008013,1.775200000,0.043500000,0.008800000
sample,generation,graph,512,524,3,411,1.623327971,1.775200000,0.043200000,0.008600000
sample,generation,graph,512,525,3,357,1.626528025,1.779500000,0.042700000,0.008200000
sample,generation,graph,512,526,3,1987,1.629279971,1.781400000,0.041900000,0.008300000
sample,generation,graph,512,527,3,287,1.620895982,1.773300000,0.042700000,0.008300000
sample,generation,ordinary,512,512,3,558,1.871584058,2.184900000,1.259300000,0.000000000
sample,generation,ordinary,512,513,3,272,1.837152004,2.166400000,1.038900000,0.000000000
sample,generation,ordinary,512,514,3,837,1.904000044,2.152600000,0.872600000,0.000000000
sample,generation,ordinary,512,515,3,351,1.835968018,1.987800000,1.250500000,0.000000000
sample,generation,ordinary,512,516,3,257,1.839583993,1.990600000,0.855600000,0.000000000
sample,generation,ordinary,512,517,3,1767,1.872320056,2.039700000,1.135200000,0.000000000
sample,generation,ordinary,512,518,3,4129,1.832000017,1.996100000,0.492000000,0.000000000
sample,generation,ordinary,512,519,3,510,1.833312035,1.989200000,0.649800000,0.000000000
sample,generation,ordinary,512,520,3,284,1.818560004,1.969400000,0.546400000,0.000000000
sample,generation,ordinary,512,521,3,3126,1.848608017,1.998000000,0.642700000,0.000000000
sample,generation,ordinary,512,522,3,1247,1.840031981,1.988900000,0.638500000,0.000000000
sample,generation,ordinary,512,523,3,38813,1.836384058,1.976800000,0.637800000,0.000000000
sample,generation,ordinary,512,524,3,411,1.839615941,1.984800000,0.575200000,0.000000000
sample,generation,ordinary,512,525,3,357,1.822656035,1.989100000,0.620800000,0.000000000
sample,generation,ordinary,512,526,3,1987,2.893503904,3.056600000,2.063700000,0.000000000
sample,generation,ordinary,512,527,3,287,1.932575941,2.087500000,0.865900000,0.000000000
sample,generation,ordinary,512,512,4,558,1.825567961,2.006200000,0.811800000,0.000000000
sample,generation,ordinary,512,513,4,272,1.836256027,1.988900000,0.911700000,0.000000000
sample,generation,ordinary,512,514,4,837,1.836928010,1.992500000,0.833900000,0.000000000
sample,generation,ordinary,512,515,4,351,1.837888002,1.989000000,0.904300000,0.000000000
sample,generation,ordinary,512,516,4,257,1.840095997,1.991100000,1.005500000,0.000000000
sample,generation,ordinary,512,517,4,1767,1.839040041,1.990900000,0.887800000,0.000000000
sample,generation,ordinary,512,518,4,4129,1.842399955,1.994300000,1.147300000,0.000000000
sample,generation,ordinary,512,519,4,510,1.903903961,2.054700000,1.208300000,0.000000000
sample,generation,ordinary,512,520,4,284,1.882400036,2.063900000,0.894800000,0.000000000
sample,generation,ordinary,512,521,4,3126,2.299968004,2.902200000,0.773800000,0.000000000
sample,generation,ordinary,512,522,4,1247,1.905120015,2.065200000,0.827300000,0.000000000
sample,generation,ordinary,512,523,4,38813,1.914720058,2.075300000,1.470200000,0.000000000
sample,generation,ordinary,512,524,4,411,1.944704056,2.101200000,1.589200000,0.000000000
sample,generation,ordinary,512,525,4,357,1.921823978,2.079700000,1.402500000,0.000000000
sample,generation,ordinary,512,526,4,1987,1.906080008,2.058500000,1.335400000,0.000000000
sample,generation,ordinary,512,527,4,287,1.898015976,2.088100000,0.865400000,0.000000000
sample,generation,graph,512,512,4,558,1.611135960,2.084800000,0.048900000,0.008400000
sample,generation,graph,512,513,4,272,1.616351962,2.094200000,0.049500000,0.008600000
sample,generation,graph,512,514,4,837,1.620192051,2.098600000,0.048600000,0.008200000
sample,generation,graph,512,515,4,351,1.615903974,2.069300000,0.048300000,0.008000000
sample,generation,graph,512,516,4,257,1.610015988,2.108600000,0.063200000,0.010700000
sample,generation,graph,512,517,4,1767,1.637503982,2.120100000,0.061100000,0.010200000
sample,generation,graph,512,518,4,4129,1.625663996,1.785100000,0.047200000,0.008500000
sample,generation,graph,512,519,4,510,1.617120028,1.775700000,0.048200000,0.008200000
sample,generation,graph,512,520,4,284,1.618592024,1.781100000,0.048000000,0.008300000
sample,generation,graph,512,521,4,3126,1.624959946,2.095300000,0.047300000,0.008200000
sample,generation,graph,512,522,4,1247,1.626911998,2.098300000,0.048400000,0.008200000
sample,generation,graph,512,523,4,38813,1.622239947,1.780800000,0.047500000,0.008300000
sample,generation,graph,512,524,4,411,1.625151992,2.071000000,0.048100000,0.008000000
sample,generation,graph,512,525,4,357,1.631487966,2.105000000,0.051200000,0.010600000
sample,generation,graph,512,526,4,1987,1.629439950,1.785000000,0.047600000,0.008400000
sample,generation,graph,512,527,4,287,1.618783951,1.769700000,0.047600000,0.008200000
sample,generation,graph,512,512,5,558,1.608224034,1.804700000,0.047300000,0.008200000
sample,generation,graph,512,513,5,272,1.616703987,2.059500000,0.048700000,0.008700000
sample,generation,graph,512,514,5,837,1.619328022,2.095700000,0.048300000,0.008300000
sample,generation,graph,512,515,5,351,1.616287947,2.084200000,0.048500000,0.008200000
sample,generation,graph,512,516,5,257,1.617248058,2.093500000,0.047900000,0.008100000
sample,generation,graph,512,517,5,1767,1.619968057,1.777900000,0.048100000,0.008100000
sample,generation,graph,512,518,5,4129,1.623903990,1.782200000,0.047200000,0.008200000
sample,generation,graph,512,519,5,510,1.615136027,1.773700000,0.047500000,0.008300000
sample,generation,graph,512,520,5,284,1.621024013,2.123400000,0.048400000,0.008200000
sample,generation,graph,512,521,5,3126,1.632863998,1.791900000,0.056100000,0.013400000
sample,generation,graph,512,522,5,1247,1.623968005,1.961500000,0.043500000,0.008800000
sample,generation,graph,512,523,5,38813,1.622848034,2.094800000,0.042000000,0.008300000
sample,generation,graph,512,524,5,411,1.625568032,2.101000000,0.048000000,0.008200000
sample,generation,graph,512,525,5,357,1.625535965,2.104800000,0.047800000,0.008000000
sample,generation,graph,512,526,5,1987,1.629408002,2.100900000,0.048900000,0.008000000
sample,generation,graph,512,527,5,287,1.620576024,2.091200000,0.048500000,0.008100000
sample,generation,ordinary,512,512,5,558,1.903872013,2.379000000,1.509600000,0.000000000
sample,generation,ordinary,512,513,5,272,1.911360025,2.383600000,1.532800000,0.000000000
sample,generation,ordinary,512,514,5,837,1.915967941,2.388500000,1.470100000,0.000000000
sample,generation,ordinary,512,515,5,351,1.957216024,2.119300000,1.408100000,0.000000000
sample,generation,ordinary,512,516,5,257,1.860864043,2.019300000,0.934200000,0.000000000
sample,generation,ordinary,512,517,5,1767,1.987424016,2.144200000,0.889900000,0.000000000
sample,generation,ordinary,512,518,5,4129,2.017247915,2.174100000,1.489200000,0.000000000
sample,generation,ordinary,512,519,5,510,1.909600019,2.066300000,1.563300000,0.000000000
sample,generation,ordinary,512,520,5,284,1.913632035,2.073400000,1.381600000,0.000000000
sample,generation,ordinary,512,521,5,3126,1.916767955,2.078000000,1.523400000,0.000000000
sample,generation,ordinary,512,522,5,1247,1.922399998,2.094000000,1.338400000,0.000000000
sample,generation,ordinary,512,523,5,38813,2.009952068,2.166800000,1.526000000,0.000000000
sample,generation,ordinary,512,524,5,411,1.861791968,2.016000000,0.919300000,0.000000000
sample,generation,ordinary,512,525,5,357,1.846495986,1.999300000,1.118800000,0.000000000
sample,generation,ordinary,512,526,5,1987,1.848031998,2.024100000,0.698900000,0.000000000
sample,generation,ordinary,512,527,5,287,1.879328012,2.031000000,1.042500000,0.000000000
sample,generation,ordinary,512,512,6,558,1.803871989,1.995500000,0.645900000,0.000000000
sample,generation,ordinary,512,513,6,272,1.832640052,1.983600000,0.635200000,0.000000000
sample,generation,ordinary,512,514,6,837,1.831616044,1.980800000,0.627900000,0.000000000
sample,generation,ordinary,512,515,6,351,1.829728007,1.979400000,0.642900000,0.000000000
sample,generation,ordinary,512,516,6,257,1.833407998,1.983400000,0.615600000,0.000000000
sample,generation,ordinary,512,517,6,1767,1.834239960,1.983100000,0.644000000,0.000000000
sample,generation,ordinary,512,518,6,4129,1.836928010,1.987300000,0.635800000,0.000000000
sample,generation,ordinary,512,519,6,510,1.849727988,2.013500000,0.861600000,0.000000000
sample,generation,ordinary,512,520,6,284,1.831168056,1.981200000,0.658400000,0.000000000
sample,generation,ordinary,512,521,6,3126,1.837087989,1.984900000,0.713800000,0.000000000
sample,generation,ordinary,512,522,6,1247,1.894559979,2.043400000,0.649500000,0.000000000
sample,generation,ordinary,512,523,6,38813,1.834048033,1.982500000,0.658200000,0.000000000
sample,generation,ordinary,512,524,6,411,1.839040041,1.986800000,0.713100000,0.000000000
sample,generation,ordinary,512,525,6,357,1.845152020,1.993400000,0.601000000,0.000000000
sample,generation,ordinary,512,526,6,1987,1.843423963,1.996600000,0.654200000,0.000000000
sample,generation,ordinary,512,527,6,287,1.831200004,2.976000000,0.767200000,0.000000000
sample,generation,graph,512,512,6,558,1.611232042,1.763300000,0.042600000,0.008200000
sample,generation,graph,512,513,6,272,1.617472053,1.771600000,0.042600000,0.008300000
sample,generation,graph,512,514,6,837,1.620800018,1.772800000,0.042500000,0.008100000
sample,generation,graph,512,515,6,351,1.616351962,1.794400000,0.042600000,0.008100000
sample,generation,graph,512,516,6,257,1.623775959,1.782800000,0.048500000,0.011700000
sample,generation,graph,512,517,6,1767,1.623584032,1.775700000,0.043700000,0.009000000
sample,generation,graph,512,518,6,4129,1.625568032,1.776800000,0.042000000,0.008400000
sample,generation,graph,512,519,6,510,1.617535949,1.770100000,0.042300000,0.008300000
sample,generation,graph,512,520,6,284,1.617632031,1.770500000,0.042200000,0.008200000
sample,generation,graph,512,521,6,3126,1.623391986,1.776500000,0.043000000,0.008600000
sample,generation,graph,512,522,6,1247,1.627583981,1.780400000,0.043100000,0.008500000
sample,generation,graph,512,523,6,38813,1.623327971,1.775800000,0.041800000,0.008300000
sample,generation,graph,512,524,6,411,1.622943997,1.785700000,0.042200000,0.008100000
sample,generation,graph,512,525,6,357,1.629472017,2.660300000,0.041500000,0.008500000
sample,generation,graph,512,526,6,1987,1.687136054,1.870400000,0.095800000,0.052400000
sample,generation,graph,512,527,6,287,1.621343970,1.769500000,0.040800000,0.008700000
sample,generation,graph,512,512,7,558,1.609279990,1.757600000,0.043000000,0.008300000
sample,generation,graph,512,513,7,272,1.616127968,1.799600000,0.042400000,0.008200000
sample,generation,graph,512,514,7,837,1.627743959,2.676200000,0.062800000,0.012800000
sample,generation,graph,512,515,7,351,1.744480014,1.934700000,0.236800000,0.084700000
sample,generation,graph,512,516,7,257,1.620704055,1.772600000,0.041900000,0.008600000
sample,generation,graph,512,517,7,1767,1.620831966,1.772800000,0.042300000,0.008400000
sample,generation,graph,512,518,7,4129,1.622079968,1.775000000,0.042100000,0.008300000
sample,generation,graph,512,519,7,510,1.617215991,1.769300000,0.042300000,0.008100000
sample,generation,graph,512,520,7,284,1.620192051,1.771900000,0.042000000,0.008100000
sample,generation,graph,512,521,7,3126,1.622848034,1.780200000,0.042800000,0.008200000
sample,generation,graph,512,522,7,1247,1.641824007,1.810500000,0.067000000,0.020600000
sample,generation,graph,512,523,7,38813,1.623391986,1.775500000,0.044100000,0.009500000
sample,generation,graph,512,524,7,411,1.626911998,1.786600000,0.043200000,0.009000000
sample,generation,graph,512,525,7,357,1.626335979,1.782100000,0.048900000,0.008600000
sample,generation,graph,512,526,7,1987,1.629439950,1.869800000,0.045900000,0.008000000
sample,generation,graph,512,527,7,287,1.622591972,2.095300000,0.054200000,0.008800000
sample,generation,ordinary,512,512,7,558,1.904896021,2.376500000,1.458300000,0.000000000
sample,generation,ordinary,512,513,7,272,2.002912045,2.476200000,1.610600000,0.000000000
sample,generation,ordinary,512,514,7,837,1.888800025,2.360500000,1.445300000,0.000000000
sample,generation,ordinary,512,515,7,351,1.911072016,2.252400000,1.528200000,0.000000000
sample,generation,ordinary,512,516,7,257,2.015039921,2.495200000,1.561700000,0.000000000
sample,generation,ordinary,512,517,7,1767,1.989215970,2.459600000,1.132600000,0.000000000
sample,generation,ordinary,512,518,7,4129,1.994783998,2.468100000,1.614000000,0.000000000
sample,generation,ordinary,512,519,7,510,1.909088016,2.238600000,1.388000000,0.000000000
sample,generation,ordinary,512,520,7,284,1.836384058,2.171300000,0.895700000,0.000000000
sample,generation,ordinary,512,521,7,3126,1.851264000,2.177700000,1.033800000,0.000000000
sample,generation,ordinary,512,522,7,1247,1.843935966,2.172500000,1.039200000,0.000000000
sample,generation,ordinary,512,523,7,38813,1.843808055,2.004100000,0.985900000,0.000000000
sample,generation,ordinary,512,524,7,411,1.842784047,1.994600000,0.857000000,0.000000000
sample,generation,ordinary,512,525,7,357,1.843583941,1.996300000,0.896400000,0.000000000
sample,generation,ordinary,512,526,7,1987,1.901407957,2.053500000,0.769900000,0.000000000
sample,generation,ordinary,512,527,7,287,1.839359999,1.992000000,0.913800000,0.000000000
sample,generation,ordinary,512,512,8,558,1.957664013,2.377900000,1.183900000,0.000000000
sample,generation,ordinary,512,513,8,272,1.877024055,2.298100000,0.950000000,0.000000000
sample,generation,ordinary,512,514,8,837,1.879487991,2.039100000,1.332500000,0.000000000
sample,generation,ordinary,512,515,8,351,1.880735993,2.306200000,0.913400000,0.000000000
sample,generation,ordinary,512,516,8,257,1.877024055,2.306000000,1.033500000,0.000000000
sample,generation,ordinary,512,517,8,1767,1.864256024,2.047600000,0.813200000,0.000000000
sample,generation,ordinary,512,518,8,4129,1.837344050,1.992800000,0.611700000,0.000000000
sample,generation,ordinary,512,519,8,510,1.835072041,2.104700000,0.880400000,0.000000000
sample,generation,ordinary,512,520,8,284,1.831488013,1.984700000,0.669600000,0.000000000
sample,generation,ordinary,512,521,8,3126,1.834560037,1.987000000,0.750100000,0.000000000
sample,generation,ordinary,512,522,8,1247,1.863968015,2.016100000,0.738300000,0.000000000
sample,generation,ordinary,512,523,8,38813,1.840831995,2.001200000,0.651900000,0.000000000
sample,generation,ordinary,512,524,8,411,1.827200055,1.989700000,0.880500000,0.000000000
sample,generation,ordinary,512,525,8,357,2.145472050,2.350500000,1.502300000,0.000000000
sample,generation,ordinary,512,526,8,1987,1.830656052,2.024000000,1.371400000,0.000000000
sample,generation,ordinary,512,527,8,287,3.091808081,3.255200000,2.323400000,0.000000000
sample,generation,graph,512,512,8,558,1.616544008,1.782500000,0.055800000,0.012100000
sample,generation,graph,512,513,8,272,1.629824042,1.836300000,0.065800000,0.015800000
sample,generation,graph,512,514,8,837,1.643712044,1.864800000,0.069200000,0.018900000
sample,generation,graph,512,515,8,351,1.668928027,1.856400000,0.106100000,0.035600000
sample,generation,graph,512,516,8,257,1.639199972,1.819100000,0.069800000,0.022500000
sample,generation,graph,512,517,8,1767,1.707424045,1.991800000,0.148200000,0.070700000
sample,generation,graph,512,518,8,4129,1.656927943,1.832200000,0.086800000,0.027300000
sample,generation,graph,512,519,8,510,1.639840007,1.810700000,0.065900000,0.022000000
sample,generation,graph,512,520,8,284,1.637824059,1.803300000,0.063700000,0.020200000
sample,generation,graph,512,521,8,3126,1.635807991,1.819700000,0.060300000,0.016800000
sample,generation,graph,512,522,8,1247,1.645344019,1.830600000,0.067300000,0.021400000
sample,generation,graph,512,523,8,38813,1.668480039,1.855900000,0.106100000,0.038200000
sample,generation,graph,512,524,8,411,1.633471966,1.799700000,0.053500000,0.014100000
sample,generation,graph,512,525,8,357,1.647071958,1.814100000,0.066600000,0.019600000
sample,generation,graph,512,526,8,1987,1.654656053,1.824500000,0.074400000,0.024000000
sample,generation,graph,512,527,8,287,1.667456031,1.881300000,0.088400000,0.024600000
sample,generation,graph,512,512,9,558,1.615712047,1.774000000,0.048600000,0.011800000
sample,generation,graph,512,513,9,272,1.616479993,1.770700000,0.044600000,0.009000000
sample,generation,graph,512,514,9,837,1.618047953,1.770700000,0.042500000,0.008500000
sample,generation,graph,512,515,9,351,1.615231991,1.768900000,0.043400000,0.008500000
sample,generation,graph,512,516,9,257,1.618368030,1.771900000,0.042400000,0.008300000
sample,generation,graph,512,517,9,1767,1.620383978,1.773700000,0.043600000,0.008300000
sample,generation,graph,512,518,9,4129,1.623360038,1.775700000,0.042800000,0.008200000
sample,generation,graph,512,519,9,510,1.615775943,1.767600000,0.042900000,0.008200000
sample,generation,graph,512,520,9,284,1.618911982,1.783100000,0.041600000,0.008300000
sample,generation,graph,512,521,9,3126,1.629920006,2.527100000,0.051900000,0.013100000
sample,generation,graph,512,522,9,1247,1.625823975,1.785000000,0.042700000,0.008800000
sample,generation,graph,512,523,9,38813,1.622431993,1.782000000,0.050000000,0.008400000
sample,generation,graph,512,524,9,411,1.625087976,1.784000000,0.046600000,0.008300000
sample,generation,graph,512,525,9,357,1.627200007,1.785300000,0.046700000,0.008300000
sample,generation,graph,512,526,9,1987,1.628415942,1.789600000,0.047400000,0.008300000
sample,generation,graph,512,527,9,287,1.620640039,1.774200000,0.046800000,0.008300000
sample,generation,ordinary,512,512,9,558,1.830495954,2.207900000,0.992700000,0.000000000
sample,generation,ordinary,512,513,9,272,1.837695956,1.989100000,0.954800000,0.000000000
sample,generation,ordinary,512,514,9,837,1.837183952,1.990100000,1.027400000,0.000000000
sample,generation,ordinary,512,515,9,351,1.834015965,1.985300000,1.122100000,0.000000000
sample,generation,ordinary,512,516,9,257,1.889567971,2.087800000,1.026100000,0.000000000
sample,generation,ordinary,512,517,9,1767,1.911648035,2.069100000,1.254600000,0.000000000
sample,generation,ordinary,512,518,9,4129,1.873407960,2.026500000,0.972800000,0.000000000
sample,generation,ordinary,512,519,9,510,1.913535953,2.070800000,1.450500000,0.000000000
sample,generation,ordinary,512,520,9,284,1.982432008,2.140800000,1.320200000,0.000000000
sample,generation,ordinary,512,521,9,3126,2.015808105,2.172800000,1.276200000,0.000000000
sample,generation,ordinary,512,522,9,1247,1.917183995,2.078600000,1.399600000,0.000000000
sample,generation,ordinary,512,523,9,38813,1.910560012,2.062500000,0.677100000,0.000000000
sample,generation,ordinary,512,524,9,411,1.941920042,2.109800000,1.310300000,0.000000000
sample,generation,ordinary,512,525,9,357,1.847584009,2.000300000,0.926000000,0.000000000
sample,generation,ordinary,512,526,9,1987,1.903936028,2.059100000,1.084600000,0.000000000
sample,generation,ordinary,512,527,9,287,1.837344050,1.993300000,0.733800000,0.000000000
sample,generation,ordinary,512,512,10,558,1.883455992,2.070600000,0.765600000,0.000000000
sample,generation,ordinary,512,513,10,272,3.067199945,3.222700000,2.665300000,0.000000000
sample,generation,ordinary,512,514,10,837,1.991583943,2.147500000,0.939400000,0.000000000
sample,generation,ordinary,512,515,10,351,1.983584046,2.143900000,1.300500000,0.000000000
sample,generation,ordinary,512,516,10,257,1.907999992,2.065200000,1.519600000,0.000000000
sample,generation,ordinary,512,517,10,1767,1.919935942,2.077500000,1.441900000,0.000000000
sample,generation,ordinary,512,518,10,4129,1.911231995,2.062900000,1.462200000,0.000000000
sample,generation,ordinary,512,519,10,510,1.884511948,2.151000000,1.022100000,0.000000000
sample,generation,ordinary,512,520,10,284,1.810655951,1.965800000,0.943900000,0.000000000
sample,generation,ordinary,512,521,10,3126,1.886271954,2.041000000,0.901100000,0.000000000
sample,generation,ordinary,512,522,10,1247,1.917888045,2.077200000,1.379800000,0.000000000
sample,generation,ordinary,512,523,10,38813,1.965695977,2.437900000,1.584200000,0.000000000
sample,generation,ordinary,512,524,10,411,1.921247959,2.145000000,1.482800000,0.000000000
sample,generation,ordinary,512,525,10,357,2.038367987,2.510800000,1.726200000,0.000000000
sample,generation,ordinary,512,526,10,1987,1.921599984,2.427800000,1.551200000,0.000000000
sample,generation,ordinary,512,527,10,287,1.899103999,2.385600000,1.243100000,0.000000000
sample,generation,graph,512,512,10,558,1.613023996,1.773900000,0.050300000,0.009400000
sample,generation,graph,512,513,10,272,1.618656039,2.097900000,0.050000000,0.008500000
sample,generation,graph,512,514,10,837,1.621631980,1.805200000,0.049300000,0.008700000
sample,generation,graph,512,515,10,351,1.616896033,2.089400000,0.049700000,0.008600000
sample,generation,graph,512,516,10,257,1.618783951,2.102600000,0.048700000,0.008100000
sample,generation,graph,512,517,10,1767,1.622751951,2.101000000,0.053500000,0.008300000
sample,generation,graph,512,518,10,4129,1.622879982,1.954500000,0.048800000,0.008400000
sample,generation,graph,512,519,10,510,1.617023945,1.769200000,0.043600000,0.008300000
sample,generation,graph,512,520,10,284,1.620543957,1.772600000,0.043100000,0.008500000
sample,generation,graph,512,521,10,3126,1.620895982,1.773000000,0.043200000,0.008300000
sample,generation,graph,512,522,10,1247,1.626080036,1.779100000,0.043200000,0.008300000
sample,generation,graph,512,523,10,38813,1.623872042,1.787200000,0.042700000,0.008200000
sample,generation,graph,512,524,10,411,1.629279971,1.785200000,0.047800000,0.011700000
sample,generation,graph,512,525,10,357,1.628095984,1.785300000,0.043700000,0.008900000
sample,generation,graph,512,526,10,1987,1.630911946,1.780100000,0.044000000,0.008600000
sample,generation,graph,512,527,10,287,1.619743943,1.776700000,0.042700000,0.008300000
sample,generation,graph,512,512,11,558,1.612319946,1.820600000,0.050700000,0.008900000
sample,generation,graph,512,513,11,272,1.637408018,1.892500000,0.147600000,0.018700000
sample,generation,graph,512,514,11,837,1.625056028,2.079800000,0.056500000,0.010800000
sample,generation,graph,512,515,11,351,1.616863966,2.084200000,0.052400000,0.009100000
sample,generation,graph,512,516,11,257,1.618304014,1.786200000,0.049500000,0.008700000
sample,generation,graph,512,517,11,1767,1.622176051,2.083900000,0.051000000,0.010400000
sample,generation,graph,512,518,11,4129,1.621536016,1.785300000,0.049800000,0.008300000
sample,generation,graph,512,519,11,510,1.616255999,2.077200000,0.049400000,0.008800000
sample,generation,graph,512,520,11,284,1.620800018,2.083500000,0.049700000,0.009000000
sample,generation,graph,512,521,11,3126,1.634304047,2.100500000,0.059400000,0.014600000
sample,generation,graph,512,522,11,1247,1.627967954,2.111600000,0.052300000,0.009100000
sample,generation,graph,512,523,11,38813,1.642783999,2.113000000,0.080400000,0.009000000
sample,generation,graph,512,524,11,411,1.635872006,2.109800000,0.056200000,0.009400000
sample,generation,graph,512,525,11,357,1.639487982,2.107900000,0.055300000,0.009500000
sample,generation,graph,512,526,11,1987,1.639039993,2.103000000,0.052200000,0.009300000
sample,generation,graph,512,527,11,287,1.625663996,1.823200000,0.053600000,0.010000000
sample,generation,ordinary,512,512,11,558,1.828832030,1.994400000,1.138500000,0.000000000
sample,generation,ordinary,512,513,11,272,1.835647941,1.990600000,0.915500000,0.000000000
sample,generation,ordinary,512,514,11,837,1.837983966,1.995600000,1.082800000,0.000000000
sample,generation,ordinary,512,515,11,351,1.873183966,2.026900000,1.494900000,0.000000000
sample,generation,ordinary,512,516,11,257,1.836992025,1.993700000,1.137200000,0.000000000
sample,generation,ordinary,512,517,11,1767,1.841439962,1.996000000,1.071000000,0.000000000
sample,generation,ordinary,512,518,11,4129,1.849120021,2.003400000,0.903300000,0.000000000
sample,generation,ordinary,512,519,11,510,1.836544037,1.991500000,1.255700000,0.000000000
sample,generation,ordinary,512,520,11,284,1.837759972,1.992800000,1.060500000,0.000000000
sample,generation,ordinary,512,521,11,3126,1.840448022,1.999100000,1.040200000,0.000000000
sample,generation,ordinary,512,522,11,1247,1.866752028,2.021100000,1.030000000,0.000000000
sample,generation,ordinary,512,523,11,38813,1.943007946,2.104000000,1.074300000,0.000000000
sample,generation,ordinary,512,524,11,411,1.885472059,2.044300000,1.292000000,0.000000000
sample,generation,ordinary,512,525,11,357,1.963392019,2.422600000,1.530000000,0.000000000
sample,generation,ordinary,512,526,11,1987,2.002079964,2.462500000,1.218500000,0.000000000
sample,generation,ordinary,512,527,11,287,1.991647959,2.450800000,1.211800000,0.000000000
sample,generation,ordinary,512,512,12,558,1.924991965,2.308100000,1.570800000,0.000000000
sample,generation,ordinary,512,513,12,272,1.914304018,2.378100000,1.568500000,0.000000000
sample,generation,ordinary,512,514,12,837,2.018176079,2.479800000,1.478700000,0.000000000
sample,generation,ordinary,512,515,12,351,1.926112056,2.399100000,1.578400000,0.000000000
sample,generation,ordinary,512,516,12,257,2.024224043,2.465600000,1.523600000,0.000000000
sample,generation,ordinary,512,517,12,1767,2.052288055,2.529400000,1.496900000,0.000000000
sample,generation,ordinary,512,518,12,4129,2.080127954,2.546300000,1.175300000,0.000000000
sample,generation,ordinary,512,519,12,510,2.118432045,2.582400000,1.273700000,0.000000000
sample,generation,ordinary,512,520,12,284,1.917024016,2.375800000,1.494300000,0.000000000
sample,generation,ordinary,512,521,12,3126,1.943904042,2.261400000,1.371800000,0.000000000
sample,generation,ordinary,512,522,12,1247,1.931743979,2.191700000,1.389700000,0.000000000
sample,generation,ordinary,512,523,12,38813,1.915104032,2.095000000,1.511300000,0.000000000
sample,generation,ordinary,512,524,12,411,1.948992014,2.115500000,1.349200000,0.000000000
sample,generation,ordinary,512,525,12,357,1.921599984,2.084400000,1.472100000,0.000000000
sample,generation,ordinary,512,526,12,1987,1.923743963,2.086400000,1.554600000,0.000000000
sample,generation,ordinary,512,527,12,287,2.014816046,2.183500000,0.927300000,0.000000000
sample,generation,graph,512,512,12,558,1.610880017,1.765100000,0.043100000,0.009200000
sample,generation,graph,512,513,12,272,1.616863966,1.771300000,0.041800000,0.008600000
sample,generation,graph,512,514,12,837,1.618144035,1.771800000,0.043600000,0.009000000
sample,generation,graph,512,515,12,351,1.615743995,1.771900000,0.043400000,0.008600000
sample,generation,graph,512,516,12,257,1.616927981,1.769800000,0.042600000,0.008300000
sample,generation,graph,512,517,12,1767,1.620000005,1.771700000,0.042900000,0.008200000
sample,generation,graph,512,518,12,4129,1.623232007,1.777500000,0.042700000,0.008200000
sample,generation,graph,512,519,12,510,1.616127968,1.763500000,0.041900000,0.008300000
sample,generation,graph,512,520,12,284,1.636288047,1.790500000,0.059200000,0.015600000
sample,generation,graph,512,521,12,3126,1.626943946,1.769800000,0.055600000,0.009200000
sample,generation,graph,512,522,12,1247,1.628736019,1.782500000,0.044500000,0.008700000
sample,generation,graph,512,523,12,38813,1.624511957,1.774700000,0.046500000,0.009200000
sample,generation,graph,512,524,12,411,1.623808026,1.774600000,0.043500000,0.008300000
sample,generation,graph,512,525,12,357,1.627679944,1.777200000,0.042900000,0.008600000
sample,generation,graph,512,526,12,1987,1.631263971,1.781900000,0.043800000,0.008400000
sample,generation,graph,512,527,12,287,1.621407986,1.798000000,0.042800000,0.008400000
sample,generation,graph,512,512,13,558,1.609472036,2.067800000,0.051900000,0.008500000
sample,generation,graph,512,513,13,272,1.620767951,2.052800000,0.068500000,0.011100000
sample,generation,graph,512,514,13,837,1.620128036,2.051800000,0.049800000,0.009200000
sample,generation,graph,512,515,13,351,1.615360022,1.779000000,0.050900000,0.009300000
sample,generation,graph,512,516,13,257,1.620128036,2.051600000,0.051400000,0.010100000
sample,generation,graph,512,517,13,1767,1.646880031,2.107300000,0.083400000,0.022800000
sample,generation,graph,512,518,13,4129,1.632735968,1.810000000,0.059500000,0.013300000
sample,generation,graph,512,519,13,510,1.621055961,2.079000000,0.054200000,0.011000000
sample,generation,graph,512,520,13,284,1.622848034,1.775800000,0.056000000,0.012000000
sample,generation,graph,512,521,13,3126,1.625023961,1.775300000,0.043400000,0.008800000
sample,generation,graph,512,522,13,1247,1.626207948,1.785100000,0.044300000,0.009700000
sample,generation,graph,512,523,13,38813,1.623648047,2.080900000,0.051800000,0.009800000
sample,generation,graph,512,524,13,411,1.631263971,2.069500000,0.057200000,0.013100000
sample,generation,graph,512,525,13,357,1.642207980,1.819500000,0.067900000,0.018200000
sample,generation,graph,512,526,13,1987,1.643808007,2.096000000,0.063400000,0.018000000
sample,generation,graph,512,527,13,287,1.632671952,1.796900000,0.060700000,0.015100000
sample,generation,ordinary,512,512,13,558,1.827775955,1.992100000,0.767700000,0.000000000
sample,generation,ordinary,512,513,13,272,1.833567977,1.987900000,0.671000000,0.000000000
sample,generation,ordinary,512,514,13,837,1.835232019,1.988100000,0.607800000,0.000000000
sample,generation,ordinary,512,515,13,351,1.889567971,2.043000000,0.661000000,0.000000000
sample,generation,ordinary,512,516,13,257,1.833920002,1.986800000,0.728100000,0.000000000
sample,generation,ordinary,512,517,13,1767,1.835199952,1.987900000,0.732800000,0.000000000
sample,generation,ordinary,512,518,13,4129,1.834079981,1.987100000,0.708700000,0.000000000
sample,generation,ordinary,512,519,13,510,1.832128048,1.989100000,0.676700000,0.000000000
sample,generation,ordinary,512,520,13,284,1.833727956,1.997300000,0.607500000,0.000000000
sample,generation,ordinary,512,521,13,3126,1.839391947,1.992900000,0.718400000,0.000000000
sample,generation,ordinary,512,522,13,1247,1.869343996,2.023000000,0.710700000,0.000000000
sample,generation,ordinary,512,523,13,38813,1.838080049,1.991500000,0.721800000,0.000000000
sample,generation,ordinary,512,524,13,411,1.838783979,1.991200000,0.726500000,0.000000000
sample,generation,ordinary,512,525,13,357,1.911263943,2.065300000,0.659600000,0.000000000
sample,generation,ordinary,512,526,13,1987,1.845504045,1.996300000,0.620100000,0.000000000
sample,generation,ordinary,512,527,13,287,1.835647941,1.989900000,0.713200000,0.000000000
sample,generation,ordinary,512,512,14,558,1.871584058,2.331400000,0.917000000,0.000000000
sample,generation,ordinary,512,513,14,272,1.880031943,2.337900000,0.918800000,0.000000000
sample,generation,ordinary,512,514,14,837,1.916576028,2.375500000,0.934600000,0.000000000
sample,generation,ordinary,512,515,14,351,1.897408009,2.321200000,0.908000000,0.000000000
sample,generation,ordinary,512,516,14,257,1.874495983,2.312300000,0.666700000,0.000000000
sample,generation,ordinary,512,517,14,1767,1.874112010,2.339000000,0.720700000,0.000000000
sample,generation,ordinary,512,518,14,4129,1.928992033,2.098400000,0.784100000,0.000000000
sample,generation,ordinary,512,519,14,510,1.897375941,2.342000000,1.107700000,0.000000000
sample,generation,ordinary,512,520,14,284,1.881312013,2.160000000,0.797900000,0.000000000
sample,generation,ordinary,512,521,14,3126,1.930207968,2.388900000,0.854100000,0.000000000
sample,generation,ordinary,512,522,14,1247,1.967967987,2.426000000,1.369100000,0.000000000
sample,generation,ordinary,512,523,14,38813,2.028000116,2.488400000,1.126000000,0.000000000
sample,generation,ordinary,512,524,14,411,1.890272021,2.325000000,0.852400000,0.000000000
sample,generation,ordinary,512,525,14,357,1.893344045,2.353200000,0.832600000,0.000000000
sample,generation,ordinary,512,526,14,1987,1.893344045,2.349400000,0.893000000,0.000000000
sample,generation,ordinary,512,527,14,287,1.916000009,2.377900000,0.934600000,0.000000000
sample,generation,graph,512,512,14,558,1.609887958,1.762500000,0.043500000,0.008600000
sample,generation,graph,512,513,14,272,1.617568016,1.812700000,0.043600000,0.009000000
sample,generation,graph,512,514,14,837,1.618880033,1.769000000,0.042900000,0.008700000
sample,generation,graph,512,515,14,351,1.614560008,1.775600000,0.043500000,0.008400000
sample,generation,graph,512,516,14,257,1.621984005,1.776000000,0.045800000,0.008400000
sample,generation,graph,512,517,14,1767,1.620223999,1.772800000,0.043800000,0.008500000
sample,generation,graph,512,518,14,4129,1.623391986,1.772500000,0.043000000,0.008500000
sample,generation,graph,512,519,14,510,1.620928049,2.360700000,0.045900000,0.012300000
sample,generation,graph,512,520,14,284,1.618944049,1.777800000,0.041800000,0.008600000
sample,generation,graph,512,521,14,3126,1.625375986,1.787500000,0.047400000,0.008600000
sample,generation,graph,512,522,14,1247,1.625920057,2.080300000,0.049000000,0.008700000
sample,generation,graph,512,523,14,38813,1.624799967,1.782500000,0.047400000,0.008700000
sample,generation,graph,512,524,14,411,1.625920057,1.998700000,0.051200000,0.008400000
sample,generation,graph,512,525,14,357,1.626911998,1.778400000,0.042000000,0.008300000
sample,generation,graph,512,526,14,1987,1.631935954,1.787000000,0.045600000,0.011700000
sample,generation,graph,512,527,14,287,1.623744011,1.779700000,0.044800000,0.009600000
sample,generation,graph,512,512,15,558,1.610816002,1.766500000,0.042300000,0.009000000
sample,generation,graph,512,513,15,272,1.625759959,1.781700000,0.067500000,0.008400000
sample,generation,graph,512,514,15,837,1.620831966,1.781700000,0.048700000,0.008900000
sample,generation,graph,512,515,15,351,1.616000056,1.781600000,0.048000000,0.008500000
sample,generation,graph,512,516,15,257,1.629824042,2.081200000,0.061800000,0.016100000
sample,generation,graph,512,517,15,1767,1.625887990,1.823800000,0.055000000,0.011600000
sample,generation,graph,512,518,15,4129,1.625344038,2.054100000,0.050600000,0.009000000
sample,generation,graph,512,519,15,510,1.618271947,1.778800000,0.051100000,0.010300000
sample,generation,graph,512,520,15,284,1.621760011,1.784300000,0.049200000,0.008800000
sample,generation,graph,512,521,15,3126,1.624096036,1.785600000,0.050800000,0.009200000
sample,generation,graph,512,522,15,1247,1.628607988,2.088500000,0.052600000,0.010000000
sample,generation,graph,512,523,15,38813,1.624127984,2.086500000,0.051700000,0.010000000
sample,generation,graph,512,524,15,411,1.638751984,2.103900000,0.084100000,0.016300000
sample,generation,graph,512,525,15,357,1.640768051,1.802600000,0.060500000,0.010900000
sample,generation,graph,512,526,15,1987,1.634431958,1.796200000,0.053500000,0.010800000
sample,generation,graph,512,527,15,287,1.624672055,2.084500000,0.053200000,0.010500000
sample,generation,ordinary,512,512,15,558,1.874112010,2.422900000,1.424000000,0.000000000
sample,generation,ordinary,512,513,15,272,1.880192041,2.335300000,0.923000000,0.000000000
sample,generation,ordinary,512,514,15,837,1.882400036,2.337700000,1.031800000,0.000000000
sample,generation,ordinary,512,515,15,351,2.126784086,2.597400000,0.725800000,0.000000000
sample,generation,ordinary,512,516,15,257,1.876160026,2.334900000,0.928900000,0.000000000
sample,generation,ordinary,512,517,15,1767,1.884927988,2.347500000,0.867100000,0.000000000
sample,generation,ordinary,512,518,15,4129,1.918975949,2.376500000,1.273500000,0.000000000
sample,generation,ordinary,512,519,15,510,1.879135966,2.334600000,0.902500000,0.000000000
sample,generation,ordinary,512,520,15,284,1.909088016,2.374900000,0.774300000,0.000000000
sample,generation,ordinary,512,521,15,3126,1.891839981,2.147800000,1.006400000,0.000000000
sample,generation,ordinary,512,522,15,1247,1.889696002,2.345700000,1.184600000,0.000000000
sample,generation,ordinary,512,523,15,38813,1.885599971,2.344400000,0.865400000,0.000000000
sample,generation,ordinary,512,524,15,411,1.987519979,2.437600000,0.772900000,0.000000000
sample,generation,ordinary,512,525,15,357,1.856511950,2.011800000,1.056400000,0.000000000
sample,generation,ordinary,512,526,15,1987,1.841951966,1.998200000,0.653000000,0.000000000
sample,generation,ordinary,512,527,15,287,1.834400058,1.989200000,0.707900000,0.000000000
sample,generation,ordinary,1007,1007,0,9106,3.499072075,3.860200000,2.183900000,0.000000000
sample,generation,ordinary,1007,1008,0,3876,2.186784029,2.340400000,0.652900000,0.000000000
sample,generation,ordinary,1007,1009,0,385,2.175103903,2.325400000,0.640500000,0.000000000
sample,generation,ordinary,1007,1010,0,318,2.158816099,2.310700000,0.685500000,0.000000000
sample,generation,ordinary,1007,1011,0,1043,2.157664061,2.307800000,0.609400000,0.000000000
sample,generation,ordinary,1007,1012,0,287,2.155424118,2.317700000,0.670400000,0.000000000
sample,generation,ordinary,1007,1013,0,262,2.150367975,2.303000000,0.532400000,0.000000000
sample,generation,ordinary,1007,1014,0,2258,2.163295984,2.314900000,0.627400000,0.000000000
sample,generation,ordinary,1007,1015,0,10596,2.159231901,2.310200000,0.609200000,0.000000000
sample,generation,ordinary,1007,1016,0,10692,2.160896063,2.311700000,0.659500000,0.000000000
sample,generation,ordinary,1007,1017,0,422,2.164416075,2.332600000,0.662200000,0.000000000
sample,generation,ordinary,1007,1018,0,262,2.164128065,2.315300000,0.729600000,0.000000000
sample,generation,ordinary,1007,1019,0,10183,2.163104057,2.324400000,0.636500000,0.000000000
sample,generation,ordinary,1007,1020,0,19517,2.164128065,2.315900000,0.636200000,0.000000000
sample,generation,ordinary,1007,1021,0,6896,2.167968035,2.317900000,0.661600000,0.000000000
sample,generation,ordinary,1007,1022,0,284,2.167551994,2.318700000,0.695300000,0.000000000
sample,generation,graph,1007,1007,0,9106,1.948320031,2.373800000,0.061600000,0.016000000
sample,generation,graph,1007,1008,0,3876,1.941408038,2.091100000,0.056400000,0.008700000
sample,generation,graph,1007,1009,0,385,1.941920042,2.093100000,0.042000000,0.008400000
sample,generation,graph,1007,1010,0,318,1.943232059,2.094600000,0.043600000,0.008500000
sample,generation,graph,1007,1011,0,1043,1.940799952,2.093300000,0.041800000,0.008500000
sample,generation,graph,1007,1012,0,287,1.944767952,2.114800000,0.051500000,0.008300000
sample,generation,graph,1007,1013,0,262,1.948096037,2.140100000,0.048100000,0.008500000
sample,generation,graph,1007,1014,0,2258,1.964159966,2.437500000,0.061700000,0.015600000
sample,generation,graph,1007,1015,0,10596,1.952448010,2.114200000,0.060600000,0.013600000
sample,generation,graph,1007,1016,0,10692,1.948256016,2.401800000,0.052200000,0.011200000
sample,generation,graph,1007,1017,0,422,1.953215957,2.414800000,0.058300000,0.012300000
sample,generation,graph,1007,1018,0,262,1.952288032,2.407200000,0.053200000,0.010900000
sample,generation,graph,1007,1019,0,10183,1.952864051,2.408300000,0.052300000,0.012200000
sample,generation,graph,1007,1020,0,19517,1.954399943,2.407000000,0.054400000,0.012700000
sample,generation,graph,1007,1021,0,6896,1.967360020,2.394300000,0.068500000,0.017900000
sample,generation,graph,1007,1022,0,284,1.964640021,2.420200000,0.060600000,0.015700000
sample,generation,graph,1007,1007,1,9106,1.937504053,2.404400000,0.050200000,0.008300000
sample,generation,graph,1007,1008,1,3876,1.949887991,2.406300000,0.058400000,0.012900000
sample,generation,graph,1007,1009,1,385,1.947615981,2.106200000,0.051600000,0.009000000
sample,generation,graph,1007,1010,1,318,1.945727944,2.399900000,0.049700000,0.008500000
sample,generation,graph,1007,1011,1,1043,1.940863967,2.094800000,0.048900000,0.008400000
sample,generation,graph,1007,1012,1,287,1.944383979,2.094800000,0.043000000,0.008400000
sample,generation,graph,1007,1013,1,262,1.945695996,2.097000000,0.042500000,0.008400000
sample,generation,graph,1007,1014,1,2258,1.949216008,2.138700000,0.042800000,0.008500000
sample,generation,graph,1007,1015,1,10596,1.968575954,2.138900000,0.066400000,0.025800000
sample,generation,graph,1007,1016,1,10692,1.949504018,2.101200000,0.046600000,0.010500000
sample,generation,graph,1007,1017,1,422,1.949856043,2.108300000,0.043700000,0.009100000
sample,generation,graph,1007,1018,1,262,1.952319980,2.387800000,0.050000000,0.009400000
sample,generation,graph,1007,1019,1,10183,1.953503966,2.410900000,0.057500000,0.012000000
sample,generation,graph,1007,1020,1,19517,1.951519966,2.420600000,0.055300000,0.010100000
sample,generation,graph,1007,1021,1,6896,1.954399943,2.429700000,0.052000000,0.010800000
sample,generation,graph,1007,1022,1,284,1.970911980,2.143900000,0.070000000,0.019500000
sample,generation,ordinary,1007,1007,1,9106,2.153343916,2.306000000,0.594200000,0.000000000
sample,generation,ordinary,1007,1008,1,3876,2.168128014,2.371700000,0.625600000,0.000000000
sample,generation,ordinary,1007,1009,1,385,3.352704048,3.512300000,0.694100000,0.000000000
sample,generation,ordinary,1007,1010,1,318,2.205503941,2.363900000,1.075100000,0.000000000
sample,generation,ordinary,1007,1011,1,1043,2.234783888,2.394100000,0.921800000,0.000000000
sample,generation,ordinary,1007,1012,1,287,2.234656096,2.391400000,1.046300000,0.000000000
sample,generation,ordinary,1007,1013,1,262,2.240351915,2.398100000,0.890600000,0.000000000
sample,generation,ordinary,1007,1014,1,2258,2.239871979,2.405800000,0.948500000,0.000000000
sample,generation,ordinary,1007,1015,1,10596,2.180831909,2.658200000,0.989400000,0.000000000
sample,generation,ordinary,1007,1016,1,10692,2.242208004,2.492500000,0.926600000,0.000000000
sample,generation,ordinary,1007,1017,1,422,2.166399956,2.634100000,0.633700000,0.000000000
sample,generation,ordinary,1007,1018,1,262,2.243551970,2.720300000,0.801500000,0.000000000
sample,generation,ordinary,1007,1019,1,10183,2.241983891,2.714600000,0.952800000,0.000000000
sample,generation,ordinary,1007,1020,1,19517,2.287168026,2.658400000,0.752600000,0.000000000
sample,generation,ordinary,1007,1021,1,6896,2.236704111,2.686200000,0.790700000,0.000000000
sample,generation,ordinary,1007,1022,1,284,2.170880079,2.328500000,0.751700000,0.000000000
sample,generation,ordinary,1007,1007,2,9106,2.224544048,2.705000000,0.880000000,0.000000000
sample,generation,ordinary,1007,1008,2,3876,2.227168083,2.704300000,0.661500000,0.000000000
sample,generation,ordinary,1007,1009,2,385,2.230079889,2.704200000,0.675000000,0.000000000
sample,generation,ordinary,1007,1010,2,318,2.209503889,2.682800000,0.698100000,0.000000000
sample,generation,ordinary,1007,1011,2,1043,2.229599953,2.700700000,0.725000000,0.000000000
sample,generation,ordinary,1007,1012,2,287,2.231744051,2.576200000,0.776900000,0.000000000
sample,generation,ordinary,1007,1013,2,262,2.233216047,2.503100000,0.799200000,0.000000000
sample,generation,ordinary,1007,1014,2,2258,2.170336008,2.323400000,0.645200000,0.000000000
sample,generation,ordinary,1007,1015,2,10596,2.225631952,2.382500000,0.696000000,0.000000000
sample,generation,ordinary,1007,1016,2,10692,2.287199974,2.443500000,0.817800000,0.000000000
sample,generation,ordinary,1007,1017,2,422,2.253087997,2.408900000,0.905800000,0.000000000
sample,generation,ordinary,1007,1018,2,262,2.237407923,2.398700000,0.665000000,0.000000000
sample,generation,ordinary,1007,1019,2,10183,2.237535954,2.397300000,0.701800000,0.000000000
sample,generation,ordinary,1007,1020,2,19517,2.163647890,2.315700000,0.612000000,0.000000000
sample,generation,ordinary,1007,1021,2,6896,2.167135954,2.317700000,0.754000000,0.000000000
sample,generation,ordinary,1007,1022,2,284,2.170047998,2.325700000,0.672300000,0.000000000
sample,generation,graph,1007,1007,2,9106,1.938048005,2.100900000,0.042800000,0.008500000
sample,generation,graph,1007,1008,2,3876,1.946431994,2.108300000,0.049000000,0.013500000
sample,generation,graph,1007,1009,2,385,1.946336031,2.107400000,0.048000000,0.010200000
sample,generation,graph,1007,1010,2,318,1.945503950,2.104100000,0.046400000,0.008500000
sample,generation,graph,1007,1011,2,1043,1.942623973,2.102500000,0.047000000,0.008300000
sample,generation,graph,1007,1012,2,287,1.942911983,2.103000000,0.047800000,0.008500000
sample,generation,graph,1007,1013,2,262,1.947360039,2.127200000,0.046400000,0.008500000
sample,generation,graph,1007,1014,2,2258,1.949151993,2.442400000,0.046600000,0.008400000
sample,generation,graph,1007,1015,2,10596,1.949247956,2.423800000,0.053600000,0.012100000
sample,generation,graph,1007,1016,2,10692,1.944607973,2.328400000,0.047400000,0.008700000
sample,generation,graph,1007,1017,2,422,1.946239948,2.097600000,0.041900000,0.008500000
sample,generation,graph,1007,1018,2,262,1.949632049,2.279600000,0.042400000,0.008400000
sample,generation,graph,1007,1019,2,10183,1.946815968,2.098900000,0.043500000,0.008400000
sample,generation,graph,1007,1020,2,19517,1.948480010,2.101000000,0.042200000,0.008300000
sample,generation,graph,1007,1021,2,6896,1.950431943,2.127800000,0.042000000,0.008400000
sample,generation,graph,1007,1022,2,284,1.963199973,2.127400000,0.054600000,0.013700000
sample,generation,graph,1007,1007,3,9106,1.938143969,2.089500000,0.043000000,0.008300000
sample,generation,graph,1007,1008,3,3876,1.940927982,2.092000000,0.042700000,0.008400000
sample,generation,graph,1007,1009,3,385,1.942368031,2.131700000,0.042600000,0.008700000
sample,generation,graph,1007,1010,3,318,1.951007962,2.578700000,0.048900000,0.012500000
sample,generation,graph,1007,1011,3,1043,1.943776011,2.095800000,0.043500000,0.009200000
sample,generation,graph,1007,1012,3,287,1.941535950,2.097700000,0.041700000,0.008800000
sample,generation,graph,1007,1013,3,262,1.946143985,2.106700000,0.046800000,0.008500000
sample,generation,graph,1007,1014,3,2258,1.948704004,2.108300000,0.046300000,0.008400000
sample,generation,graph,1007,1015,3,10596,1.943711996,2.102300000,0.046100000,0.008200000
sample,generation,graph,1007,1016,3,10692,1.945664048,2.149700000,0.046600000,0.008600000
sample,generation,graph,1007,1017,3,422,1.990847945,2.159100000,0.086000000,0.035500000
sample,generation,graph,1007,1018,3,262,1.966271996,2.132300000,0.059300000,0.017000000
sample,generation,graph,1007,1019,3,10183,1.949504018,2.107200000,0.049700000,0.009000000
sample,generation,graph,1007,1020,3,19517,1.950943947,2.386100000,0.047700000,0.008700000
sample,generation,graph,1007,1021,3,6896,1.952640057,2.424700000,0.048400000,0.008600000
sample,generation,graph,1007,1022,3,284,1.953536034,2.113700000,0.048000000,0.008600000
sample,generation,ordinary,1007,1007,3,9106,2.152192116,2.304700000,0.731800000,0.000000000
sample,generation,ordinary,1007,1008,3,3876,2.155999899,2.308700000,0.738700000,0.000000000
sample,generation,ordinary,1007,1009,3,385,2.160991907,2.313200000,0.646800000,0.000000000
sample,generation,ordinary,1007,1010,3,318,2.161727905,2.354300000,0.739400000,0.000000000
sample,generation,ordinary,1007,1011,3,1043,2.136672020,2.282500000,0.608400000,0.000000000
sample,generation,ordinary,1007,1012,3,287,2.147840023,2.288300000,0.577100000,0.000000000
sample,generation,ordinary,1007,1013,3,262,2.149919987,2.300700000,0.497900000,0.000000000
sample,generation,ordinary,1007,1014,3,2258,2.148960114,2.289900000,0.488900000,0.000000000
sample,generation,ordinary,1007,1015,3,10596,2.145567894,2.286300000,0.538700000,0.000000000
sample,generation,ordinary,1007,1016,3,10692,2.150432110,2.294600000,0.484400000,0.000000000
sample,generation,ordinary,1007,1017,3,422,2.155168056,2.321900000,0.567100000,0.000000000
sample,generation,ordinary,1007,1018,3,262,2.200351954,2.358400000,0.757700000,0.000000000
sample,generation,ordinary,1007,1019,3,10183,2.234816074,2.395100000,0.704200000,0.000000000
sample,generation,ordinary,1007,1020,3,19517,2.256704092,2.416000000,0.757000000,0.000000000
sample,generation,ordinary,1007,1021,3,6896,2.244224072,2.403600000,0.997200000,0.000000000
sample,generation,ordinary,1007,1022,3,284,2.308160067,2.463000000,1.018800000,0.000000000
sample,generation,ordinary,1007,1007,4,9106,2.229343891,2.388000000,0.926800000,0.000000000
sample,generation,ordinary,1007,1008,4,3876,2.202559948,2.360000000,1.043100000,0.000000000
sample,generation,ordinary,1007,1009,4,385,2.236831903,2.394700000,0.922800000,0.000000000
sample,generation,ordinary,1007,1010,4,318,2.233983994,2.698700000,0.952000000,0.000000000
sample,generation,ordinary,1007,1011,4,1043,2.182751894,2.485900000,1.049900000,0.000000000
sample,generation,ordinary,1007,1012,4,287,2.237983942,2.657600000,0.952900000,0.000000000
sample,generation,ordinary,1007,1013,4,262,2.292576075,2.761200000,0.863400000,0.000000000
sample,generation,ordinary,1007,1014,4,2258,2.269504070,2.749400000,0.950200000,0.000000000
sample,generation,ordinary,1007,1015,4,10596,2.237823963,2.710200000,0.946700000,0.000000000
sample,generation,ordinary,1007,1016,4,10692,2.209503889,2.693500000,0.975400000,0.000000000
sample,generation,ordinary,1007,1017,4,422,2.206304073,2.675500000,0.683200000,0.000000000
sample,generation,ordinary,1007,1018,4,262,2.208863974,2.678300000,0.585900000,0.000000000
sample,generation,ordinary,1007,1019,4,10183,2.207328081,2.582900000,0.641500000,0.000000000
sample,generation,ordinary,1007,1020,4,19517,2.208287954,2.678700000,0.662100000,0.000000000
sample,generation,ordinary,1007,1021,4,6896,2.205888033,2.540700000,0.590500000,0.000000000
sample,generation,ordinary,1007,1022,4,284,2.168607950,2.338400000,0.596300000,0.000000000
sample,generation,graph,1007,1007,4,9106,1.936383963,2.089000000,0.043200000,0.008600000
sample,generation,graph,1007,1008,4,3876,1.938591957,2.089500000,0.042100000,0.008400000
sample,generation,graph,1007,1009,4,385,1.940799952,2.162400000,0.042600000,0.008500000
sample,generation,graph,1007,1010,4,318,1.954367995,3.012500000,0.053800000,0.013700000
sample,generation,graph,1007,1011,4,1043,2.064671993,2.259000000,0.280500000,0.083400000
sample,generation,graph,1007,1012,4,287,1.942687988,2.092900000,0.042400000,0.008700000
sample,generation,graph,1007,1013,4,262,1.946655989,2.161600000,0.042500000,0.008600000
sample,generation,graph,1007,1014,4,2258,1.947839975,2.106500000,0.041600000,0.008300000
sample,generation,graph,1007,1015,4,10596,1.943040013,2.102700000,0.046200000,0.008600000
sample,generation,graph,1007,1016,4,10692,1.946015954,2.168200000,0.046900000,0.008400000
sample,generation,graph,1007,1017,4,422,1.952415943,2.377200000,0.058600000,0.011100000
sample,generation,graph,1007,1018,4,262,1.953567982,2.427700000,0.050700000,0.009400000
sample,generation,graph,1007,1019,4,10183,1.947551966,2.411100000,0.048300000,0.008400000
sample,generation,graph,1007,1020,4,19517,1.949599981,2.422900000,0.049000000,0.009200000
sample,generation,graph,1007,1021,4,6896,1.951040030,2.447600000,0.048200000,0.008300000
sample,generation,graph,1007,1022,4,284,1.954239964,2.423600000,0.048700000,0.008300000
sample,generation,graph,1007,1007,5,9106,1.937216043,2.086400000,0.042900000,0.008600000
sample,generation,graph,1007,1008,5,3876,1.941023946,2.090600000,0.042500000,0.008300000
sample,generation,graph,1007,1009,5,385,1.943328023,2.091400000,0.042300000,0.008400000
sample,generation,graph,1007,1010,5,318,1.944543958,2.093100000,0.042200000,0.008500000
sample,generation,graph,1007,1011,5,1043,1.943007946,2.110400000,0.042300000,0.008500000
sample,generation,graph,1007,1012,5,287,1.950559974,2.108500000,0.048600000,0.011900000
sample,generation,graph,1007,1013,5,262,1.945407987,2.099200000,0.043100000,0.008900000
sample,generation,graph,1007,1014,5,2258,1.948959947,2.101700000,0.042600000,0.008600000
sample,generation,graph,1007,1015,5,10596,1.940511942,2.095700000,0.042500000,0.008400000
sample,generation,graph,1007,1016,5,10692,1.945376039,2.096700000,0.041800000,0.008400000
sample,generation,graph,1007,1017,5,422,1.947936058,2.099900000,0.041900000,0.008200000
sample,generation,graph,1007,1018,5,262,1.949887991,2.098600000,0.042300000,0.008500000
sample,generation,graph,1007,1019,5,10183,1.951424003,2.120300000,0.076700000,0.015000000
sample,generation,graph,1007,1020,5,19517,1.949856043,2.111600000,0.125800000,0.011200000
sample,generation,graph,1007,1021,5,6896,1.953631997,2.111200000,0.047500000,0.008600000
sample,generation,graph,1007,1022,5,284,1.955360055,2.113100000,0.046700000,0.008400000
sample,generation,ordinary,1007,1007,5,9106,3.233567953,3.397100000,0.714100000,0.000000000
sample,generation,ordinary,1007,1008,5,3876,2.142879963,2.295200000,0.715700000,0.000000000
sample,generation,ordinary,1007,1009,5,385,2.195584059,2.347100000,0.759300000,0.000000000
sample,generation,ordinary,1007,1010,5,318,2.159615993,2.311300000,0.729700000,0.000000000
sample,generation,ordinary,1007,1011,5,1043,2.157727957,2.309500000,0.704500000,0.000000000
sample,generation,ordinary,1007,1012,5,287,2.158943892,2.337900000,0.732600000,0.000000000
sample,generation,ordinary,1007,1013,5,262,2.187711954,2.353100000,0.697400000,0.000000000
sample,generation,ordinary,1007,1014,5,2258,2.185440063,2.344600000,0.650900000,0.000000000
sample,generation,ordinary,1007,1015,5,10596,2.200191975,2.356500000,0.742500000,0.000000000
sample,generation,ordinary,1007,1016,5,10692,2.234143972,2.399400000,1.078900000,0.000000000
sample,generation,ordinary,1007,1017,5,422,2.237920046,2.396100000,1.071700000,0.000000000
sample,generation,ordinary,1007,1018,5,262,2.238656044,2.396600000,1.073600000,0.000000000
sample,generation,ordinary,1007,1019,5,10183,2.212671995,2.704600000,1.155100000,0.000000000
sample,generation,ordinary,1007,1020,5,19517,2.243999958,2.715700000,0.944700000,0.000000000
sample,generation,ordinary,1007,1021,5,6896,2.245919943,2.718300000,0.924200000,0.000000000
sample,generation,ordinary,1007,1022,5,284,2.297312021,2.771300000,0.899100000,0.000000000
sample,generation,ordinary,1007,1007,6,9106,2.154911995,2.305600000,0.740100000,0.000000000
sample,generation,ordinary,1007,1008,6,3876,2.152735949,2.304400000,0.735200000,0.000000000
sample,generation,ordinary,1007,1009,6,385,2.172512054,2.323900000,0.707600000,0.000000000
sample,generation,ordinary,1007,1010,6,318,2.162784100,2.314500000,0.639000000,0.000000000
sample,generation,ordinary,1007,1011,6,1043,2.159519911,2.310900000,0.701900000,0.000000000
sample,generation,ordinary,1007,1012,6,287,2.153599977,2.321900000,0.734200000,0.000000000
sample,generation,ordinary,1007,1013,6,262,3.341759920,3.493000000,2.285900000,0.000000000
sample,generation,ordinary,1007,1014,6,2258,2.174047947,2.325400000,0.643200000,0.000000000
sample,generation,ordinary,1007,1015,6,10596,2.158688068,2.310100000,0.714500000,0.000000000
sample,generation,ordinary,1007,1016,6,10692,2.158816099,2.310000000,0.732600000,0.000000000
sample,generation,ordinary,1007,1017,6,422,2.277568102,2.429000000,0.729200000,0.000000000
sample,generation,ordinary,1007,1018,6,262,2.165728092,2.345400000,0.729800000,0.000000000
sample,generation,ordinary,1007,1019,6,10183,2.135328054,2.291200000,0.595900000,0.000000000
sample,generation,ordinary,1007,1020,6,19517,2.165087938,2.321100000,0.855300000,0.000000000
sample,generation,ordinary,1007,1021,6,6896,2.244127989,2.400400000,0.947300000,0.000000000
sample,generation,ordinary,1007,1022,6,284,2.246848106,2.404500000,0.848400000,0.000000000
sample,generation,graph,1007,1007,6,9106,1.937952042,2.098400000,0.046900000,0.008200000
sample,generation,graph,1007,1008,6,3876,1.938400030,2.416200000,0.047900000,0.008100000
sample,generation,graph,1007,1009,6,385,1.941344023,2.253400000,0.048400000,0.008100000
sample,generation,graph,1007,1010,6,318,1.946943998,2.160600000,0.047900000,0.008300000
sample,generation,graph,1007,1011,6,1043,1.942752004,2.279500000,0.042900000,0.008000000
sample,generation,graph,1007,1012,6,287,1.943519950,2.111000000,0.043200000,0.008300000
sample,generation,graph,1007,1013,6,262,1.955808043,2.115900000,0.050700000,0.013500000
sample,generation,graph,1007,1014,6,2258,1.952927947,2.110400000,0.048300000,0.011200000
sample,generation,graph,1007,1015,6,10596,1.942463994,2.094200000,0.042900000,0.008400000
sample,generation,graph,1007,1016,6,10692,1.945600033,2.101400000,0.045100000,0.010800000
sample,generation,graph,1007,1017,6,422,1.946143985,2.098000000,0.042500000,0.008200000
sample,generation,graph,1007,1018,6,262,1.950111985,2.102200000,0.042500000,0.008200000
sample,generation,graph,1007,1019,6,10183,1.946431994,2.097900000,0.042200000,0.008200000
sample,generation,graph,1007,1020,6,19517,1.947167993,2.117600000,0.042600000,0.008200000
sample,generation,graph,1007,1021,6,6896,1.961375952,2.263500000,0.054400000,0.012800000
sample,generation,graph,1007,1022,6,284,1.957183957,2.111500000,0.044200000,0.009200000
sample,generation,graph,1007,1007,7,9106,1.938240051,2.279300000,0.046800000,0.008200000
sample,generation,graph,1007,1008,7,3876,1.952640057,2.409000000,0.069400000,0.016600000
sample,generation,graph,1007,1009,7,385,1.953951955,2.200100000,0.061600000,0.016000000
sample,generation,graph,1007,1010,7,318,1.945791960,2.422100000,0.051500000,0.008900000
sample,generation,graph,1007,1011,7,1043,1.941568017,2.400200000,0.048300000,0.008200000
sample,generation,graph,1007,1012,7,287,1.943392038,2.103100000,0.048900000,0.008200000
sample,generation,graph,1007,1013,7,262,1.946176052,2.420000000,0.048100000,0.008200000
sample,generation,graph,1007,1014,7,2258,1.948256016,2.422100000,0.047800000,0.008000000
sample,generation,graph,1007,1015,7,10596,1.943135977,2.380100000,0.050700000,0.009300000
sample,generation,graph,1007,1016,7,10692,1.953503966,2.394700000,0.057900000,0.013800000
sample,generation,graph,1007,1017,7,422,1.952895999,2.381600000,0.052800000,0.011100000
sample,generation,graph,1007,1018,7,262,1.952031970,2.124100000,0.047500000,0.009800000
sample,generation,graph,1007,1019,7,10183,1.948863983,2.103100000,0.043800000,0.009100000
sample,generation,graph,1007,1020,7,19517,1.947520018,2.100200000,0.042500000,0.008300000
sample,generation,graph,1007,1021,7,6896,1.951167941,2.146400000,0.042100000,0.008200000
sample,generation,graph,1007,1022,7,284,1.961760044,2.120000000,0.051800000,0.012900000
sample,generation,ordinary,1007,1007,7,9106,2.153343916,2.304600000,0.611200000,0.000000000
sample,generation,ordinary,1007,1008,7,3876,2.239968061,2.400000000,0.589900000,0.000000000
sample,generation,ordinary,1007,1009,7,385,2.133408070,2.286700000,0.524400000,0.000000000
sample,generation,ordinary,1007,1010,7,318,2.159039974,2.305000000,0.553500000,0.000000000
sample,generation,ordinary,1007,1011,7,1043,2.146624088,2.295600000,0.611200000,0.000000000
sample,generation,ordinary,1007,1012,7,287,2.178240061,2.327500000,0.588700000,0.000000000
sample,generation,ordinary,1007,1013,7,262,2.160896063,2.310500000,0.549000000,0.000000000
sample,generation,ordinary,1007,1014,7,2258,2.178528070,2.558400000,0.569500000,0.000000000
sample,generation,ordinary,1007,1015,7,10596,2.185152054,2.630800000,0.966000000,0.000000000
sample,generation,ordinary,1007,1016,7,10692,2.340800047,2.687800000,0.836500000,0.000000000
sample,generation,ordinary,1007,1017,7,422,2.238656044,2.709000000,0.759200000,0.000000000
sample,generation,ordinary,1007,1018,7,262,2.240607977,2.720500000,0.818400000,0.000000000
sample,generation,ordinary,1007,1019,7,10183,2.236896038,2.694800000,0.672500000,0.000000000
sample,generation,ordinary,1007,1020,7,19517,2.235487938,2.743600000,0.828700000,0.000000000
sample,generation,ordinary,1007,1021,7,6896,2.191488028,2.668700000,0.839500000,0.000000000
sample,generation,ordinary,1007,1022,7,284,2.218271971,2.691700000,0.670600000,0.000000000
sample,generation,ordinary,1007,1007,8,9106,2.246304035,2.704800000,0.789500000,0.000000000
sample,generation,ordinary,1007,1008,8,3876,2.227200031,2.696800000,0.797500000,0.000000000
sample,generation,ordinary,1007,1009,8,385,2.247136116,2.576500000,0.757600000,0.000000000
sample,generation,ordinary,1007,1010,8,318,2.194015980,2.526500000,0.627600000,0.000000000
sample,generation,ordinary,1007,1011,8,1043,2.157088041,2.356500000,0.622600000,0.000000000
sample,generation,ordinary,1007,1012,8,287,2.157792091,2.309400000,0.709300000,0.000000000
sample,generation,ordinary,1007,1013,8,262,2.160095930,2.320100000,0.720100000,0.000000000
sample,generation,ordinary,1007,1014,8,2258,2.160448074,2.329800000,0.638300000,0.000000000
sample,generation,ordinary,1007,1015,8,10596,2.154335976,2.306400000,0.609500000,0.000000000
sample,generation,ordinary,1007,1016,8,10692,2.159104109,2.310600000,0.775500000,0.000000000
sample,generation,ordinary,1007,1017,8,422,2.164448023,2.315600000,0.626700000,0.000000000
sample,generation,ordinary,1007,1018,8,262,2.167263985,2.319200000,0.642200000,0.000000000
sample,generation,ordinary,1007,1019,8,10183,2.179775953,2.352900000,0.648700000,0.000000000
sample,generation,ordinary,1007,1020,8,19517,2.150592089,3.207400000,0.626300000,0.000000000
sample,generation,ordinary,1007,1021,8,6896,2.290976048,2.467700000,0.605200000,0.000000000
sample,generation,ordinary,1007,1022,8,284,2.244224072,2.402700000,0.959900000,0.000000000
sample,generation,graph,1007,1007,8,9106,1.961663961,2.129400000,0.068600000,0.025700000
sample,generation,graph,1007,1008,8,3876,1.942368031,2.419800000,0.054600000,0.010200000
sample,generation,graph,1007,1009,8,385,1.943743944,2.418200000,0.048700000,0.008600000
sample,generation,graph,1007,1010,8,318,1.943071961,2.416000000,0.049500000,0.008200000
sample,generation,graph,1007,1011,8,1043,1.940544009,2.415400000,0.047900000,0.008100000
sample,generation,graph,1007,1012,8,287,1.943583965,2.101200000,0.048100000,0.008400000
sample,generation,graph,1007,1013,8,262,1.947744012,2.447300000,0.050000000,0.008300000
sample,generation,graph,1007,1014,8,2258,1.953503966,2.114600000,0.051300000,0.010400000
sample,generation,graph,1007,1015,8,10596,1.944416046,2.170900000,0.050100000,0.008400000
sample,generation,graph,1007,1016,8,10692,1.944671988,2.096700000,0.042700000,0.008400000
sample,generation,graph,1007,1017,8,422,1.947775960,2.103400000,0.042700000,0.008400000
sample,generation,graph,1007,1018,8,262,1.950623989,2.103100000,0.042300000,0.008100000
sample,generation,graph,1007,1019,8,10183,1.946560025,2.098200000,0.043600000,0.008100000
sample,generation,graph,1007,1020,8,19517,1.947167993,2.099000000,0.042000000,0.008300000
sample,generation,graph,1007,1021,8,6896,1.949599981,2.115700000,0.042400000,0.008300000
sample,generation,graph,1007,1022,8,284,1.955199957,2.108000000,0.042100000,0.008600000
sample,generation,graph,1007,1007,9,9106,1.936511993,2.111500000,0.042900000,0.008200000
sample,generation,graph,1007,1008,9,3876,1.940320015,2.107200000,0.042700000,0.008200000
sample,generation,graph,1007,1009,9,385,1.954144001,2.117700000,0.055700000,0.016300000
sample,generation,graph,1007,1010,9,318,1.948415995,2.121600000,0.049600000,0.010600000
sample,generation,graph,1007,1011,9,1043,1.939551950,2.089600000,0.042200000,0.008300000
sample,generation,graph,1007,1012,9,287,1.943807960,2.106400000,0.041600000,0.008200000
sample,generation,graph,1007,1013,9,262,1.948223948,2.107200000,0.047200000,0.008400000
sample,generation,graph,1007,1014,9,2258,1.947615981,2.107000000,0.047400000,0.008100000
sample,generation,graph,1007,1015,9,10596,1.942368031,2.101000000,0.046600000,0.008100000
sample,generation,graph,1007,1016,9,10692,1.940224051,2.438100000,0.073400000,0.008400000
sample,generation,graph,1007,1017,9,422,1.987167954,2.429500000,0.093600000,0.034000000
sample,generation,graph,1007,1018,9,262,1.954144001,2.117300000,0.057300000,0.010200000
sample,generation,graph,1007,1019,9,10183,1.948735952,2.421900000,0.052200000,0.009100000
sample,generation,graph,1007,1020,9,19517,1.949247956,2.422100000,0.048300000,0.008100000
sample,generation,graph,1007,1021,9,6896,1.951583982,2.110000000,0.048400000,0.008300000
sample,generation,graph,1007,1022,9,284,1.955680013,2.386500000,0.047500000,0.008400000
sample,generation,ordinary,1007,1007,9,9106,2.228575945,2.389100000,1.059800000,0.000000000
sample,generation,ordinary,1007,1008,9,3876,2.206784010,2.658300000,1.050200000,0.000000000
sample,generation,ordinary,1007,1009,9,385,2.327104092,2.495300000,0.859400000,0.000000000
sample,generation,ordinary,1007,1010,9,318,2.233407974,2.562900000,0.911800000,0.000000000
sample,generation,ordinary,1007,1011,9,1043,2.157759905,2.487500000,0.720600000,0.000000000
sample,generation,ordinary,1007,1012,9,287,2.159296036,2.487900000,0.681300000,0.000000000
sample,generation,ordinary,1007,1013,9,262,2.162528038,2.313800000,0.738200000,0.000000000
sample,generation,ordinary,1007,1014,9,2258,2.166496038,2.318800000,0.707200000,0.000000000
sample,generation,ordinary,1007,1015,9,10596,2.158143997,2.319800000,0.727800000,0.000000000
sample,generation,ordinary,1007,1016,9,10692,2.161407948,2.313800000,0.735200000,0.000000000
sample,generation,ordinary,1007,1017,9,422,2.196576118,2.348300000,0.713800000,0.000000000
sample,generation,ordinary,1007,1018,9,262,2.165152073,2.316800000,0.725200000,0.000000000
sample,generation,ordinary,1007,1019,9,10183,2.161119938,2.313000000,0.725600000,0.000000000
sample,generation,ordinary,1007,1020,9,19517,2.163808107,2.318100000,0.707800000,0.000000000
sample,generation,ordinary,1007,1021,9,6896,2.169888020,2.321100000,0.706800000,0.000000000
sample,generation,ordinary,1007,1022,9,284,2.224319935,3.265200000,0.760800000,0.000000000
sample,generation,ordinary,1007,1007,10,9106,2.226111889,2.399400000,0.725800000,0.000000000
sample,generation,ordinary,1007,1008,10,3876,2.223135948,2.475300000,1.002500000,0.000000000
sample,generation,ordinary,1007,1009,10,385,2.398943901,2.841000000,1.270800000,0.000000000
sample,generation,ordinary,1007,1010,10,318,2.422591925,2.873000000,0.871400000,0.000000000
sample,generation,ordinary,1007,1011,10,1043,2.264512062,2.748300000,0.948300000,0.000000000
sample,generation,ordinary,1007,1012,10,287,2.282912016,2.738800000,1.270700000,0.000000000
sample,generation,ordinary,1007,1013,10,262,2.207200050,2.674600000,1.066400000,0.000000000
sample,generation,ordinary,1007,1014,10,2258,2.249504089,2.748800000,1.087400000,0.000000000
sample,generation,ordinary,1007,1015,10,10596,2.238015890,2.711900000,1.071100000,0.000000000
sample,generation,ordinary,1007,1016,10,10692,2.224319935,2.568300000,0.949700000,0.000000000
sample,generation,ordinary,1007,1017,10,422,2.186815977,2.654400000,0.713900000,0.000000000
sample,generation,ordinary,1007,1018,10,262,2.216831923,2.690200000,1.039500000,0.000000000
sample,generation,ordinary,1007,1019,10,10183,2.239775896,2.652800000,0.933100000,0.000000000
sample,generation,ordinary,1007,1020,10,19517,2.208575964,2.663400000,0.661100000,0.000000000
sample,generation,ordinary,1007,1021,10,6896,2.298880100,2.751100000,0.691900000,0.000000000
sample,generation,ordinary,1007,1022,10,284,2.170207977,2.502000000,0.733500000,0.000000000
sample,generation,graph,1007,1007,10,9106,1.938431978,2.103400000,0.042700000,0.008300000
sample,generation,graph,1007,1008,10,3876,1.952736020,2.113300000,0.079800000,0.017000000
sample,generation,graph,1007,1009,10,385,1.942944050,2.100900000,0.046600000,0.009700000
sample,generation,graph,1007,1010,10,318,1.943968058,2.102000000,0.046800000,0.008400000
sample,generation,graph,1007,1011,10,1043,1.941375971,2.422500000,0.047000000,0.008300000
sample,generation,graph,1007,1012,10,287,1.941599965,2.420800000,0.048700000,0.008500000
sample,generation,graph,1007,1013,10,262,1.946176052,2.106000000,0.048900000,0.008300000
sample,generation,graph,1007,1014,10,2258,1.951455951,2.419800000,0.046900000,0.008100000
sample,generation,graph,1007,1015,10,10596,1.960127950,2.441500000,0.088900000,0.020100000
sample,generation,graph,1007,1016,10,10692,1.947648048,2.424800000,0.049100000,0.009000000
sample,generation,graph,1007,1017,10,422,1.947263956,2.110800000,0.048300000,0.008300000
sample,generation,graph,1007,1018,10,262,1.948959947,2.435100000,0.050200000,0.008700000
sample,generation,graph,1007,1019,10,10183,1.948032022,2.106300000,0.048700000,0.008500000
sample,generation,graph,1007,1020,10,19517,1.949792027,2.108500000,0.047800000,0.008000000
sample,generation,graph,1007,1021,10,6896,1.951455951,2.122000000,0.047400000,0.008400000
sample,generation,graph,1007,1022,10,284,1.961248040,2.299900000,0.053600000,0.011800000
sample,generation,graph,1007,1007,11,9106,1.936640024,2.088600000,0.042500000,0.008300000
sample,generation,graph,1007,1008,11,3876,1.937312007,2.104800000,0.042200000,0.008200000
sample,generation,graph,1007,1009,11,385,1.942975998,2.097800000,0.042300000,0.008500000
sample,generation,graph,1007,1010,11,318,1.945119977,2.096400000,0.041500000,0.008200000
sample,generation,graph,1007,1011,11,1043,1.941792011,2.093100000,0.042500000,0.008300000
sample,generation,graph,1007,1012,11,287,1.942911983,2.096200000,0.042500000,0.008300000
sample,generation,graph,1007,1013,11,262,1.945088029,2.096300000,0.042700000,0.008300000
sample,generation,graph,1007,1014,11,2258,1.947520018,2.100200000,0.042400000,0.008000000
sample,generation,graph,1007,1015,11,10596,1.940863967,2.092300000,0.041200000,0.008200000
sample,generation,graph,1007,1016,11,10692,1.943904042,2.124900000,0.042500000,0.008300000
sample,generation,graph,1007,1017,11,422,1.954687953,2.119600000,0.051600000,0.013700000
sample,generation,graph,1007,1018,11,262,1.954112053,2.113700000,0.050600000,0.011200000
sample,generation,graph,1007,1019,11,10183,1.946176052,2.104700000,0.047600000,0.008400000
sample,generation,graph,1007,1020,11,19517,1.949120045,2.503000000,0.047200000,0.008300000
sample,generation,graph,1007,1021,11,6896,1.954687953,2.113300000,0.050200000,0.009500000
sample,generation,graph,1007,1022,11,284,1.953824043,2.440300000,0.047000000,0.008300000
sample,generation,ordinary,1007,1007,11,9106,2.194495916,2.352100000,0.730900000,0.000000000
sample,generation,ordinary,1007,1008,11,3876,2.229759932,2.387900000,1.079100000,0.000000000
sample,generation,ordinary,1007,1009,11,385,2.238336086,2.729500000,0.960400000,0.000000000
sample,generation,ordinary,1007,1010,11,318,2.209503889,2.682000000,0.712200000,0.000000000
sample,generation,ordinary,1007,1011,11,1043,2.203039885,2.677400000,0.617200000,0.000000000
sample,generation,ordinary,1007,1012,11,287,2.199775934,2.670500000,0.657500000,0.000000000
sample,generation,ordinary,1007,1013,11,262,2.207743883,2.678800000,0.637900000,0.000000000
sample,generation,ordinary,1007,1014,11,2258,2.210720062,2.685400000,0.610300000,0.000000000
sample,generation,ordinary,1007,1015,11,10596,2.210239887,2.557300000,0.627800000,0.000000000
sample,generation,ordinary,1007,1016,11,10692,2.160448074,2.310600000,0.612800000,0.000000000
sample,generation,ordinary,1007,1017,11,422,2.165663958,2.314200000,0.611600000,0.000000000
sample,generation,ordinary,1007,1018,11,262,2.172096014,2.326100000,0.614400000,0.000000000
sample,generation,ordinary,1007,1019,11,10183,2.199039936,2.351900000,0.590500000,0.000000000
sample,generation,ordinary,1007,1020,11,19517,2.205823898,2.382100000,0.629200000,0.000000000
sample,generation,ordinary,1007,1021,11,6896,2.210272074,2.366300000,0.599000000,0.000000000
sample,generation,ordinary,1007,1022,11,284,2.212352037,2.644800000,0.636600000,0.000000000
sample,generation,ordinary,1007,1007,12,9106,2.232448101,2.391200000,1.079700000,0.000000000
sample,generation,ordinary,1007,1008,12,3876,2.231424093,2.388500000,1.075700000,0.000000000
sample,generation,ordinary,1007,1009,12,385,2.269151926,2.457000000,1.082700000,0.000000000
sample,generation,ordinary,1007,1010,12,318,2.157567978,2.311700000,0.740400000,0.000000000
sample,generation,ordinary,1007,1011,12,1043,2.157439947,2.306400000,0.742200000,0.000000000
sample,generation,ordinary,1007,1012,12,287,2.155263901,2.306300000,0.702800000,0.000000000
sample,generation,ordinary,1007,1013,12,262,2.162336111,2.313900000,0.702500000,0.000000000
sample,generation,ordinary,1007,1014,12,2258,2.163072109,2.311200000,0.624600000,0.000000000
sample,generation,ordinary,1007,1015,12,10596,2.228384018,2.385000000,0.793900000,0.000000000
sample,generation,ordinary,1007,1016,12,10692,2.209248066,2.656700000,1.059700000,0.000000000
sample,generation,ordinary,1007,1017,12,422,2.439392090,2.916000000,0.836800000,0.000000000
sample,generation,ordinary,1007,1018,12,262,2.244704008,2.720800000,0.953100000,0.000000000
sample,generation,ordinary,1007,1019,12,10183,2.239840031,2.397400000,0.929600000,0.000000000
sample,generation,ordinary,1007,1020,12,19517,2.214272022,2.686300000,1.007600000,0.000000000
sample,generation,ordinary,1007,1021,12,6896,2.245568037,2.678800000,0.940900000,0.000000000
sample,generation,ordinary,1007,1022,12,284,2.263839960,2.762800000,0.951900000,0.000000000
sample,generation,graph,1007,1007,12,9106,1.938976049,2.093800000,0.043500000,0.008900000
sample,generation,graph,1007,1008,12,3876,1.942687988,2.096200000,0.043700000,0.008900000
sample,generation,graph,1007,1009,12,385,1.942816019,2.115200000,0.043500000,0.009000000
sample,generation,graph,1007,1010,12,318,1.954975963,2.152800000,0.051100000,0.013600000
sample,generation,graph,1007,1011,12,1043,1.944288015,2.100100000,0.044000000,0.009800000
sample,generation,graph,1007,1012,12,287,1.945503950,2.101900000,0.046300000,0.010200000
sample,generation,graph,1007,1013,12,262,1.950016022,2.107300000,0.047400000,0.011300000
sample,generation,graph,1007,1014,12,2258,1.953215957,2.112900000,0.047900000,0.011400000
sample,generation,graph,1007,1015,12,10596,1.950752020,2.107400000,0.049800000,0.012000000
sample,generation,graph,1007,1016,12,10692,1.951264024,2.153800000,0.052900000,0.015000000
sample,generation,graph,1007,1017,12,422,1.971007943,2.167600000,0.072700000,0.023400000
sample,generation,graph,1007,1018,12,262,1.968575954,2.129300000,0.062800000,0.017300000
sample,generation,graph,1007,1019,12,10183,1.970175982,2.395400000,0.070200000,0.010300000
sample,generation,graph,1007,1020,12,19517,1.951104045,2.119800000,0.055900000,0.010800000
sample,generation,graph,1007,1021,12,6896,1.958431959,2.378700000,0.055900000,0.011300000
sample,generation,graph,1007,1022,12,284,1.959200025,2.324100000,0.052600000,0.010000000
sample,generation,graph,1007,1007,13,9106,1.937376022,2.098000000,0.047600000,0.008200000
sample,generation,graph,1007,1008,13,3876,1.940384030,2.506900000,0.048300000,0.008200000
sample,generation,graph,1007,1009,13,385,1.943743944,2.419200000,0.047900000,0.008100000
sample,generation,graph,1007,1010,13,318,1.943743944,2.259000000,0.049100000,0.008100000
sample,generation,graph,1007,1011,13,1043,1.960224032,2.446500000,0.092100000,0.020700000
sample,generation,graph,1007,1012,13,287,1.945376039,2.108200000,0.052300000,0.010100000
sample,generation,graph,1007,1013,13,262,1.946975946,2.106700000,0.048600000,0.008400000
sample,generation,graph,1007,1014,13,2258,1.947839975,2.420000000,0.048800000,0.008300000
sample,generation,graph,1007,1015,13,10596,1.939231992,2.097000000,0.047400000,0.008400000
sample,generation,graph,1007,1016,13,10692,1.943583965,2.102800000,0.048100000,0.008400000
sample,generation,graph,1007,1017,13,422,1.948063970,2.434200000,0.047800000,0.008100000
sample,generation,graph,1007,1018,13,262,1.952383995,2.112600000,0.050200000,0.009100000
sample,generation,graph,1007,1019,13,10183,1.946272016,2.101400000,0.047000000,0.008100000
sample,generation,graph,1007,1020,13,19517,1.946560025,2.101400000,0.047400000,0.008200000
sample,generation,graph,1007,1021,13,6896,1.952191949,2.287400000,0.047400000,0.008200000
sample,generation,graph,1007,1022,13,284,1.953312039,2.280500000,0.043000000,0.008200000
sample,generation,ordinary,1007,1007,13,9106,2.232095957,2.738700000,1.082900000,0.000000000
sample,generation,ordinary,1007,1008,13,3876,2.230848074,2.704500000,1.073200000,0.000000000
sample,generation,ordinary,1007,1009,13,385,2.238111973,2.715100000,0.928200000,0.000000000
sample,generation,ordinary,1007,1010,13,318,2.236288071,2.730400000,0.777800000,0.000000000
sample,generation,ordinary,1007,1011,13,1043,2.185663939,2.612400000,0.683300000,0.000000000
sample,generation,ordinary,1007,1012,13,287,2.187232018,2.369900000,0.673100000,0.000000000
sample,generation,ordinary,1007,1013,13,262,2.223776102,2.376300000,0.654800000,0.000000000
sample,generation,ordinary,1007,1014,13,2258,2.164511919,2.337700000,0.723300000,0.000000000
sample,generation,ordinary,1007,1015,13,10596,2.202048063,2.358200000,0.714300000,0.000000000
sample,generation,ordinary,1007,1016,13,10692,2.208832026,2.570300000,1.075100000,0.000000000
sample,generation,ordinary,1007,1017,13,422,2.184128046,2.662700000,1.034400000,0.000000000
sample,generation,ordinary,1007,1018,13,262,2.245408058,2.611500000,0.917300000,0.000000000
sample,generation,ordinary,1007,1019,13,10183,2.240639925,2.718400000,0.919700000,0.000000000
sample,generation,ordinary,1007,1020,13,19517,2.217184067,2.686000000,1.042100000,0.000000000
sample,generation,ordinary,1007,1021,13,6896,2.245151997,2.729400000,0.914900000,0.000000000
sample,generation,ordinary,1007,1022,13,284,2.248895884,2.419600000,0.940500000,0.000000000
sample,generation,ordinary,1007,1007,14,9106,2.187167883,2.339100000,0.722300000,0.000000000
sample,generation,ordinary,1007,1008,14,3876,2.175839901,2.327100000,0.742600000,0.000000000
sample,generation,ordinary,1007,1009,14,385,2.192895889,2.370200000,0.695600000,0.000000000
sample,generation,ordinary,1007,1010,14,318,2.281408072,2.733300000,0.948000000,0.000000000
sample,generation,ordinary,1007,1011,14,1043,2.238624096,2.735300000,0.951500000,0.000000000
sample,generation,ordinary,1007,1012,14,287,2.235680103,2.709200000,0.923900000,0.000000000
sample,generation,ordinary,1007,1013,14,262,2.214207888,2.685000000,0.894700000,0.000000000
sample,generation,ordinary,1007,1014,14,2258,2.245023966,2.726000000,0.945600000,0.000000000
sample,generation,ordinary,1007,1015,14,10596,2.393663883,2.884300000,1.133400000,0.000000000
sample,generation,ordinary,1007,1016,14,10692,2.237056017,2.708900000,0.925800000,0.000000000
sample,generation,ordinary,1007,1017,14,422,2.241247892,2.563100000,1.052200000,0.000000000
sample,generation,ordinary,1007,1018,14,262,2.240191936,2.568600000,0.803400000,0.000000000
sample,generation,ordinary,1007,1019,14,10183,2.164864063,2.495000000,0.649900000,0.000000000
sample,generation,ordinary,1007,1020,14,19517,2.166656017,2.497200000,0.710900000,0.000000000
sample,generation,ordinary,1007,1021,14,6896,2.166624069,2.331100000,1.038700000,0.000000000
sample,generation,ordinary,1007,1022,14,284,2.291935921,2.450500000,0.669300000,0.000000000
sample,generation,graph,1007,1007,14,9106,1.935935974,2.088100000,0.042300000,0.008300000
sample,generation,graph,1007,1008,14,3876,1.939455986,2.107500000,0.042300000,0.008300000
sample,generation,graph,1007,1009,14,385,1.946015954,2.104400000,0.044000000,0.009600000
sample,generation,graph,1007,1010,14,318,1.944736004,2.103300000,0.046900000,0.008400000
sample,generation,graph,1007,1011,14,1043,1.942240000,2.102800000,0.047000000,0.008200000
sample,generation,graph,1007,1012,14,287,1.943392038,2.101300000,0.047600000,0.008400000
sample,generation,graph,1007,1013,14,262,1.948192000,2.120600000,0.047000000,0.008400000
sample,generation,graph,1007,1014,14,2258,1.948384047,2.102600000,0.046800000,0.008200000
sample,generation,graph,1007,1015,14,10596,1.941856027,2.107400000,0.042100000,0.008200000
sample,generation,graph,1007,1016,14,10692,1.945024014,2.099700000,0.042300000,0.008400000
sample,generation,graph,1007,1017,14,422,1.946143985,2.098500000,0.042200000,0.008200000
sample,generation,graph,1007,1018,14,262,1.949183941,2.101300000,0.042500000,0.008000000
sample,generation,graph,1007,1019,14,10183,1.946048021,2.098400000,0.042300000,0.008200000
sample,generation,graph,1007,1020,14,19517,1.950399995,2.145800000,0.041900000,0.008300000
sample,generation,graph,1007,1021,14,6896,1.948320031,2.100700000,0.042600000,0.008200000
sample,generation,graph,1007,1022,14,284,1.952383995,2.109700000,0.042500000,0.008200000
sample,generation,graph,1007,1007,15,9106,1.938431978,2.090300000,0.042300000,0.008400000
sample,generation,graph,1007,1008,15,3876,1.937567949,2.090700000,0.041700000,0.008200000
sample,generation,graph,1007,1009,15,385,1.941792011,2.096800000,0.042700000,0.008200000
sample,generation,graph,1007,1010,15,318,1.942847967,2.106600000,0.041800000,0.008000000
sample,generation,graph,1007,1011,15,1043,1.941599965,2.093900000,0.053100000,0.010100000
sample,generation,graph,1007,1012,15,287,1.943295956,2.092700000,0.042700000,0.008600000
sample,generation,graph,1007,1013,15,262,1.944767952,2.094700000,0.042500000,0.008400000
sample,generation,graph,1007,1014,15,2258,1.947839975,2.097300000,0.042200000,0.008200000
sample,generation,graph,1007,1015,15,10596,1.944159985,2.094100000,0.042500000,0.008200000
sample,generation,graph,1007,1016,15,10692,1.945152044,2.094800000,0.042200000,0.008200000
sample,generation,graph,1007,1017,15,422,1.948032022,2.099500000,0.042100000,0.008200000
sample,generation,graph,1007,1018,15,262,1.949471951,2.117700000,0.042200000,0.008200000
sample,generation,graph,1007,1019,15,10183,1.967391968,2.124500000,0.238000000,0.019600000
sample,generation,graph,1007,1020,15,19517,1.948415995,2.096600000,0.043700000,0.009100000
sample,generation,graph,1007,1021,15,6896,1.952960014,2.103400000,0.040400000,0.008300000
sample,generation,graph,1007,1022,15,284,1.953376055,2.103900000,0.042300000,0.008400000
sample,generation,ordinary,1007,1007,15,9106,2.132512093,2.285000000,0.555000000,0.000000000
sample,generation,ordinary,1007,1008,15,3876,2.154207945,2.305300000,0.703600000,0.000000000
sample,generation,ordinary,1007,1009,15,385,2.156352043,2.310700000,0.727900000,0.000000000
sample,generation,ordinary,1007,1010,15,318,2.161792040,2.312600000,0.726700000,0.000000000
sample,generation,ordinary,1007,1011,15,1043,2.180896044,2.352300000,0.702600000,0.000000000
sample,generation,ordinary,1007,1012,15,287,2.139103889,2.296400000,0.688900000,0.000000000
sample,generation,ordinary,1007,1013,15,262,2.162591934,2.314700000,0.737000000,0.000000000
sample,generation,ordinary,1007,1014,15,2258,2.164671898,2.315900000,0.733000000,0.000000000
sample,generation,ordinary,1007,1015,15,10596,2.174976110,2.327000000,0.623200000,0.000000000
sample,generation,ordinary,1007,1016,15,10692,2.161887884,2.313100000,0.716500000,0.000000000
sample,generation,ordinary,1007,1017,15,422,2.164799929,2.316700000,0.738600000,0.000000000
sample,generation,ordinary,1007,1018,15,262,2.162816048,2.327000000,0.730600000,0.000000000
sample,generation,ordinary,1007,1019,15,10183,2.163520098,2.316500000,0.738500000,0.000000000
sample,generation,ordinary,1007,1020,15,19517,2.166304111,2.321900000,0.726900000,0.000000000
sample,generation,ordinary,1007,1021,15,6896,2.168224096,2.320000000,0.733500000,0.000000000
sample,generation,ordinary,1007,1022,15,284,2.171808004,2.324500000,0.724000000,0.000000000
sample,setup,first_series,128,128,0,0,0.125300000,0.492100000,0.223800000,0.093800000
sample,first_replay,graph,128,128,0,284,1.369088054,1.379100000,0.091600000,0.015800000
sample,setup,warm,128,128,1,0,0.057000000,0.274900000,0.126800000,0.067000000
sample,first_replay,graph,128,128,1,284,1.358847976,1.365800000,0.034900000,0.009500000
sample,setup,warm,128,128,2,0,0.055800000,0.250200000,0.108400000,0.062400000
sample,first_replay,graph,128,128,2,284,1.356799960,1.364800000,0.033300000,0.009000000
sample,setup,warm,128,128,3,0,0.065100000,0.277000000,0.114300000,0.070900000
sample,first_replay,graph,128,128,3,284,1.374207973,1.382900000,0.060400000,0.010100000
sample,setup,warm,128,128,4,0,0.492900000,1.285900000,0.497700000,0.058900000
sample,first_replay,graph,128,128,4,284,1.357823968,1.365600000,0.053400000,0.009200000
sample,setup,warm,128,128,5,0,0.055800000,0.254600000,0.106900000,0.068200000
sample,first_replay,graph,128,128,5,284,1.355775952,1.365300000,0.036000000,0.009200000
sample,setup,warm,128,128,6,0,0.055100000,0.278400000,0.107000000,0.092900000
sample,first_replay,graph,128,128,6,284,1.354751945,1.364100000,0.050100000,0.008900000
sample,setup,warm,128,128,7,0,0.055100000,0.252100000,0.107800000,0.065900000
sample,first_replay,graph,128,128,7,284,1.355775952,1.365800000,0.035400000,0.009100000
sample,setup,warm,128,128,8,0,0.055200000,0.289800000,0.110400000,0.100300000
sample,first_replay,graph,128,128,8,284,1.356799960,1.366600000,0.052000000,0.009200000
sample,setup,warm,128,128,9,0,0.055000000,0.269700000,0.119600000,0.071300000
sample,first_replay,graph,128,128,9,284,1.356799960,1.365900000,0.036400000,0.009100000
sample,setup,warm,128,128,10,0,0.054900000,0.243900000,0.105900000,0.059700000
sample,first_replay,graph,128,128,10,284,1.381376028,1.389900000,0.069200000,0.009200000
sample,setup,warm,128,128,11,0,0.054500000,0.244000000,0.106400000,0.059300000
sample,first_replay,graph,128,128,11,284,1.358847976,1.369800000,0.056900000,0.010100000
sample,setup,warm,128,128,12,0,0.059400000,0.266700000,0.113500000,0.069000000
sample,first_replay,graph,128,128,12,284,1.359871984,1.369400000,0.059800000,0.009900000
sample,setup,warm,128,128,13,0,0.055900000,0.252800000,0.113900000,0.059300000
sample,first_replay,graph,128,128,13,284,1.357823968,1.366800000,0.056700000,0.009200000
sample,setup,warm,128,128,14,0,0.055800000,0.287200000,0.134300000,0.073400000
sample,first_replay,graph,128,128,14,284,1.355775952,1.363300000,0.045600000,0.008800000
sample,setup,warm,128,128,15,0,0.055600000,0.238000000,0.106900000,0.051500000
sample,first_replay,graph,128,128,15,284,1.355775952,1.363800000,0.053100000,0.008900000
sample,setup,warm,128,128,16,0,0.055200000,0.236900000,0.106400000,0.051300000
sample,first_replay,graph,128,128,16,284,1.356735945,1.363500000,0.051100000,0.009000000
sample,setup,warm,128,128,17,0,0.055800000,0.238900000,0.107200000,0.051800000
sample,first_replay,graph,128,128,17,284,1.355775952,1.363700000,0.052300000,0.009100000
sample,setup,warm,128,128,18,0,0.055100000,0.236700000,0.106400000,0.051300000
sample,first_replay,graph,128,128,18,284,1.355775952,1.363500000,0.051900000,0.008900000
sample,setup,warm,128,128,19,0,0.055600000,0.259300000,0.120900000,0.059000000
sample,first_replay,graph,128,128,19,284,1.375231981,1.382100000,0.060200000,0.009100000
sample,setup,warm,128,128,20,0,0.055100000,0.236100000,0.105600000,0.051700000
sample,first_replay,graph,128,128,20,284,1.356799960,1.364000000,0.051500000,0.008800000
sample,setup,warm,128,128,21,0,0.093300000,0.315100000,0.134800000,0.058500000
sample,first_replay,graph,128,128,21,284,1.363968015,1.372000000,0.081200000,0.012500000
sample,setup,warm,128,128,22,0,0.058200000,0.248700000,0.110100000,0.056000000
sample,first_replay,graph,128,128,22,284,1.356799960,1.364500000,0.056200000,0.009600000
sample,setup,warm,128,128,23,0,0.055400000,0.241500000,0.109400000,0.052900000
sample,first_replay,graph,128,128,23,284,1.356799960,1.364800000,0.052900000,0.009100000
sample,setup,warm,128,128,24,0,0.055400000,0.250200000,0.116900000,0.054100000
sample,first_replay,graph,128,128,24,284,1.355775952,1.363400000,0.051800000,0.009000000
sample,setup,warm,128,128,25,0,0.064500000,0.246300000,0.106300000,0.051900000
sample,first_replay,graph,128,128,25,284,1.356799960,1.364200000,0.052700000,0.008900000
sample,setup,warm,128,128,26,0,0.055400000,0.241500000,0.110700000,0.051700000
sample,first_replay,graph,128,128,26,284,1.355775952,1.363100000,0.051900000,0.009100000
sample,setup,warm,128,128,27,0,0.055100000,0.236700000,0.106200000,0.051700000
sample,first_replay,graph,128,128,27,284,1.356799960,1.364700000,0.054000000,0.009200000
sample,setup,warm,128,128,28,0,0.054400000,0.235000000,0.105300000,0.051700000
sample,first_replay,graph,128,128,28,284,1.355775952,1.363400000,0.052600000,0.009200000
sample,setup,warm,128,128,29,0,0.055200000,0.249200000,0.116800000,0.053200000
sample,first_replay,graph,128,128,29,284,1.356799960,1.364300000,0.052700000,0.008900000
sample,setup,warm,128,128,30,0,0.054600000,0.235900000,0.105100000,0.052500000
sample,first_replay,graph,128,128,30,284,1.355775952,1.363700000,0.052500000,0.009000000
sample,prefill_control,ordinary,512,512,0,0,107.882499695,107.898000000,0.000000000,0.000000000
sample,head_control,ordinary,512,512,0,0,0.339967996,0.345300000,0.000000000,0.000000000
sample,prefill_control,graph,512,512,0,0,107.885566711,107.905500000,0.000000000,0.000000000
sample,head_control,graph,512,512,0,0,0.342016011,0.346800000,0.000000000,0.000000000
sample,prefill_control,graph,512,512,1,0,107.861091614,107.874800000,0.000000000,0.000000000
sample,head_control,graph,512,512,1,0,0.329728007,0.332800000,0.000000000,0.000000000
sample,prefill_control,ordinary,512,512,1,0,107.834365845,107.846600000,0.000000000,0.000000000
sample,head_control,ordinary,512,512,1,0,0.329728007,0.332600000,0.000000000,0.000000000
sample,prefill_control,ordinary,512,512,2,0,107.831298828,107.851400000,0.000000000,0.000000000
sample,head_control,ordinary,512,512,2,0,0.331775993,0.335400000,0.000000000,0.000000000
sample,prefill_control,graph,512,512,2,0,107.797409058,107.809300000,0.000000000,0.000000000
sample,head_control,graph,512,512,2,0,0.326656014,0.330600000,0.000000000,0.000000000
sample,prefill_control,graph,512,512,3,0,107.802627563,107.815900000,0.000000000,0.000000000
sample,head_control,graph,512,512,3,0,0.330592006,0.333200000,0.000000000,0.000000000
sample,prefill_control,ordinary,512,512,3,0,107.837570190,107.850200000,0.000000000,0.000000000
sample,head_control,ordinary,512,512,3,0,0.326656014,0.330500000,0.000000000,0.000000000
sample,prefill_control,ordinary,512,512,4,0,107.859970093,107.878400000,0.000000000,0.000000000
sample,head_control,ordinary,512,512,4,0,0.346112013,0.350100000,0.000000000,0.000000000
sample,prefill_control,graph,512,512,4,0,107.894783020,107.912000000,0.000000000,0.000000000
sample,head_control,graph,512,512,4,0,0.339967996,0.344400000,0.000000000,0.000000000
sample,prefill_control,graph,512,512,5,0,107.871261597,107.888300000,0.000000000,0.000000000
sample,head_control,graph,512,512,5,0,0.356352001,0.360200000,0.000000000,0.000000000
sample,prefill_control,ordinary,512,512,5,0,107.851776123,107.870800000,0.000000000,0.000000000
sample,head_control,ordinary,512,512,5,0,0.348159999,0.351600000,0.000000000,0.000000000
sample,prefill_control,ordinary,512,512,6,0,107.842559814,107.857600000,0.000000000,0.000000000
sample,head_control,ordinary,512,512,6,0,0.334847987,0.339300000,0.000000000,0.000000000
sample,prefill_control,graph,512,512,6,0,107.858947754,107.873200000,0.000000000,0.000000000
sample,head_control,graph,512,512,6,0,0.332800001,0.336700000,0.000000000,0.000000000
sample,prefill_control,graph,512,512,7,0,107.868156433,107.885300000,0.000000000,0.000000000
sample,head_control,graph,512,512,7,0,0.347135991,0.351900000,0.000000000,0.000000000
sample,prefill_control,ordinary,512,512,7,0,107.858947754,107.872300000,0.000000000,0.000000000
sample,head_control,ordinary,512,512,7,0,0.326656014,0.330400000,0.000000000,0.000000000
sample,prefill_control,ordinary,512,512,8,0,107.830268860,107.844500000,0.000000000,0.000000000
sample,head_control,ordinary,512,512,8,0,0.329728007,0.332500000,0.000000000,0.000000000
sample,prefill_control,graph,512,512,8,0,107.872253418,107.889700000,0.000000000,0.000000000
sample,head_control,graph,512,512,8,0,0.347135991,0.351700000,0.000000000,0.000000000
sample,prefill_control,graph,512,512,9,0,107.838462830,107.854800000,0.000000000,0.000000000
sample,head_control,graph,512,512,9,0,0.337920010,0.342700000,0.000000000,0.000000000
sample,prefill_control,ordinary,512,512,9,0,107.846656799,107.861600000,0.000000000,0.000000000
sample,head_control,ordinary,512,512,9,0,0.333824009,0.338600000,0.000000000,0.000000000
sample,prefill_control,ordinary,512,512,10,0,107.860992432,107.883700000,0.000000000,0.000000000
sample,head_control,ordinary,512,512,10,0,0.346112013,0.350500000,0.000000000,0.000000000
sample,prefill_control,graph,512,512,10,0,107.886589050,107.904400000,0.000000000,0.000000000
sample,head_control,graph,512,512,10,0,0.339967996,0.343800000,0.000000000,0.000000000
sample,prefill_control,graph,512,512,11,0,107.874305725,107.889400000,0.000000000,0.000000000
sample,head_control,graph,512,512,11,0,0.333824009,0.337900000,0.000000000,0.000000000
sample,prefill_control,ordinary,512,512,11,0,107.885635376,107.899700000,0.000000000,0.000000000
sample,head_control,ordinary,512,512,11,0,0.330751985,0.334100000,0.000000000,0.000000000
sample,prefill_control,ordinary,512,512,12,0,107.823104858,107.838500000,0.000000000,0.000000000
sample,head_control,ordinary,512,512,12,0,0.345088005,0.349800000,0.000000000,0.000000000
sample,prefill_control,graph,512,512,12,0,107.827201843,107.842000000,0.000000000,0.000000000
sample,head_control,graph,512,512,12,0,0.329728007,0.333700000,0.000000000,0.000000000
sample,prefill_control,graph,512,512,13,0,107.851776123,107.866200000,0.000000000,0.000000000
sample,head_control,graph,512,512,13,0,0.338943988,0.342800000,0.000000000,0.000000000
sample,prefill_control,ordinary,512,512,13,0,107.973632812,108.032100000,0.000000000,0.000000000
sample,head_control,ordinary,512,512,13,0,0.410623997,0.405600000,0.000000000,0.000000000
sample,prefill_control,ordinary,512,512,14,0,107.848701477,107.857700000,0.000000000,0.000000000
sample,head_control,ordinary,512,512,14,0,0.330751985,0.334800000,0.000000000,0.000000000
sample,prefill_control,graph,512,512,14,0,107.850753784,107.866200000,0.000000000,0.000000000
sample,head_control,graph,512,512,14,0,0.332800001,0.337200000,0.000000000,0.000000000
sample,prefill_control,graph,512,512,15,0,107.874305725,107.889700000,0.000000000,0.000000000
sample,head_control,graph,512,512,15,0,0.351231992,0.363600000,0.000000000,0.000000000
sample,prefill_control,ordinary,512,512,15,0,107.854850769,107.872000000,0.000000000,0.000000000
sample,head_control,ordinary,512,512,15,0,0.350208014,0.354400000,0.000000000,0.000000000
sample,prefill_control,ordinary,512,512,16,0,107.870208740,107.892000000,0.000000000,0.000000000
sample,head_control,ordinary,512,512,16,0,0.343039989,0.347500000,0.000000000,0.000000000
sample,prefill_control,graph,512,512,16,0,107.835395813,107.849300000,0.000000000,0.000000000
sample,head_control,graph,512,512,16,0,0.330751985,0.333700000,0.000000000,0.000000000
sample,prefill_control,graph,512,512,17,0,107.878402710,107.894100000,0.000000000,0.000000000
sample,head_control,graph,512,512,17,0,0.335871994,0.339300000,0.000000000,0.000000000
sample,prefill_control,ordinary,512,512,17,0,107.815933228,107.829900000,0.000000000,0.000000000
sample,head_control,ordinary,512,512,17,0,0.334847987,0.339200000,0.000000000,0.000000000
sample,prefill_control,ordinary,512,512,18,0,107.838462830,107.854700000,0.000000000,0.000000000
sample,head_control,ordinary,512,512,18,0,0.336896002,0.340800000,0.000000000,0.000000000
sample,prefill_control,graph,512,512,18,0,107.870208740,107.889200000,0.000000000,0.000000000
sample,head_control,graph,512,512,18,0,0.342016011,0.345900000,0.000000000,0.000000000
sample,prefill_control,graph,512,512,19,0,107.892738342,107.910500000,0.000000000,0.000000000
sample,head_control,graph,512,512,19,0,0.338943988,0.342300000,0.000000000,0.000000000
sample,prefill_control,ordinary,512,512,19,0,107.868156433,107.884800000,0.000000000,0.000000000
sample,head_control,ordinary,512,512,19,0,0.334751993,0.337800000,0.000000000,0.000000000
sample,prefill_control,ordinary,512,512,20,0,107.857757568,107.886600000,0.000000000,0.000000000
sample,head_control,ordinary,512,512,20,0,0.339967996,0.342400000,0.000000000,0.000000000
sample,prefill_control,graph,512,512,20,0,107.827934265,107.843200000,0.000000000,0.000000000
sample,head_control,graph,512,512,20,0,0.332800001,0.336000000,0.000000000,0.000000000
sample,prefill_control,graph,512,512,21,0,107.860992432,107.880800000,0.000000000,0.000000000
sample,head_control,graph,512,512,21,0,0.342016011,0.346200000,0.000000000,0.000000000
sample,prefill_control,ordinary,512,512,21,0,107.858947754,107.877700000,0.000000000,0.000000000
sample,head_control,ordinary,512,512,21,0,0.330751985,0.334500000,0.000000000,0.000000000
sample,prefill_control,ordinary,512,512,22,0,107.883522034,107.900000000,0.000000000,0.000000000
sample,head_control,ordinary,512,512,22,0,0.331775993,0.335400000,0.000000000,0.000000000
sample,prefill_control,graph,512,512,22,0,107.843582153,107.859400000,0.000000000,0.000000000
sample,head_control,graph,512,512,22,0,0.333759993,0.336700000,0.000000000,0.000000000
sample,prefill_control,graph,512,512,23,0,107.886589050,107.905600000,0.000000000,0.000000000
sample,head_control,graph,512,512,23,0,0.342016011,0.345800000,0.000000000,0.000000000
sample,prefill_control,ordinary,512,512,23,0,107.929603577,107.946100000,0.000000000,0.000000000
sample,head_control,ordinary,512,512,23,0,0.345088005,0.348000000,0.000000000,0.000000000
sample,prefill_control,ordinary,512,512,24,0,107.931648254,107.948200000,0.000000000,0.000000000
sample,head_control,ordinary,512,512,24,0,0.343039989,0.347100000,0.000000000,0.000000000
sample,prefill_control,graph,512,512,24,0,107.879425049,107.894900000,0.000000000,0.000000000
sample,head_control,graph,512,512,24,0,0.337920010,0.341000000,0.000000000,0.000000000
sample,prefill_control,graph,512,512,25,0,107.855873108,107.874400000,0.000000000,0.000000000
sample,head_control,graph,512,512,25,0,0.348159999,0.351800000,0.000000000,0.000000000
sample,prefill_control,ordinary,512,512,25,0,107.811836243,107.826400000,0.000000000,0.000000000
sample,head_control,ordinary,512,512,25,0,0.328704000,0.332400000,0.000000000,0.000000000
sample,prefill_control,ordinary,512,512,26,0,107.888641357,107.903900000,0.000000000,0.000000000
sample,head_control,ordinary,512,512,26,0,0.346112013,0.349800000,0.000000000,0.000000000
sample,prefill_control,graph,512,512,26,0,107.887619019,107.907000000,0.000000000,0.000000000
sample,head_control,graph,512,512,26,0,0.346112013,0.350100000,0.000000000,0.000000000
sample,prefill_control,graph,512,512,27,0,107.889663696,107.905100000,0.000000000,0.000000000
sample,head_control,graph,512,512,27,0,0.338943988,0.343500000,0.000000000,0.000000000
sample,prefill_control,ordinary,512,512,27,0,107.899902344,107.918000000,0.000000000,0.000000000
sample,head_control,ordinary,512,512,27,0,0.346112013,0.351000000,0.000000000,0.000000000
sample,prefill_control,ordinary,512,512,28,0,107.836418152,107.853300000,0.000000000,0.000000000
sample,head_control,ordinary,512,512,28,0,0.338943988,0.340900000,0.000000000,0.000000000
sample,prefill_control,graph,512,512,28,0,107.856704712,107.875100000,0.000000000,0.000000000
sample,head_control,graph,512,512,28,0,0.342016011,0.345600000,0.000000000,0.000000000
sample,prefill_control,graph,512,512,29,0,107.882270813,107.896800000,0.000000000,0.000000000
sample,head_control,graph,512,512,29,0,0.344063997,0.347400000,0.000000000,0.000000000
sample,prefill_control,ordinary,512,512,29,0,107.917312622,107.938000000,0.000000000,0.000000000
sample,head_control,ordinary,512,512,29,0,0.353280008,0.357200000,0.000000000,0.000000000
