metadata,stream,per-thread
[quant] weights/gpt2_124m_int8_kt.bin: 48/49 tensors int8 (84.9 MB + 0.33 MB scales) + 1 kept fp16 (77.2 MB)
[quant] streamed weight bytes = 162.5 MB  -> decode ceilings [copy 1437 / read 1532 / theo 1576 tok/s]
[kv] plan: 12 layers x 2 (K,V) x 12 heads x 1024 pos x 64 dim x fp16 = 37.7 MB
[kv] arena = ONE contiguous alloc; VRAM free 7106/8585 MB -> headroom 7068 MB after cache
[kv] decode KV traffic = 36.9 KB per token of context (2*L*H*D*2B); at ctx=512 -> 18.9 MB/step
[kv] plan: 12 layers x 2 (K,V) x 12 heads x 1024 pos x 64 dim x fp16 = 37.7 MB
[kv] arena = ONE contiguous alloc; VRAM free 7047/8585 MB -> headroom 7010 MB after cache
[kv] decode KV traffic = 36.9 KB per token of context (2*L*H*D*2B); at ctx=512 -> 18.9 MB/step
metadata,backend,int8
metadata,samples_per_condition,256
sample,experiment,policy,ctx,pos,rep,token,event_ms,wall_ms,enqueue_ms,update_ms
sample,setup,process_cold,128,128,-1,0,0.587700000,3.578300000,0.412600000,0.081900000
sample,fixed_single,ordinary,128,128,0,284,1.724416018,1.733200000,1.383000000,0.000000000
sample,fixed_single,graph,128,128,0,284,1.053696036,1.062900000,0.044300000,0.006600000
sample,fixed_single,graph_fixed_diagnostic,128,128,0,284,1.047551990,1.057600000,0.036500000,0.000000000
sample,fixed_single,graph,128,128,1,284,1.052672029,1.062700000,0.045600000,0.005500000
sample,fixed_single,ordinary,128,128,1,284,1.853440046,1.863000000,1.541900000,0.000000000
sample,fixed_single,graph_fixed_diagnostic,128,128,1,284,1.047551990,1.057300000,0.039700000,0.000000000
sample,fixed_single,ordinary,128,128,2,284,1.694720030,1.704200000,1.365200000,0.000000000
sample,fixed_single,graph,128,128,2,284,1.053696036,1.062300000,0.045500000,0.006100000
sample,fixed_single,graph_fixed_diagnostic,128,128,2,284,1.047487974,1.057200000,0.037900000,0.000000000
sample,fixed_single,graph,128,128,3,284,1.055744052,1.068900000,0.040700000,0.007100000
sample,fixed_single,ordinary,128,128,3,284,1.683455944,1.691800000,1.222800000,0.000000000
sample,fixed_single,graph_fixed_diagnostic,128,128,3,284,1.048575997,1.056000000,0.035100000,0.000000000
sample,fixed_single,ordinary,128,128,4,284,1.684479952,1.692200000,1.292800000,0.000000000
sample,fixed_single,graph,128,128,4,284,1.053696036,1.062000000,0.041100000,0.005800000
sample,fixed_single,graph_fixed_diagnostic,128,128,4,284,1.049600005,1.057600000,0.032200000,0.000000000
sample,fixed_single,graph,128,128,5,284,1.051648021,1.059800000,0.043300000,0.005600000
sample,fixed_single,ordinary,128,128,5,284,1.650688052,1.658900000,1.161100000,0.000000000
sample,fixed_single,graph_fixed_diagnostic,128,128,5,284,1.046527982,1.055500000,0.034900000,0.000000000
sample,fixed_single,ordinary,128,128,6,284,1.717247963,1.724900000,1.393100000,0.000000000
sample,fixed_single,graph,128,128,6,284,1.052672029,1.059600000,0.042800000,0.005800000
sample,fixed_single,graph_fixed_diagnostic,128,128,6,284,1.046527982,1.054700000,0.031700000,0.000000000
sample,fixed_single,graph,128,128,7,284,1.064960003,1.089400000,0.055300000,0.011300000
sample,fixed_single,ordinary,128,128,7,284,1.473536015,1.488800000,1.118400000,0.000000000
sample,fixed_single,graph_fixed_diagnostic,128,128,7,284,1.049600005,1.058000000,0.037800000,0.000000000
sample,fixed_single,ordinary,128,128,8,284,1.656831980,1.664400000,1.318200000,0.000000000
sample,fixed_single,graph,128,128,8,284,1.059839964,1.070000000,0.044600000,0.008600000
sample,fixed_single,graph_fixed_diagnostic,128,128,8,284,1.048575997,1.056700000,0.035000000,0.000000000
sample,fixed_single,graph,128,128,9,284,1.053696036,1.061300000,0.039300000,0.006400000
sample,fixed_single,ordinary,128,128,9,284,1.681408048,1.688200000,1.355900000,0.000000000
sample,fixed_single,graph_fixed_diagnostic,128,128,9,284,1.047551990,1.055300000,0.035900000,0.000000000
sample,fixed_single,ordinary,128,128,10,284,1.815359950,1.822800000,1.251200000,0.000000000
sample,fixed_single,graph,128,128,10,284,1.054527998,1.061600000,0.041800000,0.006100000
sample,fixed_single,graph_fixed_diagnostic,128,128,10,284,1.046527982,1.053900000,0.032800000,0.000000000
sample,fixed_single,graph,128,128,11,284,1.056767941,1.066800000,0.039900000,0.008900000
sample,fixed_single,ordinary,128,128,11,284,1.725376010,1.736100000,1.311100000,0.000000000
sample,fixed_single,graph_fixed_diagnostic,128,128,11,284,1.083392024,1.111500000,0.265900000,0.000000000
sample,fixed_single,ordinary,128,128,12,284,1.823680043,1.842500000,1.421300000,0.000000000
sample,fixed_single,graph,128,128,12,284,1.060863972,1.075400000,0.052100000,0.011300000
sample,fixed_single,graph_fixed_diagnostic,128,128,12,284,1.049600005,1.058500000,0.043200000,0.000000000
sample,fixed_single,graph,128,128,13,284,1.052672029,1.062100000,0.046800000,0.005800000
sample,fixed_single,ordinary,128,128,13,284,1.881088018,1.890400000,1.559100000,0.000000000
sample,fixed_single,graph_fixed_diagnostic,128,128,13,284,1.050624013,1.059900000,0.038700000,0.000000000
sample,fixed_single,ordinary,128,128,14,284,1.779711962,1.788800000,1.396500000,0.000000000
sample,fixed_single,graph,128,128,14,284,1.057791948,1.065600000,0.042200000,0.006400000
sample,fixed_single,graph_fixed_diagnostic,128,128,14,284,1.047487974,1.058400000,0.032400000,0.000000000
sample,fixed_single,graph,128,128,15,284,1.054720044,1.063100000,0.038900000,0.005900000
sample,fixed_single,ordinary,128,128,15,284,1.798143983,1.808900000,1.487300000,0.000000000
sample,fixed_single,graph_fixed_diagnostic,128,128,15,284,1.047551990,1.055600000,0.036200000,0.000000000
sample,fixed_single,ordinary,128,128,16,284,1.736575961,1.743900000,1.176700000,0.000000000
sample,fixed_single,graph,128,128,16,284,1.058815956,1.066400000,0.041700000,0.009300000
sample,fixed_single,graph_fixed_diagnostic,128,128,16,284,1.046527982,1.055100000,0.032600000,0.000000000
sample,fixed_single,graph,128,128,17,284,1.054720044,1.062100000,0.039500000,0.005400000
sample,fixed_single,ordinary,128,128,17,284,1.589247942,1.597500000,1.265200000,0.000000000
sample,fixed_single,graph_fixed_diagnostic,128,128,17,284,1.047551990,1.059000000,0.033700000,0.000000000
sample,fixed_single,ordinary,128,128,18,284,1.649664044,1.657900000,1.232000000,0.000000000
sample,fixed_single,graph,128,128,18,284,1.054527998,1.062600000,0.040800000,0.006500000
sample,fixed_single,graph_fixed_diagnostic,128,128,18,284,1.048575997,1.055800000,0.032000000,0.000000000
sample,fixed_single,graph,128,128,19,284,1.052672029,1.061400000,0.042500000,0.005900000
sample,fixed_single,ordinary,128,128,19,284,1.626080036,1.640800000,1.290200000,0.000000000
sample,fixed_single,graph_fixed_diagnostic,128,128,19,284,1.051648021,1.061300000,0.042200000,0.000000000
sample,fixed_single,ordinary,128,128,20,284,1.725440025,1.738000000,1.408800000,0.000000000
sample,fixed_single,graph,128,128,20,284,1.081344008,1.090800000,0.076300000,0.029500000
sample,fixed_single,graph_fixed_diagnostic,128,128,20,284,1.049600005,1.059500000,0.039800000,0.000000000
sample,fixed_single,graph,128,128,21,284,1.056767941,1.070000000,0.044900000,0.005900000
sample,fixed_single,ordinary,128,128,21,284,1.921023965,1.931700000,1.597900000,0.000000000
sample,fixed_single,graph_fixed_diagnostic,128,128,21,284,1.051648021,1.062100000,0.042200000,0.000000000
sample,fixed_single,ordinary,128,128,22,284,1.741824031,1.751000000,1.404800000,0.000000000
sample,fixed_single,graph,128,128,22,284,1.057791948,1.066400000,0.053300000,0.010100000
sample,fixed_single,graph_fixed_diagnostic,128,128,22,284,1.047551990,1.058000000,0.041200000,0.000000000
sample,fixed_single,graph,128,128,23,284,1.058815956,1.068900000,0.045700000,0.007400000
sample,fixed_single,ordinary,128,128,23,284,1.886208057,1.896800000,1.384200000,0.000000000
sample,fixed_single,graph_fixed_diagnostic,128,128,23,284,1.049600005,1.059200000,0.042600000,0.000000000
sample,fixed_single,ordinary,128,128,24,284,1.895424008,1.905800000,1.581600000,0.000000000
sample,fixed_single,graph,128,128,24,284,1.059839964,1.068700000,0.059300000,0.010600000
sample,fixed_single,graph_fixed_diagnostic,128,128,24,284,1.049600005,1.058000000,0.037500000,0.000000000
sample,fixed_single,graph,128,128,25,284,1.051648021,1.061400000,0.044500000,0.005400000
sample,fixed_single,ordinary,128,128,25,284,1.697792053,1.706700000,1.376200000,0.000000000
sample,fixed_single,graph_fixed_diagnostic,128,128,25,284,1.046527982,1.056200000,0.038300000,0.000000000
sample,fixed_single,ordinary,128,128,26,284,1.764351964,1.773300000,1.328900000,0.000000000
sample,fixed_single,graph,128,128,26,284,1.055744052,1.065300000,0.045400000,0.009000000
sample,fixed_single,graph_fixed_diagnostic,128,128,26,284,1.046527982,1.056100000,0.036800000,0.000000000
sample,fixed_single,graph,128,128,27,284,1.054720044,1.062900000,0.043200000,0.006200000
sample,fixed_single,ordinary,128,128,27,284,1.705983996,1.715000000,1.381200000,0.000000000
sample,fixed_single,graph_fixed_diagnostic,128,128,27,284,1.048575997,1.056600000,0.041900000,0.000000000
sample,fixed_single,ordinary,128,128,28,284,1.837056041,1.845900000,1.225700000,0.000000000
sample,fixed_single,graph,128,128,28,284,1.068032026,1.083500000,0.061200000,0.012300000
sample,fixed_single,graph_fixed_diagnostic,128,128,28,284,1.045503974,1.055700000,0.037700000,0.000000000
sample,fixed_single,graph,128,128,29,284,1.054720044,1.064600000,0.043800000,0.006100000
sample,fixed_single,ordinary,128,128,29,284,1.786880016,1.796600000,1.448600000,0.000000000
sample,fixed_single,graph_fixed_diagnostic,128,128,29,284,1.047551990,1.057000000,0.039200000,0.000000000
sample,fixed_single,ordinary,128,128,30,284,1.721343994,1.729300000,1.276200000,0.000000000
sample,fixed_single,graph,128,128,30,284,1.054720044,1.062400000,0.041400000,0.006300000
sample,fixed_single,graph_fixed_diagnostic,128,128,30,284,1.047551990,1.055400000,0.033100000,0.000000000
sample,fixed_single,graph,128,128,31,284,1.053696036,1.060900000,0.038700000,0.005600000
sample,fixed_single,ordinary,128,128,31,284,1.711104035,1.718900000,1.245700000,0.000000000
sample,fixed_single,graph_fixed_diagnostic,128,128,31,284,1.047551990,1.055200000,0.035400000,0.000000000
sample,fixed_single,ordinary,128,128,32,284,1.697855949,1.705800000,1.358900000,0.000000000
sample,fixed_single,graph,128,128,32,284,1.056767941,1.065700000,0.044300000,0.007200000
sample,fixed_single,graph_fixed_diagnostic,128,128,32,284,1.048575997,1.055900000,0.032900000,0.000000000
sample,fixed_single,graph,128,128,33,284,1.055744052,1.063900000,0.040800000,0.006700000
sample,fixed_single,ordinary,128,128,33,284,1.650688052,1.659800000,1.176700000,0.000000000
sample,fixed_single,graph_fixed_diagnostic,128,128,33,284,1.051648021,1.061500000,0.039500000,0.000000000
sample,fixed_single,ordinary,128,128,34,284,1.784832001,1.793900000,1.241700000,0.000000000
sample,fixed_single,graph,128,128,34,284,1.053696036,1.063700000,0.047700000,0.007000000
sample,fixed_single,graph_fixed_diagnostic,128,128,34,284,1.047551990,1.056800000,0.036200000,0.000000000
sample,fixed_single,graph,128,128,35,284,1.052672029,1.062800000,0.047000000,0.005800000
sample,fixed_single,ordinary,128,128,35,284,1.787904024,1.797700000,1.475000000,0.000000000
sample,fixed_single,graph_fixed_diagnostic,128,128,35,284,1.047551990,1.056400000,0.035500000,0.000000000
sample,fixed_single,ordinary,128,128,36,284,1.808383942,1.817600000,1.496700000,0.000000000
sample,fixed_single,graph,128,128,36,284,1.055744052,1.065000000,0.051700000,0.007000000
sample,fixed_single,graph_fixed_diagnostic,128,128,36,284,1.047456026,1.056800000,0.035000000,0.000000000
sample,fixed_single,graph,128,128,37,284,1.052672029,1.060700000,0.040400000,0.007000000
sample,fixed_single,ordinary,128,128,37,284,1.720288038,1.727300000,1.382900000,0.000000000
sample,fixed_single,graph_fixed_diagnostic,128,128,37,284,1.047551990,1.055300000,0.035000000,0.000000000
sample,fixed_single,ordinary,128,128,38,284,1.714176059,1.721600000,1.398400000,0.000000000
sample,fixed_single,graph,128,128,38,284,1.054720044,1.063500000,0.039900000,0.006100000
sample,fixed_single,graph_fixed_diagnostic,128,128,38,284,1.047551990,1.055100000,0.031800000,0.000000000
sample,fixed_single,graph,128,128,39,284,1.055744052,1.063900000,0.042400000,0.005700000
sample,fixed_single,ordinary,128,128,39,284,1.710047960,1.717200000,1.370900000,0.000000000
sample,fixed_single,graph_fixed_diagnostic,128,128,39,284,1.047551990,1.056000000,0.034100000,0.000000000
sample,fixed_single,ordinary,128,128,40,284,1.785856009,1.793800000,1.036100000,0.000000000
sample,fixed_single,graph,128,128,40,284,1.054720044,1.062900000,0.042000000,0.006300000
sample,fixed_single,graph_fixed_diagnostic,128,128,40,284,1.046527982,1.054000000,0.032800000,0.000000000
sample,fixed_single,graph,128,128,41,284,1.054559946,1.064700000,0.040400000,0.005600000
sample,fixed_single,ordinary,128,128,41,284,1.799167991,1.807200000,1.471100000,0.000000000
sample,fixed_single,graph_fixed_diagnostic,128,128,41,284,1.047551990,1.055300000,0.035300000,0.000000000
sample,fixed_single,ordinary,128,128,42,284,1.739776015,1.747600000,1.409700000,0.000000000
sample,fixed_single,graph,128,128,42,284,1.054720044,1.062700000,0.042300000,0.006400000
sample,fixed_single,graph_fixed_diagnostic,128,128,42,284,1.047551990,1.055700000,0.033000000,0.000000000
sample,fixed_single,graph,128,128,43,284,1.053696036,1.061100000,0.038600000,0.005500000
sample,fixed_single,ordinary,128,128,43,284,1.674239993,1.682500000,1.233000000,0.000000000
sample,fixed_single,graph_fixed_diagnostic,128,128,43,284,1.046527982,1.055600000,0.038900000,0.000000000
sample,fixed_single,ordinary,128,128,44,284,1.724416018,1.731700000,1.332600000,0.000000000
sample,fixed_single,graph,128,128,44,284,1.054559946,1.062000000,0.041400000,0.006000000
sample,fixed_single,graph_fixed_diagnostic,128,128,44,284,1.048575997,1.057300000,0.033000000,0.000000000
sample,fixed_single,graph,128,128,45,284,1.054559946,1.063300000,0.040100000,0.006700000
sample,fixed_single,ordinary,128,128,45,284,2.597887993,2.625100000,2.256100000,0.000000000
sample,fixed_single,graph_fixed_diagnostic,128,128,45,284,1.049311996,1.056000000,0.037000000,0.000000000
sample,fixed_single,ordinary,128,128,46,284,1.599488020,1.606000000,1.266700000,0.000000000
sample,fixed_single,graph,128,128,46,284,1.053663969,1.061400000,0.040400000,0.006600000
sample,fixed_single,graph_fixed_diagnostic,128,128,46,284,1.048575997,1.055800000,0.033300000,0.000000000
sample,fixed_single,graph,128,128,47,284,1.068032026,1.075100000,0.053700000,0.005900000
sample,fixed_single,ordinary,128,128,47,284,1.610751987,1.619100000,1.132700000,0.000000000
sample,fixed_single,graph_fixed_diagnostic,128,128,47,284,1.047487974,1.054300000,0.033800000,0.000000000
sample,fixed_single,ordinary,128,128,48,284,1.658879995,1.667000000,1.233000000,0.000000000
sample,fixed_single,graph,128,128,48,284,1.054720044,1.063500000,0.040400000,0.006300000
sample,fixed_single,graph_fixed_diagnostic,128,128,48,284,1.052672029,1.066900000,0.038900000,0.000000000
sample,fixed_single,graph,128,128,49,284,1.056767941,1.065500000,0.042800000,0.010200000
sample,fixed_single,ordinary,128,128,49,284,1.638399959,1.646900000,1.162000000,0.000000000
sample,fixed_single,graph_fixed_diagnostic,128,128,49,284,1.048575997,1.057000000,0.037400000,0.000000000
sample,fixed_single,ordinary,128,128,50,284,1.641471982,1.649600000,1.329000000,0.000000000
sample,fixed_single,graph,128,128,50,284,1.053696036,1.060400000,0.038800000,0.007500000
sample,fixed_single,graph_fixed_diagnostic,128,128,50,284,1.046527982,1.054500000,0.033200000,0.000000000
sample,fixed_single,graph,128,128,51,284,1.055744052,1.065000000,0.038300000,0.007100000
sample,fixed_single,ordinary,128,128,51,284,1.666048050,1.674800000,1.203200000,0.000000000
sample,fixed_single,graph_fixed_diagnostic,128,128,51,284,1.047551990,1.056300000,0.042000000,0.000000000
sample,fixed_single,ordinary,128,128,52,284,1.649664044,1.658900000,1.257400000,0.000000000
sample,fixed_single,graph,128,128,52,284,1.054720044,1.063700000,0.048400000,0.006700000
sample,fixed_single,graph_fixed_diagnostic,128,128,52,284,1.047551990,1.057500000,0.035700000,0.000000000
sample,fixed_single,graph,128,128,53,284,1.053696036,1.067300000,0.042200000,0.006300000
sample,fixed_single,ordinary,128,128,53,284,1.818624020,1.856900000,1.494500000,0.000000000
sample,fixed_single,graph_fixed_diagnostic,128,128,53,284,1.061856031,1.076700000,0.074500000,0.000000000
sample,fixed_single,ordinary,128,128,54,284,1.740800023,1.752900000,1.426500000,0.000000000
sample,fixed_single,graph,128,128,54,284,1.070080042,1.080800000,0.066800000,0.012900000
sample,fixed_single,graph_fixed_diagnostic,128,128,54,284,1.052672029,1.067900000,0.054900000,0.000000000
sample,fixed_single,graph,128,128,55,284,1.071104050,1.087600000,0.100000000,0.017000000
sample,fixed_single,ordinary,128,128,55,284,1.704959989,1.718700000,1.391700000,0.000000000
sample,fixed_single,graph_fixed_diagnostic,128,128,55,284,1.054656029,1.065900000,0.081200000,0.000000000
sample,fixed_single,ordinary,128,128,56,284,1.719295979,1.732300000,1.395900000,0.000000000
sample,fixed_single,graph,128,128,56,284,1.082175970,1.096600000,0.086600000,0.018300000
sample,fixed_single,graph_fixed_diagnostic,128,128,56,284,1.052672029,1.065800000,0.061500000,0.000000000
sample,fixed_single,graph,128,128,57,284,1.068032026,1.085500000,0.089400000,0.011600000
sample,fixed_single,ordinary,128,128,57,284,1.718271971,1.737300000,1.401300000,0.000000000
sample,fixed_single,graph_fixed_diagnostic,128,128,57,284,1.055744052,1.070900000,0.087800000,0.000000000
sample,fixed_single,ordinary,128,128,58,284,1.732607961,1.747400000,1.411300000,0.000000000
sample,fixed_single,graph,128,128,58,284,1.072128057,1.088700000,0.072600000,0.015200000
sample,fixed_single,graph_fixed_diagnostic,128,128,58,284,1.053696036,1.067800000,0.062800000,0.000000000
sample,fixed_single,graph,128,128,59,284,1.077247977,1.092100000,0.071900000,0.015900000
sample,fixed_single,ordinary,128,128,59,284,1.682432055,1.698200000,1.367700000,0.000000000
sample,fixed_single,graph_fixed_diagnostic,128,128,59,284,1.051648021,1.065400000,0.065900000,0.000000000
sample,fixed_single,ordinary,128,128,60,284,1.741824031,1.756700000,1.419000000,0.000000000
sample,fixed_single,graph,128,128,60,284,1.082335949,1.095800000,0.090300000,0.017900000
sample,fixed_single,graph_fixed_diagnostic,128,128,60,284,1.054720044,1.069800000,0.067800000,0.000000000
sample,fixed_single,graph,128,128,61,284,1.078271985,1.101000000,0.094900000,0.014400000
sample,fixed_single,ordinary,128,128,61,284,1.835008025,1.853600000,1.521300000,0.000000000
sample,fixed_single,graph_fixed_diagnostic,128,128,61,284,1.057791948,1.075500000,0.072800000,0.000000000
sample,fixed_single,ordinary,128,128,62,284,1.666048050,1.692300000,1.343900000,0.000000000
sample,fixed_single,graph,128,128,62,284,1.114112020,1.130000000,0.120300000,0.049800000
sample,fixed_single,graph_fixed_diagnostic,128,128,62,284,1.053696036,1.068500000,0.057400000,0.000000000
sample,fixed_single,graph,128,128,63,284,1.087488055,1.103900000,0.090900000,0.026500000
sample,fixed_single,ordinary,128,128,63,284,1.691648006,1.705000000,1.369800000,0.000000000
sample,fixed_single,graph_fixed_diagnostic,128,128,63,284,1.055744052,1.068600000,0.085600000,0.000000000
sample,fixed_single,ordinary,128,128,64,284,1.784832001,1.797300000,1.464800000,0.000000000
sample,fixed_single,graph,128,128,64,284,1.073055983,1.085300000,0.084500000,0.015400000
sample,fixed_single,graph_fixed_diagnostic,128,128,64,284,1.054720044,1.071300000,0.058500000,0.000000000
sample,fixed_single,graph,128,128,65,284,1.069056034,1.091200000,0.068200000,0.012200000
sample,fixed_single,ordinary,128,128,65,284,1.681408048,1.696000000,1.362200000,0.000000000
sample,fixed_single,graph_fixed_diagnostic,128,128,65,284,1.054720044,1.066000000,0.048100000,0.000000000
sample,fixed_single,ordinary,128,128,66,284,1.708992004,1.721700000,1.382700000,0.000000000
sample,fixed_single,graph,128,128,66,284,1.068032026,1.079300000,0.063300000,0.011900000
sample,fixed_single,graph_fixed_diagnostic,128,128,66,284,1.052672029,1.064400000,0.065000000,0.000000000
sample,fixed_single,graph,128,128,67,284,1.071104050,1.085400000,0.087300000,0.015100000
sample,fixed_single,ordinary,128,128,67,284,1.593343973,1.607300000,1.219000000,0.000000000
sample,fixed_single,graph_fixed_diagnostic,128,128,67,284,1.054527998,1.066200000,0.060600000,0.000000000
sample,fixed_single,ordinary,128,128,68,284,1.693696022,1.707000000,1.333200000,0.000000000
sample,fixed_single,graph,128,128,68,284,1.078271985,1.091700000,0.097000000,0.017500000
sample,fixed_single,graph_fixed_diagnostic,128,128,68,284,1.061728001,1.083000000,0.047500000,0.000000000
sample,fixed_single,graph,128,128,69,284,1.065951943,1.082700000,0.061600000,0.013300000
sample,fixed_single,ordinary,128,128,69,284,1.647616029,1.668800000,1.295900000,0.000000000
sample,fixed_single,graph_fixed_diagnostic,128,128,69,284,1.166336060,1.218300000,0.492700000,0.000000000
sample,fixed_single,ordinary,128,128,70,284,1.738752007,1.751700000,1.415400000,0.000000000
sample,fixed_single,graph,128,128,70,284,1.086464047,1.107800000,0.096800000,0.024000000
sample,fixed_single,graph_fixed_diagnostic,128,128,70,284,1.052672029,1.065800000,0.049700000,0.000000000
sample,fixed_single,graph,128,128,71,284,1.070080042,1.085500000,0.070800000,0.013600000
sample,fixed_single,ordinary,128,128,71,284,1.675264001,1.690800000,1.362000000,0.000000000
sample,fixed_single,graph_fixed_diagnostic,128,128,71,284,1.054720044,1.070900000,0.080900000,0.000000000
sample,fixed_single,ordinary,128,128,72,284,1.717247963,1.731600000,1.404300000,0.000000000
sample,fixed_single,graph,128,128,72,284,1.073151946,1.103100000,0.105400000,0.028200000
sample,fixed_single,graph_fixed_diagnostic,128,128,72,284,1.053663969,1.072200000,0.065100000,0.000000000
sample,fixed_single,graph,128,128,73,284,1.070080042,1.086800000,0.088200000,0.016400000
sample,fixed_single,ordinary,128,128,73,284,1.851392031,1.871300000,1.537000000,0.000000000
sample,fixed_single,graph_fixed_diagnostic,128,128,73,284,1.057791948,1.071400000,0.095700000,0.000000000
sample,fixed_single,ordinary,128,128,74,284,1.766399980,1.781800000,1.423300000,0.000000000
sample,fixed_single,graph,128,128,74,284,1.078271985,1.092600000,0.081500000,0.017500000
sample,fixed_single,graph_fixed_diagnostic,128,128,74,284,1.054720044,1.072300000,0.061800000,0.000000000
sample,fixed_single,graph,128,128,75,284,1.085440040,1.102000000,0.117700000,0.024500000
sample,fixed_single,ordinary,128,128,75,284,1.822720051,1.837900000,1.504100000,0.000000000
sample,fixed_single,graph_fixed_diagnostic,128,128,75,284,1.057791948,1.071400000,0.071600000,0.000000000
sample,fixed_single,ordinary,128,128,76,284,1.747967958,1.761100000,1.435800000,0.000000000
sample,fixed_single,graph,128,128,76,284,1.069056034,1.078300000,0.068500000,0.012900000
sample,fixed_single,graph_fixed_diagnostic,128,128,76,284,1.053696036,1.068500000,0.062700000,0.000000000
sample,fixed_single,graph,128,128,77,284,1.063935995,1.077300000,0.067300000,0.010300000
sample,fixed_single,ordinary,128,128,77,284,1.524736047,1.553400000,1.209500000,0.000000000
sample,fixed_single,graph_fixed_diagnostic,128,128,77,284,1.058815956,1.087200000,0.060600000,0.000000000
sample,fixed_single,ordinary,128,128,78,284,1.765375972,1.783300000,1.446800000,0.000000000
sample,fixed_single,graph,128,128,78,284,1.110015988,1.126200000,0.115600000,0.043600000
sample,fixed_single,graph_fixed_diagnostic,128,128,78,284,1.055744052,1.076000000,0.059300000,0.000000000
sample,fixed_single,graph,128,128,79,284,1.084416032,1.099700000,0.085700000,0.024700000
sample,fixed_single,ordinary,128,128,79,284,1.799167991,1.816600000,1.477900000,0.000000000
sample,fixed_single,graph_fixed_diagnostic,128,128,79,284,1.062911987,1.078000000,0.086900000,0.000000000
sample,fixed_single,ordinary,128,128,80,284,1.859583974,1.879700000,1.545700000,0.000000000
sample,fixed_single,graph,128,128,80,284,1.098752022,1.114600000,0.102100000,0.035600000
sample,fixed_single,graph_fixed_diagnostic,128,128,80,284,1.055744052,1.071100000,0.073100000,0.000000000
sample,fixed_single,graph,128,128,81,284,1.070080042,1.084200000,0.075100000,0.017400000
sample,fixed_single,ordinary,128,128,81,284,1.898496032,1.921400000,1.577700000,0.000000000
sample,fixed_single,graph_fixed_diagnostic,128,128,81,284,1.059839964,1.077500000,0.057400000,0.000000000
sample,fixed_single,ordinary,128,128,82,284,1.800191998,1.814900000,1.475900000,0.000000000
sample,fixed_single,graph,128,128,82,284,1.092607975,1.107400000,0.108000000,0.031900000
sample,fixed_single,graph_fixed_diagnostic,128,128,82,284,1.055744052,1.070200000,0.088500000,0.000000000
sample,fixed_single,graph,128,128,83,284,1.092607975,1.110500000,0.099000000,0.029300000
sample,fixed_single,ordinary,128,128,83,284,1.661952019,1.680100000,1.348100000,0.000000000
sample,fixed_single,graph_fixed_diagnostic,128,128,83,284,1.058815956,1.072800000,0.093700000,0.000000000
sample,fixed_single,ordinary,128,128,84,284,1.780735970,1.797000000,1.458400000,0.000000000
sample,fixed_single,graph,128,128,84,284,1.107967973,1.128800000,0.126800000,0.030900000
sample,fixed_single,graph_fixed_diagnostic,128,128,84,284,1.054720044,1.073900000,0.054900000,0.000000000
sample,fixed_single,graph,128,128,85,284,1.076223969,1.095400000,0.070000000,0.021100000
sample,fixed_single,ordinary,128,128,85,284,1.767423987,1.787100000,1.406800000,0.000000000
sample,fixed_single,graph_fixed_diagnostic,128,128,85,284,1.056767941,1.070500000,0.059600000,0.000000000
sample,fixed_single,ordinary,128,128,86,284,1.888255954,1.902200000,1.573900000,0.000000000
sample,fixed_single,graph,128,128,86,284,1.091583967,1.107900000,0.095600000,0.031700000
sample,fixed_single,graph_fixed_diagnostic,128,128,86,284,1.053696036,1.070100000,0.054000000,0.000000000
sample,fixed_single,graph,128,128,87,284,1.075199962,1.090000000,0.083600000,0.018800000
sample,fixed_single,ordinary,128,128,87,284,1.622015953,1.635000000,1.276300000,0.000000000
sample,fixed_single,graph_fixed_diagnostic,128,128,87,284,1.054720044,1.072500000,0.049000000,0.000000000
sample,fixed_single,ordinary,128,128,88,284,1.670112014,1.686200000,1.345100000,0.000000000
sample,fixed_single,graph,128,128,88,284,1.070080042,1.085400000,0.091400000,0.017500000
sample,fixed_single,graph_fixed_diagnostic,128,128,88,284,1.054720044,1.077500000,0.061100000,0.000000000
sample,fixed_single,graph,128,128,89,284,1.065984011,1.080100000,0.064600000,0.011900000
sample,fixed_single,ordinary,128,128,89,284,1.558527946,1.579600000,1.197600000,0.000000000
sample,fixed_single,graph_fixed_diagnostic,128,128,89,284,1.053696036,1.065800000,0.080900000,0.000000000
sample,fixed_single,ordinary,128,128,90,284,1.681408048,1.703900000,1.367100000,0.000000000
sample,fixed_single,graph,128,128,90,284,1.167359948,1.190900000,0.181300000,0.079000000
sample,fixed_single,graph_fixed_diagnostic,128,128,90,284,1.057791948,1.100900000,0.063700000,0.000000000
sample,fixed_single,graph,128,128,91,284,1.072128057,1.105900000,0.074100000,0.015900000
sample,fixed_single,ordinary,128,128,91,284,1.643519998,1.664500000,1.268400000,0.000000000
sample,fixed_single,graph_fixed_diagnostic,128,128,91,284,1.053599954,1.064600000,0.061200000,0.000000000
sample,fixed_single,ordinary,128,128,92,284,1.632256031,1.647200000,1.310700000,0.000000000
sample,fixed_single,graph,128,128,92,284,1.065984011,1.075500000,0.069000000,0.011200000
sample,fixed_single,graph_fixed_diagnostic,128,128,92,284,1.053696036,1.070400000,0.056900000,0.000000000
sample,fixed_single,graph,128,128,93,284,1.072128057,1.090900000,0.074100000,0.015800000
sample,fixed_single,ordinary,128,128,93,284,1.765375972,1.850400000,1.452300000,0.000000000
sample,fixed_single,graph_fixed_diagnostic,128,128,93,284,1.181696057,1.290500000,0.571100000,0.000000000
sample,fixed_single,ordinary,128,128,94,284,1.803264022,1.814000000,1.489800000,0.000000000
sample,fixed_single,graph,128,128,94,284,1.092607975,1.106800000,0.118000000,0.032300000
sample,fixed_single,graph_fixed_diagnostic,128,128,94,284,1.053696036,1.072600000,0.049900000,0.000000000
sample,fixed_single,graph,128,128,95,284,1.088511944,1.106300000,0.093800000,0.029200000
sample,fixed_single,ordinary,128,128,95,284,1.735679984,1.753500000,1.382500000,0.000000000
sample,fixed_single,graph_fixed_diagnostic,128,128,95,284,1.053696036,1.067600000,0.076200000,0.000000000
sample,fixed_single,ordinary,128,128,96,284,1.784832001,1.799400000,1.433000000,0.000000000
sample,fixed_single,graph,128,128,96,284,1.088511944,1.103700000,0.105300000,0.028300000
sample,fixed_single,graph_fixed_diagnostic,128,128,96,284,1.052672029,1.068500000,0.060000000,0.000000000
sample,fixed_single,graph,128,128,97,284,1.083392024,1.101200000,0.115100000,0.021500000
sample,fixed_single,ordinary,128,128,97,284,1.699839950,1.729700000,1.381200000,0.000000000
sample,fixed_single,graph_fixed_diagnostic,128,128,97,284,1.059744000,1.072600000,0.058200000,0.000000000
sample,fixed_single,ordinary,128,128,98,284,1.811455965,1.825500000,1.488800000,0.000000000
sample,fixed_single,graph,128,128,98,284,1.090559959,1.108900000,0.095900000,0.022500000
sample,fixed_single,graph_fixed_diagnostic,128,128,98,284,1.053696036,1.070000000,0.056100000,0.000000000
sample,fixed_single,graph,128,128,99,284,1.074175954,1.089100000,0.079800000,0.019700000
sample,fixed_single,ordinary,128,128,99,284,1.669119954,1.683600000,1.351100000,0.000000000
sample,fixed_single,graph_fixed_diagnostic,128,128,99,284,1.052672029,1.069800000,0.099700000,0.000000000
sample,fixed_single,ordinary,128,128,100,284,1.713152051,1.728000000,1.394300000,0.000000000
sample,fixed_single,graph,128,128,100,284,1.068032026,1.081400000,0.076000000,0.011500000
sample,fixed_single,graph_fixed_diagnostic,128,128,100,284,1.053696036,1.068500000,0.061100000,0.000000000
sample,fixed_single,graph,128,128,101,284,1.070080042,1.085000000,0.056300000,0.010000000
sample,fixed_single,ordinary,128,128,101,284,1.940256000,1.963400000,1.612100000,0.000000000
sample,fixed_single,graph_fixed_diagnostic,128,128,101,284,1.054720044,1.068900000,0.054400000,0.000000000
sample,fixed_single,ordinary,128,128,102,284,1.624063969,1.641700000,1.279100000,0.000000000
sample,fixed_single,graph,128,128,102,284,1.076223969,1.087600000,0.079800000,0.018200000
sample,fixed_single,graph_fixed_diagnostic,128,128,102,284,1.054687977,1.067200000,0.061100000,0.000000000
sample,fixed_single,graph,128,128,103,284,1.070080042,1.085700000,0.069400000,0.014000000
sample,fixed_single,ordinary,128,128,103,284,1.864704013,1.881700000,1.549700000,0.000000000
sample,fixed_single,graph_fixed_diagnostic,128,128,103,284,1.052672029,1.068900000,0.079500000,0.000000000
sample,fixed_single,ordinary,128,128,104,284,1.745919943,1.761200000,1.422200000,0.000000000
sample,fixed_single,graph,128,128,104,284,1.085440040,1.100300000,0.082100000,0.026500000
sample,fixed_single,graph_fixed_diagnostic,128,128,104,284,1.055744052,1.073400000,0.053900000,0.000000000
sample,fixed_single,graph,128,128,105,284,1.076223969,1.094100000,0.090800000,0.019600000
sample,fixed_single,ordinary,128,128,105,284,1.823744059,1.859300000,1.510000000,0.000000000
sample,fixed_single,graph_fixed_diagnostic,128,128,105,284,1.059839964,1.074300000,0.087200000,0.000000000
sample,fixed_single,ordinary,128,128,106,284,1.785856009,1.800000000,1.470600000,0.000000000
sample,fixed_single,graph,128,128,106,284,1.078271985,1.091000000,0.092900000,0.019700000
sample,fixed_single,graph_fixed_diagnostic,128,128,106,284,1.051648021,1.066200000,0.046700000,0.000000000
sample,fixed_single,graph,128,128,107,284,1.071104050,1.086300000,0.085800000,0.016300000
sample,fixed_single,ordinary,128,128,107,284,1.689599991,1.703600000,1.311700000,0.000000000
sample,fixed_single,graph_fixed_diagnostic,128,128,107,284,1.054720044,1.070500000,0.053700000,0.000000000
sample,fixed_single,ordinary,128,128,108,284,1.573887944,1.588800000,1.248700000,0.000000000
sample,fixed_single,graph,128,128,108,284,1.065984011,1.079000000,0.062500000,0.014200000
sample,fixed_single,graph_fixed_diagnostic,128,128,108,284,1.054720044,1.070900000,0.065700000,0.000000000
sample,fixed_single,graph,128,128,109,284,1.071104050,1.086600000,0.067800000,0.016600000
sample,fixed_single,ordinary,128,128,109,284,1.691648006,1.710500000,1.377100000,0.000000000
sample,fixed_single,graph_fixed_diagnostic,128,128,109,284,1.055744052,1.070700000,0.069600000,0.000000000
sample,fixed_single,ordinary,128,128,110,284,1.693696022,1.709500000,1.311900000,0.000000000
sample,fixed_single,graph,128,128,110,284,1.080320001,1.095100000,0.095100000,0.023200000
sample,fixed_single,graph_fixed_diagnostic,128,128,110,284,1.051648021,1.065600000,0.075300000,0.000000000
sample,fixed_single,graph,128,128,111,284,1.069056034,1.085900000,0.095400000,0.015000000
sample,fixed_single,ordinary,128,128,111,284,1.643519998,1.657700000,1.323100000,0.000000000
sample,fixed_single,graph_fixed_diagnostic,128,128,111,284,1.053696036,1.067200000,0.068300000,0.000000000
sample,fixed_single,ordinary,128,128,112,284,1.651711941,1.665500000,1.333400000,0.000000000
sample,fixed_single,graph,128,128,112,284,1.072128057,1.084700000,0.071800000,0.015600000
sample,fixed_single,graph_fixed_diagnostic,128,128,112,284,1.052672029,1.066700000,0.055900000,0.000000000
sample,fixed_single,graph,128,128,113,284,1.067008018,1.078900000,0.056200000,0.010500000
sample,fixed_single,ordinary,128,128,113,284,1.628000021,1.644900000,1.286400000,0.000000000
sample,fixed_single,graph_fixed_diagnostic,128,128,113,284,1.052672029,1.063800000,0.045500000,0.000000000
sample,fixed_single,ordinary,128,128,114,284,1.677312016,1.690500000,1.372000000,0.000000000
sample,fixed_single,graph,128,128,114,284,1.075199962,1.088300000,0.076300000,0.016000000
sample,fixed_single,graph_fixed_diagnostic,128,128,114,284,1.052543998,1.065600000,0.072900000,0.000000000
sample,fixed_single,graph,128,128,115,284,1.069056034,1.082100000,0.080800000,0.011400000
sample,fixed_single,ordinary,128,128,115,284,1.686527967,1.698900000,1.372100000,0.000000000
sample,fixed_single,graph_fixed_diagnostic,128,128,115,284,1.051648021,1.062800000,0.067100000,0.000000000
sample,fixed_single,ordinary,128,128,116,284,1.715199947,1.729200000,1.398700000,0.000000000
sample,fixed_single,graph,128,128,116,284,1.071104050,1.083600000,0.082700000,0.011500000
sample,fixed_single,graph_fixed_diagnostic,128,128,116,284,1.056767941,1.070100000,0.064600000,0.000000000
sample,fixed_single,graph,128,128,117,284,1.070080042,1.084300000,0.070400000,0.015200000
sample,fixed_single,ordinary,128,128,117,284,1.547263980,1.566400000,1.226900000,0.000000000
sample,fixed_single,graph_fixed_diagnostic,128,128,117,284,1.058815956,1.087000000,0.069800000,0.000000000
sample,fixed_single,ordinary,128,128,118,284,1.850368023,1.910000000,1.521100000,0.000000000
sample,fixed_single,graph,128,128,118,284,1.081344008,1.092400000,0.089400000,0.022500000
sample,fixed_single,graph_fixed_diagnostic,128,128,118,284,1.058624029,1.074200000,0.065700000,0.000000000
sample,fixed_single,graph,128,128,119,284,1.083392024,1.099700000,0.088900000,0.021200000
sample,fixed_single,ordinary,128,128,119,284,1.604608059,1.619400000,1.232700000,0.000000000
sample,fixed_single,graph_fixed_diagnostic,128,128,119,284,1.061856031,1.074500000,0.062300000,0.000000000
sample,fixed_single,ordinary,128,128,120,284,1.707008004,1.719800000,1.376800000,0.000000000
sample,fixed_single,graph,128,128,120,284,1.076223969,1.090900000,0.071200000,0.018500000
sample,fixed_single,graph_fixed_diagnostic,128,128,120,284,1.056767941,1.075900000,0.057200000,0.000000000
sample,fixed_single,graph,128,128,121,284,1.068032026,1.082900000,0.063200000,0.012900000
sample,fixed_single,ordinary,128,128,121,284,1.775616050,1.790900000,1.412300000,0.000000000
sample,fixed_single,graph_fixed_diagnostic,128,128,121,284,1.054720044,1.068000000,0.074600000,0.000000000
sample,fixed_single,ordinary,128,128,122,284,1.891327977,1.908200000,1.573300000,0.000000000
sample,fixed_single,graph,128,128,122,284,1.098752022,1.113900000,0.109700000,0.031100000
sample,fixed_single,graph_fixed_diagnostic,128,128,122,284,1.055744052,1.072000000,0.082500000,0.000000000
sample,fixed_single,graph,128,128,123,284,1.070080042,1.083700000,0.072800000,0.015000000
sample,fixed_single,ordinary,128,128,123,284,1.665887952,1.679300000,1.352000000,0.000000000
sample,fixed_single,graph_fixed_diagnostic,128,128,123,284,1.054720044,1.070500000,0.061000000,0.000000000
sample,fixed_single,ordinary,128,128,124,284,1.681408048,1.697500000,1.368800000,0.000000000
sample,fixed_single,graph,128,128,124,284,1.083392024,1.098000000,0.094900000,0.022900000
sample,fixed_single,graph_fixed_diagnostic,128,128,124,284,1.053696036,1.068400000,0.094300000,0.000000000
sample,fixed_single,graph,128,128,125,284,1.060863972,1.075800000,0.069200000,0.011500000
sample,fixed_single,ordinary,128,128,125,284,1.800191998,1.817000000,1.424400000,0.000000000
sample,fixed_single,graph_fixed_diagnostic,128,128,125,284,1.055744052,1.071800000,0.056100000,0.000000000
sample,fixed_single,ordinary,128,128,126,284,1.752063990,1.767700000,1.431600000,0.000000000
sample,fixed_single,graph,128,128,126,284,1.081344008,1.095800000,0.076100000,0.020800000
sample,fixed_single,graph_fixed_diagnostic,128,128,126,284,1.052672029,1.067400000,0.057100000,0.000000000
sample,fixed_single,graph,128,128,127,284,1.086464047,1.099300000,0.090700000,0.025100000
sample,fixed_single,ordinary,128,128,127,284,1.626111984,1.638900000,1.312700000,0.000000000
sample,fixed_single,graph_fixed_diagnostic,128,128,127,284,1.055583954,1.068700000,0.065100000,0.000000000
sample,fixed_single,ordinary,128,128,128,284,1.745728016,1.759600000,1.431200000,0.000000000
sample,fixed_single,graph,128,128,128,284,1.067008018,1.079700000,0.074000000,0.011700000
sample,fixed_single,graph_fixed_diagnostic,128,128,128,284,1.052672029,1.068500000,0.051300000,0.000000000
sample,fixed_single,graph,128,128,129,284,1.080320001,1.099500000,0.087600000,0.018400000
sample,fixed_single,ordinary,128,128,129,284,1.744832039,1.756200000,1.430900000,0.000000000
sample,fixed_single,graph_fixed_diagnostic,128,128,129,284,1.058815956,1.078800000,0.077400000,0.000000000
sample,fixed_single,ordinary,128,128,130,284,2.577408075,2.748700000,2.212800000,0.000000000
sample,fixed_single,graph,128,128,130,284,1.084416032,1.097900000,0.080400000,0.021300000
sample,fixed_single,graph_fixed_diagnostic,128,128,130,284,1.062687993,1.076500000,0.061700000,0.000000000
sample,fixed_single,graph,128,128,131,284,1.062911987,1.076300000,0.056100000,0.011500000
sample,fixed_single,ordinary,128,128,131,284,1.587200046,1.600800000,1.260300000,0.000000000
sample,fixed_single,graph_fixed_diagnostic,128,128,131,284,1.052672029,1.063900000,0.048900000,0.000000000
sample,fixed_single,ordinary,128,128,132,284,1.728512049,1.742200000,1.256600000,0.000000000
sample,fixed_single,graph,128,128,132,284,1.071104050,1.086300000,0.067500000,0.013200000
sample,fixed_single,graph_fixed_diagnostic,128,128,132,284,1.055744052,1.069500000,0.052900000,0.000000000
sample,fixed_single,graph,128,128,133,284,1.069056034,1.081600000,0.071500000,0.014900000
sample,fixed_single,ordinary,128,128,133,284,1.745919943,1.763300000,1.424600000,0.000000000
sample,fixed_single,graph_fixed_diagnostic,128,128,133,284,1.053696036,1.063100000,0.058000000,0.000000000
sample,fixed_single,ordinary,128,128,134,284,1.670143962,1.681900000,1.356300000,0.000000000
sample,fixed_single,graph,128,128,134,284,1.073151946,1.083400000,0.076200000,0.017800000
sample,fixed_single,graph_fixed_diagnostic,128,128,134,284,1.051648021,1.063500000,0.051800000,0.000000000
sample,fixed_single,graph,128,128,135,284,1.071104050,1.081900000,0.071900000,0.014700000
sample,fixed_single,ordinary,128,128,135,284,1.764351964,1.774700000,1.451300000,0.000000000
sample,fixed_single,graph_fixed_diagnostic,128,128,135,284,1.050624013,1.060000000,0.053100000,0.000000000
sample,fixed_single,ordinary,128,128,136,284,1.603584051,1.614400000,1.246100000,0.000000000
sample,fixed_single,graph,128,128,136,284,1.072128057,1.083100000,0.073500000,0.015500000
sample,fixed_single,graph_fixed_diagnostic,128,128,136,284,1.051648021,1.063600000,0.076000000,0.000000000
sample,fixed_single,graph,128,128,137,284,1.069056034,1.080500000,0.071100000,0.013500000
sample,fixed_single,ordinary,128,128,137,284,1.790976048,1.804600000,1.475700000,0.000000000
sample,fixed_single,graph_fixed_diagnostic,128,128,137,284,1.054720044,1.066200000,0.064300000,0.000000000
sample,fixed_single,ordinary,128,128,138,284,1.821696043,1.833500000,1.503800000,0.000000000
sample,fixed_single,graph,128,128,138,284,1.080320001,1.092000000,0.094300000,0.023300000
sample,fixed_single,graph_fixed_diagnostic,128,128,138,284,1.055744052,1.068600000,0.064900000,0.000000000
sample,fixed_single,graph,128,128,139,284,1.076223969,1.088200000,0.079300000,0.017500000
sample,fixed_single,ordinary,128,128,139,284,1.584128022,1.596100000,1.265300000,0.000000000
sample,fixed_single,graph_fixed_diagnostic,128,128,139,284,1.052575946,1.061600000,0.052900000,0.000000000
sample,fixed_single,ordinary,128,128,140,284,1.685503960,1.696700000,1.367900000,0.000000000
sample,fixed_single,graph,128,128,140,284,1.072000027,1.082500000,0.075500000,0.016300000
sample,fixed_single,graph_fixed_diagnostic,128,128,140,284,1.052512050,1.063700000,0.078800000,0.000000000
sample,fixed_single,graph,128,128,141,284,1.067008018,1.078700000,0.070700000,0.014500000
sample,fixed_single,ordinary,128,128,141,284,1.695551991,1.707600000,1.333300000,0.000000000
sample,fixed_single,graph_fixed_diagnostic,128,128,141,284,1.052672029,1.063000000,0.077100000,0.000000000
sample,fixed_single,ordinary,128,128,142,284,2.902015924,2.915000000,2.589800000,0.000000000
sample,fixed_single,graph,128,128,142,284,1.080320001,1.092400000,0.090900000,0.021900000
sample,fixed_single,graph_fixed_diagnostic,128,128,142,284,1.052672029,1.065200000,0.058000000,0.000000000
sample,fixed_single,graph,128,128,143,284,1.075199962,1.087700000,0.082900000,0.018400000
sample,fixed_single,ordinary,128,128,143,284,1.805312037,1.819200000,1.488800000,0.000000000
sample,fixed_single,graph_fixed_diagnostic,128,128,143,284,1.053696036,1.064700000,0.061300000,0.000000000
sample,fixed_single,ordinary,128,128,144,284,1.648640037,1.660100000,1.329400000,0.000000000
sample,fixed_single,graph,128,128,144,284,1.085440040,1.097500000,0.112100000,0.023600000
sample,fixed_single,graph_fixed_diagnostic,128,128,144,284,1.051648021,1.065300000,0.068000000,0.000000000
sample,fixed_single,graph,128,128,145,284,1.078271985,1.093700000,0.084700000,0.019000000
sample,fixed_single,ordinary,128,128,145,284,1.858432055,1.871700000,1.537200000,0.000000000
sample,fixed_single,graph_fixed_diagnostic,128,128,145,284,1.054720044,1.066800000,0.064300000,0.000000000
sample,fixed_single,ordinary,128,128,146,284,1.845247984,1.858500000,1.532000000,0.000000000
sample,fixed_single,graph,128,128,146,284,1.089535952,1.102400000,0.104500000,0.030800000
sample,fixed_single,graph_fixed_diagnostic,128,128,146,284,1.055744052,1.068600000,0.066700000,0.000000000
sample,fixed_single,graph,128,128,147,284,1.071104050,1.082900000,0.076600000,0.015900000
sample,fixed_single,ordinary,128,128,147,284,1.638399959,1.650700000,1.320600000,0.000000000
sample,fixed_single,graph_fixed_diagnostic,128,128,147,284,1.053696036,1.064600000,0.059000000,0.000000000
sample,fixed_single,ordinary,128,128,148,284,1.752063990,1.765700000,1.434700000,0.000000000
sample,fixed_single,graph,128,128,148,284,1.090559959,1.102500000,0.102500000,0.021200000
sample,fixed_single,graph_fixed_diagnostic,128,128,148,284,1.050624013,1.063600000,0.069700000,0.000000000
sample,fixed_single,graph,128,128,149,284,1.071104050,1.082900000,0.071400000,0.015500000
sample,fixed_single,ordinary,128,128,149,284,1.802047968,1.812500000,1.487400000,0.000000000
sample,fixed_single,graph_fixed_diagnostic,128,128,149,284,1.052543998,1.062600000,0.063600000,0.000000000
sample,fixed_single,ordinary,128,128,150,284,1.651711941,1.662100000,1.293000000,0.000000000
sample,fixed_single,graph,128,128,150,284,1.070912004,1.080600000,0.071800000,0.015800000
sample,fixed_single,graph_fixed_diagnostic,128,128,150,284,1.053696036,1.065600000,0.060100000,0.000000000
sample,fixed_single,graph,128,128,151,284,1.068032026,1.079100000,0.072000000,0.014100000
sample,fixed_single,ordinary,128,128,151,284,1.731583953,1.743400000,1.367400000,0.000000000
sample,fixed_single,graph_fixed_diagnostic,128,128,151,284,1.050624013,1.062000000,0.055400000,0.000000000
sample,fixed_single,ordinary,128,128,152,284,1.768447995,1.779200000,1.406000000,0.000000000
sample,fixed_single,graph,128,128,152,284,1.074175954,1.085000000,0.080400000,0.016900000
sample,fixed_single,graph_fixed_diagnostic,128,128,152,284,1.052672029,1.064100000,0.059100000,0.000000000
sample,fixed_single,graph,128,128,153,284,1.073151946,1.088200000,0.078000000,0.015800000
sample,fixed_single,ordinary,128,128,153,284,1.982463956,1.999100000,1.669000000,0.000000000
sample,fixed_single,graph_fixed_diagnostic,128,128,153,284,1.060863972,1.074100000,0.086500000,0.000000000
sample,fixed_single,ordinary,128,128,154,284,2.082815886,2.096400000,1.769900000,0.000000000
sample,fixed_single,graph,128,128,154,284,1.105919957,1.119000000,0.121800000,0.046900000
sample,fixed_single,graph_fixed_diagnostic,128,128,154,284,1.051648021,1.065600000,0.080900000,0.000000000
sample,fixed_single,graph,128,128,155,284,1.071104050,1.083800000,0.086900000,0.016200000
sample,fixed_single,ordinary,128,128,155,284,1.715199947,1.728100000,1.401700000,0.000000000
sample,fixed_single,graph_fixed_diagnostic,128,128,155,284,1.056767941,1.067900000,0.091900000,0.000000000
sample,fixed_single,ordinary,128,128,156,284,1.759232044,1.769900000,1.402000000,0.000000000
sample,fixed_single,graph,128,128,156,284,1.071104050,1.083300000,0.080500000,0.016100000
sample,fixed_single,graph_fixed_diagnostic,128,128,156,284,1.051648021,1.064500000,0.056600000,0.000000000
sample,fixed_single,graph,128,128,157,284,1.065984011,1.077900000,0.093500000,0.014200000
sample,fixed_single,ordinary,128,128,157,284,1.781759977,1.793800000,1.464900000,0.000000000
sample,fixed_single,graph_fixed_diagnostic,128,128,157,284,1.051648021,1.062300000,0.059100000,0.000000000
sample,fixed_single,ordinary,128,128,158,284,1.589247942,1.607200000,1.272800000,0.000000000
sample,fixed_single,graph,128,128,158,284,1.076223969,1.088500000,0.087900000,0.017900000
sample,fixed_single,graph_fixed_diagnostic,128,128,158,284,1.052672029,1.065700000,0.057700000,0.000000000
sample,fixed_single,graph,128,128,159,284,1.070080042,1.082000000,0.076800000,0.014500000
sample,fixed_single,ordinary,128,128,159,284,1.725440025,1.739300000,1.407300000,0.000000000
sample,fixed_single,graph_fixed_diagnostic,128,128,159,284,1.051648021,1.063600000,0.057100000,0.000000000
sample,fixed_single,ordinary,128,128,160,284,1.605631948,1.617800000,1.294300000,0.000000000
sample,fixed_single,graph,128,128,160,284,1.071104050,1.080800000,0.075000000,0.015500000
sample,fixed_single,graph_fixed_diagnostic,128,128,160,284,1.050624013,1.062600000,0.052300000,0.000000000
sample,fixed_single,graph,128,128,161,284,1.068896055,1.080400000,0.071600000,0.013800000
sample,fixed_single,ordinary,128,128,161,284,1.554432034,1.582900000,1.239100000,0.000000000
sample,fixed_single,graph_fixed_diagnostic,128,128,161,284,1.057791948,1.069500000,0.067900000,0.000000000
sample,fixed_single,ordinary,128,128,162,284,1.745919943,1.760000000,1.429000000,0.000000000
sample,fixed_single,graph,128,128,162,284,1.091583967,1.102200000,0.104100000,0.033800000
sample,fixed_single,graph_fixed_diagnostic,128,128,162,284,1.053696036,1.067800000,0.067200000,0.000000000
sample,fixed_single,graph,128,128,163,284,1.071104050,1.083900000,0.074500000,0.014200000
sample,fixed_single,ordinary,128,128,163,284,1.645568013,1.658200000,1.328300000,0.000000000
sample,fixed_single,graph_fixed_diagnostic,128,128,163,284,1.053696036,1.065700000,0.065700000,0.000000000
sample,fixed_single,ordinary,128,128,164,284,1.784832001,1.797300000,1.465900000,0.000000000
sample,fixed_single,graph,128,128,164,284,1.071104050,1.083500000,0.075900000,0.015600000
sample,fixed_single,graph_fixed_diagnostic,128,128,164,284,1.054720044,1.070400000,0.053800000,0.000000000
sample,fixed_single,graph,128,128,165,284,1.071071982,1.083200000,0.071200000,0.015600000
sample,fixed_single,ordinary,128,128,165,284,2.031615973,2.046300000,1.730000000,0.000000000
sample,fixed_single,graph_fixed_diagnostic,128,128,165,284,1.252351999,1.288400000,0.739900000,0.000000000
sample,fixed_single,ordinary,128,128,166,284,1.712128043,1.723400000,1.400200000,0.000000000
sample,fixed_single,graph,128,128,166,284,1.076223969,1.085700000,0.084200000,0.020300000
sample,fixed_single,graph_fixed_diagnostic,128,128,166,284,1.052575946,1.062900000,0.058100000,0.000000000
sample,fixed_single,graph,128,128,167,284,1.071104050,1.082900000,0.070300000,0.014100000
sample,fixed_single,ordinary,128,128,167,284,1.670143962,1.681300000,1.355000000,0.000000000
sample,fixed_single,graph_fixed_diagnostic,128,128,167,284,1.051648021,1.061800000,0.052700000,0.000000000
sample,fixed_single,ordinary,128,128,168,284,1.631135941,1.642100000,1.317600000,0.000000000
sample,fixed_single,graph,128,128,168,284,1.069056034,1.079400000,0.071300000,0.015300000
sample,fixed_single,graph_fixed_diagnostic,128,128,168,284,1.052672029,1.064000000,0.060900000,0.000000000
sample,fixed_single,graph,128,128,169,284,1.070080042,1.080300000,0.075900000,0.013900000
sample,fixed_single,ordinary,128,128,169,284,1.712128043,1.723400000,1.392900000,0.000000000
sample,fixed_single,graph_fixed_diagnostic,128,128,169,284,1.051648021,1.063400000,0.063000000,0.000000000
sample,fixed_single,ordinary,128,128,170,284,1.589247942,1.601600000,1.270200000,0.000000000
sample,fixed_single,graph,128,128,170,284,1.071903944,1.080900000,0.072900000,0.015100000
sample,fixed_single,graph_fixed_diagnostic,128,128,170,284,1.052672029,1.064500000,0.051000000,0.000000000
sample,fixed_single,graph,128,128,171,284,1.068863988,1.080300000,0.066800000,0.013700000
sample,fixed_single,ordinary,128,128,171,284,1.633280039,1.643900000,1.313400000,0.000000000
sample,fixed_single,graph_fixed_diagnostic,128,128,171,284,1.053696036,1.064900000,0.059400000,0.000000000
sample,fixed_single,ordinary,128,128,172,284,1.701727986,1.712200000,1.337100000,0.000000000
sample,fixed_single,graph,128,128,172,284,1.070080042,1.080500000,0.073600000,0.015200000
sample,fixed_single,graph_fixed_diagnostic,128,128,172,284,1.053696036,1.066600000,0.061200000,0.000000000
sample,fixed_single,graph,128,128,173,284,1.071104050,1.085800000,0.076400000,0.014500000
sample,fixed_single,ordinary,128,128,173,284,1.591295958,1.608400000,1.277800000,0.000000000
sample,fixed_single,graph_fixed_diagnostic,128,128,173,284,1.055744052,1.068000000,0.069200000,0.000000000
sample,fixed_single,ordinary,128,128,174,284,1.562623978,1.576100000,1.248800000,0.000000000
sample,fixed_single,graph,128,128,174,284,1.089535952,1.102800000,0.101900000,0.027200000
sample,fixed_single,graph_fixed_diagnostic,128,128,174,284,1.052672029,1.068000000,0.064100000,0.000000000
sample,fixed_single,graph,128,128,175,284,1.076223969,1.087800000,0.082000000,0.018700000
sample,fixed_single,ordinary,128,128,175,284,1.662976027,1.675100000,1.349400000,0.000000000
sample,fixed_single,graph_fixed_diagnostic,128,128,175,284,1.053696036,1.064200000,0.074900000,0.000000000
sample,fixed_single,ordinary,128,128,176,284,1.785856009,1.798000000,1.472400000,0.000000000
sample,fixed_single,graph,128,128,176,284,1.088511944,1.100500000,0.101900000,0.028500000
sample,fixed_single,graph_fixed_diagnostic,128,128,176,284,1.086464047,1.099700000,0.097800000,0.000000000
sample,fixed_single,graph,128,128,177,284,1.074175954,1.088000000,0.087000000,0.017900000
sample,fixed_single,ordinary,128,128,177,284,2.010112047,2.023000000,1.697000000,0.000000000
sample,fixed_single,graph_fixed_diagnostic,128,128,177,284,1.056767941,1.069900000,0.072100000,0.000000000
sample,fixed_single,ordinary,128,128,178,284,1.985535979,1.999200000,1.672100000,0.000000000
sample,fixed_single,graph,128,128,178,284,1.091583967,1.104000000,0.106500000,0.033100000
sample,fixed_single,graph_fixed_diagnostic,128,128,178,284,1.054720044,1.067300000,0.065100000,0.000000000
sample,fixed_single,graph,128,128,179,284,1.074175954,1.087600000,0.083800000,0.016200000
sample,fixed_single,ordinary,128,128,179,284,1.650688052,1.663400000,1.338200000,0.000000000
sample,fixed_single,graph_fixed_diagnostic,128,128,179,284,1.052672029,1.064800000,0.065700000,0.000000000
sample,fixed_single,ordinary,128,128,180,284,1.735679984,1.747900000,1.403900000,0.000000000
sample,fixed_single,graph,128,128,180,284,1.074175954,1.085200000,0.079700000,0.016700000
sample,fixed_single,graph_fixed_diagnostic,128,128,180,284,1.051648021,1.064100000,0.063100000,0.000000000
sample,fixed_single,graph,128,128,181,284,1.068032026,1.080900000,0.072600000,0.013200000
sample,fixed_single,ordinary,128,128,181,284,1.707008004,1.721300000,1.391500000,0.000000000
sample,fixed_single,graph_fixed_diagnostic,128,128,181,284,1.053696036,1.065600000,0.065200000,0.000000000
sample,fixed_single,ordinary,128,128,182,284,1.709056020,1.722200000,1.390400000,0.000000000
sample,fixed_single,graph,128,128,182,284,1.076223969,1.087000000,0.087200000,0.018800000
sample,fixed_single,graph_fixed_diagnostic,128,128,182,284,1.049600005,1.061800000,0.055800000,0.000000000
sample,fixed_single,graph,128,128,183,284,1.070080042,1.084500000,0.075200000,0.014400000
sample,fixed_single,ordinary,128,128,183,284,1.617920041,1.628900000,1.301500000,0.000000000
sample,fixed_single,graph_fixed_diagnostic,128,128,183,284,1.052672029,1.063300000,0.060100000,0.000000000
sample,fixed_single,ordinary,128,128,184,284,1.716223955,1.727200000,1.397300000,0.000000000
sample,fixed_single,graph,128,128,184,284,1.070080042,1.080500000,0.073500000,0.014700000
sample,fixed_single,graph_fixed_diagnostic,128,128,184,284,1.052672029,1.064500000,0.061400000,0.000000000
sample,fixed_single,graph,128,128,185,284,1.068032026,1.079900000,0.069700000,0.013700000
sample,fixed_single,ordinary,128,128,185,284,1.702911973,1.713400000,1.386300000,0.000000000
sample,fixed_single,graph_fixed_diagnostic,128,128,185,284,1.051519990,1.061300000,0.053200000,0.000000000
sample,fixed_single,ordinary,128,128,186,284,1.690623999,1.702500000,1.371700000,0.000000000
sample,fixed_single,graph,128,128,186,284,1.070080042,1.080800000,0.085300000,0.015100000
sample,fixed_single,graph_fixed_diagnostic,128,128,186,284,1.051552057,1.062700000,0.059100000,0.000000000
sample,fixed_single,graph,128,128,187,284,1.070080042,1.081300000,0.080000000,0.015700000
sample,fixed_single,ordinary,128,128,187,284,1.675264001,1.687000000,1.329600000,0.000000000
sample,fixed_single,graph_fixed_diagnostic,128,128,187,284,1.052672029,1.062800000,0.052300000,0.000000000
sample,fixed_single,ordinary,128,128,188,284,1.661952019,1.673300000,1.343800000,0.000000000
sample,fixed_single,graph,128,128,188,284,1.070080042,1.080700000,0.072600000,0.015000000
sample,fixed_single,graph_fixed_diagnostic,128,128,188,284,1.052672029,1.064900000,0.058400000,0.000000000
sample,fixed_single,graph,128,128,189,284,1.069056034,1.080000000,0.069100000,0.013700000
sample,fixed_single,ordinary,128,128,189,284,1.925119996,1.936400000,1.612900000,0.000000000
sample,fixed_single,graph_fixed_diagnostic,128,128,189,284,1.052672029,1.063800000,0.052800000,0.000000000
sample,fixed_single,ordinary,128,128,190,284,3.116031885,3.127800000,2.791300000,0.000000000
sample,fixed_single,graph,128,128,190,284,1.068928003,1.077500000,0.088300000,0.015300000
sample,fixed_single,graph_fixed_diagnostic,128,128,190,284,1.049471974,1.058100000,0.040200000,0.000000000
sample,fixed_single,graph,128,128,191,284,1.055552006,1.063500000,0.047400000,0.008400000
sample,fixed_single,ordinary,128,128,191,284,1.699839950,1.709100000,1.387700000,0.000000000
sample,fixed_single,graph_fixed_diagnostic,128,128,191,284,1.050624013,1.058900000,0.046400000,0.000000000
sample,fixed_single,ordinary,128,128,192,284,1.989503980,1.998100000,1.592700000,0.000000000
sample,fixed_single,graph,128,128,192,284,1.058815956,1.067700000,0.057300000,0.009700000
sample,fixed_single,graph_fixed_diagnostic,128,128,192,284,1.047551990,1.056900000,0.043800000,0.000000000
sample,fixed_single,graph,128,128,193,284,1.054720044,1.064500000,0.045200000,0.007400000
sample,fixed_single,ordinary,128,128,193,284,1.679360032,1.693100000,1.364900000,0.000000000
sample,fixed_single,graph_fixed_diagnostic,128,128,193,284,1.051648021,1.060100000,0.041800000,0.000000000
sample,fixed_single,ordinary,128,128,194,284,1.719295979,1.728700000,1.398000000,0.000000000
sample,fixed_single,graph,128,128,194,284,1.060832024,1.069900000,0.060500000,0.011600000
sample,fixed_single,graph_fixed_diagnostic,128,128,194,284,1.049600005,1.058500000,0.045700000,0.000000000
sample,fixed_single,graph,128,128,195,284,1.055744052,1.064800000,0.047500000,0.007500000
sample,fixed_single,ordinary,128,128,195,284,1.755136013,1.764000000,1.442400000,0.000000000
sample,fixed_single,graph_fixed_diagnostic,128,128,195,284,1.048575997,1.057300000,0.041900000,0.000000000
sample,fixed_single,ordinary,128,128,196,284,1.823616028,1.832100000,1.507700000,0.000000000
sample,fixed_single,graph,128,128,196,284,1.057791948,1.067600000,0.057300000,0.009500000
sample,fixed_single,graph_fixed_diagnostic,128,128,196,284,1.048575997,1.057400000,0.044300000,0.000000000
sample,fixed_single,graph,128,128,197,284,1.057791948,1.068400000,0.045100000,0.007700000
sample,fixed_single,ordinary,128,128,197,284,1.739776015,1.755200000,1.425500000,0.000000000
sample,fixed_single,graph_fixed_diagnostic,128,128,197,284,1.054720044,1.064700000,0.062500000,0.000000000
sample,fixed_single,ordinary,128,128,198,284,1.667072058,1.678400000,1.350800000,0.000000000
sample,fixed_single,graph,128,128,198,284,1.071104050,1.080700000,0.074200000,0.016500000
sample,fixed_single,graph_fixed_diagnostic,128,128,198,284,1.052672029,1.064700000,0.057400000,0.000000000
sample,fixed_single,graph,128,128,199,284,1.076223969,1.088700000,0.074700000,0.018000000
sample,fixed_single,ordinary,128,128,199,284,1.658879995,1.670700000,1.342000000,0.000000000
sample,fixed_single,graph_fixed_diagnostic,128,128,199,284,1.050624013,1.060600000,0.053200000,0.000000000
sample,fixed_single,ordinary,128,128,200,284,1.674111962,1.684400000,1.360400000,0.000000000
sample,fixed_single,graph,128,128,200,284,1.072031975,1.081800000,0.074800000,0.015400000
sample,fixed_single,graph_fixed_diagnostic,128,128,200,284,1.052575946,1.063500000,0.059900000,0.000000000
sample,fixed_single,graph,128,128,201,284,1.065984011,1.079100000,0.069300000,0.013600000
sample,fixed_single,ordinary,128,128,201,284,1.576959968,1.597100000,1.260400000,0.000000000
sample,fixed_single,graph_fixed_diagnostic,128,128,201,284,1.052672029,1.062400000,0.046900000,0.000000000
sample,fixed_single,ordinary,128,128,202,284,2.225087881,2.251300000,1.892500000,0.000000000
sample,fixed_single,graph,128,128,202,284,1.071967959,1.080800000,0.067900000,0.015100000
sample,fixed_single,graph_fixed_diagnostic,128,128,202,284,1.049600005,1.058600000,0.043100000,0.000000000
sample,fixed_single,graph,128,128,203,284,1.056767941,1.065300000,0.047300000,0.008200000
sample,fixed_single,ordinary,128,128,203,284,1.750015974,1.759400000,1.435800000,0.000000000
sample,fixed_single,graph_fixed_diagnostic,128,128,203,284,1.049600005,1.060100000,0.049600000,0.000000000
sample,fixed_single,ordinary,128,128,204,284,1.667072058,1.678600000,1.309700000,0.000000000
sample,fixed_single,graph,128,128,204,284,1.068032026,1.078600000,0.065200000,0.013900000
sample,fixed_single,graph_fixed_diagnostic,128,128,204,284,1.050624013,1.062500000,0.050600000,0.000000000
sample,fixed_single,graph,128,128,205,284,1.059839964,1.072300000,0.078800000,0.009400000
sample,fixed_single,ordinary,128,128,205,284,1.784832001,1.807300000,1.386200000,0.000000000
sample,fixed_single,graph_fixed_diagnostic,128,128,205,284,1.053696036,1.062600000,0.051000000,0.000000000
sample,fixed_single,ordinary,128,128,206,284,1.700863957,1.710800000,1.307100000,0.000000000
sample,fixed_single,graph,128,128,206,284,1.075199962,1.086800000,0.078300000,0.022300000
sample,fixed_single,graph_fixed_diagnostic,128,128,206,284,1.050624013,1.061500000,0.048200000,0.000000000
sample,fixed_single,graph,128,128,207,284,1.054720044,1.066000000,0.052400000,0.007400000
sample,fixed_single,ordinary,128,128,207,284,1.623039961,1.634400000,1.285600000,0.000000000
sample,fixed_single,graph_fixed_diagnostic,128,128,207,284,1.049600005,1.060100000,0.042200000,0.000000000
sample,fixed_single,ordinary,128,128,208,284,1.644544005,1.654400000,1.228100000,0.000000000
sample,fixed_single,graph,128,128,208,284,1.060863972,1.072000000,0.057100000,0.011500000
sample,fixed_single,graph_fixed_diagnostic,128,128,208,284,1.049600005,1.059400000,0.051500000,0.000000000
sample,fixed_single,graph,128,128,209,284,1.059839964,1.069200000,0.054900000,0.009200000
sample,fixed_single,ordinary,128,128,209,284,1.739776015,1.748800000,1.417200000,0.000000000
sample,fixed_single,graph_fixed_diagnostic,128,128,209,284,1.052672029,1.060000000,0.044700000,0.000000000
sample,fixed_single,ordinary,128,128,210,284,1.584032059,1.592000000,1.185300000,0.000000000
sample,fixed_single,graph,128,128,210,284,1.058751941,1.067700000,0.070300000,0.010000000
sample,fixed_single,graph_fixed_diagnostic,128,128,210,284,1.048575997,1.057000000,0.039100000,0.000000000
sample,fixed_single,graph,128,128,211,284,1.057791948,1.065400000,0.047800000,0.007400000
sample,fixed_single,ordinary,128,128,211,284,1.591295958,1.599800000,1.273100000,0.000000000
sample,fixed_single,graph_fixed_diagnostic,128,128,211,284,1.048544049,1.056600000,0.042200000,0.000000000
sample,fixed_single,ordinary,128,128,212,284,1.619968057,1.628900000,1.301500000,0.000000000
sample,fixed_single,graph,128,128,212,284,1.056704044,1.064300000,0.065900000,0.008300000
sample,fixed_single,graph_fixed_diagnostic,128,128,212,284,1.049600005,1.058600000,0.043600000,0.000000000
sample,fixed_single,graph,128,128,213,284,1.055744052,1.064300000,0.048200000,0.007700000
sample,fixed_single,ordinary,128,128,213,284,1.551360011,1.560300000,1.232900000,0.000000000
sample,fixed_single,graph_fixed_diagnostic,128,128,213,284,1.053696036,1.067700000,0.076600000,0.000000000
sample,fixed_single,ordinary,128,128,214,284,1.812479973,1.839400000,1.497200000,0.000000000
sample,fixed_single,graph,128,128,214,284,1.091583967,1.104800000,0.108800000,0.030700000
sample,fixed_single,graph_fixed_diagnostic,128,128,214,284,1.050624013,1.063900000,0.065500000,0.000000000
sample,fixed_single,graph,128,128,215,284,1.072128057,1.085900000,0.075900000,0.015100000
sample,fixed_single,ordinary,128,128,215,284,1.671167970,1.683800000,1.355700000,0.000000000
sample,fixed_single,graph_fixed_diagnostic,128,128,215,284,1.053696036,1.065200000,0.058400000,0.000000000
sample,fixed_single,ordinary,128,128,216,284,1.695744038,1.708500000,1.302700000,0.000000000
sample,fixed_single,graph,128,128,216,284,1.072128057,1.083500000,0.078800000,0.016800000
sample,fixed_single,graph_fixed_diagnostic,128,128,216,284,1.055744052,1.067900000,0.056600000,0.000000000
sample,fixed_single,graph,128,128,217,284,1.068032026,1.080800000,0.069300000,0.013900000
sample,fixed_single,ordinary,128,128,217,284,1.724416018,1.735300000,1.385900000,0.000000000
sample,fixed_single,graph_fixed_diagnostic,128,128,217,284,1.058815956,1.077400000,0.060300000,0.000000000
sample,fixed_single,ordinary,128,128,218,284,1.653759956,1.665900000,1.332200000,0.000000000
sample,fixed_single,graph,128,128,218,284,1.072128057,1.082500000,0.072500000,0.018000000
sample,fixed_single,graph_fixed_diagnostic,128,128,218,284,1.051648021,1.064400000,0.049600000,0.000000000
sample,fixed_single,graph,128,128,219,284,1.067008018,1.078600000,0.068000000,0.012600000
sample,fixed_single,ordinary,128,128,219,284,1.675264001,1.688500000,1.352200000,0.000000000
sample,fixed_single,graph_fixed_diagnostic,128,128,219,284,1.052672029,1.062800000,0.054200000,0.000000000
sample,fixed_single,ordinary,128,128,220,284,1.564671993,1.574100000,1.177100000,0.000000000
sample,fixed_single,graph,128,128,220,284,1.058815956,1.068600000,0.102500000,0.008900000
sample,fixed_single,graph_fixed_diagnostic,128,128,220,284,1.051648021,1.062300000,0.051700000,0.000000000
sample,fixed_single,graph,128,128,221,284,1.057791948,1.066600000,0.048000000,0.007800000
sample,fixed_single,ordinary,128,128,221,284,1.572864056,1.582100000,1.260000000,0.000000000
sample,fixed_single,graph_fixed_diagnostic,128,128,221,284,1.049568057,1.057500000,0.041300000,0.000000000
sample,fixed_single,ordinary,128,128,222,284,1.687551975,1.702200000,1.191000000,0.000000000
sample,fixed_single,graph,128,128,222,284,1.069056034,1.078100000,0.067500000,0.013700000
sample,fixed_single,graph_fixed_diagnostic,128,128,222,284,1.050624013,1.061400000,0.044200000,0.000000000
sample,fixed_single,graph,128,128,223,284,1.073151946,1.090100000,0.068700000,0.012600000
sample,fixed_single,ordinary,128,128,223,284,1.630208015,1.638600000,1.318500000,0.000000000
sample,fixed_single,graph_fixed_diagnostic,128,128,223,284,1.054720044,1.064900000,0.062700000,0.000000000
sample,fixed_single,ordinary,128,128,224,284,1.966943979,1.978000000,1.654800000,0.000000000
sample,fixed_single,graph,128,128,224,284,1.077247977,1.090200000,0.091800000,0.022200000
sample,fixed_single,graph_fixed_diagnostic,128,128,224,284,1.052512050,1.065700000,0.060300000,0.000000000
sample,fixed_single,graph,128,128,225,284,1.076223969,1.088700000,0.091300000,0.018200000
sample,fixed_single,ordinary,128,128,225,284,1.762303948,1.775800000,1.443600000,0.000000000
sample,fixed_single,graph_fixed_diagnostic,128,128,225,284,1.054720044,1.067100000,0.066400000,0.000000000
sample,fixed_single,ordinary,128,128,226,284,1.739776015,1.766100000,1.422800000,0.000000000
sample,fixed_single,graph,128,128,226,284,1.127424002,1.152600000,0.147900000,0.063700000
sample,fixed_single,graph_fixed_diagnostic,128,128,226,284,1.206272006,1.292600000,0.426500000,0.000000000
sample,fixed_single,graph,128,128,227,284,1.073151946,1.084800000,0.079900000,0.019700000
sample,fixed_single,ordinary,128,128,227,284,1.789952040,1.800600000,1.475800000,0.000000000
sample,fixed_single,graph_fixed_diagnostic,128,128,227,284,1.050624013,1.061700000,0.049500000,0.000000000
sample,fixed_single,ordinary,128,128,228,284,1.805312037,1.815700000,1.230800000,0.000000000
sample,fixed_single,graph,128,128,228,284,1.072128057,1.082600000,0.073100000,0.014100000
sample,fixed_single,graph_fixed_diagnostic,128,128,228,284,1.051648021,1.062500000,0.052300000,0.000000000
sample,fixed_single,graph,128,128,229,284,1.059839964,1.070200000,0.061000000,0.010100000
sample,fixed_single,ordinary,128,128,229,284,1.698815942,1.709000000,1.373300000,0.000000000
sample,fixed_single,graph_fixed_diagnostic,128,128,229,284,1.048575997,1.059700000,0.047200000,0.000000000
sample,fixed_single,ordinary,128,128,230,284,1.772544026,1.791000000,1.458000000,0.000000000
sample,fixed_single,graph,128,128,230,284,1.086464047,1.098100000,0.099900000,0.022900000
sample,fixed_single,graph_fixed_diagnostic,128,128,230,284,1.054559946,1.069200000,0.059500000,0.000000000
sample,fixed_single,graph,128,128,231,284,1.059839964,1.068900000,0.050700000,0.010500000
sample,fixed_single,ordinary,128,128,231,284,1.673120022,1.681400000,1.351600000,0.000000000
sample,fixed_single,graph_fixed_diagnostic,128,128,231,284,1.048575997,1.057700000,0.043500000,0.000000000
sample,fixed_single,ordinary,128,128,232,284,1.597440004,1.605900000,1.227500000,0.000000000
sample,fixed_single,graph,128,128,232,284,1.057791948,1.065700000,0.050400000,0.008100000
sample,fixed_single,graph_fixed_diagnostic,128,128,232,284,1.049600005,1.058100000,0.043900000,0.000000000
sample,fixed_single,graph,128,128,233,284,1.056767941,1.065700000,0.048900000,0.007800000
sample,fixed_single,ordinary,128,128,233,284,1.667072058,1.677800000,1.244300000,0.000000000
sample,fixed_single,graph_fixed_diagnostic,128,128,233,284,1.049600005,1.059200000,0.046300000,0.000000000
sample,fixed_single,ordinary,128,128,234,284,1.775616050,1.792000000,1.404400000,0.000000000
sample,fixed_single,graph,128,128,234,284,1.078271985,1.095300000,0.079000000,0.018700000
sample,fixed_single,graph_fixed_diagnostic,128,128,234,284,1.054720044,1.074800000,0.044200000,0.000000000
sample,fixed_single,graph,128,128,235,284,1.071104050,1.082900000,0.072500000,0.016000000
sample,fixed_single,ordinary,128,128,235,284,1.684479952,1.697400000,1.370600000,0.000000000
sample,fixed_single,graph_fixed_diagnostic,128,128,235,284,1.052672029,1.062800000,0.053800000,0.000000000
sample,fixed_single,ordinary,128,128,236,284,1.800032020,1.810500000,1.297400000,0.000000000
sample,fixed_single,graph,128,128,236,284,1.072128057,1.081800000,0.068600000,0.014600000
sample,fixed_single,graph_fixed_diagnostic,128,128,236,284,1.050624013,1.061500000,0.049300000,0.000000000
sample,fixed_single,graph,128,128,237,284,1.060863972,1.076300000,0.055500000,0.009800000
sample,fixed_single,ordinary,128,128,237,284,1.665024042,1.675300000,1.340200000,0.000000000
sample,fixed_single,graph_fixed_diagnostic,128,128,237,284,1.049600005,1.062400000,0.046700000,0.000000000
sample,fixed_single,ordinary,128,128,238,284,1.897472024,1.910100000,1.532000000,0.000000000
sample,fixed_single,graph,128,128,238,284,1.094655991,1.116500000,0.108800000,0.029700000
sample,fixed_single,graph_fixed_diagnostic,128,128,238,284,1.057791948,1.078600000,0.068900000,0.000000000
sample,fixed_single,graph,128,128,239,284,1.079295993,1.096500000,0.155700000,0.023200000
sample,fixed_single,ordinary,128,128,239,284,1.896448016,1.910400000,1.475000000,0.000000000
sample,fixed_single,graph_fixed_diagnostic,128,128,239,284,1.052672029,1.066000000,0.062400000,0.000000000
sample,fixed_single,ordinary,128,128,240,284,1.699839950,1.712000000,1.381600000,0.000000000
sample,fixed_single,graph,128,128,240,284,1.078271985,1.089300000,0.093500000,0.022200000
sample,fixed_single,graph_fixed_diagnostic,128,128,240,284,1.052672029,1.067200000,0.064100000,0.000000000
sample,fixed_single,graph,128,128,241,284,1.076223969,1.089000000,0.089600000,0.017600000
sample,fixed_single,ordinary,128,128,241,284,1.816576004,1.829100000,1.504000000,0.000000000
sample,fixed_single,graph_fixed_diagnostic,128,128,241,284,1.050624013,1.062000000,0.057300000,0.000000000
sample,fixed_single,ordinary,128,128,242,284,1.592319965,1.607600000,1.275900000,0.000000000
sample,fixed_single,graph,128,128,242,284,1.073151946,1.084900000,0.081700000,0.018400000
sample,fixed_single,graph_fixed_diagnostic,128,128,242,284,1.052672029,1.063600000,0.058700000,0.000000000
sample,fixed_single,graph,128,128,243,284,1.071104050,1.081900000,0.069200000,0.014100000
sample,fixed_single,ordinary,128,128,243,284,1.872895956,1.884500000,1.352000000,0.000000000
sample,fixed_single,graph_fixed_diagnostic,128,128,243,284,1.052672029,1.063700000,0.051800000,0.000000000
sample,fixed_single,ordinary,128,128,244,284,1.688575983,1.700800000,1.355700000,0.000000000
sample,fixed_single,graph,128,128,244,284,1.072128057,1.082500000,0.083300000,0.017800000
sample,fixed_single,graph_fixed_diagnostic,128,128,244,284,1.052575946,1.064300000,0.058000000,0.000000000
sample,fixed_single,graph,128,128,245,284,1.077247977,1.090600000,0.077400000,0.020400000
sample,fixed_single,ordinary,128,128,245,284,1.694560051,1.705400000,1.382200000,0.000000000
sample,fixed_single,graph_fixed_diagnostic,128,128,245,284,1.053696036,1.063600000,0.061700000,0.000000000
sample,fixed_single,ordinary,128,128,246,284,1.766399980,1.784300000,1.452400000,0.000000000
sample,fixed_single,graph,128,128,246,284,1.079295993,1.092600000,0.089600000,0.021100000
sample,fixed_single,graph_fixed_diagnostic,128,128,246,284,1.054720044,1.068900000,0.062100000,0.000000000
sample,fixed_single,graph,128,128,247,284,1.078271985,1.089700000,0.079400000,0.022300000
sample,fixed_single,ordinary,128,128,247,284,1.651744008,1.663600000,1.295500000,0.000000000
sample,fixed_single,graph_fixed_diagnostic,128,128,247,284,1.050624013,1.061300000,0.056500000,0.000000000
sample,fixed_single,ordinary,128,128,248,284,1.655807972,1.666900000,1.342900000,0.000000000
sample,fixed_single,graph,128,128,248,284,1.076063991,1.088000000,0.078000000,0.017100000
sample,fixed_single,graph_fixed_diagnostic,128,128,248,284,1.051648021,1.062700000,0.051100000,0.000000000
sample,fixed_single,graph,128,128,249,284,1.070016026,1.080400000,0.069800000,0.014200000
sample,fixed_single,ordinary,128,128,249,284,1.625023961,1.636700000,1.279900000,0.000000000
sample,fixed_single,graph_fixed_diagnostic,128,128,249,284,1.052672029,1.062800000,0.073900000,0.000000000
sample,fixed_single,ordinary,128,128,250,284,1.686527967,1.698000000,1.374700000,0.000000000
sample,fixed_single,graph,128,128,250,284,1.073151946,1.088100000,0.073400000,0.015800000
sample,fixed_single,graph_fixed_diagnostic,128,128,250,284,1.128352046,1.177200000,0.365500000,0.000000000
sample,fixed_single,graph,128,128,251,284,1.198079944,1.234600000,0.242100000,0.092300000
sample,fixed_single,ordinary,128,128,251,284,1.860416055,1.872900000,1.546300000,0.000000000
sample,fixed_single,graph_fixed_diagnostic,128,128,251,284,1.053696036,1.064800000,0.061600000,0.000000000
sample,fixed_single,ordinary,128,128,252,284,1.790976048,1.808500000,1.468300000,0.000000000
sample,fixed_single,graph,128,128,252,284,1.074175954,1.085900000,0.079300000,0.018900000
sample,fixed_single,graph_fixed_diagnostic,128,128,252,284,1.052672029,1.066000000,0.059400000,0.000000000
sample,fixed_single,graph,128,128,253,284,1.071104050,1.083800000,0.076600000,0.014300000
sample,fixed_single,ordinary,128,128,253,284,1.766399980,1.782900000,1.453200000,0.000000000
sample,fixed_single,graph_fixed_diagnostic,128,128,253,284,1.051519990,1.061000000,0.077000000,0.000000000
sample,fixed_single,ordinary,128,128,254,284,1.658879995,1.669600000,1.339700000,0.000000000
sample,fixed_single,graph,128,128,254,284,1.074175954,1.085100000,0.081600000,0.016500000
sample,fixed_single,graph_fixed_diagnostic,128,128,254,284,1.050624013,1.062900000,0.061500000,0.000000000
sample,fixed_single,graph,128,128,255,284,1.069056034,1.080200000,0.068600000,0.013900000
sample,fixed_single,ordinary,128,128,255,284,1.636351943,1.651400000,1.318300000,0.000000000
sample,fixed_single,graph_fixed_diagnostic,128,128,255,284,1.050624013,1.061500000,0.072500000,0.000000000
sample,fixed_batch16,ordinary,128,128,0,284,1.831168056,1.832237500,1.811831250,0.000000000
sample,fixed_batch16,graph,128,128,0,284,1.047551990,1.048925000,0.073362500,0.000000000
sample,fixed_batch16,graph,128,128,1,284,1.049280047,1.052331250,0.080675000,0.000000000
sample,fixed_batch16,ordinary,128,128,1,284,1.683701992,1.686575000,1.663062500,0.000000000
sample,fixed_batch16,ordinary,128,128,2,284,1.885750055,1.886875000,1.858662500,0.000000000
sample,fixed_batch16,graph,128,128,2,284,1.046201944,1.046962500,0.047850000,0.000000000
sample,fixed_batch16,graph,128,128,3,284,1.046720028,1.049018750,0.058562500,0.000000000
sample,fixed_batch16,ordinary,128,128,3,284,1.743296027,1.744806250,1.723412500,0.000000000
sample,fixed_batch16,ordinary,128,128,4,284,1.927611947,1.928381250,1.907631250,0.000000000
sample,fixed_batch16,graph,128,128,4,284,1.048383951,1.049250000,0.058475000,0.000000000
sample,fixed_batch16,graph,128,128,5,284,1.046208024,1.048262500,0.051625000,0.000000000
sample,fixed_batch16,ordinary,128,128,5,284,1.788416028,1.791981250,1.767625000,0.000000000
sample,fixed_batch16,ordinary,128,128,6,284,1.774656057,1.775368750,1.752800000,0.000000000
sample,fixed_batch16,graph,128,128,6,284,1.046656013,1.047450000,0.047931250,0.000000000
sample,fixed_batch16,graph,128,128,7,284,1.046720028,1.048806250,0.039362500,0.000000000
sample,fixed_batch16,ordinary,128,128,7,284,1.793535948,1.796893750,1.768406250,0.000000000
sample,fixed_batch16,ordinary,128,128,8,284,1.791808009,1.792606250,1.771931250,0.000000000
sample,fixed_batch16,graph,128,128,8,284,1.047932029,1.048750000,0.062887500,0.000000000
sample,fixed_batch16,graph,128,128,9,284,1.046591997,1.048031250,0.086206250,0.000000000
sample,fixed_batch16,ordinary,128,128,9,284,1.930112004,1.932293750,1.903775000,0.000000000
sample,fixed_batch16,ordinary,128,128,10,284,1.805760026,1.806756250,1.782956250,0.000000000
sample,fixed_batch16,graph,128,128,10,284,1.048959970,1.049837500,0.079856250,0.000000000
sample,fixed_batch16,graph,128,128,11,284,1.046784043,1.048737500,0.058300000,0.000000000
sample,fixed_batch16,ordinary,128,128,11,284,1.911424041,1.912856250,1.890531250,0.000000000
sample,fixed_batch16,ordinary,128,128,12,284,1.835456014,1.836293750,1.816068750,0.000000000
sample,fixed_batch16,graph,128,128,12,284,1.049216032,1.050125000,0.071550000,0.000000000
sample,fixed_batch16,graph,128,128,13,284,1.046965957,1.048293750,0.058900000,0.000000000
sample,fixed_batch16,ordinary,128,128,13,284,1.827072024,1.828406250,1.801412500,0.000000000
sample,fixed_batch16,ordinary,128,128,14,284,1.797888041,1.798612500,1.778112500,0.000000000
sample,fixed_batch16,graph,128,128,14,284,1.046784043,1.047456250,0.048012500,0.000000000
sample,fixed_batch16,graph,128,128,15,284,1.045822024,1.047043750,0.046493750,0.000000000
sample,fixed_batch16,ordinary,128,128,15,284,1.667961955,1.669225000,1.645631250,0.000000000
sample,fixed_batch16,ordinary,128,128,16,284,1.864127994,1.864925000,1.844762500,0.000000000
sample,fixed_batch16,graph,128,128,16,284,1.048320055,1.049018750,0.052775000,0.000000000
sample,fixed_batch16,graph,128,128,17,284,1.045758009,1.049106250,0.040625000,0.000000000
sample,fixed_batch16,ordinary,128,128,17,284,1.850111961,1.862812500,1.829525000,0.000000000
sample,fixed_batch16,ordinary,128,128,18,284,1.806015968,1.807243750,1.786381250,0.000000000
sample,fixed_batch16,graph,128,128,18,284,1.049023986,1.050018750,0.072937500,0.000000000
sample,fixed_batch16,graph,128,128,19,284,1.047808051,1.050156250,0.066337500,0.000000000
sample,fixed_batch16,ordinary,128,128,19,284,1.710335970,1.711612500,1.688731250,0.000000000
sample,fixed_batch16,ordinary,128,128,20,284,1.757055998,1.757781250,1.737712500,0.000000000
sample,fixed_batch16,graph,128,128,20,284,1.047039986,1.047943750,0.066081250,0.000000000
sample,fixed_batch16,graph,128,128,21,284,1.048382044,1.049981250,0.058350000,0.000000000
sample,fixed_batch16,ordinary,128,128,21,284,1.915392041,1.917212500,1.895493750,0.000000000
sample,fixed_batch16,ordinary,128,128,22,284,1.820287943,1.821193750,1.800612500,0.000000000
sample,fixed_batch16,graph,128,128,22,284,1.049792051,1.050943750,0.071581250,0.000000000
sample,fixed_batch16,graph,128,128,23,284,1.048447967,1.051431250,0.053150000,0.000000000
sample,fixed_batch16,ordinary,128,128,23,284,1.748864055,1.750275000,1.729331250,0.000000000
sample,fixed_batch16,ordinary,128,128,24,284,1.716797948,1.717656250,1.697368750,0.000000000
sample,fixed_batch16,graph,128,128,24,284,1.050624013,1.051912500,0.080656250,0.000000000
sample,fixed_batch16,graph,128,128,25,284,1.049792051,1.052500000,0.078675000,0.000000000
sample,fixed_batch16,ordinary,128,128,25,284,1.721151948,1.722431250,1.697906250,0.000000000
sample,fixed_batch16,ordinary,128,128,26,284,1.641407967,1.642081250,1.595693750,0.000000000
sample,fixed_batch16,graph,128,128,26,284,1.046208024,1.047168750,0.043456250,0.000000000
sample,fixed_batch16,graph,128,128,27,284,1.048192024,1.050762500,0.051243750,0.000000000
sample,fixed_batch16,ordinary,128,128,27,284,1.741312027,1.743525000,1.709462500,0.000000000
sample,fixed_batch16,ordinary,128,128,28,284,1.828544021,1.829337500,1.805356250,0.000000000
sample,fixed_batch16,graph,128,128,28,284,1.047680020,1.049031250,0.043437500,0.000000000
sample,fixed_batch16,graph,128,128,29,284,1.047616005,1.049268750,0.052243750,0.000000000
sample,fixed_batch16,ordinary,128,128,29,284,1.803967953,1.805068750,1.783743750,0.000000000
sample,fixed_batch16,ordinary,128,128,30,284,1.766592026,1.767237500,1.739875000,0.000000000
sample,fixed_batch16,graph,128,128,30,284,1.047039986,1.047912500,0.039531250,0.000000000
sample,fixed_batch16,graph,128,128,31,284,1.047359943,1.049300000,0.046700000,0.000000000
sample,fixed_batch16,ordinary,128,128,31,284,1.829823971,1.831031250,1.809950000,0.000000000
sample,fixed_batch16,ordinary,128,128,32,284,1.795968056,1.796643750,1.776575000,0.000000000
sample,fixed_batch16,graph,128,128,32,284,1.046720028,1.047568750,0.040368750,0.000000000
sample,fixed_batch16,graph,128,128,33,284,1.047104001,1.049256250,0.046662500,0.000000000
sample,fixed_batch16,ordinary,128,128,33,284,1.851456046,1.853150000,1.831456250,0.000000000
sample,fixed_batch16,ordinary,128,128,34,284,1.693632007,1.694343750,1.674093750,0.000000000
sample,fixed_batch16,graph,128,128,34,284,1.047168016,1.048218750,0.060593750,0.000000000
sample,fixed_batch16,graph,128,128,35,284,1.048768044,1.050975000,0.050431250,0.000000000
sample,fixed_batch16,ordinary,128,128,35,284,1.783872008,1.785068750,1.764406250,0.000000000
sample,fixed_batch16,ordinary,128,128,36,284,1.809728026,1.810568750,1.782856250,0.000000000
sample,fixed_batch16,graph,128,128,36,284,1.046720028,1.047712500,0.042375000,0.000000000
sample,fixed_batch16,graph,128,128,37,284,1.053632021,1.055468750,0.110368750,0.000000000
sample,fixed_batch16,ordinary,128,128,37,284,1.709759951,1.711175000,1.689300000,0.000000000
sample,fixed_batch16,ordinary,128,128,38,284,1.852671981,1.853400000,1.832837500,0.000000000
sample,fixed_batch16,graph,128,128,38,284,1.047680020,1.048475000,0.054300000,0.000000000
sample,fixed_batch16,graph,128,128,39,284,1.047423959,1.049493750,0.040918750,0.000000000
sample,fixed_batch16,ordinary,128,128,39,284,1.765696049,1.767693750,1.741537500,0.000000000
sample,fixed_batch16,ordinary,128,128,40,284,1.787135959,1.787856250,1.712606250,0.000000000
sample,fixed_batch16,graph,128,128,40,284,1.047296047,1.048568750,0.053118750,0.000000000
sample,fixed_batch16,graph,128,128,41,284,1.046584010,1.048412500,0.040806250,0.000000000
sample,fixed_batch16,ordinary,128,128,41,284,1.805696011,1.806675000,1.786162500,0.000000000
sample,fixed_batch16,ordinary,128,128,42,284,1.604351997,1.605418750,1.573000000,0.000000000
sample,fixed_batch16,graph,128,128,42,284,1.046399951,1.047093750,0.039331250,0.000000000
sample,fixed_batch16,graph,128,128,43,284,1.046656013,1.048393750,0.039818750,0.000000000
sample,fixed_batch16,ordinary,128,128,43,284,1.813375950,1.816612500,1.793687500,0.000000000
sample,fixed_batch16,ordinary,128,128,44,284,1.577919960,1.578625000,1.558537500,0.000000000
sample,fixed_batch16,graph,128,128,44,284,1.047551990,1.048575000,0.061456250,0.000000000
sample,fixed_batch16,graph,128,128,45,284,1.046898007,1.048531250,0.047281250,0.000000000
sample,fixed_batch16,ordinary,128,128,45,284,1.737920046,1.739118750,1.718187500,0.000000000
sample,fixed_batch16,ordinary,128,128,46,284,1.830080032,1.830912500,1.809650000,0.000000000
sample,fixed_batch16,graph,128,128,46,284,1.046399951,1.047081250,0.045531250,0.000000000
sample,fixed_batch16,graph,128,128,47,284,1.045819998,1.047200000,0.057031250,0.000000000
sample,fixed_batch16,ordinary,128,128,47,284,1.720639944,1.722712500,1.685212500,0.000000000
sample,fixed_batch16,ordinary,128,128,48,284,1.864384055,1.865081250,1.841768750,0.000000000
sample,fixed_batch16,graph,128,128,48,284,1.046720028,1.047587500,0.045568750,0.000000000
sample,fixed_batch16,graph,128,128,49,284,1.047551990,1.049500000,0.049693750,0.000000000
sample,fixed_batch16,ordinary,128,128,49,284,1.743744016,1.745762500,1.724087500,0.000000000
sample,fixed_single,ordinary,512,512,0,837,1.599488020,1.613400000,1.278100000,0.000000000
sample,fixed_single,graph,512,512,0,837,1.320960045,1.330000000,0.063400000,0.011100000
sample,fixed_single,graph_fixed_diagnostic,512,512,0,837,1.306624055,1.315600000,0.044000000,0.000000000
sample,fixed_single,graph,512,512,1,837,1.314815998,1.323500000,0.049100000,0.008200000
sample,fixed_single,ordinary,512,512,1,837,1.566687942,1.574900000,1.121600000,0.000000000
sample,fixed_single,graph_fixed_diagnostic,512,512,1,837,1.306624055,1.315800000,0.040100000,0.000000000
sample,fixed_single,ordinary,512,512,2,837,1.519616008,1.528000000,1.139600000,0.000000000
sample,fixed_single,graph,512,512,2,837,1.310719967,1.318400000,0.065200000,0.007200000
sample,fixed_single,graph_fixed_diagnostic,512,512,2,837,1.303552032,1.312600000,0.040500000,0.000000000
sample,fixed_single,graph,512,512,3,837,1.310719967,1.319200000,0.046400000,0.007100000
sample,fixed_single,ordinary,512,512,3,837,1.600512028,1.608800000,1.249400000,0.000000000
sample,fixed_single,graph_fixed_diagnostic,512,512,3,837,1.305600047,1.315500000,0.045500000,0.000000000
sample,fixed_single,ordinary,512,512,4,837,1.786880016,1.797100000,1.406100000,0.000000000
sample,fixed_single,graph,512,512,4,837,1.312767982,1.322600000,0.073000000,0.008600000
sample,fixed_single,graph_fixed_diagnostic,512,512,4,837,1.304576039,1.314500000,0.041200000,0.000000000
sample,fixed_single,graph,512,512,5,837,1.312767982,1.322500000,0.049100000,0.007000000
sample,fixed_single,ordinary,512,512,5,837,1.630208015,1.640400000,1.318600000,0.000000000
sample,fixed_single,graph_fixed_diagnostic,512,512,5,837,1.304576039,1.313700000,0.045500000,0.000000000
sample,fixed_single,ordinary,512,512,6,837,1.527807951,1.536000000,1.190400000,0.000000000
sample,fixed_single,graph,512,512,6,837,1.309695959,1.318100000,0.064900000,0.007200000
sample,fixed_single,graph_fixed_diagnostic,512,512,6,837,1.305600047,1.313500000,0.039200000,0.000000000
sample,fixed_single,graph,512,512,7,837,1.311712027,1.320700000,0.067000000,0.006900000
sample,fixed_single,ordinary,512,512,7,837,1.617920041,1.638800000,1.269700000,0.000000000
sample,fixed_single,graph_fixed_diagnostic,512,512,7,837,1.305600047,1.317200000,0.051500000,0.000000000
sample,fixed_single,ordinary,512,512,8,837,1.866752028,1.893500000,1.545900000,0.000000000
sample,fixed_single,graph,512,512,8,837,1.330175996,1.340100000,0.070600000,0.016500000
sample,fixed_single,graph_fixed_diagnostic,512,512,8,837,1.303552032,1.315100000,0.043800000,0.000000000
sample,fixed_single,graph,512,512,9,837,1.313791990,1.325300000,0.070900000,0.007900000
sample,fixed_single,ordinary,512,512,9,837,1.701887965,1.711800000,1.307300000,0.000000000
sample,fixed_single,graph_fixed_diagnostic,512,512,9,837,1.307647943,1.321400000,0.047200000,0.000000000
sample,fixed_single,ordinary,512,512,10,837,1.858559966,1.879800000,1.333400000,0.000000000
sample,fixed_single,graph,512,512,10,837,1.339391947,1.351900000,0.079600000,0.021000000
sample,fixed_single,graph_fixed_diagnostic,512,512,10,837,1.314815998,1.335200000,0.074100000,0.000000000
sample,fixed_single,graph,512,512,11,837,1.329151988,1.345200000,0.072300000,0.013200000
sample,fixed_single,ordinary,512,512,11,837,1.772544026,1.782100000,1.353700000,0.000000000
sample,fixed_single,graph_fixed_diagnostic,512,512,11,837,1.305600047,1.315300000,0.043700000,0.000000000
sample,fixed_single,ordinary,512,512,12,837,1.762303948,1.772300000,1.437800000,0.000000000
sample,fixed_single,graph,512,512,12,837,1.311743975,1.321400000,0.052400000,0.007300000
sample,fixed_single,graph_fixed_diagnostic,512,512,12,837,1.303552032,1.313200000,0.043800000,0.000000000
sample,fixed_single,graph,512,512,13,837,1.310719967,1.318800000,0.062900000,0.006900000
sample,fixed_single,ordinary,512,512,13,837,1.618944049,1.626500000,1.248500000,0.000000000
sample,fixed_single,graph_fixed_diagnostic,512,512,13,837,1.305600047,1.313200000,0.039900000,0.000000000
sample,fixed_single,ordinary,512,512,14,837,1.581887960,1.589200000,1.230200000,0.000000000
sample,fixed_single,graph,512,512,14,837,1.325055957,1.337000000,0.086900000,0.012700000
sample,fixed_single,graph_fixed_diagnostic,512,512,14,837,1.308671951,1.318200000,0.046300000,0.000000000
sample,fixed_single,graph,512,512,15,837,1.311743975,1.320000000,0.046700000,0.007500000
sample,fixed_single,ordinary,512,512,15,837,1.605631948,1.614500000,1.225100000,0.000000000
sample,fixed_single,graph_fixed_diagnostic,512,512,15,837,1.303552032,1.312200000,0.039900000,0.000000000
sample,fixed_single,ordinary,512,512,16,837,1.596415997,1.604800000,1.271500000,0.000000000
sample,fixed_single,graph,512,512,16,837,1.312767982,1.321500000,0.049500000,0.007300000
sample,fixed_single,graph_fixed_diagnostic,512,512,16,837,1.302528024,1.311100000,0.039200000,0.000000000
sample,fixed_single,graph,512,512,17,837,1.312767982,1.320700000,0.047100000,0.006800000
sample,fixed_single,ordinary,512,512,17,837,1.591295958,1.600300000,1.203400000,0.000000000
sample,fixed_single,graph_fixed_diagnostic,512,512,17,837,1.303552032,1.312300000,0.040700000,0.000000000
sample,fixed_single,ordinary,512,512,18,837,1.760256052,1.767800000,1.421900000,0.000000000
sample,fixed_single,graph,512,512,18,837,1.318912029,1.331600000,0.054000000,0.010400000
sample,fixed_single,graph_fixed_diagnostic,512,512,18,837,1.364992023,1.440100000,0.353300000,0.000000000
sample,fixed_single,graph,512,512,19,837,1.327103972,1.338100000,0.064500000,0.019300000
sample,fixed_single,ordinary,512,512,19,837,1.586176038,1.594900000,1.144200000,0.000000000
sample,fixed_single,graph_fixed_diagnostic,512,512,19,837,1.304576039,1.311800000,0.039800000,0.000000000
sample,fixed_single,ordinary,512,512,20,837,1.688575983,1.697300000,1.374200000,0.000000000
sample,fixed_single,graph,512,512,20,837,1.311743975,1.320100000,0.050000000,0.007500000
sample,fixed_single,graph_fixed_diagnostic,512,512,20,837,1.304576039,1.313100000,0.042000000,0.000000000
sample,fixed_single,graph,512,512,21,837,1.309695959,1.318600000,0.047000000,0.007100000
sample,fixed_single,ordinary,512,512,21,837,1.705983996,1.714300000,1.237000000,0.000000000
sample,fixed_single,graph_fixed_diagnostic,512,512,21,837,1.310719967,1.326700000,0.043200000,0.000000000
sample,fixed_single,ordinary,512,512,22,837,1.744863987,1.755700000,1.391800000,0.000000000
sample,fixed_single,graph,512,512,22,837,1.325055957,1.334300000,0.066500000,0.014100000
sample,fixed_single,graph_fixed_diagnostic,512,512,22,837,1.305600047,1.316400000,0.043900000,0.000000000
sample,fixed_single,graph,512,512,23,837,1.314815998,1.326400000,0.054300000,0.007900000
sample,fixed_single,ordinary,512,512,23,837,1.835008025,1.845000000,1.416500000,0.000000000
sample,fixed_single,graph_fixed_diagnostic,512,512,23,837,1.303552032,1.313000000,0.044100000,0.000000000
sample,fixed_single,ordinary,512,512,24,837,1.662976027,1.672200000,1.219300000,0.000000000
sample,fixed_single,graph,512,512,24,837,1.312767982,1.320900000,0.061700000,0.007600000
sample,fixed_single,graph_fixed_diagnostic,512,512,24,837,1.303552032,1.312100000,0.039000000,0.000000000
sample,fixed_single,graph,512,512,25,837,1.310719967,1.319200000,0.048200000,0.007200000
sample,fixed_single,ordinary,512,512,25,837,1.732607961,1.748100000,1.392500000,0.000000000
sample,fixed_single,graph_fixed_diagnostic,512,512,25,837,1.308671951,1.317400000,0.051700000,0.000000000
sample,fixed_single,ordinary,512,512,26,837,1.623039961,1.630400000,1.278200000,0.000000000
sample,fixed_single,graph,512,512,26,837,1.316864014,1.325600000,0.052100000,0.011500000
sample,fixed_single,graph_fixed_diagnostic,512,512,26,837,1.304576039,1.312300000,0.039300000,0.000000000
sample,fixed_single,graph,512,512,27,837,1.311743975,1.319900000,0.045200000,0.007200000
sample,fixed_single,ordinary,512,512,27,837,1.568768024,1.577500000,1.200800000,0.000000000
sample,fixed_single,graph_fixed_diagnostic,512,512,27,837,1.305600047,1.313400000,0.039900000,0.000000000
sample,fixed_single,ordinary,512,512,28,837,1.610751987,1.618700000,1.238500000,0.000000000
sample,fixed_single,graph,512,512,28,837,1.309695959,1.317700000,0.064900000,0.007200000
sample,fixed_single,graph_fixed_diagnostic,512,512,28,837,1.305600047,1.315100000,0.038400000,0.000000000
sample,fixed_single,graph,512,512,29,837,1.333248019,1.352900000,0.077300000,0.015700000
sample,fixed_single,ordinary,512,512,29,837,1.518592000,1.534500000,0.885900000,0.000000000
sample,fixed_single,graph_fixed_diagnostic,512,512,29,837,1.310719967,1.323800000,0.055000000,0.000000000
sample,fixed_single,ordinary,512,512,30,837,1.815551996,1.832200000,1.482100000,0.000000000
sample,fixed_single,graph,512,512,30,837,1.333248019,1.342800000,0.078500000,0.020500000
sample,fixed_single,graph_fixed_diagnostic,512,512,30,837,1.303552032,1.313500000,0.044300000,0.000000000
sample,fixed_single,graph,512,512,31,837,1.312767982,1.321600000,0.052600000,0.007300000
sample,fixed_single,ordinary,512,512,31,837,1.768447995,1.778100000,1.366700000,0.000000000
sample,fixed_single,graph_fixed_diagnostic,512,512,31,837,1.304576039,1.314600000,0.050900000,0.000000000
sample,fixed_single,ordinary,512,512,32,837,1.769472003,1.778900000,1.442100000,0.000000000
sample,fixed_single,graph,512,512,32,837,1.313791990,1.323800000,0.050000000,0.007200000
sample,fixed_single,graph_fixed_diagnostic,512,512,32,837,1.309695959,1.324300000,0.070500000,0.000000000
sample,fixed_single,graph,512,512,33,837,1.321984053,1.332400000,0.060900000,0.012800000
sample,fixed_single,ordinary,512,512,33,837,1.680384040,1.690000000,1.263800000,0.000000000
sample,fixed_single,graph_fixed_diagnostic,512,512,33,837,1.305600047,1.314800000,0.043600000,0.000000000
sample,fixed_single,ordinary,512,512,34,837,1.600512028,1.611000000,1.279000000,0.000000000
sample,fixed_single,graph,512,512,34,837,1.311743975,1.320400000,0.049600000,0.007800000
sample,fixed_single,graph_fixed_diagnostic,512,512,34,837,1.305600047,1.313800000,0.039000000,0.000000000
sample,fixed_single,graph,512,512,35,837,1.311743975,1.320000000,0.047200000,0.007000000
sample,fixed_single,ordinary,512,512,35,837,1.642495990,1.651200000,1.122500000,0.000000000
sample,fixed_single,graph_fixed_diagnostic,512,512,35,837,1.303552032,1.312600000,0.040700000,0.000000000
sample,fixed_single,ordinary,512,512,36,837,1.618847966,1.626700000,1.299100000,0.000000000
sample,fixed_single,graph,512,512,36,837,1.317888021,1.328200000,0.054000000,0.010000000
sample,fixed_single,graph_fixed_diagnostic,512,512,36,837,1.305600047,1.314600000,0.039300000,0.000000000
sample,fixed_single,graph,512,512,37,837,1.311743975,1.320100000,0.047300000,0.007300000
sample,fixed_single,ordinary,512,512,37,837,1.591295958,1.599700000,1.241800000,0.000000000
sample,fixed_single,graph_fixed_diagnostic,512,512,37,837,1.304576039,1.312100000,0.040000000,0.000000000
sample,fixed_single,ordinary,512,512,38,837,1.597440004,1.606000000,1.230200000,0.000000000
sample,fixed_single,graph,512,512,38,837,1.311743975,1.320200000,0.047100000,0.007400000
sample,fixed_single,graph_fixed_diagnostic,512,512,38,837,1.306591988,1.315100000,0.043000000,0.000000000
sample,fixed_single,graph,512,512,39,837,1.310719967,1.318800000,0.047100000,0.007000000
sample,fixed_single,ordinary,512,512,39,837,1.598464012,1.606600000,1.229900000,0.000000000
sample,fixed_single,graph_fixed_diagnostic,512,512,39,837,1.303552032,1.311900000,0.040900000,0.000000000
sample,fixed_single,ordinary,512,512,40,837,1.719136000,1.736300000,1.403200000,0.000000000
sample,fixed_single,graph,512,512,40,837,1.443840027,1.470800000,0.500200000,0.072300000
sample,fixed_single,graph_fixed_diagnostic,512,512,40,837,1.304576039,1.314200000,0.039100000,0.000000000
sample,fixed_single,graph,512,512,41,837,1.311743975,1.321300000,0.052100000,0.007300000
sample,fixed_single,ordinary,512,512,41,837,1.730559945,1.740900000,1.384100000,0.000000000
sample,fixed_single,graph_fixed_diagnostic,512,512,41,837,1.305600047,1.315900000,0.052300000,0.000000000
sample,fixed_single,ordinary,512,512,42,837,1.870847940,1.880500000,1.549900000,0.000000000
sample,fixed_single,graph,512,512,42,837,1.313791990,1.323200000,0.051300000,0.008200000
sample,fixed_single,graph_fixed_diagnostic,512,512,42,837,1.303552032,1.313000000,0.040000000,0.000000000
sample,fixed_single,graph,512,512,43,837,1.313791990,1.322900000,0.048200000,0.007500000
sample,fixed_single,ordinary,512,512,43,837,1.740800023,1.749400000,1.371800000,0.000000000
sample,fixed_single,graph_fixed_diagnostic,512,512,43,837,1.306624055,1.315500000,0.048700000,0.000000000
sample,fixed_single,ordinary,512,512,44,837,1.528800011,1.536600000,1.174400000,0.000000000
sample,fixed_single,graph,512,512,44,837,1.313791990,1.321900000,0.070000000,0.009200000
sample,fixed_single,graph_fixed_diagnostic,512,512,44,837,1.304576039,1.312500000,0.039300000,0.000000000
sample,fixed_single,graph,512,512,45,837,1.311648011,1.319200000,0.047500000,0.006900000
sample,fixed_single,ordinary,512,512,45,837,1.611775994,1.620700000,1.300400000,0.000000000
sample,fixed_single,graph_fixed_diagnostic,512,512,45,837,1.306624055,1.313700000,0.039700000,0.000000000
sample,fixed_single,ordinary,512,512,46,837,1.616896033,1.625300000,1.263300000,0.000000000
sample,fixed_single,graph,512,512,46,837,1.311679959,1.319800000,0.047100000,0.007400000
sample,fixed_single,graph_fixed_diagnostic,512,512,46,837,1.302528024,1.311200000,0.038900000,0.000000000
sample,fixed_single,graph,512,512,47,837,1.312767982,1.321700000,0.045700000,0.007000000
sample,fixed_single,ordinary,512,512,47,837,1.837056041,1.853600000,1.174200000,0.000000000
sample,fixed_single,graph_fixed_diagnostic,512,512,47,837,1.309695959,1.320900000,0.056700000,0.000000000
sample,fixed_single,ordinary,512,512,48,837,1.852416039,1.864000000,1.530600000,0.000000000
sample,fixed_single,graph,512,512,48,837,1.338368058,1.349100000,0.081900000,0.025700000
sample,fixed_single,graph_fixed_diagnostic,512,512,48,837,1.303552032,1.314600000,0.043800000,0.000000000
sample,fixed_single,graph,512,512,49,837,1.311743975,1.321600000,0.053100000,0.007700000
sample,fixed_single,ordinary,512,512,49,837,1.830911994,1.841500000,1.499800000,0.000000000
sample,fixed_single,graph_fixed_diagnostic,512,512,49,837,1.305600047,1.314500000,0.045900000,0.000000000
sample,fixed_single,ordinary,512,512,50,837,1.724416018,1.734700000,1.412200000,0.000000000
sample,fixed_single,graph,512,512,50,837,1.312767982,1.322100000,0.071800000,0.007800000
sample,fixed_single,graph_fixed_diagnostic,512,512,50,837,1.310719967,1.325700000,0.066900000,0.000000000
sample,fixed_single,graph,512,512,51,837,1.339391947,1.369700000,0.131300000,0.022500000
sample,fixed_single,ordinary,512,512,51,837,1.819648027,1.837400000,1.389400000,0.000000000
sample,fixed_single,graph_fixed_diagnostic,512,512,51,837,1.311743975,1.328000000,0.055800000,0.000000000
sample,fixed_single,ordinary,512,512,52,837,1.765375972,1.775000000,1.397700000,0.000000000
sample,fixed_single,graph,512,512,52,837,1.316864014,1.326900000,0.078500000,0.010700000
sample,fixed_single,graph_fixed_diagnostic,512,512,52,837,1.305600047,1.314700000,0.044300000,0.000000000
sample,fixed_single,graph,512,512,53,837,1.310719967,1.319800000,0.052300000,0.007100000
sample,fixed_single,ordinary,512,512,53,837,1.759232044,1.769100000,1.275400000,0.000000000
sample,fixed_single,graph_fixed_diagnostic,512,512,53,837,1.309695959,1.319700000,0.044800000,0.000000000
sample,fixed_single,ordinary,512,512,54,837,1.713152051,1.722900000,1.317400000,0.000000000
sample,fixed_single,graph,512,512,54,837,1.320960045,1.337100000,0.062900000,0.010400000
sample,fixed_single,graph_fixed_diagnostic,512,512,54,837,1.304576039,1.314600000,0.043200000,0.000000000
sample,fixed_single,graph,512,512,55,837,1.311743975,1.322200000,0.049200000,0.007300000
sample,fixed_single,ordinary,512,512,55,837,1.787904024,1.797600000,1.311300000,0.000000000
sample,fixed_single,graph_fixed_diagnostic,512,512,55,837,1.306624055,1.315500000,0.043600000,0.000000000
sample,fixed_single,ordinary,512,512,56,837,1.601536036,1.610200000,1.226900000,0.000000000
sample,fixed_single,graph,512,512,56,837,1.312672019,1.320300000,0.046700000,0.007500000
sample,fixed_single,graph_fixed_diagnostic,512,512,56,837,1.307647943,1.315800000,0.039400000,0.000000000
sample,fixed_single,graph,512,512,57,837,1.311743975,1.320000000,0.047100000,0.007300000
sample,fixed_single,ordinary,512,512,57,837,1.638335943,1.649600000,1.267100000,0.000000000
sample,fixed_single,graph_fixed_diagnostic,512,512,57,837,1.304576039,1.313400000,0.038400000,0.000000000
sample,fixed_single,ordinary,512,512,58,837,1.589247942,1.603000000,1.206200000,0.000000000
sample,fixed_single,graph,512,512,58,837,1.317888021,1.325700000,0.071500000,0.009300000
sample,fixed_single,graph_fixed_diagnostic,512,512,58,837,1.304576039,1.313300000,0.039200000,0.000000000
sample,fixed_single,graph,512,512,59,837,1.312767982,1.320900000,0.047200000,0.006900000
sample,fixed_single,ordinary,512,512,59,837,1.577983975,1.586900000,1.177500000,0.000000000
sample,fixed_single,graph_fixed_diagnostic,512,512,59,837,1.302528024,1.311500000,0.039800000,0.000000000
sample,fixed_single,ordinary,512,512,60,837,1.610751987,1.619300000,1.299200000,0.000000000
sample,fixed_single,graph,512,512,60,837,1.312672019,1.321000000,0.047300000,0.007400000
sample,fixed_single,graph_fixed_diagnostic,512,512,60,837,1.304479957,1.313300000,0.039100000,0.000000000
sample,fixed_single,graph,512,512,61,837,1.309695959,1.318500000,0.045300000,0.007000000
sample,fixed_single,ordinary,512,512,61,837,1.700863957,1.709700000,1.346000000,0.000000000
sample,fixed_single,graph_fixed_diagnostic,512,512,61,837,1.305600047,1.318100000,0.043000000,0.000000000
sample,fixed_single,ordinary,512,512,62,837,2.760607958,2.809000000,2.401300000,0.000000000
sample,fixed_single,graph,512,512,62,837,1.327103972,1.335800000,0.064300000,0.012200000
sample,fixed_single,graph_fixed_diagnostic,512,512,62,837,1.305600047,1.315000000,0.048600000,0.000000000
sample,fixed_single,graph,512,512,63,837,1.311743975,1.320600000,0.048600000,0.006900000
sample,fixed_single,ordinary,512,512,63,837,1.819648027,1.829300000,1.503400000,0.000000000
sample,fixed_single,graph_fixed_diagnostic,512,512,63,837,1.303552032,1.314100000,0.046800000,0.000000000
sample,fixed_single,ordinary,512,512,64,837,1.750015974,1.760000000,1.424300000,0.000000000
sample,fixed_single,graph,512,512,64,837,1.310719967,1.319700000,0.053700000,0.007400000
sample,fixed_single,graph_fixed_diagnostic,512,512,64,837,1.306624055,1.316100000,0.046700000,0.000000000
sample,fixed_single,graph,512,512,65,837,1.323007941,1.337500000,0.061100000,0.010700000
sample,fixed_single,ordinary,512,512,65,837,1.734655976,1.745100000,1.408700000,0.000000000
sample,fixed_single,graph_fixed_diagnostic,512,512,65,837,1.305600047,1.315100000,0.043600000,0.000000000
sample,fixed_single,ordinary,512,512,66,837,1.756160021,1.771900000,1.436600000,0.000000000
sample,fixed_single,graph,512,512,66,837,1.314815998,1.323200000,0.077600000,0.009400000
sample,fixed_single,graph_fixed_diagnostic,512,512,66,837,1.305600047,1.313200000,0.038700000,0.000000000
sample,fixed_single,graph,512,512,67,837,1.312767982,1.321500000,0.047200000,0.007100000
sample,fixed_single,ordinary,512,512,67,837,1.659904003,1.669700000,0.975100000,0.000000000
sample,fixed_single,graph_fixed_diagnostic,512,512,67,837,1.303552032,1.311800000,0.040800000,0.000000000
sample,fixed_single,ordinary,512,512,68,837,1.631232023,1.638400000,1.224100000,0.000000000
sample,fixed_single,graph,512,512,68,837,1.313791990,1.322900000,0.076100000,0.007200000
sample,fixed_single,graph_fixed_diagnostic,512,512,68,837,1.311743975,1.330200000,0.046700000,0.000000000
sample,fixed_single,graph,512,512,69,837,1.320960045,1.336100000,0.057000000,0.010900000
sample,fixed_single,ordinary,512,512,69,837,1.647519946,1.656300000,1.007600000,0.000000000
sample,fixed_single,graph_fixed_diagnostic,512,512,69,837,1.305600047,1.313700000,0.039700000,0.000000000
sample,fixed_single,ordinary,512,512,70,837,1.670143962,1.678400000,1.057500000,0.000000000
sample,fixed_single,graph,512,512,70,837,1.312767982,1.321400000,0.049800000,0.007600000
sample,fixed_single,graph_fixed_diagnostic,512,512,70,837,1.302528024,1.310800000,0.039000000,0.000000000
sample,fixed_single,graph,512,512,71,837,1.311743975,1.320600000,0.047400000,0.007000000
sample,fixed_single,ordinary,512,512,71,837,1.527807951,1.536100000,1.174700000,0.000000000
sample,fixed_single,graph_fixed_diagnostic,512,512,71,837,1.304479957,1.312000000,0.041300000,0.000000000
sample,fixed_single,ordinary,512,512,72,837,1.719167948,1.727300000,1.382600000,0.000000000
sample,fixed_single,graph,512,512,72,837,1.335296035,1.350200000,0.078600000,0.015500000
sample,fixed_single,graph_fixed_diagnostic,512,512,72,837,1.345535994,1.385400000,0.260400000,0.000000000
sample,fixed_single,graph,512,512,73,837,1.314560056,1.322300000,0.063700000,0.008500000
sample,fixed_single,ordinary,512,512,73,837,1.711104035,1.721200000,1.384100000,0.000000000
sample,fixed_single,graph_fixed_diagnostic,512,512,73,837,1.304576039,1.314400000,0.043300000,0.000000000
sample,fixed_single,ordinary,512,512,74,837,1.750015974,1.759800000,1.344000000,0.000000000
sample,fixed_single,graph,512,512,74,837,1.313791990,1.323800000,0.051300000,0.007300000
sample,fixed_single,graph_fixed_diagnostic,512,512,74,837,1.306624055,1.316600000,0.047900000,0.000000000
sample,fixed_single,graph,512,512,75,837,1.308671951,1.317900000,0.049500000,0.007100000
sample,fixed_single,ordinary,512,512,75,837,1.590271950,1.598800000,1.217600000,0.000000000
sample,fixed_single,graph_fixed_diagnostic,512,512,75,837,1.315840006,1.330400000,0.054000000,0.000000000
sample,fixed_single,ordinary,512,512,76,837,1.668959975,1.680500000,1.314400000,0.000000000
sample,fixed_single,graph,512,512,76,837,1.326079965,1.334900000,0.070100000,0.016300000
sample,fixed_single,graph_fixed_diagnostic,512,512,76,837,1.307647943,1.316800000,0.049100000,0.000000000
sample,fixed_single,graph,512,512,77,837,1.312767982,1.323100000,0.053300000,0.007900000
sample,fixed_single,ordinary,512,512,77,837,1.876991987,1.887600000,1.552100000,0.000000000
sample,fixed_single,graph_fixed_diagnostic,512,512,77,837,1.304576039,1.314400000,0.045800000,0.000000000
sample,fixed_single,ordinary,512,512,78,837,1.805312037,1.814600000,1.462700000,0.000000000
sample,fixed_single,graph,512,512,78,837,1.312767982,1.323200000,0.054300000,0.008600000
sample,fixed_single,graph_fixed_diagnostic,512,512,78,837,1.304576039,1.315200000,0.052200000,0.000000000
sample,fixed_single,graph,512,512,79,837,1.313791990,1.325500000,0.051500000,0.007200000
sample,fixed_single,ordinary,512,512,79,837,1.592319965,1.623700000,1.247400000,0.000000000
sample,fixed_single,graph_fixed_diagnostic,512,512,79,837,1.309695959,1.320400000,0.058500000,0.000000000
sample,fixed_single,ordinary,512,512,80,837,1.722368002,1.736500000,1.393400000,0.000000000
sample,fixed_single,graph,512,512,80,837,1.324031949,1.334800000,0.088300000,0.017500000
sample,fixed_single,graph_fixed_diagnostic,512,512,80,837,1.304576039,1.315200000,0.043500000,0.000000000
sample,fixed_single,graph,512,512,81,837,1.312767982,1.322000000,0.052800000,0.007700000
sample,fixed_single,ordinary,512,512,81,837,1.657855988,1.666500000,1.294900000,0.000000000
sample,fixed_single,graph_fixed_diagnostic,512,512,81,837,1.304576039,1.313400000,0.039300000,0.000000000
sample,fixed_single,ordinary,512,512,82,837,1.603584051,1.610900000,1.248100000,0.000000000
sample,fixed_single,graph,512,512,82,837,1.315840006,1.324500000,0.069000000,0.007400000
sample,fixed_single,graph_fixed_diagnostic,512,512,82,837,1.304576039,1.312600000,0.039300000,0.000000000
sample,fixed_single,graph,512,512,83,837,1.310719967,1.318800000,0.045100000,0.007000000
sample,fixed_single,ordinary,512,512,83,837,1.593343973,1.601500000,1.238600000,0.000000000
sample,fixed_single,graph_fixed_diagnostic,512,512,83,837,1.309695959,1.322300000,0.068700000,0.000000000
sample,fixed_single,ordinary,512,512,84,837,1.760256052,1.772500000,1.335800000,0.000000000
sample,fixed_single,graph,512,512,84,837,1.329151988,1.339000000,0.072700000,0.014900000
sample,fixed_single,graph_fixed_diagnostic,512,512,84,837,1.305600047,1.315100000,0.042800000,0.000000000
sample,fixed_single,graph,512,512,85,837,1.309695959,1.319300000,0.048200000,0.007000000
sample,fixed_single,ordinary,512,512,85,837,1.700863957,1.710700000,1.370300000,0.000000000
sample,fixed_single,graph_fixed_diagnostic,512,512,85,837,1.303552032,1.313600000,0.044100000,0.000000000
sample,fixed_single,ordinary,512,512,86,837,1.677312016,1.687700000,1.256700000,0.000000000
sample,fixed_single,graph,512,512,86,837,1.313791990,1.322800000,0.051300000,0.007200000
sample,fixed_single,graph_fixed_diagnostic,512,512,86,837,1.303552032,1.313500000,0.042600000,0.000000000
sample,fixed_single,graph,512,512,87,837,1.340415955,1.358300000,0.076400000,0.019100000
sample,fixed_single,ordinary,512,512,87,837,1.929216027,1.953300000,1.614000000,0.000000000
sample,fixed_single,graph_fixed_diagnostic,512,512,87,837,1.309695959,1.319200000,0.049300000,0.000000000
sample,fixed_single,ordinary,512,512,88,837,1.796095967,1.805400000,1.400300000,0.000000000
sample,fixed_single,graph,512,512,88,837,1.323007941,1.333100000,0.065900000,0.016200000
sample,fixed_single,graph_fixed_diagnostic,512,512,88,837,1.303552032,1.313400000,0.043600000,0.000000000
sample,fixed_single,graph,512,512,89,837,1.312767982,1.323200000,0.049400000,0.007300000
sample,fixed_single,ordinary,512,512,89,837,1.760256052,1.770200000,1.351200000,0.000000000
sample,fixed_single,graph_fixed_diagnostic,512,512,89,837,1.304576039,1.314500000,0.045600000,0.000000000
sample,fixed_single,ordinary,512,512,90,837,1.815551996,1.824200000,1.392500000,0.000000000
sample,fixed_single,graph,512,512,90,837,1.312767982,1.325200000,0.050400000,0.007300000
sample,fixed_single,graph_fixed_diagnostic,512,512,90,837,1.332224011,1.356800000,0.088100000,0.000000000
sample,fixed_single,graph,512,512,91,837,1.326079965,1.340500000,0.085400000,0.015900000
sample,fixed_single,ordinary,512,512,91,837,1.524736047,1.538000000,1.187300000,0.000000000
sample,fixed_single,graph_fixed_diagnostic,512,512,91,837,1.304576039,1.312700000,0.042500000,0.000000000
sample,fixed_single,ordinary,512,512,92,837,1.522688031,1.530500000,1.099700000,0.000000000
sample,fixed_single,graph,512,512,92,837,1.313791990,1.322100000,0.066000000,0.008900000
sample,fixed_single,graph_fixed_diagnostic,512,512,92,837,1.302528024,1.310800000,0.041900000,0.000000000
sample,fixed_single,graph,512,512,93,837,1.308671951,1.317200000,0.044700000,0.007000000
sample,fixed_single,ordinary,512,512,93,837,1.573887944,1.582100000,1.197700000,0.000000000
sample,fixed_single,graph_fixed_diagnostic,512,512,93,837,1.306624055,1.314400000,0.040000000,0.000000000
sample,fixed_single,ordinary,512,512,94,837,1.543167949,1.551500000,1.208400000,0.000000000
sample,fixed_single,graph,512,512,94,837,1.325055957,1.341100000,0.073900000,0.011300000
sample,fixed_single,graph_fixed_diagnostic,512,512,94,837,1.311743975,1.337000000,0.059500000,0.000000000
sample,fixed_single,graph,512,512,95,837,1.325055957,1.337900000,0.081700000,0.016700000
sample,fixed_single,ordinary,512,512,95,837,1.801216006,1.811000000,1.481000000,0.000000000
sample,fixed_single,graph_fixed_diagnostic,512,512,95,837,1.304576039,1.314200000,0.053900000,0.000000000
sample,fixed_single,ordinary,512,512,96,837,1.714176059,1.723500000,1.304600000,0.000000000
sample,fixed_single,graph,512,512,96,837,1.313791990,1.323700000,0.054300000,0.008100000
sample,fixed_single,graph_fixed_diagnostic,512,512,96,837,1.304576039,1.315900000,0.048400000,0.000000000
sample,fixed_single,graph,512,512,97,837,1.312767982,1.322700000,0.056300000,0.008400000
sample,fixed_single,ordinary,512,512,97,837,1.801216006,1.810200000,1.451000000,0.000000000
sample,fixed_single,graph_fixed_diagnostic,512,512,97,837,1.305600047,1.316200000,0.046400000,0.000000000
sample,fixed_single,ordinary,512,512,98,837,1.707008004,1.722600000,1.361900000,0.000000000
sample,fixed_single,graph,512,512,98,837,1.317888021,1.327800000,0.084500000,0.010600000
sample,fixed_single,graph_fixed_diagnostic,512,512,98,837,1.303552032,1.313600000,0.044100000,0.000000000
sample,fixed_single,graph,512,512,99,837,1.311743975,1.320900000,0.052000000,0.007000000
sample,fixed_single,ordinary,512,512,99,837,1.639423966,1.647900000,1.112900000,0.000000000
sample,fixed_single,graph_fixed_diagnostic,512,512,99,837,1.304576039,1.313400000,0.039500000,0.000000000
sample,fixed_single,ordinary,512,512,100,837,1.676128030,1.683300000,1.162900000,0.000000000
sample,fixed_single,graph,512,512,100,837,1.313696027,1.322200000,0.047300000,0.007300000
sample,fixed_single,graph_fixed_diagnostic,512,512,100,837,1.304576039,1.313000000,0.039100000,0.000000000
sample,fixed_single,graph,512,512,101,837,1.310719967,1.318500000,0.045600000,0.006900000
sample,fixed_single,ordinary,512,512,101,837,1.712128043,1.720000000,1.323100000,0.000000000
sample,fixed_single,graph_fixed_diagnostic,512,512,101,837,1.306624055,1.314800000,0.042900000,0.000000000
sample,fixed_single,ordinary,512,512,102,837,1.641471982,1.649800000,1.194200000,0.000000000
sample,fixed_single,graph,512,512,102,837,1.316864014,1.325600000,0.070400000,0.008500000
sample,fixed_single,graph_fixed_diagnostic,512,512,102,837,1.304576039,1.312400000,0.038800000,0.000000000
sample,fixed_single,graph,512,512,103,837,1.310719967,1.318900000,0.047800000,0.007000000
sample,fixed_single,ordinary,512,512,103,837,1.637184024,1.645000000,1.282700000,0.000000000
sample,fixed_single,graph_fixed_diagnostic,512,512,103,837,1.304576039,1.313000000,0.041700000,0.000000000
sample,fixed_single,ordinary,512,512,104,837,1.636351943,1.644400000,1.026100000,0.000000000
sample,fixed_single,graph,512,512,104,837,1.311743975,1.319600000,0.047000000,0.007100000
sample,fixed_single,graph_fixed_diagnostic,512,512,104,837,1.303552032,1.311500000,0.038900000,0.000000000
sample,fixed_single,graph,512,512,105,837,1.312767982,1.321800000,0.045700000,0.006900000
sample,fixed_single,ordinary,512,512,105,837,2.136064053,2.152300000,1.829500000,0.000000000
sample,fixed_single,graph_fixed_diagnostic,512,512,105,837,1.349632025,1.374600000,0.425900000,0.000000000
sample,fixed_single,ordinary,512,512,106,837,1.778687954,1.787500000,1.465200000,0.000000000
sample,fixed_single,graph,512,512,106,837,1.328127980,1.338100000,0.076400000,0.017700000
sample,fixed_single,graph_fixed_diagnostic,512,512,106,837,1.305600047,1.315600000,0.043900000,0.000000000
sample,fixed_single,graph,512,512,107,837,1.310719967,1.321100000,0.051900000,0.007100000
sample,fixed_single,ordinary,512,512,107,837,1.711104035,1.720900000,1.351700000,0.000000000
sample,fixed_single,graph_fixed_diagnostic,512,512,107,837,1.304576039,1.313600000,0.038900000,0.000000000
sample,fixed_single,ordinary,512,512,108,837,1.701887965,1.711600000,1.375000000,0.000000000
sample,fixed_single,graph,512,512,108,837,1.314815998,1.324000000,0.053500000,0.007700000
sample,fixed_single,graph_fixed_diagnostic,512,512,108,837,1.306624055,1.317300000,0.289100000,0.000000000
sample,fixed_single,graph,512,512,109,837,1.327103972,1.342100000,0.069600000,0.011800000
sample,fixed_single,ordinary,512,512,109,837,1.742848039,1.753200000,1.332400000,0.000000000
sample,fixed_single,graph_fixed_diagnostic,512,512,109,837,1.307647943,1.316500000,0.043000000,0.000000000
sample,fixed_single,ordinary,512,512,110,837,1.800191998,1.809600000,1.432500000,0.000000000
sample,fixed_single,graph,512,512,110,837,1.313791990,1.323800000,0.052400000,0.007500000
sample,fixed_single,graph_fixed_diagnostic,512,512,110,837,1.302528024,1.312400000,0.043300000,0.000000000
sample,fixed_single,graph,512,512,111,837,1.310559988,1.318700000,0.047200000,0.007000000
sample,fixed_single,ordinary,512,512,111,837,1.592319965,1.601100000,1.239300000,0.000000000
sample,fixed_single,graph_fixed_diagnostic,512,512,111,837,1.303552032,1.312000000,0.039600000,0.000000000
sample,fixed_single,ordinary,512,512,112,837,1.746943951,1.755300000,1.098700000,0.000000000
sample,fixed_single,graph,512,512,112,837,1.318912029,1.332200000,0.054400000,0.010000000
sample,fixed_single,graph_fixed_diagnostic,512,512,112,837,1.306624055,1.317000000,0.046000000,0.000000000
sample,fixed_single,graph,512,512,113,837,1.315840006,1.325200000,0.055800000,0.010100000
sample,fixed_single,ordinary,512,512,113,837,1.814496040,1.823600000,1.501400000,0.000000000
sample,fixed_single,graph_fixed_diagnostic,512,512,113,837,1.307647943,1.316300000,0.045100000,0.000000000
sample,fixed_single,ordinary,512,512,114,837,1.765375972,1.774500000,1.326500000,0.000000000
sample,fixed_single,graph,512,512,114,837,1.316864014,1.326200000,0.077900000,0.010100000
sample,fixed_single,graph_fixed_diagnostic,512,512,114,837,1.305600047,1.315500000,0.043800000,0.000000000
sample,fixed_single,graph,512,512,115,837,1.309695959,1.320400000,0.048800000,0.006900000
sample,fixed_single,ordinary,512,512,115,837,1.693696022,1.703900000,1.372600000,0.000000000
sample,fixed_single,graph_fixed_diagnostic,512,512,115,837,1.305600047,1.317100000,0.048900000,0.000000000
sample,fixed_single,ordinary,512,512,116,837,1.817600012,1.837500000,1.504900000,0.000000000
sample,fixed_single,graph,512,512,116,837,1.335296035,1.348400000,0.086700000,0.019300000
sample,fixed_single,graph_fixed_diagnostic,512,512,116,837,1.309695959,1.326600000,0.050500000,0.000000000
sample,fixed_single,graph,512,512,117,837,1.317888021,1.327300000,0.057200000,0.011300000
sample,fixed_single,ordinary,512,512,117,837,1.740800023,1.751200000,1.374700000,0.000000000
sample,fixed_single,graph_fixed_diagnostic,512,512,117,837,1.303552032,1.313800000,0.047100000,0.000000000
sample,fixed_single,ordinary,512,512,118,837,1.723392010,1.733200000,1.348300000,0.000000000
sample,fixed_single,graph,512,512,118,837,1.312767982,1.322000000,0.054900000,0.008200000
sample,fixed_single,graph_fixed_diagnostic,512,512,118,837,1.303552032,1.313100000,0.043200000,0.000000000
sample,fixed_single,graph,512,512,119,837,1.312767982,1.322300000,0.051600000,0.007200000
sample,fixed_single,ordinary,512,512,119,837,1.850368023,1.858800000,1.537700000,0.000000000
sample,fixed_single,graph_fixed_diagnostic,512,512,119,837,1.304576039,1.313200000,0.045100000,0.000000000
sample,fixed_single,ordinary,512,512,120,837,1.631232023,1.639600000,1.221700000,0.000000000
sample,fixed_single,graph,512,512,120,837,1.312767982,1.322000000,0.070400000,0.009100000
sample,fixed_single,graph_fixed_diagnostic,512,512,120,837,1.304479957,1.312000000,0.039000000,0.000000000
sample,fixed_single,graph,512,512,121,837,1.310719967,1.318900000,0.047200000,0.007200000
sample,fixed_single,ordinary,512,512,121,837,1.554432034,1.562600000,1.189400000,0.000000000
sample,fixed_single,graph_fixed_diagnostic,512,512,121,837,1.304415941,1.311800000,0.039500000,0.000000000
sample,fixed_single,ordinary,512,512,122,837,1.579007983,1.587700000,1.159300000,0.000000000
sample,fixed_single,graph,512,512,122,837,1.311743975,1.320500000,0.047300000,0.007200000
sample,fixed_single,graph_fixed_diagnostic,512,512,122,837,1.301504016,1.309800000,0.038300000,0.000000000
sample,fixed_single,graph,512,512,123,837,1.310719967,1.319200000,0.045500000,0.007000000
sample,fixed_single,ordinary,512,512,123,837,1.619968057,1.634200000,1.255200000,0.000000000
sample,fixed_single,graph_fixed_diagnostic,512,512,123,837,1.305600047,1.314000000,0.042800000,0.000000000
sample,fixed_single,ordinary,512,512,124,837,1.608703971,1.617300000,1.282500000,0.000000000
sample,fixed_single,graph,512,512,124,837,1.313696027,1.321500000,0.070000000,0.009000000
sample,fixed_single,graph_fixed_diagnostic,512,512,124,837,1.306463957,1.314500000,0.038800000,0.000000000
sample,fixed_single,graph,512,512,125,837,1.310719967,1.319700000,0.047000000,0.007000000
sample,fixed_single,ordinary,512,512,125,837,1.602560043,1.610600000,1.227900000,0.000000000
sample,fixed_single,graph_fixed_diagnostic,512,512,125,837,1.304576039,1.313000000,0.039800000,0.000000000
sample,fixed_single,ordinary,512,512,126,837,1.576832056,1.584500000,1.263800000,0.000000000
sample,fixed_single,graph,512,512,126,837,1.312767982,1.320800000,0.070800000,0.007300000
sample,fixed_single,graph_fixed_diagnostic,512,512,126,837,1.305503964,1.314500000,0.038000000,0.000000000
sample,fixed_single,graph,512,512,127,837,1.334239960,1.360200000,0.077600000,0.016100000
sample,fixed_single,ordinary,512,512,127,837,2.498559952,2.590700000,2.136500000,0.000000000
sample,fixed_single,graph_fixed_diagnostic,512,512,127,837,1.310719967,1.319500000,0.052900000,0.000000000
sample,fixed_single,ordinary,512,512,128,837,1.843199968,1.851300000,1.452900000,0.000000000
sample,fixed_single,graph,512,512,128,837,1.316864014,1.326700000,0.078500000,0.010900000
sample,fixed_single,graph_fixed_diagnostic,512,512,128,837,1.305600047,1.315000000,0.043300000,0.000000000
sample,fixed_single,graph,512,512,129,837,1.310719967,1.320800000,0.049500000,0.007000000
sample,fixed_single,ordinary,512,512,129,837,1.832960010,1.842200000,1.040500000,0.000000000
sample,fixed_single,graph_fixed_diagnostic,512,512,129,837,1.302528024,1.311600000,0.041300000,0.000000000
sample,fixed_single,ordinary,512,512,130,837,1.721375942,1.729800000,1.400400000,0.000000000
sample,fixed_single,graph,512,512,130,837,1.315840006,1.323700000,0.070700000,0.009300000
sample,fixed_single,graph_fixed_diagnostic,512,512,130,837,1.303552032,1.312200000,0.039200000,0.000000000
sample,fixed_single,graph,512,512,131,837,1.314720035,1.322200000,0.046500000,0.007200000
sample,fixed_single,ordinary,512,512,131,837,1.615839958,1.623800000,1.303000000,0.000000000
sample,fixed_single,graph_fixed_diagnostic,512,512,131,837,1.305503964,1.313300000,0.040100000,0.000000000
sample,fixed_single,ordinary,512,512,132,837,1.650688052,1.659100000,1.329900000,0.000000000
sample,fixed_single,graph,512,512,132,837,1.312767982,1.321000000,0.047800000,0.007400000
sample,fixed_single,graph_fixed_diagnostic,512,512,132,837,1.303488016,1.311200000,0.039900000,0.000000000
sample,fixed_single,graph,512,512,133,837,1.311743975,1.320400000,0.047400000,0.007000000
sample,fixed_single,ordinary,512,512,133,837,1.655807972,1.664300000,1.343300000,0.000000000
sample,fixed_single,graph_fixed_diagnostic,512,512,133,837,1.304576039,1.313700000,0.042600000,0.000000000
sample,fixed_single,ordinary,512,512,134,837,1.759232044,1.772900000,1.314700000,0.000000000
sample,fixed_single,graph,512,512,134,837,1.315840006,1.324100000,0.052700000,0.010200000
sample,fixed_single,graph_fixed_diagnostic,512,512,134,837,1.303552032,1.312800000,0.038900000,0.000000000
sample,fixed_single,graph,512,512,135,837,1.309504032,1.317800000,0.047300000,0.007200000
sample,fixed_single,ordinary,512,512,135,837,1.627135992,1.635600000,1.232600000,0.000000000
sample,fixed_single,graph_fixed_diagnostic,512,512,135,837,1.303552032,1.312800000,0.039500000,0.000000000
sample,fixed_single,ordinary,512,512,136,837,1.610751987,1.619500000,1.262100000,0.000000000
sample,fixed_single,graph,512,512,136,837,1.309695959,1.318500000,0.046700000,0.007000000
sample,fixed_single,graph_fixed_diagnostic,512,512,136,837,1.305536032,1.313400000,0.038800000,0.000000000
sample,fixed_single,graph,512,512,137,837,1.311743975,1.319800000,0.045100000,0.006900000
sample,fixed_single,ordinary,512,512,137,837,1.723392010,1.731200000,1.373900000,0.000000000
sample,fixed_single,graph_fixed_diagnostic,512,512,137,837,1.319936037,1.339800000,0.080200000,0.000000000
sample,fixed_single,ordinary,512,512,138,837,2.635776043,2.703300000,2.267900000,0.000000000
sample,fixed_single,graph,512,512,138,837,1.321984053,1.329500000,0.058900000,0.011800000
sample,fixed_single,graph_fixed_diagnostic,512,512,138,837,1.303552032,1.311200000,0.038000000,0.000000000
sample,fixed_single,graph,512,512,139,837,1.313791990,1.322100000,0.045500000,0.007000000
sample,fixed_single,ordinary,512,512,139,837,1.642495990,1.651200000,1.289900000,0.000000000
sample,fixed_single,graph_fixed_diagnostic,512,512,139,837,1.302528024,1.310000000,0.039700000,0.000000000
sample,fixed_single,ordinary,512,512,140,837,1.651711941,1.660100000,1.279000000,0.000000000
sample,fixed_single,graph,512,512,140,837,1.311743975,1.319300000,0.048600000,0.007500000
sample,fixed_single,graph_fixed_diagnostic,512,512,140,837,1.302528024,1.311900000,0.037900000,0.000000000
sample,fixed_single,graph,512,512,141,837,1.340415955,1.362000000,0.095500000,0.018700000
sample,fixed_single,ordinary,512,512,141,837,1.797119975,1.811300000,1.389700000,0.000000000
sample,fixed_single,graph_fixed_diagnostic,512,512,141,837,1.307647943,1.317900000,0.047100000,0.000000000
sample,fixed_single,ordinary,512,512,142,837,1.701887965,1.712500000,1.297100000,0.000000000
sample,fixed_single,graph,512,512,142,837,1.317888021,1.327700000,0.078400000,0.010700000
sample,fixed_single,graph_fixed_diagnostic,512,512,142,837,1.303552032,1.314000000,0.043300000,0.000000000
sample,fixed_single,graph,512,512,143,837,1.311743975,1.321700000,0.049300000,0.007200000
sample,fixed_single,ordinary,512,512,143,837,1.740800023,1.749600000,1.414200000,0.000000000
sample,fixed_single,graph_fixed_diagnostic,512,512,143,837,1.305600047,1.313800000,0.041100000,0.000000000
sample,fixed_single,ordinary,512,512,144,837,1.598464012,1.607900000,1.246300000,0.000000000
sample,fixed_single,graph,512,512,144,837,1.318912029,1.332100000,0.075000000,0.010000000
sample,fixed_single,graph_fixed_diagnostic,512,512,144,837,1.309695959,1.322000000,0.048900000,0.000000000
sample,fixed_single,graph,512,512,145,837,1.313791990,1.322200000,0.065900000,0.008900000
sample,fixed_single,ordinary,512,512,145,837,1.551360011,1.559900000,1.198600000,0.000000000
sample,fixed_single,graph_fixed_diagnostic,512,512,145,837,1.307456017,1.315000000,0.037500000,0.000000000
sample,fixed_single,ordinary,512,512,146,837,1.667072058,1.675000000,1.317300000,0.000000000
sample,fixed_single,graph,512,512,146,837,1.310719967,1.318600000,0.049600000,0.007600000
sample,fixed_single,graph_fixed_diagnostic,512,512,146,837,1.305600047,1.314100000,0.039400000,0.000000000
sample,fixed_single,graph,512,512,147,837,1.310719967,1.319200000,0.047500000,0.007200000
sample,fixed_single,ordinary,512,512,147,837,1.666048050,1.674300000,1.304300000,0.000000000
sample,fixed_single,graph_fixed_diagnostic,512,512,147,837,1.305567980,1.314500000,0.042100000,0.000000000
sample,fixed_single,ordinary,512,512,148,837,1.720319986,1.738500000,1.387900000,0.000000000
sample,fixed_single,graph,512,512,148,837,1.323007941,1.336700000,0.059200000,0.010900000
sample,fixed_single,graph_fixed_diagnostic,512,512,148,837,1.305600047,1.317500000,0.047700000,0.000000000
sample,fixed_single,graph,512,512,149,837,1.334272027,1.350300000,0.073200000,0.010600000
sample,fixed_single,ordinary,512,512,149,837,1.790976048,1.803800000,1.316400000,0.000000000
sample,fixed_single,graph_fixed_diagnostic,512,512,149,837,1.306624055,1.316600000,0.046700000,0.000000000
sample,fixed_single,ordinary,512,512,150,837,1.699839950,1.710100000,1.357900000,0.000000000
sample,fixed_single,graph,512,512,150,837,1.313791990,1.323300000,0.054600000,0.008000000
sample,fixed_single,graph_fixed_diagnostic,512,512,150,837,1.305600047,1.316100000,0.043700000,0.000000000
sample,fixed_single,graph,512,512,151,837,1.312767982,1.322400000,0.049400000,0.007100000
sample,fixed_single,ordinary,512,512,151,837,1.733631968,1.744000000,1.183500000,0.000000000
sample,fixed_single,graph_fixed_diagnostic,512,512,151,837,1.310719967,1.325300000,0.066900000,0.000000000
sample,fixed_single,ordinary,512,512,152,837,1.757184029,1.765600000,1.273200000,0.000000000
sample,fixed_single,graph,512,512,152,837,1.312767982,1.323100000,0.073400000,0.009300000
sample,fixed_single,graph_fixed_diagnostic,512,512,152,837,1.306624055,1.315600000,0.043600000,0.000000000
sample,fixed_single,graph,512,512,153,837,1.310719967,1.321200000,0.049900000,0.007200000
sample,fixed_single,ordinary,512,512,153,837,1.747967958,1.758600000,1.397500000,0.000000000
sample,fixed_single,graph_fixed_diagnostic,512,512,153,837,1.306624055,1.315400000,0.057500000,0.000000000
sample,fixed_single,ordinary,512,512,154,837,1.573887944,1.581700000,1.201900000,0.000000000
sample,fixed_single,graph,512,512,154,837,1.310719967,1.319500000,0.046200000,0.007100000
sample,fixed_single,graph_fixed_diagnostic,512,512,154,837,1.301504016,1.310300000,0.037800000,0.000000000
sample,fixed_single,graph,512,512,155,837,1.310719967,1.318900000,0.045700000,0.007100000
sample,fixed_single,ordinary,512,512,155,837,1.541120052,1.555300000,1.091900000,0.000000000
sample,fixed_single,graph_fixed_diagnostic,512,512,155,837,1.308671951,1.317200000,0.047800000,0.000000000
sample,fixed_single,ordinary,512,512,156,837,1.569792032,1.578300000,1.228900000,0.000000000
sample,fixed_single,graph,512,512,156,837,1.327103972,1.336000000,0.065700000,0.011500000
sample,fixed_single,graph_fixed_diagnostic,512,512,156,837,1.304576039,1.312400000,0.040400000,0.000000000
sample,fixed_single,graph,512,512,157,837,1.309695959,1.318200000,0.046300000,0.006900000
sample,fixed_single,ordinary,512,512,157,837,1.571840048,1.580500000,1.220200000,0.000000000
sample,fixed_single,graph_fixed_diagnostic,512,512,157,837,1.303552032,1.311000000,0.040000000,0.000000000
sample,fixed_single,ordinary,512,512,158,837,1.523712039,1.531500000,1.175600000,0.000000000
sample,fixed_single,graph,512,512,158,837,1.312767982,1.321200000,0.065900000,0.007200000
sample,fixed_single,graph_fixed_diagnostic,512,512,158,837,1.303552032,1.311800000,0.039300000,0.000000000
sample,fixed_single,graph,512,512,159,837,1.328127980,1.341400000,0.070700000,0.013600000
sample,fixed_single,ordinary,512,512,159,837,2.889728069,2.907100000,2.539600000,0.000000000
sample,fixed_single,graph_fixed_diagnostic,512,512,159,837,1.308671951,1.318100000,0.051400000,0.000000000
sample,fixed_single,ordinary,512,512,160,837,1.639423966,1.648200000,1.217100000,0.000000000
sample,fixed_single,graph,512,512,160,837,1.328127980,1.338200000,0.067400000,0.017900000
sample,fixed_single,graph_fixed_diagnostic,512,512,160,837,1.302528024,1.313300000,0.043700000,0.000000000
sample,fixed_single,graph,512,512,161,837,1.312767982,1.322100000,0.073400000,0.007200000
sample,fixed_single,ordinary,512,512,161,837,1.763327956,1.773100000,1.399800000,0.000000000
sample,fixed_single,graph_fixed_diagnostic,512,512,161,837,1.306624055,1.315800000,0.047400000,0.000000000
sample,fixed_single,ordinary,512,512,162,837,1.632256031,1.641100000,1.195800000,0.000000000
sample,fixed_single,graph,512,512,162,837,1.320927978,1.333800000,0.073400000,0.009900000
sample,fixed_single,graph_fixed_diagnostic,512,512,162,837,1.304576039,1.313700000,0.039000000,0.000000000
sample,fixed_single,graph,512,512,163,837,1.311743975,1.320000000,0.046900000,0.007100000
sample,fixed_single,ordinary,512,512,163,837,1.527807951,1.536600000,1.167100000,0.000000000
sample,fixed_single,graph_fixed_diagnostic,512,512,163,837,1.303552032,1.312300000,0.042500000,0.000000000
sample,fixed_single,ordinary,512,512,164,837,1.621919990,1.629300000,1.271800000,0.000000000
sample,fixed_single,graph,512,512,164,837,1.309695959,1.318200000,0.047600000,0.007200000
sample,fixed_single,graph_fixed_diagnostic,512,512,164,837,1.306624055,1.314600000,0.038800000,0.000000000
sample,fixed_single,graph,512,512,165,837,1.311743975,1.320500000,0.047900000,0.007000000
sample,fixed_single,ordinary,512,512,165,837,1.632256031,1.640800000,1.280000000,0.000000000
sample,fixed_single,graph_fixed_diagnostic,512,512,165,837,1.305600047,1.314300000,0.041400000,0.000000000
sample,fixed_single,ordinary,512,512,166,837,1.572864056,1.587100000,1.203800000,0.000000000
sample,fixed_single,graph,512,512,166,837,1.316864014,1.325900000,0.059600000,0.012000000
sample,fixed_single,graph_fixed_diagnostic,512,512,166,837,1.307456017,1.316500000,0.043800000,0.000000000
sample,fixed_single,graph,512,512,167,837,1.323007941,1.335800000,0.058000000,0.010400000
sample,fixed_single,ordinary,512,512,167,837,1.657855988,1.668200000,1.303800000,0.000000000
sample,fixed_single,graph_fixed_diagnostic,512,512,167,837,1.302528024,1.312900000,0.045900000,0.000000000
sample,fixed_single,ordinary,512,512,168,837,1.734655976,1.744800000,1.379800000,0.000000000
sample,fixed_single,graph,512,512,168,837,1.315840006,1.325900000,0.053900000,0.009300000
sample,fixed_single,graph_fixed_diagnostic,512,512,168,837,1.303552032,1.313400000,0.042300000,0.000000000
sample,fixed_single,graph,512,512,169,837,1.311743975,1.321000000,0.049000000,0.007000000
sample,fixed_single,ordinary,512,512,169,837,1.620991945,1.631900000,1.234700000,0.000000000
sample,fixed_single,graph_fixed_diagnostic,512,512,169,837,1.311743975,1.329100000,0.048300000,0.000000000
sample,fixed_single,ordinary,512,512,170,837,1.801216006,1.819200000,1.459600000,0.000000000
sample,fixed_single,graph,512,512,170,837,1.323007941,1.333300000,0.071000000,0.014700000
sample,fixed_single,graph_fixed_diagnostic,512,512,170,837,1.304576039,1.315200000,0.047800000,0.000000000
sample,fixed_single,graph,512,512,171,837,1.311743975,1.321100000,0.050000000,0.007000000
sample,fixed_single,ordinary,512,512,171,837,1.682432055,1.693500000,1.318400000,0.000000000
sample,fixed_single,graph_fixed_diagnostic,512,512,171,837,1.304576039,1.313500000,0.043000000,0.000000000
sample,fixed_single,ordinary,512,512,172,837,1.767423987,1.777400000,1.442700000,0.000000000
sample,fixed_single,graph,512,512,172,837,1.310719967,1.320200000,0.052200000,0.007100000
sample,fixed_single,graph_fixed_diagnostic,512,512,172,837,1.305600047,1.315200000,0.042000000,0.000000000
sample,fixed_single,graph,512,512,173,837,1.308671951,1.319300000,0.050800000,0.006800000
sample,fixed_single,ordinary,512,512,173,837,1.653759956,1.671200000,1.335800000,0.000000000
sample,fixed_single,graph_fixed_diagnostic,512,512,173,837,1.316864014,1.333800000,0.074000000,0.000000000
sample,fixed_single,ordinary,512,512,174,837,1.743872046,1.758500000,1.385800000,0.000000000
sample,fixed_single,graph,512,512,174,837,1.324031949,1.334200000,0.066000000,0.014100000
sample,fixed_single,graph_fixed_diagnostic,512,512,174,837,1.306624055,1.316200000,0.042900000,0.000000000
sample,fixed_single,graph,512,512,175,837,1.309695959,1.318500000,0.052200000,0.007200000
sample,fixed_single,ordinary,512,512,175,837,1.622015953,1.631400000,1.176600000,0.000000000
sample,fixed_single,graph_fixed_diagnostic,512,512,175,837,1.304576039,1.313800000,0.039600000,0.000000000
sample,fixed_single,ordinary,512,512,176,837,1.661952019,1.670700000,1.110300000,0.000000000
sample,fixed_single,graph,512,512,176,837,1.313791990,1.321300000,0.048600000,0.007200000
sample,fixed_single,graph_fixed_diagnostic,512,512,176,837,1.302528024,1.311200000,0.037900000,0.000000000
sample,fixed_single,graph,512,512,177,837,1.321984053,1.335400000,0.056400000,0.009500000
sample,fixed_single,ordinary,512,512,177,837,1.568768024,1.576600000,1.245400000,0.000000000
sample,fixed_single,graph_fixed_diagnostic,512,512,177,837,1.303552032,1.311400000,0.040500000,0.000000000
sample,fixed_single,ordinary,512,512,178,837,1.610751987,1.618600000,1.283500000,0.000000000
sample,fixed_single,graph,512,512,178,837,1.312767982,1.321700000,0.047700000,0.007600000
sample,fixed_single,graph_fixed_diagnostic,512,512,178,837,1.305536032,1.313700000,0.039100000,0.000000000
sample,fixed_single,graph,512,512,179,837,1.309695959,1.318000000,0.047600000,0.007100000
sample,fixed_single,ordinary,512,512,179,837,1.605631948,1.613900000,1.275800000,0.000000000
sample,fixed_single,graph_fixed_diagnostic,512,512,179,837,1.304576039,1.312900000,0.040000000,0.000000000
sample,fixed_single,ordinary,512,512,180,837,1.652735949,1.661500000,1.331100000,0.000000000
sample,fixed_single,graph,512,512,180,837,1.311712027,1.319500000,0.070600000,0.007300000
sample,fixed_single,graph_fixed_diagnostic,512,512,180,837,1.306624055,1.318500000,0.040300000,0.000000000
sample,fixed_single,graph,512,512,181,837,1.328127980,1.344700000,0.062500000,0.011100000
sample,fixed_single,ordinary,512,512,181,837,1.822720051,1.849300000,1.436900000,0.000000000
sample,fixed_single,graph_fixed_diagnostic,512,512,181,837,1.304576039,1.315100000,0.046600000,0.000000000
sample,fixed_single,ordinary,512,512,182,837,1.671167970,1.680000000,1.319100000,0.000000000
sample,fixed_single,graph,512,512,182,837,1.313791990,1.322800000,0.054600000,0.008300000
sample,fixed_single,graph_fixed_diagnostic,512,512,182,837,1.303552032,1.313700000,0.049800000,0.000000000
sample,fixed_single,graph,512,512,183,837,1.311743975,1.322000000,0.048500000,0.006900000
sample,fixed_single,ordinary,512,512,183,837,1.673215985,1.682900000,1.309900000,0.000000000
sample,fixed_single,graph_fixed_diagnostic,512,512,183,837,1.303552032,1.311400000,0.041300000,0.000000000
sample,fixed_single,ordinary,512,512,184,837,1.723392010,1.732900000,1.057700000,0.000000000
sample,fixed_single,graph,512,512,184,837,1.321984053,1.336100000,0.061600000,0.009800000
sample,fixed_single,graph_fixed_diagnostic,512,512,184,837,1.306624055,1.317200000,0.043000000,0.000000000
sample,fixed_single,graph,512,512,185,837,1.313791990,1.323400000,0.051500000,0.007200000
sample,fixed_single,ordinary,512,512,185,837,1.715199947,1.724300000,1.269600000,0.000000000
sample,fixed_single,graph_fixed_diagnostic,512,512,185,837,1.303552032,1.312800000,0.043200000,0.000000000
sample,fixed_single,ordinary,512,512,186,837,1.789952040,1.799600000,1.446900000,0.000000000
sample,fixed_single,graph,512,512,186,837,1.311743975,1.321400000,0.053000000,0.007800000
sample,fixed_single,graph_fixed_diagnostic,512,512,186,837,1.304576039,1.312800000,0.045100000,0.000000000
sample,fixed_single,graph,512,512,187,837,1.310719967,1.319600000,0.047100000,0.006900000
sample,fixed_single,ordinary,512,512,187,837,1.612831950,1.621600000,1.211000000,0.000000000
sample,fixed_single,graph_fixed_diagnostic,512,512,187,837,1.303552032,1.312500000,0.040400000,0.000000000
sample,fixed_single,ordinary,512,512,188,837,1.622015953,1.635200000,1.293600000,0.000000000
sample,fixed_single,graph,512,512,188,837,1.315840006,1.323700000,0.070000000,0.009000000
sample,fixed_single,graph_fixed_diagnostic,512,512,188,837,1.302528024,1.310900000,0.038900000,0.000000000
sample,fixed_single,graph,512,512,189,837,1.309695959,1.317700000,0.047000000,0.007000000
sample,fixed_single,ordinary,512,512,189,837,1.723392010,1.732200000,1.095700000,0.000000000
sample,fixed_single,graph_fixed_diagnostic,512,512,189,837,1.304576039,1.312900000,0.039000000,0.000000000
sample,fixed_single,ordinary,512,512,190,837,1.608703971,1.616900000,1.272600000,0.000000000
sample,fixed_single,graph,512,512,190,837,1.311743975,1.320400000,0.048400000,0.007400000
sample,fixed_single,graph_fixed_diagnostic,512,512,190,837,1.303552032,1.311900000,0.039200000,0.000000000
sample,fixed_single,graph,512,512,191,837,1.311743975,1.320000000,0.044800000,0.006800000
sample,fixed_single,ordinary,512,512,191,837,1.780671954,1.787800000,1.469300000,0.000000000
sample,fixed_single,graph_fixed_diagnostic,512,512,191,837,1.306336045,1.321400000,0.056600000,0.000000000
sample,fixed_single,ordinary,512,512,192,837,2.639712095,2.712600000,2.291100000,0.000000000
sample,fixed_single,graph,512,512,192,837,1.329151988,1.338800000,0.071600000,0.014200000
sample,fixed_single,graph_fixed_diagnostic,512,512,192,837,1.305600047,1.315200000,0.043300000,0.000000000
sample,fixed_single,graph,512,512,193,837,1.311743975,1.321800000,0.052000000,0.007300000
sample,fixed_single,ordinary,512,512,193,837,1.832960010,1.843000000,1.499000000,0.000000000
sample,fixed_single,graph_fixed_diagnostic,512,512,193,837,1.306624055,1.316100000,0.051500000,0.000000000
sample,fixed_single,ordinary,512,512,194,837,1.826815963,1.835700000,1.506400000,0.000000000
sample,fixed_single,graph,512,512,194,837,1.312767982,1.320900000,0.071000000,0.007500000
sample,fixed_single,graph_fixed_diagnostic,512,512,194,837,1.304576039,1.312900000,0.037900000,0.000000000
sample,fixed_single,graph,512,512,195,837,1.328096032,1.344600000,0.062600000,0.011800000
sample,fixed_single,ordinary,512,512,195,837,1.725343943,1.735100000,1.385900000,0.000000000
sample,fixed_single,graph_fixed_diagnostic,512,512,195,837,1.306624055,1.316400000,0.047700000,0.000000000
sample,fixed_single,ordinary,512,512,196,837,1.987583995,2.003000000,1.409400000,0.000000000
sample,fixed_single,graph,512,512,196,837,1.330175996,1.340500000,0.075300000,0.017700000
sample,fixed_single,graph_fixed_diagnostic,512,512,196,837,1.304576039,1.326400000,0.046000000,0.000000000
sample,fixed_single,graph,512,512,197,837,1.313791990,1.324000000,0.051900000,0.007300000
sample,fixed_single,ordinary,512,512,197,837,1.815551996,1.830000000,1.485700000,0.000000000
sample,fixed_single,graph_fixed_diagnostic,512,512,197,837,1.306624055,1.315500000,0.046500000,0.000000000
sample,fixed_single,ordinary,512,512,198,837,1.719295979,1.728700000,1.390300000,0.000000000
sample,fixed_single,graph,512,512,198,837,1.313791990,1.322600000,0.078700000,0.009400000
sample,fixed_single,graph_fixed_diagnostic,512,512,198,837,1.303552032,1.313600000,0.042100000,0.000000000
sample,fixed_single,graph,512,512,199,837,1.314815998,1.324000000,0.048900000,0.007100000
sample,fixed_single,ordinary,512,512,199,837,1.724416018,1.734300000,1.373300000,0.000000000
sample,fixed_single,graph_fixed_diagnostic,512,512,199,837,1.304576039,1.313800000,0.043300000,0.000000000
sample,fixed_single,ordinary,512,512,200,837,1.788928032,1.798600000,1.365400000,0.000000000
sample,fixed_single,graph,512,512,200,837,1.311743975,1.322000000,0.051600000,0.007100000
sample,fixed_single,graph_fixed_diagnostic,512,512,200,837,1.303552032,1.313300000,0.043300000,0.000000000
sample,fixed_single,graph,512,512,201,837,1.311743975,1.319700000,0.047300000,0.006900000
sample,fixed_single,ordinary,512,512,201,837,1.626111984,1.635000000,1.196800000,0.000000000
sample,fixed_single,graph_fixed_diagnostic,512,512,201,837,1.304576039,1.314200000,0.044100000,0.000000000
sample,fixed_single,ordinary,512,512,202,837,1.825791955,1.837200000,1.485900000,0.000000000
sample,fixed_single,graph,512,512,202,837,1.335296035,1.350500000,0.091700000,0.019600000
sample,fixed_single,graph_fixed_diagnostic,512,512,202,837,1.309695959,1.330500000,0.074500000,0.000000000
sample,fixed_single,graph,512,512,203,837,1.316864014,1.326400000,0.098300000,0.010400000
sample,fixed_single,ordinary,512,512,203,837,1.757184029,1.767000000,1.413300000,0.000000000
sample,fixed_single,graph_fixed_diagnostic,512,512,203,837,1.303552032,1.313200000,0.043800000,0.000000000
sample,fixed_single,ordinary,512,512,204,837,1.880064011,1.889600000,1.403500000,0.000000000
sample,fixed_single,graph,512,512,204,837,1.314815998,1.325200000,0.056400000,0.008500000
sample,fixed_single,graph_fixed_diagnostic,512,512,204,837,1.305600047,1.315500000,0.043500000,0.000000000
sample,fixed_single,graph,512,512,205,837,1.311743975,1.320700000,0.048600000,0.006800000
sample,fixed_single,ordinary,512,512,205,837,1.776640058,1.786600000,1.450600000,0.000000000
sample,fixed_single,graph_fixed_diagnostic,512,512,205,837,1.303552032,1.314200000,0.045500000,0.000000000
sample,fixed_single,ordinary,512,512,206,837,2.021375895,2.040400000,1.707600000,0.000000000
sample,fixed_single,graph,512,512,206,837,1.323007941,1.332000000,0.061700000,0.013000000
sample,fixed_single,graph_fixed_diagnostic,512,512,206,837,1.307647943,1.318400000,0.048900000,0.000000000
sample,fixed_single,graph,512,512,207,837,1.314815998,1.325600000,0.058700000,0.009300000
sample,fixed_single,ordinary,512,512,207,837,1.786880016,1.796300000,1.460700000,0.000000000
sample,fixed_single,graph_fixed_diagnostic,512,512,207,837,1.304576039,1.314200000,0.047300000,0.000000000
sample,fixed_single,ordinary,512,512,208,837,1.748991966,1.758600000,1.406000000,0.000000000
sample,fixed_single,graph,512,512,208,837,1.314815998,1.325000000,0.059600000,0.008500000
sample,fixed_single,graph_fixed_diagnostic,512,512,208,837,1.303552032,1.313800000,0.043800000,0.000000000
sample,fixed_single,graph,512,512,209,837,1.310719967,1.321300000,0.051300000,0.007100000
sample,fixed_single,ordinary,512,512,209,837,1.851392031,1.874600000,1.509500000,0.000000000
sample,fixed_single,graph_fixed_diagnostic,512,512,209,837,1.307487965,1.315200000,0.043500000,0.000000000
sample,fixed_single,ordinary,512,512,210,837,1.531903982,1.539700000,1.203100000,0.000000000
sample,fixed_single,graph,512,512,210,837,1.313791990,1.321500000,0.072600000,0.009100000
sample,fixed_single,graph_fixed_diagnostic,512,512,210,837,1.304448009,1.312400000,0.039700000,0.000000000
sample,fixed_single,graph,512,512,211,837,1.309695959,1.319800000,0.046900000,0.007200000
sample,fixed_single,ordinary,512,512,211,837,1.815551996,1.825000000,1.277000000,0.000000000
sample,fixed_single,graph_fixed_diagnostic,512,512,211,837,1.304576039,1.314300000,0.043100000,0.000000000
sample,fixed_single,ordinary,512,512,212,837,1.750015974,1.760400000,1.226600000,0.000000000
sample,fixed_single,graph,512,512,212,837,1.312767982,1.322600000,0.050700000,0.007500000
sample,fixed_single,graph_fixed_diagnostic,512,512,212,837,1.305600047,1.315000000,0.042400000,0.000000000
sample,fixed_single,graph,512,512,213,837,1.325055957,1.340400000,0.062400000,0.009700000
sample,fixed_single,ordinary,512,512,213,837,1.944576025,1.960800000,1.490500000,0.000000000
sample,fixed_single,graph_fixed_diagnostic,512,512,213,837,1.308671951,1.319000000,0.055100000,0.000000000
sample,fixed_single,ordinary,512,512,214,837,1.858559966,1.872200000,1.507600000,0.000000000
sample,fixed_single,graph,512,512,214,837,1.324031949,1.333100000,0.065300000,0.015700000
sample,fixed_single,graph_fixed_diagnostic,512,512,214,837,1.303552032,1.313600000,0.047700000,0.000000000
sample,fixed_single,graph,512,512,215,837,1.312767982,1.323700000,0.055200000,0.007400000
sample,fixed_single,ordinary,512,512,215,837,1.640447974,1.650800000,1.288800000,0.000000000
sample,fixed_single,graph_fixed_diagnostic,512,512,215,837,1.303552032,1.313400000,0.044000000,0.000000000
sample,fixed_single,ordinary,512,512,216,837,1.802240014,1.812600000,1.450000000,0.000000000
sample,fixed_single,graph,512,512,216,837,1.311743975,1.322700000,0.052800000,0.007400000
sample,fixed_single,graph_fixed_diagnostic,512,512,216,837,1.332224011,1.365700000,0.076800000,0.000000000
sample,fixed_single,graph,512,512,217,837,1.317888021,1.325500000,0.056000000,0.011300000
sample,fixed_single,ordinary,512,512,217,837,1.635328054,1.643500000,1.320700000,0.000000000
sample,fixed_single,graph_fixed_diagnostic,512,512,217,837,1.303552032,1.312700000,0.040900000,0.000000000
sample,fixed_single,ordinary,512,512,218,837,1.584128022,1.592900000,1.254200000,0.000000000
sample,fixed_single,graph,512,512,218,837,1.310719967,1.318500000,0.046700000,0.007400000
sample,fixed_single,graph_fixed_diagnostic,512,512,218,837,1.304576039,1.313200000,0.039200000,0.000000000
sample,fixed_single,graph,512,512,219,837,1.310559988,1.318900000,0.047100000,0.007200000
sample,fixed_single,ordinary,512,512,219,837,1.661952019,1.670700000,1.313100000,0.000000000
sample,fixed_single,graph_fixed_diagnostic,512,512,219,837,1.304576039,1.313000000,0.040300000,0.000000000
sample,fixed_single,ordinary,512,512,220,837,1.650688052,1.660400000,1.307500000,0.000000000
sample,fixed_single,graph,512,512,220,837,1.324031949,1.348900000,0.063100000,0.012200000
sample,fixed_single,graph_fixed_diagnostic,512,512,220,837,1.323007941,1.337400000,0.114000000,0.000000000
sample,fixed_single,graph,512,512,221,837,1.320832014,1.330500000,0.075100000,0.012100000
sample,fixed_single,ordinary,512,512,221,837,1.750015974,1.764400000,1.405900000,0.000000000
sample,fixed_single,graph_fixed_diagnostic,512,512,221,837,1.305600047,1.314500000,0.044100000,0.000000000
sample,fixed_single,ordinary,512,512,222,837,1.568768024,1.580700000,1.241500000,0.000000000
sample,fixed_single,graph,512,512,222,837,1.317888021,1.325800000,0.051900000,0.009600000
sample,fixed_single,graph_fixed_diagnostic,512,512,222,837,1.304576039,1.312600000,0.039300000,0.000000000
sample,fixed_single,graph,512,512,223,837,1.312767982,1.321000000,0.047600000,0.007200000
sample,fixed_single,ordinary,512,512,223,837,1.618944049,1.627700000,1.222100000,0.000000000
sample,fixed_single,graph_fixed_diagnostic,512,512,223,837,1.304576039,1.314400000,0.041600000,0.000000000
sample,fixed_single,ordinary,512,512,224,837,2.243583918,2.264500000,1.819700000,0.000000000
sample,fixed_single,graph,512,512,224,837,1.438719988,1.466800000,0.573900000,0.073800000
sample,fixed_single,graph_fixed_diagnostic,512,512,224,837,1.305600047,1.316900000,0.051400000,0.000000000
sample,fixed_single,graph,512,512,225,837,1.313791990,1.324200000,0.086800000,0.009700000
sample,fixed_single,ordinary,512,512,225,837,1.719295979,1.728400000,1.392400000,0.000000000
sample,fixed_single,graph_fixed_diagnostic,512,512,225,837,1.305600047,1.315200000,0.045900000,0.000000000
sample,fixed_single,ordinary,512,512,226,837,1.788928032,1.798600000,1.473600000,0.000000000
sample,fixed_single,graph,512,512,226,837,1.313791990,1.323800000,0.059600000,0.009100000
sample,fixed_single,graph_fixed_diagnostic,512,512,226,837,1.303552032,1.313400000,0.043000000,0.000000000
sample,fixed_single,graph,512,512,227,837,1.312767982,1.323000000,0.050400000,0.007500000
sample,fixed_single,ordinary,512,512,227,837,1.711104035,1.725000000,1.312800000,0.000000000
sample,fixed_single,graph_fixed_diagnostic,512,512,227,837,1.307647943,1.317400000,0.052100000,0.000000000
sample,fixed_single,ordinary,512,512,228,837,1.716223955,1.726400000,1.366400000,0.000000000
sample,fixed_single,graph,512,512,228,837,1.316864014,1.325400000,0.074000000,0.008800000
sample,fixed_single,graph_fixed_diagnostic,512,512,228,837,1.302528024,1.312100000,0.039200000,0.000000000
sample,fixed_single,graph,512,512,229,837,1.311743975,1.321500000,0.052200000,0.007100000
sample,fixed_single,ordinary,512,512,229,837,1.765375972,1.775300000,1.138600000,0.000000000
sample,fixed_single,graph_fixed_diagnostic,512,512,229,837,1.306624055,1.315700000,0.043100000,0.000000000
sample,fixed_single,ordinary,512,512,230,837,1.726464033,1.736500000,1.368100000,0.000000000
sample,fixed_single,graph,512,512,230,837,1.312767982,1.323200000,0.078100000,0.008200000
sample,fixed_single,graph_fixed_diagnostic,512,512,230,837,1.304576039,1.315300000,0.042600000,0.000000000
sample,fixed_single,graph,512,512,231,837,1.318912029,1.334800000,0.060400000,0.010800000
sample,fixed_single,ordinary,512,512,231,837,1.823744059,1.838700000,1.407600000,0.000000000
sample,fixed_single,graph_fixed_diagnostic,512,512,231,837,1.304576039,1.313500000,0.047100000,0.000000000
sample,fixed_single,ordinary,512,512,232,837,1.713152051,1.720800000,1.323400000,0.000000000
sample,fixed_single,graph,512,512,232,837,1.316607952,1.324300000,0.067100000,0.010100000
sample,fixed_single,graph_fixed_diagnostic,512,512,232,837,1.304576039,1.313500000,0.038900000,0.000000000
sample,fixed_single,graph,512,512,233,837,1.318912029,1.332200000,0.052400000,0.009600000
sample,fixed_single,ordinary,512,512,233,837,1.716223955,1.741600000,1.405400000,0.000000000
sample,fixed_single,graph_fixed_diagnostic,512,512,233,837,1.304576039,1.313900000,0.044700000,0.000000000
sample,fixed_single,ordinary,512,512,234,837,1.771520019,1.781400000,1.445700000,0.000000000
sample,fixed_single,graph,512,512,234,837,1.311743975,1.322100000,0.050800000,0.008100000
sample,fixed_single,graph_fixed_diagnostic,512,512,234,837,1.311743975,1.336200000,0.057200000,0.000000000
sample,fixed_single,graph,512,512,235,837,1.326079965,1.346300000,0.088600000,0.015700000
sample,fixed_single,ordinary,512,512,235,837,1.769472003,1.780800000,1.338500000,0.000000000
sample,fixed_single,graph_fixed_diagnostic,512,512,235,837,1.304576039,1.315000000,0.052100000,0.000000000
sample,fixed_single,ordinary,512,512,236,837,1.743872046,1.753100000,1.416700000,0.000000000
sample,fixed_single,graph,512,512,236,837,1.314815998,1.324700000,0.054400000,0.008500000
sample,fixed_single,graph_fixed_diagnostic,512,512,236,837,1.302528024,1.312200000,0.051700000,0.000000000
sample,fixed_single,graph,512,512,237,837,1.310719967,1.321300000,0.052800000,0.007500000
sample,fixed_single,ordinary,512,512,237,837,1.742848039,1.752400000,1.420700000,0.000000000
sample,fixed_single,graph_fixed_diagnostic,512,512,237,837,1.303552032,1.313100000,0.046000000,0.000000000
sample,fixed_single,ordinary,512,512,238,837,1.847296000,1.856900000,1.521500000,0.000000000
sample,fixed_single,graph,512,512,238,837,1.317888021,1.327800000,0.059400000,0.012600000
sample,fixed_single,graph_fixed_diagnostic,512,512,238,837,1.306624055,1.319100000,0.045800000,0.000000000
sample,fixed_single,graph,512,512,239,837,1.331200004,1.345300000,0.073300000,0.012500000
sample,fixed_single,ordinary,512,512,239,837,1.756160021,1.766500000,1.431400000,0.000000000
sample,fixed_single,graph_fixed_diagnostic,512,512,239,837,1.303552032,1.312700000,0.043600000,0.000000000
sample,fixed_single,ordinary,512,512,240,837,1.726464033,1.735500000,1.323200000,0.000000000
sample,fixed_single,graph,512,512,240,837,1.310719967,1.320700000,0.051900000,0.007200000
sample,fixed_single,graph_fixed_diagnostic,512,512,240,837,1.304576039,1.313900000,0.044200000,0.000000000
sample,fixed_single,graph,512,512,241,837,1.310719967,1.320300000,0.050000000,0.007000000
sample,fixed_single,ordinary,512,512,241,837,1.702911973,1.712200000,1.353000000,0.000000000
sample,fixed_single,graph_fixed_diagnostic,512,512,241,837,1.307584047,1.318300000,0.043900000,0.000000000
sample,fixed_single,ordinary,512,512,242,837,1.590271950,1.597500000,1.235400000,0.000000000
sample,fixed_single,graph,512,512,242,837,1.313791990,1.321600000,0.069800000,0.009400000
sample,fixed_single,graph_fixed_diagnostic,512,512,242,837,1.308640003,1.316200000,0.047900000,0.000000000
sample,fixed_single,graph,512,512,243,837,1.312767982,1.321400000,0.047300000,0.007000000
sample,fixed_single,ordinary,512,512,243,837,1.570816040,1.579800000,1.244200000,0.000000000
sample,fixed_single,graph_fixed_diagnostic,512,512,243,837,1.303552032,1.315200000,0.040400000,0.000000000
sample,fixed_single,ordinary,512,512,244,837,1.583104014,1.591900000,1.191700000,0.000000000
sample,fixed_single,graph,512,512,244,837,1.312767982,1.321100000,0.049400000,0.007900000
sample,fixed_single,graph_fixed_diagnostic,512,512,244,837,1.305600047,1.313800000,0.039200000,0.000000000
sample,fixed_single,graph,512,512,245,837,1.309695959,1.317800000,0.045300000,0.007100000
sample,fixed_single,ordinary,512,512,245,837,1.945600033,1.954900000,1.634300000,0.000000000
sample,fixed_single,graph_fixed_diagnostic,512,512,245,837,1.307647943,1.320700000,0.074700000,0.000000000
sample,fixed_single,ordinary,512,512,246,837,2.123775959,2.152900000,1.766700000,0.000000000
sample,fixed_single,graph,512,512,246,837,1.327103972,1.337500000,0.069700000,0.015100000
sample,fixed_single,graph_fixed_diagnostic,512,512,246,837,1.305600047,1.315100000,0.043800000,0.000000000
sample,fixed_single,graph,512,512,247,837,1.313791990,1.322800000,0.052800000,0.007800000
sample,fixed_single,ordinary,512,512,247,837,1.771520019,1.781900000,1.343200000,0.000000000
sample,fixed_single,graph_fixed_diagnostic,512,512,247,837,1.306624055,1.316500000,0.043700000,0.000000000
sample,fixed_single,ordinary,512,512,248,837,1.832960010,1.841800000,1.094200000,0.000000000
sample,fixed_single,graph,512,512,248,837,1.315840006,1.324800000,0.075200000,0.008400000
sample,fixed_single,graph_fixed_diagnostic,512,512,248,837,1.306624055,1.315800000,0.038200000,0.000000000
sample,fixed_single,graph,512,512,249,837,1.318912029,1.334000000,0.055800000,0.010700000
sample,fixed_single,ordinary,512,512,249,837,1.625087976,1.633600000,1.272100000,0.000000000
sample,fixed_single,graph_fixed_diagnostic,512,512,249,837,1.304576039,1.313300000,0.039800000,0.000000000
sample,fixed_single,ordinary,512,512,250,837,1.588224053,1.597100000,1.227800000,0.000000000
sample,fixed_single,graph,512,512,250,837,1.310719967,1.319200000,0.047200000,0.007300000
sample,fixed_single,graph_fixed_diagnostic,512,512,250,837,1.305600047,1.314900000,0.039000000,0.000000000
sample,fixed_single,graph,512,512,251,837,1.311743975,1.320000000,0.047500000,0.007000000
sample,fixed_single,ordinary,512,512,251,837,1.625087976,1.632900000,1.260400000,0.000000000
sample,fixed_single,graph_fixed_diagnostic,512,512,251,837,1.304576039,1.312800000,0.040400000,0.000000000
sample,fixed_single,ordinary,512,512,252,837,1.699839950,1.707600000,1.140000000,0.000000000
sample,fixed_single,graph,512,512,252,837,1.331200004,1.344200000,0.094400000,0.016500000
sample,fixed_single,graph_fixed_diagnostic,512,512,252,837,1.306624055,1.315400000,0.047200000,0.000000000
sample,fixed_single,graph,512,512,253,837,1.311679959,1.320100000,0.049800000,0.008600000
sample,fixed_single,ordinary,512,512,253,837,1.569792032,1.577300000,1.183900000,0.000000000
sample,fixed_single,graph_fixed_diagnostic,512,512,253,837,1.304576039,1.312700000,0.039900000,0.000000000
sample,fixed_single,ordinary,512,512,254,837,1.631232023,1.639000000,1.318200000,0.000000000
sample,fixed_single,graph,512,512,254,837,1.311743975,1.319600000,0.047300000,0.007500000
sample,fixed_single,graph_fixed_diagnostic,512,512,254,837,1.302528024,1.311800000,0.039500000,0.000000000
sample,fixed_single,graph,512,512,255,837,1.312767982,1.320600000,0.046600000,0.006900000
sample,fixed_single,ordinary,512,512,255,837,1.630015969,1.637600000,1.079800000,0.000000000
sample,fixed_single,graph_fixed_diagnostic,512,512,255,837,1.304576039,1.312000000,0.041000000,0.000000000
sample,fixed_batch16,ordinary,512,512,0,837,1.694784045,1.695806250,1.419568750,0.000000000
sample,fixed_batch16,graph,512,512,0,837,1.304191947,1.306175000,0.050506250,0.000000000
sample,fixed_batch16,graph,512,512,1,837,1.301815987,1.302806250,0.037243750,0.000000000
sample,fixed_batch16,ordinary,512,512,1,837,1.749887943,1.751175000,1.637812500,0.000000000
sample,fixed_batch16,ordinary,512,512,2,837,1.751935959,1.752831250,1.602662500,0.000000000
sample,fixed_batch16,graph,512,512,2,837,1.304000020,1.304793750,0.042937500,0.000000000
sample,fixed_batch16,graph,512,512,3,837,1.301375985,1.302250000,0.036062500,0.000000000
sample,fixed_batch16,ordinary,512,512,3,837,1.821365952,1.822837500,1.577468750,0.000000000
sample,fixed_batch16,ordinary,512,512,4,837,1.725183964,1.726093750,1.535468750,0.000000000
sample,fixed_batch16,graph,512,512,4,837,1.304255962,1.305212500,0.043143750,0.000000000
sample,fixed_batch16,graph,512,512,5,837,1.301247954,1.302562500,0.037056250,0.000000000
sample,fixed_batch16,ordinary,512,512,5,837,1.692736030,1.694475000,1.477525000,0.000000000
sample,fixed_batch16,ordinary,512,512,6,837,1.786880016,1.787981250,1.627187500,0.000000000
sample,fixed_batch16,graph,512,512,6,837,1.304128051,1.305131250,0.044850000,0.000000000
sample,fixed_batch16,graph,512,512,7,837,1.301440001,1.302931250,0.036737500,0.000000000
sample,fixed_batch16,ordinary,512,512,7,837,1.774464011,1.777093750,1.628062500,0.000000000
sample,fixed_batch16,ordinary,512,512,8,837,1.753983974,1.754856250,1.573831250,0.000000000
sample,fixed_batch16,graph,512,512,8,837,1.302847981,1.303643750,0.038043750,0.000000000
sample,fixed_batch16,graph,512,512,9,837,1.301695943,1.303050000,0.116568750,0.000000000
sample,fixed_batch16,ordinary,512,512,9,837,1.673724055,1.675025000,1.440687500,0.000000000
sample,fixed_batch16,ordinary,512,512,10,837,1.858623981,1.860187500,1.808706250,0.000000000
sample,fixed_batch16,graph,512,512,10,837,1.302592039,1.303843750,0.040225000,0.000000000
sample,fixed_batch16,graph,512,512,11,837,1.303488016,1.305325000,0.047600000,0.000000000
sample,fixed_batch16,ordinary,512,512,11,837,1.725631952,1.726843750,1.389587500,0.000000000
sample,fixed_batch16,ordinary,512,512,12,837,1.743551970,1.744706250,1.581350000,0.000000000
sample,fixed_batch16,graph,512,512,12,837,1.302646041,1.303831250,0.038512500,0.000000000
sample,fixed_batch16,graph,512,512,13,837,1.303616047,1.305675000,0.045325000,0.000000000
sample,fixed_batch16,ordinary,512,512,13,837,1.768128037,1.769268750,1.561706250,0.000000000
sample,fixed_batch16,ordinary,512,512,14,837,1.790528059,1.791568750,1.561756250,0.000000000
sample,fixed_batch16,graph,512,512,14,837,1.306303978,1.308131250,0.069475000,0.000000000
sample,fixed_batch16,graph,512,512,15,837,1.305600047,1.308531250,0.066956250,0.000000000
sample,fixed_batch16,ordinary,512,512,15,837,1.706048012,1.708475000,1.576287500,0.000000000
sample,fixed_batch16,ordinary,512,512,16,837,1.625408053,1.626343750,1.352037500,0.000000000
sample,fixed_batch16,graph,512,512,16,837,1.302464008,1.303556250,0.040975000,0.000000000
sample,fixed_batch16,graph,512,512,17,837,1.303231955,1.305418750,0.046012500,0.000000000
sample,fixed_batch16,ordinary,512,512,17,837,1.777279973,1.780068750,1.756725000,0.000000000
sample,fixed_batch16,ordinary,512,512,18,837,1.775104046,1.775825000,1.552993750,0.000000000
sample,fixed_batch16,graph,512,512,18,837,1.303168058,1.304087500,0.037887500,0.000000000
sample,fixed_batch16,graph,512,512,19,837,1.302656054,1.304031250,0.048706250,0.000000000
sample,fixed_batch16,ordinary,512,512,19,837,1.781056046,1.782156250,1.541118750,0.000000000
sample,fixed_batch16,ordinary,512,512,20,837,1.768640041,1.769787500,1.519162500,0.000000000
sample,fixed_batch16,graph,512,512,20,837,1.304000020,1.305056250,0.045681250,0.000000000
sample,fixed_batch16,graph,512,512,21,837,1.303552032,1.305275000,0.047131250,0.000000000
sample,fixed_batch16,ordinary,512,512,21,837,1.775231957,1.776406250,1.647206250,0.000000000
sample,fixed_batch16,ordinary,512,512,22,837,1.617856026,1.618725000,1.312781250,0.000000000
sample,fixed_batch16,graph,512,512,22,837,1.303743958,1.305137500,0.053325000,0.000000000
sample,fixed_batch16,graph,512,512,23,837,1.303359985,1.305450000,0.047600000,0.000000000
sample,fixed_batch16,ordinary,512,512,23,837,1.795519948,1.796681250,1.650862500,0.000000000
sample,fixed_batch16,ordinary,512,512,24,837,1.789376020,1.790593750,1.518506250,0.000000000
sample,fixed_batch16,graph,512,512,24,837,1.304383993,1.306443750,0.049750000,0.000000000
sample,fixed_batch16,graph,512,512,25,837,1.301440001,1.302412500,0.038550000,0.000000000
sample,fixed_batch16,ordinary,512,512,25,837,1.773056030,1.774068750,1.552725000,0.000000000
sample,fixed_batch16,ordinary,512,512,26,837,1.749367952,1.750193750,1.615712500,0.000000000
sample,fixed_batch16,graph,512,512,26,837,1.304064035,1.305006250,0.048231250,0.000000000
sample,fixed_batch16,graph,512,512,27,837,1.302263975,1.303750000,0.038681250,0.000000000
sample,fixed_batch16,ordinary,512,512,27,837,1.774783969,1.780475000,1.530525000,0.000000000
sample,fixed_batch16,ordinary,512,512,28,837,1.798015952,1.800837500,1.662962500,0.000000000
sample,fixed_batch16,graph,512,512,28,837,1.304191947,1.305318750,0.044031250,0.000000000
sample,fixed_batch16,graph,512,512,29,837,1.303424001,1.305856250,0.055362500,0.000000000
sample,fixed_batch16,ordinary,512,512,29,837,1.659904003,1.661350000,1.436143750,0.000000000
sample,fixed_batch16,ordinary,512,512,30,837,1.675583959,1.676337500,1.436237500,0.000000000
sample,fixed_batch16,graph,512,512,30,837,1.302528024,1.303262500,0.037987500,0.000000000
sample,fixed_batch16,graph,512,512,31,837,1.301695943,1.302806250,0.048631250,0.000000000
sample,fixed_batch16,ordinary,512,512,31,837,1.598783970,1.600931250,1.340893750,0.000000000
sample,fixed_batch16,ordinary,512,512,32,837,1.643648028,1.644431250,1.482931250,0.000000000
sample,fixed_batch16,graph,512,512,32,837,1.302780032,1.303481250,0.038075000,0.000000000
sample,fixed_batch16,graph,512,512,33,837,1.301184058,1.302375000,0.035812500,0.000000000
sample,fixed_batch16,ordinary,512,512,33,837,1.673087955,1.674681250,1.379581250,0.000000000
sample,fixed_batch16,ordinary,512,512,34,837,1.747578025,1.748600000,1.624818750,0.000000000
sample,fixed_batch16,graph,512,512,34,837,1.304000020,1.305212500,0.044250000,0.000000000
sample,fixed_batch16,graph,512,512,35,837,1.303295970,1.305218750,0.040062500,0.000000000
sample,fixed_batch16,ordinary,512,512,35,837,1.656960011,1.659343750,1.439043750,0.000000000
sample,fixed_batch16,ordinary,512,512,36,837,1.737087965,1.738518750,1.546512500,0.000000000
sample,fixed_batch16,graph,512,512,36,837,1.302592039,1.303862500,0.042187500,0.000000000
sample,fixed_batch16,graph,512,512,37,837,1.307199955,1.311631250,0.064518750,0.000000000
sample,fixed_batch16,ordinary,512,512,37,837,1.662655950,1.664912500,1.558625000,0.000000000
sample,fixed_batch16,ordinary,512,512,38,837,1.725631952,1.726981250,1.485687500,0.000000000
sample,fixed_batch16,graph,512,512,38,837,1.302080035,1.303493750,0.037287500,0.000000000
sample,fixed_batch16,graph,512,512,39,837,1.313151956,1.322262500,0.094362500,0.000000000
sample,fixed_batch16,ordinary,512,512,39,837,1.814335942,1.817237500,1.679868750,0.000000000
sample,fixed_batch16,ordinary,512,512,40,837,1.786623955,1.787531250,1.522075000,0.000000000
sample,fixed_batch16,graph,512,512,40,837,1.304319978,1.305662500,0.044131250,0.000000000
sample,fixed_batch16,graph,512,512,41,837,1.302911997,1.304818750,0.046268750,0.000000000
sample,fixed_batch16,ordinary,512,512,41,837,1.757951975,1.760012500,1.627381250,0.000000000
sample,fixed_batch16,ordinary,512,512,42,837,1.685567975,1.686437500,1.515806250,0.000000000
sample,fixed_batch16,graph,512,512,42,837,1.302585959,1.303593750,0.039593750,0.000000000
sample,fixed_batch16,graph,512,512,43,837,1.303616047,1.305981250,0.052556250,0.000000000
sample,fixed_batch16,ordinary,512,512,43,837,1.707391977,1.708712500,1.574518750,0.000000000
sample,fixed_batch16,ordinary,512,512,44,837,1.755391955,1.756318750,1.641681250,0.000000000
sample,fixed_batch16,graph,512,512,44,837,1.304255962,1.305100000,0.042093750,0.000000000
sample,fixed_batch16,graph,512,512,45,837,1.302016020,1.303318750,0.037850000,0.000000000
sample,fixed_batch16,ordinary,512,512,45,837,1.704192042,1.705356250,1.472868750,0.000000000
sample,fixed_batch16,ordinary,512,512,46,837,1.718906045,1.719706250,1.604231250,0.000000000
sample,fixed_batch16,graph,512,512,46,837,1.303168058,1.304050000,0.037556250,0.000000000
sample,fixed_batch16,graph,512,512,47,837,1.302592039,1.304075000,0.039075000,0.000000000
sample,fixed_batch16,ordinary,512,512,47,837,1.719424009,1.721000000,1.553081250,0.000000000
sample,fixed_batch16,ordinary,512,512,48,837,1.685055971,1.686200000,1.453306250,0.000000000
sample,fixed_batch16,graph,512,512,48,837,1.302464008,1.303587500,0.037662500,0.000000000
sample,fixed_batch16,graph,512,512,49,837,1.304128051,1.306781250,0.050281250,0.000000000
sample,fixed_batch16,ordinary,512,512,49,837,1.762624025,1.763937500,1.587918750,0.000000000
sample,fixed_single,ordinary,1023,1023,0,383,1.901568055,1.911600000,1.241900000,0.000000000
sample,fixed_single,graph,1023,1023,0,383,1.649664044,1.658400000,0.072500000,0.007500000
sample,fixed_single,graph_fixed_diagnostic,1023,1023,0,383,1.642431974,1.650900000,0.037600000,0.000000000
sample,fixed_single,graph,1023,1023,1,383,1.648640037,1.657200000,0.051800000,0.007100000
sample,fixed_single,ordinary,1023,1023,1,383,1.953791976,1.964000000,1.180300000,0.000000000
sample,fixed_single,graph_fixed_diagnostic,1023,1023,1,383,1.644544005,1.659900000,0.076800000,0.000000000
sample,fixed_single,ordinary,1023,1023,2,383,1.888255954,1.897700000,0.878100000,0.000000000
sample,fixed_single,graph,1023,1023,2,383,1.647616029,1.657500000,0.073300000,0.009000000
sample,fixed_single,graph_fixed_diagnostic,1023,1023,2,383,1.640447974,1.650500000,0.044000000,0.000000000
sample,fixed_single,graph,1023,1023,3,383,1.646592021,1.655700000,0.051700000,0.007100000
sample,fixed_single,ordinary,1023,1023,3,383,1.837056041,1.846300000,1.204400000,0.000000000
sample,fixed_single,graph_fixed_diagnostic,1023,1023,3,383,1.640447974,1.649100000,0.039100000,0.000000000
sample,fixed_single,ordinary,1023,1023,4,383,1.838080049,1.847000000,1.211500000,0.000000000
sample,fixed_single,graph,1023,1023,4,383,1.647616029,1.657900000,0.071200000,0.007300000
sample,fixed_single,graph_fixed_diagnostic,1023,1023,4,383,1.648640037,1.672400000,0.056900000,0.000000000
sample,fixed_single,graph,1023,1023,5,383,1.835999966,1.931100000,0.433600000,0.074800000
sample,fixed_single,ordinary,1023,1023,5,383,1.911808014,1.928500000,1.274000000,0.000000000
sample,fixed_single,graph_fixed_diagnostic,1023,1023,5,383,1.640447974,1.651300000,0.045700000,0.000000000
sample,fixed_single,ordinary,1023,1023,6,383,1.929216027,1.939600000,1.143200000,0.000000000
sample,fixed_single,graph,1023,1023,6,383,1.657855988,1.668200000,0.058500000,0.013000000
sample,fixed_single,graph_fixed_diagnostic,1023,1023,6,383,1.639423966,1.650500000,0.049800000,0.000000000
sample,fixed_single,graph,1023,1023,7,383,1.649664044,1.659700000,0.051500000,0.007100000
sample,fixed_single,ordinary,1023,1023,7,383,1.954815984,1.964400000,1.156900000,0.000000000
sample,fixed_single,graph_fixed_diagnostic,1023,1023,7,383,1.639423966,1.649800000,0.044000000,0.000000000
sample,fixed_single,ordinary,1023,1023,8,383,1.883136034,1.893300000,0.859000000,0.000000000
sample,fixed_single,graph,1023,1023,8,383,1.648640037,1.658500000,0.050500000,0.007500000
sample,fixed_single,graph_fixed_diagnostic,1023,1023,8,383,1.639423966,1.650000000,0.041200000,0.000000000
sample,fixed_single,graph,1023,1023,9,383,1.648640037,1.658200000,0.049400000,0.007000000
sample,fixed_single,ordinary,1023,1023,9,383,1.880064011,1.890300000,0.872400000,0.000000000
sample,fixed_single,graph_fixed_diagnostic,1023,1023,9,383,1.643519998,1.653000000,0.044700000,0.000000000
sample,fixed_single,ordinary,1023,1023,10,383,1.909759998,1.920400000,0.912700000,0.000000000
sample,fixed_single,graph,1023,1023,10,383,1.648640037,1.660300000,0.072000000,0.007700000
sample,fixed_single,graph_fixed_diagnostic,1023,1023,10,383,1.652735949,1.673100000,0.058800000,0.000000000
sample,fixed_single,graph,1023,1023,11,383,1.651711941,1.662200000,0.056700000,0.010800000
sample,fixed_single,ordinary,1023,1023,11,383,1.889279962,1.898500000,0.981100000,0.000000000
sample,fixed_single,graph_fixed_diagnostic,1023,1023,11,383,1.640447974,1.649100000,0.039700000,0.000000000
sample,fixed_single,ordinary,1023,1023,12,383,1.839071989,1.847200000,1.214200000,0.000000000
sample,fixed_single,graph,1023,1023,12,383,1.646592021,1.654900000,0.047000000,0.007500000
sample,fixed_single,graph_fixed_diagnostic,1023,1023,12,383,1.639423966,1.648500000,0.038700000,0.000000000
sample,fixed_single,graph,1023,1023,13,383,1.648640037,1.656300000,0.046900000,0.006700000
sample,fixed_single,ordinary,1023,1023,13,383,1.853440046,1.861900000,1.167800000,0.000000000
sample,fixed_single,graph_fixed_diagnostic,1023,1023,13,383,1.646592021,1.662400000,0.053800000,0.000000000
sample,fixed_single,ordinary,1023,1023,14,383,1.869824052,1.886600000,1.065000000,0.000000000
sample,fixed_single,graph,1023,1023,14,383,1.666048050,1.675900000,0.076000000,0.015700000
sample,fixed_single,graph_fixed_diagnostic,1023,1023,14,383,1.641471982,1.652100000,0.043300000,0.000000000
sample,fixed_single,graph,1023,1023,15,383,1.648640037,1.657600000,0.050300000,0.007400000
sample,fixed_single,ordinary,1023,1023,15,383,1.957888007,1.967800000,0.892900000,0.000000000
sample,fixed_single,graph_fixed_diagnostic,1023,1023,15,383,1.650688052,1.668300000,0.045400000,0.000000000
sample,fixed_single,ordinary,1023,1023,16,383,1.837056041,1.845800000,1.226700000,0.000000000
sample,fixed_single,graph,1023,1023,16,383,1.648640037,1.707000000,0.068400000,0.007400000
sample,fixed_single,graph_fixed_diagnostic,1023,1023,16,383,1.647616029,1.665900000,0.055200000,0.000000000
sample,fixed_single,graph,1023,1023,17,383,1.652735949,1.661400000,0.057000000,0.011200000
sample,fixed_single,ordinary,1023,1023,17,383,1.842175961,1.850700000,1.233800000,0.000000000
sample,fixed_single,graph_fixed_diagnostic,1023,1023,17,383,1.640447974,1.648800000,0.040200000,0.000000000
sample,fixed_single,ordinary,1023,1023,18,383,1.838080049,1.846300000,1.213400000,0.000000000
sample,fixed_single,graph,1023,1023,18,383,1.648640037,1.656800000,0.049000000,0.007600000
sample,fixed_single,graph_fixed_diagnostic,1023,1023,18,383,1.638399959,1.646600000,0.038700000,0.000000000
sample,fixed_single,graph,1023,1023,19,383,1.647616029,1.656100000,0.046900000,0.007000000
sample,fixed_single,ordinary,1023,1023,19,383,1.855487943,1.862900000,1.249500000,0.000000000
sample,fixed_single,graph_fixed_diagnostic,1023,1023,19,383,1.643519998,1.657300000,0.062200000,0.000000000
sample,fixed_single,ordinary,1023,1023,20,383,1.868800044,1.876600000,1.218900000,0.000000000
sample,fixed_single,graph,1023,1023,20,383,1.649664044,1.658100000,0.074100000,0.008600000
sample,fixed_single,graph_fixed_diagnostic,1023,1023,20,383,1.640447974,1.649000000,0.039200000,0.000000000
sample,fixed_single,graph,1023,1023,21,383,1.648576021,1.657000000,0.047300000,0.007200000
sample,fixed_single,ordinary,1023,1023,21,383,1.836959958,1.844300000,1.222300000,0.000000000
sample,fixed_single,graph_fixed_diagnostic,1023,1023,21,383,1.640416026,1.648400000,0.040100000,0.000000000
sample,fixed_single,ordinary,1023,1023,22,383,1.840127945,1.848100000,1.223500000,0.000000000
sample,fixed_single,graph,1023,1023,22,383,1.647616029,1.656200000,0.064700000,0.007100000
sample,fixed_single,graph_fixed_diagnostic,1023,1023,22,383,1.646592021,1.669500000,0.058000000,0.000000000
sample,fixed_single,graph,1023,1023,23,383,1.798143983,1.871300000,0.405400000,0.072900000
sample,fixed_single,ordinary,1023,1023,23,383,1.841120005,1.849200000,1.236000000,0.000000000
sample,fixed_single,graph_fixed_diagnostic,1023,1023,23,383,1.642495990,1.652400000,0.050600000,0.000000000
sample,fixed_single,ordinary,1023,1023,24,383,1.881088018,1.894300000,0.994400000,0.000000000
sample,fixed_single,graph,1023,1023,24,383,1.653759956,1.662200000,0.051600000,0.010000000
sample,fixed_single,graph_fixed_diagnostic,1023,1023,24,383,1.639423966,1.648400000,0.039300000,0.000000000
sample,fixed_single,graph,1023,1023,25,383,1.648640037,1.657200000,0.048700000,0.007500000
sample,fixed_single,ordinary,1023,1023,25,383,1.860576034,1.869000000,1.493300000,0.000000000
sample,fixed_single,graph_fixed_diagnostic,1023,1023,25,383,1.659904003,1.681900000,0.059500000,0.000000000
sample,fixed_single,ordinary,1023,1023,26,383,1.845247984,1.852900000,1.268300000,0.000000000
sample,fixed_single,graph,1023,1023,26,383,1.664000034,1.672700000,0.071100000,0.014500000
sample,fixed_single,graph_fixed_diagnostic,1023,1023,26,383,1.642495990,1.652000000,0.042900000,0.000000000
sample,fixed_single,graph,1023,1023,27,383,1.648640037,1.657900000,0.051400000,0.007200000
sample,fixed_single,ordinary,1023,1023,27,383,1.906687975,1.917400000,0.919600000,0.000000000
sample,fixed_single,graph_fixed_diagnostic,1023,1023,27,383,1.641471982,1.652000000,0.047400000,0.000000000
sample,fixed_single,ordinary,1023,1023,28,383,1.886208057,1.896100000,0.877500000,0.000000000
sample,fixed_single,graph,1023,1023,28,383,1.652735949,1.662700000,0.075800000,0.008300000
sample,fixed_single,graph_fixed_diagnostic,1023,1023,28,383,1.644544005,1.661200000,0.047800000,0.000000000
sample,fixed_single,graph,1023,1023,29,383,1.652735949,1.662200000,0.054600000,0.009200000
sample,fixed_single,ordinary,1023,1023,29,383,1.906687975,1.917700000,0.897400000,0.000000000
sample,fixed_single,graph_fixed_diagnostic,1023,1023,29,383,1.639423966,1.649900000,0.046200000,0.000000000
sample,fixed_single,ordinary,1023,1023,30,383,1.883136034,1.892800000,0.875300000,0.000000000
sample,fixed_single,graph,1023,1023,30,383,1.651711941,1.661200000,0.051300000,0.007700000
sample,fixed_single,graph_fixed_diagnostic,1023,1023,30,383,1.639423966,1.650100000,0.043700000,0.000000000
sample,fixed_single,graph,1023,1023,31,383,1.646592021,1.656800000,0.051900000,0.007300000
sample,fixed_single,ordinary,1023,1023,31,383,1.941504002,1.949900000,1.331200000,0.000000000
sample,fixed_single,graph_fixed_diagnostic,1023,1023,31,383,1.646592021,1.664400000,0.053900000,0.000000000
sample,fixed_single,ordinary,1023,1023,32,383,1.944576025,1.961400000,1.214100000,0.000000000
sample,fixed_single,graph,1023,1023,32,383,1.670143962,1.679900000,0.075400000,0.020300000
sample,fixed_single,graph_fixed_diagnostic,1023,1023,32,383,1.641471982,1.652000000,0.043400000,0.000000000
sample,fixed_single,graph,1023,1023,33,383,1.648640037,1.658000000,0.052900000,0.007800000
sample,fixed_single,ordinary,1023,1023,33,383,1.884160042,1.893600000,0.940100000,0.000000000
sample,fixed_single,graph_fixed_diagnostic,1023,1023,33,383,1.640447974,1.650100000,0.044400000,0.000000000
sample,fixed_single,ordinary,1023,1023,34,383,1.938431978,1.947800000,1.187000000,0.000000000
sample,fixed_single,graph,1023,1023,34,383,1.656831980,1.667600000,0.089300000,0.011800000
sample,fixed_single,graph_fixed_diagnostic,1023,1023,34,383,1.653759956,1.687700000,0.067900000,0.000000000
sample,fixed_single,graph,1023,1023,35,383,1.662976027,1.673600000,0.066200000,0.014400000
sample,fixed_single,ordinary,1023,1023,35,383,1.893375993,1.903400000,0.918000000,0.000000000
sample,fixed_single,graph_fixed_diagnostic,1023,1023,35,383,1.641471982,1.651000000,0.046500000,0.000000000
sample,fixed_single,ordinary,1023,1023,36,383,1.839104056,1.847200000,1.112200000,0.000000000
sample,fixed_single,graph,1023,1023,36,383,1.647616029,1.656500000,0.049400000,0.007700000
sample,fixed_single,graph_fixed_diagnostic,1023,1023,36,383,1.639423966,1.647900000,0.038900000,0.000000000
sample,fixed_single,graph,1023,1023,37,383,1.647616029,1.655900000,0.047500000,0.007300000
sample,fixed_single,ordinary,1023,1023,37,383,1.858559966,1.866800000,1.222900000,0.000000000
sample,fixed_single,graph_fixed_diagnostic,1023,1023,37,383,1.643519998,1.652700000,0.045200000,0.000000000
sample,fixed_single,ordinary,1023,1023,38,383,1.841151953,1.849700000,1.229900000,0.000000000
sample,fixed_single,graph,1023,1023,38,383,1.650688052,1.658700000,0.069400000,0.008800000
sample,fixed_single,graph_fixed_diagnostic,1023,1023,38,383,1.640447974,1.649600000,0.039300000,0.000000000
sample,fixed_single,graph,1023,1023,39,383,1.649664044,1.658500000,0.047200000,0.007000000
sample,fixed_single,ordinary,1023,1023,39,383,1.883136034,1.891600000,1.015800000,0.000000000
sample,fixed_single,graph_fixed_diagnostic,1023,1023,39,383,1.641471982,1.651100000,0.044800000,0.000000000
sample,fixed_single,ordinary,1023,1023,40,383,1.843199968,1.851500000,1.231000000,0.000000000
sample,fixed_single,graph,1023,1023,40,383,1.647552013,1.656000000,0.072800000,0.007300000
sample,fixed_single,graph_fixed_diagnostic,1023,1023,40,383,1.643519998,1.659900000,0.040200000,0.000000000
sample,fixed_single,graph,1023,1023,41,383,1.768447995,1.814500000,0.345100000,0.068000000
sample,fixed_single,ordinary,1023,1023,41,383,1.892351985,1.901000000,0.762800000,0.000000000
sample,fixed_single,graph_fixed_diagnostic,1023,1023,41,383,1.641471982,1.651100000,0.047100000,0.000000000
sample,fixed_single,ordinary,1023,1023,42,383,1.883136034,1.891800000,0.880000000,0.000000000
sample,fixed_single,graph,1023,1023,42,383,1.652735949,1.662600000,0.053800000,0.008000000
sample,fixed_single,graph_fixed_diagnostic,1023,1023,42,383,1.642495990,1.651600000,0.043500000,0.000000000
sample,fixed_single,graph,1023,1023,43,383,1.646592021,1.655200000,0.047300000,0.007100000
sample,fixed_single,ordinary,1023,1023,43,383,1.934335947,1.943500000,1.286200000,0.000000000
sample,fixed_single,graph_fixed_diagnostic,1023,1023,43,383,1.646592021,1.659600000,0.044400000,0.000000000
sample,fixed_single,ordinary,1023,1023,44,383,1.844063997,1.851600000,1.227900000,0.000000000
sample,fixed_single,graph,1023,1023,44,383,1.648640037,1.656600000,0.069600000,0.008700000
sample,fixed_single,graph_fixed_diagnostic,1023,1023,44,383,1.641471982,1.650000000,0.039400000,0.000000000
sample,fixed_single,graph,1023,1023,45,383,1.647616029,1.656500000,0.047300000,0.006900000
sample,fixed_single,ordinary,1023,1023,45,383,1.836032033,1.844000000,1.217200000,0.000000000
sample,fixed_single,graph_fixed_diagnostic,1023,1023,45,383,1.641471982,1.649400000,0.039500000,0.000000000
sample,fixed_single,ordinary,1023,1023,46,383,1.875967979,1.885000000,1.050500000,0.000000000
sample,fixed_single,graph,1023,1023,46,383,1.649664044,1.660200000,0.078900000,0.007200000
sample,fixed_single,graph_fixed_diagnostic,1023,1023,46,383,1.645568013,1.662900000,0.082800000,0.000000000
sample,fixed_single,graph,1023,1023,47,383,1.659904003,1.676800000,0.065400000,0.013600000
sample,fixed_single,ordinary,1023,1023,47,383,1.896448016,1.908300000,0.794600000,0.000000000
sample,fixed_single,graph_fixed_diagnostic,1023,1023,47,383,1.642495990,1.651700000,0.047200000,0.000000000
sample,fixed_single,ordinary,1023,1023,48,383,1.909759998,1.917100000,1.337300000,0.000000000
sample,fixed_single,graph,1023,1023,48,383,1.651487947,1.660500000,0.071200000,0.009700000
sample,fixed_single,graph_fixed_diagnostic,1023,1023,48,383,1.640447974,1.651100000,0.043200000,0.000000000
sample,fixed_single,graph,1023,1023,49,383,1.646592021,1.656300000,0.051600000,0.007100000
sample,fixed_single,ordinary,1023,1023,49,383,1.901568055,1.911800000,1.125700000,0.000000000
sample,fixed_single,graph_fixed_diagnostic,1023,1023,49,383,1.657855988,1.676200000,0.075500000,0.000000000
sample,fixed_single,ordinary,1023,1023,50,383,1.941504002,1.962400000,1.320500000,0.000000000
sample,fixed_single,graph,1023,1023,50,383,1.679360032,1.693200000,0.100900000,0.026900000
sample,fixed_single,graph_fixed_diagnostic,1023,1023,50,383,1.647616029,1.665500000,0.061500000,0.000000000
sample,fixed_single,graph,1023,1023,51,383,1.657855988,1.674000000,0.062100000,0.012700000
sample,fixed_single,ordinary,1023,1023,51,383,1.953791976,1.963800000,0.956200000,0.000000000
sample,fixed_single,graph_fixed_diagnostic,1023,1023,51,383,1.644544005,1.654300000,0.051000000,0.000000000
sample,fixed_single,ordinary,1023,1023,52,383,1.884160042,1.893800000,0.905200000,0.000000000
sample,fixed_single,graph,1023,1023,52,383,1.648640037,1.659100000,0.075600000,0.008100000
sample,fixed_single,graph_fixed_diagnostic,1023,1023,52,383,1.672191978,1.695900000,0.075800000,0.000000000
sample,fixed_single,graph,1023,1023,53,383,1.650688052,1.660500000,0.082700000,0.010000000
sample,fixed_single,ordinary,1023,1023,53,383,1.908735991,1.918000000,0.955400000,0.000000000
sample,fixed_single,graph_fixed_diagnostic,1023,1023,53,383,1.643519998,1.653100000,0.046400000,0.000000000
sample,fixed_single,ordinary,1023,1023,54,383,1.882112026,1.892200000,0.873200000,0.000000000
sample,fixed_single,graph,1023,1023,54,383,1.648640037,1.658400000,0.050900000,0.007800000
sample,fixed_single,graph_fixed_diagnostic,1023,1023,54,383,1.641471982,1.652100000,0.043200000,0.000000000
sample,fixed_single,graph,1023,1023,55,383,1.648640037,1.658500000,0.050100000,0.007200000
sample,fixed_single,ordinary,1023,1023,55,383,1.879040003,1.889300000,1.302800000,0.000000000
sample,fixed_single,graph_fixed_diagnostic,1023,1023,55,383,1.642495990,1.655400000,0.047900000,0.000000000
sample,fixed_single,ordinary,1023,1023,56,383,1.886208057,1.895700000,1.267400000,0.000000000
sample,fixed_single,graph,1023,1023,56,383,1.659904003,1.670600000,0.064300000,0.015700000
sample,fixed_single,graph_fixed_diagnostic,1023,1023,56,383,1.640447974,1.650000000,0.042500000,0.000000000
sample,fixed_single,graph,1023,1023,57,383,1.648640037,1.658700000,0.050900000,0.007100000
sample,fixed_single,ordinary,1023,1023,57,383,1.909759998,1.918100000,1.182200000,0.000000000
sample,fixed_single,graph_fixed_diagnostic,1023,1023,57,383,1.639423966,1.648000000,0.041100000,0.000000000
sample,fixed_single,ordinary,1023,1023,58,383,1.837056041,1.845800000,1.205000000,0.000000000
sample,fixed_single,graph,1023,1023,58,383,1.648640037,1.656900000,0.048900000,0.007700000
sample,fixed_single,graph_fixed_diagnostic,1023,1023,58,383,1.638239980,1.645800000,0.039500000,0.000000000
sample,fixed_single,graph,1023,1023,59,383,1.645568013,1.653600000,0.044600000,0.007000000
sample,fixed_single,ordinary,1023,1023,59,383,1.838080049,1.845600000,1.209000000,0.000000000
sample,fixed_single,graph_fixed_diagnostic,1023,1023,59,383,1.641280055,1.649900000,0.042000000,0.000000000
sample,fixed_single,ordinary,1023,1023,60,383,1.837087989,1.846100000,1.222900000,0.000000000
sample,fixed_single,graph,1023,1023,60,383,1.647616029,1.656300000,0.049500000,0.007600000
sample,fixed_single,graph_fixed_diagnostic,1023,1023,60,383,1.639423966,1.648700000,0.038600000,0.000000000
sample,fixed_single,graph,1023,1023,61,383,1.659711957,1.686200000,0.076000000,0.011000000
sample,fixed_single,ordinary,1023,1023,61,383,2.785248041,2.868500000,1.909700000,0.000000000
sample,fixed_single,graph_fixed_diagnostic,1023,1023,61,383,1.644479990,1.653300000,0.050300000,0.000000000
sample,fixed_single,ordinary,1023,1023,62,383,1.830911994,1.839200000,0.939500000,0.000000000
sample,fixed_single,graph,1023,1023,62,383,1.651711941,1.660400000,0.069900000,0.010200000
sample,fixed_single,graph_fixed_diagnostic,1023,1023,62,383,1.642495990,1.650700000,0.038800000,0.000000000
sample,fixed_single,graph,1023,1023,63,383,1.647616029,1.655900000,0.047800000,0.007100000
sample,fixed_single,ordinary,1023,1023,63,383,1.845216036,1.853400000,1.334200000,0.000000000
sample,fixed_single,graph_fixed_diagnostic,1023,1023,63,383,1.639423966,1.648300000,0.040400000,0.000000000
sample,fixed_single,ordinary,1023,1023,64,383,1.848320007,1.861800000,1.111600000,0.000000000
sample,fixed_single,graph,1023,1023,64,383,1.650688052,1.659600000,0.051200000,0.009200000
sample,fixed_single,graph_fixed_diagnostic,1023,1023,64,383,1.640447974,1.649200000,0.039000000,0.000000000
sample,fixed_single,graph,1023,1023,65,383,1.649536014,1.657400000,0.047100000,0.007200000
sample,fixed_single,ordinary,1023,1023,65,383,1.837056041,1.845100000,1.221700000,0.000000000
sample,fixed_single,graph_fixed_diagnostic,1023,1023,65,383,1.640447974,1.649500000,0.039100000,0.000000000
sample,fixed_single,ordinary,1023,1023,66,383,1.880064011,1.889400000,0.927400000,0.000000000
sample,fixed_single,graph,1023,1023,66,383,1.650688052,1.660900000,0.050400000,0.007700000
sample,fixed_single,graph_fixed_diagnostic,1023,1023,66,383,1.639423966,1.650100000,0.042000000,0.000000000
sample,fixed_single,graph,1023,1023,67,383,1.660928011,1.678300000,0.063700000,0.015600000
sample,fixed_single,ordinary,1023,1023,67,383,1.855487943,1.865800000,1.243700000,0.000000000
sample,fixed_single,graph_fixed_diagnostic,1023,1023,67,383,1.639423966,1.648000000,0.041300000,0.000000000
sample,fixed_single,ordinary,1023,1023,68,383,1.837919950,1.846100000,1.189300000,0.000000000
sample,fixed_single,graph,1023,1023,68,383,1.647616029,1.655900000,0.048400000,0.007700000
sample,fixed_single,graph_fixed_diagnostic,1023,1023,68,383,1.640447974,1.649500000,0.045900000,0.000000000
sample,fixed_single,graph,1023,1023,69,383,1.648640037,1.656900000,0.046900000,0.007100000
sample,fixed_single,ordinary,1023,1023,69,383,1.839104056,1.847500000,1.214100000,0.000000000
sample,fixed_single,graph_fixed_diagnostic,1023,1023,69,383,1.640447974,1.649300000,0.040300000,0.000000000
sample,fixed_single,ordinary,1023,1023,70,383,2.924544096,2.941900000,2.611500000,0.000000000
sample,fixed_single,graph,1023,1023,70,383,1.661952019,1.670900000,0.065800000,0.016600000
sample,fixed_single,graph_fixed_diagnostic,1023,1023,70,383,1.640447974,1.650800000,0.043300000,0.000000000
sample,fixed_single,graph,1023,1023,71,383,1.650688052,1.660300000,0.053800000,0.008100000
sample,fixed_single,ordinary,1023,1023,71,383,1.884160042,1.894100000,0.912200000,0.000000000
sample,fixed_single,graph_fixed_diagnostic,1023,1023,71,383,1.642495990,1.653400000,0.044600000,0.000000000
sample,fixed_single,ordinary,1023,1023,72,383,1.892351985,1.901600000,0.910100000,0.000000000
sample,fixed_single,graph,1023,1023,72,383,1.647616029,1.656800000,0.068700000,0.008000000
sample,fixed_single,graph_fixed_diagnostic,1023,1023,72,383,1.648640037,1.665500000,0.058100000,0.000000000
sample,fixed_single,graph,1023,1023,73,383,1.665024042,1.683800000,0.071900000,0.016300000
sample,fixed_single,ordinary,1023,1023,73,383,1.848320007,1.862100000,1.484900000,0.000000000
sample,fixed_single,graph_fixed_diagnostic,1023,1023,73,383,1.645568013,1.655900000,0.054600000,0.000000000
sample,fixed_single,ordinary,1023,1023,74,383,1.848288059,1.860600000,1.482300000,0.000000000
sample,fixed_single,graph,1023,1023,74,383,1.664000034,1.675400000,0.077100000,0.015900000
sample,fixed_single,graph_fixed_diagnostic,1023,1023,74,383,1.642400026,1.653800000,0.044700000,0.000000000
sample,fixed_single,graph,1023,1023,75,383,1.649664044,1.658000000,0.068900000,0.009300000
sample,fixed_single,ordinary,1023,1023,75,383,1.844223976,1.852300000,1.233000000,0.000000000
sample,fixed_single,graph_fixed_diagnostic,1023,1023,75,383,1.638399959,1.647900000,0.041300000,0.000000000
sample,fixed_single,ordinary,1023,1023,76,383,1.891327977,1.906300000,0.982900000,0.000000000
sample,fixed_single,graph,1023,1023,76,383,1.651711941,1.661000000,0.078300000,0.009400000
sample,fixed_single,graph_fixed_diagnostic,1023,1023,76,383,1.643519998,1.653400000,0.044000000,0.000000000
sample,fixed_single,graph,1023,1023,77,383,1.648640037,1.658700000,0.049200000,0.007000000
sample,fixed_single,ordinary,1023,1023,77,383,1.894400001,1.903800000,0.870300000,0.000000000
sample,fixed_single,graph_fixed_diagnostic,1023,1023,77,383,1.642495990,1.651600000,0.043300000,0.000000000
sample,fixed_single,ordinary,1023,1023,78,383,1.837983966,1.845700000,1.222400000,0.000000000
sample,fixed_single,graph,1023,1023,78,383,1.645568013,1.654500000,0.068500000,0.007800000
sample,fixed_single,graph_fixed_diagnostic,1023,1023,78,383,1.638399959,1.647300000,0.038500000,0.000000000
sample,fixed_single,graph,1023,1023,79,383,1.668992043,1.691500000,0.075000000,0.015600000
sample,fixed_single,ordinary,1023,1023,79,383,2.297856092,2.344100000,1.439600000,0.000000000
sample,fixed_single,graph_fixed_diagnostic,1023,1023,79,383,1.643519998,1.651200000,0.041700000,0.000000000
sample,fixed_single,ordinary,1023,1023,80,383,1.853471994,1.861800000,1.029100000,0.000000000
sample,fixed_single,graph,1023,1023,80,383,1.650688052,1.659900000,0.050300000,0.009700000
sample,fixed_single,graph_fixed_diagnostic,1023,1023,80,383,1.638399959,1.647400000,0.039600000,0.000000000
sample,fixed_single,graph,1023,1023,81,383,1.646592021,1.655600000,0.047200000,0.007100000
sample,fixed_single,ordinary,1023,1023,81,383,1.856511950,1.864700000,1.121300000,0.000000000
sample,fixed_single,graph_fixed_diagnostic,1023,1023,81,383,1.641471982,1.650800000,0.045600000,0.000000000
sample,fixed_single,ordinary,1023,1023,82,383,1.847296000,1.860500000,1.226700000,0.000000000
sample,fixed_single,graph,1023,1023,82,383,1.652735949,1.661100000,0.054600000,0.009100000
sample,fixed_single,graph_fixed_diagnostic,1023,1023,82,383,1.639423966,1.649000000,0.038700000,0.000000000
sample,fixed_single,graph,1023,1023,83,383,1.645568013,1.654500000,0.051700000,0.007200000
sample,fixed_single,ordinary,1023,1023,83,383,1.841151953,1.849100000,1.220600000,0.000000000
sample,fixed_single,graph_fixed_diagnostic,1023,1023,83,383,1.642495990,1.650600000,0.039200000,0.000000000
sample,fixed_single,ordinary,1023,1023,84,383,1.837056041,1.845300000,1.220100000,0.000000000
sample,fixed_single,graph,1023,1023,84,383,1.647519946,1.655700000,0.071500000,0.007200000
sample,fixed_single,graph_fixed_diagnostic,1023,1023,84,383,1.642495990,1.651400000,0.038600000,0.000000000
sample,fixed_single,graph,1023,1023,85,383,1.657855988,1.671700000,0.056100000,0.010000000
sample,fixed_single,ordinary,1023,1023,85,383,1.842175961,1.851000000,1.227300000,0.000000000
sample,fixed_single,graph_fixed_diagnostic,1023,1023,85,383,1.640447974,1.648500000,0.039800000,0.000000000
sample,fixed_single,ordinary,1023,1023,86,383,1.839104056,1.848300000,1.218000000,0.000000000
sample,fixed_single,graph,1023,1023,86,383,1.648640037,1.657100000,0.049200000,0.007300000
sample,fixed_single,graph_fixed_diagnostic,1023,1023,86,383,1.639423966,1.647700000,0.044200000,0.000000000
sample,fixed_single,graph,1023,1023,87,383,1.645568013,1.654500000,0.047400000,0.007100000
sample,fixed_single,ordinary,1023,1023,87,383,1.837056041,1.845000000,1.224100000,0.000000000
sample,fixed_single,graph_fixed_diagnostic,1023,1023,87,383,1.640447974,1.649000000,0.040300000,0.000000000
sample,fixed_single,ordinary,1023,1023,88,383,2.870271921,2.885200000,2.380400000,0.000000000
sample,fixed_single,graph,1023,1023,88,383,1.658815980,1.667200000,0.057000000,0.010600000
sample,fixed_single,graph_fixed_diagnostic,1023,1023,88,383,1.639423966,1.650100000,0.041800000,0.000000000
sample,fixed_single,graph,1023,1023,89,383,1.649664044,1.659600000,0.049200000,0.007400000
sample,fixed_single,ordinary,1023,1023,89,383,1.940479994,1.950200000,0.951900000,0.000000000
sample,fixed_single,graph_fixed_diagnostic,1023,1023,89,383,1.645760059,1.655800000,0.050500000,0.000000000
sample,fixed_single,ordinary,1023,1023,90,383,1.838976026,1.846700000,1.223600000,0.000000000
sample,fixed_single,graph,1023,1023,90,383,1.647616029,1.656500000,0.068500000,0.007300000
sample,fixed_single,graph_fixed_diagnostic,1023,1023,90,383,1.645568013,1.659500000,0.043100000,0.000000000
sample,fixed_single,graph,1023,1023,91,383,1.660928011,1.676400000,0.065200000,0.012300000
sample,fixed_single,ordinary,1023,1023,91,383,1.848320007,1.856900000,1.234100000,0.000000000
sample,fixed_single,graph_fixed_diagnostic,1023,1023,91,383,1.641343951,1.649300000,0.038900000,0.000000000
sample,fixed_single,ordinary,1023,1023,92,383,1.844223976,1.856500000,1.227800000,0.000000000
sample,fixed_single,graph,1023,1023,92,383,1.656831980,1.664800000,0.057000000,0.010500000
sample,fixed_single,graph_fixed_diagnostic,1023,1023,92,383,1.638399959,1.647300000,0.039000000,0.000000000
sample,fixed_single,graph,1023,1023,93,383,1.648640037,1.659200000,0.054500000,0.009000000
sample,fixed_single,ordinary,1023,1023,93,383,1.908735991,1.918200000,1.174000000,0.000000000
sample,fixed_single,graph_fixed_diagnostic,1023,1023,93,383,1.641471982,1.651800000,0.046100000,0.000000000
sample,fixed_single,ordinary,1023,1023,94,383,1.919999957,1.936100000,0.995200000,0.000000000
sample,fixed_single,graph,1023,1023,94,383,1.654783964,1.664400000,0.062600000,0.010300000
sample,fixed_single,graph_fixed_diagnostic,1023,1023,94,383,1.642495990,1.652300000,0.044400000,0.000000000
sample,fixed_single,graph,1023,1023,95,383,1.648640037,1.657200000,0.052200000,0.007100000
sample,fixed_single,ordinary,1023,1023,95,383,1.860607982,1.868700000,1.229200000,0.000000000
sample,fixed_single,graph_fixed_diagnostic,1023,1023,95,383,1.638399959,1.646900000,0.042000000,0.000000000
sample,fixed_single,ordinary,1023,1023,96,383,1.840127945,1.848000000,1.210600000,0.000000000
sample,fixed_single,graph,1023,1023,96,383,1.647616029,1.655800000,0.050800000,0.007400000
sample,fixed_single,graph_fixed_diagnostic,1023,1023,96,383,1.639423966,1.650900000,0.038800000,0.000000000
sample,fixed_single,graph,1023,1023,97,383,1.679360032,1.706300000,0.092200000,0.021700000
sample,fixed_single,ordinary,1023,1023,97,383,1.929216027,1.950900000,0.950300000,0.000000000
sample,fixed_single,graph_fixed_diagnostic,1023,1023,97,383,1.642495990,1.653900000,0.052000000,0.000000000
sample,fixed_single,ordinary,1023,1023,98,383,1.902591944,1.912200000,0.955400000,0.000000000
sample,fixed_single,graph,1023,1023,98,383,1.659904003,1.670200000,0.067400000,0.014100000
sample,fixed_single,graph_fixed_diagnostic,1023,1023,98,383,1.638399959,1.649100000,0.044800000,0.000000000
sample,fixed_single,graph,1023,1023,99,383,1.651711941,1.661700000,0.060300000,0.008800000
sample,fixed_single,ordinary,1023,1023,99,383,1.857535958,1.867000000,1.351000000,0.000000000
sample,fixed_single,graph_fixed_diagnostic,1023,1023,99,383,1.639423966,1.648200000,0.046600000,0.000000000
sample,fixed_single,ordinary,1023,1023,100,383,1.887231946,1.899400000,0.993000000,0.000000000
sample,fixed_single,graph,1023,1023,100,383,1.650527954,1.659200000,0.051500000,0.009200000
sample,fixed_single,graph_fixed_diagnostic,1023,1023,100,383,1.640447974,1.649300000,0.039200000,0.000000000
sample,fixed_single,graph,1023,1023,101,383,1.647552013,1.655800000,0.048000000,0.007100000
sample,fixed_single,ordinary,1023,1023,101,383,1.839136004,1.848100000,1.221900000,0.000000000
sample,fixed_single,graph_fixed_diagnostic,1023,1023,101,383,1.642495990,1.650600000,0.039400000,0.000000000
sample,fixed_single,ordinary,1023,1023,102,383,1.838080049,1.846600000,1.335300000,0.000000000
sample,fixed_single,graph,1023,1023,102,383,1.648640037,1.657400000,0.072000000,0.007300000
sample,fixed_single,graph_fixed_diagnostic,1023,1023,102,383,1.642336011,1.654000000,0.038000000,0.000000000
sample,fixed_single,graph,1023,1023,103,383,1.656831980,1.670400000,0.056300000,0.009900000
sample,fixed_single,ordinary,1023,1023,103,383,1.850368023,1.858900000,1.244300000,0.000000000
sample,fixed_single,graph_fixed_diagnostic,1023,1023,103,383,1.642495990,1.650300000,0.039700000,0.000000000
sample,fixed_single,ordinary,1023,1023,104,383,1.837056041,1.845000000,1.222100000,0.000000000
sample,fixed_single,graph,1023,1023,104,383,1.651711941,1.659500000,0.049200000,0.007600000
sample,fixed_single,graph_fixed_diagnostic,1023,1023,104,383,1.640447974,1.648900000,0.036700000,0.000000000
sample,fixed_single,graph,1023,1023,105,383,1.648640037,1.657000000,0.047400000,0.007000000
sample,fixed_single,ordinary,1023,1023,105,383,1.838943958,1.846500000,1.222200000,0.000000000
sample,fixed_single,graph_fixed_diagnostic,1023,1023,105,383,1.637375951,1.648700000,0.040900000,0.000000000
sample,fixed_single,ordinary,1023,1023,106,383,3.159935951,3.178800000,2.783700000,0.000000000
sample,fixed_single,graph,1023,1023,106,383,1.673215985,1.683200000,0.073200000,0.017700000
sample,fixed_single,graph_fixed_diagnostic,1023,1023,106,383,1.647616029,1.663900000,0.051500000,0.000000000
sample,fixed_single,graph,1023,1023,107,383,1.653759956,1.662700000,0.057000000,0.011900000
sample,fixed_single,ordinary,1023,1023,107,383,1.966079950,1.975800000,1.143900000,0.000000000
sample,fixed_single,graph_fixed_diagnostic,1023,1023,107,383,1.641471982,1.653500000,0.045700000,0.000000000
sample,fixed_single,ordinary,1023,1023,108,383,1.922047973,1.943800000,1.311400000,0.000000000
sample,fixed_single,graph,1023,1023,108,383,1.667072058,1.677900000,0.074400000,0.017400000
sample,fixed_single,graph_fixed_diagnostic,1023,1023,108,383,1.641471982,1.651600000,0.046900000,0.000000000
sample,fixed_single,graph,1023,1023,109,383,1.650688052,1.660900000,0.082200000,0.008500000
sample,fixed_single,ordinary,1023,1023,109,383,1.904639959,1.914100000,1.021000000,0.000000000
sample,fixed_single,graph_fixed_diagnostic,1023,1023,109,383,1.642495990,1.651900000,0.046900000,0.000000000
sample,fixed_single,ordinary,1023,1023,110,383,1.923071980,1.932100000,1.033200000,0.000000000
sample,fixed_single,graph,1023,1023,110,383,1.649664044,1.659500000,0.052800000,0.007800000
sample,fixed_single,graph_fixed_diagnostic,1023,1023,110,383,1.641471982,1.650600000,0.043500000,0.000000000
sample,fixed_single,graph,1023,1023,111,383,1.649664044,1.658800000,0.052600000,0.007200000
sample,fixed_single,ordinary,1023,1023,111,383,1.881088018,1.891400000,0.801300000,0.000000000
sample,fixed_single,graph_fixed_diagnostic,1023,1023,111,383,1.641471982,1.651700000,0.042100000,0.000000000
sample,fixed_single,ordinary,1023,1023,112,383,1.888255954,1.903700000,0.732300000,0.000000000
sample,fixed_single,graph,1023,1023,112,383,1.654783964,1.664100000,0.058100000,0.011200000
sample,fixed_single,graph_fixed_diagnostic,1023,1023,112,383,1.640447974,1.649200000,0.039500000,0.000000000
sample,fixed_single,graph,1023,1023,113,383,1.647519946,1.655600000,0.047200000,0.007000000
sample,fixed_single,ordinary,1023,1023,113,383,1.839104056,1.848200000,1.212800000,0.000000000
sample,fixed_single,graph_fixed_diagnostic,1023,1023,113,383,1.641471982,1.649800000,0.039900000,0.000000000
sample,fixed_single,ordinary,1023,1023,114,383,1.837056041,1.845100000,1.212600000,0.000000000
sample,fixed_single,graph,1023,1023,114,383,1.648640037,1.657700000,0.049100000,0.007600000
sample,fixed_single,graph_fixed_diagnostic,1023,1023,114,383,1.640447974,1.650100000,0.038000000,0.000000000
sample,fixed_single,graph,1023,1023,115,383,1.675264001,1.695000000,0.084300000,0.017500000
sample,fixed_single,ordinary,1023,1023,115,383,1.933312058,1.953500000,1.214700000,0.000000000
sample,fixed_single,graph_fixed_diagnostic,1023,1023,115,383,1.649664044,1.660600000,0.059800000,0.000000000
sample,fixed_single,ordinary,1023,1023,116,383,1.888255954,1.898700000,1.280600000,0.000000000
sample,fixed_single,graph,1023,1023,116,383,1.664000034,1.673300000,0.069100000,0.018800000
sample,fixed_single,graph_fixed_diagnostic,1023,1023,116,383,1.640447974,1.650200000,0.044000000,0.000000000
sample,fixed_single,graph,1023,1023,117,383,1.647616029,1.657700000,0.048700000,0.007100000
sample,fixed_single,ordinary,1023,1023,117,383,1.885184050,1.894500000,0.997500000,0.000000000
sample,fixed_single,graph_fixed_diagnostic,1023,1023,117,383,1.640447974,1.650200000,0.045000000,0.000000000
sample,fixed_single,ordinary,1023,1023,118,383,1.891327977,1.906600000,0.874100000,0.000000000
sample,fixed_single,graph,1023,1023,118,383,1.655807972,1.665400000,0.057800000,0.011900000
sample,fixed_single,graph_fixed_diagnostic,1023,1023,118,383,1.639423966,1.649200000,0.052200000,0.000000000
sample,fixed_single,graph,1023,1023,119,383,1.649664044,1.659800000,0.052200000,0.007200000
sample,fixed_single,ordinary,1023,1023,119,383,1.882112026,1.892400000,0.926700000,0.000000000
sample,fixed_single,graph_fixed_diagnostic,1023,1023,119,383,1.640447974,1.650300000,0.043200000,0.000000000
sample,fixed_single,ordinary,1023,1023,120,383,1.884160042,1.894000000,0.876700000,0.000000000
sample,fixed_single,graph,1023,1023,120,383,1.647616029,1.657900000,0.051700000,0.007600000
sample,fixed_single,graph_fixed_diagnostic,1023,1023,120,383,1.640447974,1.649400000,0.042900000,0.000000000
sample,fixed_single,graph,1023,1023,121,383,1.661952019,1.679900000,0.068500000,0.009900000
sample,fixed_single,ordinary,1023,1023,121,383,1.889279962,1.906700000,0.768700000,0.000000000
sample,fixed_single,graph_fixed_diagnostic,1023,1023,121,383,1.646592021,1.658900000,0.070300000,0.000000000
sample,fixed_single,ordinary,1023,1023,122,383,1.839104056,1.846900000,1.213400000,0.000000000
sample,fixed_single,graph,1023,1023,122,383,1.653663993,1.661400000,0.071500000,0.011400000
sample,fixed_single,graph_fixed_diagnostic,1023,1023,122,383,1.638399959,1.647200000,0.039400000,0.000000000
sample,fixed_single,graph,1023,1023,123,383,1.648447990,1.657100000,0.046500000,0.007400000
sample,fixed_single,ordinary,1023,1023,123,383,1.857439995,1.865200000,1.227700000,0.000000000
sample,fixed_single,graph_fixed_diagnostic,1023,1023,123,383,1.639359951,1.647400000,0.041000000,0.000000000
sample,fixed_single,ordinary,1023,1023,124,383,1.869824052,1.879500000,1.477200000,0.000000000
sample,fixed_single,graph,1023,1023,124,383,1.664000034,1.677100000,0.083200000,0.016400000
sample,fixed_single,graph_fixed_diagnostic,1023,1023,124,383,1.647616029,1.665400000,0.048000000,0.000000000
sample,fixed_single,graph,1023,1023,125,383,1.654783964,1.664600000,0.057700000,0.012100000
sample,fixed_single,ordinary,1023,1023,125,383,1.891327977,1.902100000,1.004800000,0.000000000
sample,fixed_single,graph_fixed_diagnostic,1023,1023,125,383,1.641471982,1.651400000,0.047000000,0.000000000
sample,fixed_single,ordinary,1023,1023,126,383,1.890303969,1.900700000,0.897500000,0.000000000
sample,fixed_single,graph,1023,1023,126,383,1.648640037,1.659000000,0.055100000,0.008500000
sample,fixed_single,graph_fixed_diagnostic,1023,1023,126,383,1.640447974,1.649600000,0.043300000,0.000000000
sample,fixed_single,graph,1023,1023,127,383,1.647616029,1.655600000,0.046900000,0.007300000
sample,fixed_single,ordinary,1023,1023,127,383,1.952767968,1.969300000,1.112600000,0.000000000
sample,fixed_single,graph_fixed_diagnostic,1023,1023,127,383,1.644544005,1.653600000,0.050700000,0.000000000
sample,fixed_single,ordinary,1023,1023,128,383,1.843199968,1.850500000,1.094300000,0.000000000
sample,fixed_single,graph,1023,1023,128,383,1.659872055,1.669000000,0.055200000,0.011900000
sample,fixed_single,graph_fixed_diagnostic,1023,1023,128,383,1.643519998,1.656500000,0.063500000,0.000000000
sample,fixed_single,graph,1023,1023,129,383,1.660928011,1.671500000,0.063700000,0.012000000
sample,fixed_single,ordinary,1023,1023,129,383,1.889279962,1.899300000,0.983300000,0.000000000
sample,fixed_single,graph_fixed_diagnostic,1023,1023,129,383,1.643519998,1.653400000,0.054100000,0.000000000
sample,fixed_single,ordinary,1023,1023,130,383,2.233344078,2.244700000,1.056700000,0.000000000
sample,fixed_single,graph,1023,1023,130,383,1.662976027,1.675100000,0.075100000,0.015600000
sample,fixed_single,graph_fixed_diagnostic,1023,1023,130,383,1.641471982,1.651500000,0.049600000,0.000000000
sample,fixed_single,graph,1023,1023,131,383,1.650688052,1.658400000,0.047600000,0.007900000
sample,fixed_single,ordinary,1023,1023,131,383,1.858559966,1.866400000,1.229400000,0.000000000
sample,fixed_single,graph_fixed_diagnostic,1023,1023,131,383,1.639423966,1.648200000,0.042200000,0.000000000
sample,fixed_single,ordinary,1023,1023,132,383,1.859583974,1.868000000,1.262400000,0.000000000
sample,fixed_single,graph,1023,1023,132,383,1.647616029,1.656000000,0.049300000,0.007600000
sample,fixed_single,graph_fixed_diagnostic,1023,1023,132,383,1.639423966,1.648100000,0.038800000,0.000000000
sample,fixed_single,graph,1023,1023,133,383,1.672191978,1.688800000,0.081400000,0.020300000
sample,fixed_single,ordinary,1023,1023,133,383,1.849344015,1.865800000,1.240900000,0.000000000
sample,fixed_single,graph_fixed_diagnostic,1023,1023,133,383,1.646592021,1.657400000,0.053700000,0.000000000
sample,fixed_single,ordinary,1023,1023,134,383,1.902591944,1.912100000,0.914900000,0.000000000
sample,fixed_single,graph,1023,1023,134,383,1.653759956,1.663600000,0.081100000,0.011900000
sample,fixed_single,graph_fixed_diagnostic,1023,1023,134,383,1.638399959,1.647600000,0.042800000,0.000000000
sample,fixed_single,graph,1023,1023,135,383,1.647616029,1.657500000,0.049100000,0.007200000
sample,fixed_single,ordinary,1023,1023,135,383,1.866752028,1.876500000,0.873900000,0.000000000
sample,fixed_single,graph_fixed_diagnostic,1023,1023,135,383,1.642431974,1.651900000,0.040000000,0.000000000
sample,fixed_single,ordinary,1023,1023,136,383,1.955839992,1.973200000,1.190500000,0.000000000
sample,fixed_single,graph,1023,1023,136,383,1.655807972,1.665700000,0.063300000,0.012000000
sample,fixed_single,graph_fixed_diagnostic,1023,1023,136,383,1.639423966,1.650300000,0.043400000,0.000000000
sample,fixed_single,graph,1023,1023,137,383,1.651711941,1.661200000,0.056100000,0.008700000
sample,fixed_single,ordinary,1023,1023,137,383,1.881088018,1.890800000,1.010700000,0.000000000
sample,fixed_single,graph_fixed_diagnostic,1023,1023,137,383,1.642495990,1.652000000,0.043600000,0.000000000
sample,fixed_single,ordinary,1023,1023,138,383,1.945600033,1.954800000,0.870700000,0.000000000
sample,fixed_single,graph,1023,1023,138,383,1.648447990,1.656900000,0.049200000,0.007400000
sample,fixed_single,graph_fixed_diagnostic,1023,1023,138,383,1.641471982,1.650300000,0.038400000,0.000000000
sample,fixed_single,graph,1023,1023,139,383,1.658879995,1.669100000,0.065000000,0.012400000
sample,fixed_single,ordinary,1023,1023,139,383,1.860607982,1.869100000,1.243100000,0.000000000
sample,fixed_single,graph_fixed_diagnostic,1023,1023,139,383,1.641280055,1.649100000,0.042700000,0.000000000
sample,fixed_single,ordinary,1023,1023,140,383,1.837056041,1.845600000,1.221300000,0.000000000
sample,fixed_single,graph,1023,1023,140,383,1.648640037,1.657200000,0.049300000,0.007900000
sample,fixed_single,graph_fixed_diagnostic,1023,1023,140,383,1.639423966,1.648200000,0.039100000,0.000000000
sample,fixed_single,graph,1023,1023,141,383,1.645568013,1.654100000,0.047400000,0.006900000
sample,fixed_single,ordinary,1023,1023,141,383,1.836032033,1.847400000,1.222300000,0.000000000
sample,fixed_single,graph_fixed_diagnostic,1023,1023,141,383,1.639359951,1.647200000,0.039800000,0.000000000
sample,fixed_single,ordinary,1023,1023,142,383,1.873792052,1.881400000,1.497200000,0.000000000
sample,fixed_single,graph,1023,1023,142,383,1.679360032,1.697000000,0.087900000,0.016100000
sample,fixed_single,graph_fixed_diagnostic,1023,1023,142,383,1.682432055,1.719100000,0.299800000,0.000000000
sample,fixed_single,graph,1023,1023,143,383,1.651711941,1.660300000,0.074700000,0.010400000
sample,fixed_single,ordinary,1023,1023,143,383,1.851232052,1.858200000,1.099900000,0.000000000
sample,fixed_single,graph_fixed_diagnostic,1023,1023,143,383,1.642495990,1.651200000,0.041500000,0.000000000
sample,fixed_single,ordinary,1023,1023,144,383,1.887231946,1.896300000,0.818100000,0.000000000
sample,fixed_single,graph,1023,1023,144,383,1.649664044,1.659300000,0.051800000,0.007500000
sample,fixed_single,graph_fixed_diagnostic,1023,1023,144,383,1.642495990,1.651700000,0.042700000,0.000000000
sample,fixed_single,graph,1023,1023,145,383,1.649664044,1.658900000,0.049000000,0.007200000
sample,fixed_single,ordinary,1023,1023,145,383,1.890303969,1.904100000,0.900000000,0.000000000
sample,fixed_single,graph_fixed_diagnostic,1023,1023,145,383,1.642495990,1.651600000,0.043300000,0.000000000
sample,fixed_single,ordinary,1023,1023,146,383,1.840127945,1.848100000,1.222000000,0.000000000
sample,fixed_single,graph,1023,1023,146,383,1.649664044,1.658700000,0.070000000,0.008600000
sample,fixed_single,graph_fixed_diagnostic,1023,1023,146,383,1.642464042,1.650700000,0.039000000,0.000000000
sample,fixed_single,graph,1023,1023,147,383,1.648576021,1.656700000,0.047500000,0.007100000
sample,fixed_single,ordinary,1023,1023,147,383,1.838080049,1.846900000,1.219400000,0.000000000
sample,fixed_single,graph_fixed_diagnostic,1023,1023,147,383,1.640447974,1.648700000,0.040600000,0.000000000
sample,fixed_single,ordinary,1023,1023,148,383,1.857535958,1.869400000,1.126400000,0.000000000
sample,fixed_single,graph,1023,1023,148,383,1.655807972,1.663900000,0.055300000,0.008300000
sample,fixed_single,graph_fixed_diagnostic,1023,1023,148,383,1.641471982,1.650500000,0.039600000,0.000000000
sample,fixed_single,graph,1023,1023,149,383,1.648640037,1.656800000,0.047500000,0.007200000
sample,fixed_single,ordinary,1023,1023,149,383,1.832960010,1.841500000,1.220200000,0.000000000
sample,fixed_single,graph_fixed_diagnostic,1023,1023,149,383,1.638399959,1.647600000,0.039000000,0.000000000
sample,fixed_single,ordinary,1023,1023,150,383,1.870847940,1.879100000,1.111600000,0.000000000
sample,fixed_single,graph,1023,1023,150,383,1.648640037,1.657200000,0.049200000,0.007300000
sample,fixed_single,graph_fixed_diagnostic,1023,1023,150,383,1.638335943,1.647000000,0.039000000,0.000000000
sample,fixed_single,graph,1023,1023,151,383,1.646592021,1.655400000,0.045500000,0.007000000
sample,fixed_single,ordinary,1023,1023,151,383,2.889728069,2.906500000,2.483700000,0.000000000
sample,fixed_single,graph_fixed_diagnostic,1023,1023,151,383,1.642464042,1.650000000,0.043200000,0.000000000
sample,fixed_single,ordinary,1023,1023,152,383,1.898496032,1.907800000,0.949500000,0.000000000
sample,fixed_single,graph,1023,1023,152,383,1.655807972,1.666500000,0.057600000,0.013200000
sample,fixed_single,graph_fixed_diagnostic,1023,1023,152,383,1.637375951,1.648000000,0.042500000,0.000000000
sample,fixed_single,graph,1023,1023,153,383,1.649664044,1.659000000,0.049600000,0.007100000
sample,fixed_single,ordinary,1023,1023,153,383,1.880064011,1.888400000,1.121600000,0.000000000
sample,fixed_single,graph_fixed_diagnostic,1023,1023,153,383,1.641471982,1.650200000,0.041000000,0.000000000
sample,fixed_single,ordinary,1023,1023,154,383,1.846207976,1.859500000,1.238400000,0.000000000
sample,fixed_single,graph,1023,1023,154,383,1.652735949,1.661100000,0.051700000,0.009700000
sample,fixed_single,graph_fixed_diagnostic,1023,1023,154,383,1.639423966,1.648600000,0.039400000,0.000000000
sample,fixed_single,graph,1023,1023,155,383,1.649503946,1.657600000,0.047500000,0.007200000
sample,fixed_single,ordinary,1023,1023,155,383,1.841151953,1.849400000,1.221200000,0.000000000
sample,fixed_single,graph_fixed_diagnostic,1023,1023,155,383,1.640447974,1.648700000,0.039500000,0.000000000
sample,fixed_single,ordinary,1023,1023,156,383,1.839104056,1.847600000,1.220900000,0.000000000
sample,fixed_single,graph,1023,1023,156,383,1.652544022,1.660300000,0.049400000,0.007400000
sample,fixed_single,graph_fixed_diagnostic,1023,1023,156,383,1.639423966,1.648600000,0.038500000,0.000000000
sample,fixed_single,graph,1023,1023,157,383,1.647616029,1.656200000,0.045200000,0.007100000
sample,fixed_single,ordinary,1023,1023,157,383,1.863680005,1.881900000,1.261800000,0.000000000
sample,fixed_single,graph_fixed_diagnostic,1023,1023,157,383,1.643519998,1.651700000,0.052100000,0.000000000
sample,fixed_single,ordinary,1023,1023,158,383,1.859583974,1.867300000,1.240400000,0.000000000
sample,fixed_single,graph,1023,1023,158,383,1.651711941,1.659400000,0.070300000,0.009200000
sample,fixed_single,graph_fixed_diagnostic,1023,1023,158,383,1.638399959,1.647700000,0.039200000,0.000000000
sample,fixed_single,graph,1023,1023,159,383,1.644544005,1.653700000,0.047100000,0.007100000
sample,fixed_single,ordinary,1023,1023,159,383,1.840127945,1.847600000,1.216000000,0.000000000
sample,fixed_single,graph_fixed_diagnostic,1023,1023,159,383,1.639392018,1.648100000,0.040600000,0.000000000
sample,fixed_single,ordinary,1023,1023,160,383,1.875967979,1.883900000,1.366900000,0.000000000
sample,fixed_single,graph,1023,1023,160,383,1.672191978,1.694300000,0.079800000,0.016700000
sample,fixed_single,graph_fixed_diagnostic,1023,1023,160,383,1.762303948,1.842300000,0.431000000,0.000000000
sample,fixed_single,graph,1023,1023,161,383,1.660928011,1.672200000,0.069200000,0.015100000
sample,fixed_single,ordinary,1023,1023,161,383,1.893375993,1.903900000,0.978700000,0.000000000
sample,fixed_single,graph_fixed_diagnostic,1023,1023,161,383,1.639423966,1.649100000,0.044400000,0.000000000
sample,fixed_single,ordinary,1023,1023,162,383,1.908735991,1.918100000,0.902900000,0.000000000
sample,fixed_single,graph,1023,1023,162,383,1.650688052,1.660400000,0.054100000,0.008100000
sample,fixed_single,graph_fixed_diagnostic,1023,1023,162,383,1.640319943,1.648400000,0.039400000,0.000000000
sample,fixed_single,graph,1023,1023,163,383,1.648640037,1.658200000,0.047800000,0.007100000
sample,fixed_single,ordinary,1023,1023,163,383,1.905663967,1.924400000,1.405800000,0.000000000
sample,fixed_single,graph_fixed_diagnostic,1023,1023,163,383,1.645568013,1.655100000,0.054100000,0.000000000
sample,fixed_single,ordinary,1023,1023,164,383,1.900544047,1.910400000,0.914400000,0.000000000
sample,fixed_single,graph,1023,1023,164,383,1.656831980,1.666700000,0.057800000,0.013100000
sample,fixed_single,graph_fixed_diagnostic,1023,1023,164,383,1.640447974,1.652400000,0.046900000,0.000000000
sample,fixed_single,graph,1023,1023,165,383,1.649664044,1.659000000,0.051600000,0.008200000
sample,fixed_single,ordinary,1023,1023,165,383,1.884160042,1.893700000,0.996100000,0.000000000
sample,fixed_single,graph_fixed_diagnostic,1023,1023,165,383,1.641471982,1.651300000,0.045200000,0.000000000
sample,fixed_single,ordinary,1023,1023,166,383,1.856511950,1.864400000,1.264600000,0.000000000
sample,fixed_single,graph,1023,1023,166,383,1.660928011,1.670500000,0.059700000,0.010200000
sample,fixed_single,graph_fixed_diagnostic,1023,1023,166,383,1.639423966,1.648100000,0.039100000,0.000000000
sample,fixed_single,graph,1023,1023,167,383,1.645568013,1.654100000,0.047300000,0.007200000
sample,fixed_single,ordinary,1023,1023,167,383,1.837056041,1.846100000,1.221900000,0.000000000
sample,fixed_single,graph_fixed_diagnostic,1023,1023,167,383,1.639423966,1.648200000,0.039300000,0.000000000
sample,fixed_single,ordinary,1023,1023,168,383,1.836863995,1.844800000,1.221300000,0.000000000
sample,fixed_single,graph,1023,1023,168,383,1.645535946,1.653900000,0.049100000,0.007500000
sample,fixed_single,graph_fixed_diagnostic,1023,1023,168,383,1.640287995,1.648900000,0.039200000,0.000000000
sample,fixed_single,graph,1023,1023,169,383,1.648640037,1.657200000,0.045300000,0.006900000
sample,fixed_single,ordinary,1023,1023,169,383,1.886208057,1.903300000,1.188200000,0.000000000
sample,fixed_single,graph_fixed_diagnostic,1023,1023,169,383,1.644544005,1.653100000,0.046200000,0.000000000
sample,fixed_single,ordinary,1023,1023,170,383,1.875903964,1.885200000,1.144800000,0.000000000
sample,fixed_single,graph,1023,1023,170,383,1.665024042,1.675200000,0.068400000,0.018000000
sample,fixed_single,graph_fixed_diagnostic,1023,1023,170,383,1.642495990,1.654000000,0.051000000,0.000000000
sample,fixed_single,graph,1023,1023,171,383,1.650688052,1.659600000,0.052400000,0.008000000
sample,fixed_single,ordinary,1023,1023,171,383,1.938431978,1.947800000,1.004400000,0.000000000
sample,fixed_single,graph_fixed_diagnostic,1023,1023,171,383,1.640447974,1.650200000,0.046300000,0.000000000
sample,fixed_single,ordinary,1023,1023,172,383,1.885184050,1.893900000,1.251300000,0.000000000
sample,fixed_single,graph,1023,1023,172,383,1.661952019,1.676500000,0.059800000,0.011800000
sample,fixed_single,graph_fixed_diagnostic,1023,1023,172,383,1.644544005,1.656000000,0.044200000,0.000000000
sample,fixed_single,graph,1023,1023,173,383,1.654783964,1.664600000,0.058700000,0.010200000
sample,fixed_single,ordinary,1023,1023,173,383,1.845247984,1.854000000,0.924000000,0.000000000
sample,fixed_single,graph_fixed_diagnostic,1023,1023,173,383,1.640447974,1.648400000,0.040500000,0.000000000
sample,fixed_single,ordinary,1023,1023,174,383,1.852416039,1.860600000,0.929400000,0.000000000
sample,fixed_single,graph,1023,1023,174,383,1.649664044,1.657400000,0.066200000,0.007400000
sample,fixed_single,graph_fixed_diagnostic,1023,1023,174,383,1.640447974,1.649400000,0.040300000,0.000000000
sample,fixed_single,graph,1023,1023,175,383,1.648640037,1.657300000,0.060700000,0.006700000
sample,fixed_single,ordinary,1023,1023,175,383,1.845247984,1.857800000,1.238600000,0.000000000
sample,fixed_single,graph_fixed_diagnostic,1023,1023,175,383,1.640447974,1.648400000,0.043400000,0.000000000
sample,fixed_single,ordinary,1023,1023,176,383,1.858559966,1.866500000,1.248100000,0.000000000
sample,fixed_single,graph,1023,1023,176,383,1.648640037,1.656100000,0.069400000,0.008600000
sample,fixed_single,graph_fixed_diagnostic,1023,1023,176,383,1.639423966,1.648100000,0.039000000,0.000000000
sample,fixed_single,graph,1023,1023,177,383,1.646592021,1.654800000,0.047100000,0.007100000
sample,fixed_single,ordinary,1023,1023,177,383,1.836032033,1.844900000,1.221000000,0.000000000
sample,fixed_single,graph_fixed_diagnostic,1023,1023,177,383,1.641471982,1.650000000,0.039500000,0.000000000
sample,fixed_single,ordinary,1023,1023,178,383,1.902591944,1.911800000,1.182200000,0.000000000
sample,fixed_single,graph,1023,1023,178,383,1.655807972,1.679800000,0.059900000,0.010500000
sample,fixed_single,graph_fixed_diagnostic,1023,1023,178,383,1.767423987,1.851700000,0.507100000,0.000000000
sample,fixed_single,graph,1023,1023,179,383,1.651711941,1.661200000,0.051200000,0.011000000
sample,fixed_single,ordinary,1023,1023,179,383,1.956863999,1.966600000,1.240900000,0.000000000
sample,fixed_single,graph_fixed_diagnostic,1023,1023,179,383,1.642495990,1.653500000,0.045800000,0.000000000
sample,fixed_single,ordinary,1023,1023,180,383,1.890303969,1.899900000,0.892800000,0.000000000
sample,fixed_single,graph,1023,1023,180,383,1.652735949,1.662100000,0.074100000,0.008800000
sample,fixed_single,graph_fixed_diagnostic,1023,1023,180,383,1.641471982,1.650600000,0.043600000,0.000000000
sample,fixed_single,graph,1023,1023,181,383,1.647616029,1.656500000,0.048300000,0.007500000
sample,fixed_single,ordinary,1023,1023,181,383,1.845247984,1.858100000,1.229100000,0.000000000
sample,fixed_single,graph_fixed_diagnostic,1023,1023,181,383,1.644544005,1.653600000,0.043000000,0.000000000
sample,fixed_single,ordinary,1023,1023,182,383,1.855487943,1.863600000,1.241100000,0.000000000
sample,fixed_single,graph,1023,1023,182,383,1.649664044,1.658300000,0.074400000,0.008900000
sample,fixed_single,graph_fixed_diagnostic,1023,1023,182,383,1.639423966,1.647700000,0.039300000,0.000000000
sample,fixed_single,graph,1023,1023,183,383,1.649664044,1.657300000,0.047300000,0.007100000
sample,fixed_single,ordinary,1023,1023,183,383,1.837056041,1.846400000,1.223700000,0.000000000
sample,fixed_single,graph_fixed_diagnostic,1023,1023,183,383,1.642495990,1.650200000,0.039900000,0.000000000
sample,fixed_single,ordinary,1023,1023,184,383,1.976320028,1.985500000,0.986800000,0.000000000
sample,fixed_single,graph,1023,1023,184,383,1.658879995,1.675200000,0.063400000,0.012500000
sample,fixed_single,graph_fixed_diagnostic,1023,1023,184,383,1.640447974,1.649800000,0.047000000,0.000000000
sample,fixed_single,graph,1023,1023,185,383,1.647616029,1.655400000,0.046300000,0.007600000
sample,fixed_single,ordinary,1023,1023,185,383,1.844223976,1.852400000,1.437400000,0.000000000
sample,fixed_single,graph_fixed_diagnostic,1023,1023,185,383,1.641312003,1.649500000,0.043000000,0.000000000
sample,fixed_single,ordinary,1023,1023,186,383,1.835008025,1.842700000,1.084100000,0.000000000
sample,fixed_single,graph,1023,1023,186,383,1.648640037,1.657800000,0.074100000,0.008100000
sample,fixed_single,graph_fixed_diagnostic,1023,1023,186,383,1.642336011,1.652100000,0.039400000,0.000000000
sample,fixed_single,graph,1023,1023,187,383,1.650688052,1.664200000,0.059100000,0.010000000
sample,fixed_single,ordinary,1023,1023,187,383,1.900544047,1.925200000,1.073700000,0.000000000
sample,fixed_single,graph_fixed_diagnostic,1023,1023,187,383,1.651711941,1.664800000,0.083000000,0.000000000
sample,fixed_single,ordinary,1023,1023,188,383,2.001919985,2.015300000,0.768100000,0.000000000
sample,fixed_single,graph,1023,1023,188,383,1.672191978,1.683200000,0.082700000,0.021700000
sample,fixed_single,graph_fixed_diagnostic,1023,1023,188,383,1.641471982,1.652200000,0.049200000,0.000000000
sample,fixed_single,graph,1023,1023,189,383,1.647616029,1.657900000,0.046700000,0.006700000
sample,fixed_single,ordinary,1023,1023,189,383,1.886208057,1.895700000,0.778100000,0.000000000
sample,fixed_single,graph_fixed_diagnostic,1023,1023,189,383,1.639423966,1.649100000,0.044900000,0.000000000
sample,fixed_single,ordinary,1023,1023,190,383,1.987583995,1.997800000,1.118300000,0.000000000
sample,fixed_single,graph,1023,1023,190,383,1.662976027,1.673700000,0.067500000,0.011000000
sample,fixed_single,graph_fixed_diagnostic,1023,1023,190,383,1.641471982,1.651500000,0.043500000,0.000000000
sample,fixed_single,graph,1023,1023,191,383,1.649664044,1.659500000,0.052500000,0.007200000
sample,fixed_single,ordinary,1023,1023,191,383,1.917951941,1.930500000,0.915800000,0.000000000
sample,fixed_single,graph_fixed_diagnostic,1023,1023,191,383,1.646592021,1.655700000,0.044200000,0.000000000
sample,fixed_single,ordinary,1023,1023,192,383,1.837056041,1.845400000,1.201900000,0.000000000
sample,fixed_single,graph,1023,1023,192,383,1.660928011,1.669300000,0.057200000,0.008800000
sample,fixed_single,graph_fixed_diagnostic,1023,1023,192,383,1.640352011,1.648900000,0.039700000,0.000000000
sample,fixed_single,graph,1023,1023,193,383,1.647616029,1.656300000,0.046000000,0.007200000
sample,fixed_single,ordinary,1023,1023,193,383,1.842175961,1.853500000,1.219000000,0.000000000
sample,fixed_single,graph_fixed_diagnostic,1023,1023,193,383,1.642495990,1.650400000,0.043100000,0.000000000
sample,fixed_single,ordinary,1023,1023,194,383,1.839104056,1.847700000,1.224600000,0.000000000
sample,fixed_single,graph,1023,1023,194,383,1.649664044,1.658400000,0.069500000,0.008600000
sample,fixed_single,graph_fixed_diagnostic,1023,1023,194,383,1.640383959,1.649000000,0.039500000,0.000000000
sample,fixed_single,graph,1023,1023,195,383,1.646592021,1.655100000,0.047300000,0.006900000
sample,fixed_single,ordinary,1023,1023,195,383,1.879008055,1.886800000,1.147500000,0.000000000
sample,fixed_single,graph_fixed_diagnostic,1023,1023,195,383,1.641471982,1.649600000,0.042500000,0.000000000
sample,fixed_single,ordinary,1023,1023,196,383,1.856511950,1.864200000,1.177600000,0.000000000
sample,fixed_single,graph,1023,1023,196,383,1.655807972,1.672900000,0.072800000,0.010300000
sample,fixed_single,graph_fixed_diagnostic,1023,1023,196,383,1.688575983,1.743600000,0.271100000,0.000000000
sample,fixed_single,graph,1023,1023,197,383,1.660928011,1.670300000,0.060300000,0.015500000
sample,fixed_single,ordinary,1023,1023,197,383,1.833984017,1.842400000,1.099100000,0.000000000
sample,fixed_single,graph_fixed_diagnostic,1023,1023,197,383,1.640447974,1.648900000,0.040000000,0.000000000
sample,fixed_single,ordinary,1023,1023,198,383,1.839104056,1.847400000,1.222200000,0.000000000
sample,fixed_single,graph,1023,1023,198,383,1.647616029,1.655100000,0.049500000,0.007700000
sample,fixed_single,graph_fixed_diagnostic,1023,1023,198,383,1.638399959,1.647700000,0.038800000,0.000000000
sample,fixed_single,graph,1023,1023,199,383,1.647616029,1.655900000,0.045200000,0.007000000
sample,fixed_single,ordinary,1023,1023,199,383,1.878015995,1.892000000,1.016700000,0.000000000
sample,fixed_single,graph_fixed_diagnostic,1023,1023,199,383,1.643519998,1.652200000,0.042700000,0.000000000
sample,fixed_single,ordinary,1023,1023,200,383,1.860576034,1.868600000,1.245100000,0.000000000
sample,fixed_single,graph,1023,1023,200,383,1.651711941,1.660000000,0.069600000,0.008800000
sample,fixed_single,graph_fixed_diagnostic,1023,1023,200,383,1.639423966,1.648300000,0.039200000,0.000000000
sample,fixed_single,graph,1023,1023,201,383,1.645568013,1.653800000,0.047600000,0.007000000
sample,fixed_single,ordinary,1023,1023,201,383,1.838080049,1.846700000,1.220000000,0.000000000
sample,fixed_single,graph_fixed_diagnostic,1023,1023,201,383,1.638399959,1.647100000,0.039100000,0.000000000
sample,fixed_single,ordinary,1023,1023,202,383,1.859583974,1.867500000,1.251500000,0.000000000
sample,fixed_single,graph,1023,1023,202,383,1.658784032,1.672000000,0.056600000,0.009600000
sample,fixed_single,graph_fixed_diagnostic,1023,1023,202,383,1.639423966,1.648900000,0.038700000,0.000000000
sample,fixed_single,graph,1023,1023,203,383,1.647519946,1.655100000,0.047300000,0.007400000
sample,fixed_single,ordinary,1023,1023,203,383,1.859583974,1.868500000,1.243700000,0.000000000
sample,fixed_single,graph_fixed_diagnostic,1023,1023,203,383,1.641471982,1.650400000,0.040000000,0.000000000
sample,fixed_single,ordinary,1023,1023,204,383,1.841151953,1.849000000,1.218300000,0.000000000
sample,fixed_single,graph,1023,1023,204,383,1.648640037,1.656800000,0.049100000,0.007400000
sample,fixed_single,graph_fixed_diagnostic,1023,1023,204,383,1.637375951,1.645600000,0.039400000,0.000000000
sample,fixed_single,graph,1023,1023,205,383,1.648447990,1.656800000,0.045700000,0.007100000
sample,fixed_single,ordinary,1023,1023,205,383,1.935359955,1.954200000,1.391500000,0.000000000
sample,fixed_single,graph_fixed_diagnostic,1023,1023,205,383,1.686400056,1.713300000,0.289600000,0.000000000
sample,fixed_single,ordinary,1023,1023,206,383,1.883136034,1.891900000,1.499700000,0.000000000
sample,fixed_single,graph,1023,1023,206,383,1.655807972,1.664500000,0.054100000,0.011600000
sample,fixed_single,graph_fixed_diagnostic,1023,1023,206,383,1.639423966,1.650100000,0.043500000,0.000000000
sample,fixed_single,graph,1023,1023,207,383,1.647616029,1.657100000,0.049300000,0.007600000
sample,fixed_single,ordinary,1023,1023,207,383,1.948672056,1.958500000,1.195100000,0.000000000
sample,fixed_single,graph_fixed_diagnostic,1023,1023,207,383,1.641471982,1.650600000,0.043600000,0.000000000
sample,fixed_single,ordinary,1023,1023,208,383,1.854464054,1.863300000,1.248900000,0.000000000
sample,fixed_single,graph,1023,1023,208,383,1.661792040,1.677900000,0.059900000,0.011300000
sample,fixed_single,graph_fixed_diagnostic,1023,1023,208,383,1.643488050,1.654800000,0.048100000,0.000000000
sample,fixed_single,graph,1023,1023,209,383,1.659872055,1.671100000,0.064500000,0.013100000
sample,fixed_single,ordinary,1023,1023,209,383,1.942528009,1.952600000,0.976800000,0.000000000
sample,fixed_single,graph_fixed_diagnostic,1023,1023,209,383,1.641471982,1.651900000,0.045600000,0.000000000
sample,fixed_single,ordinary,1023,1023,210,383,1.891327977,1.901200000,0.997200000,0.000000000
sample,fixed_single,graph,1023,1023,210,383,1.649664044,1.660000000,0.076100000,0.008300000
sample,fixed_single,graph_fixed_diagnostic,1023,1023,210,383,1.645568013,1.659800000,0.047600000,0.000000000
sample,fixed_single,graph,1023,1023,211,383,1.651711941,1.660800000,0.054200000,0.009100000
sample,fixed_single,ordinary,1023,1023,211,383,1.908735991,1.916600000,1.056800000,0.000000000
sample,fixed_single,graph_fixed_diagnostic,1023,1023,211,383,1.638399959,1.647300000,0.041800000,0.000000000
sample,fixed_single,ordinary,1023,1023,212,383,1.843199968,1.851800000,1.238200000,0.000000000
sample,fixed_single,graph,1023,1023,212,383,1.647616029,1.656000000,0.048700000,0.008000000
sample,fixed_single,graph_fixed_diagnostic,1023,1023,212,383,1.639423966,1.648100000,0.039200000,0.000000000
sample,fixed_single,graph,1023,1023,213,383,1.646592021,1.655400000,0.047300000,0.007000000
sample,fixed_single,ordinary,1023,1023,213,383,1.840127945,1.850000000,1.205200000,0.000000000
sample,fixed_single,graph_fixed_diagnostic,1023,1023,213,383,1.643519998,1.652500000,0.042300000,0.000000000
sample,fixed_single,ordinary,1023,1023,214,383,1.915904045,1.925500000,1.169200000,0.000000000
sample,fixed_single,graph,1023,1023,214,383,1.672191978,1.689100000,0.089600000,0.019900000
sample,fixed_single,graph_fixed_diagnostic,1023,1023,214,383,1.645568013,1.662500000,0.048200000,0.000000000
sample,fixed_single,graph,1023,1023,215,383,1.658879995,1.670800000,0.069100000,0.014700000
sample,fixed_single,ordinary,1023,1023,215,383,1.942528009,1.952900000,0.901500000,0.000000000
sample,fixed_single,graph_fixed_diagnostic,1023,1023,215,383,1.640447974,1.651100000,0.043700000,0.000000000
sample,fixed_single,ordinary,1023,1023,216,383,1.904639959,1.914400000,1.173700000,0.000000000
sample,fixed_single,graph,1023,1023,216,383,1.647616029,1.657100000,0.055000000,0.008100000
sample,fixed_single,graph_fixed_diagnostic,1023,1023,216,383,1.642495990,1.652400000,0.043500000,0.000000000
sample,fixed_single,graph,1023,1023,217,383,1.649664044,1.660700000,0.051100000,0.007100000
sample,fixed_single,ordinary,1023,1023,217,383,1.891327977,1.910700000,0.941600000,0.000000000
sample,fixed_single,graph_fixed_diagnostic,1023,1023,217,383,1.645568013,1.654900000,0.048000000,0.000000000
sample,fixed_single,ordinary,1023,1023,218,383,1.839104056,1.848900000,1.206200000,0.000000000
sample,fixed_single,graph,1023,1023,218,383,1.651711941,1.661100000,0.052700000,0.011400000
sample,fixed_single,graph_fixed_diagnostic,1023,1023,218,383,1.641471982,1.650600000,0.043500000,0.000000000
sample,fixed_single,graph,1023,1023,219,383,1.645568013,1.656000000,0.049000000,0.007400000
sample,fixed_single,ordinary,1023,1023,219,383,1.908735991,1.919000000,0.782300000,0.000000000
sample,fixed_single,graph_fixed_diagnostic,1023,1023,219,383,1.643519998,1.654000000,0.044700000,0.000000000
sample,fixed_single,ordinary,1023,1023,220,383,2.106368065,2.116200000,1.171200000,0.000000000
sample,fixed_single,graph,1023,1023,220,383,1.658879995,1.670700000,0.064900000,0.011700000
sample,fixed_single,graph_fixed_diagnostic,1023,1023,220,383,1.641471982,1.654700000,0.040500000,0.000000000
sample,fixed_single,graph,1023,1023,221,383,1.647583961,1.656000000,0.049200000,0.008200000
sample,fixed_single,ordinary,1023,1023,221,383,1.855487943,1.864200000,1.244600000,0.000000000
sample,fixed_single,graph_fixed_diagnostic,1023,1023,221,383,1.638399959,1.647000000,0.039300000,0.000000000
sample,fixed_single,ordinary,1023,1023,222,383,1.838080049,1.846100000,1.222600000,0.000000000
sample,fixed_single,graph,1023,1023,222,383,1.647616029,1.656000000,0.047700000,0.007500000
sample,fixed_single,graph_fixed_diagnostic,1023,1023,222,383,1.640447974,1.648700000,0.038700000,0.000000000
sample,fixed_single,graph,1023,1023,223,383,1.646592021,1.656800000,0.045400000,0.007000000
sample,fixed_single,ordinary,1023,1023,223,383,1.905408025,1.925200000,1.528400000,0.000000000
sample,fixed_single,graph_fixed_diagnostic,1023,1023,223,383,1.651711941,1.662200000,0.084400000,0.000000000
sample,fixed_single,ordinary,1023,1023,224,383,1.896448016,1.906300000,0.858100000,0.000000000
sample,fixed_single,graph,1023,1023,224,383,1.673215985,1.683500000,0.077600000,0.026100000
sample,fixed_single,graph_fixed_diagnostic,1023,1023,224,383,1.639423966,1.650100000,0.044200000,0.000000000
sample,fixed_single,graph,1023,1023,225,383,1.647616029,1.658400000,0.051000000,0.007800000
sample,fixed_single,ordinary,1023,1023,225,383,1.884160042,1.894400000,0.889400000,0.000000000
sample,fixed_single,graph_fixed_diagnostic,1023,1023,225,383,1.641471982,1.651300000,0.043600000,0.000000000
sample,fixed_single,ordinary,1023,1023,226,383,1.882112026,1.892100000,0.876100000,0.000000000
sample,fixed_single,graph,1023,1023,226,383,1.648640037,1.657800000,0.051200000,0.007400000
sample,fixed_single,graph_fixed_diagnostic,1023,1023,226,383,1.639423966,1.650500000,0.042200000,0.000000000
sample,fixed_single,graph,1023,1023,227,383,1.683455944,1.705200000,0.098500000,0.024400000
sample,fixed_single,ordinary,1023,1023,227,383,1.884160042,1.900200000,1.263700000,0.000000000
sample,fixed_single,graph_fixed_diagnostic,1023,1023,227,383,1.641471982,1.651000000,0.051300000,0.000000000
sample,fixed_single,ordinary,1023,1023,228,383,1.902591944,1.911200000,1.275600000,0.000000000
sample,fixed_single,graph,1023,1023,228,383,1.651711941,1.662100000,0.055800000,0.012300000
sample,fixed_single,graph_fixed_diagnostic,1023,1023,228,383,1.641471982,1.651500000,0.042200000,0.000000000
sample,fixed_single,graph,1023,1023,229,383,1.648640037,1.658100000,0.052400000,0.007200000
sample,fixed_single,ordinary,1023,1023,229,383,1.898496032,1.908300000,1.155000000,0.000000000
sample,fixed_single,graph_fixed_diagnostic,1023,1023,229,383,1.641471982,1.651400000,0.043200000,0.000000000
sample,fixed_single,ordinary,1023,1023,230,383,1.886208057,1.900700000,0.692800000,0.000000000
sample,fixed_single,graph,1023,1023,230,383,1.653695941,1.665600000,0.056500000,0.010500000
sample,fixed_single,graph_fixed_diagnostic,1023,1023,230,383,1.641471982,1.652000000,0.043800000,0.000000000
sample,fixed_single,graph,1023,1023,231,383,1.647616029,1.657100000,0.052000000,0.007700000
sample,fixed_single,ordinary,1023,1023,231,383,1.912832022,1.922400000,0.914900000,0.000000000
sample,fixed_single,graph_fixed_diagnostic,1023,1023,231,383,1.640447974,1.650400000,0.043500000,0.000000000
sample,fixed_single,ordinary,1023,1023,232,383,1.884160042,1.894900000,1.004900000,0.000000000
sample,fixed_single,graph,1023,1023,232,383,1.650688052,1.660400000,0.051500000,0.007600000
sample,fixed_single,graph_fixed_diagnostic,1023,1023,232,383,1.641471982,1.651200000,0.042100000,0.000000000
sample,fixed_single,graph,1023,1023,233,383,1.661952019,1.678000000,0.062800000,0.010500000
sample,fixed_single,ordinary,1023,1023,233,383,1.886208057,1.896400000,0.796200000,0.000000000
sample,fixed_single,graph_fixed_diagnostic,1023,1023,233,383,1.641471982,1.652300000,0.044200000,0.000000000
sample,fixed_single,ordinary,1023,1023,234,383,1.924095988,1.933300000,0.908500000,0.000000000
sample,fixed_single,graph,1023,1023,234,383,1.650688052,1.659100000,0.065700000,0.007900000
sample,fixed_single,graph_fixed_diagnostic,1023,1023,234,383,1.640447974,1.648600000,0.038900000,0.000000000
sample,fixed_single,graph,1023,1023,235,383,1.645568013,1.653500000,0.047200000,0.007000000
sample,fixed_single,ordinary,1023,1023,235,383,1.834848046,1.842900000,1.112400000,0.000000000
sample,fixed_single,graph_fixed_diagnostic,1023,1023,235,383,1.640447974,1.649300000,0.041600000,0.000000000
sample,fixed_single,ordinary,1023,1023,236,383,1.845247984,1.858600000,1.249900000,0.000000000
sample,fixed_single,graph,1023,1023,236,383,1.650688052,1.659100000,0.050900000,0.009400000
sample,fixed_single,graph_fixed_diagnostic,1023,1023,236,383,1.640447974,1.648400000,0.038900000,0.000000000
sample,fixed_single,graph,1023,1023,237,383,1.646592021,1.655200000,0.047100000,0.007000000
sample,fixed_single,ordinary,1023,1023,237,383,1.839104056,1.847900000,1.190300000,0.000000000
sample,fixed_single,graph_fixed_diagnostic,1023,1023,237,383,1.640447974,1.649300000,0.038800000,0.000000000
sample,fixed_single,ordinary,1023,1023,238,383,1.836032033,1.844800000,1.119300000,0.000000000
sample,fixed_single,graph,1023,1023,238,383,1.647616029,1.656900000,0.046200000,0.007100000
sample,fixed_single,graph_fixed_diagnostic,1023,1023,238,383,1.638399959,1.647600000,0.037900000,0.000000000
sample,fixed_single,graph,1023,1023,239,383,1.673215985,1.697600000,0.101300000,0.023500000
sample,fixed_single,ordinary,1023,1023,239,383,3.116031885,3.132100000,2.484900000,0.000000000
sample,fixed_single,graph_fixed_diagnostic,1023,1023,239,383,1.646592021,1.655900000,0.051100000,0.000000000
sample,fixed_single,ordinary,1023,1023,240,383,1.861631989,1.876000000,1.331000000,0.000000000
sample,fixed_single,graph,1023,1023,240,383,1.673215985,1.682500000,0.081100000,0.024300000
sample,fixed_single,graph_fixed_diagnostic,1023,1023,240,383,1.641471982,1.652100000,0.043900000,0.000000000
sample,fixed_single,graph,1023,1023,241,383,1.649664044,1.660800000,0.053800000,0.008000000
sample,fixed_single,ordinary,1023,1023,241,383,1.884160042,1.893700000,1.012800000,0.000000000
sample,fixed_single,graph_fixed_diagnostic,1023,1023,241,383,1.641471982,1.651700000,0.045200000,0.000000000
sample,fixed_single,ordinary,1023,1023,242,383,1.896448016,1.909800000,1.288600000,0.000000000
sample,fixed_single,graph,1023,1023,242,383,1.659904003,1.669300000,0.067400000,0.012300000
sample,fixed_single,graph_fixed_diagnostic,1023,1023,242,383,1.641471982,1.650900000,0.044700000,0.000000000
sample,fixed_single,graph,1023,1023,243,383,1.647616029,1.658500000,0.051800000,0.007100000
sample,fixed_single,ordinary,1023,1023,243,383,1.883136034,1.893500000,0.883300000,0.000000000
sample,fixed_single,graph_fixed_diagnostic,1023,1023,243,383,1.639423966,1.650200000,0.043200000,0.000000000
sample,fixed_single,ordinary,1023,1023,244,383,1.883136034,1.892600000,0.869700000,0.000000000
sample,fixed_single,graph,1023,1023,244,383,1.648640037,1.657400000,0.071100000,0.007500000
sample,fixed_single,graph_fixed_diagnostic,1023,1023,244,383,1.638399959,1.646700000,0.045200000,0.000000000
sample,fixed_single,graph,1023,1023,245,383,1.657855988,1.671000000,0.057900000,0.009700000
sample,fixed_single,ordinary,1023,1023,245,383,1.871871948,1.880600000,1.025100000,0.000000000
sample,fixed_single,graph_fixed_diagnostic,1023,1023,245,383,1.644479990,1.652300000,0.040500000,0.000000000
sample,fixed_single,ordinary,1023,1023,246,383,1.860607982,1.868300000,1.248900000,0.000000000
sample,fixed_single,graph,1023,1023,246,383,1.648640037,1.656600000,0.065800000,0.007900000
sample,fixed_single,graph_fixed_diagnostic,1023,1023,246,383,1.637375951,1.645800000,0.039200000,0.000000000
sample,fixed_single,graph,1023,1023,247,383,1.649503946,1.660300000,0.066800000,0.007100000
sample,fixed_single,ordinary,1023,1023,247,383,1.839167953,1.848200000,1.232400000,0.000000000
sample,fixed_single,graph_fixed_diagnostic,1023,1023,247,383,1.639423966,1.649400000,0.041200000,0.000000000
sample,fixed_single,ordinary,1023,1023,248,383,2.561023951,2.581100000,1.130600000,0.000000000
sample,fixed_single,graph,1023,1023,248,383,1.688575983,1.717800000,0.086000000,0.034400000
sample,fixed_single,graph_fixed_diagnostic,1023,1023,248,383,1.641471982,1.648800000,0.040000000,0.000000000
sample,fixed_single,graph,1023,1023,249,383,1.650400043,1.657400000,0.068200000,0.007600000
sample,fixed_single,ordinary,1023,1023,249,383,1.898496032,1.907600000,1.047700000,0.000000000
sample,fixed_single,graph_fixed_diagnostic,1023,1023,249,383,1.640447974,1.649300000,0.042000000,0.000000000
sample,fixed_single,ordinary,1023,1023,250,383,1.837056041,1.846100000,1.225700000,0.000000000
sample,fixed_single,graph,1023,1023,250,383,1.647616029,1.656800000,0.068200000,0.007700000
sample,fixed_single,graph_fixed_diagnostic,1023,1023,250,383,1.640447974,1.648900000,0.038400000,0.000000000
sample,fixed_single,graph,1023,1023,251,383,1.656831980,1.670800000,0.056100000,0.010000000
sample,fixed_single,ordinary,1023,1023,251,383,1.856511950,1.864400000,1.252500000,0.000000000
sample,fixed_single,graph_fixed_diagnostic,1023,1023,251,383,1.640447974,1.648400000,0.040100000,0.000000000
sample,fixed_single,ordinary,1023,1023,252,383,1.837056041,1.845000000,1.224600000,0.000000000
sample,fixed_single,graph,1023,1023,252,383,1.647616029,1.655700000,0.049500000,0.007600000
sample,fixed_single,graph_fixed_diagnostic,1023,1023,252,383,1.641471982,1.649900000,0.042700000,0.000000000
sample,fixed_single,graph,1023,1023,253,383,1.648640037,1.656900000,0.047600000,0.007100000
sample,fixed_single,ordinary,1023,1023,253,383,1.859583974,1.867600000,1.242600000,0.000000000
sample,fixed_single,graph_fixed_diagnostic,1023,1023,253,383,1.640383959,1.649000000,0.040600000,0.000000000
sample,fixed_single,ordinary,1023,1023,254,383,1.896448016,1.910600000,0.844500000,0.000000000
sample,fixed_single,graph,1023,1023,254,383,1.651711941,1.661500000,0.057300000,0.009400000
sample,fixed_single,graph_fixed_diagnostic,1023,1023,254,383,1.641471982,1.651000000,0.042700000,0.000000000
sample,fixed_single,graph,1023,1023,255,383,1.646592021,1.656800000,0.050600000,0.007700000
sample,fixed_single,ordinary,1023,1023,255,383,1.883136034,1.891700000,0.777100000,0.000000000
sample,fixed_single,graph_fixed_diagnostic,1023,1023,255,383,1.640447974,1.648900000,0.041100000,0.000000000
sample,fixed_batch16,ordinary,1023,1023,0,383,1.915519953,1.918587500,1.175881250,0.000000000
sample,fixed_batch16,graph,1023,1023,0,383,1.639168024,1.640362500,0.039018750,0.000000000
sample,fixed_batch16,graph,1023,1023,1,383,1.639616013,1.641900000,0.051518750,0.000000000
sample,fixed_batch16,ordinary,1023,1023,1,383,1.874176025,1.876100000,1.071568750,0.000000000
sample,fixed_batch16,ordinary,1023,1023,2,383,1.939571977,1.941081250,1.120143750,0.000000000
sample,fixed_batch16,graph,1023,1023,2,383,1.640256047,1.642856250,0.048562500,0.000000000
sample,fixed_batch16,graph,1023,1023,3,383,1.639104009,1.640925000,0.048412500,0.000000000
sample,fixed_batch16,ordinary,1023,1023,3,383,1.859840035,1.862125000,1.137906250,0.000000000
sample,fixed_batch16,ordinary,1023,1023,4,383,1.981376052,1.982606250,1.269118750,0.000000000
sample,fixed_batch16,graph,1023,1023,4,383,1.639999986,1.641568750,0.046150000,0.000000000
sample,fixed_batch16,graph,1023,1023,5,383,1.642367959,1.646543750,0.153550000,0.000000000
sample,fixed_batch16,ordinary,1023,1023,5,383,1.923264027,1.925962500,1.084968750,0.000000000
sample,fixed_batch16,ordinary,1023,1023,6,383,1.947263956,1.949975000,1.264200000,0.000000000
sample,fixed_batch16,graph,1023,1023,6,383,1.640511990,1.643468750,0.050681250,0.000000000
sample,fixed_batch16,graph,1023,1023,7,383,1.638080001,1.639706250,0.039918750,0.000000000
sample,fixed_batch16,ordinary,1023,1023,7,383,1.968320012,1.970781250,1.175906250,0.000000000
sample,fixed_batch16,ordinary,1023,1023,8,383,1.967360020,1.968968750,1.130787500,0.000000000
sample,fixed_batch16,graph,1023,1023,8,383,1.640959978,1.642281250,0.049487500,0.000000000
sample,fixed_batch16,graph,1023,1023,9,383,1.637248039,1.638512500,0.037925000,0.000000000
sample,fixed_batch16,ordinary,1023,1023,9,383,1.917119980,1.918762500,1.138337500,0.000000000
sample,fixed_batch16,ordinary,1023,1023,10,383,1.858752012,1.860543750,1.033287500,0.000000000
sample,fixed_batch16,graph,1023,1023,10,383,1.639101982,1.640400000,0.038406250,0.000000000
sample,fixed_batch16,graph,1023,1023,11,383,1.639935970,1.642300000,0.078825000,0.000000000
sample,fixed_batch16,ordinary,1023,1023,11,383,1.954496026,1.957325000,1.298600000,0.000000000
sample,fixed_batch16,ordinary,1023,1023,12,383,1.908992052,1.910556250,1.265743750,0.000000000
sample,fixed_batch16,graph,1023,1023,12,383,1.640128016,1.644000000,0.057162500,0.000000000
sample,fixed_batch16,graph,1023,1023,13,383,1.638208032,1.641181250,0.047625000,0.000000000
sample,fixed_batch16,ordinary,1023,1023,13,383,1.930943966,1.933650000,1.197806250,0.000000000
sample,fixed_batch16,ordinary,1023,1023,14,383,1.900928020,1.903562500,1.187531250,0.000000000
sample,fixed_batch16,graph,1023,1023,14,383,1.640831947,1.643381250,0.048587500,0.000000000
sample,fixed_batch16,graph,1023,1023,15,383,1.641983986,1.646106250,0.074750000,0.000000000
sample,fixed_batch16,ordinary,1023,1023,15,383,1.926463962,1.929787500,1.122400000,0.000000000
sample,fixed_batch16,ordinary,1023,1023,16,383,1.936768055,1.940218750,1.108818750,0.000000000
sample,fixed_batch16,graph,1023,1023,16,383,1.641728044,1.646031250,0.061225000,0.000000000
sample,fixed_batch16,graph,1023,1023,17,383,1.641855955,1.646450000,0.075693750,0.000000000
sample,fixed_batch16,ordinary,1023,1023,17,383,1.875200033,1.877881250,1.147450000,0.000000000
sample,fixed_batch16,ordinary,1023,1023,18,383,1.996863961,1.998887500,1.215337500,0.000000000
sample,fixed_batch16,graph,1023,1023,18,383,1.638911963,1.640493750,0.045343750,0.000000000
sample,fixed_batch16,graph,1023,1023,19,383,1.638847947,1.641368750,0.041381250,0.000000000
sample,fixed_batch16,ordinary,1023,1023,19,383,1.926911950,1.931162500,1.222412500,0.000000000
sample,fixed_batch16,ordinary,1023,1023,20,383,1.992511988,1.995075000,1.213181250,0.000000000
sample,fixed_batch16,graph,1023,1023,20,383,1.638975978,1.641075000,0.044800000,0.000000000
sample,fixed_batch16,graph,1023,1023,21,383,1.640256047,1.643475000,0.051900000,0.000000000
sample,fixed_batch16,ordinary,1023,1023,21,383,1.916991949,1.920162500,1.166450000,0.000000000
sample,fixed_batch16,ordinary,1023,1023,22,383,1.978240013,1.981231250,1.305187500,0.000000000
sample,fixed_batch16,graph,1023,1023,22,383,1.641855955,1.645175000,0.065756250,0.000000000
sample,fixed_batch16,graph,1023,1023,23,383,1.640895963,1.644762500,0.052362500,0.000000000
sample,fixed_batch16,ordinary,1023,1023,23,383,2.040575981,2.042431250,1.303043750,0.000000000
sample,fixed_batch16,ordinary,1023,1023,24,383,1.961920023,1.964487500,1.248618750,0.000000000
sample,fixed_batch16,graph,1023,1023,24,383,1.641280055,1.643312500,0.052681250,0.000000000
sample,fixed_batch16,graph,1023,1023,25,383,1.639935970,1.642681250,0.053831250,0.000000000
sample,fixed_batch16,ordinary,1023,1023,25,383,1.923712015,1.925012500,1.087500000,0.000000000
sample,fixed_batch16,ordinary,1023,1023,26,383,1.876672029,1.878818750,1.075731250,0.000000000
sample,fixed_batch16,graph,1023,1023,26,383,1.638015985,1.639381250,0.037106250,0.000000000
sample,fixed_batch16,graph,1023,1023,27,383,1.639808059,1.642112500,0.045343750,0.000000000
sample,fixed_batch16,ordinary,1023,1023,27,383,2.011579990,2.013162500,1.296956250,0.000000000
sample,fixed_batch16,ordinary,1023,1023,28,383,1.903231978,1.904481250,1.061612500,0.000000000
sample,fixed_batch16,graph,1023,1023,28,383,1.639423966,1.641012500,0.044143750,0.000000000
sample,fixed_batch16,graph,1023,1023,29,383,1.638272047,1.639862500,0.038525000,0.000000000
sample,fixed_batch16,ordinary,1023,1023,29,383,1.933184028,1.935031250,1.264681250,0.000000000
sample,fixed_batch16,ordinary,1023,1023,30,383,1.943295956,1.945506250,1.141175000,0.000000000
sample,fixed_batch16,graph,1023,1023,30,383,1.640831947,1.643581250,0.053787500,0.000000000
sample,fixed_batch16,graph,1023,1023,31,383,1.640576005,1.643775000,0.051812500,0.000000000
sample,fixed_batch16,ordinary,1023,1023,31,383,1.870656013,1.872593750,1.185412500,0.000000000
sample,fixed_batch16,ordinary,1023,1023,32,383,1.956223965,1.957537500,1.050418750,0.000000000
sample,fixed_batch16,graph,1023,1023,32,383,1.638579965,1.640625000,0.039737500,0.000000000
sample,fixed_batch16,graph,1023,1023,33,383,1.640192032,1.642287500,0.065181250,0.000000000
sample,fixed_batch16,ordinary,1023,1023,33,383,1.928768039,1.931181250,1.191331250,0.000000000
sample,fixed_batch16,ordinary,1023,1023,34,383,1.963008046,1.965512500,1.309412500,0.000000000
sample,fixed_batch16,graph,1023,1023,34,383,1.640128016,1.642731250,0.048681250,0.000000000
sample,fixed_batch16,graph,1023,1023,35,383,1.643007994,1.646975000,0.063875000,0.000000000
sample,fixed_batch16,ordinary,1023,1023,35,383,1.941491961,1.942925000,1.190881250,0.000000000
sample,fixed_batch16,ordinary,1023,1023,36,383,1.983039975,1.986256250,1.210568750,0.000000000
sample,fixed_batch16,graph,1023,1023,36,383,1.640895963,1.643706250,0.049725000,0.000000000
sample,fixed_batch16,graph,1023,1023,37,383,1.639168024,1.641468750,0.041368750,0.000000000
sample,fixed_batch16,ordinary,1023,1023,37,383,1.919872046,1.922187500,1.223506250,0.000000000
sample,fixed_batch16,ordinary,1023,1023,38,383,1.918336034,1.920731250,1.238856250,0.000000000
sample,fixed_batch16,graph,1023,1023,38,383,1.640704036,1.643350000,0.054387500,0.000000000
sample,fixed_batch16,graph,1023,1023,39,383,1.640128016,1.645012500,0.054218750,0.000000000
sample,fixed_batch16,ordinary,1023,1023,39,383,1.925567985,1.928743750,1.161406250,0.000000000
sample,fixed_batch16,ordinary,1023,1023,40,383,1.882751942,1.885318750,1.097150000,0.000000000
sample,fixed_batch16,graph,1023,1023,40,383,1.638784051,1.640775000,0.037525000,0.000000000
sample,fixed_batch16,graph,1023,1023,41,383,1.640576005,1.644062500,0.051481250,0.000000000
sample,fixed_batch16,ordinary,1023,1023,41,383,1.898751974,1.901493750,1.084431250,0.000000000
sample,fixed_batch16,ordinary,1023,1023,42,383,1.860224009,1.861562500,1.072212500,0.000000000
sample,fixed_batch16,graph,1023,1023,42,383,1.640831947,1.642337500,0.046956250,0.000000000
sample,fixed_batch16,graph,1023,1023,43,383,1.639808059,1.642006250,0.046781250,0.000000000
sample,fixed_batch16,ordinary,1023,1023,43,383,1.926144004,1.927912500,1.046968750,0.000000000
sample,fixed_batch16,ordinary,1023,1023,44,383,2.033727884,2.036043750,1.163062500,0.000000000
sample,fixed_batch16,graph,1023,1023,44,383,1.641919971,1.645087500,0.054862500,0.000000000
sample,fixed_batch16,graph,1023,1023,45,383,1.639150023,1.641962500,0.041925000,0.000000000
sample,fixed_batch16,ordinary,1023,1023,45,383,1.993600011,1.996368750,1.280825000,0.000000000
sample,fixed_batch16,ordinary,1023,1023,46,383,1.944831967,1.948131250,1.274412500,0.000000000
sample,fixed_batch16,graph,1023,1023,46,383,1.640447974,1.643812500,0.050968750,0.000000000
sample,fixed_batch16,graph,1023,1023,47,383,1.640895963,1.644431250,0.051293750,0.000000000
sample,fixed_batch16,ordinary,1023,1023,47,383,1.879680037,1.882681250,1.338568750,0.000000000
sample,fixed_batch16,ordinary,1023,1023,48,383,2.026357889,2.028487500,1.389712500,0.000000000
sample,fixed_batch16,graph,1023,1023,48,383,1.642176032,1.644168750,0.070893750,0.000000000
sample,fixed_batch16,graph,1023,1023,49,383,1.640192032,1.643931250,0.051656250,0.000000000
sample,fixed_batch16,ordinary,1023,1023,49,383,1.940160036,1.944106250,1.308568750,0.000000000
sample,advancing_forward,ordinary,128,128,0,284,1.848320007,1.864300000,1.420400000,0.000000000
sample,advancing_forward,ordinary,128,129,0,257,1.624063969,1.632900000,1.300400000,0.000000000
sample,advancing_forward,ordinary,128,130,0,614,1.595391989,1.603500000,1.272700000,0.000000000
sample,advancing_forward,ordinary,128,131,0,878,1.616799951,1.630200000,1.232600000,0.000000000
sample,advancing_forward,ordinary,128,132,0,289,1.742848039,1.752600000,1.390200000,0.000000000
sample,advancing_forward,ordinary,128,133,0,19775,1.882112026,1.892500000,1.513700000,0.000000000
sample,advancing_forward,ordinary,128,134,0,656,1.889279962,1.901000000,1.506000000,0.000000000
sample,advancing_forward,ordinary,128,135,0,39599,1.892351985,1.913600000,1.579400000,0.000000000
sample,advancing_forward,ordinary,128,136,0,1122,1.770496011,1.786400000,1.455600000,0.000000000
sample,advancing_forward,ordinary,128,137,0,291,1.628160000,1.647200000,1.314900000,0.000000000
sample,advancing_forward,ordinary,128,138,0,37346,1.676288009,1.689800000,1.300800000,0.000000000
sample,advancing_forward,ordinary,128,139,0,764,2.001919985,2.018900000,1.603300000,0.000000000
sample,advancing_forward,ordinary,128,140,0,8074,1.698815942,1.713100000,1.386400000,0.000000000
sample,advancing_forward,ordinary,128,141,0,20272,1.858464003,1.872000000,1.545900000,0.000000000
sample,advancing_forward,ordinary,128,142,0,9106,1.778591990,1.789600000,1.433100000,0.000000000
sample,advancing_forward,ordinary,128,143,0,3876,1.965055943,1.981200000,1.643800000,0.000000000
sample,advancing_forward,graph,128,128,0,284,1.097728014,1.122700000,0.098700000,0.030500000
sample,advancing_forward,graph,128,129,0,257,1.117087960,1.151500000,0.111900000,0.040200000
sample,advancing_forward,graph,128,130,0,614,1.108991981,1.130600000,0.109200000,0.035500000
sample,advancing_forward,graph,128,131,0,878,1.095615983,1.118800000,0.084000000,0.026600000
sample,advancing_forward,graph,128,132,0,289,1.083392024,1.098400000,0.086900000,0.019300000
sample,advancing_forward,graph,128,133,0,19775,1.097728014,1.114500000,0.088100000,0.023900000
sample,advancing_forward,graph,128,134,0,656,1.098752022,1.160600000,0.078200000,0.021300000
sample,advancing_forward,graph,128,135,0,39599,1.102848053,1.127500000,0.097200000,0.031200000
sample,advancing_forward,graph,128,136,0,1122,1.103871942,1.124600000,0.103900000,0.030200000
sample,advancing_forward,graph,128,137,0,291,1.102848053,1.120000000,0.090600000,0.025500000
sample,advancing_forward,graph,128,138,0,37346,1.101824045,1.119000000,0.089100000,0.024400000
sample,advancing_forward,graph,128,139,0,764,1.093631983,1.106800000,0.081300000,0.023200000
sample,advancing_forward,graph,128,140,0,8074,1.098752022,1.110800000,0.083500000,0.025300000
sample,advancing_forward,graph,128,141,0,20272,1.099776030,1.113700000,0.078500000,0.022000000
sample,advancing_forward,graph,128,142,0,9106,1.102848053,1.121500000,0.105600000,0.025500000
sample,advancing_forward,graph,128,143,0,3876,1.096704006,1.123500000,0.084800000,0.024300000
sample,advancing_forward,graph,128,128,1,284,1.081344008,1.095900000,0.090000000,0.022700000
sample,advancing_forward,graph,128,129,1,257,1.079295993,1.096000000,0.080400000,0.019400000
sample,advancing_forward,graph,128,130,1,614,1.081344008,1.097000000,0.080300000,0.019500000
sample,advancing_forward,graph,128,131,1,878,1.096704006,1.115000000,0.099500000,0.022800000
sample,advancing_forward,graph,128,132,1,289,1.096704006,1.112700000,0.109400000,0.028900000
sample,advancing_forward,graph,128,133,1,19775,1.095679998,1.112400000,0.092900000,0.023800000
sample,advancing_forward,graph,128,134,1,656,1.096544027,1.111600000,0.091500000,0.023900000
sample,advancing_forward,graph,128,135,1,39599,1.089535952,1.105200000,0.091400000,0.022900000
sample,advancing_forward,graph,128,136,1,1122,1.084416032,1.099900000,0.081900000,0.021000000
sample,advancing_forward,graph,128,137,1,291,1.108767986,1.125200000,0.096700000,0.034900000
sample,advancing_forward,graph,128,138,1,37346,1.100800037,1.118600000,0.085400000,0.022300000
sample,advancing_forward,graph,128,139,1,764,1.101824045,1.117000000,0.099000000,0.026200000
sample,advancing_forward,graph,128,140,1,8074,1.099776030,1.114600000,0.092400000,0.023900000
sample,advancing_forward,graph,128,141,1,20272,1.100767970,1.113900000,0.081400000,0.021400000
sample,advancing_forward,graph,128,142,1,9106,1.108991981,1.125200000,0.096200000,0.027200000
sample,advancing_forward,graph,128,143,1,3876,1.096704006,1.111300000,0.091600000,0.023800000
sample,advancing_forward,ordinary,128,128,1,284,1.784832001,1.794800000,1.365900000,0.000000000
sample,advancing_forward,ordinary,128,129,1,257,1.871871948,1.882800000,1.460100000,0.000000000
sample,advancing_forward,ordinary,128,130,1,614,1.729536057,1.742000000,1.398000000,0.000000000
sample,advancing_forward,ordinary,128,131,1,878,1.772544026,1.782900000,1.234900000,0.000000000
sample,advancing_forward,ordinary,128,132,1,289,1.723392010,1.732800000,1.403500000,0.000000000
sample,advancing_forward,ordinary,128,133,1,19775,1.661728024,1.670700000,1.345400000,0.000000000
sample,advancing_forward,ordinary,128,134,1,656,1.740704060,1.753900000,1.427600000,0.000000000
sample,advancing_forward,ordinary,128,135,1,39599,1.603584051,1.611800000,1.176700000,0.000000000
sample,advancing_forward,ordinary,128,136,1,1122,1.646592021,1.655200000,1.315800000,0.000000000
sample,advancing_forward,ordinary,128,137,1,291,1.674239993,1.683100000,1.259000000,0.000000000
sample,advancing_forward,ordinary,128,138,1,37346,1.622015953,1.630500000,1.304000000,0.000000000
sample,advancing_forward,ordinary,128,139,1,764,1.546239972,1.557300000,1.216300000,0.000000000
sample,advancing_forward,ordinary,128,140,1,8074,1.626111984,1.634600000,1.307600000,0.000000000
sample,advancing_forward,ordinary,128,141,1,20272,1.661919951,1.670600000,1.252000000,0.000000000
sample,advancing_forward,ordinary,128,142,1,9106,1.720319986,1.730600000,1.394900000,0.000000000
sample,advancing_forward,ordinary,128,143,1,3876,1.699839950,1.708200000,1.330600000,0.000000000
sample,advancing_forward,ordinary,128,128,2,284,1.824767947,1.835600000,1.501500000,0.000000000
sample,advancing_forward,ordinary,128,129,2,257,1.719295979,1.732300000,1.408600000,0.000000000
sample,advancing_forward,ordinary,128,130,2,614,1.891327977,1.904900000,1.465900000,0.000000000
sample,advancing_forward,ordinary,128,131,2,878,1.652735949,1.663700000,1.330500000,0.000000000
sample,advancing_forward,ordinary,128,132,2,289,1.747967958,1.765800000,1.422700000,0.000000000
sample,advancing_forward,ordinary,128,133,2,19775,1.644544005,1.654900000,1.189600000,0.000000000
sample,advancing_forward,ordinary,128,134,2,656,1.716223955,1.725600000,1.397600000,0.000000000
sample,advancing_forward,ordinary,128,135,2,39599,1.885184050,1.893900000,1.550700000,0.000000000
sample,advancing_forward,ordinary,128,136,2,1122,1.758208036,1.769100000,1.377300000,0.000000000
sample,advancing_forward,ordinary,128,137,2,291,1.707008004,1.717700000,1.383400000,0.000000000
sample,advancing_forward,ordinary,128,138,2,37346,1.687551975,1.697300000,1.317200000,0.000000000
sample,advancing_forward,ordinary,128,139,2,764,1.620991945,1.630800000,1.290400000,0.000000000
sample,advancing_forward,ordinary,128,140,2,8074,1.626111984,1.636200000,1.314200000,0.000000000
sample,advancing_forward,ordinary,128,141,2,20272,1.769472003,1.777600000,1.301100000,0.000000000
sample,advancing_forward,ordinary,128,142,2,9106,1.651711941,1.661600000,1.332400000,0.000000000
sample,advancing_forward,ordinary,128,143,2,3876,1.787904024,1.797200000,1.414700000,0.000000000
sample,advancing_forward,graph,128,128,2,284,1.059839964,1.070200000,0.077700000,0.010400000
sample,advancing_forward,graph,128,129,2,257,1.068032026,1.078700000,0.116500000,0.010200000
sample,advancing_forward,graph,128,130,2,614,1.100800037,1.126400000,0.085800000,0.030300000
sample,advancing_forward,graph,128,131,2,878,1.092607975,1.110200000,0.085500000,0.020100000
sample,advancing_forward,graph,128,132,2,289,1.073151946,1.084200000,0.065800000,0.012900000
sample,advancing_forward,graph,128,133,2,19775,1.072128057,1.082200000,0.057800000,0.010900000
sample,advancing_forward,graph,128,134,2,656,1.072128057,1.082900000,0.080800000,0.010400000
sample,advancing_forward,graph,128,135,2,39599,1.068032026,1.076900000,0.076200000,0.010000000
sample,advancing_forward,graph,128,136,2,1122,1.069056034,1.078100000,0.076000000,0.010400000
sample,advancing_forward,graph,128,137,2,291,1.073151946,1.081900000,0.071200000,0.010400000
sample,advancing_forward,graph,128,138,2,37346,1.074175954,1.082500000,0.072500000,0.010100000
sample,advancing_forward,graph,128,139,2,764,1.073151946,1.081700000,0.071400000,0.010400000
sample,advancing_forward,graph,128,140,2,8074,1.075199962,1.083600000,0.071100000,0.010200000
sample,advancing_forward,graph,128,141,2,20272,1.078240037,1.086400000,0.075700000,0.010100000
sample,advancing_forward,graph,128,142,2,9106,1.080320001,1.089000000,0.051200000,0.010100000
sample,advancing_forward,graph,128,143,2,3876,1.072128057,1.081000000,0.051000000,0.010100000
sample,advancing_forward,graph,128,128,3,284,1.059839964,1.070600000,0.079600000,0.010300000
sample,advancing_forward,graph,128,129,3,257,1.068032026,1.077900000,0.082900000,0.010200000
sample,advancing_forward,graph,128,130,3,614,1.071104050,1.085800000,0.061200000,0.010700000
sample,advancing_forward,graph,128,131,3,878,1.107967973,1.131700000,0.114600000,0.034300000
sample,advancing_forward,graph,128,132,3,289,1.097728014,1.121800000,0.103100000,0.026500000
sample,advancing_forward,graph,128,133,3,19775,1.077247977,1.088600000,0.062200000,0.012700000
sample,advancing_forward,graph,128,134,3,656,1.084416032,1.095200000,0.071100000,0.012600000
sample,advancing_forward,graph,128,135,3,39599,1.072128057,1.082000000,0.059100000,0.010500000
sample,advancing_forward,graph,128,136,3,1122,1.081344008,1.093000000,0.070900000,0.013200000
sample,advancing_forward,graph,128,137,3,291,1.087488055,1.103400000,0.075000000,0.016700000
sample,advancing_forward,graph,128,138,3,37346,1.079295993,1.090000000,0.066700000,0.012300000
sample,advancing_forward,graph,128,139,3,764,1.075199962,1.084500000,0.063000000,0.011900000
sample,advancing_forward,graph,128,140,3,8074,1.074175954,1.083700000,0.057800000,0.010600000
sample,advancing_forward,graph,128,141,3,20272,1.079295993,1.089200000,0.085800000,0.010500000
sample,advancing_forward,graph,128,142,3,9106,1.086464047,1.096800000,0.088300000,0.013500000
sample,advancing_forward,graph,128,143,3,3876,1.078271985,1.089000000,0.065300000,0.013000000
sample,advancing_forward,ordinary,128,128,3,284,1.676288009,1.685700000,1.346600000,0.000000000
sample,advancing_forward,ordinary,128,129,3,257,1.794047952,1.804800000,1.481400000,0.000000000
sample,advancing_forward,ordinary,128,130,3,614,1.777663946,1.787300000,1.464700000,0.000000000
sample,advancing_forward,ordinary,128,131,3,878,1.659904003,1.669200000,1.327100000,0.000000000
sample,advancing_forward,ordinary,128,132,3,289,1.784832001,1.794800000,1.465600000,0.000000000
sample,advancing_forward,ordinary,128,133,3,19775,1.721343994,1.732400000,1.397300000,0.000000000
sample,advancing_forward,ordinary,128,134,3,656,1.634304047,1.645200000,1.300700000,0.000000000
sample,advancing_forward,ordinary,128,135,3,39599,1.703935981,1.713100000,1.385100000,0.000000000
sample,advancing_forward,ordinary,128,136,3,1122,1.660704017,1.668800000,1.332800000,0.000000000
sample,advancing_forward,ordinary,128,137,3,291,1.542143941,1.549800000,1.218700000,0.000000000
sample,advancing_forward,ordinary,128,138,3,37346,1.600512028,1.608600000,1.273800000,0.000000000
sample,advancing_forward,ordinary,128,139,3,764,1.702816010,1.710600000,1.391000000,0.000000000
sample,advancing_forward,ordinary,128,140,3,8074,1.665920019,1.673700000,1.342500000,0.000000000
sample,advancing_forward,ordinary,128,141,3,20272,1.636351943,1.645000000,1.210700000,0.000000000
sample,advancing_forward,ordinary,128,142,3,9106,1.688575983,1.698100000,1.361900000,0.000000000
sample,advancing_forward,ordinary,128,143,3,3876,1.746943951,1.762400000,1.431000000,0.000000000
sample,advancing_forward,ordinary,128,128,4,284,1.765375972,1.786200000,1.447600000,0.000000000
sample,advancing_forward,ordinary,128,129,4,257,1.762303948,1.772700000,1.439400000,0.000000000
sample,advancing_forward,ordinary,128,130,4,614,1.841151953,1.851400000,1.515800000,0.000000000
sample,advancing_forward,ordinary,128,131,4,878,1.825791955,1.835800000,1.513700000,0.000000000
sample,advancing_forward,ordinary,128,132,4,289,1.629184008,1.640300000,1.265400000,0.000000000
sample,advancing_forward,ordinary,128,133,4,19775,1.684479952,1.696700000,1.304900000,0.000000000
sample,advancing_forward,ordinary,128,134,4,656,1.631232023,1.642700000,1.266800000,0.000000000
sample,advancing_forward,ordinary,128,135,4,39599,1.697792053,1.718500000,1.372100000,0.000000000
sample,advancing_forward,ordinary,128,136,4,1122,1.754112005,1.771200000,1.377300000,0.000000000
sample,advancing_forward,ordinary,128,137,4,291,1.666048050,1.675900000,1.344300000,0.000000000
sample,advancing_forward,ordinary,128,138,4,37346,1.889279962,1.898500000,1.559900000,0.000000000
sample,advancing_forward,ordinary,128,139,4,764,1.708032012,1.718300000,1.377800000,0.000000000
sample,advancing_forward,ordinary,128,140,4,8074,1.662976027,1.672000000,1.330800000,0.000000000
sample,advancing_forward,ordinary,128,141,4,20272,1.557504058,1.565800000,1.232500000,0.000000000
sample,advancing_forward,ordinary,128,142,4,9106,1.611775994,1.620800000,1.286200000,0.000000000
sample,advancing_forward,ordinary,128,143,4,3876,1.679360032,1.687300000,1.355800000,0.000000000
sample,advancing_forward,graph,128,128,4,284,1.058815956,1.067300000,0.071500000,0.010800000
sample,advancing_forward,graph,128,129,4,257,1.068032026,1.075600000,0.070800000,0.010500000
sample,advancing_forward,graph,128,130,4,614,1.071104050,1.079600000,0.057000000,0.012100000
sample,advancing_forward,graph,128,131,4,878,1.064960003,1.073800000,0.051000000,0.010500000
sample,advancing_forward,graph,128,132,4,289,1.069056034,1.076400000,0.050200000,0.010300000
sample,advancing_forward,graph,128,133,4,19775,1.073151946,1.082000000,0.050500000,0.010300000
sample,advancing_forward,graph,128,134,4,656,1.099776030,1.118300000,0.079600000,0.022400000
sample,advancing_forward,graph,128,135,4,39599,1.076223969,1.086900000,0.066200000,0.013200000
sample,advancing_forward,graph,128,136,4,1122,1.070080042,1.081100000,0.086000000,0.012000000
sample,advancing_forward,graph,128,137,4,291,1.075199962,1.083900000,0.082400000,0.010500000
sample,advancing_forward,graph,128,138,4,37346,1.076223969,1.086400000,0.082600000,0.010700000
sample,advancing_forward,graph,128,139,4,764,1.079295993,1.090300000,0.071500000,0.012300000
sample,advancing_forward,graph,128,140,4,8074,1.077247977,1.088200000,0.065800000,0.013000000
sample,advancing_forward,graph,128,141,4,20272,1.084416032,1.094700000,0.064000000,0.012300000
sample,advancing_forward,graph,128,142,4,9106,1.082368016,1.092400000,0.057500000,0.010600000
sample,advancing_forward,graph,128,143,4,3876,1.074175954,1.083600000,0.058300000,0.010400000
sample,advancing_forward,graph,128,128,5,284,1.059839964,1.068100000,0.051900000,0.010300000
sample,advancing_forward,graph,128,129,5,257,1.065984011,1.075000000,0.071400000,0.010600000
sample,advancing_forward,graph,128,130,5,614,1.080320001,1.087900000,0.061200000,0.010500000
sample,advancing_forward,graph,128,131,5,878,1.068032026,1.076000000,0.051900000,0.010600000
sample,advancing_forward,graph,128,132,5,289,1.079200029,1.094000000,0.062900000,0.016400000
sample,advancing_forward,graph,128,133,5,19775,1.076223969,1.084600000,0.060100000,0.012500000
sample,advancing_forward,graph,128,134,5,656,1.074079990,1.081800000,0.071300000,0.010300000
sample,advancing_forward,graph,128,135,5,39599,1.067008018,1.075200000,0.055000000,0.010600000
sample,advancing_forward,graph,128,136,5,1122,1.069056034,1.077700000,0.075700000,0.010200000
sample,advancing_forward,graph,128,137,5,291,1.077247977,1.085800000,0.078200000,0.011800000
sample,advancing_forward,graph,128,138,5,37346,1.074175954,1.082300000,0.074200000,0.010400000
sample,advancing_forward,graph,128,139,5,764,1.073151946,1.082000000,0.071500000,0.010400000
sample,advancing_forward,graph,128,140,5,8074,1.076192021,1.084100000,0.074300000,0.010400000
sample,advancing_forward,graph,128,141,5,20272,1.077247977,1.086200000,0.068200000,0.010200000
sample,advancing_forward,graph,128,142,5,9106,1.083263993,1.091500000,0.073800000,0.010100000
sample,advancing_forward,graph,128,143,5,3876,1.072128057,1.081200000,0.070900000,0.010600000
sample,advancing_forward,ordinary,128,128,5,284,1.610560060,1.618600000,1.190100000,0.000000000
sample,advancing_forward,ordinary,128,129,5,257,1.653663993,1.661300000,1.340900000,0.000000000
sample,advancing_forward,ordinary,128,130,5,614,1.700863957,1.709600000,1.377100000,0.000000000
sample,advancing_forward,ordinary,128,131,5,878,1.641440034,1.649300000,1.314600000,0.000000000
sample,advancing_forward,ordinary,128,132,5,289,1.566720009,1.574300000,1.237200000,0.000000000
sample,advancing_forward,ordinary,128,133,5,19775,1.596415997,1.604800000,1.102900000,0.000000000
sample,advancing_forward,ordinary,128,134,5,656,1.636191964,1.644300000,1.311100000,0.000000000
sample,advancing_forward,ordinary,128,135,5,39599,1.618944049,1.628600000,1.292200000,0.000000000
sample,advancing_forward,ordinary,128,136,5,1122,1.769472003,1.785800000,1.377800000,0.000000000
sample,advancing_forward,ordinary,128,137,5,291,1.592319965,1.601700000,1.264200000,0.000000000
sample,advancing_forward,ordinary,128,138,5,37346,1.786880016,1.797300000,1.473900000,0.000000000
sample,advancing_forward,ordinary,128,139,5,764,1.657855988,1.668000000,1.339400000,0.000000000
sample,advancing_forward,ordinary,128,140,5,8074,1.743872046,1.754100000,1.411100000,0.000000000
sample,advancing_forward,ordinary,128,141,5,20272,1.619968057,1.628300000,1.246700000,0.000000000
sample,advancing_forward,ordinary,128,142,5,9106,1.710080028,1.719100000,1.397700000,0.000000000
sample,advancing_forward,ordinary,128,143,5,3876,1.707936049,1.716000000,1.339300000,0.000000000
sample,advancing_forward,ordinary,128,128,6,284,1.858559966,1.869300000,1.548700000,0.000000000
sample,advancing_forward,ordinary,128,129,6,257,1.723392010,1.737600000,1.375900000,0.000000000
sample,advancing_forward,ordinary,128,130,6,614,1.737568021,1.749500000,1.338200000,0.000000000
sample,advancing_forward,ordinary,128,131,6,878,1.613824010,1.622000000,1.286100000,0.000000000
sample,advancing_forward,ordinary,128,132,6,289,1.813503981,1.822100000,1.499200000,0.000000000
sample,advancing_forward,ordinary,128,133,6,19775,1.824767947,1.835600000,1.392700000,0.000000000
sample,advancing_forward,ordinary,128,134,6,656,1.635328054,1.644400000,1.263700000,0.000000000
sample,advancing_forward,ordinary,128,135,6,39599,1.642495990,1.650400000,1.329900000,0.000000000
sample,advancing_forward,ordinary,128,136,6,1122,1.674239993,1.684500000,1.290900000,0.000000000
sample,advancing_forward,ordinary,128,137,6,291,1.807360053,1.818300000,1.483200000,0.000000000
sample,advancing_forward,ordinary,128,138,6,37346,1.735679984,1.746100000,1.359200000,0.000000000
sample,advancing_forward,ordinary,128,139,6,764,1.941504002,1.954900000,1.557000000,0.000000000
sample,advancing_forward,ordinary,128,140,6,8074,1.760256052,1.773700000,1.407500000,0.000000000
sample,advancing_forward,ordinary,128,141,6,20272,1.667072058,1.676000000,1.343300000,0.000000000
sample,advancing_forward,ordinary,128,142,6,9106,1.868800044,1.878900000,1.447500000,0.000000000
sample,advancing_forward,ordinary,128,143,6,3876,1.708032012,1.717400000,1.384500000,0.000000000
sample,advancing_forward,graph,128,128,6,284,1.061823964,1.070400000,0.071400000,0.010600000
sample,advancing_forward,graph,128,129,6,257,1.070080042,1.078200000,0.052100000,0.010900000
sample,advancing_forward,graph,128,130,6,614,1.068032026,1.076600000,0.071400000,0.010000000
sample,advancing_forward,graph,128,131,6,878,1.067008018,1.075300000,0.071000000,0.010400000
sample,advancing_forward,graph,128,132,6,289,1.067008018,1.075200000,0.070000000,0.010100000
sample,advancing_forward,graph,128,133,6,19775,1.070080042,1.079000000,0.070300000,0.009900000
sample,advancing_forward,graph,128,134,6,656,1.077247977,1.087400000,0.130300000,0.012100000
sample,advancing_forward,graph,128,135,6,39599,1.092607975,1.114400000,0.079500000,0.020600000
sample,advancing_forward,graph,128,136,6,1122,1.084383965,1.094000000,0.070500000,0.017900000
sample,advancing_forward,graph,128,137,6,291,1.076223969,1.084700000,0.058100000,0.012100000
sample,advancing_forward,graph,128,138,6,37346,1.076223969,1.084700000,0.071000000,0.010500000
sample,advancing_forward,graph,128,139,6,764,1.072128057,1.080800000,0.071100000,0.010400000
sample,advancing_forward,graph,128,140,6,8074,1.075199962,1.084400000,0.071100000,0.010500000
sample,advancing_forward,graph,128,141,6,20272,1.078271985,1.087400000,0.074800000,0.010400000
sample,advancing_forward,graph,128,142,6,9106,1.078271985,1.088600000,0.056500000,0.010700000
sample,advancing_forward,graph,128,143,6,3876,1.071104050,1.080900000,0.082600000,0.010400000
sample,advancing_forward,graph,128,128,7,284,1.075199962,1.098000000,0.074800000,0.018800000
sample,advancing_forward,graph,128,129,7,257,1.084416032,1.100600000,0.077300000,0.017600000
sample,advancing_forward,graph,128,130,7,614,1.072128057,1.082200000,0.064100000,0.012000000
sample,advancing_forward,graph,128,131,7,878,1.069056034,1.078600000,0.083800000,0.010600000
sample,advancing_forward,graph,128,132,7,289,1.069056034,1.079000000,0.083400000,0.010700000
sample,advancing_forward,graph,128,133,7,19775,1.073151946,1.083200000,0.077000000,0.010500000
sample,advancing_forward,graph,128,134,7,656,1.074175954,1.083900000,0.056400000,0.010400000
sample,advancing_forward,graph,128,135,7,39599,1.072128057,1.081700000,0.088100000,0.011900000
sample,advancing_forward,graph,128,136,7,1122,1.070080042,1.078500000,0.071200000,0.010300000
sample,advancing_forward,graph,128,137,7,291,1.075199962,1.083600000,0.071600000,0.010400000
sample,advancing_forward,graph,128,138,7,37346,1.077247977,1.085500000,0.071700000,0.010400000
sample,advancing_forward,graph,128,139,7,764,1.073151946,1.081000000,0.050500000,0.010000000
sample,advancing_forward,graph,128,140,7,8074,1.073151946,1.082300000,0.051400000,0.010200000
sample,advancing_forward,graph,128,141,7,20272,1.078176022,1.087200000,0.051200000,0.010300000
sample,advancing_forward,graph,128,142,7,9106,1.112064004,1.131200000,0.089500000,0.025800000
sample,advancing_forward,graph,128,143,7,3876,1.094655991,1.112600000,0.078000000,0.020000000
sample,advancing_forward,ordinary,128,128,7,284,1.823744059,1.838500000,1.443000000,0.000000000
sample,advancing_forward,ordinary,128,129,7,257,1.744896054,1.758300000,1.420900000,0.000000000
sample,advancing_forward,ordinary,128,130,7,614,1.711104035,1.722500000,1.312200000,0.000000000
sample,advancing_forward,ordinary,128,131,7,878,1.900544047,1.910800000,1.576800000,0.000000000
sample,advancing_forward,ordinary,128,132,7,289,1.656831980,1.667700000,1.333500000,0.000000000
sample,advancing_forward,ordinary,128,133,7,19775,1.723392010,1.734000000,1.401200000,0.000000000
sample,advancing_forward,ordinary,128,134,7,656,1.912832022,1.926800000,1.278100000,0.000000000
sample,advancing_forward,ordinary,128,135,7,39599,1.796095967,1.830300000,1.474000000,0.000000000
sample,advancing_forward,ordinary,128,136,7,1122,1.705983996,1.715600000,1.274800000,0.000000000
sample,advancing_forward,ordinary,128,137,7,291,1.668095946,1.677600000,1.347200000,0.000000000
sample,advancing_forward,ordinary,128,138,7,37346,1.838080049,1.847700000,1.221600000,0.000000000
sample,advancing_forward,ordinary,128,139,7,764,1.724416018,1.739500000,1.398500000,0.000000000
sample,advancing_forward,ordinary,128,140,7,8074,1.829887986,1.838600000,1.516300000,0.000000000
sample,advancing_forward,ordinary,128,141,7,20272,1.755136013,1.764900000,1.442800000,0.000000000
sample,advancing_forward,ordinary,128,142,7,9106,1.777663946,1.787800000,1.391400000,0.000000000
sample,advancing_forward,ordinary,128,143,7,3876,1.646592021,1.656400000,1.314800000,0.000000000
sample,advancing_forward,ordinary,128,128,8,284,1.771520019,1.781900000,1.385500000,0.000000000
sample,advancing_forward,ordinary,128,129,8,257,1.790976048,1.809500000,1.476600000,0.000000000
sample,advancing_forward,ordinary,128,130,8,614,1.724416018,1.732700000,1.384500000,0.000000000
sample,advancing_forward,ordinary,128,131,8,878,1.618944049,1.627900000,1.267100000,0.000000000
sample,advancing_forward,ordinary,128,132,8,289,1.741824031,1.750200000,1.353100000,0.000000000
sample,advancing_forward,ordinary,128,133,8,19775,1.639423966,1.648100000,1.323400000,0.000000000
sample,advancing_forward,ordinary,128,134,8,656,1.669119954,1.677900000,1.355100000,0.000000000
sample,advancing_forward,ordinary,128,135,8,39599,1.696768045,1.706400000,1.385100000,0.000000000
sample,advancing_forward,ordinary,128,136,8,1122,1.675264001,1.684600000,1.309800000,0.000000000
sample,advancing_forward,ordinary,128,137,8,291,1.730559945,1.741400000,1.323300000,0.000000000
sample,advancing_forward,ordinary,128,138,8,37346,1.794047952,1.820700000,1.470000000,0.000000000
sample,advancing_forward,ordinary,128,139,8,764,1.722368002,1.734500000,1.397000000,0.000000000
sample,advancing_forward,ordinary,128,140,8,8074,1.649664044,1.658200000,1.246400000,0.000000000
sample,advancing_forward,ordinary,128,141,8,20272,1.760256052,1.770600000,1.437200000,0.000000000
sample,advancing_forward,ordinary,128,142,8,9106,1.778687954,1.788200000,1.465200000,0.000000000
sample,advancing_forward,ordinary,128,143,8,3876,1.750015974,1.760100000,1.429100000,0.000000000
sample,advancing_forward,graph,128,128,8,284,1.060863972,1.071200000,0.057500000,0.010400000
sample,advancing_forward,graph,128,129,8,257,1.068032026,1.076800000,0.083600000,0.010500000
sample,advancing_forward,graph,128,130,8,614,1.068032026,1.077600000,0.075700000,0.010300000
sample,advancing_forward,graph,128,131,8,878,1.064960003,1.074800000,0.076500000,0.010300000
sample,advancing_forward,graph,128,132,8,289,1.070080042,1.079800000,0.075900000,0.010200000
sample,advancing_forward,graph,128,133,8,19775,1.071104050,1.079800000,0.079700000,0.010400000
sample,advancing_forward,graph,128,134,8,656,1.076223969,1.084600000,0.055200000,0.012700000
sample,advancing_forward,graph,128,135,8,39599,1.068032026,1.076400000,0.075400000,0.010400000
sample,advancing_forward,graph,128,136,8,1122,1.073151946,1.081300000,0.059500000,0.012200000
sample,advancing_forward,graph,128,137,8,291,1.073151946,1.085200000,0.051500000,0.010100000
sample,advancing_forward,graph,128,138,8,37346,1.142783999,1.186900000,0.134300000,0.052400000
sample,advancing_forward,graph,128,139,8,764,1.115136027,1.156500000,0.122700000,0.034900000
sample,advancing_forward,graph,128,140,8,8074,1.124351978,1.173700000,0.109900000,0.044200000
sample,advancing_forward,graph,128,141,8,20272,1.217535973,1.288000000,0.252300000,0.101100000
sample,advancing_forward,graph,128,142,8,9106,1.135615945,1.158400000,0.156300000,0.044900000
sample,advancing_forward,graph,128,143,8,3876,1.108991981,1.127900000,0.102800000,0.032300000
sample,advancing_forward,graph,128,128,9,284,1.082368016,1.121900000,0.072400000,0.019200000
sample,advancing_forward,graph,128,129,9,257,1.082368016,1.105500000,0.066800000,0.018700000
sample,advancing_forward,graph,128,130,9,614,1.075199962,1.084800000,0.055800000,0.010900000
sample,advancing_forward,graph,128,131,9,878,1.072128057,1.079800000,0.054500000,0.010600000
sample,advancing_forward,graph,128,132,9,289,1.077247977,1.086600000,0.063900000,0.013900000
sample,advancing_forward,graph,128,133,9,19775,1.071967959,1.080500000,0.051100000,0.010600000
sample,advancing_forward,graph,128,134,9,656,1.074175954,1.083100000,0.073100000,0.011000000
sample,advancing_forward,graph,128,135,9,39599,1.070080042,1.079700000,0.073200000,0.011100000
sample,advancing_forward,graph,128,136,9,1122,1.072128057,1.085400000,0.059900000,0.012900000
sample,advancing_forward,graph,128,137,9,291,1.077247977,1.086800000,0.061300000,0.012500000
sample,advancing_forward,graph,128,138,9,37346,1.076223969,1.084500000,0.076300000,0.010600000
sample,advancing_forward,graph,128,139,9,764,1.073151946,1.082200000,0.071200000,0.010200000
sample,advancing_forward,graph,128,140,9,8074,1.075199962,1.084600000,0.070800000,0.010500000
sample,advancing_forward,graph,128,141,9,20272,1.081279993,1.089900000,0.051000000,0.010600000
sample,advancing_forward,graph,128,142,9,9106,1.083392024,1.092000000,0.051900000,0.011300000
sample,advancing_forward,graph,128,143,9,3876,1.075199962,1.084400000,0.050700000,0.010500000
sample,advancing_forward,ordinary,128,128,9,284,1.567744017,1.576600000,1.255500000,0.000000000
sample,advancing_forward,ordinary,128,129,9,257,1.638399959,1.646300000,1.272700000,0.000000000
sample,advancing_forward,ordinary,128,130,9,614,1.610751987,1.619700000,1.140700000,0.000000000
sample,advancing_forward,ordinary,128,131,9,878,1.596415997,1.606800000,1.283500000,0.000000000
sample,advancing_forward,ordinary,128,132,9,289,1.754112005,1.763300000,1.221400000,0.000000000
sample,advancing_forward,ordinary,128,133,9,19775,1.622015953,1.631600000,1.295600000,0.000000000
sample,advancing_forward,ordinary,128,134,9,656,1.813503981,1.825000000,1.500200000,0.000000000
sample,advancing_forward,ordinary,128,135,9,39599,1.930240035,1.940200000,1.348300000,0.000000000
sample,advancing_forward,ordinary,128,136,9,1122,1.735679984,1.756700000,1.419800000,0.000000000
sample,advancing_forward,ordinary,128,137,9,291,1.650688052,1.669500000,1.327700000,0.000000000
sample,advancing_forward,ordinary,128,138,9,37346,1.723392010,1.731600000,1.295300000,0.000000000
sample,advancing_forward,ordinary,128,139,9,764,1.471423984,1.479400000,1.064800000,0.000000000
sample,advancing_forward,ordinary,128,140,9,8074,1.577983975,1.585800000,1.204800000,0.000000000
sample,advancing_forward,ordinary,128,141,9,20272,1.497087955,1.504500000,1.081200000,0.000000000
sample,advancing_forward,ordinary,128,142,9,9106,1.601536036,1.609600000,1.269300000,0.000000000
sample,advancing_forward,ordinary,128,143,9,3876,1.551360011,1.560600000,1.223700000,0.000000000
sample,advancing_forward,ordinary,128,128,10,284,1.677312016,1.687600000,1.346400000,0.000000000
sample,advancing_forward,ordinary,128,129,10,257,1.722368002,1.733100000,1.327200000,0.000000000
sample,advancing_forward,ordinary,128,130,10,614,1.737728000,1.747200000,1.366600000,0.000000000
sample,advancing_forward,ordinary,128,131,10,878,1.883136034,1.894000000,1.480400000,0.000000000
sample,advancing_forward,ordinary,128,132,10,289,1.831936002,1.850600000,1.516900000,0.000000000
sample,advancing_forward,ordinary,128,133,10,19775,1.779711962,1.792900000,1.452300000,0.000000000
sample,advancing_forward,ordinary,128,134,10,656,1.819648027,1.829300000,1.490800000,0.000000000
sample,advancing_forward,ordinary,128,135,10,39599,1.745919943,1.756400000,1.415800000,0.000000000
sample,advancing_forward,ordinary,128,136,10,1122,1.695744038,1.705000000,1.382000000,0.000000000
sample,advancing_forward,ordinary,128,137,10,291,1.694720030,1.703500000,1.382000000,0.000000000
sample,advancing_forward,ordinary,128,138,10,37346,1.681408048,1.691000000,1.255300000,0.000000000
sample,advancing_forward,ordinary,128,139,10,764,1.721343994,1.731100000,1.341600000,0.000000000
sample,advancing_forward,ordinary,128,140,10,8074,1.800191998,1.810400000,1.167800000,0.000000000
sample,advancing_forward,ordinary,128,141,10,20272,1.735679984,1.751100000,1.419700000,0.000000000
sample,advancing_forward,ordinary,128,142,10,9106,1.719295979,1.728900000,1.392600000,0.000000000
sample,advancing_forward,ordinary,128,143,10,3876,1.784832001,1.794500000,1.428200000,0.000000000
sample,advancing_forward,graph,128,128,10,284,1.059839964,1.067900000,0.050500000,0.010300000
sample,advancing_forward,graph,128,129,10,257,1.067903996,1.075800000,0.049200000,0.010300000
sample,advancing_forward,graph,128,130,10,614,1.068959951,1.076400000,0.070900000,0.010400000
sample,advancing_forward,graph,128,131,10,878,1.069056034,1.077000000,0.077300000,0.011800000
sample,advancing_forward,graph,128,132,10,289,1.068959951,1.076800000,0.070800000,0.010100000
sample,advancing_forward,graph,128,133,10,19775,1.072128057,1.080300000,0.050200000,0.010400000
sample,advancing_forward,graph,128,134,10,656,1.074175954,1.082100000,0.062900000,0.010400000
sample,advancing_forward,graph,128,135,10,39599,1.067008018,1.076000000,0.052300000,0.010200000
sample,advancing_forward,graph,128,136,10,1122,1.084352016,1.097000000,0.065800000,0.015300000
sample,advancing_forward,graph,128,137,10,291,1.078271985,1.086800000,0.058400000,0.012500000
sample,advancing_forward,graph,128,138,10,37346,1.076096058,1.084000000,0.075400000,0.010600000
sample,advancing_forward,graph,128,139,10,764,1.075199962,1.083600000,0.070900000,0.010600000
sample,advancing_forward,graph,128,140,10,8074,1.075199962,1.083500000,0.071000000,0.010500000
sample,advancing_forward,graph,128,141,10,20272,1.078271985,1.086500000,0.074200000,0.010300000
sample,advancing_forward,graph,128,142,10,9106,1.080320001,1.088000000,0.070700000,0.010500000
sample,advancing_forward,graph,128,143,10,3876,1.073151946,1.081500000,0.071300000,0.010500000
sample,advancing_forward,graph,128,128,11,284,1.058815956,1.068400000,0.060800000,0.010200000
sample,advancing_forward,graph,128,129,11,257,1.070080042,1.080100000,0.085600000,0.012000000
sample,advancing_forward,graph,128,130,11,614,1.069056034,1.078500000,0.074300000,0.010300000
sample,advancing_forward,graph,128,131,11,878,1.067008018,1.075900000,0.077800000,0.010100000
sample,advancing_forward,graph,128,132,11,289,1.071104050,1.080800000,0.050300000,0.010600000
sample,advancing_forward,graph,128,133,11,19775,1.091488004,1.108100000,0.073600000,0.018600000
sample,advancing_forward,graph,128,134,11,656,1.076223969,1.084700000,0.058900000,0.012500000
sample,advancing_forward,graph,128,135,11,39599,1.070080042,1.078900000,0.077100000,0.011900000
sample,advancing_forward,graph,128,136,11,1122,1.070080042,1.078700000,0.070900000,0.010300000
sample,advancing_forward,graph,128,137,11,291,1.074048042,1.082200000,0.076000000,0.010400000
sample,advancing_forward,graph,128,138,11,37346,1.075199962,1.083600000,0.071300000,0.010500000
sample,advancing_forward,graph,128,139,11,764,1.074079990,1.081600000,0.070800000,0.010400000
sample,advancing_forward,graph,128,140,11,8074,1.074015975,1.082500000,0.071100000,0.010300000
sample,advancing_forward,graph,128,141,11,20272,1.080320001,1.089000000,0.070900000,0.010300000
sample,advancing_forward,graph,128,142,11,9106,1.080320001,1.088900000,0.077000000,0.010300000
sample,advancing_forward,graph,128,143,11,3876,1.071967959,1.080000000,0.070400000,0.010500000
sample,advancing_forward,ordinary,128,128,11,284,1.746943951,1.769800000,1.432700000,0.000000000
sample,advancing_forward,ordinary,128,129,11,257,1.719295979,1.731000000,1.375700000,0.000000000
sample,advancing_forward,ordinary,128,130,11,614,1.475584030,1.484200000,1.147000000,0.000000000
sample,advancing_forward,ordinary,128,131,11,878,1.653759956,1.661900000,1.295100000,0.000000000
sample,advancing_forward,ordinary,128,132,11,289,1.669119954,1.677500000,1.344200000,0.000000000
sample,advancing_forward,ordinary,128,133,11,19775,1.751039982,1.761300000,1.438600000,0.000000000
sample,advancing_forward,ordinary,128,134,11,656,1.680384040,1.690200000,1.363200000,0.000000000
sample,advancing_forward,ordinary,128,135,11,39599,1.779711962,1.788900000,1.455800000,0.000000000
sample,advancing_forward,ordinary,128,136,11,1122,1.746943951,1.758100000,1.414300000,0.000000000
sample,advancing_forward,ordinary,128,137,11,291,1.688575983,1.699000000,1.356100000,0.000000000
sample,advancing_forward,ordinary,128,138,11,37346,1.730559945,1.739900000,1.412200000,0.000000000
sample,advancing_forward,ordinary,128,139,11,764,1.781759977,1.791000000,1.398900000,0.000000000
sample,advancing_forward,ordinary,128,140,11,8074,1.625087976,1.634200000,1.296800000,0.000000000
sample,advancing_forward,ordinary,128,141,11,20272,1.693696022,1.702100000,1.382200000,0.000000000
sample,advancing_forward,ordinary,128,142,11,9106,1.616896033,1.624800000,1.199300000,0.000000000
sample,advancing_forward,ordinary,128,143,11,3876,1.601536036,1.609900000,1.235600000,0.000000000
sample,advancing_forward,ordinary,128,128,12,284,1.728512049,1.738200000,1.406300000,0.000000000
sample,advancing_forward,ordinary,128,129,12,257,1.750015974,1.766000000,1.438300000,0.000000000
sample,advancing_forward,ordinary,128,130,12,614,1.736703992,1.747700000,1.192900000,0.000000000
sample,advancing_forward,ordinary,128,131,12,878,1.785856009,1.796000000,1.468300000,0.000000000
sample,advancing_forward,ordinary,128,132,12,289,1.679360032,1.689100000,1.356900000,0.000000000
sample,advancing_forward,ordinary,128,133,12,19775,1.711104035,1.724900000,1.306900000,0.000000000
sample,advancing_forward,ordinary,128,134,12,656,1.744896054,1.754700000,1.432200000,0.000000000
sample,advancing_forward,ordinary,128,135,12,39599,1.790976048,1.801500000,1.422100000,0.000000000
sample,advancing_forward,ordinary,128,136,12,1122,1.821696043,1.834300000,1.497500000,0.000000000
sample,advancing_forward,ordinary,128,137,12,291,1.703935981,1.713000000,1.385500000,0.000000000
sample,advancing_forward,ordinary,128,138,12,37346,1.774592042,1.785400000,1.451300000,0.000000000
sample,advancing_forward,ordinary,128,139,12,764,1.735679984,1.745700000,1.411400000,0.000000000
sample,advancing_forward,ordinary,128,140,12,8074,1.640447974,1.656000000,1.301100000,0.000000000
sample,advancing_forward,ordinary,128,141,12,20272,1.683455944,1.693300000,1.360600000,0.000000000
sample,advancing_forward,ordinary,128,142,12,9106,1.787904024,1.797500000,1.474500000,0.000000000
sample,advancing_forward,ordinary,128,143,12,3876,1.873919964,1.884600000,1.545400000,0.000000000
sample,advancing_forward,graph,128,128,12,284,1.073151946,1.084200000,0.073500000,0.014200000
sample,advancing_forward,graph,128,129,12,257,1.071104050,1.080700000,0.064700000,0.012400000
sample,advancing_forward,graph,128,130,12,614,1.068032026,1.077900000,0.079200000,0.010200000
sample,advancing_forward,graph,128,131,12,878,1.065984011,1.076500000,0.080400000,0.010400000
sample,advancing_forward,graph,128,132,12,289,1.065984011,1.076800000,0.081200000,0.010400000
sample,advancing_forward,graph,128,133,12,19775,1.083392024,1.104900000,0.066900000,0.015600000
sample,advancing_forward,graph,128,134,12,656,1.081344008,1.091600000,0.065500000,0.012700000
sample,advancing_forward,graph,128,135,12,39599,1.071104050,1.081900000,0.064600000,0.012200000
sample,advancing_forward,graph,128,136,12,1122,1.071104050,1.080600000,0.058500000,0.010500000
sample,advancing_forward,graph,128,137,12,291,1.077247977,1.087000000,0.058700000,0.010700000
sample,advancing_forward,graph,128,138,12,37346,1.074175954,1.084800000,0.058500000,0.010600000
sample,advancing_forward,graph,128,139,12,764,1.077247977,1.088000000,0.057800000,0.011600000
sample,advancing_forward,graph,128,140,12,8074,1.079295993,1.089600000,0.062700000,0.012600000
sample,advancing_forward,graph,128,141,12,20272,1.079295993,1.087500000,0.051300000,0.010400000
sample,advancing_forward,graph,128,142,12,9106,1.081344008,1.089700000,0.051700000,0.010400000
sample,advancing_forward,graph,128,143,12,3876,1.072128057,1.079600000,0.050800000,0.010300000
sample,advancing_forward,graph,128,128,13,284,1.061887980,1.070200000,0.050900000,0.010700000
sample,advancing_forward,graph,128,129,13,257,1.073151946,1.083300000,0.063100000,0.012500000
sample,advancing_forward,graph,128,130,13,614,1.101824045,1.121700000,0.100000000,0.028500000
sample,advancing_forward,graph,128,131,13,878,1.092607975,1.113500000,0.086500000,0.025300000
sample,advancing_forward,graph,128,132,13,289,1.079264045,1.089100000,0.062100000,0.014000000
sample,advancing_forward,graph,128,133,13,19775,1.087488055,1.095900000,0.059100000,0.012000000
sample,advancing_forward,graph,128,134,13,656,1.083392024,1.094800000,0.069000000,0.013200000
sample,advancing_forward,graph,128,135,13,39599,1.070080042,1.081300000,0.062500000,0.012400000
sample,advancing_forward,graph,128,136,13,1122,1.083392024,1.110700000,0.103200000,0.017100000
sample,advancing_forward,graph,128,137,13,291,1.162240028,1.226500000,0.170700000,0.063200000
sample,advancing_forward,graph,128,138,13,37346,1.091583967,1.105700000,0.078000000,0.017800000
sample,advancing_forward,graph,128,139,13,764,1.081344008,1.092600000,0.067000000,0.013200000
sample,advancing_forward,graph,128,140,13,8074,1.079295993,1.089200000,0.066500000,0.012400000
sample,advancing_forward,graph,128,141,13,20272,1.080320001,1.090900000,0.096500000,0.012000000
sample,advancing_forward,graph,128,142,13,9106,1.087488055,1.097700000,0.063000000,0.012100000
sample,advancing_forward,graph,128,143,13,3876,1.090559959,1.107800000,0.079200000,0.017700000
sample,advancing_forward,ordinary,128,128,13,284,1.762303948,1.772500000,1.441800000,0.000000000
sample,advancing_forward,ordinary,128,129,13,257,1.708032012,1.723400000,1.384100000,0.000000000
sample,advancing_forward,ordinary,128,130,13,614,1.797119975,1.806800000,1.483100000,0.000000000
sample,advancing_forward,ordinary,128,131,13,878,1.774592042,1.785300000,1.398900000,0.000000000
sample,advancing_forward,ordinary,128,132,13,289,1.755136013,1.765600000,1.355800000,0.000000000
sample,advancing_forward,ordinary,128,133,13,19775,1.572864056,1.581600000,1.211300000,0.000000000
sample,advancing_forward,ordinary,128,134,13,656,1.731583953,1.740100000,1.404800000,0.000000000
sample,advancing_forward,ordinary,128,135,13,39599,1.586176038,1.594800000,1.259900000,0.000000000
sample,advancing_forward,ordinary,128,136,13,1122,1.599455953,1.609300000,1.261200000,0.000000000
sample,advancing_forward,ordinary,128,137,13,291,1.636191964,1.644000000,1.297900000,0.000000000
sample,advancing_forward,ordinary,128,138,13,37346,1.638399959,1.647800000,1.327500000,0.000000000
sample,advancing_forward,ordinary,128,139,13,764,1.739776015,1.756200000,1.414800000,0.000000000
sample,advancing_forward,ordinary,128,140,13,8074,1.756160021,1.766700000,1.444200000,0.000000000
sample,advancing_forward,ordinary,128,141,13,20272,1.667072058,1.687300000,1.346800000,0.000000000
sample,advancing_forward,ordinary,128,142,13,9106,1.653759956,1.662100000,1.291100000,0.000000000
sample,advancing_forward,ordinary,128,143,13,3876,1.893216014,1.902200000,1.579300000,0.000000000
sample,advancing_forward,ordinary,128,128,14,284,1.869824052,1.880300000,1.555800000,0.000000000
sample,advancing_forward,ordinary,128,129,14,257,1.959936023,1.970900000,1.646500000,0.000000000
sample,advancing_forward,ordinary,128,130,14,614,1.944576025,1.960300000,1.632900000,0.000000000
sample,advancing_forward,ordinary,128,131,14,878,1.917951941,1.941700000,1.402700000,0.000000000
sample,advancing_forward,ordinary,128,132,14,289,2.088959932,2.105100000,1.739800000,0.000000000
sample,advancing_forward,ordinary,128,133,14,19775,1.747967958,1.766100000,1.422600000,0.000000000
sample,advancing_forward,ordinary,128,134,14,656,1.398591995,1.409000000,1.075400000,0.000000000
sample,advancing_forward,ordinary,128,135,14,39599,1.474560022,1.483300000,1.096200000,0.000000000
sample,advancing_forward,ordinary,128,136,14,1122,1.876991987,1.898800000,1.359200000,0.000000000
sample,advancing_forward,ordinary,128,137,14,291,1.736703992,1.745600000,1.417200000,0.000000000
sample,advancing_forward,ordinary,128,138,14,37346,1.732447982,1.748700000,1.409500000,0.000000000
sample,advancing_forward,ordinary,128,139,14,764,1.773568034,1.782600000,1.450400000,0.000000000
sample,advancing_forward,ordinary,128,140,14,8074,1.565696001,1.574500000,1.242100000,0.000000000
sample,advancing_forward,ordinary,128,141,14,20272,1.833984017,1.845300000,1.503200000,0.000000000
sample,advancing_forward,ordinary,128,142,14,9106,1.853440046,1.863000000,1.526000000,0.000000000
sample,advancing_forward,ordinary,128,143,14,3876,1.741824031,1.752200000,1.399300000,0.000000000
sample,advancing_forward,graph,128,128,14,284,1.061887980,1.072000000,0.079500000,0.010300000
sample,advancing_forward,graph,128,129,14,257,1.083392024,1.097900000,0.073700000,0.014500000
sample,advancing_forward,graph,128,130,14,614,1.075199962,1.086800000,0.066100000,0.013600000
sample,advancing_forward,graph,128,131,14,878,1.077247977,1.089400000,0.071200000,0.012700000
sample,advancing_forward,graph,128,132,14,289,1.077247977,1.089200000,0.069800000,0.013000000
sample,advancing_forward,graph,128,133,14,19775,1.075199962,1.086600000,0.064100000,0.013000000
sample,advancing_forward,graph,128,134,14,656,1.090559959,1.108700000,0.080500000,0.016600000
sample,advancing_forward,graph,128,135,14,39599,1.080320001,1.092100000,0.074300000,0.016500000
sample,advancing_forward,graph,128,136,14,1122,1.072128057,1.082500000,0.087500000,0.012000000
sample,advancing_forward,graph,128,137,14,291,1.072128057,1.082300000,0.083800000,0.010300000
sample,advancing_forward,graph,128,138,14,37346,1.076223969,1.086400000,0.077600000,0.010400000
sample,advancing_forward,graph,128,139,14,764,1.074175954,1.084000000,0.083000000,0.010700000
sample,advancing_forward,graph,128,140,14,8074,1.074175954,1.084700000,0.083600000,0.010600000
sample,advancing_forward,graph,128,141,14,20272,1.099776030,1.111900000,0.081900000,0.021600000
sample,advancing_forward,graph,128,142,14,9106,1.085440040,1.096800000,0.060300000,0.013200000
sample,advancing_forward,graph,128,143,14,3876,1.077247977,1.087700000,0.065400000,0.012100000
sample,advancing_forward,graph,128,128,15,284,1.074175954,1.088900000,0.076300000,0.016400000
sample,advancing_forward,graph,128,129,15,257,1.068032026,1.077800000,0.080500000,0.010600000
sample,advancing_forward,graph,128,130,15,614,1.071104050,1.080000000,0.076700000,0.010200000
sample,advancing_forward,graph,128,131,15,878,1.065984011,1.075400000,0.083600000,0.010400000
sample,advancing_forward,graph,128,132,15,289,1.075199962,1.085300000,0.063700000,0.011300000
sample,advancing_forward,graph,128,133,15,19775,1.074175954,1.083800000,0.080300000,0.010500000
sample,advancing_forward,graph,128,134,15,656,1.077247977,1.087000000,0.087400000,0.012000000
sample,advancing_forward,graph,128,135,15,39599,1.069056034,1.079700000,0.084100000,0.010500000
sample,advancing_forward,graph,128,136,15,1122,1.072128057,1.081300000,0.057300000,0.010500000
sample,advancing_forward,graph,128,137,15,291,1.073151946,1.082800000,0.056400000,0.010300000
sample,advancing_forward,graph,128,138,15,37346,1.078271985,1.089000000,0.057800000,0.010900000
sample,advancing_forward,graph,128,139,15,764,1.111039996,1.149200000,0.136900000,0.034700000
sample,advancing_forward,graph,128,140,15,8074,1.107967973,1.132100000,0.091800000,0.034900000
sample,advancing_forward,graph,128,141,15,20272,1.090559959,1.106100000,0.066300000,0.016400000
sample,advancing_forward,graph,128,142,15,9106,1.087488055,1.098100000,0.066300000,0.012800000
sample,advancing_forward,graph,128,143,15,3876,1.082368016,1.092500000,0.100800000,0.018700000
sample,advancing_forward,ordinary,128,128,15,284,1.606655955,1.615400000,1.292400000,0.000000000
sample,advancing_forward,ordinary,128,129,15,257,1.695744038,1.704100000,1.383400000,0.000000000
sample,advancing_forward,ordinary,128,130,15,614,1.649631977,1.657800000,1.332500000,0.000000000
sample,advancing_forward,ordinary,128,131,15,878,1.624063969,1.642300000,1.295700000,0.000000000
sample,advancing_forward,ordinary,128,132,15,289,1.758208036,1.766300000,1.435600000,0.000000000
sample,advancing_forward,ordinary,128,133,15,19775,1.732607961,1.742600000,1.413700000,0.000000000
sample,advancing_forward,ordinary,128,134,15,656,1.755136013,1.765600000,1.444700000,0.000000000
sample,advancing_forward,ordinary,128,135,15,39599,1.821696043,1.832700000,1.414600000,0.000000000
sample,advancing_forward,ordinary,128,136,15,1122,1.629184008,1.638700000,1.296600000,0.000000000
sample,advancing_forward,ordinary,128,137,15,291,1.784832001,1.793800000,1.330700000,0.000000000
sample,advancing_forward,ordinary,128,138,15,37346,1.753087997,1.762700000,1.387500000,0.000000000
sample,advancing_forward,ordinary,128,139,15,764,1.560575962,1.570200000,1.208600000,0.000000000
sample,advancing_forward,ordinary,128,140,15,8074,1.741824031,1.763500000,1.347700000,0.000000000
sample,advancing_forward,ordinary,128,141,15,20272,1.595232010,1.604400000,1.222100000,0.000000000
sample,advancing_forward,ordinary,128,142,15,9106,1.605631948,1.615200000,1.242800000,0.000000000
sample,advancing_forward,ordinary,128,143,15,3876,1.624992013,1.632500000,1.270300000,0.000000000
sample,advancing_forward,ordinary,512,512,0,837,1.608703971,1.618900000,1.215100000,0.000000000
sample,advancing_forward,ordinary,512,513,0,290,1.815551996,1.826000000,1.490400000,0.000000000
sample,advancing_forward,ordinary,512,514,0,460,1.724416018,1.734700000,1.304800000,0.000000000
sample,advancing_forward,ordinary,512,515,0,307,1.889279962,1.899000000,1.558700000,0.000000000
sample,advancing_forward,ordinary,512,516,0,12606,1.703935981,1.716100000,1.353700000,0.000000000
sample,advancing_forward,ordinary,512,517,0,32455,1.786880016,1.799600000,1.465800000,0.000000000
sample,advancing_forward,ordinary,512,518,0,837,1.779711962,1.791200000,1.319000000,0.000000000
sample,advancing_forward,ordinary,512,519,0,3584,1.922047973,1.934200000,1.593600000,0.000000000
sample,advancing_forward,ordinary,512,520,0,45456,1.721343994,1.733000000,1.399000000,0.000000000
sample,advancing_forward,ordinary,512,521,0,389,1.710080028,1.721400000,1.280200000,0.000000000
sample,advancing_forward,ordinary,512,522,0,7485,1.826815963,1.837500000,1.515000000,0.000000000
sample,advancing_forward,ordinary,512,523,0,284,1.855487943,1.865000000,1.541900000,0.000000000
sample,advancing_forward,ordinary,512,524,0,3051,1.721343994,1.731800000,1.381900000,0.000000000
sample,advancing_forward,ordinary,512,525,0,287,1.695744038,1.706500000,1.355000000,0.000000000
sample,advancing_forward,ordinary,512,526,0,262,1.812479973,1.827700000,1.393400000,0.000000000
sample,advancing_forward,ordinary,512,527,0,4295,1.855487943,1.866500000,1.510800000,0.000000000
sample,advancing_forward,graph,512,512,0,837,1.318912029,1.327700000,0.056600000,0.010200000
sample,advancing_forward,graph,512,513,0,290,1.326079965,1.335400000,0.055600000,0.010200000
sample,advancing_forward,graph,512,514,0,460,1.325055957,1.335100000,0.056300000,0.010500000
sample,advancing_forward,graph,512,515,0,307,1.324031949,1.332800000,0.056100000,0.010600000
sample,advancing_forward,graph,512,516,0,12606,1.322911978,1.330800000,0.050900000,0.010400000
sample,advancing_forward,graph,512,517,0,32455,1.327103972,1.337200000,0.051200000,0.011200000
sample,advancing_forward,graph,512,518,0,837,1.347584009,1.364800000,0.071700000,0.017700000
sample,advancing_forward,graph,512,519,0,3584,1.331200004,1.339600000,0.063300000,0.012700000
sample,advancing_forward,graph,512,520,0,45456,1.325055957,1.333800000,0.051600000,0.010400000
sample,advancing_forward,graph,512,521,0,389,1.329151988,1.338000000,0.050400000,0.010300000
sample,advancing_forward,graph,512,522,0,7485,1.331200004,1.339900000,0.050700000,0.010600000
sample,advancing_forward,graph,512,523,0,284,1.338368058,1.353500000,0.060900000,0.015500000
sample,advancing_forward,graph,512,524,0,3051,1.331200004,1.340700000,0.051700000,0.010700000
sample,advancing_forward,graph,512,525,0,287,1.335296035,1.344100000,0.050700000,0.010300000
sample,advancing_forward,graph,512,526,0,262,1.338368058,1.346400000,0.050500000,0.010400000
sample,advancing_forward,graph,512,527,0,4295,1.328127980,1.336000000,0.049900000,0.010200000
sample,advancing_forward,graph,512,512,1,837,1.314815998,1.324000000,0.052200000,0.010300000
sample,advancing_forward,graph,512,513,1,290,1.324031949,1.332600000,0.072300000,0.010400000
sample,advancing_forward,graph,512,514,1,460,1.327103972,1.335200000,0.072500000,0.010300000
sample,advancing_forward,graph,512,515,1,307,1.321984053,1.330200000,0.072300000,0.010200000
sample,advancing_forward,graph,512,516,1,12606,1.323007941,1.331700000,0.072600000,0.010100000
sample,advancing_forward,graph,512,517,1,32455,1.339359999,1.346700000,0.057300000,0.010200000
sample,advancing_forward,graph,512,518,1,837,1.330047965,1.342000000,0.051300000,0.010100000
sample,advancing_forward,graph,512,519,1,3584,1.338368058,1.349700000,0.101100000,0.019700000
sample,advancing_forward,graph,512,520,1,45456,1.356544018,1.375600000,0.093900000,0.028100000
sample,advancing_forward,graph,512,521,1,389,1.460224032,1.490300000,0.442500000,0.086600000
sample,advancing_forward,graph,512,522,1,7485,1.335296035,1.344300000,0.057900000,0.012500000
sample,advancing_forward,graph,512,523,1,284,1.332224011,1.342200000,0.087500000,0.012400000
sample,advancing_forward,graph,512,524,1,3051,1.330175996,1.339900000,0.075600000,0.010400000
sample,advancing_forward,graph,512,525,1,287,1.334272027,1.344100000,0.075700000,0.010500000
sample,advancing_forward,graph,512,526,1,262,1.337344050,1.347200000,0.075500000,0.010500000
sample,advancing_forward,graph,512,527,1,4295,1.328127980,1.337300000,0.074100000,0.010300000
sample,advancing_forward,ordinary,512,512,1,837,2.972671986,2.987400000,2.625500000,0.000000000
sample,advancing_forward,ordinary,512,513,1,290,1.615839958,1.623900000,1.266800000,0.000000000
sample,advancing_forward,ordinary,512,514,1,460,1.603456020,1.611000000,1.256200000,0.000000000
sample,advancing_forward,ordinary,512,515,1,307,1.645568013,1.653200000,1.258500000,0.000000000
sample,advancing_forward,ordinary,512,516,1,12606,1.728512049,1.738600000,1.386300000,0.000000000
sample,advancing_forward,ordinary,512,517,1,32455,1.677312016,1.685500000,1.188100000,0.000000000
sample,advancing_forward,ordinary,512,518,1,837,1.677312016,1.685300000,1.279700000,0.000000000
sample,advancing_forward,ordinary,512,519,1,3584,1.689599991,1.699200000,1.311800000,0.000000000
sample,advancing_forward,ordinary,512,520,1,45456,1.804288030,1.816200000,1.308000000,0.000000000
sample,advancing_forward,ordinary,512,521,1,389,1.902591944,1.911600000,1.550500000,0.000000000
sample,advancing_forward,ordinary,512,522,1,7485,1.596415997,1.604900000,1.175000000,0.000000000
sample,advancing_forward,ordinary,512,523,1,284,1.681408048,1.694000000,1.295600000,0.000000000
sample,advancing_forward,ordinary,512,524,1,3051,1.564671993,1.572500000,1.209600000,0.000000000
sample,advancing_forward,ordinary,512,525,1,287,1.594336033,1.602000000,1.237700000,0.000000000
sample,advancing_forward,ordinary,512,526,1,262,1.658879995,1.667000000,1.331900000,0.000000000
sample,advancing_forward,ordinary,512,527,1,4295,1.821696043,1.829800000,1.479900000,0.000000000
sample,advancing_forward,ordinary,512,512,2,837,1.705983996,1.715500000,1.302100000,0.000000000
sample,advancing_forward,ordinary,512,513,2,290,1.779711962,1.789400000,1.428300000,0.000000000
sample,advancing_forward,ordinary,512,514,2,460,1.766399980,1.776300000,1.269100000,0.000000000
sample,advancing_forward,ordinary,512,515,2,307,1.738752007,1.755300000,1.390400000,0.000000000
sample,advancing_forward,ordinary,512,516,2,12606,1.824767947,1.834000000,1.165000000,0.000000000
sample,advancing_forward,ordinary,512,517,2,32455,1.746943951,1.756200000,1.425200000,0.000000000
sample,advancing_forward,ordinary,512,518,2,837,1.865728021,1.874600000,1.513500000,0.000000000
sample,advancing_forward,ordinary,512,519,2,3584,1.671167970,1.679000000,1.300500000,0.000000000
sample,advancing_forward,ordinary,512,520,2,45456,1.593343973,1.600900000,1.076400000,0.000000000
sample,advancing_forward,ordinary,512,521,2,389,1.595391989,1.603000000,1.257500000,0.000000000
sample,advancing_forward,ordinary,512,522,2,7485,1.673215985,1.681000000,1.248000000,0.000000000
sample,advancing_forward,ordinary,512,523,2,284,1.668095946,1.677000000,1.311700000,0.000000000
sample,advancing_forward,ordinary,512,524,2,3051,1.723392010,1.737200000,1.380500000,0.000000000
sample,advancing_forward,ordinary,512,525,2,287,1.563647985,1.572000000,1.189900000,0.000000000
sample,advancing_forward,ordinary,512,526,2,262,1.727488041,1.739100000,1.105900000,0.000000000
sample,advancing_forward,ordinary,512,527,2,4295,1.733631968,1.742400000,1.379400000,0.000000000
sample,advancing_forward,graph,512,512,2,837,1.342463970,1.362500000,0.090800000,0.023400000
sample,advancing_forward,graph,512,513,2,290,1.335296035,1.348800000,0.070900000,0.013400000
sample,advancing_forward,graph,512,514,2,460,1.327103972,1.335800000,0.058600000,0.012100000
sample,advancing_forward,graph,512,515,2,307,1.321984053,1.330900000,0.072400000,0.010500000
sample,advancing_forward,graph,512,516,2,12606,1.355775952,1.375700000,0.098300000,0.027800000
sample,advancing_forward,graph,512,517,2,32455,1.373183966,1.394200000,0.101400000,0.030900000
sample,advancing_forward,graph,512,518,2,837,1.340415955,1.349600000,0.065000000,0.013200000
sample,advancing_forward,graph,512,519,2,3584,1.341439962,1.353800000,0.087400000,0.017700000
sample,advancing_forward,graph,512,520,2,45456,1.353728056,1.369200000,0.097400000,0.024800000
sample,advancing_forward,graph,512,521,2,389,1.340415955,1.353800000,0.074800000,0.018100000
sample,advancing_forward,graph,512,522,2,7485,1.339391947,1.352100000,0.094900000,0.014800000
sample,advancing_forward,graph,512,523,2,284,1.342399955,1.356900000,0.071300000,0.017700000
sample,advancing_forward,graph,512,524,2,3051,1.348608017,1.364300000,0.078000000,0.017400000
sample,advancing_forward,graph,512,525,2,287,1.352704048,1.368000000,0.074600000,0.017600000
sample,advancing_forward,graph,512,526,2,262,1.347424030,1.355500000,0.068000000,0.012100000
sample,advancing_forward,graph,512,527,2,4295,1.336320043,1.346400000,0.063100000,0.013100000
sample,advancing_forward,graph,512,512,3,837,1.330175996,1.342000000,0.089300000,0.021700000
sample,advancing_forward,graph,512,513,3,290,1.340415955,1.356300000,0.071300000,0.016000000
sample,advancing_forward,graph,512,514,3,460,1.327103972,1.337800000,0.083500000,0.011500000
sample,advancing_forward,graph,512,515,3,307,1.328127980,1.336400000,0.062300000,0.012300000
sample,advancing_forward,graph,512,516,3,12606,1.326079965,1.334100000,0.051900000,0.010500000
sample,advancing_forward,graph,512,517,3,32455,1.326079965,1.334300000,0.051500000,0.010300000
sample,advancing_forward,graph,512,518,3,837,1.332224011,1.340100000,0.058000000,0.010300000
sample,advancing_forward,graph,512,519,3,3584,1.336320043,1.348300000,0.063700000,0.014400000
sample,advancing_forward,graph,512,520,3,45456,1.330175996,1.338600000,0.057600000,0.011000000
sample,advancing_forward,graph,512,521,3,389,1.329151988,1.337600000,0.059700000,0.010600000
sample,advancing_forward,graph,512,522,3,7485,1.329151988,1.337700000,0.051500000,0.010500000
sample,advancing_forward,graph,512,523,3,284,1.330175996,1.337600000,0.050300000,0.010300000
sample,advancing_forward,graph,512,524,3,3051,1.332191944,1.339400000,0.073000000,0.010300000
sample,advancing_forward,graph,512,525,3,287,1.334272027,1.342400000,0.050600000,0.010400000
sample,advancing_forward,graph,512,526,3,262,1.345535994,1.355900000,0.061200000,0.012800000
sample,advancing_forward,graph,512,527,3,4295,1.334272027,1.346200000,0.052700000,0.010800000
sample,advancing_forward,ordinary,512,512,3,837,1.714176059,1.724600000,1.362000000,0.000000000
sample,advancing_forward,ordinary,512,513,3,290,1.778687954,1.788000000,1.466200000,0.000000000
sample,advancing_forward,ordinary,512,514,3,460,1.729536057,1.739600000,1.373000000,0.000000000
sample,advancing_forward,ordinary,512,515,3,307,1.630208015,1.638300000,1.281000000,0.000000000
sample,advancing_forward,ordinary,512,516,3,12606,1.729536057,1.737800000,1.287500000,0.000000000
sample,advancing_forward,ordinary,512,517,3,32455,1.603584051,1.615700000,1.248200000,0.000000000
sample,advancing_forward,ordinary,512,518,3,837,1.806336045,1.814500000,1.484000000,0.000000000
sample,advancing_forward,ordinary,512,519,3,3584,1.632256031,1.639600000,1.280000000,0.000000000
sample,advancing_forward,ordinary,512,520,3,45456,1.660928011,1.668900000,1.348400000,0.000000000
sample,advancing_forward,ordinary,512,521,3,389,1.634304047,1.642600000,1.279400000,0.000000000
sample,advancing_forward,ordinary,512,522,3,7485,1.595391989,1.603100000,1.220100000,0.000000000
sample,advancing_forward,ordinary,512,523,3,284,1.642495990,1.650500000,1.302700000,0.000000000
sample,advancing_forward,ordinary,512,524,3,3051,1.631232023,1.638600000,1.183900000,0.000000000
sample,advancing_forward,ordinary,512,525,3,287,1.599488020,1.613100000,1.196100000,0.000000000
sample,advancing_forward,ordinary,512,526,3,262,1.619968057,1.633100000,1.301200000,0.000000000
sample,advancing_forward,ordinary,512,527,3,4295,1.637375951,1.644800000,1.324300000,0.000000000
sample,advancing_forward,ordinary,512,512,4,837,1.637248039,1.644600000,1.155100000,0.000000000
sample,advancing_forward,ordinary,512,513,4,290,1.703935981,1.712200000,1.009400000,0.000000000
sample,advancing_forward,ordinary,512,514,4,460,1.633280039,1.641900000,1.231100000,0.000000000
sample,advancing_forward,ordinary,512,515,4,307,1.726464033,1.735000000,1.241700000,0.000000000
sample,advancing_forward,ordinary,512,516,4,12606,1.644544005,1.657700000,1.280000000,0.000000000
sample,advancing_forward,ordinary,512,517,4,32455,1.545215964,1.552700000,1.221100000,0.000000000
sample,advancing_forward,ordinary,512,518,4,837,1.659904003,1.668500000,1.319400000,0.000000000
sample,advancing_forward,ordinary,512,519,4,3584,1.585152030,1.593000000,1.262400000,0.000000000
sample,advancing_forward,ordinary,512,520,4,45456,1.654783964,1.663000000,1.342500000,0.000000000
sample,advancing_forward,ordinary,512,521,4,389,1.665951967,1.675800000,1.311800000,0.000000000
sample,advancing_forward,ordinary,512,522,4,7485,1.617920041,1.626300000,1.280400000,0.000000000
sample,advancing_forward,ordinary,512,523,4,284,1.635328054,1.642800000,1.277700000,0.000000000
sample,advancing_forward,ordinary,512,524,4,3051,1.588224053,1.595900000,1.263800000,0.000000000
sample,advancing_forward,ordinary,512,525,4,287,1.754080057,1.762400000,1.431600000,0.000000000
sample,advancing_forward,ordinary,512,526,4,262,1.790879965,1.808500000,1.430300000,0.000000000
sample,advancing_forward,ordinary,512,527,4,4295,1.694720030,1.709400000,1.236400000,0.000000000
sample,advancing_forward,graph,512,512,4,837,1.324895978,1.337900000,0.079200000,0.015100000
sample,advancing_forward,graph,512,513,4,290,1.323935986,1.331300000,0.072100000,0.010600000
sample,advancing_forward,graph,512,514,4,460,1.325055957,1.334300000,0.071400000,0.010300000
sample,advancing_forward,graph,512,515,4,307,1.321984053,1.330600000,0.071000000,0.010400000
sample,advancing_forward,graph,512,516,4,12606,1.321984053,1.330600000,0.050900000,0.010200000
sample,advancing_forward,graph,512,517,4,32455,1.328096032,1.337100000,0.050400000,0.010200000
sample,advancing_forward,graph,512,518,4,837,1.345471978,1.362600000,0.067900000,0.017900000
sample,advancing_forward,graph,512,519,4,3584,1.391615987,1.402600000,0.124700000,0.014700000
sample,advancing_forward,graph,512,520,4,45456,1.327103972,1.336100000,0.054600000,0.010100000
sample,advancing_forward,graph,512,521,4,389,1.331200004,1.340400000,0.053700000,0.010200000
sample,advancing_forward,graph,512,522,4,7485,1.342463970,1.354000000,0.072000000,0.014100000
sample,advancing_forward,graph,512,523,4,284,1.332224011,1.341600000,0.064600000,0.012000000
sample,advancing_forward,graph,512,524,4,3051,1.332224011,1.341700000,0.083700000,0.010300000
sample,advancing_forward,graph,512,525,4,287,1.334272027,1.345700000,0.057700000,0.010300000
sample,advancing_forward,graph,512,526,4,262,1.352704048,1.368900000,0.069500000,0.017200000
sample,advancing_forward,graph,512,527,4,4295,1.329151988,1.337300000,0.052100000,0.010400000
sample,advancing_forward,graph,512,512,5,837,1.341439962,1.356900000,0.089100000,0.024000000
sample,advancing_forward,graph,512,513,5,290,1.358816028,1.382100000,0.096600000,0.026300000
sample,advancing_forward,graph,512,514,5,460,1.457152009,1.495200000,0.367300000,0.096500000
sample,advancing_forward,graph,512,515,5,307,1.325055957,1.335100000,0.057900000,0.011200000
sample,advancing_forward,graph,512,516,5,12606,1.321984053,1.332600000,0.084600000,0.010600000
sample,advancing_forward,graph,512,517,5,32455,1.340415955,1.355400000,0.068300000,0.014900000
sample,advancing_forward,graph,512,518,5,837,1.330175996,1.339500000,0.056100000,0.010400000
sample,advancing_forward,graph,512,519,5,3584,1.325055957,1.335300000,0.079500000,0.010900000
sample,advancing_forward,graph,512,520,5,45456,1.327103972,1.337000000,0.087400000,0.012300000
sample,advancing_forward,graph,512,521,5,389,1.328127980,1.337500000,0.075200000,0.010000000
sample,advancing_forward,graph,512,522,5,7485,1.332224011,1.340300000,0.050900000,0.010200000
sample,advancing_forward,graph,512,523,5,284,1.330175996,1.338700000,0.050800000,0.010400000
sample,advancing_forward,graph,512,524,5,3051,1.343487978,1.356700000,0.063000000,0.014700000
sample,advancing_forward,graph,512,525,5,287,1.338368058,1.347200000,0.058400000,0.012100000
sample,advancing_forward,graph,512,526,5,262,1.336320043,1.344700000,0.071500000,0.010200000
sample,advancing_forward,graph,512,527,5,4295,1.326943994,1.334700000,0.051800000,0.010500000
sample,advancing_forward,ordinary,512,512,5,837,1.604608059,1.612600000,1.076000000,0.000000000
sample,advancing_forward,ordinary,512,513,5,290,1.628160000,1.636800000,1.302100000,0.000000000
sample,advancing_forward,ordinary,512,514,5,460,1.674239993,1.682000000,1.321700000,0.000000000
sample,advancing_forward,ordinary,512,515,5,307,1.724416018,1.733800000,1.412000000,0.000000000
sample,advancing_forward,ordinary,512,516,5,12606,1.703935981,1.717500000,1.247500000,0.000000000
sample,advancing_forward,ordinary,512,517,5,32455,2.912256002,2.940000000,2.518600000,0.000000000
sample,advancing_forward,ordinary,512,518,5,837,1.794816017,1.802600000,1.475000000,0.000000000
sample,advancing_forward,ordinary,512,519,5,3584,1.713152051,1.722200000,1.349500000,0.000000000
sample,advancing_forward,ordinary,512,520,5,45456,1.800191998,1.809900000,1.473600000,0.000000000
sample,advancing_forward,ordinary,512,521,5,389,1.807360053,1.817500000,1.468300000,0.000000000
sample,advancing_forward,ordinary,512,522,5,7485,1.754112005,1.764100000,1.395600000,0.000000000
sample,advancing_forward,ordinary,512,523,5,284,1.795071959,1.804400000,1.482600000,0.000000000
sample,advancing_forward,ordinary,512,524,5,3051,1.668095946,1.681700000,1.316400000,0.000000000
sample,advancing_forward,ordinary,512,525,5,287,1.832960010,1.841500000,1.520400000,0.000000000
sample,advancing_forward,ordinary,512,526,5,262,1.690623999,1.699100000,1.207100000,0.000000000
sample,advancing_forward,ordinary,512,527,5,4295,1.623039961,1.631200000,1.268600000,0.000000000
sample,advancing_forward,ordinary,512,512,6,837,1.972223997,1.984400000,1.652000000,0.000000000
sample,advancing_forward,ordinary,512,513,6,290,1.876991987,1.895700000,1.560200000,0.000000000
sample,advancing_forward,ordinary,512,514,6,460,1.936383963,1.957200000,1.624400000,0.000000000
sample,advancing_forward,ordinary,512,515,6,307,1.832960010,1.848200000,1.520300000,0.000000000
sample,advancing_forward,ordinary,512,516,6,12606,1.627135992,1.635800000,1.270900000,0.000000000
sample,advancing_forward,ordinary,512,517,6,32455,1.827839971,1.836000000,1.375700000,0.000000000
sample,advancing_forward,ordinary,512,518,6,837,1.586176038,1.595100000,1.136900000,0.000000000
sample,advancing_forward,ordinary,512,519,6,3584,1.514495969,1.522100000,1.175800000,0.000000000
sample,advancing_forward,ordinary,512,520,6,45456,1.568768024,1.576600000,1.193700000,0.000000000
sample,advancing_forward,ordinary,512,521,6,389,1.798143983,1.805800000,1.461300000,0.000000000
sample,advancing_forward,ordinary,512,522,6,7485,1.712128043,1.719800000,1.384100000,0.000000000
sample,advancing_forward,ordinary,512,523,6,284,1.949695945,1.969200000,1.287100000,0.000000000
sample,advancing_forward,ordinary,512,524,6,3051,2.071552038,2.082400000,1.573900000,0.000000000
sample,advancing_forward,ordinary,512,525,6,287,1.797119975,1.807900000,1.451400000,0.000000000
sample,advancing_forward,ordinary,512,526,6,262,1.876991987,1.886700000,1.524900000,0.000000000
sample,advancing_forward,ordinary,512,527,6,4295,1.736703992,1.746500000,1.386100000,0.000000000
sample,advancing_forward,graph,512,512,6,837,1.316768050,1.325000000,0.070800000,0.010300000
sample,advancing_forward,graph,512,513,6,290,1.324031949,1.332300000,0.071000000,0.010300000
sample,advancing_forward,graph,512,514,6,460,1.325055957,1.333400000,0.050600000,0.010500000
sample,advancing_forward,graph,512,515,6,307,1.321984053,1.331200000,0.050600000,0.010300000
sample,advancing_forward,graph,512,516,6,12606,1.336320043,1.354800000,0.091300000,0.019900000
sample,advancing_forward,graph,512,517,6,32455,1.348608017,1.365500000,0.077200000,0.021100000
sample,advancing_forward,graph,512,518,6,837,1.337344050,1.352800000,0.058100000,0.013200000
sample,advancing_forward,graph,512,519,6,3584,1.326015949,1.334700000,0.053700000,0.011200000
sample,advancing_forward,graph,512,520,6,45456,1.326079965,1.335600000,0.075000000,0.010300000
sample,advancing_forward,graph,512,521,6,389,1.333248019,1.343400000,0.058500000,0.011400000
sample,advancing_forward,graph,512,522,6,7485,1.335296035,1.345600000,0.065700000,0.012300000
sample,advancing_forward,graph,512,523,6,284,1.330175996,1.339400000,0.083900000,0.010100000
sample,advancing_forward,graph,512,524,6,3051,1.332224011,1.342300000,0.081100000,0.010300000
sample,advancing_forward,graph,512,525,6,287,1.338368058,1.349400000,0.071300000,0.012000000
sample,advancing_forward,graph,512,526,6,262,1.337344050,1.347000000,0.079200000,0.010200000
sample,advancing_forward,graph,512,527,6,4295,1.327103972,1.337100000,0.059300000,0.010300000
sample,advancing_forward,graph,512,512,7,837,1.361919999,1.397400000,0.126600000,0.034600000
sample,advancing_forward,graph,512,513,7,290,1.354751945,1.385500000,0.098000000,0.024900000
sample,advancing_forward,graph,512,514,7,460,1.344511986,1.360400000,0.084100000,0.019700000
sample,advancing_forward,graph,512,515,7,307,1.340415955,1.355100000,0.081100000,0.018200000
sample,advancing_forward,graph,512,516,7,12606,1.334272027,1.347200000,0.075800000,0.016100000
sample,advancing_forward,graph,512,517,7,32455,1.341439962,1.355600000,0.076900000,0.018100000
sample,advancing_forward,graph,512,518,7,837,1.360895991,1.381600000,0.092700000,0.025100000
sample,advancing_forward,graph,512,519,7,3584,1.348608017,1.366100000,0.089600000,0.021300000
sample,advancing_forward,graph,512,520,7,45456,1.357823968,1.380700000,0.132400000,0.029500000
sample,advancing_forward,graph,512,521,7,389,1.353728056,1.367600000,0.069400000,0.024000000
sample,advancing_forward,graph,512,522,7,7485,1.350656033,1.362700000,0.075600000,0.019600000
sample,advancing_forward,graph,512,523,7,284,1.341439962,1.351400000,0.071800000,0.015600000
sample,advancing_forward,graph,512,524,7,3051,1.339391947,1.349100000,0.065100000,0.013200000
sample,advancing_forward,graph,512,525,7,287,1.352704048,1.369400000,0.074200000,0.017500000
sample,advancing_forward,graph,512,526,7,262,1.372159958,1.395600000,0.103000000,0.028600000
sample,advancing_forward,graph,512,527,7,4295,1.351680040,1.373100000,0.084900000,0.020300000
sample,advancing_forward,ordinary,512,512,7,837,1.641471982,1.651200000,1.287500000,0.000000000
sample,advancing_forward,ordinary,512,513,7,290,1.617920041,1.628100000,1.256000000,0.000000000
sample,advancing_forward,ordinary,512,514,7,460,1.700863957,1.709900000,1.378700000,0.000000000
sample,advancing_forward,ordinary,512,515,7,307,1.555456042,1.564800000,1.181000000,0.000000000
sample,advancing_forward,ordinary,512,516,7,12606,1.728512049,1.738200000,1.203500000,0.000000000
sample,advancing_forward,ordinary,512,517,7,32455,1.740800023,1.754000000,1.427700000,0.000000000
sample,advancing_forward,ordinary,512,518,7,837,1.684479952,1.693000000,1.334500000,0.000000000
sample,advancing_forward,ordinary,512,519,7,3584,1.620991945,1.628700000,1.242500000,0.000000000
sample,advancing_forward,ordinary,512,520,7,45456,1.597440004,1.605500000,1.210900000,0.000000000
sample,advancing_forward,ordinary,512,521,7,389,1.616799951,1.624900000,1.167500000,0.000000000
sample,advancing_forward,ordinary,512,522,7,7485,1.561599970,1.569800000,1.235400000,0.000000000
sample,advancing_forward,ordinary,512,523,7,284,1.616896033,1.624800000,1.165700000,0.000000000
sample,advancing_forward,ordinary,512,524,7,3051,1.584128022,1.592700000,1.247900000,0.000000000
sample,advancing_forward,ordinary,512,525,7,287,1.682464004,1.691400000,1.325200000,0.000000000
sample,advancing_forward,ordinary,512,526,7,262,1.668095946,1.683600000,1.355100000,0.000000000
sample,advancing_forward,ordinary,512,527,7,4295,1.887231946,1.899100000,1.353600000,0.000000000
sample,advancing_forward,ordinary,512,512,8,837,1.591295958,1.599400000,1.244600000,0.000000000
sample,advancing_forward,ordinary,512,513,8,290,1.574911952,1.583200000,1.175900000,0.000000000
sample,advancing_forward,ordinary,512,514,8,460,1.583968043,1.591400000,1.220100000,0.000000000
sample,advancing_forward,ordinary,512,515,8,307,1.641471982,1.649300000,1.122000000,0.000000000
sample,advancing_forward,ordinary,512,516,8,12606,1.589247942,1.596900000,1.224300000,0.000000000
sample,advancing_forward,ordinary,512,517,8,32455,1.596415997,1.604600000,1.265600000,0.000000000
sample,advancing_forward,ordinary,512,518,8,837,1.649664044,1.662100000,1.102300000,0.000000000
sample,advancing_forward,ordinary,512,519,8,3584,2.896895885,2.909600000,2.503100000,0.000000000
sample,advancing_forward,ordinary,512,520,8,45456,1.804288030,1.811600000,1.458500000,0.000000000
sample,advancing_forward,ordinary,512,521,8,389,1.512287974,1.519800000,1.161200000,0.000000000
sample,advancing_forward,ordinary,512,522,8,7485,1.730559945,1.738300000,1.143000000,0.000000000
sample,advancing_forward,ordinary,512,523,8,284,1.731520057,1.739600000,1.385400000,0.000000000
sample,advancing_forward,ordinary,512,524,8,3051,1.924095988,1.934200000,1.571500000,0.000000000
sample,advancing_forward,ordinary,512,525,8,287,1.782783985,1.792800000,1.361200000,0.000000000
sample,advancing_forward,ordinary,512,526,8,262,1.826815963,1.836500000,1.292200000,0.000000000
sample,advancing_forward,ordinary,512,527,8,4295,1.689599991,1.706100000,1.273800000,0.000000000
sample,advancing_forward,graph,512,512,8,837,1.314815998,1.324000000,0.072300000,0.010400000
sample,advancing_forward,graph,512,513,8,290,1.321984053,1.330300000,0.071300000,0.010400000
sample,advancing_forward,graph,512,514,8,460,1.324031949,1.333600000,0.050000000,0.010300000
sample,advancing_forward,graph,512,515,8,307,1.352576017,1.373000000,0.092600000,0.026500000
sample,advancing_forward,graph,512,516,8,12606,1.336320043,1.347900000,0.061500000,0.015000000
sample,advancing_forward,graph,512,517,8,32455,1.434623957,1.462000000,0.344900000,0.072500000
sample,advancing_forward,graph,512,518,8,837,1.333248019,1.342300000,0.057700000,0.012300000
sample,advancing_forward,graph,512,519,8,3584,1.330175996,1.338200000,0.061500000,0.012300000
sample,advancing_forward,graph,512,520,8,45456,1.345535994,1.355000000,0.083400000,0.021800000
sample,advancing_forward,graph,512,521,8,389,1.339200020,1.349100000,0.060800000,0.014100000
sample,advancing_forward,graph,512,522,8,7485,1.332224011,1.340900000,0.071700000,0.010700000
sample,advancing_forward,graph,512,523,8,284,1.327999949,1.336200000,0.080000000,0.010400000
sample,advancing_forward,graph,512,524,8,3051,1.329151988,1.337600000,0.070700000,0.010400000
sample,advancing_forward,graph,512,525,8,287,1.335296035,1.343500000,0.050100000,0.010300000
sample,advancing_forward,graph,512,526,8,262,1.334272027,1.344200000,0.050800000,0.010100000
sample,advancing_forward,graph,512,527,8,4295,1.358687997,1.381300000,0.092200000,0.024500000
sample,advancing_forward,graph,512,512,9,837,1.334272027,1.347400000,0.072600000,0.018000000
sample,advancing_forward,graph,512,513,9,290,1.331007957,1.340200000,0.060900000,0.013100000
sample,advancing_forward,graph,512,514,9,460,1.324959993,1.334200000,0.055300000,0.010400000
sample,advancing_forward,graph,512,515,9,307,1.323007941,1.333000000,0.082200000,0.010500000
sample,advancing_forward,graph,512,516,9,12606,1.325055957,1.335000000,0.075700000,0.010600000
sample,advancing_forward,graph,512,517,9,32455,1.327103972,1.337200000,0.056100000,0.011200000
sample,advancing_forward,graph,512,518,9,837,1.330175996,1.340100000,0.055600000,0.010400000
sample,advancing_forward,graph,512,519,9,3584,1.325055957,1.334900000,0.077400000,0.010400000
sample,advancing_forward,graph,512,520,9,45456,1.340415955,1.356500000,0.072300000,0.016800000
sample,advancing_forward,graph,512,521,9,389,1.343487978,1.357500000,0.071600000,0.016200000
sample,advancing_forward,graph,512,522,9,7485,1.336320043,1.347000000,0.061600000,0.011900000
sample,advancing_forward,graph,512,523,9,284,1.332224011,1.343000000,0.081800000,0.010500000
sample,advancing_forward,graph,512,524,9,3051,1.333248019,1.342800000,0.077400000,0.010300000
sample,advancing_forward,graph,512,525,9,287,1.334272027,1.344500000,0.083400000,0.010400000
sample,advancing_forward,graph,512,526,9,262,1.338368058,1.348000000,0.062300000,0.010900000
sample,advancing_forward,graph,512,527,9,4295,1.330175996,1.340100000,0.067300000,0.012000000
sample,advancing_forward,ordinary,512,512,9,837,1.631232023,1.640000000,1.318600000,0.000000000
sample,advancing_forward,ordinary,512,513,9,290,1.638399959,1.668800000,1.323300000,0.000000000
sample,advancing_forward,ordinary,512,514,9,460,2.912992001,2.922600000,2.598400000,0.000000000
sample,advancing_forward,ordinary,512,515,9,307,1.870847940,1.880300000,1.558800000,0.000000000
sample,advancing_forward,ordinary,512,516,9,12606,1.678336024,1.687400000,1.324600000,0.000000000
sample,advancing_forward,ordinary,512,517,9,32455,1.741824031,1.751600000,1.295600000,0.000000000
sample,advancing_forward,ordinary,512,518,9,837,1.772544026,1.782900000,1.460900000,0.000000000
sample,advancing_forward,ordinary,512,519,9,3584,1.766399980,1.775800000,1.455000000,0.000000000
sample,advancing_forward,ordinary,512,520,9,45456,1.726464033,1.735900000,1.396100000,0.000000000
sample,advancing_forward,ordinary,512,521,9,389,1.696768045,1.705500000,1.337200000,0.000000000
sample,advancing_forward,ordinary,512,522,9,7485,1.670143962,1.678000000,1.325100000,0.000000000
sample,advancing_forward,ordinary,512,523,9,284,1.768319964,1.776400000,1.298300000,0.000000000
sample,advancing_forward,ordinary,512,524,9,3051,1.813503981,1.822300000,1.460800000,0.000000000
sample,advancing_forward,ordinary,512,525,9,287,1.744896054,1.754000000,1.395000000,0.000000000
sample,advancing_forward,ordinary,512,526,9,262,1.802240014,1.811700000,1.334700000,0.000000000
sample,advancing_forward,ordinary,512,527,9,4295,1.752063990,1.760800000,1.406900000,0.000000000
sample,advancing_forward,ordinary,512,512,10,837,1.891327977,1.901000000,1.228800000,0.000000000
sample,advancing_forward,ordinary,512,513,10,290,1.824767947,1.835100000,1.499000000,0.000000000
sample,advancing_forward,ordinary,512,514,10,460,1.811455965,1.822300000,1.362300000,0.000000000
sample,advancing_forward,ordinary,512,515,10,307,2.036736012,2.051600000,1.724900000,0.000000000
sample,advancing_forward,ordinary,512,516,10,12606,1.909759998,1.929500000,1.570600000,0.000000000
sample,advancing_forward,ordinary,512,517,10,32455,1.566720009,1.577800000,1.235300000,0.000000000
sample,advancing_forward,ordinary,512,518,10,837,2.054143906,2.083900000,1.665400000,0.000000000
sample,advancing_forward,ordinary,512,519,10,3584,1.654783964,1.668500000,1.208300000,0.000000000
sample,advancing_forward,ordinary,512,520,10,45456,1.604416013,1.614100000,1.204200000,0.000000000
sample,advancing_forward,ordinary,512,521,10,389,1.699839950,1.711800000,1.347200000,0.000000000
sample,advancing_forward,ordinary,512,522,10,7485,1.556480050,1.567100000,1.218600000,0.000000000
sample,advancing_forward,ordinary,512,523,10,284,1.639423966,1.650800000,1.320200000,0.000000000
sample,advancing_forward,ordinary,512,524,10,3051,1.702911973,1.716600000,1.381800000,0.000000000
sample,advancing_forward,ordinary,512,525,10,287,1.721343994,1.734500000,1.372800000,0.000000000
sample,advancing_forward,ordinary,512,526,10,262,1.671167970,1.679800000,1.223900000,0.000000000
sample,advancing_forward,ordinary,512,527,10,4295,1.508352041,1.515700000,1.166300000,0.000000000
sample,advancing_forward,graph,512,512,10,837,1.318912029,1.329000000,0.083700000,0.010400000
sample,advancing_forward,graph,512,513,10,290,1.323007941,1.333100000,0.079900000,0.010300000
sample,advancing_forward,graph,512,514,10,460,1.326079965,1.336000000,0.056300000,0.010100000
sample,advancing_forward,graph,512,515,10,307,1.338368058,1.354100000,0.073900000,0.017100000
sample,advancing_forward,graph,512,516,10,12606,1.326079965,1.336400000,0.085400000,0.010500000
sample,advancing_forward,graph,512,517,10,32455,1.330175996,1.339900000,0.080000000,0.010500000
sample,advancing_forward,graph,512,518,10,837,1.332224011,1.341800000,0.081600000,0.011300000
sample,advancing_forward,graph,512,519,10,3584,1.323840022,1.332000000,0.071600000,0.010500000
sample,advancing_forward,graph,512,520,10,45456,1.325952053,1.333900000,0.075800000,0.010200000
sample,advancing_forward,graph,512,521,10,389,1.335296035,1.342700000,0.055300000,0.010400000
sample,advancing_forward,graph,512,522,10,7485,1.331200004,1.340000000,0.071800000,0.010600000
sample,advancing_forward,graph,512,523,10,284,1.329151988,1.338400000,0.052500000,0.011300000
sample,advancing_forward,graph,512,524,10,3051,1.328127980,1.336700000,0.071500000,0.010300000
sample,advancing_forward,graph,512,525,10,287,1.334272027,1.343300000,0.051200000,0.010100000
sample,advancing_forward,graph,512,526,10,262,1.335296035,1.343900000,0.050700000,0.010100000
sample,advancing_forward,graph,512,527,10,4295,1.342303991,1.354900000,0.064200000,0.014500000
sample,advancing_forward,graph,512,512,11,837,1.318912029,1.328800000,0.058900000,0.011000000
sample,advancing_forward,graph,512,513,11,290,1.323007941,1.333100000,0.088400000,0.010300000
sample,advancing_forward,graph,512,514,11,460,1.326079965,1.335000000,0.085400000,0.010400000
sample,advancing_forward,graph,512,515,11,307,1.323007941,1.332200000,0.083800000,0.010400000
sample,advancing_forward,graph,512,516,11,12606,1.326079965,1.334100000,0.072500000,0.010400000
sample,advancing_forward,graph,512,517,11,32455,1.328127980,1.335400000,0.070800000,0.010300000
sample,advancing_forward,graph,512,518,11,837,1.329151988,1.337500000,0.071200000,0.010300000
sample,advancing_forward,graph,512,519,11,3584,1.324031949,1.332000000,0.075100000,0.010200000
sample,advancing_forward,graph,512,520,11,45456,1.325055957,1.333400000,0.071900000,0.010400000
sample,advancing_forward,graph,512,521,11,389,1.329151988,1.337700000,0.051500000,0.010200000
sample,advancing_forward,graph,512,522,11,7485,1.331200004,1.339500000,0.051600000,0.010100000
sample,advancing_forward,graph,512,523,11,284,1.338368058,1.353000000,0.060000000,0.015400000
sample,advancing_forward,graph,512,524,11,3051,1.330175996,1.338700000,0.052300000,0.011100000
sample,advancing_forward,graph,512,525,11,287,1.333248019,1.341900000,0.074900000,0.010500000
sample,advancing_forward,graph,512,526,11,262,1.336320043,1.345000000,0.071700000,0.010400000
sample,advancing_forward,graph,512,527,11,4295,1.325055957,1.333600000,0.070700000,0.010400000
sample,advancing_forward,ordinary,512,512,11,837,1.656831980,1.665700000,1.103900000,0.000000000
sample,advancing_forward,ordinary,512,513,11,290,1.581055999,1.594000000,1.220100000,0.000000000
sample,advancing_forward,ordinary,512,514,11,460,1.636351943,1.645100000,1.320100000,0.000000000
sample,advancing_forward,ordinary,512,515,11,307,1.546239972,1.555000000,1.197500000,0.000000000
sample,advancing_forward,ordinary,512,516,11,12606,1.525760055,1.533300000,1.163900000,0.000000000
sample,advancing_forward,ordinary,512,517,11,32455,1.567744017,1.576100000,1.222700000,0.000000000
sample,advancing_forward,ordinary,512,518,11,837,1.583104014,1.591200000,1.180200000,0.000000000
sample,advancing_forward,ordinary,512,519,11,3584,1.525760055,1.534000000,1.077900000,0.000000000
sample,advancing_forward,ordinary,512,520,11,45456,1.531903982,1.540400000,1.084600000,0.000000000
sample,advancing_forward,ordinary,512,521,11,389,1.543167949,1.550700000,1.101400000,0.000000000
sample,advancing_forward,ordinary,512,522,11,7485,1.606655955,1.614100000,0.966000000,0.000000000
sample,advancing_forward,ordinary,512,523,11,284,1.719295979,1.738200000,1.267200000,0.000000000
sample,advancing_forward,ordinary,512,524,11,3051,2.735104084,2.762200000,2.414900000,0.000000000
sample,advancing_forward,ordinary,512,525,11,287,1.548287988,1.557200000,1.133000000,0.000000000
sample,advancing_forward,ordinary,512,526,11,262,1.609727979,1.618200000,1.253500000,0.000000000
sample,advancing_forward,ordinary,512,527,11,4295,1.697792053,1.707100000,1.385500000,0.000000000
sample,advancing_forward,ordinary,512,512,12,837,1.729536057,1.741000000,1.382100000,0.000000000
sample,advancing_forward,ordinary,512,513,12,290,1.639423966,1.649400000,1.269600000,0.000000000
sample,advancing_forward,ordinary,512,514,12,460,1.712991953,1.721500000,1.392800000,0.000000000
sample,advancing_forward,ordinary,512,515,12,307,1.559424043,1.576100000,1.214800000,0.000000000
sample,advancing_forward,ordinary,512,516,12,12606,1.633280039,1.643800000,1.316900000,0.000000000
sample,advancing_forward,ordinary,512,517,12,32455,1.783807993,1.797400000,1.434300000,0.000000000
sample,advancing_forward,ordinary,512,518,12,837,1.686527967,1.702500000,1.247700000,0.000000000
sample,advancing_forward,ordinary,512,519,12,3584,1.742848039,1.762200000,1.260000000,0.000000000
sample,advancing_forward,ordinary,512,520,12,45456,1.775616050,1.790800000,1.415800000,0.000000000
sample,advancing_forward,ordinary,512,521,12,389,1.814527988,1.828600000,1.472600000,0.000000000
sample,advancing_forward,ordinary,512,522,12,7485,1.684479952,1.696900000,1.329700000,0.000000000
sample,advancing_forward,ordinary,512,523,12,284,1.594367981,1.602900000,1.190200000,0.000000000
sample,advancing_forward,ordinary,512,524,12,3051,1.724416018,1.734800000,1.276700000,0.000000000
sample,advancing_forward,ordinary,512,525,12,287,1.631199956,1.644700000,1.286900000,0.000000000
sample,advancing_forward,ordinary,512,526,12,262,1.663007975,1.671700000,1.298100000,0.000000000
sample,advancing_forward,ordinary,512,527,12,4295,1.602560043,1.612000000,1.203100000,0.000000000
sample,advancing_forward,graph,512,512,12,837,1.314815998,1.322700000,0.073500000,0.010400000
sample,advancing_forward,graph,512,513,12,290,1.324031949,1.333300000,0.071800000,0.010400000
sample,advancing_forward,graph,512,514,12,460,1.327039957,1.335900000,0.051200000,0.010300000
sample,advancing_forward,graph,512,515,12,307,1.337344050,1.352900000,0.073900000,0.015400000
sample,advancing_forward,graph,512,516,12,12606,1.351680040,1.372800000,0.093400000,0.021900000
sample,advancing_forward,graph,512,517,12,32455,1.338368058,1.358400000,0.093900000,0.016300000
sample,advancing_forward,graph,512,518,12,837,1.335296035,1.346700000,0.066800000,0.013800000
sample,advancing_forward,graph,512,519,12,3584,1.329151988,1.340600000,0.066800000,0.013200000
sample,advancing_forward,graph,512,520,12,45456,1.328127980,1.339000000,0.063700000,0.012400000
sample,advancing_forward,graph,512,521,12,389,1.329151988,1.338900000,0.080100000,0.010200000
sample,advancing_forward,graph,512,522,12,7485,1.332224011,1.342700000,0.061000000,0.010800000
sample,advancing_forward,graph,512,523,12,284,1.328127980,1.338500000,0.077400000,0.010700000
sample,advancing_forward,graph,512,524,12,3051,1.332224011,1.342400000,0.076400000,0.010200000
sample,advancing_forward,graph,512,525,12,287,1.334272027,1.343300000,0.087200000,0.010200000
sample,advancing_forward,graph,512,526,12,262,1.337344050,1.347700000,0.083600000,0.010300000
sample,advancing_forward,graph,512,527,12,4295,1.355775952,1.377300000,0.088100000,0.023100000
sample,advancing_forward,graph,512,512,13,837,1.316864014,1.327400000,0.058300000,0.010600000
sample,advancing_forward,graph,512,513,13,290,1.323007941,1.332800000,0.056400000,0.010400000
sample,advancing_forward,graph,512,514,13,460,1.328127980,1.337600000,0.060300000,0.010300000
sample,advancing_forward,graph,512,515,13,307,1.320960045,1.330300000,0.056900000,0.010200000
sample,advancing_forward,graph,512,516,13,12606,1.325055957,1.333900000,0.057400000,0.010400000
sample,advancing_forward,graph,512,517,13,32455,1.327103972,1.335400000,0.051400000,0.010300000
sample,advancing_forward,graph,512,518,13,837,1.330175996,1.337800000,0.051000000,0.010200000
sample,advancing_forward,graph,512,519,13,3584,1.324895978,1.332900000,0.051500000,0.010100000
sample,advancing_forward,graph,512,520,13,45456,1.351680040,1.368800000,0.089300000,0.023400000
sample,advancing_forward,graph,512,521,13,389,1.364992023,1.383200000,0.102100000,0.024500000
sample,advancing_forward,graph,512,522,13,7485,1.344511986,1.354200000,0.062800000,0.015400000
sample,advancing_forward,graph,512,523,13,284,1.334272027,1.343800000,0.065300000,0.012300000
sample,advancing_forward,graph,512,524,13,3051,1.331200004,1.340700000,0.105200000,0.010300000
sample,advancing_forward,graph,512,525,13,287,1.335296035,1.344900000,0.055900000,0.010800000
sample,advancing_forward,graph,512,526,13,262,1.338368058,1.347900000,0.056700000,0.010500000
sample,advancing_forward,graph,512,527,13,4295,1.328127980,1.338600000,0.055700000,0.010700000
sample,advancing_forward,ordinary,512,512,13,837,1.507328033,1.515400000,0.985400000,0.000000000
sample,advancing_forward,ordinary,512,513,13,290,1.607679963,1.616700000,1.205700000,0.000000000
sample,advancing_forward,ordinary,512,514,13,460,1.598464012,1.610700000,1.205200000,0.000000000
sample,advancing_forward,ordinary,512,515,13,307,1.638368011,1.645600000,1.307000000,0.000000000
sample,advancing_forward,ordinary,512,516,13,12606,1.636351943,1.644100000,1.285400000,0.000000000
sample,advancing_forward,ordinary,512,517,13,32455,1.701887965,1.710200000,1.366500000,0.000000000
sample,advancing_forward,ordinary,512,518,13,837,1.688575983,1.701200000,1.375500000,0.000000000
sample,advancing_forward,ordinary,512,519,13,3584,2.894848108,2.907800000,2.487400000,0.000000000
sample,advancing_forward,ordinary,512,520,13,45456,1.727488041,1.735800000,1.370500000,0.000000000
sample,advancing_forward,ordinary,512,521,13,389,1.612800002,1.620600000,1.261000000,0.000000000
sample,advancing_forward,ordinary,512,522,13,7485,1.792000055,1.800400000,1.437600000,0.000000000
sample,advancing_forward,ordinary,512,523,13,284,1.769472003,1.778300000,1.440300000,0.000000000
sample,advancing_forward,ordinary,512,524,13,3051,1.597440004,1.605500000,1.244100000,0.000000000
sample,advancing_forward,ordinary,512,525,13,287,1.732447982,1.739800000,1.126600000,0.000000000
sample,advancing_forward,ordinary,512,526,13,262,1.712128043,1.724000000,1.261200000,0.000000000
sample,advancing_forward,ordinary,512,527,13,4295,1.783807993,1.793900000,1.437300000,0.000000000
sample,advancing_forward,ordinary,512,512,14,837,1.565696001,1.574100000,1.221900000,0.000000000
sample,advancing_forward,ordinary,512,513,14,290,1.640447974,1.649900000,1.273900000,0.000000000
sample,advancing_forward,ordinary,512,514,14,460,1.632256031,1.641800000,1.237700000,0.000000000
sample,advancing_forward,ordinary,512,515,14,307,1.532927990,1.542700000,1.188500000,0.000000000
sample,advancing_forward,ordinary,512,516,14,12606,1.657855988,1.666400000,1.303100000,0.000000000
sample,advancing_forward,ordinary,512,517,14,32455,1.972223997,1.984000000,1.625600000,0.000000000
sample,advancing_forward,ordinary,512,518,14,837,1.914880037,1.926400000,1.572800000,0.000000000
sample,advancing_forward,ordinary,512,519,14,3584,2.012160063,2.025300000,1.685700000,0.000000000
sample,advancing_forward,ordinary,512,520,14,45456,1.981439948,1.992600000,1.111700000,0.000000000
sample,advancing_forward,ordinary,512,521,14,389,1.988608003,1.999300000,1.645200000,0.000000000
sample,advancing_forward,ordinary,512,522,14,7485,1.766399980,1.781400000,1.422700000,0.000000000
sample,advancing_forward,ordinary,512,523,14,284,1.699839950,1.710600000,1.374000000,0.000000000
sample,advancing_forward,ordinary,512,524,14,3051,1.897472024,1.907500000,1.552900000,0.000000000
sample,advancing_forward,ordinary,512,525,14,287,1.815551996,1.835800000,1.228600000,0.000000000
sample,advancing_forward,ordinary,512,526,14,262,1.852416039,1.871200000,1.524500000,0.000000000
sample,advancing_forward,ordinary,512,527,14,4295,2.056191921,2.073700000,1.744100000,0.000000000
sample,advancing_forward,graph,512,512,14,837,1.314815998,1.323700000,0.071800000,0.010400000
sample,advancing_forward,graph,512,513,14,290,1.325055957,1.334300000,0.071500000,0.010100000
sample,advancing_forward,graph,512,514,14,460,1.325055957,1.333700000,0.052100000,0.010400000
sample,advancing_forward,graph,512,515,14,307,1.323007941,1.334100000,0.051800000,0.010100000
sample,advancing_forward,graph,512,516,14,12606,1.351680040,1.372100000,0.083400000,0.025600000
sample,advancing_forward,graph,512,517,14,32455,1.338368058,1.350100000,0.064800000,0.012400000
sample,advancing_forward,graph,512,518,14,837,1.342463970,1.362300000,0.101200000,0.016800000
sample,advancing_forward,graph,512,519,14,3584,1.352704048,1.370800000,0.090900000,0.026000000
sample,advancing_forward,graph,512,520,14,45456,1.337344050,1.353300000,0.067200000,0.015900000
sample,advancing_forward,graph,512,521,14,389,1.333248019,1.342900000,0.095400000,0.012300000
sample,advancing_forward,graph,512,522,14,7485,1.333248019,1.343300000,0.058500000,0.010700000
sample,advancing_forward,graph,512,523,14,284,1.330175996,1.339900000,0.080900000,0.010600000
sample,advancing_forward,graph,512,524,14,3051,1.331200004,1.341000000,0.084600000,0.010300000
sample,advancing_forward,graph,512,525,14,287,1.333248019,1.342700000,0.081600000,0.010400000
sample,advancing_forward,graph,512,526,14,262,1.337344050,1.347000000,0.083900000,0.010300000
sample,advancing_forward,graph,512,527,14,4295,1.329151988,1.338800000,0.081800000,0.010400000
sample,advancing_forward,graph,512,512,15,837,1.315840006,1.326300000,0.059600000,0.011000000
sample,advancing_forward,graph,512,513,15,290,1.326079965,1.342300000,0.060200000,0.011800000
sample,advancing_forward,graph,512,514,15,460,1.324031949,1.333600000,0.079900000,0.010600000
sample,advancing_forward,graph,512,515,15,307,1.321984053,1.331700000,0.076600000,0.010500000
sample,advancing_forward,graph,512,516,15,12606,1.324031949,1.333700000,0.076200000,0.010200000
sample,advancing_forward,graph,512,517,15,32455,1.327103972,1.338000000,0.056300000,0.010200000
sample,advancing_forward,graph,512,518,15,837,1.340415955,1.356900000,0.070400000,0.015200000
sample,advancing_forward,graph,512,519,15,3584,1.342463970,1.368100000,0.080000000,0.020200000
sample,advancing_forward,graph,512,520,15,45456,1.356799960,1.375000000,0.092700000,0.024600000
sample,advancing_forward,graph,512,521,15,389,1.338368058,1.351800000,0.062800000,0.016000000
sample,advancing_forward,graph,512,522,15,7485,1.332224011,1.341900000,0.053000000,0.010700000
sample,advancing_forward,graph,512,523,15,284,1.340224028,1.355200000,0.062300000,0.016200000
sample,advancing_forward,graph,512,524,15,3051,1.333248019,1.341600000,0.052500000,0.010800000
sample,advancing_forward,graph,512,525,15,287,1.333152056,1.341000000,0.071300000,0.010300000
sample,advancing_forward,graph,512,526,15,262,1.335296035,1.343800000,0.071200000,0.010500000
sample,advancing_forward,graph,512,527,15,4295,1.328127980,1.336600000,0.071100000,0.010400000
sample,advancing_forward,ordinary,512,512,15,837,1.919999957,1.929600000,1.607100000,0.000000000
sample,advancing_forward,ordinary,512,513,15,290,1.631232023,1.641200000,1.213800000,0.000000000
sample,advancing_forward,ordinary,512,514,15,460,1.661952019,1.671100000,1.239700000,0.000000000
sample,advancing_forward,ordinary,512,515,15,307,1.727488041,1.736900000,1.404800000,0.000000000
sample,advancing_forward,ordinary,512,516,15,12606,1.643519998,1.654600000,1.280000000,0.000000000
sample,advancing_forward,ordinary,512,517,15,32455,1.755136013,1.768600000,1.327800000,0.000000000
sample,advancing_forward,ordinary,512,518,15,837,1.763231993,1.774100000,1.339200000,0.000000000
sample,advancing_forward,ordinary,512,519,15,3584,1.972223997,1.982800000,1.600200000,0.000000000
sample,advancing_forward,ordinary,512,520,15,45456,1.879040003,1.888900000,1.230000000,0.000000000
sample,advancing_forward,ordinary,512,521,15,389,1.876991987,1.887000000,1.541100000,0.000000000
sample,advancing_forward,ordinary,512,522,15,7485,1.737728000,1.751100000,1.177600000,0.000000000
sample,advancing_forward,ordinary,512,523,15,284,1.609727979,1.619200000,1.245500000,0.000000000
sample,advancing_forward,ordinary,512,524,15,3051,1.802240014,1.812400000,1.475800000,0.000000000
sample,advancing_forward,ordinary,512,525,15,287,1.868800044,1.878100000,1.436600000,0.000000000
sample,advancing_forward,ordinary,512,526,15,262,1.773568034,1.782500000,1.446900000,0.000000000
sample,advancing_forward,ordinary,512,527,15,4295,1.746943951,1.756200000,1.403800000,0.000000000
sample,advancing_forward,ordinary,1007,1007,0,837,1.845247984,1.853500000,1.231400000,0.000000000
sample,advancing_forward,ordinary,1007,1008,0,290,1.882112026,1.890700000,1.066300000,0.000000000
sample,advancing_forward,ordinary,1007,1009,0,1863,1.832960010,1.841100000,1.344600000,0.000000000
sample,advancing_forward,ordinary,1007,1010,0,691,1.868800044,1.877700000,1.222000000,0.000000000
sample,advancing_forward,ordinary,1007,1011,0,262,1.842175961,1.856500000,0.959800000,0.000000000
sample,advancing_forward,ordinary,1007,1012,0,5093,1.840191960,1.850700000,0.973500000,0.000000000
sample,advancing_forward,ordinary,1007,1013,0,2488,1.837056041,1.855200000,1.356400000,0.000000000
sample,advancing_forward,ordinary,1007,1014,0,12,1.899296045,1.907400000,1.388900000,0.000000000
sample,advancing_forward,ordinary,1007,1015,0,31,1.927168012,1.936300000,0.992300000,0.000000000
sample,advancing_forward,ordinary,1007,1016,0,7421,1.886208057,1.896300000,0.882600000,0.000000000
sample,advancing_forward,ordinary,1007,1017,0,7051,1.884160042,1.893500000,0.884900000,0.000000000
sample,advancing_forward,ordinary,1007,1018,0,286,1.911808014,1.921500000,1.191900000,0.000000000
sample,advancing_forward,ordinary,1007,1019,0,262,1.864704013,1.884300000,1.110100000,0.000000000
sample,advancing_forward,ordinary,1007,1020,0,2619,1.966079950,1.978500000,0.910100000,0.000000000
sample,advancing_forward,ordinary,1007,1021,0,6896,1.888255954,1.899300000,0.785200000,0.000000000
sample,advancing_forward,ordinary,1007,1022,0,764,1.910784006,1.921100000,0.778200000,0.000000000
sample,advancing_forward,graph,1007,1007,0,837,1.685503960,1.708900000,0.113400000,0.035300000
sample,advancing_forward,graph,1007,1008,0,290,1.684479952,1.704600000,0.091500000,0.029900000
sample,advancing_forward,graph,1007,1009,0,1863,1.680384040,1.828300000,0.096300000,0.024900000
sample,advancing_forward,graph,1007,1010,0,691,1.703935981,1.747100000,0.134100000,0.041900000
sample,advancing_forward,graph,1007,1011,0,262,1.671167970,1.697200000,0.087400000,0.023400000
sample,advancing_forward,graph,1007,1012,0,5093,1.666048050,1.680500000,0.080200000,0.016600000
sample,advancing_forward,graph,1007,1013,0,2488,1.667072058,1.680300000,0.073900000,0.013900000
sample,advancing_forward,graph,1007,1014,0,12,1.666048050,1.678900000,0.071900000,0.013700000
sample,advancing_forward,graph,1007,1015,0,31,1.671167970,1.689500000,0.087800000,0.021600000
sample,advancing_forward,graph,1007,1016,0,7421,1.673215985,1.687900000,0.081000000,0.021600000
sample,advancing_forward,graph,1007,1017,0,7051,1.669119954,1.681700000,0.070900000,0.019200000
sample,advancing_forward,graph,1007,1018,0,286,1.658879995,1.667500000,0.050800000,0.010400000
sample,advancing_forward,graph,1007,1019,0,262,1.670143962,1.683400000,0.076400000,0.018400000
sample,advancing_forward,graph,1007,1020,0,2619,1.664000034,1.674700000,0.065100000,0.012200000
sample,advancing_forward,graph,1007,1021,0,6896,1.658879995,1.668300000,0.058400000,0.011200000
sample,advancing_forward,graph,1007,1022,0,764,1.669119954,1.681700000,0.066600000,0.014200000
sample,advancing_forward,graph,1007,1007,1,837,1.652735949,1.665100000,0.072600000,0.013000000
sample,advancing_forward,graph,1007,1008,1,290,1.672191978,1.695800000,0.090700000,0.022600000
sample,advancing_forward,graph,1007,1009,1,1863,1.692672014,1.713500000,0.181300000,0.033200000
sample,advancing_forward,graph,1007,1010,1,691,1.673215985,1.689400000,0.088100000,0.023700000
sample,advancing_forward,graph,1007,1011,1,262,1.672191978,1.688300000,0.099900000,0.017700000
sample,advancing_forward,graph,1007,1012,1,5093,1.699839950,1.723300000,0.127600000,0.038800000
sample,advancing_forward,graph,1007,1013,1,2488,1.666015983,1.677600000,0.072200000,0.017000000
sample,advancing_forward,graph,1007,1014,1,12,1.693696022,1.722000000,0.107500000,0.032000000
sample,advancing_forward,graph,1007,1015,1,31,1.678336024,1.703800000,0.077000000,0.026000000
sample,advancing_forward,graph,1007,1016,1,7421,1.678336024,1.700900000,0.086900000,0.023200000
sample,advancing_forward,graph,1007,1017,1,7051,1.664000034,1.675700000,0.068000000,0.015400000
sample,advancing_forward,graph,1007,1018,1,286,1.700863957,1.721000000,0.118800000,0.033600000
sample,advancing_forward,graph,1007,1019,1,262,1.671167970,1.688900000,0.068300000,0.021500000
sample,advancing_forward,graph,1007,1020,1,2619,1.669119954,1.681600000,0.070900000,0.016700000
sample,advancing_forward,graph,1007,1021,1,6896,1.666048050,1.679300000,0.066000000,0.015800000
sample,advancing_forward,graph,1007,1022,1,764,1.694527984,1.713700000,0.090500000,0.025700000
sample,advancing_forward,ordinary,1007,1007,1,837,1.831776023,1.841300000,1.226100000,0.000000000
sample,advancing_forward,ordinary,1007,1008,1,290,1.847296000,1.856100000,1.235000000,0.000000000
sample,advancing_forward,ordinary,1007,1009,1,1863,1.851392031,1.859800000,1.237700000,0.000000000
sample,advancing_forward,ordinary,1007,1010,1,691,1.855487943,1.864000000,1.240300000,0.000000000
sample,advancing_forward,ordinary,1007,1011,1,262,1.854464054,1.861900000,1.237100000,0.000000000
sample,advancing_forward,ordinary,1007,1012,1,5093,1.854464054,1.861900000,1.236100000,0.000000000
sample,advancing_forward,ordinary,1007,1013,1,2488,1.848320007,1.856200000,0.999200000,0.000000000
sample,advancing_forward,ordinary,1007,1014,1,12,1.908735991,1.918100000,1.095100000,0.000000000
sample,advancing_forward,ordinary,1007,1015,1,31,1.863680005,1.877600000,0.802100000,0.000000000
sample,advancing_forward,ordinary,1007,1016,1,7421,1.870847940,1.880000000,1.046700000,0.000000000
sample,advancing_forward,ordinary,1007,1017,1,7051,1.908735991,1.918200000,0.774800000,0.000000000
sample,advancing_forward,ordinary,1007,1018,1,286,1.907711983,1.916900000,0.910800000,0.000000000
sample,advancing_forward,ordinary,1007,1019,1,262,1.943552017,1.953700000,0.950900000,0.000000000
sample,advancing_forward,ordinary,1007,1020,1,2619,1.905663967,1.916300000,0.901600000,0.000000000
sample,advancing_forward,ordinary,1007,1021,1,6896,1.880064011,1.889800000,1.268800000,0.000000000
sample,advancing_forward,ordinary,1007,1022,1,764,1.849344015,1.857500000,1.228500000,0.000000000
sample,advancing_forward,ordinary,1007,1007,2,837,2.166784048,2.183800000,1.316200000,0.000000000
sample,advancing_forward,ordinary,1007,1008,2,290,1.905663967,1.941800000,1.560900000,0.000000000
sample,advancing_forward,ordinary,1007,1009,2,1863,1.934335947,1.944600000,1.214000000,0.000000000
sample,advancing_forward,ordinary,1007,1010,2,691,1.850304008,1.863800000,0.825100000,0.000000000
sample,advancing_forward,ordinary,1007,1011,2,262,1.916928053,1.949100000,1.435200000,0.000000000
sample,advancing_forward,ordinary,1007,1012,2,5093,1.831936002,1.840300000,1.211500000,0.000000000
sample,advancing_forward,ordinary,1007,1013,2,2488,1.906687975,1.914900000,1.135700000,0.000000000
sample,advancing_forward,ordinary,1007,1014,2,12,2.035712004,2.045400000,1.165800000,0.000000000
sample,advancing_forward,ordinary,1007,1015,2,31,1.883136034,1.894000000,1.279900000,0.000000000
sample,advancing_forward,ordinary,1007,1016,2,7421,1.952767968,1.962200000,1.063500000,0.000000000
sample,advancing_forward,ordinary,1007,1017,2,7051,1.888255954,1.898900000,1.259400000,0.000000000
sample,advancing_forward,ordinary,1007,1018,2,286,1.910784006,1.920800000,0.925600000,0.000000000
sample,advancing_forward,ordinary,1007,1019,2,262,1.894400001,1.921000000,1.096700000,0.000000000
sample,advancing_forward,ordinary,1007,1020,2,2619,1.886208057,1.896500000,0.881200000,0.000000000
sample,advancing_forward,ordinary,1007,1021,2,6896,1.913856030,1.923400000,0.917100000,0.000000000
sample,advancing_forward,ordinary,1007,1022,2,764,1.978368044,1.988600000,0.944200000,0.000000000
sample,advancing_forward,graph,1007,1007,2,837,1.660928011,1.674300000,0.068200000,0.014400000
sample,advancing_forward,graph,1007,1008,2,290,1.647616029,1.655800000,0.052600000,0.011000000
sample,advancing_forward,graph,1007,1009,2,1863,1.650688052,1.659400000,0.051100000,0.010600000
sample,advancing_forward,graph,1007,1010,2,691,1.651711941,1.660400000,0.071500000,0.010700000
sample,advancing_forward,graph,1007,1011,2,262,1.647487998,1.655500000,0.070900000,0.010400000
sample,advancing_forward,graph,1007,1012,2,5093,1.650688052,1.658800000,0.071300000,0.010200000
sample,advancing_forward,graph,1007,1013,2,2488,1.655807972,1.663500000,0.054100000,0.013800000
sample,advancing_forward,graph,1007,1014,2,12,1.655807972,1.665100000,0.071100000,0.010100000
sample,advancing_forward,graph,1007,1015,2,31,1.651711941,1.659300000,0.050700000,0.010100000
sample,advancing_forward,graph,1007,1016,2,7421,1.651711941,1.662300000,0.050300000,0.010100000
sample,advancing_forward,graph,1007,1017,2,7051,1.692672014,1.717100000,0.100600000,0.030600000
sample,advancing_forward,graph,1007,1018,2,286,1.673215985,1.689200000,0.070200000,0.016800000
sample,advancing_forward,graph,1007,1019,2,262,1.651711941,1.662500000,0.077200000,0.010800000
sample,advancing_forward,graph,1007,1020,2,2619,1.658879995,1.669400000,0.059500000,0.011300000
sample,advancing_forward,graph,1007,1021,2,6896,1.662976027,1.672600000,0.079500000,0.010600000
sample,advancing_forward,graph,1007,1022,2,764,1.662976027,1.672100000,0.078600000,0.010500000
sample,advancing_forward,graph,1007,1007,3,837,1.644544005,1.655500000,0.080200000,0.010000000
sample,advancing_forward,graph,1007,1008,3,290,1.664000034,1.681500000,0.075400000,0.020800000
sample,advancing_forward,graph,1007,1009,3,1863,1.654783964,1.666800000,0.066700000,0.013000000
sample,advancing_forward,graph,1007,1010,3,691,1.654783964,1.668400000,0.064600000,0.013300000
sample,advancing_forward,graph,1007,1011,3,262,1.650688052,1.661400000,0.070700000,0.010700000
sample,advancing_forward,graph,1007,1012,3,5093,1.649664044,1.657200000,0.051800000,0.010800000
sample,advancing_forward,graph,1007,1013,3,2488,1.655807972,1.664000000,0.055100000,0.013800000
sample,advancing_forward,graph,1007,1014,3,12,1.654783964,1.664100000,0.072000000,0.010300000
sample,advancing_forward,graph,1007,1015,3,31,1.649664044,1.658000000,0.071900000,0.010300000
sample,advancing_forward,graph,1007,1016,3,7421,1.651711941,1.660400000,0.051800000,0.010200000
sample,advancing_forward,graph,1007,1017,3,7051,1.670047998,1.683200000,0.064100000,0.014300000
sample,advancing_forward,graph,1007,1018,3,286,1.657855988,1.667900000,0.079700000,0.011100000
sample,advancing_forward,graph,1007,1019,3,262,1.654783964,1.664800000,0.084200000,0.010500000
sample,advancing_forward,graph,1007,1020,3,2619,1.660928011,1.670800000,0.075800000,0.013400000
sample,advancing_forward,graph,1007,1021,3,6896,1.659904003,1.669500000,0.075300000,0.010400000
sample,advancing_forward,graph,1007,1022,3,764,1.662976027,1.672300000,0.082100000,0.010300000
sample,advancing_forward,ordinary,1007,1007,3,837,1.914880037,1.928600000,0.903100000,0.000000000
sample,advancing_forward,ordinary,1007,1008,3,290,2.009088039,2.030400000,1.123600000,0.000000000
sample,advancing_forward,ordinary,1007,1009,3,1863,1.972223997,1.993900000,0.998500000,0.000000000
sample,advancing_forward,ordinary,1007,1010,3,691,1.974272013,1.985000000,0.933400000,0.000000000
sample,advancing_forward,ordinary,1007,1011,3,262,1.880064011,1.890000000,0.876400000,0.000000000
sample,advancing_forward,ordinary,1007,1012,3,5093,1.907711983,1.918000000,0.868000000,0.000000000
sample,advancing_forward,ordinary,1007,1013,3,2488,1.901568055,1.911500000,0.889200000,0.000000000
sample,advancing_forward,ordinary,1007,1014,3,12,1.906687975,1.916500000,1.022700000,0.000000000
sample,advancing_forward,ordinary,1007,1015,3,31,1.903615952,1.914500000,1.077000000,0.000000000
sample,advancing_forward,ordinary,1007,1016,3,7421,1.910784006,1.920800000,1.168700000,0.000000000
sample,advancing_forward,ordinary,1007,1017,3,7051,1.898496032,1.908900000,1.154300000,0.000000000
sample,advancing_forward,ordinary,1007,1018,3,286,1.908735991,1.917700000,1.519800000,0.000000000
sample,advancing_forward,ordinary,1007,1019,3,262,1.884160042,1.893400000,1.380000000,0.000000000
sample,advancing_forward,ordinary,1007,1020,3,2619,1.905663967,1.915200000,1.046500000,0.000000000
sample,advancing_forward,ordinary,1007,1021,3,6896,1.901568055,1.910800000,1.037200000,0.000000000
sample,advancing_forward,ordinary,1007,1022,3,764,1.864704013,1.872500000,1.144700000,0.000000000
sample,advancing_forward,ordinary,1007,1007,4,837,1.890303969,1.897700000,1.146200000,0.000000000
sample,advancing_forward,ordinary,1007,1008,4,290,1.855487943,1.865200000,1.224000000,0.000000000
sample,advancing_forward,ordinary,1007,1009,4,1863,1.851264000,1.859700000,0.966800000,0.000000000
sample,advancing_forward,ordinary,1007,1010,4,691,1.887231946,1.895700000,1.137600000,0.000000000
sample,advancing_forward,ordinary,1007,1011,4,262,1.839104056,1.847200000,1.314300000,0.000000000
sample,advancing_forward,ordinary,1007,1012,4,5093,1.872768044,1.882100000,1.213000000,0.000000000
sample,advancing_forward,ordinary,1007,1013,4,2488,1.943552017,1.965400000,0.958000000,0.000000000
sample,advancing_forward,ordinary,1007,1014,4,12,1.910784006,1.920700000,0.882500000,0.000000000
sample,advancing_forward,ordinary,1007,1015,4,31,2.028543949,2.037700000,1.252100000,0.000000000
sample,advancing_forward,ordinary,1007,1016,4,7421,1.885184050,1.895500000,0.751300000,0.000000000
sample,advancing_forward,ordinary,1007,1017,4,7051,1.917951941,1.927900000,0.957100000,0.000000000
sample,advancing_forward,ordinary,1007,1018,4,286,1.911808014,1.921900000,0.940300000,0.000000000
sample,advancing_forward,ordinary,1007,1019,4,262,1.943552017,1.953300000,1.317100000,0.000000000
sample,advancing_forward,ordinary,1007,1020,4,2619,1.900544047,1.916400000,1.423500000,0.000000000
sample,advancing_forward,ordinary,1007,1021,4,6896,1.889279962,1.898600000,1.004500000,0.000000000
sample,advancing_forward,ordinary,1007,1022,4,764,1.892351985,1.901000000,1.169600000,0.000000000
sample,advancing_forward,graph,1007,1007,4,837,1.647583961,1.655500000,0.072600000,0.011100000
sample,advancing_forward,graph,1007,1008,4,290,1.645568013,1.654600000,0.071400000,0.010600000
sample,advancing_forward,graph,1007,1009,4,1863,1.648640037,1.657500000,0.075900000,0.010600000
sample,advancing_forward,graph,1007,1010,4,691,1.651711941,1.659800000,0.071200000,0.010400000
sample,advancing_forward,graph,1007,1011,4,262,1.648640037,1.656900000,0.070700000,0.010400000
sample,advancing_forward,graph,1007,1012,4,5093,1.656831980,1.666400000,0.055000000,0.011300000
sample,advancing_forward,graph,1007,1013,4,2488,1.653759956,1.662800000,0.051500000,0.010500000
sample,advancing_forward,graph,1007,1014,4,12,1.666048050,1.677700000,0.060900000,0.014000000
sample,advancing_forward,graph,1007,1015,4,31,1.661952019,1.678100000,0.087400000,0.016400000
sample,advancing_forward,graph,1007,1016,4,7421,1.652735949,1.661300000,0.053600000,0.011100000
sample,advancing_forward,graph,1007,1017,4,7051,1.664000034,1.675700000,0.062300000,0.014200000
sample,advancing_forward,graph,1007,1018,4,286,1.658815980,1.666800000,0.071000000,0.010600000
sample,advancing_forward,graph,1007,1019,4,262,1.653759956,1.661800000,0.050700000,0.010400000
sample,advancing_forward,graph,1007,1020,4,2619,1.656831980,1.665400000,0.071100000,0.010400000
sample,advancing_forward,graph,1007,1021,4,6896,1.660928011,1.670400000,0.070500000,0.010400000
sample,advancing_forward,graph,1007,1022,4,764,1.671167970,1.682900000,0.061300000,0.013600000
sample,advancing_forward,graph,1007,1007,5,837,1.644544005,1.653500000,0.071200000,0.010400000
sample,advancing_forward,graph,1007,1008,5,290,1.643519998,1.652100000,0.070800000,0.010600000
sample,advancing_forward,graph,1007,1009,5,1863,1.649664044,1.657600000,0.070700000,0.010300000
sample,advancing_forward,graph,1007,1010,5,691,1.650688052,1.658500000,0.069700000,0.010200000
sample,advancing_forward,graph,1007,1011,5,262,1.665024042,1.684400000,0.071300000,0.019300000
sample,advancing_forward,graph,1007,1012,5,5093,1.688575983,1.709400000,0.111000000,0.031900000
sample,advancing_forward,graph,1007,1013,5,2488,1.670143962,1.687900000,0.071300000,0.018000000
sample,advancing_forward,graph,1007,1014,5,12,1.683264017,1.701100000,0.096500000,0.024500000
sample,advancing_forward,graph,1007,1015,5,31,1.679360032,1.708100000,0.078900000,0.022000000
sample,advancing_forward,graph,1007,1016,5,7421,1.675232053,1.692300000,0.080800000,0.019300000
sample,advancing_forward,graph,1007,1017,5,7051,1.665856004,1.675300000,0.065600000,0.013300000
sample,advancing_forward,graph,1007,1018,5,286,1.658879995,1.667600000,0.058300000,0.012100000
sample,advancing_forward,graph,1007,1019,5,262,1.655807972,1.664400000,0.051500000,0.010500000
sample,advancing_forward,graph,1007,1020,5,2619,1.676288009,1.691300000,0.082200000,0.019600000
sample,advancing_forward,graph,1007,1021,5,6896,1.681408048,1.705600000,0.097800000,0.021300000
sample,advancing_forward,graph,1007,1022,5,764,1.738623977,1.771300000,0.136200000,0.059000000
sample,advancing_forward,ordinary,1007,1007,5,837,1.892351985,1.903000000,0.945900000,0.000000000
sample,advancing_forward,ordinary,1007,1008,5,290,1.895424008,1.905100000,0.987600000,0.000000000
sample,advancing_forward,ordinary,1007,1009,5,1863,1.969151974,1.982300000,0.907000000,0.000000000
sample,advancing_forward,ordinary,1007,1010,5,691,1.894400001,1.916000000,1.002400000,0.000000000
sample,advancing_forward,ordinary,1007,1011,5,262,1.901568055,1.911300000,0.871100000,0.000000000
sample,advancing_forward,ordinary,1007,1012,5,5093,1.899520040,1.908600000,0.884500000,0.000000000
sample,advancing_forward,ordinary,1007,1013,5,2488,1.904639959,1.914000000,0.884300000,0.000000000
sample,advancing_forward,ordinary,1007,1014,5,12,1.906687975,1.917000000,0.889200000,0.000000000
sample,advancing_forward,ordinary,1007,1015,5,31,1.895424008,1.905700000,0.881600000,0.000000000
sample,advancing_forward,ordinary,1007,1016,5,7421,1.916928053,1.926800000,0.877300000,0.000000000
sample,advancing_forward,ordinary,1007,1017,5,7051,1.911808014,1.921900000,1.396800000,0.000000000
sample,advancing_forward,ordinary,1007,1018,5,286,1.906687975,1.921700000,0.942200000,0.000000000
sample,advancing_forward,ordinary,1007,1019,5,262,1.886208057,1.895900000,0.732300000,0.000000000
sample,advancing_forward,ordinary,1007,1020,5,2619,1.911808014,1.921500000,0.832300000,0.000000000
sample,advancing_forward,ordinary,1007,1021,5,6896,1.911808014,1.921700000,0.887500000,0.000000000
sample,advancing_forward,ordinary,1007,1022,5,764,1.896448016,1.905500000,1.412900000,0.000000000
sample,advancing_forward,ordinary,1007,1007,6,837,1.949695945,1.959400000,1.150100000,0.000000000
sample,advancing_forward,ordinary,1007,1008,6,290,1.902591944,1.912800000,0.959300000,0.000000000
sample,advancing_forward,ordinary,1007,1009,6,1863,1.900544047,1.910500000,0.957100000,0.000000000
sample,advancing_forward,ordinary,1007,1010,6,691,1.881088018,1.890700000,1.005400000,0.000000000
sample,advancing_forward,ordinary,1007,1011,6,262,1.900544047,1.929200000,1.042200000,0.000000000
sample,advancing_forward,ordinary,1007,1012,6,5093,1.876896024,1.902100000,1.271300000,0.000000000
sample,advancing_forward,ordinary,1007,1013,6,2488,1.969151974,1.981400000,1.379200000,0.000000000
sample,advancing_forward,ordinary,1007,1014,6,12,1.895424008,1.916000000,1.192600000,0.000000000
sample,advancing_forward,ordinary,1007,1015,6,31,2.016256094,2.026000000,1.049200000,0.000000000
sample,advancing_forward,ordinary,1007,1016,6,7421,1.945600033,1.957900000,0.990900000,0.000000000
sample,advancing_forward,ordinary,1007,1017,6,7051,1.901568055,1.912200000,0.892100000,0.000000000
sample,advancing_forward,ordinary,1007,1018,6,286,1.908735991,1.918000000,0.894000000,0.000000000
sample,advancing_forward,ordinary,1007,1019,6,262,1.881088018,1.892400000,1.015100000,0.000000000
sample,advancing_forward,ordinary,1007,1020,6,2619,1.905663967,1.921900000,0.946100000,0.000000000
sample,advancing_forward,ordinary,1007,1021,6,6896,1.951743960,1.962000000,1.587400000,0.000000000
sample,advancing_forward,ordinary,1007,1022,6,764,1.894400001,1.903900000,1.024200000,0.000000000
sample,advancing_forward,graph,1007,1007,6,837,1.662976027,1.679000000,0.078600000,0.018100000
sample,advancing_forward,graph,1007,1008,6,290,1.646592021,1.657400000,0.102100000,0.010900000
sample,advancing_forward,graph,1007,1009,6,1863,1.654783964,1.663600000,0.084300000,0.010300000
sample,advancing_forward,graph,1007,1010,6,691,1.651711941,1.660000000,0.071800000,0.010400000
sample,advancing_forward,graph,1007,1011,6,262,1.645568013,1.654500000,0.072200000,0.010400000
sample,advancing_forward,graph,1007,1012,6,5093,1.649664044,1.658300000,0.071500000,0.010400000
sample,advancing_forward,graph,1007,1013,6,2488,1.676288009,1.687500000,0.061400000,0.014200000
sample,advancing_forward,graph,1007,1014,6,12,1.655807972,1.663400000,0.050900000,0.010400000
sample,advancing_forward,graph,1007,1015,6,31,1.662976027,1.675900000,0.063200000,0.014900000
sample,advancing_forward,graph,1007,1016,6,7421,1.650688052,1.658300000,0.052200000,0.010900000
sample,advancing_forward,graph,1007,1017,6,7051,1.653759956,1.662500000,0.071100000,0.010700000
sample,advancing_forward,graph,1007,1018,6,286,1.656767964,1.664900000,0.070800000,0.010400000
sample,advancing_forward,graph,1007,1019,6,262,1.657855988,1.668800000,0.077500000,0.010500000
sample,advancing_forward,graph,1007,1020,6,2619,1.654783964,1.664000000,0.070500000,0.010500000
sample,advancing_forward,graph,1007,1021,6,6896,1.666048050,1.674100000,0.054500000,0.010500000
sample,advancing_forward,graph,1007,1022,6,764,1.658879995,1.667600000,0.071000000,0.010300000
sample,advancing_forward,graph,1007,1007,7,837,1.647616029,1.661100000,0.062700000,0.011100000
sample,advancing_forward,graph,1007,1008,7,290,1.655807972,1.667900000,0.069600000,0.013800000
sample,advancing_forward,graph,1007,1009,7,1863,1.650688052,1.661000000,0.060800000,0.011100000
sample,advancing_forward,graph,1007,1010,7,691,1.653759956,1.663200000,0.080800000,0.010600000
sample,advancing_forward,graph,1007,1011,7,262,1.648640037,1.659200000,0.080200000,0.010200000
sample,advancing_forward,graph,1007,1012,7,5093,1.650688052,1.661400000,0.060100000,0.010300000
sample,advancing_forward,graph,1007,1013,7,2488,1.671167970,1.702500000,0.078800000,0.018000000
sample,advancing_forward,graph,1007,1014,7,12,1.680384040,1.706500000,0.092200000,0.024600000
sample,advancing_forward,graph,1007,1015,7,31,1.661952019,1.676800000,0.072900000,0.015500000
sample,advancing_forward,graph,1007,1016,7,7421,1.676288009,1.688200000,0.083300000,0.023700000
sample,advancing_forward,graph,1007,1017,7,7051,1.654783964,1.663500000,0.073500000,0.011000000
sample,advancing_forward,graph,1007,1018,7,286,1.658879995,1.668200000,0.055800000,0.010900000
sample,advancing_forward,graph,1007,1019,7,262,1.659904003,1.669600000,0.058200000,0.012400000
sample,advancing_forward,graph,1007,1020,7,2619,1.653759956,1.662900000,0.070600000,0.010300000
sample,advancing_forward,graph,1007,1021,7,6896,1.670112014,1.680600000,0.062300000,0.014100000
sample,advancing_forward,graph,1007,1022,7,764,1.661759973,1.669800000,0.053400000,0.010600000
sample,advancing_forward,ordinary,1007,1007,7,837,2.733056068,2.746100000,2.529100000,0.000000000
sample,advancing_forward,ordinary,1007,1008,7,290,1.848320007,1.857200000,1.125800000,0.000000000
sample,advancing_forward,ordinary,1007,1009,7,1863,1.900544047,1.909900000,0.907900000,0.000000000
sample,advancing_forward,ordinary,1007,1010,7,691,1.901568055,1.911300000,1.261100000,0.000000000
sample,advancing_forward,ordinary,1007,1011,7,262,1.905663967,1.915200000,0.772300000,0.000000000
sample,advancing_forward,ordinary,1007,1012,7,5093,1.901568055,1.911600000,0.903500000,0.000000000
sample,advancing_forward,ordinary,1007,1013,7,2488,1.951743960,1.962300000,1.445300000,0.000000000
sample,advancing_forward,ordinary,1007,1014,7,12,2.302975893,2.313300000,1.162200000,0.000000000
sample,advancing_forward,ordinary,1007,1015,7,31,1.884160042,1.895400000,0.746200000,0.000000000
sample,advancing_forward,ordinary,1007,1016,7,7421,1.916928053,1.926000000,0.886600000,0.000000000
sample,advancing_forward,ordinary,1007,1017,7,7051,1.857535958,1.866200000,1.227100000,0.000000000
sample,advancing_forward,ordinary,1007,1018,7,286,1.858559966,1.867300000,1.266500000,0.000000000
sample,advancing_forward,ordinary,1007,1019,7,262,1.856480002,1.865300000,1.107200000,0.000000000
sample,advancing_forward,ordinary,1007,1020,7,2619,1.847296000,1.859100000,1.149700000,0.000000000
sample,advancing_forward,ordinary,1007,1021,7,6896,2.164639950,2.189100000,1.777700000,0.000000000
sample,advancing_forward,ordinary,1007,1022,7,764,2.000895977,2.010200000,1.524600000,0.000000000
sample,advancing_forward,ordinary,1007,1007,8,837,1.949695945,1.958000000,1.230400000,0.000000000
sample,advancing_forward,ordinary,1007,1008,8,290,1.858559966,1.874900000,1.363200000,0.000000000
sample,advancing_forward,ordinary,1007,1009,8,1863,2.524159908,2.552000000,1.919500000,0.000000000
sample,advancing_forward,ordinary,1007,1010,8,691,2.009088039,2.019400000,0.870600000,0.000000000
sample,advancing_forward,ordinary,1007,1011,8,262,1.904639959,1.915700000,0.768500000,0.000000000
sample,advancing_forward,ordinary,1007,1012,8,5093,1.975296021,1.985200000,0.982800000,0.000000000
sample,advancing_forward,ordinary,1007,1013,8,2488,1.903615952,1.913700000,0.965300000,0.000000000
sample,advancing_forward,ordinary,1007,1014,8,12,1.859583974,1.868300000,1.242900000,0.000000000
sample,advancing_forward,ordinary,1007,1015,8,31,1.852416039,1.860400000,1.041400000,0.000000000
sample,advancing_forward,ordinary,1007,1016,8,7421,1.837983966,1.847200000,0.836600000,0.000000000
sample,advancing_forward,ordinary,1007,1017,8,7051,1.848320007,1.858500000,0.993300000,0.000000000
sample,advancing_forward,ordinary,1007,1018,8,286,1.868800044,1.877800000,1.264300000,0.000000000
sample,advancing_forward,ordinary,1007,1019,8,262,1.857535958,1.865200000,1.245600000,0.000000000
sample,advancing_forward,ordinary,1007,1020,8,2619,1.837919950,1.845500000,1.102600000,0.000000000
sample,advancing_forward,ordinary,1007,1021,8,6896,1.878015995,1.887300000,1.250800000,0.000000000
sample,advancing_forward,ordinary,1007,1022,8,764,1.932288051,1.941200000,0.939000000,0.000000000
sample,advancing_forward,graph,1007,1007,8,837,1.644384027,1.653200000,0.051500000,0.010200000
sample,advancing_forward,graph,1007,1008,8,290,1.663936019,1.677400000,0.066300000,0.016200000
sample,advancing_forward,graph,1007,1009,8,1863,1.650688052,1.658700000,0.053000000,0.010700000
sample,advancing_forward,graph,1007,1010,8,691,1.652735949,1.660800000,0.071400000,0.010600000
sample,advancing_forward,graph,1007,1011,8,262,1.652735949,1.661100000,0.071300000,0.010400000
sample,advancing_forward,graph,1007,1012,8,5093,1.649664044,1.658000000,0.078200000,0.010300000
sample,advancing_forward,graph,1007,1013,8,2488,1.654688001,1.662400000,0.071800000,0.010500000
sample,advancing_forward,graph,1007,1014,8,12,1.653759956,1.662800000,0.071400000,0.010400000
sample,advancing_forward,graph,1007,1015,8,31,1.651711941,1.659500000,0.071600000,0.010200000
sample,advancing_forward,graph,1007,1016,8,7421,1.653759956,1.663700000,0.050700000,0.010300000
sample,advancing_forward,graph,1007,1017,8,7051,1.682144046,1.699400000,0.089700000,0.024700000
sample,advancing_forward,graph,1007,1018,8,286,1.673215985,1.688900000,0.191700000,0.021100000
sample,advancing_forward,graph,1007,1019,8,262,1.659904003,1.672500000,0.059300000,0.012600000
sample,advancing_forward,graph,1007,1020,8,2619,1.679232001,1.699800000,0.074500000,0.020600000
sample,advancing_forward,graph,1007,1021,8,6896,1.674975991,1.689700000,0.068000000,0.016300000
sample,advancing_forward,graph,1007,1022,8,764,1.670143962,1.678100000,0.055900000,0.011000000
sample,advancing_forward,graph,1007,1007,9,837,1.643519998,1.653200000,0.080600000,0.010800000
sample,advancing_forward,graph,1007,1008,9,290,1.646592021,1.656000000,0.076700000,0.010400000
sample,advancing_forward,graph,1007,1009,9,1863,1.650688052,1.660500000,0.054000000,0.010200000
sample,advancing_forward,graph,1007,1010,9,691,1.654783964,1.664900000,0.094500000,0.010700000
sample,advancing_forward,graph,1007,1011,9,262,1.648640037,1.658000000,0.082400000,0.010400000
sample,advancing_forward,graph,1007,1012,9,5093,1.649664044,1.660100000,0.054400000,0.010500000
sample,advancing_forward,graph,1007,1013,9,2488,1.671167970,1.689500000,0.072000000,0.015200000
sample,advancing_forward,graph,1007,1014,9,12,1.659904003,1.669700000,0.059400000,0.011100000
sample,advancing_forward,graph,1007,1015,9,31,1.651711941,1.661300000,0.084700000,0.010800000
sample,advancing_forward,graph,1007,1016,9,7421,1.652735949,1.662000000,0.080000000,0.010700000
sample,advancing_forward,graph,1007,1017,9,7051,1.656831980,1.666600000,0.057100000,0.010500000
sample,advancing_forward,graph,1007,1018,9,286,1.656831980,1.664800000,0.071600000,0.010400000
sample,advancing_forward,graph,1007,1019,9,262,1.652735949,1.661700000,0.071600000,0.010300000
sample,advancing_forward,graph,1007,1020,9,2619,1.656831980,1.665400000,0.072300000,0.010500000
sample,advancing_forward,graph,1007,1021,9,6896,1.659808040,1.667000000,0.051400000,0.010200000
sample,advancing_forward,graph,1007,1022,9,764,1.661952019,1.671000000,0.051200000,0.010500000
sample,advancing_forward,ordinary,1007,1007,9,837,1.849344015,1.857300000,1.241500000,0.000000000
sample,advancing_forward,ordinary,1007,1008,9,290,2.012160063,2.021000000,1.102500000,0.000000000
sample,advancing_forward,ordinary,1007,1009,9,1863,1.841151953,1.850700000,0.962000000,0.000000000
sample,advancing_forward,ordinary,1007,1010,9,691,1.856511950,1.864200000,1.237500000,0.000000000
sample,advancing_forward,ordinary,1007,1011,9,262,1.855424047,1.862900000,1.104900000,0.000000000
sample,advancing_forward,ordinary,1007,1012,9,5093,1.859583974,1.867300000,1.244300000,0.000000000
sample,advancing_forward,ordinary,1007,1013,9,2488,1.857375979,1.865500000,1.242400000,0.000000000
sample,advancing_forward,ordinary,1007,1014,9,12,1.859583974,1.867500000,1.108700000,0.000000000
sample,advancing_forward,ordinary,1007,1015,9,31,1.871871948,1.881300000,1.238100000,0.000000000
sample,advancing_forward,ordinary,1007,1016,9,7421,1.930240035,1.939400000,1.576700000,0.000000000
sample,advancing_forward,ordinary,1007,1017,9,7051,1.976320028,1.987900000,0.994300000,0.000000000
sample,advancing_forward,ordinary,1007,1018,9,286,1.951743960,1.970600000,1.179700000,0.000000000
sample,advancing_forward,ordinary,1007,1019,9,262,1.901568055,1.922300000,1.007800000,0.000000000
sample,advancing_forward,ordinary,1007,1020,9,2619,1.927168012,1.938300000,0.941000000,0.000000000
sample,advancing_forward,ordinary,1007,1021,9,6896,1.928192019,1.949000000,1.504300000,0.000000000
sample,advancing_forward,ordinary,1007,1022,9,764,2.055167913,2.086800000,1.423500000,0.000000000
sample,advancing_forward,ordinary,1007,1007,10,837,1.971199989,1.980200000,0.940600000,0.000000000
sample,advancing_forward,ordinary,1007,1008,10,290,1.942528009,1.952800000,0.951400000,0.000000000
sample,advancing_forward,ordinary,1007,1009,10,1863,1.900544047,1.910600000,0.908800000,0.000000000
sample,advancing_forward,ordinary,1007,1010,10,691,1.902591944,1.912600000,0.902200000,0.000000000
sample,advancing_forward,ordinary,1007,1011,10,262,1.879040003,1.889400000,0.929400000,0.000000000
sample,advancing_forward,ordinary,1007,1012,10,5093,1.972223997,1.982300000,0.979700000,0.000000000
sample,advancing_forward,ordinary,1007,1013,10,2488,1.887231946,1.897400000,0.864400000,0.000000000
sample,advancing_forward,ordinary,1007,1014,10,12,1.935359955,1.945900000,0.868700000,0.000000000
sample,advancing_forward,ordinary,1007,1015,10,31,1.856511950,1.866100000,0.935200000,0.000000000
sample,advancing_forward,ordinary,1007,1016,10,7421,1.857375979,1.865200000,1.223700000,0.000000000
sample,advancing_forward,ordinary,1007,1017,10,7051,1.912832022,1.920900000,1.242300000,0.000000000
sample,advancing_forward,ordinary,1007,1018,10,286,1.861631989,1.870600000,1.166100000,0.000000000
sample,advancing_forward,ordinary,1007,1019,10,262,1.842175961,1.851200000,1.108400000,0.000000000
sample,advancing_forward,ordinary,1007,1020,10,2619,1.919999957,1.928100000,1.090200000,0.000000000
sample,advancing_forward,ordinary,1007,1021,10,6896,1.848191977,1.857000000,0.986600000,0.000000000
sample,advancing_forward,ordinary,1007,1022,10,764,1.848351955,1.857600000,1.226700000,0.000000000
sample,advancing_forward,graph,1007,1007,10,837,1.643519998,1.651700000,0.071000000,0.010100000
sample,advancing_forward,graph,1007,1008,10,290,1.645568013,1.654200000,0.071200000,0.010100000
sample,advancing_forward,graph,1007,1009,10,1863,1.651711941,1.660000000,0.050900000,0.010600000
sample,advancing_forward,graph,1007,1010,10,691,1.666048050,1.689900000,0.065400000,0.016300000
sample,advancing_forward,graph,1007,1011,10,262,1.667072058,1.679400000,0.075600000,0.016800000
sample,advancing_forward,graph,1007,1012,10,5093,1.651711941,1.659500000,0.071600000,0.010800000
sample,advancing_forward,graph,1007,1013,10,2488,1.653759956,1.662400000,0.071000000,0.010700000
sample,advancing_forward,graph,1007,1014,10,12,1.656831980,1.665200000,0.071100000,0.010400000
sample,advancing_forward,graph,1007,1015,10,31,1.651615977,1.659300000,0.070400000,0.010300000
sample,advancing_forward,graph,1007,1016,10,7421,1.653759956,1.661700000,0.070900000,0.010300000
sample,advancing_forward,graph,1007,1017,10,7051,1.654783964,1.663200000,0.071200000,0.010400000
sample,advancing_forward,graph,1007,1018,10,286,1.658879995,1.667200000,0.050500000,0.010200000
sample,advancing_forward,graph,1007,1019,10,262,1.655807972,1.665200000,0.050600000,0.010500000
sample,advancing_forward,graph,1007,1020,10,2619,1.685503960,1.704100000,0.094300000,0.027700000
sample,advancing_forward,graph,1007,1021,10,6896,1.777567983,1.806000000,0.393400000,0.079200000
sample,advancing_forward,graph,1007,1022,10,764,1.666048050,1.676500000,0.062000000,0.012400000
sample,advancing_forward,graph,1007,1007,11,837,1.643519998,1.654500000,0.056600000,0.010300000
sample,advancing_forward,graph,1007,1008,11,290,1.657855988,1.676700000,0.098600000,0.017300000
sample,advancing_forward,graph,1007,1009,11,1863,1.649664044,1.660500000,0.081600000,0.010700000
sample,advancing_forward,graph,1007,1010,11,691,1.651711941,1.661100000,0.080900000,0.010600000
sample,advancing_forward,graph,1007,1011,11,262,1.648640037,1.658500000,0.076600000,0.010300000
sample,advancing_forward,graph,1007,1012,11,5093,1.649664044,1.659500000,0.083400000,0.010500000
sample,advancing_forward,graph,1007,1013,11,2488,1.653759956,1.664300000,0.075900000,0.010200000
sample,advancing_forward,graph,1007,1014,11,12,1.656831980,1.666900000,0.079800000,0.010300000
sample,advancing_forward,graph,1007,1015,11,31,1.651711941,1.660800000,0.076000000,0.010300000
sample,advancing_forward,graph,1007,1016,11,7421,1.652735949,1.662300000,0.051400000,0.010300000
sample,advancing_forward,graph,1007,1017,11,7051,1.680384040,1.698200000,0.162800000,0.016400000
sample,advancing_forward,graph,1007,1018,11,286,1.658879995,1.667100000,0.052600000,0.011400000
sample,advancing_forward,graph,1007,1019,11,262,1.653759956,1.663000000,0.070700000,0.010300000
sample,advancing_forward,graph,1007,1020,11,2619,1.671167970,1.683300000,0.063600000,0.014800000
sample,advancing_forward,graph,1007,1021,11,6896,1.659904003,1.668700000,0.071800000,0.010700000
sample,advancing_forward,graph,1007,1022,11,764,1.662976027,1.670900000,0.071100000,0.010500000
sample,advancing_forward,ordinary,1007,1007,11,837,1.847231984,1.855200000,1.235000000,0.000000000
sample,advancing_forward,ordinary,1007,1008,11,290,1.831936002,1.840500000,1.220600000,0.000000000
sample,advancing_forward,ordinary,1007,1009,11,1863,1.872895956,1.887600000,1.211100000,0.000000000
sample,advancing_forward,ordinary,1007,1010,11,691,2.889535904,2.905500000,2.165300000,0.000000000
sample,advancing_forward,ordinary,1007,1011,11,262,1.904639959,1.917500000,0.968600000,0.000000000
sample,advancing_forward,ordinary,1007,1012,11,5093,1.968127966,1.978600000,0.960800000,0.000000000
sample,advancing_forward,ordinary,1007,1013,11,2488,1.913856030,1.926400000,1.069100000,0.000000000
sample,advancing_forward,ordinary,1007,1014,11,12,1.904639959,1.914800000,0.904500000,0.000000000
sample,advancing_forward,ordinary,1007,1015,11,31,1.905663967,1.916200000,0.759700000,0.000000000
sample,advancing_forward,ordinary,1007,1016,11,7421,1.904639959,1.914000000,1.131800000,0.000000000
sample,advancing_forward,ordinary,1007,1017,11,7051,1.894400001,1.910800000,0.866800000,0.000000000
sample,advancing_forward,ordinary,1007,1018,11,286,1.959936023,1.970000000,0.914300000,0.000000000
sample,advancing_forward,ordinary,1007,1019,11,262,1.893375993,1.902500000,0.927400000,0.000000000
sample,advancing_forward,ordinary,1007,1020,11,2619,1.859583974,1.867400000,0.870100000,0.000000000
sample,advancing_forward,ordinary,1007,1021,11,6896,1.847296000,1.857300000,1.122200000,0.000000000
sample,advancing_forward,ordinary,1007,1022,11,764,1.962816000,1.981200000,1.453500000,0.000000000
sample,advancing_forward,ordinary,1007,1007,12,837,1.841151953,1.856800000,1.117900000,0.000000000
sample,advancing_forward,ordinary,1007,1008,12,290,1.824767947,1.833700000,1.197200000,0.000000000
sample,advancing_forward,ordinary,1007,1009,12,1863,1.839104056,1.847100000,1.115700000,0.000000000
sample,advancing_forward,ordinary,1007,1010,12,691,1.855520010,1.864200000,1.147100000,0.000000000
sample,advancing_forward,ordinary,1007,1011,12,262,1.857535958,1.866300000,1.123400000,0.000000000
sample,advancing_forward,ordinary,1007,1012,12,5093,1.852416039,1.861800000,1.259300000,0.000000000
sample,advancing_forward,ordinary,1007,1013,12,2488,1.891327977,1.901100000,0.830600000,0.000000000
sample,advancing_forward,ordinary,1007,1014,12,12,1.845247984,1.855400000,1.228400000,0.000000000
sample,advancing_forward,ordinary,1007,1015,12,31,1.855455995,1.863600000,1.239400000,0.000000000
sample,advancing_forward,ordinary,1007,1016,12,7421,1.858559966,1.866600000,1.242500000,0.000000000
sample,advancing_forward,ordinary,1007,1017,12,7051,1.860607982,1.868300000,1.241000000,0.000000000
sample,advancing_forward,ordinary,1007,1018,12,286,1.863551974,1.870900000,1.250300000,0.000000000
sample,advancing_forward,ordinary,1007,1019,12,262,1.854464054,1.862000000,1.228600000,0.000000000
sample,advancing_forward,ordinary,1007,1020,12,2619,1.860479951,1.867700000,1.224900000,0.000000000
sample,advancing_forward,ordinary,1007,1021,12,6896,1.951743960,1.972300000,1.245600000,0.000000000
sample,advancing_forward,ordinary,1007,1022,12,764,1.874943972,1.895900000,1.268100000,0.000000000
sample,advancing_forward,graph,1007,1007,12,837,1.642495990,1.651000000,0.071800000,0.010600000
sample,advancing_forward,graph,1007,1008,12,290,1.645568013,1.654100000,0.050000000,0.010200000
sample,advancing_forward,graph,1007,1009,12,1863,1.674239993,1.699600000,0.087500000,0.024200000
sample,advancing_forward,graph,1007,1010,12,691,1.846271992,1.921800000,0.515100000,0.114600000
sample,advancing_forward,graph,1007,1011,12,262,1.658879995,1.666800000,0.062400000,0.013100000
sample,advancing_forward,graph,1007,1012,12,5093,1.652735949,1.660500000,0.059400000,0.012600000
sample,advancing_forward,graph,1007,1013,12,2488,1.652704000,1.660400000,0.050600000,0.010600000
sample,advancing_forward,graph,1007,1014,12,12,1.653759956,1.662000000,0.071300000,0.010300000
sample,advancing_forward,graph,1007,1015,12,31,1.649664044,1.657900000,0.071000000,0.010600000
sample,advancing_forward,graph,1007,1016,12,7421,1.653695941,1.661400000,0.078000000,0.010200000
sample,advancing_forward,graph,1007,1017,12,7051,1.657855988,1.665800000,0.078500000,0.010800000
sample,advancing_forward,graph,1007,1018,12,286,1.657791972,1.667000000,0.052400000,0.010200000
sample,advancing_forward,graph,1007,1019,12,262,1.677312016,1.697000000,0.074200000,0.018400000
sample,advancing_forward,graph,1007,1020,12,2619,1.669119954,1.684600000,0.089000000,0.015900000
sample,advancing_forward,graph,1007,1021,12,6896,1.672191978,1.686900000,0.070500000,0.014300000
sample,advancing_forward,graph,1007,1022,12,764,1.661952019,1.672200000,0.056700000,0.011100000
sample,advancing_forward,graph,1007,1007,13,837,1.644544005,1.654800000,0.076500000,0.010500000
sample,advancing_forward,graph,1007,1008,13,290,1.649664044,1.659700000,0.058800000,0.010600000
sample,advancing_forward,graph,1007,1009,13,1863,1.648640037,1.658600000,0.075800000,0.010400000
sample,advancing_forward,graph,1007,1010,13,691,1.651711941,1.661700000,0.074100000,0.010300000
sample,advancing_forward,graph,1007,1011,13,262,1.647616029,1.657800000,0.056600000,0.010200000
sample,advancing_forward,graph,1007,1012,13,5093,1.649664044,1.658600000,0.074000000,0.010000000
sample,advancing_forward,graph,1007,1013,13,2488,1.654783964,1.664400000,0.077600000,0.010100000
sample,advancing_forward,graph,1007,1014,13,12,1.655807972,1.667000000,0.077500000,0.010000000
sample,advancing_forward,graph,1007,1015,13,31,1.670143962,1.685400000,0.078300000,0.017800000
sample,advancing_forward,graph,1007,1016,13,7421,1.662976027,1.671600000,0.080300000,0.010700000
sample,advancing_forward,graph,1007,1017,13,7051,1.655743957,1.663800000,0.072300000,0.010600000
sample,advancing_forward,graph,1007,1018,13,286,1.658879995,1.666900000,0.081300000,0.010200000
sample,advancing_forward,graph,1007,1019,13,262,1.653759956,1.662200000,0.069300000,0.010500000
sample,advancing_forward,graph,1007,1020,13,2619,1.655807972,1.665300000,0.072000000,0.010200000
sample,advancing_forward,graph,1007,1021,13,6896,1.671167970,1.683300000,0.063100000,0.014400000
sample,advancing_forward,graph,1007,1022,13,764,1.665856004,1.673300000,0.051900000,0.010800000
sample,advancing_forward,ordinary,1007,1007,13,837,1.904639959,1.913900000,0.950000000,0.000000000
sample,advancing_forward,ordinary,1007,1008,13,290,1.896448016,1.907000000,0.902700000,0.000000000
sample,advancing_forward,ordinary,1007,1009,13,1863,1.975296021,1.984500000,0.863100000,0.000000000
sample,advancing_forward,ordinary,1007,1010,13,691,1.976320028,1.986800000,0.956000000,0.000000000
sample,advancing_forward,ordinary,1007,1011,13,262,2.085887909,2.096200000,1.442700000,0.000000000
sample,advancing_forward,ordinary,1007,1012,13,5093,1.883136034,1.894900000,0.784700000,0.000000000
sample,advancing_forward,ordinary,1007,1013,13,2488,1.964032054,1.973900000,0.887000000,0.000000000
sample,advancing_forward,ordinary,1007,1014,13,12,1.858559966,1.866200000,1.003900000,0.000000000
sample,advancing_forward,ordinary,1007,1015,13,31,1.853440046,1.862600000,1.222000000,0.000000000
sample,advancing_forward,ordinary,1007,1016,13,7421,1.837056041,1.846100000,1.211800000,0.000000000
sample,advancing_forward,ordinary,1007,1017,13,7051,1.843199968,1.851000000,1.120700000,0.000000000
sample,advancing_forward,ordinary,1007,1018,13,286,1.862655997,1.870700000,1.211000000,0.000000000
sample,advancing_forward,ordinary,1007,1019,13,262,1.984351993,1.992300000,1.022800000,0.000000000
sample,advancing_forward,ordinary,1007,1020,13,2619,1.843135953,1.852500000,0.977700000,0.000000000
sample,advancing_forward,ordinary,1007,1021,13,6896,1.845247984,1.854600000,1.227800000,0.000000000
sample,advancing_forward,ordinary,1007,1022,13,764,1.849344015,1.857300000,1.234000000,0.000000000
sample,advancing_forward,ordinary,1007,1007,14,837,1.829887986,1.842000000,0.803900000,0.000000000
sample,advancing_forward,ordinary,1007,1008,14,290,1.986495972,2.004500000,1.138500000,0.000000000
sample,advancing_forward,ordinary,1007,1009,14,1863,1.975263953,1.991300000,0.936300000,0.000000000
sample,advancing_forward,ordinary,1007,1010,14,691,1.994752049,2.010300000,1.215700000,0.000000000
sample,advancing_forward,ordinary,1007,1011,14,262,2.063359976,2.082800000,1.544400000,0.000000000
sample,advancing_forward,ordinary,1007,1012,14,5093,1.919999957,1.948700000,1.277100000,0.000000000
sample,advancing_forward,ordinary,1007,1013,14,2488,1.959936023,1.974400000,1.133400000,0.000000000
sample,advancing_forward,ordinary,1007,1014,14,12,1.922047973,1.933800000,0.914200000,0.000000000
sample,advancing_forward,ordinary,1007,1015,14,31,2.104320049,2.116800000,1.094400000,0.000000000
sample,advancing_forward,ordinary,1007,1016,14,7421,1.889279962,1.899600000,1.155800000,0.000000000
sample,advancing_forward,ordinary,1007,1017,14,7051,1.921023965,1.930500000,1.403500000,0.000000000
sample,advancing_forward,ordinary,1007,1018,14,286,1.942528009,1.952000000,1.177200000,0.000000000
sample,advancing_forward,ordinary,1007,1019,14,262,1.905663967,1.915700000,1.028900000,0.000000000
sample,advancing_forward,ordinary,1007,1020,14,2619,1.961984038,1.972200000,0.924200000,0.000000000
sample,advancing_forward,ordinary,1007,1021,14,6896,1.901568055,1.915400000,1.384300000,0.000000000
sample,advancing_forward,ordinary,1007,1022,14,764,1.894400001,1.905300000,0.898400000,0.000000000
sample,advancing_forward,graph,1007,1007,14,837,1.647616029,1.657000000,0.081000000,0.010500000
sample,advancing_forward,graph,1007,1008,14,290,1.646592021,1.654900000,0.072500000,0.010400000
sample,advancing_forward,graph,1007,1009,14,1863,1.652735949,1.662300000,0.051600000,0.010200000
sample,advancing_forward,graph,1007,1010,14,691,1.681408048,1.702200000,0.088600000,0.025000000
sample,advancing_forward,graph,1007,1011,14,262,1.671167970,1.690600000,0.074300000,0.019700000
sample,advancing_forward,graph,1007,1012,14,5093,1.651711941,1.661100000,0.052800000,0.010900000
sample,advancing_forward,graph,1007,1013,14,2488,1.654783964,1.665400000,0.056300000,0.010500000
sample,advancing_forward,graph,1007,1014,14,12,1.661952019,1.673600000,0.066800000,0.014700000
sample,advancing_forward,graph,1007,1015,14,31,1.652735949,1.662300000,0.059700000,0.010500000
sample,advancing_forward,graph,1007,1016,14,7421,1.653759956,1.664000000,0.057200000,0.010300000
sample,advancing_forward,graph,1007,1017,14,7051,1.671167970,1.687800000,0.071900000,0.015300000
sample,advancing_forward,graph,1007,1018,14,286,1.664000034,1.676300000,0.068000000,0.013100000
sample,advancing_forward,graph,1007,1019,14,262,1.657855988,1.669100000,0.066400000,0.012800000
sample,advancing_forward,graph,1007,1020,14,2619,1.656831980,1.666700000,0.057500000,0.010400000
sample,advancing_forward,graph,1007,1021,14,6896,1.664000034,1.673900000,0.060900000,0.011100000
sample,advancing_forward,graph,1007,1022,14,764,1.662976027,1.673000000,0.079800000,0.010300000
sample,advancing_forward,graph,1007,1007,15,837,2.008064032,2.132300000,0.601000000,0.225900000
sample,advancing_forward,graph,1007,1008,15,290,1.655807972,1.664700000,0.065200000,0.014800000
sample,advancing_forward,graph,1007,1009,15,1863,1.651615977,1.659600000,0.051900000,0.010500000
sample,advancing_forward,graph,1007,1010,15,691,1.661759973,1.672500000,0.062200000,0.015700000
sample,advancing_forward,graph,1007,1011,15,262,1.650688052,1.659600000,0.058000000,0.012200000
sample,advancing_forward,graph,1007,1012,15,5093,1.650688052,1.660400000,0.079400000,0.010400000
sample,advancing_forward,graph,1007,1013,15,2488,1.667072058,1.682400000,0.069400000,0.015000000
sample,advancing_forward,graph,1007,1014,15,12,1.664000034,1.673700000,0.085600000,0.012800000
sample,advancing_forward,graph,1007,1015,15,31,1.666048050,1.682500000,0.074900000,0.017200000
sample,advancing_forward,graph,1007,1016,15,7421,1.651711941,1.661900000,0.059200000,0.011000000
sample,advancing_forward,graph,1007,1017,15,7051,1.655712008,1.664400000,0.052300000,0.011000000
sample,advancing_forward,graph,1007,1018,15,286,1.660928011,1.670500000,0.079900000,0.010400000
sample,advancing_forward,graph,1007,1019,15,262,1.654783964,1.665300000,0.083900000,0.010200000
sample,advancing_forward,graph,1007,1020,15,2619,1.654783964,1.665000000,0.084900000,0.010500000
sample,advancing_forward,graph,1007,1021,15,6896,1.660928011,1.671200000,0.077000000,0.010200000
sample,advancing_forward,graph,1007,1022,15,764,1.661952019,1.671300000,0.079100000,0.010200000
sample,advancing_forward,ordinary,1007,1007,15,837,1.872895956,1.883100000,0.881300000,0.000000000
sample,advancing_forward,ordinary,1007,1008,15,290,1.898496032,1.907700000,0.904300000,0.000000000
sample,advancing_forward,ordinary,1007,1009,15,1863,1.881088018,1.891100000,0.794000000,0.000000000
sample,advancing_forward,ordinary,1007,1010,15,691,1.900544047,1.911100000,0.885400000,0.000000000
sample,advancing_forward,ordinary,1007,1011,15,262,1.916928053,1.926700000,1.079000000,0.000000000
sample,advancing_forward,ordinary,1007,1012,15,5093,1.902591944,1.910800000,0.923900000,0.000000000
sample,advancing_forward,ordinary,1007,1013,15,2488,1.923967957,1.931900000,1.151100000,0.000000000
sample,advancing_forward,ordinary,1007,1014,15,12,1.923071980,1.943400000,1.149700000,0.000000000
sample,advancing_forward,ordinary,1007,1015,15,31,1.938431978,1.959400000,1.294300000,0.000000000
sample,advancing_forward,ordinary,1007,1016,15,7421,1.880064011,1.890800000,1.004900000,0.000000000
sample,advancing_forward,ordinary,1007,1017,15,7051,1.947648048,1.958000000,1.200000000,0.000000000
sample,advancing_forward,ordinary,1007,1018,15,286,1.890303969,1.900200000,1.051000000,0.000000000
sample,advancing_forward,ordinary,1007,1019,15,262,1.903615952,1.913800000,1.141300000,0.000000000
sample,advancing_forward,ordinary,1007,1020,15,2619,1.907711983,1.916800000,1.401100000,0.000000000
sample,advancing_forward,ordinary,1007,1021,15,6896,1.890303969,1.900400000,1.277600000,0.000000000
sample,advancing_forward,ordinary,1007,1022,15,764,1.976320028,1.997800000,1.120300000,0.000000000
sample,forward_host,ordinary,128,128,0,284,1.635200024,1.694500000,1.231000000,0.000000000
sample,forward_host,ordinary,128,129,0,257,1.639999986,1.737700000,1.251200000,0.000000000
sample,forward_host,ordinary,128,130,0,614,1.622751951,1.679300000,1.294600000,0.000000000
sample,forward_host,ordinary,128,131,0,878,1.977599978,2.033500000,1.068100000,0.000000000
sample,forward_host,ordinary,128,132,0,289,1.803743958,1.859600000,1.485000000,0.000000000
sample,forward_host,ordinary,128,133,0,19775,1.630496025,1.688700000,1.280700000,0.000000000
sample,forward_host,ordinary,128,134,0,656,1.691007972,1.746300000,1.289700000,0.000000000
sample,forward_host,ordinary,128,135,0,39599,1.749663949,1.820500000,1.427400000,0.000000000
sample,forward_host,ordinary,128,136,0,1122,1.682559967,1.740500000,1.362800000,0.000000000
sample,forward_host,ordinary,128,137,0,291,1.806143999,1.860100000,1.387000000,0.000000000
sample,forward_host,ordinary,128,138,0,37346,1.776383996,1.865400000,1.451100000,0.000000000
sample,forward_host,ordinary,128,139,0,764,1.747295976,1.816700000,1.429200000,0.000000000
sample,forward_host,ordinary,128,140,0,8074,1.773920059,1.831800000,1.445000000,0.000000000
sample,forward_host,ordinary,128,141,0,20272,1.692415953,1.747900000,1.339100000,0.000000000
sample,forward_host,ordinary,128,142,0,9106,1.800832033,1.856300000,1.477500000,0.000000000
sample,forward_host,ordinary,128,143,0,3876,1.714912057,1.767100000,1.298400000,0.000000000
sample,forward_host,graph,128,128,0,284,1.072831988,1.123500000,0.062400000,0.015900000
sample,forward_host,graph,128,129,0,257,1.080031991,1.130800000,0.067500000,0.017900000
sample,forward_host,graph,128,130,0,614,1.089344025,1.140400000,0.074400000,0.023100000
sample,forward_host,graph,128,131,0,878,1.080703974,1.133800000,0.068200000,0.016900000
sample,forward_host,graph,128,132,0,289,1.079936028,1.204700000,0.065000000,0.015700000
sample,forward_host,graph,128,133,0,19775,1.102944016,1.164900000,0.093800000,0.028500000
sample,forward_host,graph,128,134,0,656,1.111744046,1.178500000,0.094400000,0.031700000
sample,forward_host,graph,128,135,0,39599,1.109375954,1.183100000,0.098700000,0.040200000
sample,forward_host,graph,128,136,0,1122,1.084671974,1.138000000,0.071000000,0.018700000
sample,forward_host,graph,128,137,0,291,1.086431980,1.138400000,0.082400000,0.016700000
sample,forward_host,graph,128,138,0,37346,1.088832021,1.147000000,0.065100000,0.016700000
sample,forward_host,graph,128,139,0,764,1.086943984,1.144400000,0.067400000,0.017500000
sample,forward_host,graph,128,140,0,8074,1.088384032,1.153700000,0.064600000,0.016300000
sample,forward_host,graph,128,141,0,20272,1.091935992,1.150000000,0.064300000,0.016900000
sample,forward_host,graph,128,142,0,9106,1.092031956,1.152900000,0.063600000,0.016500000
sample,forward_host,graph,128,143,0,3876,1.109024048,1.177700000,0.089500000,0.029200000
sample,forward_host,graph,128,128,1,284,1.061472058,1.168200000,0.050700000,0.010300000
sample,forward_host,graph,128,129,1,257,1.097056031,1.154900000,0.090800000,0.024000000
sample,forward_host,graph,128,130,1,614,1.094272017,1.149500000,0.091300000,0.022700000
sample,forward_host,graph,128,131,1,878,1.081727982,1.139000000,0.065800000,0.014200000
sample,forward_host,graph,128,132,1,289,1.071104050,1.125900000,0.060100000,0.011300000
sample,forward_host,graph,128,133,1,19775,1.072543979,1.125900000,0.079200000,0.010500000
sample,forward_host,graph,128,134,1,656,1.073920012,1.129800000,0.057800000,0.010500000
sample,forward_host,graph,128,135,1,39599,1.067551970,1.121300000,0.076300000,0.010100000
sample,forward_host,graph,128,136,1,1122,1.071807981,1.128600000,0.057900000,0.010300000
sample,forward_host,graph,128,137,1,291,1.078912020,1.133200000,0.090400000,0.012200000
sample,forward_host,graph,128,138,1,37346,1.079136014,1.133500000,0.057800000,0.010300000
sample,forward_host,graph,128,139,1,764,1.076544046,1.131000000,0.057500000,0.010600000
sample,forward_host,graph,128,140,1,8074,1.075327992,1.133800000,0.058700000,0.010500000
sample,forward_host,graph,128,141,1,20272,1.080031991,1.134500000,0.056600000,0.010400000
sample,forward_host,graph,128,142,1,9106,1.084800005,1.196500000,0.088200000,0.012000000
sample,forward_host,graph,128,143,1,3876,1.093279958,1.157500000,0.083900000,0.019700000
sample,forward_host,ordinary,128,128,1,284,1.773120046,1.865300000,1.459700000,0.000000000
sample,forward_host,ordinary,128,129,1,257,1.861824036,1.934600000,1.360600000,0.000000000
sample,forward_host,ordinary,128,130,1,614,1.683104038,1.748500000,1.362100000,0.000000000
sample,forward_host,ordinary,128,131,1,878,1.641216040,1.722000000,1.203800000,0.000000000
sample,forward_host,ordinary,128,132,1,289,1.778432012,1.832800000,1.426500000,0.000000000
sample,forward_host,ordinary,128,133,1,19775,1.623744011,1.672000000,1.310100000,0.000000000
sample,forward_host,ordinary,128,134,1,656,1.751232028,1.805000000,1.266900000,0.000000000
sample,forward_host,ordinary,128,135,1,39599,1.893471956,1.954400000,1.572800000,0.000000000
sample,forward_host,ordinary,128,136,1,1122,1.987583995,2.050000000,1.549300000,0.000000000
sample,forward_host,ordinary,128,137,1,291,1.707391977,1.761000000,1.389300000,0.000000000
sample,forward_host,ordinary,128,138,1,37346,1.771296024,1.835600000,1.458200000,0.000000000
sample,forward_host,ordinary,128,139,1,764,1.763808012,1.820700000,1.441500000,0.000000000
sample,forward_host,ordinary,128,140,1,8074,1.684352040,1.739200000,1.369900000,0.000000000
sample,forward_host,ordinary,128,141,1,20272,1.945631981,1.999700000,1.514600000,0.000000000
sample,forward_host,ordinary,128,142,1,9106,1.746752024,1.800800000,1.432900000,0.000000000
sample,forward_host,ordinary,128,143,1,3876,1.663104057,1.715800000,1.350200000,0.000000000
sample,forward_host,ordinary,128,128,2,284,1.802623987,1.854400000,1.490800000,0.000000000
sample,forward_host,ordinary,128,129,2,257,1.603263974,1.651900000,1.197000000,0.000000000
sample,forward_host,ordinary,128,130,2,614,1.600352049,1.648400000,1.189900000,0.000000000
sample,forward_host,ordinary,128,131,2,878,1.684191942,1.732800000,1.360000000,0.000000000
sample,forward_host,ordinary,128,132,2,289,1.858719945,1.923400000,1.539300000,0.000000000
sample,forward_host,ordinary,128,133,2,19775,1.612895966,1.659900000,1.278200000,0.000000000
sample,forward_host,ordinary,128,134,2,656,1.598240018,1.648300000,1.233600000,0.000000000
sample,forward_host,ordinary,128,135,2,39599,1.691488028,1.741900000,1.378300000,0.000000000
sample,forward_host,ordinary,128,136,2,1122,1.638720036,1.695400000,1.318000000,0.000000000
sample,forward_host,ordinary,128,137,2,291,1.682623982,1.733100000,1.200200000,0.000000000
sample,forward_host,ordinary,128,138,2,37346,1.706015944,1.753500000,1.372400000,0.000000000
sample,forward_host,ordinary,128,139,2,764,1.715872049,1.761100000,1.341200000,0.000000000
sample,forward_host,ordinary,128,140,2,8074,1.603199959,1.648500000,1.163200000,0.000000000
sample,forward_host,ordinary,128,141,2,20272,1.693760037,1.756700000,1.364800000,0.000000000
sample,forward_host,ordinary,128,142,2,9106,1.876000047,2.049600000,1.568000000,0.000000000
sample,forward_host,ordinary,128,143,2,3876,2.573920012,2.646500000,2.251500000,0.000000000
sample,forward_host,graph,128,128,2,284,1.062240005,1.109500000,0.053500000,0.010700000
sample,forward_host,graph,128,129,2,257,1.067808032,1.116100000,0.053900000,0.010300000
sample,forward_host,graph,128,130,2,614,1.070880055,1.118500000,0.052500000,0.010600000
sample,forward_host,graph,128,131,2,878,1.065855980,1.114200000,0.072100000,0.010300000
sample,forward_host,graph,128,132,2,289,1.070304036,1.118800000,0.072000000,0.010700000
sample,forward_host,graph,128,133,2,19775,1.070912004,1.117200000,0.072000000,0.010200000
sample,forward_host,graph,128,134,2,656,1.073248029,1.119800000,0.052700000,0.010600000
sample,forward_host,graph,128,135,2,39599,1.074272037,1.126900000,0.059100000,0.014000000
sample,forward_host,graph,128,136,2,1122,1.097120047,1.147900000,0.076400000,0.023000000
sample,forward_host,graph,128,137,2,291,1.092895985,1.166800000,0.075700000,0.018800000
sample,forward_host,graph,128,138,2,37346,1.093919992,1.153300000,0.080000000,0.017100000
sample,forward_host,graph,128,139,2,764,1.080000043,1.136200000,0.063400000,0.012500000
sample,forward_host,graph,128,140,2,8074,1.080288053,1.134100000,0.085300000,0.012200000
sample,forward_host,graph,128,141,2,20272,1.080575943,1.133800000,0.074400000,0.010400000
sample,forward_host,graph,128,142,2,9106,1.084895968,1.137800000,0.059900000,0.015100000
sample,forward_host,graph,128,143,2,3876,1.075744033,1.128100000,0.078000000,0.010300000
sample,forward_host,graph,128,128,3,284,1.064128041,1.112900000,0.058100000,0.010700000
sample,forward_host,graph,128,129,3,257,1.068415999,1.172900000,0.056600000,0.010500000
sample,forward_host,graph,128,130,3,614,1.114431977,1.176800000,0.110700000,0.030900000
sample,forward_host,graph,128,131,3,878,1.111039996,1.177800000,0.109800000,0.031100000
sample,forward_host,graph,128,132,3,289,1.083039999,1.151000000,0.080300000,0.016800000
sample,forward_host,graph,128,133,3,19775,1.072448015,1.128400000,0.061900000,0.011500000
sample,forward_host,graph,128,134,3,656,1.076671958,1.133800000,0.065200000,0.012700000
sample,forward_host,graph,128,135,3,39599,1.071871996,1.125700000,0.064100000,0.012300000
sample,forward_host,graph,128,136,3,1122,1.070880055,1.123600000,0.062100000,0.010500000
sample,forward_host,graph,128,137,3,291,1.076320052,1.129500000,0.059600000,0.010600000
sample,forward_host,graph,128,138,3,37346,1.077535987,1.130600000,0.057400000,0.010400000
sample,forward_host,graph,128,139,3,764,1.074239969,1.127400000,0.057300000,0.010800000
sample,forward_host,graph,128,140,3,8074,1.076447964,1.129300000,0.056900000,0.010600000
sample,forward_host,graph,128,141,3,20272,1.081375957,1.135300000,0.057200000,0.010200000
sample,forward_host,graph,128,142,3,9106,1.087775946,1.141800000,0.064400000,0.012200000
sample,forward_host,graph,128,143,3,3876,1.075871944,1.167900000,0.059300000,0.011100000
sample,forward_host,ordinary,128,128,3,284,1.810495973,1.863100000,1.389200000,0.000000000
sample,forward_host,ordinary,128,129,3,257,1.662176013,1.717100000,1.339600000,0.000000000
sample,forward_host,ordinary,128,130,3,614,1.689471960,1.741200000,1.361800000,0.000000000
sample,forward_host,ordinary,128,131,3,878,1.805248022,1.860600000,1.280000000,0.000000000
sample,forward_host,ordinary,128,132,3,289,1.730559945,1.782500000,1.407900000,0.000000000
sample,forward_host,ordinary,128,133,3,19775,1.658400059,1.705100000,1.331600000,0.000000000
sample,forward_host,ordinary,128,134,3,656,1.735296011,1.802600000,1.390900000,0.000000000
sample,forward_host,ordinary,128,135,3,39599,1.664896011,1.717300000,1.258600000,0.000000000
sample,forward_host,ordinary,128,136,3,1122,1.668223977,1.718400000,1.336700000,0.000000000
sample,forward_host,ordinary,128,137,3,291,1.711264014,1.759500000,1.389000000,0.000000000
sample,forward_host,ordinary,128,138,3,37346,1.620831966,1.670100000,1.297700000,0.000000000
sample,forward_host,ordinary,128,139,3,764,1.701856017,1.752200000,1.286100000,0.000000000
sample,forward_host,ordinary,128,140,3,8074,1.613280058,1.660900000,1.278400000,0.000000000
sample,forward_host,ordinary,128,141,3,20272,1.527168036,1.577000000,1.160300000,0.000000000
sample,forward_host,ordinary,128,142,3,9106,1.683904052,1.732400000,1.372700000,0.000000000
sample,forward_host,ordinary,128,143,3,3876,1.790848017,1.848300000,1.465900000,0.000000000
sample,forward_host,ordinary,128,128,4,284,1.719007969,1.772900000,1.399300000,0.000000000
sample,forward_host,ordinary,128,129,4,257,1.787392020,1.858400000,1.475300000,0.000000000
sample,forward_host,ordinary,128,130,4,614,1.616032004,1.672900000,1.280700000,0.000000000
sample,forward_host,ordinary,128,131,4,878,1.677952051,1.736700000,1.358300000,0.000000000
sample,forward_host,ordinary,128,132,4,289,1.674368024,1.732000000,1.319800000,0.000000000
sample,forward_host,ordinary,128,133,4,19775,1.823264003,1.900800000,1.510500000,0.000000000
sample,forward_host,ordinary,128,134,4,656,1.829408050,1.891000000,1.496700000,0.000000000
sample,forward_host,ordinary,128,135,4,39599,1.716096044,1.762000000,1.353400000,0.000000000
sample,forward_host,ordinary,128,136,4,1122,1.688287973,1.747300000,1.367900000,0.000000000
sample,forward_host,ordinary,128,137,4,291,1.695840001,1.763500000,1.376400000,0.000000000
sample,forward_host,ordinary,128,138,4,37346,1.685984015,1.740700000,1.364100000,0.000000000
sample,forward_host,ordinary,128,139,4,764,1.647423983,1.697900000,1.323100000,0.000000000
sample,forward_host,ordinary,128,140,4,8074,1.755071998,1.862900000,1.414800000,0.000000000
sample,forward_host,ordinary,128,141,4,20272,1.842463970,1.901100000,1.518500000,0.000000000
sample,forward_host,ordinary,128,142,4,9106,1.839104056,1.901100000,1.516400000,0.000000000
sample,forward_host,ordinary,128,143,4,3876,1.740128040,1.808600000,1.418100000,0.000000000
sample,forward_host,graph,128,128,4,284,1.064128041,1.107000000,0.057000000,0.010600000
sample,forward_host,graph,128,129,4,257,1.069695950,1.110200000,0.056600000,0.010600000
sample,forward_host,graph,128,130,4,614,1.087200046,1.131200000,0.077300000,0.021900000
sample,forward_host,graph,128,131,4,878,1.090880036,1.148000000,0.093900000,0.024000000
sample,forward_host,graph,128,132,4,289,1.103232026,1.162000000,0.099200000,0.029700000
sample,forward_host,graph,128,133,4,19775,1.079040051,1.129300000,0.060600000,0.013500000
sample,forward_host,graph,128,134,4,656,1.075103998,1.124400000,0.053100000,0.011000000
sample,forward_host,graph,128,135,4,39599,1.068223953,1.129200000,0.052400000,0.010700000
sample,forward_host,graph,128,136,4,1122,1.073279977,1.130000000,0.063900000,0.012300000
sample,forward_host,graph,128,137,4,291,1.078976035,1.132900000,0.083100000,0.012300000
sample,forward_host,graph,128,138,4,37346,1.076159954,1.129800000,0.055100000,0.010600000
sample,forward_host,graph,128,139,4,764,1.073408008,1.126900000,0.054800000,0.010200000
sample,forward_host,graph,128,140,4,8074,1.076159954,1.129900000,0.055100000,0.010200000
sample,forward_host,graph,128,141,4,20272,1.082144022,1.135100000,0.055000000,0.010200000
sample,forward_host,graph,128,142,4,9106,1.081024051,1.134700000,0.056200000,0.010400000
sample,forward_host,graph,128,143,4,3876,1.074079990,1.125400000,0.056200000,0.010400000
sample,forward_host,graph,128,128,5,284,1.073151946,1.134900000,0.063400000,0.015800000
sample,forward_host,graph,128,129,5,257,1.068480015,1.116100000,0.074100000,0.010800000
sample,forward_host,graph,128,130,5,614,1.069887996,1.121200000,0.054200000,0.010800000
sample,forward_host,graph,128,131,5,878,1.065984011,1.113800000,0.073500000,0.010700000
sample,forward_host,graph,128,132,5,289,1.066239953,1.115100000,0.053500000,0.010400000
sample,forward_host,graph,128,133,5,19775,1.071200013,1.119400000,0.054000000,0.010600000
sample,forward_host,graph,128,134,5,656,1.072736025,1.120900000,0.052500000,0.010400000
sample,forward_host,graph,128,135,5,39599,1.069120049,1.117400000,0.051800000,0.010700000
sample,forward_host,graph,128,136,5,1122,1.069120049,1.197600000,0.051500000,0.010300000
sample,forward_host,graph,128,137,5,291,1.074079990,1.122200000,0.054500000,0.010200000
sample,forward_host,graph,128,138,5,37346,1.077471972,1.124700000,0.052000000,0.010700000
sample,forward_host,graph,128,139,5,764,1.074751973,1.120600000,0.052600000,0.010300000
sample,forward_host,graph,128,140,5,8074,1.076928020,1.122700000,0.050500000,0.010300000
sample,forward_host,graph,128,141,5,20272,1.078304052,1.149900000,0.050200000,0.010300000
sample,forward_host,graph,128,142,5,9106,1.089823961,1.149300000,0.060600000,0.014900000
sample,forward_host,graph,128,143,5,3876,1.072736025,1.123000000,0.084600000,0.011000000
sample,forward_host,ordinary,128,128,5,284,1.658463955,1.716700000,1.337700000,0.000000000
sample,forward_host,ordinary,128,129,5,257,1.578688025,1.628400000,1.173400000,0.000000000
sample,forward_host,ordinary,128,130,5,614,1.654304028,1.700500000,1.330800000,0.000000000
sample,forward_host,ordinary,128,131,5,878,1.699679971,1.745900000,1.313000000,0.000000000
sample,forward_host,ordinary,128,132,5,289,1.613600016,1.659200000,1.226300000,0.000000000
sample,forward_host,ordinary,128,133,5,19775,1.756800056,1.813400000,1.391300000,0.000000000
sample,forward_host,ordinary,128,134,5,656,1.911136031,1.971700000,1.597300000,0.000000000
sample,forward_host,ordinary,128,135,5,39599,1.908383965,1.996000000,1.456100000,0.000000000
sample,forward_host,ordinary,128,136,5,1122,1.865344048,1.937200000,1.548000000,0.000000000
sample,forward_host,ordinary,128,137,5,291,1.865535975,1.927700000,1.544400000,0.000000000
sample,forward_host,ordinary,128,138,5,37346,1.662624002,1.732600000,1.349700000,0.000000000
sample,forward_host,ordinary,128,139,5,764,1.645568013,1.711800000,1.222800000,0.000000000
sample,forward_host,ordinary,128,140,5,8074,1.679200053,1.767400000,1.364300000,0.000000000
sample,forward_host,ordinary,128,141,5,20272,1.592095971,1.655800000,1.265100000,0.000000000
sample,forward_host,ordinary,128,142,5,9106,1.581984043,1.629900000,1.263100000,0.000000000
sample,forward_host,ordinary,128,143,5,3876,1.626144052,1.679200000,1.302500000,0.000000000
sample,forward_host,ordinary,128,128,6,284,1.651999950,1.712400000,1.327300000,0.000000000
sample,forward_host,ordinary,128,129,6,257,1.686400056,1.739100000,1.326400000,0.000000000
sample,forward_host,ordinary,128,130,6,614,1.628255963,1.680900000,1.297400000,0.000000000
sample,forward_host,ordinary,128,131,6,878,1.698495984,1.749200000,1.373500000,0.000000000
sample,forward_host,ordinary,128,132,6,289,1.762495995,1.841500000,1.442800000,0.000000000
sample,forward_host,ordinary,128,133,6,19775,1.721279979,1.780100000,1.399800000,0.000000000
sample,forward_host,ordinary,128,134,6,656,1.774752021,1.827800000,1.461400000,0.000000000
sample,forward_host,ordinary,128,135,6,39599,1.789535999,1.842100000,1.469400000,0.000000000
sample,forward_host,ordinary,128,136,6,1122,1.630079985,1.682900000,1.192300000,0.000000000
sample,forward_host,ordinary,128,137,6,291,1.754047990,1.804800000,1.434300000,0.000000000
sample,forward_host,ordinary,128,138,6,37346,1.653087974,1.703000000,1.286900000,0.000000000
sample,forward_host,ordinary,128,139,6,764,1.700255990,1.750700000,1.279000000,0.000000000
sample,forward_host,ordinary,128,140,6,8074,1.572384000,1.619100000,1.260000000,0.000000000
sample,forward_host,ordinary,128,141,6,20272,1.704704046,1.762700000,1.355000000,0.000000000
sample,forward_host,ordinary,128,142,6,9106,1.505663991,1.558500000,1.183500000,0.000000000
sample,forward_host,ordinary,128,143,6,3876,1.738208055,1.785900000,1.360600000,0.000000000
sample,forward_host,graph,128,128,6,284,1.081375957,1.145100000,0.079900000,0.019100000
sample,forward_host,graph,128,129,6,257,1.072991967,1.131400000,0.069900000,0.012800000
sample,forward_host,graph,128,130,6,614,1.071295977,1.126000000,0.063700000,0.012200000
sample,forward_host,graph,128,131,6,878,1.077311993,1.137300000,0.068200000,0.014600000
sample,forward_host,graph,128,132,6,289,1.071167946,1.147400000,0.066100000,0.012400000
sample,forward_host,graph,128,133,6,19775,1.087327957,1.145400000,0.069300000,0.014800000
sample,forward_host,graph,128,134,6,656,1.076192021,1.193500000,0.058900000,0.010900000
sample,forward_host,graph,128,135,6,39599,1.069535971,1.122000000,0.058000000,0.010500000
sample,forward_host,graph,128,136,6,1122,1.072607994,1.149700000,0.057500000,0.010800000
sample,forward_host,graph,128,137,6,291,1.092607975,1.173400000,0.088900000,0.019100000
sample,forward_host,graph,128,138,6,37346,1.106559992,1.174100000,0.106500000,0.023700000
sample,forward_host,graph,128,139,6,764,1.097663999,1.174100000,0.086100000,0.021600000
sample,forward_host,graph,128,140,6,8074,1.102591991,1.194200000,0.086000000,0.021000000
sample,forward_host,graph,128,141,6,20272,1.103392005,1.169100000,0.089300000,0.020000000
sample,forward_host,graph,128,142,6,9106,1.098176003,1.153800000,0.072900000,0.017500000
sample,forward_host,graph,128,143,6,3876,1.082911968,1.135600000,0.065500000,0.014500000
sample,forward_host,graph,128,128,7,284,1.086431980,1.147800000,0.124800000,0.028900000
sample,forward_host,graph,128,129,7,257,1.098623991,1.164400000,0.098900000,0.030600000
sample,forward_host,graph,128,130,7,614,1.093984008,1.174600000,0.089000000,0.023100000
sample,forward_host,graph,128,131,7,878,1.069120049,1.126500000,0.080700000,0.011300000
sample,forward_host,graph,128,132,7,289,1.071392059,1.126100000,0.076500000,0.010700000
sample,forward_host,graph,128,133,7,19775,1.073503971,1.126800000,0.079500000,0.010600000
sample,forward_host,graph,128,134,7,656,1.075520039,1.129500000,0.056600000,0.010400000
sample,forward_host,graph,128,135,7,39599,1.068671942,1.122600000,0.054800000,0.010400000
sample,forward_host,graph,128,136,7,1122,1.072767973,1.126600000,0.078300000,0.011600000
sample,forward_host,graph,128,137,7,291,1.074560046,1.128700000,0.077400000,0.010500000
sample,forward_host,graph,128,138,7,37346,1.078464031,1.132900000,0.057200000,0.010200000
sample,forward_host,graph,128,139,7,764,1.075487971,1.122500000,0.077100000,0.010300000
sample,forward_host,graph,128,140,7,8074,1.075999975,1.122000000,0.072500000,0.010300000
sample,forward_host,graph,128,141,7,20272,1.078879952,1.153500000,0.071400000,0.010400000
sample,forward_host,graph,128,142,7,9106,1.100319982,1.155100000,0.089400000,0.023300000
sample,forward_host,graph,128,143,7,3876,1.078240037,1.126400000,0.080900000,0.013300000
sample,forward_host,ordinary,128,128,7,284,1.776415944,1.833100000,1.464600000,0.000000000
sample,forward_host,ordinary,128,129,7,257,1.764639974,1.820600000,1.401700000,0.000000000
sample,forward_host,ordinary,128,130,7,614,1.733855963,1.784600000,1.411100000,0.000000000
sample,forward_host,ordinary,128,131,7,878,1.651775956,1.701700000,1.327600000,0.000000000
sample,forward_host,ordinary,128,132,7,289,1.967679977,2.042000000,1.652700000,0.000000000
sample,forward_host,ordinary,128,133,7,19775,1.674175978,1.731200000,1.350600000,0.000000000
sample,forward_host,ordinary,128,134,7,656,1.844799995,1.909400000,1.531300000,0.000000000
sample,forward_host,ordinary,128,135,7,39599,1.731104016,1.785800000,1.357900000,0.000000000
sample,forward_host,ordinary,128,136,7,1122,1.731392026,1.788200000,1.358400000,0.000000000
sample,forward_host,ordinary,128,137,7,291,1.726240039,1.854400000,1.405300000,0.000000000
sample,forward_host,ordinary,128,138,7,37346,1.754400015,1.806100000,1.441700000,0.000000000
sample,forward_host,ordinary,128,139,7,764,1.688992023,1.736900000,1.362400000,0.000000000
sample,forward_host,ordinary,128,140,7,8074,1.487903953,1.535000000,1.175300000,0.000000000
sample,forward_host,ordinary,128,141,7,20272,1.751584053,1.813100000,1.377200000,0.000000000
sample,forward_host,ordinary,128,142,7,9106,1.604832053,1.664300000,1.290900000,0.000000000
sample,forward_host,ordinary,128,143,7,3876,1.566912055,1.617700000,1.164300000,0.000000000
sample,forward_host,ordinary,128,128,8,284,1.690207958,1.739900000,1.373400000,0.000000000
sample,forward_host,ordinary,128,129,8,257,1.680223942,1.730700000,1.293400000,0.000000000
sample,forward_host,ordinary,128,130,8,614,1.728703976,1.836900000,1.415200000,0.000000000
sample,forward_host,ordinary,128,131,8,878,1.900159955,1.950400000,1.586100000,0.000000000
sample,forward_host,ordinary,128,132,8,289,1.779711962,1.837200000,1.467300000,0.000000000
sample,forward_host,ordinary,128,133,8,19775,1.733279943,1.786900000,1.419900000,0.000000000
sample,forward_host,ordinary,128,134,8,656,1.808447957,1.871400000,1.494000000,0.000000000
sample,forward_host,ordinary,128,135,8,39599,1.942335963,1.999100000,1.576000000,0.000000000
sample,forward_host,ordinary,128,136,8,1122,1.852192044,1.922900000,1.539900000,0.000000000
sample,forward_host,ordinary,128,137,8,291,1.828063965,1.880500000,1.453300000,0.000000000
sample,forward_host,ordinary,128,138,8,37346,1.599679947,1.662300000,1.284600000,0.000000000
sample,forward_host,ordinary,128,139,8,764,1.646975994,1.703100000,1.322400000,0.000000000
sample,forward_host,ordinary,128,140,8,8074,1.689183950,1.765800000,1.365200000,0.000000000
sample,forward_host,ordinary,128,141,8,20272,1.543519974,1.602400000,1.220900000,0.000000000
sample,forward_host,ordinary,128,142,8,9106,1.711359978,1.772400000,1.397700000,0.000000000
sample,forward_host,ordinary,128,143,8,3876,1.649183989,1.705200000,1.329500000,0.000000000
sample,forward_host,graph,128,128,8,284,1.080991983,1.139000000,0.088500000,0.024200000
sample,forward_host,graph,128,129,8,257,1.088160038,1.143900000,0.085000000,0.021800000
sample,forward_host,graph,128,130,8,614,1.088992000,1.153400000,0.084900000,0.021800000
sample,forward_host,graph,128,131,8,878,1.085471988,1.139900000,0.092600000,0.020300000
sample,forward_host,graph,128,132,8,289,1.087936044,1.166400000,0.084600000,0.021000000
sample,forward_host,graph,128,133,8,19775,1.090976000,1.191100000,0.085500000,0.021800000
sample,forward_host,graph,128,134,8,656,1.094784021,1.165600000,0.091900000,0.023300000
sample,forward_host,graph,128,135,8,39599,1.088863969,1.157500000,0.087200000,0.021700000
sample,forward_host,graph,128,136,8,1122,1.092095971,1.156900000,0.088700000,0.022000000
sample,forward_host,graph,128,137,8,291,1.097792029,1.156800000,0.090500000,0.025300000
sample,forward_host,graph,128,138,8,37346,1.093695998,1.170800000,0.085100000,0.020400000
sample,forward_host,graph,128,139,8,764,1.097504020,1.157400000,0.088700000,0.024300000
sample,forward_host,graph,128,140,8,8074,1.096992016,1.166200000,0.080700000,0.022700000
sample,forward_host,graph,128,141,8,20272,1.095679998,1.146500000,0.078600000,0.021300000
sample,forward_host,graph,128,142,8,9106,1.099679947,1.145200000,0.079700000,0.021200000
sample,forward_host,graph,128,143,8,3876,1.092383981,1.161600000,0.080700000,0.021200000
sample,forward_host,graph,128,128,9,284,1.079167962,1.136500000,0.088400000,0.022400000
sample,forward_host,graph,128,129,9,257,1.085407972,1.151400000,0.086300000,0.021500000
sample,forward_host,graph,128,130,9,614,1.098880053,1.155100000,0.096200000,0.030300000
sample,forward_host,graph,128,131,9,878,1.087455988,1.171100000,0.096700000,0.020800000
sample,forward_host,graph,128,132,9,289,1.109696031,1.191700000,0.125100000,0.036000000
sample,forward_host,graph,128,133,9,19775,1.122112036,1.187500000,0.118000000,0.044800000
sample,forward_host,graph,128,134,9,656,1.096863985,1.157000000,0.093000000,0.024400000
sample,forward_host,graph,128,135,9,39599,1.087903976,1.145200000,0.086900000,0.022200000
sample,forward_host,graph,128,136,9,1122,1.090368032,1.148500000,0.086700000,0.021900000
sample,forward_host,graph,128,137,9,291,1.095487952,1.154000000,0.087500000,0.023000000
sample,forward_host,graph,128,138,9,37346,1.094015956,1.150800000,0.085600000,0.021200000
sample,forward_host,graph,128,139,9,764,1.103647947,1.162200000,0.097200000,0.031000000
sample,forward_host,graph,128,140,9,8074,1.095872045,1.166300000,0.086900000,0.022500000
sample,forward_host,graph,128,141,9,20272,1.097792029,1.165700000,0.085800000,0.021800000
sample,forward_host,graph,128,142,9,9106,1.109184027,1.173300000,0.091000000,0.025400000
sample,forward_host,graph,128,143,9,3876,1.098271966,1.154400000,0.110400000,0.024400000
sample,forward_host,ordinary,128,128,9,284,1.649471998,1.702500000,1.337200000,0.000000000
sample,forward_host,ordinary,128,129,9,257,1.686975956,1.739600000,1.373300000,0.000000000
sample,forward_host,ordinary,128,130,9,614,1.701279998,1.754000000,1.387900000,0.000000000
sample,forward_host,ordinary,128,131,9,878,1.686687946,1.736000000,1.369700000,0.000000000
sample,forward_host,ordinary,128,132,9,289,1.653728008,1.704100000,1.338900000,0.000000000
sample,forward_host,ordinary,128,133,9,19775,1.766111970,1.852100000,1.446100000,0.000000000
sample,forward_host,ordinary,128,134,9,656,1.704064012,1.762800000,1.390000000,0.000000000
sample,forward_host,ordinary,128,135,9,39599,1.883200049,1.940900000,1.551000000,0.000000000
sample,forward_host,ordinary,128,136,9,1122,1.817631960,1.873200000,1.503400000,0.000000000
sample,forward_host,ordinary,128,137,9,291,1.763296008,1.819200000,1.449000000,0.000000000
sample,forward_host,ordinary,128,138,9,37346,1.915871978,1.978500000,1.590100000,0.000000000
sample,forward_host,ordinary,128,139,9,764,1.795807958,1.855000000,1.481600000,0.000000000
sample,forward_host,ordinary,128,140,9,8074,1.813791990,1.863900000,1.493100000,0.000000000
sample,forward_host,ordinary,128,141,9,20272,1.720031977,1.769600000,1.401400000,0.000000000
sample,forward_host,ordinary,128,142,9,9106,1.587615967,1.638900000,1.275600000,0.000000000
sample,forward_host,ordinary,128,143,9,3876,1.698271990,1.752200000,1.384900000,0.000000000
sample,forward_host,ordinary,128,128,10,284,1.988863945,2.080400000,1.591300000,0.000000000
sample,forward_host,ordinary,128,129,10,257,1.602432013,1.658700000,1.285800000,0.000000000
sample,forward_host,ordinary,128,130,10,614,1.844480038,1.893700000,1.530000000,0.000000000
sample,forward_host,ordinary,128,131,10,878,1.642271996,1.691700000,1.329700000,0.000000000
sample,forward_host,ordinary,128,132,10,289,1.724256039,1.773200000,1.411700000,0.000000000
sample,forward_host,ordinary,128,133,10,19775,1.605919957,1.653900000,1.273700000,0.000000000
sample,forward_host,ordinary,128,134,10,656,1.740159988,1.791600000,1.427800000,0.000000000
sample,forward_host,ordinary,128,135,10,39599,1.727391958,1.776800000,1.407300000,0.000000000
sample,forward_host,ordinary,128,136,10,1122,1.756415963,1.804600000,1.331500000,0.000000000
sample,forward_host,ordinary,128,137,10,291,1.685376048,1.745800000,1.372900000,0.000000000
sample,forward_host,ordinary,128,138,10,37346,1.801120043,1.853700000,1.488300000,0.000000000
sample,forward_host,ordinary,128,139,10,764,1.665920019,1.717800000,1.352600000,0.000000000
sample,forward_host,ordinary,128,140,10,8074,1.742975950,1.794300000,1.428600000,0.000000000
sample,forward_host,ordinary,128,141,10,20272,1.603199959,1.654700000,1.282900000,0.000000000
sample,forward_host,ordinary,128,142,10,9106,1.676959991,1.728500000,1.334000000,0.000000000
sample,forward_host,ordinary,128,143,10,3876,1.751039982,1.806800000,1.438400000,0.000000000
sample,forward_host,graph,128,128,10,284,1.059775949,1.110000000,0.072500000,0.010400000
sample,forward_host,graph,128,129,10,257,1.074239969,1.131300000,0.059700000,0.011200000
sample,forward_host,graph,128,130,10,614,1.078367949,1.180900000,0.079100000,0.013800000
sample,forward_host,graph,128,131,10,878,1.096575975,1.176500000,0.089100000,0.028700000
sample,forward_host,graph,128,132,10,289,1.112192035,1.183300000,0.115500000,0.032200000
sample,forward_host,graph,128,133,10,19775,1.089504004,1.147800000,0.096000000,0.020600000
sample,forward_host,graph,128,134,10,656,1.098111987,1.169600000,0.083900000,0.022000000
sample,forward_host,graph,128,135,10,39599,1.121727943,1.193800000,0.132500000,0.040200000
sample,forward_host,graph,128,136,10,1122,1.105440021,1.171900000,0.095500000,0.032500000
sample,forward_host,graph,128,137,10,291,1.093152046,1.189800000,0.092800000,0.025200000
sample,forward_host,graph,128,138,10,37346,1.098271966,1.174200000,0.089700000,0.021900000
sample,forward_host,graph,128,139,10,764,1.110080004,1.191500000,0.113600000,0.032600000
sample,forward_host,graph,128,140,10,8074,1.097440004,1.157300000,0.088600000,0.026000000
sample,forward_host,graph,128,141,10,20272,1.104992032,1.164400000,0.082100000,0.023400000
sample,forward_host,graph,128,142,10,9106,1.089375973,1.138300000,0.065100000,0.014600000
sample,forward_host,graph,128,143,10,3876,1.078495979,1.138000000,0.055200000,0.011400000
sample,forward_host,graph,128,128,11,284,1.065376043,1.124700000,0.066300000,0.012800000
sample,forward_host,graph,128,129,11,257,1.072703958,1.198000000,0.068600000,0.013700000
sample,forward_host,graph,128,130,11,614,1.088479996,1.147100000,0.092300000,0.018100000
sample,forward_host,graph,128,131,11,878,1.084447980,1.149100000,0.076500000,0.018800000
sample,forward_host,graph,128,132,11,289,1.078240037,1.137700000,0.071000000,0.015200000
sample,forward_host,graph,128,133,11,19775,1.076416016,1.132100000,0.068000000,0.013800000
sample,forward_host,graph,128,134,11,656,1.075359941,1.130500000,0.082300000,0.011900000
sample,forward_host,graph,128,135,11,39599,1.071840048,1.125600000,0.059300000,0.010800000
sample,forward_host,graph,128,136,11,1122,1.073887944,1.212000000,0.060700000,0.011700000
sample,forward_host,graph,128,137,11,291,1.095232010,1.164100000,0.153700000,0.021900000
sample,forward_host,graph,128,138,11,37346,1.095903993,1.157600000,0.083700000,0.021100000
sample,forward_host,graph,128,139,11,764,1.079327941,1.137300000,0.070100000,0.013600000
sample,forward_host,graph,128,140,11,8074,1.080767989,1.137500000,0.060800000,0.011400000
sample,forward_host,graph,128,141,11,20272,1.082175970,1.136900000,0.058100000,0.011200000
sample,forward_host,graph,128,142,11,9106,1.084640026,1.140800000,0.083900000,0.012200000
sample,forward_host,graph,128,143,11,3876,1.078912020,1.136900000,0.060800000,0.012500000
sample,forward_host,ordinary,128,128,11,284,1.757568002,1.811300000,1.393700000,0.000000000
sample,forward_host,ordinary,128,129,11,257,1.839552045,1.925000000,1.332800000,0.000000000
sample,forward_host,ordinary,128,130,11,614,1.764736056,1.824000000,1.385700000,0.000000000
sample,forward_host,ordinary,128,131,11,878,1.826560020,1.885000000,1.387200000,0.000000000
sample,forward_host,ordinary,128,132,11,289,1.785087943,1.839800000,1.471900000,0.000000000
sample,forward_host,ordinary,128,133,11,19775,1.741727948,1.795300000,1.422100000,0.000000000
sample,forward_host,ordinary,128,134,11,656,1.695072055,1.746600000,1.330200000,0.000000000
sample,forward_host,ordinary,128,135,11,39599,1.619295955,1.669000000,1.254800000,0.000000000
sample,forward_host,ordinary,128,136,11,1122,1.575487971,1.622100000,1.199500000,0.000000000
sample,forward_host,ordinary,128,137,11,291,1.643039942,1.691100000,1.281500000,0.000000000
sample,forward_host,ordinary,128,138,11,37346,1.712512016,1.774600000,1.362900000,0.000000000
sample,forward_host,ordinary,128,139,11,764,1.584159970,1.633100000,1.218900000,0.000000000
sample,forward_host,ordinary,128,140,11,8074,1.563040018,1.610800000,1.195900000,0.000000000
sample,forward_host,ordinary,128,141,11,20272,1.768928051,1.820500000,1.446400000,0.000000000
sample,forward_host,ordinary,128,142,11,9106,1.738271952,1.786400000,1.393100000,0.000000000
sample,forward_host,ordinary,128,143,11,3876,1.702687979,1.753000000,1.146900000,0.000000000
sample,forward_host,ordinary,128,128,12,284,1.638687968,1.724400000,1.309800000,0.000000000
sample,forward_host,ordinary,128,129,12,257,1.690176010,1.754500000,1.314900000,0.000000000
sample,forward_host,ordinary,128,130,12,614,1.709696054,1.759300000,1.363800000,0.000000000
sample,forward_host,ordinary,128,131,12,878,1.635360003,1.684900000,1.314100000,0.000000000
sample,forward_host,ordinary,128,132,12,289,1.636127949,1.683900000,1.272600000,0.000000000
sample,forward_host,ordinary,128,133,12,19775,1.650015950,1.750400000,1.325000000,0.000000000
sample,forward_host,ordinary,128,134,12,656,1.772256017,1.843200000,1.447300000,0.000000000
sample,forward_host,ordinary,128,135,12,39599,1.580191970,1.637300000,1.267100000,0.000000000
sample,forward_host,ordinary,128,136,12,1122,1.561759949,1.701100000,1.106100000,0.000000000
sample,forward_host,ordinary,128,137,12,291,1.779839993,1.853200000,1.454600000,0.000000000
sample,forward_host,ordinary,128,138,12,37346,3.039263964,3.134900000,2.727000000,0.000000000
sample,forward_host,ordinary,128,139,12,764,2.104863882,2.202600000,1.669000000,0.000000000
sample,forward_host,ordinary,128,140,12,8074,1.697695971,1.779700000,1.329500000,0.000000000
sample,forward_host,ordinary,128,141,12,20272,1.907359958,1.972200000,1.594100000,0.000000000
sample,forward_host,ordinary,128,142,12,9106,1.847007990,1.906000000,1.534200000,0.000000000
sample,forward_host,ordinary,128,143,12,3876,1.928511977,2.001400000,1.615200000,0.000000000
sample,forward_host,graph,128,128,12,284,1.082368016,1.142900000,0.087700000,0.024300000
sample,forward_host,graph,128,129,12,257,1.092991948,1.150700000,0.098400000,0.025000000
sample,forward_host,graph,128,130,12,614,1.090944052,1.148900000,0.088900000,0.022800000
sample,forward_host,graph,128,131,12,878,1.096704006,1.153300000,0.098400000,0.021000000
sample,forward_host,graph,128,132,12,289,1.086624026,1.143100000,0.086000000,0.021100000
sample,forward_host,graph,128,133,12,19775,1.092767954,1.151500000,0.085800000,0.021700000
sample,forward_host,graph,128,134,12,656,1.096032023,1.156000000,0.096200000,0.024000000
sample,forward_host,graph,128,135,12,39599,1.092383981,1.153700000,0.096200000,0.024300000
sample,forward_host,graph,128,136,12,1122,1.098912001,1.154600000,0.096500000,0.031300000
sample,forward_host,graph,128,137,12,291,1.092512012,1.146700000,0.085700000,0.021300000
sample,forward_host,graph,128,138,12,37346,1.094463944,1.150700000,0.091300000,0.020700000
sample,forward_host,graph,128,139,12,764,1.101600051,1.176400000,0.093900000,0.029600000
sample,forward_host,graph,128,140,12,8074,1.113695979,1.185800000,0.109600000,0.037100000
sample,forward_host,graph,128,141,12,20272,1.105504036,1.170800000,0.096900000,0.025000000
sample,forward_host,graph,128,142,12,9106,1.106047988,1.164000000,0.100000000,0.024300000
sample,forward_host,graph,128,143,12,3876,1.109375954,1.205400000,0.118600000,0.027700000
sample,forward_host,graph,128,128,13,284,1.081184030,1.138600000,0.087500000,0.021100000
sample,forward_host,graph,128,129,13,257,1.089280009,1.146200000,0.088400000,0.021500000
sample,forward_host,graph,128,130,13,614,1.091904044,1.147000000,0.093500000,0.023400000
sample,forward_host,graph,128,131,13,878,1.085407972,1.142600000,0.086200000,0.020700000
sample,forward_host,graph,128,132,13,289,1.088960052,1.256100000,0.093400000,0.022900000
sample,forward_host,graph,128,133,13,19775,1.100160003,1.175200000,0.098000000,0.021700000
sample,forward_host,graph,128,134,13,656,1.081279993,1.166300000,0.063100000,0.013800000
sample,forward_host,graph,128,135,13,39599,1.073984027,1.141600000,0.069200000,0.012800000
sample,forward_host,graph,128,136,13,1122,1.074975967,1.142200000,0.066100000,0.012800000
sample,forward_host,graph,128,137,13,291,1.077823997,1.145800000,0.065500000,0.013000000
sample,forward_host,graph,128,138,13,37346,1.079839945,1.141600000,0.065700000,0.012400000
sample,forward_host,graph,128,139,13,764,1.076864004,1.134300000,0.059600000,0.012400000
sample,forward_host,graph,128,140,13,8074,1.075935960,1.131100000,0.052700000,0.010900000
sample,forward_host,graph,128,141,13,20272,1.078912020,1.133400000,0.051900000,0.010500000
sample,forward_host,graph,128,142,13,9106,1.081856012,1.137700000,0.050400000,0.010200000
sample,forward_host,graph,128,143,13,3876,1.073088050,1.127700000,0.049500000,0.010400000
sample,forward_host,ordinary,128,128,13,284,1.641055942,1.689900000,1.322100000,0.000000000
sample,forward_host,ordinary,128,129,13,257,1.819615960,1.879900000,1.507600000,0.000000000
sample,forward_host,ordinary,128,130,13,614,1.606495976,1.660600000,1.288500000,0.000000000
sample,forward_host,ordinary,128,131,13,878,1.782080054,1.840400000,1.468800000,0.000000000
sample,forward_host,ordinary,128,132,13,289,1.883072019,1.937500000,1.567700000,0.000000000
sample,forward_host,ordinary,128,133,13,19775,1.919520020,1.979200000,1.547500000,0.000000000
sample,forward_host,ordinary,128,134,13,656,1.860224009,1.919400000,1.497200000,0.000000000
sample,forward_host,ordinary,128,135,13,39599,1.749696016,1.807800000,1.426800000,0.000000000
sample,forward_host,ordinary,128,136,13,1122,1.737247944,1.793200000,1.424800000,0.000000000
sample,forward_host,ordinary,128,137,13,291,1.751360059,1.809800000,1.426700000,0.000000000
sample,forward_host,ordinary,128,138,13,37346,1.849472046,1.914800000,1.534900000,0.000000000
sample,forward_host,ordinary,128,139,13,764,1.959136009,2.019400000,1.645500000,0.000000000
sample,forward_host,ordinary,128,140,13,8074,1.861984015,1.921700000,1.547600000,0.000000000
sample,forward_host,ordinary,128,141,13,20272,1.763775945,1.827600000,1.450000000,0.000000000
sample,forward_host,ordinary,128,142,13,9106,1.854848027,1.914600000,1.541400000,0.000000000
sample,forward_host,ordinary,128,143,13,3876,1.797727942,1.866300000,1.453200000,0.000000000
sample,forward_host,ordinary,128,128,14,284,1.396191955,1.440600000,1.073200000,0.000000000
sample,forward_host,ordinary,128,129,14,257,1.358432055,1.413700000,1.029500000,0.000000000
sample,forward_host,ordinary,128,130,14,614,1.629279971,1.684200000,1.304000000,0.000000000
sample,forward_host,ordinary,128,131,14,878,1.694175959,1.756200000,1.374100000,0.000000000
sample,forward_host,ordinary,128,132,14,289,1.797440052,1.858500000,1.474500000,0.000000000
sample,forward_host,ordinary,128,133,14,19775,1.794847965,1.877900000,1.284100000,0.000000000
sample,forward_host,ordinary,128,134,14,656,1.814272046,1.921400000,1.492100000,0.000000000
sample,forward_host,ordinary,128,135,14,39599,1.803776026,1.872300000,1.269300000,0.000000000
sample,forward_host,ordinary,128,136,14,1122,1.518239975,1.572500000,1.152200000,0.000000000
sample,forward_host,ordinary,128,137,14,291,1.658656001,1.717400000,1.338200000,0.000000000
sample,forward_host,ordinary,128,138,14,37346,1.728800058,1.812500000,1.361400000,0.000000000
sample,forward_host,ordinary,128,139,14,764,1.822080016,1.894400000,1.498100000,0.000000000
sample,forward_host,ordinary,128,140,14,8074,1.700960040,1.770400000,1.365700000,0.000000000
sample,forward_host,ordinary,128,141,14,20272,1.602015972,1.706000000,1.286100000,0.000000000
sample,forward_host,ordinary,128,142,14,9106,1.727615952,1.791700000,1.406300000,0.000000000
sample,forward_host,ordinary,128,143,14,3876,1.816447973,1.868100000,1.313900000,0.000000000
sample,forward_host,graph,128,128,14,284,1.078655958,1.156000000,0.085500000,0.021000000
sample,forward_host,graph,128,129,14,257,1.084383965,1.135900000,0.081300000,0.021200000
sample,forward_host,graph,128,130,14,614,1.093024015,1.146700000,0.083300000,0.023300000
sample,forward_host,graph,128,131,14,878,1.085216045,1.138300000,0.080600000,0.021100000
sample,forward_host,graph,128,132,14,289,1.085952044,1.142700000,0.077600000,0.020500000
sample,forward_host,graph,128,133,14,19775,1.088736057,1.142500000,0.083400000,0.021700000
sample,forward_host,graph,128,134,14,656,1.092352033,1.142200000,0.079100000,0.020600000
sample,forward_host,graph,128,135,14,39599,1.085023999,1.143700000,0.079100000,0.020800000
sample,forward_host,graph,128,136,14,1122,1.088448048,1.145100000,0.085200000,0.020600000
sample,forward_host,graph,128,137,14,291,1.093119979,1.152600000,0.086600000,0.021800000
sample,forward_host,graph,128,138,14,37346,1.094560027,1.151200000,0.084000000,0.020900000
sample,forward_host,graph,128,139,14,764,1.094591975,1.152500000,0.087700000,0.020000000
sample,forward_host,graph,128,140,14,8074,1.097408056,1.154800000,0.094300000,0.023700000
sample,forward_host,graph,128,141,14,20272,1.097568035,1.153900000,0.084100000,0.019700000
sample,forward_host,graph,128,142,14,9106,1.102463961,1.159100000,0.088700000,0.020900000
sample,forward_host,graph,128,143,14,3876,1.091168046,1.155600000,0.084500000,0.020400000
sample,forward_host,graph,128,128,15,284,1.063328028,1.173500000,0.051200000,0.011100000
sample,forward_host,graph,128,129,15,257,1.095679998,1.167600000,0.079600000,0.024400000
sample,forward_host,graph,128,130,15,614,1.123487949,1.196900000,0.111200000,0.032200000
sample,forward_host,graph,128,131,15,878,1.092288017,1.156600000,0.088100000,0.023000000
sample,forward_host,graph,128,132,15,289,1.075487971,1.131400000,0.091100000,0.012900000
sample,forward_host,graph,128,133,15,19775,1.079136014,1.135800000,0.062000000,0.013200000
sample,forward_host,graph,128,134,15,656,1.075359941,1.130800000,0.081000000,0.010900000
sample,forward_host,graph,128,135,15,39599,1.068735957,1.125600000,0.058900000,0.011000000
sample,forward_host,graph,128,136,15,1122,1.075072050,1.133100000,0.059400000,0.012100000
sample,forward_host,graph,128,137,15,291,1.077919960,1.134700000,0.059500000,0.012200000
sample,forward_host,graph,128,138,15,37346,1.080320001,1.139200000,0.078100000,0.011400000
sample,forward_host,graph,128,139,15,764,1.084864020,1.135400000,0.091200000,0.013200000
sample,forward_host,graph,128,140,15,8074,1.077695966,1.149700000,0.053400000,0.010900000
sample,forward_host,graph,128,141,15,20272,1.080672026,1.129800000,0.054800000,0.010700000
sample,forward_host,graph,128,142,15,9106,1.083744049,1.199200000,0.053100000,0.011200000
sample,forward_host,graph,128,143,15,3876,1.090368032,1.146400000,0.075400000,0.017700000
sample,forward_host,ordinary,128,128,15,284,1.682464004,1.749000000,1.369800000,0.000000000
sample,forward_host,ordinary,128,129,15,257,1.799391985,1.845500000,1.486000000,0.000000000
sample,forward_host,ordinary,128,130,15,614,1.496575952,1.554600000,1.180200000,0.000000000
sample,forward_host,ordinary,128,131,15,878,1.669664025,1.733700000,1.285600000,0.000000000
sample,forward_host,ordinary,128,132,15,289,1.668704033,1.722700000,1.348200000,0.000000000
sample,forward_host,ordinary,128,133,15,19775,1.741312027,1.794600000,1.403800000,0.000000000
sample,forward_host,ordinary,128,134,15,656,1.677152038,1.724800000,1.358900000,0.000000000
sample,forward_host,ordinary,128,135,15,39599,1.689120054,1.759500000,1.374900000,0.000000000
sample,forward_host,ordinary,128,136,15,1122,1.810528040,1.889400000,1.498100000,0.000000000
sample,forward_host,ordinary,128,137,15,291,1.765504003,1.819100000,1.452100000,0.000000000
sample,forward_host,ordinary,128,138,15,37346,1.722815990,1.777700000,1.408300000,0.000000000
sample,forward_host,ordinary,128,139,15,764,1.762240052,1.817200000,1.401000000,0.000000000
sample,forward_host,ordinary,128,140,15,8074,1.679775953,1.734100000,1.364500000,0.000000000
sample,forward_host,ordinary,128,141,15,20272,1.730911970,1.785500000,1.417900000,0.000000000
sample,forward_host,ordinary,128,142,15,9106,1.662783980,1.715200000,1.294900000,0.000000000
sample,forward_host,ordinary,128,143,15,3876,1.747488022,1.796800000,1.429000000,0.000000000
sample,forward_host,ordinary,512,512,0,837,2.019423962,2.105700000,1.601900000,0.000000000
sample,forward_host,ordinary,512,513,0,290,1.878911972,1.948000000,1.531900000,0.000000000
sample,forward_host,ordinary,512,514,0,460,1.883455992,1.939200000,1.528300000,0.000000000
sample,forward_host,ordinary,512,515,0,307,1.848224044,1.904400000,1.492600000,0.000000000
sample,forward_host,ordinary,512,516,0,12606,1.832991958,1.887300000,1.494900000,0.000000000
sample,forward_host,ordinary,512,517,0,32455,1.869696021,1.927500000,1.541200000,0.000000000
sample,forward_host,ordinary,512,518,0,837,1.763296008,1.813300000,1.359800000,0.000000000
sample,forward_host,ordinary,512,519,0,3584,1.642655969,1.689700000,1.307600000,0.000000000
sample,forward_host,ordinary,512,520,0,45456,1.699200034,1.773200000,1.367900000,0.000000000
sample,forward_host,ordinary,512,521,0,389,1.819808006,1.877300000,1.505200000,0.000000000
sample,forward_host,ordinary,512,522,0,7485,1.699200034,1.747900000,1.354900000,0.000000000
sample,forward_host,ordinary,512,523,0,284,1.656543970,1.705300000,1.344200000,0.000000000
sample,forward_host,ordinary,512,524,0,3051,1.804767966,1.856600000,1.402000000,0.000000000
sample,forward_host,ordinary,512,525,0,287,1.893728018,1.944500000,1.577200000,0.000000000
sample,forward_host,ordinary,512,526,0,262,1.730527997,1.780300000,1.392200000,0.000000000
sample,forward_host,ordinary,512,527,0,4295,1.674944043,1.724200000,1.196500000,0.000000000
sample,forward_host,graph,512,512,0,837,1.337440014,1.400400000,0.081900000,0.024000000
sample,forward_host,graph,512,513,0,290,1.353983998,1.515700000,0.090600000,0.031200000
sample,forward_host,graph,512,514,0,460,1.539456010,1.631800000,0.527700000,0.149400000
sample,forward_host,graph,512,515,0,307,1.344928026,1.397700000,0.089900000,0.024800000
sample,forward_host,graph,512,516,0,12606,1.339903951,1.397100000,0.085700000,0.020500000
sample,forward_host,graph,512,517,0,32455,1.345407963,1.402900000,0.087300000,0.021100000
sample,forward_host,graph,512,518,0,837,1.346815944,1.404900000,0.087900000,0.022100000
sample,forward_host,graph,512,519,0,3584,1.341408014,1.398000000,0.086100000,0.021000000
sample,forward_host,graph,512,520,0,45456,1.342208028,1.401800000,0.082300000,0.020400000
sample,forward_host,graph,512,521,0,389,1.356415987,1.414400000,0.097400000,0.024900000
sample,forward_host,graph,512,522,0,7485,1.356448054,1.411800000,0.105100000,0.023900000
sample,forward_host,graph,512,523,0,284,1.347072005,1.422700000,0.084900000,0.020700000
sample,forward_host,graph,512,524,0,3051,1.353119969,1.403100000,0.079000000,0.021300000
sample,forward_host,graph,512,525,0,287,1.342560053,1.382600000,0.064400000,0.013100000
sample,forward_host,graph,512,526,0,262,1.338335991,1.388800000,0.052900000,0.010300000
sample,forward_host,graph,512,527,0,4295,1.352447987,1.408700000,0.081200000,0.023600000
sample,forward_host,graph,512,512,1,837,1.333024025,1.391100000,0.086400000,0.020900000
sample,forward_host,graph,512,513,1,290,1.342432022,1.389000000,0.086300000,0.021100000
sample,forward_host,graph,512,514,1,460,1.350816011,1.409300000,0.096200000,0.025000000
sample,forward_host,graph,512,515,1,307,1.346240044,1.422900000,0.095400000,0.024400000
sample,forward_host,graph,512,516,1,12606,1.351968050,1.433500000,0.093200000,0.028000000
sample,forward_host,graph,512,517,1,32455,1.349280000,1.411200000,0.090500000,0.022700000
sample,forward_host,graph,512,518,1,837,1.350944042,1.411800000,0.095000000,0.023800000
sample,forward_host,graph,512,519,1,3584,1.341343999,1.404600000,0.091000000,0.023600000
sample,forward_host,graph,512,520,1,45456,1.349248052,1.406200000,0.096000000,0.024500000
sample,forward_host,graph,512,521,1,389,1.347872019,1.408800000,0.085100000,0.020600000
sample,forward_host,graph,512,522,1,7485,1.353152037,1.414400000,0.095500000,0.023700000
sample,forward_host,graph,512,523,1,284,1.350783944,1.408800000,0.096700000,0.025000000
sample,forward_host,graph,512,524,1,3051,1.346976042,1.401500000,0.083900000,0.020700000
sample,forward_host,graph,512,525,1,287,1.365695953,1.420200000,0.096900000,0.031600000
sample,forward_host,graph,512,526,1,262,1.356160045,1.579300000,0.083800000,0.020500000
sample,forward_host,graph,512,527,1,4295,1.345056057,1.418500000,0.082400000,0.021500000
sample,forward_host,ordinary,512,512,1,837,2.151328087,2.239600000,1.838100000,0.000000000
sample,forward_host,ordinary,512,513,1,290,1.701632023,1.768100000,1.300500000,0.000000000
sample,forward_host,ordinary,512,514,1,460,1.799584031,1.855200000,1.447300000,0.000000000
sample,forward_host,ordinary,512,515,1,307,1.803583980,1.854200000,1.447700000,0.000000000
sample,forward_host,ordinary,512,516,1,12606,2.040191889,2.100400000,1.727800000,0.000000000
sample,forward_host,ordinary,512,517,1,32455,1.960127950,2.015800000,1.634700000,0.000000000
sample,forward_host,ordinary,512,518,1,837,2.001183987,2.063200000,1.620800000,0.000000000
sample,forward_host,ordinary,512,519,1,3584,1.784000039,1.842100000,1.446600000,0.000000000
sample,forward_host,ordinary,512,520,1,45456,1.809919953,1.866300000,1.453100000,0.000000000
sample,forward_host,ordinary,512,521,1,389,1.764063954,1.818900000,1.425600000,0.000000000
sample,forward_host,ordinary,512,522,1,7485,1.815520048,1.873100000,1.501700000,0.000000000
sample,forward_host,ordinary,512,523,1,284,1.763455987,1.818900000,1.426600000,0.000000000
sample,forward_host,ordinary,512,524,1,3051,1.810528040,1.867200000,1.412700000,0.000000000
sample,forward_host,ordinary,512,525,1,287,1.758784056,1.815000000,1.444400000,0.000000000
sample,forward_host,ordinary,512,526,1,262,1.777024031,1.831600000,1.441400000,0.000000000
sample,forward_host,ordinary,512,527,1,4295,2.000767946,2.078500000,1.669200000,0.000000000
sample,forward_host,ordinary,512,512,2,837,1.859519958,1.913600000,1.545900000,0.000000000
sample,forward_host,ordinary,512,513,2,290,1.717151999,1.765400000,1.400900000,0.000000000
sample,forward_host,ordinary,512,514,2,460,1.572991967,1.619700000,1.192000000,0.000000000
sample,forward_host,ordinary,512,515,2,307,1.700767994,1.749400000,1.364300000,0.000000000
sample,forward_host,ordinary,512,516,2,12606,1.784351945,1.833700000,1.457000000,0.000000000
sample,forward_host,ordinary,512,517,2,32455,1.638751984,1.684300000,1.281900000,0.000000000
sample,forward_host,ordinary,512,518,2,837,1.614464045,1.679200000,1.260600000,0.000000000
sample,forward_host,ordinary,512,519,2,3584,1.756608009,1.801900000,1.428700000,0.000000000
sample,forward_host,ordinary,512,520,2,45456,1.844671965,1.893800000,1.490000000,0.000000000
sample,forward_host,ordinary,512,521,2,389,1.733888030,1.786300000,1.413600000,0.000000000
sample,forward_host,ordinary,512,522,2,7485,1.872575998,1.933600000,1.558500000,0.000000000
sample,forward_host,ordinary,512,523,2,284,1.865856051,1.924100000,1.552600000,0.000000000
sample,forward_host,ordinary,512,524,2,3051,2.047296047,2.107000000,1.732900000,0.000000000
sample,forward_host,ordinary,512,525,2,287,1.703263998,1.761400000,1.368100000,0.000000000
sample,forward_host,ordinary,512,526,2,262,1.701696038,1.757000000,1.365200000,0.000000000
sample,forward_host,ordinary,512,527,2,4295,1.852735996,1.907900000,1.539500000,0.000000000
sample,forward_host,graph,512,512,2,837,1.334208012,1.386800000,0.080100000,0.021100000
sample,forward_host,graph,512,513,2,290,1.353024006,1.403000000,0.099100000,0.023700000
sample,forward_host,graph,512,514,2,460,1.345631957,1.394700000,0.082800000,0.021900000
sample,forward_host,graph,512,515,2,307,1.339264035,1.426700000,0.080100000,0.021000000
sample,forward_host,graph,512,516,2,12606,1.348544002,1.415100000,0.090500000,0.026400000
sample,forward_host,graph,512,517,2,32455,1.354272008,1.415200000,0.094500000,0.026500000
sample,forward_host,graph,512,518,2,837,1.363487959,1.427900000,0.107100000,0.029500000
sample,forward_host,graph,512,519,2,3584,1.354464054,1.428500000,0.102900000,0.027600000
sample,forward_host,graph,512,520,2,45456,1.350687981,1.416700000,0.096900000,0.025100000
sample,forward_host,graph,512,521,2,389,1.359583974,1.427300000,0.105800000,0.029000000
sample,forward_host,graph,512,522,2,7485,1.356896043,1.411300000,0.110300000,0.025200000
sample,forward_host,graph,512,523,2,284,1.345056057,1.397400000,0.078600000,0.018700000
sample,forward_host,graph,512,524,2,3051,1.352288008,1.426600000,0.081800000,0.022500000
sample,forward_host,graph,512,525,2,287,1.362367988,1.423000000,0.100700000,0.026300000
sample,forward_host,graph,512,526,2,262,1.360767961,1.436300000,0.097900000,0.025300000
sample,forward_host,graph,512,527,2,4295,1.354143977,1.413100000,0.093900000,0.025900000
sample,forward_host,graph,512,512,3,837,1.319648027,1.366000000,0.058500000,0.012500000
sample,forward_host,graph,512,513,3,290,1.323392034,1.374500000,0.051200000,0.010200000
sample,forward_host,graph,512,514,3,460,1.328672051,1.378600000,0.080900000,0.012100000
sample,forward_host,graph,512,515,3,307,1.321823955,1.371900000,0.072400000,0.010500000
sample,forward_host,graph,512,516,3,12606,1.326367974,1.378600000,0.068200000,0.010400000
sample,forward_host,graph,512,517,3,32455,1.326527953,1.377100000,0.051200000,0.010000000
sample,forward_host,graph,512,518,3,837,1.332607985,1.379600000,0.057700000,0.012100000
sample,forward_host,graph,512,519,3,3584,1.324735999,1.395900000,0.051500000,0.010500000
sample,forward_host,graph,512,520,3,45456,1.365856051,1.439600000,0.109900000,0.030600000
sample,forward_host,graph,512,521,3,389,1.341248035,1.403100000,0.057000000,0.013600000
sample,forward_host,graph,512,522,3,7485,1.357439995,1.420600000,0.085000000,0.020800000
sample,forward_host,graph,512,523,3,284,1.332607985,1.379400000,0.054900000,0.012600000
sample,forward_host,graph,512,524,3,3051,1.332224011,1.385300000,0.051300000,0.010700000
sample,forward_host,graph,512,525,3,287,1.339840055,1.390400000,0.075500000,0.011500000
sample,forward_host,graph,512,526,3,262,1.341055989,1.395000000,0.054200000,0.011800000
sample,forward_host,graph,512,527,3,4295,1.332736015,1.390500000,0.060500000,0.012900000
sample,forward_host,ordinary,512,512,3,837,1.889631987,1.944400000,1.526700000,0.000000000
sample,forward_host,ordinary,512,513,3,290,1.759359956,1.812300000,1.374700000,0.000000000
sample,forward_host,ordinary,512,514,3,460,1.750048041,1.806800000,1.347200000,0.000000000
sample,forward_host,ordinary,512,515,3,307,1.870623946,1.932800000,1.533000000,0.000000000
sample,forward_host,ordinary,512,516,3,12606,1.955711961,2.004400000,1.607100000,0.000000000
sample,forward_host,ordinary,512,517,3,32455,1.628672004,1.677500000,1.273100000,0.000000000
sample,forward_host,ordinary,512,518,3,837,1.758399963,1.811700000,1.383800000,0.000000000
sample,forward_host,ordinary,512,519,3,3584,1.774335980,1.822600000,1.449200000,0.000000000
sample,forward_host,ordinary,512,520,3,45456,1.627071977,1.676600000,1.250300000,0.000000000
sample,forward_host,ordinary,512,521,3,389,1.639647961,1.687200000,1.257400000,0.000000000
sample,forward_host,ordinary,512,522,3,7485,1.663936019,1.709500000,1.220900000,0.000000000
sample,forward_host,ordinary,512,523,3,284,1.666847944,1.713300000,1.317100000,0.000000000
sample,forward_host,ordinary,512,524,3,3051,1.611392021,1.685200000,1.249400000,0.000000000
sample,forward_host,ordinary,512,525,3,287,1.637151957,1.683100000,1.275100000,0.000000000
sample,forward_host,ordinary,512,526,3,262,1.700384021,1.752700000,1.340900000,0.000000000
sample,forward_host,ordinary,512,527,3,4295,1.534783959,1.573800000,0.905600000,0.000000000
sample,forward_host,ordinary,512,512,4,837,1.649695992,1.744300000,1.291900000,0.000000000
sample,forward_host,ordinary,512,513,4,290,1.687680006,1.760700000,1.374000000,0.000000000
sample,forward_host,ordinary,512,514,4,460,2.651423931,2.702400000,2.300600000,0.000000000
sample,forward_host,ordinary,512,515,4,307,1.727903962,1.777000000,1.278500000,0.000000000
sample,forward_host,ordinary,512,516,4,12606,1.697376013,1.744700000,1.372300000,0.000000000
sample,forward_host,ordinary,512,517,4,32455,1.810816050,1.857800000,1.453000000,0.000000000
sample,forward_host,ordinary,512,518,4,837,1.708735943,1.756100000,1.395200000,0.000000000
sample,forward_host,ordinary,512,519,4,3584,1.704895973,1.754300000,1.197200000,0.000000000
sample,forward_host,ordinary,512,520,4,45456,1.744863987,1.975900000,1.288500000,0.000000000
sample,forward_host,ordinary,512,521,4,389,1.905727983,1.966400000,1.593000000,0.000000000
sample,forward_host,ordinary,512,522,4,7485,1.913951993,1.964600000,1.599600000,0.000000000
sample,forward_host,ordinary,512,523,4,284,1.637439966,1.691800000,1.318300000,0.000000000
sample,forward_host,ordinary,512,524,4,3051,1.790495992,1.839300000,1.476700000,0.000000000
sample,forward_host,ordinary,512,525,4,287,1.699519992,1.749200000,1.341300000,0.000000000
sample,forward_host,ordinary,512,526,4,262,1.721472025,1.771400000,1.257000000,0.000000000
sample,forward_host,ordinary,512,527,4,4295,1.810400009,1.861900000,1.498100000,0.000000000
sample,forward_host,graph,512,512,4,837,1.334432006,1.393000000,0.087400000,0.021700000
sample,forward_host,graph,512,513,4,290,1.343456030,1.403300000,0.086800000,0.021700000
sample,forward_host,graph,512,514,4,460,1.348896027,1.407000000,0.089500000,0.024900000
sample,forward_host,graph,512,515,4,307,1.340095997,1.399000000,0.085700000,0.020200000
sample,forward_host,graph,512,516,4,12606,1.343999982,1.400200000,0.084700000,0.021300000
sample,forward_host,graph,512,517,4,32455,1.346528053,1.415900000,0.085900000,0.021800000
sample,forward_host,graph,512,518,4,837,1.346112013,1.405600000,0.076700000,0.020100000
sample,forward_host,graph,512,519,4,3584,1.346783996,1.396700000,0.082000000,0.025000000
sample,forward_host,graph,512,520,4,45456,1.345311999,1.395000000,0.079800000,0.021800000
sample,forward_host,graph,512,521,4,389,1.347200036,1.396000000,0.079800000,0.022200000
sample,forward_host,graph,512,522,4,7485,1.350751996,1.398700000,0.078600000,0.021000000
sample,forward_host,graph,512,523,4,284,1.348448038,1.423400000,0.080700000,0.021800000
sample,forward_host,graph,512,524,4,3051,1.351999998,1.442700000,0.087200000,0.023100000
sample,forward_host,graph,512,525,4,287,1.361631989,1.416300000,0.088000000,0.024800000
sample,forward_host,graph,512,526,4,262,1.367231965,1.463500000,0.097600000,0.029900000
sample,forward_host,graph,512,527,4,4295,1.350656033,1.420800000,0.084000000,0.022000000
sample,forward_host,graph,512,512,5,837,1.332543969,1.385000000,0.080100000,0.019900000
sample,forward_host,graph,512,513,5,290,1.343135953,1.393400000,0.080500000,0.021200000
sample,forward_host,graph,512,514,5,460,1.344159961,1.396200000,0.078300000,0.020800000
sample,forward_host,graph,512,515,5,307,1.341984034,1.393400000,0.082600000,0.022400000
sample,forward_host,graph,512,516,5,12606,1.343904018,1.393500000,0.081500000,0.023600000
sample,forward_host,graph,512,517,5,32455,1.391456008,1.460600000,0.097800000,0.022000000
sample,forward_host,graph,512,518,5,837,1.357856035,1.416400000,0.094600000,0.027500000
sample,forward_host,graph,512,519,5,3584,1.351999998,1.413500000,0.090500000,0.020700000
sample,forward_host,graph,512,520,5,45456,1.350687981,1.413000000,0.096400000,0.025100000
sample,forward_host,graph,512,521,5,389,1.350272059,1.406800000,0.095300000,0.023000000
sample,forward_host,graph,512,522,5,7485,1.351264000,1.407800000,0.084800000,0.020600000
sample,forward_host,graph,512,523,5,284,1.351071954,1.409800000,0.086800000,0.022000000
sample,forward_host,graph,512,524,5,3051,1.350015998,1.404900000,0.095500000,0.020400000
sample,forward_host,graph,512,525,5,287,1.352095962,1.408400000,0.084400000,0.020600000
sample,forward_host,graph,512,526,5,262,1.356256008,1.411900000,0.090100000,0.021600000
sample,forward_host,graph,512,527,5,4295,1.344768047,1.400200000,0.084900000,0.020800000
sample,forward_host,ordinary,512,512,5,837,1.742848039,1.796400000,1.331900000,0.000000000
sample,forward_host,ordinary,512,513,5,290,1.738080025,1.797400000,1.370000000,0.000000000
sample,forward_host,ordinary,512,514,5,460,1.784160018,1.840500000,1.114300000,0.000000000
sample,forward_host,ordinary,512,515,5,307,1.661152005,1.715900000,1.295900000,0.000000000
sample,forward_host,ordinary,512,516,5,12606,1.847872019,1.914800000,1.344700000,0.000000000
sample,forward_host,ordinary,512,517,5,32455,1.781376004,1.837500000,1.369700000,0.000000000
sample,forward_host,ordinary,512,518,5,837,1.700448036,1.754100000,1.331900000,0.000000000
sample,forward_host,ordinary,512,519,5,3584,1.737472057,1.791800000,1.235400000,0.000000000
sample,forward_host,ordinary,512,520,5,45456,1.792927980,1.848500000,1.466100000,0.000000000
sample,forward_host,ordinary,512,521,5,389,1.790495992,1.842800000,1.416600000,0.000000000
sample,forward_host,ordinary,512,522,5,7485,1.775264025,1.828500000,1.445600000,0.000000000
sample,forward_host,ordinary,512,523,5,284,1.791296005,1.845800000,1.429800000,0.000000000
sample,forward_host,ordinary,512,524,5,3051,1.680735946,1.727500000,1.333500000,0.000000000
sample,forward_host,ordinary,512,525,5,287,1.841727972,1.929900000,1.502300000,0.000000000
sample,forward_host,ordinary,512,526,5,262,1.938303947,1.988600000,1.584700000,0.000000000
sample,forward_host,ordinary,512,527,5,4295,1.966752052,2.034500000,1.632000000,0.000000000
sample,forward_host,ordinary,512,512,6,837,1.864320040,1.914200000,1.517500000,0.000000000
sample,forward_host,ordinary,512,513,6,290,1.855775952,1.916600000,1.543400000,0.000000000
sample,forward_host,ordinary,512,514,6,460,1.666399956,1.715400000,1.323700000,0.000000000
sample,forward_host,ordinary,512,515,6,307,1.687839985,1.735400000,1.293400000,0.000000000
sample,forward_host,ordinary,512,516,6,12606,1.696063995,1.743500000,1.343400000,0.000000000
sample,forward_host,ordinary,512,517,6,32455,1.725792050,1.773800000,1.235900000,0.000000000
sample,forward_host,ordinary,512,518,6,837,1.587839961,1.634700000,1.250200000,0.000000000
sample,forward_host,ordinary,512,519,6,3584,1.685664058,1.732000000,1.372800000,0.000000000
sample,forward_host,ordinary,512,520,6,45456,1.657888055,1.708300000,1.345900000,0.000000000
sample,forward_host,ordinary,512,521,6,389,1.644703984,1.691600000,1.331800000,0.000000000
sample,forward_host,ordinary,512,522,6,7485,1.775295973,1.836900000,1.328200000,0.000000000
sample,forward_host,ordinary,512,523,6,284,1.783648014,1.832100000,1.469500000,0.000000000
sample,forward_host,ordinary,512,524,6,3051,1.648576021,1.695800000,1.326800000,0.000000000
sample,forward_host,ordinary,512,525,6,287,1.745247960,1.794400000,1.400700000,0.000000000
sample,forward_host,ordinary,512,526,6,262,1.648671985,1.696400000,1.314000000,0.000000000
sample,forward_host,ordinary,512,527,6,4295,1.581823945,1.628700000,1.226700000,0.000000000
sample,forward_host,graph,512,512,6,837,1.315904021,1.362300000,0.051100000,0.010200000
sample,forward_host,graph,512,513,6,290,1.323104024,1.369400000,0.050300000,0.010200000
sample,forward_host,graph,512,514,6,460,1.325376034,1.382900000,0.051000000,0.010200000
sample,forward_host,graph,512,515,6,307,1.348031998,1.405500000,0.077900000,0.025300000
sample,forward_host,graph,512,516,6,12606,1.328575969,1.377400000,0.082300000,0.012900000
sample,forward_host,graph,512,517,6,32455,1.328063965,1.376000000,0.071500000,0.010700000
sample,forward_host,graph,512,518,6,837,1.335039973,1.383000000,0.054700000,0.014100000
sample,forward_host,graph,512,519,6,3584,1.322592020,1.370600000,0.051400000,0.010200000
sample,forward_host,graph,512,520,6,45456,1.324480057,1.372500000,0.051400000,0.010400000
sample,forward_host,graph,512,521,6,389,1.329247952,1.377100000,0.051400000,0.010400000
sample,forward_host,graph,512,522,6,7485,1.332095981,1.380600000,0.051700000,0.010200000
sample,forward_host,graph,512,523,6,284,1.328287959,1.374900000,0.051000000,0.010400000
sample,forward_host,graph,512,524,6,3051,1.330207944,1.375900000,0.050300000,0.010100000
sample,forward_host,graph,512,525,6,287,1.334303975,1.387900000,0.050100000,0.010200000
sample,forward_host,graph,512,526,6,262,1.372416019,1.434400000,0.094300000,0.029800000
sample,forward_host,graph,512,527,6,4295,1.348063946,1.520700000,0.070400000,0.020400000
sample,forward_host,graph,512,512,7,837,1.322368026,1.379000000,0.058900000,0.012800000
sample,forward_host,graph,512,513,7,290,1.332479954,1.390200000,0.060100000,0.014000000
sample,forward_host,graph,512,514,7,460,1.332288027,1.389800000,0.059500000,0.013600000
sample,forward_host,graph,512,515,7,307,1.328415990,1.372500000,0.063400000,0.013200000
sample,forward_host,graph,512,516,7,12606,1.324735999,1.412600000,0.051900000,0.010500000
sample,forward_host,graph,512,517,7,32455,1.330304027,1.385000000,0.080500000,0.010800000
sample,forward_host,graph,512,518,7,837,1.338143945,1.388300000,0.067600000,0.014100000
sample,forward_host,graph,512,519,7,3584,1.328223944,1.375600000,0.056700000,0.012000000
sample,forward_host,graph,512,520,7,45456,1.326496005,1.381000000,0.050000000,0.010100000
sample,forward_host,graph,512,521,7,389,1.333279967,1.388200000,0.060100000,0.012300000
sample,forward_host,graph,512,522,7,7485,1.354336023,1.416300000,0.077900000,0.020900000
sample,forward_host,graph,512,523,7,284,1.331680059,1.385900000,0.060100000,0.010900000
sample,forward_host,graph,512,524,7,3051,1.330976009,1.385800000,0.056600000,0.010300000
sample,forward_host,graph,512,525,7,287,1.337440014,1.393800000,0.082600000,0.010400000
sample,forward_host,graph,512,526,7,262,1.350656033,1.408800000,0.070600000,0.016600000
sample,forward_host,graph,512,527,7,4295,1.331423998,1.385200000,0.059200000,0.010800000
sample,forward_host,ordinary,512,512,7,837,1.679200053,1.726300000,1.322200000,0.000000000
sample,forward_host,ordinary,512,513,7,290,1.611328006,1.666200000,1.275700000,0.000000000
sample,forward_host,ordinary,512,514,7,460,1.708256006,1.760500000,1.284800000,0.000000000
sample,forward_host,ordinary,512,515,7,307,1.877279997,1.962600000,1.299600000,0.000000000
sample,forward_host,ordinary,512,516,7,12606,1.699103951,1.773300000,1.268200000,0.000000000
sample,forward_host,ordinary,512,517,7,32455,1.788992047,1.841800000,1.437600000,0.000000000
sample,forward_host,ordinary,512,518,7,837,1.727007985,1.778600000,1.190200000,0.000000000
sample,forward_host,ordinary,512,519,7,3584,1.739488006,1.790300000,1.426600000,0.000000000
sample,forward_host,ordinary,512,520,7,45456,1.661375999,1.708600000,1.219000000,0.000000000
sample,forward_host,ordinary,512,521,7,389,1.666975975,1.714300000,1.204600000,0.000000000
sample,forward_host,ordinary,512,522,7,7485,1.674335957,1.722300000,1.334400000,0.000000000
sample,forward_host,ordinary,512,523,7,284,1.814463973,1.859500000,1.462100000,0.000000000
sample,forward_host,ordinary,512,524,7,3051,1.612128019,1.701900000,1.245000000,0.000000000
sample,forward_host,ordinary,512,525,7,287,1.645696044,1.708000000,1.289300000,0.000000000
sample,forward_host,ordinary,512,526,7,262,2.965343952,3.020500000,2.653100000,0.000000000
sample,forward_host,ordinary,512,527,7,4295,1.680608034,1.735000000,1.140200000,0.000000000
sample,forward_host,ordinary,512,512,8,837,1.860864043,1.958700000,1.538600000,0.000000000
sample,forward_host,ordinary,512,513,8,290,1.733312011,1.789700000,1.325300000,0.000000000
sample,forward_host,ordinary,512,514,8,460,1.761247993,1.816900000,1.398700000,0.000000000
sample,forward_host,ordinary,512,515,8,307,1.715999961,1.772000000,1.376300000,0.000000000
sample,forward_host,ordinary,512,516,8,12606,1.829311967,1.880900000,1.479200000,0.000000000
sample,forward_host,ordinary,512,517,8,32455,1.929888010,2.004800000,1.182100000,0.000000000
sample,forward_host,ordinary,512,518,8,837,1.702592015,1.775800000,1.363200000,0.000000000
sample,forward_host,ordinary,512,519,8,3584,1.756031990,1.816900000,1.404500000,0.000000000
sample,forward_host,ordinary,512,520,8,45456,1.674687982,1.727500000,1.355100000,0.000000000
sample,forward_host,ordinary,512,521,8,389,1.781056046,1.835700000,1.401800000,0.000000000
sample,forward_host,ordinary,512,522,8,7485,1.918975949,1.973400000,1.168800000,0.000000000
sample,forward_host,ordinary,512,523,8,284,1.752063990,1.808700000,1.334500000,0.000000000
sample,forward_host,ordinary,512,524,8,3051,1.869824052,1.922400000,1.473700000,0.000000000
sample,forward_host,ordinary,512,525,8,287,1.783455968,1.834200000,1.406300000,0.000000000
sample,forward_host,ordinary,512,526,8,262,1.961472034,2.028800000,1.609300000,0.000000000
sample,forward_host,ordinary,512,527,8,4295,1.775743961,1.829400000,1.452700000,0.000000000
sample,forward_host,graph,512,512,8,837,1.317440033,1.394700000,0.052700000,0.010900000
sample,forward_host,graph,512,513,8,290,1.329247952,1.388500000,0.058600000,0.013700000
sample,forward_host,graph,512,514,8,460,1.325279951,1.372600000,0.054900000,0.011000000
sample,forward_host,graph,512,515,8,307,1.322144032,1.370100000,0.051700000,0.010600000
sample,forward_host,graph,512,516,8,12606,1.326624036,1.375200000,0.050900000,0.010400000
sample,forward_host,graph,512,517,8,32455,1.328608036,1.378500000,0.051800000,0.010400000
sample,forward_host,graph,512,518,8,837,1.330464005,1.378500000,0.058300000,0.011900000
sample,forward_host,graph,512,519,8,3584,1.325088024,1.372200000,0.051000000,0.010200000
sample,forward_host,graph,512,520,8,45456,1.327455997,1.376100000,0.050700000,0.010200000
sample,forward_host,graph,512,521,8,389,1.330816031,1.379400000,0.051900000,0.010200000
sample,forward_host,graph,512,522,8,7485,1.345855951,1.394300000,0.063500000,0.014400000
sample,forward_host,graph,512,523,8,284,1.329247952,1.407900000,0.051000000,0.010600000
sample,forward_host,graph,512,524,8,3051,1.355296016,1.412000000,0.076400000,0.024500000
sample,forward_host,graph,512,525,8,287,1.335968018,1.383900000,0.073500000,0.011100000
sample,forward_host,graph,512,526,8,262,1.337440014,1.385200000,0.059900000,0.010600000
sample,forward_host,graph,512,527,8,4295,1.328480005,1.376300000,0.072100000,0.010600000
sample,forward_host,graph,512,512,9,837,1.314975977,1.363300000,0.073000000,0.010900000
sample,forward_host,graph,512,513,9,290,1.324223995,1.373000000,0.051400000,0.010400000
sample,forward_host,graph,512,514,9,460,1.326560020,1.373200000,0.071200000,0.011000000
sample,forward_host,graph,512,515,9,307,1.323264003,1.369900000,0.071400000,0.010600000
sample,forward_host,graph,512,516,9,12606,1.325248003,1.391700000,0.050500000,0.010200000
sample,forward_host,graph,512,517,9,32455,1.352031946,1.412400000,0.074500000,0.023700000
sample,forward_host,graph,512,518,9,837,1.356320024,1.412200000,0.095100000,0.025100000
sample,forward_host,graph,512,519,9,3584,1.335423946,1.385800000,0.069000000,0.016200000
sample,forward_host,graph,512,520,9,45456,1.326431990,1.375300000,0.053200000,0.010700000
sample,forward_host,graph,512,521,9,389,1.330464005,1.378500000,0.072500000,0.010500000
sample,forward_host,graph,512,522,9,7485,1.331680059,1.379700000,0.068900000,0.010700000
sample,forward_host,graph,512,523,9,284,1.329792023,1.377400000,0.068900000,0.010800000
sample,forward_host,graph,512,524,9,3051,1.333951950,1.381400000,0.051000000,0.010500000
sample,forward_host,graph,512,525,9,287,1.332288027,1.380200000,0.051300000,0.010100000
sample,forward_host,graph,512,526,9,262,1.339231968,1.385900000,0.073700000,0.010400000
sample,forward_host,graph,512,527,9,4295,1.333696008,1.416500000,0.057900000,0.011100000
sample,forward_host,ordinary,512,512,9,837,1.754655957,1.807500000,1.428700000,0.000000000
sample,forward_host,ordinary,512,513,9,290,1.744480014,1.797600000,1.380200000,0.000000000
sample,forward_host,ordinary,512,514,9,460,1.692191958,1.744200000,1.270600000,0.000000000
sample,forward_host,ordinary,512,515,9,307,1.783071995,1.835100000,1.383000000,0.000000000
sample,forward_host,ordinary,512,516,9,12606,1.836575985,1.888400000,1.388500000,0.000000000
sample,forward_host,ordinary,512,517,9,32455,1.793920040,1.890400000,1.109300000,0.000000000
sample,forward_host,ordinary,512,518,9,837,1.768895984,1.846000000,1.442000000,0.000000000
sample,forward_host,ordinary,512,519,9,3584,1.817952037,1.897000000,1.489100000,0.000000000
sample,forward_host,ordinary,512,520,9,45456,1.655264020,1.707000000,1.317200000,0.000000000
sample,forward_host,ordinary,512,521,9,389,1.666496038,1.714500000,1.313900000,0.000000000
sample,forward_host,ordinary,512,522,9,7485,1.665120006,1.712200000,1.220200000,0.000000000
sample,forward_host,ordinary,512,523,9,284,1.681247950,1.730800000,1.355300000,0.000000000
sample,forward_host,ordinary,512,524,9,3051,1.800032020,1.847800000,1.428700000,0.000000000
sample,forward_host,ordinary,512,525,9,287,1.609055996,1.654100000,1.159800000,0.000000000
sample,forward_host,ordinary,512,526,9,262,1.666880012,1.744700000,1.294600000,0.000000000
sample,forward_host,ordinary,512,527,9,4295,1.552512050,1.605400000,1.222300000,0.000000000
sample,forward_host,ordinary,512,512,10,837,1.665503979,1.713600000,1.343300000,0.000000000
sample,forward_host,ordinary,512,513,10,290,1.660127997,1.708000000,1.338300000,0.000000000
sample,forward_host,ordinary,512,514,10,460,1.692479968,1.740200000,1.195300000,0.000000000
sample,forward_host,ordinary,512,515,10,307,1.619680047,1.667500000,1.266500000,0.000000000
sample,forward_host,ordinary,512,516,10,12606,1.775871992,1.827800000,1.279800000,0.000000000
sample,forward_host,ordinary,512,517,10,32455,1.879071951,1.926800000,1.563900000,0.000000000
sample,forward_host,ordinary,512,518,10,837,1.670783997,1.716100000,1.349300000,0.000000000
sample,forward_host,ordinary,512,519,10,3584,1.695296049,1.753900000,1.122100000,0.000000000
sample,forward_host,ordinary,512,520,10,45456,1.658432007,1.712800000,1.312300000,0.000000000
sample,forward_host,ordinary,512,521,10,389,1.681696057,1.728700000,1.347100000,0.000000000
sample,forward_host,ordinary,512,522,10,7485,1.592864037,1.640300000,1.248600000,0.000000000
sample,forward_host,ordinary,512,523,10,284,1.579231977,1.626200000,1.263700000,0.000000000
sample,forward_host,ordinary,512,524,10,3051,1.634688020,1.681700000,1.321300000,0.000000000
sample,forward_host,ordinary,512,525,10,287,1.578783989,1.664800000,1.242200000,0.000000000
sample,forward_host,ordinary,512,526,10,262,1.624511957,1.671300000,1.270700000,0.000000000
sample,forward_host,ordinary,512,527,10,4295,1.678815961,1.723700000,1.366000000,0.000000000
sample,forward_host,graph,512,512,10,837,1.318560004,1.375500000,0.055300000,0.011800000
sample,forward_host,graph,512,513,10,290,1.327424049,1.379600000,0.064200000,0.012500000
sample,forward_host,graph,512,514,10,460,1.327487946,1.378100000,0.055400000,0.010100000
sample,forward_host,graph,512,515,10,307,1.322623968,1.396400000,0.077900000,0.010400000
sample,forward_host,graph,512,516,10,12606,1.342592001,1.405600000,0.073000000,0.015900000
sample,forward_host,graph,512,517,10,32455,1.341599941,1.398300000,0.068500000,0.015100000
sample,forward_host,graph,512,518,10,837,1.330335975,1.379500000,0.057900000,0.010700000
sample,forward_host,graph,512,519,10,3584,1.324991941,1.373700000,0.070000000,0.010600000
sample,forward_host,graph,512,520,10,45456,1.326912045,1.375500000,0.051500000,0.010500000
sample,forward_host,graph,512,521,10,389,1.328799963,1.377300000,0.052600000,0.010200000
sample,forward_host,graph,512,522,10,7485,1.333439946,1.381800000,0.070100000,0.010800000
sample,forward_host,graph,512,523,10,284,1.330976009,1.379300000,0.073700000,0.010700000
sample,forward_host,graph,512,524,10,3051,1.330911994,1.379500000,0.053300000,0.010300000
sample,forward_host,graph,512,525,10,287,1.333088040,1.379900000,0.051200000,0.010300000
sample,forward_host,graph,512,526,10,262,1.337504029,1.433700000,0.051800000,0.010400000
sample,forward_host,graph,512,527,10,4295,1.339040041,1.398700000,0.071600000,0.014700000
sample,forward_host,graph,512,512,11,837,1.318943977,1.373700000,0.067500000,0.012800000
sample,forward_host,graph,512,513,11,290,1.324607968,1.380000000,0.061600000,0.010800000
sample,forward_host,graph,512,514,11,460,1.328384042,1.397200000,0.081100000,0.010400000
sample,forward_host,graph,512,515,11,307,1.326079965,1.380200000,0.061900000,0.010500000
sample,forward_host,graph,512,516,11,12606,1.331359982,1.394200000,0.064300000,0.010600000
sample,forward_host,graph,512,517,11,32455,1.329856038,1.383600000,0.081300000,0.010500000
sample,forward_host,graph,512,518,11,837,1.330304027,1.384500000,0.058000000,0.010400000
sample,forward_host,graph,512,519,11,3584,1.323711991,1.378000000,0.058200000,0.010100000
sample,forward_host,graph,512,520,11,45456,1.326176047,1.381200000,0.057300000,0.010100000
sample,forward_host,graph,512,521,11,389,1.330080032,1.384100000,0.076500000,0.010600000
sample,forward_host,graph,512,522,11,7485,1.329439998,1.381800000,0.064200000,0.010300000
sample,forward_host,graph,512,523,11,284,1.329408050,1.376400000,0.075900000,0.010200000
sample,forward_host,graph,512,524,11,3051,1.331583977,1.407000000,0.051700000,0.010400000
sample,forward_host,graph,512,525,11,287,1.354048014,1.448200000,0.072100000,0.018800000
sample,forward_host,graph,512,526,11,262,1.365280032,1.429500000,0.090300000,0.024000000
sample,forward_host,graph,512,527,11,4295,1.337311983,1.392000000,0.072600000,0.014000000
sample,forward_host,ordinary,512,512,11,837,1.735200047,1.789700000,1.384400000,0.000000000
sample,forward_host,ordinary,512,513,11,290,1.810080051,1.863400000,1.486700000,0.000000000
sample,forward_host,ordinary,512,514,11,460,2.601376057,2.648900000,2.296400000,0.000000000
sample,forward_host,ordinary,512,515,11,307,1.550112009,1.629800000,1.170800000,0.000000000
sample,forward_host,ordinary,512,516,11,12606,1.530400038,1.587100000,1.031700000,0.000000000
sample,forward_host,ordinary,512,517,11,32455,1.723232031,1.774400000,1.369800000,0.000000000
sample,forward_host,ordinary,512,518,11,837,1.661952019,1.717300000,1.311100000,0.000000000
sample,forward_host,ordinary,512,519,11,3584,1.787168026,1.837900000,1.437500000,0.000000000
sample,forward_host,ordinary,512,520,11,45456,1.907711983,1.961500000,1.329600000,0.000000000
sample,forward_host,ordinary,512,521,11,389,1.682335973,1.726700000,1.346400000,0.000000000
sample,forward_host,ordinary,512,522,11,7485,1.770400047,1.825300000,1.267300000,0.000000000
sample,forward_host,ordinary,512,523,11,284,1.801983953,1.855200000,1.421100000,0.000000000
sample,forward_host,ordinary,512,524,11,3051,1.745183945,1.797000000,1.378900000,0.000000000
sample,forward_host,ordinary,512,525,11,287,1.868160009,1.921300000,1.208800000,0.000000000
sample,forward_host,ordinary,512,526,11,262,1.736224055,1.786600000,1.178800000,0.000000000
sample,forward_host,ordinary,512,527,11,4295,1.719391942,1.772700000,1.355900000,0.000000000
sample,forward_host,ordinary,512,512,12,837,1.713472009,1.762900000,1.324900000,0.000000000
sample,forward_host,ordinary,512,513,12,290,1.569280028,1.618400000,1.239500000,0.000000000
sample,forward_host,ordinary,512,514,12,460,1.672384024,1.719800000,1.282000000,0.000000000
sample,forward_host,ordinary,512,515,12,307,1.628383994,1.698800000,1.302100000,0.000000000
sample,forward_host,ordinary,512,516,12,12606,1.659647942,1.707700000,1.336800000,0.000000000
sample,forward_host,ordinary,512,517,12,32455,1.593824029,1.639600000,1.191300000,0.000000000
sample,forward_host,ordinary,512,518,12,837,1.668352008,1.739200000,1.018600000,0.000000000
sample,forward_host,ordinary,512,519,12,3584,1.746464014,1.802000000,1.400100000,0.000000000
sample,forward_host,ordinary,512,520,12,45456,1.579552054,1.629500000,1.134400000,0.000000000
sample,forward_host,ordinary,512,521,12,389,1.575296044,1.622300000,1.189300000,0.000000000
sample,forward_host,ordinary,512,522,12,7485,1.558240056,1.689300000,1.207800000,0.000000000
sample,forward_host,ordinary,512,523,12,284,1.658400059,1.704900000,1.344900000,0.000000000
sample,forward_host,ordinary,512,524,12,3051,1.537248015,1.583700000,1.201500000,0.000000000
sample,forward_host,ordinary,512,525,12,287,1.604416013,1.650800000,1.270000000,0.000000000
sample,forward_host,ordinary,512,526,12,262,1.643231988,1.688600000,1.191900000,0.000000000
sample,forward_host,ordinary,512,527,12,4295,1.619616032,1.678500000,1.290100000,0.000000000
sample,forward_host,graph,512,512,12,837,1.317535996,1.371200000,0.077300000,0.010600000
sample,forward_host,graph,512,513,12,290,1.323871970,1.378200000,0.058500000,0.010100000
sample,forward_host,graph,512,514,12,460,1.327263951,1.380200000,0.076500000,0.010200000
sample,forward_host,graph,512,515,12,307,1.321920037,1.371600000,0.057400000,0.010300000
sample,forward_host,graph,512,516,12,12606,1.324991941,1.373100000,0.053300000,0.010400000
sample,forward_host,graph,512,517,12,32455,1.327808022,1.376600000,0.069300000,0.010100000
sample,forward_host,graph,512,518,12,837,1.329056025,1.375700000,0.052200000,0.010100000
sample,forward_host,graph,512,519,12,3584,1.324031949,1.369900000,0.052400000,0.010200000
sample,forward_host,graph,512,520,12,45456,1.327936053,1.413100000,0.052500000,0.010000000
sample,forward_host,graph,512,521,12,389,1.343904018,1.414900000,0.067500000,0.016700000
sample,forward_host,graph,512,522,12,7485,1.350239992,1.403300000,0.072100000,0.017000000
sample,forward_host,graph,512,523,12,284,1.331488013,1.381900000,0.073700000,0.011200000
sample,forward_host,graph,512,524,12,3051,1.354848027,1.410300000,0.084000000,0.021200000
sample,forward_host,graph,512,525,12,287,1.351519942,1.412500000,0.069500000,0.020200000
sample,forward_host,graph,512,526,12,262,1.339679956,1.396600000,0.082800000,0.011300000
sample,forward_host,graph,512,527,12,4295,1.330656052,1.388300000,0.089600000,0.011800000
sample,forward_host,graph,512,512,13,837,1.321056008,1.376800000,0.059700000,0.012800000
sample,forward_host,graph,512,513,13,290,1.330111980,1.391200000,0.063500000,0.012300000
sample,forward_host,graph,512,514,13,460,1.329120040,1.384900000,0.063600000,0.012600000
sample,forward_host,graph,512,515,13,307,1.328191996,1.391000000,0.065400000,0.012800000
sample,forward_host,graph,512,516,13,12606,1.346271992,1.413400000,0.083300000,0.021100000
sample,forward_host,graph,512,517,13,32455,1.333119988,1.392000000,0.070700000,0.013300000
sample,forward_host,graph,512,518,13,837,1.333696008,1.388900000,0.067100000,0.013400000
sample,forward_host,graph,512,519,13,3584,1.326303959,1.379600000,0.059300000,0.010400000
sample,forward_host,graph,512,520,13,45456,1.326591969,1.380300000,0.058200000,0.010500000
sample,forward_host,graph,512,521,13,389,1.331712008,1.387800000,0.056400000,0.010400000
sample,forward_host,graph,512,522,13,7485,1.334303975,1.387600000,0.057000000,0.010500000
sample,forward_host,graph,512,523,13,284,1.332800031,1.386800000,0.059100000,0.010600000
sample,forward_host,graph,512,524,13,3051,1.331840038,1.386800000,0.057400000,0.010400000
sample,forward_host,graph,512,525,13,287,1.334143996,1.403800000,0.058500000,0.010400000
sample,forward_host,graph,512,526,13,262,1.338431954,1.386500000,0.057800000,0.010700000
sample,forward_host,graph,512,527,13,4295,1.331040025,1.467000000,0.055000000,0.010400000
sample,forward_host,ordinary,512,512,13,837,1.845855951,1.917200000,1.487900000,0.000000000
sample,forward_host,ordinary,512,513,13,290,1.636288047,1.687800000,1.171400000,0.000000000
sample,forward_host,ordinary,512,514,13,460,1.614143968,1.661300000,1.231300000,0.000000000
sample,forward_host,ordinary,512,515,13,307,1.652992010,1.701400000,1.336900000,0.000000000
sample,forward_host,ordinary,512,516,13,12606,1.700191975,1.747200000,1.345200000,0.000000000
sample,forward_host,ordinary,512,517,13,32455,1.620319963,1.667100000,1.228000000,0.000000000
sample,forward_host,ordinary,512,518,13,837,1.682271957,1.729500000,1.324500000,0.000000000
sample,forward_host,ordinary,512,519,13,3584,1.647776008,1.695200000,1.279100000,0.000000000
sample,forward_host,ordinary,512,520,13,45456,1.568287969,1.618700000,1.245500000,0.000000000
sample,forward_host,ordinary,512,521,13,389,1.727264047,1.792800000,1.384900000,0.000000000
sample,forward_host,ordinary,512,522,13,7485,1.544352055,1.603200000,1.133300000,0.000000000
sample,forward_host,ordinary,512,523,13,284,1.578400016,1.627400000,1.109800000,0.000000000
sample,forward_host,ordinary,512,524,13,3051,1.670495987,1.824700000,1.356300000,0.000000000
sample,forward_host,ordinary,512,525,13,287,1.770015955,1.821700000,1.221600000,0.000000000
sample,forward_host,ordinary,512,526,13,262,1.896352053,1.954200000,1.557800000,0.000000000
sample,forward_host,ordinary,512,527,13,4295,1.653728008,1.717500000,1.239600000,0.000000000
sample,forward_host,ordinary,512,512,14,837,1.590335965,1.638000000,1.228800000,0.000000000
sample,forward_host,ordinary,512,513,14,290,1.686015964,1.733500000,1.374000000,0.000000000
sample,forward_host,ordinary,512,514,14,460,1.588832021,1.635300000,1.234500000,0.000000000
sample,forward_host,ordinary,512,515,14,307,1.774880052,1.819800000,1.335300000,0.000000000
sample,forward_host,ordinary,512,516,14,12606,1.655712008,1.711800000,1.292400000,0.000000000
sample,forward_host,ordinary,512,517,14,32455,1.707648039,1.755600000,1.353900000,0.000000000
sample,forward_host,ordinary,512,518,14,837,1.672224045,1.726600000,1.245900000,0.000000000
sample,forward_host,ordinary,512,519,14,3584,1.777439952,1.833800000,1.370700000,0.000000000
sample,forward_host,ordinary,512,520,14,45456,1.794623971,1.848300000,1.480700000,0.000000000
sample,forward_host,ordinary,512,521,14,389,1.837280035,1.889500000,1.167400000,0.000000000
sample,forward_host,ordinary,512,522,14,7485,1.802175999,1.865600000,1.458500000,0.000000000
sample,forward_host,ordinary,512,523,14,284,1.743456006,1.790800000,1.388700000,0.000000000
sample,forward_host,ordinary,512,524,14,3051,1.573824048,1.619500000,1.159700000,0.000000000
sample,forward_host,ordinary,512,525,14,287,1.700000048,1.747400000,1.353200000,0.000000000
sample,forward_host,ordinary,512,526,14,262,1.702432036,1.747500000,1.378100000,0.000000000
sample,forward_host,ordinary,512,527,14,4295,1.621088028,1.662600000,1.207000000,0.000000000
sample,forward_host,graph,512,512,14,837,1.312991977,1.360900000,0.051800000,0.010500000
sample,forward_host,graph,512,513,14,290,1.324576020,1.371800000,0.055800000,0.010500000
sample,forward_host,graph,512,514,14,460,1.326624036,1.375100000,0.068500000,0.010500000
sample,forward_host,graph,512,515,14,307,1.322975993,1.370600000,0.051400000,0.010500000
sample,forward_host,graph,512,516,14,12606,1.326112032,1.372400000,0.051500000,0.010200000
sample,forward_host,graph,512,517,14,32455,1.326496005,1.430600000,0.050200000,0.010200000
sample,forward_host,graph,512,518,14,837,1.350559950,1.419100000,0.072000000,0.021300000
sample,forward_host,graph,512,519,14,3584,1.357504010,1.523000000,0.101000000,0.028100000
sample,forward_host,graph,512,520,14,45456,1.375584006,1.483400000,0.088800000,0.038900000
sample,forward_host,graph,512,521,14,389,1.334496021,1.389400000,0.063800000,0.012500000
sample,forward_host,graph,512,522,14,7485,1.333791971,1.387500000,0.056600000,0.010600000
sample,forward_host,graph,512,523,14,284,1.330911994,1.384700000,0.055100000,0.010700000
sample,forward_host,graph,512,524,14,3051,1.332736015,1.386500000,0.055500000,0.010700000
sample,forward_host,graph,512,525,14,287,1.334687948,1.387900000,0.057300000,0.010600000
sample,forward_host,graph,512,526,14,262,1.338495970,1.397000000,0.056200000,0.010400000
sample,forward_host,graph,512,527,14,4295,1.329759955,1.378900000,0.056000000,0.010400000
sample,forward_host,graph,512,512,15,837,1.316319942,1.364400000,0.073200000,0.011100000
sample,forward_host,graph,512,513,15,290,1.324959993,1.373000000,0.072600000,0.010500000
sample,forward_host,graph,512,514,15,460,1.325088024,1.374100000,0.068400000,0.010500000
sample,forward_host,graph,512,515,15,307,1.337440014,1.389000000,0.068100000,0.016000000
sample,forward_host,graph,512,516,15,12606,1.326207995,1.374500000,0.072800000,0.011000000
sample,forward_host,graph,512,517,15,32455,1.326207995,1.374300000,0.072200000,0.010600000
sample,forward_host,graph,512,518,15,837,1.329151988,1.376700000,0.050700000,0.010200000
sample,forward_host,graph,512,519,15,3584,1.324991941,1.371500000,0.051800000,0.010400000
sample,forward_host,graph,512,520,15,45456,1.326560020,1.372300000,0.049700000,0.010200000
sample,forward_host,graph,512,521,15,389,1.331455946,1.402300000,0.051200000,0.010700000
sample,forward_host,graph,512,522,15,7485,1.362560034,1.443200000,0.090700000,0.024300000
sample,forward_host,graph,512,523,15,284,1.354815960,1.518100000,0.079000000,0.025900000
sample,forward_host,graph,512,524,15,3051,1.420672059,1.493300000,0.142900000,0.076600000
sample,forward_host,graph,512,525,15,287,1.340031981,1.389700000,0.070000000,0.012900000
sample,forward_host,graph,512,526,15,262,1.339488029,1.392200000,0.072200000,0.010900000
sample,forward_host,graph,512,527,15,4295,1.328415990,1.381800000,0.055800000,0.010900000
sample,forward_host,ordinary,512,512,15,837,1.652863979,1.710500000,1.295400000,0.000000000
sample,forward_host,ordinary,512,513,15,290,1.760959983,1.859000000,1.343000000,0.000000000
sample,forward_host,ordinary,512,514,15,460,1.723871946,1.788400000,1.380300000,0.000000000
sample,forward_host,ordinary,512,515,15,307,1.778496027,1.833000000,1.424100000,0.000000000
sample,forward_host,ordinary,512,516,15,12606,1.655904055,1.704700000,1.302300000,0.000000000
sample,forward_host,ordinary,512,517,15,32455,1.750367999,1.814500000,1.376400000,0.000000000
sample,forward_host,ordinary,512,518,15,837,1.955039978,2.014300000,1.482200000,0.000000000
sample,forward_host,ordinary,512,519,15,3584,1.786048055,1.841600000,1.454000000,0.000000000
sample,forward_host,ordinary,512,520,15,45456,1.904351950,1.960900000,1.218900000,0.000000000
sample,forward_host,ordinary,512,521,15,389,1.844447970,1.892600000,1.245200000,0.000000000
sample,forward_host,ordinary,512,522,15,7485,1.744415998,1.799200000,1.423900000,0.000000000
sample,forward_host,ordinary,512,523,15,284,1.673472047,1.727200000,1.281700000,0.000000000
sample,forward_host,ordinary,512,524,15,3051,1.735424042,1.786000000,1.341400000,0.000000000
sample,forward_host,ordinary,512,525,15,287,1.733952045,1.800900000,1.374800000,0.000000000
sample,forward_host,ordinary,512,526,15,262,1.611423969,1.678200000,1.182300000,0.000000000
sample,forward_host,ordinary,512,527,15,4295,1.714112043,1.765900000,1.246500000,0.000000000
sample,forward_host,ordinary,1007,1007,0,837,1.946336031,2.016100000,0.935900000,0.000000000
sample,forward_host,ordinary,1007,1008,0,290,1.912224054,1.968400000,0.781700000,0.000000000
sample,forward_host,ordinary,1007,1009,0,1863,1.900032043,1.953600000,0.785300000,0.000000000
sample,forward_host,ordinary,1007,1010,0,691,1.927487969,1.976300000,0.928300000,0.000000000
sample,forward_host,ordinary,1007,1011,0,262,1.878080010,1.926400000,1.271700000,0.000000000
sample,forward_host,ordinary,1007,1012,0,5093,1.843775988,1.893900000,1.230000000,0.000000000
sample,forward_host,ordinary,1007,1013,0,2488,1.857535958,1.953500000,1.242200000,0.000000000
sample,forward_host,ordinary,1007,1014,0,12,1.896352053,1.965400000,1.511700000,0.000000000
sample,forward_host,ordinary,1007,1015,0,31,1.896224022,1.950900000,0.895600000,0.000000000
sample,forward_host,ordinary,1007,1016,0,7421,2.051295996,2.105000000,0.956600000,0.000000000
sample,forward_host,ordinary,1007,1017,0,7051,1.904415965,1.957700000,0.872600000,0.000000000
sample,forward_host,ordinary,1007,1018,0,286,1.972991943,2.025600000,0.877600000,0.000000000
sample,forward_host,ordinary,1007,1019,0,262,1.957631946,2.010600000,1.127100000,0.000000000
sample,forward_host,ordinary,1007,1020,0,2619,1.909952044,1.965500000,0.842100000,0.000000000
sample,forward_host,ordinary,1007,1021,0,6896,2.010272026,2.110700000,0.870600000,0.000000000
sample,forward_host,ordinary,1007,1022,0,764,1.943040013,2.006900000,1.042500000,0.000000000
sample,forward_host,graph,1007,1007,0,837,1.647392035,1.702100000,0.077600000,0.010700000
sample,forward_host,graph,1007,1008,0,290,1.645696044,1.698400000,0.057900000,0.010400000
sample,forward_host,graph,1007,1009,0,1863,1.652863979,1.703800000,0.056700000,0.010400000
sample,forward_host,graph,1007,1010,0,691,1.654559970,1.724000000,0.089600000,0.010300000
sample,forward_host,graph,1007,1011,0,262,1.705888033,1.786000000,0.125000000,0.044600000
sample,forward_host,graph,1007,1012,0,5093,1.671040058,1.731900000,0.087100000,0.020600000
sample,forward_host,graph,1007,1013,0,2488,1.658687949,1.713900000,0.091400000,0.012400000
sample,forward_host,graph,1007,1014,0,12,1.659072042,1.714600000,0.058100000,0.010700000
sample,forward_host,graph,1007,1015,0,31,1.652927995,1.710700000,0.059300000,0.010700000
sample,forward_host,graph,1007,1016,0,7421,1.652768016,1.710100000,0.089900000,0.012100000
sample,forward_host,graph,1007,1017,0,7051,1.654335976,1.707900000,0.080900000,0.010400000
sample,forward_host,graph,1007,1018,0,286,1.660447955,1.712500000,0.057300000,0.010300000
sample,forward_host,graph,1007,1019,0,262,1.655200005,1.719700000,0.058100000,0.010600000
sample,forward_host,graph,1007,1020,0,2619,1.680927992,1.741400000,0.076900000,0.023800000
sample,forward_host,graph,1007,1021,0,6896,1.662304044,1.716900000,0.078600000,0.011400000
sample,forward_host,graph,1007,1022,0,764,1.663295984,1.717200000,0.058300000,0.010800000
sample,forward_host,graph,1007,1007,1,837,1.690143943,1.787600000,0.114700000,0.041900000
sample,forward_host,graph,1007,1008,1,290,1.681311965,1.742600000,0.100500000,0.030600000
sample,forward_host,graph,1007,1009,1,1863,1.651679993,1.706000000,0.063300000,0.011100000
sample,forward_host,graph,1007,1010,1,691,1.653504014,1.757500000,0.057300000,0.010600000
sample,forward_host,graph,1007,1011,1,262,1.651903987,1.706600000,0.061600000,0.011100000
sample,forward_host,graph,1007,1012,1,5093,1.653856039,1.708600000,0.077900000,0.010700000
sample,forward_host,graph,1007,1013,1,2488,1.655712008,1.709400000,0.058700000,0.010600000
sample,forward_host,graph,1007,1014,1,12,1.654719949,1.708800000,0.057300000,0.010500000
sample,forward_host,graph,1007,1015,1,31,1.654111981,1.750400000,0.060800000,0.010800000
sample,forward_host,graph,1007,1016,1,7421,1.701503992,1.784600000,0.122200000,0.039100000
sample,forward_host,graph,1007,1017,1,7051,1.699776053,1.769200000,0.105900000,0.040900000
sample,forward_host,graph,1007,1018,1,286,1.671231985,1.729300000,0.069600000,0.014600000
sample,forward_host,graph,1007,1019,1,262,1.655104041,1.709600000,0.078200000,0.011000000
sample,forward_host,graph,1007,1020,1,2619,1.657951951,1.711500000,0.077200000,0.010900000
sample,forward_host,graph,1007,1021,1,6896,1.660704017,1.715800000,0.057000000,0.010600000
sample,forward_host,graph,1007,1022,1,764,1.664896011,1.719600000,0.059300000,0.011300000
sample,forward_host,ordinary,1007,1007,1,837,1.946912050,2.016700000,1.337500000,0.000000000
sample,forward_host,ordinary,1007,1008,1,290,1.852480054,1.910300000,1.129900000,0.000000000
sample,forward_host,ordinary,1007,1009,1,1863,1.855615973,1.903800000,0.978000000,0.000000000
sample,forward_host,ordinary,1007,1010,1,691,1.866912007,1.914900000,1.269300000,0.000000000
sample,forward_host,ordinary,1007,1011,1,262,1.918720007,1.968200000,1.001000000,0.000000000
sample,forward_host,ordinary,1007,1012,1,5093,1.855008006,1.902200000,1.053200000,0.000000000
sample,forward_host,ordinary,1007,1013,1,2488,1.859519958,1.904900000,1.333300000,0.000000000
sample,forward_host,ordinary,1007,1014,1,12,1.855999947,1.912200000,1.232500000,0.000000000
sample,forward_host,ordinary,1007,1015,1,31,1.865823984,2.027900000,1.253900000,0.000000000
sample,forward_host,ordinary,1007,1016,1,7421,2.462304115,2.531400000,1.810500000,0.000000000
sample,forward_host,ordinary,1007,1017,1,7051,1.835487962,1.882300000,1.222200000,0.000000000
sample,forward_host,ordinary,1007,1018,1,286,1.885983944,1.934200000,1.190500000,0.000000000
sample,forward_host,ordinary,1007,1019,1,262,1.938688040,1.990300000,1.570500000,0.000000000
sample,forward_host,ordinary,1007,1020,1,2619,1.935968041,1.988300000,1.202200000,0.000000000
sample,forward_host,ordinary,1007,1021,1,6896,2.021823883,2.072600000,1.082500000,0.000000000
sample,forward_host,ordinary,1007,1022,1,764,1.965183973,2.036200000,1.001600000,0.000000000
sample,forward_host,ordinary,1007,1007,2,837,1.897503972,1.948900000,0.763100000,0.000000000
sample,forward_host,ordinary,1007,1008,2,290,1.996127963,2.065700000,0.871500000,0.000000000
sample,forward_host,ordinary,1007,1009,2,1863,1.961632013,2.028000000,1.056800000,0.000000000
sample,forward_host,ordinary,1007,1010,2,691,1.903327942,1.959700000,0.745700000,0.000000000
sample,forward_host,ordinary,1007,1011,2,262,1.918015957,1.966800000,1.083400000,0.000000000
sample,forward_host,ordinary,1007,1012,2,5093,1.918496013,1.968500000,1.064600000,0.000000000
sample,forward_host,ordinary,1007,1013,2,2488,1.890176058,1.938300000,1.046800000,0.000000000
sample,forward_host,ordinary,1007,1014,2,12,1.859200001,1.906600000,1.130700000,0.000000000
sample,forward_host,ordinary,1007,1015,2,31,1.858016014,1.903800000,1.358900000,0.000000000
sample,forward_host,ordinary,1007,1016,2,7421,1.850911975,1.908700000,1.200200000,0.000000000
sample,forward_host,ordinary,1007,1017,2,7051,1.848672032,1.897100000,0.993500000,0.000000000
sample,forward_host,ordinary,1007,1018,2,286,1.864416003,1.911300000,1.228500000,0.000000000
sample,forward_host,ordinary,1007,1019,2,262,1.860864043,1.907700000,1.265900000,0.000000000
sample,forward_host,ordinary,1007,1020,2,2619,1.886080027,1.933200000,1.265200000,0.000000000
sample,forward_host,ordinary,1007,1021,2,6896,1.941792011,1.995500000,1.054200000,0.000000000
sample,forward_host,ordinary,1007,1022,2,764,1.876384020,1.923300000,1.028600000,0.000000000
sample,forward_host,graph,1007,1007,2,837,1.645344019,1.694200000,0.056400000,0.010600000
sample,forward_host,graph,1007,1008,2,290,1.648095965,1.696100000,0.053000000,0.010700000
sample,forward_host,graph,1007,1009,2,1863,1.647359967,1.695100000,0.069500000,0.010500000
sample,forward_host,graph,1007,1010,2,691,1.651487947,1.699800000,0.051300000,0.010200000
sample,forward_host,graph,1007,1011,2,262,1.650720000,1.697700000,0.051500000,0.010300000
sample,forward_host,graph,1007,1012,2,5093,1.650688052,1.712800000,0.051100000,0.010200000
sample,forward_host,graph,1007,1013,2,2488,1.692672014,1.768500000,0.097100000,0.026600000
sample,forward_host,graph,1007,1014,2,12,1.693760037,1.804400000,0.097100000,0.034500000
sample,forward_host,graph,1007,1015,2,31,1.728575945,1.836600000,0.155000000,0.047600000
sample,forward_host,graph,1007,1016,2,7421,1.675423980,1.739000000,0.088700000,0.019400000
sample,forward_host,graph,1007,1017,2,7051,1.679648042,1.747800000,0.087700000,0.019700000
sample,forward_host,graph,1007,1018,2,286,1.668544054,1.731700000,0.073500000,0.014900000
sample,forward_host,graph,1007,1019,2,262,1.667135954,1.736400000,0.075300000,0.014800000
sample,forward_host,graph,1007,1020,2,2619,1.675968051,1.737000000,0.081900000,0.019500000
sample,forward_host,graph,1007,1021,2,6896,1.682752013,1.750700000,0.084000000,0.021800000
sample,forward_host,graph,1007,1022,2,764,1.679263949,1.730800000,0.075900000,0.020500000
sample,forward_host,graph,1007,1007,3,837,1.649888039,1.699300000,0.056600000,0.012200000
sample,forward_host,graph,1007,1008,3,290,1.646304011,1.691400000,0.055200000,0.010900000
sample,forward_host,graph,1007,1009,3,1863,1.650848031,1.698800000,0.051400000,0.010400000
sample,forward_host,graph,1007,1010,3,691,1.651775956,1.702600000,0.051600000,0.010600000
sample,forward_host,graph,1007,1011,3,262,1.648159981,1.744000000,0.048100000,0.010000000
sample,forward_host,graph,1007,1012,3,5093,1.661375999,1.722400000,0.066500000,0.013400000
sample,forward_host,graph,1007,1013,3,2488,1.655647993,1.710300000,0.078300000,0.011000000
sample,forward_host,graph,1007,1014,3,12,1.668383956,1.725300000,0.070000000,0.014400000
sample,forward_host,graph,1007,1015,3,31,1.652959943,1.706900000,0.060400000,0.011100000
sample,forward_host,graph,1007,1016,3,7421,1.654752016,1.708600000,0.079700000,0.010600000
sample,forward_host,graph,1007,1017,3,7051,1.656448007,1.710900000,0.056500000,0.010500000
sample,forward_host,graph,1007,1018,3,286,1.659456015,1.714100000,0.079700000,0.011200000
sample,forward_host,graph,1007,1019,3,262,1.654432058,1.709300000,0.056100000,0.010500000
sample,forward_host,graph,1007,1020,3,2619,1.660032034,1.770400000,0.054800000,0.010400000
sample,forward_host,graph,1007,1021,3,6896,1.683040023,1.742300000,0.082000000,0.018500000
sample,forward_host,graph,1007,1022,3,764,1.692736030,1.758900000,0.096200000,0.025600000
sample,forward_host,ordinary,1007,1007,3,837,1.912703991,1.960900000,1.319100000,0.000000000
sample,forward_host,ordinary,1007,1008,3,290,1.875808001,1.924700000,1.296300000,0.000000000
sample,forward_host,ordinary,1007,1009,3,1863,1.855712056,1.901700000,1.221600000,0.000000000
sample,forward_host,ordinary,1007,1010,3,691,1.943007946,2.007800000,1.120500000,0.000000000
sample,forward_host,ordinary,1007,1011,3,262,2.018111944,2.081600000,1.281100000,0.000000000
sample,forward_host,ordinary,1007,1012,3,5093,1.896639943,1.954900000,0.939200000,0.000000000
sample,forward_host,ordinary,1007,1013,3,2488,1.935008049,1.988200000,0.916800000,0.000000000
sample,forward_host,ordinary,1007,1014,3,12,1.902240038,1.961000000,0.786100000,0.000000000
sample,forward_host,ordinary,1007,1015,3,31,1.896800041,1.985200000,0.937900000,0.000000000
sample,forward_host,ordinary,1007,1016,3,7421,1.893919945,1.948400000,0.872100000,0.000000000
sample,forward_host,ordinary,1007,1017,3,7051,1.900832057,1.957600000,1.068500000,0.000000000
sample,forward_host,ordinary,1007,1018,3,286,1.897696018,1.974900000,0.884600000,0.000000000
sample,forward_host,ordinary,1007,1019,3,262,1.913375974,1.968600000,0.764700000,0.000000000
sample,forward_host,ordinary,1007,1020,3,2619,1.906527996,1.959800000,1.128300000,0.000000000
sample,forward_host,ordinary,1007,1021,3,6896,1.938112020,1.990700000,0.915700000,0.000000000
sample,forward_host,ordinary,1007,1022,3,764,1.920575976,1.969400000,0.891900000,0.000000000
sample,forward_host,ordinary,1007,1007,4,837,1.927935958,1.980400000,0.911900000,0.000000000
sample,forward_host,ordinary,1007,1008,4,290,1.955263972,2.008500000,0.966300000,0.000000000
sample,forward_host,ordinary,1007,1009,4,1863,1.899327993,1.951500000,1.120400000,0.000000000
sample,forward_host,ordinary,1007,1010,4,691,1.933791995,1.985300000,0.916600000,0.000000000
sample,forward_host,ordinary,1007,1011,4,262,1.896800041,1.947400000,0.927500000,0.000000000
sample,forward_host,ordinary,1007,1012,4,5093,1.956863999,2.014900000,1.088400000,0.000000000
sample,forward_host,ordinary,1007,1013,4,2488,1.876896024,1.924600000,1.392900000,0.000000000
sample,forward_host,ordinary,1007,1014,4,12,1.858464003,1.907400000,1.127500000,0.000000000
sample,forward_host,ordinary,1007,1015,4,31,1.885535955,1.932800000,1.168400000,0.000000000
sample,forward_host,ordinary,1007,1016,4,7421,1.883999944,1.931800000,0.996500000,0.000000000
sample,forward_host,ordinary,1007,1017,4,7051,1.862687945,1.909600000,1.127300000,0.000000000
sample,forward_host,ordinary,1007,1018,4,286,1.888960004,1.945400000,1.163400000,0.000000000
sample,forward_host,ordinary,1007,1019,4,262,1.857759953,1.906300000,1.234000000,0.000000000
sample,forward_host,ordinary,1007,1020,4,2619,1.902783990,1.995100000,1.034700000,0.000000000
sample,forward_host,ordinary,1007,1021,4,6896,3.044863939,3.119200000,2.523900000,0.000000000
sample,forward_host,ordinary,1007,1022,4,764,1.910976052,1.961600000,1.139300000,0.000000000
sample,forward_host,graph,1007,1007,4,837,1.649600029,1.703100000,0.082900000,0.013200000
sample,forward_host,graph,1007,1008,4,290,1.647456050,1.706600000,0.076900000,0.010700000
sample,forward_host,graph,1007,1009,4,1863,1.666784048,1.729700000,0.070600000,0.017200000
sample,forward_host,graph,1007,1010,4,691,1.660480022,1.716900000,0.066500000,0.013700000
sample,forward_host,graph,1007,1011,4,262,1.649503946,1.702500000,0.056900000,0.010500000
sample,forward_host,graph,1007,1012,4,5093,1.651296020,1.703600000,0.060200000,0.010600000
sample,forward_host,graph,1007,1013,4,2488,1.657119989,1.734300000,0.059700000,0.011400000
sample,forward_host,graph,1007,1014,4,12,1.669471979,1.744100000,0.072200000,0.018100000
sample,forward_host,graph,1007,1015,4,31,1.650720000,1.705500000,0.083200000,0.011200000
sample,forward_host,graph,1007,1016,4,7421,1.665887952,1.723000000,0.069300000,0.014100000
sample,forward_host,graph,1007,1017,4,7051,1.657951951,1.711600000,0.078000000,0.011100000
sample,forward_host,graph,1007,1018,4,286,1.659008026,1.712400000,0.057400000,0.010400000
sample,forward_host,graph,1007,1019,4,262,1.658143997,1.711700000,0.057200000,0.010600000
sample,forward_host,graph,1007,1020,4,2619,1.656000018,1.705100000,0.058200000,0.010500000
sample,forward_host,graph,1007,1021,4,6896,1.661216021,1.708900000,0.051900000,0.010500000
sample,forward_host,graph,1007,1022,4,764,1.679808021,1.740100000,0.069200000,0.020900000
sample,forward_host,graph,1007,1007,5,837,1.646432042,1.694500000,0.052900000,0.011100000
sample,forward_host,graph,1007,1008,5,290,1.650943995,1.704300000,0.052000000,0.010300000
sample,forward_host,graph,1007,1009,5,1863,1.653023958,1.705600000,0.076400000,0.010400000
sample,forward_host,graph,1007,1010,5,691,1.653632045,1.706700000,0.056500000,0.010700000
sample,forward_host,graph,1007,1011,5,262,1.648223996,1.702400000,0.055400000,0.010800000
sample,forward_host,graph,1007,1012,5,5093,1.650912046,1.703100000,0.056400000,0.010500000
sample,forward_host,graph,1007,1013,5,2488,1.666111946,1.750500000,0.070200000,0.015100000
sample,forward_host,graph,1007,1014,5,12,1.674687982,1.744000000,0.069600000,0.016700000
sample,forward_host,graph,1007,1015,5,31,1.657152057,1.712100000,0.092300000,0.013200000
sample,forward_host,graph,1007,1016,5,7421,1.657279968,1.703200000,0.060600000,0.013700000
sample,forward_host,graph,1007,1017,5,7051,1.656288028,1.699900000,0.068400000,0.010400000
sample,forward_host,graph,1007,1018,5,286,1.658911943,1.707900000,0.071400000,0.010300000
sample,forward_host,graph,1007,1019,5,262,1.670943975,1.725100000,0.072400000,0.014100000
sample,forward_host,graph,1007,1020,5,2619,1.657824039,1.710400000,0.082300000,0.013200000
sample,forward_host,graph,1007,1021,5,6896,1.657600045,1.709200000,0.055300000,0.010500000
sample,forward_host,graph,1007,1022,5,764,1.662400007,1.748200000,0.055800000,0.010700000
sample,forward_host,ordinary,1007,1007,5,837,1.871616006,1.928200000,1.127700000,0.000000000
sample,forward_host,ordinary,1007,1008,5,290,1.922623992,1.975400000,1.012600000,0.000000000
sample,forward_host,ordinary,1007,1009,5,1863,1.901823997,1.954200000,1.424900000,0.000000000
sample,forward_host,ordinary,1007,1010,5,691,2.027616024,2.078500000,1.145500000,0.000000000
sample,forward_host,ordinary,1007,1011,5,262,1.980191946,2.082900000,1.080400000,0.000000000
sample,forward_host,ordinary,1007,1012,5,5093,1.920192003,2.011500000,0.889200000,0.000000000
sample,forward_host,ordinary,1007,1013,5,2488,1.952831984,2.035400000,0.761400000,0.000000000
sample,forward_host,ordinary,1007,1014,5,12,1.920384049,1.998000000,1.472200000,0.000000000
sample,forward_host,ordinary,1007,1015,5,31,1.886175990,1.963000000,0.772800000,0.000000000
sample,forward_host,ordinary,1007,1016,5,7421,2.141376019,2.221300000,1.362200000,0.000000000
sample,forward_host,ordinary,1007,1017,5,7051,1.884448051,1.944700000,1.008700000,0.000000000
sample,forward_host,ordinary,1007,1018,5,286,1.919520020,1.999000000,0.993300000,0.000000000
sample,forward_host,ordinary,1007,1019,5,262,1.858816028,1.921700000,0.949100000,0.000000000
sample,forward_host,ordinary,1007,1020,5,2619,1.852928042,1.903700000,1.170300000,0.000000000
sample,forward_host,ordinary,1007,1021,5,6896,1.853536010,1.902500000,0.816500000,0.000000000
sample,forward_host,ordinary,1007,1022,5,764,1.946336031,1.998100000,1.292800000,0.000000000
sample,forward_host,ordinary,1007,1007,6,837,1.983039975,2.072900000,1.262400000,0.000000000
sample,forward_host,ordinary,1007,1008,6,290,1.874655962,1.933700000,0.904700000,0.000000000
sample,forward_host,ordinary,1007,1009,6,1863,1.972704053,2.027700000,0.887100000,0.000000000
sample,forward_host,ordinary,1007,1010,6,691,1.944736004,2.039500000,1.304400000,0.000000000
sample,forward_host,ordinary,1007,1011,6,262,1.998016000,2.062200000,1.214500000,0.000000000
sample,forward_host,ordinary,1007,1012,6,5093,1.935296059,2.000900000,1.564400000,0.000000000
sample,forward_host,ordinary,1007,1013,6,2488,2.028352022,2.085000000,1.687000000,0.000000000
sample,forward_host,ordinary,1007,1014,6,12,1.867359996,1.928500000,1.369100000,0.000000000
sample,forward_host,ordinary,1007,1015,6,31,1.858016014,1.907000000,0.835100000,0.000000000
sample,forward_host,ordinary,1007,1016,6,7421,1.941887975,2.008200000,1.165400000,0.000000000
sample,forward_host,ordinary,1007,1017,6,7051,1.843392015,1.892700000,0.876000000,0.000000000
sample,forward_host,ordinary,1007,1018,6,286,1.863839984,1.921600000,1.110800000,0.000000000
sample,forward_host,ordinary,1007,1019,6,262,2.002527952,2.065900000,1.027900000,0.000000000
sample,forward_host,ordinary,1007,1020,6,2619,1.895583987,1.959400000,1.398000000,0.000000000
sample,forward_host,ordinary,1007,1021,6,6896,1.896864057,1.948900000,1.131900000,0.000000000
sample,forward_host,ordinary,1007,1022,6,764,1.949568033,2.007600000,1.183700000,0.000000000
sample,forward_host,graph,1007,1007,6,837,1.657536030,1.715500000,0.073600000,0.015800000
sample,forward_host,graph,1007,1008,6,290,1.650560021,1.706300000,0.058500000,0.010500000
sample,forward_host,graph,1007,1009,6,1863,1.650112033,1.705400000,0.081600000,0.010300000
sample,forward_host,graph,1007,1010,6,691,1.655679941,1.709700000,0.077200000,0.010800000
sample,forward_host,graph,1007,1011,6,262,1.650176048,1.704700000,0.058100000,0.010500000
sample,forward_host,graph,1007,1012,6,5093,1.649440050,1.703800000,0.056700000,0.010300000
sample,forward_host,graph,1007,1013,6,2488,1.654144049,1.708000000,0.056400000,0.010300000
sample,forward_host,graph,1007,1014,6,12,1.658496022,1.712500000,0.057700000,0.010600000
sample,forward_host,graph,1007,1015,6,31,1.651520014,1.704200000,0.062700000,0.010400000
sample,forward_host,graph,1007,1016,6,7421,1.654432058,1.749300000,0.056400000,0.010400000
sample,forward_host,graph,1007,1017,6,7051,1.667135954,1.726100000,0.082700000,0.014900000
sample,forward_host,graph,1007,1018,6,286,1.659968019,1.708500000,0.074100000,0.010800000
sample,forward_host,graph,1007,1019,6,262,1.655871987,1.704700000,0.052100000,0.010600000
sample,forward_host,graph,1007,1020,6,2619,1.655519962,1.704200000,0.054200000,0.010400000
sample,forward_host,graph,1007,1021,6,6896,1.659775972,1.708100000,0.069300000,0.010500000
sample,forward_host,graph,1007,1022,6,764,1.660032034,1.708100000,0.072800000,0.010700000
sample,forward_host,graph,1007,1007,7,837,1.646335959,1.697400000,0.058900000,0.011000000
sample,forward_host,graph,1007,1008,7,290,1.651584029,1.703300000,0.059900000,0.011200000
sample,forward_host,graph,1007,1009,7,1863,1.651711941,1.698100000,0.059900000,0.010700000
sample,forward_host,graph,1007,1010,7,691,1.651327968,1.696900000,0.052400000,0.010600000
sample,forward_host,graph,1007,1011,7,262,1.656128049,1.767900000,0.057900000,0.010300000
sample,forward_host,graph,1007,1012,7,5093,1.683616042,1.764300000,0.128500000,0.024500000
sample,forward_host,graph,1007,1013,7,2488,1.673632026,1.729600000,0.076400000,0.021600000
sample,forward_host,graph,1007,1014,7,12,1.665696025,1.725900000,0.089500000,0.016000000
sample,forward_host,graph,1007,1015,7,31,1.653280020,1.704000000,0.058000000,0.011500000
sample,forward_host,graph,1007,1016,7,7421,1.652863979,1.703900000,0.057200000,0.010300000
sample,forward_host,graph,1007,1017,7,7051,1.653983951,1.706600000,0.057100000,0.010700000
sample,forward_host,graph,1007,1018,7,286,1.657407999,1.710700000,0.078600000,0.011000000
sample,forward_host,graph,1007,1019,7,262,1.657279968,1.708400000,0.089000000,0.011900000
sample,forward_host,graph,1007,1020,7,2619,1.657088041,1.733100000,0.056800000,0.010200000
sample,forward_host,graph,1007,1021,7,6896,1.673760056,1.743500000,0.071200000,0.015800000
sample,forward_host,graph,1007,1022,7,764,1.675616026,1.729900000,0.069100000,0.014600000
sample,forward_host,ordinary,1007,1007,7,837,1.927520037,1.980200000,0.984700000,0.000000000
sample,forward_host,ordinary,1007,1008,7,290,1.906144023,1.953000000,1.427500000,0.000000000
sample,forward_host,ordinary,1007,1009,7,1863,2.024960041,2.091700000,1.258500000,0.000000000
sample,forward_host,ordinary,1007,1010,7,691,1.884639978,1.950300000,1.165600000,0.000000000
sample,forward_host,ordinary,1007,1011,7,262,2.002527952,2.061600000,0.937900000,0.000000000
sample,forward_host,ordinary,1007,1012,7,5093,1.893792033,1.977400000,1.080800000,0.000000000
sample,forward_host,ordinary,1007,1013,7,2488,2.010623932,2.088200000,1.069700000,0.000000000
sample,forward_host,ordinary,1007,1014,7,12,2.061664104,2.114700000,1.069500000,0.000000000
sample,forward_host,ordinary,1007,1015,7,31,1.906944036,1.962400000,1.042100000,0.000000000
sample,forward_host,ordinary,1007,1016,7,7421,1.869696021,1.916500000,1.147300000,0.000000000
sample,forward_host,ordinary,1007,1017,7,7051,1.888095975,1.932600000,0.822200000,0.000000000
sample,forward_host,ordinary,1007,1018,7,286,1.956640005,2.043000000,1.145800000,0.000000000
sample,forward_host,ordinary,1007,1019,7,262,1.954527974,2.025100000,1.185800000,0.000000000
sample,forward_host,ordinary,1007,1020,7,2619,1.930976033,1.982900000,0.854200000,0.000000000
sample,forward_host,ordinary,1007,1021,7,6896,1.917440057,1.965000000,1.188000000,0.000000000
sample,forward_host,ordinary,1007,1022,7,764,1.889760017,1.944100000,1.275900000,0.000000000
sample,forward_host,ordinary,1007,1007,8,837,1.904927969,1.956300000,1.530100000,0.000000000
sample,forward_host,ordinary,1007,1008,8,290,1.905536056,1.956400000,0.903700000,0.000000000
sample,forward_host,ordinary,1007,1009,8,1863,1.931328058,1.993500000,1.124300000,0.000000000
sample,forward_host,ordinary,1007,1010,8,691,1.955327988,2.010300000,1.279300000,0.000000000
sample,forward_host,ordinary,1007,1011,8,262,1.983039975,2.037300000,0.958900000,0.000000000
sample,forward_host,ordinary,1007,1012,8,5093,1.916224003,1.970600000,1.113100000,0.000000000
sample,forward_host,ordinary,1007,1013,8,2488,1.936319947,1.988600000,1.321700000,0.000000000
sample,forward_host,ordinary,1007,1014,8,12,1.960384011,2.012500000,1.568700000,0.000000000
sample,forward_host,ordinary,1007,1015,8,31,1.924415946,1.977300000,1.405300000,0.000000000
sample,forward_host,ordinary,1007,1016,8,7421,1.896736026,1.947600000,1.292500000,0.000000000
sample,forward_host,ordinary,1007,1017,8,7051,1.915552020,1.979400000,1.157900000,0.000000000
sample,forward_host,ordinary,1007,1018,8,286,1.942047954,1.995600000,1.275200000,0.000000000
sample,forward_host,ordinary,1007,1019,8,262,1.936511993,1.989200000,1.455300000,0.000000000
sample,forward_host,ordinary,1007,1020,8,2619,1.904896021,1.956000000,1.283500000,0.000000000
sample,forward_host,ordinary,1007,1021,8,6896,1.925536036,1.974700000,1.060500000,0.000000000
sample,forward_host,ordinary,1007,1022,8,764,1.874783993,1.924600000,1.264400000,0.000000000
sample,forward_host,graph,1007,1007,8,837,1.661344051,1.729700000,0.078400000,0.016300000
sample,forward_host,graph,1007,1008,8,290,1.668895960,1.746100000,0.085800000,0.020300000
sample,forward_host,graph,1007,1009,8,1863,1.687103987,1.774600000,0.103000000,0.028000000
sample,forward_host,graph,1007,1010,8,691,1.697440028,1.791100000,0.123200000,0.035800000
sample,forward_host,graph,1007,1011,8,262,1.693920016,1.768200000,0.119200000,0.034500000
sample,forward_host,graph,1007,1012,8,5093,1.672287941,1.781600000,0.090100000,0.023700000
sample,forward_host,graph,1007,1013,8,2488,1.769824028,1.878700000,0.202900000,0.092100000
sample,forward_host,graph,1007,1014,8,12,1.699327946,1.772500000,0.107600000,0.035900000
sample,forward_host,graph,1007,1015,8,31,1.666911960,1.716900000,0.074700000,0.019700000
sample,forward_host,graph,1007,1016,8,7421,1.660159945,1.721300000,0.063200000,0.013200000
sample,forward_host,graph,1007,1017,8,7051,1.679455996,1.737100000,0.080200000,0.021000000
sample,forward_host,graph,1007,1018,8,286,1.663615942,1.711400000,0.056600000,0.011100000
sample,forward_host,graph,1007,1019,8,262,1.655967951,1.710600000,0.078800000,0.010900000
sample,forward_host,graph,1007,1020,8,2619,1.662559986,1.715200000,0.057000000,0.010800000
sample,forward_host,graph,1007,1021,8,6896,1.664031982,1.719800000,0.058700000,0.010800000
sample,forward_host,graph,1007,1022,8,764,1.677600026,1.747500000,0.103200000,0.018700000
sample,forward_host,graph,1007,1007,9,837,1.644991994,1.693600000,0.053700000,0.010800000
sample,forward_host,graph,1007,1008,9,290,1.647392035,1.695800000,0.053700000,0.010600000
sample,forward_host,graph,1007,1009,9,1863,1.650143981,1.697700000,0.072600000,0.010300000
sample,forward_host,graph,1007,1010,9,691,1.651520014,1.699100000,0.053500000,0.010800000
sample,forward_host,graph,1007,1011,9,262,1.651424050,1.700300000,0.052600000,0.010800000
sample,forward_host,graph,1007,1012,9,5093,1.650143981,1.696500000,0.051200000,0.010300000
sample,forward_host,graph,1007,1013,9,2488,1.653280020,1.727400000,0.070300000,0.010100000
sample,forward_host,graph,1007,1014,9,12,1.688992023,1.746000000,0.089200000,0.027500000
sample,forward_host,graph,1007,1015,9,31,1.663712025,1.720200000,0.167600000,0.015900000
sample,forward_host,graph,1007,1016,9,7421,1.656095982,1.701000000,0.060000000,0.011100000
sample,forward_host,graph,1007,1017,9,7051,1.656159997,1.703000000,0.069100000,0.010800000
sample,forward_host,graph,1007,1018,9,286,1.660928011,1.708700000,0.072700000,0.010700000
sample,forward_host,graph,1007,1019,9,262,1.653599977,1.701300000,0.051900000,0.010700000
sample,forward_host,graph,1007,1020,9,2619,1.655712008,1.706700000,0.053500000,0.010700000
sample,forward_host,graph,1007,1021,9,6896,1.664255977,1.711400000,0.058200000,0.011800000
sample,forward_host,graph,1007,1022,9,764,1.674880028,1.786000000,0.062600000,0.014300000
sample,forward_host,ordinary,1007,1007,9,837,1.988672018,2.038900000,1.429900000,0.000000000
sample,forward_host,ordinary,1007,1008,9,290,1.899551988,1.952300000,1.098000000,0.000000000
sample,forward_host,ordinary,1007,1009,9,1863,1.892127991,1.944800000,0.882600000,0.000000000
sample,forward_host,ordinary,1007,1010,9,691,1.902431965,1.954300000,0.899700000,0.000000000
sample,forward_host,ordinary,1007,1011,9,262,1.893471956,1.950100000,0.864800000,0.000000000
sample,forward_host,ordinary,1007,1012,9,5093,1.901280046,1.955200000,0.742200000,0.000000000
sample,forward_host,ordinary,1007,1013,9,2488,1.904575944,1.958100000,1.146500000,0.000000000
sample,forward_host,ordinary,1007,1014,9,12,1.974048018,2.026600000,1.098100000,0.000000000
sample,forward_host,ordinary,1007,1015,9,31,1.930943966,1.983400000,0.892200000,0.000000000
sample,forward_host,ordinary,1007,1016,9,7421,1.901247978,1.954500000,0.933600000,0.000000000
sample,forward_host,ordinary,1007,1017,9,7051,1.911360025,1.961800000,1.131500000,0.000000000
sample,forward_host,ordinary,1007,1018,9,286,1.893887997,1.940500000,1.014100000,0.000000000
sample,forward_host,ordinary,1007,1019,9,262,1.936352015,2.001000000,1.162600000,0.000000000
sample,forward_host,ordinary,1007,1020,9,2619,1.894783974,1.950600000,1.194800000,0.000000000
sample,forward_host,ordinary,1007,1021,9,6896,1.905760050,1.958900000,0.759700000,0.000000000
sample,forward_host,ordinary,1007,1022,9,764,1.904991984,1.958000000,0.944000000,0.000000000
sample,forward_host,ordinary,1007,1007,10,837,1.900704026,1.951000000,0.909800000,0.000000000
sample,forward_host,ordinary,1007,1008,10,290,1.940479994,2.012900000,1.145800000,0.000000000
sample,forward_host,ordinary,1007,1009,10,1863,1.879552007,1.932300000,0.896800000,0.000000000
sample,forward_host,ordinary,1007,1010,10,691,1.881407976,1.928500000,1.273600000,0.000000000
sample,forward_host,ordinary,1007,1011,10,262,1.854591966,1.901600000,1.253600000,0.000000000
sample,forward_host,ordinary,1007,1012,10,5093,1.876767993,1.923800000,1.246800000,0.000000000
sample,forward_host,ordinary,1007,1013,10,2488,1.904255986,1.950900000,1.299600000,0.000000000
sample,forward_host,ordinary,1007,1014,10,12,1.860671997,1.908800000,1.259400000,0.000000000
sample,forward_host,ordinary,1007,1015,10,31,1.854048014,1.899800000,1.257700000,0.000000000
sample,forward_host,ordinary,1007,1016,10,7421,1.908128023,1.964000000,1.171200000,0.000000000
sample,forward_host,ordinary,1007,1017,10,7051,1.859392047,1.907400000,1.250900000,0.000000000
sample,forward_host,ordinary,1007,1018,10,286,1.857823968,1.911000000,1.208400000,0.000000000
sample,forward_host,ordinary,1007,1019,10,262,1.882784009,1.930300000,1.268600000,0.000000000
sample,forward_host,ordinary,1007,1020,10,2619,1.887423992,1.933800000,1.267200000,0.000000000
sample,forward_host,ordinary,1007,1021,10,6896,1.889248013,1.937600000,1.286700000,0.000000000
sample,forward_host,ordinary,1007,1022,10,764,1.866464019,1.914300000,1.217400000,0.000000000
sample,forward_host,graph,1007,1007,10,837,1.650784016,1.704200000,0.065500000,0.014100000
sample,forward_host,graph,1007,1008,10,290,1.648543954,1.696400000,0.068300000,0.010600000
sample,forward_host,graph,1007,1009,10,1863,1.651103973,1.702600000,0.053000000,0.011500000
sample,forward_host,graph,1007,1010,10,691,1.653983951,1.756500000,0.057400000,0.010600000
sample,forward_host,graph,1007,1011,10,262,1.668895960,1.748900000,0.078200000,0.018400000
sample,forward_host,graph,1007,1012,10,5093,1.669919968,1.738200000,0.078100000,0.019400000
sample,forward_host,graph,1007,1013,10,2488,1.665984035,1.734000000,0.063700000,0.013500000
sample,forward_host,graph,1007,1014,10,12,1.659456015,1.717400000,0.065500000,0.012900000
sample,forward_host,graph,1007,1015,10,31,1.655104041,1.711300000,0.065600000,0.012400000
sample,forward_host,graph,1007,1016,10,7421,1.659456015,1.712200000,0.068300000,0.016200000
sample,forward_host,graph,1007,1017,10,7051,1.668256044,1.721700000,0.069800000,0.016300000
sample,forward_host,graph,1007,1018,10,286,1.660704017,1.708100000,0.074400000,0.010800000
sample,forward_host,graph,1007,1019,10,262,1.656831980,1.718100000,0.072400000,0.010400000
sample,forward_host,graph,1007,1020,10,2619,1.677119970,1.731200000,0.069000000,0.021000000
sample,forward_host,graph,1007,1021,10,6896,1.661120057,1.709600000,0.073500000,0.011300000
sample,forward_host,graph,1007,1022,10,764,1.664512038,1.712500000,0.072300000,0.010700000
sample,forward_host,graph,1007,1007,11,837,1.645215988,1.694700000,0.057800000,0.010200000
sample,forward_host,graph,1007,1008,11,290,1.648800015,1.695200000,0.071300000,0.010800000
sample,forward_host,graph,1007,1009,11,1863,1.651584029,1.698300000,0.052800000,0.010500000
sample,forward_host,graph,1007,1010,11,691,1.652896047,1.732900000,0.052400000,0.010600000
sample,forward_host,graph,1007,1011,11,262,1.673856020,1.741200000,0.082900000,0.020900000
sample,forward_host,graph,1007,1012,11,5093,1.655871987,1.704600000,0.069500000,0.013600000
sample,forward_host,graph,1007,1013,11,2488,1.655200005,1.703100000,0.051600000,0.010600000
sample,forward_host,graph,1007,1014,11,12,1.656319976,1.703500000,0.051300000,0.010600000
sample,forward_host,graph,1007,1015,11,31,1.649695992,1.698000000,0.051600000,0.010400000
sample,forward_host,graph,1007,1016,11,7421,1.650431991,1.698400000,0.072800000,0.010400000
sample,forward_host,graph,1007,1017,11,7051,1.655488014,1.703100000,0.058900000,0.010000000
sample,forward_host,graph,1007,1018,11,286,1.660032034,1.706100000,0.052500000,0.010400000
sample,forward_host,graph,1007,1019,11,262,1.655264020,1.737900000,0.050700000,0.010400000
sample,forward_host,graph,1007,1020,11,2619,1.692191958,1.757400000,0.096700000,0.032000000
sample,forward_host,graph,1007,1021,11,6896,1.681280017,1.743200000,0.078800000,0.020700000
sample,forward_host,graph,1007,1022,11,764,1.677631974,1.738400000,0.074500000,0.018700000
sample,forward_host,ordinary,1007,1007,11,837,1.849311948,1.895500000,1.357500000,0.000000000
sample,forward_host,ordinary,1007,1008,11,290,1.895231962,1.966300000,1.124000000,0.000000000
sample,forward_host,ordinary,1007,1009,11,1863,1.855327964,1.914400000,1.229400000,0.000000000
sample,forward_host,ordinary,1007,1010,11,691,1.909536004,1.963400000,1.185900000,0.000000000
sample,forward_host,ordinary,1007,1011,11,262,1.897824049,1.947500000,1.020200000,0.000000000
sample,forward_host,ordinary,1007,1012,11,5093,1.895712018,1.951100000,1.257700000,0.000000000
sample,forward_host,ordinary,1007,1013,11,2488,1.905344009,1.955400000,1.174100000,0.000000000
sample,forward_host,ordinary,1007,1014,11,12,1.903839946,1.955100000,1.173000000,0.000000000
sample,forward_host,ordinary,1007,1015,11,31,1.907775998,1.959300000,1.259600000,0.000000000
sample,forward_host,ordinary,1007,1016,11,7421,1.954751968,2.010700000,0.974800000,0.000000000
sample,forward_host,ordinary,1007,1017,11,7051,1.912256002,1.968000000,1.532700000,0.000000000
sample,forward_host,ordinary,1007,1018,11,286,1.906880021,1.956900000,1.162800000,0.000000000
sample,forward_host,ordinary,1007,1019,11,262,1.939839959,1.989900000,1.201200000,0.000000000
sample,forward_host,ordinary,1007,1020,11,2619,1.904639959,1.955700000,1.260100000,0.000000000
sample,forward_host,ordinary,1007,1021,11,6896,1.905215979,1.955500000,1.166500000,0.000000000
sample,forward_host,ordinary,1007,1022,11,764,1.909664035,1.959200000,1.156500000,0.000000000
sample,forward_host,ordinary,1007,1007,12,837,1.889855981,1.955300000,1.123200000,0.000000000
sample,forward_host,ordinary,1007,1008,12,290,1.895007968,2.027100000,1.265000000,0.000000000
sample,forward_host,ordinary,1007,1009,12,1863,1.893759966,1.976400000,0.951800000,0.000000000
sample,forward_host,ordinary,1007,1010,12,691,2.160063982,2.220200000,0.966900000,0.000000000
sample,forward_host,ordinary,1007,1011,12,262,1.888960004,1.946700000,1.286500000,0.000000000
sample,forward_host,ordinary,1007,1012,12,5093,1.897696018,1.982100000,1.335700000,0.000000000
sample,forward_host,ordinary,1007,1013,12,2488,1.890591979,1.951100000,1.252700000,0.000000000
sample,forward_host,ordinary,1007,1014,12,12,1.905279994,1.956400000,0.944600000,0.000000000
sample,forward_host,ordinary,1007,1015,12,31,1.928063989,1.980600000,1.048500000,0.000000000
sample,forward_host,ordinary,1007,1016,12,7421,1.905184031,1.957700000,0.878400000,0.000000000
sample,forward_host,ordinary,1007,1017,12,7051,1.913280010,1.965400000,1.562200000,0.000000000
sample,forward_host,ordinary,1007,1018,12,286,1.914656043,1.966800000,1.567800000,0.000000000
sample,forward_host,ordinary,1007,1019,12,262,2.007839918,2.060300000,0.930600000,0.000000000
sample,forward_host,ordinary,1007,1020,12,2619,1.903615952,1.959200000,0.908300000,0.000000000
sample,forward_host,ordinary,1007,1021,12,6896,1.911231995,1.964400000,0.833900000,0.000000000
sample,forward_host,ordinary,1007,1022,12,764,1.935647964,1.987600000,0.970000000,0.000000000
sample,forward_host,graph,1007,1007,12,837,1.645984054,1.699800000,0.056200000,0.010300000
sample,forward_host,graph,1007,1008,12,290,1.647840023,1.701000000,0.082400000,0.011900000
sample,forward_host,graph,1007,1009,12,1863,1.651551962,1.724300000,0.056100000,0.010300000
sample,forward_host,graph,1007,1010,12,691,1.664991975,1.734900000,0.066900000,0.016000000
sample,forward_host,graph,1007,1011,12,262,1.654016018,1.710000000,0.081300000,0.013900000
sample,forward_host,graph,1007,1012,12,5093,1.673472047,1.734800000,0.085700000,0.022900000
sample,forward_host,graph,1007,1013,12,2488,1.672384024,1.732700000,0.071700000,0.016300000
sample,forward_host,graph,1007,1014,12,12,1.655871987,1.713100000,0.081900000,0.010900000
sample,forward_host,graph,1007,1015,12,31,1.663936019,1.723400000,0.068200000,0.014900000
sample,forward_host,graph,1007,1016,12,7421,1.656000018,1.710600000,0.090600000,0.012400000
sample,forward_host,graph,1007,1017,12,7051,1.659232020,1.718600000,0.083900000,0.010400000
sample,forward_host,graph,1007,1018,12,286,1.676640034,1.732800000,0.070700000,0.017400000
sample,forward_host,graph,1007,1019,12,262,1.655616045,1.710300000,0.059100000,0.010600000
sample,forward_host,graph,1007,1020,12,2619,1.659456015,1.713500000,0.058300000,0.010200000
sample,forward_host,graph,1007,1021,12,6896,1.662335992,1.715500000,0.057400000,0.010300000
sample,forward_host,graph,1007,1022,12,764,1.663840055,1.716900000,0.058500000,0.011200000
sample,forward_host,graph,1007,1007,13,837,1.646752000,1.698800000,0.063200000,0.012400000
sample,forward_host,graph,1007,1008,13,290,1.655295968,1.710700000,0.069600000,0.012900000
sample,forward_host,graph,1007,1009,13,1863,1.652992010,1.710600000,0.058800000,0.010400000
sample,forward_host,graph,1007,1010,13,691,1.671712041,1.741500000,0.078100000,0.019800000
sample,forward_host,graph,1007,1011,13,262,1.668095946,1.731100000,0.082600000,0.019300000
sample,forward_host,graph,1007,1012,13,5093,1.656255960,1.722200000,0.070700000,0.013300000
sample,forward_host,graph,1007,1013,13,2488,1.654816031,1.708400000,0.059300000,0.010800000
sample,forward_host,graph,1007,1014,13,12,1.656800032,1.710300000,0.059300000,0.010500000
sample,forward_host,graph,1007,1015,13,31,1.652415991,1.707600000,0.057400000,0.010400000
sample,forward_host,graph,1007,1016,13,7421,1.650496006,1.705200000,0.082000000,0.010600000
sample,forward_host,graph,1007,1017,13,7051,1.655359983,1.707400000,0.059300000,0.010500000
sample,forward_host,graph,1007,1018,13,286,1.661216021,1.713800000,0.058100000,0.010200000
sample,forward_host,graph,1007,1019,13,262,1.659136057,1.730200000,0.056400000,0.010400000
sample,forward_host,graph,1007,1020,13,2619,1.681632042,1.735600000,0.076300000,0.021500000
sample,forward_host,graph,1007,1021,13,6896,1.660704017,1.709900000,0.074900000,0.011100000
sample,forward_host,graph,1007,1022,13,764,1.672415972,1.723900000,0.063000000,0.014600000
sample,forward_host,ordinary,1007,1007,13,837,1.845535994,1.902900000,1.341300000,0.000000000
sample,forward_host,ordinary,1007,1008,13,290,1.854527950,1.908500000,1.101900000,0.000000000
sample,forward_host,ordinary,1007,1009,13,1863,1.854015946,1.901600000,1.095500000,0.000000000
sample,forward_host,ordinary,1007,1010,13,691,1.885184050,1.932200000,1.274700000,0.000000000
sample,forward_host,ordinary,1007,1011,13,262,1.876639962,1.923600000,1.263800000,0.000000000
sample,forward_host,ordinary,1007,1012,13,5093,1.855263948,1.902700000,1.480100000,0.000000000
sample,forward_host,ordinary,1007,1013,13,2488,1.870399952,1.917700000,1.128600000,0.000000000
sample,forward_host,ordinary,1007,1014,13,12,1.882527947,1.927900000,1.258400000,0.000000000
sample,forward_host,ordinary,1007,1015,13,31,1.977887988,2.048100000,1.064200000,0.000000000
sample,forward_host,ordinary,1007,1016,13,7421,1.917440057,2.012200000,1.181600000,0.000000000
sample,forward_host,ordinary,1007,1017,13,7051,3.222752094,3.330000000,2.592700000,0.000000000
sample,forward_host,ordinary,1007,1018,13,286,1.888192058,1.950200000,0.899800000,0.000000000
sample,forward_host,ordinary,1007,1019,13,262,1.899647951,1.964100000,0.887100000,0.000000000
sample,forward_host,ordinary,1007,1020,13,2619,1.905408025,1.961100000,0.765900000,0.000000000
sample,forward_host,ordinary,1007,1021,13,6896,1.879199982,1.928300000,1.258000000,0.000000000
sample,forward_host,ordinary,1007,1022,13,764,1.945279956,2.028100000,1.270800000,0.000000000
sample,forward_host,ordinary,1007,1007,14,837,1.846207976,1.893800000,1.229700000,0.000000000
sample,forward_host,ordinary,1007,1008,14,290,1.875072002,1.922700000,1.260200000,0.000000000
sample,forward_host,ordinary,1007,1009,14,1863,1.883424044,1.930800000,1.264500000,0.000000000
sample,forward_host,ordinary,1007,1010,14,691,1.855200052,1.900500000,1.225200000,0.000000000
sample,forward_host,ordinary,1007,1011,14,262,1.871135950,1.953200000,1.254700000,0.000000000
sample,forward_host,ordinary,1007,1012,14,5093,1.877568007,1.939800000,0.853900000,0.000000000
sample,forward_host,ordinary,1007,1013,14,2488,1.844864011,1.900200000,1.103200000,0.000000000
sample,forward_host,ordinary,1007,1014,14,12,1.897887945,1.944900000,1.017900000,0.000000000
sample,forward_host,ordinary,1007,1015,14,31,1.853279948,1.900700000,1.329500000,0.000000000
sample,forward_host,ordinary,1007,1016,14,7421,1.906911969,1.957500000,1.107700000,0.000000000
sample,forward_host,ordinary,1007,1017,14,7051,1.851232052,1.906400000,1.537400000,0.000000000
sample,forward_host,ordinary,1007,1018,14,286,1.867840052,1.919500000,1.187700000,0.000000000
sample,forward_host,ordinary,1007,1019,14,262,1.955456018,2.024000000,1.232300000,0.000000000
sample,forward_host,ordinary,1007,1020,14,2619,1.848799944,1.952100000,0.925300000,0.000000000
sample,forward_host,ordinary,1007,1021,14,6896,2.933343887,2.999300000,1.903300000,0.000000000
sample,forward_host,ordinary,1007,1022,14,764,1.892832041,1.934600000,0.790000000,0.000000000
sample,forward_host,graph,1007,1007,14,837,1.644736052,1.689600000,0.052600000,0.011100000
sample,forward_host,graph,1007,1008,14,290,1.648128033,1.693100000,0.070300000,0.010600000
sample,forward_host,graph,1007,1009,14,1863,1.647264004,1.693100000,0.050300000,0.010300000
sample,forward_host,graph,1007,1010,14,691,1.657055974,1.702000000,0.051600000,0.010700000
sample,forward_host,graph,1007,1011,14,262,1.647423983,1.691100000,0.053300000,0.010300000
sample,forward_host,graph,1007,1012,14,5093,1.656416059,1.715900000,0.054300000,0.010700000
sample,forward_host,graph,1007,1013,14,2488,1.671903968,1.728400000,0.065900000,0.017500000
sample,forward_host,graph,1007,1014,14,12,1.657663941,1.708300000,0.077600000,0.011100000
sample,forward_host,graph,1007,1015,14,31,1.649695992,1.700500000,0.076400000,0.010600000
sample,forward_host,graph,1007,1016,14,7421,1.650048018,1.700700000,0.057600000,0.010800000
sample,forward_host,graph,1007,1017,14,7051,1.656672001,1.708200000,0.076300000,0.010400000
sample,forward_host,graph,1007,1018,14,286,1.656767964,1.708100000,0.076700000,0.010500000
sample,forward_host,graph,1007,1019,14,262,1.655583978,1.701100000,0.074000000,0.010600000
sample,forward_host,graph,1007,1020,14,2619,1.656800032,1.703400000,0.052400000,0.010200000
sample,forward_host,graph,1007,1021,14,6896,1.673951983,1.741100000,0.060800000,0.013500000
sample,forward_host,graph,1007,1022,14,764,1.697759986,1.895900000,0.096600000,0.028200000
sample,forward_host,graph,1007,1007,15,837,1.645503998,1.698400000,0.053900000,0.010700000
sample,forward_host,graph,1007,1008,15,290,1.672320008,1.725800000,0.073800000,0.014800000
sample,forward_host,graph,1007,1009,15,1863,1.651839972,1.700200000,0.073200000,0.011300000
sample,forward_host,graph,1007,1010,15,691,1.652351975,1.701000000,0.051200000,0.010700000
sample,forward_host,graph,1007,1011,15,262,1.649376035,1.701900000,0.053600000,0.010700000
sample,forward_host,graph,1007,1012,15,5093,1.666048050,1.747500000,0.068000000,0.014200000
sample,forward_host,graph,1007,1013,15,2488,1.694496036,1.773900000,0.108200000,0.030200000
sample,forward_host,graph,1007,1014,15,12,1.688799977,1.756600000,0.091300000,0.024100000
sample,forward_host,graph,1007,1015,15,31,1.671615958,1.719500000,0.077800000,0.021300000
sample,forward_host,graph,1007,1016,15,7421,1.662080050,1.784400000,0.066000000,0.014200000
sample,forward_host,graph,1007,1017,15,7051,1.707136035,1.807000000,0.120300000,0.042700000
sample,forward_host,graph,1007,1018,15,286,1.681439996,1.757900000,0.085700000,0.024700000
sample,forward_host,graph,1007,1019,15,262,1.665439963,1.734000000,0.066500000,0.016500000
sample,forward_host,graph,1007,1020,15,2619,1.662080050,1.737100000,0.085500000,0.013400000
sample,forward_host,graph,1007,1021,15,6896,1.663872004,1.743300000,0.063500000,0.011000000
sample,forward_host,graph,1007,1022,15,764,1.678655982,1.753100000,0.072100000,0.016100000
sample,forward_host,ordinary,1007,1007,15,837,1.912191987,1.960900000,1.161200000,0.000000000
sample,forward_host,ordinary,1007,1008,15,290,1.875615954,1.923200000,1.246800000,0.000000000
sample,forward_host,ordinary,1007,1009,15,1863,1.851328015,1.898700000,1.247500000,0.000000000
sample,forward_host,ordinary,1007,1010,15,691,1.878111959,1.924600000,1.132700000,0.000000000
sample,forward_host,ordinary,1007,1011,15,262,1.856287956,1.901900000,1.129500000,0.000000000
sample,forward_host,ordinary,1007,1012,15,5093,1.939296007,2.015200000,1.039400000,0.000000000
sample,forward_host,ordinary,1007,1013,15,2488,1.956768036,2.035200000,1.384100000,0.000000000
sample,forward_host,ordinary,1007,1014,15,12,1.897951961,1.968700000,1.288400000,0.000000000
sample,forward_host,ordinary,1007,1015,15,31,1.903903961,1.964500000,1.364900000,0.000000000
sample,forward_host,ordinary,1007,1016,15,7421,1.898112059,1.957900000,0.898200000,0.000000000
sample,forward_host,ordinary,1007,1017,15,7051,1.997760057,2.050900000,0.798200000,0.000000000
sample,forward_host,ordinary,1007,1018,15,286,1.907487988,1.958100000,0.786700000,0.000000000
sample,forward_host,ordinary,1007,1019,15,262,1.899744034,1.952000000,0.775100000,0.000000000
sample,forward_host,ordinary,1007,1020,15,2619,1.989920020,2.058200000,1.308300000,0.000000000
sample,forward_host,ordinary,1007,1021,15,6896,1.908064008,1.965700000,0.913400000,0.000000000
sample,forward_host,ordinary,1007,1022,15,764,1.909759998,1.966800000,0.874000000,0.000000000
sample,generation,ordinary,128,128,0,764,1.845567942,2.337800000,1.463600000,0.000000000
sample,generation,ordinary,128,129,0,383,1.841632009,2.355900000,1.519000000,0.000000000
sample,generation,ordinary,128,130,0,9653,1.842111945,2.284600000,1.483800000,0.000000000
sample,generation,ordinary,128,131,0,25834,1.720160007,1.968200000,1.406400000,0.000000000
sample,generation,ordinary,128,132,0,287,1.969151974,2.195300000,1.653100000,0.000000000
sample,generation,ordinary,128,133,0,262,1.748831987,1.956100000,1.435900000,0.000000000
sample,generation,ordinary,128,134,0,6076,1.597375989,1.784300000,1.259200000,0.000000000
sample,generation,ordinary,128,135,0,290,1.703295946,1.912200000,1.379600000,0.000000000
sample,generation,ordinary,128,136,0,389,1.931519985,2.139700000,1.618000000,0.000000000
sample,generation,ordinary,128,137,0,8104,1.747231960,2.061300000,1.421200000,0.000000000
sample,generation,ordinary,128,138,0,287,1.756575942,2.264200000,1.392600000,0.000000000
sample,generation,ordinary,128,139,0,262,1.721632004,2.218300000,1.366700000,0.000000000
sample,generation,ordinary,128,140,0,1280,1.785151958,2.382800000,1.460700000,0.000000000
sample,generation,ordinary,128,141,0,9151,1.804064035,2.232800000,1.487000000,0.000000000
sample,generation,ordinary,128,142,0,13,1.727391958,2.256200000,1.409400000,0.000000000
sample,generation,ordinary,128,143,0,383,1.712831974,2.213800000,1.389500000,0.000000000
sample,generation,graph,128,128,0,764,1.062847972,1.408900000,0.053900000,0.010600000
sample,generation,graph,128,129,0,383,1.069120049,1.428200000,0.053000000,0.010600000
sample,generation,graph,128,130,0,9653,1.070623994,1.328600000,0.053800000,0.010700000
sample,generation,graph,128,131,0,25834,1.074784040,1.263800000,0.069600000,0.015700000
sample,generation,graph,128,132,0,287,1.081311941,1.288100000,0.063400000,0.016400000
sample,generation,graph,128,133,0,262,1.074815989,1.250200000,0.060500000,0.012600000
sample,generation,graph,128,134,0,6076,1.075072050,1.249800000,0.052900000,0.010900000
sample,generation,graph,128,135,0,290,1.070016026,1.246000000,0.052400000,0.010500000
sample,generation,graph,128,136,0,389,1.070528030,1.245100000,0.051800000,0.010600000
sample,generation,graph,128,137,0,8104,1.074463964,1.248800000,0.052000000,0.010800000
sample,generation,graph,128,138,0,287,1.076511979,1.251600000,0.052000000,0.010400000
sample,generation,graph,128,139,0,262,1.074527979,1.249900000,0.052300000,0.010700000
sample,generation,graph,128,140,0,1280,1.077311993,1.252100000,0.052100000,0.010600000
sample,generation,graph,128,141,0,9151,1.080320001,1.255000000,0.052300000,0.010400000
sample,generation,graph,128,142,0,13,1.081663966,1.258200000,0.052400000,0.010600000
sample,generation,graph,128,143,0,383,1.074144006,1.329100000,0.052400000,0.010600000
sample,generation,graph,128,128,1,764,1.081344008,1.390100000,0.082800000,0.020500000
sample,generation,graph,128,129,1,383,1.115424037,1.439900000,0.106000000,0.032800000
sample,generation,graph,128,130,1,9653,1.113791943,1.342700000,0.118600000,0.035500000
sample,generation,graph,128,131,1,25834,1.099488020,1.585600000,0.098100000,0.030300000
sample,generation,graph,128,132,1,287,1.078176022,1.371400000,0.076600000,0.016300000
sample,generation,graph,128,133,1,262,1.088063955,1.314100000,0.075900000,0.019400000
sample,generation,graph,128,134,1,6076,1.081568003,1.349700000,0.063800000,0.015400000
sample,generation,graph,128,135,1,290,1.115839958,1.299700000,0.104700000,0.037100000
sample,generation,graph,128,136,1,389,1.103808045,1.424800000,0.093000000,0.031700000
sample,generation,graph,128,137,1,8104,1.111456037,1.314500000,0.111100000,0.032000000
sample,generation,graph,128,138,1,287,1.117472053,1.288400000,0.102800000,0.033700000
sample,generation,graph,128,139,1,262,1.104383945,1.354400000,0.093300000,0.030900000
sample,generation,graph,128,140,1,1280,1.112864017,1.322100000,0.113400000,0.032500000
sample,generation,graph,128,141,1,9151,1.099231958,1.359400000,0.079300000,0.022600000
sample,generation,graph,128,142,1,13,1.103839993,1.326700000,0.082700000,0.024800000
sample,generation,graph,128,143,1,383,1.085343957,1.298400000,0.075000000,0.018500000
sample,generation,ordinary,128,128,1,764,1.687360048,2.167500000,1.373800000,0.000000000
sample,generation,ordinary,128,129,1,383,1.759647965,2.269200000,1.436200000,0.000000000
sample,generation,ordinary,128,130,1,9653,1.776479959,2.275100000,1.464400000,0.000000000
sample,generation,ordinary,128,131,1,25834,1.750815988,2.240400000,1.421500000,0.000000000
sample,generation,ordinary,128,132,1,287,1.743551970,2.253400000,1.369900000,0.000000000
sample,generation,ordinary,128,133,1,262,1.851071954,2.443900000,1.527500000,0.000000000
sample,generation,ordinary,128,134,1,6076,1.625887990,1.983800000,1.312300000,0.000000000
sample,generation,ordinary,128,135,1,290,1.649248004,1.971200000,1.317800000,0.000000000
sample,generation,ordinary,128,136,1,389,1.649824023,1.931500000,1.316300000,0.000000000
sample,generation,ordinary,128,137,1,8104,1.733919978,1.943200000,1.323800000,0.000000000
sample,generation,ordinary,128,138,1,287,1.672160029,1.889000000,1.262700000,0.000000000
sample,generation,ordinary,128,139,1,262,1.874367952,2.064300000,1.487500000,0.000000000
sample,generation,ordinary,128,140,1,1280,1.827999949,2.029300000,1.508900000,0.000000000
sample,generation,ordinary,128,141,1,9151,1.846079946,2.367900000,1.515100000,0.000000000
sample,generation,ordinary,128,142,1,13,1.784863949,2.344600000,1.443500000,0.000000000
sample,generation,ordinary,128,143,1,383,1.746943951,2.261800000,1.366600000,0.000000000
sample,generation,ordinary,128,128,2,764,1.648640037,2.167500000,1.336500000,0.000000000
sample,generation,ordinary,128,129,2,383,1.827360034,2.178500000,1.515200000,0.000000000
sample,generation,ordinary,128,130,2,9653,1.734848022,2.343100000,1.418400000,0.000000000
sample,generation,ordinary,128,131,2,25834,1.681087971,2.118000000,1.362900000,0.000000000
sample,generation,ordinary,128,132,2,287,1.716704011,2.240600000,1.293700000,0.000000000
sample,generation,ordinary,128,133,2,262,1.735615969,2.244400000,1.378400000,0.000000000
sample,generation,ordinary,128,134,2,6076,1.599488020,1.946600000,1.264800000,0.000000000
sample,generation,ordinary,128,135,2,290,1.728351951,1.926200000,1.322600000,0.000000000
sample,generation,ordinary,128,136,2,389,1.790591955,2.005200000,1.348700000,0.000000000
sample,generation,ordinary,128,137,2,8104,1.826943994,2.323200000,1.363500000,0.000000000
sample,generation,ordinary,128,138,2,287,1.739456058,2.126200000,1.415200000,0.000000000
sample,generation,ordinary,128,139,2,262,2.033632040,2.375100000,1.722000000,0.000000000
sample,generation,ordinary,128,140,2,1280,1.849344015,2.078600000,1.535600000,0.000000000
sample,generation,ordinary,128,141,2,9151,1.726143956,1.995500000,1.360700000,0.000000000
sample,generation,ordinary,128,142,2,13,1.688928008,1.921400000,1.362500000,0.000000000
sample,generation,ordinary,128,143,2,383,1.861951947,2.073500000,1.548700000,0.000000000
sample,generation,graph,128,128,2,764,1.066720009,1.257600000,0.064400000,0.012500000
sample,generation,graph,128,129,2,383,1.068544030,1.276400000,0.058100000,0.011200000
sample,generation,graph,128,130,2,9653,1.072031975,1.576600000,0.062500000,0.012500000
sample,generation,graph,128,131,2,25834,1.066367984,1.589200000,0.057300000,0.010500000
sample,generation,graph,128,132,2,287,1.068735957,1.570300000,0.057300000,0.010400000
sample,generation,graph,128,133,2,262,1.072479963,1.254300000,0.057600000,0.010600000
sample,generation,graph,128,134,2,6076,1.075999975,1.579300000,0.056600000,0.010400000
sample,generation,graph,128,135,2,290,1.069728017,1.284900000,0.058100000,0.010800000
sample,generation,graph,128,136,2,389,1.078080058,1.255000000,0.069700000,0.015000000
sample,generation,graph,128,137,2,8104,1.076192021,1.253200000,0.053400000,0.011100000
sample,generation,graph,128,138,2,287,1.075232029,1.253200000,0.051800000,0.010600000
sample,generation,graph,128,139,2,262,1.074175954,1.251500000,0.051400000,0.010600000
sample,generation,graph,128,140,2,1280,1.075232029,1.256600000,0.051700000,0.010500000
sample,generation,graph,128,141,2,9151,1.080096006,1.256500000,0.051900000,0.010900000
sample,generation,graph,128,142,2,13,1.080288053,1.259300000,0.051800000,0.010400000
sample,generation,graph,128,143,2,383,1.074079990,1.251900000,0.051600000,0.010700000
sample,generation,graph,128,128,3,764,1.082015991,1.304900000,0.082100000,0.020600000
sample,generation,graph,128,129,3,383,1.086303949,1.315200000,0.080000000,0.021800000
sample,generation,graph,128,130,3,9653,1.088415980,1.305400000,0.080100000,0.020200000
sample,generation,graph,128,131,3,25834,1.075487971,1.279200000,0.067300000,0.015800000
sample,generation,graph,128,132,3,287,1.085952044,1.280200000,0.074200000,0.020400000
sample,generation,graph,128,133,3,262,1.075584054,1.290000000,0.057300000,0.013700000
sample,generation,graph,128,134,3,6076,1.093567967,1.272800000,0.070200000,0.014000000
sample,generation,graph,128,135,3,290,1.069856048,1.242400000,0.052400000,0.010600000
sample,generation,graph,128,136,3,389,1.070368052,1.253900000,0.051300000,0.010800000
sample,generation,graph,128,137,3,8104,1.073984027,1.260600000,0.055400000,0.010400000
sample,generation,graph,128,138,3,287,1.077664018,1.265500000,0.057500000,0.011800000
sample,generation,graph,128,139,3,262,1.077600002,1.544300000,0.062200000,0.012600000
sample,generation,graph,128,140,3,1280,1.110720038,1.503600000,0.095200000,0.027900000
sample,generation,graph,128,141,3,9151,1.104544044,1.332000000,0.078900000,0.022000000
sample,generation,graph,128,142,3,13,1.107424021,1.279500000,0.103500000,0.020900000
sample,generation,graph,128,143,3,383,1.077280045,1.283200000,0.052200000,0.013700000
sample,generation,ordinary,128,128,3,764,1.693984032,1.895700000,1.371300000,0.000000000
sample,generation,ordinary,128,129,3,383,1.693408012,1.895000000,1.380600000,0.000000000
sample,generation,ordinary,128,130,3,9653,1.620640039,1.795500000,1.300800000,0.000000000
sample,generation,ordinary,128,131,3,25834,1.774495959,1.985800000,1.424400000,0.000000000
sample,generation,ordinary,128,132,3,287,1.634207964,1.838700000,1.311100000,0.000000000
sample,generation,ordinary,128,133,3,262,1.724928021,1.900700000,1.405500000,0.000000000
sample,generation,ordinary,128,134,3,6076,1.693760037,1.893900000,1.369000000,0.000000000
sample,generation,ordinary,128,135,3,290,1.707424045,1.883400000,1.340700000,0.000000000
sample,generation,ordinary,128,136,3,389,1.586336017,1.787300000,1.263300000,0.000000000
sample,generation,ordinary,128,137,3,8104,1.692384005,1.869400000,1.380500000,0.000000000
sample,generation,ordinary,128,138,3,287,1.625087976,1.799800000,1.298300000,0.000000000
sample,generation,ordinary,128,139,3,262,1.696992040,1.942400000,1.385000000,0.000000000
sample,generation,ordinary,128,140,3,1280,2.552095890,2.768600000,2.248800000,0.000000000
sample,generation,ordinary,128,141,3,9151,1.678943992,1.935100000,1.352100000,0.000000000
sample,generation,ordinary,128,142,3,13,1.724671960,2.197900000,1.411300000,0.000000000
sample,generation,ordinary,128,143,3,383,1.758368015,2.232700000,1.388500000,0.000000000
sample,generation,ordinary,128,128,4,764,1.617151976,1.960200000,1.273400000,0.000000000
sample,generation,ordinary,128,129,4,383,1.754112005,2.808700000,1.439000000,0.000000000
sample,generation,ordinary,128,130,4,9653,2.064415932,2.294300000,1.733100000,0.000000000
sample,generation,ordinary,128,131,4,25834,1.511520028,1.706600000,1.155300000,0.000000000
sample,generation,ordinary,128,132,4,287,1.579360008,1.753800000,1.252100000,0.000000000
sample,generation,ordinary,128,133,4,262,1.728384018,1.927200000,1.374600000,0.000000000
sample,generation,ordinary,128,134,4,6076,1.686112046,1.876300000,1.359000000,0.000000000
sample,generation,ordinary,128,135,4,290,1.593279958,1.765700000,1.223500000,0.000000000
sample,generation,ordinary,128,136,4,389,1.725088000,1.933600000,1.402800000,0.000000000
sample,generation,ordinary,128,137,4,8104,1.564895988,1.739900000,1.252200000,0.000000000
sample,generation,ordinary,128,138,4,287,1.696704030,1.871100000,1.374400000,0.000000000
sample,generation,ordinary,128,139,4,262,1.627743959,1.891400000,1.258300000,0.000000000
sample,generation,ordinary,128,140,4,1280,1.663424015,1.866100000,1.296200000,0.000000000
sample,generation,ordinary,128,141,4,9151,1.719328046,1.917300000,1.403900000,0.000000000
sample,generation,ordinary,128,142,4,13,1.699743986,1.898100000,1.387300000,0.000000000
sample,generation,ordinary,128,143,4,383,1.690464020,1.876500000,1.359100000,0.000000000
sample,generation,graph,128,128,4,764,1.059200048,1.245800000,0.057200000,0.010700000
sample,generation,graph,128,129,4,383,1.069183946,1.253700000,0.059100000,0.011400000
sample,generation,graph,128,130,4,9653,1.070047975,1.571900000,0.057300000,0.010700000
sample,generation,graph,128,131,4,25834,1.067872047,1.417000000,0.057600000,0.010700000
sample,generation,graph,128,132,4,287,1.066784024,1.426200000,0.052000000,0.010300000
sample,generation,graph,128,133,4,262,1.071328044,1.359000000,0.051500000,0.010500000
sample,generation,graph,128,134,4,6076,1.103487968,1.335800000,0.090500000,0.026700000
sample,generation,graph,128,135,4,290,1.090080023,1.282300000,0.075200000,0.020000000
sample,generation,graph,128,136,4,389,1.073696017,1.257900000,0.059400000,0.011300000
sample,generation,graph,128,137,4,8104,1.075103998,1.258100000,0.055400000,0.010600000
sample,generation,graph,128,138,4,287,1.079615951,1.288300000,0.058000000,0.011800000
sample,generation,graph,128,139,4,262,1.077888012,1.579300000,0.064800000,0.012800000
sample,generation,graph,128,140,4,1280,1.076607943,1.575900000,0.058100000,0.010600000
sample,generation,graph,128,141,4,9151,1.078271985,1.578400000,0.057800000,0.010600000
sample,generation,graph,128,142,4,13,1.085600019,1.616400000,0.059300000,0.011100000
sample,generation,graph,128,143,4,383,1.073184013,1.572900000,0.057400000,0.010800000
sample,generation,graph,128,128,5,764,1.095903993,1.814000000,0.091000000,0.029400000
sample,generation,graph,128,129,5,383,1.070400000,1.285500000,0.064100000,0.013200000
sample,generation,graph,128,130,5,9653,1.074944019,1.259200000,0.065300000,0.013200000
sample,generation,graph,128,131,5,25834,1.067232013,1.274300000,0.056100000,0.010700000
sample,generation,graph,128,132,5,287,1.071583986,1.255000000,0.063500000,0.012600000
sample,generation,graph,128,133,5,262,1.071807981,1.255600000,0.056300000,0.010600000
sample,generation,graph,128,134,5,6076,1.073920012,1.262400000,0.056600000,0.010800000
sample,generation,graph,128,135,5,290,1.077152014,1.587900000,0.066600000,0.015600000
sample,generation,graph,128,136,5,389,1.073279977,1.434100000,0.070700000,0.012400000
sample,generation,graph,128,137,5,8104,1.075647950,1.392100000,0.052700000,0.010900000
sample,generation,graph,128,138,5,287,1.100415945,1.303500000,0.079000000,0.022800000
sample,generation,graph,128,139,5,262,1.075999975,1.273900000,0.053200000,0.011700000
sample,generation,graph,128,140,5,1280,1.078528047,1.253800000,0.059400000,0.012400000
sample,generation,graph,128,141,5,9151,1.079967976,1.259800000,0.052100000,0.010600000
sample,generation,graph,128,142,5,13,1.083263993,1.265500000,0.055700000,0.010500000
sample,generation,graph,128,143,5,383,1.073376060,1.254000000,0.057400000,0.010700000
sample,generation,ordinary,128,128,5,764,1.669567943,1.875700000,1.339400000,0.000000000
sample,generation,ordinary,128,129,5,383,1.946112037,2.339000000,1.633100000,0.000000000
sample,generation,ordinary,128,130,5,9653,1.746207952,2.110000000,1.433000000,0.000000000
sample,generation,ordinary,128,131,5,25834,1.599007964,1.969200000,1.230200000,0.000000000
sample,generation,ordinary,128,132,5,287,1.669247985,2.033300000,1.349200000,0.000000000
sample,generation,ordinary,128,133,5,262,1.676128030,1.853800000,1.363900000,0.000000000
sample,generation,ordinary,128,134,5,6076,1.672575951,1.848700000,1.346300000,0.000000000
sample,generation,ordinary,128,135,5,290,1.594912052,1.793000000,1.174800000,0.000000000
sample,generation,ordinary,128,136,5,389,1.641567945,1.840900000,1.318000000,0.000000000
sample,generation,ordinary,128,137,5,8104,1.771520019,1.984500000,1.458100000,0.000000000
sample,generation,ordinary,128,138,5,287,1.818336010,2.028900000,1.455100000,0.000000000
sample,generation,ordinary,128,139,5,262,1.711328030,2.213800000,1.384100000,0.000000000
sample,generation,ordinary,128,140,5,1280,1.755424023,2.268600000,1.442600000,0.000000000
sample,generation,ordinary,128,141,5,9151,1.717919946,2.226900000,1.394000000,0.000000000
sample,generation,ordinary,128,142,5,13,1.620607972,1.980400000,1.296700000,0.000000000
sample,generation,ordinary,128,143,5,383,1.678207994,2.039800000,1.365700000,0.000000000
sample,generation,ordinary,128,128,6,764,1.707391977,1.886700000,1.385000000,0.000000000
sample,generation,ordinary,128,129,6,383,1.561311960,1.978500000,1.205500000,0.000000000
sample,generation,ordinary,128,130,6,9653,1.670303941,2.179900000,1.335400000,0.000000000
sample,generation,ordinary,128,131,6,25834,1.686527967,2.187800000,1.360000000,0.000000000
sample,generation,ordinary,128,132,6,287,1.685791969,2.107100000,1.354400000,0.000000000
sample,generation,ordinary,128,133,6,262,1.597087979,1.941800000,1.201800000,0.000000000
sample,generation,ordinary,128,134,6,6076,1.929056048,2.197700000,1.618900000,0.000000000
sample,generation,ordinary,128,135,6,290,3.127167940,3.351700000,2.770000000,0.000000000
sample,generation,ordinary,128,136,6,389,1.797216058,2.215300000,1.482900000,0.000000000
sample,generation,ordinary,128,137,6,8104,1.896415949,2.405600000,1.578500000,0.000000000
sample,generation,ordinary,128,138,6,287,1.770431995,2.280500000,1.335000000,0.000000000
sample,generation,ordinary,128,139,6,262,1.862496018,2.311200000,1.410000000,0.000000000
sample,generation,ordinary,128,140,6,1280,1.879359961,2.400600000,1.554800000,0.000000000
sample,generation,ordinary,128,141,6,9151,1.979359984,2.510200000,1.665900000,0.000000000
sample,generation,ordinary,128,142,6,13,1.714815974,2.211500000,1.395300000,0.000000000
sample,generation,ordinary,128,143,6,383,1.814399958,2.286600000,1.435900000,0.000000000
sample,generation,graph,128,128,6,764,1.060415983,1.560300000,0.058300000,0.010800000
sample,generation,graph,128,129,6,383,1.068160057,1.857400000,0.056800000,0.010600000
sample,generation,graph,128,130,6,9653,1.118752003,1.348600000,0.140400000,0.050100000
sample,generation,graph,128,131,6,25834,1.083359957,1.596100000,0.079400000,0.019800000
sample,generation,graph,128,132,6,287,1.071135998,1.436100000,0.059800000,0.011700000
sample,generation,graph,128,133,6,262,1.073119998,1.251400000,0.052200000,0.010800000
sample,generation,graph,128,134,6,6076,1.073151946,1.435500000,0.051700000,0.010400000
sample,generation,graph,128,135,6,290,1.070783973,1.248400000,0.051300000,0.010600000
sample,generation,graph,128,136,6,389,1.069952011,1.421000000,0.051200000,0.010700000
sample,generation,graph,128,137,6,8104,1.072960019,1.288500000,0.052700000,0.010600000
sample,generation,graph,128,138,6,287,1.077407956,1.256300000,0.051600000,0.010300000
sample,generation,graph,128,139,6,262,1.074208021,1.250000000,0.051900000,0.010800000
sample,generation,graph,128,140,6,1280,1.075680017,1.251600000,0.051300000,0.010400000
sample,generation,graph,128,141,6,9151,1.099295974,1.296400000,0.084600000,0.018900000
sample,generation,graph,128,142,6,13,1.095648050,1.277700000,0.068900000,0.020200000
sample,generation,graph,128,143,6,383,1.075072050,1.252800000,0.054100000,0.011100000
sample,generation,graph,128,128,7,764,1.062976003,1.246900000,0.057700000,0.011300000
sample,generation,graph,128,129,7,383,1.067551970,1.251400000,0.056500000,0.010700000
sample,generation,graph,128,130,7,9653,1.074272037,1.426900000,0.060900000,0.010500000
sample,generation,graph,128,131,7,25834,1.067935944,1.244700000,0.050900000,0.010600000
sample,generation,graph,128,132,7,287,1.067584038,1.435300000,0.052100000,0.010500000
sample,generation,graph,128,133,7,262,1.073088050,1.425200000,0.052500000,0.010500000
sample,generation,graph,128,134,7,6076,1.075392008,1.349600000,0.052700000,0.010500000
sample,generation,graph,128,135,7,290,1.107007980,1.409200000,0.104000000,0.030200000
sample,generation,graph,128,136,7,389,1.129055977,1.369900000,0.135000000,0.047800000
sample,generation,graph,128,137,7,8104,1.116063952,1.365300000,0.116300000,0.033900000
sample,generation,graph,128,138,7,287,1.093407989,1.287300000,0.072700000,0.018800000
sample,generation,graph,128,139,7,262,1.093855977,1.304100000,0.062700000,0.015000000
sample,generation,graph,128,140,7,1280,1.096511960,1.310000000,0.075900000,0.018800000
sample,generation,graph,128,141,7,9151,1.084192038,1.264600000,0.062200000,0.013200000
sample,generation,graph,128,142,7,13,1.085791945,1.291600000,0.057800000,0.013100000
sample,generation,graph,128,143,7,383,1.074463964,1.255200000,0.059900000,0.012400000
sample,generation,ordinary,128,128,7,764,1.690240026,1.876600000,1.289400000,0.000000000
sample,generation,ordinary,128,129,7,383,1.621119976,1.820900000,1.256100000,0.000000000
sample,generation,ordinary,128,130,7,9653,1.618880033,1.824100000,1.222100000,0.000000000
sample,generation,ordinary,128,131,7,25834,1.732288003,1.933300000,1.365700000,0.000000000
sample,generation,ordinary,128,132,7,287,1.709632039,1.886600000,1.337400000,0.000000000
sample,generation,ordinary,128,133,7,262,1.613280058,1.813800000,1.193000000,0.000000000
sample,generation,ordinary,128,134,7,6076,1.678336024,1.876400000,1.308800000,0.000000000
sample,generation,ordinary,128,135,7,290,1.707839966,2.003700000,1.393300000,0.000000000
sample,generation,ordinary,128,136,7,389,1.642495990,2.675700000,1.329900000,0.000000000
sample,generation,ordinary,128,137,7,8104,1.584992051,1.792400000,1.242400000,0.000000000
sample,generation,ordinary,128,138,7,287,1.780832052,1.979500000,1.396600000,0.000000000
sample,generation,ordinary,128,139,7,262,1.562559962,1.739800000,1.231600000,0.000000000
sample,generation,ordinary,128,140,7,1280,1.669952035,1.846700000,1.301600000,0.000000000
sample,generation,ordinary,128,141,7,9151,1.660511971,1.864400000,1.337100000,0.000000000
sample,generation,ordinary,128,142,7,13,1.742848039,1.953200000,1.375500000,0.000000000
sample,generation,ordinary,128,143,7,383,1.708127975,2.200700000,1.387700000,0.000000000
sample,generation,ordinary,128,128,8,764,1.631168008,1.831200000,1.269600000,0.000000000
sample,generation,ordinary,128,129,8,383,1.551615953,1.751500000,1.238500000,0.000000000
sample,generation,ordinary,128,130,8,9653,1.704447985,1.879600000,1.382800000,0.000000000
sample,generation,ordinary,128,131,8,25834,1.635167956,1.810500000,1.270700000,0.000000000
sample,generation,ordinary,128,132,8,287,1.700799942,1.893200000,1.293100000,0.000000000
sample,generation,ordinary,128,133,8,262,1.795871973,2.001600000,1.291000000,0.000000000
sample,generation,ordinary,128,134,8,6076,1.718752027,1.926500000,1.386700000,0.000000000
sample,generation,ordinary,128,135,8,290,1.556288004,1.734000000,1.223300000,0.000000000
sample,generation,ordinary,128,136,8,389,1.684416056,1.885100000,1.185900000,0.000000000
sample,generation,ordinary,128,137,8,8104,1.665920019,1.866500000,1.347600000,0.000000000
sample,generation,ordinary,128,138,8,287,1.635967970,1.813000000,1.312600000,0.000000000
sample,generation,ordinary,128,139,8,262,1.658720016,1.858200000,1.322300000,0.000000000
sample,generation,ordinary,128,140,8,1280,1.762655973,1.989400000,1.405400000,0.000000000
sample,generation,ordinary,128,141,8,9151,1.644768000,1.872000000,1.323200000,0.000000000
sample,generation,ordinary,128,142,8,13,1.668159962,1.875000000,1.348900000,0.000000000
sample,generation,ordinary,128,143,8,383,1.685407996,1.886300000,1.269200000,0.000000000
sample,generation,graph,128,128,8,764,1.062432051,1.246600000,0.057100000,0.010800000
sample,generation,graph,128,129,8,383,1.069759965,1.482800000,0.057800000,0.011500000
sample,generation,graph,128,130,8,9653,1.068768024,1.571100000,0.057400000,0.010500000
sample,generation,graph,128,131,8,25834,1.068480015,1.255600000,0.056500000,0.010700000
sample,generation,graph,128,132,8,287,1.068896055,1.425600000,0.057000000,0.010900000
sample,generation,graph,128,133,8,262,1.098111987,1.547300000,0.087200000,0.022300000
sample,generation,graph,128,134,8,6076,1.093024015,1.598800000,0.103800000,0.020700000
sample,generation,graph,128,135,8,290,1.082080007,1.492900000,0.089300000,0.019700000
sample,generation,graph,128,136,8,389,1.143424034,1.385600000,0.131800000,0.043800000
sample,generation,graph,128,137,8,8104,1.096287966,1.388300000,0.081500000,0.022500000
sample,generation,graph,128,138,8,287,1.100960016,1.324800000,0.082900000,0.023600000
sample,generation,graph,128,139,8,262,1.101151943,1.624300000,0.088000000,0.025400000
sample,generation,graph,128,140,8,1280,1.097408056,1.321000000,0.088000000,0.023000000
sample,generation,graph,128,141,8,9151,1.087936044,1.301400000,0.067300000,0.015500000
sample,generation,graph,128,142,8,13,1.097087979,1.309000000,0.076400000,0.020100000
sample,generation,graph,128,143,8,383,1.084319949,1.290200000,0.091700000,0.018300000
sample,generation,graph,128,128,9,764,1.062335968,1.252900000,0.065200000,0.012400000
sample,generation,graph,128,129,9,383,1.067039967,1.249400000,0.056600000,0.010600000
sample,generation,graph,128,130,9,9653,1.071903944,1.256500000,0.054600000,0.010300000
sample,generation,graph,128,131,9,25834,1.068032026,1.257000000,0.056400000,0.010900000
sample,generation,graph,128,132,9,287,1.069087982,1.517800000,0.056200000,0.010500000
sample,generation,graph,128,133,9,262,1.074911952,1.544300000,0.059800000,0.012000000
sample,generation,graph,128,134,9,6076,1.081503987,1.320400000,0.065500000,0.013200000
sample,generation,graph,128,135,9,290,1.070304036,1.286800000,0.065300000,0.012900000
sample,generation,graph,128,136,9,389,1.083999991,1.274800000,0.069400000,0.017200000
sample,generation,graph,128,137,9,8104,1.076096058,1.259800000,0.058000000,0.011300000
sample,generation,graph,128,138,9,287,1.077023983,1.261400000,0.056600000,0.010500000
sample,generation,graph,128,139,9,262,1.075871944,1.265300000,0.056100000,0.010700000
sample,generation,graph,128,140,9,1280,1.077759981,1.265800000,0.056000000,0.010400000
sample,generation,graph,128,141,9,9151,1.081151962,1.263400000,0.057700000,0.010300000
sample,generation,graph,128,142,9,13,1.084159970,1.267100000,0.055500000,0.010300000
sample,generation,graph,128,143,9,383,1.073151946,1.256500000,0.057100000,0.010500000
sample,generation,ordinary,128,128,9,764,1.730463982,1.967500000,1.382700000,0.000000000
sample,generation,ordinary,128,129,9,383,1.748224020,2.232700000,1.422700000,0.000000000
sample,generation,ordinary,128,130,9,9653,1.810976028,2.322000000,1.487000000,0.000000000
sample,generation,ordinary,128,131,9,25834,1.693567991,2.205000000,1.364500000,0.000000000
sample,generation,ordinary,128,132,9,287,1.890367985,2.390000000,1.576000000,0.000000000
sample,generation,ordinary,128,133,9,262,1.765599966,2.273100000,1.439600000,0.000000000
sample,generation,ordinary,128,134,9,6076,1.893919945,2.441700000,1.592500000,0.000000000
sample,generation,ordinary,128,135,9,290,1.760352015,2.263800000,1.447700000,0.000000000
sample,generation,ordinary,128,136,9,389,1.796128035,2.304800000,1.482800000,0.000000000
sample,generation,ordinary,128,137,9,8104,1.698016047,2.207300000,1.366800000,0.000000000
sample,generation,ordinary,128,138,9,287,1.726495981,2.053600000,1.414100000,0.000000000
sample,generation,ordinary,128,139,9,262,1.510175943,1.857300000,1.169000000,0.000000000
sample,generation,ordinary,128,140,9,1280,1.712960005,2.115400000,1.349800000,0.000000000
sample,generation,ordinary,128,141,9,9151,1.842079997,2.075900000,1.517400000,0.000000000
sample,generation,ordinary,128,142,9,13,1.858944058,2.083300000,1.538900000,0.000000000
sample,generation,ordinary,128,143,9,383,1.778880000,1.987100000,1.434400000,0.000000000
sample,generation,ordinary,128,128,10,764,1.788095951,1.987400000,1.414200000,0.000000000
sample,generation,ordinary,128,129,10,383,1.822111964,2.330600000,1.509100000,0.000000000
sample,generation,ordinary,128,130,10,9653,1.732192039,2.235800000,1.400400000,0.000000000
sample,generation,ordinary,128,131,10,25834,1.680639982,2.176600000,1.352100000,0.000000000
sample,generation,ordinary,128,132,10,287,1.694591999,2.193200000,1.367900000,0.000000000
sample,generation,ordinary,128,133,10,262,1.743520021,2.112800000,1.431100000,0.000000000
sample,generation,ordinary,128,134,10,6076,1.813215971,2.054700000,1.499500000,0.000000000
sample,generation,ordinary,128,135,10,290,1.636512041,1.799400000,1.206900000,0.000000000
sample,generation,ordinary,128,136,10,389,1.760864019,1.958900000,1.438200000,0.000000000
sample,generation,ordinary,128,137,10,8104,1.731199980,1.948700000,1.418100000,0.000000000
sample,generation,ordinary,128,138,10,287,1.738528013,1.942400000,1.413600000,0.000000000
sample,generation,ordinary,128,139,10,262,1.679551959,1.882900000,1.352700000,0.000000000
sample,generation,ordinary,128,140,10,1280,1.786015987,1.966100000,1.459300000,0.000000000
sample,generation,ordinary,128,141,10,9151,1.831936002,2.298900000,1.512500000,0.000000000
sample,generation,ordinary,128,142,10,13,1.741088033,2.259500000,1.435900000,0.000000000
sample,generation,ordinary,128,143,10,383,1.900192022,2.441100000,1.577900000,0.000000000
sample,generation,graph,128,128,10,764,1.061215997,1.245400000,0.056600000,0.010500000
sample,generation,graph,128,129,10,383,1.068928003,1.282600000,0.056100000,0.010400000
sample,generation,graph,128,130,10,9653,1.073055983,1.257300000,0.062900000,0.011900000
sample,generation,graph,128,131,10,25834,1.066879988,1.549100000,0.065100000,0.010200000
sample,generation,graph,128,132,10,287,1.092800021,1.530200000,0.094000000,0.023500000
sample,generation,graph,128,133,10,262,1.117727995,1.607800000,0.131900000,0.038500000
sample,generation,graph,128,134,10,6076,1.078080058,1.288300000,0.074200000,0.013700000
sample,generation,graph,128,135,10,290,1.071488023,1.575500000,0.063700000,0.012300000
sample,generation,graph,128,136,10,389,1.069887996,1.255000000,0.058000000,0.010400000
sample,generation,graph,128,137,10,8104,1.072864056,1.556900000,0.058800000,0.010600000
sample,generation,graph,128,138,10,287,1.075999975,1.606600000,0.057000000,0.010400000
sample,generation,graph,128,139,10,262,1.073215961,1.257100000,0.056900000,0.010000000
sample,generation,graph,128,140,10,1280,1.075296044,1.545700000,0.057900000,0.010400000
sample,generation,graph,128,141,10,9151,1.078752041,1.264400000,0.055300000,0.010600000
sample,generation,graph,128,142,10,13,1.081120014,1.301400000,0.059900000,0.010200000
sample,generation,graph,128,143,10,383,1.086591959,1.596000000,0.097600000,0.016600000
sample,generation,graph,128,128,11,764,1.060960054,1.245300000,0.056700000,0.010900000
sample,generation,graph,128,129,11,383,1.068608046,1.252400000,0.056600000,0.010900000
sample,generation,graph,128,130,11,9653,1.069856048,1.279900000,0.056400000,0.010600000
sample,generation,graph,128,131,11,25834,1.068896055,1.253700000,0.056900000,0.011200000
sample,generation,graph,128,132,11,287,1.069632053,1.258800000,0.057600000,0.010600000
sample,generation,graph,128,133,11,262,1.072448015,1.254800000,0.057000000,0.010700000
sample,generation,graph,128,134,11,6076,1.075263977,1.254200000,0.055800000,0.010200000
sample,generation,graph,128,135,11,290,1.068032026,1.349900000,0.051700000,0.010700000
sample,generation,graph,128,136,11,389,1.094176054,1.390700000,0.080500000,0.021900000
sample,generation,graph,128,137,11,8104,1.101951957,1.368500000,0.096400000,0.025900000
sample,generation,graph,128,138,11,287,1.096032023,1.282200000,0.082500000,0.020900000
sample,generation,graph,128,139,11,262,1.082592010,1.265300000,0.081900000,0.014800000
sample,generation,graph,128,140,11,1280,1.076799989,1.255300000,0.052700000,0.010900000
sample,generation,graph,128,141,11,9151,1.079872012,1.275400000,0.051700000,0.010600000
sample,generation,graph,128,142,11,13,1.094720006,1.274100000,0.074400000,0.019000000
sample,generation,graph,128,143,11,383,1.079936028,1.259700000,0.062000000,0.014000000
sample,generation,ordinary,128,128,11,764,1.655231953,1.862800000,1.294000000,0.000000000
sample,generation,ordinary,128,129,11,383,1.739199996,1.939900000,1.425900000,0.000000000
sample,generation,ordinary,128,130,11,9653,1.686911941,1.921800000,1.283000000,0.000000000
sample,generation,ordinary,128,131,11,25834,1.617408037,1.868300000,1.297200000,0.000000000
sample,generation,ordinary,128,132,11,287,1.695423961,2.032600000,1.373400000,0.000000000
sample,generation,ordinary,128,133,11,262,1.867104053,2.422100000,1.367700000,0.000000000
sample,generation,ordinary,128,134,11,6076,1.777408004,2.289000000,1.418400000,0.000000000
sample,generation,ordinary,128,135,11,290,1.731904030,2.238300000,1.365700000,0.000000000
sample,generation,ordinary,128,136,11,389,1.927839994,2.313400000,1.523200000,0.000000000
sample,generation,ordinary,128,137,11,8104,1.817695975,2.295600000,1.485000000,0.000000000
sample,generation,ordinary,128,138,11,287,1.820415974,2.347700000,1.437200000,0.000000000
sample,generation,ordinary,128,139,11,262,1.702496052,2.196200000,1.389400000,0.000000000
sample,generation,ordinary,128,140,11,1280,1.713407993,2.235900000,1.398700000,0.000000000
sample,generation,ordinary,128,141,11,9151,1.811903954,2.386900000,1.498900000,0.000000000
sample,generation,ordinary,128,142,11,13,1.767840028,2.280200000,1.455500000,0.000000000
sample,generation,ordinary,128,143,11,383,1.781568050,2.272000000,1.468900000,0.000000000
sample,generation,ordinary,128,128,12,764,1.763007998,2.264700000,1.442000000,0.000000000
sample,generation,ordinary,128,129,12,383,1.670528054,2.162800000,1.343000000,0.000000000
sample,generation,ordinary,128,130,12,9653,1.685696006,2.206700000,1.249500000,0.000000000
sample,generation,ordinary,128,131,12,25834,1.794911981,2.304200000,1.469900000,0.000000000
sample,generation,ordinary,128,132,12,287,1.707936049,2.198500000,1.394500000,0.000000000
sample,generation,ordinary,128,133,12,262,1.708927989,2.190700000,1.356100000,0.000000000
sample,generation,ordinary,128,134,12,6076,1.808032036,2.020500000,1.466900000,0.000000000
sample,generation,ordinary,128,135,12,290,1.815775990,2.019500000,1.502500000,0.000000000
sample,generation,ordinary,128,136,12,389,1.632544041,1.834000000,1.302600000,0.000000000
sample,generation,ordinary,128,137,12,8104,1.649919987,1.850500000,1.325900000,0.000000000
sample,generation,ordinary,128,138,12,287,1.742815971,1.920000000,1.420300000,0.000000000
sample,generation,ordinary,128,139,12,262,1.607903957,1.786800000,1.189500000,0.000000000
sample,generation,ordinary,128,140,12,1280,1.626240015,1.802100000,1.260900000,0.000000000
sample,generation,ordinary,128,141,12,9151,1.636639953,1.810700000,1.242500000,0.000000000
sample,generation,ordinary,128,142,12,13,1.699231982,2.000700000,1.350000000,0.000000000
sample,generation,ordinary,128,143,12,383,1.705119967,1.903500000,1.340600000,0.000000000
sample,generation,graph,128,128,12,764,1.062335968,1.238700000,0.051000000,0.010300000
sample,generation,graph,128,129,12,383,1.067487955,1.244400000,0.051800000,0.010500000
sample,generation,graph,128,130,12,9653,1.073855996,1.250700000,0.055800000,0.010300000
sample,generation,graph,128,131,12,25834,1.065791965,1.242500000,0.051100000,0.010400000
sample,generation,graph,128,132,12,287,1.068608046,1.245100000,0.051500000,0.010400000
sample,generation,graph,128,133,12,262,1.071040034,1.248500000,0.051600000,0.010400000
sample,generation,graph,128,134,12,6076,1.073055983,1.248800000,0.050800000,0.010300000
sample,generation,graph,128,135,12,290,1.069023967,1.244700000,0.051400000,0.010500000
sample,generation,graph,128,136,12,389,1.070080042,1.344900000,0.066600000,0.010200000
sample,generation,graph,128,137,12,8104,1.120223999,1.938100000,0.113800000,0.029900000
sample,generation,graph,128,138,12,287,1.089087963,1.300700000,0.064800000,0.017000000
sample,generation,graph,128,139,12,262,1.079839945,1.291600000,0.066400000,0.013900000
sample,generation,graph,128,140,12,1280,1.077631950,1.566200000,0.063900000,0.012200000
sample,generation,graph,128,141,12,9151,1.095648050,1.360600000,0.078800000,0.017400000
sample,generation,graph,128,142,12,13,1.099519968,1.468000000,0.084300000,0.023300000
sample,generation,graph,128,143,12,383,1.092383981,1.587300000,0.073400000,0.019100000
sample,generation,graph,128,128,13,764,1.104671955,1.551300000,0.113400000,0.037000000
sample,generation,graph,128,129,13,383,1.083071947,1.558300000,0.074500000,0.018600000
sample,generation,graph,128,130,13,9653,1.083039999,1.503700000,0.093100000,0.016200000
sample,generation,graph,128,131,13,25834,1.072031975,1.315500000,0.065400000,0.014200000
sample,generation,graph,128,132,13,287,1.071679950,1.566000000,0.061100000,0.012200000
sample,generation,graph,128,133,13,262,1.074336052,1.553600000,0.057000000,0.010600000
sample,generation,graph,128,134,13,6076,1.085536003,1.585500000,0.091000000,0.016300000
sample,generation,graph,128,135,13,290,1.068768024,1.564500000,0.058200000,0.011100000
sample,generation,graph,128,136,13,389,1.071648002,1.254700000,0.057200000,0.011100000
sample,generation,graph,128,137,13,8104,1.076032043,1.259500000,0.057000000,0.010800000
sample,generation,graph,128,138,13,287,1.077407956,1.542600000,0.056800000,0.011000000
sample,generation,graph,128,139,13,262,1.082048059,1.585300000,0.067200000,0.015900000
sample,generation,graph,128,140,13,1280,1.076607943,1.256500000,0.056900000,0.010900000
sample,generation,graph,128,141,13,9151,1.078495979,1.258200000,0.051800000,0.010900000
sample,generation,graph,128,142,13,13,1.085279942,1.264400000,0.053000000,0.011400000
sample,generation,graph,128,143,13,383,1.072128057,1.249800000,0.051800000,0.010500000
sample,generation,ordinary,128,128,13,764,1.805184007,2.298300000,1.479800000,0.000000000
sample,generation,ordinary,128,129,13,383,1.666527987,2.156000000,1.293600000,0.000000000
sample,generation,ordinary,128,130,13,9653,1.790016055,2.306000000,1.314600000,0.000000000
sample,generation,ordinary,128,131,13,25834,1.842527986,2.331700000,1.473400000,0.000000000
sample,generation,ordinary,128,132,13,287,1.774431944,2.289600000,1.366000000,0.000000000
sample,generation,ordinary,128,133,13,262,1.733824015,2.233600000,1.421300000,0.000000000
sample,generation,ordinary,128,134,13,6076,1.715999961,2.217800000,1.387500000,0.000000000
sample,generation,ordinary,128,135,13,290,1.780895948,2.281400000,1.405000000,0.000000000
sample,generation,ordinary,128,136,13,389,1.837280035,2.272600000,1.385200000,0.000000000
sample,generation,ordinary,128,137,13,8104,1.753952026,2.254000000,1.429400000,0.000000000
sample,generation,ordinary,128,138,13,287,1.760831952,2.136300000,1.298800000,0.000000000
sample,generation,ordinary,128,139,13,262,1.911936045,2.405700000,1.579600000,0.000000000
sample,generation,ordinary,128,140,13,1280,1.829663992,2.297300000,1.472700000,0.000000000
sample,generation,ordinary,128,141,13,9151,1.791775942,2.249900000,1.271700000,0.000000000
sample,generation,ordinary,128,142,13,13,1.666399956,2.215600000,1.335400000,0.000000000
sample,generation,ordinary,128,143,13,383,1.769503951,2.284400000,1.447000000,0.000000000
sample,generation,ordinary,128,128,14,764,1.748607993,2.251300000,1.425200000,0.000000000
sample,generation,ordinary,128,129,14,383,1.825216055,2.034900000,1.409800000,0.000000000
sample,generation,ordinary,128,130,14,9653,1.838495970,2.319800000,1.519800000,0.000000000
sample,generation,ordinary,128,131,14,25834,1.775200009,2.288600000,1.357300000,0.000000000
sample,generation,ordinary,128,132,14,287,1.664863944,2.029700000,1.273100000,0.000000000
sample,generation,ordinary,128,133,14,262,1.670464039,1.902200000,1.344900000,0.000000000
sample,generation,ordinary,128,134,14,6076,1.744575977,1.966100000,1.420500000,0.000000000
sample,generation,ordinary,128,135,14,290,1.689087987,1.870700000,1.367900000,0.000000000
sample,generation,ordinary,128,136,14,389,1.607552052,1.813400000,1.256400000,0.000000000
sample,generation,ordinary,128,137,14,8104,1.793184042,1.996300000,1.473800000,0.000000000
sample,generation,ordinary,128,138,14,287,1.741855979,1.918000000,1.348900000,0.000000000
sample,generation,ordinary,128,139,14,262,1.692800045,1.895400000,1.340000000,0.000000000
sample,generation,ordinary,128,140,14,1280,1.678591967,1.855100000,1.356600000,0.000000000
sample,generation,ordinary,128,141,14,9151,1.737983942,1.937800000,1.294100000,0.000000000
sample,generation,ordinary,128,142,14,13,1.728160024,1.903600000,1.415900000,0.000000000
sample,generation,ordinary,128,143,14,383,1.907968044,2.246400000,1.539100000,0.000000000
sample,generation,graph,128,128,14,764,1.078080058,1.639400000,0.078500000,0.019300000
sample,generation,graph,128,129,14,383,1.072639942,1.608700000,0.067000000,0.012500000
sample,generation,graph,128,130,14,9653,1.073215961,1.578400000,0.057700000,0.010400000
sample,generation,graph,128,131,14,25834,1.069408059,1.570700000,0.058400000,0.010700000
sample,generation,graph,128,132,14,287,1.068863988,1.569200000,0.057500000,0.010500000
sample,generation,graph,128,133,14,262,1.076256037,1.288400000,0.060800000,0.014400000
sample,generation,graph,128,134,14,6076,1.077119946,1.598900000,0.065000000,0.012100000
sample,generation,graph,128,135,14,290,1.071040034,1.310800000,0.063200000,0.012100000
sample,generation,graph,128,136,14,389,1.078207970,1.382000000,0.066000000,0.015000000
sample,generation,graph,128,137,14,8104,1.100736022,1.636700000,0.092400000,0.022600000
sample,generation,graph,128,138,14,287,1.080096006,1.586300000,0.063000000,0.012100000
sample,generation,graph,128,139,14,262,1.073343992,1.574100000,0.057500000,0.010700000
sample,generation,graph,128,140,14,1280,1.084032059,1.602700000,0.067700000,0.014600000
sample,generation,graph,128,141,14,9151,1.077759981,1.513600000,0.068000000,0.010500000
sample,generation,graph,128,142,14,13,1.080767989,1.435800000,0.052200000,0.010600000
sample,generation,graph,128,143,14,383,1.072095990,1.250000000,0.054400000,0.010700000
sample,generation,graph,128,128,15,764,1.078304052,1.299100000,0.067100000,0.018200000
sample,generation,graph,128,129,15,383,1.079167962,1.259300000,0.068400000,0.017200000
sample,generation,graph,128,130,15,9653,1.071392059,1.248100000,0.053700000,0.010900000
sample,generation,graph,128,131,15,25834,1.075680017,1.255600000,0.060700000,0.014300000
sample,generation,graph,128,132,15,287,1.069247961,1.244500000,0.053800000,0.011100000
sample,generation,graph,128,133,15,262,1.071488023,1.246900000,0.053200000,0.011000000
sample,generation,graph,128,134,15,6076,1.077504039,1.251600000,0.052000000,0.010700000
sample,generation,graph,128,135,15,290,1.067648053,1.244700000,0.051900000,0.010400000
sample,generation,graph,128,136,15,389,1.073760033,1.249200000,0.054400000,0.012100000
sample,generation,graph,128,137,15,8104,1.075999975,1.250500000,0.052600000,0.010600000
sample,generation,graph,128,138,15,287,1.077376008,1.250900000,0.051800000,0.010400000
sample,generation,graph,128,139,15,262,1.074048042,1.246700000,0.052200000,0.010400000
sample,generation,graph,128,140,15,1280,1.077919960,1.265800000,0.052200000,0.010500000
sample,generation,graph,128,141,15,9151,1.091264009,1.276700000,0.081200000,0.015600000
sample,generation,graph,128,142,15,13,1.083840013,1.260500000,0.054500000,0.011300000
sample,generation,graph,128,143,15,383,1.072639942,1.250700000,0.052700000,0.010500000
sample,generation,ordinary,128,128,15,764,1.603775978,1.804400000,1.239100000,0.000000000
sample,generation,ordinary,128,129,15,383,1.734624028,1.932600000,1.405500000,0.000000000
sample,generation,ordinary,128,130,15,9653,1.680703998,1.905500000,1.360800000,0.000000000
sample,generation,ordinary,128,131,15,25834,1.720831990,1.911200000,1.396400000,0.000000000
sample,generation,ordinary,128,132,15,287,1.591488004,1.791800000,1.273900000,0.000000000
sample,generation,ordinary,128,133,15,262,1.723775983,1.922900000,1.403300000,0.000000000
sample,generation,ordinary,128,134,15,6076,1.636896014,1.813800000,1.298300000,0.000000000
sample,generation,ordinary,128,135,15,290,1.619935989,1.820600000,1.225500000,0.000000000
sample,generation,ordinary,128,136,15,389,1.737920046,1.938000000,1.425500000,0.000000000
sample,generation,ordinary,128,137,15,8104,1.655007958,1.855500000,1.265900000,0.000000000
sample,generation,ordinary,128,138,15,287,1.657920003,1.851800000,1.251300000,0.000000000
sample,generation,ordinary,128,139,15,262,1.856160045,2.118200000,1.545500000,0.000000000
sample,generation,ordinary,128,140,15,1280,2.121216059,2.769000000,1.530900000,0.000000000
sample,generation,ordinary,128,141,15,9151,1.707200050,1.911000000,1.386000000,0.000000000
sample,generation,ordinary,128,142,15,13,1.706815958,1.888600000,1.385300000,0.000000000
sample,generation,ordinary,128,143,15,383,1.786463976,2.047300000,1.464100000,0.000000000
sample,generation,ordinary,512,512,0,558,1.713567972,1.940500000,1.390400000,0.000000000
sample,generation,ordinary,512,513,0,272,1.974815965,2.200800000,1.369100000,0.000000000
sample,generation,ordinary,512,514,0,837,1.646975994,2.148200000,1.295600000,0.000000000
sample,generation,ordinary,512,515,0,351,1.874079943,2.418400000,1.466600000,0.000000000
sample,generation,ordinary,512,516,0,257,1.938912034,2.452500000,1.625100000,0.000000000
sample,generation,ordinary,512,517,0,1767,1.948032022,2.171000000,1.589700000,0.000000000
sample,generation,ordinary,512,518,0,4129,1.826848030,2.046200000,1.255400000,0.000000000
sample,generation,ordinary,512,519,0,510,1.504032016,1.708700000,0.990400000,0.000000000
sample,generation,ordinary,512,520,0,284,1.731807947,1.913600000,1.371900000,0.000000000
sample,generation,ordinary,512,521,0,3126,1.844831944,2.030500000,1.500300000,0.000000000
sample,generation,ordinary,512,522,0,1247,1.756832004,2.256900000,1.401800000,0.000000000
sample,generation,ordinary,512,523,0,38813,1.826527953,2.093700000,1.400800000,0.000000000
sample,generation,ordinary,512,524,0,411,1.978368044,2.472300000,1.631300000,0.000000000
sample,generation,ordinary,512,525,0,357,1.636703968,2.000100000,1.307400000,0.000000000
sample,generation,ordinary,512,526,0,1987,1.733312011,2.229600000,1.341900000,0.000000000
sample,generation,ordinary,512,527,0,287,1.758175969,2.273900000,1.346000000,0.000000000
sample,generation,graph,512,512,0,558,1.331392050,1.524900000,0.068000000,0.015500000
sample,generation,graph,512,513,0,272,1.324864030,1.830400000,0.058400000,0.010800000
sample,generation,graph,512,514,0,837,1.325600028,1.826800000,0.058700000,0.010800000
sample,generation,graph,512,515,0,351,1.325376034,1.823900000,0.057200000,0.010500000
sample,generation,graph,512,516,0,257,1.326591969,1.809000000,0.057500000,0.010800000
sample,generation,graph,512,517,0,1767,1.331295967,1.827400000,0.057600000,0.010500000
sample,generation,graph,512,518,0,4129,1.330816031,1.837200000,0.059500000,0.010600000
sample,generation,graph,512,519,0,510,1.326943994,1.825700000,0.063800000,0.012100000
sample,generation,graph,512,520,0,284,1.325407982,1.832700000,0.057900000,0.010700000
sample,generation,graph,512,521,0,3126,1.330304027,1.829100000,0.056900000,0.010400000
sample,generation,graph,512,522,0,1247,1.334208012,1.608400000,0.058100000,0.010800000
sample,generation,graph,512,523,0,38813,1.360736012,1.572500000,0.085600000,0.026500000
sample,generation,graph,512,524,0,411,1.344928026,1.558100000,0.068700000,0.019200000
sample,generation,graph,512,525,0,357,1.347455978,1.532600000,0.070000000,0.017600000
sample,generation,graph,512,526,0,1987,1.340352058,1.518200000,0.055800000,0.011600000
sample,generation,graph,512,527,0,287,1.329856038,1.517300000,0.054000000,0.010900000
sample,generation,graph,512,512,1,558,1.322335958,1.499700000,0.060700000,0.013100000
sample,generation,graph,512,513,1,272,1.325024009,1.675300000,0.054200000,0.011200000
sample,generation,graph,512,514,1,837,1.324512005,1.503700000,0.051900000,0.010600000
sample,generation,graph,512,515,1,351,1.332319975,1.539000000,0.080500000,0.014400000
sample,generation,graph,512,516,1,257,1.330847979,1.526500000,0.060900000,0.012700000
sample,generation,graph,512,517,1,1767,1.331743956,1.509000000,0.059800000,0.012400000
sample,generation,graph,512,518,1,4129,1.331583977,1.508100000,0.063300000,0.010400000
sample,generation,graph,512,519,1,510,1.323680043,1.500600000,0.051700000,0.010500000
sample,generation,graph,512,520,1,284,1.325600028,1.502400000,0.052200000,0.010500000
sample,generation,graph,512,521,1,3126,1.329535961,1.506300000,0.051700000,0.010500000
sample,generation,graph,512,522,1,1247,1.330943942,1.506100000,0.051200000,0.010300000
sample,generation,graph,512,523,1,38813,1.334656000,1.514300000,0.057500000,0.010300000
sample,generation,graph,512,524,1,411,1.380640030,1.902600000,0.057900000,0.018300000
sample,generation,graph,512,525,1,357,1.366847992,1.831900000,0.096900000,0.027000000
sample,generation,graph,512,526,1,1987,1.352255940,1.565200000,0.092800000,0.017500000
sample,generation,graph,512,527,1,287,1.334272027,1.834700000,0.065600000,0.012600000
sample,generation,ordinary,512,512,1,558,1.870720029,2.096400000,1.526600000,0.000000000
sample,generation,ordinary,512,513,1,272,1.542752028,1.722200000,0.846900000,0.000000000
sample,generation,ordinary,512,514,1,837,1.670047998,1.873500000,1.316200000,0.000000000
sample,generation,ordinary,512,515,1,351,1.742655993,2.239200000,1.392500000,0.000000000
sample,generation,ordinary,512,516,1,257,1.718207955,2.057200000,1.339600000,0.000000000
sample,generation,ordinary,512,517,1,1767,1.910207987,2.396200000,1.466500000,0.000000000
sample,generation,ordinary,512,518,1,4129,1.869951963,2.389600000,1.525100000,0.000000000
sample,generation,ordinary,512,519,1,510,1.784800053,2.359100000,1.421000000,0.000000000
sample,generation,ordinary,512,520,1,284,1.701568007,2.102200000,1.368900000,0.000000000
sample,generation,ordinary,512,521,1,3126,1.875264049,2.359600000,1.397000000,0.000000000
sample,generation,ordinary,512,522,1,1247,1.819167972,2.332500000,1.452800000,0.000000000
sample,generation,ordinary,512,523,1,38813,1.703199983,2.203900000,1.261900000,0.000000000
sample,generation,ordinary,512,524,1,411,1.759168029,2.290700000,1.331300000,0.000000000
sample,generation,ordinary,512,525,1,357,1.762079954,2.261000000,1.389400000,0.000000000
sample,generation,ordinary,512,526,1,1987,1.958304048,2.482700000,1.437100000,0.000000000
sample,generation,ordinary,512,527,1,287,1.681087971,2.185700000,1.339000000,0.000000000
sample,generation,ordinary,512,512,2,558,1.802559972,2.302300000,1.381900000,0.000000000
sample,generation,ordinary,512,513,2,272,1.833248019,2.365300000,1.436800000,0.000000000
sample,generation,ordinary,512,514,2,837,1.807615995,2.366800000,1.409600000,0.000000000
sample,generation,ordinary,512,515,2,351,1.831743956,2.351400000,1.518400000,0.000000000
sample,generation,ordinary,512,516,2,257,1.782464027,2.281900000,1.390700000,0.000000000
sample,generation,ordinary,512,517,2,1767,1.854943991,2.363500000,1.509200000,0.000000000
sample,generation,ordinary,512,518,2,4129,1.814048052,2.177900000,1.490400000,0.000000000
sample,generation,ordinary,512,519,2,510,1.636191964,1.993600000,1.233400000,0.000000000
sample,generation,ordinary,512,520,2,284,1.759039998,1.960900000,1.435100000,0.000000000
sample,generation,ordinary,512,521,2,3126,1.671488047,1.880200000,1.347300000,0.000000000
sample,generation,ordinary,512,522,2,1247,1.656991959,1.833500000,1.172200000,0.000000000
sample,generation,ordinary,512,523,2,38813,1.778336048,1.984600000,1.296900000,0.000000000
sample,generation,ordinary,512,524,2,411,1.830271959,2.031100000,1.486700000,0.000000000
sample,generation,ordinary,512,525,2,357,1.685024023,1.863600000,1.282400000,0.000000000
sample,generation,ordinary,512,526,2,1987,1.707296014,1.909500000,1.353900000,0.000000000
sample,generation,ordinary,512,527,2,287,1.619456053,1.794100000,1.281200000,0.000000000
sample,generation,graph,512,512,2,558,1.316544056,1.492900000,0.054300000,0.010900000
sample,generation,graph,512,513,2,272,1.325919986,1.507000000,0.051600000,0.010800000
sample,generation,graph,512,514,2,837,1.327584028,1.502500000,0.051800000,0.010700000
sample,generation,graph,512,515,2,351,1.322271943,1.497900000,0.052400000,0.010300000
sample,generation,graph,512,516,2,257,1.325760007,1.633400000,0.052600000,0.010400000
sample,generation,graph,512,517,2,1767,1.360928059,2.332400000,0.096700000,0.030400000
sample,generation,graph,512,518,2,4129,1.510944009,1.802500000,0.442200000,0.113800000
sample,generation,graph,512,519,2,510,1.328511953,1.512700000,0.067300000,0.012800000
sample,generation,graph,512,520,2,284,1.325407982,1.530700000,0.056900000,0.010500000
sample,generation,graph,512,521,2,3126,1.335136056,1.722900000,0.063500000,0.012200000
sample,generation,graph,512,522,2,1247,1.335520029,1.836700000,0.063900000,0.012000000
sample,generation,graph,512,523,2,38813,1.327999949,1.809500000,0.058500000,0.010800000
sample,generation,graph,512,524,2,411,1.330592036,1.833900000,0.058500000,0.010500000
sample,generation,graph,512,525,2,357,1.336480021,1.859000000,0.063700000,0.011900000
sample,generation,graph,512,526,2,1987,1.347360015,1.855800000,0.066800000,0.015100000
sample,generation,graph,512,527,2,287,1.329087973,1.837200000,0.058300000,0.011000000
sample,generation,graph,512,512,3,558,1.315487981,1.498300000,0.057100000,0.010700000
sample,generation,graph,512,513,3,272,1.325152040,1.828100000,0.056900000,0.010400000
sample,generation,graph,512,514,3,837,1.326239944,1.813500000,0.056600000,0.010600000
sample,generation,graph,512,515,3,351,1.325216055,1.815300000,0.056900000,0.010300000
sample,generation,graph,512,516,3,257,1.326591969,1.594900000,0.057500000,0.010500000
sample,generation,graph,512,517,3,1767,1.327999949,1.511100000,0.051900000,0.010500000
sample,generation,graph,512,518,3,4129,1.330528021,1.677000000,0.051900000,0.010400000
sample,generation,graph,512,519,3,510,1.326751947,1.598900000,0.051000000,0.010500000
sample,generation,graph,512,520,3,284,1.359840035,1.633700000,0.096800000,0.028200000
sample,generation,graph,512,521,3,3126,1.350751996,1.604900000,0.080400000,0.021300000
sample,generation,graph,512,522,3,1247,1.357728004,1.560000000,0.094100000,0.022400000
sample,generation,graph,512,523,3,38813,1.341120005,1.838600000,0.069900000,0.016100000
sample,generation,graph,512,524,3,411,1.334143996,1.828200000,0.058600000,0.011100000
sample,generation,graph,512,525,3,357,1.344352007,1.534800000,0.066800000,0.015100000
sample,generation,graph,512,526,3,1987,1.337792039,1.834800000,0.058000000,0.010800000
sample,generation,graph,512,527,3,287,1.328191996,1.817500000,0.057400000,0.010400000
sample,generation,ordinary,512,512,3,558,1.834720016,2.334300000,1.483400000,0.000000000
sample,generation,ordinary,512,513,3,272,1.813856006,2.273500000,1.342700000,0.000000000
sample,generation,ordinary,512,514,3,837,1.750656009,2.256000000,1.404000000,0.000000000
sample,generation,ordinary,512,515,3,351,1.829023957,2.328900000,1.370600000,0.000000000
sample,generation,ordinary,512,516,3,257,1.787775993,2.291800000,1.436200000,0.000000000
sample,generation,ordinary,512,517,3,1767,1.689280033,2.164700000,1.227400000,0.000000000
sample,generation,ordinary,512,518,3,4129,1.755743980,2.245000000,1.391900000,0.000000000
sample,generation,ordinary,512,519,3,510,1.721727967,2.220400000,1.355900000,0.000000000
sample,generation,ordinary,512,520,3,284,1.924896002,2.266400000,1.612800000,0.000000000
sample,generation,ordinary,512,521,3,3126,1.891520023,2.084800000,1.562000000,0.000000000
sample,generation,ordinary,512,522,3,1247,1.688704014,1.892100000,1.363700000,0.000000000
sample,generation,ordinary,512,523,3,38813,1.758496046,2.239000000,1.392600000,0.000000000
sample,generation,ordinary,512,524,3,411,1.851295948,2.365200000,1.453900000,0.000000000
sample,generation,ordinary,512,525,3,357,1.907071948,2.081800000,1.595400000,0.000000000
sample,generation,ordinary,512,526,3,1987,1.737599969,2.208900000,1.381100000,0.000000000
sample,generation,ordinary,512,527,3,287,1.975711942,2.211500000,1.434400000,0.000000000
sample,generation,ordinary,512,512,4,558,1.668223977,2.003400000,1.355300000,0.000000000
sample,generation,ordinary,512,513,4,272,1.682047963,1.883300000,1.305000000,0.000000000
sample,generation,ordinary,512,514,4,837,1.861119986,2.039300000,1.526900000,0.000000000
sample,generation,ordinary,512,515,4,351,1.657407999,1.831900000,1.255700000,0.000000000
sample,generation,ordinary,512,516,4,257,1.730304003,1.938100000,1.269700000,0.000000000
sample,generation,ordinary,512,517,4,1767,1.707424045,1.892400000,1.381800000,0.000000000
sample,generation,ordinary,512,518,4,4129,1.793184042,1.975000000,1.339000000,0.000000000
sample,generation,ordinary,512,519,4,510,1.804319978,2.010200000,1.263600000,0.000000000
sample,generation,ordinary,512,520,4,284,1.819743991,2.001800000,1.457100000,0.000000000
sample,generation,ordinary,512,521,4,3126,1.802976012,2.008700000,1.337000000,0.000000000
sample,generation,ordinary,512,522,4,1247,1.731775999,1.914800000,1.410500000,0.000000000
sample,generation,ordinary,512,523,4,38813,1.786847949,2.293300000,1.469700000,0.000000000
sample,generation,ordinary,512,524,4,411,1.834560037,2.192600000,1.346500000,0.000000000
sample,generation,ordinary,512,525,4,357,1.699903965,2.183500000,1.260800000,0.000000000
sample,generation,ordinary,512,526,4,1987,1.754943967,2.196700000,1.408800000,0.000000000
sample,generation,ordinary,512,527,4,287,1.854976058,2.066500000,1.490900000,0.000000000
sample,generation,graph,512,512,4,558,1.316511989,1.491900000,0.051900000,0.010800000
sample,generation,graph,512,513,4,272,1.324640036,1.538800000,0.053200000,0.010700000
sample,generation,graph,512,514,4,837,1.346367955,2.771700000,0.074400000,0.023400000
sample,generation,graph,512,515,4,351,1.364671946,1.611400000,0.098100000,0.037900000
sample,generation,graph,512,516,4,257,1.332800031,1.515700000,0.063700000,0.016000000
sample,generation,graph,512,517,4,1767,1.330047965,1.504500000,0.052900000,0.011100000
sample,generation,graph,512,518,4,4129,1.333376050,1.535000000,0.053600000,0.011600000
sample,generation,graph,512,519,4,510,1.324288011,1.501700000,0.059700000,0.012600000
sample,generation,graph,512,520,4,284,1.326431990,1.503300000,0.051800000,0.010300000
sample,generation,graph,512,521,4,3126,1.330111980,1.505400000,0.052100000,0.010600000
sample,generation,graph,512,522,4,1247,1.334975958,1.588900000,0.052700000,0.011000000
sample,generation,graph,512,523,4,38813,1.353791952,1.568900000,0.094500000,0.026300000
sample,generation,graph,512,524,4,411,1.340927958,1.546400000,0.067400000,0.016100000
sample,generation,graph,512,525,4,357,1.337375998,1.515400000,0.058300000,0.012400000
sample,generation,graph,512,526,4,1987,1.339328051,1.519000000,0.059500000,0.010500000
sample,generation,graph,512,527,4,287,1.329023957,1.506200000,0.051200000,0.010500000
sample,generation,graph,512,512,5,558,1.316704035,1.501600000,0.059400000,0.010800000
sample,generation,graph,512,513,5,272,1.326176047,1.832400000,0.057700000,0.010900000
sample,generation,graph,512,514,5,837,1.326527953,1.747900000,0.057300000,0.010800000
sample,generation,graph,512,515,5,351,1.323871970,1.672000000,0.052000000,0.010500000
sample,generation,graph,512,516,5,257,1.324000001,1.683100000,0.052700000,0.010400000
sample,generation,graph,512,517,5,1767,1.331552029,1.680000000,0.057700000,0.014700000
sample,generation,graph,512,518,5,4129,1.328959942,1.563600000,0.051900000,0.010500000
sample,generation,graph,512,519,5,510,1.336063981,1.522800000,0.064900000,0.016900000
sample,generation,graph,512,520,5,284,1.326272011,1.503700000,0.054700000,0.011500000
sample,generation,graph,512,521,5,3126,1.332543969,1.510300000,0.052700000,0.011100000
sample,generation,graph,512,522,5,1247,1.338335991,1.520800000,0.059900000,0.014700000
sample,generation,graph,512,523,5,38813,1.330016017,1.507300000,0.054200000,0.011100000
sample,generation,graph,512,524,5,411,1.330464005,1.507700000,0.051300000,0.010700000
sample,generation,graph,512,525,5,357,1.332800031,1.511700000,0.052000000,0.010700000
sample,generation,graph,512,526,5,1987,1.341984034,1.523200000,0.059000000,0.014000000
sample,generation,graph,512,527,5,287,1.328351974,1.504100000,0.052900000,0.011000000
sample,generation,ordinary,512,512,5,558,1.591456056,1.766500000,1.241600000,0.000000000
sample,generation,ordinary,512,513,5,272,1.633759975,1.810000000,1.236500000,0.000000000
sample,generation,ordinary,512,514,5,837,1.962272048,2.222200000,1.648400000,0.000000000
sample,generation,ordinary,512,515,5,351,1.916224003,2.106800000,1.566500000,0.000000000
sample,generation,ordinary,512,516,5,257,1.790528059,2.299300000,1.361000000,0.000000000
sample,generation,ordinary,512,517,5,1767,1.768064022,2.267900000,1.455200000,0.000000000
sample,generation,ordinary,512,518,5,4129,1.785375953,2.285400000,1.341700000,0.000000000
sample,generation,ordinary,512,519,5,510,1.755552053,2.284400000,1.343200000,0.000000000
sample,generation,ordinary,512,520,5,284,1.687360048,1.869000000,1.306900000,0.000000000
sample,generation,ordinary,512,521,5,3126,1.937952042,2.475600000,1.624800000,0.000000000
sample,generation,ordinary,512,522,5,1247,1.755231977,2.263000000,1.296900000,0.000000000
sample,generation,ordinary,512,523,5,38813,1.833407998,2.333700000,1.483100000,0.000000000
sample,generation,ordinary,512,524,5,411,1.775712013,2.277900000,1.314500000,0.000000000
sample,generation,ordinary,512,525,5,357,1.805376053,2.305800000,1.471000000,0.000000000
sample,generation,ordinary,512,526,5,1987,1.781504035,2.297400000,1.324800000,0.000000000
sample,generation,ordinary,512,527,5,287,1.746976018,1.961500000,1.433800000,0.000000000
sample,generation,ordinary,512,512,6,558,1.590304017,1.795600000,1.256900000,0.000000000
sample,generation,ordinary,512,513,6,272,1.592416048,1.767800000,1.247400000,0.000000000
sample,generation,ordinary,512,514,6,837,1.538367987,1.713700000,1.163000000,0.000000000
sample,generation,ordinary,512,515,6,351,1.631551981,1.830400000,1.287000000,0.000000000
sample,generation,ordinary,512,516,6,257,1.588000059,1.764000000,1.244200000,0.000000000
sample,generation,ordinary,512,517,6,1767,1.540480018,1.714600000,1.161500000,0.000000000
sample,generation,ordinary,512,518,6,4129,1.539391994,1.713400000,1.196300000,0.000000000
sample,generation,ordinary,512,519,6,510,1.537184000,1.738100000,1.193400000,0.000000000
sample,generation,ordinary,512,520,6,284,1.605376005,1.818800000,1.152300000,0.000000000
sample,generation,ordinary,512,521,6,3126,1.544927955,1.764300000,1.182800000,0.000000000
sample,generation,ordinary,512,522,6,1247,1.606207967,1.817300000,1.210600000,0.000000000
sample,generation,ordinary,512,523,6,38813,1.936223984,2.139800000,1.592400000,0.000000000
sample,generation,ordinary,512,524,6,411,1.743072033,1.926400000,1.417500000,0.000000000
sample,generation,ordinary,512,525,6,357,1.836863995,2.039300000,1.490200000,0.000000000
sample,generation,ordinary,512,526,6,1987,1.806496024,1.986400000,1.349800000,0.000000000
sample,generation,ordinary,512,527,6,287,1.725471973,2.229200000,1.370600000,0.000000000
sample,generation,graph,512,512,6,558,1.335744023,1.554800000,0.080100000,0.020200000
sample,generation,graph,512,513,6,272,1.355232000,1.582400000,0.086500000,0.025900000
sample,generation,graph,512,514,6,837,1.335072041,1.539800000,0.066000000,0.015700000
sample,generation,graph,512,515,6,351,1.328639984,1.536500000,0.062600000,0.013700000
sample,generation,graph,512,516,6,257,1.348351955,1.644700000,0.095800000,0.022500000
sample,generation,graph,512,517,6,1767,1.361472011,1.581900000,0.095800000,0.029200000
sample,generation,graph,512,518,6,4129,1.337344050,1.544700000,0.066900000,0.014400000
sample,generation,graph,512,519,6,510,1.330976009,1.516700000,0.063500000,0.014200000
sample,generation,graph,512,520,6,284,1.349823952,1.561800000,0.078900000,0.022300000
sample,generation,graph,512,521,6,3126,1.361760020,1.564200000,0.085000000,0.029400000
sample,generation,graph,512,522,6,1247,1.351135969,1.541300000,0.074600000,0.020500000
sample,generation,graph,512,523,6,38813,1.342880011,1.530500000,0.074200000,0.019100000
sample,generation,graph,512,524,6,411,1.356127977,1.618900000,0.087100000,0.024100000
sample,generation,graph,512,525,6,357,1.367872000,1.537600000,0.090600000,0.027500000
sample,generation,graph,512,526,6,1987,1.340000033,1.518700000,0.051800000,0.012700000
sample,generation,graph,512,527,6,287,1.346271992,1.646600000,0.071700000,0.019600000
sample,generation,graph,512,512,7,558,1.340031981,1.569300000,0.087100000,0.022900000
sample,generation,graph,512,513,7,272,1.330271959,1.791400000,0.073500000,0.013800000
sample,generation,graph,512,514,7,837,1.327999949,1.515000000,0.060800000,0.011900000
sample,generation,graph,512,515,7,351,1.322399974,1.811900000,0.058700000,0.010800000
sample,generation,graph,512,516,7,257,1.324255943,1.816000000,0.057800000,0.010600000
sample,generation,graph,512,517,7,1767,1.328448057,1.828900000,0.057600000,0.010600000
sample,generation,graph,512,518,7,4129,1.332255960,1.821000000,0.058300000,0.011000000
sample,generation,graph,512,519,7,510,1.324288011,1.816600000,0.056500000,0.010500000
sample,generation,graph,512,520,7,284,1.327327967,1.805500000,0.057200000,0.010500000
sample,generation,graph,512,521,7,3126,1.331328034,1.801200000,0.056600000,0.010500000
sample,generation,graph,512,522,7,1247,1.333920002,1.784900000,0.057000000,0.010300000
sample,generation,graph,512,523,7,38813,1.342720032,1.846300000,0.104000000,0.025000000
sample,generation,graph,512,524,7,411,1.335584044,1.576100000,0.063000000,0.012600000
sample,generation,graph,512,525,7,357,1.336384058,1.519700000,0.053500000,0.011300000
sample,generation,graph,512,526,7,1987,1.339167953,1.518300000,0.053600000,0.011200000
sample,generation,graph,512,527,7,287,1.328351974,1.505600000,0.052200000,0.011200000
sample,generation,ordinary,512,512,7,558,1.774976015,1.978800000,1.415100000,0.000000000
sample,generation,ordinary,512,513,7,272,1.775135994,1.961700000,1.421600000,0.000000000
sample,generation,ordinary,512,514,7,837,1.660127997,1.855800000,1.294700000,0.000000000
sample,generation,ordinary,512,515,7,351,1.785408020,1.968000000,1.452200000,0.000000000
sample,generation,ordinary,512,516,7,257,1.846336007,2.238100000,1.520600000,0.000000000
sample,generation,ordinary,512,517,7,1767,1.659296036,1.996100000,1.297300000,0.000000000
sample,generation,ordinary,512,518,7,4129,1.677119970,2.028000000,1.173800000,0.000000000
sample,generation,ordinary,512,519,7,510,1.565951943,1.772100000,1.235900000,0.000000000
sample,generation,ordinary,512,520,7,284,1.611807942,1.787700000,1.266600000,0.000000000
sample,generation,ordinary,512,521,7,3126,1.719552040,2.046900000,1.402000000,0.000000000
sample,generation,ordinary,512,522,7,1247,1.581375957,1.764500000,1.182300000,0.000000000
sample,generation,ordinary,512,523,7,38813,1.780768037,1.961100000,1.461000000,0.000000000
sample,generation,ordinary,512,524,7,411,1.692000031,1.870700000,1.339400000,0.000000000
sample,generation,ordinary,512,525,7,357,1.649343967,1.829700000,1.285500000,0.000000000
sample,generation,ordinary,512,526,7,1987,1.743551970,1.923900000,1.364400000,0.000000000
sample,generation,ordinary,512,527,7,287,1.894912004,2.075800000,1.542700000,0.000000000
sample,generation,ordinary,512,512,8,558,1.783552051,1.981600000,1.301000000,0.000000000
sample,generation,ordinary,512,513,8,272,1.558784008,1.745100000,1.245500000,0.000000000
sample,generation,ordinary,512,514,8,837,1.563199997,1.761300000,1.234600000,0.000000000
sample,generation,ordinary,512,515,8,351,1.609087944,1.820200000,1.226500000,0.000000000
sample,generation,ordinary,512,516,8,257,1.708160043,1.884600000,1.394900000,0.000000000
sample,generation,ordinary,512,517,8,1767,1.684960008,1.883300000,1.283300000,0.000000000
sample,generation,ordinary,512,518,8,4129,1.858592033,2.184300000,1.543400000,0.000000000
sample,generation,ordinary,512,519,8,510,3.034816027,3.242000000,2.688400000,0.000000000
sample,generation,ordinary,512,520,8,284,1.802976012,1.979200000,1.464900000,0.000000000
sample,generation,ordinary,512,521,8,3126,1.726719975,1.926800000,1.382700000,0.000000000
sample,generation,ordinary,512,522,8,1247,1.697792053,1.874900000,1.346300000,0.000000000
sample,generation,ordinary,512,523,8,38813,1.695840001,1.898600000,1.370800000,0.000000000
sample,generation,ordinary,512,524,8,411,1.773120046,1.971800000,1.428600000,0.000000000
sample,generation,ordinary,512,525,8,357,1.757823944,1.947200000,1.408900000,0.000000000
sample,generation,ordinary,512,526,8,1987,1.784031987,2.029600000,1.331100000,0.000000000
sample,generation,ordinary,512,527,8,287,1.785024047,1.973100000,1.257700000,0.000000000
sample,generation,graph,512,512,8,558,1.316895962,1.794300000,0.057900000,0.010600000
sample,generation,graph,512,513,8,272,1.324831963,1.530400000,0.056500000,0.010600000
sample,generation,graph,512,514,8,837,1.328863978,1.752400000,0.064800000,0.011900000
sample,generation,graph,512,515,8,351,1.355391979,1.822100000,0.095300000,0.031900000
sample,generation,graph,512,516,8,257,1.330688000,1.544100000,0.065600000,0.013500000
sample,generation,graph,512,517,8,1767,1.332128048,1.906700000,0.066000000,0.012500000
sample,generation,graph,512,518,8,4129,1.335968018,1.633300000,0.065300000,0.012200000
sample,generation,graph,512,519,8,510,1.326207995,1.821700000,0.067600000,0.010600000
sample,generation,graph,512,520,8,284,1.327487946,1.839700000,0.058700000,0.010800000
sample,generation,graph,512,521,8,3126,1.330880046,1.512300000,0.058000000,0.010900000
sample,generation,graph,512,522,8,1247,1.331583977,1.513000000,0.057700000,0.010700000
sample,generation,graph,512,523,8,38813,1.329023957,1.830700000,0.056500000,0.010600000
sample,generation,graph,512,524,8,411,1.340288043,1.853300000,0.090600000,0.016500000
sample,generation,graph,512,525,8,357,1.335551977,1.534000000,0.058900000,0.011300000
sample,generation,graph,512,526,8,1987,1.343935966,1.525200000,0.080200000,0.015200000
sample,generation,graph,512,527,8,287,1.327968001,1.505800000,0.052100000,0.010800000
sample,generation,graph,512,512,9,558,1.315199971,1.499600000,0.056900000,0.010600000
sample,generation,graph,512,513,9,272,1.325183988,1.824200000,0.058000000,0.010700000
sample,generation,graph,512,514,9,837,1.327808022,1.835700000,0.058000000,0.010600000
sample,generation,graph,512,515,9,351,1.325088024,1.787600000,0.058100000,0.010500000
sample,generation,graph,512,516,9,257,1.326048017,1.676200000,0.053300000,0.010500000
sample,generation,graph,512,517,9,1767,1.327487946,1.692800000,0.052900000,0.010700000
sample,generation,graph,512,518,9,4129,1.329696059,1.681700000,0.052300000,0.010700000
sample,generation,graph,512,519,9,510,1.325024009,1.558400000,0.051900000,0.010700000
sample,generation,graph,512,520,9,284,1.360607982,1.661500000,0.098200000,0.031400000
sample,generation,graph,512,521,9,3126,1.350496054,1.576400000,0.081900000,0.021400000
sample,generation,graph,512,522,9,1247,1.347872019,1.538700000,0.073700000,0.018600000
sample,generation,graph,512,523,9,38813,1.329823971,1.511800000,0.067700000,0.010900000
sample,generation,graph,512,524,9,411,1.347903967,1.534700000,0.079200000,0.018900000
sample,generation,graph,512,525,9,357,1.343551993,1.854100000,0.064000000,0.014200000
sample,generation,graph,512,526,9,1987,1.338559985,1.841900000,0.060200000,0.011100000
sample,generation,graph,512,527,9,287,1.329696059,1.508900000,0.058200000,0.010700000
sample,generation,ordinary,512,512,9,558,1.691359997,2.052400000,1.346700000,0.000000000
sample,generation,ordinary,512,513,9,272,1.825567961,2.087100000,1.446600000,0.000000000
sample,generation,ordinary,512,514,9,837,1.818431973,2.027700000,1.472300000,0.000000000
sample,generation,ordinary,512,515,9,351,1.754528046,1.956100000,1.442300000,0.000000000
sample,generation,ordinary,512,516,9,257,1.643103957,1.820500000,1.233400000,0.000000000
sample,generation,ordinary,512,517,9,1767,1.683104038,1.863700000,1.327000000,0.000000000
sample,generation,ordinary,512,518,9,4129,1.705440044,1.886100000,1.384600000,0.000000000
sample,generation,ordinary,512,519,9,510,1.655904055,1.831800000,1.332200000,0.000000000
sample,generation,ordinary,512,520,9,284,1.686911941,1.865800000,1.312200000,0.000000000
sample,generation,ordinary,512,521,9,3126,1.642976046,1.841000000,1.296600000,0.000000000
sample,generation,ordinary,512,522,9,1247,1.721503973,2.024800000,0.945200000,0.000000000
sample,generation,ordinary,512,523,9,38813,1.624799967,1.926500000,1.289100000,0.000000000
sample,generation,ordinary,512,524,9,411,1.631839991,1.829800000,1.199200000,0.000000000
sample,generation,ordinary,512,525,9,357,1.564383984,1.833900000,0.883000000,0.000000000
sample,generation,ordinary,512,526,9,1987,1.666623950,1.851600000,1.261200000,0.000000000
sample,generation,ordinary,512,527,9,287,1.644191980,1.821200000,1.291600000,0.000000000
sample,generation,ordinary,512,512,10,558,1.557119966,1.730400000,1.218000000,0.000000000
sample,generation,ordinary,512,513,10,272,1.556256056,1.728400000,1.084800000,0.000000000
sample,generation,ordinary,512,514,10,837,1.563295960,1.762700000,1.168500000,0.000000000
sample,generation,ordinary,512,515,10,351,1.578271985,1.752100000,1.177200000,0.000000000
sample,generation,ordinary,512,516,10,257,1.553984046,1.854600000,1.155800000,0.000000000
sample,generation,ordinary,512,517,10,1767,1.678912044,2.591100000,1.352500000,0.000000000
sample,generation,ordinary,512,518,10,4129,2.307039976,2.582400000,1.859900000,0.000000000
sample,generation,ordinary,512,519,10,510,1.821599960,2.006400000,1.340400000,0.000000000
sample,generation,ordinary,512,520,10,284,1.792063951,2.295400000,1.225100000,0.000000000
sample,generation,ordinary,512,521,10,3126,1.770431995,2.273200000,1.457000000,0.000000000
sample,generation,ordinary,512,522,10,1247,1.680160046,2.054400000,1.282300000,0.000000000
sample,generation,ordinary,512,523,10,38813,1.800799966,1.995300000,1.235400000,0.000000000
sample,generation,ordinary,512,524,10,411,1.870975971,2.055100000,1.517400000,0.000000000
sample,generation,ordinary,512,525,10,357,1.746880054,1.923900000,1.389300000,0.000000000
sample,generation,ordinary,512,526,10,1987,1.674559951,1.851100000,1.311600000,0.000000000
sample,generation,ordinary,512,527,10,287,1.625184059,1.801500000,1.294800000,0.000000000
sample,generation,graph,512,512,10,558,1.315008044,1.591900000,0.053400000,0.010600000
sample,generation,graph,512,513,10,272,1.354176044,1.550300000,0.092700000,0.029000000
sample,generation,graph,512,514,10,837,1.336447954,1.521000000,0.092500000,0.016000000
sample,generation,graph,512,515,10,351,1.334815979,1.549200000,0.065900000,0.021600000
sample,generation,graph,512,516,10,257,1.328799963,1.541900000,0.063800000,0.014000000
sample,generation,graph,512,517,10,1767,1.330880046,1.518400000,0.062600000,0.012400000
sample,generation,graph,512,518,10,4129,1.329887986,1.514400000,0.056800000,0.010700000
sample,generation,graph,512,519,10,510,1.325791955,1.509600000,0.056600000,0.010700000
sample,generation,graph,512,520,10,284,1.326272011,1.509200000,0.056700000,0.010500000
sample,generation,graph,512,521,10,3126,1.332255960,1.517500000,0.056900000,0.010400000
sample,generation,graph,512,522,10,1247,1.335072041,1.562200000,0.056800000,0.010600000
sample,generation,graph,512,523,10,38813,1.353855968,1.557600000,0.097000000,0.014500000
sample,generation,graph,512,524,10,411,1.336928010,1.543000000,0.061900000,0.013800000
sample,generation,graph,512,525,10,357,1.338304043,1.517900000,0.061000000,0.013900000
sample,generation,graph,512,526,10,1987,1.339071989,1.521100000,0.052400000,0.010700000
sample,generation,graph,512,527,10,287,1.327839971,1.506800000,0.051500000,0.010500000
sample,generation,graph,512,512,11,558,1.317088008,1.507400000,0.057300000,0.010800000
sample,generation,graph,512,513,11,272,1.325248003,1.796700000,0.056600000,0.010100000
sample,generation,graph,512,514,11,837,1.324831963,1.812100000,0.057200000,0.010500000
sample,generation,graph,512,515,11,351,1.323040009,1.851300000,0.058200000,0.010700000
sample,generation,graph,512,516,11,257,1.336959958,1.833900000,0.085300000,0.015400000
sample,generation,graph,512,517,11,1767,1.329087973,1.832900000,0.057400000,0.010900000
sample,generation,graph,512,518,11,4129,1.331231952,1.552400000,0.056500000,0.010500000
sample,generation,graph,512,519,11,510,1.335487962,1.833900000,0.100200000,0.018400000
sample,generation,graph,512,520,11,284,1.327712059,1.826800000,0.060000000,0.012300000
sample,generation,graph,512,521,11,3126,1.329184055,1.799300000,0.057300000,0.010700000
sample,generation,graph,512,522,11,1247,1.332512021,1.523200000,0.057000000,0.010700000
sample,generation,graph,512,523,11,38813,1.330559969,1.514400000,0.056400000,0.011200000
sample,generation,graph,512,524,11,411,1.331135988,1.767800000,0.056400000,0.010600000
sample,generation,graph,512,525,11,357,1.346752048,1.831400000,0.070800000,0.015600000
sample,generation,graph,512,526,11,1987,1.341055989,1.527900000,0.073700000,0.011900000
sample,generation,graph,512,527,11,287,1.338304043,1.571800000,0.057200000,0.010900000
sample,generation,ordinary,512,512,11,558,1.891680002,2.398200000,1.568900000,0.000000000
sample,generation,ordinary,512,513,11,272,1.733919978,2.221300000,1.339000000,0.000000000
sample,generation,ordinary,512,514,11,837,1.792608023,1.994300000,1.470100000,0.000000000
sample,generation,ordinary,512,515,11,351,1.593855977,1.801800000,1.236300000,0.000000000
sample,generation,ordinary,512,516,11,257,1.760256052,1.967000000,1.342600000,0.000000000
sample,generation,ordinary,512,517,11,1767,1.820896029,2.289600000,1.423600000,0.000000000
sample,generation,ordinary,512,518,11,4129,1.802976012,2.282500000,1.456800000,0.000000000
sample,generation,ordinary,512,519,11,510,1.970304012,2.474300000,1.582900000,0.000000000
sample,generation,ordinary,512,520,11,284,2.184288025,2.672500000,1.874100000,0.000000000
sample,generation,ordinary,512,521,11,3126,2.039648056,2.263600000,1.694800000,0.000000000
sample,generation,ordinary,512,522,11,1247,1.841663957,2.063100000,1.443600000,0.000000000
sample,generation,ordinary,512,523,11,38813,1.795295954,2.034400000,1.480300000,0.000000000
sample,generation,ordinary,512,524,11,411,1.522912025,1.760200000,1.085800000,0.000000000
sample,generation,ordinary,512,525,11,357,1.705760002,1.910300000,1.301200000,0.000000000
sample,generation,ordinary,512,526,11,1987,1.642303944,1.861300000,1.229300000,0.000000000
sample,generation,ordinary,512,527,11,287,1.561951995,1.747700000,1.219500000,0.000000000
sample,generation,ordinary,512,512,12,558,1.669247985,1.850700000,1.268400000,0.000000000
sample,generation,ordinary,512,513,12,272,1.690847993,1.889100000,1.343600000,0.000000000
sample,generation,ordinary,512,514,12,837,1.572191954,1.748100000,1.259800000,0.000000000
sample,generation,ordinary,512,515,12,351,1.765215993,1.940200000,1.303400000,0.000000000
sample,generation,ordinary,512,516,12,257,1.740864038,2.021500000,1.425200000,0.000000000
sample,generation,ordinary,512,517,12,1767,3.080159903,3.303000000,2.464900000,0.000000000
sample,generation,ordinary,512,518,12,4129,1.714687943,1.934500000,1.302500000,0.000000000
sample,generation,ordinary,512,519,12,510,1.820191979,2.338200000,1.471800000,0.000000000
sample,generation,ordinary,512,520,12,284,1.822751999,2.280300000,1.361900000,0.000000000
sample,generation,ordinary,512,521,12,3126,1.755360007,2.125100000,1.394300000,0.000000000
sample,generation,ordinary,512,522,12,1247,1.711616039,2.061400000,1.374100000,0.000000000
sample,generation,ordinary,512,523,12,38813,1.744544029,1.932100000,1.421100000,0.000000000
sample,generation,ordinary,512,524,12,411,1.791903973,1.994400000,1.434100000,0.000000000
sample,generation,ordinary,512,525,12,357,1.713343978,1.915600000,1.394100000,0.000000000
sample,generation,ordinary,512,526,12,1987,1.861888051,2.047200000,1.463500000,0.000000000
sample,generation,ordinary,512,527,12,287,1.678112030,1.854400000,1.365500000,0.000000000
sample,generation,graph,512,512,12,558,1.316319942,1.491400000,0.051800000,0.010800000
sample,generation,graph,512,513,12,272,1.323423982,1.498100000,0.052400000,0.010700000
sample,generation,graph,512,514,12,837,1.326015949,1.555400000,0.052500000,0.010800000
sample,generation,graph,512,515,12,351,1.350080013,1.535300000,0.081500000,0.023700000
sample,generation,graph,512,516,12,257,1.327103972,1.503200000,0.053700000,0.011900000
sample,generation,graph,512,517,12,1767,1.328096032,1.503400000,0.053600000,0.011100000
sample,generation,graph,512,518,12,4129,1.329471946,1.504100000,0.053200000,0.010900000
sample,generation,graph,512,519,12,510,1.325376034,1.499300000,0.052200000,0.010600000
sample,generation,graph,512,520,12,284,1.325312018,1.499900000,0.052100000,0.010500000
sample,generation,graph,512,521,12,3126,1.329792023,1.504100000,0.052400000,0.010600000
sample,generation,graph,512,522,12,1247,1.332064033,1.508800000,0.051900000,0.010500000
sample,generation,graph,512,523,12,38813,1.330144048,1.503500000,0.052500000,0.010600000
sample,generation,graph,512,524,12,411,1.330592036,1.503900000,0.051900000,0.010200000
sample,generation,graph,512,525,12,357,1.333567977,1.533700000,0.053200000,0.010900000
sample,generation,graph,512,526,12,1987,1.349024057,2.300400000,0.071200000,0.015700000
sample,generation,graph,512,527,12,287,1.339903951,1.552600000,0.065000000,0.016400000
sample,generation,graph,512,512,13,558,1.334879994,1.547600000,0.070900000,0.019100000
sample,generation,graph,512,513,13,272,1.326784015,1.502400000,0.054000000,0.011000000
sample,generation,graph,512,514,13,837,1.325343966,1.501000000,0.053400000,0.010900000
sample,generation,graph,512,515,13,351,1.323616028,1.498500000,0.051900000,0.010500000
sample,generation,graph,512,516,13,257,1.326751947,1.501300000,0.053100000,0.010600000
sample,generation,graph,512,517,13,1767,1.328351974,1.502400000,0.052400000,0.010500000
sample,generation,graph,512,518,13,4129,1.329696059,1.504500000,0.051900000,0.010700000
sample,generation,graph,512,519,13,510,1.326688051,1.500700000,0.052000000,0.010600000
sample,generation,graph,512,520,13,284,1.325600028,1.498500000,0.053300000,0.010500000
sample,generation,graph,512,521,13,3126,1.330495954,1.528300000,0.052100000,0.010600000
sample,generation,graph,512,522,13,1247,1.342368007,2.008500000,0.060800000,0.015500000
sample,generation,graph,512,523,13,38813,1.514783978,1.815300000,0.452000000,0.115300000
sample,generation,graph,512,524,13,411,1.336799979,1.521400000,0.068400000,0.014400000
sample,generation,graph,512,525,13,357,1.335391998,1.518100000,0.057800000,0.011100000
sample,generation,graph,512,526,13,1987,1.337504029,1.520200000,0.056900000,0.010600000
sample,generation,graph,512,527,13,287,1.328672051,1.513200000,0.056500000,0.010600000
sample,generation,ordinary,512,512,13,558,1.973024011,2.437300000,1.659300000,0.000000000
sample,generation,ordinary,512,513,13,272,2.028032064,2.598400000,1.571200000,0.000000000
sample,generation,ordinary,512,514,13,837,1.899647951,2.354900000,1.532400000,0.000000000
sample,generation,ordinary,512,515,13,351,1.811424017,2.311000000,1.432000000,0.000000000
sample,generation,ordinary,512,516,13,257,1.834400058,2.339700000,1.483000000,0.000000000
sample,generation,ordinary,512,517,13,1767,1.871871948,2.317300000,1.545400000,0.000000000
sample,generation,ordinary,512,518,13,4129,1.825824022,2.333700000,1.476100000,0.000000000
sample,generation,ordinary,512,519,13,510,1.788640022,2.292100000,1.418900000,0.000000000
sample,generation,ordinary,512,520,13,284,1.790591955,2.288800000,1.455300000,0.000000000
sample,generation,ordinary,512,521,13,3126,1.862367988,2.361900000,1.510300000,0.000000000
sample,generation,ordinary,512,522,13,1247,1.758304000,2.257200000,1.425600000,0.000000000
sample,generation,ordinary,512,523,13,38813,1.787616014,2.306000000,1.441300000,0.000000000
sample,generation,ordinary,512,524,13,411,1.717344046,2.413000000,1.351500000,0.000000000
sample,generation,ordinary,512,525,13,357,1.759807944,2.302300000,1.223400000,0.000000000
sample,generation,ordinary,512,526,13,1987,1.761567950,2.248500000,1.058600000,0.000000000
sample,generation,ordinary,512,527,13,287,1.613567948,1.967900000,1.247500000,0.000000000
sample,generation,ordinary,512,512,14,558,1.820896029,2.116000000,1.357300000,0.000000000
sample,generation,ordinary,512,513,14,272,1.828287959,2.016500000,1.469700000,0.000000000
sample,generation,ordinary,512,514,14,837,1.857728004,2.042100000,1.356500000,0.000000000
sample,generation,ordinary,512,515,14,351,1.672767997,2.155400000,1.235500000,0.000000000
sample,generation,ordinary,512,516,14,257,1.677536011,1.930300000,1.340300000,0.000000000
sample,generation,ordinary,512,517,14,1767,1.689247966,2.188000000,1.277400000,0.000000000
sample,generation,ordinary,512,518,14,4129,1.821311951,2.266500000,1.424200000,0.000000000
sample,generation,ordinary,512,519,14,510,1.793439984,2.285700000,1.479500000,0.000000000
sample,generation,ordinary,512,520,14,284,1.738880038,2.343700000,1.405300000,0.000000000
sample,generation,ordinary,512,521,14,3126,1.727391958,2.231500000,1.305400000,0.000000000
sample,generation,ordinary,512,522,14,1247,1.709023952,2.168100000,1.331600000,0.000000000
sample,generation,ordinary,512,523,14,38813,1.772480011,2.224800000,1.217500000,0.000000000
sample,generation,ordinary,512,524,14,411,1.729503989,2.208300000,1.335100000,0.000000000
sample,generation,ordinary,512,525,14,357,1.835263968,2.352400000,1.522300000,0.000000000
sample,generation,ordinary,512,526,14,1987,1.743520021,2.243400000,1.403600000,0.000000000
sample,generation,ordinary,512,527,14,287,1.771744013,2.229700000,1.425500000,0.000000000
sample,generation,graph,512,512,14,558,1.319007993,1.824300000,0.059300000,0.011400000
sample,generation,graph,512,513,14,272,1.324383974,1.675900000,0.056900000,0.010600000
sample,generation,graph,512,514,14,837,1.325279951,1.593400000,0.052800000,0.010500000
sample,generation,graph,512,515,14,351,1.332383990,1.558600000,0.111200000,0.015200000
sample,generation,graph,512,516,14,257,1.336320043,1.558500000,0.066800000,0.016900000
sample,generation,graph,512,517,14,1767,1.331776023,1.539800000,0.065500000,0.013100000
sample,generation,graph,512,518,14,4129,1.333696008,1.516800000,0.062800000,0.012300000
sample,generation,graph,512,519,14,510,1.325536013,1.510500000,0.056300000,0.010400000
sample,generation,graph,512,520,14,284,1.327232003,1.510200000,0.056500000,0.010900000
sample,generation,graph,512,521,14,3126,1.332319975,1.515600000,0.056400000,0.010900000
sample,generation,graph,512,522,14,1247,1.332255960,1.520800000,0.056500000,0.010900000
sample,generation,graph,512,523,14,38813,1.330047965,1.510000000,0.056400000,0.010500000
sample,generation,graph,512,524,14,411,1.330880046,1.512300000,0.065700000,0.011000000
sample,generation,graph,512,525,14,357,1.333888054,1.537700000,0.056100000,0.010400000
sample,generation,graph,512,526,14,1987,1.347327948,1.844000000,0.089700000,0.016300000
sample,generation,graph,512,527,14,287,1.331328034,1.878800000,0.058100000,0.011100000
sample,generation,graph,512,512,15,558,1.315647960,1.492800000,0.054400000,0.010600000
sample,generation,graph,512,513,15,272,1.325119972,1.502500000,0.052400000,0.010600000
sample,generation,graph,512,514,15,837,1.323423982,1.500300000,0.052700000,0.010700000
sample,generation,graph,512,515,15,351,1.325376034,1.532200000,0.052000000,0.010700000
sample,generation,graph,512,516,15,257,1.351616025,1.537100000,0.089600000,0.019700000
sample,generation,graph,512,517,15,1767,1.338976026,1.521700000,0.062100000,0.016400000
sample,generation,graph,512,518,15,4129,1.327903986,1.547500000,0.053300000,0.011000000
sample,generation,graph,512,519,15,510,1.337919950,1.526500000,0.097600000,0.017800000
sample,generation,graph,512,520,15,284,1.327999949,1.512200000,0.058100000,0.010900000
sample,generation,graph,512,521,15,3126,1.330111980,1.790800000,0.057200000,0.010600000
sample,generation,graph,512,522,15,1247,1.331967950,1.911100000,0.057600000,0.010500000
sample,generation,graph,512,523,15,38813,1.333472013,1.516600000,0.063900000,0.012000000
sample,generation,graph,512,524,15,411,1.332031965,1.831500000,0.056500000,0.010600000
sample,generation,graph,512,525,15,357,1.334720016,1.797800000,0.057200000,0.010500000
sample,generation,graph,512,526,15,1987,1.351552010,1.877300000,0.098800000,0.017600000
sample,generation,graph,512,527,15,287,1.332159996,1.517100000,0.059800000,0.011300000
sample,generation,ordinary,512,512,15,558,1.832479954,2.180800000,1.480700000,0.000000000
sample,generation,ordinary,512,513,15,272,1.588479996,1.931400000,1.258600000,0.000000000
sample,generation,ordinary,512,514,15,837,1.712543964,2.099200000,1.395300000,0.000000000
sample,generation,ordinary,512,515,15,351,2.839071989,3.048700000,2.365800000,0.000000000
sample,generation,ordinary,512,516,15,257,1.907168031,2.592100000,1.594500000,0.000000000
sample,generation,ordinary,512,517,15,1767,1.755936027,2.260100000,1.314000000,0.000000000
sample,generation,ordinary,512,518,15,4129,1.920063972,2.357800000,1.297300000,0.000000000
sample,generation,ordinary,512,519,15,510,1.820000052,2.370700000,1.503700000,0.000000000
sample,generation,ordinary,512,520,15,284,1.851807952,2.356200000,1.300100000,0.000000000
sample,generation,ordinary,512,521,15,3126,1.851456046,2.355200000,1.525600000,0.000000000
sample,generation,ordinary,512,522,15,1247,1.785791993,2.295800000,1.361900000,0.000000000
sample,generation,ordinary,512,523,15,38813,1.749312043,2.232200000,1.384500000,0.000000000
sample,generation,ordinary,512,524,15,411,1.738720059,2.259400000,1.404900000,0.000000000
sample,generation,ordinary,512,525,15,357,1.748672009,2.250800000,1.423800000,0.000000000
sample,generation,ordinary,512,526,15,1987,1.823583961,2.353200000,1.422300000,0.000000000
sample,generation,ordinary,512,527,15,287,1.848960042,2.348500000,1.484000000,0.000000000
sample,generation,ordinary,1007,1007,0,9106,1.854655981,2.126900000,1.194900000,0.000000000
sample,generation,ordinary,1007,1008,0,3876,1.863968015,2.062800000,1.130000000,0.000000000
sample,generation,ordinary,1007,1009,0,385,2.016767979,2.511500000,1.150000000,0.000000000
sample,generation,ordinary,1007,1010,0,318,1.950368047,2.414500000,0.941100000,0.000000000
sample,generation,ordinary,1007,1011,0,1043,1.909183979,2.374500000,0.889100000,0.000000000
sample,generation,ordinary,1007,1012,0,287,1.906720042,2.395300000,0.909600000,0.000000000
sample,generation,ordinary,1007,1013,0,262,2.001823902,2.519700000,0.920100000,0.000000000
sample,generation,ordinary,1007,1014,0,2258,1.902271986,2.163300000,0.887000000,0.000000000
sample,generation,ordinary,1007,1015,0,10596,1.884287953,2.388100000,0.862600000,0.000000000
sample,generation,ordinary,1007,1016,0,10692,1.886719942,2.368700000,0.888500000,0.000000000
sample,generation,ordinary,1007,1017,0,422,1.904288054,2.082600000,1.053900000,0.000000000
sample,generation,ordinary,1007,1018,0,262,1.894495964,2.072400000,1.269800000,0.000000000
sample,generation,ordinary,1007,1019,0,10183,1.865247965,2.042100000,1.263100000,0.000000000
sample,generation,ordinary,1007,1020,0,19517,1.944319963,2.157700000,1.090700000,0.000000000
sample,generation,ordinary,1007,1021,0,6896,2.586656094,3.055600000,1.269000000,0.000000000
sample,generation,ordinary,1007,1022,0,284,1.957759976,2.351400000,0.815200000,0.000000000
sample,generation,graph,1007,1007,0,9106,1.647583961,2.157600000,0.058800000,0.010400000
sample,generation,graph,1007,1008,0,3876,1.650720000,2.151900000,0.059100000,0.011600000
sample,generation,graph,1007,1009,0,385,1.650207996,2.002600000,0.057200000,0.010500000
sample,generation,graph,1007,1010,0,318,1.652351975,1.939600000,0.051600000,0.010100000
sample,generation,graph,1007,1011,0,1043,1.650975943,1.846800000,0.053700000,0.011100000
sample,generation,graph,1007,1012,0,287,1.663776040,1.849800000,0.065500000,0.017300000
sample,generation,graph,1007,1013,0,262,1.654111981,1.831900000,0.052500000,0.011100000
sample,generation,graph,1007,1014,0,2258,1.657536030,1.834800000,0.051700000,0.010600000
sample,generation,graph,1007,1015,0,10596,1.651296020,1.828000000,0.051600000,0.010800000
sample,generation,graph,1007,1016,0,10692,1.652768016,1.830800000,0.051700000,0.010500000
sample,generation,graph,1007,1017,0,422,1.667104006,1.850100000,0.080700000,0.015800000
sample,generation,graph,1007,1018,0,262,1.658112049,1.838900000,0.068100000,0.010800000
sample,generation,graph,1007,1019,0,10183,1.664160013,1.952100000,0.063900000,0.014200000
sample,generation,graph,1007,1020,0,19517,1.678655982,1.959100000,0.089000000,0.022900000
sample,generation,graph,1007,1021,0,6896,1.673792005,2.169600000,0.070600000,0.016800000
sample,generation,graph,1007,1022,0,284,1.670367956,2.157900000,0.065800000,0.012700000
sample,generation,graph,1007,1007,1,9106,1.648416042,2.237400000,0.058500000,0.011600000
sample,generation,graph,1007,1008,1,3876,1.647968054,1.831800000,0.065000000,0.012400000
sample,generation,graph,1007,1009,1,385,1.651679993,1.849600000,0.057100000,0.010600000
sample,generation,graph,1007,1010,1,318,1.661504030,2.257000000,0.066000000,0.015100000
sample,generation,graph,1007,1011,1,1043,1.651551962,2.139400000,0.065500000,0.012900000
sample,generation,graph,1007,1012,1,287,1.653568029,2.162700000,0.065200000,0.010700000
sample,generation,graph,1007,1013,1,262,1.667296052,1.857700000,0.098100000,0.017800000
sample,generation,graph,1007,1014,1,2258,1.656736016,2.254200000,0.057000000,0.010900000
sample,generation,graph,1007,1015,1,10596,1.651584029,1.835200000,0.057000000,0.010700000
sample,generation,graph,1007,1016,1,10692,1.652672052,2.159600000,0.057400000,0.011000000
sample,generation,graph,1007,1017,1,422,1.655168056,1.874400000,0.057300000,0.010500000
sample,generation,graph,1007,1018,1,262,1.680191994,2.152000000,0.082000000,0.020000000
sample,generation,graph,1007,1019,1,10183,1.682271957,1.900600000,0.088400000,0.026400000
sample,generation,graph,1007,1020,1,19517,1.671712041,1.885600000,0.067300000,0.016400000
sample,generation,graph,1007,1021,1,6896,1.663776040,2.114000000,0.066900000,0.012900000
sample,generation,graph,1007,1022,1,284,1.677888036,2.179600000,0.083500000,0.017300000
sample,generation,ordinary,1007,1007,1,9106,1.931103945,2.429800000,0.970800000,0.000000000
sample,generation,ordinary,1007,1008,1,3876,2.040064096,2.505400000,0.933300000,0.000000000
sample,generation,ordinary,1007,1009,1,385,1.940320015,2.326600000,1.196400000,0.000000000
sample,generation,ordinary,1007,1010,1,318,2.151456118,2.672700000,1.742200000,0.000000000
sample,generation,ordinary,1007,1011,1,1043,1.973279953,2.495200000,1.488600000,0.000000000
sample,generation,ordinary,1007,1012,1,287,1.885504007,2.244100000,1.155900000,0.000000000
sample,generation,ordinary,1007,1013,1,262,1.975039959,2.461700000,1.402500000,0.000000000
sample,generation,ordinary,1007,1014,1,2258,1.922271967,2.371300000,1.304100000,0.000000000
sample,generation,ordinary,1007,1015,1,10596,1.887359977,2.329900000,1.092200000,0.000000000
sample,generation,ordinary,1007,1016,1,10692,1.926623940,2.342900000,1.176900000,0.000000000
sample,generation,ordinary,1007,1017,1,422,2.095007896,2.484100000,1.733700000,0.000000000
sample,generation,ordinary,1007,1018,1,262,2.031167984,2.540900000,1.485100000,0.000000000
sample,generation,ordinary,1007,1019,1,10183,1.895295978,2.301000000,0.800000000,0.000000000
sample,generation,ordinary,1007,1020,1,19517,2.069504023,2.466500000,1.589700000,0.000000000
sample,generation,ordinary,1007,1021,1,6896,2.101727962,2.633900000,1.464800000,0.000000000
sample,generation,ordinary,1007,1022,1,284,2.140480042,2.623700000,0.826100000,0.000000000
sample,generation,ordinary,1007,1007,2,9106,1.885535955,2.110000000,1.084100000,0.000000000
sample,generation,ordinary,1007,1008,2,3876,1.883584023,2.060400000,1.265500000,0.000000000
sample,generation,ordinary,1007,1009,2,385,1.862975955,2.039600000,1.265300000,0.000000000
sample,generation,ordinary,1007,1010,2,318,1.863072038,2.038200000,1.337600000,0.000000000
sample,generation,ordinary,1007,1011,2,1043,1.958624005,2.144100000,1.129800000,0.000000000
sample,generation,ordinary,1007,1012,2,287,1.850368023,2.126000000,0.954400000,0.000000000
sample,generation,ordinary,1007,1013,2,262,1.879807949,2.139200000,1.171600000,0.000000000
sample,generation,ordinary,1007,1014,2,2258,1.881343961,2.391900000,1.033500000,0.000000000
sample,generation,ordinary,1007,1015,2,10596,1.934303999,2.281500000,1.191300000,0.000000000
sample,generation,ordinary,1007,1016,2,10692,1.844671965,2.156200000,1.137600000,0.000000000
sample,generation,ordinary,1007,1017,2,422,1.892608047,2.129800000,1.244600000,0.000000000
sample,generation,ordinary,1007,1018,2,262,1.868064046,2.140700000,1.142300000,0.000000000
sample,generation,ordinary,1007,1019,2,10183,1.860448003,2.078700000,1.117600000,0.000000000
sample,generation,ordinary,1007,1020,2,19517,1.860767961,2.091600000,1.220500000,0.000000000
sample,generation,ordinary,1007,1021,2,6896,1.885023952,2.118300000,1.315900000,0.000000000
sample,generation,ordinary,1007,1022,2,284,1.869375944,2.152500000,1.424400000,0.000000000
sample,generation,graph,1007,1007,2,9106,1.646944046,1.949300000,0.052200000,0.011100000
sample,generation,graph,1007,1008,2,3876,1.682240009,2.265000000,0.105000000,0.031900000
sample,generation,graph,1007,1009,2,385,1.850399971,2.121200000,0.600700000,0.113700000
sample,generation,graph,1007,1010,2,318,1.652320027,1.829000000,0.056200000,0.011600000
sample,generation,graph,1007,1011,2,1043,1.652096033,1.830700000,0.052000000,0.010800000
sample,generation,graph,1007,1012,2,287,1.649952054,1.829000000,0.051400000,0.010700000
sample,generation,graph,1007,1013,2,262,1.653439999,1.831400000,0.052100000,0.010500000
sample,generation,graph,1007,1014,2,2258,1.654240012,1.832400000,0.051300000,0.010500000
sample,generation,graph,1007,1015,2,10596,1.650400043,1.871900000,0.051400000,0.010600000
sample,generation,graph,1007,1016,2,10692,1.665663958,2.144300000,0.068500000,0.015500000
sample,generation,graph,1007,1017,2,422,1.658079982,2.195400000,0.059100000,0.012000000
sample,generation,graph,1007,1018,2,262,1.660704017,2.155700000,0.061200000,0.011300000
sample,generation,graph,1007,1019,2,10183,1.656479955,2.000600000,0.058100000,0.010600000
sample,generation,graph,1007,1020,2,19517,1.655679941,2.015900000,0.053700000,0.010600000
sample,generation,graph,1007,1021,2,6896,1.659423947,2.010800000,0.053600000,0.010700000
sample,generation,graph,1007,1022,2,284,1.663679957,1.949500000,0.052800000,0.010600000
sample,generation,graph,1007,1007,3,9106,1.645632029,1.826000000,0.054000000,0.010800000
sample,generation,graph,1007,1008,3,3876,1.655200005,1.838200000,0.080400000,0.014900000
sample,generation,graph,1007,1009,3,385,1.646368027,1.826400000,0.053100000,0.011000000
sample,generation,graph,1007,1010,3,318,1.653952003,1.829300000,0.052100000,0.010700000
sample,generation,graph,1007,1011,3,1043,1.651072025,1.842600000,0.073500000,0.010900000
sample,generation,graph,1007,1012,3,287,1.666239977,1.841700000,0.060100000,0.011200000
sample,generation,graph,1007,1013,3,262,1.657184005,1.921700000,0.052000000,0.010600000
sample,generation,graph,1007,1014,3,2258,1.677952051,2.031300000,0.084700000,0.021400000
sample,generation,graph,1007,1015,3,10596,1.875743985,2.176400000,0.817800000,0.145900000
sample,generation,graph,1007,1016,3,10692,1.660320044,1.845700000,0.068500000,0.015100000
sample,generation,graph,1007,1017,3,422,1.657760024,1.841600000,0.056700000,0.011000000
sample,generation,graph,1007,1018,3,262,1.657631993,2.132500000,0.056800000,0.010700000
sample,generation,graph,1007,1019,3,10183,1.669152021,2.178400000,0.114300000,0.018300000
sample,generation,graph,1007,1020,3,19517,1.655840039,2.155900000,0.057600000,0.010800000
sample,generation,graph,1007,1021,3,6896,1.664288044,2.154800000,0.058000000,0.011100000
sample,generation,graph,1007,1022,3,284,1.678527951,1.877300000,0.098300000,0.018500000
sample,generation,ordinary,1007,1007,3,9106,2.019871950,2.497500000,1.130600000,0.000000000
sample,generation,ordinary,1007,1008,3,3876,1.883455992,2.387500000,0.798100000,0.000000000
sample,generation,ordinary,1007,1009,3,385,1.939615965,2.414300000,0.976800000,0.000000000
sample,generation,ordinary,1007,1010,3,318,1.908576012,2.350800000,0.816000000,0.000000000
sample,generation,ordinary,1007,1011,3,1043,1.905536056,2.355300000,0.830500000,0.000000000
sample,generation,ordinary,1007,1012,3,287,2.152127981,2.708200000,1.105600000,0.000000000
sample,generation,ordinary,1007,1013,3,262,1.872287989,2.190700000,0.899600000,0.000000000
sample,generation,ordinary,1007,1014,3,2258,1.870784044,2.235800000,1.259600000,0.000000000
sample,generation,ordinary,1007,1015,3,10596,1.888255954,2.087000000,1.255300000,0.000000000
sample,generation,ordinary,1007,1016,3,10692,1.907935977,2.090300000,0.838500000,0.000000000
sample,generation,ordinary,1007,1017,3,422,1.938271999,2.120900000,0.752900000,0.000000000
sample,generation,ordinary,1007,1018,3,262,1.915776014,2.194300000,0.972600000,0.000000000
sample,generation,ordinary,1007,1019,3,10183,1.937855959,2.446200000,1.480000000,0.000000000
sample,generation,ordinary,1007,1020,3,19517,1.944128036,2.442900000,0.928300000,0.000000000
sample,generation,ordinary,1007,1021,3,6896,1.893664002,2.191200000,0.910600000,0.000000000
sample,generation,ordinary,1007,1022,3,284,1.910912037,2.258800000,1.156800000,0.000000000
sample,generation,ordinary,1007,1007,4,9106,1.855391979,2.061600000,1.250500000,0.000000000
sample,generation,ordinary,1007,1008,4,3876,1.913472056,2.093500000,0.925600000,0.000000000
sample,generation,ordinary,1007,1009,4,385,2.010720015,2.511100000,0.921800000,0.000000000
sample,generation,ordinary,1007,1010,4,318,1.946751952,2.144400000,0.941100000,0.000000000
sample,generation,ordinary,1007,1011,4,1043,1.905024052,2.340500000,1.047200000,0.000000000
sample,generation,ordinary,1007,1012,4,287,1.910079956,2.390800000,1.030900000,0.000000000
sample,generation,ordinary,1007,1013,4,262,1.932575941,2.415700000,0.777400000,0.000000000
sample,generation,ordinary,1007,1014,4,2258,1.944064021,2.442600000,0.923700000,0.000000000
sample,generation,ordinary,1007,1015,4,10596,1.926815987,2.435000000,0.974800000,0.000000000
sample,generation,ordinary,1007,1016,4,10692,1.912127972,2.263900000,0.834200000,0.000000000
sample,generation,ordinary,1007,1017,4,422,1.918079972,2.393400000,1.566500000,0.000000000
sample,generation,ordinary,1007,1018,4,262,1.946591973,2.460900000,0.912500000,0.000000000
sample,generation,ordinary,1007,1019,4,10183,2.075999975,2.575000000,0.960300000,0.000000000
sample,generation,ordinary,1007,1020,4,19517,1.923871994,2.236400000,1.185500000,0.000000000
sample,generation,ordinary,1007,1021,4,6896,1.869215965,2.054700000,0.873800000,0.000000000
sample,generation,ordinary,1007,1022,4,284,1.895583987,2.071900000,1.264600000,0.000000000
sample,generation,graph,1007,1007,4,9106,1.658400059,1.896300000,0.095000000,0.019800000
sample,generation,graph,1007,1008,4,3876,1.669983983,1.890800000,0.076300000,0.025800000
sample,generation,graph,1007,1009,4,385,1.660159945,1.869600000,0.070000000,0.016600000
sample,generation,graph,1007,1010,4,318,1.658048034,1.973700000,0.064000000,0.014600000
sample,generation,graph,1007,1011,4,1043,1.691328049,1.918600000,0.109600000,0.037100000
sample,generation,graph,1007,1012,4,287,1.671455979,2.001000000,0.082800000,0.023800000
sample,generation,graph,1007,1013,4,262,1.705503941,1.992300000,0.124300000,0.040800000
sample,generation,graph,1007,1014,4,2258,1.878720045,2.117200000,0.213300000,0.084000000
sample,generation,graph,1007,1015,4,10596,1.687615991,1.900800000,0.090400000,0.032900000
sample,generation,graph,1007,1016,4,10692,1.677631974,1.977300000,0.080400000,0.025900000
sample,generation,graph,1007,1017,4,422,1.672224045,1.867100000,0.070700000,0.019800000
sample,generation,graph,1007,1018,4,262,1.674111962,1.868600000,0.069800000,0.020600000
sample,generation,graph,1007,1019,4,10183,1.679072022,1.869100000,0.071700000,0.019500000
sample,generation,graph,1007,1020,4,19517,1.672608018,1.876400000,0.069700000,0.019700000
sample,generation,graph,1007,1021,4,6896,1.672096014,1.982800000,0.065500000,0.018000000
sample,generation,graph,1007,1022,4,284,1.712031960,1.930700000,0.117500000,0.042600000
sample,generation,graph,1007,1007,5,9106,1.645408034,1.827900000,0.057600000,0.011000000
sample,generation,graph,1007,1008,5,3876,1.644287944,1.828200000,0.055900000,0.010600000
sample,generation,graph,1007,1009,5,385,1.660959959,1.845400000,0.055900000,0.010900000
sample,generation,graph,1007,1010,5,318,1.660287976,1.850000000,0.065200000,0.014600000
sample,generation,graph,1007,1011,5,1043,1.653792024,2.161300000,0.064200000,0.011300000
sample,generation,graph,1007,1012,5,287,1.652096033,1.841300000,0.058200000,0.011000000
sample,generation,graph,1007,1013,5,262,1.662143946,1.847000000,0.060200000,0.014900000
sample,generation,graph,1007,1014,5,2258,1.656159997,1.833500000,0.053200000,0.011300000
sample,generation,graph,1007,1015,5,10596,1.652351975,1.844600000,0.051200000,0.010700000
sample,generation,graph,1007,1016,5,10692,1.651103973,1.828300000,0.052000000,0.010800000
sample,generation,graph,1007,1017,5,422,1.656159997,1.833200000,0.051800000,0.010600000
sample,generation,graph,1007,1018,5,262,1.657631993,1.839200000,0.051400000,0.010800000
sample,generation,graph,1007,1019,5,10183,1.653120041,1.834800000,0.056300000,0.010600000
sample,generation,graph,1007,1020,5,19517,1.658463955,1.838600000,0.056200000,0.010600000
sample,generation,graph,1007,1021,5,6896,1.663840055,1.857000000,0.056100000,0.010500000
sample,generation,graph,1007,1022,5,284,1.672224045,1.864500000,0.066400000,0.015300000
sample,generation,ordinary,1007,1007,5,9106,1.921120048,2.421900000,0.906800000,0.000000000
sample,generation,ordinary,1007,1008,5,3876,1.941151977,2.442100000,1.565700000,0.000000000
sample,generation,ordinary,1007,1009,5,385,1.871296048,2.059400000,1.236900000,0.000000000
sample,generation,ordinary,1007,1010,5,318,1.845695972,2.032700000,1.225100000,0.000000000
sample,generation,ordinary,1007,1011,5,1043,1.910079956,2.091600000,1.284800000,0.000000000
sample,generation,ordinary,1007,1012,5,287,1.905791998,2.427500000,1.009500000,0.000000000
sample,generation,ordinary,1007,1013,5,262,1.939967990,2.442800000,0.915500000,0.000000000
sample,generation,ordinary,1007,1014,5,2258,1.941632032,2.441300000,0.904200000,0.000000000
sample,generation,ordinary,1007,1015,5,10596,1.960991979,2.477400000,0.819700000,0.000000000
sample,generation,ordinary,1007,1016,5,10692,1.894080043,2.242700000,1.144800000,0.000000000
sample,generation,ordinary,1007,1017,5,422,1.893023968,2.067700000,1.171400000,0.000000000
sample,generation,ordinary,1007,1018,5,262,1.895455956,2.175100000,1.173000000,0.000000000
sample,generation,ordinary,1007,1019,5,10183,1.898399949,2.978900000,1.182100000,0.000000000
sample,generation,ordinary,1007,1020,5,19517,2.285471916,2.507400000,1.383600000,0.000000000
sample,generation,ordinary,1007,1021,5,6896,1.946015954,2.128200000,0.926400000,0.000000000
sample,generation,ordinary,1007,1022,5,284,1.911263943,2.357400000,0.834600000,0.000000000
sample,generation,ordinary,1007,1007,6,9106,1.846304059,2.033400000,1.323000000,0.000000000
sample,generation,ordinary,1007,1008,6,3876,1.931807995,2.114500000,1.007600000,0.000000000
sample,generation,ordinary,1007,1009,6,385,1.929216027,2.109500000,0.780300000,0.000000000
sample,generation,ordinary,1007,1010,6,318,1.914720058,2.133300000,1.357600000,0.000000000
sample,generation,ordinary,1007,1011,6,1043,1.961375952,2.165200000,0.980600000,0.000000000
sample,generation,ordinary,1007,1012,6,287,1.938495994,2.121100000,0.926100000,0.000000000
sample,generation,ordinary,1007,1013,6,262,1.915552020,2.093500000,1.532600000,0.000000000
sample,generation,ordinary,1007,1014,6,2258,1.867903948,2.122000000,1.268800000,0.000000000
sample,generation,ordinary,1007,1015,6,10596,1.891903996,2.252600000,1.243300000,0.000000000
sample,generation,ordinary,1007,1016,6,10692,1.886080027,2.233100000,1.164100000,0.000000000
sample,generation,ordinary,1007,1017,6,422,1.867455959,2.213000000,1.250900000,0.000000000
sample,generation,ordinary,1007,1018,6,262,1.839040041,2.148900000,1.009800000,0.000000000
sample,generation,ordinary,1007,1019,6,10183,3.004575968,3.197400000,2.411600000,0.000000000
sample,generation,ordinary,1007,1020,6,19517,1.884768009,2.084100000,1.272900000,0.000000000
sample,generation,ordinary,1007,1021,6,6896,1.900864005,2.085400000,1.045700000,0.000000000
sample,generation,ordinary,1007,1022,6,284,1.872223973,2.051000000,1.276200000,0.000000000
sample,generation,graph,1007,1007,6,9106,1.644896030,1.822300000,0.052100000,0.010700000
sample,generation,graph,1007,1008,6,3876,1.648831964,1.825800000,0.055800000,0.012400000
sample,generation,graph,1007,1009,6,385,1.650272012,1.848700000,0.053400000,0.010600000
sample,generation,graph,1007,1010,6,318,1.664512038,1.849300000,0.063500000,0.014700000
sample,generation,graph,1007,1011,6,1043,1.651744008,1.830600000,0.056900000,0.012800000
sample,generation,graph,1007,1012,6,287,1.651296020,1.827900000,0.053000000,0.011100000
sample,generation,graph,1007,1013,6,262,1.653087974,1.830000000,0.052100000,0.010900000
sample,generation,graph,1007,1014,6,2258,1.658720016,1.835700000,0.055000000,0.010800000
sample,generation,graph,1007,1015,6,10596,1.651200056,1.829200000,0.056000000,0.012300000
sample,generation,graph,1007,1016,6,10692,1.652223945,1.827700000,0.052900000,0.010700000
sample,generation,graph,1007,1017,6,422,1.658048034,1.840500000,0.052400000,0.010700000
sample,generation,graph,1007,1018,6,262,1.666272044,1.850800000,0.061300000,0.015300000
sample,generation,graph,1007,1019,6,10183,1.655936003,1.837600000,0.054900000,0.011300000
sample,generation,graph,1007,1020,6,19517,1.655840039,1.832500000,0.051600000,0.010600000
sample,generation,graph,1007,1021,6,6896,1.662240028,1.845200000,0.063500000,0.012400000
sample,generation,graph,1007,1022,6,284,1.663840055,1.849000000,0.057000000,0.010900000
sample,generation,graph,1007,1007,7,9106,1.647232056,2.149300000,0.064100000,0.011300000
sample,generation,graph,1007,1008,7,3876,1.647807956,2.206600000,0.060600000,0.010800000
sample,generation,graph,1007,1009,7,385,1.663200021,1.854400000,0.098800000,0.016900000
sample,generation,graph,1007,1010,7,318,1.653568029,1.855800000,0.059200000,0.011300000
sample,generation,graph,1007,1011,7,1043,1.650336027,2.237500000,0.057900000,0.010600000
sample,generation,graph,1007,1012,7,287,1.660799980,2.104100000,0.075400000,0.014200000
sample,generation,graph,1007,1013,7,262,1.691295981,2.198800000,0.111200000,0.027700000
sample,generation,graph,1007,1014,7,2258,1.668607950,1.857500000,0.080200000,0.015600000
sample,generation,graph,1007,1015,7,10596,1.653151989,2.150400000,0.060300000,0.011400000
sample,generation,graph,1007,1016,7,10692,1.655071974,1.839000000,0.057800000,0.011100000
sample,generation,graph,1007,1017,7,422,1.657376051,2.024900000,0.055700000,0.011100000
sample,generation,graph,1007,1018,7,262,1.660799980,2.013300000,0.056200000,0.012300000
sample,generation,graph,1007,1019,7,10183,1.655904055,1.832000000,0.053400000,0.010800000
sample,generation,graph,1007,1020,7,19517,1.656383991,1.855700000,0.051400000,0.010500000
sample,generation,graph,1007,1021,7,6896,1.665824056,1.893700000,0.063700000,0.014300000
sample,generation,graph,1007,1022,7,284,1.681823969,1.902500000,0.077500000,0.021200000
sample,generation,ordinary,1007,1007,7,9106,1.935583949,2.114900000,1.276800000,0.000000000
sample,generation,ordinary,1007,1008,7,3876,1.870911956,2.051500000,1.068200000,0.000000000
sample,generation,ordinary,1007,1009,7,385,1.922880054,2.099000000,1.389600000,0.000000000
sample,generation,ordinary,1007,1010,7,318,1.867391944,2.043700000,1.142100000,0.000000000
sample,generation,ordinary,1007,1011,7,1043,1.902304053,2.081700000,1.163200000,0.000000000
sample,generation,ordinary,1007,1012,7,287,1.933984041,2.142400000,0.849600000,0.000000000
sample,generation,ordinary,1007,1013,7,262,1.928480029,2.484000000,1.066200000,0.000000000
sample,generation,ordinary,1007,1014,7,2258,3.240511894,3.722600000,2.548900000,0.000000000
sample,generation,ordinary,1007,1015,7,10596,1.929344058,2.318400000,1.003800000,0.000000000
sample,generation,ordinary,1007,1016,7,10692,1.895167947,2.163300000,1.167800000,0.000000000
sample,generation,ordinary,1007,1017,7,422,1.869151950,2.069100000,1.267600000,0.000000000
sample,generation,ordinary,1007,1018,7,262,1.902367949,2.101800000,1.033600000,0.000000000
sample,generation,ordinary,1007,1019,7,10183,1.996320009,2.185200000,1.377400000,0.000000000
sample,generation,ordinary,1007,1020,7,19517,1.890496016,2.085300000,1.170000000,0.000000000
sample,generation,ordinary,1007,1021,7,6896,1.846143961,2.024300000,1.235200000,0.000000000
sample,generation,ordinary,1007,1022,7,284,1.872383952,2.061400000,1.266100000,0.000000000
sample,generation,ordinary,1007,1007,8,9106,1.900320053,2.398900000,1.152800000,0.000000000
sample,generation,ordinary,1007,1008,8,3876,1.913856030,2.415300000,1.071800000,0.000000000
sample,generation,ordinary,1007,1009,8,385,1.937728047,2.428400000,0.882000000,0.000000000
sample,generation,ordinary,1007,1010,8,318,1.915776014,2.268400000,0.929600000,0.000000000
sample,generation,ordinary,1007,1011,8,1043,1.860703945,2.208300000,1.247800000,0.000000000
sample,generation,ordinary,1007,1012,8,287,1.865919948,2.227500000,1.215300000,0.000000000
sample,generation,ordinary,1007,1013,8,262,1.913951993,2.402500000,1.239500000,0.000000000
sample,generation,ordinary,1007,1014,8,2258,1.956416011,2.483200000,0.977300000,0.000000000
sample,generation,ordinary,1007,1015,8,10596,1.889439940,2.395900000,1.513500000,0.000000000
sample,generation,ordinary,1007,1016,8,10692,1.908543944,2.380800000,0.962100000,0.000000000
sample,generation,ordinary,1007,1017,8,422,1.932991982,2.433700000,0.917100000,0.000000000
sample,generation,ordinary,1007,1018,8,262,1.920351982,2.221100000,1.165400000,0.000000000
sample,generation,ordinary,1007,1019,8,10183,1.867519975,2.210800000,1.249300000,0.000000000
sample,generation,ordinary,1007,1020,8,19517,1.874464035,2.141500000,1.150600000,0.000000000
sample,generation,ordinary,1007,1021,8,6896,2.129888058,3.017100000,1.190200000,0.000000000
sample,generation,ordinary,1007,1022,8,284,1.863680005,2.163800000,1.283700000,0.000000000
sample,generation,graph,1007,1007,8,9106,1.663391948,2.114100000,0.086700000,0.021400000
sample,generation,graph,1007,1008,8,3876,1.695520043,2.087600000,0.115500000,0.044800000
sample,generation,graph,1007,1009,8,385,1.678112030,2.206400000,0.098500000,0.025900000
sample,generation,graph,1007,1010,8,318,1.670879960,2.161100000,0.089100000,0.019800000
sample,generation,graph,1007,1011,8,1043,1.654559970,2.102500000,0.068400000,0.013800000
sample,generation,graph,1007,1012,8,287,1.652704000,1.843000000,0.060500000,0.011600000
sample,generation,graph,1007,1013,8,262,1.658944011,1.908600000,0.069300000,0.011900000
sample,generation,graph,1007,1014,8,2258,1.686687946,1.944500000,0.102300000,0.027100000
sample,generation,graph,1007,1015,8,10596,1.669535995,1.943700000,0.087600000,0.022900000
sample,generation,graph,1007,1016,8,10692,1.679263949,1.964200000,0.094000000,0.025400000
sample,generation,graph,1007,1017,8,422,1.671808004,1.949900000,0.088700000,0.018200000
sample,generation,graph,1007,1018,8,262,1.687168002,2.116000000,0.097000000,0.026200000
sample,generation,graph,1007,1019,8,10183,1.676223993,2.207700000,0.089900000,0.023800000
sample,generation,graph,1007,1020,8,19517,1.676223993,1.958600000,0.082400000,0.021100000
sample,generation,graph,1007,1021,8,6896,1.676031947,2.026800000,0.080500000,0.020300000
sample,generation,graph,1007,1022,8,284,1.679808021,2.086700000,0.083000000,0.021700000
sample,generation,graph,1007,1007,9,9106,1.656991959,1.874200000,0.075900000,0.015300000
sample,generation,graph,1007,1008,9,3876,1.652160048,1.858200000,0.063600000,0.014300000
sample,generation,graph,1007,1009,9,385,1.655328035,1.868000000,0.062900000,0.013000000
sample,generation,graph,1007,1010,9,318,1.654976010,1.885100000,0.059900000,0.010600000
sample,generation,graph,1007,1011,9,1043,1.677855968,1.862400000,0.085800000,0.025200000
sample,generation,graph,1007,1012,9,287,1.650943995,1.842600000,0.061100000,0.010900000
sample,generation,graph,1007,1013,9,262,1.654656053,1.981300000,0.056900000,0.010700000
sample,generation,graph,1007,1014,9,2258,1.712416053,1.910500000,0.127500000,0.045800000
sample,generation,graph,1007,1015,9,10596,1.665472031,1.851700000,0.068300000,0.017600000
sample,generation,graph,1007,1016,9,10692,1.653375983,1.883000000,0.060900000,0.010900000
sample,generation,graph,1007,1017,9,422,1.690304041,2.064900000,0.098900000,0.028400000
sample,generation,graph,1007,1018,9,262,1.659680009,1.838800000,0.056400000,0.012100000
sample,generation,graph,1007,1019,9,10183,1.655071974,2.170300000,0.053600000,0.011000000
sample,generation,graph,1007,1020,9,19517,1.682944059,1.871600000,0.089000000,0.024300000
sample,generation,graph,1007,1021,9,6896,1.664064050,1.841100000,0.057000000,0.011300000
sample,generation,graph,1007,1022,9,284,1.664448023,2.189800000,0.054100000,0.011100000
sample,generation,ordinary,1007,1007,9,9106,1.997280002,2.440600000,1.251800000,0.000000000
sample,generation,ordinary,1007,1008,9,3876,1.998271942,2.539000000,1.026900000,0.000000000
sample,generation,ordinary,1007,1009,9,385,2.016063929,2.528700000,1.117500000,0.000000000
sample,generation,ordinary,1007,1010,9,318,1.938815951,2.410300000,1.191800000,0.000000000
sample,generation,ordinary,1007,1011,9,1043,1.921759963,2.471600000,1.150600000,0.000000000
sample,generation,ordinary,1007,1012,9,287,1.939424038,2.408100000,0.975000000,0.000000000
sample,generation,ordinary,1007,1013,9,262,2.018879890,2.493500000,1.156000000,0.000000000
sample,generation,ordinary,1007,1014,9,2258,1.906335950,2.378100000,1.256100000,0.000000000
sample,generation,ordinary,1007,1015,9,10596,2.013472080,2.584400000,1.054500000,0.000000000
sample,generation,ordinary,1007,1016,9,10692,1.929535985,2.483100000,1.115500000,0.000000000
sample,generation,ordinary,1007,1017,9,422,1.894495964,2.365100000,1.067900000,0.000000000
sample,generation,ordinary,1007,1018,9,262,2.048095942,2.388300000,1.027600000,0.000000000
sample,generation,ordinary,1007,1019,9,10183,1.903648019,2.318000000,1.226200000,0.000000000
sample,generation,ordinary,1007,1020,9,19517,1.955072045,2.176300000,0.954100000,0.000000000
sample,generation,ordinary,1007,1021,9,6896,2.094208002,2.550000000,1.334300000,0.000000000
sample,generation,ordinary,1007,1022,9,284,1.991199970,2.199100000,1.246600000,0.000000000
sample,generation,ordinary,1007,1007,10,9106,1.892192006,2.360900000,1.101400000,0.000000000
sample,generation,ordinary,1007,1008,10,3876,1.885056019,2.407300000,0.940600000,0.000000000
sample,generation,ordinary,1007,1009,10,385,1.978144050,2.458000000,1.305900000,0.000000000
sample,generation,ordinary,1007,1010,10,318,1.900704026,2.376600000,1.274200000,0.000000000
sample,generation,ordinary,1007,1011,10,1043,1.964352012,2.495200000,1.094600000,0.000000000
sample,generation,ordinary,1007,1012,10,287,1.935647964,2.479700000,1.116100000,0.000000000
sample,generation,ordinary,1007,1013,10,262,2.049632072,2.508300000,0.997300000,0.000000000
sample,generation,ordinary,1007,1014,10,2258,2.070111990,2.533900000,1.154600000,0.000000000
sample,generation,ordinary,1007,1015,10,10596,1.909471989,2.115300000,1.539600000,0.000000000
sample,generation,ordinary,1007,1016,10,10692,1.845983982,2.030200000,1.209400000,0.000000000
sample,generation,ordinary,1007,1017,10,422,1.975327969,2.373700000,0.919000000,0.000000000
sample,generation,ordinary,1007,1018,10,262,1.888288021,2.363500000,0.953200000,0.000000000
sample,generation,ordinary,1007,1019,10,10183,2.081279993,2.438900000,0.962800000,0.000000000
sample,generation,ordinary,1007,1020,10,19517,1.898687959,2.343700000,1.033300000,0.000000000
sample,generation,ordinary,1007,1021,10,6896,1.895967960,2.219400000,1.025300000,0.000000000
sample,generation,ordinary,1007,1022,10,284,1.882655978,2.108900000,1.029700000,0.000000000
sample,generation,graph,1007,1007,10,9106,1.666527987,2.022200000,0.094100000,0.021400000
sample,generation,graph,1007,1008,10,3876,1.679136038,1.958900000,0.106100000,0.028200000
sample,generation,graph,1007,1009,10,385,1.676352024,1.973900000,0.091400000,0.024500000
sample,generation,graph,1007,1010,10,318,1.673696041,2.194500000,0.095100000,0.022500000
sample,generation,graph,1007,1011,10,1043,1.674623966,1.995100000,0.137500000,0.025000000
sample,generation,graph,1007,1012,10,287,1.674144030,1.969700000,0.097700000,0.026000000
sample,generation,graph,1007,1013,10,262,1.680575967,2.019800000,0.097200000,0.025700000
sample,generation,graph,1007,1014,10,2258,1.696287990,2.022100000,0.127500000,0.038500000
sample,generation,graph,1007,1015,10,10596,1.679903984,1.968700000,0.118200000,0.027900000
sample,generation,graph,1007,1016,10,10692,1.679967999,2.004500000,0.092200000,0.025700000
sample,generation,graph,1007,1017,10,422,1.686527967,1.967500000,0.095700000,0.027200000
sample,generation,graph,1007,1018,10,262,1.680160046,1.979000000,0.092100000,0.025000000
sample,generation,graph,1007,1019,10,10183,1.684831977,2.201900000,0.109000000,0.030200000
sample,generation,graph,1007,1020,10,19517,1.683647990,2.035000000,0.096800000,0.028400000
sample,generation,graph,1007,1021,10,6896,1.696992040,2.155900000,0.116400000,0.033800000
sample,generation,graph,1007,1022,10,284,1.696128011,2.026300000,0.104600000,0.030400000
sample,generation,graph,1007,1007,11,9106,1.654240012,2.113400000,0.063700000,0.014300000
sample,generation,graph,1007,1008,11,3876,1.694687963,2.124000000,0.125900000,0.041400000
sample,generation,graph,1007,1009,11,385,1.663679957,1.904100000,0.092800000,0.016900000
sample,generation,graph,1007,1010,11,318,1.673344016,2.015400000,0.091600000,0.022000000
sample,generation,graph,1007,1011,11,1043,1.652096033,2.104900000,0.053700000,0.012700000
sample,generation,graph,1007,1012,11,287,1.656800032,2.142900000,0.062200000,0.013100000
sample,generation,graph,1007,1013,11,262,1.657663941,1.841600000,0.059800000,0.011300000
sample,generation,graph,1007,1014,11,2258,1.655712008,1.852900000,0.061200000,0.010700000
sample,generation,graph,1007,1015,11,10596,1.672767997,2.180600000,0.079000000,0.018600000
sample,generation,graph,1007,1016,11,10692,1.662943959,2.163800000,0.070800000,0.016400000
sample,generation,graph,1007,1017,11,422,1.664095998,2.129100000,0.059600000,0.012800000
sample,generation,graph,1007,1018,11,262,1.659423947,2.162500000,0.059900000,0.011300000
sample,generation,graph,1007,1019,11,10183,1.660127997,2.156300000,0.065600000,0.012300000
sample,generation,graph,1007,1020,11,19517,1.673248053,2.162500000,0.070400000,0.016400000
sample,generation,graph,1007,1021,11,6896,1.667744040,1.890200000,0.072300000,0.014300000
sample,generation,graph,1007,1022,11,284,1.676895976,1.870000000,0.097600000,0.016600000
sample,generation,ordinary,1007,1007,11,9106,2.051520109,2.520500000,1.247900000,0.000000000
sample,generation,ordinary,1007,1008,11,3876,2.124448061,2.684000000,1.774900000,0.000000000
sample,generation,ordinary,1007,1009,11,385,1.976191998,2.240900000,1.496000000,0.000000000
sample,generation,ordinary,1007,1010,11,318,1.868319988,2.114500000,1.172400000,0.000000000
sample,generation,ordinary,1007,1011,11,1043,1.962975979,2.198600000,1.139900000,0.000000000
sample,generation,ordinary,1007,1012,11,287,1.857375979,2.087700000,1.005000000,0.000000000
sample,generation,ordinary,1007,1013,11,262,1.974848032,2.341100000,1.334500000,0.000000000
sample,generation,ordinary,1007,1014,11,2258,1.864351988,2.097200000,0.670800000,0.000000000
sample,generation,ordinary,1007,1015,11,10596,2.085472107,2.362200000,1.519600000,0.000000000
sample,generation,ordinary,1007,1016,11,10692,2.201823950,2.426100000,1.645100000,0.000000000
sample,generation,ordinary,1007,1017,11,422,1.877727985,2.088800000,1.357800000,0.000000000
sample,generation,ordinary,1007,1018,11,262,1.834624052,2.086300000,1.035500000,0.000000000
sample,generation,ordinary,1007,1019,11,10183,1.880992055,2.304000000,1.258400000,0.000000000
sample,generation,ordinary,1007,1020,11,19517,1.863423944,2.105700000,1.506700000,0.000000000
sample,generation,ordinary,1007,1021,11,6896,1.948608041,2.392200000,0.997500000,0.000000000
sample,generation,ordinary,1007,1022,11,284,2.059488058,2.417100000,0.857000000,0.000000000
sample,generation,ordinary,1007,1007,12,9106,1.968000054,2.447200000,0.650200000,0.000000000
sample,generation,ordinary,1007,1008,12,3876,1.914399981,2.313300000,0.544300000,0.000000000
sample,generation,ordinary,1007,1009,12,385,1.916416049,2.314500000,0.913600000,0.000000000
sample,generation,ordinary,1007,1010,12,318,1.976799965,2.612200000,0.692400000,0.000000000
sample,generation,ordinary,1007,1011,12,1043,1.925696015,2.427900000,0.568800000,0.000000000
sample,generation,ordinary,1007,1012,12,287,2.052383900,2.565300000,0.769200000,0.000000000
sample,generation,ordinary,1007,1013,12,262,2.088992119,2.582400000,0.693500000,0.000000000
sample,generation,ordinary,1007,1014,12,2258,1.978752017,2.483800000,0.556500000,0.000000000
sample,generation,ordinary,1007,1015,12,10596,2.020576000,2.487100000,0.659700000,0.000000000
sample,generation,ordinary,1007,1016,12,10692,2.102976084,2.630500000,0.871000000,0.000000000
sample,generation,ordinary,1007,1017,12,422,2.133888006,2.573500000,0.725400000,0.000000000
sample,generation,ordinary,1007,1018,12,262,1.892287970,2.326800000,0.650700000,0.000000000
sample,generation,ordinary,1007,1019,12,10183,2.015487909,2.446800000,0.620800000,0.000000000
sample,generation,ordinary,1007,1020,12,19517,2.013312101,2.177600000,0.603300000,0.000000000
sample,generation,ordinary,1007,1021,12,6896,1.834432006,1.994600000,0.723700000,0.000000000
sample,generation,ordinary,1007,1022,12,284,1.913696051,2.370900000,0.896100000,0.000000000
sample,generation,graph,1007,1007,12,9106,1.642528057,2.112400000,0.049500000,0.008400000
sample,generation,graph,1007,1008,12,3876,1.643808007,2.119200000,0.047700000,0.008000000
sample,generation,graph,1007,1009,12,385,1.647616029,2.103700000,0.048400000,0.008500000
sample,generation,graph,1007,1010,12,318,1.648895979,2.101600000,0.048400000,0.008000000
sample,generation,graph,1007,1011,12,1043,1.653695941,1.815100000,0.054900000,0.011300000
sample,generation,graph,1007,1012,12,287,1.649664044,2.157600000,0.048400000,0.008500000
sample,generation,graph,1007,1013,12,262,1.651232004,2.081700000,0.057100000,0.008100000
sample,generation,graph,1007,1014,12,2258,1.652063966,1.810900000,0.048500000,0.008300000
sample,generation,graph,1007,1015,12,10596,1.647392035,1.807100000,0.047500000,0.008400000
sample,generation,graph,1007,1016,12,10692,1.648671985,1.808000000,0.053100000,0.008100000
sample,generation,graph,1007,1017,12,422,1.654047966,1.811700000,0.046600000,0.008200000
sample,generation,graph,1007,1018,12,262,1.654816031,2.150800000,0.048200000,0.008200000
sample,generation,graph,1007,1019,12,10183,1.655264020,2.110300000,0.055300000,0.010700000
sample,generation,graph,1007,1020,12,19517,1.655616045,2.121900000,0.052500000,0.009200000
sample,generation,graph,1007,1021,12,6896,1.656512022,1.815000000,0.052600000,0.008200000
sample,generation,graph,1007,1022,12,284,1.657727957,1.819500000,0.042900000,0.008300000
sample,generation,graph,1007,1007,13,9106,1.647519946,1.822000000,0.047500000,0.008400000
sample,generation,graph,1007,1008,13,3876,1.643584013,1.797800000,0.042600000,0.008700000
sample,generation,graph,1007,1009,13,385,1.646816015,1.800800000,0.042600000,0.008400000
sample,generation,graph,1007,1010,13,318,1.649312019,1.802400000,0.042700000,0.008300000
sample,generation,graph,1007,1011,13,1043,1.644927979,1.797900000,0.042400000,0.008300000
sample,generation,graph,1007,1012,13,287,1.646175981,1.798700000,0.043100000,0.008500000
sample,generation,graph,1007,1013,13,262,1.649984002,1.810200000,0.042600000,0.008300000
sample,generation,graph,1007,1014,13,2258,1.651903987,1.809700000,0.042500000,0.008400000
sample,generation,graph,1007,1015,13,10596,1.647744060,1.804100000,0.047300000,0.008300000
sample,generation,graph,1007,1016,13,10692,1.650048018,1.818400000,0.046700000,0.008300000
sample,generation,graph,1007,1017,13,422,1.655328035,2.703800000,0.048000000,0.008700000
sample,generation,graph,1007,1018,13,262,1.684640050,2.197100000,0.073200000,0.027900000
sample,generation,graph,1007,1019,13,10183,1.654688001,2.022000000,0.047900000,0.008400000
sample,generation,graph,1007,1020,13,19517,1.653568029,1.979300000,0.042100000,0.008100000
sample,generation,graph,1007,1021,13,6896,1.657439947,1.994000000,0.043000000,0.008200000
sample,generation,graph,1007,1022,13,284,1.659103990,1.813100000,0.046200000,0.008200000
sample,generation,ordinary,1007,1007,13,9106,1.904031992,2.063300000,0.555900000,0.000000000
sample,generation,ordinary,1007,1008,13,3876,1.913375974,2.072300000,0.558200000,0.000000000
sample,generation,ordinary,1007,1009,13,385,1.952479959,2.105100000,0.611100000,0.000000000
sample,generation,ordinary,1007,1010,13,318,1.964671969,2.116400000,0.685100000,0.000000000
sample,generation,ordinary,1007,1011,13,1043,1.891775966,2.041400000,0.778100000,0.000000000
sample,generation,ordinary,1007,1012,13,287,1.969056010,2.144200000,0.887100000,0.000000000
sample,generation,ordinary,1007,1013,13,262,3.096191883,3.259300000,2.224800000,0.000000000
sample,generation,ordinary,1007,1014,13,2258,1.955711961,2.116300000,0.563700000,0.000000000
sample,generation,ordinary,1007,1015,13,10596,1.921311975,2.082000000,0.540000000,0.000000000
sample,generation,ordinary,1007,1016,13,10692,1.909759998,2.066100000,0.552500000,0.000000000
sample,generation,ordinary,1007,1017,13,422,1.976287961,2.131900000,0.556400000,0.000000000
sample,generation,ordinary,1007,1018,13,262,1.985919952,2.149800000,0.706600000,0.000000000
sample,generation,ordinary,1007,1019,13,10183,1.901087999,2.078600000,0.796300000,0.000000000
sample,generation,ordinary,1007,1020,13,19517,1.939007998,2.093000000,0.781700000,0.000000000
sample,generation,ordinary,1007,1021,13,6896,1.901216030,2.053000000,0.685800000,0.000000000
sample,generation,ordinary,1007,1022,13,284,1.901119947,2.052800000,0.693700000,0.000000000
sample,generation,ordinary,1007,1007,14,9106,2.024319887,2.193800000,0.710800000,0.000000000
sample,generation,ordinary,1007,1008,14,3876,1.850015998,1.992400000,0.698200000,0.000000000
sample,generation,ordinary,1007,1009,14,385,1.841503978,2.002800000,0.535700000,0.000000000
sample,generation,ordinary,1007,1010,14,318,1.857504010,2.008500000,0.737400000,0.000000000
sample,generation,ordinary,1007,1011,14,1043,1.862496018,2.012300000,0.986800000,0.000000000
sample,generation,ordinary,1007,1012,14,287,1.858080029,2.006900000,0.989500000,0.000000000
sample,generation,ordinary,1007,1013,14,262,1.865856051,2.014800000,0.975900000,0.000000000
sample,generation,ordinary,1007,1014,14,2258,1.870720029,2.072700000,0.979200000,0.000000000
sample,generation,ordinary,1007,1015,14,10596,1.901343942,2.053800000,0.681100000,0.000000000
sample,generation,ordinary,1007,1016,14,10692,1.895648003,2.048500000,0.772400000,0.000000000
sample,generation,ordinary,1007,1017,14,422,1.949599981,2.102000000,0.777600000,0.000000000
sample,generation,ordinary,1007,1018,14,262,1.899392009,2.051200000,0.776100000,0.000000000
sample,generation,ordinary,1007,1019,14,10183,1.896672010,2.049500000,0.778300000,0.000000000
sample,generation,ordinary,1007,1020,14,19517,1.900799990,2.056800000,0.774200000,0.000000000
sample,generation,ordinary,1007,1021,14,6896,1.927487969,2.087700000,0.555000000,0.000000000
sample,generation,ordinary,1007,1022,14,284,1.943295956,2.425200000,0.916500000,0.000000000
sample,generation,graph,1007,1007,14,9106,1.643967986,1.794200000,0.042700000,0.008200000
sample,generation,graph,1007,1008,14,3876,1.641792059,1.794500000,0.042200000,0.008200000
sample,generation,graph,1007,1009,14,385,1.648767948,1.799900000,0.042900000,0.008300000
sample,generation,graph,1007,1010,14,318,1.648064017,1.797800000,0.042500000,0.008400000
sample,generation,graph,1007,1011,14,1043,1.647007942,1.794000000,0.042700000,0.008500000
sample,generation,graph,1007,1012,14,287,1.648671985,1.814500000,0.041900000,0.008500000
sample,generation,graph,1007,1013,14,262,1.650176048,1.963700000,0.044000000,0.009000000
sample,generation,graph,1007,1014,14,2258,1.654816031,1.810700000,0.042300000,0.008600000
sample,generation,graph,1007,1015,14,10596,1.649279952,2.040500000,0.047900000,0.008700000
sample,generation,graph,1007,1016,14,10692,1.651679993,2.113000000,0.049600000,0.008800000
sample,generation,graph,1007,1017,14,422,1.654207945,2.104100000,0.049500000,0.008400000
sample,generation,graph,1007,1018,14,262,1.655423999,2.108500000,0.049100000,0.008500000
sample,generation,graph,1007,1019,14,10183,1.652160048,2.109300000,0.049200000,0.008900000
sample,generation,graph,1007,1020,14,19517,1.654656053,2.107200000,0.048900000,0.008700000
sample,generation,graph,1007,1021,14,6896,1.662879944,2.116700000,0.055500000,0.012400000
sample,generation,graph,1007,1022,14,284,1.658432007,1.818000000,0.049100000,0.008500000
sample,generation,graph,1007,1007,15,9106,1.644448042,2.099400000,0.049600000,0.008100000
sample,generation,graph,1007,1008,15,3876,1.642912030,2.113200000,0.048600000,0.008200000
sample,generation,graph,1007,1009,15,385,1.664672017,2.135800000,0.066400000,0.018300000
sample,generation,graph,1007,1010,15,318,1.651360035,1.804000000,0.051500000,0.008700000
sample,generation,graph,1007,1011,15,1043,1.644544005,1.796200000,0.043400000,0.008600000
sample,generation,graph,1007,1012,15,287,1.648352027,1.799700000,0.042400000,0.008200000
sample,generation,graph,1007,1013,15,262,1.652480006,1.804000000,0.044000000,0.008300000
sample,generation,graph,1007,1014,15,2258,1.651775956,1.813100000,0.043100000,0.008300000
sample,generation,graph,1007,1015,15,10596,1.650560021,1.806000000,0.048500000,0.008300000
sample,generation,graph,1007,1016,15,10692,1.647904038,1.844100000,0.046700000,0.008200000
sample,generation,graph,1007,1017,15,422,1.657376051,2.112100000,0.055000000,0.009500000
sample,generation,graph,1007,1018,15,262,1.654976010,2.110800000,0.049800000,0.008400000
sample,generation,graph,1007,1019,15,10183,1.652351975,1.812100000,0.050200000,0.009100000
sample,generation,graph,1007,1020,15,19517,1.653535962,1.804000000,0.044000000,0.008600000
sample,generation,graph,1007,1021,15,6896,1.656479955,1.807200000,0.043600000,0.008900000
sample,generation,graph,1007,1022,15,284,1.658527970,1.810300000,0.042700000,0.008500000
sample,generation,ordinary,1007,1007,15,9106,1.930783987,2.368900000,0.809300000,0.000000000
sample,generation,ordinary,1007,1008,15,3876,1.928640008,2.369800000,0.808700000,0.000000000
sample,generation,ordinary,1007,1009,15,385,1.905056000,2.350900000,0.785600000,0.000000000
sample,generation,ordinary,1007,1010,15,318,1.902495980,2.328100000,0.773700000,0.000000000
sample,generation,ordinary,1007,1011,15,1043,1.870880008,2.069800000,1.239300000,0.000000000
sample,generation,ordinary,1007,1012,15,287,1.827103972,2.874100000,0.750300000,0.000000000
sample,generation,ordinary,1007,1013,15,262,2.062527895,2.254300000,1.002900000,0.000000000
sample,generation,ordinary,1007,1014,15,2258,1.928351998,2.083500000,0.981000000,0.000000000
sample,generation,ordinary,1007,1015,15,10596,1.880704045,2.035800000,1.027200000,0.000000000
sample,generation,ordinary,1007,1016,15,10692,1.886559963,2.040900000,1.030900000,0.000000000
sample,generation,ordinary,1007,1017,15,422,1.917888045,2.070000000,1.164500000,0.000000000
sample,generation,ordinary,1007,1018,15,262,1.868639946,2.021100000,1.021900000,0.000000000
sample,generation,ordinary,1007,1019,15,10183,1.906687975,2.076400000,0.674300000,0.000000000
sample,generation,ordinary,1007,1020,15,19517,1.839424014,1.998200000,0.928500000,0.000000000
sample,generation,ordinary,1007,1021,15,6896,1.849344015,2.005300000,1.072000000,0.000000000
sample,generation,ordinary,1007,1022,15,284,1.870847940,2.025700000,1.022000000,0.000000000
sample,setup,first_series,128,128,0,0,0.108500000,0.457200000,0.207900000,0.095000000
sample,first_replay,graph,128,128,0,284,1.072128057,1.081300000,0.060700000,0.013300000
sample,setup,warm,128,128,1,0,0.060900000,0.281900000,0.130500000,0.065900000
sample,first_replay,graph,128,128,1,284,1.058815956,1.066600000,0.036200000,0.009300000
sample,setup,warm,128,128,2,0,0.057700000,0.334900000,0.128500000,0.123900000
sample,first_replay,graph,128,128,2,284,1.063935995,1.074100000,0.053500000,0.009400000
sample,setup,warm,128,128,3,0,0.058900000,0.321600000,0.127500000,0.110100000
sample,first_replay,graph,128,128,3,284,1.059839964,1.069500000,0.052700000,0.008900000
sample,setup,warm,128,128,4,0,0.058700000,0.329800000,0.160600000,0.086100000
sample,first_replay,graph,128,128,4,284,1.057791948,1.067400000,0.058200000,0.009200000
sample,setup,warm,128,128,5,0,0.104500000,0.417100000,0.173000000,0.098900000
sample,first_replay,graph,128,128,5,284,1.071104050,1.082500000,0.069300000,0.015300000
sample,setup,warm,128,128,6,0,0.065600000,0.297700000,0.120900000,0.086000000
sample,first_replay,graph,128,128,6,284,1.076223969,1.085700000,0.067300000,0.009700000
sample,setup,warm,128,128,7,0,0.074800000,0.331200000,0.121700000,0.108100000
sample,first_replay,graph,128,128,7,284,1.074175954,1.083600000,0.068900000,0.013900000
sample,setup,warm,128,128,8,0,0.065000000,0.295800000,0.118800000,0.086400000
sample,first_replay,graph,128,128,8,284,1.061887980,1.070000000,0.049300000,0.009100000
sample,setup,warm,128,128,9,0,0.059900000,0.276200000,0.127700000,0.064200000
sample,first_replay,graph,128,128,9,284,1.067008018,1.075300000,0.053100000,0.009800000
sample,setup,warm,128,128,10,0,0.061500000,0.266400000,0.117100000,0.063200000
sample,first_replay,graph,128,128,10,284,1.058815956,1.066200000,0.068300000,0.009700000
sample,setup,warm,128,128,11,0,0.060000000,0.255000000,0.112100000,0.058600000
sample,first_replay,graph,128,128,11,284,1.057791948,1.065400000,0.035000000,0.009000000
sample,setup,warm,128,128,12,0,0.061400000,0.259500000,0.112300000,0.060600000
sample,first_replay,graph,128,128,12,284,1.062911987,1.070900000,0.073700000,0.013200000
sample,setup,warm,128,128,13,0,0.059400000,0.276500000,0.110100000,0.082300000
sample,first_replay,graph,128,128,13,284,1.059712052,1.067300000,0.063400000,0.009100000
sample,setup,warm,128,128,14,0,0.059000000,0.263500000,0.120800000,0.059300000
sample,first_replay,graph,128,128,14,284,1.057600021,1.065200000,0.033500000,0.009100000
sample,setup,warm,128,128,15,0,0.058800000,0.250600000,0.112100000,0.055200000
sample,first_replay,graph,128,128,15,284,1.057791948,1.065000000,0.034200000,0.009300000
sample,setup,warm,128,128,16,0,0.069000000,0.279000000,0.122600000,0.061900000
sample,first_replay,graph,128,128,16,284,1.058815956,1.067100000,0.035300000,0.009700000
sample,setup,warm,128,128,17,0,0.061900000,0.288800000,0.139800000,0.062400000
sample,first_replay,graph,128,128,17,284,1.059808016,1.087900000,0.043300000,0.009500000
sample,setup,warm,128,128,18,0,0.303400000,0.504000000,0.113400000,0.058500000
sample,first_replay,graph,128,128,18,284,1.059839964,1.067500000,0.071900000,0.009300000
sample,setup,warm,128,128,19,0,0.059400000,0.302400000,0.136000000,0.082100000
sample,first_replay,graph,128,128,19,284,1.067008018,1.076900000,0.063500000,0.010200000
sample,setup,warm,128,128,20,0,0.059400000,0.303300000,0.147400000,0.071200000
sample,first_replay,graph,128,128,20,284,1.060863972,1.070000000,0.078700000,0.009900000
sample,setup,warm,128,128,21,0,0.061000000,0.279300000,0.123300000,0.070000000
sample,first_replay,graph,128,128,21,284,1.072128057,1.082100000,0.040000000,0.010300000
sample,setup,warm,128,128,22,0,0.062800000,0.343200000,0.152800000,0.093100000
sample,first_replay,graph,128,128,22,284,1.079295993,1.088800000,0.068200000,0.009900000
sample,setup,warm,128,128,23,0,0.064400000,0.308900000,0.140200000,0.079400000
sample,first_replay,graph,128,128,23,284,1.059839964,1.069300000,0.059800000,0.009400000
sample,setup,warm,128,128,24,0,0.059900000,0.362000000,0.169500000,0.108000000
sample,first_replay,graph,128,128,24,284,1.058815956,1.069000000,0.051900000,0.009300000
sample,setup,warm,128,128,25,0,0.062100000,0.309500000,0.145900000,0.076500000
sample,first_replay,graph,128,128,25,284,1.058815956,1.068100000,0.059200000,0.010700000
sample,setup,warm,128,128,26,0,0.063500000,0.297000000,0.133800000,0.075200000
sample,first_replay,graph,128,128,26,284,1.068032026,1.077500000,0.057600000,0.009400000
sample,setup,warm,128,128,27,0,0.086300000,0.422800000,0.204000000,0.103000000
sample,first_replay,graph,128,128,27,284,1.064960003,1.075400000,0.070700000,0.013000000
sample,setup,warm,128,128,28,0,0.112300000,0.496400000,0.248000000,0.103700000
sample,first_replay,graph,128,128,28,284,1.079295993,1.089700000,0.072000000,0.011000000
sample,setup,warm,128,128,29,0,0.083700000,0.406700000,0.207000000,0.090600000
sample,first_replay,graph,128,128,29,284,1.061887980,1.070700000,0.082200000,0.011100000
sample,setup,warm,128,128,30,0,0.072800000,0.360600000,0.149400000,0.112600000
sample,first_replay,graph,128,128,30,284,1.061887980,1.071300000,0.051900000,0.009400000
sample,prefill_control,ordinary,512,512,0,0,107.880447388,107.896200000,0.000000000,0.000000000
sample,head_control,ordinary,512,512,0,0,0.331775993,0.334800000,0.000000000,0.000000000
sample,prefill_control,graph,512,512,0,0,107.888641357,107.907200000,0.000000000,0.000000000
sample,head_control,graph,512,512,0,0,0.338943988,0.343300000,0.000000000,0.000000000
sample,prefill_control,graph,512,512,1,0,107.898880005,107.918000000,0.000000000,0.000000000
sample,head_control,graph,512,512,1,0,0.340992004,0.344900000,0.000000000,0.000000000
sample,prefill_control,ordinary,512,512,1,0,107.922431946,107.938900000,0.000000000,0.000000000
sample,head_control,ordinary,512,512,1,0,0.335871994,0.339300000,0.000000000,0.000000000
sample,prefill_control,ordinary,512,512,2,0,107.868286133,107.882700000,0.000000000,0.000000000
sample,head_control,ordinary,512,512,2,0,0.344063997,0.347800000,0.000000000,0.000000000
sample,prefill_control,graph,512,512,2,0,107.853820801,107.867900000,0.000000000,0.000000000
sample,head_control,graph,512,512,2,0,0.331775993,0.334700000,0.000000000,0.000000000
sample,prefill_control,graph,512,512,3,0,107.930465698,107.947000000,0.000000000,0.000000000
sample,head_control,graph,512,512,3,0,0.336896002,0.341900000,0.000000000,0.000000000
sample,prefill_control,ordinary,512,512,3,0,107.870208740,107.883900000,0.000000000,0.000000000
sample,head_control,ordinary,512,512,3,0,0.328704000,0.332500000,0.000000000,0.000000000
sample,prefill_control,ordinary,512,512,4,0,107.895805359,107.910600000,0.000000000,0.000000000
sample,head_control,ordinary,512,512,4,0,0.330624014,0.333900000,0.000000000,0.000000000
sample,prefill_control,graph,512,512,4,0,107.931617737,107.952400000,0.000000000,0.000000000
sample,head_control,graph,512,512,4,0,0.355327994,0.359200000,0.000000000,0.000000000
sample,prefill_control,graph,512,512,5,0,107.891708374,107.909800000,0.000000000,0.000000000
sample,head_control,graph,512,512,5,0,0.340992004,0.345600000,0.000000000,0.000000000
sample,prefill_control,ordinary,512,512,5,0,107.883522034,107.902600000,0.000000000,0.000000000
sample,head_control,ordinary,512,512,5,0,0.348159999,0.352100000,0.000000000,0.000000000
sample,prefill_control,ordinary,512,512,6,0,107.892738342,107.904600000,0.000000000,0.000000000
sample,head_control,ordinary,512,512,6,0,0.328704000,0.332400000,0.000000000,0.000000000
sample,prefill_control,graph,512,512,6,0,107.879425049,107.894900000,0.000000000,0.000000000
sample,head_control,graph,512,512,6,0,0.337920010,0.341500000,0.000000000,0.000000000
sample,prefill_control,graph,512,512,7,0,107.894783020,107.912300000,0.000000000,0.000000000
sample,head_control,graph,512,512,7,0,0.350208014,0.355300000,0.000000000,0.000000000
sample,prefill_control,ordinary,512,512,7,0,107.863037109,107.877700000,0.000000000,0.000000000
sample,head_control,ordinary,512,512,7,0,0.332800001,0.336200000,0.000000000,0.000000000
sample,prefill_control,ordinary,512,512,8,0,107.881378174,107.896200000,0.000000000,0.000000000
sample,head_control,ordinary,512,512,8,0,0.346112013,0.350900000,0.000000000,0.000000000
sample,prefill_control,graph,512,512,8,0,107.835395813,107.849800000,0.000000000,0.000000000
sample,head_control,graph,512,512,8,0,0.329728007,0.332800000,0.000000000,0.000000000
sample,prefill_control,graph,512,512,9,0,107.913215637,107.925800000,0.000000000,0.000000000
sample,head_control,graph,512,512,9,0,0.331775993,0.334500000,0.000000000,0.000000000
sample,prefill_control,ordinary,512,512,9,0,107.965438843,108.009300000,0.000000000,0.000000000
sample,head_control,ordinary,512,512,9,0,0.389120013,0.385500000,0.000000000,0.000000000
sample,prefill_control,ordinary,512,512,10,0,108.040191650,108.045800000,0.000000000,0.000000000
sample,head_control,ordinary,512,512,10,0,0.331775993,0.336700000,0.000000000,0.000000000
sample,prefill_control,graph,512,512,10,0,107.900924683,107.918300000,0.000000000,0.000000000
sample,head_control,graph,512,512,10,0,0.338943988,0.343400000,0.000000000,0.000000000
sample,prefill_control,graph,512,512,11,0,107.950080872,107.966400000,0.000000000,0.000000000
sample,head_control,graph,512,512,11,0,0.336896002,0.341600000,0.000000000,0.000000000
sample,prefill_control,ordinary,512,512,11,0,107.893760681,107.912900000,0.000000000,0.000000000
sample,head_control,ordinary,512,512,11,0,0.338943988,0.343400000,0.000000000,0.000000000
sample,prefill_control,ordinary,512,512,12,0,107.900924683,107.916900000,0.000000000,0.000000000
sample,head_control,ordinary,512,512,12,0,0.336896002,0.341300000,0.000000000,0.000000000
sample,prefill_control,graph,512,512,12,0,107.938812256,107.959800000,0.000000000,0.000000000
sample,head_control,graph,512,512,12,0,0.349184006,0.353400000,0.000000000,0.000000000
sample,prefill_control,graph,512,512,13,0,107.903999329,107.918500000,0.000000000,0.000000000
sample,head_control,graph,512,512,13,0,0.331775993,0.334500000,0.000000000,0.000000000
sample,prefill_control,ordinary,512,512,13,0,107.908096313,107.926600000,0.000000000,0.000000000
sample,head_control,ordinary,512,512,13,0,0.347135991,0.350900000,0.000000000,0.000000000
sample,prefill_control,ordinary,512,512,14,0,107.923454285,107.938900000,0.000000000,0.000000000
sample,head_control,ordinary,512,512,14,0,0.331808001,0.335900000,0.000000000,0.000000000
sample,prefill_control,graph,512,512,14,0,107.903999329,107.916900000,0.000000000,0.000000000
sample,head_control,graph,512,512,14,0,0.328704000,0.331600000,0.000000000,0.000000000
sample,prefill_control,graph,512,512,15,0,107.905921936,107.925100000,0.000000000,0.000000000
sample,head_control,graph,512,512,15,0,0.345088005,0.349500000,0.000000000,0.000000000
sample,prefill_control,ordinary,512,512,15,0,107.881469727,107.895100000,0.000000000,0.000000000
sample,head_control,ordinary,512,512,15,0,0.328704000,0.332100000,0.000000000,0.000000000
sample,prefill_control,ordinary,512,512,16,0,107.868034363,107.881000000,0.000000000,0.000000000
sample,head_control,ordinary,512,512,16,0,0.328704000,0.331400000,0.000000000,0.000000000
sample,prefill_control,graph,512,512,16,0,107.864067078,107.877100000,0.000000000,0.000000000
sample,head_control,graph,512,512,16,0,0.329728007,0.332900000,0.000000000,0.000000000
sample,prefill_control,graph,512,512,17,0,107.925506592,107.942400000,0.000000000,0.000000000
sample,head_control,graph,512,512,17,0,0.347135991,0.351500000,0.000000000,0.000000000
sample,prefill_control,ordinary,512,512,17,0,107.900924683,107.916200000,0.000000000,0.000000000
sample,head_control,ordinary,512,512,17,0,0.342016011,0.345400000,0.000000000,0.000000000
sample,prefill_control,ordinary,512,512,18,0,107.890686035,107.908100000,0.000000000,0.000000000
sample,head_control,ordinary,512,512,18,0,0.340992004,0.466000000,0.000000000,0.000000000
sample,prefill_control,graph,512,512,18,0,107.876350403,107.891500000,0.000000000,0.000000000
sample,head_control,graph,512,512,18,0,0.330751985,0.334400000,0.000000000,0.000000000
sample,prefill_control,graph,512,512,19,0,107.874305725,107.888500000,0.000000000,0.000000000
sample,head_control,graph,512,512,19,0,0.330751985,0.334300000,0.000000000,0.000000000
sample,prefill_control,ordinary,512,512,19,0,107.901954651,107.915100000,0.000000000,0.000000000
sample,head_control,ordinary,512,512,19,0,0.328704000,0.331200000,0.000000000,0.000000000
sample,prefill_control,ordinary,512,512,20,0,107.912193298,107.930700000,0.000000000,0.000000000
sample,head_control,ordinary,512,512,20,0,0.346112013,0.352200000,0.000000000,0.000000000
sample,prefill_control,graph,512,512,20,0,108.009475708,108.053500000,0.000000000,0.000000000
sample,head_control,graph,512,512,20,0,0.385024011,0.379500000,0.000000000,0.000000000
sample,prefill_control,graph,512,512,21,0,107.977729797,107.981500000,0.000000000,0.000000000
sample,head_control,graph,512,512,21,0,0.326656014,0.330700000,0.000000000,0.000000000
sample,prefill_control,ordinary,512,512,21,0,107.882499695,107.896100000,0.000000000,0.000000000
sample,head_control,ordinary,512,512,21,0,0.331680000,0.334600000,0.000000000,0.000000000
sample,prefill_control,ordinary,512,512,22,0,107.905021667,107.920300000,0.000000000,0.000000000
sample,head_control,ordinary,512,512,22,0,0.336896002,0.340600000,0.000000000,0.000000000
sample,prefill_control,graph,512,512,22,0,107.896835327,107.912400000,0.000000000,0.000000000
sample,head_control,graph,512,512,22,0,0.331775993,0.337000000,0.000000000,0.000000000
sample,prefill_control,graph,512,512,23,0,107.875328064,107.891900000,0.000000000,0.000000000
sample,head_control,graph,512,512,23,0,0.333824009,0.339100000,0.000000000,0.000000000
sample,prefill_control,ordinary,512,512,23,0,107.889663696,107.906000000,0.000000000,0.000000000
sample,head_control,ordinary,512,512,23,0,0.342016011,0.346100000,0.000000000,0.000000000
sample,prefill_control,ordinary,512,512,24,0,107.906051636,107.919500000,0.000000000,0.000000000
sample,head_control,ordinary,512,512,24,0,0.326656014,0.330400000,0.000000000,0.000000000
sample,prefill_control,graph,512,512,24,0,107.883361816,107.898600000,0.000000000,0.000000000
sample,head_control,graph,512,512,24,0,0.355327994,0.360100000,0.000000000,0.000000000
sample,prefill_control,graph,512,512,25,0,107.936767578,107.953000000,0.000000000,0.000000000
sample,head_control,graph,512,512,25,0,0.336896002,0.341900000,0.000000000,0.000000000
sample,prefill_control,ordinary,512,512,25,0,107.881469727,107.895900000,0.000000000,0.000000000
sample,head_control,ordinary,512,512,25,0,0.330751985,0.334000000,0.000000000,0.000000000
sample,prefill_control,ordinary,512,512,26,0,107.842590332,107.855600000,0.000000000,0.000000000
sample,head_control,ordinary,512,512,26,0,0.327679992,0.331500000,0.000000000,0.000000000
sample,prefill_control,graph,512,512,26,0,107.928573608,107.943400000,0.000000000,0.000000000
sample,head_control,graph,512,512,26,0,0.335871994,0.340600000,0.000000000,0.000000000
sample,prefill_control,graph,512,512,27,0,107.895805359,107.911200000,0.000000000,0.000000000
sample,head_control,graph,512,512,27,0,0.342016011,0.345300000,0.000000000,0.000000000
sample,prefill_control,ordinary,512,512,27,0,107.869186401,107.884700000,0.000000000,0.000000000
sample,head_control,ordinary,512,512,27,0,0.357376009,0.360800000,0.000000000,0.000000000
sample,prefill_control,ordinary,512,512,28,0,107.871231079,107.884700000,0.000000000,0.000000000
sample,head_control,ordinary,512,512,28,0,0.330751985,0.333800000,0.000000000,0.000000000
sample,prefill_control,graph,512,512,28,0,107.908096313,107.924000000,0.000000000,0.000000000
sample,head_control,graph,512,512,28,0,0.334847987,0.337500000,0.000000000,0.000000000
sample,prefill_control,graph,512,512,29,0,107.913215637,107.927000000,0.000000000,0.000000000
sample,head_control,graph,512,512,29,0,0.327679992,0.329900000,0.000000000,0.000000000
sample,prefill_control,ordinary,512,512,29,0,107.875328064,107.893700000,0.000000000,0.000000000
sample,head_control,ordinary,512,512,29,0,0.338943988,0.342500000,0.000000000,0.000000000
