metadata,stream,per-thread
[kv] plan: 12 layers x 2 (K,V) x 12 heads x 1024 pos x 64 dim x fp16 = 37.7 MB
[kv] arena = ONE contiguous alloc; VRAM free 7194/8585 MB -> headroom 7157 MB after cache
[kv] decode KV traffic = 36.9 KB per token of context (2*L*H*D*2B); at ctx=512 -> 18.9 MB/step
[kv] plan: 12 layers x 2 (K,V) x 12 heads x 1024 pos x 64 dim x fp16 = 37.7 MB
[kv] arena = ONE contiguous alloc; VRAM free 7133/8585 MB -> headroom 7096 MB after cache
[kv] decode KV traffic = 36.9 KB per token of context (2*L*H*D*2B); at ctx=512 -> 18.9 MB/step
metadata,experiment,phase22_ordered4
metadata,backend,gemv
metadata,samples_per_condition,256
sample,experiment,policy,ctx,pos,rep,token,event_ms,wall_ms,enqueue_ms,update_ms
sample,setup,process_cold,128,128,-1,0,0.158300000,0.738700000,0.352600000,0.069300000
sample,fixed_single,original,128,128,0,284,1.353728056,1.363400000,0.046100000,0.009600000
sample,fixed_single,ordered4,128,128,0,284,1.435647964,1.445500000,0.051200000,0.012000000
sample,fixed_single,ordered4_fixed_diagnostic,128,128,0,284,1.416192055,1.425800000,0.035300000,0.000000000
sample,fixed_single,ordered4,128,128,1,284,1.432575941,1.441500000,0.047100000,0.009600000
sample,fixed_single,original,128,128,1,284,1.354751945,1.363500000,0.045000000,0.010600000
sample,fixed_single,ordered4_fixed_diagnostic,128,128,1,284,1.418239951,1.429100000,0.040000000,0.000000000
sample,fixed_single,original,128,128,2,284,1.354751945,1.364000000,0.047100000,0.008700000
sample,fixed_single,ordered4,128,128,2,284,1.427456021,1.438900000,0.046900000,0.008300000
sample,fixed_single,ordered4_fixed_diagnostic,128,128,2,284,1.418239951,1.431700000,0.040300000,0.000000000
sample,fixed_single,ordered4,128,128,3,284,1.427456021,1.439000000,0.072300000,0.009300000
sample,fixed_single,original,128,128,3,284,1.355775952,1.365000000,0.056400000,0.011100000
sample,fixed_single,ordered4_fixed_diagnostic,128,128,3,284,1.416192055,1.426300000,0.039000000,0.000000000
sample,fixed_single,original,128,128,4,284,1.349632025,1.358900000,0.044800000,0.006000000
sample,fixed_single,ordered4,128,128,4,284,1.422335982,1.431900000,0.071200000,0.006200000
sample,fixed_single,ordered4_fixed_diagnostic,128,128,4,284,1.417215943,1.427400000,0.038400000,0.000000000
sample,fixed_single,ordered4,128,128,5,284,1.420287967,1.429100000,0.044100000,0.005900000
sample,fixed_single,original,128,128,5,284,1.350656033,1.359900000,0.045900000,0.006200000
sample,fixed_single,ordered4_fixed_diagnostic,128,128,5,284,1.415168047,1.424900000,0.039600000,0.000000000
sample,fixed_single,original,128,128,6,284,1.354751945,1.367000000,0.052800000,0.009100000
sample,fixed_single,ordered4,128,128,6,284,1.434623957,1.447200000,0.080100000,0.012200000
sample,fixed_single,ordered4_fixed_diagnostic,128,128,6,284,1.420287967,1.434800000,0.047100000,0.000000000
sample,fixed_single,ordered4,128,128,7,284,1.429504037,1.439300000,0.051300000,0.011100000
sample,fixed_single,original,128,128,7,284,1.358847976,1.367800000,0.081000000,0.014500000
sample,fixed_single,ordered4_fixed_diagnostic,128,128,7,284,1.417215943,1.425800000,0.039400000,0.000000000
sample,fixed_single,original,128,128,8,284,1.349632025,1.358200000,0.044100000,0.006400000
sample,fixed_single,ordered4,128,128,8,284,1.420287967,1.430600000,0.044300000,0.005900000
sample,fixed_single,ordered4_fixed_diagnostic,128,128,8,284,1.416192055,1.425800000,0.039500000,0.000000000
sample,fixed_single,ordered4,128,128,9,284,1.424383998,1.435700000,0.048600000,0.007300000
sample,fixed_single,original,128,128,9,284,1.355775952,1.369900000,0.052900000,0.010400000
sample,fixed_single,ordered4_fixed_diagnostic,128,128,9,284,1.419263959,1.433000000,0.043400000,0.000000000
sample,fixed_single,original,128,128,10,284,1.378304005,1.402000000,0.076400000,0.019000000
sample,fixed_single,ordered4,128,128,10,284,1.442816019,1.456200000,0.073200000,0.019200000
sample,fixed_single,ordered4_fixed_diagnostic,128,128,10,284,1.421311975,1.433900000,0.041300000,0.000000000
sample,fixed_single,ordered4,128,128,11,284,1.431552052,1.447300000,0.086400000,0.012100000
sample,fixed_single,original,128,128,11,284,1.355775952,1.365400000,0.046000000,0.011600000
sample,fixed_single,ordered4_fixed_diagnostic,128,128,11,284,1.417215943,1.426000000,0.033000000,0.000000000
sample,fixed_single,original,128,128,12,284,1.352704048,1.362100000,0.045600000,0.006500000
sample,fixed_single,ordered4,128,128,12,284,1.426432014,1.435900000,0.048000000,0.009000000
sample,fixed_single,ordered4_fixed_diagnostic,128,128,12,284,1.415168047,1.425400000,0.039800000,0.000000000
sample,fixed_single,ordered4,128,128,13,284,1.422335982,1.431200000,0.044800000,0.005900000
sample,fixed_single,original,128,128,13,284,1.349632025,1.358500000,0.048100000,0.006000000
sample,fixed_single,ordered4_fixed_diagnostic,128,128,13,284,1.419263959,1.431800000,0.043700000,0.000000000
sample,fixed_single,original,128,128,14,284,1.361919999,1.379000000,0.059900000,0.014100000
sample,fixed_single,ordered4,128,128,14,284,1.439743996,1.451900000,0.066000000,0.015200000
sample,fixed_single,ordered4_fixed_diagnostic,128,128,14,284,1.417215943,1.428600000,0.039600000,0.000000000
sample,fixed_single,ordered4,128,128,15,284,1.422335982,1.432800000,0.047900000,0.006400000
sample,fixed_single,original,128,128,15,284,1.368064046,1.380200000,0.064100000,0.014000000
sample,fixed_single,ordered4_fixed_diagnostic,128,128,15,284,1.419263959,1.431100000,0.043900000,0.000000000
sample,fixed_single,original,128,128,16,284,1.353728056,1.364600000,0.050800000,0.009000000
sample,fixed_single,ordered4,128,128,16,284,1.427456021,1.437600000,0.052200000,0.010800000
sample,fixed_single,ordered4_fixed_diagnostic,128,128,16,284,1.417215943,1.428200000,0.038800000,0.000000000
sample,fixed_single,ordered4,128,128,17,284,1.421311975,1.431600000,0.043800000,0.005800000
sample,fixed_single,original,128,128,17,284,1.349632025,1.358600000,0.044600000,0.006100000
sample,fixed_single,ordered4_fixed_diagnostic,128,128,17,284,1.415168047,1.425300000,0.038300000,0.000000000
sample,fixed_single,original,128,128,18,284,1.356799960,1.369700000,0.079300000,0.010400000
sample,fixed_single,ordered4,128,128,18,284,1.437695980,1.451800000,0.065900000,0.018200000
sample,fixed_single,ordered4_fixed_diagnostic,128,128,18,284,1.417215943,1.429200000,0.042400000,0.000000000
sample,fixed_single,ordered4,128,128,19,284,1.426432014,1.437900000,0.049900000,0.007900000
sample,fixed_single,original,128,128,19,284,1.371135950,1.382000000,0.070000000,0.020400000
sample,fixed_single,ordered4_fixed_diagnostic,128,128,19,284,1.419263959,1.433000000,0.048100000,0.000000000
sample,fixed_single,original,128,128,20,284,1.355775952,1.365500000,0.045700000,0.010400000
sample,fixed_single,ordered4,128,128,20,284,1.427456021,1.437500000,0.046600000,0.009200000
sample,fixed_single,ordered4_fixed_diagnostic,128,128,20,284,1.417215943,1.427000000,0.035900000,0.000000000
sample,fixed_single,ordered4,128,128,21,284,1.432575941,1.445800000,0.048400000,0.008400000
sample,fixed_single,original,128,128,21,284,1.370111942,1.387600000,0.062100000,0.014900000
sample,fixed_single,ordered4_fixed_diagnostic,128,128,21,284,1.426432014,1.449400000,0.050000000,0.000000000
sample,fixed_single,original,128,128,22,284,1.374207973,1.387300000,0.068500000,0.021600000
sample,fixed_single,ordered4,128,128,22,284,1.443840027,1.455800000,0.067800000,0.017900000
sample,fixed_single,ordered4_fixed_diagnostic,128,128,22,284,1.421311975,1.432700000,0.036000000,0.000000000
sample,fixed_single,ordered4,128,128,23,284,1.428480029,1.440800000,0.046100000,0.010600000
sample,fixed_single,original,128,128,23,284,1.379328012,1.409900000,0.114300000,0.025600000
sample,fixed_single,ordered4_fixed_diagnostic,128,128,23,284,1.425312042,1.448500000,0.046500000,0.000000000
sample,fixed_single,original,128,128,24,284,1.395712018,1.437900000,0.093700000,0.033700000
sample,fixed_single,ordered4,128,128,24,284,1.461984038,1.500900000,0.092300000,0.026700000
sample,fixed_single,ordered4_fixed_diagnostic,128,128,24,284,1.433599949,1.477200000,0.062500000,0.000000000
sample,fixed_single,ordered4,128,128,25,284,1.468415976,1.498900000,0.106700000,0.028700000
sample,fixed_single,original,128,128,25,284,1.386432052,1.405200000,0.081400000,0.027100000
sample,fixed_single,ordered4_fixed_diagnostic,128,128,25,284,1.424383998,1.444500000,0.050200000,0.000000000
sample,fixed_single,original,128,128,26,284,1.394688010,1.425000000,0.096400000,0.032900000
sample,fixed_single,ordered4,128,128,26,284,1.464319944,1.494500000,0.085800000,0.032000000
sample,fixed_single,ordered4_fixed_diagnostic,128,128,26,284,1.422335982,1.442700000,0.045200000,0.000000000
sample,fixed_single,ordered4,128,128,27,284,1.457152009,1.481200000,0.078500000,0.026400000
sample,fixed_single,original,128,128,27,284,1.375231981,1.427200000,0.073900000,0.023800000
sample,fixed_single,ordered4_fixed_diagnostic,128,128,27,284,1.461248040,1.517700000,0.130500000,0.000000000
sample,fixed_single,original,128,128,28,284,1.410048008,1.513000000,0.143000000,0.057300000
sample,fixed_single,ordered4,128,128,28,284,1.854367971,1.902700000,0.387400000,0.137600000
sample,fixed_single,ordered4_fixed_diagnostic,128,128,28,284,1.424383998,1.441200000,0.063400000,0.000000000
sample,fixed_single,ordered4,128,128,29,284,1.449983954,1.472900000,0.067500000,0.023400000
sample,fixed_single,original,128,128,29,284,1.370111942,1.379600000,0.065700000,0.020400000
sample,fixed_single,ordered4_fixed_diagnostic,128,128,29,284,1.420287967,1.428600000,0.037100000,0.000000000
sample,fixed_single,original,128,128,30,284,1.351680040,1.360600000,0.041800000,0.007500000
sample,fixed_single,ordered4,128,128,30,284,1.428480029,1.438300000,0.045800000,0.010500000
sample,fixed_single,ordered4_fixed_diagnostic,128,128,30,284,1.421311975,1.433800000,0.037500000,0.000000000
sample,fixed_single,ordered4,128,128,31,284,1.428480029,1.438200000,0.046300000,0.011200000
sample,fixed_single,original,128,128,31,284,1.360895991,1.372100000,0.059600000,0.015300000
sample,fixed_single,ordered4_fixed_diagnostic,128,128,31,284,1.420287967,1.432800000,0.044600000,0.000000000
sample,fixed_single,original,128,128,32,284,1.385472059,1.405200000,0.095200000,0.026400000
sample,fixed_single,ordered4,128,128,32,284,1.445888042,1.463400000,0.071500000,0.019000000
sample,fixed_single,ordered4_fixed_diagnostic,128,128,32,284,1.433503985,1.468000000,0.060500000,0.000000000
sample,fixed_single,ordered4,128,128,33,284,1.455103993,1.484700000,0.080600000,0.026800000
sample,fixed_single,original,128,128,33,284,1.398784041,1.427200000,0.097000000,0.037400000
sample,fixed_single,ordered4_fixed_diagnostic,128,128,33,284,1.423135996,1.432500000,0.046000000,0.000000000
sample,fixed_single,original,128,128,34,284,1.354751945,1.363200000,0.063700000,0.010100000
sample,fixed_single,ordered4,128,128,34,284,1.448959947,1.460100000,0.072000000,0.026600000
sample,fixed_single,ordered4_fixed_diagnostic,128,128,34,284,1.424383998,1.445900000,0.043500000,0.000000000
sample,fixed_single,ordered4,128,128,35,284,1.461248040,1.487500000,0.104500000,0.031800000
sample,fixed_single,original,128,128,35,284,1.368064046,1.376500000,0.061900000,0.018400000
sample,fixed_single,ordered4_fixed_diagnostic,128,128,35,284,1.417215943,1.427100000,0.056600000,0.000000000
sample,fixed_single,original,128,128,36,284,1.360895991,1.374700000,0.059400000,0.014100000
sample,fixed_single,ordered4,128,128,36,284,1.446912050,1.458300000,0.072900000,0.022700000
sample,fixed_single,ordered4_fixed_diagnostic,128,128,36,284,1.416192055,1.426100000,0.039200000,0.000000000
sample,fixed_single,ordered4,128,128,37,284,1.429504037,1.440700000,0.052900000,0.011800000
sample,fixed_single,original,128,128,37,284,1.359871984,1.371700000,0.087600000,0.014400000
sample,fixed_single,ordered4_fixed_diagnostic,128,128,37,284,1.417215943,1.428500000,0.042100000,0.000000000
sample,fixed_single,original,128,128,38,284,1.363968015,1.379000000,0.063400000,0.014700000
sample,fixed_single,ordered4,128,128,38,284,1.571840048,1.663700000,0.237000000,0.100700000
sample,fixed_single,ordered4_fixed_diagnostic,128,128,38,284,1.419263959,1.437900000,0.057600000,0.000000000
sample,fixed_single,ordered4,128,128,39,284,1.432575941,1.447000000,0.049200000,0.011500000
sample,fixed_single,original,128,128,39,284,1.463296056,1.487600000,0.170100000,0.100000000
sample,fixed_single,ordered4_fixed_diagnostic,128,128,39,284,1.420287967,1.430600000,0.048700000,0.000000000
sample,fixed_single,original,128,128,40,284,1.375231981,1.390200000,0.079000000,0.024600000
sample,fixed_single,ordered4,128,128,40,284,1.453055978,1.473000000,0.114000000,0.027000000
sample,fixed_single,ordered4_fixed_diagnostic,128,128,40,284,1.423359990,1.443300000,0.043200000,0.000000000
sample,fixed_single,ordered4,128,128,41,284,1.445888042,1.454800000,0.067900000,0.021400000
sample,fixed_single,original,128,128,41,284,1.362815976,1.371200000,0.061600000,0.019000000
sample,fixed_single,ordered4_fixed_diagnostic,128,128,41,284,1.418239951,1.429700000,0.041100000,0.000000000
sample,fixed_single,original,128,128,42,284,1.367040038,1.379300000,0.072300000,0.015600000
sample,fixed_single,ordered4,128,128,42,284,1.456128001,1.474100000,0.171400000,0.026900000
sample,fixed_single,ordered4_fixed_diagnostic,128,128,42,284,1.431552052,1.480500000,0.060400000,0.000000000
sample,fixed_single,ordered4,128,128,43,284,1.618944049,1.710500000,0.256300000,0.136600000
sample,fixed_single,original,128,128,43,284,1.411072016,1.451600000,0.117200000,0.044000000
sample,fixed_single,ordered4_fixed_diagnostic,128,128,43,284,1.425408006,1.446500000,0.049900000,0.000000000
sample,fixed_single,original,128,128,44,284,1.374207973,1.386300000,0.068700000,0.022200000
sample,fixed_single,ordered4,128,128,44,284,1.440768003,1.450700000,0.056800000,0.017600000
sample,fixed_single,ordered4_fixed_diagnostic,128,128,44,284,1.426432014,1.449300000,0.054900000,0.000000000
sample,fixed_single,ordered4,128,128,45,284,1.449983954,1.468500000,0.065100000,0.015200000
sample,fixed_single,original,128,128,45,284,1.356799960,1.365300000,0.048000000,0.010300000
sample,fixed_single,ordered4_fixed_diagnostic,128,128,45,284,1.416192055,1.425700000,0.036500000,0.000000000
sample,fixed_single,original,128,128,46,284,1.353728056,1.366400000,0.057500000,0.007200000
sample,fixed_single,ordered4,128,128,46,284,1.452031970,1.483300000,0.084800000,0.018000000
sample,fixed_single,ordered4_fixed_diagnostic,128,128,46,284,1.429504037,1.466200000,0.075100000,0.000000000
sample,fixed_single,ordered4,128,128,47,284,1.451007962,1.475000000,0.079000000,0.026000000
sample,fixed_single,original,128,128,47,284,1.386399984,1.404200000,0.090200000,0.027900000
sample,fixed_single,ordered4_fixed_diagnostic,128,128,47,284,1.424383998,1.442300000,0.048300000,0.000000000
sample,fixed_single,original,128,128,48,284,1.401855946,1.429600000,0.110300000,0.038000000
sample,fixed_single,ordered4,128,128,48,284,1.456128001,1.478000000,0.076400000,0.025300000
sample,fixed_single,ordered4_fixed_diagnostic,128,128,48,284,1.421311975,1.436500000,0.046700000,0.000000000
sample,fixed_single,ordered4,128,128,49,284,1.448959947,1.472100000,0.067400000,0.021400000
sample,fixed_single,original,128,128,49,284,1.364992023,1.372900000,0.060600000,0.018500000
sample,fixed_single,ordered4_fixed_diagnostic,128,128,49,284,1.416192055,1.423900000,0.033400000,0.000000000
sample,fixed_single,original,128,128,50,284,1.348608017,1.358200000,0.043400000,0.005900000
sample,fixed_single,ordered4,128,128,50,284,1.440768003,1.452900000,0.066200000,0.017900000
sample,fixed_single,ordered4_fixed_diagnostic,128,128,50,284,1.416128039,1.424100000,0.033200000,0.000000000
sample,fixed_single,ordered4,128,128,51,284,1.422335982,1.431100000,0.042800000,0.006100000
sample,fixed_single,original,128,128,51,284,1.357823968,1.367800000,0.053800000,0.012900000
sample,fixed_single,ordered4_fixed_diagnostic,128,128,51,284,1.417215943,1.427700000,0.043900000,0.000000000
sample,fixed_single,original,128,128,52,284,1.354751945,1.365200000,0.052300000,0.009800000
sample,fixed_single,ordered4,128,128,52,284,1.423359990,1.433100000,0.053300000,0.008000000
sample,fixed_single,ordered4_fixed_diagnostic,128,128,52,284,1.416192055,1.426400000,0.040200000,0.000000000
sample,fixed_single,ordered4,128,128,53,284,1.430528045,1.445100000,0.052000000,0.009600000
sample,fixed_single,original,128,128,53,284,1.367040038,1.380400000,0.064900000,0.015200000
sample,fixed_single,ordered4_fixed_diagnostic,128,128,53,284,1.416192055,1.426100000,0.042700000,0.000000000
sample,fixed_single,original,128,128,54,284,1.350656033,1.360900000,0.045600000,0.006700000
sample,fixed_single,ordered4,128,128,54,284,1.429504037,1.443200000,0.051100000,0.011500000
sample,fixed_single,ordered4_fixed_diagnostic,128,128,54,284,1.428480029,1.457500000,0.053900000,0.000000000
sample,fixed_single,ordered4,128,128,55,284,1.445888042,1.456200000,0.067100000,0.022100000
sample,fixed_single,original,128,128,55,284,1.357823968,1.366200000,0.073500000,0.013700000
sample,fixed_single,ordered4_fixed_diagnostic,128,128,55,284,1.415168047,1.425900000,0.040100000,0.000000000
sample,fixed_single,original,128,128,56,284,1.381376028,1.397100000,0.077800000,0.014300000
sample,fixed_single,ordered4,128,128,56,284,1.438719988,1.450100000,0.065000000,0.016000000
sample,fixed_single,ordered4_fixed_diagnostic,128,128,56,284,1.417215943,1.427400000,0.039500000,0.000000000
sample,fixed_single,ordered4,128,128,57,284,1.423359990,1.432900000,0.057800000,0.006100000
sample,fixed_single,original,128,128,57,284,1.360895991,1.374000000,0.056000000,0.012400000
sample,fixed_single,ordered4_fixed_diagnostic,128,128,57,284,1.416928053,1.424900000,0.035400000,0.000000000
sample,fixed_single,original,128,128,58,284,1.349568009,1.357200000,0.037600000,0.006600000
sample,fixed_single,ordered4,128,128,58,284,1.431552052,1.441200000,0.076700000,0.015000000
sample,fixed_single,ordered4_fixed_diagnostic,128,128,58,284,1.435647964,1.450800000,0.059800000,0.000000000
sample,fixed_single,ordered4,128,128,59,284,1.425408006,1.434200000,0.044100000,0.008900000
sample,fixed_single,original,128,128,59,284,1.353728056,1.361600000,0.045200000,0.009500000
sample,fixed_single,ordered4_fixed_diagnostic,128,128,59,284,1.416192055,1.424100000,0.034300000,0.000000000
sample,fixed_single,original,128,128,60,284,1.347584009,1.356200000,0.037300000,0.005900000
sample,fixed_single,ordered4,128,128,60,284,1.428480029,1.435700000,0.044400000,0.008300000
sample,fixed_single,ordered4_fixed_diagnostic,128,128,60,284,1.416192055,1.424000000,0.032500000,0.000000000
sample,fixed_single,ordered4,128,128,61,284,1.422335982,1.432100000,0.041400000,0.005400000
sample,fixed_single,original,128,128,61,284,1.352704048,1.362200000,0.048800000,0.008600000
sample,fixed_single,ordered4_fixed_diagnostic,128,128,61,284,1.416192055,1.426600000,0.039400000,0.000000000
sample,fixed_single,original,128,128,62,284,1.350656033,1.359600000,0.048000000,0.007000000
sample,fixed_single,ordered4,128,128,62,284,1.424383998,1.433200000,0.048000000,0.007300000
sample,fixed_single,ordered4_fixed_diagnostic,128,128,62,284,1.416192055,1.426600000,0.040000000,0.000000000
sample,fixed_single,ordered4,128,128,63,284,1.429504037,1.442200000,0.053300000,0.008600000
sample,fixed_single,original,128,128,63,284,1.368064046,1.381700000,0.066300000,0.015300000
sample,fixed_single,ordered4_fixed_diagnostic,128,128,63,284,1.420287967,1.434300000,0.044400000,0.000000000
sample,fixed_single,original,128,128,64,284,1.402879953,1.437200000,0.128000000,0.034000000
sample,fixed_single,ordered4,128,128,64,284,1.478656054,1.504000000,0.132700000,0.043800000
sample,fixed_single,ordered4_fixed_diagnostic,128,128,64,284,1.427456021,1.450700000,0.050800000,0.000000000
sample,fixed_single,ordered4,128,128,65,284,1.447936058,1.461400000,0.067700000,0.023600000
sample,fixed_single,original,128,128,65,284,1.370111942,1.381100000,0.066200000,0.019900000
sample,fixed_single,ordered4_fixed_diagnostic,128,128,65,284,1.420287967,1.436400000,0.036800000,0.000000000
sample,fixed_single,original,128,128,66,284,1.384448051,1.410300000,0.080600000,0.027000000
sample,fixed_single,ordered4,128,128,66,284,1.440672040,1.451100000,0.063400000,0.017700000
sample,fixed_single,ordered4_fixed_diagnostic,128,128,66,284,1.417215943,1.427200000,0.035200000,0.000000000
sample,fixed_single,ordered4,128,128,67,284,1.427456021,1.437100000,0.045300000,0.007900000
sample,fixed_single,original,128,128,67,284,1.370111942,1.384100000,0.062400000,0.017400000
sample,fixed_single,ordered4_fixed_diagnostic,128,128,67,284,1.416192055,1.424900000,0.037600000,0.000000000
sample,fixed_single,original,128,128,68,284,1.351680040,1.360000000,0.038700000,0.007500000
sample,fixed_single,ordered4,128,128,68,284,1.427135944,1.434800000,0.045500000,0.011500000
sample,fixed_single,ordered4_fixed_diagnostic,128,128,68,284,1.422271967,1.430700000,0.035000000,0.000000000
sample,fixed_single,ordered4,128,128,69,284,1.427456021,1.437600000,0.045100000,0.007600000
sample,fixed_single,original,128,128,69,284,1.352704048,1.361300000,0.047400000,0.008700000
sample,fixed_single,ordered4_fixed_diagnostic,128,128,69,284,1.417215943,1.427600000,0.040600000,0.000000000
sample,fixed_single,original,128,128,70,284,1.352704048,1.362700000,0.047100000,0.008400000
sample,fixed_single,ordered4,128,128,70,284,1.430528045,1.445100000,0.050300000,0.010300000
sample,fixed_single,ordered4_fixed_diagnostic,128,128,70,284,1.419263959,1.430100000,0.041700000,0.000000000
sample,fixed_single,ordered4,128,128,71,284,1.423359990,1.433000000,0.045000000,0.006300000
sample,fixed_single,original,128,128,71,284,1.352704048,1.362400000,0.048100000,0.008700000
sample,fixed_single,ordered4_fixed_diagnostic,128,128,71,284,1.418239951,1.431300000,0.039800000,0.000000000
sample,fixed_single,original,128,128,72,284,1.366016030,1.384300000,0.060800000,0.016400000
sample,fixed_single,ordered4,128,128,72,284,1.440768003,1.451000000,0.079000000,0.016100000
sample,fixed_single,ordered4_fixed_diagnostic,128,128,72,284,1.419263959,1.431000000,0.038400000,0.000000000
sample,fixed_single,ordered4,128,128,73,284,1.431552052,1.445000000,0.096000000,0.011700000
sample,fixed_single,original,128,128,73,284,1.379328012,1.393300000,0.081500000,0.026700000
sample,fixed_single,ordered4_fixed_diagnostic,128,128,73,284,1.420287967,1.429900000,0.041500000,0.000000000
sample,fixed_single,original,128,128,74,284,1.351680040,1.359100000,0.037700000,0.006500000
sample,fixed_single,ordered4,128,128,74,284,1.435647964,1.448700000,0.052400000,0.016400000
sample,fixed_single,ordered4_fixed_diagnostic,128,128,74,284,1.417215943,1.425100000,0.032800000,0.000000000
sample,fixed_single,ordered4,128,128,75,284,1.423359990,1.429800000,0.040900000,0.005900000
sample,fixed_single,original,128,128,75,284,1.357535958,1.366600000,0.064900000,0.011300000
sample,fixed_single,ordered4_fixed_diagnostic,128,128,75,284,1.418239951,1.435300000,0.035100000,0.000000000
sample,fixed_single,original,128,128,76,284,1.405951977,1.447500000,0.136400000,0.035300000
sample,fixed_single,ordered4,128,128,76,284,1.449983954,1.466900000,0.071600000,0.023600000
sample,fixed_single,ordered4_fixed_diagnostic,128,128,76,284,1.416928053,1.425700000,0.037900000,0.000000000
sample,fixed_single,ordered4,128,128,77,284,1.425408006,1.434700000,0.044300000,0.007800000
sample,fixed_single,original,128,128,77,284,1.368064046,1.378900000,0.064500000,0.019300000
sample,fixed_single,ordered4_fixed_diagnostic,128,128,77,284,1.416192055,1.423800000,0.034000000,0.000000000
sample,fixed_single,original,128,128,78,284,1.353728056,1.362800000,0.043400000,0.008700000
sample,fixed_single,ordered4,128,128,78,284,1.426432014,1.436700000,0.049000000,0.010300000
sample,fixed_single,ordered4_fixed_diagnostic,128,128,78,284,1.422335982,1.439300000,0.046200000,0.000000000
sample,fixed_single,ordered4,128,128,79,284,1.437664032,1.445200000,0.054300000,0.014800000
sample,fixed_single,original,128,128,79,284,1.356799960,1.365100000,0.050000000,0.013300000
sample,fixed_single,ordered4_fixed_diagnostic,128,128,79,284,1.415168047,1.424900000,0.036200000,0.000000000
sample,fixed_single,original,128,128,80,284,1.349632025,1.360000000,0.042200000,0.006300000
sample,fixed_single,ordered4,128,128,80,284,1.441792011,1.456400000,0.063300000,0.015100000
sample,fixed_single,ordered4_fixed_diagnostic,128,128,80,284,1.417215943,1.426100000,0.040000000,0.000000000
sample,fixed_single,ordered4,128,128,81,284,1.422335982,1.431500000,0.048100000,0.005900000
sample,fixed_single,original,128,128,81,284,1.358847976,1.368200000,0.051900000,0.012200000
sample,fixed_single,ordered4_fixed_diagnostic,128,128,81,284,1.418239951,1.430000000,0.043400000,0.000000000
sample,fixed_single,original,128,128,82,284,1.355775952,1.366100000,0.050400000,0.009600000
sample,fixed_single,ordered4,128,128,82,284,1.427456021,1.436400000,0.049400000,0.010300000
sample,fixed_single,ordered4_fixed_diagnostic,128,128,82,284,1.416192055,1.426300000,0.037500000,0.000000000
sample,fixed_single,ordered4,128,128,83,284,1.427456021,1.438700000,0.050200000,0.007900000
sample,fixed_single,original,128,128,83,284,1.355775952,1.365800000,0.054500000,0.010600000
sample,fixed_single,ordered4_fixed_diagnostic,128,128,83,284,1.416192055,1.425600000,0.039900000,0.000000000
sample,fixed_single,original,128,128,84,284,1.348608017,1.357800000,0.044600000,0.005500000
sample,fixed_single,ordered4,128,128,84,284,1.427456021,1.437400000,0.047400000,0.008000000
sample,fixed_single,ordered4_fixed_diagnostic,128,128,84,284,1.416192055,1.427100000,0.043000000,0.000000000
sample,fixed_single,ordered4,128,128,85,284,1.439743996,1.455700000,0.066200000,0.012300000
sample,fixed_single,original,128,128,85,284,1.359871984,1.370700000,0.061000000,0.014800000
sample,fixed_single,ordered4_fixed_diagnostic,128,128,85,284,1.420287967,1.429400000,0.041600000,0.000000000
sample,fixed_single,original,128,128,86,284,1.357823968,1.369500000,0.052600000,0.009500000
sample,fixed_single,ordered4,128,128,86,284,1.423359990,1.432100000,0.048100000,0.007600000
sample,fixed_single,ordered4_fixed_diagnostic,128,128,86,284,1.415168047,1.424800000,0.039900000,0.000000000
sample,fixed_single,ordered4,128,128,87,284,1.421311975,1.431100000,0.043300000,0.006000000
sample,fixed_single,original,128,128,87,284,1.358847976,1.372600000,0.055400000,0.010400000
sample,fixed_single,ordered4_fixed_diagnostic,128,128,87,284,1.421311975,1.435200000,0.044400000,0.000000000
sample,fixed_single,original,128,128,88,284,1.353728056,1.363400000,0.051700000,0.010200000
sample,fixed_single,ordered4,128,128,88,284,1.426432014,1.436500000,0.053200000,0.009600000
sample,fixed_single,ordered4_fixed_diagnostic,128,128,88,284,1.418239951,1.429800000,0.039100000,0.000000000
sample,fixed_single,ordered4,128,128,89,284,1.423359990,1.432200000,0.051900000,0.006500000
sample,fixed_single,original,128,128,89,284,1.351680040,1.360300000,0.046500000,0.007100000
sample,fixed_single,ordered4_fixed_diagnostic,128,128,89,284,1.416192055,1.426600000,0.037600000,0.000000000
sample,fixed_single,original,128,128,90,284,1.355775952,1.370300000,0.050800000,0.008200000
sample,fixed_single,ordered4,128,128,90,284,1.436671972,1.451600000,0.064500000,0.015100000
sample,fixed_single,ordered4_fixed_diagnostic,128,128,90,284,1.419263959,1.430000000,0.043900000,0.000000000
sample,fixed_single,ordered4,128,128,91,284,1.424383998,1.434400000,0.049200000,0.007300000
sample,fixed_single,original,128,128,91,284,1.363968015,1.379200000,0.119600000,0.018500000
sample,fixed_single,ordered4_fixed_diagnostic,128,128,91,284,1.426432014,1.455500000,0.070300000,0.000000000
sample,fixed_single,original,128,128,92,284,1.390591979,1.419400000,0.107700000,0.030300000
sample,fixed_single,ordered4,128,128,92,284,1.472512007,1.494100000,0.124500000,0.036500000
sample,fixed_single,ordered4_fixed_diagnostic,128,128,92,284,1.428480029,1.450700000,0.074700000,0.000000000
sample,fixed_single,ordered4,128,128,93,284,1.466367960,1.491300000,0.117700000,0.035700000
sample,fixed_single,original,128,128,93,284,1.386495948,1.411600000,0.091500000,0.027200000
sample,fixed_single,ordered4_fixed_diagnostic,128,128,93,284,1.420287967,1.431200000,0.053500000,0.000000000
sample,fixed_single,original,128,128,94,284,1.354751945,1.364200000,0.050900000,0.009400000
sample,fixed_single,ordered4,128,128,94,284,1.455103993,1.470800000,0.084900000,0.028400000
sample,fixed_single,ordered4_fixed_diagnostic,128,128,94,284,1.418239951,1.428900000,0.045400000,0.000000000
sample,fixed_single,ordered4,128,128,95,284,1.426432014,1.435900000,0.050800000,0.007300000
sample,fixed_single,original,128,128,95,284,1.353728056,1.363800000,0.054400000,0.009900000
sample,fixed_single,ordered4_fixed_diagnostic,128,128,95,284,1.419263959,1.429900000,0.045400000,0.000000000
sample,fixed_single,original,128,128,96,284,1.357823968,1.370800000,0.064400000,0.011100000
sample,fixed_single,ordered4,128,128,96,284,1.427456021,1.438200000,0.055500000,0.009300000
sample,fixed_single,ordered4_fixed_diagnostic,128,128,96,284,1.417215943,1.427600000,0.049400000,0.000000000
sample,fixed_single,ordered4,128,128,97,284,1.425408006,1.439200000,0.051300000,0.007200000
sample,fixed_single,original,128,128,97,284,1.377279997,1.417000000,0.076200000,0.019400000
sample,fixed_single,ordered4_fixed_diagnostic,128,128,97,284,1.429504037,1.456800000,0.071400000,0.000000000
sample,fixed_single,original,128,128,98,284,1.398784041,1.423100000,0.112000000,0.034000000
sample,fixed_single,ordered4,128,128,98,284,1.460224032,1.479000000,0.087200000,0.032000000
sample,fixed_single,ordered4_fixed_diagnostic,128,128,98,284,1.425408006,1.443200000,0.062900000,0.000000000
sample,fixed_single,ordered4,128,128,99,284,1.454079986,1.468300000,0.089900000,0.028900000
sample,fixed_single,original,128,128,99,284,1.385472059,1.399000000,0.098700000,0.032400000
sample,fixed_single,ordered4_fixed_diagnostic,128,128,99,284,1.418239951,1.429600000,0.051500000,0.000000000
sample,fixed_single,original,128,128,100,284,1.355775952,1.367000000,0.056200000,0.009500000
sample,fixed_single,ordered4,128,128,100,284,1.430528045,1.441100000,0.058100000,0.012500000
sample,fixed_single,ordered4_fixed_diagnostic,128,128,100,284,1.419263959,1.430100000,0.047100000,0.000000000
sample,fixed_single,ordered4,128,128,101,284,1.428480029,1.439800000,0.085100000,0.009600000
sample,fixed_single,original,128,128,101,284,1.379328012,1.398700000,0.094900000,0.020900000
sample,fixed_single,ordered4_fixed_diagnostic,128,128,101,284,1.423359990,1.441400000,0.056400000,0.000000000
sample,fixed_single,original,128,128,102,284,1.363968015,1.374400000,0.067700000,0.015100000
sample,fixed_single,ordered4,128,128,102,284,1.431552052,1.442400000,0.062200000,0.015600000
sample,fixed_single,ordered4_fixed_diagnostic,128,128,102,284,1.419263959,1.430000000,0.063700000,0.000000000
sample,fixed_single,ordered4,128,128,103,284,1.432575941,1.447800000,0.064200000,0.010900000
sample,fixed_single,original,128,128,103,284,1.361919999,1.373500000,0.064900000,0.013600000
sample,fixed_single,ordered4_fixed_diagnostic,128,128,103,284,1.420287967,1.430200000,0.048100000,0.000000000
sample,fixed_single,original,128,128,104,284,1.355775952,1.367500000,0.060100000,0.008700000
sample,fixed_single,ordered4,128,128,104,284,1.443840027,1.464800000,0.078200000,0.016800000
sample,fixed_single,ordered4_fixed_diagnostic,128,128,104,284,1.419263959,1.430400000,0.047200000,0.000000000
sample,fixed_single,ordered4,128,128,105,284,1.426432014,1.437300000,0.076400000,0.007900000
sample,fixed_single,original,128,128,105,284,1.359871984,1.374500000,0.063200000,0.014200000
sample,fixed_single,ordered4_fixed_diagnostic,128,128,105,284,1.420287967,1.433600000,0.053400000,0.000000000
sample,fixed_single,original,128,128,106,284,1.361919999,1.374300000,0.069100000,0.014400000
sample,fixed_single,ordered4,128,128,106,284,1.442816019,1.453700000,0.075300000,0.016300000
sample,fixed_single,ordered4_fixed_diagnostic,128,128,106,284,1.419263959,1.431800000,0.052000000,0.000000000
sample,fixed_single,ordered4,128,128,107,284,1.427456021,1.438300000,0.057100000,0.009200000
sample,fixed_single,original,128,128,107,284,1.355775952,1.366000000,0.057200000,0.011200000
sample,fixed_single,ordered4_fixed_diagnostic,128,128,107,284,1.418239951,1.428200000,0.046200000,0.000000000
sample,fixed_single,original,128,128,108,284,1.351680040,1.361300000,0.052200000,0.007500000
sample,fixed_single,ordered4,128,128,108,284,1.426432014,1.437000000,0.051300000,0.007000000
sample,fixed_single,ordered4_fixed_diagnostic,128,128,108,284,1.421311975,1.433500000,0.051500000,0.000000000
sample,fixed_single,ordered4,128,128,109,284,1.430528045,1.441700000,0.062900000,0.010200000
sample,fixed_single,original,128,128,109,284,1.357823968,1.368700000,0.066500000,0.013000000
sample,fixed_single,ordered4_fixed_diagnostic,128,128,109,284,1.418239951,1.434500000,0.051800000,0.000000000
sample,fixed_single,original,128,128,110,284,1.379328012,1.408800000,0.098500000,0.024500000
sample,fixed_single,ordered4,128,128,110,284,1.489920020,1.533600000,0.142600000,0.045300000
sample,fixed_single,ordered4_fixed_diagnostic,128,128,110,284,1.419263959,1.429400000,0.049000000,0.000000000
sample,fixed_single,ordered4,128,128,111,284,1.425408006,1.435100000,0.054700000,0.008400000
sample,fixed_single,original,128,128,111,284,1.390591979,1.408800000,0.101300000,0.032300000
sample,fixed_single,ordered4_fixed_diagnostic,128,128,111,284,1.419263959,1.430900000,0.058700000,0.000000000
sample,fixed_single,original,128,128,112,284,1.353728056,1.363400000,0.057300000,0.008400000
sample,fixed_single,ordered4,128,128,112,284,1.431552052,1.442300000,0.061700000,0.014600000
sample,fixed_single,ordered4_fixed_diagnostic,128,128,112,284,1.419263959,1.431800000,0.049400000,0.000000000
sample,fixed_single,ordered4,128,128,113,284,1.434623957,1.447400000,0.072400000,0.012600000
sample,fixed_single,original,128,128,113,284,1.371135950,1.384600000,0.080000000,0.020700000
sample,fixed_single,ordered4_fixed_diagnostic,128,128,113,284,1.418239951,1.428500000,0.060200000,0.000000000
sample,fixed_single,original,128,128,114,284,1.355775952,1.369000000,0.068000000,0.010000000
sample,fixed_single,ordered4,128,128,114,284,1.441792011,1.460200000,0.080000000,0.016800000
sample,fixed_single,ordered4_fixed_diagnostic,128,128,114,284,1.418239951,1.429400000,0.050300000,0.000000000
sample,fixed_single,ordered4,128,128,115,284,1.428480029,1.439100000,0.083700000,0.009100000
sample,fixed_single,original,128,128,115,284,1.367040038,1.380400000,0.072300000,0.017000000
sample,fixed_single,ordered4_fixed_diagnostic,128,128,115,284,1.425408006,1.444300000,0.058500000,0.000000000
sample,fixed_single,original,128,128,116,284,1.364992023,1.375200000,0.071900000,0.013600000
sample,fixed_single,ordered4,128,128,116,284,1.428480029,1.438300000,0.080000000,0.010800000
sample,fixed_single,ordered4_fixed_diagnostic,128,128,116,284,1.417215943,1.427800000,0.048000000,0.000000000
sample,fixed_single,ordered4,128,128,117,284,1.437695980,1.452200000,0.064500000,0.010300000
sample,fixed_single,original,128,128,117,284,1.358847976,1.369900000,0.091000000,0.010700000
sample,fixed_single,ordered4_fixed_diagnostic,128,128,117,284,1.422335982,1.434300000,0.052700000,0.000000000
sample,fixed_single,original,128,128,118,284,1.357823968,1.370200000,0.064000000,0.011300000
sample,fixed_single,ordered4,128,128,118,284,1.440768003,1.455200000,0.075200000,0.017300000
sample,fixed_single,ordered4_fixed_diagnostic,128,128,118,284,1.419263959,1.434700000,0.051400000,0.000000000
sample,fixed_single,ordered4,128,128,119,284,1.429504037,1.440200000,0.088300000,0.009400000
sample,fixed_single,original,128,128,119,284,1.355775952,1.365500000,0.077400000,0.011000000
sample,fixed_single,ordered4_fixed_diagnostic,128,128,119,284,1.417215943,1.431500000,0.045600000,0.000000000
sample,fixed_single,original,128,128,120,284,1.387519956,1.413800000,0.102200000,0.024100000
sample,fixed_single,ordered4,128,128,120,284,1.453055978,1.473600000,0.121400000,0.025800000
sample,fixed_single,ordered4_fixed_diagnostic,128,128,120,284,1.419263959,1.431900000,0.048500000,0.000000000
sample,fixed_single,ordered4,128,128,121,284,1.425408006,1.436000000,0.053000000,0.007300000
sample,fixed_single,original,128,128,121,284,1.376255989,1.392400000,0.082400000,0.023500000
sample,fixed_single,ordered4_fixed_diagnostic,128,128,121,284,1.419263959,1.429400000,0.053000000,0.000000000
sample,fixed_single,original,128,128,122,284,1.355775952,1.367300000,0.078100000,0.008900000
sample,fixed_single,ordered4,128,128,122,284,1.468415976,1.495400000,0.102900000,0.028500000
sample,fixed_single,ordered4_fixed_diagnostic,128,128,122,284,1.430528045,1.456400000,0.071500000,0.000000000
sample,fixed_single,ordered4,128,128,123,284,1.452031970,1.470700000,0.081500000,0.021400000
sample,fixed_single,original,128,128,123,284,1.373183966,1.384800000,0.078000000,0.020300000
sample,fixed_single,ordered4_fixed_diagnostic,128,128,123,284,1.419263959,1.428600000,0.047900000,0.000000000
sample,fixed_single,original,128,128,124,284,1.355775952,1.365800000,0.077200000,0.010000000
sample,fixed_single,ordered4,128,128,124,284,1.430528045,1.439900000,0.060200000,0.012300000
sample,fixed_single,ordered4_fixed_diagnostic,128,128,124,284,1.418143988,1.426500000,0.040900000,0.000000000
sample,fixed_single,ordered4,128,128,125,284,1.424352050,1.436100000,0.047800000,0.007700000
sample,fixed_single,original,128,128,125,284,1.354751945,1.364000000,0.053600000,0.009100000
sample,fixed_single,ordered4_fixed_diagnostic,128,128,125,284,1.419263959,1.429700000,0.043600000,0.000000000
sample,fixed_single,original,128,128,126,284,1.353728056,1.364900000,0.054000000,0.008300000
sample,fixed_single,ordered4,128,128,126,284,1.438719988,1.451100000,0.072300000,0.012500000
sample,fixed_single,ordered4_fixed_diagnostic,128,128,126,284,1.418239951,1.428500000,0.052900000,0.000000000
sample,fixed_single,ordered4,128,128,127,284,1.426432014,1.437000000,0.050000000,0.007700000
sample,fixed_single,original,128,128,127,284,1.366016030,1.379900000,0.073100000,0.016700000
sample,fixed_single,ordered4_fixed_diagnostic,128,128,127,284,1.416192055,1.426900000,0.043200000,0.000000000
sample,fixed_single,original,128,128,128,284,1.352704048,1.367000000,0.056200000,0.007300000
sample,fixed_single,ordered4,128,128,128,284,1.459200025,1.491300000,0.094100000,0.025300000
sample,fixed_single,ordered4_fixed_diagnostic,128,128,128,284,1.431552052,1.471500000,0.078300000,0.000000000
sample,fixed_single,ordered4,128,128,129,284,1.458176017,1.476700000,0.095200000,0.027900000
sample,fixed_single,original,128,128,129,284,1.389567971,1.401000000,0.104200000,0.036400000
sample,fixed_single,ordered4_fixed_diagnostic,128,128,129,284,1.423359990,1.437900000,0.076200000,0.000000000
sample,fixed_single,original,128,128,130,284,1.370111942,1.380300000,0.075000000,0.016000000
sample,fixed_single,ordered4,128,128,130,284,1.435647964,1.445700000,0.067900000,0.013300000
sample,fixed_single,ordered4_fixed_diagnostic,128,128,130,284,1.418239951,1.427500000,0.045000000,0.000000000
sample,fixed_single,ordered4,128,128,131,284,1.425408006,1.435200000,0.051800000,0.007100000
sample,fixed_single,original,128,128,131,284,1.355775952,1.366600000,0.093200000,0.008600000
sample,fixed_single,ordered4_fixed_diagnostic,128,128,131,284,1.419263959,1.428800000,0.047900000,0.000000000
sample,fixed_single,original,128,128,132,284,1.353728056,1.366300000,0.058100000,0.008700000
sample,fixed_single,ordered4,128,128,132,284,1.426432014,1.436900000,0.083800000,0.008800000
sample,fixed_single,ordered4_fixed_diagnostic,128,128,132,284,1.421311975,1.436500000,0.076500000,0.000000000
sample,fixed_single,ordered4,128,128,133,284,1.428480029,1.437800000,0.083500000,0.010200000
sample,fixed_single,original,128,128,133,284,1.353728056,1.364800000,0.053400000,0.008100000
sample,fixed_single,ordered4_fixed_diagnostic,128,128,133,284,1.417215943,1.427100000,0.044100000,0.000000000
sample,fixed_single,original,128,128,134,284,1.353728056,1.363700000,0.051100000,0.007100000
sample,fixed_single,ordered4,128,128,134,284,1.428480029,1.439200000,0.060600000,0.008600000
sample,fixed_single,ordered4_fixed_diagnostic,128,128,134,284,1.417215943,1.427500000,0.044200000,0.000000000
sample,fixed_single,ordered4,128,128,135,284,1.425408006,1.435300000,0.052400000,0.006900000
sample,fixed_single,original,128,128,135,284,1.356799960,1.369800000,0.065100000,0.009700000
sample,fixed_single,ordered4_fixed_diagnostic,128,128,135,284,1.426432014,1.454400000,0.062000000,0.000000000
sample,fixed_single,original,128,128,136,284,1.388543963,1.413700000,0.093500000,0.026800000
sample,fixed_single,ordered4,128,128,136,284,1.453055978,1.470500000,0.079000000,0.026100000
sample,fixed_single,ordered4_fixed_diagnostic,128,128,136,284,1.418239951,1.429600000,0.046500000,0.000000000
sample,fixed_single,ordered4,128,128,137,284,1.438719988,1.453400000,0.073800000,0.015000000
sample,fixed_single,original,128,128,137,284,1.367040038,1.379100000,0.074700000,0.018900000
sample,fixed_single,ordered4_fixed_diagnostic,128,128,137,284,1.417215943,1.426000000,0.047900000,0.000000000
sample,fixed_single,original,128,128,138,284,1.352704048,1.363000000,0.051800000,0.007100000
sample,fixed_single,ordered4,128,128,138,284,1.427456021,1.438600000,0.077900000,0.008500000
sample,fixed_single,ordered4_fixed_diagnostic,128,128,138,284,1.418239951,1.430500000,0.045300000,0.000000000
sample,fixed_single,ordered4,128,128,139,284,1.447936058,1.468100000,0.110000000,0.022700000
sample,fixed_single,original,128,128,139,284,1.369088054,1.388400000,0.074700000,0.017000000
sample,fixed_single,ordered4_fixed_diagnostic,128,128,139,284,1.425408006,1.441400000,0.078400000,0.000000000
sample,fixed_single,original,128,128,140,284,1.355775952,1.366300000,0.081000000,0.011000000
sample,fixed_single,ordered4,128,128,140,284,1.428480029,1.439100000,0.056900000,0.010200000
sample,fixed_single,ordered4_fixed_diagnostic,128,128,140,284,1.418239951,1.428000000,0.044900000,0.000000000
sample,fixed_single,ordered4,128,128,141,284,1.429504037,1.442900000,0.087800000,0.010600000
sample,fixed_single,original,128,128,141,284,1.354751945,1.364500000,0.058800000,0.008200000
sample,fixed_single,ordered4_fixed_diagnostic,128,128,141,284,1.416192055,1.426300000,0.044600000,0.000000000
sample,fixed_single,original,128,128,142,284,1.351680040,1.361300000,0.052700000,0.007000000
sample,fixed_single,ordered4,128,128,142,284,1.424383998,1.434700000,0.053400000,0.007100000
sample,fixed_single,ordered4_fixed_diagnostic,128,128,142,284,1.423359990,1.433700000,0.055000000,0.000000000
sample,fixed_single,ordered4,128,128,143,284,1.428480029,1.440000000,0.081100000,0.009300000
sample,fixed_single,original,128,128,143,284,1.378304005,1.398200000,0.086400000,0.019400000
sample,fixed_single,ordered4_fixed_diagnostic,128,128,143,284,1.425408006,1.442500000,0.069800000,0.000000000
sample,fixed_single,original,128,128,144,284,1.378304005,1.395000000,0.096100000,0.019900000
sample,fixed_single,ordered4,128,128,144,284,1.441792011,1.453300000,0.073900000,0.017100000
sample,fixed_single,ordered4_fixed_diagnostic,128,128,144,284,1.420287967,1.429400000,0.046700000,0.000000000
sample,fixed_single,ordered4,128,128,145,284,1.424383998,1.435100000,0.054000000,0.007400000
sample,fixed_single,original,128,128,145,284,1.373183966,1.390100000,0.078400000,0.018600000
sample,fixed_single,ordered4_fixed_diagnostic,128,128,145,284,1.422335982,1.434700000,0.052900000,0.000000000
sample,fixed_single,original,128,128,146,284,1.355775952,1.370000000,0.056800000,0.009700000
sample,fixed_single,ordered4,128,128,146,284,1.426432014,1.436500000,0.054100000,0.008400000
sample,fixed_single,ordered4_fixed_diagnostic,128,128,146,284,1.417215943,1.427500000,0.041300000,0.000000000
sample,fixed_single,ordered4,128,128,147,284,1.433599949,1.443900000,0.060300000,0.011700000
sample,fixed_single,original,128,128,147,284,1.353728056,1.363400000,0.057400000,0.008300000
sample,fixed_single,ordered4_fixed_diagnostic,128,128,147,284,1.417215943,1.427400000,0.047900000,0.000000000
sample,fixed_single,original,128,128,148,284,1.351680040,1.361900000,0.055700000,0.007100000
sample,fixed_single,ordered4,128,128,148,284,1.438719988,1.452900000,0.079500000,0.011300000
sample,fixed_single,ordered4_fixed_diagnostic,128,128,148,284,1.420287967,1.432200000,0.052000000,0.000000000
sample,fixed_single,ordered4,128,128,149,284,1.427456021,1.437800000,0.055800000,0.008300000
sample,fixed_single,original,128,128,149,284,1.354751945,1.366800000,0.054200000,0.008600000
sample,fixed_single,ordered4_fixed_diagnostic,128,128,149,284,1.423359990,1.451300000,0.051500000,0.000000000
sample,fixed_single,original,128,128,150,284,1.358847976,1.369000000,0.064100000,0.013000000
sample,fixed_single,ordered4,128,128,150,284,1.427456021,1.437400000,0.056400000,0.010000000
sample,fixed_single,ordered4_fixed_diagnostic,128,128,150,284,1.418239951,1.428200000,0.047700000,0.000000000
sample,fixed_single,ordered4,128,128,151,284,1.426432014,1.440800000,0.055500000,0.008200000
sample,fixed_single,original,128,128,151,284,1.366016030,1.379300000,0.070000000,0.016000000
sample,fixed_single,ordered4_fixed_diagnostic,128,128,151,284,1.419263959,1.430500000,0.051600000,0.000000000
sample,fixed_single,original,128,128,152,284,1.355775952,1.366100000,0.058100000,0.008400000
sample,fixed_single,ordered4,128,128,152,284,1.426432014,1.437200000,0.070100000,0.009200000
sample,fixed_single,ordered4_fixed_diagnostic,128,128,152,284,1.428480029,1.447000000,0.060200000,0.000000000
sample,fixed_single,ordered4,128,128,153,284,1.443840027,1.457300000,0.074600000,0.014500000
sample,fixed_single,original,128,128,153,284,1.371135950,1.382200000,0.077700000,0.019300000
sample,fixed_single,ordered4_fixed_diagnostic,128,128,153,284,1.420287967,1.429800000,0.052200000,0.000000000
sample,fixed_single,original,128,128,154,284,1.354751945,1.365400000,0.055400000,0.008600000
sample,fixed_single,ordered4,128,128,154,284,1.426432014,1.436400000,0.075400000,0.008900000
sample,fixed_single,ordered4_fixed_diagnostic,128,128,154,284,1.418239951,1.427600000,0.044300000,0.000000000
sample,fixed_single,ordered4,128,128,155,284,1.424383998,1.435800000,0.054000000,0.007000000
sample,fixed_single,original,128,128,155,284,1.373183966,1.391600000,0.088700000,0.015300000
sample,fixed_single,ordered4_fixed_diagnostic,128,128,155,284,1.429504037,1.450500000,0.089500000,0.000000000
sample,fixed_single,original,128,128,156,284,1.420287967,1.459000000,0.164100000,0.043400000
sample,fixed_single,ordered4,128,128,156,284,1.441792011,1.452700000,0.072200000,0.018100000
sample,fixed_single,ordered4_fixed_diagnostic,128,128,156,284,1.419263959,1.431000000,0.049400000,0.000000000
sample,fixed_single,ordered4,128,128,157,284,1.425408006,1.434100000,0.049000000,0.008200000
sample,fixed_single,original,128,128,157,284,1.356799960,1.366300000,0.055900000,0.009700000
sample,fixed_single,ordered4_fixed_diagnostic,128,128,157,284,1.419263959,1.428200000,0.044700000,0.000000000
sample,fixed_single,original,128,128,158,284,1.353600025,1.365100000,0.055100000,0.008600000
sample,fixed_single,ordered4,128,128,158,284,1.427456021,1.436000000,0.049400000,0.009700000
sample,fixed_single,ordered4_fixed_diagnostic,128,128,158,284,1.416192055,1.431500000,0.044400000,0.000000000
sample,fixed_single,ordered4,128,128,159,284,1.470463991,1.517500000,0.120500000,0.035700000
sample,fixed_single,original,128,128,159,284,1.397760034,1.422200000,0.113600000,0.035200000
sample,fixed_single,ordered4_fixed_diagnostic,128,128,159,284,1.426432014,1.445600000,0.066100000,0.000000000
sample,fixed_single,original,128,128,160,284,1.386495948,1.399500000,0.123100000,0.032100000
sample,fixed_single,ordered4,128,128,160,284,1.454079986,1.465400000,0.091000000,0.030600000
sample,fixed_single,ordered4_fixed_diagnostic,128,128,160,284,1.419263959,1.429600000,0.051700000,0.000000000
sample,fixed_single,ordered4,128,128,161,284,1.434623957,1.448300000,0.073100000,0.014000000
sample,fixed_single,original,128,128,161,284,1.392639995,1.416100000,0.114800000,0.028100000
sample,fixed_single,ordered4_fixed_diagnostic,128,128,161,284,1.425408006,1.446700000,0.066700000,0.000000000
sample,fixed_single,original,128,128,162,284,1.375231981,1.389900000,0.092500000,0.018100000
sample,fixed_single,ordered4,128,128,162,284,1.465343952,1.484400000,0.106900000,0.031800000
sample,fixed_single,ordered4_fixed_diagnostic,128,128,162,284,1.452031970,1.474400000,0.087600000,0.000000000
sample,fixed_single,ordered4,128,128,163,284,1.437695980,1.449700000,0.071700000,0.016400000
sample,fixed_single,original,128,128,163,284,1.371135950,1.382600000,0.078800000,0.019800000
sample,fixed_single,ordered4_fixed_diagnostic,128,128,163,284,1.418239951,1.430300000,0.050100000,0.000000000
sample,fixed_single,original,128,128,164,284,1.369088054,1.385600000,0.073200000,0.013400000
sample,fixed_single,ordered4,128,128,164,284,1.431552052,1.443500000,0.064800000,0.011400000
sample,fixed_single,ordered4_fixed_diagnostic,128,128,164,284,1.417215943,1.427800000,0.048200000,0.000000000
sample,fixed_single,ordered4,128,128,165,284,1.427456021,1.438000000,0.059600000,0.008900000
sample,fixed_single,original,128,128,165,284,1.357823968,1.369400000,0.059600000,0.010500000
sample,fixed_single,ordered4_fixed_diagnostic,128,128,165,284,1.421311975,1.432000000,0.050200000,0.000000000
sample,fixed_single,original,128,128,166,284,1.352704048,1.362700000,0.052000000,0.008100000
sample,fixed_single,ordered4,128,128,166,284,1.426432014,1.437500000,0.074900000,0.007900000
sample,fixed_single,ordered4_fixed_diagnostic,128,128,166,284,1.435647964,1.458900000,0.072900000,0.000000000
sample,fixed_single,ordered4,128,128,167,284,1.477632046,1.514800000,0.127200000,0.039800000
sample,fixed_single,original,128,128,167,284,1.400832057,1.422600000,0.142200000,0.037700000
sample,fixed_single,ordered4_fixed_diagnostic,128,128,167,284,1.427456021,1.451800000,0.077500000,0.000000000
sample,fixed_single,original,128,128,168,284,1.411072016,1.435400000,0.140500000,0.044200000
sample,fixed_single,ordered4,128,128,168,284,1.477632046,1.497800000,0.131800000,0.042000000
sample,fixed_single,ordered4_fixed_diagnostic,128,128,168,284,1.423359990,1.434600000,0.048700000,0.000000000
sample,fixed_single,ordered4,128,128,169,284,1.430528045,1.440200000,0.058400000,0.011400000
sample,fixed_single,original,128,128,169,284,1.379328012,1.392700000,0.082500000,0.021800000
sample,fixed_single,ordered4_fixed_diagnostic,128,128,169,284,1.418239951,1.428200000,0.048900000,0.000000000
sample,fixed_single,original,128,128,170,284,1.352704048,1.363600000,0.069200000,0.007500000
sample,fixed_single,ordered4,128,128,170,284,1.432575941,1.451600000,0.086800000,0.010400000
sample,fixed_single,ordered4_fixed_diagnostic,128,128,170,284,1.426432014,1.444300000,0.058100000,0.000000000
sample,fixed_single,ordered4,128,128,171,284,1.440768003,1.454900000,0.076400000,0.014900000
sample,fixed_single,original,128,128,171,284,1.371135950,1.382900000,0.072300000,0.018500000
sample,fixed_single,ordered4_fixed_diagnostic,128,128,171,284,1.423359990,1.436400000,0.057800000,0.000000000
sample,fixed_single,original,128,128,172,284,1.364992023,1.374700000,0.063900000,0.011900000
sample,fixed_single,ordered4,128,128,172,284,1.436671972,1.451200000,0.069400000,0.016000000
sample,fixed_single,ordered4_fixed_diagnostic,128,128,172,284,1.421311975,1.437400000,0.071400000,0.000000000
sample,fixed_single,ordered4,128,128,173,284,1.448959947,1.467100000,0.076200000,0.017700000
sample,fixed_single,original,128,128,173,284,1.378304005,1.392600000,0.080300000,0.021200000
sample,fixed_single,ordered4_fixed_diagnostic,128,128,173,284,1.424383998,1.440800000,0.066300000,0.000000000
sample,fixed_single,original,128,128,174,284,1.375231981,1.388500000,0.082600000,0.021200000
sample,fixed_single,ordered4,128,128,174,284,1.439743996,1.448800000,0.070100000,0.018000000
sample,fixed_single,ordered4_fixed_diagnostic,128,128,174,284,1.419167995,1.429800000,0.070400000,0.000000000
sample,fixed_single,ordered4,128,128,175,284,1.436640024,1.446800000,0.061400000,0.012200000
sample,fixed_single,original,128,128,175,284,1.366016030,1.374500000,0.065800000,0.015700000
sample,fixed_single,ordered4_fixed_diagnostic,128,128,175,284,1.421311975,1.430300000,0.047900000,0.000000000
sample,fixed_single,original,128,128,176,284,1.360895991,1.375800000,0.064100000,0.013300000
sample,fixed_single,ordered4,128,128,176,284,1.536000013,1.580000000,0.199200000,0.073400000
sample,fixed_single,ordered4_fixed_diagnostic,128,128,176,284,1.429504037,1.455800000,0.063300000,0.000000000
sample,fixed_single,ordered4,128,128,177,284,1.449983954,1.459600000,0.080100000,0.024500000
sample,fixed_single,original,128,128,177,284,1.372159958,1.381500000,0.070200000,0.020300000
sample,fixed_single,ordered4_fixed_diagnostic,128,128,177,284,1.416192055,1.427300000,0.043100000,0.000000000
sample,fixed_single,original,128,128,178,284,1.371135950,1.384000000,0.079900000,0.018000000
sample,fixed_single,ordered4,128,128,178,284,1.440768003,1.451200000,0.068900000,0.017000000
sample,fixed_single,ordered4_fixed_diagnostic,128,128,178,284,1.417215943,1.425800000,0.045700000,0.000000000
sample,fixed_single,ordered4,128,128,179,284,1.424383998,1.433700000,0.046100000,0.006800000
sample,fixed_single,original,128,128,179,284,1.372159958,1.385700000,0.104900000,0.024800000
sample,fixed_single,ordered4_fixed_diagnostic,128,128,179,284,1.425408006,1.444500000,0.060000000,0.000000000
sample,fixed_single,original,128,128,180,284,1.354751945,1.365400000,0.084500000,0.010500000
sample,fixed_single,ordered4,128,128,180,284,1.431552052,1.442200000,0.060900000,0.014800000
sample,fixed_single,ordered4_fixed_diagnostic,128,128,180,284,1.417215943,1.429400000,0.048200000,0.000000000
sample,fixed_single,ordered4,128,128,181,284,1.442816019,1.459100000,0.078000000,0.017500000
sample,fixed_single,original,128,128,181,284,1.390591979,1.408000000,0.104900000,0.029500000
sample,fixed_single,ordered4_fixed_diagnostic,128,128,181,284,1.425408006,1.445100000,0.059500000,0.000000000
sample,fixed_single,original,128,128,182,284,1.364992023,1.380900000,0.065600000,0.017500000
sample,fixed_single,ordered4,128,128,182,284,1.444864035,1.458700000,0.074600000,0.019300000
sample,fixed_single,ordered4_fixed_diagnostic,128,128,182,284,1.420287967,1.431700000,0.049200000,0.000000000
sample,fixed_single,ordered4,128,128,183,284,1.436671972,1.447600000,0.062700000,0.012900000
sample,fixed_single,original,128,128,183,284,1.363968015,1.379100000,0.073200000,0.016300000
sample,fixed_single,ordered4_fixed_diagnostic,128,128,183,284,1.431552052,1.472100000,0.070600000,0.000000000
sample,fixed_single,original,128,128,184,284,1.388543963,1.411300000,0.091800000,0.028700000
sample,fixed_single,ordered4,128,128,184,284,1.446751952,1.465900000,0.067800000,0.021600000
sample,fixed_single,ordered4_fixed_diagnostic,128,128,184,284,1.428287983,1.451400000,0.066600000,0.000000000
sample,fixed_single,ordered4,128,128,185,284,1.457119942,1.476000000,0.089600000,0.025000000
sample,fixed_single,original,128,128,185,284,1.373183966,1.385300000,0.081500000,0.022300000
sample,fixed_single,ordered4_fixed_diagnostic,128,128,185,284,1.417215943,1.424600000,0.042500000,0.000000000
sample,fixed_single,original,128,128,186,284,1.351680040,1.360700000,0.068500000,0.007700000
sample,fixed_single,ordered4,128,128,186,284,1.437695980,1.484700000,0.069000000,0.018800000
sample,fixed_single,ordered4_fixed_diagnostic,128,128,186,284,1.467391968,1.488300000,0.089800000,0.000000000
sample,fixed_single,ordered4,128,128,187,284,1.440575957,1.448700000,0.067900000,0.016900000
sample,fixed_single,original,128,128,187,284,1.366016030,1.375100000,0.065800000,0.017900000
sample,fixed_single,ordered4_fixed_diagnostic,128,128,187,284,1.419263959,1.432400000,0.071400000,0.000000000
sample,fixed_single,original,128,128,188,284,1.372159958,1.383000000,0.085100000,0.019200000
sample,fixed_single,ordered4,128,128,188,284,1.437695980,1.445800000,0.063600000,0.014800000
sample,fixed_single,ordered4_fixed_diagnostic,128,128,188,284,1.417215943,1.425300000,0.039700000,0.000000000
sample,fixed_single,ordered4,128,128,189,284,1.426432014,1.436300000,0.050700000,0.007300000
sample,fixed_single,original,128,128,189,284,1.375231981,1.387000000,0.080500000,0.022900000
sample,fixed_single,ordered4_fixed_diagnostic,128,128,189,284,1.420287967,1.430600000,0.045300000,0.000000000
sample,fixed_single,original,128,128,190,284,1.352576017,1.360900000,0.065300000,0.008900000
sample,fixed_single,ordered4,128,128,190,284,1.432575941,1.441800000,0.058900000,0.013600000
sample,fixed_single,ordered4_fixed_diagnostic,128,128,190,284,1.418239951,1.429100000,0.045600000,0.000000000
sample,fixed_single,ordered4,128,128,191,284,1.432575941,1.442200000,0.067400000,0.013400000
sample,fixed_single,original,128,128,191,284,1.361919999,1.370000000,0.076000000,0.011600000
sample,fixed_single,ordered4_fixed_diagnostic,128,128,191,284,1.416192055,1.426700000,0.047100000,0.000000000
sample,fixed_single,original,128,128,192,284,1.383424044,1.402500000,0.093500000,0.025000000
sample,fixed_single,ordered4,128,128,192,284,1.469439983,1.487000000,0.123300000,0.034600000
sample,fixed_single,ordered4_fixed_diagnostic,128,128,192,284,1.425408006,1.440200000,0.059000000,0.000000000
sample,fixed_single,ordered4,128,128,193,284,1.430528045,1.439200000,0.055900000,0.010900000
sample,fixed_single,original,128,128,193,284,1.375231981,1.386200000,0.084900000,0.021100000
sample,fixed_single,ordered4_fixed_diagnostic,128,128,193,284,1.422335982,1.436800000,0.057800000,0.000000000
sample,fixed_single,original,128,128,194,284,1.372159958,1.388100000,0.081200000,0.018900000
sample,fixed_single,ordered4,128,128,194,284,1.441792011,1.452700000,0.077000000,0.018500000
sample,fixed_single,ordered4_fixed_diagnostic,128,128,194,284,1.419263959,1.430100000,0.053000000,0.000000000
sample,fixed_single,ordered4,128,128,195,284,1.431552052,1.445400000,0.070000000,0.011300000
sample,fixed_single,original,128,128,195,284,1.374207973,1.395900000,0.103000000,0.024400000
sample,fixed_single,ordered4_fixed_diagnostic,128,128,195,284,1.417215943,1.426400000,0.048400000,0.000000000
sample,fixed_single,original,128,128,196,284,1.353728056,1.363200000,0.071200000,0.008400000
sample,fixed_single,ordered4,128,128,196,284,1.473536015,1.496400000,0.146400000,0.030400000
sample,fixed_single,ordered4_fixed_diagnostic,128,128,196,284,1.446879983,1.469500000,0.077700000,0.000000000
sample,fixed_single,ordered4,128,128,197,284,1.443840027,1.452200000,0.070600000,0.022200000
sample,fixed_single,original,128,128,197,284,1.370111942,1.378800000,0.073600000,0.019500000
sample,fixed_single,ordered4_fixed_diagnostic,128,128,197,284,1.419263959,1.429800000,0.045700000,0.000000000
sample,fixed_single,original,128,128,198,284,1.387519956,1.405700000,0.101000000,0.028000000
sample,fixed_single,ordered4,128,128,198,284,1.438719988,1.447200000,0.072000000,0.015300000
sample,fixed_single,ordered4_fixed_diagnostic,128,128,198,284,1.417215943,1.425500000,0.045500000,0.000000000
sample,fixed_single,ordered4,128,128,199,284,1.436671972,1.450800000,0.061800000,0.011300000
sample,fixed_single,original,128,128,199,284,1.400832057,1.424200000,0.122700000,0.038900000
sample,fixed_single,ordered4_fixed_diagnostic,128,128,199,284,1.420287967,1.433400000,0.049900000,0.000000000
sample,fixed_single,original,128,128,200,284,1.361919999,1.375800000,0.061100000,0.013100000
sample,fixed_single,ordered4,128,128,200,284,1.437695980,1.448400000,0.066200000,0.016400000
sample,fixed_single,ordered4_fixed_diagnostic,128,128,200,284,1.427456021,1.448000000,0.055200000,0.000000000
sample,fixed_single,ordered4,128,128,201,284,1.440768003,1.453400000,0.069200000,0.017200000
sample,fixed_single,original,128,128,201,284,1.371135950,1.382400000,0.080800000,0.020000000
sample,fixed_single,ordered4_fixed_diagnostic,128,128,201,284,1.420256019,1.433700000,0.072500000,0.000000000
sample,fixed_single,original,128,128,202,284,1.367040038,1.383800000,0.065800000,0.017700000
sample,fixed_single,ordered4,128,128,202,284,1.436671972,1.447000000,0.067600000,0.017500000
sample,fixed_single,ordered4_fixed_diagnostic,128,128,202,284,1.419263959,1.427200000,0.045800000,0.000000000
sample,fixed_single,ordered4,128,128,203,284,1.427456021,1.435400000,0.046900000,0.007400000
sample,fixed_single,original,128,128,203,284,1.366016030,1.375200000,0.063500000,0.018800000
sample,fixed_single,ordered4_fixed_diagnostic,128,128,203,284,1.419263959,1.428900000,0.047000000,0.000000000
sample,fixed_single,original,128,128,204,284,1.361919999,1.370400000,0.058300000,0.009800000
sample,fixed_single,ordered4,128,128,204,284,1.431552052,1.440700000,0.077800000,0.012600000
sample,fixed_single,ordered4_fixed_diagnostic,128,128,204,284,1.422335982,1.443100000,0.055100000,0.000000000
sample,fixed_single,ordered4,128,128,205,284,1.485823989,1.525400000,0.137600000,0.045900000
sample,fixed_single,original,128,128,205,284,1.401855946,1.421300000,0.122800000,0.041400000
sample,fixed_single,ordered4_fixed_diagnostic,128,128,205,284,1.424288034,1.434800000,0.056400000,0.000000000
sample,fixed_single,original,128,128,206,284,1.366016030,1.382200000,0.071800000,0.014100000
sample,fixed_single,ordered4,128,128,206,284,1.490944028,1.534900000,0.140800000,0.050700000
sample,fixed_single,ordered4_fixed_diagnostic,128,128,206,284,1.425343990,1.439900000,0.054100000,0.000000000
sample,fixed_single,ordered4,128,128,207,284,1.439615965,1.447400000,0.065600000,0.017700000
sample,fixed_single,original,128,128,207,284,1.371039987,1.381400000,0.074500000,0.020600000
sample,fixed_single,ordered4_fixed_diagnostic,128,128,207,284,1.430528045,1.457600000,0.060800000,0.000000000
sample,fixed_single,original,128,128,208,284,1.384448051,1.403300000,0.088800000,0.024900000
sample,fixed_single,ordered4,128,128,208,284,1.453055978,1.461900000,0.078800000,0.017200000
sample,fixed_single,ordered4_fixed_diagnostic,128,128,208,284,1.419263959,1.430200000,0.051200000,0.000000000
sample,fixed_single,ordered4,128,128,209,284,1.443840027,1.462400000,0.079700000,0.016200000
sample,fixed_single,original,128,128,209,284,1.390591979,1.405700000,0.099500000,0.034300000
sample,fixed_single,ordered4_fixed_diagnostic,128,128,209,284,1.420287967,1.432300000,0.053100000,0.000000000
sample,fixed_single,original,128,128,210,284,1.357823968,1.370100000,0.064600000,0.010900000
sample,fixed_single,ordered4,128,128,210,284,1.435647964,1.449000000,0.068500000,0.017000000
sample,fixed_single,ordered4_fixed_diagnostic,128,128,210,284,1.421311975,1.436400000,0.056300000,0.000000000
sample,fixed_single,ordered4,128,128,211,284,1.444864035,1.461800000,0.170300000,0.021700000
sample,fixed_single,original,128,128,211,284,1.373183966,1.387300000,0.078100000,0.020700000
sample,fixed_single,ordered4_fixed_diagnostic,128,128,211,284,1.419263959,1.429800000,0.052200000,0.000000000
sample,fixed_single,original,128,128,212,284,1.357823968,1.366900000,0.060200000,0.010200000
sample,fixed_single,ordered4,128,128,212,284,1.454079986,1.467900000,0.089200000,0.025000000
sample,fixed_single,ordered4_fixed_diagnostic,128,128,212,284,1.423359990,1.437300000,0.079300000,0.000000000
sample,fixed_single,ordered4,128,128,213,284,1.430528045,1.441100000,0.087800000,0.011700000
sample,fixed_single,original,128,128,213,284,1.362944007,1.373300000,0.069900000,0.015100000
sample,fixed_single,ordered4_fixed_diagnostic,128,128,213,284,1.419263959,1.429500000,0.049700000,0.000000000
sample,fixed_single,original,128,128,214,284,1.355775952,1.366500000,0.062200000,0.008500000
sample,fixed_single,ordered4,128,128,214,284,1.427456021,1.438900000,0.059500000,0.008900000
sample,fixed_single,ordered4_fixed_diagnostic,128,128,214,284,1.417215943,1.429700000,0.050000000,0.000000000
sample,fixed_single,ordered4,128,128,215,284,1.470463991,1.498800000,0.113400000,0.027200000
sample,fixed_single,original,128,128,215,284,1.411072016,1.437900000,0.146000000,0.046600000
sample,fixed_single,ordered4_fixed_diagnostic,128,128,215,284,1.427456021,1.448700000,0.072400000,0.000000000
sample,fixed_single,original,128,128,216,284,1.384448051,1.403800000,0.082300000,0.025800000
sample,fixed_single,ordered4,128,128,216,284,1.457152009,1.469100000,0.088300000,0.030300000
sample,fixed_single,ordered4_fixed_diagnostic,128,128,216,284,1.419263959,1.432100000,0.049700000,0.000000000
sample,fixed_single,ordered4,128,128,217,284,1.436671972,1.451500000,0.066700000,0.013200000
sample,fixed_single,original,128,128,217,284,1.404927969,1.426500000,0.114000000,0.042700000
sample,fixed_single,ordered4_fixed_diagnostic,128,128,217,284,1.428480029,1.451600000,0.055400000,0.000000000
sample,fixed_single,original,128,128,218,284,1.381376028,1.391500000,0.087300000,0.027400000
sample,fixed_single,ordered4,128,128,218,284,1.440768003,1.448700000,0.067800000,0.018100000
sample,fixed_single,ordered4_fixed_diagnostic,128,128,218,284,1.418239951,1.427900000,0.052100000,0.000000000
sample,fixed_single,ordered4,128,128,219,284,1.454079986,1.465100000,0.102000000,0.015100000
sample,fixed_single,original,128,128,219,284,1.363968015,1.372400000,0.069100000,0.015900000
sample,fixed_single,ordered4_fixed_diagnostic,128,128,219,284,1.417183995,1.425500000,0.044600000,0.000000000
sample,fixed_single,original,128,128,220,284,1.354751945,1.365600000,0.062100000,0.008500000
sample,fixed_single,ordered4,128,128,220,284,1.429504037,1.442700000,0.062500000,0.010400000
sample,fixed_single,ordered4_fixed_diagnostic,128,128,220,284,1.421311975,1.438700000,0.059900000,0.000000000
sample,fixed_single,ordered4,128,128,221,284,1.431552052,1.443100000,0.065700000,0.013100000
sample,fixed_single,original,128,128,221,284,1.360895991,1.371500000,0.068600000,0.013100000
sample,fixed_single,ordered4_fixed_diagnostic,128,128,221,284,1.426432014,1.445700000,0.065600000,0.000000000
sample,fixed_single,original,128,128,222,284,1.382400036,1.394900000,0.094000000,0.025300000
sample,fixed_single,ordered4,128,128,222,284,1.448959947,1.459900000,0.084200000,0.026800000
sample,fixed_single,ordered4_fixed_diagnostic,128,128,222,284,1.418239951,1.428800000,0.051500000,0.000000000
sample,fixed_single,ordered4,128,128,223,284,1.451007962,1.463400000,0.094100000,0.016000000
sample,fixed_single,original,128,128,223,284,1.368064046,1.380400000,0.075100000,0.017600000
sample,fixed_single,ordered4_fixed_diagnostic,128,128,223,284,1.420287967,1.429600000,0.051300000,0.000000000
sample,fixed_single,original,128,128,224,284,1.354751945,1.365300000,0.060000000,0.008800000
sample,fixed_single,ordered4,128,128,224,284,1.440768003,1.454100000,0.072900000,0.015800000
sample,fixed_single,ordered4_fixed_diagnostic,128,128,224,284,1.432575941,1.473400000,0.095800000,0.000000000
sample,fixed_single,ordered4,128,128,225,284,1.481727958,1.502800000,0.113500000,0.028600000
sample,fixed_single,original,128,128,225,284,1.376255989,1.387100000,0.085200000,0.024900000
sample,fixed_single,ordered4_fixed_diagnostic,128,128,225,284,1.426432014,1.443400000,0.065700000,0.000000000
sample,fixed_single,original,128,128,226,284,1.382400036,1.395300000,0.103400000,0.026700000
sample,fixed_single,ordered4,128,128,226,284,1.444864035,1.456000000,0.087700000,0.021400000
sample,fixed_single,ordered4_fixed_diagnostic,128,128,226,284,1.423359990,1.439600000,0.058800000,0.000000000
sample,fixed_single,ordered4,128,128,227,284,1.445791960,1.457600000,0.087200000,0.018300000
sample,fixed_single,original,128,128,227,284,1.383424044,1.395400000,0.105200000,0.028700000
sample,fixed_single,ordered4_fixed_diagnostic,128,128,227,284,1.422335982,1.439200000,0.063700000,0.000000000
sample,fixed_single,original,128,128,228,284,1.385472059,1.398400000,0.098900000,0.026400000
sample,fixed_single,ordered4,128,128,228,284,1.468415976,1.481700000,0.110600000,0.038500000
sample,fixed_single,ordered4_fixed_diagnostic,128,128,228,284,1.425408006,1.444000000,0.059000000,0.000000000
sample,fixed_single,ordered4,128,128,229,284,1.451007962,1.464100000,0.086200000,0.025000000
sample,fixed_single,original,128,128,229,284,1.376255989,1.388900000,0.085600000,0.026300000
sample,fixed_single,ordered4_fixed_diagnostic,128,128,229,284,1.419263959,1.435200000,0.049200000,0.000000000
sample,fixed_single,original,128,128,230,284,1.357823968,1.367000000,0.064900000,0.011200000
sample,fixed_single,ordered4,128,128,230,284,1.436671972,1.448100000,0.052000000,0.013500000
sample,fixed_single,ordered4_fixed_diagnostic,128,128,230,284,1.418239951,1.427500000,0.046400000,0.000000000
sample,fixed_single,ordered4,128,128,231,284,1.425408006,1.435000000,0.070300000,0.007300000
sample,fixed_single,original,128,128,231,284,1.362944007,1.374700000,0.067300000,0.016000000
sample,fixed_single,ordered4_fixed_diagnostic,128,128,231,284,1.423359990,1.439200000,0.057800000,0.000000000
sample,fixed_single,original,128,128,232,284,1.375231981,1.387100000,0.083700000,0.024300000
sample,fixed_single,ordered4,128,128,232,284,1.445888042,1.457200000,0.077800000,0.022200000
sample,fixed_single,ordered4_fixed_diagnostic,128,128,232,284,1.418239951,1.429000000,0.046100000,0.000000000
sample,fixed_single,ordered4,128,128,233,284,1.430528045,1.444600000,0.062600000,0.010700000
sample,fixed_single,original,128,128,233,284,1.356799960,1.366800000,0.063000000,0.011600000
sample,fixed_single,ordered4_fixed_diagnostic,128,128,233,284,1.415168047,1.426100000,0.043300000,0.000000000
sample,fixed_single,original,128,128,234,284,1.352704048,1.362300000,0.052000000,0.006900000
sample,fixed_single,ordered4,128,128,234,284,1.424383998,1.435100000,0.053300000,0.007900000
sample,fixed_single,ordered4_fixed_diagnostic,128,128,234,284,1.419263959,1.430200000,0.045600000,0.000000000
sample,fixed_single,ordered4,128,128,235,284,1.426432014,1.438700000,0.082300000,0.008200000
sample,fixed_single,original,128,128,235,284,1.384448051,1.406200000,0.106400000,0.023200000
sample,fixed_single,ordered4_fixed_diagnostic,128,128,235,284,1.422335982,1.437500000,0.052100000,0.000000000
sample,fixed_single,original,128,128,236,284,1.383424044,1.398700000,0.098100000,0.028200000
sample,fixed_single,ordered4,128,128,236,284,1.457152009,1.469000000,0.094000000,0.031300000
sample,fixed_single,ordered4_fixed_diagnostic,128,128,236,284,1.416192055,1.427500000,0.046000000,0.000000000
sample,fixed_single,ordered4,128,128,237,284,1.425408006,1.439100000,0.055000000,0.007700000
sample,fixed_single,original,128,128,237,284,1.364992023,1.376600000,0.067600000,0.015600000
sample,fixed_single,ordered4_fixed_diagnostic,128,128,237,284,1.419263959,1.429800000,0.050600000,0.000000000
sample,fixed_single,original,128,128,238,284,1.353728056,1.362600000,0.054300000,0.007700000
sample,fixed_single,ordered4,128,128,238,284,1.424383998,1.435100000,0.052500000,0.007700000
sample,fixed_single,ordered4_fixed_diagnostic,128,128,238,284,1.423359990,1.440400000,0.059000000,0.000000000
sample,fixed_single,ordered4,128,128,239,284,1.454079986,1.469200000,0.088800000,0.024800000
sample,fixed_single,original,128,128,239,284,1.380352020,1.394200000,0.092200000,0.026400000
sample,fixed_single,ordered4_fixed_diagnostic,128,128,239,284,1.418239951,1.429700000,0.054100000,0.000000000
sample,fixed_single,original,128,128,240,284,1.352704048,1.364600000,0.082700000,0.008700000
sample,fixed_single,ordered4,128,128,240,284,1.429504037,1.439900000,0.059000000,0.012200000
sample,fixed_single,ordered4_fixed_diagnostic,128,128,240,284,1.417215943,1.427200000,0.043500000,0.000000000
sample,fixed_single,ordered4,128,128,241,284,1.423359990,1.433300000,0.052200000,0.006800000
sample,fixed_single,original,128,128,241,284,1.353728056,1.365500000,0.054400000,0.007800000
sample,fixed_single,ordered4_fixed_diagnostic,128,128,241,284,1.420287967,1.436200000,0.047000000,0.000000000
sample,fixed_single,original,128,128,242,284,1.391615987,1.431300000,0.118400000,0.027100000
sample,fixed_single,ordered4,128,128,242,284,1.473536015,1.505900000,0.126300000,0.038600000
sample,fixed_single,ordered4_fixed_diagnostic,128,128,242,284,1.430528045,1.463100000,0.092000000,0.000000000
sample,fixed_single,ordered4,128,128,243,284,1.479679942,1.499900000,0.117100000,0.042900000
sample,fixed_single,original,128,128,243,284,1.376255989,1.388300000,0.081500000,0.023100000
sample,fixed_single,ordered4_fixed_diagnostic,128,128,243,284,1.418239951,1.428800000,0.048500000,0.000000000
sample,fixed_single,original,128,128,244,284,1.362944007,1.374400000,0.063000000,0.012100000
sample,fixed_single,ordered4,128,128,244,284,1.457152009,1.478700000,0.095900000,0.025900000
sample,fixed_single,ordered4_fixed_diagnostic,128,128,244,284,1.465343952,1.484700000,0.090800000,0.000000000
sample,fixed_single,ordered4,128,128,245,284,1.445888042,1.455300000,0.071200000,0.018700000
sample,fixed_single,original,128,128,245,284,1.377279997,1.388700000,0.086900000,0.028100000
sample,fixed_single,ordered4_fixed_diagnostic,128,128,245,284,1.423359990,1.443200000,0.056000000,0.000000000
sample,fixed_single,original,128,128,246,284,1.392639995,1.410100000,0.106200000,0.033400000
sample,fixed_single,ordered4,128,128,246,284,1.441792011,1.451200000,0.064800000,0.015900000
sample,fixed_single,ordered4_fixed_diagnostic,128,128,246,284,1.419232011,1.429200000,0.051700000,0.000000000
sample,fixed_single,ordered4,128,128,247,284,1.427456021,1.438100000,0.062700000,0.009000000
sample,fixed_single,original,128,128,247,284,1.357823968,1.368700000,0.064900000,0.012600000
sample,fixed_single,ordered4_fixed_diagnostic,128,128,247,284,1.417215943,1.427100000,0.047700000,0.000000000
sample,fixed_single,original,128,128,248,284,1.352704048,1.363400000,0.055800000,0.008200000
sample,fixed_single,ordered4,128,128,248,284,1.428480029,1.440500000,0.056800000,0.008700000
sample,fixed_single,ordered4_fixed_diagnostic,128,128,248,284,1.420287967,1.431900000,0.050400000,0.000000000
sample,fixed_single,ordered4,128,128,249,284,1.426432014,1.437000000,0.089700000,0.008900000
sample,fixed_single,original,128,128,249,284,1.354751945,1.368200000,0.056000000,0.009000000
sample,fixed_single,ordered4_fixed_diagnostic,128,128,249,284,1.444864035,1.474200000,0.092700000,0.000000000
sample,fixed_single,original,128,128,250,284,1.367040038,1.377800000,0.069500000,0.014500000
sample,fixed_single,ordered4,128,128,250,284,1.427456021,1.439300000,0.056800000,0.010000000
sample,fixed_single,ordered4_fixed_diagnostic,128,128,250,284,1.416192055,1.426200000,0.043800000,0.000000000
sample,fixed_single,ordered4,128,128,251,284,1.425408006,1.434800000,0.053800000,0.007200000
sample,fixed_single,original,128,128,251,284,1.357823968,1.368500000,0.085400000,0.012500000
sample,fixed_single,ordered4_fixed_diagnostic,128,128,251,284,1.418239951,1.430100000,0.050100000,0.000000000
sample,fixed_single,original,128,128,252,284,1.355775952,1.365900000,0.061200000,0.009400000
sample,fixed_single,ordered4,128,128,252,284,1.426432014,1.436900000,0.053500000,0.008700000
sample,fixed_single,ordered4_fixed_diagnostic,128,128,252,284,1.417215943,1.430600000,0.044200000,0.000000000
sample,fixed_single,ordered4,128,128,253,284,1.467391968,1.495100000,0.130700000,0.027600000
sample,fixed_single,original,128,128,253,284,1.394688010,1.411700000,0.113100000,0.036600000
sample,fixed_single,ordered4_fixed_diagnostic,128,128,253,284,1.421311975,1.433100000,0.060500000,0.000000000
sample,fixed_single,original,128,128,254,284,1.353728056,1.366300000,0.055000000,0.008100000
sample,fixed_single,ordered4,128,128,254,284,1.454079986,1.473700000,0.088900000,0.026700000
sample,fixed_single,ordered4_fixed_diagnostic,128,128,254,284,1.419263959,1.429300000,0.051100000,0.000000000
sample,fixed_single,ordered4,128,128,255,284,1.427456021,1.437200000,0.080900000,0.008000000
sample,fixed_single,original,128,128,255,284,1.358847976,1.368800000,0.062100000,0.013700000
sample,fixed_single,ordered4_fixed_diagnostic,128,128,255,284,1.420287967,1.430100000,0.046800000,0.000000000
sample,fixed_batch16,original,128,128,0,284,1.345216036,1.349443750,0.066943750,0.000000000
sample,fixed_batch16,ordered4,128,128,0,284,1.418496013,1.421800000,0.087743750,0.000000000
sample,fixed_batch16,ordered4,128,128,1,284,1.415871978,1.417637500,0.054581250,0.000000000
sample,fixed_batch16,original,128,128,1,284,1.343999982,1.346643750,0.053287500,0.000000000
sample,fixed_batch16,original,128,128,2,284,1.344447970,1.347387500,0.065275000,0.000000000
sample,fixed_batch16,ordered4,128,128,2,284,1.418367982,1.420562500,0.068668750,0.000000000
sample,fixed_batch16,ordered4,128,128,3,284,1.416383982,1.419081250,0.072237500,0.000000000
sample,fixed_batch16,original,128,128,3,284,1.343680024,1.346418750,0.054887500,0.000000000
sample,fixed_batch16,original,128,128,4,284,1.344895959,1.352462500,0.074056250,0.000000000
sample,fixed_batch16,ordered4,128,128,4,284,1.419072032,1.422606250,0.054037500,0.000000000
sample,fixed_batch16,ordered4,128,128,5,284,1.417664051,1.421693750,0.067625000,0.000000000
sample,fixed_batch16,original,128,128,5,284,1.344447970,1.348162500,0.068306250,0.000000000
sample,fixed_batch16,original,128,128,6,284,1.346367955,1.351112500,0.075325000,0.000000000
sample,fixed_batch16,ordered4,128,128,6,284,1.416512012,1.419575000,0.068643750,0.000000000
sample,fixed_batch16,ordered4,128,128,7,284,1.416049957,1.418756250,0.053968750,0.000000000
sample,fixed_batch16,original,128,128,7,284,1.343487978,1.346168750,0.059100000,0.000000000
sample,fixed_batch16,original,128,128,8,284,1.344761968,1.347581250,0.063506250,0.000000000
sample,fixed_batch16,ordered4,128,128,8,284,1.417407990,1.419825000,0.051050000,0.000000000
sample,fixed_batch16,ordered4,128,128,9,284,1.415935993,1.418768750,0.048556250,0.000000000
sample,fixed_batch16,original,128,128,9,284,1.344895959,1.348162500,0.060118750,0.000000000
sample,fixed_batch16,original,128,128,10,284,1.343359947,1.346131250,0.054050000,0.000000000
sample,fixed_batch16,ordered4,128,128,10,284,1.415935993,1.418643750,0.051037500,0.000000000
sample,fixed_batch16,ordered4,128,128,11,284,1.416051984,1.418787500,0.050875000,0.000000000
sample,fixed_batch16,original,128,128,11,284,1.343284011,1.345568750,0.051000000,0.000000000
sample,fixed_batch16,original,128,128,12,284,1.342272043,1.344418750,0.050881250,0.000000000
sample,fixed_batch16,ordered4,128,128,12,284,1.419648051,1.423968750,0.083431250,0.000000000
sample,fixed_batch16,ordered4,128,128,13,284,1.417520046,1.419968750,0.057231250,0.000000000
sample,fixed_batch16,original,128,128,13,284,1.344383955,1.346343750,0.075312500,0.000000000
sample,fixed_batch16,original,128,128,14,284,1.345216036,1.348675000,0.068231250,0.000000000
sample,fixed_batch16,ordered4,128,128,14,284,1.417855978,1.421600000,0.065700000,0.000000000
sample,fixed_batch16,ordered4,128,128,15,284,1.417343974,1.421906250,0.059168750,0.000000000
sample,fixed_batch16,original,128,128,15,284,1.344959974,1.347643750,0.068825000,0.000000000
sample,fixed_batch16,original,128,128,16,284,1.345088005,1.348718750,0.063368750,0.000000000
sample,fixed_batch16,ordered4,128,128,16,284,1.416000009,1.418668750,0.050256250,0.000000000
sample,fixed_batch16,ordered4,128,128,17,284,1.418688059,1.423106250,0.078650000,0.000000000
sample,fixed_batch16,original,128,128,17,284,1.343616009,1.346931250,0.052362500,0.000000000
sample,fixed_batch16,original,128,128,18,284,1.347264051,1.352512500,0.069625000,0.000000000
sample,fixed_batch16,ordered4,128,128,18,284,1.418239951,1.422112500,0.047681250,0.000000000
sample,fixed_batch16,ordered4,128,128,19,284,1.415935993,1.419118750,0.051156250,0.000000000
sample,fixed_batch16,original,128,128,19,284,1.343232036,1.346250000,0.061537500,0.000000000
sample,fixed_batch16,original,128,128,20,284,1.344063997,1.347487500,0.067737500,0.000000000
sample,fixed_batch16,ordered4,128,128,20,284,1.416831970,1.419550000,0.054950000,0.000000000
sample,fixed_batch16,ordered4,128,128,21,284,1.415807962,1.418950000,0.049487500,0.000000000
sample,fixed_batch16,original,128,128,21,284,1.345983982,1.350581250,0.091331250,0.000000000
sample,fixed_batch16,original,128,128,22,284,1.345600009,1.349043750,0.071750000,0.000000000
sample,fixed_batch16,ordered4,128,128,22,284,1.419391990,1.424181250,0.073418750,0.000000000
sample,fixed_batch16,ordered4,128,128,23,284,1.417152047,1.419406250,0.066156250,0.000000000
sample,fixed_batch16,original,128,128,23,284,1.344128013,1.346056250,0.043175000,0.000000000
sample,fixed_batch16,original,128,128,24,284,1.346176028,1.349500000,0.058325000,0.000000000
sample,fixed_batch16,ordered4,128,128,24,284,1.418303967,1.420100000,0.050150000,0.000000000
sample,fixed_batch16,ordered4,128,128,25,284,1.419711947,1.424081250,0.063793750,0.000000000
sample,fixed_batch16,original,128,128,25,284,1.346240044,1.350112500,0.060831250,0.000000000
sample,fixed_batch16,original,128,128,26,284,1.346431971,1.349668750,0.055125000,0.000000000
sample,fixed_batch16,ordered4,128,128,26,284,1.417215943,1.418762500,0.041225000,0.000000000
sample,fixed_batch16,ordered4,128,128,27,284,1.418560028,1.421268750,0.051600000,0.000000000
sample,fixed_batch16,original,128,128,27,284,1.344768047,1.347606250,0.044400000,0.000000000
sample,fixed_batch16,original,128,128,28,284,1.345855951,1.348806250,0.061987500,0.000000000
sample,fixed_batch16,ordered4,128,128,28,284,1.418367982,1.420106250,0.051237500,0.000000000
sample,fixed_batch16,ordered4,128,128,29,284,1.417855978,1.420625000,0.058518750,0.000000000
sample,fixed_batch16,original,128,128,29,284,1.344895959,1.348643750,0.056018750,0.000000000
sample,fixed_batch16,original,128,128,30,284,1.348544002,1.353537500,0.070956250,0.000000000
sample,fixed_batch16,ordered4,128,128,30,284,1.419903994,1.424175000,0.078668750,0.000000000
sample,fixed_batch16,ordered4,128,128,31,284,1.417727947,1.420850000,0.055043750,0.000000000
sample,fixed_batch16,original,128,128,31,284,1.345471978,1.348743750,0.063581250,0.000000000
sample,fixed_batch16,original,128,128,32,284,1.346240044,1.350462500,0.064531250,0.000000000
sample,fixed_batch16,ordered4,128,128,32,284,1.419199944,1.423056250,0.063025000,0.000000000
sample,fixed_batch16,ordered4,128,128,33,284,1.422207952,1.427256250,0.069087500,0.000000000
sample,fixed_batch16,original,128,128,33,284,1.346240044,1.349793750,0.062362500,0.000000000
sample,fixed_batch16,original,128,128,34,284,1.344576001,1.347200000,0.052968750,0.000000000
sample,fixed_batch16,ordered4,128,128,34,284,1.417343974,1.420200000,0.060862500,0.000000000
sample,fixed_batch16,ordered4,128,128,35,284,1.419968009,1.424250000,0.063750000,0.000000000
sample,fixed_batch16,original,128,128,35,284,1.348096013,1.352106250,0.079906250,0.000000000
sample,fixed_batch16,original,128,128,36,284,1.344640017,1.347487500,0.061637500,0.000000000
sample,fixed_batch16,ordered4,128,128,36,284,1.419072032,1.423181250,0.066043750,0.000000000
sample,fixed_batch16,ordered4,128,128,37,284,1.422399998,1.428393750,0.076887500,0.000000000
sample,fixed_batch16,original,128,128,37,284,1.347200036,1.350718750,0.062787500,0.000000000
sample,fixed_batch16,original,128,128,38,284,1.345533967,1.349306250,0.062981250,0.000000000
sample,fixed_batch16,ordered4,128,128,38,284,1.419263959,1.422831250,0.054375000,0.000000000
sample,fixed_batch16,ordered4,128,128,39,284,1.421952009,1.427106250,0.107900000,0.000000000
sample,fixed_batch16,original,128,128,39,284,1.344640017,1.347656250,0.069150000,0.000000000
sample,fixed_batch16,original,128,128,40,284,1.345600009,1.348725000,0.067268750,0.000000000
sample,fixed_batch16,ordered4,128,128,40,284,1.417855978,1.421237500,0.056900000,0.000000000
sample,fixed_batch16,ordered4,128,128,41,284,1.417984009,1.420987500,0.057868750,0.000000000
sample,fixed_batch16,original,128,128,41,284,1.344375968,1.347450000,0.050868750,0.000000000
sample,fixed_batch16,original,128,128,42,284,1.347967982,1.352006250,0.082618750,0.000000000
sample,fixed_batch16,ordered4,128,128,42,284,1.418751955,1.420900000,0.061262500,0.000000000
sample,fixed_batch16,ordered4,128,128,43,284,1.419199944,1.422162500,0.049562500,0.000000000
sample,fixed_batch16,original,128,128,43,284,1.348670006,1.352181250,0.066475000,0.000000000
sample,fixed_batch16,original,128,128,44,284,1.344447970,1.346037500,0.049475000,0.000000000
sample,fixed_batch16,ordered4,128,128,44,284,1.417152047,1.418925000,0.042750000,0.000000000
sample,fixed_batch16,ordered4,128,128,45,284,1.418431997,1.421637500,0.052712500,0.000000000
sample,fixed_batch16,original,128,128,45,284,1.346495986,1.350018750,0.077106250,0.000000000
sample,fixed_batch16,original,128,128,46,284,1.346943974,1.350593750,0.080262500,0.000000000
sample,fixed_batch16,ordered4,128,128,46,284,1.417343974,1.420206250,0.049137500,0.000000000
sample,fixed_batch16,ordered4,128,128,47,284,1.417984009,1.420837500,0.047875000,0.000000000
sample,fixed_batch16,original,128,128,47,284,1.345855951,1.349018750,0.049781250,0.000000000
sample,fixed_batch16,original,128,128,48,284,1.344768047,1.348006250,0.054475000,0.000000000
sample,fixed_batch16,ordered4,128,128,48,284,1.417791963,1.420656250,0.053381250,0.000000000
sample,fixed_batch16,ordered4,128,128,49,284,1.417655945,1.419731250,0.054406250,0.000000000
sample,fixed_batch16,original,128,128,49,284,1.344640017,1.347731250,0.052662500,0.000000000
sample,fixed_single,original,512,512,0,837,1.651711941,1.682700000,0.110000000,0.032100000
sample,fixed_single,ordered4,512,512,0,837,1.940479994,1.970100000,0.096700000,0.028900000
sample,fixed_single,ordered4_fixed_diagnostic,512,512,0,837,1.907711983,1.935800000,0.066800000,0.000000000
sample,fixed_single,ordered4,512,512,1,837,1.948672056,1.978000000,0.107500000,0.032400000
sample,fixed_single,original,512,512,1,837,1.646592021,1.669700000,0.102900000,0.030900000
sample,fixed_single,ordered4_fixed_diagnostic,512,512,1,837,1.914592028,1.940500000,0.071700000,0.000000000
sample,fixed_single,original,512,512,2,837,1.665984035,1.711500000,0.128600000,0.039100000
sample,fixed_single,ordered4,512,512,2,837,1.936383963,1.962300000,0.087900000,0.026300000
sample,fixed_single,ordered4_fixed_diagnostic,512,512,2,837,1.900544047,1.919000000,0.055800000,0.000000000
sample,fixed_single,ordered4,512,512,3,837,1.942528009,1.967000000,0.104400000,0.031400000
sample,fixed_single,original,512,512,3,837,1.648640037,1.677100000,0.105700000,0.031100000
sample,fixed_single,ordered4_fixed_diagnostic,512,512,3,837,1.909759998,1.944500000,0.084200000,0.000000000
sample,fixed_single,original,512,512,4,837,1.659904003,1.720300000,0.118700000,0.040400000
sample,fixed_single,ordered4,512,512,4,837,1.954784036,2.036500000,0.114700000,0.027400000
sample,fixed_single,ordered4_fixed_diagnostic,512,512,4,837,1.950623989,2.007900000,0.102000000,0.000000000
sample,fixed_single,ordered4,512,512,5,837,1.960960031,2.032500000,0.129100000,0.026100000
sample,fixed_single,original,512,512,5,837,1.685503960,1.759200000,0.141900000,0.034900000
sample,fixed_single,ordered4_fixed_diagnostic,512,512,5,837,1.943552017,2.007700000,0.144900000,0.000000000
sample,fixed_single,original,512,512,6,837,1.683455944,1.718200000,0.175600000,0.068500000
sample,fixed_single,ordered4,512,512,6,837,1.975296021,2.008700000,0.155000000,0.056400000
sample,fixed_single,ordered4_fixed_diagnostic,512,512,6,837,1.901568055,1.920100000,0.058200000,0.000000000
sample,fixed_single,ordered4,512,512,7,837,1.954815984,1.980100000,0.115500000,0.041200000
sample,fixed_single,original,512,512,7,837,1.655807972,1.679000000,0.116400000,0.040900000
sample,fixed_single,ordered4_fixed_diagnostic,512,512,7,837,1.902464032,1.919600000,0.065400000,0.000000000
sample,fixed_single,original,512,512,8,837,1.644544005,1.672900000,0.098100000,0.030400000
sample,fixed_single,ordered4,512,512,8,837,1.964032054,1.992400000,0.141300000,0.048500000
sample,fixed_single,ordered4_fixed_diagnostic,512,512,8,837,1.906687975,1.929500000,0.065100000,0.000000000
sample,fixed_single,ordered4,512,512,9,837,1.946496010,1.982200000,0.106000000,0.034000000
sample,fixed_single,original,512,512,9,837,1.654783964,1.679000000,0.114900000,0.037000000
sample,fixed_single,ordered4_fixed_diagnostic,512,512,9,837,1.930240035,1.963100000,0.085100000,0.000000000
sample,fixed_single,original,512,512,10,837,1.638272047,1.667500000,0.083400000,0.028800000
sample,fixed_single,ordered4,512,512,10,837,1.953791976,1.985600000,0.143900000,0.035900000
sample,fixed_single,ordered4_fixed_diagnostic,512,512,10,837,1.909759998,1.945000000,0.060100000,0.000000000
sample,fixed_single,ordered4,512,512,11,837,1.926144004,1.940600000,0.072100000,0.025800000
sample,fixed_single,original,512,512,11,837,1.673215985,1.708300000,0.138800000,0.048200000
sample,fixed_single,ordered4_fixed_diagnostic,512,512,11,837,1.921023965,1.968900000,0.100600000,0.000000000
sample,fixed_single,original,512,512,12,837,1.652608037,1.672500000,0.112000000,0.036000000
sample,fixed_single,ordered4,512,512,12,837,1.935135961,1.958800000,0.097400000,0.024200000
sample,fixed_single,ordered4_fixed_diagnostic,512,512,12,837,1.908735991,1.939600000,0.070200000,0.000000000
sample,fixed_single,ordered4,512,512,13,837,1.934335947,1.968300000,0.082900000,0.026400000
sample,fixed_single,original,512,512,13,837,1.654623985,1.678600000,0.111100000,0.032800000
sample,fixed_single,ordered4_fixed_diagnostic,512,512,13,837,1.913856030,1.943200000,0.080400000,0.000000000
sample,fixed_single,original,512,512,14,837,1.660928011,1.703800000,0.118600000,0.036300000
sample,fixed_single,ordered4,512,512,14,837,1.946591973,1.979600000,0.105000000,0.034400000
sample,fixed_single,ordered4_fixed_diagnostic,512,512,14,837,1.911808014,1.956200000,0.075800000,0.000000000
sample,fixed_single,ordered4,512,512,15,837,1.941504002,1.980700000,0.092800000,0.031600000
sample,fixed_single,original,512,512,15,837,1.653759956,1.691500000,0.110300000,0.033800000
sample,fixed_single,ordered4_fixed_diagnostic,512,512,15,837,1.915904045,2.001500000,0.078100000,0.000000000
sample,fixed_single,original,512,512,16,837,1.651711941,1.680700000,0.091500000,0.030500000
sample,fixed_single,ordered4,512,512,16,837,1.933312058,1.953300000,0.084300000,0.027100000
sample,fixed_single,ordered4_fixed_diagnostic,512,512,16,837,1.916928053,1.960200000,0.077500000,0.000000000
sample,fixed_single,ordered4,512,512,17,837,1.963008046,2.008600000,0.126500000,0.038800000
sample,fixed_single,original,512,512,17,837,1.657824039,1.699000000,0.123000000,0.034800000
sample,fixed_single,ordered4_fixed_diagnostic,512,512,17,837,1.912832022,1.949700000,0.093600000,0.000000000
sample,fixed_single,original,512,512,18,837,1.658879995,1.692500000,0.117300000,0.038200000
sample,fixed_single,ordered4,512,512,18,837,1.948672056,1.984300000,0.108800000,0.036100000
sample,fixed_single,ordered4_fixed_diagnostic,512,512,18,837,1.913856030,1.937000000,0.071500000,0.000000000
sample,fixed_single,ordered4,512,512,19,837,1.933312058,1.959000000,0.093200000,0.029000000
sample,fixed_single,original,512,512,19,837,1.642400026,1.677800000,0.089000000,0.028900000
sample,fixed_single,ordered4_fixed_diagnostic,512,512,19,837,1.904639959,1.926900000,0.064600000,0.000000000
sample,fixed_single,original,512,512,20,837,1.646592021,1.672000000,0.102800000,0.027600000
sample,fixed_single,ordered4,512,512,20,837,1.938431978,1.968100000,0.088800000,0.025800000
sample,fixed_single,ordered4_fixed_diagnostic,512,512,20,837,1.903615952,1.932400000,0.052500000,0.000000000
sample,fixed_single,ordered4,512,512,21,837,1.929216027,1.955600000,0.073400000,0.020100000
sample,fixed_single,original,512,512,21,837,1.637375951,1.664100000,0.086600000,0.027100000
sample,fixed_single,ordered4_fixed_diagnostic,512,512,21,837,1.903615952,1.925600000,0.052000000,0.000000000
sample,fixed_single,original,512,512,22,837,1.649536014,1.676900000,0.096600000,0.034600000
sample,fixed_single,ordered4,512,512,22,837,1.949568033,1.978900000,0.107900000,0.033300000
sample,fixed_single,ordered4_fixed_diagnostic,512,512,22,837,1.918975949,1.947300000,0.066300000,0.000000000
sample,fixed_single,ordered4,512,512,23,837,1.932288051,1.961800000,0.085400000,0.025400000
sample,fixed_single,original,512,512,23,837,1.654783964,1.683900000,0.102700000,0.029200000
sample,fixed_single,ordered4_fixed_diagnostic,512,512,23,837,1.915904045,1.962800000,0.082600000,0.000000000
sample,fixed_single,original,512,512,24,837,1.640447974,1.658900000,0.091700000,0.029200000
sample,fixed_single,ordered4,512,512,24,837,1.934335947,1.956400000,0.098500000,0.029800000
sample,fixed_single,ordered4_fixed_diagnostic,512,512,24,837,1.914880037,1.957400000,0.112800000,0.000000000
sample,fixed_single,ordered4,512,512,25,837,1.939455986,1.979800000,0.085300000,0.029500000
sample,fixed_single,original,512,512,25,837,1.653759956,1.684500000,0.106600000,0.033000000
sample,fixed_single,ordered4_fixed_diagnostic,512,512,25,837,1.904639959,1.928700000,0.060600000,0.000000000
sample,fixed_single,original,512,512,26,837,1.643519998,1.663100000,0.088800000,0.030800000
sample,fixed_single,ordered4,512,512,26,837,1.922047973,1.933100000,0.070200000,0.021000000
sample,fixed_single,ordered4_fixed_diagnostic,512,512,26,837,1.903615952,1.920600000,0.060200000,0.000000000
sample,fixed_single,ordered4,512,512,27,837,1.927168012,1.944700000,0.102000000,0.025000000
sample,fixed_single,original,512,512,27,837,1.640447974,1.655200000,0.095200000,0.031700000
sample,fixed_single,ordered4_fixed_diagnostic,512,512,27,837,1.906687975,1.940100000,0.070600000,0.000000000
sample,fixed_single,original,512,512,28,837,1.656831980,1.699700000,0.117200000,0.035000000
sample,fixed_single,ordered4,512,512,28,837,1.927168012,1.945000000,0.070900000,0.021700000
sample,fixed_single,ordered4_fixed_diagnostic,512,512,28,837,1.897472024,1.908600000,0.041400000,0.000000000
sample,fixed_single,ordered4,512,512,29,837,1.926144004,1.944200000,0.071800000,0.020000000
sample,fixed_single,original,512,512,29,837,1.627135992,1.639000000,0.070700000,0.019800000
sample,fixed_single,ordered4_fixed_diagnostic,512,512,29,837,1.917951941,1.941700000,0.066600000,0.000000000
sample,fixed_single,original,512,512,30,837,1.650624037,1.664900000,0.098200000,0.038700000
sample,fixed_single,ordered4,512,512,30,837,1.918975949,1.929100000,0.069300000,0.018600000
sample,fixed_single,ordered4_fixed_diagnostic,512,512,30,837,1.896448016,1.906500000,0.040100000,0.000000000
sample,fixed_single,ordered4,512,512,31,837,1.910784006,1.921500000,0.057200000,0.009700000
sample,fixed_single,original,512,512,31,837,1.628160000,1.638000000,0.079300000,0.020100000
sample,fixed_single,ordered4_fixed_diagnostic,512,512,31,837,1.896319985,1.904800000,0.043700000,0.000000000
sample,fixed_single,original,512,512,32,837,1.610751987,1.620900000,0.052700000,0.009100000
sample,fixed_single,ordered4,512,512,32,837,1.910784006,1.922100000,0.060400000,0.013800000
sample,fixed_single,ordered4_fixed_diagnostic,512,512,32,837,1.899520040,1.915000000,0.050500000,0.000000000
sample,fixed_single,ordered4,512,512,33,837,1.924095988,1.942800000,0.073700000,0.019600000
sample,fixed_single,original,512,512,33,837,1.646592021,1.673000000,0.092900000,0.028300000
sample,fixed_single,ordered4_fixed_diagnostic,512,512,33,837,1.898368001,1.911400000,0.047400000,0.000000000
sample,fixed_single,original,512,512,34,837,1.626111984,1.647200000,0.067300000,0.014900000
sample,fixed_single,ordered4,512,512,34,837,1.925119996,1.941500000,0.073700000,0.021400000
sample,fixed_single,ordered4_fixed_diagnostic,512,512,34,837,1.909759998,1.944900000,0.066600000,0.000000000
sample,fixed_single,ordered4,512,512,35,837,1.936383963,1.952400000,0.088200000,0.029500000
sample,fixed_single,original,512,512,35,837,1.653759956,1.684800000,0.130100000,0.041100000
sample,fixed_single,ordered4_fixed_diagnostic,512,512,35,837,1.914880037,1.951900000,0.091100000,0.000000000
sample,fixed_single,original,512,512,36,837,1.634304047,1.646900000,0.081200000,0.026100000
sample,fixed_single,ordered4,512,512,36,837,1.916831970,1.925900000,0.066100000,0.018400000
sample,fixed_single,ordered4_fixed_diagnostic,512,512,36,837,1.899520040,1.912700000,0.044700000,0.000000000
sample,fixed_single,ordered4,512,512,37,837,1.914880037,1.924800000,0.060200000,0.015100000
sample,fixed_single,original,512,512,37,837,1.622879982,1.633800000,0.064100000,0.017200000
sample,fixed_single,ordered4_fixed_diagnostic,512,512,37,837,1.895424008,1.906700000,0.049300000,0.000000000
sample,fixed_single,original,512,512,38,837,1.616896033,1.626700000,0.056400000,0.010300000
sample,fixed_single,ordered4,512,512,38,837,1.918975949,1.931500000,0.066100000,0.014400000
sample,fixed_single,ordered4_fixed_diagnostic,512,512,38,837,1.895424008,1.909300000,0.045700000,0.000000000
sample,fixed_single,ordered4,512,512,39,837,1.937407970,1.968900000,0.099900000,0.028700000
sample,fixed_single,original,512,512,39,837,1.633280039,1.652000000,0.078300000,0.025200000
sample,fixed_single,ordered4_fixed_diagnostic,512,512,39,837,1.909600019,1.948300000,0.069900000,0.000000000
sample,fixed_single,original,512,512,40,837,1.649664044,1.687000000,0.094900000,0.028900000
sample,fixed_single,ordered4,512,512,40,837,1.924095988,1.937900000,0.073600000,0.020000000
sample,fixed_single,ordered4_fixed_diagnostic,512,512,40,837,1.900544047,1.917600000,0.046500000,0.000000000
sample,fixed_single,ordered4,512,512,41,837,1.960960031,2.004700000,0.124200000,0.035300000
sample,fixed_single,original,512,512,41,837,1.637375951,1.653600000,0.082000000,0.025000000
sample,fixed_single,ordered4_fixed_diagnostic,512,512,41,837,1.898303986,1.907900000,0.045600000,0.000000000
sample,fixed_single,original,512,512,42,837,1.626111984,1.646200000,0.082200000,0.018900000
sample,fixed_single,ordered4,512,512,42,837,1.917951941,1.933300000,0.087100000,0.019600000
sample,fixed_single,ordered4_fixed_diagnostic,512,512,42,837,1.899327993,1.910600000,0.066200000,0.000000000
sample,fixed_single,ordered4,512,512,43,837,1.914880037,1.928900000,0.060500000,0.015500000
sample,fixed_single,original,512,512,43,837,1.634304047,1.649600000,0.096000000,0.022000000
sample,fixed_single,ordered4_fixed_diagnostic,512,512,43,837,1.902591944,1.916100000,0.069100000,0.000000000
sample,fixed_single,original,512,512,44,837,1.624063969,1.640100000,0.103200000,0.021400000
sample,fixed_single,ordered4,512,512,44,837,1.935359955,1.952600000,0.103200000,0.030700000
sample,fixed_single,ordered4_fixed_diagnostic,512,512,44,837,1.898496032,1.914800000,0.046900000,0.000000000
sample,fixed_single,ordered4,512,512,45,837,1.927168012,1.963100000,0.074200000,0.021000000
sample,fixed_single,original,512,512,45,837,1.647616029,1.679000000,0.096100000,0.030600000
sample,fixed_single,ordered4_fixed_diagnostic,512,512,45,837,1.899520040,1.914400000,0.054000000,0.000000000
sample,fixed_single,original,512,512,46,837,1.627135992,1.641100000,0.105300000,0.017200000
sample,fixed_single,ordered4,512,512,46,837,1.930240035,1.950300000,0.079900000,0.024500000
sample,fixed_single,ordered4_fixed_diagnostic,512,512,46,837,1.907711983,1.943100000,0.058200000,0.000000000
sample,fixed_single,ordered4,512,512,47,837,1.931040049,1.945200000,0.075300000,0.025400000
sample,fixed_single,original,512,512,47,837,1.628160000,1.642200000,0.075100000,0.022900000
sample,fixed_single,ordered4_fixed_diagnostic,512,512,47,837,1.897472024,1.913400000,0.044800000,0.000000000
sample,fixed_single,original,512,512,48,837,1.617920041,1.631100000,0.107100000,0.016900000
sample,fixed_single,ordered4,512,512,48,837,1.928192019,1.943900000,0.076400000,0.019400000
sample,fixed_single,ordered4_fixed_diagnostic,512,512,48,837,1.904639959,1.924500000,0.058600000,0.000000000
sample,fixed_single,ordered4,512,512,49,837,1.919999957,1.931200000,0.066300000,0.018800000
sample,fixed_single,original,512,512,49,837,1.627135992,1.636200000,0.070900000,0.021200000
sample,fixed_single,ordered4_fixed_diagnostic,512,512,49,837,1.901568055,1.910500000,0.044200000,0.000000000
sample,fixed_single,original,512,512,50,837,1.610751987,1.621100000,0.049800000,0.009300000
sample,fixed_single,ordered4,512,512,50,837,1.924031973,1.939100000,0.071800000,0.020200000
sample,fixed_single,ordered4_fixed_diagnostic,512,512,50,837,1.899520040,1.917100000,0.043300000,0.000000000
sample,fixed_single,ordered4,512,512,51,837,1.911808014,1.924500000,0.083200000,0.014300000
sample,fixed_single,original,512,512,51,837,1.622975945,1.636900000,0.088700000,0.018700000
sample,fixed_single,ordered4_fixed_diagnostic,512,512,51,837,1.928096056,1.951700000,0.075300000,0.000000000
sample,fixed_single,original,512,512,52,837,1.655807972,1.693600000,0.113500000,0.035400000
sample,fixed_single,ordered4,512,512,52,837,1.930207968,1.946600000,0.078700000,0.023600000
sample,fixed_single,ordered4_fixed_diagnostic,512,512,52,837,1.900544047,1.919700000,0.048000000,0.000000000
sample,fixed_single,ordered4,512,512,53,837,1.941504002,1.980400000,0.088400000,0.030100000
sample,fixed_single,original,512,512,53,837,1.630208015,1.643100000,0.076100000,0.022300000
sample,fixed_single,ordered4_fixed_diagnostic,512,512,53,837,1.904639959,1.931600000,0.054800000,0.000000000
sample,fixed_single,original,512,512,54,837,1.637215972,1.658400000,0.107000000,0.027800000
sample,fixed_single,ordered4,512,512,54,837,1.941504002,1.961100000,0.091400000,0.033500000
sample,fixed_single,ordered4_fixed_diagnostic,512,512,54,837,1.896448016,1.907300000,0.043100000,0.000000000
sample,fixed_single,ordered4,512,512,55,837,1.910784006,1.923600000,0.055700000,0.011000000
sample,fixed_single,original,512,512,55,837,1.631232023,1.648600000,0.074200000,0.023000000
sample,fixed_single,ordered4_fixed_diagnostic,512,512,55,837,1.896448016,1.907100000,0.044300000,0.000000000
sample,fixed_single,original,512,512,56,837,1.610751987,1.622000000,0.054600000,0.008200000
sample,fixed_single,ordered4,512,512,56,837,1.925119996,1.937100000,0.076500000,0.024100000
sample,fixed_single,ordered4_fixed_diagnostic,512,512,56,837,1.898496032,1.912900000,0.050700000,0.000000000
sample,fixed_single,ordered4,512,512,57,837,1.913856030,1.927000000,0.066400000,0.014100000
sample,fixed_single,original,512,512,57,837,1.631232023,1.643300000,0.081400000,0.023100000
sample,fixed_single,ordered4_fixed_diagnostic,512,512,57,837,1.897472024,1.908300000,0.049700000,0.000000000
sample,fixed_single,original,512,512,58,837,1.614848018,1.625500000,0.053800000,0.010400000
sample,fixed_single,ordered4,512,512,58,837,1.925119996,1.946000000,0.084700000,0.019700000
sample,fixed_single,ordered4_fixed_diagnostic,512,512,58,837,1.915904045,1.956000000,0.084000000,0.000000000
sample,fixed_single,ordered4,512,512,59,837,1.936383963,1.967100000,0.080100000,0.026500000
sample,fixed_single,original,512,512,59,837,1.652608037,1.694000000,0.103800000,0.034000000
sample,fixed_single,ordered4_fixed_diagnostic,512,512,59,837,1.907711983,1.939800000,0.053800000,0.000000000
sample,fixed_single,original,512,512,60,837,1.638368011,1.649400000,0.089300000,0.028700000
sample,fixed_single,ordered4,512,512,60,837,1.921023965,1.932200000,0.071300000,0.019200000
sample,fixed_single,ordered4_fixed_diagnostic,512,512,60,837,1.896448016,1.908800000,0.050300000,0.000000000
sample,fixed_single,ordered4,512,512,61,837,1.918815970,1.931100000,0.069200000,0.015700000
sample,fixed_single,original,512,512,61,837,1.623039961,1.635400000,0.064600000,0.016900000
sample,fixed_single,ordered4_fixed_diagnostic,512,512,61,837,1.900544047,1.918300000,0.052200000,0.000000000
sample,fixed_single,original,512,512,62,837,1.625952005,1.639400000,0.075100000,0.018600000
sample,fixed_single,ordered4,512,512,62,837,1.933184028,1.955000000,0.085100000,0.022900000
sample,fixed_single,ordered4_fixed_diagnostic,512,512,62,837,1.910784006,1.936500000,0.061900000,0.000000000
sample,fixed_single,ordered4,512,512,63,837,1.944576025,1.977800000,0.101200000,0.029500000
sample,fixed_single,original,512,512,63,837,1.641471982,1.670500000,0.101000000,0.027800000
sample,fixed_single,ordered4_fixed_diagnostic,512,512,63,837,1.907487988,1.931100000,0.076500000,0.000000000
sample,fixed_single,original,512,512,64,837,1.647552013,1.666600000,0.098700000,0.031400000
sample,fixed_single,ordered4,512,512,64,837,1.929183960,1.950600000,0.085800000,0.022300000
sample,fixed_single,ordered4_fixed_diagnostic,512,512,64,837,1.911808014,1.959000000,0.069500000,0.000000000
sample,fixed_single,ordered4,512,512,65,837,1.946496010,1.986100000,0.102400000,0.033400000
sample,fixed_single,original,512,512,65,837,1.645568013,1.679700000,0.097000000,0.028800000
sample,fixed_single,ordered4_fixed_diagnostic,512,512,65,837,1.901568055,1.914800000,0.057800000,0.000000000
sample,fixed_single,original,512,512,66,837,1.616896033,1.637600000,0.061300000,0.015500000
sample,fixed_single,ordered4,512,512,66,837,1.935359955,1.974100000,0.087100000,0.029100000
sample,fixed_single,ordered4_fixed_diagnostic,512,512,66,837,1.908735991,1.937000000,0.092500000,0.000000000
sample,fixed_single,ordered4,512,512,67,837,1.934335947,1.953100000,0.079600000,0.025600000
sample,fixed_single,original,512,512,67,837,1.639423966,1.655100000,0.084600000,0.027200000
sample,fixed_single,ordered4_fixed_diagnostic,512,512,67,837,1.899520040,1.913700000,0.046100000,0.000000000
sample,fixed_single,original,512,512,68,837,1.642495990,1.679600000,0.096900000,0.026100000
sample,fixed_single,ordered4,512,512,68,837,1.921023965,1.934200000,0.073300000,0.023800000
sample,fixed_single,ordered4_fixed_diagnostic,512,512,68,837,1.896448016,1.907500000,0.044100000,0.000000000
sample,fixed_single,ordered4,512,512,69,837,1.914880037,1.926100000,0.060100000,0.013500000
sample,fixed_single,original,512,512,69,837,1.633280039,1.651400000,0.077300000,0.024000000
sample,fixed_single,ordered4_fixed_diagnostic,512,512,69,837,1.897472024,1.908600000,0.046700000,0.000000000
sample,fixed_single,original,512,512,70,837,1.624063969,1.638400000,0.066600000,0.017400000
sample,fixed_single,ordered4,512,512,70,837,1.937407970,1.959100000,0.092400000,0.034200000
sample,fixed_single,ordered4_fixed_diagnostic,512,512,70,837,1.913856030,1.949000000,0.066000000,0.000000000
sample,fixed_single,ordered4,512,512,71,837,1.934335947,1.953300000,0.078000000,0.025900000
sample,fixed_single,original,512,512,71,837,1.626111984,1.637600000,0.071700000,0.020200000
sample,fixed_single,ordered4_fixed_diagnostic,512,512,71,837,1.901568055,1.917800000,0.048200000,0.000000000
sample,fixed_single,original,512,512,72,837,1.629184008,1.642500000,0.072700000,0.020300000
sample,fixed_single,ordered4,512,512,72,837,1.943552017,1.968400000,0.105900000,0.028200000
sample,fixed_single,ordered4_fixed_diagnostic,512,512,72,837,1.903615952,1.923700000,0.053700000,0.000000000
sample,fixed_single,ordered4,512,512,73,837,1.939455986,1.966700000,0.096300000,0.028800000
sample,fixed_single,original,512,512,73,837,1.641471982,1.673400000,0.088100000,0.028300000
sample,fixed_single,ordered4_fixed_diagnostic,512,512,73,837,1.899520040,1.914200000,0.050500000,0.000000000
sample,fixed_single,original,512,512,74,837,1.631999969,1.649700000,0.075400000,0.019800000
sample,fixed_single,ordered4,512,512,74,837,1.919999957,1.933200000,0.070300000,0.020600000
sample,fixed_single,ordered4_fixed_diagnostic,512,512,74,837,1.909759998,1.936100000,0.063400000,0.000000000
sample,fixed_single,ordered4,512,512,75,837,1.937407970,1.967800000,0.085700000,0.027300000
sample,fixed_single,original,512,512,75,837,1.630015969,1.642300000,0.077300000,0.023400000
sample,fixed_single,ordered4_fixed_diagnostic,512,512,75,837,1.898496032,1.912500000,0.044600000,0.000000000
sample,fixed_single,original,512,512,76,837,1.625087976,1.647100000,0.068300000,0.021500000
sample,fixed_single,ordered4,512,512,76,837,1.948672056,1.993400000,0.102900000,0.033400000
sample,fixed_single,ordered4_fixed_diagnostic,512,512,76,837,1.911743999,1.962100000,0.083400000,0.000000000
sample,fixed_single,ordered4,512,512,77,837,1.960960031,1.991700000,0.124100000,0.044300000
sample,fixed_single,original,512,512,77,837,1.642495990,1.664900000,0.085700000,0.026300000
sample,fixed_single,ordered4_fixed_diagnostic,512,512,77,837,1.899520040,1.911300000,0.049900000,0.000000000
sample,fixed_single,original,512,512,78,837,1.616896033,1.632100000,0.063600000,0.014200000
sample,fixed_single,ordered4,512,512,78,837,1.930112004,1.947000000,0.080700000,0.022900000
sample,fixed_single,ordered4_fixed_diagnostic,512,512,78,837,1.904479980,1.935100000,0.059100000,0.000000000
sample,fixed_single,ordered4,512,512,79,837,2.117631912,2.152700000,0.282600000,0.026900000
sample,fixed_single,original,512,512,79,837,1.650624037,1.665300000,0.106400000,0.034500000
sample,fixed_single,ordered4_fixed_diagnostic,512,512,79,837,1.900480032,1.911500000,0.045800000,0.000000000
sample,fixed_single,original,512,512,80,837,1.616896033,1.625900000,0.059500000,0.013600000
sample,fixed_single,ordered4,512,512,80,837,1.912832022,1.922600000,0.057400000,0.014000000
sample,fixed_single,ordered4_fixed_diagnostic,512,512,80,837,1.902591944,1.923100000,0.056800000,0.000000000
sample,fixed_single,ordered4,512,512,81,837,1.929216027,1.954500000,0.077300000,0.020000000
sample,fixed_single,original,512,512,81,837,1.631103992,1.646000000,0.073100000,0.021800000
sample,fixed_single,ordered4_fixed_diagnostic,512,512,81,837,1.923071980,1.949100000,0.078000000,0.000000000
sample,fixed_single,original,512,512,82,837,1.634304047,1.658500000,0.079900000,0.025000000
sample,fixed_single,ordered4,512,512,82,837,1.923071980,1.934500000,0.071600000,0.019600000
sample,fixed_single,ordered4_fixed_diagnostic,512,512,82,837,1.902591944,1.917900000,0.046200000,0.000000000
sample,fixed_single,ordered4,512,512,83,837,1.919999957,1.933100000,0.088100000,0.023000000
sample,fixed_single,original,512,512,83,837,1.645568013,1.672900000,0.126800000,0.028900000
sample,fixed_single,ordered4_fixed_diagnostic,512,512,83,837,1.902591944,1.918200000,0.051700000,0.000000000
sample,fixed_single,original,512,512,84,837,1.627135992,1.638500000,0.073500000,0.023000000
sample,fixed_single,ordered4,512,512,84,837,1.917951941,1.933400000,0.073200000,0.018400000
sample,fixed_single,ordered4_fixed_diagnostic,512,512,84,837,1.900544047,1.920500000,0.048300000,0.000000000
sample,fixed_single,ordered4,512,512,85,837,1.930240035,1.950800000,0.082400000,0.021200000
sample,fixed_single,original,512,512,85,837,1.676288009,1.699200000,0.138400000,0.054700000
sample,fixed_single,ordered4_fixed_diagnostic,512,512,85,837,1.909759998,1.939200000,0.066900000,0.000000000
sample,fixed_single,original,512,512,86,837,1.648640037,1.672000000,0.106000000,0.034400000
sample,fixed_single,ordered4,512,512,86,837,1.945536017,1.970300000,0.103600000,0.031700000
sample,fixed_single,ordered4_fixed_diagnostic,512,512,86,837,1.903615952,1.918200000,0.058000000,0.000000000
sample,fixed_single,ordered4,512,512,87,837,1.929216027,1.950000000,0.076100000,0.022400000
sample,fixed_single,original,512,512,87,837,1.659904003,1.683000000,0.126100000,0.045400000
sample,fixed_single,ordered4_fixed_diagnostic,512,512,87,837,1.907711983,1.926500000,0.077500000,0.000000000
sample,fixed_single,original,512,512,88,837,1.648640037,1.673300000,0.101000000,0.031400000
sample,fixed_single,ordered4,512,512,88,837,1.937247992,1.950900000,0.088500000,0.026400000
sample,fixed_single,ordered4_fixed_diagnostic,512,512,88,837,1.900544047,1.917500000,0.057600000,0.000000000
sample,fixed_single,ordered4,512,512,89,837,1.955839992,1.982700000,0.121400000,0.042900000
sample,fixed_single,original,512,512,89,837,1.646592021,1.664200000,0.102800000,0.032900000
sample,fixed_single,ordered4_fixed_diagnostic,512,512,89,837,1.902591944,1.921100000,0.060300000,0.000000000
sample,fixed_single,original,512,512,90,837,1.633280039,1.647200000,0.082700000,0.026100000
sample,fixed_single,ordered4,512,512,90,837,1.931264043,1.946400000,0.087300000,0.026800000
sample,fixed_single,ordered4_fixed_diagnostic,512,512,90,837,1.899520040,1.914000000,0.053600000,0.000000000
sample,fixed_single,ordered4,512,512,91,837,1.938431978,1.964600000,0.125800000,0.033700000
sample,fixed_single,original,512,512,91,837,1.691648006,1.709800000,0.156400000,0.060500000
sample,fixed_single,ordered4_fixed_diagnostic,512,512,91,837,1.900320053,1.913700000,0.062000000,0.000000000
sample,fixed_single,original,512,512,92,837,1.644544005,1.664200000,0.104200000,0.031300000
sample,fixed_single,ordered4,512,512,92,837,1.941504002,1.961200000,0.105500000,0.030100000
sample,fixed_single,ordered4_fixed_diagnostic,512,512,92,837,1.910784006,1.945200000,0.069200000,0.000000000
sample,fixed_single,ordered4,512,512,93,837,1.951743960,1.985700000,0.106100000,0.040400000
sample,fixed_single,original,512,512,93,837,1.667072058,1.689500000,0.143200000,0.053700000
sample,fixed_single,ordered4_fixed_diagnostic,512,512,93,837,1.901568055,1.918700000,0.059300000,0.000000000
sample,fixed_single,original,512,512,94,837,1.643519998,1.659300000,0.103800000,0.030700000
sample,fixed_single,ordered4,512,512,94,837,1.945600033,1.959200000,0.109600000,0.040100000
sample,fixed_single,ordered4_fixed_diagnostic,512,512,94,837,1.902591944,1.919600000,0.074800000,0.000000000
sample,fixed_single,ordered4,512,512,95,837,1.936383963,1.959000000,0.092700000,0.028500000
sample,fixed_single,original,512,512,95,837,1.649664044,1.678800000,0.105200000,0.031200000
sample,fixed_single,ordered4_fixed_diagnostic,512,512,95,837,1.904639959,1.936300000,0.064000000,0.000000000
sample,fixed_single,original,512,512,96,837,1.641471982,1.661400000,0.097500000,0.031000000
sample,fixed_single,ordered4,512,512,96,837,1.934335947,1.952800000,0.094600000,0.029100000
sample,fixed_single,ordered4_fixed_diagnostic,512,512,96,837,1.901440024,1.917800000,0.072500000,0.000000000
sample,fixed_single,ordered4,512,512,97,837,1.928192019,1.942300000,0.081500000,0.022800000
sample,fixed_single,original,512,512,97,837,1.637215972,1.651400000,0.090600000,0.026600000
sample,fixed_single,ordered4_fixed_diagnostic,512,512,97,837,1.901568055,1.917700000,0.080200000,0.000000000
sample,fixed_single,original,512,512,98,837,1.668095946,1.689800000,0.132800000,0.041700000
sample,fixed_single,ordered4,512,512,98,837,1.936383963,1.951000000,0.100200000,0.029600000
sample,fixed_single,ordered4_fixed_diagnostic,512,512,98,837,1.901568055,1.914600000,0.054500000,0.000000000
sample,fixed_single,ordered4,512,512,99,837,1.930240035,1.944500000,0.090000000,0.025300000
sample,fixed_single,original,512,512,99,837,1.648447990,1.663500000,0.098900000,0.036700000
sample,fixed_single,ordered4_fixed_diagnostic,512,512,99,837,1.901568055,1.917100000,0.058600000,0.000000000
sample,fixed_single,original,512,512,100,837,1.633280039,1.649700000,0.094000000,0.022700000
sample,fixed_single,ordered4,512,512,100,837,1.935359955,1.959100000,0.081100000,0.025900000
sample,fixed_single,ordered4_fixed_diagnostic,512,512,100,837,1.903615952,1.920500000,0.062400000,0.000000000
sample,fixed_single,ordered4,512,512,101,837,1.934335947,1.951000000,0.094600000,0.027600000
sample,fixed_single,original,512,512,101,837,1.640447974,1.664100000,0.104200000,0.026800000
sample,fixed_single,ordered4_fixed_diagnostic,512,512,101,837,1.898496032,1.913900000,0.065600000,0.000000000
sample,fixed_single,original,512,512,102,837,1.626111984,1.642000000,0.088100000,0.019100000
sample,fixed_single,ordered4,512,512,102,837,1.930240035,1.946200000,0.091800000,0.025700000
sample,fixed_single,ordered4_fixed_diagnostic,512,512,102,837,1.900544047,1.921100000,0.068600000,0.000000000
sample,fixed_single,ordered4,512,512,103,837,1.939455986,1.960100000,0.102600000,0.028000000
sample,fixed_single,original,512,512,103,837,1.653759956,1.675400000,0.122500000,0.035900000
sample,fixed_single,ordered4_fixed_diagnostic,512,512,103,837,1.908735991,1.929600000,0.075600000,0.000000000
sample,fixed_single,original,512,512,104,837,1.652735949,1.670900000,0.119100000,0.037200000
sample,fixed_single,ordered4,512,512,104,837,1.943552017,1.961200000,0.109100000,0.034900000
sample,fixed_single,ordered4_fixed_diagnostic,512,512,104,837,1.906687975,1.929500000,0.076700000,0.000000000
sample,fixed_single,ordered4,512,512,105,837,1.945600033,1.963800000,0.111900000,0.034700000
sample,fixed_single,original,512,512,105,837,1.645568013,1.662100000,0.120000000,0.034600000
sample,fixed_single,ordered4_fixed_diagnostic,512,512,105,837,1.904639959,1.922400000,0.134300000,0.000000000
sample,fixed_single,original,512,512,106,837,1.655807972,1.683600000,0.145600000,0.038100000
sample,fixed_single,ordered4,512,512,106,837,1.939455986,1.962000000,0.104700000,0.032300000
sample,fixed_single,ordered4_fixed_diagnostic,512,512,106,837,1.910655975,1.953900000,0.077500000,0.000000000
sample,fixed_single,ordered4,512,512,107,837,1.948672056,1.987700000,0.112700000,0.035200000
sample,fixed_single,original,512,512,107,837,1.652735949,1.692700000,0.112500000,0.034500000
sample,fixed_single,ordered4_fixed_diagnostic,512,512,107,837,1.912832022,1.945900000,0.079100000,0.000000000
sample,fixed_single,original,512,512,108,837,1.654783964,1.691200000,0.117500000,0.038000000
sample,fixed_single,ordered4,512,512,108,837,1.944576025,1.980600000,0.106000000,0.031400000
sample,fixed_single,ordered4_fixed_diagnostic,512,512,108,837,1.913856030,1.947300000,0.099200000,0.000000000
sample,fixed_single,ordered4,512,512,109,837,1.941504002,1.972700000,0.105400000,0.031800000
sample,fixed_single,original,512,512,109,837,1.646592021,1.670100000,0.109900000,0.032500000
sample,fixed_single,ordered4_fixed_diagnostic,512,512,109,837,1.906687975,1.925100000,0.090000000,0.000000000
sample,fixed_single,original,512,512,110,837,1.643519998,1.662000000,0.107800000,0.032200000
sample,fixed_single,ordered4,512,512,110,837,1.941504002,1.958600000,0.118500000,0.028800000
sample,fixed_single,ordered4_fixed_diagnostic,512,512,110,837,1.901568055,1.921700000,0.065900000,0.000000000
sample,fixed_single,ordered4,512,512,111,837,1.941472054,1.962200000,0.101800000,0.030700000
sample,fixed_single,original,512,512,111,837,1.638399959,1.656600000,0.094100000,0.027700000
sample,fixed_single,ordered4_fixed_diagnostic,512,512,111,837,1.902591944,1.922200000,0.048600000,0.000000000
sample,fixed_single,original,512,512,112,837,1.627135992,1.638400000,0.073200000,0.021300000
sample,fixed_single,ordered4,512,512,112,837,1.919999957,1.931100000,0.070400000,0.019000000
sample,fixed_single,ordered4_fixed_diagnostic,512,512,112,837,1.898496032,1.912500000,0.049700000,0.000000000
sample,fixed_single,ordered4,512,512,113,837,1.945600033,1.977200000,0.101800000,0.028700000
sample,fixed_single,original,512,512,113,837,1.651711941,1.691700000,0.116200000,0.033700000
sample,fixed_single,ordered4_fixed_diagnostic,512,512,113,837,1.901568055,1.921100000,0.046500000,0.000000000
sample,fixed_single,original,512,512,114,837,1.657855988,1.674400000,0.128600000,0.041400000
sample,fixed_single,ordered4,512,512,114,837,1.932288051,1.951500000,0.088300000,0.024400000
sample,fixed_single,ordered4_fixed_diagnostic,512,512,114,837,1.906527996,1.927800000,0.054100000,0.000000000
sample,fixed_single,ordered4,512,512,115,837,1.935359955,1.966100000,0.102200000,0.025300000
sample,fixed_single,original,512,512,115,837,1.636351943,1.669900000,0.078700000,0.026100000
sample,fixed_single,ordered4_fixed_diagnostic,512,512,115,837,1.906687975,1.934600000,0.075400000,0.000000000
sample,fixed_single,original,512,512,116,837,1.637375951,1.662400000,0.097900000,0.026600000
sample,fixed_single,ordered4,512,512,116,837,1.933312058,1.963200000,0.086200000,0.024500000
sample,fixed_single,ordered4_fixed_diagnostic,512,512,116,837,1.905663967,1.934300000,0.050500000,0.000000000
sample,fixed_single,ordered4,512,512,117,837,1.929216027,1.958400000,0.071500000,0.023000000
sample,fixed_single,original,512,512,117,837,1.637279987,1.653400000,0.088500000,0.025000000
sample,fixed_single,ordered4_fixed_diagnostic,512,512,117,837,1.897472024,1.910400000,0.048100000,0.000000000
sample,fixed_single,original,512,512,118,837,1.615872025,1.625800000,0.061300000,0.011800000
sample,fixed_single,ordered4,512,512,118,837,1.918975949,1.931500000,0.068900000,0.018300000
sample,fixed_single,ordered4_fixed_diagnostic,512,512,118,837,1.905663967,1.932700000,0.056500000,0.000000000
sample,fixed_single,ordered4,512,512,119,837,1.932288051,1.960700000,0.083600000,0.024800000
sample,fixed_single,original,512,512,119,837,1.632256031,1.645500000,0.085700000,0.023000000
sample,fixed_single,ordered4_fixed_diagnostic,512,512,119,837,1.904639959,1.927100000,0.057800000,0.000000000
sample,fixed_single,original,512,512,120,837,1.633152008,1.645400000,0.083200000,0.024900000
sample,fixed_single,ordered4,512,512,120,837,1.934335947,1.948600000,0.094300000,0.031500000
sample,fixed_single,ordered4_fixed_diagnostic,512,512,120,837,1.907711983,1.924400000,0.053900000,0.000000000
sample,fixed_single,ordered4,512,512,121,837,1.928192019,1.938900000,0.082100000,0.023900000
sample,fixed_single,original,512,512,121,837,1.638399959,1.650100000,0.094300000,0.029900000
sample,fixed_single,ordered4_fixed_diagnostic,512,512,121,837,1.897472024,1.908900000,0.052300000,0.000000000
sample,fixed_single,original,512,512,122,837,1.619968057,1.632700000,0.078700000,0.013600000
sample,fixed_single,ordered4,512,512,122,837,1.926144004,1.942700000,0.084700000,0.020400000
sample,fixed_single,ordered4_fixed_diagnostic,512,512,122,837,1.899520040,1.911600000,0.053000000,0.000000000
sample,fixed_single,ordered4,512,512,123,837,1.916928053,1.933800000,0.072400000,0.012000000
sample,fixed_single,original,512,512,123,837,1.684479952,1.733200000,0.166000000,0.055100000
sample,fixed_single,ordered4_fixed_diagnostic,512,512,123,837,1.913856030,1.943600000,0.093900000,0.000000000
sample,fixed_single,original,512,512,124,837,1.664000034,1.695300000,0.141800000,0.044500000
sample,fixed_single,ordered4,512,512,124,837,1.956863999,1.990200000,0.120700000,0.034500000
sample,fixed_single,ordered4_fixed_diagnostic,512,512,124,837,1.906687975,1.921800000,0.081800000,0.000000000
sample,fixed_single,ordered4,512,512,125,837,1.938431978,1.957000000,0.086900000,0.029300000
sample,fixed_single,original,512,512,125,837,1.671167970,1.704700000,0.143600000,0.050600000
sample,fixed_single,ordered4_fixed_diagnostic,512,512,125,837,1.906687975,1.938200000,0.067500000,0.000000000
sample,fixed_single,original,512,512,126,837,1.647616029,1.676400000,0.107500000,0.034300000
sample,fixed_single,ordered4,512,512,126,837,1.928032041,1.947800000,0.081300000,0.022900000
sample,fixed_single,ordered4_fixed_diagnostic,512,512,126,837,1.910784006,1.948100000,0.067300000,0.000000000
sample,fixed_single,ordered4,512,512,127,837,1.933312058,1.957300000,0.161500000,0.025100000
sample,fixed_single,original,512,512,127,837,1.659904003,1.684700000,0.108300000,0.032100000
sample,fixed_single,ordered4_fixed_diagnostic,512,512,127,837,1.914880037,1.934200000,0.082900000,0.000000000
sample,fixed_single,original,512,512,128,837,1.649664044,1.677400000,0.113200000,0.032700000
sample,fixed_single,ordered4,512,512,128,837,1.954815984,1.981900000,0.127500000,0.035100000
sample,fixed_single,ordered4_fixed_diagnostic,512,512,128,837,1.906687975,1.935500000,0.053200000,0.000000000
sample,fixed_single,ordered4,512,512,129,837,1.923071980,1.937900000,0.074500000,0.020200000
sample,fixed_single,original,512,512,129,837,1.653759956,1.676700000,0.114800000,0.037900000
sample,fixed_single,ordered4_fixed_diagnostic,512,512,129,837,1.899520040,1.915100000,0.060600000,0.000000000
sample,fixed_single,original,512,512,130,837,1.675264001,1.704200000,0.140000000,0.055000000
sample,fixed_single,ordered4,512,512,130,837,1.951743960,1.977000000,0.118300000,0.033000000
sample,fixed_single,ordered4_fixed_diagnostic,512,512,130,837,1.906687975,1.926600000,0.073500000,0.000000000
sample,fixed_single,ordered4,512,512,131,837,1.947648048,1.976800000,0.099900000,0.034000000
sample,fixed_single,original,512,512,131,837,1.629184008,1.643800000,0.082000000,0.024700000
sample,fixed_single,ordered4_fixed_diagnostic,512,512,131,837,1.902591944,1.926800000,0.056100000,0.000000000
sample,fixed_single,original,512,512,132,837,1.645568013,1.662500000,0.106300000,0.031600000
sample,fixed_single,ordered4,512,512,132,837,1.946496010,1.973800000,0.108100000,0.032300000
sample,fixed_single,ordered4_fixed_diagnostic,512,512,132,837,1.919999957,1.937700000,0.070400000,0.000000000
sample,fixed_single,ordered4,512,512,133,837,1.932288051,1.958400000,0.082800000,0.022500000
sample,fixed_single,original,512,512,133,837,1.656831980,1.684900000,0.120800000,0.034700000
sample,fixed_single,ordered4_fixed_diagnostic,512,512,133,837,1.899520040,1.927000000,0.057900000,0.000000000
sample,fixed_single,original,512,512,134,837,1.650688052,1.683300000,0.116900000,0.034400000
sample,fixed_single,ordered4,512,512,134,837,1.958912015,1.978000000,0.129100000,0.045800000
sample,fixed_single,ordered4_fixed_diagnostic,512,512,134,837,1.905663967,1.926100000,0.128300000,0.000000000
sample,fixed_single,ordered4,512,512,135,837,1.936383963,1.952100000,0.096300000,0.028700000
sample,fixed_single,original,512,512,135,837,1.641471982,1.653800000,0.103200000,0.035800000
sample,fixed_single,ordered4_fixed_diagnostic,512,512,135,837,1.897472024,1.912000000,0.053500000,0.000000000
sample,fixed_single,original,512,512,136,837,1.643519998,1.670900000,0.121300000,0.025100000
sample,fixed_single,ordered4,512,512,136,837,1.964032054,1.989100000,0.128200000,0.047900000
sample,fixed_single,ordered4_fixed_diagnostic,512,512,136,837,1.905663967,1.926500000,0.059000000,0.000000000
sample,fixed_single,ordered4,512,512,137,837,1.925119996,1.937100000,0.081500000,0.020500000
sample,fixed_single,original,512,512,137,837,1.636351943,1.646500000,0.088800000,0.027400000
sample,fixed_single,ordered4_fixed_diagnostic,512,512,137,837,1.897472024,1.909000000,0.052500000,0.000000000
sample,fixed_single,original,512,512,138,837,1.610751987,1.622000000,0.090400000,0.010000000
sample,fixed_single,ordered4,512,512,138,837,1.906687975,1.918000000,0.084500000,0.010500000
sample,fixed_single,ordered4_fixed_diagnostic,512,512,138,837,1.898496032,1.910500000,0.051700000,0.000000000
sample,fixed_single,ordered4,512,512,139,837,1.918975949,1.936700000,0.074900000,0.016900000
sample,fixed_single,original,512,512,139,837,1.624063969,1.637000000,0.079500000,0.017500000
sample,fixed_single,ordered4_fixed_diagnostic,512,512,139,837,1.896448016,1.908300000,0.051500000,0.000000000
sample,fixed_single,original,512,512,140,837,1.612800002,1.624100000,0.061300000,0.009500000
sample,fixed_single,ordered4,512,512,140,837,1.908735991,1.919600000,0.086800000,0.012700000
sample,fixed_single,ordered4_fixed_diagnostic,512,512,140,837,1.896448016,1.907100000,0.057800000,0.000000000
sample,fixed_single,ordered4,512,512,141,837,1.905663967,1.917700000,0.053300000,0.008400000
sample,fixed_single,original,512,512,141,837,1.642495990,1.667700000,0.098800000,0.023900000
sample,fixed_single,ordered4_fixed_diagnostic,512,512,141,837,1.912832022,1.942200000,0.079000000,0.000000000
sample,fixed_single,original,512,512,142,837,1.648640037,1.673000000,0.116600000,0.033300000
sample,fixed_single,ordered4,512,512,142,837,1.932288051,1.948400000,0.099000000,0.031800000
sample,fixed_single,ordered4_fixed_diagnostic,512,512,142,837,1.906687975,1.936400000,0.065500000,0.000000000
sample,fixed_single,ordered4,512,512,143,837,1.930240035,1.944400000,0.090400000,0.024100000
sample,fixed_single,original,512,512,143,837,1.644544005,1.660400000,0.103100000,0.035200000
sample,fixed_single,ordered4_fixed_diagnostic,512,512,143,837,1.907711983,1.944300000,0.065300000,0.000000000
sample,fixed_single,original,512,512,144,837,1.630208015,1.660600000,0.072200000,0.024000000
sample,fixed_single,ordered4,512,512,144,837,1.934111953,1.953600000,0.085100000,0.023800000
sample,fixed_single,ordered4_fixed_diagnostic,512,512,144,837,1.898496032,1.913500000,0.060700000,0.000000000
sample,fixed_single,ordered4,512,512,145,837,1.918784022,1.929900000,0.066700000,0.015000000
sample,fixed_single,original,512,512,145,837,1.644544005,1.662400000,0.093500000,0.029700000
sample,fixed_single,ordered4_fixed_diagnostic,512,512,145,837,1.901343942,1.916700000,0.059300000,0.000000000
sample,fixed_single,original,512,512,146,837,1.647616029,1.672200000,0.110000000,0.030500000
sample,fixed_single,ordered4,512,512,146,837,1.937407970,1.957000000,0.103500000,0.029800000
sample,fixed_single,ordered4_fixed_diagnostic,512,512,146,837,1.903615952,1.928200000,0.063100000,0.000000000
sample,fixed_single,ordered4,512,512,147,837,1.941504002,1.969400000,0.104900000,0.031200000
sample,fixed_single,original,512,512,147,837,1.647616029,1.668400000,0.105800000,0.033000000
sample,fixed_single,ordered4_fixed_diagnostic,512,512,147,837,1.908671975,1.938900000,0.068200000,0.000000000
sample,fixed_single,original,512,512,148,837,1.701887965,1.766000000,0.170400000,0.071600000
sample,fixed_single,ordered4,512,512,148,837,1.953760028,1.981900000,0.120600000,0.036100000
sample,fixed_single,ordered4_fixed_diagnostic,512,512,148,837,1.906687975,1.932500000,0.070800000,0.000000000
sample,fixed_single,ordered4,512,512,149,837,1.949695945,1.977700000,0.115600000,0.034600000
sample,fixed_single,original,512,512,149,837,1.643296003,1.657700000,0.102500000,0.030200000
sample,fixed_single,ordered4_fixed_diagnostic,512,512,149,837,1.901407957,1.918500000,0.062700000,0.000000000
sample,fixed_single,original,512,512,150,837,1.641471982,1.671300000,0.092400000,0.027300000
sample,fixed_single,ordered4,512,512,150,837,1.922047973,1.932600000,0.089200000,0.021200000
sample,fixed_single,ordered4_fixed_diagnostic,512,512,150,837,1.899520040,1.913300000,0.047800000,0.000000000
sample,fixed_single,ordered4,512,512,151,837,1.922047973,1.942900000,0.085600000,0.019800000
sample,fixed_single,original,512,512,151,837,1.662976027,1.700300000,0.123400000,0.040400000
sample,fixed_single,ordered4_fixed_diagnostic,512,512,151,837,1.911808014,1.944700000,0.083000000,0.000000000
sample,fixed_single,original,512,512,152,837,1.656831980,1.687500000,0.120600000,0.037700000
sample,fixed_single,ordered4,512,512,152,837,1.950656056,1.995000000,0.147700000,0.029500000
sample,fixed_single,ordered4_fixed_diagnostic,512,512,152,837,1.906687975,1.939000000,0.074100000,0.000000000
sample,fixed_single,ordered4,512,512,153,837,1.942463994,1.963200000,0.104100000,0.032900000
sample,fixed_single,original,512,512,153,837,1.640447974,1.660600000,0.092500000,0.028400000
sample,fixed_single,ordered4_fixed_diagnostic,512,512,153,837,1.905663967,1.932600000,0.064400000,0.000000000
sample,fixed_single,original,512,512,154,837,1.658784032,1.678200000,0.120100000,0.037000000
sample,fixed_single,ordered4,512,512,154,837,1.955839992,1.976400000,0.136400000,0.045000000
sample,fixed_single,ordered4_fixed_diagnostic,512,512,154,837,1.902591944,1.922300000,0.076300000,0.000000000
sample,fixed_single,ordered4,512,512,155,837,1.930240035,1.948000000,0.087800000,0.024600000
sample,fixed_single,original,512,512,155,837,1.682432055,1.715900000,0.166500000,0.051700000
sample,fixed_single,ordered4_fixed_diagnostic,512,512,155,837,1.906687975,1.931200000,0.071200000,0.000000000
sample,fixed_single,original,512,512,156,837,1.646432042,1.670100000,0.098700000,0.029900000
sample,fixed_single,ordered4,512,512,156,837,1.969151974,1.999000000,0.134100000,0.040200000
sample,fixed_single,ordered4_fixed_diagnostic,512,512,156,837,1.908735991,1.945700000,0.067500000,0.000000000
sample,fixed_single,ordered4,512,512,157,837,1.925119996,1.935700000,0.075800000,0.024100000
sample,fixed_single,original,512,512,157,837,1.627071977,1.640400000,0.072300000,0.021300000
sample,fixed_single,ordered4_fixed_diagnostic,512,512,157,837,1.905663967,1.929600000,0.058900000,0.000000000
sample,fixed_single,original,512,512,158,837,1.629984021,1.643000000,0.078700000,0.023000000
sample,fixed_single,ordered4,512,512,158,837,1.929216027,1.943100000,0.082700000,0.026100000
sample,fixed_single,ordered4_fixed_diagnostic,512,512,158,837,1.895424008,1.907200000,0.049000000,0.000000000
sample,fixed_single,ordered4,512,512,159,837,1.935359955,1.955100000,0.095400000,0.023000000
sample,fixed_single,original,512,512,159,837,1.617920041,1.628100000,0.061200000,0.015400000
sample,fixed_single,ordered4_fixed_diagnostic,512,512,159,837,1.895424008,1.909200000,0.040900000,0.000000000
sample,fixed_single,original,512,512,160,837,1.643519998,1.673800000,0.101300000,0.027000000
sample,fixed_single,ordered4,512,512,160,837,1.941504002,1.964000000,0.108200000,0.029600000
sample,fixed_single,ordered4_fixed_diagnostic,512,512,160,837,1.902591944,1.925400000,0.059000000,0.000000000
sample,fixed_single,ordered4,512,512,161,837,1.923071980,1.941900000,0.079300000,0.022000000
sample,fixed_single,original,512,512,161,837,1.634304047,1.646500000,0.091200000,0.027000000
sample,fixed_single,ordered4_fixed_diagnostic,512,512,161,837,1.897472024,1.909000000,0.047500000,0.000000000
sample,fixed_single,original,512,512,162,837,1.639423966,1.662000000,0.075800000,0.018800000
sample,fixed_single,ordered4,512,512,162,837,1.915904045,1.926100000,0.067500000,0.015200000
sample,fixed_single,ordered4_fixed_diagnostic,512,512,162,837,1.895424008,1.904600000,0.044000000,0.000000000
sample,fixed_single,ordered4,512,512,163,837,1.903615952,1.913000000,0.051700000,0.007100000
sample,fixed_single,original,512,512,163,837,1.615872025,1.626900000,0.065600000,0.011700000
sample,fixed_single,ordered4_fixed_diagnostic,512,512,163,837,1.893375993,1.903700000,0.048100000,0.000000000
sample,fixed_single,original,512,512,164,837,1.607679963,1.617200000,0.055500000,0.007700000
sample,fixed_single,ordered4,512,512,164,837,1.904639959,1.915200000,0.065800000,0.008500000
sample,fixed_single,ordered4_fixed_diagnostic,512,512,164,837,1.895424008,1.907200000,0.051600000,0.000000000
sample,fixed_single,ordered4,512,512,165,837,1.933312058,1.965400000,0.090700000,0.020900000
sample,fixed_single,original,512,512,165,837,1.644544005,1.661200000,0.106800000,0.031900000
sample,fixed_single,ordered4_fixed_diagnostic,512,512,165,837,1.901568055,1.917700000,0.061300000,0.000000000
sample,fixed_single,original,512,512,166,837,1.615872025,1.627100000,0.068100000,0.013000000
sample,fixed_single,ordered4,512,512,166,837,1.915904045,1.926800000,0.065200000,0.017600000
sample,fixed_single,ordered4_fixed_diagnostic,512,512,166,837,1.896448016,1.907900000,0.046000000,0.000000000
sample,fixed_single,ordered4,512,512,167,837,1.903615952,1.914500000,0.054500000,0.007300000
sample,fixed_single,original,512,512,167,837,1.609727979,1.623600000,0.054700000,0.008700000
sample,fixed_single,ordered4_fixed_diagnostic,512,512,167,837,1.902591944,1.931000000,0.056800000,0.000000000
sample,fixed_single,original,512,512,168,837,1.636351943,1.651000000,0.089800000,0.024900000
sample,fixed_single,ordered4,512,512,168,837,1.928192019,1.948400000,0.083800000,0.021300000
sample,fixed_single,ordered4_fixed_diagnostic,512,512,168,837,1.908735991,1.924100000,0.054100000,0.000000000
sample,fixed_single,ordered4,512,512,169,837,1.912832022,1.922900000,0.057500000,0.011700000
sample,fixed_single,original,512,512,169,837,1.607679963,1.618300000,0.055700000,0.009500000
sample,fixed_single,ordered4_fixed_diagnostic,512,512,169,837,1.898496032,1.909900000,0.047900000,0.000000000
sample,fixed_single,original,512,512,170,837,1.610751987,1.620900000,0.059300000,0.009100000
sample,fixed_single,ordered4,512,512,170,837,1.904639959,1.915200000,0.054800000,0.007800000
sample,fixed_single,ordered4_fixed_diagnostic,512,512,170,837,1.906687975,1.930600000,0.061500000,0.000000000
sample,fixed_single,ordered4,512,512,171,837,1.940479994,1.954800000,0.099500000,0.026300000
sample,fixed_single,original,512,512,171,837,1.630208015,1.642800000,0.100100000,0.022500000
sample,fixed_single,ordered4_fixed_diagnostic,512,512,171,837,1.896448016,1.907600000,0.051800000,0.000000000
sample,fixed_single,original,512,512,172,837,1.620991945,1.632000000,0.068400000,0.012400000
sample,fixed_single,ordered4,512,512,172,837,1.910784006,1.921800000,0.100000000,0.012100000
sample,fixed_single,ordered4_fixed_diagnostic,512,512,172,837,1.895424008,1.906700000,0.050600000,0.000000000
sample,fixed_single,ordered4,512,512,173,837,1.909759998,1.922200000,0.093500000,0.012100000
sample,fixed_single,original,512,512,173,837,1.614848018,1.626100000,0.065400000,0.013100000
sample,fixed_single,ordered4_fixed_diagnostic,512,512,173,837,1.898496032,1.908600000,0.050700000,0.000000000
sample,fixed_single,original,512,512,174,837,1.615872025,1.627200000,0.064600000,0.008900000
sample,fixed_single,ordered4,512,512,174,837,1.912832022,1.924500000,0.067200000,0.011100000
sample,fixed_single,ordered4_fixed_diagnostic,512,512,174,837,1.898496032,1.907700000,0.050500000,0.000000000
sample,fixed_single,ordered4,512,512,175,837,1.907711983,1.921100000,0.077100000,0.009400000
sample,fixed_single,original,512,512,175,837,1.637375951,1.660500000,0.087600000,0.022900000
sample,fixed_single,ordered4_fixed_diagnostic,512,512,175,837,1.899456024,1.914700000,0.054300000,0.000000000
sample,fixed_single,original,512,512,176,837,1.641471982,1.666500000,0.091200000,0.026500000
sample,fixed_single,ordered4,512,512,176,837,1.954815984,1.980000000,0.114600000,0.037600000
sample,fixed_single,ordered4_fixed_diagnostic,512,512,176,837,1.897472024,1.909300000,0.052500000,0.000000000
sample,fixed_single,ordered4,512,512,177,837,1.914880037,1.933300000,0.062400000,0.013900000
sample,fixed_single,original,512,512,177,837,1.680384040,1.706000000,0.159100000,0.057300000
sample,fixed_single,ordered4_fixed_diagnostic,512,512,177,837,1.905663967,1.927200000,0.071500000,0.000000000
sample,fixed_single,original,512,512,178,837,1.637375951,1.647900000,0.089900000,0.029400000
sample,fixed_single,ordered4,512,512,178,837,1.923071980,1.932300000,0.072500000,0.025400000
sample,fixed_single,ordered4_fixed_diagnostic,512,512,178,837,1.897472024,1.908100000,0.046400000,0.000000000
sample,fixed_single,ordered4,512,512,179,837,1.905663967,1.914700000,0.054500000,0.007800000
sample,fixed_single,original,512,512,179,837,1.607679963,1.617500000,0.056000000,0.009500000
sample,fixed_single,ordered4_fixed_diagnostic,512,512,179,837,1.900544047,1.914700000,0.071900000,0.000000000
sample,fixed_single,original,512,512,180,837,1.610751987,1.620900000,0.057300000,0.010300000
sample,fixed_single,ordered4,512,512,180,837,1.907711983,1.919000000,0.061800000,0.011200000
sample,fixed_single,ordered4_fixed_diagnostic,512,512,180,837,1.898496032,1.908500000,0.046800000,0.000000000
sample,fixed_single,ordered4,512,512,181,837,1.902591944,1.912800000,0.053000000,0.007200000
sample,fixed_single,original,512,512,181,837,1.609727979,1.619500000,0.053300000,0.008100000
sample,fixed_single,ordered4_fixed_diagnostic,512,512,181,837,1.895424008,1.904900000,0.044500000,0.000000000
sample,fixed_single,original,512,512,182,837,1.607679963,1.618100000,0.053000000,0.007600000
sample,fixed_single,ordered4,512,512,182,837,1.902591944,1.912300000,0.053400000,0.007100000
sample,fixed_single,ordered4_fixed_diagnostic,512,512,182,837,1.894400001,1.904200000,0.046600000,0.000000000
sample,fixed_single,ordered4,512,512,183,837,1.902591944,1.914800000,0.052300000,0.006800000
sample,fixed_single,original,512,512,183,837,1.636351943,1.666000000,0.097400000,0.022200000
sample,fixed_single,ordered4_fixed_diagnostic,512,512,183,837,1.901568055,1.917200000,0.058600000,0.000000000
sample,fixed_single,original,512,512,184,837,1.632256031,1.644000000,0.103600000,0.019200000
sample,fixed_single,ordered4,512,512,184,837,1.919999957,1.930000000,0.074200000,0.016200000
sample,fixed_single,ordered4_fixed_diagnostic,512,512,184,837,1.895424008,1.905500000,0.045000000,0.000000000
sample,fixed_single,ordered4,512,512,185,837,1.902591944,1.912900000,0.053000000,0.007500000
sample,fixed_single,original,512,512,185,837,1.609727979,1.619600000,0.056000000,0.008600000
sample,fixed_single,ordered4_fixed_diagnostic,512,512,185,837,1.894400001,1.905500000,0.044300000,0.000000000
sample,fixed_single,original,512,512,186,837,1.622015953,1.641800000,0.066800000,0.011000000
sample,fixed_single,ordered4,512,512,186,837,1.940479994,1.965900000,0.100700000,0.025700000
sample,fixed_single,ordered4_fixed_diagnostic,512,512,186,837,1.898496032,1.910000000,0.052600000,0.000000000
sample,fixed_single,ordered4,512,512,187,837,1.904639959,1.915200000,0.074000000,0.008500000
sample,fixed_single,original,512,512,187,837,1.612800002,1.623900000,0.060100000,0.012600000
sample,fixed_single,ordered4_fixed_diagnostic,512,512,187,837,1.898496032,1.908600000,0.048800000,0.000000000
sample,fixed_single,original,512,512,188,837,1.606655955,1.616400000,0.052800000,0.007900000
sample,fixed_single,ordered4,512,512,188,837,1.906687975,1.917700000,0.075700000,0.011000000
sample,fixed_single,ordered4_fixed_diagnostic,512,512,188,837,1.894400001,1.904600000,0.049300000,0.000000000
sample,fixed_single,ordered4,512,512,189,837,1.905663967,1.916900000,0.082500000,0.008500000
sample,fixed_single,original,512,512,189,837,1.607679963,1.615800000,0.047200000,0.008000000
sample,fixed_single,ordered4_fixed_diagnostic,512,512,189,837,1.896448016,1.905400000,0.040100000,0.000000000
sample,fixed_single,original,512,512,190,837,1.607679963,1.615400000,0.047700000,0.007400000
sample,fixed_single,ordered4,512,512,190,837,1.902400017,1.911000000,0.048000000,0.007200000
sample,fixed_single,ordered4_fixed_diagnostic,512,512,190,837,1.893216014,1.901600000,0.039200000,0.000000000
sample,fixed_single,ordered4,512,512,191,837,1.903615952,1.911900000,0.046600000,0.007100000
sample,fixed_single,original,512,512,191,837,1.607679963,1.617000000,0.049500000,0.007400000
sample,fixed_single,ordered4_fixed_diagnostic,512,512,191,837,1.895424008,1.903900000,0.039700000,0.000000000
sample,fixed_single,original,512,512,192,837,1.618944049,1.634600000,0.061100000,0.011600000
sample,fixed_single,ordered4,512,512,192,837,1.905663967,1.915100000,0.083500000,0.009800000
sample,fixed_single,ordered4_fixed_diagnostic,512,512,192,837,1.896448016,1.907700000,0.043600000,0.000000000
sample,fixed_single,ordered4,512,512,193,837,1.922047973,1.936600000,0.082700000,0.015300000
sample,fixed_single,original,512,512,193,837,1.612800002,1.624100000,0.075000000,0.010000000
sample,fixed_single,ordered4_fixed_diagnostic,512,512,193,837,1.897472024,1.908500000,0.048600000,0.000000000
sample,fixed_single,original,512,512,194,837,1.625087976,1.637700000,0.085400000,0.014700000
sample,fixed_single,ordered4,512,512,194,837,1.926144004,1.936400000,0.079300000,0.011400000
sample,fixed_single,ordered4_fixed_diagnostic,512,512,194,837,1.898496032,1.908700000,0.047300000,0.000000000
sample,fixed_single,ordered4,512,512,195,837,1.911808014,1.928000000,0.060500000,0.011200000
sample,fixed_single,original,512,512,195,837,1.610751987,1.620400000,0.056200000,0.009400000
sample,fixed_single,ordered4_fixed_diagnostic,512,512,195,837,1.897472024,1.907800000,0.045500000,0.000000000
sample,fixed_single,original,512,512,196,837,1.609727979,1.619900000,0.053500000,0.007400000
sample,fixed_single,ordered4,512,512,196,837,1.903615952,1.913100000,0.052800000,0.007300000
sample,fixed_single,ordered4_fixed_diagnostic,512,512,196,837,1.893375993,1.902200000,0.039700000,0.000000000
sample,fixed_single,ordered4,512,512,197,837,1.903615952,1.912100000,0.047700000,0.007100000
sample,fixed_single,original,512,512,197,837,1.605631948,1.614400000,0.049600000,0.007500000
sample,fixed_single,ordered4_fixed_diagnostic,512,512,197,837,1.900544047,1.914100000,0.049800000,0.000000000
sample,fixed_single,original,512,512,198,837,1.609727979,1.619500000,0.051800000,0.010600000
sample,fixed_single,ordered4,512,512,198,837,1.906687975,1.916100000,0.054500000,0.009600000
sample,fixed_single,ordered4_fixed_diagnostic,512,512,198,837,1.896448016,1.906500000,0.046100000,0.000000000
sample,fixed_single,ordered4,512,512,199,837,1.902591944,1.913200000,0.050200000,0.007100000
sample,fixed_single,original,512,512,199,837,1.607679963,1.617600000,0.052900000,0.007300000
sample,fixed_single,ordered4_fixed_diagnostic,512,512,199,837,1.894400001,1.904700000,0.045900000,0.000000000
sample,fixed_single,original,512,512,200,837,1.608703971,1.618100000,0.050100000,0.007000000
sample,fixed_single,ordered4,512,512,200,837,1.903615952,1.914400000,0.051400000,0.007200000
sample,fixed_single,ordered4_fixed_diagnostic,512,512,200,837,1.904639959,1.926800000,0.071000000,0.000000000
sample,fixed_single,ordered4,512,512,201,837,1.916928053,1.928500000,0.073300000,0.013800000
sample,fixed_single,original,512,512,201,837,1.612800002,1.623500000,0.058800000,0.012300000
sample,fixed_single,ordered4_fixed_diagnostic,512,512,201,837,1.894400001,1.906300000,0.043900000,0.000000000
sample,fixed_single,original,512,512,202,837,1.620991945,1.635700000,0.068100000,0.011100000
sample,fixed_single,ordered4,512,512,202,837,1.902591944,1.913400000,0.054400000,0.008100000
sample,fixed_single,ordered4_fixed_diagnostic,512,512,202,837,1.895424008,1.905900000,0.045200000,0.000000000
sample,fixed_single,ordered4,512,512,203,837,1.902591944,1.912500000,0.053800000,0.007500000
sample,fixed_single,original,512,512,203,837,1.608703971,1.618100000,0.052700000,0.007300000
sample,fixed_single,ordered4_fixed_diagnostic,512,512,203,837,1.902591944,1.918300000,0.050800000,0.000000000
sample,fixed_single,original,512,512,204,837,1.613824010,1.624200000,0.061400000,0.011100000
sample,fixed_single,ordered4,512,512,204,837,1.906687975,1.917700000,0.060600000,0.010600000
sample,fixed_single,ordered4_fixed_diagnostic,512,512,204,837,1.895424008,1.906600000,0.051800000,0.000000000
sample,fixed_single,ordered4,512,512,205,837,1.902591944,1.912900000,0.052800000,0.007600000
sample,fixed_single,original,512,512,205,837,1.607679963,1.616600000,0.049000000,0.007300000
sample,fixed_single,ordered4_fixed_diagnostic,512,512,205,837,1.895424008,1.904900000,0.047400000,0.000000000
sample,fixed_single,original,512,512,206,837,1.607679963,1.618000000,0.055300000,0.007400000
sample,fixed_single,ordered4,512,512,206,837,1.901568055,1.912100000,0.055600000,0.007100000
sample,fixed_single,ordered4_fixed_diagnostic,512,512,206,837,1.903615952,1.923400000,0.055300000,0.000000000
sample,fixed_single,ordered4,512,512,207,837,1.919999957,1.933100000,0.074300000,0.015600000
sample,fixed_single,original,512,512,207,837,1.618944049,1.630300000,0.072800000,0.017100000
sample,fixed_single,ordered4_fixed_diagnostic,512,512,207,837,1.898496032,1.911000000,0.051200000,0.000000000
sample,fixed_single,original,512,512,208,837,1.611775994,1.620300000,0.054400000,0.008900000
sample,fixed_single,ordered4,512,512,208,837,1.907711983,1.917400000,0.056100000,0.010300000
sample,fixed_single,ordered4_fixed_diagnostic,512,512,208,837,1.896448016,1.905700000,0.057400000,0.000000000
sample,fixed_single,ordered4,512,512,209,837,1.905663967,1.916100000,0.074900000,0.007500000
sample,fixed_single,original,512,512,209,837,1.633280039,1.653900000,0.080400000,0.019600000
sample,fixed_single,ordered4_fixed_diagnostic,512,512,209,837,1.903615952,1.920600000,0.059600000,0.000000000
sample,fixed_single,original,512,512,210,837,1.623039961,1.633300000,0.070400000,0.015200000
sample,fixed_single,ordered4,512,512,210,837,1.921023965,1.930500000,0.069700000,0.019700000
sample,fixed_single,ordered4_fixed_diagnostic,512,512,210,837,1.901568055,1.916400000,0.065900000,0.000000000
sample,fixed_single,ordered4,512,512,211,837,1.908735991,1.918500000,0.058900000,0.011400000
sample,fixed_single,original,512,512,211,837,1.610751987,1.620700000,0.056000000,0.009400000
sample,fixed_single,ordered4_fixed_diagnostic,512,512,211,837,1.896448016,1.906400000,0.048000000,0.000000000
sample,fixed_single,original,512,512,212,837,1.606655955,1.617800000,0.054300000,0.007600000
sample,fixed_single,ordered4,512,512,212,837,1.915904045,1.930200000,0.065300000,0.010500000
sample,fixed_single,ordered4_fixed_diagnostic,512,512,212,837,1.897472024,1.906900000,0.044900000,0.000000000
sample,fixed_single,ordered4,512,512,213,837,1.904639959,1.914400000,0.052800000,0.007900000
sample,fixed_single,original,512,512,213,837,1.607679963,1.617100000,0.053500000,0.008200000
sample,fixed_single,ordered4_fixed_diagnostic,512,512,213,837,1.892351985,1.903000000,0.044200000,0.000000000
sample,fixed_single,original,512,512,214,837,1.606655955,1.615300000,0.047400000,0.007200000
sample,fixed_single,ordered4,512,512,214,837,1.901568055,1.910200000,0.047700000,0.007200000
sample,fixed_single,ordered4_fixed_diagnostic,512,512,214,837,1.899359941,1.907400000,0.039400000,0.000000000
sample,fixed_single,ordered4,512,512,215,837,1.921023965,1.937300000,0.078000000,0.014500000
sample,fixed_single,original,512,512,215,837,1.648640037,1.668600000,0.099600000,0.020200000
sample,fixed_single,ordered4_fixed_diagnostic,512,512,215,837,1.897472024,1.909400000,0.050200000,0.000000000
sample,fixed_single,original,512,512,216,837,1.622015953,1.635700000,0.067300000,0.012800000
sample,fixed_single,ordered4,512,512,216,837,1.944479942,1.966300000,0.105900000,0.030500000
sample,fixed_single,ordered4_fixed_diagnostic,512,512,216,837,1.910784006,1.936200000,0.064100000,0.000000000
sample,fixed_single,ordered4,512,512,217,837,1.941504002,1.955600000,0.099300000,0.036900000
sample,fixed_single,original,512,512,217,837,1.659904003,1.684400000,0.123200000,0.043400000
sample,fixed_single,ordered4_fixed_diagnostic,512,512,217,837,1.904639959,1.928000000,0.082200000,0.000000000
sample,fixed_single,original,512,512,218,837,1.672191978,1.699800000,0.133400000,0.051600000
sample,fixed_single,ordered4,512,512,218,837,1.940479994,1.953700000,0.106700000,0.032300000
sample,fixed_single,ordered4_fixed_diagnostic,512,512,218,837,1.897472024,1.908500000,0.048300000,0.000000000
sample,fixed_single,ordered4,512,512,219,837,1.912832022,1.923900000,0.067100000,0.011200000
sample,fixed_single,original,512,512,219,837,1.633280039,1.649200000,0.087400000,0.023800000
sample,fixed_single,ordered4_fixed_diagnostic,512,512,219,837,1.898496032,1.911500000,0.048900000,0.000000000
sample,fixed_single,original,512,512,220,837,1.613728046,1.624100000,0.058000000,0.011400000
sample,fixed_single,ordered4,512,512,220,837,1.914880037,1.926300000,0.066400000,0.014700000
sample,fixed_single,ordered4_fixed_diagnostic,512,512,220,837,1.895424008,1.906500000,0.046300000,0.000000000
sample,fixed_single,ordered4,512,512,221,837,1.912832022,1.925000000,0.063600000,0.010600000
sample,fixed_single,original,512,512,221,837,1.612800002,1.622400000,0.059800000,0.011600000
sample,fixed_single,ordered4_fixed_diagnostic,512,512,221,837,1.896448016,1.907500000,0.046100000,0.000000000
sample,fixed_single,original,512,512,222,837,1.612800002,1.623300000,0.056800000,0.010800000
sample,fixed_single,ordered4,512,512,222,837,1.910784006,1.922400000,0.057300000,0.011800000
sample,fixed_single,ordered4_fixed_diagnostic,512,512,222,837,1.909759998,1.954400000,0.086700000,0.000000000
sample,fixed_single,ordered4,512,512,223,837,1.993728042,2.040800000,0.178300000,0.062900000
sample,fixed_single,original,512,512,223,837,1.644448042,1.673000000,0.100500000,0.031000000
sample,fixed_single,ordered4_fixed_diagnostic,512,512,223,837,1.900544047,1.916600000,0.055000000,0.000000000
sample,fixed_single,original,512,512,224,837,1.641407967,1.661500000,0.091400000,0.028700000
sample,fixed_single,ordered4,512,512,224,837,1.925887942,1.936700000,0.077600000,0.021400000
sample,fixed_single,ordered4_fixed_diagnostic,512,512,224,837,1.899520040,1.910700000,0.047500000,0.000000000
sample,fixed_single,ordered4,512,512,225,837,1.918975949,1.937000000,0.068700000,0.015900000
sample,fixed_single,original,512,512,225,837,1.627135992,1.640400000,0.077600000,0.019700000
sample,fixed_single,ordered4_fixed_diagnostic,512,512,225,837,1.898496032,1.913700000,0.052200000,0.000000000
sample,fixed_single,original,512,512,226,837,1.635167956,1.680300000,0.087200000,0.020600000
sample,fixed_single,ordered4,512,512,226,837,1.948672056,1.993100000,0.116200000,0.035600000
sample,fixed_single,ordered4_fixed_diagnostic,512,512,226,837,1.907711983,1.939300000,0.066100000,0.000000000
sample,fixed_single,ordered4,512,512,227,837,1.971199989,1.996300000,0.141000000,0.055700000
sample,fixed_single,original,512,512,227,837,1.645568013,1.662000000,0.095900000,0.025900000
sample,fixed_single,ordered4_fixed_diagnostic,512,512,227,837,1.895359993,1.903400000,0.043000000,0.000000000
sample,fixed_single,original,512,512,228,837,1.610751987,1.621100000,0.049100000,0.008800000
sample,fixed_single,ordered4,512,512,228,837,1.927168012,1.945500000,0.073300000,0.020400000
sample,fixed_single,ordered4_fixed_diagnostic,512,512,228,837,1.897439957,1.909600000,0.045800000,0.000000000
sample,fixed_single,ordered4,512,512,229,837,1.946624041,1.984100000,0.080400000,0.021500000
sample,fixed_single,original,512,512,229,837,1.656831980,1.677400000,0.121800000,0.041100000
sample,fixed_single,ordered4_fixed_diagnostic,512,512,229,837,1.898496032,1.910200000,0.052700000,0.000000000
sample,fixed_single,original,512,512,230,837,1.645568013,1.673300000,0.099100000,0.029900000
sample,fixed_single,ordered4,512,512,230,837,1.948672056,1.984500000,0.107700000,0.032100000
sample,fixed_single,ordered4_fixed_diagnostic,512,512,230,837,1.908735991,1.938100000,0.072300000,0.000000000
sample,fixed_single,ordered4,512,512,231,837,1.934335947,1.956900000,0.080100000,0.023600000
sample,fixed_single,original,512,512,231,837,1.635328054,1.655700000,0.086700000,0.024700000
sample,fixed_single,ordered4_fixed_diagnostic,512,512,231,837,1.902591944,1.917900000,0.051800000,0.000000000
sample,fixed_single,original,512,512,232,837,1.611775994,1.620600000,0.052200000,0.010200000
sample,fixed_single,ordered4,512,512,232,837,1.907711983,1.917800000,0.056400000,0.010500000
sample,fixed_single,ordered4_fixed_diagnostic,512,512,232,837,1.897472024,1.906700000,0.053200000,0.000000000
sample,fixed_single,ordered4,512,512,233,837,1.904639959,1.914200000,0.051400000,0.007300000
sample,fixed_single,original,512,512,233,837,1.607679963,1.617200000,0.051400000,0.007700000
sample,fixed_single,ordered4_fixed_diagnostic,512,512,233,837,1.897472024,1.906600000,0.043600000,0.000000000
sample,fixed_single,original,512,512,234,837,1.608703971,1.618800000,0.051500000,0.007600000
sample,fixed_single,ordered4,512,512,234,837,1.926144004,1.948000000,0.089300000,0.016700000
sample,fixed_single,ordered4_fixed_diagnostic,512,512,234,837,1.906687975,1.926500000,0.062200000,0.000000000
sample,fixed_single,ordered4,512,512,235,837,1.919999957,1.934100000,0.074400000,0.014900000
sample,fixed_single,original,512,512,235,837,1.618944049,1.629200000,0.068400000,0.015900000
sample,fixed_single,ordered4_fixed_diagnostic,512,512,235,837,1.898496032,1.910700000,0.048500000,0.000000000
sample,fixed_single,original,512,512,236,837,1.622015953,1.634900000,0.070900000,0.013000000
sample,fixed_single,ordered4,512,512,236,837,1.907711983,1.918800000,0.060700000,0.010500000
sample,fixed_single,ordered4_fixed_diagnostic,512,512,236,837,1.895424008,1.905200000,0.045100000,0.000000000
sample,fixed_single,ordered4,512,512,237,837,1.902591944,1.912900000,0.061400000,0.008100000
sample,fixed_single,original,512,512,237,837,1.630208015,1.647800000,0.090600000,0.016300000
sample,fixed_single,ordered4_fixed_diagnostic,512,512,237,837,1.907711983,1.934000000,0.075200000,0.000000000
sample,fixed_single,original,512,512,238,837,1.629184008,1.644400000,0.083000000,0.021400000
sample,fixed_single,ordered4,512,512,238,837,1.917951941,1.929500000,0.072600000,0.019200000
sample,fixed_single,ordered4_fixed_diagnostic,512,512,238,837,1.895424008,1.905500000,0.044900000,0.000000000
sample,fixed_single,ordered4,512,512,239,837,1.902591944,1.913100000,0.053600000,0.007300000
sample,fixed_single,original,512,512,239,837,1.608703971,1.619300000,0.053100000,0.007500000
sample,fixed_single,ordered4_fixed_diagnostic,512,512,239,837,1.895424008,1.906000000,0.044600000,0.000000000
sample,fixed_single,original,512,512,240,837,1.619968057,1.634400000,0.067900000,0.010700000
sample,fixed_single,ordered4,512,512,240,837,1.919999957,1.934800000,0.071600000,0.015000000
sample,fixed_single,ordered4_fixed_diagnostic,512,512,240,837,1.896448016,1.907000000,0.061300000,0.000000000
sample,fixed_single,ordered4,512,512,241,837,1.902591944,1.910700000,0.047800000,0.007500000
sample,fixed_single,original,512,512,241,837,1.609727979,1.619000000,0.050900000,0.008200000
sample,fixed_single,ordered4_fixed_diagnostic,512,512,241,837,1.896448016,1.904600000,0.039900000,0.000000000
sample,fixed_single,original,512,512,242,837,1.606655955,1.614700000,0.050600000,0.007300000
sample,fixed_single,ordered4,512,512,242,837,1.902591944,1.911900000,0.048200000,0.007200000
sample,fixed_single,ordered4_fixed_diagnostic,512,512,242,837,1.896448016,1.905000000,0.040200000,0.000000000
sample,fixed_single,ordered4,512,512,243,837,1.903615952,1.913400000,0.055300000,0.007200000
sample,fixed_single,original,512,512,243,837,1.620991945,1.638300000,0.065700000,0.011200000
sample,fixed_single,ordered4_fixed_diagnostic,512,512,243,837,1.897472024,1.918200000,0.048200000,0.000000000
sample,fixed_single,original,512,512,244,837,1.618944049,1.632000000,0.065200000,0.011200000
sample,fixed_single,ordered4,512,512,244,837,1.909759998,1.920700000,0.059000000,0.011900000
sample,fixed_single,ordered4_fixed_diagnostic,512,512,244,837,1.896448016,1.908000000,0.048000000,0.000000000
sample,fixed_single,ordered4,512,512,245,837,1.904639959,1.913800000,0.069500000,0.008900000
sample,fixed_single,original,512,512,245,837,1.610751987,1.620000000,0.054500000,0.009600000
sample,fixed_single,ordered4_fixed_diagnostic,512,512,245,837,1.891327977,1.901200000,0.038300000,0.000000000
sample,fixed_single,original,512,512,246,837,1.629184008,1.656000000,0.065800000,0.017700000
sample,fixed_single,ordered4,512,512,246,837,2.074624062,2.161000000,0.484100000,0.081500000
sample,fixed_single,ordered4_fixed_diagnostic,512,512,246,837,1.897472024,1.908500000,0.047200000,0.000000000
sample,fixed_single,ordered4,512,512,247,837,1.918975949,1.935000000,0.066800000,0.015300000
sample,fixed_single,original,512,512,247,837,1.627135992,1.637500000,0.078200000,0.023400000
sample,fixed_single,ordered4_fixed_diagnostic,512,512,247,837,1.893375993,1.903900000,0.045100000,0.000000000
sample,fixed_single,original,512,512,248,837,1.607679963,1.617600000,0.060600000,0.007700000
sample,fixed_single,ordered4,512,512,248,837,1.904639959,1.915100000,0.053300000,0.007800000
sample,fixed_single,ordered4_fixed_diagnostic,512,512,248,837,1.895424008,1.904700000,0.046600000,0.000000000
sample,fixed_single,ordered4,512,512,249,837,1.919999957,1.936800000,0.074000000,0.012700000
sample,fixed_single,original,512,512,249,837,1.620991945,1.633100000,0.066300000,0.014100000
sample,fixed_single,ordered4_fixed_diagnostic,512,512,249,837,1.896448016,1.907100000,0.046300000,0.000000000
sample,fixed_single,original,512,512,250,837,1.606655955,1.616200000,0.053100000,0.007700000
sample,fixed_single,ordered4,512,512,250,837,1.903615952,1.912400000,0.058300000,0.007700000
sample,fixed_single,ordered4_fixed_diagnostic,512,512,250,837,1.897472024,1.907000000,0.043400000,0.000000000
sample,fixed_single,ordered4,512,512,251,837,1.907711983,1.916300000,0.053600000,0.009600000
sample,fixed_single,original,512,512,251,837,1.606655955,1.615900000,0.054500000,0.007900000
sample,fixed_single,ordered4_fixed_diagnostic,512,512,251,837,1.900544047,1.916600000,0.046000000,0.000000000
sample,fixed_single,original,512,512,252,837,1.612800002,1.620900000,0.053700000,0.011300000
sample,fixed_single,ordered4,512,512,252,837,1.903615952,1.912000000,0.050800000,0.008800000
sample,fixed_single,ordered4_fixed_diagnostic,512,512,252,837,1.893375993,1.905100000,0.040100000,0.000000000
sample,fixed_single,ordered4,512,512,253,837,1.938431978,1.968400000,0.094000000,0.024100000
sample,fixed_single,original,512,512,253,837,1.646592021,1.683300000,0.097700000,0.029200000
sample,fixed_single,ordered4_fixed_diagnostic,512,512,253,837,1.899359941,1.909200000,0.057100000,0.000000000
sample,fixed_single,original,512,512,254,837,1.624896049,1.636100000,0.071700000,0.013600000
sample,fixed_single,ordered4,512,512,254,837,1.926144004,1.946000000,0.076400000,0.020600000
sample,fixed_single,ordered4_fixed_diagnostic,512,512,254,837,1.944576025,2.008600000,0.139000000,0.000000000
sample,fixed_single,ordered4,512,512,255,837,1.970175982,2.013500000,0.174100000,0.052900000
sample,fixed_single,original,512,512,255,837,1.642495990,1.662600000,0.091500000,0.025600000
sample,fixed_single,ordered4_fixed_diagnostic,512,512,255,837,1.900383949,1.915500000,0.056300000,0.000000000
sample,fixed_batch16,original,512,512,0,837,1.598271966,1.600950000,0.049850000,0.000000000
sample,fixed_batch16,ordered4,512,512,0,837,1.895359993,1.899743750,0.056100000,0.000000000
sample,fixed_batch16,ordered4,512,512,1,837,1.894400001,1.897293750,0.064556250,0.000000000
sample,fixed_batch16,original,512,512,1,837,1.599488020,1.605056250,0.044068750,0.000000000
sample,fixed_batch16,original,512,512,2,837,1.603456020,1.608862500,0.068268750,0.000000000
sample,fixed_batch16,ordered4,512,512,2,837,1.894655943,1.897893750,0.058437500,0.000000000
sample,fixed_batch16,ordered4,512,512,3,837,1.896064043,1.899681250,0.056537500,0.000000000
sample,fixed_batch16,original,512,512,3,837,1.597823977,1.600337500,0.035400000,0.000000000
sample,fixed_batch16,original,512,512,4,837,1.599552035,1.602925000,0.056531250,0.000000000
sample,fixed_batch16,ordered4,512,512,4,837,1.895104051,1.901912500,0.076600000,0.000000000
sample,fixed_batch16,ordered4,512,512,5,837,1.893375993,1.896981250,0.070418750,0.000000000
sample,fixed_batch16,original,512,512,5,837,1.600880027,1.604237500,0.080668750,0.000000000
sample,fixed_batch16,original,512,512,6,837,1.598399997,1.601350000,0.050418750,0.000000000
sample,fixed_batch16,ordered4,512,512,6,837,1.893872023,1.896556250,0.048837500,0.000000000
sample,fixed_batch16,ordered4,512,512,7,837,1.895743966,1.898793750,0.052125000,0.000000000
sample,fixed_batch16,original,512,512,7,837,1.598464012,1.601250000,0.049118750,0.000000000
sample,fixed_batch16,original,512,512,8,837,1.599552035,1.602712500,0.070381250,0.000000000
sample,fixed_batch16,ordered4,512,512,8,837,1.894719958,1.897850000,0.051806250,0.000000000
sample,fixed_batch16,ordered4,512,512,9,837,1.895936012,1.899750000,0.065612500,0.000000000
sample,fixed_batch16,original,512,512,9,837,1.600128055,1.603725000,0.063393750,0.000000000
sample,fixed_batch16,original,512,512,10,837,1.600831985,1.604368750,0.061687500,0.000000000
sample,fixed_batch16,ordered4,512,512,10,837,1.894520044,1.897618750,0.064181250,0.000000000
sample,fixed_batch16,ordered4,512,512,11,837,1.893759966,1.896593750,0.042862500,0.000000000
sample,fixed_batch16,original,512,512,11,837,1.600703955,1.604293750,0.061818750,0.000000000
sample,fixed_batch16,original,512,512,12,837,1.598335981,1.601450000,0.049643750,0.000000000
sample,fixed_batch16,ordered4,512,512,12,837,1.896255970,1.899912500,0.058150000,0.000000000
sample,fixed_batch16,ordered4,512,512,13,837,1.896639943,1.900231250,0.064550000,0.000000000
sample,fixed_batch16,original,512,512,13,837,1.600896001,1.604425000,0.083281250,0.000000000
sample,fixed_batch16,original,512,512,14,837,1.598464012,1.601275000,0.061006250,0.000000000
sample,fixed_batch16,ordered4,512,512,14,837,1.894144058,1.896912500,0.050337500,0.000000000
sample,fixed_batch16,ordered4,512,512,15,837,1.894464016,1.897050000,0.049287500,0.000000000
sample,fixed_batch16,original,512,512,15,837,1.598656058,1.601325000,0.050225000,0.000000000
sample,fixed_batch16,original,512,512,16,837,1.599040031,1.602437500,0.048293750,0.000000000
sample,fixed_batch16,ordered4,512,512,16,837,1.896384001,1.901187500,0.068287500,0.000000000
sample,fixed_batch16,ordered4,512,512,17,837,1.896255970,1.900625000,0.059250000,0.000000000
sample,fixed_batch16,original,512,512,17,837,1.600128055,1.604075000,0.054712500,0.000000000
sample,fixed_batch16,original,512,512,18,837,1.599807978,1.603156250,0.056687500,0.000000000
sample,fixed_batch16,ordered4,512,512,18,837,1.893872023,1.896768750,0.058462500,0.000000000
sample,fixed_batch16,ordered4,512,512,19,837,1.894207954,1.897381250,0.046031250,0.000000000
sample,fixed_batch16,original,512,512,19,837,1.598449945,1.601456250,0.044725000,0.000000000
sample,fixed_batch16,original,512,512,20,837,1.598783970,1.601956250,0.050062500,0.000000000
sample,fixed_batch16,ordered4,512,512,20,837,1.894271970,1.897081250,0.053137500,0.000000000
sample,fixed_batch16,ordered4,512,512,21,837,1.895743966,1.899456250,0.064156250,0.000000000
sample,fixed_batch16,original,512,512,21,837,1.599936008,1.603050000,0.054537500,0.000000000
sample,fixed_batch16,original,512,512,22,837,1.601600051,1.605675000,0.064706250,0.000000000
sample,fixed_batch16,ordered4,512,512,22,837,1.897663951,1.902556250,0.069381250,0.000000000
sample,fixed_batch16,ordered4,512,512,23,837,1.894464016,1.897262500,0.055306250,0.000000000
sample,fixed_batch16,original,512,512,23,837,1.599104047,1.603068750,0.065537500,0.000000000
sample,fixed_batch16,original,512,512,24,837,1.598207951,1.601025000,0.047881250,0.000000000
sample,fixed_batch16,ordered4,512,512,24,837,1.893887997,1.896625000,0.047356250,0.000000000
sample,fixed_batch16,ordered4,512,512,25,837,1.895295978,1.899487500,0.055887500,0.000000000
sample,fixed_batch16,original,512,512,25,837,1.600319982,1.604000000,0.064506250,0.000000000
sample,fixed_batch16,original,512,512,26,837,1.597885966,1.600693750,0.043406250,0.000000000
sample,fixed_batch16,ordered4,512,512,26,837,1.897215962,1.901350000,0.065218750,0.000000000
sample,fixed_batch16,ordered4,512,512,27,837,1.896767974,1.900718750,0.062206250,0.000000000
sample,fixed_batch16,original,512,512,27,837,1.598585963,1.601681250,0.057837500,0.000000000
sample,fixed_batch16,original,512,512,28,837,1.599552035,1.602662500,0.059381250,0.000000000
sample,fixed_batch16,ordered4,512,512,28,837,1.894783974,1.896368750,0.050662500,0.000000000
sample,fixed_batch16,ordered4,512,512,29,837,1.895552039,1.898687500,0.056787500,0.000000000
sample,fixed_batch16,original,512,512,29,837,1.602880001,1.609675000,0.065862500,0.000000000
sample,fixed_batch16,original,512,512,30,837,1.600512028,1.604562500,0.060531250,0.000000000
sample,fixed_batch16,ordered4,512,512,30,837,1.894592047,1.897643750,0.049900000,0.000000000
sample,fixed_batch16,ordered4,512,512,31,837,1.896831989,1.900668750,0.061400000,0.000000000
sample,fixed_batch16,original,512,512,31,837,1.600191951,1.603543750,0.054743750,0.000000000
sample,fixed_batch16,original,512,512,32,837,1.599936008,1.603193750,0.053293750,0.000000000
sample,fixed_batch16,ordered4,512,512,32,837,1.896255970,1.900162500,0.055206250,0.000000000
sample,fixed_batch16,ordered4,512,512,33,837,1.896831989,1.900600000,0.080068750,0.000000000
sample,fixed_batch16,original,512,512,33,837,1.602432013,1.605118750,0.064118750,0.000000000
sample,fixed_batch16,original,512,512,34,837,1.598592043,1.601462500,0.049093750,0.000000000
sample,fixed_batch16,ordered4,512,512,34,837,1.895616055,1.899443750,0.066275000,0.000000000
sample,fixed_batch16,ordered4,512,512,35,837,1.895871997,1.899762500,0.058581250,0.000000000
sample,fixed_batch16,original,512,512,35,837,1.600000024,1.603418750,0.056587500,0.000000000
sample,fixed_batch16,original,512,512,36,837,1.599424005,1.603000000,0.076181250,0.000000000
sample,fixed_batch16,ordered4,512,512,36,837,1.894335985,1.897256250,0.049112500,0.000000000
sample,fixed_batch16,ordered4,512,512,37,837,1.894592047,1.897437500,0.049300000,0.000000000
sample,fixed_batch16,original,512,512,37,837,1.598847985,1.601600000,0.046875000,0.000000000
sample,fixed_batch16,original,512,512,38,837,1.603327990,1.607237500,0.072231250,0.000000000
sample,fixed_batch16,ordered4,512,512,38,837,1.894976020,1.897806250,0.054306250,0.000000000
sample,fixed_batch16,ordered4,512,512,39,837,1.894646049,1.897706250,0.050706250,0.000000000
sample,fixed_batch16,original,512,512,39,837,1.600000024,1.603531250,0.061237500,0.000000000
sample,fixed_batch16,original,512,512,40,837,1.600576043,1.604256250,0.055956250,0.000000000
sample,fixed_batch16,ordered4,512,512,40,837,1.896255970,1.900200000,0.058031250,0.000000000
sample,fixed_batch16,ordered4,512,512,41,837,1.896767974,1.900875000,0.058625000,0.000000000
sample,fixed_batch16,original,512,512,41,837,1.600383997,1.604112500,0.059568750,0.000000000
sample,fixed_batch16,original,512,512,42,837,1.598528028,1.601131250,0.049125000,0.000000000
sample,fixed_batch16,ordered4,512,512,42,837,1.895104051,1.896768750,0.062556250,0.000000000
sample,fixed_batch16,ordered4,512,512,43,837,1.894080043,1.896575000,0.047168750,0.000000000
sample,fixed_batch16,original,512,512,43,837,1.600703955,1.604475000,0.051487500,0.000000000
sample,fixed_batch16,original,512,512,44,837,1.599040031,1.602012500,0.046487500,0.000000000
sample,fixed_batch16,ordered4,512,512,44,837,1.898048043,1.902437500,0.069406250,0.000000000
sample,fixed_batch16,ordered4,512,512,45,837,1.895871997,1.900006250,0.065856250,0.000000000
sample,fixed_batch16,original,512,512,45,837,1.600064039,1.605056250,0.054387500,0.000000000
sample,fixed_batch16,original,512,512,46,837,1.600000024,1.603556250,0.058300000,0.000000000
sample,fixed_batch16,ordered4,512,512,46,837,1.895807981,1.898843750,0.058893750,0.000000000
sample,fixed_batch16,ordered4,512,512,47,837,1.894271970,1.896900000,0.047712500,0.000000000
sample,fixed_batch16,original,512,512,47,837,1.598781943,1.601718750,0.047193750,0.000000000
sample,fixed_batch16,original,512,512,48,837,1.598783970,1.601487500,0.050775000,0.000000000
sample,fixed_batch16,ordered4,512,512,48,837,1.894207954,1.897200000,0.054906250,0.000000000
sample,fixed_batch16,ordered4,512,512,49,837,1.893823981,1.896425000,0.049593750,0.000000000
sample,fixed_batch16,original,512,512,49,837,1.598207951,1.600793750,0.050562500,0.000000000
sample,fixed_single,original,1023,1023,0,383,1.984511971,1.999800000,0.118600000,0.042200000
sample,fixed_single,ordered4,1023,1023,0,383,2.579456091,2.604100000,0.110800000,0.041000000
sample,fixed_single,ordered4_fixed_diagnostic,1023,1023,0,383,2.534399986,2.572900000,0.051700000,0.000000000
sample,fixed_single,ordered4,1023,1023,1,383,2.576384068,2.610200000,0.107000000,0.034800000
sample,fixed_single,original,1023,1023,1,383,1.993728042,2.020600000,0.126100000,0.040700000
sample,fixed_single,ordered4_fixed_diagnostic,1023,1023,1,383,2.546688080,2.593100000,0.107800000,0.000000000
sample,fixed_single,original,1023,1023,2,383,1.989632010,2.022100000,0.123200000,0.033400000
sample,fixed_single,ordered4,1023,1023,2,383,2.572288036,2.591600000,0.102200000,0.028900000
sample,fixed_single,ordered4_fixed_diagnostic,1023,1023,2,383,2.537375927,2.560600000,0.067900000,0.000000000
sample,fixed_single,ordered4,1023,1023,3,383,2.582528114,2.605300000,0.130900000,0.035900000
sample,fixed_single,original,1023,1023,3,383,2.008064032,2.032000000,0.155700000,0.051800000
sample,fixed_single,ordered4_fixed_diagnostic,1023,1023,3,383,2.542592049,2.566900000,0.091800000,0.000000000
sample,fixed_single,original,1023,1023,4,383,1.999871969,2.029700000,0.135900000,0.042200000
sample,fixed_single,ordered4,1023,1023,4,383,2.579456091,2.600500000,0.115500000,0.038100000
sample,fixed_single,ordered4_fixed_diagnostic,1023,1023,4,383,2.561023951,2.585900000,0.102300000,0.000000000
sample,fixed_single,ordered4,1023,1023,5,383,2.571264029,2.595200000,0.095000000,0.027900000
sample,fixed_single,original,1023,1023,5,383,1.980416059,2.002700000,0.101700000,0.032600000
sample,fixed_single,ordered4_fixed_diagnostic,1023,1023,5,383,2.530303955,2.541300000,0.050600000,0.000000000
sample,fixed_single,original,1023,1023,6,383,2.002943993,2.055000000,0.107300000,0.032800000
sample,fixed_single,ordered4,1023,1023,6,383,2.566143990,2.579900000,0.100700000,0.031700000
sample,fixed_single,ordered4_fixed_diagnostic,1023,1023,6,383,2.546688080,2.561500000,0.064500000,0.000000000
sample,fixed_single,ordered4,1023,1023,7,383,2.567167997,2.585600000,0.098200000,0.029400000
sample,fixed_single,original,1023,1023,7,383,1.993728042,2.010100000,0.098900000,0.030400000
sample,fixed_single,ordered4_fixed_diagnostic,1023,1023,7,383,2.534399986,2.559900000,0.062200000,0.000000000
sample,fixed_single,original,1023,1023,8,383,1.967072010,1.981000000,0.089000000,0.022000000
sample,fixed_single,ordered4,1023,1023,8,383,2.561023951,2.572600000,0.085300000,0.027100000
sample,fixed_single,ordered4_fixed_diagnostic,1023,1023,8,383,2.529279947,2.539000000,0.048000000,0.000000000
sample,fixed_single,ordered4,1023,1023,9,383,2.536448002,2.547000000,0.055100000,0.007800000
sample,fixed_single,original,1023,1023,9,383,1.979392052,1.999500000,0.098500000,0.028200000
sample,fixed_single,ordered4_fixed_diagnostic,1023,1023,9,383,2.532351971,2.545900000,0.066400000,0.000000000
sample,fixed_single,original,1023,1023,10,383,1.957888007,1.972600000,0.075900000,0.017600000
sample,fixed_single,ordered4,1023,1023,10,383,2.584575891,2.610200000,0.114100000,0.039400000
sample,fixed_single,ordered4_fixed_diagnostic,1023,1023,10,383,2.527231932,2.539800000,0.046300000,0.000000000
sample,fixed_single,ordered4,1023,1023,11,383,2.563071966,2.587100000,0.092700000,0.021300000
sample,fixed_single,original,1023,1023,11,383,1.980416059,1.997100000,0.106900000,0.034700000
sample,fixed_single,ordered4_fixed_diagnostic,1023,1023,11,383,2.527231932,2.537900000,0.059200000,0.000000000
sample,fixed_single,original,1023,1023,12,383,1.957888007,1.971000000,0.068500000,0.014900000
sample,fixed_single,ordered4,1023,1023,12,383,2.548736095,2.559200000,0.070000000,0.017000000
sample,fixed_single,ordered4_fixed_diagnostic,1023,1023,12,383,2.528255939,2.538600000,0.053500000,0.000000000
sample,fixed_single,ordered4,1023,1023,13,383,2.535423994,2.545800000,0.055900000,0.008500000
sample,fixed_single,original,1023,1023,13,383,1.941504002,1.952400000,0.054400000,0.008700000
sample,fixed_single,ordered4_fixed_diagnostic,1023,1023,13,383,2.533375978,2.549100000,0.049600000,0.000000000
sample,fixed_single,original,1023,1023,14,383,1.959936023,1.973800000,0.084000000,0.017800000
sample,fixed_single,ordered4,1023,1023,14,383,2.548736095,2.561100000,0.073100000,0.018900000
sample,fixed_single,ordered4_fixed_diagnostic,1023,1023,14,383,2.529279947,2.540600000,0.047300000,0.000000000
sample,fixed_single,ordered4,1023,1023,15,383,2.541568041,2.557800000,0.063800000,0.009700000
sample,fixed_single,original,1023,1023,15,383,1.959936023,1.973200000,0.075500000,0.020300000
sample,fixed_single,ordered4_fixed_diagnostic,1023,1023,15,383,2.526207924,2.536700000,0.057900000,0.000000000
sample,fixed_single,original,1023,1023,16,383,1.943552017,1.959100000,0.066100000,0.007600000
sample,fixed_single,ordered4,1023,1023,16,383,2.565119982,2.588300000,0.094200000,0.023700000
sample,fixed_single,ordered4_fixed_diagnostic,1023,1023,16,383,2.530303955,2.545600000,0.077000000,0.000000000
sample,fixed_single,ordered4,1023,1023,17,383,2.561023951,2.581600000,0.085600000,0.021400000
sample,fixed_single,original,1023,1023,17,383,1.971199989,1.983400000,0.097400000,0.023000000
sample,fixed_single,ordered4_fixed_diagnostic,1023,1023,17,383,2.533375978,2.547000000,0.059800000,0.000000000
sample,fixed_single,original,1023,1023,18,383,1.959807992,1.971300000,0.069100000,0.017100000
sample,fixed_single,ordered4,1023,1023,18,383,2.552831888,2.564900000,0.077300000,0.022200000
sample,fixed_single,ordered4_fixed_diagnostic,1023,1023,18,383,2.534399986,2.551100000,0.055200000,0.000000000
sample,fixed_single,ordered4,1023,1023,19,383,2.546688080,2.557000000,0.065900000,0.013900000
sample,fixed_single,original,1023,1023,19,383,1.961984038,1.972700000,0.075300000,0.024000000
sample,fixed_single,ordered4_fixed_diagnostic,1023,1023,19,383,2.526207924,2.536400000,0.047900000,0.000000000
sample,fixed_single,original,1023,1023,20,383,1.942528009,1.953100000,0.053000000,0.007800000
sample,fixed_single,ordered4,1023,1023,20,383,2.537472010,2.547300000,0.054400000,0.010400000
sample,fixed_single,ordered4_fixed_diagnostic,1023,1023,20,383,2.528255939,2.538400000,0.045600000,0.000000000
sample,fixed_single,ordered4,1023,1023,21,383,2.533375978,2.543200000,0.052800000,0.007500000
sample,fixed_single,original,1023,1023,21,383,1.941504002,1.949700000,0.048700000,0.007500000
sample,fixed_single,ordered4_fixed_diagnostic,1023,1023,21,383,2.528255939,2.536500000,0.043200000,0.000000000
sample,fixed_single,original,1023,1023,22,383,1.940479994,1.952400000,0.053000000,0.007100000
sample,fixed_single,ordered4,1023,1023,22,383,2.563999891,2.588800000,0.080400000,0.020700000
sample,fixed_single,ordered4_fixed_diagnostic,1023,1023,22,383,2.536448002,2.554600000,0.059800000,0.000000000
sample,fixed_single,ordered4,1023,1023,23,383,2.559999943,2.572700000,0.086100000,0.023900000
sample,fixed_single,original,1023,1023,23,383,1.977344036,1.987200000,0.103300000,0.036700000
sample,fixed_single,ordered4_fixed_diagnostic,1023,1023,23,383,2.529279947,2.539100000,0.049000000,0.000000000
sample,fixed_single,original,1023,1023,24,383,1.955839992,1.973100000,0.071300000,0.015100000
sample,fixed_single,ordered4,1023,1023,24,383,2.537472010,2.547400000,0.059300000,0.011700000
sample,fixed_single,ordered4_fixed_diagnostic,1023,1023,24,383,2.526207924,2.537000000,0.054900000,0.000000000
sample,fixed_single,ordered4,1023,1023,25,383,2.537472010,2.547600000,0.053000000,0.007500000
sample,fixed_single,original,1023,1023,25,383,1.949695945,1.960600000,0.060100000,0.009500000
sample,fixed_single,ordered4_fixed_diagnostic,1023,1023,25,383,2.527231932,2.539000000,0.046600000,0.000000000
sample,fixed_single,original,1023,1023,26,383,1.944576025,1.953200000,0.053200000,0.007700000
sample,fixed_single,ordered4,1023,1023,26,383,2.539520025,2.550700000,0.061400000,0.008800000
sample,fixed_single,ordered4_fixed_diagnostic,1023,1023,26,383,2.534399986,2.548900000,0.048200000,0.000000000
sample,fixed_single,ordered4,1023,1023,27,383,2.541568041,2.550500000,0.052900000,0.012000000
sample,fixed_single,original,1023,1023,27,383,1.953791976,1.963400000,0.059200000,0.013100000
sample,fixed_single,ordered4_fixed_diagnostic,1023,1023,27,383,2.527231932,2.536300000,0.040100000,0.000000000
sample,fixed_single,original,1023,1023,28,383,1.942528009,1.951500000,0.050100000,0.007900000
sample,fixed_single,ordered4,1023,1023,28,383,2.540416002,2.551400000,0.055600000,0.010000000
sample,fixed_single,ordered4_fixed_diagnostic,1023,1023,28,383,2.537375927,2.575400000,0.056100000,0.000000000
sample,fixed_single,ordered4,1023,1023,29,383,2.573312044,2.593400000,0.113800000,0.036900000
sample,fixed_single,original,1023,1023,29,383,1.974272013,1.986400000,0.099600000,0.036600000
sample,fixed_single,ordered4_fixed_diagnostic,1023,1023,29,383,2.528255939,2.540100000,0.048200000,0.000000000
sample,fixed_single,original,1023,1023,30,383,1.961984038,1.987800000,0.086300000,0.017800000
sample,fixed_single,ordered4,1023,1023,30,383,2.551808119,2.569600000,0.075100000,0.017700000
sample,fixed_single,ordered4_fixed_diagnostic,1023,1023,30,383,2.534399986,2.555000000,0.054700000,0.000000000
sample,fixed_single,ordered4,1023,1023,31,383,2.540544033,2.551100000,0.080000000,0.010100000
sample,fixed_single,original,1023,1023,31,383,1.945600033,1.955600000,0.085300000,0.009900000
sample,fixed_single,ordered4_fixed_diagnostic,1023,1023,31,383,2.529279947,2.539600000,0.049200000,0.000000000
sample,fixed_single,original,1023,1023,32,383,1.942528009,1.953800000,0.054100000,0.007900000
sample,fixed_single,ordered4,1023,1023,32,383,2.536448002,2.545400000,0.053200000,0.007600000
sample,fixed_single,ordered4_fixed_diagnostic,1023,1023,32,383,2.527231932,2.536000000,0.039500000,0.000000000
sample,fixed_single,ordered4,1023,1023,33,383,2.535423994,2.545800000,0.047600000,0.007300000
sample,fixed_single,original,1023,1023,33,383,1.956863999,1.977300000,0.061100000,0.014000000
sample,fixed_single,ordered4_fixed_diagnostic,1023,1023,33,383,2.528255939,2.539600000,0.055700000,0.000000000
sample,fixed_single,original,1023,1023,34,383,1.963008046,1.976400000,0.084600000,0.014800000
sample,fixed_single,ordered4,1023,1023,34,383,2.555903912,2.567200000,0.082600000,0.024300000
sample,fixed_single,ordered4_fixed_diagnostic,1023,1023,34,383,2.528255939,2.538800000,0.046100000,0.000000000
sample,fixed_single,ordered4,1023,1023,35,383,2.536448002,2.547400000,0.057000000,0.008600000
sample,fixed_single,original,1023,1023,35,383,1.945600033,1.956400000,0.084300000,0.010500000
sample,fixed_single,ordered4_fixed_diagnostic,1023,1023,35,383,2.525183916,2.538800000,0.044700000,0.000000000
sample,fixed_single,original,1023,1023,36,383,1.971199989,2.007100000,0.091200000,0.025800000
sample,fixed_single,ordered4,1023,1023,36,383,2.552831888,2.563600000,0.077400000,0.019800000
sample,fixed_single,ordered4_fixed_diagnostic,1023,1023,36,383,2.533344030,2.544700000,0.049300000,0.000000000
sample,fixed_single,ordered4,1023,1023,37,383,2.543616056,2.554900000,0.066900000,0.011200000
sample,fixed_single,original,1023,1023,37,383,1.948672056,1.959400000,0.060400000,0.012000000
sample,fixed_single,ordered4_fixed_diagnostic,1023,1023,37,383,2.528255939,2.538400000,0.046600000,0.000000000
sample,fixed_single,original,1023,1023,38,383,1.946624041,1.956700000,0.053200000,0.007600000
sample,fixed_single,ordered4,1023,1023,38,383,2.546688080,2.558000000,0.085900000,0.012400000
sample,fixed_single,ordered4_fixed_diagnostic,1023,1023,38,383,2.536448002,2.558400000,0.061500000,0.000000000
sample,fixed_single,ordered4,1023,1023,39,383,2.551808119,2.562100000,0.073400000,0.018800000
sample,fixed_single,original,1023,1023,39,383,1.970175982,1.986000000,0.090000000,0.025600000
sample,fixed_single,ordered4_fixed_diagnostic,1023,1023,39,383,2.525183916,2.535800000,0.049000000,0.000000000
sample,fixed_single,original,1023,1023,40,383,1.942528009,1.952900000,0.053200000,0.007800000
sample,fixed_single,ordered4,1023,1023,40,383,2.542592049,2.552600000,0.065100000,0.012200000
sample,fixed_single,ordered4_fixed_diagnostic,1023,1023,40,383,2.529279947,2.541000000,0.047700000,0.000000000
sample,fixed_single,ordered4,1023,1023,41,383,2.541568041,2.560100000,0.053800000,0.009800000
sample,fixed_single,original,1023,1023,41,383,1.949695945,1.960000000,0.063700000,0.011200000
sample,fixed_single,ordered4_fixed_diagnostic,1023,1023,41,383,2.529279947,2.540200000,0.051300000,0.000000000
sample,fixed_single,original,1023,1023,42,383,1.941504002,1.951800000,0.054400000,0.007400000
sample,fixed_single,ordered4,1023,1023,42,383,2.536448002,2.547000000,0.054300000,0.007400000
sample,fixed_single,ordered4_fixed_diagnostic,1023,1023,42,383,2.527231932,2.537600000,0.046800000,0.000000000
sample,fixed_single,ordered4,1023,1023,43,383,2.536448002,2.546500000,0.053900000,0.007400000
sample,fixed_single,original,1023,1023,43,383,1.941504002,1.953000000,0.053500000,0.007100000
sample,fixed_single,ordered4_fixed_diagnostic,1023,1023,43,383,2.533375978,2.559900000,0.052200000,0.000000000
sample,fixed_single,original,1023,1023,44,383,1.957888007,1.972000000,0.068100000,0.013300000
sample,fixed_single,ordered4,1023,1023,44,383,2.553855896,2.589400000,0.096300000,0.017900000
sample,fixed_single,ordered4_fixed_diagnostic,1023,1023,44,383,2.531327963,2.541700000,0.047300000,0.000000000
sample,fixed_single,ordered4,1023,1023,45,383,2.539520025,2.549900000,0.058100000,0.012100000
sample,fixed_single,original,1023,1023,45,383,1.946624041,1.957300000,0.058400000,0.011200000
sample,fixed_single,ordered4_fixed_diagnostic,1023,1023,45,383,2.527231932,2.537900000,0.044200000,0.000000000
sample,fixed_single,original,1023,1023,46,383,1.958912015,1.981200000,0.073900000,0.013800000
sample,fixed_single,ordered4,1023,1023,46,383,2.544640064,2.557100000,0.067800000,0.012700000
sample,fixed_single,ordered4_fixed_diagnostic,1023,1023,46,383,2.527231932,2.537600000,0.051500000,0.000000000
sample,fixed_single,ordered4,1023,1023,47,383,2.538496017,2.548600000,0.077600000,0.008500000
sample,fixed_single,original,1023,1023,47,383,1.945600033,1.955900000,0.076900000,0.010400000
sample,fixed_single,ordered4_fixed_diagnostic,1023,1023,47,383,2.536448002,2.546700000,0.045100000,0.000000000
sample,fixed_single,original,1023,1023,48,383,1.941504002,1.951900000,0.054400000,0.007500000
sample,fixed_single,ordered4,1023,1023,48,383,2.536448002,2.548100000,0.052700000,0.007100000
sample,fixed_single,ordered4_fixed_diagnostic,1023,1023,48,383,2.561023951,2.586900000,0.083500000,0.000000000
sample,fixed_single,ordered4,1023,1023,49,383,2.584575891,2.624900000,0.126300000,0.039900000
sample,fixed_single,original,1023,1023,49,383,1.975296021,1.987300000,0.099400000,0.033800000
sample,fixed_single,ordered4_fixed_diagnostic,1023,1023,49,383,2.559999943,2.580500000,0.090300000,0.000000000
sample,fixed_single,original,1023,1023,50,383,1.965055943,1.975800000,0.088100000,0.023700000
sample,fixed_single,ordered4,1023,1023,50,383,2.550784111,2.562300000,0.072200000,0.021200000
sample,fixed_single,ordered4_fixed_diagnostic,1023,1023,50,383,2.528255939,2.538400000,0.045700000,0.000000000
sample,fixed_single,ordered4,1023,1023,51,383,2.536448002,2.547200000,0.053900000,0.007400000
sample,fixed_single,original,1023,1023,51,383,1.958912015,1.976700000,0.077500000,0.019400000
sample,fixed_single,ordered4_fixed_diagnostic,1023,1023,51,383,2.533375978,2.547700000,0.059300000,0.000000000
sample,fixed_single,original,1023,1023,52,383,1.951743960,1.970000000,0.089200000,0.013000000
sample,fixed_single,ordered4,1023,1023,52,383,2.565119982,2.596200000,0.085900000,0.027600000
sample,fixed_single,ordered4_fixed_diagnostic,1023,1023,52,383,2.565119982,2.644000000,0.145500000,0.000000000
sample,fixed_single,ordered4,1023,1023,53,383,2.569216013,2.587600000,0.097900000,0.032800000
sample,fixed_single,original,1023,1023,53,383,1.989632010,2.010600000,0.108500000,0.034600000
sample,fixed_single,ordered4_fixed_diagnostic,1023,1023,53,383,2.533375978,2.549600000,0.061700000,0.000000000
sample,fixed_single,original,1023,1023,54,383,1.977344036,2.007900000,0.098900000,0.027700000
sample,fixed_single,ordered4,1023,1023,54,383,2.562047958,2.574100000,0.087400000,0.029800000
sample,fixed_single,ordered4_fixed_diagnostic,1023,1023,54,383,2.536448002,2.555700000,0.061700000,0.000000000
sample,fixed_single,ordered4,1023,1023,55,383,2.571264029,2.583800000,0.097300000,0.033500000
sample,fixed_single,original,1023,1023,55,383,1.982463956,2.000900000,0.116100000,0.035800000
sample,fixed_single,ordered4_fixed_diagnostic,1023,1023,55,383,2.538496017,2.571300000,0.058200000,0.000000000
sample,fixed_single,original,1023,1023,56,383,1.972192049,1.988400000,0.089000000,0.022700000
sample,fixed_single,ordered4,1023,1023,56,383,2.549760103,2.558900000,0.065700000,0.018800000
sample,fixed_single,ordered4_fixed_diagnostic,1023,1023,56,383,2.532351971,2.545600000,0.060100000,0.000000000
sample,fixed_single,ordered4,1023,1023,57,383,2.544640064,2.554800000,0.060500000,0.012400000
sample,fixed_single,original,1023,1023,57,383,1.986559987,2.005000000,0.114100000,0.040800000
sample,fixed_single,ordered4_fixed_diagnostic,1023,1023,57,383,2.529279947,2.538400000,0.054900000,0.000000000
sample,fixed_single,original,1023,1023,58,383,1.958912015,1.967900000,0.068000000,0.015700000
sample,fixed_single,ordered4,1023,1023,58,383,2.549760103,2.559400000,0.066600000,0.017700000
sample,fixed_single,ordered4_fixed_diagnostic,1023,1023,58,383,2.528255939,2.539900000,0.051100000,0.000000000
sample,fixed_single,ordered4,1023,1023,59,383,2.556927919,2.576500000,0.073400000,0.018400000
sample,fixed_single,original,1023,1023,59,383,1.981343985,2.008600000,0.102700000,0.030500000
sample,fixed_single,ordered4_fixed_diagnostic,1023,1023,59,383,2.537472010,2.554800000,0.061500000,0.000000000
sample,fixed_single,original,1023,1023,60,383,1.972223997,1.995200000,0.086300000,0.026700000
sample,fixed_single,ordered4,1023,1023,60,383,2.549760103,2.559400000,0.071500000,0.019400000
sample,fixed_single,ordered4_fixed_diagnostic,1023,1023,60,383,2.529279947,2.539300000,0.048800000,0.000000000
sample,fixed_single,ordered4,1023,1023,61,383,2.544640064,2.554200000,0.060600000,0.012400000
sample,fixed_single,original,1023,1023,61,383,1.959936023,1.969900000,0.076100000,0.022900000
sample,fixed_single,ordered4_fixed_diagnostic,1023,1023,61,383,2.528255939,2.538300000,0.048100000,0.000000000
sample,fixed_single,original,1023,1023,62,383,1.946624041,1.957700000,0.085000000,0.011300000
sample,fixed_single,ordered4,1023,1023,62,383,2.544640064,2.555100000,0.066800000,0.014800000
sample,fixed_single,ordered4_fixed_diagnostic,1023,1023,62,383,2.526207924,2.537600000,0.050800000,0.000000000
sample,fixed_single,ordered4,1023,1023,63,383,2.547712088,2.562000000,0.083900000,0.017400000
sample,fixed_single,original,1023,1023,63,383,1.953791976,1.963600000,0.066800000,0.014800000
sample,fixed_single,ordered4_fixed_diagnostic,1023,1023,63,383,2.536448002,2.553100000,0.062000000,0.000000000
sample,fixed_single,original,1023,1023,64,383,1.957888007,1.967200000,0.068400000,0.016700000
sample,fixed_single,ordered4,1023,1023,64,383,2.548736095,2.560500000,0.065100000,0.016400000
sample,fixed_single,ordered4_fixed_diagnostic,1023,1023,64,383,2.538496017,2.575100000,0.066200000,0.000000000
sample,fixed_single,ordered4,1023,1023,65,383,2.565119982,2.585300000,0.085400000,0.026400000
sample,fixed_single,original,1023,1023,65,383,1.985535979,2.000200000,0.116100000,0.039500000
sample,fixed_single,ordered4_fixed_diagnostic,1023,1023,65,383,2.530303955,2.541000000,0.068300000,0.000000000
sample,fixed_single,original,1023,1023,66,383,1.949471951,1.957900000,0.054900000,0.009900000
sample,fixed_single,ordered4,1023,1023,66,383,2.567167997,2.585700000,0.095200000,0.030400000
sample,fixed_single,ordered4_fixed_diagnostic,1023,1023,66,383,2.530303955,2.543200000,0.053200000,0.000000000
sample,fixed_single,ordered4,1023,1023,67,383,2.551808119,2.563800000,0.071900000,0.015400000
sample,fixed_single,original,1023,1023,67,383,1.977344036,1.987800000,0.106500000,0.032700000
sample,fixed_single,ordered4_fixed_diagnostic,1023,1023,67,383,2.528255939,2.540000000,0.052000000,0.000000000
sample,fixed_single,original,1023,1023,68,383,1.958912015,1.972900000,0.079300000,0.017500000
sample,fixed_single,ordered4,1023,1023,68,383,2.545664072,2.557600000,0.073200000,0.016800000
sample,fixed_single,ordered4_fixed_diagnostic,1023,1023,68,383,2.534399986,2.549500000,0.057800000,0.000000000
sample,fixed_single,ordered4,1023,1023,69,383,2.553855896,2.563800000,0.071400000,0.018000000
sample,fixed_single,original,1023,1023,69,383,1.959776044,1.972700000,0.087400000,0.018400000
sample,fixed_single,ordered4_fixed_diagnostic,1023,1023,69,383,2.542592049,2.568900000,0.077300000,0.000000000
sample,fixed_single,original,1023,1023,70,383,1.977344036,1.992300000,0.094200000,0.025700000
sample,fixed_single,ordered4,1023,1023,70,383,2.564095974,2.575200000,0.096500000,0.031300000
sample,fixed_single,ordered4_fixed_diagnostic,1023,1023,70,383,2.529279947,2.540200000,0.050100000,0.000000000
sample,fixed_single,ordered4,1023,1023,71,383,2.552831888,2.574100000,0.076500000,0.015500000
sample,fixed_single,original,1023,1023,71,383,1.960960031,1.971400000,0.078000000,0.018500000
sample,fixed_single,ordered4_fixed_diagnostic,1023,1023,71,383,2.531327963,2.547400000,0.053000000,0.000000000
sample,fixed_single,original,1023,1023,72,383,1.956863999,1.975900000,0.071300000,0.014500000
sample,fixed_single,ordered4,1023,1023,72,383,2.579456091,2.613800000,0.122200000,0.038700000
sample,fixed_single,ordered4_fixed_diagnostic,1023,1023,72,383,2.531327963,2.544400000,0.058000000,0.000000000
sample,fixed_single,ordered4,1023,1023,73,383,2.544640064,2.556900000,0.066800000,0.014400000
sample,fixed_single,original,1023,1023,73,383,1.967103958,1.977300000,0.089600000,0.028700000
sample,fixed_single,ordered4_fixed_diagnostic,1023,1023,73,383,2.528255939,2.538500000,0.046400000,0.000000000
sample,fixed_single,original,1023,1023,74,383,1.946624041,1.956900000,0.073800000,0.007800000
sample,fixed_single,ordered4,1023,1023,74,383,2.554879904,2.573300000,0.083000000,0.017100000
sample,fixed_single,ordered4_fixed_diagnostic,1023,1023,74,383,2.535423994,2.550300000,0.069100000,0.000000000
sample,fixed_single,ordered4,1023,1023,75,383,2.576384068,2.601400000,0.124200000,0.035200000
sample,fixed_single,original,1023,1023,75,383,1.993728042,2.013200000,0.128200000,0.040200000
sample,fixed_single,ordered4_fixed_diagnostic,1023,1023,75,383,2.529279947,2.540100000,0.065200000,0.000000000
sample,fixed_single,original,1023,1023,76,383,1.950719953,1.961500000,0.067200000,0.012100000
sample,fixed_single,ordered4,1023,1023,76,383,2.554879904,2.565300000,0.086200000,0.024300000
sample,fixed_single,ordered4_fixed_diagnostic,1023,1023,76,383,2.527231932,2.537400000,0.041300000,0.000000000
sample,fixed_single,ordered4,1023,1023,77,383,2.535423994,2.546400000,0.056300000,0.009700000
sample,fixed_single,original,1023,1023,77,383,1.948672056,1.959400000,0.066600000,0.013000000
sample,fixed_single,ordered4_fixed_diagnostic,1023,1023,77,383,2.529279947,2.541400000,0.056200000,0.000000000
sample,fixed_single,original,1023,1023,78,383,1.952767968,1.968400000,0.068400000,0.011900000
sample,fixed_single,ordered4,1023,1023,78,383,2.543616056,2.560900000,0.068400000,0.013900000
sample,fixed_single,ordered4_fixed_diagnostic,1023,1023,78,383,2.551808119,2.592300000,0.073400000,0.000000000
sample,fixed_single,ordered4,1023,1023,79,383,2.580480099,2.613900000,0.121400000,0.036800000
sample,fixed_single,original,1023,1023,79,383,2.028543949,2.085000000,0.169800000,0.063700000
sample,fixed_single,ordered4_fixed_diagnostic,1023,1023,79,383,2.535423994,2.552300000,0.057200000,0.000000000
sample,fixed_single,original,1023,1023,80,383,1.961984038,1.971400000,0.065100000,0.017500000
sample,fixed_single,ordered4,1023,1023,80,383,2.548736095,2.560200000,0.064500000,0.019200000
sample,fixed_single,ordered4_fixed_diagnostic,1023,1023,80,383,2.530303955,2.541600000,0.045800000,0.000000000
sample,fixed_single,ordered4,1023,1023,81,383,2.544640064,2.557100000,0.066200000,0.013800000
sample,fixed_single,original,1023,1023,81,383,1.987583995,2.010700000,0.114600000,0.033700000
sample,fixed_single,ordered4_fixed_diagnostic,1023,1023,81,383,2.543616056,2.574800000,0.076000000,0.000000000
sample,fixed_single,original,1023,1023,82,383,1.991680026,2.021900000,0.121300000,0.039300000
sample,fixed_single,ordered4,1023,1023,82,383,2.573312044,2.587600000,0.104700000,0.035600000
sample,fixed_single,ordered4_fixed_diagnostic,1023,1023,82,383,2.532351971,2.545600000,0.054000000,0.000000000
sample,fixed_single,ordered4,1023,1023,83,383,2.567167997,2.590700000,0.097300000,0.024200000
sample,fixed_single,original,1023,1023,83,383,1.977344036,1.993300000,0.102600000,0.032100000
sample,fixed_single,ordered4_fixed_diagnostic,1023,1023,83,383,2.533375978,2.554100000,0.087600000,0.000000000
sample,fixed_single,original,1023,1023,84,383,1.967103958,1.979800000,0.083700000,0.021900000
sample,fixed_single,ordered4,1023,1023,84,383,2.548736095,2.566200000,0.089300000,0.016400000
sample,fixed_single,ordered4_fixed_diagnostic,1023,1023,84,383,2.531327963,2.548100000,0.082800000,0.000000000
sample,fixed_single,ordered4,1023,1023,85,383,2.545664072,2.560900000,0.073100000,0.014200000
sample,fixed_single,original,1023,1023,85,383,1.956863999,1.967400000,0.070500000,0.016900000
sample,fixed_single,ordered4_fixed_diagnostic,1023,1023,85,383,2.526207924,2.537900000,0.043000000,0.000000000
sample,fixed_single,original,1023,1023,86,383,1.983487964,2.010200000,0.110400000,0.029200000
sample,fixed_single,ordered4,1023,1023,86,383,2.573312044,2.600700000,0.105100000,0.030800000
sample,fixed_single,ordered4_fixed_diagnostic,1023,1023,86,383,2.539520025,2.577000000,0.065500000,0.000000000
sample,fixed_single,ordered4,1023,1023,87,383,2.587647915,2.624800000,0.145900000,0.042300000
sample,fixed_single,original,1023,1023,87,383,1.986559987,2.001300000,0.111300000,0.041300000
sample,fixed_single,ordered4_fixed_diagnostic,1023,1023,87,383,2.527231932,2.538300000,0.052400000,0.000000000
sample,fixed_single,original,1023,1023,88,383,1.955839992,1.970900000,0.077700000,0.016300000
sample,fixed_single,ordered4,1023,1023,88,383,2.549760103,2.560300000,0.069300000,0.016600000
sample,fixed_single,ordered4_fixed_diagnostic,1023,1023,88,383,2.528255939,2.539800000,0.047800000,0.000000000
sample,fixed_single,ordered4,1023,1023,89,383,2.549760103,2.565000000,0.074900000,0.014400000
sample,fixed_single,original,1023,1023,89,383,1.971199989,1.987900000,0.100200000,0.022100000
sample,fixed_single,ordered4_fixed_diagnostic,1023,1023,89,383,2.536448002,2.557300000,0.058400000,0.000000000
sample,fixed_single,original,1023,1023,90,383,1.955839992,1.966900000,0.067400000,0.012400000
sample,fixed_single,ordered4,1023,1023,90,383,2.539520025,2.550400000,0.061200000,0.012100000
sample,fixed_single,ordered4_fixed_diagnostic,1023,1023,90,383,2.528255939,2.538300000,0.049700000,0.000000000
sample,fixed_single,ordered4,1023,1023,91,383,2.534399986,2.544700000,0.057200000,0.007200000
sample,fixed_single,original,1023,1023,91,383,1.954815984,1.970300000,0.065900000,0.011300000
sample,fixed_single,ordered4_fixed_diagnostic,1023,1023,91,383,2.527231932,2.538200000,0.046100000,0.000000000
sample,fixed_single,original,1023,1023,92,383,1.947648048,1.957900000,0.053800000,0.007700000
sample,fixed_single,ordered4,1023,1023,92,383,2.535423994,2.546600000,0.054500000,0.008700000
sample,fixed_single,ordered4_fixed_diagnostic,1023,1023,92,383,2.527231932,2.537300000,0.045100000,0.000000000
sample,fixed_single,ordered4,1023,1023,93,383,2.535423994,2.544600000,0.048800000,0.007300000
sample,fixed_single,original,1023,1023,93,383,1.964032054,1.984300000,0.071100000,0.020400000
sample,fixed_single,ordered4_fixed_diagnostic,1023,1023,93,383,2.534399986,2.554000000,0.055000000,0.000000000
sample,fixed_single,original,1023,1023,94,383,1.990656018,2.012100000,0.115100000,0.040900000
sample,fixed_single,ordered4,1023,1023,94,383,2.565119982,2.576900000,0.095000000,0.032900000
sample,fixed_single,ordered4_fixed_diagnostic,1023,1023,94,383,2.534399986,2.547000000,0.051800000,0.000000000
sample,fixed_single,ordered4,1023,1023,95,383,2.547712088,2.558800000,0.067100000,0.015100000
sample,fixed_single,original,1023,1023,95,383,1.953791976,1.965000000,0.069100000,0.016800000
sample,fixed_single,ordered4_fixed_diagnostic,1023,1023,95,383,2.531327963,2.548600000,0.080400000,0.000000000
sample,fixed_single,original,1023,1023,96,383,1.948672056,1.958600000,0.062300000,0.013200000
sample,fixed_single,ordered4,1023,1023,96,383,2.555903912,2.571400000,0.071400000,0.018600000
sample,fixed_single,ordered4_fixed_diagnostic,1023,1023,96,383,2.529279947,2.539800000,0.045800000,0.000000000
sample,fixed_single,ordered4,1023,1023,97,383,2.537472010,2.548200000,0.052800000,0.008000000
sample,fixed_single,original,1023,1023,97,383,1.951743960,1.968300000,0.060800000,0.011800000
sample,fixed_single,ordered4_fixed_diagnostic,1023,1023,97,383,2.527231932,2.537500000,0.048000000,0.000000000
sample,fixed_single,original,1023,1023,98,383,1.949695945,1.965400000,0.061700000,0.010800000
sample,fixed_single,ordered4,1023,1023,98,383,2.540544033,2.551200000,0.058700000,0.011200000
sample,fixed_single,ordered4_fixed_diagnostic,1023,1023,98,383,2.526207924,2.536200000,0.046500000,0.000000000
sample,fixed_single,ordered4,1023,1023,99,383,2.534399986,2.544100000,0.048100000,0.008200000
sample,fixed_single,original,1023,1023,99,383,1.942528009,1.951800000,0.062900000,0.007500000
sample,fixed_single,ordered4_fixed_diagnostic,1023,1023,99,383,2.526207924,2.535600000,0.040100000,0.000000000
sample,fixed_single,original,1023,1023,100,383,1.956863999,1.972600000,0.061600000,0.011400000
sample,fixed_single,ordered4,1023,1023,100,383,2.550688028,2.566800000,0.067500000,0.014000000
sample,fixed_single,ordered4_fixed_diagnostic,1023,1023,100,383,2.531327963,2.547300000,0.051300000,0.000000000
sample,fixed_single,ordered4,1023,1023,101,383,2.538496017,2.547700000,0.055000000,0.011000000
sample,fixed_single,original,1023,1023,101,383,1.953791976,1.964100000,0.068500000,0.014500000
sample,fixed_single,ordered4_fixed_diagnostic,1023,1023,101,383,2.529279947,2.538700000,0.047000000,0.000000000
sample,fixed_single,original,1023,1023,102,383,1.945600033,1.956900000,0.074700000,0.008000000
sample,fixed_single,ordered4,1023,1023,102,383,2.565119982,2.588900000,0.081300000,0.023200000
sample,fixed_single,ordered4_fixed_diagnostic,1023,1023,102,383,2.528255939,2.539300000,0.050600000,0.000000000
sample,fixed_single,ordered4,1023,1023,103,383,2.536448002,2.545600000,0.049400000,0.009200000
sample,fixed_single,original,1023,1023,103,383,1.942368031,1.950500000,0.068400000,0.008600000
sample,fixed_single,ordered4_fixed_diagnostic,1023,1023,103,383,2.526207924,2.534900000,0.042000000,0.000000000
sample,fixed_single,original,1023,1023,104,383,1.940479994,1.948600000,0.048400000,0.007000000
sample,fixed_single,ordered4,1023,1023,104,383,2.534399986,2.542300000,0.071700000,0.007300000
sample,fixed_single,ordered4_fixed_diagnostic,1023,1023,104,383,2.529279947,2.542100000,0.060300000,0.000000000
sample,fixed_single,ordered4,1023,1023,105,383,2.537472010,2.546400000,0.050200000,0.009900000
sample,fixed_single,original,1023,1023,105,383,1.945600033,1.955000000,0.067300000,0.008400000
sample,fixed_single,ordered4_fixed_diagnostic,1023,1023,105,383,2.526207924,2.536000000,0.041000000,0.000000000
sample,fixed_single,original,1023,1023,106,383,1.956863999,1.976300000,0.070300000,0.015600000
sample,fixed_single,ordered4,1023,1023,106,383,2.568192005,2.592400000,0.098700000,0.027400000
sample,fixed_single,ordered4_fixed_diagnostic,1023,1023,106,383,2.547712088,2.586200000,0.075000000,0.000000000
sample,fixed_single,ordered4,1023,1023,107,383,2.573312044,2.592500000,0.102300000,0.036400000
sample,fixed_single,original,1023,1023,107,383,1.973248005,1.986600000,0.102500000,0.034000000
sample,fixed_single,ordered4_fixed_diagnostic,1023,1023,107,383,2.538496017,2.566000000,0.078700000,0.000000000
sample,fixed_single,original,1023,1023,108,383,1.978240013,2.012000000,0.089500000,0.028500000
sample,fixed_single,ordered4,1023,1023,108,383,2.567008018,2.587500000,0.087700000,0.025500000
sample,fixed_single,ordered4_fixed_diagnostic,1023,1023,108,383,2.532351971,2.545200000,0.069800000,0.000000000
sample,fixed_single,ordered4,1023,1023,109,383,2.553823948,2.562600000,0.066200000,0.020900000
sample,fixed_single,original,1023,1023,109,383,1.976320028,1.991700000,0.084600000,0.027500000
sample,fixed_single,ordered4_fixed_diagnostic,1023,1023,109,383,2.531327963,2.541500000,0.051600000,0.000000000
sample,fixed_single,original,1023,1023,110,383,1.956768036,1.969300000,0.062900000,0.013700000
sample,fixed_single,ordered4,1023,1023,110,383,2.552831888,2.562600000,0.073800000,0.020400000
sample,fixed_single,ordered4_fixed_diagnostic,1023,1023,110,383,2.528255939,2.538600000,0.046900000,0.000000000
sample,fixed_single,ordered4,1023,1023,111,383,2.563071966,2.580500000,0.100100000,0.023800000
sample,fixed_single,original,1023,1023,111,383,1.976223946,1.998200000,0.087100000,0.025700000
sample,fixed_single,ordered4_fixed_diagnostic,1023,1023,111,383,2.535423994,2.552400000,0.085200000,0.000000000
sample,fixed_single,original,1023,1023,112,383,1.976320028,2.004000000,0.090200000,0.028200000
sample,fixed_single,ordered4,1023,1023,112,383,2.551552057,2.561200000,0.074600000,0.018700000
sample,fixed_single,ordered4_fixed_diagnostic,1023,1023,112,383,2.532351971,2.547700000,0.052600000,0.000000000
sample,fixed_single,ordered4,1023,1023,113,383,2.554879904,2.563600000,0.070000000,0.019800000
sample,fixed_single,original,1023,1023,113,383,1.963999987,1.971700000,0.076100000,0.023700000
sample,fixed_single,ordered4_fixed_diagnostic,1023,1023,113,383,2.525183916,2.534500000,0.039700000,0.000000000
sample,fixed_single,original,1023,1023,114,383,1.957888007,1.968200000,0.074700000,0.016500000
sample,fixed_single,ordered4,1023,1023,114,383,2.539520025,2.548000000,0.053700000,0.012100000
sample,fixed_single,ordered4_fixed_diagnostic,1023,1023,114,383,2.526207924,2.535800000,0.043900000,0.000000000
sample,fixed_single,ordered4,1023,1023,115,383,2.569216013,2.590800000,0.094500000,0.027300000
sample,fixed_single,original,1023,1023,115,383,1.976320028,1.988400000,0.101000000,0.031300000
sample,fixed_single,ordered4_fixed_diagnostic,1023,1023,115,383,2.528255939,2.538200000,0.044500000,0.000000000
sample,fixed_single,original,1023,1023,116,383,1.952767968,1.967100000,0.061300000,0.013800000
sample,fixed_single,ordered4,1023,1023,116,383,2.566143990,2.592700000,0.090300000,0.023400000
sample,fixed_single,ordered4_fixed_diagnostic,1023,1023,116,383,2.530303955,2.542000000,0.048000000,0.000000000
sample,fixed_single,ordered4,1023,1023,117,383,2.555871964,2.581700000,0.067500000,0.019700000
sample,fixed_single,original,1023,1023,117,383,1.964032054,1.977800000,0.081700000,0.023700000
sample,fixed_single,ordered4_fixed_diagnostic,1023,1023,117,383,2.541311979,2.558700000,0.058600000,0.000000000
sample,fixed_single,original,1023,1023,118,383,1.969151974,1.978200000,0.083800000,0.028000000
sample,fixed_single,ordered4,1023,1023,118,383,2.548543930,2.557100000,0.068600000,0.018800000
sample,fixed_single,ordered4_fixed_diagnostic,1023,1023,118,383,2.528255939,2.541200000,0.044600000,0.000000000
sample,fixed_single,ordered4,1023,1023,119,383,2.561023951,2.578500000,0.084300000,0.020300000
sample,fixed_single,original,1023,1023,119,383,1.956863999,1.967700000,0.068000000,0.020400000
sample,fixed_single,ordered4_fixed_diagnostic,1023,1023,119,383,2.529279947,2.538000000,0.063100000,0.000000000
sample,fixed_single,original,1023,1023,120,383,1.951743960,1.961600000,0.063600000,0.010900000
sample,fixed_single,ordered4,1023,1023,120,383,2.540544033,2.549700000,0.054700000,0.013300000
sample,fixed_single,ordered4_fixed_diagnostic,1023,1023,120,383,2.532351971,2.546800000,0.065300000,0.000000000
sample,fixed_single,ordered4,1023,1023,121,383,2.547584057,2.558100000,0.058100000,0.013700000
sample,fixed_single,original,1023,1023,121,383,1.971199989,1.991500000,0.088300000,0.026100000
sample,fixed_single,ordered4_fixed_diagnostic,1023,1023,121,383,2.529056072,2.538300000,0.049400000,0.000000000
sample,fixed_single,original,1023,1023,122,383,1.949695945,1.958700000,0.057000000,0.011900000
sample,fixed_single,ordered4,1023,1023,122,383,2.544640064,2.553900000,0.061000000,0.018400000
sample,fixed_single,ordered4_fixed_diagnostic,1023,1023,122,383,2.529216051,2.543100000,0.043800000,0.000000000
sample,fixed_single,ordered4,1023,1023,123,383,2.568192005,2.601200000,0.089600000,0.026000000
sample,fixed_single,original,1023,1023,123,383,1.962880015,1.973100000,0.074000000,0.020800000
sample,fixed_single,ordered4_fixed_diagnostic,1023,1023,123,383,2.532288074,2.544100000,0.049100000,0.000000000
sample,fixed_single,original,1023,1023,124,383,1.952767968,1.963300000,0.064900000,0.014700000
sample,fixed_single,ordered4,1023,1023,124,383,2.546688080,2.557500000,0.066800000,0.017400000
sample,fixed_single,ordered4_fixed_diagnostic,1023,1023,124,383,2.527231932,2.536800000,0.047200000,0.000000000
sample,fixed_single,ordered4,1023,1023,125,383,2.545664072,2.555500000,0.060100000,0.012300000
sample,fixed_single,original,1023,1023,125,383,1.982463956,2.002200000,0.110300000,0.034000000
sample,fixed_single,ordered4_fixed_diagnostic,1023,1023,125,383,2.530303955,2.542900000,0.063500000,0.000000000
sample,fixed_single,original,1023,1023,126,383,1.956863999,1.968300000,0.076800000,0.017800000
sample,fixed_single,ordered4,1023,1023,126,383,2.563071966,2.575100000,0.087000000,0.028200000
sample,fixed_single,ordered4_fixed_diagnostic,1023,1023,126,383,2.537472010,2.561700000,0.059700000,0.000000000
sample,fixed_single,ordered4,1023,1023,127,383,2.557951927,2.566700000,0.072400000,0.021000000
sample,fixed_single,original,1023,1023,127,383,1.975296021,1.992000000,0.100500000,0.025600000
sample,fixed_single,ordered4_fixed_diagnostic,1023,1023,127,383,2.534399986,2.544900000,0.062400000,0.000000000
sample,fixed_single,original,1023,1023,128,383,1.964032054,1.974700000,0.084200000,0.018500000
sample,fixed_single,ordered4,1023,1023,128,383,2.550623894,2.559800000,0.066700000,0.018000000
sample,fixed_single,ordered4_fixed_diagnostic,1023,1023,128,383,2.528255939,2.539800000,0.049700000,0.000000000
sample,fixed_single,ordered4,1023,1023,129,383,2.556927919,2.575200000,0.130000000,0.022200000
sample,fixed_single,original,1023,1023,129,383,1.958879948,1.968000000,0.074400000,0.019900000
sample,fixed_single,ordered4_fixed_diagnostic,1023,1023,129,383,2.531327963,2.539500000,0.044700000,0.000000000
sample,fixed_single,original,1023,1023,130,383,1.951679945,1.960800000,0.066700000,0.010800000
sample,fixed_single,ordered4,1023,1023,130,383,2.544640064,2.554300000,0.062000000,0.012200000
sample,fixed_single,ordered4_fixed_diagnostic,1023,1023,130,383,2.532351971,2.542300000,0.046200000,0.000000000
sample,fixed_single,ordered4,1023,1023,131,383,2.542592049,2.553400000,0.065000000,0.012500000
sample,fixed_single,original,1023,1023,131,383,1.952767968,1.962500000,0.098000000,0.018200000
sample,fixed_single,ordered4_fixed_diagnostic,1023,1023,131,383,2.528095961,2.538300000,0.043400000,0.000000000
sample,fixed_single,original,1023,1023,132,383,1.991680026,2.050900000,0.114300000,0.035600000
sample,fixed_single,ordered4,1023,1023,132,383,2.610176086,2.654700000,0.162700000,0.056400000
sample,fixed_single,ordered4_fixed_diagnostic,1023,1023,132,383,2.531327963,2.543200000,0.052300000,0.000000000
sample,fixed_single,ordered4,1023,1023,133,383,2.674688101,2.702700000,0.218300000,0.133500000
sample,fixed_single,original,1023,1023,133,383,1.971135974,1.986700000,0.113900000,0.027100000
sample,fixed_single,ordered4_fixed_diagnostic,1023,1023,133,383,2.528255939,2.537600000,0.050600000,0.000000000
sample,fixed_single,original,1023,1023,134,383,1.959936023,1.974300000,0.068100000,0.016400000
sample,fixed_single,ordered4,1023,1023,134,383,2.549760103,2.559200000,0.069600000,0.019000000
sample,fixed_single,ordered4_fixed_diagnostic,1023,1023,134,383,2.527231932,2.535500000,0.079600000,0.000000000
sample,fixed_single,ordered4,1023,1023,135,383,2.546688080,2.561500000,0.067100000,0.015500000
sample,fixed_single,original,1023,1023,135,383,1.958912015,1.968800000,0.071400000,0.017100000
sample,fixed_single,ordered4_fixed_diagnostic,1023,1023,135,383,2.534399986,2.546100000,0.054500000,0.000000000
sample,fixed_single,original,1023,1023,136,383,1.958912015,1.967800000,0.071300000,0.016500000
sample,fixed_single,ordered4,1023,1023,136,383,2.545376062,2.553700000,0.057400000,0.013900000
sample,fixed_single,ordered4_fixed_diagnostic,1023,1023,136,383,2.527231932,2.537200000,0.046900000,0.000000000
sample,fixed_single,ordered4,1023,1023,137,383,2.538496017,2.548400000,0.055700000,0.010600000
sample,fixed_single,original,1023,1023,137,383,1.966079950,1.980700000,0.078300000,0.020900000
sample,fixed_single,ordered4_fixed_diagnostic,1023,1023,137,383,2.536448002,2.555700000,0.056400000,0.000000000
sample,fixed_single,original,1023,1023,138,383,1.964032054,1.975100000,0.076900000,0.022000000
sample,fixed_single,ordered4,1023,1023,138,383,2.583551884,2.603800000,0.110600000,0.036600000
sample,fixed_single,ordered4_fixed_diagnostic,1023,1023,138,383,2.532351971,2.546200000,0.051000000,0.000000000
sample,fixed_single,ordered4,1023,1023,139,383,2.559999943,2.575500000,0.073400000,0.022500000
sample,fixed_single,original,1023,1023,139,383,1.960960031,1.972000000,0.071900000,0.021900000
sample,fixed_single,ordered4_fixed_diagnostic,1023,1023,139,383,2.531327963,2.540800000,0.047800000,0.000000000
sample,fixed_single,original,1023,1023,140,383,1.953791976,1.963800000,0.063500000,0.013600000
sample,fixed_single,ordered4,1023,1023,140,383,2.547616005,2.557100000,0.066200000,0.015100000
sample,fixed_single,ordered4_fixed_diagnostic,1023,1023,140,383,2.533247948,2.549100000,0.074000000,0.000000000
sample,fixed_single,ordered4,1023,1023,141,383,2.551743984,2.561200000,0.067900000,0.017100000
sample,fixed_single,original,1023,1023,141,383,1.967103958,1.979900000,0.093000000,0.028500000
sample,fixed_single,ordered4_fixed_diagnostic,1023,1023,141,383,2.537472010,2.556900000,0.063600000,0.000000000
sample,fixed_single,original,1023,1023,142,383,1.960960031,1.973100000,0.078500000,0.017900000
sample,fixed_single,ordered4,1023,1023,142,383,2.551808119,2.564400000,0.080000000,0.022200000
sample,fixed_single,ordered4_fixed_diagnostic,1023,1023,142,383,2.538496017,2.557500000,0.127500000,0.000000000
sample,fixed_single,ordered4,1023,1023,143,383,2.565119982,2.589800000,0.084800000,0.024100000
sample,fixed_single,original,1023,1023,143,383,1.976320028,1.996100000,0.093300000,0.026700000
sample,fixed_single,ordered4_fixed_diagnostic,1023,1023,143,383,2.531327963,2.540500000,0.050700000,0.000000000
sample,fixed_single,original,1023,1023,144,383,1.952767968,1.962000000,0.065300000,0.012500000
sample,fixed_single,ordered4,1023,1023,144,383,2.561023951,2.575200000,0.079900000,0.023000000
sample,fixed_single,ordered4_fixed_diagnostic,1023,1023,144,383,2.531327963,2.541200000,0.048400000,0.000000000
sample,fixed_single,ordered4,1023,1023,145,383,2.537472010,2.546100000,0.071600000,0.011100000
sample,fixed_single,original,1023,1023,145,383,1.955839992,1.965500000,0.070100000,0.016900000
sample,fixed_single,ordered4_fixed_diagnostic,1023,1023,145,383,2.527231932,2.540600000,0.046900000,0.000000000
sample,fixed_single,original,1023,1023,146,383,1.974272013,2.003700000,0.095000000,0.025200000
sample,fixed_single,ordered4,1023,1023,146,383,2.557951927,2.573000000,0.074300000,0.020200000
sample,fixed_single,ordered4_fixed_diagnostic,1023,1023,146,383,2.528192043,2.537000000,0.046300000,0.000000000
sample,fixed_single,ordered4,1023,1023,147,383,2.545664072,2.554000000,0.060200000,0.011200000
sample,fixed_single,original,1023,1023,147,383,1.961984038,1.971500000,0.076700000,0.022200000
sample,fixed_single,ordered4_fixed_diagnostic,1023,1023,147,383,2.531327963,2.541700000,0.052600000,0.000000000
sample,fixed_single,original,1023,1023,148,383,1.950719953,1.960900000,0.067400000,0.014000000
sample,fixed_single,ordered4,1023,1023,148,383,2.557951927,2.567400000,0.067500000,0.015100000
sample,fixed_single,ordered4_fixed_diagnostic,1023,1023,148,383,2.527231932,2.537100000,0.038900000,0.000000000
sample,fixed_single,ordered4,1023,1023,149,383,2.556927919,2.581300000,0.078400000,0.021300000
sample,fixed_single,original,1023,1023,149,383,1.994752049,2.033800000,0.129900000,0.042700000
sample,fixed_single,ordered4_fixed_diagnostic,1023,1023,149,383,2.537472010,2.555000000,0.063200000,0.000000000
sample,fixed_single,original,1023,1023,150,383,1.954815984,1.965900000,0.067100000,0.012100000
sample,fixed_single,ordered4,1023,1023,150,383,2.565119982,2.583100000,0.093900000,0.028300000
sample,fixed_single,ordered4_fixed_diagnostic,1023,1023,150,383,2.533375978,2.549500000,0.060900000,0.000000000
sample,fixed_single,ordered4,1023,1023,151,383,2.562047958,2.574700000,0.088100000,0.030800000
sample,fixed_single,original,1023,1023,151,383,1.980416059,1.992400000,0.109300000,0.035200000
sample,fixed_single,ordered4_fixed_diagnostic,1023,1023,151,383,2.532351971,2.544300000,0.049200000,0.000000000
sample,fixed_single,original,1023,1023,152,383,1.957888007,1.971600000,0.077000000,0.016200000
sample,fixed_single,ordered4,1023,1023,152,383,2.547712088,2.557100000,0.065700000,0.014600000
sample,fixed_single,ordered4_fixed_diagnostic,1023,1023,152,383,2.527231932,2.535800000,0.040900000,0.000000000
sample,fixed_single,ordered4,1023,1023,153,383,2.547712088,2.562100000,0.064100000,0.015100000
sample,fixed_single,original,1023,1023,153,383,1.959903955,1.968000000,0.064100000,0.015200000
sample,fixed_single,ordered4_fixed_diagnostic,1023,1023,153,383,2.525183916,2.534100000,0.041500000,0.000000000
sample,fixed_single,original,1023,1023,154,383,1.947520018,1.956200000,0.057500000,0.011800000
sample,fixed_single,ordered4,1023,1023,154,383,2.539520025,2.551700000,0.057300000,0.012600000
sample,fixed_single,ordered4_fixed_diagnostic,1023,1023,154,383,2.534368038,2.560500000,0.055400000,0.000000000
sample,fixed_single,ordered4,1023,1023,155,383,2.555903912,2.565900000,0.071800000,0.022500000
sample,fixed_single,original,1023,1023,155,383,1.961887956,1.971700000,0.077800000,0.022100000
sample,fixed_single,ordered4_fixed_diagnostic,1023,1023,155,383,2.528255939,2.536000000,0.040500000,0.000000000
sample,fixed_single,original,1023,1023,156,383,1.944447994,1.953200000,0.047300000,0.008200000
sample,fixed_single,ordered4,1023,1023,156,383,2.545664072,2.556800000,0.071900000,0.017700000
sample,fixed_single,ordered4_fixed_diagnostic,1023,1023,156,383,2.531327963,2.547300000,0.050200000,0.000000000
sample,fixed_single,ordered4,1023,1023,157,383,2.546688080,2.557600000,0.066700000,0.012300000
sample,fixed_single,original,1023,1023,157,383,1.953791976,1.963900000,0.067300000,0.014900000
sample,fixed_single,ordered4_fixed_diagnostic,1023,1023,157,383,2.528255939,2.539300000,0.047700000,0.000000000
sample,fixed_single,original,1023,1023,158,383,1.946624041,1.957600000,0.061700000,0.010200000
sample,fixed_single,ordered4,1023,1023,158,383,2.538496017,2.549700000,0.085400000,0.010200000
sample,fixed_single,ordered4_fixed_diagnostic,1023,1023,158,383,2.535423994,2.550900000,0.061400000,0.000000000
sample,fixed_single,ordered4,1023,1023,159,383,2.551808119,2.563000000,0.099400000,0.017500000
sample,fixed_single,original,1023,1023,159,383,1.964032054,1.976000000,0.083800000,0.020000000
sample,fixed_single,ordered4_fixed_diagnostic,1023,1023,159,383,2.529279947,2.539200000,0.051100000,0.000000000
sample,fixed_single,original,1023,1023,160,383,1.942528009,1.953100000,0.089900000,0.010000000
sample,fixed_single,ordered4,1023,1023,160,383,2.536448002,2.553700000,0.078900000,0.009200000
sample,fixed_single,ordered4_fixed_diagnostic,1023,1023,160,383,2.570240021,2.620800000,0.105000000,0.000000000
sample,fixed_single,ordered4,1023,1023,161,383,2.567167997,2.582200000,0.091000000,0.032800000
sample,fixed_single,original,1023,1023,161,383,1.972128034,1.989500000,0.085600000,0.024300000
sample,fixed_single,ordered4_fixed_diagnostic,1023,1023,161,383,2.528255939,2.537500000,0.044100000,0.000000000
sample,fixed_single,original,1023,1023,162,383,1.945600033,1.955800000,0.078000000,0.009300000
sample,fixed_single,ordered4,1023,1023,162,383,2.558975935,2.573600000,0.087900000,0.025500000
sample,fixed_single,ordered4_fixed_diagnostic,1023,1023,162,383,2.529279947,2.543400000,0.050100000,0.000000000
sample,fixed_single,ordered4,1023,1023,163,383,2.582528114,2.603600000,0.136700000,0.027300000
sample,fixed_single,original,1023,1023,163,383,1.969151974,1.981500000,0.092000000,0.027300000
sample,fixed_single,ordered4_fixed_diagnostic,1023,1023,163,383,2.531327963,2.544300000,0.053200000,0.000000000
sample,fixed_single,original,1023,1023,164,383,1.948672056,1.960600000,0.058400000,0.012000000
sample,fixed_single,ordered4,1023,1023,164,383,2.543616056,2.554000000,0.058800000,0.012800000
sample,fixed_single,ordered4_fixed_diagnostic,1023,1023,164,383,2.529279947,2.539100000,0.045200000,0.000000000
sample,fixed_single,ordered4,1023,1023,165,383,2.543616056,2.555700000,0.072400000,0.009800000
sample,fixed_single,original,1023,1023,165,383,1.945600033,1.959300000,0.058300000,0.011600000
sample,fixed_single,ordered4_fixed_diagnostic,1023,1023,165,383,2.537472010,2.560100000,0.058900000,0.000000000
sample,fixed_single,original,1023,1023,166,383,1.964032054,1.975200000,0.075300000,0.020500000
sample,fixed_single,ordered4,1023,1023,166,383,2.549760103,2.560700000,0.074400000,0.015600000
sample,fixed_single,ordered4_fixed_diagnostic,1023,1023,166,383,2.530303955,2.540100000,0.045300000,0.000000000
sample,fixed_single,ordered4,1023,1023,167,383,2.535423994,2.549800000,0.075200000,0.007500000
sample,fixed_single,original,1023,1023,167,383,1.946624041,1.956700000,0.055700000,0.009300000
sample,fixed_single,ordered4_fixed_diagnostic,1023,1023,167,383,2.530303955,2.541600000,0.046500000,0.000000000
sample,fixed_single,original,1023,1023,168,383,1.948672056,1.959200000,0.058700000,0.010200000
sample,fixed_single,ordered4,1023,1023,168,383,2.542592049,2.553400000,0.066500000,0.011700000
sample,fixed_single,ordered4_fixed_diagnostic,1023,1023,168,383,2.526207924,2.536500000,0.044200000,0.000000000
sample,fixed_single,ordered4,1023,1023,169,383,2.536448002,2.548400000,0.053800000,0.008200000
sample,fixed_single,original,1023,1023,169,383,1.946624041,1.958400000,0.087900000,0.009300000
sample,fixed_single,ordered4_fixed_diagnostic,1023,1023,169,383,2.533375978,2.547000000,0.053100000,0.000000000
sample,fixed_single,original,1023,1023,170,383,1.954815984,1.967200000,0.070100000,0.017900000
sample,fixed_single,ordered4,1023,1023,170,383,2.552831888,2.565200000,0.078100000,0.018400000
sample,fixed_single,ordered4_fixed_diagnostic,1023,1023,170,383,2.528255939,2.539400000,0.044800000,0.000000000
sample,fixed_single,ordered4,1023,1023,171,383,2.535423994,2.545100000,0.055200000,0.010100000
sample,fixed_single,original,1023,1023,171,383,1.947648048,1.957500000,0.059500000,0.012600000
sample,fixed_single,ordered4_fixed_diagnostic,1023,1023,171,383,2.530303955,2.542100000,0.046800000,0.000000000
sample,fixed_single,original,1023,1023,172,383,1.968127966,1.993100000,0.079700000,0.019800000
sample,fixed_single,ordered4,1023,1023,172,383,2.588671923,2.604200000,0.134300000,0.044900000
sample,fixed_single,ordered4_fixed_diagnostic,1023,1023,172,383,2.533375978,2.548600000,0.065300000,0.000000000
sample,fixed_single,ordered4,1023,1023,173,383,2.543616056,2.554100000,0.060100000,0.013700000
sample,fixed_single,original,1023,1023,173,383,1.965055943,1.979100000,0.083200000,0.021400000
sample,fixed_single,ordered4_fixed_diagnostic,1023,1023,173,383,2.531327963,2.545000000,0.055100000,0.000000000
sample,fixed_single,original,1023,1023,174,383,1.965055943,1.988500000,0.088100000,0.021700000
sample,fixed_single,ordered4,1023,1023,174,383,2.549760103,2.564400000,0.075800000,0.018300000
sample,fixed_single,ordered4_fixed_diagnostic,1023,1023,174,383,2.531327963,2.542200000,0.053000000,0.000000000
sample,fixed_single,ordered4,1023,1023,175,383,2.547712088,2.559100000,0.066200000,0.010400000
sample,fixed_single,original,1023,1023,175,383,1.956863999,1.966900000,0.066700000,0.015800000
sample,fixed_single,ordered4_fixed_diagnostic,1023,1023,175,383,2.526207924,2.536600000,0.045300000,0.000000000
sample,fixed_single,original,1023,1023,176,383,1.943552017,1.956300000,0.077700000,0.008700000
sample,fixed_single,ordered4,1023,1023,176,383,2.556927919,2.585300000,0.082000000,0.019900000
sample,fixed_single,ordered4_fixed_diagnostic,1023,1023,176,383,2.535423994,2.555100000,0.060300000,0.000000000
sample,fixed_single,ordered4,1023,1023,177,383,2.550784111,2.563500000,0.072300000,0.017300000
sample,fixed_single,original,1023,1023,177,383,1.982463956,2.003400000,0.106200000,0.031800000
sample,fixed_single,ordered4_fixed_diagnostic,1023,1023,177,383,2.541568041,2.575400000,0.070700000,0.000000000
sample,fixed_single,original,1023,1023,178,383,1.969151974,1.980500000,0.088500000,0.027700000
sample,fixed_single,ordered4,1023,1023,178,383,2.557951927,2.574500000,0.079000000,0.023700000
sample,fixed_single,ordered4_fixed_diagnostic,1023,1023,178,383,2.529279947,2.540800000,0.046700000,0.000000000
sample,fixed_single,ordered4,1023,1023,179,383,2.547712088,2.567500000,0.070900000,0.014200000
sample,fixed_single,original,1023,1023,179,383,1.961984038,1.977200000,0.077400000,0.019200000
sample,fixed_single,ordered4_fixed_diagnostic,1023,1023,179,383,2.527231932,2.536700000,0.047500000,0.000000000
sample,fixed_single,original,1023,1023,180,383,1.942528009,1.953600000,0.055500000,0.007900000
sample,fixed_single,ordered4,1023,1023,180,383,2.539520025,2.549700000,0.055000000,0.009900000
sample,fixed_single,ordered4_fixed_diagnostic,1023,1023,180,383,2.527231932,2.537300000,0.045200000,0.000000000
sample,fixed_single,ordered4,1023,1023,181,383,2.537472010,2.547300000,0.057600000,0.008400000
sample,fixed_single,original,1023,1023,181,383,1.954815984,1.968900000,0.068100000,0.011200000
sample,fixed_single,ordered4_fixed_diagnostic,1023,1023,181,383,2.525183916,2.535900000,0.050100000,0.000000000
sample,fixed_single,original,1023,1023,182,383,1.940479994,1.950100000,0.053300000,0.007700000
sample,fixed_single,ordered4,1023,1023,182,383,2.534399986,2.543100000,0.051100000,0.008100000
sample,fixed_single,ordered4_fixed_diagnostic,1023,1023,182,383,2.524159908,2.533400000,0.040200000,0.000000000
sample,fixed_single,ordered4,1023,1023,183,383,2.535423994,2.543900000,0.048100000,0.007300000
sample,fixed_single,original,1023,1023,183,383,1.953631997,1.966000000,0.059100000,0.009800000
sample,fixed_single,ordered4_fixed_diagnostic,1023,1023,183,383,2.526207924,2.535400000,0.040400000,0.000000000
sample,fixed_single,original,1023,1023,184,383,1.940479994,1.949500000,0.047000000,0.007500000
sample,fixed_single,ordered4,1023,1023,184,383,2.532351971,2.541600000,0.047900000,0.007700000
sample,fixed_single,ordered4_fixed_diagnostic,1023,1023,184,383,2.528255939,2.537100000,0.039600000,0.000000000
sample,fixed_single,ordered4,1023,1023,185,383,2.532351971,2.541600000,0.047300000,0.007100000
sample,fixed_single,original,1023,1023,185,383,1.940479994,1.948800000,0.048700000,0.007300000
sample,fixed_single,ordered4_fixed_diagnostic,1023,1023,185,383,2.533247948,2.550600000,0.054100000,0.000000000
sample,fixed_single,original,1023,1023,186,383,1.952767968,1.968100000,0.057300000,0.012700000
sample,fixed_single,ordered4,1023,1023,186,383,2.538496017,2.549500000,0.060400000,0.010100000
sample,fixed_single,ordered4_fixed_diagnostic,1023,1023,186,383,2.527231932,2.538300000,0.043400000,0.000000000
sample,fixed_single,ordered4,1023,1023,187,383,2.534399986,2.545300000,0.053400000,0.007500000
sample,fixed_single,original,1023,1023,187,383,1.942528009,1.952500000,0.053400000,0.007500000
sample,fixed_single,ordered4_fixed_diagnostic,1023,1023,187,383,2.529279947,2.538900000,0.042900000,0.000000000
sample,fixed_single,original,1023,1023,188,383,1.955839992,1.971000000,0.065000000,0.010400000
sample,fixed_single,ordered4,1023,1023,188,383,2.535423994,2.546000000,0.053600000,0.008000000
sample,fixed_single,ordered4_fixed_diagnostic,1023,1023,188,383,2.530303955,2.540500000,0.051900000,0.000000000
sample,fixed_single,ordered4,1023,1023,189,383,2.532351971,2.542400000,0.051900000,0.007400000
sample,fixed_single,original,1023,1023,189,383,1.943456054,1.952000000,0.047800000,0.007500000
sample,fixed_single,ordered4_fixed_diagnostic,1023,1023,189,383,2.525183916,2.534200000,0.039300000,0.000000000
sample,fixed_single,original,1023,1023,190,383,1.944576025,1.955300000,0.048600000,0.007100000
sample,fixed_single,ordered4,1023,1023,190,383,2.547712088,2.568200000,0.063200000,0.015200000
sample,fixed_single,ordered4_fixed_diagnostic,1023,1023,190,383,2.526207924,2.537600000,0.046300000,0.000000000
sample,fixed_single,ordered4,1023,1023,191,383,2.535423994,2.545100000,0.051200000,0.007700000
sample,fixed_single,original,1023,1023,191,383,1.956863999,1.969000000,0.072400000,0.017500000
sample,fixed_single,ordered4_fixed_diagnostic,1023,1023,191,383,2.529279947,2.538800000,0.044600000,0.000000000
sample,fixed_single,original,1023,1023,192,383,1.941504002,1.951500000,0.050400000,0.007300000
sample,fixed_single,ordered4,1023,1023,192,383,2.552831888,2.573700000,0.078600000,0.014100000
sample,fixed_single,ordered4_fixed_diagnostic,1023,1023,192,383,2.541568041,2.575800000,0.072100000,0.000000000
sample,fixed_single,ordered4,1023,1023,193,383,2.568192005,2.584800000,0.092600000,0.029200000
sample,fixed_single,original,1023,1023,193,383,1.971199989,1.981400000,0.093500000,0.026600000
sample,fixed_single,ordered4_fixed_diagnostic,1023,1023,193,383,2.528255939,2.538900000,0.052600000,0.000000000
sample,fixed_single,original,1023,1023,194,383,1.947648048,1.959700000,0.091200000,0.009800000
sample,fixed_single,ordered4,1023,1023,194,383,2.538496017,2.550600000,0.054400000,0.008000000
sample,fixed_single,ordered4_fixed_diagnostic,1023,1023,194,383,2.536448002,2.568500000,0.062400000,0.000000000
sample,fixed_single,ordered4,1023,1023,195,383,2.564095974,2.588900000,0.085800000,0.024000000
sample,fixed_single,original,1023,1023,195,383,1.966079950,1.977300000,0.084600000,0.024000000
sample,fixed_single,ordered4_fixed_diagnostic,1023,1023,195,383,2.527231932,2.537600000,0.055500000,0.000000000
sample,fixed_single,original,1023,1023,196,383,1.943552017,1.954200000,0.053400000,0.007600000
sample,fixed_single,ordered4,1023,1023,196,383,2.534399986,2.545000000,0.054300000,0.007400000
sample,fixed_single,ordered4_fixed_diagnostic,1023,1023,196,383,2.527231932,2.538700000,0.044500000,0.000000000
sample,fixed_single,ordered4,1023,1023,197,383,2.553855896,2.571800000,0.080900000,0.014300000
sample,fixed_single,original,1023,1023,197,383,1.948480010,1.957800000,0.061900000,0.012700000
sample,fixed_single,ordered4_fixed_diagnostic,1023,1023,197,383,2.526207924,2.534900000,0.043200000,0.000000000
sample,fixed_single,original,1023,1023,198,383,1.942528009,1.950200000,0.047600000,0.007300000
sample,fixed_single,ordered4,1023,1023,198,383,2.532351971,2.541600000,0.047800000,0.007500000
sample,fixed_single,ordered4_fixed_diagnostic,1023,1023,198,383,2.527231932,2.535500000,0.039600000,0.000000000
sample,fixed_single,ordered4,1023,1023,199,383,2.532351971,2.547700000,0.049700000,0.007000000
sample,fixed_single,original,1023,1023,199,383,2.092031956,2.163600000,0.391000000,0.076200000
sample,fixed_single,ordered4_fixed_diagnostic,1023,1023,199,383,2.530208111,2.540700000,0.048400000,0.000000000
sample,fixed_single,original,1023,1023,200,383,1.954815984,1.968700000,0.074900000,0.011100000
sample,fixed_single,ordered4,1023,1023,200,383,2.538496017,2.548100000,0.085300000,0.010700000
sample,fixed_single,ordered4_fixed_diagnostic,1023,1023,200,383,2.529279947,2.539400000,0.044000000,0.000000000
sample,fixed_single,ordered4,1023,1023,201,383,2.535423994,2.544500000,0.051200000,0.007600000
sample,fixed_single,original,1023,1023,201,383,1.952767968,1.965800000,0.058900000,0.010100000
sample,fixed_single,ordered4_fixed_diagnostic,1023,1023,201,383,2.525183916,2.534200000,0.040900000,0.000000000
sample,fixed_single,original,1023,1023,202,383,1.941504002,1.950700000,0.047700000,0.007800000
sample,fixed_single,ordered4,1023,1023,202,383,2.534399986,2.544000000,0.051700000,0.007800000
sample,fixed_single,ordered4_fixed_diagnostic,1023,1023,202,383,2.527136087,2.535500000,0.039400000,0.000000000
sample,fixed_single,ordered4,1023,1023,203,383,2.533375978,2.542100000,0.047000000,0.007300000
sample,fixed_single,original,1023,1023,203,383,1.942528009,1.952400000,0.051300000,0.007400000
sample,fixed_single,ordered4_fixed_diagnostic,1023,1023,203,383,2.532351971,2.547800000,0.048300000,0.000000000
sample,fixed_single,original,1023,1023,204,383,1.943552017,1.952900000,0.056900000,0.010300000
sample,fixed_single,ordered4,1023,1023,204,383,2.535423994,2.545300000,0.071700000,0.008400000
sample,fixed_single,ordered4_fixed_diagnostic,1023,1023,204,383,2.527231932,2.537800000,0.046700000,0.000000000
sample,fixed_single,ordered4,1023,1023,205,383,2.530303955,2.539100000,0.047200000,0.006900000
sample,fixed_single,original,1023,1023,205,383,1.942528009,1.950600000,0.047700000,0.007400000
sample,fixed_single,ordered4_fixed_diagnostic,1023,1023,205,383,2.527231932,2.540400000,0.039800000,0.000000000
sample,fixed_single,original,1023,1023,206,383,2.087935925,2.161800000,0.376700000,0.071900000
sample,fixed_single,ordered4,1023,1023,206,383,2.552767992,2.564900000,0.076800000,0.017500000
sample,fixed_single,ordered4_fixed_diagnostic,1023,1023,206,383,2.536448002,2.553600000,0.054300000,0.000000000
sample,fixed_single,ordered4,1023,1023,207,383,2.547712088,2.558100000,0.065200000,0.015400000
sample,fixed_single,original,1023,1023,207,383,1.958912015,1.970200000,0.074900000,0.020100000
sample,fixed_single,ordered4_fixed_diagnostic,1023,1023,207,383,2.529279947,2.542400000,0.046000000,0.000000000
sample,fixed_single,original,1023,1023,208,383,1.961984038,1.986000000,0.073300000,0.014000000
sample,fixed_single,ordered4,1023,1023,208,383,2.568192005,2.591100000,0.102800000,0.023800000
sample,fixed_single,ordered4_fixed_diagnostic,1023,1023,208,383,2.531327963,2.542300000,0.050000000,0.000000000
sample,fixed_single,ordered4,1023,1023,209,383,2.538496017,2.549600000,0.055100000,0.009000000
sample,fixed_single,original,1023,1023,209,383,1.953791976,1.972600000,0.065200000,0.014000000
sample,fixed_single,ordered4_fixed_diagnostic,1023,1023,209,383,2.528255939,2.538300000,0.049200000,0.000000000
sample,fixed_single,original,1023,1023,210,383,1.944576025,1.954800000,0.084400000,0.008200000
sample,fixed_single,ordered4,1023,1023,210,383,2.537472010,2.547900000,0.051200000,0.009300000
sample,fixed_single,ordered4_fixed_diagnostic,1023,1023,210,383,2.531167984,2.539600000,0.047700000,0.000000000
sample,fixed_single,ordered4,1023,1023,211,383,2.536256075,2.545200000,0.047500000,0.007500000
sample,fixed_single,original,1023,1023,211,383,1.943552017,1.954200000,0.056300000,0.008600000
sample,fixed_single,ordered4_fixed_diagnostic,1023,1023,211,383,2.527231932,2.537400000,0.043700000,0.000000000
sample,fixed_single,original,1023,1023,212,383,1.941504002,1.952100000,0.051900000,0.007500000
sample,fixed_single,ordered4,1023,1023,212,383,2.534399986,2.546000000,0.051100000,0.007600000
sample,fixed_single,ordered4_fixed_diagnostic,1023,1023,212,383,2.534399986,2.563100000,0.053500000,0.000000000
sample,fixed_single,ordered4,1023,1023,213,383,2.670592070,2.758300000,0.249600000,0.079400000
sample,fixed_single,original,1023,1023,213,383,1.956735969,1.969800000,0.059900000,0.012300000
sample,fixed_single,ordered4_fixed_diagnostic,1023,1023,213,383,2.529279947,2.538500000,0.047200000,0.000000000
sample,fixed_single,original,1023,1023,214,383,1.943552017,1.953200000,0.053800000,0.007500000
sample,fixed_single,ordered4,1023,1023,214,383,2.537472010,2.547500000,0.052600000,0.008600000
sample,fixed_single,ordered4_fixed_diagnostic,1023,1023,214,383,2.526207924,2.536900000,0.043300000,0.000000000
sample,fixed_single,ordered4,1023,1023,215,383,2.545664072,2.560200000,0.073000000,0.010300000
sample,fixed_single,original,1023,1023,215,383,1.944383979,1.952400000,0.051100000,0.008600000
sample,fixed_single,ordered4_fixed_diagnostic,1023,1023,215,383,2.527231932,2.536000000,0.039600000,0.000000000
sample,fixed_single,original,1023,1023,216,383,1.942528009,1.952400000,0.046500000,0.007500000
sample,fixed_single,ordered4,1023,1023,216,383,2.534399986,2.544900000,0.052500000,0.007400000
sample,fixed_single,ordered4_fixed_diagnostic,1023,1023,216,383,2.528255939,2.539000000,0.043500000,0.000000000
sample,fixed_single,ordered4,1023,1023,217,383,2.546688080,2.562500000,0.064600000,0.010500000
sample,fixed_single,original,1023,1023,217,383,1.943552017,1.953700000,0.054300000,0.008100000
sample,fixed_single,ordered4_fixed_diagnostic,1023,1023,217,383,2.527231932,2.537500000,0.045700000,0.000000000
sample,fixed_single,original,1023,1023,218,383,1.945600033,1.954900000,0.047600000,0.007400000
sample,fixed_single,ordered4,1023,1023,218,383,2.532351971,2.540700000,0.047700000,0.007100000
sample,fixed_single,ordered4_fixed_diagnostic,1023,1023,218,383,2.524159908,2.534100000,0.038600000,0.000000000
sample,fixed_single,ordered4,1023,1023,219,383,2.536448002,2.545500000,0.048800000,0.007100000
sample,fixed_single,original,1023,1023,219,383,1.951743960,1.969300000,0.068200000,0.011400000
sample,fixed_single,ordered4_fixed_diagnostic,1023,1023,219,383,2.558975935,2.586700000,0.263600000,0.000000000
sample,fixed_single,original,1023,1023,220,383,1.940479994,1.949400000,0.069400000,0.007400000
sample,fixed_single,ordered4,1023,1023,220,383,2.550784111,2.564100000,0.063500000,0.011400000
sample,fixed_single,ordered4_fixed_diagnostic,1023,1023,220,383,2.531327963,2.551200000,0.050000000,0.000000000
sample,fixed_single,ordered4,1023,1023,221,383,2.536448002,2.546300000,0.053300000,0.008700000
sample,fixed_single,original,1023,1023,221,383,1.951743960,1.965000000,0.061600000,0.016000000
sample,fixed_single,ordered4_fixed_diagnostic,1023,1023,221,383,2.543616056,2.587300000,0.085300000,0.000000000
sample,fixed_single,original,1023,1023,222,383,1.977344036,2.002700000,0.096700000,0.029600000
sample,fixed_single,ordered4,1023,1023,222,383,2.555903912,2.569600000,0.080600000,0.022600000
sample,fixed_single,ordered4_fixed_diagnostic,1023,1023,222,383,2.527231932,2.538200000,0.045700000,0.000000000
sample,fixed_single,ordered4,1023,1023,223,383,2.539520025,2.549200000,0.055400000,0.007800000
sample,fixed_single,original,1023,1023,223,383,1.946624041,1.956600000,0.057900000,0.010800000
sample,fixed_single,ordered4_fixed_diagnostic,1023,1023,223,383,2.535423994,2.550700000,0.058300000,0.000000000
sample,fixed_single,original,1023,1023,224,383,1.954815984,1.967700000,0.076600000,0.012800000
sample,fixed_single,ordered4,1023,1023,224,383,2.538496017,2.549600000,0.060600000,0.011600000
sample,fixed_single,ordered4_fixed_diagnostic,1023,1023,224,383,2.537472010,2.558900000,0.052800000,0.000000000
sample,fixed_single,ordered4,1023,1023,225,383,2.555903912,2.731400000,0.075000000,0.022500000
sample,fixed_single,original,1023,1023,225,383,1.977344036,2.009000000,0.096800000,0.031200000
sample,fixed_single,ordered4_fixed_diagnostic,1023,1023,225,383,2.540544033,2.564000000,0.074800000,0.000000000
sample,fixed_single,original,1023,1023,226,383,1.961984038,1.982300000,0.082400000,0.019900000
sample,fixed_single,ordered4,1023,1023,226,383,2.579456091,2.604200000,0.117800000,0.034500000
sample,fixed_single,ordered4_fixed_diagnostic,1023,1023,226,383,2.532351971,2.554300000,0.056700000,0.000000000
sample,fixed_single,ordered4,1023,1023,227,383,2.545664072,2.565700000,0.067900000,0.013200000
sample,fixed_single,original,1023,1023,227,383,1.956863999,1.967400000,0.071700000,0.017200000
sample,fixed_single,ordered4_fixed_diagnostic,1023,1023,227,383,2.529279947,2.539300000,0.045300000,0.000000000
sample,fixed_single,original,1023,1023,228,383,1.943488002,1.951600000,0.048000000,0.007500000
sample,fixed_single,ordered4,1023,1023,228,383,2.533375978,2.542000000,0.048600000,0.007500000
sample,fixed_single,ordered4_fixed_diagnostic,1023,1023,228,383,2.527231932,2.537800000,0.041600000,0.000000000
sample,fixed_single,ordered4,1023,1023,229,383,2.535423994,2.544400000,0.048100000,0.007300000
sample,fixed_single,original,1023,1023,229,383,1.955839992,1.974100000,0.098400000,0.016200000
sample,fixed_single,ordered4_fixed_diagnostic,1023,1023,229,383,2.534399986,2.549900000,0.052200000,0.000000000
sample,fixed_single,original,1023,1023,230,383,1.953791976,1.963700000,0.071400000,0.017800000
sample,fixed_single,ordered4,1023,1023,230,383,2.550784111,2.562600000,0.065900000,0.018300000
sample,fixed_single,ordered4_fixed_diagnostic,1023,1023,230,383,2.532351971,2.548800000,0.058100000,0.000000000
sample,fixed_single,ordered4,1023,1023,231,383,2.543616056,2.554900000,0.060900000,0.013700000
sample,fixed_single,original,1023,1023,231,383,1.961984038,1.974900000,0.080800000,0.020100000
sample,fixed_single,ordered4_fixed_diagnostic,1023,1023,231,383,2.533375978,2.550900000,0.054100000,0.000000000
sample,fixed_single,original,1023,1023,232,383,1.956863999,1.968400000,0.069700000,0.014400000
sample,fixed_single,ordered4,1023,1023,232,383,2.556927919,2.581400000,0.078100000,0.017700000
sample,fixed_single,ordered4_fixed_diagnostic,1023,1023,232,383,2.528255939,2.539700000,0.048200000,0.000000000
sample,fixed_single,ordered4,1023,1023,233,383,2.558975935,2.572600000,0.108100000,0.016000000
sample,fixed_single,original,1023,1023,233,383,1.963008046,1.978300000,0.082000000,0.019400000
sample,fixed_single,ordered4_fixed_diagnostic,1023,1023,233,383,2.533375978,2.553300000,0.058000000,0.000000000
sample,fixed_single,original,1023,1023,234,383,1.964032054,1.977400000,0.077400000,0.021700000
sample,fixed_single,ordered4,1023,1023,234,383,2.564095974,2.577900000,0.094100000,0.030100000
sample,fixed_single,ordered4_fixed_diagnostic,1023,1023,234,383,2.529279947,2.543700000,0.048700000,0.000000000
sample,fixed_single,ordered4,1023,1023,235,383,2.593791962,2.626000000,0.136400000,0.039200000
sample,fixed_single,original,1023,1023,235,383,1.982463956,1.996700000,0.107500000,0.035600000
sample,fixed_single,ordered4_fixed_diagnostic,1023,1023,235,383,2.536448002,2.553900000,0.056700000,0.000000000
sample,fixed_single,original,1023,1023,236,383,1.986271977,2.013900000,0.092800000,0.029200000
sample,fixed_single,ordered4,1023,1023,236,383,2.552831888,2.569900000,0.068000000,0.019300000
sample,fixed_single,ordered4_fixed_diagnostic,1023,1023,236,383,2.540544033,2.568100000,0.060600000,0.000000000
sample,fixed_single,ordered4,1023,1023,237,383,2.559967995,2.569800000,0.078400000,0.026000000
sample,fixed_single,original,1023,1023,237,383,1.981439948,2.001900000,0.108300000,0.028300000
sample,fixed_single,ordered4_fixed_diagnostic,1023,1023,237,383,2.540544033,2.554500000,0.064400000,0.000000000
sample,fixed_single,original,1023,1023,238,383,1.959936023,1.969200000,0.069100000,0.020000000
sample,fixed_single,ordered4,1023,1023,238,383,2.559999943,2.575800000,0.085200000,0.023000000
sample,fixed_single,ordered4_fixed_diagnostic,1023,1023,238,383,2.529279947,2.539200000,0.045600000,0.000000000
sample,fixed_single,ordered4,1023,1023,239,383,2.552831888,2.566900000,0.066200000,0.015500000
sample,fixed_single,original,1023,1023,239,383,1.971007943,1.984300000,0.083300000,0.023700000
sample,fixed_single,ordered4_fixed_diagnostic,1023,1023,239,383,2.529023886,2.538200000,0.047600000,0.000000000
sample,fixed_single,original,1023,1023,240,383,1.977344036,1.999000000,0.102900000,0.027800000
sample,fixed_single,ordered4,1023,1023,240,383,2.560928106,2.578200000,0.082600000,0.024100000
sample,fixed_single,ordered4_fixed_diagnostic,1023,1023,240,383,2.529216051,2.540700000,0.072400000,0.000000000
sample,fixed_single,ordered4,1023,1023,241,383,2.563071966,2.580700000,0.084800000,0.025100000
sample,fixed_single,original,1023,1023,241,383,1.961984038,1.971200000,0.077100000,0.021800000
sample,fixed_single,ordered4_fixed_diagnostic,1023,1023,241,383,2.533375978,2.548600000,0.052700000,0.000000000
sample,fixed_single,original,1023,1023,242,383,1.958912015,1.967800000,0.072400000,0.017300000
sample,fixed_single,ordered4,1023,1023,242,383,2.547712088,2.556100000,0.065000000,0.016000000
sample,fixed_single,ordered4_fixed_diagnostic,1023,1023,242,383,2.527199984,2.535100000,0.039300000,0.000000000
sample,fixed_single,ordered4,1023,1023,243,383,2.539520025,2.548500000,0.076300000,0.010200000
sample,fixed_single,original,1023,1023,243,383,1.959936023,1.972600000,0.075900000,0.014500000
sample,fixed_single,ordered4_fixed_diagnostic,1023,1023,243,383,2.528223991,2.536800000,0.041800000,0.000000000
sample,fixed_single,original,1023,1023,244,383,1.943552017,1.953800000,0.051500000,0.007900000
sample,fixed_single,ordered4,1023,1023,244,383,2.551808119,2.562100000,0.071500000,0.017300000
sample,fixed_single,ordered4_fixed_diagnostic,1023,1023,244,383,2.527231932,2.540600000,0.044900000,0.000000000
sample,fixed_single,ordered4,1023,1023,245,383,2.562047958,2.585700000,0.086800000,0.020000000
sample,fixed_single,original,1023,1023,245,383,1.974272013,1.994800000,0.096200000,0.027900000
sample,fixed_single,ordered4_fixed_diagnostic,1023,1023,245,383,2.529279947,2.541800000,0.063300000,0.000000000
sample,fixed_single,original,1023,1023,246,383,1.964032054,1.977500000,0.087000000,0.020600000
sample,fixed_single,ordered4,1023,1023,246,383,2.566143990,2.579600000,0.093400000,0.033500000
sample,fixed_single,ordered4_fixed_diagnostic,1023,1023,246,383,2.541568041,2.569300000,0.111700000,0.000000000
sample,fixed_single,ordered4,1023,1023,247,383,2.554879904,2.565200000,0.070100000,0.020000000
sample,fixed_single,original,1023,1023,247,383,1.963008046,1.973400000,0.085800000,0.023200000
sample,fixed_single,ordered4_fixed_diagnostic,1023,1023,247,383,2.532351971,2.548600000,0.085800000,0.000000000
sample,fixed_single,original,1023,1023,248,383,1.992704034,2.012600000,0.108500000,0.033900000
sample,fixed_single,ordered4,1023,1023,248,383,2.549472094,2.557600000,0.069300000,0.017200000
sample,fixed_single,ordered4_fixed_diagnostic,1023,1023,248,383,2.527040005,2.535800000,0.038200000,0.000000000
sample,fixed_single,ordered4,1023,1023,249,383,2.542592049,2.553400000,0.067400000,0.012500000
sample,fixed_single,original,1023,1023,249,383,1.954815984,1.964000000,0.061700000,0.014900000
sample,fixed_single,ordered4_fixed_diagnostic,1023,1023,249,383,2.529279947,2.538400000,0.038800000,0.000000000
sample,fixed_single,original,1023,1023,250,383,1.944576025,1.954000000,0.056700000,0.009000000
sample,fixed_single,ordered4,1023,1023,250,383,2.541568041,2.551900000,0.080300000,0.011800000
sample,fixed_single,ordered4_fixed_diagnostic,1023,1023,250,383,2.528255939,2.538500000,0.042800000,0.000000000
sample,fixed_single,ordered4,1023,1023,251,383,2.557951927,2.580400000,0.122500000,0.022500000
sample,fixed_single,original,1023,1023,251,383,1.980416059,1.998900000,0.102000000,0.027400000
sample,fixed_single,ordered4_fixed_diagnostic,1023,1023,251,383,2.529279947,2.542000000,0.063200000,0.000000000
sample,fixed_single,original,1023,1023,252,383,1.955839992,1.967500000,0.072300000,0.015900000
sample,fixed_single,ordered4,1023,1023,252,383,2.564095974,2.582400000,0.087800000,0.031500000
sample,fixed_single,ordered4_fixed_diagnostic,1023,1023,252,383,2.543616056,2.588400000,0.176000000,0.000000000
sample,fixed_single,ordered4,1023,1023,253,383,2.561023951,2.576700000,0.079100000,0.021700000
sample,fixed_single,original,1023,1023,253,383,1.963008046,1.973900000,0.073900000,0.019800000
sample,fixed_single,ordered4_fixed_diagnostic,1023,1023,253,383,2.529279947,2.540400000,0.047900000,0.000000000
sample,fixed_single,original,1023,1023,254,383,1.948672056,1.959300000,0.086700000,0.008800000
sample,fixed_single,ordered4,1023,1023,254,383,2.537472010,2.547400000,0.054200000,0.009000000
sample,fixed_single,ordered4_fixed_diagnostic,1023,1023,254,383,2.527231932,2.538500000,0.045400000,0.000000000
sample,fixed_single,ordered4,1023,1023,255,383,2.536448002,2.546300000,0.053000000,0.007600000
sample,fixed_single,original,1023,1023,255,383,1.943552017,1.954200000,0.052700000,0.007400000
sample,fixed_single,ordered4_fixed_diagnostic,1023,1023,255,383,2.524159908,2.534400000,0.045400000,0.000000000
sample,fixed_batch16,original,1023,1023,0,383,1.935552001,1.940281250,0.065212500,0.000000000
sample,fixed_batch16,ordered4,1023,1023,0,383,2.530879974,2.535462500,0.061375000,0.000000000
sample,fixed_batch16,ordered4,1023,1023,1,383,2.527296066,2.529768750,0.047668750,0.000000000
sample,fixed_batch16,original,1023,1023,1,383,1.934975982,1.937706250,0.047681250,0.000000000
sample,fixed_batch16,original,1023,1023,2,383,1.935359955,1.939000000,0.053837500,0.000000000
sample,fixed_batch16,ordered4,1023,1023,2,383,2.527551889,2.530962500,0.052200000,0.000000000
sample,fixed_batch16,ordered4,1023,1023,3,383,2.527359962,2.530925000,0.052306250,0.000000000
sample,fixed_batch16,original,1023,1023,3,383,1.936576009,1.941418750,0.074056250,0.000000000
sample,fixed_batch16,original,1023,1023,4,383,1.934911966,1.938487500,0.051425000,0.000000000
sample,fixed_batch16,ordered4,1023,1023,4,383,2.527679920,2.530650000,0.053837500,0.000000000
sample,fixed_batch16,ordered4,1023,1023,5,383,2.529344082,2.533556250,0.074443750,0.000000000
sample,fixed_batch16,original,1023,1023,5,383,1.935744047,1.940631250,0.069931250,0.000000000
sample,fixed_batch16,original,1023,1023,6,383,1.936768055,1.941056250,0.074343750,0.000000000
sample,fixed_batch16,ordered4,1023,1023,6,383,2.527807951,2.531400000,0.052350000,0.000000000
sample,fixed_batch16,ordered4,1023,1023,7,383,2.526400089,2.529625000,0.049531250,0.000000000
sample,fixed_batch16,original,1023,1023,7,383,1.934720039,1.937837500,0.052200000,0.000000000
sample,fixed_batch16,original,1023,1023,8,383,1.933568001,1.936525000,0.049525000,0.000000000
sample,fixed_batch16,ordered4,1023,1023,8,383,2.527744055,2.531181250,0.050581250,0.000000000
sample,fixed_batch16,ordered4,1023,1023,9,383,2.527935982,2.531443750,0.045637500,0.000000000
sample,fixed_batch16,original,1023,1023,9,383,1.934527993,1.937950000,0.054343750,0.000000000
sample,fixed_batch16,original,1023,1023,10,383,1.932224035,1.934306250,0.048968750,0.000000000
sample,fixed_batch16,ordered4,1023,1023,10,383,2.528064013,2.530881250,0.054962500,0.000000000
sample,fixed_batch16,ordered4,1023,1023,11,383,2.526463985,2.528737500,0.045437500,0.000000000
sample,fixed_batch16,original,1023,1023,11,383,1.933375955,1.935593750,0.043475000,0.000000000
sample,fixed_batch16,original,1023,1023,12,383,1.933120012,1.937743750,0.038068750,0.000000000
sample,fixed_batch16,ordered4,1023,1023,12,383,2.525311947,2.527112500,0.039068750,0.000000000
sample,fixed_batch16,ordered4,1023,1023,13,383,2.526783943,2.529343750,0.048150000,0.000000000
sample,fixed_batch16,original,1023,1023,13,383,1.933951974,1.936518750,0.046462500,0.000000000
sample,fixed_batch16,original,1023,1023,14,383,1.933760047,1.936562500,0.050218750,0.000000000
sample,fixed_batch16,ordered4,1023,1023,14,383,2.527616024,2.531062500,0.054018750,0.000000000
sample,fixed_batch16,ordered4,1023,1023,15,383,2.527679920,2.531656250,0.056681250,0.000000000
sample,fixed_batch16,original,1023,1023,15,383,1.934720039,1.937950000,0.050162500,0.000000000
sample,fixed_batch16,original,1023,1023,16,383,1.933375955,1.935631250,0.046106250,0.000000000
sample,fixed_batch16,ordered4,1023,1023,16,383,2.525759935,2.527618750,0.041200000,0.000000000
sample,fixed_batch16,ordered4,1023,1023,17,383,2.527424097,2.530175000,0.048062500,0.000000000
sample,fixed_batch16,original,1023,1023,17,383,1.932855964,1.935018750,0.039093750,0.000000000
sample,fixed_batch16,original,1023,1023,18,383,1.933760047,1.936537500,0.045837500,0.000000000
sample,fixed_batch16,ordered4,1023,1023,18,383,2.533823967,2.539631250,0.070650000,0.000000000
sample,fixed_batch16,ordered4,1023,1023,19,383,2.525439978,2.527006250,0.038231250,0.000000000
sample,fixed_batch16,original,1023,1023,19,383,1.932031989,1.933800000,0.039287500,0.000000000
sample,fixed_batch16,original,1023,1023,20,383,1.933632016,1.936137500,0.047781250,0.000000000
sample,fixed_batch16,ordered4,1023,1023,20,383,2.526720047,2.529050000,0.045818750,0.000000000
sample,fixed_batch16,ordered4,1023,1023,21,383,2.528448105,2.533306250,0.061625000,0.000000000
sample,fixed_batch16,original,1023,1023,21,383,1.937728047,1.942162500,0.066912500,0.000000000
sample,fixed_batch16,original,1023,1023,22,383,1.934335947,1.937681250,0.058493750,0.000000000
sample,fixed_batch16,ordered4,1023,1023,22,383,2.528192043,2.532350000,0.056900000,0.000000000
sample,fixed_batch16,ordered4,1023,1023,23,383,2.527679920,2.531506250,0.064850000,0.000000000
sample,fixed_batch16,original,1023,1023,23,383,1.932736039,1.935943750,0.047050000,0.000000000
sample,fixed_batch16,original,1023,1023,24,383,1.934911966,1.938662500,0.051287500,0.000000000
sample,fixed_batch16,ordered4,1023,1023,24,383,2.527103901,2.530831250,0.056962500,0.000000000
sample,fixed_batch16,ordered4,1023,1023,25,383,2.527231932,2.532006250,0.057293750,0.000000000
sample,fixed_batch16,original,1023,1023,25,383,1.935296059,1.938768750,0.052587500,0.000000000
sample,fixed_batch16,original,1023,1023,26,383,1.936768055,1.940587500,0.065381250,0.000000000
sample,fixed_batch16,ordered4,1023,1023,26,383,2.528127909,2.531700000,0.057581250,0.000000000
sample,fixed_batch16,ordered4,1023,1023,27,383,2.528192043,2.531500000,0.050700000,0.000000000
sample,fixed_batch16,original,1023,1023,27,383,1.934272051,1.937037500,0.052281250,0.000000000
sample,fixed_batch16,original,1023,1023,28,383,1.932736039,1.935237500,0.044612500,0.000000000
sample,fixed_batch16,ordered4,1023,1023,28,383,2.528575897,2.533262500,0.046662500,0.000000000
sample,fixed_batch16,ordered4,1023,1023,29,383,2.529472113,2.533368750,0.063706250,0.000000000
sample,fixed_batch16,original,1023,1023,29,383,1.934080005,1.936950000,0.041456250,0.000000000
sample,fixed_batch16,original,1023,1023,30,383,1.934975982,1.938925000,0.055375000,0.000000000
sample,fixed_batch16,ordered4,1023,1023,30,383,2.527424097,2.530887500,0.050768750,0.000000000
sample,fixed_batch16,ordered4,1023,1023,31,383,2.527616024,2.531150000,0.051118750,0.000000000
sample,fixed_batch16,original,1023,1023,31,383,1.934720039,1.938387500,0.051218750,0.000000000
sample,fixed_batch16,original,1023,1023,32,383,1.934463978,1.937712500,0.051131250,0.000000000
sample,fixed_batch16,ordered4,1023,1023,32,383,2.527807951,2.531293750,0.051362500,0.000000000
sample,fixed_batch16,ordered4,1023,1023,33,383,2.527231932,2.530462500,0.050306250,0.000000000
sample,fixed_batch16,original,1023,1023,33,383,1.934463978,1.937781250,0.048718750,0.000000000
sample,fixed_batch16,original,1023,1023,34,383,1.935552001,1.938918750,0.051418750,0.000000000
sample,fixed_batch16,ordered4,1023,1023,34,383,2.527103901,2.530293750,0.053718750,0.000000000
sample,fixed_batch16,ordered4,1023,1023,35,383,2.527807951,2.531143750,0.051206250,0.000000000
sample,fixed_batch16,original,1023,1023,35,383,1.935359955,1.939093750,0.055668750,0.000000000
sample,fixed_batch16,original,1023,1023,36,383,1.934399962,1.937406250,0.049393750,0.000000000
sample,fixed_batch16,ordered4,1023,1023,36,383,2.527231932,2.529987500,0.046243750,0.000000000
sample,fixed_batch16,ordered4,1023,1023,37,383,2.527296066,2.530787500,0.054550000,0.000000000
sample,fixed_batch16,original,1023,1023,37,383,1.934080005,1.936956250,0.053012500,0.000000000
sample,fixed_batch16,original,1023,1023,38,383,1.933184028,1.935743750,0.044225000,0.000000000
sample,fixed_batch16,ordered4,1023,1023,38,383,2.527872086,2.531900000,0.053850000,0.000000000
sample,fixed_batch16,ordered4,1023,1023,39,383,2.527935982,2.531412500,0.054400000,0.000000000
sample,fixed_batch16,original,1023,1023,39,383,1.933887959,1.936762500,0.045612500,0.000000000
sample,fixed_batch16,original,1023,1023,40,383,1.934656024,1.938500000,0.056956250,0.000000000
sample,fixed_batch16,ordered4,1023,1023,40,383,2.527744055,2.531575000,0.052518750,0.000000000
sample,fixed_batch16,ordered4,1023,1023,41,383,2.527616024,2.531468750,0.049418750,0.000000000
sample,fixed_batch16,original,1023,1023,41,383,1.935168028,1.938850000,0.050218750,0.000000000
sample,fixed_batch16,original,1023,1023,42,383,1.935039997,1.939725000,0.049156250,0.000000000
sample,fixed_batch16,ordered4,1023,1023,42,383,2.528640032,2.532106250,0.058643750,0.000000000
sample,fixed_batch16,ordered4,1023,1023,43,383,2.527359962,2.531075000,0.051375000,0.000000000
sample,fixed_batch16,original,1023,1023,43,383,1.934847951,1.938068750,0.047156250,0.000000000
sample,fixed_batch16,original,1023,1023,44,383,1.933503985,1.936000000,0.046987500,0.000000000
sample,fixed_batch16,ordered4,1023,1023,44,383,2.526079893,2.528331250,0.046081250,0.000000000
sample,fixed_batch16,ordered4,1023,1023,45,383,2.527551889,2.531375000,0.073518750,0.000000000
sample,fixed_batch16,original,1023,1023,45,383,1.935039997,1.938700000,0.054912500,0.000000000
sample,fixed_batch16,original,1023,1023,46,383,1.933503985,1.936156250,0.047175000,0.000000000
sample,fixed_batch16,ordered4,1023,1023,46,383,2.527424097,2.530687500,0.056600000,0.000000000
sample,fixed_batch16,ordered4,1023,1023,47,383,2.527168036,2.530731250,0.051787500,0.000000000
sample,fixed_batch16,original,1023,1023,47,383,1.934720039,1.938612500,0.055906250,0.000000000
sample,fixed_batch16,original,1023,1023,48,383,1.934656024,1.938293750,0.051612500,0.000000000
sample,fixed_batch16,ordered4,1023,1023,48,383,2.527231932,2.530818750,0.057043750,0.000000000
sample,fixed_batch16,ordered4,1023,1023,49,383,2.528064013,2.531806250,0.051175000,0.000000000
sample,fixed_batch16,original,1023,1023,49,383,1.935296059,1.938493750,0.053212500,0.000000000
sample,advancing_forward,original,128,128,0,284,1.406975985,1.426300000,0.125500000,0.026200000
sample,advancing_forward,original,128,129,0,257,1.401855946,1.425900000,0.114400000,0.033400000
sample,advancing_forward,original,128,130,0,614,1.396736026,1.413400000,0.099500000,0.028400000
sample,advancing_forward,original,128,131,0,878,1.397760034,1.417000000,0.103400000,0.029200000
sample,advancing_forward,original,128,132,0,289,1.383424044,1.398900000,0.076100000,0.019700000
sample,advancing_forward,original,128,133,0,19775,1.398784041,1.422600000,0.096000000,0.028900000
sample,advancing_forward,original,128,134,0,656,1.402879953,1.421000000,0.097800000,0.028700000
sample,advancing_forward,original,128,135,0,39599,1.398784041,1.432800000,0.104800000,0.028300000
sample,advancing_forward,original,128,136,0,1122,1.387423992,1.410000000,0.080000000,0.022800000
sample,advancing_forward,original,128,137,0,291,1.384256005,1.394500000,0.071500000,0.017800000
sample,advancing_forward,original,128,138,0,37346,1.381376028,1.392500000,0.070000000,0.013500000
sample,advancing_forward,original,128,139,0,764,1.395712018,1.415200000,0.083800000,0.023900000
sample,advancing_forward,original,128,140,0,8074,1.392639995,1.408800000,0.074600000,0.018000000
sample,advancing_forward,original,128,141,0,20272,1.403903961,1.421700000,0.092500000,0.024700000
sample,advancing_forward,original,128,142,0,9106,1.411072016,1.433200000,0.097300000,0.028300000
sample,advancing_forward,original,128,143,0,3876,1.386495948,1.404100000,0.082000000,0.021700000
sample,advancing_forward,ordered4,128,128,0,284,1.446784019,1.457600000,0.087600000,0.016400000
sample,advancing_forward,ordered4,128,129,0,257,1.461248040,1.478000000,0.081800000,0.022600000
sample,advancing_forward,ordered4,128,130,0,614,1.448959947,1.462100000,0.089200000,0.016600000
sample,advancing_forward,ordered4,128,131,0,878,1.446848035,1.457800000,0.066200000,0.013000000
sample,advancing_forward,ordered4,128,132,0,289,1.445727944,1.455000000,0.062900000,0.013300000
sample,advancing_forward,ordered4,128,133,0,19775,1.447903991,1.456600000,0.062400000,0.012800000
sample,advancing_forward,ordered4,128,134,0,656,1.447936058,1.460500000,0.063000000,0.013100000
sample,advancing_forward,ordered4,128,135,0,39599,1.485823989,1.509000000,0.109600000,0.035700000
sample,advancing_forward,ordered4,128,136,0,1122,1.463296056,1.479400000,0.074000000,0.021100000
sample,advancing_forward,ordered4,128,137,0,291,1.455103993,1.465200000,0.064500000,0.013500000
sample,advancing_forward,ordered4,128,138,0,37346,1.484799981,1.506700000,0.120700000,0.029500000
sample,advancing_forward,ordered4,128,139,0,764,1.475551963,1.496800000,0.084700000,0.023600000
sample,advancing_forward,ordered4,128,140,0,8074,1.470463991,1.487400000,0.079700000,0.019800000
sample,advancing_forward,ordered4,128,141,0,20272,1.460224032,1.471400000,0.066400000,0.013200000
sample,advancing_forward,ordered4,128,142,0,9106,1.472512007,1.493300000,0.080000000,0.022100000
sample,advancing_forward,ordered4,128,143,0,3876,1.497951984,1.523800000,0.118800000,0.039400000
sample,advancing_forward,ordered4,128,128,1,284,1.433599949,1.444300000,0.062800000,0.011800000
sample,advancing_forward,ordered4,128,129,1,257,1.438719988,1.448500000,0.069500000,0.010500000
sample,advancing_forward,ordered4,128,130,1,614,1.441792011,1.451600000,0.058200000,0.010600000
sample,advancing_forward,ordered4,128,131,1,878,1.460224032,1.474800000,0.079200000,0.021600000
sample,advancing_forward,ordered4,128,132,1,289,1.440768003,1.451300000,0.060000000,0.011200000
sample,advancing_forward,ordered4,128,133,1,19775,1.443840027,1.453700000,0.058900000,0.010300000
sample,advancing_forward,ordered4,128,134,1,656,1.443840027,1.453600000,0.058700000,0.010200000
sample,advancing_forward,ordered4,128,135,1,39599,1.442816019,1.453100000,0.057900000,0.010600000
sample,advancing_forward,ordered4,128,136,1,1122,1.458176017,1.472200000,0.070300000,0.014700000
sample,advancing_forward,ordered4,128,137,1,291,1.449983954,1.508200000,0.059500000,0.011100000
sample,advancing_forward,ordered4,128,138,1,37346,1.451007962,1.463600000,0.060800000,0.011100000
sample,advancing_forward,ordered4,128,139,1,764,1.446912050,1.457500000,0.079600000,0.010400000
sample,advancing_forward,ordered4,128,140,1,8074,1.462272048,1.477100000,0.070500000,0.015400000
sample,advancing_forward,ordered4,128,141,1,20272,1.453055978,1.463700000,0.059500000,0.010800000
sample,advancing_forward,ordered4,128,142,1,9106,1.454079986,1.462400000,0.051800000,0.010600000
sample,advancing_forward,ordered4,128,143,1,3876,1.453055978,1.464100000,0.051700000,0.010600000
sample,advancing_forward,original,128,128,1,284,1.366016030,1.388900000,0.059200000,0.015200000
sample,advancing_forward,original,128,129,1,257,1.368064046,1.376800000,0.060000000,0.012800000
sample,advancing_forward,original,128,130,1,614,1.371135950,1.379800000,0.060300000,0.012200000
sample,advancing_forward,original,128,131,1,878,1.369088054,1.378300000,0.064000000,0.012200000
sample,advancing_forward,original,128,132,1,289,1.399808049,1.441700000,0.089500000,0.025900000
sample,advancing_forward,original,128,133,1,19775,1.389536023,1.422900000,0.099200000,0.023100000
sample,advancing_forward,original,128,134,1,656,1.382400036,1.399100000,0.077700000,0.016900000
sample,advancing_forward,original,128,135,1,39599,1.370111942,1.381200000,0.065000000,0.010600000
sample,advancing_forward,original,128,136,1,1122,1.367040038,1.377400000,0.059400000,0.010600000
sample,advancing_forward,original,128,137,1,291,1.373183966,1.384100000,0.059500000,0.010400000
sample,advancing_forward,original,128,138,1,37346,1.383424044,1.399000000,0.098400000,0.016700000
sample,advancing_forward,original,128,139,1,764,1.371135950,1.381500000,0.059500000,0.010900000
sample,advancing_forward,original,128,140,1,8074,1.374207973,1.383200000,0.059900000,0.011500000
sample,advancing_forward,original,128,141,1,20272,1.378304005,1.388300000,0.058700000,0.010600000
sample,advancing_forward,original,128,142,1,9106,1.393664002,1.407800000,0.076100000,0.015900000
sample,advancing_forward,original,128,143,1,3876,1.369088054,1.379300000,0.058000000,0.010900000
sample,advancing_forward,original,128,128,2,284,1.356799960,1.367000000,0.057300000,0.010300000
sample,advancing_forward,original,128,129,2,257,1.366016030,1.375300000,0.057000000,0.010800000
sample,advancing_forward,original,128,130,2,614,1.367040038,1.376600000,0.056800000,0.010600000
sample,advancing_forward,original,128,131,2,878,1.361919999,1.372700000,0.063100000,0.010500000
sample,advancing_forward,original,128,132,2,289,1.379328012,1.393800000,0.070300000,0.015300000
sample,advancing_forward,original,128,133,2,19775,1.372159958,1.383000000,0.065900000,0.012700000
sample,advancing_forward,original,128,134,2,656,1.372159958,1.382700000,0.057600000,0.011100000
sample,advancing_forward,original,128,135,2,39599,1.364992023,1.375000000,0.057700000,0.010700000
sample,advancing_forward,original,128,136,2,1122,1.367040038,1.377000000,0.057800000,0.010400000
sample,advancing_forward,original,128,137,2,291,1.374207973,1.384500000,0.059100000,0.011100000
sample,advancing_forward,original,128,138,2,37346,1.372159958,1.382700000,0.057700000,0.010500000
sample,advancing_forward,original,128,139,2,764,1.371135950,1.380000000,0.056900000,0.010300000
sample,advancing_forward,original,128,140,2,8074,1.372159958,1.380000000,0.077800000,0.011200000
sample,advancing_forward,original,128,141,2,20272,1.377279997,1.384900000,0.057700000,0.012000000
sample,advancing_forward,original,128,142,2,9106,1.376255989,1.385000000,0.051000000,0.010200000
sample,advancing_forward,original,128,143,2,3876,1.372159958,1.380300000,0.052800000,0.010700000
sample,advancing_forward,ordered4,128,128,2,284,1.430528045,1.439100000,0.051800000,0.010400000
sample,advancing_forward,ordered4,128,129,2,257,1.435647964,1.445900000,0.050300000,0.010200000
sample,advancing_forward,ordered4,128,130,2,614,1.480703950,1.497800000,0.105000000,0.032000000
sample,advancing_forward,ordered4,128,131,2,878,1.437695980,1.446700000,0.052200000,0.011400000
sample,advancing_forward,ordered4,128,132,2,289,1.439743996,1.449800000,0.056200000,0.011000000
sample,advancing_forward,ordered4,128,133,2,19775,1.443840027,1.454600000,0.057000000,0.011200000
sample,advancing_forward,ordered4,128,134,2,656,1.460224032,1.477200000,0.098400000,0.019400000
sample,advancing_forward,ordered4,128,135,2,39599,1.444864035,1.454800000,0.065600000,0.012500000
sample,advancing_forward,ordered4,128,136,2,1122,1.445888042,1.455600000,0.058100000,0.010800000
sample,advancing_forward,ordered4,128,137,2,291,1.446912050,1.457500000,0.057400000,0.010700000
sample,advancing_forward,ordered4,128,138,2,37346,1.449983954,1.459600000,0.057600000,0.010800000
sample,advancing_forward,ordered4,128,139,2,764,1.452031970,1.462000000,0.062500000,0.010600000
sample,advancing_forward,ordered4,128,140,2,8074,1.448959947,1.459000000,0.057400000,0.010400000
sample,advancing_forward,ordered4,128,141,2,20272,1.453055978,1.462800000,0.058600000,0.010500000
sample,advancing_forward,ordered4,128,142,2,9106,1.472512007,1.487000000,0.076300000,0.017000000
sample,advancing_forward,ordered4,128,143,2,3876,1.453055978,1.463000000,0.058000000,0.010600000
sample,advancing_forward,ordered4,128,128,3,284,1.434623957,1.444200000,0.064200000,0.012100000
sample,advancing_forward,ordered4,128,129,3,257,1.437695980,1.448000000,0.079100000,0.010500000
sample,advancing_forward,ordered4,128,130,3,614,1.438719988,1.448700000,0.079700000,0.010300000
sample,advancing_forward,ordered4,128,131,3,878,1.448959947,1.462900000,0.070200000,0.014600000
sample,advancing_forward,ordered4,128,132,3,289,1.438719988,1.447100000,0.052900000,0.011100000
sample,advancing_forward,ordered4,128,133,3,19775,1.442752004,1.451100000,0.052400000,0.011000000
sample,advancing_forward,ordered4,128,134,3,656,1.442816019,1.451200000,0.052100000,0.010500000
sample,advancing_forward,ordered4,128,135,3,39599,1.445888042,1.454400000,0.053800000,0.011900000
sample,advancing_forward,ordered4,128,136,3,1122,1.442816019,1.450800000,0.051600000,0.010400000
sample,advancing_forward,ordered4,128,137,3,291,1.446912050,1.455400000,0.052700000,0.011100000
sample,advancing_forward,ordered4,128,138,3,37346,1.449983954,1.460700000,0.052300000,0.010700000
sample,advancing_forward,ordered4,128,139,3,764,1.478656054,1.497800000,0.087500000,0.030800000
sample,advancing_forward,ordered4,128,140,3,8074,1.475584030,1.492800000,0.082400000,0.023300000
sample,advancing_forward,ordered4,128,141,3,20272,1.465343952,1.482000000,0.070700000,0.017700000
sample,advancing_forward,ordered4,128,142,3,9106,1.456128001,1.466300000,0.057900000,0.011200000
sample,advancing_forward,ordered4,128,143,3,3876,1.474560022,1.486100000,0.113800000,0.018300000
sample,advancing_forward,original,128,128,3,284,1.373183966,1.384500000,0.103900000,0.018800000
sample,advancing_forward,original,128,129,3,257,1.380352020,1.396300000,0.102400000,0.020900000
sample,advancing_forward,original,128,130,3,614,1.368064046,1.377200000,0.058400000,0.011000000
sample,advancing_forward,original,128,131,3,878,1.363968015,1.373800000,0.057200000,0.010500000
sample,advancing_forward,original,128,132,3,289,1.366016030,1.377100000,0.057400000,0.010600000
sample,advancing_forward,original,128,133,3,19775,1.383424044,1.397500000,0.072100000,0.015600000
sample,advancing_forward,original,128,134,3,656,1.374207973,1.383800000,0.088100000,0.011000000
sample,advancing_forward,original,128,135,3,39599,1.366016030,1.375200000,0.058900000,0.010800000
sample,advancing_forward,original,128,136,3,1122,1.368064046,1.379200000,0.058900000,0.010900000
sample,advancing_forward,original,128,137,3,291,1.392639995,1.409400000,0.087200000,0.020200000
sample,advancing_forward,original,128,138,3,37346,1.394688010,1.408900000,0.087100000,0.021200000
sample,advancing_forward,original,128,139,3,764,1.393664002,1.409200000,0.087700000,0.022100000
sample,advancing_forward,original,128,140,3,8074,1.385472059,1.399500000,0.068900000,0.015100000
sample,advancing_forward,original,128,141,3,20272,1.374207973,1.384500000,0.057500000,0.011300000
sample,advancing_forward,original,128,142,3,9106,1.391615987,1.403900000,0.063500000,0.014300000
sample,advancing_forward,original,128,143,3,3876,1.374207973,1.382700000,0.056800000,0.011000000
sample,advancing_forward,original,128,128,4,284,1.368064046,1.377900000,0.071700000,0.013600000
sample,advancing_forward,original,128,129,4,257,1.367040038,1.377000000,0.064100000,0.012100000
sample,advancing_forward,original,128,130,4,614,1.367040038,1.376500000,0.057300000,0.010400000
sample,advancing_forward,original,128,131,4,878,1.378304005,1.392900000,0.075000000,0.016200000
sample,advancing_forward,original,128,132,4,289,1.372159958,1.385500000,0.065900000,0.014300000
sample,advancing_forward,original,128,133,4,19775,1.412096024,1.440800000,0.118600000,0.037100000
sample,advancing_forward,original,128,134,4,656,1.411072016,1.437200000,0.111100000,0.034500000
sample,advancing_forward,original,128,135,4,39599,1.398784041,1.416500000,0.120400000,0.030100000
sample,advancing_forward,original,128,136,4,1122,1.381376028,1.393100000,0.078500000,0.017400000
sample,advancing_forward,original,128,137,4,291,1.374207973,1.384200000,0.060200000,0.012000000
sample,advancing_forward,original,128,138,4,37346,1.375231981,1.386200000,0.060900000,0.012000000
sample,advancing_forward,original,128,139,4,764,1.373183966,1.383300000,0.058800000,0.011200000
sample,advancing_forward,original,128,140,4,8074,1.375231981,1.386100000,0.061100000,0.011800000
sample,advancing_forward,original,128,141,4,20272,1.375231981,1.386600000,0.062200000,0.010800000
sample,advancing_forward,original,128,142,4,9106,1.378304005,1.388500000,0.056900000,0.010800000
sample,advancing_forward,original,128,143,4,3876,1.371135950,1.385800000,0.060300000,0.010800000
sample,advancing_forward,ordered4,128,128,4,284,1.430528045,1.441000000,0.058900000,0.010600000
sample,advancing_forward,ordered4,128,129,4,257,1.447936058,1.461100000,0.066500000,0.014300000
sample,advancing_forward,ordered4,128,130,4,614,1.462272048,1.481100000,0.083600000,0.019900000
sample,advancing_forward,ordered4,128,131,4,878,1.446912050,1.459600000,0.071500000,0.013600000
sample,advancing_forward,ordered4,128,132,4,289,1.442816019,1.455300000,0.065800000,0.013500000
sample,advancing_forward,ordered4,128,133,4,19775,1.456128001,1.471100000,0.070700000,0.015000000
sample,advancing_forward,ordered4,128,134,4,656,1.453055978,1.465100000,0.071000000,0.014700000
sample,advancing_forward,ordered4,128,135,4,39599,1.442816019,1.452400000,0.056900000,0.010700000
sample,advancing_forward,ordered4,128,136,4,1122,1.444864035,1.454900000,0.056600000,0.010500000
sample,advancing_forward,ordered4,128,137,4,291,1.448959947,1.459600000,0.065500000,0.011500000
sample,advancing_forward,ordered4,128,138,4,37346,1.452031970,1.462700000,0.092700000,0.012100000
sample,advancing_forward,ordered4,128,139,4,764,1.449983954,1.461000000,0.057400000,0.011300000
sample,advancing_forward,ordered4,128,140,4,8074,1.449983954,1.458700000,0.057200000,0.010200000
sample,advancing_forward,ordered4,128,141,4,20272,1.457152009,1.468300000,0.065800000,0.014300000
sample,advancing_forward,ordered4,128,142,4,9106,1.455103993,1.465800000,0.063700000,0.012500000
sample,advancing_forward,ordered4,128,143,4,3876,1.452031970,1.464600000,0.089400000,0.010700000
sample,advancing_forward,ordered4,128,128,5,284,1.451007962,1.470400000,0.084100000,0.023200000
sample,advancing_forward,ordered4,128,129,5,257,1.447936058,1.459600000,0.074000000,0.013000000
sample,advancing_forward,ordered4,128,130,5,614,1.442816019,1.454300000,0.062300000,0.012200000
sample,advancing_forward,ordered4,128,131,5,878,1.452031970,1.464800000,0.079100000,0.017000000
sample,advancing_forward,ordered4,128,132,5,289,1.442816019,1.451400000,0.059800000,0.010500000
sample,advancing_forward,ordered4,128,133,5,19775,1.441792011,1.451900000,0.057800000,0.010600000
sample,advancing_forward,ordered4,128,134,5,656,1.462272048,1.477200000,0.076800000,0.021000000
sample,advancing_forward,ordered4,128,135,5,39599,1.447936058,1.458800000,0.067300000,0.012600000
sample,advancing_forward,ordered4,128,136,5,1122,1.443840027,1.453500000,0.058100000,0.010500000
sample,advancing_forward,ordered4,128,137,5,291,1.447936058,1.457600000,0.058900000,0.010500000
sample,advancing_forward,ordered4,128,138,5,37346,1.451007962,1.461900000,0.057300000,0.010800000
sample,advancing_forward,ordered4,128,139,5,764,1.462272048,1.477500000,0.069900000,0.015900000
sample,advancing_forward,ordered4,128,140,5,8074,1.451007962,1.461700000,0.063800000,0.011800000
sample,advancing_forward,ordered4,128,141,5,20272,1.464319944,1.476300000,0.070700000,0.015200000
sample,advancing_forward,ordered4,128,142,5,9106,1.458176017,1.468500000,0.064600000,0.012300000
sample,advancing_forward,ordered4,128,143,5,3876,1.463296056,1.477400000,0.070300000,0.015400000
sample,advancing_forward,original,128,128,5,284,1.371135950,1.384500000,0.065800000,0.014900000
sample,advancing_forward,original,128,129,5,257,1.366016030,1.374300000,0.053500000,0.011300000
sample,advancing_forward,original,128,130,5,614,1.366016030,1.373900000,0.052500000,0.010800000
sample,advancing_forward,original,128,131,5,878,1.362944007,1.371000000,0.051200000,0.010500000
sample,advancing_forward,original,128,132,5,289,1.362944007,1.371600000,0.071000000,0.010400000
sample,advancing_forward,original,128,133,5,19775,1.369088054,1.377300000,0.052000000,0.011000000
sample,advancing_forward,original,128,134,5,656,1.369088054,1.377800000,0.050800000,0.010500000
sample,advancing_forward,original,128,135,5,39599,1.363968015,1.372000000,0.051100000,0.010500000
sample,advancing_forward,original,128,136,5,1122,1.367040038,1.376000000,0.082800000,0.010700000
sample,advancing_forward,original,128,137,5,291,1.392639995,1.413300000,0.075000000,0.021500000
sample,advancing_forward,original,128,138,5,37346,1.383424044,1.394500000,0.069700000,0.014400000
sample,advancing_forward,original,128,139,5,764,1.373183966,1.384000000,0.064400000,0.012500000
sample,advancing_forward,original,128,140,5,8074,1.373183966,1.383600000,0.082600000,0.010600000
sample,advancing_forward,original,128,141,5,20272,1.379328012,1.389100000,0.059700000,0.012700000
sample,advancing_forward,original,128,142,5,9106,1.384448051,1.396200000,0.066300000,0.014000000
sample,advancing_forward,original,128,143,5,3876,1.376255989,1.390100000,0.070000000,0.015100000
sample,advancing_forward,original,128,128,6,284,1.356799960,1.366700000,0.084400000,0.010600000
sample,advancing_forward,original,128,129,6,257,1.367040038,1.376200000,0.058100000,0.010600000
sample,advancing_forward,original,128,130,6,614,1.374207973,1.389200000,0.075300000,0.014800000
sample,advancing_forward,original,128,131,6,878,1.376255989,1.386800000,0.074400000,0.013100000
sample,advancing_forward,original,128,132,6,289,1.369088054,1.379700000,0.073700000,0.012400000
sample,advancing_forward,original,128,133,6,19775,1.371135950,1.382200000,0.064500000,0.012700000
sample,advancing_forward,original,128,134,6,656,1.370111942,1.380600000,0.079600000,0.010500000
sample,advancing_forward,original,128,135,6,39599,1.377279997,1.393300000,0.073100000,0.017900000
sample,advancing_forward,original,128,136,6,1122,1.371135950,1.381300000,0.065200000,0.012200000
sample,advancing_forward,original,128,137,6,291,1.376255989,1.386000000,0.062000000,0.010900000
sample,advancing_forward,original,128,138,6,37346,1.374207973,1.384400000,0.057400000,0.010600000
sample,advancing_forward,original,128,139,6,764,1.379328012,1.396500000,0.083100000,0.016300000
sample,advancing_forward,original,128,140,6,8074,1.388543963,1.397900000,0.077900000,0.018700000
sample,advancing_forward,original,128,141,6,20272,1.378304005,1.388900000,0.064200000,0.012000000
sample,advancing_forward,original,128,142,6,9106,1.379328012,1.388300000,0.079700000,0.010400000
sample,advancing_forward,original,128,143,6,3876,1.370975971,1.378700000,0.051200000,0.010300000
sample,advancing_forward,ordered4,128,128,6,284,1.447936058,1.463000000,0.078400000,0.020400000
sample,advancing_forward,ordered4,128,129,6,257,1.461248040,1.478200000,0.089800000,0.023700000
sample,advancing_forward,ordered4,128,130,6,614,1.454079986,1.467200000,0.076300000,0.020800000
sample,advancing_forward,ordered4,128,131,6,878,1.454079986,1.466900000,0.079600000,0.019700000
sample,advancing_forward,ordered4,128,132,6,289,1.470335960,1.487500000,0.094100000,0.024400000
sample,advancing_forward,ordered4,128,133,6,19775,1.468415976,1.484700000,0.093900000,0.025900000
sample,advancing_forward,ordered4,128,134,6,656,1.466367960,1.480100000,0.089100000,0.024500000
sample,advancing_forward,ordered4,128,135,6,39599,1.469439983,1.487100000,0.100300000,0.026800000
sample,advancing_forward,ordered4,128,136,6,1122,1.502207994,1.520500000,0.131700000,0.054600000
sample,advancing_forward,ordered4,128,137,6,291,1.482751966,1.503800000,0.112300000,0.033700000
sample,advancing_forward,ordered4,128,138,6,37346,1.478656054,1.497800000,0.099600000,0.027700000
sample,advancing_forward,ordered4,128,139,6,764,1.471487999,1.488300000,0.094400000,0.025200000
sample,advancing_forward,ordered4,128,140,6,8074,1.483775973,1.500300000,0.104500000,0.026600000
sample,advancing_forward,ordered4,128,141,6,20272,1.482751966,1.500500000,0.109100000,0.029700000
sample,advancing_forward,ordered4,128,142,6,9106,1.484799981,1.501900000,0.103500000,0.026800000
sample,advancing_forward,ordered4,128,143,6,3876,1.479679942,1.495900000,0.115600000,0.025400000
sample,advancing_forward,ordered4,128,128,7,284,1.458176017,1.476300000,0.099200000,0.025100000
sample,advancing_forward,ordered4,128,129,7,257,1.466367960,1.488100000,0.118300000,0.024800000
sample,advancing_forward,ordered4,128,130,7,614,1.471487999,1.491500000,0.103000000,0.026000000
sample,advancing_forward,ordered4,128,131,7,878,1.467391968,1.488000000,0.100200000,0.026200000
sample,advancing_forward,ordered4,128,132,7,289,1.465343952,1.485300000,0.101500000,0.025800000
sample,advancing_forward,ordered4,128,133,7,19775,1.469439983,1.489300000,0.100600000,0.025100000
sample,advancing_forward,ordered4,128,134,7,656,1.476608038,1.494500000,0.110400000,0.027100000
sample,advancing_forward,ordered4,128,135,7,39599,1.470463991,1.499900000,0.104100000,0.025100000
sample,advancing_forward,ordered4,128,136,7,1122,1.484799981,1.509400000,0.131400000,0.031100000
sample,advancing_forward,ordered4,128,137,7,291,1.472512007,1.492300000,0.088600000,0.025400000
sample,advancing_forward,ordered4,128,138,7,37346,1.458176017,1.470600000,0.072500000,0.015000000
sample,advancing_forward,ordered4,128,139,7,764,1.476608038,1.494300000,0.100000000,0.025100000
sample,advancing_forward,ordered4,128,140,7,8074,1.457152009,1.467600000,0.064700000,0.012000000
sample,advancing_forward,ordered4,128,141,7,20272,1.464319944,1.480800000,0.072500000,0.015900000
sample,advancing_forward,ordered4,128,142,7,9106,1.474560022,1.495900000,0.090600000,0.023500000
sample,advancing_forward,ordered4,128,143,7,3876,1.468415976,1.485100000,0.076800000,0.018800000
sample,advancing_forward,original,128,128,7,284,1.356799960,1.366000000,0.092100000,0.010800000
sample,advancing_forward,original,128,129,7,257,1.363968015,1.374400000,0.083600000,0.010900000
sample,advancing_forward,original,128,130,7,614,1.368064046,1.378500000,0.056400000,0.010600000
sample,advancing_forward,original,128,131,7,878,1.374207973,1.391100000,0.069300000,0.017600000
sample,advancing_forward,original,128,132,7,289,1.368064046,1.377800000,0.067600000,0.011100000
sample,advancing_forward,original,128,133,7,19775,1.369088054,1.379000000,0.057900000,0.010500000
sample,advancing_forward,original,128,134,7,656,1.371135950,1.381400000,0.079500000,0.010500000
sample,advancing_forward,original,128,135,7,39599,1.378304005,1.392800000,0.071500000,0.015900000
sample,advancing_forward,original,128,136,7,1122,1.371135950,1.381000000,0.065100000,0.012600000
sample,advancing_forward,original,128,137,7,291,1.371135950,1.381200000,0.058900000,0.011300000
sample,advancing_forward,original,128,138,7,37346,1.373183966,1.382900000,0.057900000,0.010800000
sample,advancing_forward,original,128,139,7,764,1.372159958,1.384900000,0.058200000,0.011400000
sample,advancing_forward,original,128,140,7,8074,1.372159958,1.382100000,0.057000000,0.010600000
sample,advancing_forward,original,128,141,7,20272,1.376255989,1.386300000,0.057000000,0.010500000
sample,advancing_forward,original,128,142,7,9106,1.378304005,1.387800000,0.058400000,0.010700000
sample,advancing_forward,original,128,143,7,3876,1.370111942,1.382800000,0.059400000,0.010400000
sample,advancing_forward,original,128,128,8,284,1.358847976,1.368100000,0.054800000,0.011000000
sample,advancing_forward,original,128,129,8,257,1.383327961,1.397300000,0.072900000,0.017600000
sample,advancing_forward,original,128,130,8,614,1.374176025,1.382600000,0.058900000,0.011500000
sample,advancing_forward,original,128,131,8,878,1.364992023,1.373700000,0.052800000,0.011100000
sample,advancing_forward,original,128,132,8,289,1.366016030,1.374800000,0.051700000,0.010700000
sample,advancing_forward,original,128,133,8,19775,1.388543963,1.401700000,0.079500000,0.021000000
sample,advancing_forward,original,128,134,8,656,1.383424044,1.399000000,0.094000000,0.019000000
sample,advancing_forward,original,128,135,8,39599,1.364992023,1.374600000,0.057900000,0.011300000
sample,advancing_forward,original,128,136,8,1122,1.368064046,1.378200000,0.079200000,0.010900000
sample,advancing_forward,original,128,137,8,291,1.371135950,1.381600000,0.055400000,0.010800000
sample,advancing_forward,original,128,138,8,37346,1.389567971,1.405200000,0.075600000,0.016800000
sample,advancing_forward,original,128,139,8,764,1.374207973,1.384600000,0.063000000,0.012700000
sample,advancing_forward,original,128,140,8,8074,1.371135950,1.381900000,0.056700000,0.010700000
sample,advancing_forward,original,128,141,8,20272,1.376255989,1.389600000,0.056500000,0.010500000
sample,advancing_forward,original,128,142,8,9106,1.384448051,1.393700000,0.062300000,0.011400000
sample,advancing_forward,original,128,143,8,3876,1.373183966,1.383500000,0.065000000,0.012400000
sample,advancing_forward,ordered4,128,128,8,284,1.440768003,1.450900000,0.072800000,0.013800000
sample,advancing_forward,ordered4,128,129,8,257,1.439743996,1.450000000,0.059900000,0.011200000
sample,advancing_forward,ordered4,128,130,8,614,1.439743996,1.450400000,0.058200000,0.010800000
sample,advancing_forward,ordered4,128,131,8,878,1.456128001,1.471200000,0.074000000,0.017300000
sample,advancing_forward,ordered4,128,132,8,289,1.443840027,1.454300000,0.065900000,0.012800000
sample,advancing_forward,ordered4,128,133,8,19775,1.440768003,1.451300000,0.064300000,0.010500000
sample,advancing_forward,ordered4,128,134,8,656,1.444864035,1.455400000,0.056500000,0.010700000
sample,advancing_forward,ordered4,128,135,8,39599,1.466367960,1.485800000,0.092500000,0.023100000
sample,advancing_forward,ordered4,128,136,8,1122,1.461248040,1.477500000,0.080700000,0.020300000
sample,advancing_forward,ordered4,128,137,8,291,1.458176017,1.471700000,0.072700000,0.017500000
sample,advancing_forward,ordered4,128,138,8,37346,1.451007962,1.461700000,0.081400000,0.010700000
sample,advancing_forward,ordered4,128,139,8,764,1.457919955,1.471200000,0.069900000,0.015700000
sample,advancing_forward,ordered4,128,140,8,8074,1.459200025,1.469700000,0.066100000,0.014600000
sample,advancing_forward,ordered4,128,141,8,20272,1.451007962,1.461300000,0.066400000,0.010500000
sample,advancing_forward,ordered4,128,142,8,9106,1.454079986,1.463600000,0.078000000,0.010400000
sample,advancing_forward,ordered4,128,143,8,3876,1.463296056,1.477800000,0.092900000,0.016700000
sample,advancing_forward,ordered4,128,128,9,284,1.449952006,1.463800000,0.104900000,0.021400000
sample,advancing_forward,ordered4,128,129,9,257,1.448959947,1.463400000,0.065700000,0.017400000
sample,advancing_forward,ordered4,128,130,9,614,1.444864035,1.454700000,0.076300000,0.011000000
sample,advancing_forward,ordered4,128,131,9,878,1.436671972,1.451700000,0.057400000,0.010900000
sample,advancing_forward,ordered4,128,132,9,289,1.458176017,1.471400000,0.094500000,0.021400000
sample,advancing_forward,ordered4,128,133,9,19775,1.457152009,1.468800000,0.080800000,0.017800000
sample,advancing_forward,ordered4,128,134,9,656,1.448959947,1.458800000,0.064900000,0.012800000
sample,advancing_forward,ordered4,128,135,9,39599,1.442816019,1.453400000,0.058300000,0.010900000
sample,advancing_forward,ordered4,128,136,9,1122,1.444864035,1.454600000,0.057600000,0.010900000
sample,advancing_forward,ordered4,128,137,9,291,1.455103993,1.465500000,0.068500000,0.013500000
sample,advancing_forward,ordered4,128,138,9,37346,1.449983954,1.459900000,0.058800000,0.010600000
sample,advancing_forward,ordered4,128,139,9,764,1.446912050,1.457200000,0.058000000,0.010700000
sample,advancing_forward,ordered4,128,140,9,8074,1.448959947,1.459000000,0.058800000,0.010800000
sample,advancing_forward,ordered4,128,141,9,20272,1.462272048,1.477500000,0.134600000,0.016500000
sample,advancing_forward,ordered4,128,142,9,9106,1.457152009,1.466800000,0.065300000,0.012800000
sample,advancing_forward,ordered4,128,143,9,3876,1.453055978,1.463000000,0.057600000,0.010700000
sample,advancing_forward,original,128,128,9,284,1.367040038,1.382200000,0.073100000,0.017100000
sample,advancing_forward,original,128,129,9,257,1.373183966,1.386000000,0.073700000,0.014600000
sample,advancing_forward,original,128,130,9,614,1.377279997,1.390400000,0.074500000,0.016900000
sample,advancing_forward,original,128,131,9,878,1.366016030,1.376500000,0.060300000,0.011900000
sample,advancing_forward,original,128,132,9,289,1.370111942,1.381000000,0.108700000,0.013100000
sample,advancing_forward,original,128,133,9,19775,1.375231981,1.385700000,0.063200000,0.011500000
sample,advancing_forward,original,128,134,9,656,1.372159958,1.381500000,0.057400000,0.010500000
sample,advancing_forward,original,128,135,9,39599,1.371135950,1.381300000,0.066300000,0.012400000
sample,advancing_forward,original,128,136,9,1122,1.373183966,1.384100000,0.068700000,0.013500000
sample,advancing_forward,original,128,137,9,291,1.374207973,1.385300000,0.066100000,0.012300000
sample,advancing_forward,original,128,138,9,37346,1.400832057,1.422100000,0.096700000,0.023200000
sample,advancing_forward,original,128,139,9,764,1.430528045,1.459300000,0.121100000,0.056500000
sample,advancing_forward,original,128,140,9,8074,1.381376028,1.392500000,0.071100000,0.014800000
sample,advancing_forward,original,128,141,9,20272,1.385472059,1.397200000,0.082800000,0.013000000
sample,advancing_forward,original,128,142,9,9106,1.383424044,1.394500000,0.065100000,0.012900000
sample,advancing_forward,original,128,143,9,3876,1.376255989,1.393900000,0.072300000,0.015600000
sample,advancing_forward,original,128,128,10,284,1.356799960,1.367500000,0.056500000,0.010800000
sample,advancing_forward,original,128,129,10,257,1.374207973,1.383200000,0.067100000,0.012300000
sample,advancing_forward,original,128,130,10,614,1.374207973,1.384600000,0.070500000,0.011900000
sample,advancing_forward,original,128,131,10,878,1.364992023,1.375100000,0.057300000,0.010900000
sample,advancing_forward,original,128,132,10,289,1.364992023,1.375000000,0.098400000,0.010700000
sample,advancing_forward,original,128,133,10,19775,1.393664002,1.415500000,0.086600000,0.025300000
sample,advancing_forward,original,128,134,10,656,1.379328012,1.390500000,0.070700000,0.013700000
sample,advancing_forward,original,128,135,10,39599,1.367040038,1.376600000,0.057800000,0.010900000
sample,advancing_forward,original,128,136,10,1122,1.382400036,1.398300000,0.070100000,0.015000000
sample,advancing_forward,original,128,137,10,291,1.402879953,1.422600000,0.107900000,0.026900000
sample,advancing_forward,original,128,138,10,37346,1.413120031,1.436900000,0.109700000,0.032800000
sample,advancing_forward,original,128,139,10,764,1.382400036,1.393000000,0.072200000,0.013600000
sample,advancing_forward,original,128,140,10,8074,1.373183966,1.383200000,0.082100000,0.011000000
sample,advancing_forward,original,128,141,10,20272,1.392639995,1.408200000,0.078800000,0.017000000
sample,advancing_forward,original,128,142,10,9106,1.387519956,1.397600000,0.069600000,0.013100000
sample,advancing_forward,original,128,143,10,3876,1.375231981,1.385800000,0.066800000,0.013800000
sample,advancing_forward,ordered4,128,128,10,284,1.433599949,1.444100000,0.066900000,0.012400000
sample,advancing_forward,ordered4,128,129,10,257,1.441792011,1.451500000,0.065300000,0.012500000
sample,advancing_forward,ordered4,128,130,10,614,1.439743996,1.449500000,0.058200000,0.010600000
sample,advancing_forward,ordered4,128,131,10,878,1.439743996,1.449000000,0.080700000,0.010300000
sample,advancing_forward,ordered4,128,132,10,289,1.441792011,1.452700000,0.059900000,0.011500000
sample,advancing_forward,ordered4,128,133,10,19775,1.456128001,1.470100000,0.071700000,0.014800000
sample,advancing_forward,ordered4,128,134,10,656,1.444864035,1.455400000,0.057600000,0.011000000
sample,advancing_forward,ordered4,128,135,10,39599,1.444864035,1.455400000,0.063400000,0.012400000
sample,advancing_forward,ordered4,128,136,10,1122,1.452031970,1.466300000,0.070000000,0.013500000
sample,advancing_forward,ordered4,128,137,10,291,1.511423945,1.543500000,0.154000000,0.053000000
sample,advancing_forward,ordered4,128,138,10,37346,1.466367960,1.480200000,0.077900000,0.018600000
sample,advancing_forward,ordered4,128,139,10,764,1.469439983,1.488400000,0.088000000,0.025500000
sample,advancing_forward,ordered4,128,140,10,8074,1.454079986,1.465600000,0.066800000,0.012800000
sample,advancing_forward,ordered4,128,141,10,20272,1.453055978,1.463600000,0.058800000,0.011000000
sample,advancing_forward,ordered4,128,142,10,9106,1.455103993,1.465700000,0.060000000,0.011100000
sample,advancing_forward,ordered4,128,143,10,3876,1.463296056,1.473700000,0.070300000,0.012400000
sample,advancing_forward,ordered4,128,128,11,284,1.458176017,1.477100000,0.095900000,0.027100000
sample,advancing_forward,ordered4,128,129,11,257,1.458176017,1.476100000,0.084000000,0.019500000
sample,advancing_forward,ordered4,128,130,11,614,1.454079986,1.468300000,0.076900000,0.017300000
sample,advancing_forward,ordered4,128,131,11,878,1.441792011,1.453800000,0.079300000,0.012900000
sample,advancing_forward,ordered4,128,132,11,289,1.443840027,1.455700000,0.070700000,0.015100000
sample,advancing_forward,ordered4,128,133,11,19775,1.440768003,1.452200000,0.058400000,0.010800000
sample,advancing_forward,ordered4,128,134,11,656,1.446912050,1.456900000,0.058300000,0.011700000
sample,advancing_forward,ordered4,128,135,11,39599,1.441792011,1.452400000,0.080500000,0.010300000
sample,advancing_forward,ordered4,128,136,11,1122,1.443840027,1.454800000,0.067900000,0.010900000
sample,advancing_forward,ordered4,128,137,11,291,1.448959947,1.458100000,0.058400000,0.011400000
sample,advancing_forward,ordered4,128,138,11,37346,1.451007962,1.460000000,0.059200000,0.010400000
sample,advancing_forward,ordered4,128,139,11,764,1.447936058,1.459600000,0.060700000,0.010900000
sample,advancing_forward,ordered4,128,140,11,8074,1.476608038,1.498100000,0.091100000,0.022100000
sample,advancing_forward,ordered4,128,141,11,20272,1.466367960,1.482400000,0.071800000,0.016400000
sample,advancing_forward,ordered4,128,142,11,9106,1.454079986,1.466800000,0.058800000,0.010800000
sample,advancing_forward,ordered4,128,143,11,3876,1.465343952,1.482200000,0.071800000,0.018200000
sample,advancing_forward,original,128,128,11,284,1.359871984,1.370200000,0.057400000,0.010900000
sample,advancing_forward,original,128,129,11,257,1.368064046,1.378200000,0.058800000,0.012500000
sample,advancing_forward,original,128,130,11,614,1.379328012,1.391800000,0.078900000,0.013900000
sample,advancing_forward,original,128,131,11,878,1.385472059,1.405100000,0.086000000,0.020600000
sample,advancing_forward,original,128,132,11,289,1.373183966,1.384200000,0.066100000,0.014700000
sample,advancing_forward,original,128,133,11,19775,1.370111942,1.379500000,0.056700000,0.010800000
sample,advancing_forward,original,128,134,11,656,1.372159958,1.383500000,0.064700000,0.012400000
sample,advancing_forward,original,128,135,11,39599,1.363968015,1.373500000,0.057000000,0.010400000
sample,advancing_forward,original,128,136,11,1122,1.371135950,1.380700000,0.058100000,0.011400000
sample,advancing_forward,original,128,137,11,291,1.373183966,1.519300000,0.064300000,0.012200000
sample,advancing_forward,original,128,138,11,37346,1.376255989,1.393100000,0.062600000,0.013500000
sample,advancing_forward,original,128,139,11,764,1.373183966,1.383800000,0.066400000,0.012800000
sample,advancing_forward,original,128,140,11,8074,1.372159958,1.386500000,0.079600000,0.010500000
sample,advancing_forward,original,128,141,11,20272,1.413120031,1.437600000,0.111000000,0.033400000
sample,advancing_forward,original,128,142,11,9106,1.393664002,1.406900000,0.073700000,0.017900000
sample,advancing_forward,original,128,143,11,3876,1.378304005,1.388300000,0.068500000,0.013300000
sample,advancing_forward,original,128,128,12,284,1.357823968,1.368500000,0.081100000,0.011100000
sample,advancing_forward,original,128,129,12,257,1.369088054,1.379000000,0.064100000,0.012800000
sample,advancing_forward,original,128,130,12,614,1.367040038,1.380400000,0.057500000,0.010900000
sample,advancing_forward,original,128,131,12,878,1.363968015,1.372300000,0.052600000,0.011800000
sample,advancing_forward,original,128,132,12,289,1.363968015,1.371800000,0.052600000,0.010600000
sample,advancing_forward,original,128,133,12,19775,1.374207973,1.382500000,0.060300000,0.012100000
sample,advancing_forward,original,128,134,12,656,1.405951977,1.423300000,0.104600000,0.030500000
sample,advancing_forward,original,128,135,12,39599,1.389567971,1.409900000,0.079500000,0.024300000
sample,advancing_forward,original,128,136,12,1122,1.406975985,1.440300000,0.101900000,0.037700000
sample,advancing_forward,original,128,137,12,291,1.375231981,1.386600000,0.065400000,0.012900000
sample,advancing_forward,original,128,138,12,37346,1.374207973,1.385200000,0.058400000,0.011300000
sample,advancing_forward,original,128,139,12,764,1.374207973,1.385600000,0.064800000,0.012600000
sample,advancing_forward,original,128,140,12,8074,1.399808049,1.421900000,0.098500000,0.023100000
sample,advancing_forward,original,128,141,12,20272,1.429504037,1.459300000,0.130600000,0.039900000
sample,advancing_forward,original,128,142,12,9106,1.413120031,1.431700000,0.111800000,0.031400000
sample,advancing_forward,original,128,143,12,3876,1.392639995,1.409500000,0.097400000,0.026900000
sample,advancing_forward,ordered4,128,128,12,284,1.431552052,1.441400000,0.079400000,0.010300000
sample,advancing_forward,ordered4,128,129,12,257,1.463296056,1.480100000,0.092700000,0.023500000
sample,advancing_forward,ordered4,128,130,12,614,1.467391968,1.515300000,0.103600000,0.026300000
sample,advancing_forward,ordered4,128,131,12,878,1.446912050,1.466100000,0.091000000,0.016000000
sample,advancing_forward,ordered4,128,132,12,289,1.439743996,1.449900000,0.058200000,0.010600000
sample,advancing_forward,ordered4,128,133,12,19775,1.456128001,1.471300000,0.073400000,0.015300000
sample,advancing_forward,ordered4,128,134,12,656,1.445888042,1.455700000,0.058300000,0.011000000
sample,advancing_forward,ordered4,128,135,12,39599,1.442816019,1.452600000,0.058400000,0.010900000
sample,advancing_forward,ordered4,128,136,12,1122,1.444864035,1.454400000,0.057900000,0.010500000
sample,advancing_forward,ordered4,128,137,12,291,1.445888042,1.453400000,0.051200000,0.010300000
sample,advancing_forward,ordered4,128,138,12,37346,1.451007962,1.459900000,0.059700000,0.011000000
sample,advancing_forward,ordered4,128,139,12,764,1.448959947,1.458100000,0.082100000,0.010600000
sample,advancing_forward,ordered4,128,140,12,8074,1.448959947,1.458800000,0.080000000,0.010400000
sample,advancing_forward,ordered4,128,141,12,20272,1.452031970,1.461300000,0.057400000,0.010600000
sample,advancing_forward,ordered4,128,142,12,9106,1.455103993,1.465800000,0.058200000,0.011300000
sample,advancing_forward,ordered4,128,143,12,3876,1.453055978,1.462900000,0.057400000,0.010600000
sample,advancing_forward,ordered4,128,128,13,284,1.458176017,1.476900000,0.083600000,0.023500000
sample,advancing_forward,ordered4,128,129,13,257,1.446912050,1.465100000,0.067400000,0.015300000
sample,advancing_forward,ordered4,128,130,13,614,1.459200025,1.476600000,0.096900000,0.019800000
sample,advancing_forward,ordered4,128,131,13,878,1.477632046,1.502100000,0.145600000,0.039200000
sample,advancing_forward,ordered4,128,132,13,289,1.458176017,1.472300000,0.086000000,0.021200000
sample,advancing_forward,ordered4,128,133,13,19775,1.451007962,1.461700000,0.070100000,0.012600000
sample,advancing_forward,ordered4,128,134,13,656,1.443840027,1.453300000,0.059900000,0.010300000
sample,advancing_forward,ordered4,128,135,13,39599,1.453055978,1.465300000,0.071400000,0.014000000
sample,advancing_forward,ordered4,128,136,13,1122,1.444864035,1.454500000,0.058600000,0.011000000
sample,advancing_forward,ordered4,128,137,13,291,1.448959947,1.458500000,0.057900000,0.010800000
sample,advancing_forward,ordered4,128,138,13,37346,1.451007962,1.461000000,0.080600000,0.010400000
sample,advancing_forward,ordered4,128,139,13,764,1.467391968,1.482100000,0.078400000,0.017700000
sample,advancing_forward,ordered4,128,140,13,8074,1.451007962,1.461000000,0.057300000,0.010800000
sample,advancing_forward,ordered4,128,141,13,20272,1.452031970,1.462100000,0.056800000,0.010600000
sample,advancing_forward,ordered4,128,142,13,9106,1.457152009,1.467000000,0.057700000,0.011100000
sample,advancing_forward,ordered4,128,143,13,3876,1.471487999,1.485100000,0.091200000,0.017000000
sample,advancing_forward,original,128,128,13,284,1.356799960,1.367300000,0.086300000,0.011300000
sample,advancing_forward,original,128,129,13,257,1.373183966,1.384300000,0.068200000,0.012600000
sample,advancing_forward,original,128,130,13,614,1.369088054,1.380000000,0.065200000,0.012500000
sample,advancing_forward,original,128,131,13,878,1.363968015,1.374400000,0.057400000,0.010500000
sample,advancing_forward,original,128,132,13,289,1.366016030,1.375500000,0.079700000,0.010400000
sample,advancing_forward,original,128,133,13,19775,1.380352020,1.394100000,0.069700000,0.014300000
sample,advancing_forward,original,128,134,13,656,1.382400036,1.393600000,0.071300000,0.014000000
sample,advancing_forward,original,128,135,13,39599,1.363968015,1.374300000,0.057500000,0.010800000
sample,advancing_forward,original,128,136,13,1122,1.367040038,1.376500000,0.057900000,0.010600000
sample,advancing_forward,original,128,137,13,291,1.382400036,1.397900000,0.069100000,0.014600000
sample,advancing_forward,original,128,138,13,37346,1.380352020,1.391000000,0.064500000,0.012800000
sample,advancing_forward,original,128,139,13,764,1.375231981,1.385200000,0.058500000,0.011600000
sample,advancing_forward,original,128,140,13,8074,1.373183966,1.382900000,0.080100000,0.010300000
sample,advancing_forward,original,128,141,13,20272,1.402879953,1.419800000,0.088200000,0.027800000
sample,advancing_forward,original,128,142,13,9106,1.397760034,1.414600000,0.070600000,0.018400000
sample,advancing_forward,original,128,143,13,3876,1.377279997,1.386900000,0.064400000,0.013300000
sample,advancing_forward,original,128,128,14,284,1.380352020,1.400400000,0.084300000,0.022300000
sample,advancing_forward,original,128,129,14,257,1.382400036,1.396900000,0.077600000,0.020200000
sample,advancing_forward,original,128,130,14,614,1.367040038,1.377300000,0.071500000,0.011000000
sample,advancing_forward,original,128,131,14,878,1.380352020,1.396800000,0.078500000,0.017600000
sample,advancing_forward,original,128,132,14,289,1.371135950,1.383000000,0.068800000,0.014200000
sample,advancing_forward,original,128,133,14,19775,1.380352020,1.395700000,0.079100000,0.017700000
sample,advancing_forward,original,128,134,14,656,1.372159958,1.383100000,0.065400000,0.012400000
sample,advancing_forward,original,128,135,14,39599,1.367040038,1.376900000,0.058400000,0.011700000
sample,advancing_forward,original,128,136,14,1122,1.371135950,1.381800000,0.066000000,0.013400000
sample,advancing_forward,original,128,137,14,291,1.382400036,1.392000000,0.066400000,0.013100000
sample,advancing_forward,original,128,138,14,37346,1.376255989,1.386300000,0.063100000,0.013300000
sample,advancing_forward,original,128,139,14,764,1.370111942,1.380100000,0.078500000,0.010300000
sample,advancing_forward,original,128,140,14,8074,1.378304005,1.387600000,0.063000000,0.012800000
sample,advancing_forward,original,128,141,14,20272,1.379328012,1.389300000,0.065400000,0.013000000
sample,advancing_forward,original,128,142,14,9106,1.379328012,1.389400000,0.058500000,0.010900000
sample,advancing_forward,original,128,143,14,3876,1.368064046,1.379600000,0.059000000,0.010800000
sample,advancing_forward,ordered4,128,128,14,284,1.430528045,1.440000000,0.056400000,0.010600000
sample,advancing_forward,ordered4,128,129,14,257,1.438719988,1.449100000,0.058000000,0.011300000
sample,advancing_forward,ordered4,128,130,14,614,1.439743996,1.448900000,0.057600000,0.010400000
sample,advancing_forward,ordered4,128,131,14,878,1.438719988,1.447800000,0.057500000,0.010600000
sample,advancing_forward,ordered4,128,132,14,289,1.437695980,1.448200000,0.057100000,0.010400000
sample,advancing_forward,ordered4,128,133,14,19775,1.454079986,1.468800000,0.069500000,0.015300000
sample,advancing_forward,ordered4,128,134,14,656,1.446912050,1.458000000,0.095800000,0.012800000
sample,advancing_forward,ordered4,128,135,14,39599,1.448959947,1.459100000,0.068700000,0.012800000
sample,advancing_forward,ordered4,128,136,14,1122,1.445888042,1.456800000,0.064800000,0.012200000
sample,advancing_forward,ordered4,128,137,14,291,1.446912050,1.457000000,0.087200000,0.010400000
sample,advancing_forward,ordered4,128,138,14,37346,1.460224032,1.472200000,0.071200000,0.013500000
sample,advancing_forward,ordered4,128,139,14,764,1.451007962,1.461900000,0.063300000,0.012400000
sample,advancing_forward,ordered4,128,140,14,8074,1.449983954,1.459800000,0.057400000,0.010600000
sample,advancing_forward,ordered4,128,141,14,20272,1.454079986,1.463600000,0.079600000,0.010500000
sample,advancing_forward,ordered4,128,142,14,9106,1.457152009,1.468100000,0.065500000,0.012500000
sample,advancing_forward,ordered4,128,143,14,3876,1.462272048,1.474900000,0.070700000,0.012600000
sample,advancing_forward,ordered4,128,128,15,284,1.432575941,1.442900000,0.061000000,0.010900000
sample,advancing_forward,ordered4,128,129,15,257,1.437695980,1.447800000,0.056800000,0.010500000
sample,advancing_forward,ordered4,128,130,15,614,1.444864035,1.455300000,0.062300000,0.010900000
sample,advancing_forward,ordered4,128,131,15,878,1.435647964,1.446200000,0.080800000,0.010500000
sample,advancing_forward,ordered4,128,132,15,289,1.437695980,1.447300000,0.078600000,0.010400000
sample,advancing_forward,ordered4,128,133,15,19775,1.442816019,1.451700000,0.061500000,0.010700000
sample,advancing_forward,ordered4,128,134,15,656,1.444864035,1.459800000,0.063600000,0.013000000
sample,advancing_forward,ordered4,128,135,15,39599,1.479679942,1.507800000,0.123900000,0.031100000
sample,advancing_forward,ordered4,128,136,15,1122,1.449983954,1.460500000,0.064200000,0.012500000
sample,advancing_forward,ordered4,128,137,15,291,1.446912050,1.457000000,0.057200000,0.010700000
sample,advancing_forward,ordered4,128,138,15,37346,1.449983954,1.461100000,0.059600000,0.011200000
sample,advancing_forward,ordered4,128,139,15,764,1.469439983,1.487300000,0.094400000,0.024800000
sample,advancing_forward,ordered4,128,140,15,8074,1.462272048,1.475400000,0.075800000,0.015800000
sample,advancing_forward,ordered4,128,141,15,20272,1.456128001,1.467400000,0.099200000,0.013000000
sample,advancing_forward,ordered4,128,142,15,9106,1.457152009,1.467300000,0.058500000,0.011300000
sample,advancing_forward,ordered4,128,143,15,3876,1.460224032,1.470800000,0.068600000,0.012500000
sample,advancing_forward,original,128,128,15,284,1.361919999,1.371600000,0.064600000,0.012500000
sample,advancing_forward,original,128,129,15,257,1.367040038,1.377500000,0.062400000,0.011900000
sample,advancing_forward,original,128,130,15,614,1.368064046,1.377700000,0.058300000,0.011000000
sample,advancing_forward,original,128,131,15,878,1.362944007,1.372700000,0.059500000,0.010400000
sample,advancing_forward,original,128,132,15,289,1.369088054,1.380600000,0.065100000,0.013300000
sample,advancing_forward,original,128,133,15,19775,1.373183966,1.383600000,0.064500000,0.012100000
sample,advancing_forward,original,128,134,15,656,1.380352020,1.393100000,0.065000000,0.013700000
sample,advancing_forward,original,128,135,15,39599,1.364992023,1.375100000,0.058200000,0.011100000
sample,advancing_forward,original,128,136,15,1122,1.368064046,1.378200000,0.085200000,0.012000000
sample,advancing_forward,original,128,137,15,291,1.378304005,1.387400000,0.068100000,0.011400000
sample,advancing_forward,original,128,138,15,37346,1.373183966,1.380600000,0.051400000,0.010700000
sample,advancing_forward,original,128,139,15,764,1.369088054,1.377200000,0.051400000,0.010400000
sample,advancing_forward,original,128,140,15,8074,1.372095942,1.379700000,0.052200000,0.010800000
sample,advancing_forward,original,128,141,15,20272,1.375231981,1.383800000,0.073700000,0.010400000
sample,advancing_forward,original,128,142,15,9106,1.381376028,1.389800000,0.057800000,0.012500000
sample,advancing_forward,original,128,143,15,3876,1.371135950,1.379000000,0.050800000,0.010300000
sample,advancing_forward,original,512,512,0,837,1.611775994,1.620700000,0.078100000,0.011200000
sample,advancing_forward,original,512,513,0,290,1.619968057,1.627800000,0.051500000,0.010600000
sample,advancing_forward,original,512,514,0,460,1.619968057,1.628000000,0.054200000,0.010200000
sample,advancing_forward,original,512,515,0,307,1.616896033,1.625300000,0.051300000,0.010200000
sample,advancing_forward,original,512,516,0,12606,1.632223964,1.647000000,0.065000000,0.014600000
sample,advancing_forward,original,512,517,0,32455,1.635328054,1.650000000,0.093900000,0.018500000
sample,advancing_forward,original,512,518,0,837,1.625087976,1.634600000,0.056500000,0.011400000
sample,advancing_forward,original,512,519,0,3584,1.619968057,1.630100000,0.078400000,0.010800000
sample,advancing_forward,original,512,520,0,45456,1.645568013,1.664500000,0.086000000,0.020300000
sample,advancing_forward,original,512,521,0,389,1.626111984,1.635900000,0.057900000,0.011200000
sample,advancing_forward,original,512,522,0,7485,1.627135992,1.636400000,0.056600000,0.010400000
sample,advancing_forward,original,512,523,0,284,1.625087976,1.635800000,0.065300000,0.010700000
sample,advancing_forward,original,512,524,0,3051,1.627135992,1.636700000,0.064800000,0.012000000
sample,advancing_forward,original,512,525,0,287,1.628160000,1.638300000,0.057200000,0.010200000
sample,advancing_forward,original,512,526,0,262,1.631232023,1.641900000,0.058600000,0.010600000
sample,advancing_forward,original,512,527,0,4295,1.635328054,1.649000000,0.069100000,0.014600000
sample,advancing_forward,ordered4,512,512,0,837,1.910655975,1.918200000,0.053300000,0.010900000
sample,advancing_forward,ordered4,512,513,0,290,1.913856030,1.923000000,0.054600000,0.010700000
sample,advancing_forward,ordered4,512,514,0,460,1.925055981,1.934000000,0.063400000,0.013400000
sample,advancing_forward,ordered4,512,515,0,307,1.916864038,1.924600000,0.053100000,0.010800000
sample,advancing_forward,ordered4,512,516,0,12606,1.915904045,1.925600000,0.054200000,0.010700000
sample,advancing_forward,ordered4,512,517,0,32455,1.944576025,1.962400000,0.078300000,0.028600000
sample,advancing_forward,ordered4,512,518,0,837,1.932288051,1.942500000,0.074500000,0.012600000
sample,advancing_forward,ordered4,512,519,0,3584,1.918975949,1.930600000,0.057000000,0.011000000
sample,advancing_forward,ordered4,512,520,0,45456,1.940479994,1.956800000,0.079500000,0.018600000
sample,advancing_forward,ordered4,512,521,0,389,1.925119996,1.935000000,0.056700000,0.010800000
sample,advancing_forward,ordered4,512,522,0,7485,1.926144004,1.935600000,0.063500000,0.010700000
sample,advancing_forward,ordered4,512,523,0,284,1.935359955,1.950000000,0.095600000,0.016700000
sample,advancing_forward,ordered4,512,524,0,3051,1.924095988,1.933900000,0.080200000,0.010700000
sample,advancing_forward,ordered4,512,525,0,287,1.930240035,1.940800000,0.057500000,0.010400000
sample,advancing_forward,ordered4,512,526,0,262,1.970175982,1.992000000,0.111300000,0.034700000
sample,advancing_forward,ordered4,512,527,0,4295,1.964032054,1.984800000,0.094000000,0.030400000
sample,advancing_forward,ordered4,512,512,1,837,1.940479994,1.961600000,0.105800000,0.031900000
sample,advancing_forward,ordered4,512,513,1,290,1.940479994,1.964400000,0.121600000,0.029000000
sample,advancing_forward,ordered4,512,514,1,460,1.936383963,1.954900000,0.088100000,0.021600000
sample,advancing_forward,ordered4,512,515,1,307,1.934335947,1.946400000,0.082800000,0.015800000
sample,advancing_forward,ordered4,512,516,1,12606,1.918975949,1.929400000,0.066700000,0.012300000
sample,advancing_forward,ordered4,512,517,1,32455,1.921023965,1.931100000,0.058400000,0.011000000
sample,advancing_forward,ordered4,512,518,1,837,1.922047973,1.933200000,0.059400000,0.012200000
sample,advancing_forward,ordered4,512,519,1,3584,1.921023965,1.930500000,0.060600000,0.011400000
sample,advancing_forward,ordered4,512,520,1,45456,1.924095988,1.934300000,0.080900000,0.010500000
sample,advancing_forward,ordered4,512,521,1,389,1.933312058,1.946100000,0.068000000,0.013900000
sample,advancing_forward,ordered4,512,522,1,7485,1.934335947,1.945700000,0.070200000,0.013300000
sample,advancing_forward,ordered4,512,523,1,284,1.925119996,1.935300000,0.080900000,0.010400000
sample,advancing_forward,ordered4,512,524,1,3051,1.927168012,1.937800000,0.065200000,0.010600000
sample,advancing_forward,ordered4,512,525,1,287,1.947648048,1.967400000,0.071400000,0.016300000
sample,advancing_forward,ordered4,512,526,1,262,1.940479994,1.952400000,0.076900000,0.013400000
sample,advancing_forward,ordered4,512,527,1,4295,1.934335947,1.946700000,0.069400000,0.012900000
sample,advancing_forward,original,512,512,1,837,1.611775994,1.621900000,0.056200000,0.011000000
sample,advancing_forward,original,512,513,1,290,1.626111984,1.640200000,0.070400000,0.012600000
sample,advancing_forward,original,512,514,1,460,1.686527967,1.713300000,0.151200000,0.056700000
sample,advancing_forward,original,512,515,1,307,1.644544005,1.663400000,0.093600000,0.026900000
sample,advancing_forward,original,512,516,1,12606,1.619968057,1.629700000,0.062300000,0.010800000
sample,advancing_forward,original,512,517,1,32455,1.623039961,1.633700000,0.059800000,0.010600000
sample,advancing_forward,original,512,518,1,837,1.628160000,1.638000000,0.066400000,0.010800000
sample,advancing_forward,original,512,519,1,3584,1.627135992,1.637600000,0.070300000,0.013400000
sample,advancing_forward,original,512,520,1,45456,1.620991945,1.631000000,0.057600000,0.010500000
sample,advancing_forward,original,512,521,1,389,1.626111984,1.636000000,0.057900000,0.010500000
sample,advancing_forward,original,512,522,1,7485,1.636351943,1.652000000,0.064800000,0.014700000
sample,advancing_forward,original,512,523,1,284,1.640447974,1.660600000,0.083900000,0.022000000
sample,advancing_forward,original,512,524,1,3051,1.671167970,1.707300000,0.110900000,0.037500000
sample,advancing_forward,original,512,525,1,287,1.639423966,1.650100000,0.070300000,0.013300000
sample,advancing_forward,original,512,526,1,262,1.642495990,1.654200000,0.068800000,0.013900000
sample,advancing_forward,original,512,527,1,4295,1.629184008,1.641400000,0.096500000,0.014200000
sample,advancing_forward,original,512,512,2,837,1.615872025,1.625100000,0.061600000,0.011300000
sample,advancing_forward,original,512,513,2,290,1.619968057,1.629200000,0.058000000,0.011400000
sample,advancing_forward,original,512,514,2,460,1.623039961,1.631900000,0.058400000,0.012400000
sample,advancing_forward,original,512,515,2,307,1.618944049,1.627200000,0.058700000,0.010700000
sample,advancing_forward,original,512,516,2,12606,1.617920041,1.626700000,0.052300000,0.010600000
sample,advancing_forward,original,512,517,2,32455,1.636288047,1.648200000,0.064300000,0.014700000
sample,advancing_forward,original,512,518,2,837,1.625087976,1.633400000,0.052100000,0.011300000
sample,advancing_forward,original,512,519,2,3584,1.619935989,1.628600000,0.052000000,0.010800000
sample,advancing_forward,original,512,520,2,45456,1.628160000,1.636700000,0.058400000,0.011500000
sample,advancing_forward,original,512,521,2,389,1.634304047,1.649000000,0.067300000,0.017100000
sample,advancing_forward,original,512,522,2,7485,1.629184008,1.637900000,0.056300000,0.010900000
sample,advancing_forward,original,512,523,2,284,1.622015953,1.632900000,0.056500000,0.010500000
sample,advancing_forward,original,512,524,2,3051,1.640447974,1.658000000,0.070000000,0.015100000
sample,advancing_forward,original,512,525,2,287,1.659904003,1.680600000,0.096900000,0.029500000
sample,advancing_forward,original,512,526,2,262,1.633280039,1.643600000,0.065300000,0.012400000
sample,advancing_forward,original,512,527,2,4295,1.624063969,1.635100000,0.057200000,0.010800000
sample,advancing_forward,ordered4,512,512,2,837,1.916928053,1.926600000,0.063500000,0.011100000
sample,advancing_forward,ordered4,512,513,2,290,1.917951941,1.927700000,0.071500000,0.010500000
sample,advancing_forward,ordered4,512,514,2,460,1.929216027,1.938500000,0.067700000,0.016000000
sample,advancing_forward,ordered4,512,515,2,307,1.916928053,1.926900000,0.058100000,0.010500000
sample,advancing_forward,ordered4,512,516,2,12606,1.915904045,1.924900000,0.057200000,0.010400000
sample,advancing_forward,ordered4,512,517,2,32455,1.934335947,1.947600000,0.063400000,0.015500000
sample,advancing_forward,ordered4,512,518,2,837,1.919999957,1.928900000,0.063300000,0.010900000
sample,advancing_forward,ordered4,512,519,2,3584,1.921023965,1.937000000,0.067600000,0.010900000
sample,advancing_forward,ordered4,512,520,2,45456,1.956863999,1.977800000,0.096700000,0.033700000
sample,advancing_forward,ordered4,512,521,2,389,1.953791976,1.983100000,0.085500000,0.025100000
sample,advancing_forward,ordered4,512,522,2,7485,1.943552017,1.954200000,0.077900000,0.018800000
sample,advancing_forward,ordered4,512,523,2,284,1.934335947,1.944100000,0.070400000,0.017900000
sample,advancing_forward,ordered4,512,524,2,3051,1.937280059,1.949000000,0.066600000,0.014900000
sample,advancing_forward,ordered4,512,525,2,287,1.959936023,1.990700000,0.092900000,0.025900000
sample,advancing_forward,ordered4,512,526,2,262,1.943552017,1.961500000,0.068800000,0.017300000
sample,advancing_forward,ordered4,512,527,2,4295,1.938431978,1.949200000,0.070400000,0.014000000
sample,advancing_forward,ordered4,512,512,3,837,1.909759998,1.920600000,0.059400000,0.010800000
sample,advancing_forward,ordered4,512,513,3,290,1.924095988,1.935600000,0.069500000,0.013300000
sample,advancing_forward,ordered4,512,514,3,460,1.933312058,1.952300000,0.073200000,0.019300000
sample,advancing_forward,ordered4,512,515,3,307,1.923071980,1.936500000,0.070000000,0.016400000
sample,advancing_forward,ordered4,512,516,3,12606,1.931264043,1.945000000,0.078800000,0.017600000
sample,advancing_forward,ordered4,512,517,3,32455,1.921023965,1.932100000,0.061600000,0.010900000
sample,advancing_forward,ordered4,512,518,3,837,1.922047973,1.933300000,0.058300000,0.011200000
sample,advancing_forward,ordered4,512,519,3,3584,1.922047973,1.935800000,0.059000000,0.011800000
sample,advancing_forward,ordered4,512,520,3,45456,1.921023965,1.931400000,0.057100000,0.010300000
sample,advancing_forward,ordered4,512,521,3,389,1.927168012,1.936600000,0.057300000,0.010700000
sample,advancing_forward,ordered4,512,522,3,7485,1.946624041,1.963200000,0.077600000,0.017500000
sample,advancing_forward,ordered4,512,523,3,284,1.925119996,1.934800000,0.081200000,0.011000000
sample,advancing_forward,ordered4,512,524,3,3051,1.927168012,1.937400000,0.080600000,0.010600000
sample,advancing_forward,ordered4,512,525,3,287,1.931264043,1.940600000,0.081000000,0.011000000
sample,advancing_forward,ordered4,512,526,3,262,1.931264043,1.940000000,0.072400000,0.010600000
sample,advancing_forward,ordered4,512,527,3,4295,1.929216027,1.937500000,0.052400000,0.010500000
sample,advancing_forward,original,512,512,3,837,1.612800002,1.621100000,0.053100000,0.011000000
sample,advancing_forward,original,512,513,3,290,1.618944049,1.627400000,0.072600000,0.010900000
sample,advancing_forward,original,512,514,3,460,1.620991945,1.630900000,0.051000000,0.010900000
sample,advancing_forward,original,512,515,3,307,1.616896033,1.625300000,0.071600000,0.010700000
sample,advancing_forward,original,512,516,3,12606,1.617727995,1.625700000,0.070900000,0.010500000
sample,advancing_forward,original,512,517,3,32455,1.622015953,1.630500000,0.051400000,0.010800000
sample,advancing_forward,original,512,518,3,837,1.624896049,1.633300000,0.079300000,0.010600000
sample,advancing_forward,original,512,519,3,3584,1.618783951,1.627200000,0.051200000,0.010400000
sample,advancing_forward,original,512,520,3,45456,1.620928049,1.630700000,0.051400000,0.010700000
sample,advancing_forward,original,512,521,3,389,1.641471982,1.661800000,0.067500000,0.019600000
sample,advancing_forward,original,512,522,3,7485,1.640447974,1.659900000,0.098000000,0.017400000
sample,advancing_forward,original,512,523,3,284,1.640447974,1.655500000,0.072400000,0.016200000
sample,advancing_forward,original,512,524,3,3051,1.628160000,1.637800000,0.063500000,0.012700000
sample,advancing_forward,original,512,525,3,287,1.633280039,1.643400000,0.079900000,0.010800000
sample,advancing_forward,original,512,526,3,262,1.632256031,1.641700000,0.075300000,0.010800000
sample,advancing_forward,original,512,527,3,4295,1.625087976,1.635000000,0.057300000,0.011500000
sample,advancing_forward,original,512,512,4,837,1.609727979,1.618600000,0.072200000,0.010900000
sample,advancing_forward,original,512,513,4,290,1.620895982,1.628800000,0.071900000,0.010800000
sample,advancing_forward,original,512,514,4,460,1.618944049,1.626700000,0.071600000,0.010500000
sample,advancing_forward,original,512,515,4,307,1.616896033,1.626000000,0.071400000,0.010500000
sample,advancing_forward,original,512,516,4,12606,1.619904041,1.628200000,0.050600000,0.010800000
sample,advancing_forward,original,512,517,4,32455,1.625087976,1.633700000,0.051400000,0.010800000
sample,advancing_forward,original,512,518,4,837,1.625087976,1.633500000,0.051800000,0.010800000
sample,advancing_forward,original,512,519,4,3584,1.623039961,1.631800000,0.054900000,0.010800000
sample,advancing_forward,original,512,520,4,45456,1.656831980,1.680000000,0.104500000,0.027100000
sample,advancing_forward,original,512,521,4,389,1.642495990,1.659100000,0.079900000,0.020200000
sample,advancing_forward,original,512,522,4,7485,1.652735949,1.672200000,0.086100000,0.021400000
sample,advancing_forward,original,512,523,4,284,1.625087976,1.635400000,0.057400000,0.011400000
sample,advancing_forward,original,512,524,4,3051,1.628160000,1.638400000,0.084200000,0.010900000
sample,advancing_forward,original,512,525,4,287,1.645568013,1.660800000,0.072900000,0.016100000
sample,advancing_forward,original,512,526,4,262,1.638399959,1.648800000,0.066400000,0.013800000
sample,advancing_forward,original,512,527,4,4295,1.620991945,1.630500000,0.058700000,0.010500000
sample,advancing_forward,ordered4,512,512,4,837,1.907711983,1.915600000,0.051400000,0.010800000
sample,advancing_forward,ordered4,512,513,4,290,1.915904045,1.924700000,0.051000000,0.010600000
sample,advancing_forward,ordered4,512,514,4,460,1.915904045,1.924200000,0.051400000,0.010700000
sample,advancing_forward,ordered4,512,515,4,307,1.911808014,1.920200000,0.050600000,0.010400000
sample,advancing_forward,ordered4,512,516,4,12606,1.914880037,1.923700000,0.051100000,0.010300000
sample,advancing_forward,ordered4,512,517,4,32455,1.923071980,1.932500000,0.054300000,0.010400000
sample,advancing_forward,ordered4,512,518,4,837,1.947648048,1.965400000,0.084800000,0.023100000
sample,advancing_forward,ordered4,512,519,4,3584,1.940479994,1.960600000,0.086600000,0.020100000
sample,advancing_forward,ordered4,512,520,4,45456,1.919999957,1.929400000,0.058700000,0.011400000
sample,advancing_forward,ordered4,512,521,4,389,1.926144004,1.936100000,0.079500000,0.010600000
sample,advancing_forward,ordered4,512,522,4,7485,1.929216027,1.939100000,0.087500000,0.012300000
sample,advancing_forward,ordered4,512,523,4,284,1.923071980,1.932900000,0.081000000,0.010600000
sample,advancing_forward,ordered4,512,524,4,3051,1.944576025,1.960100000,0.079200000,0.019200000
sample,advancing_forward,ordered4,512,525,4,287,1.929216027,1.939500000,0.058100000,0.010700000
sample,advancing_forward,ordered4,512,526,4,262,1.931264043,1.941800000,0.057800000,0.010400000
sample,advancing_forward,ordered4,512,527,4,4295,1.939455986,1.949100000,0.066000000,0.012600000
sample,advancing_forward,ordered4,512,512,5,837,1.908735991,1.919100000,0.079800000,0.011200000
sample,advancing_forward,ordered4,512,513,5,290,1.913856030,1.923700000,0.075300000,0.010600000
sample,advancing_forward,ordered4,512,514,5,460,1.915904045,1.924200000,0.051500000,0.010500000
sample,advancing_forward,ordered4,512,515,5,307,1.913856030,1.922100000,0.051200000,0.010300000
sample,advancing_forward,ordered4,512,516,5,12606,1.937407970,1.955200000,0.073800000,0.020200000
sample,advancing_forward,ordered4,512,517,5,32455,1.936383963,1.951800000,0.076200000,0.018000000
sample,advancing_forward,ordered4,512,518,5,837,1.923071980,1.933000000,0.079400000,0.010900000
sample,advancing_forward,ordered4,512,519,5,3584,1.918975949,1.929400000,0.083500000,0.010600000
sample,advancing_forward,ordered4,512,520,5,45456,1.924095988,1.934600000,0.085700000,0.012500000
sample,advancing_forward,ordered4,512,521,5,389,1.924095988,1.933400000,0.079100000,0.010700000
sample,advancing_forward,ordered4,512,522,5,7485,1.926144004,1.935900000,0.075200000,0.010500000
sample,advancing_forward,ordered4,512,523,5,284,1.924095988,1.934600000,0.077100000,0.010400000
sample,advancing_forward,ordered4,512,524,5,3051,1.941504002,1.956300000,0.069800000,0.015300000
sample,advancing_forward,ordered4,512,525,5,287,1.931264043,1.940800000,0.056500000,0.011300000
sample,advancing_forward,ordered4,512,526,5,262,1.931264043,1.939300000,0.051700000,0.010600000
sample,advancing_forward,ordered4,512,527,5,4295,1.929216027,1.938100000,0.052000000,0.010300000
sample,advancing_forward,original,512,512,5,837,1.609727979,1.618600000,0.071500000,0.010900000
sample,advancing_forward,original,512,513,5,290,1.619776011,1.628400000,0.051100000,0.010700000
sample,advancing_forward,original,512,514,5,460,1.645375967,1.659300000,0.088100000,0.024000000
sample,advancing_forward,original,512,515,5,307,1.638399959,1.654100000,0.075300000,0.016500000
sample,advancing_forward,original,512,516,5,12606,1.627135992,1.637400000,0.062900000,0.012700000
sample,advancing_forward,original,512,517,5,32455,1.623039961,1.633300000,0.058100000,0.010900000
sample,advancing_forward,original,512,518,5,837,1.625087976,1.635100000,0.075900000,0.010500000
sample,advancing_forward,original,512,519,5,3584,1.619968057,1.629800000,0.076200000,0.010700000
sample,advancing_forward,original,512,520,5,45456,1.620991945,1.631900000,0.056700000,0.010800000
sample,advancing_forward,original,512,521,5,389,1.643519998,1.658500000,0.077900000,0.018300000
sample,advancing_forward,original,512,522,5,7485,1.628160000,1.637900000,0.060400000,0.010800000
sample,advancing_forward,original,512,523,5,284,1.624063969,1.634900000,0.057400000,0.011100000
sample,advancing_forward,original,512,524,5,3051,1.638399959,1.653400000,0.070800000,0.015200000
sample,advancing_forward,original,512,525,5,287,1.633280039,1.643700000,0.064900000,0.012700000
sample,advancing_forward,original,512,526,5,262,1.632256031,1.642400000,0.079300000,0.010700000
sample,advancing_forward,original,512,527,5,4295,1.623039961,1.632300000,0.078000000,0.011000000
sample,advancing_forward,original,512,512,6,837,1.614848018,1.625300000,0.058500000,0.011700000
sample,advancing_forward,original,512,513,6,290,1.618944049,1.629200000,0.057600000,0.010700000
sample,advancing_forward,original,512,514,6,460,1.619968057,1.630100000,0.057100000,0.010400000
sample,advancing_forward,original,512,515,6,307,1.616896033,1.627700000,0.055400000,0.010600000
sample,advancing_forward,original,512,516,6,12606,1.636351943,1.654000000,0.077300000,0.019400000
sample,advancing_forward,original,512,517,6,32455,1.626111984,1.636100000,0.061200000,0.011000000
sample,advancing_forward,original,512,518,6,837,1.627135992,1.636900000,0.081700000,0.010600000
sample,advancing_forward,original,512,519,6,3584,1.617920041,1.628100000,0.056800000,0.010500000
sample,advancing_forward,original,512,520,6,45456,1.620991945,1.631600000,0.087900000,0.010800000
sample,advancing_forward,original,512,521,6,389,1.631232023,1.640100000,0.062000000,0.010800000
sample,advancing_forward,original,512,522,6,7485,1.627135992,1.637600000,0.081600000,0.010700000
sample,advancing_forward,original,512,523,6,284,1.622015953,1.631200000,0.071200000,0.010400000
sample,advancing_forward,original,512,524,6,3051,1.627135992,1.634600000,0.051700000,0.010500000
sample,advancing_forward,original,512,525,6,287,1.640416026,1.652600000,0.064600000,0.015000000
sample,advancing_forward,original,512,526,6,262,1.639423966,1.648200000,0.062600000,0.017400000
sample,advancing_forward,original,512,527,6,4295,1.623039961,1.630800000,0.051500000,0.010500000
sample,advancing_forward,ordered4,512,512,6,837,1.908735991,1.919500000,0.081600000,0.010700000
sample,advancing_forward,ordered4,512,513,6,290,1.915904045,1.926500000,0.058400000,0.011600000
sample,advancing_forward,ordered4,512,514,6,460,1.918975949,1.929200000,0.056800000,0.010500000
sample,advancing_forward,ordered4,512,515,6,307,1.932288051,1.948900000,0.072400000,0.015800000
sample,advancing_forward,ordered4,512,516,6,12606,1.927168012,1.938400000,0.068400000,0.012200000
sample,advancing_forward,ordered4,512,517,6,32455,1.928192019,1.941500000,0.067400000,0.012000000
sample,advancing_forward,ordered4,512,518,6,837,1.923071980,1.932600000,0.057900000,0.011000000
sample,advancing_forward,ordered4,512,519,6,3584,1.919999957,1.927800000,0.071700000,0.010200000
sample,advancing_forward,ordered4,512,520,6,45456,1.919999957,1.927900000,0.071800000,0.010500000
sample,advancing_forward,ordered4,512,521,6,389,1.926144004,1.934100000,0.072300000,0.010500000
sample,advancing_forward,ordered4,512,522,6,7485,1.926144004,1.935500000,0.051500000,0.010200000
sample,advancing_forward,ordered4,512,523,6,284,1.939455986,1.953100000,0.065500000,0.015000000
sample,advancing_forward,ordered4,512,524,6,3051,1.930240035,1.940200000,0.058200000,0.011400000
sample,advancing_forward,ordered4,512,525,6,287,1.930240035,1.940300000,0.078700000,0.010900000
sample,advancing_forward,ordered4,512,526,6,262,1.930240035,1.940500000,0.083500000,0.010600000
sample,advancing_forward,ordered4,512,527,6,4295,1.928192019,1.938700000,0.078600000,0.010600000
sample,advancing_forward,ordered4,512,512,7,837,1.934335947,1.951300000,0.089800000,0.025500000
sample,advancing_forward,ordered4,512,513,7,290,1.926015973,1.937700000,0.066200000,0.013200000
sample,advancing_forward,ordered4,512,514,7,460,1.931264043,1.945600000,0.120900000,0.019500000
sample,advancing_forward,ordered4,512,515,7,307,1.931264043,1.953500000,0.119800000,0.017300000
sample,advancing_forward,ordered4,512,516,7,12606,1.934335947,1.956000000,0.080800000,0.019600000
sample,advancing_forward,ordered4,512,517,7,32455,1.950719953,1.972400000,0.091700000,0.024100000
sample,advancing_forward,ordered4,512,518,7,837,1.952767968,1.973800000,0.102500000,0.028300000
sample,advancing_forward,ordered4,512,519,7,3584,1.944576025,1.961100000,0.079300000,0.018700000
sample,advancing_forward,ordered4,512,520,7,45456,1.943552017,1.963100000,0.078400000,0.019300000
sample,advancing_forward,ordered4,512,521,7,389,1.944576025,1.993200000,0.076500000,0.019000000
sample,advancing_forward,ordered4,512,522,7,7485,1.976191998,2.040400000,0.137900000,0.049900000
sample,advancing_forward,ordered4,512,523,7,284,1.975296021,1.996100000,0.141200000,0.052900000
sample,advancing_forward,ordered4,512,524,7,3051,1.948672056,1.968000000,0.074500000,0.020000000
sample,advancing_forward,ordered4,512,525,7,287,1.937407970,1.947200000,0.067700000,0.013600000
sample,advancing_forward,ordered4,512,526,7,262,1.937407970,1.947700000,0.063200000,0.012600000
sample,advancing_forward,ordered4,512,527,7,4295,1.942432046,1.964600000,0.095500000,0.018400000
sample,advancing_forward,original,512,512,7,837,1.617920041,1.627300000,0.089000000,0.014000000
sample,advancing_forward,original,512,513,7,290,1.620991945,1.629500000,0.070800000,0.012600000
sample,advancing_forward,original,512,514,7,460,1.620991945,1.631900000,0.062800000,0.011500000
sample,advancing_forward,original,512,515,7,307,1.637375951,1.661500000,0.099100000,0.023600000
sample,advancing_forward,original,512,516,7,12606,1.664000034,1.690800000,0.115300000,0.035800000
sample,advancing_forward,original,512,517,7,32455,1.642464042,1.662900000,0.083100000,0.021100000
sample,advancing_forward,original,512,518,7,837,1.654752016,1.671400000,0.085800000,0.024700000
sample,advancing_forward,original,512,519,7,3584,1.631039977,1.641300000,0.066500000,0.016800000
sample,advancing_forward,original,512,520,7,45456,1.629184008,1.637200000,0.060800000,0.012500000
sample,advancing_forward,original,512,521,7,389,1.634176016,1.643100000,0.060100000,0.012600000
sample,advancing_forward,original,512,522,7,7485,1.636351943,1.646700000,0.068500000,0.014900000
sample,advancing_forward,original,512,523,7,284,1.633280039,1.643500000,0.065000000,0.015100000
sample,advancing_forward,original,512,524,7,3051,1.627135992,1.637000000,0.058400000,0.012200000
sample,advancing_forward,original,512,525,7,287,1.637375951,1.650600000,0.069700000,0.013000000
sample,advancing_forward,original,512,526,7,262,1.642495990,1.654100000,0.071100000,0.014900000
sample,advancing_forward,original,512,527,7,4295,1.640447974,1.650600000,0.082100000,0.021800000
sample,advancing_forward,original,512,512,8,837,1.616896033,1.627700000,0.066100000,0.013300000
sample,advancing_forward,original,512,513,8,290,1.623039961,1.635000000,0.082700000,0.012300000
sample,advancing_forward,original,512,514,8,460,1.622015953,1.632500000,0.087300000,0.011200000
sample,advancing_forward,original,512,515,8,307,1.632256031,1.646100000,0.071000000,0.015100000
sample,advancing_forward,original,512,516,8,12606,1.623039961,1.633300000,0.067000000,0.011200000
sample,advancing_forward,original,512,517,8,32455,1.629184008,1.639600000,0.069600000,0.013000000
sample,advancing_forward,original,512,518,8,837,1.630208015,1.642400000,0.066200000,0.014200000
sample,advancing_forward,original,512,519,8,3584,1.650688052,1.671700000,0.104700000,0.027500000
sample,advancing_forward,original,512,520,8,45456,1.641471982,1.703700000,0.083200000,0.020800000
sample,advancing_forward,original,512,521,8,389,1.628160000,1.642300000,0.062400000,0.011800000
sample,advancing_forward,original,512,522,8,7485,1.628160000,1.638100000,0.057900000,0.011000000
sample,advancing_forward,original,512,523,8,284,1.628160000,1.639100000,0.061100000,0.011900000
sample,advancing_forward,original,512,524,8,3051,1.635328054,1.646200000,0.070900000,0.013000000
sample,advancing_forward,original,512,525,8,287,1.664000034,1.681200000,0.098400000,0.032000000
sample,advancing_forward,original,512,526,8,262,1.643519998,1.658900000,0.072700000,0.014900000
sample,advancing_forward,original,512,527,8,4295,1.642495990,1.664100000,0.081800000,0.023700000
sample,advancing_forward,ordered4,512,512,8,837,1.906687975,1.916800000,0.081000000,0.010500000
sample,advancing_forward,ordered4,512,513,8,290,1.933312058,1.948800000,0.119000000,0.015700000
sample,advancing_forward,ordered4,512,514,8,460,1.935359955,1.954800000,0.081400000,0.021400000
sample,advancing_forward,ordered4,512,515,8,307,1.925119996,1.937000000,0.069700000,0.012700000
sample,advancing_forward,ordered4,512,516,8,12606,1.947648048,1.961100000,0.107800000,0.025900000
sample,advancing_forward,ordered4,512,517,8,32455,1.936383963,1.951000000,0.082400000,0.020200000
sample,advancing_forward,ordered4,512,518,8,837,1.923071980,1.932500000,0.059900000,0.010800000
sample,advancing_forward,ordered4,512,519,8,3584,1.923071980,1.934100000,0.090500000,0.012000000
sample,advancing_forward,ordered4,512,520,8,45456,1.937407970,1.953600000,0.077400000,0.017300000
sample,advancing_forward,ordered4,512,521,8,389,1.925119996,1.934900000,0.059300000,0.010900000
sample,advancing_forward,ordered4,512,522,8,7485,1.927168012,1.939200000,0.057100000,0.010200000
sample,advancing_forward,ordered4,512,523,8,284,1.951743960,1.984900000,0.118600000,0.025100000
sample,advancing_forward,ordered4,512,524,8,3051,1.938431978,1.949400000,0.070200000,0.014000000
sample,advancing_forward,ordered4,512,525,8,287,1.933312058,1.942200000,0.058000000,0.010700000
sample,advancing_forward,ordered4,512,526,8,262,1.931264043,1.942100000,0.058200000,0.011500000
sample,advancing_forward,ordered4,512,527,8,4295,1.930240035,1.940200000,0.059600000,0.010600000
sample,advancing_forward,ordered4,512,512,9,837,1.940479994,1.960400000,0.109400000,0.025800000
sample,advancing_forward,ordered4,512,513,9,290,1.946624041,1.966400000,0.103000000,0.026600000
sample,advancing_forward,ordered4,512,514,9,460,1.950719953,1.972200000,0.105100000,0.028100000
sample,advancing_forward,ordered4,512,515,9,307,1.954815984,1.974400000,0.104500000,0.033900000
sample,advancing_forward,ordered4,512,516,9,12606,1.941408038,1.958300000,0.086600000,0.023400000
sample,advancing_forward,ordered4,512,517,9,32455,1.942528009,1.955600000,0.083200000,0.020100000
sample,advancing_forward,ordered4,512,518,9,837,1.942528009,1.957600000,0.082600000,0.021900000
sample,advancing_forward,ordered4,512,519,9,3584,1.944576025,1.961800000,0.091300000,0.023600000
sample,advancing_forward,ordered4,512,520,9,45456,1.937407970,1.954500000,0.110800000,0.020700000
sample,advancing_forward,ordered4,512,521,9,389,1.952767968,1.974300000,0.094100000,0.026200000
sample,advancing_forward,ordered4,512,522,9,7485,1.956863999,1.978000000,0.102600000,0.030100000
sample,advancing_forward,ordered4,512,523,9,284,1.947648048,1.965300000,0.093500000,0.023700000
sample,advancing_forward,ordered4,512,524,9,3051,1.959936023,1.981400000,0.103300000,0.031000000
sample,advancing_forward,ordered4,512,525,9,287,1.957888007,1.977900000,0.100500000,0.026400000
sample,advancing_forward,ordered4,512,526,9,262,1.959936023,1.980500000,0.095800000,0.026800000
sample,advancing_forward,ordered4,512,527,9,4295,1.967103958,1.988400000,0.110000000,0.035500000
sample,advancing_forward,original,512,512,9,837,1.638399959,1.660000000,0.096600000,0.026500000
sample,advancing_forward,original,512,513,9,290,1.685503960,1.722500000,0.134600000,0.062300000
sample,advancing_forward,original,512,514,9,460,1.637375951,1.654800000,0.084000000,0.019700000
sample,advancing_forward,original,512,515,9,307,1.627135992,1.636900000,0.064900000,0.012800000
sample,advancing_forward,original,512,516,9,12606,1.625087976,1.635300000,0.100700000,0.012400000
sample,advancing_forward,original,512,517,9,32455,1.630208015,1.639200000,0.064100000,0.012800000
sample,advancing_forward,original,512,518,9,837,1.634304047,1.643600000,0.066700000,0.012800000
sample,advancing_forward,original,512,519,9,3584,1.628160000,1.636600000,0.061200000,0.012800000
sample,advancing_forward,original,512,520,9,45456,1.624063969,1.632500000,0.057700000,0.012500000
sample,advancing_forward,original,512,521,9,389,1.626111984,1.635900000,0.061500000,0.010900000
sample,advancing_forward,original,512,522,9,7485,1.628160000,1.639100000,0.065400000,0.012400000
sample,advancing_forward,original,512,523,9,284,1.626111984,1.636000000,0.062900000,0.012300000
sample,advancing_forward,original,512,524,9,3051,1.625087976,1.634500000,0.078900000,0.010400000
sample,advancing_forward,original,512,525,9,287,1.631232023,1.640900000,0.060200000,0.010100000
sample,advancing_forward,original,512,526,9,262,1.633280039,1.644500000,0.066400000,0.012700000
sample,advancing_forward,original,512,527,9,4295,1.632256031,1.641900000,0.064700000,0.012500000
sample,advancing_forward,original,512,512,10,837,1.614848018,1.625400000,0.058600000,0.011100000
sample,advancing_forward,original,512,513,10,290,1.635328054,1.649600000,0.072700000,0.016400000
sample,advancing_forward,original,512,514,10,460,1.623039961,1.633200000,0.059900000,0.011200000
sample,advancing_forward,original,512,515,10,307,1.625087976,1.640700000,0.060300000,0.011500000
sample,advancing_forward,original,512,516,10,12606,1.624063969,1.634900000,0.064100000,0.012900000
sample,advancing_forward,original,512,517,10,32455,1.634304047,1.649800000,0.069600000,0.015400000
sample,advancing_forward,original,512,518,10,837,1.652735949,1.674000000,0.090300000,0.025500000
sample,advancing_forward,original,512,519,10,3584,1.620991945,1.631800000,0.066000000,0.012900000
sample,advancing_forward,original,512,520,10,45456,1.640447974,1.656300000,0.080500000,0.018600000
sample,advancing_forward,original,512,521,10,389,1.628160000,1.638000000,0.058800000,0.011000000
sample,advancing_forward,original,512,522,10,7485,1.628160000,1.637000000,0.059500000,0.010500000
sample,advancing_forward,original,512,523,10,284,1.624063969,1.634200000,0.057600000,0.010600000
sample,advancing_forward,original,512,524,10,3051,1.636351943,1.647600000,0.071900000,0.013800000
sample,advancing_forward,original,512,525,10,287,1.629184008,1.639600000,0.058500000,0.010700000
sample,advancing_forward,original,512,526,10,262,1.632256031,1.642400000,0.057500000,0.010500000
sample,advancing_forward,original,512,527,10,4295,1.639423966,1.654900000,0.073600000,0.015100000
sample,advancing_forward,ordered4,512,512,10,837,1.909759998,1.920900000,0.058600000,0.010600000
sample,advancing_forward,ordered4,512,513,10,290,1.914880037,1.925300000,0.057200000,0.010400000
sample,advancing_forward,ordered4,512,514,10,460,1.925119996,1.935400000,0.069100000,0.013300000
sample,advancing_forward,ordered4,512,515,10,307,1.922047973,1.932000000,0.057100000,0.010800000
sample,advancing_forward,ordered4,512,516,10,12606,1.915904045,1.925200000,0.051900000,0.010200000
sample,advancing_forward,ordered4,512,517,10,32455,1.947615981,1.968600000,0.087200000,0.028200000
sample,advancing_forward,ordered4,512,518,10,837,1.930240035,1.940900000,0.070600000,0.013100000
sample,advancing_forward,ordered4,512,519,10,3584,1.928192019,1.940400000,0.066000000,0.017600000
sample,advancing_forward,ordered4,512,520,10,45456,1.941504002,1.958400000,0.081000000,0.019100000
sample,advancing_forward,ordered4,512,521,10,389,1.930240035,1.942400000,0.061700000,0.013500000
sample,advancing_forward,ordered4,512,522,10,7485,1.928192019,1.938500000,0.056000000,0.010900000
sample,advancing_forward,ordered4,512,523,10,284,1.936383963,1.951700000,0.074000000,0.016700000
sample,advancing_forward,ordered4,512,524,10,3051,1.926144004,1.936000000,0.057500000,0.010600000
sample,advancing_forward,ordered4,512,525,10,287,1.931264043,1.940600000,0.079600000,0.010800000
sample,advancing_forward,ordered4,512,526,10,262,1.944576025,1.960200000,0.070600000,0.015900000
sample,advancing_forward,ordered4,512,527,10,4295,1.936383963,1.946600000,0.063100000,0.011500000
sample,advancing_forward,ordered4,512,512,11,837,1.926144004,1.939800000,0.072100000,0.016800000
sample,advancing_forward,ordered4,512,513,11,290,1.923071980,1.932200000,0.065200000,0.012800000
sample,advancing_forward,ordered4,512,514,11,460,1.916864038,1.925900000,0.053900000,0.010500000
sample,advancing_forward,ordered4,512,515,11,307,1.937407970,1.954800000,0.085300000,0.022900000
sample,advancing_forward,ordered4,512,516,11,12606,1.935359955,1.952100000,0.074700000,0.019200000
sample,advancing_forward,ordered4,512,517,11,32455,1.922047973,1.931900000,0.057700000,0.011200000
sample,advancing_forward,ordered4,512,518,11,837,1.945600033,1.958800000,0.101300000,0.022800000
sample,advancing_forward,ordered4,512,519,11,3584,1.932288051,1.943000000,0.068200000,0.015700000
sample,advancing_forward,ordered4,512,520,11,45456,1.922047973,1.931500000,0.057200000,0.010900000
sample,advancing_forward,ordered4,512,521,11,389,1.925119996,1.935700000,0.056600000,0.010700000
sample,advancing_forward,ordered4,512,522,11,7485,1.928192019,1.938700000,0.059100000,0.011300000
sample,advancing_forward,ordered4,512,523,11,284,1.924095988,1.933900000,0.058500000,0.010800000
sample,advancing_forward,ordered4,512,524,11,3051,1.925119996,1.935800000,0.058100000,0.010500000
sample,advancing_forward,ordered4,512,525,11,287,1.943552017,1.958500000,0.070300000,0.015000000
sample,advancing_forward,ordered4,512,526,11,262,1.933312058,1.942500000,0.060200000,0.011400000
sample,advancing_forward,ordered4,512,527,11,4295,1.931167960,1.938900000,0.051500000,0.010600000
sample,advancing_forward,original,512,512,11,837,1.619968057,1.629100000,0.062600000,0.013100000
sample,advancing_forward,original,512,513,11,290,1.620928049,1.629000000,0.053000000,0.011000000
sample,advancing_forward,original,512,514,11,460,1.618944049,1.627500000,0.052000000,0.010800000
sample,advancing_forward,original,512,515,11,307,1.634304047,1.649400000,0.068800000,0.017700000
sample,advancing_forward,original,512,516,11,12606,1.636351943,1.650400000,0.070700000,0.018200000
sample,advancing_forward,original,512,517,11,32455,1.624063969,1.633700000,0.059300000,0.010700000
sample,advancing_forward,original,512,518,11,837,1.626111984,1.636500000,0.081400000,0.010500000
sample,advancing_forward,original,512,519,11,3584,1.634304047,1.653100000,0.072700000,0.020000000
sample,advancing_forward,original,512,520,11,45456,1.626111984,1.637800000,0.068800000,0.013900000
sample,advancing_forward,original,512,521,11,389,1.624063969,1.634500000,0.058500000,0.010500000
sample,advancing_forward,original,512,522,11,7485,1.631232023,1.643700000,0.058900000,0.011800000
sample,advancing_forward,original,512,523,11,284,1.643519998,1.660000000,0.080100000,0.017600000
sample,advancing_forward,original,512,524,11,3051,1.639423966,1.653300000,0.077600000,0.016900000
sample,advancing_forward,original,512,525,11,287,1.649664044,1.668700000,0.079800000,0.021000000
sample,advancing_forward,original,512,526,11,262,1.643519998,1.655600000,0.072100000,0.014800000
sample,advancing_forward,original,512,527,11,4295,1.632256031,1.643700000,0.065700000,0.017900000
sample,advancing_forward,original,512,512,12,837,1.629184008,1.647600000,0.079200000,0.020300000
sample,advancing_forward,original,512,513,12,290,1.639423966,1.653200000,0.093600000,0.021900000
sample,advancing_forward,original,512,514,12,460,1.638399959,1.655500000,0.082400000,0.022700000
sample,advancing_forward,original,512,515,12,307,1.622015953,1.632200000,0.061000000,0.012100000
sample,advancing_forward,original,512,516,12,12606,1.619968057,1.630000000,0.058500000,0.011000000
sample,advancing_forward,original,512,517,12,32455,1.637375951,1.651600000,0.069900000,0.015000000
sample,advancing_forward,original,512,518,12,837,1.632256031,1.642700000,0.064900000,0.014100000
sample,advancing_forward,original,512,519,12,3584,1.629184008,1.642200000,0.079200000,0.015600000
sample,advancing_forward,original,512,520,12,45456,1.633280039,1.645400000,0.071700000,0.013900000
sample,advancing_forward,original,512,521,12,389,1.642495990,1.657700000,0.077700000,0.016900000
sample,advancing_forward,original,512,522,12,7485,1.632256031,1.642800000,0.066200000,0.012800000
sample,advancing_forward,original,512,523,12,284,1.626111984,1.636000000,0.085500000,0.010700000
sample,advancing_forward,original,512,524,12,3051,1.631232023,1.641800000,0.068800000,0.013200000
sample,advancing_forward,original,512,525,12,287,1.633280039,1.643500000,0.064600000,0.012500000
sample,advancing_forward,original,512,526,12,262,1.637375951,1.647900000,0.067600000,0.012700000
sample,advancing_forward,original,512,527,12,4295,1.625087976,1.637300000,0.057200000,0.010900000
sample,advancing_forward,ordered4,512,512,12,837,1.910784006,1.920900000,0.061700000,0.011500000
sample,advancing_forward,ordered4,512,513,12,290,1.915904045,1.925500000,0.059200000,0.010700000
sample,advancing_forward,ordered4,512,514,12,460,1.929216027,1.944200000,0.069000000,0.017400000
sample,advancing_forward,ordered4,512,515,12,307,1.914880037,1.924600000,0.066000000,0.010700000
sample,advancing_forward,ordered4,512,516,12,12606,1.915904045,1.925500000,0.058700000,0.010700000
sample,advancing_forward,ordered4,512,517,12,32455,1.921023965,1.930600000,0.073100000,0.010800000
sample,advancing_forward,ordered4,512,518,12,837,1.936383963,1.947400000,0.079100000,0.016700000
sample,advancing_forward,ordered4,512,519,12,3584,1.919999957,1.930200000,0.058400000,0.010500000
sample,advancing_forward,ordered4,512,520,12,45456,1.918975949,1.930000000,0.058000000,0.011000000
sample,advancing_forward,ordered4,512,521,12,389,1.934335947,1.953200000,0.095900000,0.016300000
sample,advancing_forward,ordered4,512,522,12,7485,1.931264043,1.940700000,0.061000000,0.010900000
sample,advancing_forward,ordered4,512,523,12,284,1.927168012,1.937300000,0.086500000,0.010400000
sample,advancing_forward,ordered4,512,524,12,3051,1.954815984,1.976900000,0.091500000,0.026800000
sample,advancing_forward,ordered4,512,525,12,287,1.949695945,1.963700000,0.085000000,0.019900000
sample,advancing_forward,ordered4,512,526,12,262,1.942528009,1.954600000,0.063800000,0.015000000
sample,advancing_forward,ordered4,512,527,12,4295,1.970175982,1.989700000,0.122200000,0.031400000
sample,advancing_forward,ordered4,512,512,13,837,1.913856030,1.926200000,0.058800000,0.010900000
sample,advancing_forward,ordered4,512,513,13,290,1.972223997,2.002500000,0.141200000,0.048500000
sample,advancing_forward,ordered4,512,514,13,460,1.954815984,1.986300000,0.112300000,0.037000000
sample,advancing_forward,ordered4,512,515,13,307,1.924095988,1.936300000,0.074200000,0.012600000
sample,advancing_forward,ordered4,512,516,13,12606,1.943552017,1.966700000,0.096900000,0.026600000
sample,advancing_forward,ordered4,512,517,13,32455,1.938431978,1.957400000,0.084700000,0.021200000
sample,advancing_forward,ordered4,512,518,13,837,1.937407970,1.954100000,0.108500000,0.017700000
sample,advancing_forward,ordered4,512,519,13,3584,1.930240035,1.945800000,0.064800000,0.013200000
sample,advancing_forward,ordered4,512,520,13,45456,1.933312058,1.945700000,0.075900000,0.013700000
sample,advancing_forward,ordered4,512,521,13,389,1.932288051,1.943300000,0.066800000,0.011500000
sample,advancing_forward,ordered4,512,522,13,7485,1.939455986,1.953700000,0.070300000,0.015400000
sample,advancing_forward,ordered4,512,523,13,284,1.929216027,1.941600000,0.068400000,0.013800000
sample,advancing_forward,ordered4,512,524,13,3051,1.936383963,1.948500000,0.073100000,0.014900000
sample,advancing_forward,ordered4,512,525,13,287,1.937407970,1.948300000,0.065100000,0.012900000
sample,advancing_forward,ordered4,512,526,13,262,1.931264043,1.941300000,0.059400000,0.010600000
sample,advancing_forward,ordered4,512,527,13,4295,1.932288051,1.943300000,0.059400000,0.012000000
sample,advancing_forward,original,512,512,13,837,1.632256031,1.649400000,0.088400000,0.021800000
sample,advancing_forward,original,512,513,13,290,1.630208015,1.646900000,0.083100000,0.017400000
sample,advancing_forward,original,512,514,13,460,1.623039961,1.632500000,0.057900000,0.010900000
sample,advancing_forward,original,512,515,13,307,1.619968057,1.631100000,0.057300000,0.011100000
sample,advancing_forward,original,512,516,13,12606,1.641471982,1.660600000,0.079000000,0.018900000
sample,advancing_forward,original,512,517,13,32455,1.625087976,1.635200000,0.058100000,0.011200000
sample,advancing_forward,original,512,518,13,837,1.625087976,1.636000000,0.059000000,0.010900000
sample,advancing_forward,original,512,519,13,3584,1.633280039,1.648100000,0.070500000,0.014900000
sample,advancing_forward,original,512,520,13,45456,1.626111984,1.636000000,0.065500000,0.013000000
sample,advancing_forward,original,512,521,13,389,1.627135992,1.637300000,0.065900000,0.010600000
sample,advancing_forward,original,512,522,13,7485,1.629184008,1.639200000,0.058000000,0.010800000
sample,advancing_forward,original,512,523,13,284,1.624063969,1.634700000,0.058600000,0.011300000
sample,advancing_forward,original,512,524,13,3051,1.627135992,1.637600000,0.057300000,0.010900000
sample,advancing_forward,original,512,525,13,287,1.631232023,1.641100000,0.080600000,0.010600000
sample,advancing_forward,original,512,526,13,262,1.632256031,1.642400000,0.059200000,0.010600000
sample,advancing_forward,original,512,527,13,4295,1.623039961,1.633200000,0.057600000,0.010700000
sample,advancing_forward,original,512,512,14,837,1.616799951,1.625100000,0.057200000,0.011700000
sample,advancing_forward,original,512,513,14,290,1.619968057,1.629100000,0.051400000,0.010800000
sample,advancing_forward,original,512,514,14,460,1.650688052,1.669200000,0.092400000,0.030600000
sample,advancing_forward,original,512,515,14,307,1.649664044,1.669700000,0.095400000,0.028600000
sample,advancing_forward,original,512,516,14,12606,1.619968057,1.630300000,0.060800000,0.011000000
sample,advancing_forward,original,512,517,14,32455,1.624063969,1.635100000,0.056800000,0.010900000
sample,advancing_forward,original,512,518,14,837,1.647616029,1.665200000,0.084500000,0.022900000
sample,advancing_forward,original,512,519,14,3584,1.620991945,1.631900000,0.061500000,0.011000000
sample,advancing_forward,original,512,520,14,45456,1.624063969,1.634000000,0.058400000,0.010900000
sample,advancing_forward,original,512,521,14,389,1.624063969,1.634800000,0.058000000,0.010600000
sample,advancing_forward,original,512,522,14,7485,1.631232023,1.641800000,0.059500000,0.012000000
sample,advancing_forward,original,512,523,14,284,1.625087976,1.635100000,0.058400000,0.010700000
sample,advancing_forward,original,512,524,14,3051,1.625087976,1.635000000,0.062400000,0.010500000
sample,advancing_forward,original,512,525,14,287,1.643519998,1.657200000,0.070700000,0.014600000
sample,advancing_forward,original,512,526,14,262,1.634304047,1.643300000,0.057900000,0.011000000
sample,advancing_forward,original,512,527,14,4295,1.626111984,1.634700000,0.066900000,0.010200000
sample,advancing_forward,ordered4,512,512,14,837,1.923071980,1.937300000,0.081700000,0.015400000
sample,advancing_forward,ordered4,512,513,14,290,1.917951941,1.928000000,0.057200000,0.011300000
sample,advancing_forward,ordered4,512,514,14,460,1.924095988,1.933300000,0.079600000,0.010800000
sample,advancing_forward,ordered4,512,515,14,307,1.912832022,1.922200000,0.050400000,0.010900000
sample,advancing_forward,ordered4,512,516,14,12606,1.915904045,1.924600000,0.071100000,0.010300000
sample,advancing_forward,ordered4,512,517,14,32455,1.917951941,1.926300000,0.051700000,0.010300000
sample,advancing_forward,ordered4,512,518,14,837,1.921023965,1.930100000,0.071700000,0.010600000
sample,advancing_forward,ordered4,512,519,14,3584,1.919999957,1.929800000,0.079800000,0.010200000
sample,advancing_forward,ordered4,512,520,14,45456,1.923071980,1.934100000,0.079400000,0.010500000
sample,advancing_forward,ordered4,512,521,14,389,1.941504002,1.958200000,0.075100000,0.019000000
sample,advancing_forward,ordered4,512,522,14,7485,1.928192019,1.938800000,0.086300000,0.011500000
sample,advancing_forward,ordered4,512,523,14,284,1.924095988,1.932700000,0.085200000,0.010700000
sample,advancing_forward,ordered4,512,524,14,3051,1.926144004,1.934300000,0.071600000,0.010400000
sample,advancing_forward,ordered4,512,525,14,287,1.930240035,1.939200000,0.053200000,0.010300000
sample,advancing_forward,ordered4,512,526,14,262,1.931264043,1.939000000,0.072700000,0.010700000
sample,advancing_forward,ordered4,512,527,14,4295,1.929152012,1.936900000,0.057800000,0.010300000
sample,advancing_forward,ordered4,512,512,15,837,1.908735991,1.919200000,0.058000000,0.010600000
sample,advancing_forward,ordered4,512,513,15,290,1.916928053,1.933500000,0.061500000,0.012000000
sample,advancing_forward,ordered4,512,514,15,460,1.918975949,1.928500000,0.080800000,0.010700000
sample,advancing_forward,ordered4,512,515,15,307,1.914880037,1.925700000,0.076000000,0.010500000
sample,advancing_forward,ordered4,512,516,15,12606,1.915904045,1.925900000,0.076600000,0.010800000
sample,advancing_forward,ordered4,512,517,15,32455,1.918975949,1.928900000,0.057600000,0.010600000
sample,advancing_forward,ordered4,512,518,15,837,1.918975949,1.928300000,0.073000000,0.010500000
sample,advancing_forward,ordered4,512,519,15,3584,1.918879986,1.928500000,0.052000000,0.010400000
sample,advancing_forward,ordered4,512,520,15,45456,1.971199989,2.007900000,0.120100000,0.041500000
sample,advancing_forward,ordered4,512,521,15,389,1.946624041,1.964700000,0.088200000,0.020600000
sample,advancing_forward,ordered4,512,522,15,7485,1.930240035,1.939500000,0.061100000,0.012200000
sample,advancing_forward,ordered4,512,523,15,284,1.935359955,1.946500000,0.068200000,0.012500000
sample,advancing_forward,ordered4,512,524,15,3051,1.928192019,1.937900000,0.081200000,0.010700000
sample,advancing_forward,ordered4,512,525,15,287,1.928192019,1.938500000,0.084200000,0.010600000
sample,advancing_forward,ordered4,512,526,15,262,1.933312058,1.944400000,0.058700000,0.011600000
sample,advancing_forward,ordered4,512,527,15,4295,1.927168012,1.937600000,0.080900000,0.010400000
sample,advancing_forward,original,512,512,15,837,1.758208036,1.801400000,0.387500000,0.095200000
sample,advancing_forward,original,512,513,15,290,1.619968057,1.628500000,0.052900000,0.010800000
sample,advancing_forward,original,512,514,15,460,1.620991945,1.630000000,0.050900000,0.010500000
sample,advancing_forward,original,512,515,15,307,1.638399959,1.651000000,0.078500000,0.021900000
sample,advancing_forward,original,512,516,15,12606,1.659904003,1.676900000,0.113200000,0.030700000
sample,advancing_forward,original,512,517,15,32455,1.635328054,1.664600000,0.090200000,0.030900000
sample,advancing_forward,original,512,518,15,837,1.627135992,1.636900000,0.080000000,0.011500000
sample,advancing_forward,original,512,519,15,3584,1.619968057,1.629300000,0.055900000,0.010900000
sample,advancing_forward,original,512,520,15,45456,1.620991945,1.630800000,0.056300000,0.011300000
sample,advancing_forward,original,512,521,15,389,1.642495990,1.657700000,0.077700000,0.017500000
sample,advancing_forward,original,512,522,15,7485,1.628160000,1.637400000,0.056000000,0.010900000
sample,advancing_forward,original,512,523,15,284,1.625087976,1.632800000,0.051900000,0.010500000
sample,advancing_forward,original,512,524,15,3051,1.626111984,1.634800000,0.051900000,0.010600000
sample,advancing_forward,original,512,525,15,287,1.628160000,1.636800000,0.052100000,0.010400000
sample,advancing_forward,original,512,526,15,262,1.631039977,1.639400000,0.052000000,0.010500000
sample,advancing_forward,original,512,527,15,4295,1.625087976,1.632900000,0.051700000,0.010500000
sample,advancing_forward,original,1007,1007,0,837,1.968127966,1.981000000,0.097100000,0.028400000
sample,advancing_forward,original,1007,1008,0,290,1.973216057,1.987700000,0.101600000,0.029100000
sample,advancing_forward,original,1007,1009,0,1863,1.983487964,2.003300000,0.109200000,0.036200000
sample,advancing_forward,original,1007,1010,0,691,1.978368044,2.006600000,0.091700000,0.028100000
sample,advancing_forward,original,1007,1011,0,262,1.988608003,2.019600000,0.116400000,0.038200000
sample,advancing_forward,original,1007,1012,0,5093,1.992704034,2.020900000,0.111400000,0.038600000
sample,advancing_forward,original,1007,1013,0,2488,2.003776073,2.030000000,0.150500000,0.044900000
sample,advancing_forward,original,1007,1014,0,12,1.995584011,2.014900000,0.134400000,0.039800000
sample,advancing_forward,original,1007,1015,0,31,2.023423910,2.041100000,0.160500000,0.040100000
sample,advancing_forward,original,1007,1016,0,7421,1.980416059,2.005500000,0.093500000,0.028900000
sample,advancing_forward,original,1007,1017,0,7051,2.020351887,2.056300000,0.143600000,0.056400000
sample,advancing_forward,original,1007,1018,0,286,1.978368044,1.993300000,0.094400000,0.025700000
sample,advancing_forward,original,1007,1019,0,262,1.964032054,1.976900000,0.080800000,0.016500000
sample,advancing_forward,original,1007,1020,0,2619,1.960960031,1.977600000,0.076300000,0.018500000
sample,advancing_forward,original,1007,1021,0,6896,1.996799946,2.029800000,0.127000000,0.035300000
sample,advancing_forward,original,1007,1022,0,764,1.978368044,1.996500000,0.080400000,0.021300000
sample,advancing_forward,ordered4,1007,1007,0,837,2.554816008,2.567500000,0.092500000,0.031800000
sample,advancing_forward,ordered4,1007,1008,0,290,2.546688080,2.568700000,0.083300000,0.023400000
sample,advancing_forward,ordered4,1007,1009,0,1863,2.567039967,2.638900000,0.099600000,0.032200000
sample,advancing_forward,ordered4,1007,1010,0,691,2.539520025,2.550200000,0.063000000,0.015100000
sample,advancing_forward,ordered4,1007,1011,0,262,2.526207924,2.538100000,0.084700000,0.010700000
sample,advancing_forward,ordered4,1007,1012,0,5093,2.528255939,2.540200000,0.060200000,0.010900000
sample,advancing_forward,ordered4,1007,1013,0,2488,2.531327963,2.543900000,0.059900000,0.010400000
sample,advancing_forward,ordered4,1007,1014,0,12,2.534399986,2.544000000,0.050600000,0.010400000
sample,advancing_forward,ordered4,1007,1015,0,31,2.543616056,2.559200000,0.088200000,0.016300000
sample,advancing_forward,ordered4,1007,1016,0,7421,2.534399986,2.543800000,0.052500000,0.011000000
sample,advancing_forward,ordered4,1007,1017,0,7051,2.536448002,2.545200000,0.072100000,0.010800000
sample,advancing_forward,ordered4,1007,1018,0,286,2.540544033,2.549300000,0.071700000,0.011000000
sample,advancing_forward,ordered4,1007,1019,0,262,2.535423994,2.545600000,0.052100000,0.011000000
sample,advancing_forward,ordered4,1007,1020,0,2619,2.561023951,2.573200000,0.077600000,0.012700000
sample,advancing_forward,ordered4,1007,1021,0,6896,2.567167997,2.589200000,0.086400000,0.022000000
sample,advancing_forward,ordered4,1007,1022,0,764,2.554879904,2.567700000,0.069400000,0.013900000
sample,advancing_forward,ordered4,1007,1007,1,837,2.524159908,2.535900000,0.061500000,0.010600000
sample,advancing_forward,ordered4,1007,1008,1,290,2.535423994,2.553400000,0.069600000,0.016500000
sample,advancing_forward,ordered4,1007,1009,1,1863,2.533375978,2.545500000,0.060700000,0.010800000
sample,advancing_forward,ordered4,1007,1010,1,691,2.532351971,2.543100000,0.059200000,0.011000000
sample,advancing_forward,ordered4,1007,1011,1,262,2.528255939,2.540200000,0.057500000,0.010400000
sample,advancing_forward,ordered4,1007,1012,1,5093,2.540544033,2.556600000,0.076900000,0.014800000
sample,advancing_forward,ordered4,1007,1013,1,2488,2.532351971,2.544200000,0.081700000,0.011000000
sample,advancing_forward,ordered4,1007,1014,1,12,2.534399986,2.544900000,0.058100000,0.010400000
sample,advancing_forward,ordered4,1007,1015,1,31,2.531327963,2.540800000,0.071200000,0.010200000
sample,advancing_forward,ordered4,1007,1016,1,7421,2.535423994,2.547600000,0.061100000,0.010600000
sample,advancing_forward,ordered4,1007,1017,1,7051,2.537472010,2.552400000,0.059000000,0.010400000
sample,advancing_forward,ordered4,1007,1018,1,286,2.556927919,2.577600000,0.103800000,0.019700000
sample,advancing_forward,ordered4,1007,1019,1,262,2.543616056,2.555800000,0.067000000,0.012500000
sample,advancing_forward,ordered4,1007,1020,1,2619,2.544640064,2.555900000,0.065000000,0.010700000
sample,advancing_forward,ordered4,1007,1021,1,6896,2.547712088,2.557200000,0.058800000,0.011100000
sample,advancing_forward,ordered4,1007,1022,1,764,2.544640064,2.553700000,0.056900000,0.011900000
sample,advancing_forward,original,1007,1007,1,837,1.949695945,1.961700000,0.070800000,0.015300000
sample,advancing_forward,original,1007,1008,1,290,1.943552017,1.953300000,0.056200000,0.011100000
sample,advancing_forward,original,1007,1009,1,1863,1.953791976,1.963000000,0.064400000,0.013000000
sample,advancing_forward,original,1007,1010,1,691,1.964032054,1.978500000,0.073400000,0.017000000
sample,advancing_forward,original,1007,1011,1,262,1.948672056,1.957900000,0.055600000,0.011300000
sample,advancing_forward,original,1007,1012,1,5093,1.950719953,1.961300000,0.063200000,0.011700000
sample,advancing_forward,original,1007,1013,1,2488,1.967103958,1.982300000,0.075700000,0.016200000
sample,advancing_forward,original,1007,1014,1,12,1.964032054,1.977400000,0.074300000,0.015300000
sample,advancing_forward,original,1007,1015,1,31,1.955839992,1.968200000,0.072300000,0.014800000
sample,advancing_forward,original,1007,1016,1,7421,1.967103958,1.982100000,0.108800000,0.020100000
sample,advancing_forward,original,1007,1017,1,7051,1.960960031,1.972600000,0.069000000,0.014200000
sample,advancing_forward,original,1007,1018,1,286,1.963008046,1.975400000,0.072900000,0.015700000
sample,advancing_forward,original,1007,1019,1,262,1.983487964,1.998600000,0.104200000,0.032800000
sample,advancing_forward,original,1007,1020,1,2619,1.977344036,1.997800000,0.081400000,0.024400000
sample,advancing_forward,original,1007,1021,1,6896,1.959936023,1.971200000,0.057400000,0.012200000
sample,advancing_forward,original,1007,1022,1,764,1.983487964,2.003000000,0.120400000,0.029200000
sample,advancing_forward,original,1007,1007,2,837,1.938431978,1.948900000,0.060300000,0.010300000
sample,advancing_forward,original,1007,1008,2,290,1.941504002,1.952800000,0.093200000,0.010500000
sample,advancing_forward,original,1007,1009,2,1863,1.991680026,2.027200000,0.116800000,0.039900000
sample,advancing_forward,original,1007,1010,2,691,2.281471968,2.426600000,0.693800000,0.236500000
sample,advancing_forward,original,1007,1011,2,262,1.986559987,2.010300000,0.125400000,0.035200000
sample,advancing_forward,original,1007,1012,2,5093,1.969151974,1.990600000,0.091400000,0.020900000
sample,advancing_forward,original,1007,1013,2,2488,1.959936023,1.976300000,0.093000000,0.014100000
sample,advancing_forward,original,1007,1014,2,12,1.958912015,1.970500000,0.070600000,0.013400000
sample,advancing_forward,original,1007,1015,2,31,1.947648048,1.957600000,0.083300000,0.010800000
sample,advancing_forward,original,1007,1016,2,7421,1.946624041,1.956800000,0.056700000,0.010500000
sample,advancing_forward,original,1007,1017,2,7051,1.961984038,1.974200000,0.071800000,0.014300000
sample,advancing_forward,original,1007,1018,2,286,1.952767968,1.962800000,0.081400000,0.010700000
sample,advancing_forward,original,1007,1019,2,262,1.950719953,1.960900000,0.080600000,0.010600000
sample,advancing_forward,original,1007,1020,2,2619,1.951743960,1.961600000,0.059500000,0.011200000
sample,advancing_forward,original,1007,1021,2,6896,1.955839992,1.966500000,0.059100000,0.010500000
sample,advancing_forward,original,1007,1022,2,764,1.954815984,1.966000000,0.057500000,0.010400000
sample,advancing_forward,ordered4,1007,1007,2,837,2.540544033,2.556400000,0.076100000,0.016500000
sample,advancing_forward,ordered4,1007,1008,2,290,2.538496017,2.548600000,0.059700000,0.011300000
sample,advancing_forward,ordered4,1007,1009,2,1863,2.530303955,2.540300000,0.079800000,0.010500000
sample,advancing_forward,ordered4,1007,1010,2,691,2.531327963,2.541500000,0.084900000,0.010500000
sample,advancing_forward,ordered4,1007,1011,2,262,2.529279947,2.540900000,0.058700000,0.011500000
sample,advancing_forward,ordered4,1007,1012,2,5093,2.543616056,2.557900000,0.072100000,0.015300000
sample,advancing_forward,ordered4,1007,1013,2,2488,2.535423994,2.545400000,0.058500000,0.010900000
sample,advancing_forward,ordered4,1007,1014,2,12,2.536448002,2.546500000,0.084700000,0.010600000
sample,advancing_forward,ordered4,1007,1015,2,31,2.531327963,2.542000000,0.087100000,0.011900000
sample,advancing_forward,ordered4,1007,1016,2,7421,2.533375978,2.543100000,0.079300000,0.010800000
sample,advancing_forward,ordered4,1007,1017,2,7051,2.536448002,2.548500000,0.057300000,0.010300000
sample,advancing_forward,ordered4,1007,1018,2,286,2.585504055,2.609200000,0.112000000,0.045500000
sample,advancing_forward,ordered4,1007,1019,2,262,2.562047958,2.576400000,0.086100000,0.026200000
sample,advancing_forward,ordered4,1007,1020,2,2619,2.539520025,2.550600000,0.081000000,0.010900000
sample,advancing_forward,ordered4,1007,1021,2,6896,2.555903912,2.570900000,0.072800000,0.017400000
sample,advancing_forward,ordered4,1007,1022,2,764,2.545664072,2.556800000,0.059900000,0.010600000
sample,advancing_forward,ordered4,1007,1007,3,837,2.538496017,2.551000000,0.080800000,0.016400000
sample,advancing_forward,ordered4,1007,1008,3,290,2.527231932,2.537800000,0.061400000,0.010900000
sample,advancing_forward,ordered4,1007,1009,3,1863,2.530303955,2.541600000,0.065700000,0.011300000
sample,advancing_forward,ordered4,1007,1010,3,691,2.532351971,2.543700000,0.060200000,0.010700000
sample,advancing_forward,ordered4,1007,1011,3,262,2.545664072,2.570400000,0.074700000,0.019700000
sample,advancing_forward,ordered4,1007,1012,3,5093,2.536448002,2.547700000,0.065300000,0.013100000
sample,advancing_forward,ordered4,1007,1013,3,2488,2.533375978,2.544200000,0.086200000,0.010600000
sample,advancing_forward,ordered4,1007,1014,3,12,2.537472010,2.547900000,0.064800000,0.012400000
sample,advancing_forward,ordered4,1007,1015,3,31,2.531327963,2.542000000,0.078300000,0.010400000
sample,advancing_forward,ordered4,1007,1016,3,7421,2.533375978,2.543700000,0.060700000,0.010600000
sample,advancing_forward,ordered4,1007,1017,3,7051,2.537472010,2.549800000,0.056500000,0.010600000
sample,advancing_forward,ordered4,1007,1018,3,286,2.565119982,2.597300000,0.096200000,0.026000000
sample,advancing_forward,ordered4,1007,1019,3,262,2.557951927,2.571200000,0.083800000,0.019200000
sample,advancing_forward,ordered4,1007,1020,3,2619,2.541568041,2.553100000,0.060300000,0.012500000
sample,advancing_forward,ordered4,1007,1021,3,6896,2.540544033,2.550200000,0.083600000,0.010100000
sample,advancing_forward,ordered4,1007,1022,3,764,2.546688080,2.556100000,0.056700000,0.010400000
sample,advancing_forward,original,1007,1007,3,837,1.939424038,1.948100000,0.072800000,0.010900000
sample,advancing_forward,original,1007,1008,3,290,1.940479994,1.949200000,0.071200000,0.011000000
sample,advancing_forward,original,1007,1009,3,1863,1.948672056,1.957300000,0.061400000,0.012700000
sample,advancing_forward,original,1007,1010,3,691,1.946624041,1.954900000,0.071500000,0.010700000
sample,advancing_forward,original,1007,1011,3,262,1.943392038,1.951500000,0.071200000,0.010500000
sample,advancing_forward,original,1007,1012,3,5093,1.944447994,1.952900000,0.051200000,0.010600000
sample,advancing_forward,original,1007,1013,3,2488,1.986559987,2.009800000,0.096900000,0.032200000
sample,advancing_forward,original,1007,1014,3,12,1.958912015,1.970400000,0.059900000,0.014700000
sample,advancing_forward,original,1007,1015,3,31,1.969151974,1.988500000,0.086300000,0.022800000
sample,advancing_forward,original,1007,1016,3,7421,1.949695945,1.959600000,0.063900000,0.011700000
sample,advancing_forward,original,1007,1017,3,7051,1.948672056,1.959600000,0.081800000,0.010800000
sample,advancing_forward,original,1007,1018,3,286,1.952767968,1.963800000,0.057600000,0.011500000
sample,advancing_forward,original,1007,1019,3,262,1.950719953,1.960900000,0.081600000,0.010900000
sample,advancing_forward,original,1007,1020,3,2619,1.950719953,1.962300000,0.058600000,0.010900000
sample,advancing_forward,original,1007,1021,3,6896,1.968127966,1.983100000,0.074300000,0.015900000
sample,advancing_forward,original,1007,1022,3,764,1.956863999,1.966800000,0.060200000,0.011000000
sample,advancing_forward,original,1007,1007,4,837,1.960960031,1.979900000,0.079000000,0.021400000
sample,advancing_forward,original,1007,1008,4,290,1.967103958,1.981200000,0.102500000,0.024800000
sample,advancing_forward,original,1007,1009,4,1863,1.973248005,1.995700000,0.094000000,0.023500000
sample,advancing_forward,original,1007,1010,4,691,1.956863999,1.969400000,0.074500000,0.015000000
sample,advancing_forward,original,1007,1011,4,262,1.950719953,1.970000000,0.085900000,0.015900000
sample,advancing_forward,original,1007,1012,4,5093,1.988608003,2.010900000,0.107300000,0.039200000
sample,advancing_forward,original,1007,1013,4,2488,1.961984038,1.978600000,0.067700000,0.018700000
sample,advancing_forward,original,1007,1014,4,12,1.952767968,1.961800000,0.054700000,0.011500000
sample,advancing_forward,original,1007,1015,4,31,1.953791976,1.963400000,0.072000000,0.011800000
sample,advancing_forward,original,1007,1016,4,7421,1.957888007,1.972500000,0.068300000,0.016200000
sample,advancing_forward,original,1007,1017,4,7051,1.949695945,1.960300000,0.081000000,0.010900000
sample,advancing_forward,original,1007,1018,4,286,1.951743960,1.961400000,0.085300000,0.010700000
sample,advancing_forward,original,1007,1019,4,262,1.952767968,1.963100000,0.062500000,0.013000000
sample,advancing_forward,original,1007,1020,4,2619,1.956863999,1.967300000,0.060800000,0.015200000
sample,advancing_forward,original,1007,1021,4,6896,1.988608003,2.016500000,0.106900000,0.027700000
sample,advancing_forward,original,1007,1022,4,764,1.968127966,1.983800000,0.070500000,0.016100000
sample,advancing_forward,ordered4,1007,1007,4,837,2.522111893,2.532000000,0.052000000,0.010700000
sample,advancing_forward,ordered4,1007,1008,4,290,2.543616056,2.561500000,0.072000000,0.020700000
sample,advancing_forward,ordered4,1007,1009,4,1863,2.527231932,2.538400000,0.057900000,0.011000000
sample,advancing_forward,ordered4,1007,1010,4,691,2.531327963,2.542300000,0.080900000,0.011800000
sample,advancing_forward,ordered4,1007,1011,4,262,2.529279947,2.540600000,0.080700000,0.011100000
sample,advancing_forward,ordered4,1007,1012,4,5093,2.553855896,2.570700000,0.082300000,0.019100000
sample,advancing_forward,ordered4,1007,1013,4,2488,2.544640064,2.559100000,0.070200000,0.014600000
sample,advancing_forward,ordered4,1007,1014,4,12,2.537472010,2.548900000,0.061500000,0.011600000
sample,advancing_forward,ordered4,1007,1015,4,31,2.538496017,2.550300000,0.062600000,0.012700000
sample,advancing_forward,ordered4,1007,1016,4,7421,2.537472010,2.552400000,0.058500000,0.011200000
sample,advancing_forward,ordered4,1007,1017,4,7051,2.571264029,2.604500000,0.112900000,0.029300000
sample,advancing_forward,ordered4,1007,1018,4,286,2.556927919,2.580400000,0.079700000,0.019000000
sample,advancing_forward,ordered4,1007,1019,4,262,2.537472010,2.548600000,0.058700000,0.010900000
sample,advancing_forward,ordered4,1007,1020,4,2619,2.547712088,2.559100000,0.072500000,0.013000000
sample,advancing_forward,ordered4,1007,1021,4,6896,2.543616056,2.553800000,0.058500000,0.010700000
sample,advancing_forward,ordered4,1007,1022,4,764,2.558975935,2.574200000,0.071300000,0.014900000
sample,advancing_forward,ordered4,1007,1007,5,837,2.526207924,2.535900000,0.060900000,0.010800000
sample,advancing_forward,ordered4,1007,1008,5,290,2.533375978,2.544700000,0.097600000,0.015700000
sample,advancing_forward,ordered4,1007,1009,5,1863,2.530303955,2.540900000,0.061500000,0.010800000
sample,advancing_forward,ordered4,1007,1010,5,691,2.532351971,2.542300000,0.057300000,0.010500000
sample,advancing_forward,ordered4,1007,1011,5,262,2.528255939,2.538800000,0.057500000,0.010900000
sample,advancing_forward,ordered4,1007,1012,5,5093,2.529279947,2.540500000,0.059600000,0.010500000
sample,advancing_forward,ordered4,1007,1013,5,2488,2.566143990,2.592500000,0.104900000,0.029500000
sample,advancing_forward,ordered4,1007,1014,5,12,2.569216013,2.605800000,0.098600000,0.032300000
sample,advancing_forward,ordered4,1007,1015,5,31,2.561023951,2.574900000,0.116000000,0.025600000
sample,advancing_forward,ordered4,1007,1016,5,7421,2.548736095,2.559700000,0.078500000,0.019000000
sample,advancing_forward,ordered4,1007,1017,5,7051,2.536448002,2.547200000,0.060000000,0.011300000
sample,advancing_forward,ordered4,1007,1018,5,286,2.541568041,2.551900000,0.060900000,0.011500000
sample,advancing_forward,ordered4,1007,1019,5,262,2.535423994,2.546400000,0.058100000,0.010400000
sample,advancing_forward,ordered4,1007,1020,5,2619,2.539520025,2.551000000,0.059500000,0.010700000
sample,advancing_forward,ordered4,1007,1021,5,6896,2.562047958,2.583300000,0.082900000,0.020800000
sample,advancing_forward,ordered4,1007,1022,5,764,2.557951927,2.573000000,0.076600000,0.017800000
sample,advancing_forward,original,1007,1007,5,837,1.941504002,1.951700000,0.081000000,0.011100000
sample,advancing_forward,original,1007,1008,5,290,1.942528009,1.952100000,0.079900000,0.010800000
sample,advancing_forward,original,1007,1009,5,1863,1.945600033,1.954200000,0.078400000,0.010700000
sample,advancing_forward,original,1007,1010,5,691,1.946624041,1.954700000,0.071000000,0.010700000
sample,advancing_forward,original,1007,1011,5,262,1.944512010,1.952800000,0.071200000,0.010500000
sample,advancing_forward,original,1007,1012,5,5093,1.944576025,1.953100000,0.051500000,0.010700000
sample,advancing_forward,original,1007,1013,5,2488,1.951743960,1.966700000,0.051900000,0.010500000
sample,advancing_forward,original,1007,1014,5,12,2.142208099,2.222300000,0.434700000,0.114900000
sample,advancing_forward,original,1007,1015,5,31,1.946624041,1.956100000,0.059000000,0.013000000
sample,advancing_forward,original,1007,1016,5,7421,1.947648048,1.956700000,0.071200000,0.010700000
sample,advancing_forward,original,1007,1017,5,7051,1.961984038,1.975000000,0.065400000,0.016000000
sample,advancing_forward,original,1007,1018,5,286,1.952767968,1.962500000,0.057900000,0.011200000
sample,advancing_forward,original,1007,1019,5,262,1.949695945,1.959600000,0.079300000,0.010800000
sample,advancing_forward,original,1007,1020,5,2619,1.952767968,1.962700000,0.057800000,0.011200000
sample,advancing_forward,original,1007,1021,5,6896,1.960960031,1.970100000,0.055700000,0.010600000
sample,advancing_forward,original,1007,1022,5,764,1.959936023,1.969800000,0.059800000,0.012000000
sample,advancing_forward,original,1007,1007,6,837,1.939455986,1.949800000,0.057200000,0.010700000
sample,advancing_forward,original,1007,1008,6,290,1.942528009,1.952300000,0.079100000,0.010900000
sample,advancing_forward,original,1007,1009,6,1863,1.945600033,1.955200000,0.089000000,0.010600000
sample,advancing_forward,original,1007,1010,6,691,1.946624041,1.960600000,0.051100000,0.010700000
sample,advancing_forward,original,1007,1011,6,262,1.976320028,1.995600000,0.101000000,0.030100000
sample,advancing_forward,original,1007,1012,6,5093,1.963008046,1.977700000,0.072400000,0.016200000
sample,advancing_forward,original,1007,1013,6,2488,1.950719953,1.961100000,0.079600000,0.011000000
sample,advancing_forward,original,1007,1014,6,12,1.952767968,1.963600000,0.061700000,0.012100000
sample,advancing_forward,original,1007,1015,6,31,1.948672056,1.958800000,0.092000000,0.012200000
sample,advancing_forward,original,1007,1016,6,7421,1.949695945,1.960300000,0.058500000,0.010500000
sample,advancing_forward,original,1007,1017,6,7051,1.948672056,1.958300000,0.079800000,0.010900000
sample,advancing_forward,original,1007,1018,6,286,1.950719953,1.962400000,0.079200000,0.010300000
sample,advancing_forward,original,1007,1019,6,262,1.983487964,2.008600000,0.102800000,0.028300000
sample,advancing_forward,original,1007,1020,6,2619,1.967103958,1.987200000,0.074100000,0.019200000
sample,advancing_forward,original,1007,1021,6,6896,1.969151974,1.983600000,0.071900000,0.016100000
sample,advancing_forward,original,1007,1022,6,764,1.967103958,1.979300000,0.073900000,0.014900000
sample,advancing_forward,ordered4,1007,1007,6,837,2.537472010,2.549700000,0.065300000,0.014900000
sample,advancing_forward,ordered4,1007,1008,6,290,2.525183916,2.534000000,0.053400000,0.011000000
sample,advancing_forward,ordered4,1007,1009,6,1863,2.527231932,2.535700000,0.051800000,0.010100000
sample,advancing_forward,ordered4,1007,1010,6,691,2.529279947,2.538000000,0.051600000,0.010200000
sample,advancing_forward,ordered4,1007,1011,6,262,2.526207924,2.534200000,0.051200000,0.010600000
sample,advancing_forward,ordered4,1007,1012,6,5093,2.529279947,2.538200000,0.070900000,0.010600000
sample,advancing_forward,ordered4,1007,1013,6,2488,2.532351971,2.540900000,0.071700000,0.010700000
sample,advancing_forward,ordered4,1007,1014,6,12,2.533375978,2.541900000,0.071300000,0.010600000
sample,advancing_forward,ordered4,1007,1015,6,31,2.529279947,2.538300000,0.071400000,0.010300000
sample,advancing_forward,ordered4,1007,1016,6,7421,2.535423994,2.543900000,0.071600000,0.010600000
sample,advancing_forward,ordered4,1007,1017,6,7051,2.536448002,2.546700000,0.050600000,0.010200000
sample,advancing_forward,ordered4,1007,1018,6,286,2.576384068,2.607000000,0.100200000,0.032300000
sample,advancing_forward,ordered4,1007,1019,6,262,2.562047958,2.581200000,0.082300000,0.022600000
sample,advancing_forward,ordered4,1007,1020,6,2619,2.540544033,2.551000000,0.058600000,0.011200000
sample,advancing_forward,ordered4,1007,1021,6,6896,2.573312044,2.588200000,0.094000000,0.028900000
sample,advancing_forward,ordered4,1007,1022,6,764,2.546688080,2.556300000,0.061200000,0.011700000
sample,advancing_forward,ordered4,1007,1007,7,837,2.532351971,2.542400000,0.063200000,0.011100000
sample,advancing_forward,ordered4,1007,1008,7,290,2.543616056,2.559700000,0.081400000,0.017500000
sample,advancing_forward,ordered4,1007,1009,7,1863,2.531327963,2.541700000,0.058400000,0.011000000
sample,advancing_forward,ordered4,1007,1010,7,691,2.530303955,2.540000000,0.057500000,0.010800000
sample,advancing_forward,ordered4,1007,1011,7,262,2.528255939,2.538300000,0.057000000,0.010400000
sample,advancing_forward,ordered4,1007,1012,7,5093,2.539520025,2.552600000,0.068000000,0.014600000
sample,advancing_forward,ordered4,1007,1013,7,2488,2.532351971,2.542300000,0.058700000,0.010600000
sample,advancing_forward,ordered4,1007,1014,7,12,2.550688028,2.563100000,0.067900000,0.014900000
sample,advancing_forward,ordered4,1007,1015,7,31,2.538496017,2.545900000,0.058400000,0.011200000
sample,advancing_forward,ordered4,1007,1016,7,7421,2.532351971,2.540500000,0.052600000,0.010800000
sample,advancing_forward,ordered4,1007,1017,7,7051,2.536448002,2.545300000,0.053500000,0.010900000
sample,advancing_forward,ordered4,1007,1018,7,286,2.546688080,2.558900000,0.062400000,0.014500000
sample,advancing_forward,ordered4,1007,1019,7,262,2.540447950,2.549500000,0.057600000,0.010700000
sample,advancing_forward,ordered4,1007,1020,7,2619,2.567167997,2.592400000,0.091900000,0.025300000
sample,advancing_forward,ordered4,1007,1021,7,6896,2.582528114,2.633500000,0.092900000,0.035600000
sample,advancing_forward,ordered4,1007,1022,7,764,2.557951927,2.573300000,0.072000000,0.016800000
sample,advancing_forward,original,1007,1007,7,837,1.971199989,1.998100000,0.087800000,0.032300000
sample,advancing_forward,original,1007,1008,7,290,1.951743960,1.966000000,0.071400000,0.012600000
sample,advancing_forward,original,1007,1009,7,1863,1.945600033,1.956000000,0.080300000,0.010800000
sample,advancing_forward,original,1007,1010,7,691,1.963008046,1.980000000,0.109200000,0.021000000
sample,advancing_forward,original,1007,1011,7,262,1.945600033,1.956300000,0.060400000,0.011000000
sample,advancing_forward,original,1007,1012,7,5093,1.944576025,1.954000000,0.081400000,0.010600000
sample,advancing_forward,original,1007,1013,7,2488,1.950719953,1.961100000,0.059500000,0.011800000
sample,advancing_forward,original,1007,1014,7,12,1.947648048,1.958000000,0.057800000,0.010700000
sample,advancing_forward,original,1007,1015,7,31,1.952767968,1.965300000,0.065200000,0.012900000
sample,advancing_forward,original,1007,1016,7,7421,1.952767968,1.962500000,0.058900000,0.010700000
sample,advancing_forward,original,1007,1017,7,7051,1.949695945,1.959900000,0.057300000,0.010600000
sample,advancing_forward,original,1007,1018,7,286,1.951743960,1.961300000,0.057700000,0.010400000
sample,advancing_forward,original,1007,1019,7,262,1.949695945,1.959900000,0.057200000,0.010400000
sample,advancing_forward,original,1007,1020,7,2619,1.950719953,1.961300000,0.057000000,0.010300000
sample,advancing_forward,original,1007,1021,7,6896,1.952767968,1.962300000,0.057000000,0.010400000
sample,advancing_forward,original,1007,1022,7,764,1.959936023,1.968100000,0.056200000,0.010700000
sample,advancing_forward,original,1007,1007,8,837,1.957888007,1.973200000,0.082300000,0.016900000
sample,advancing_forward,original,1007,1008,8,290,1.942528009,1.952100000,0.066300000,0.011500000
sample,advancing_forward,original,1007,1009,8,1863,1.960960031,1.975400000,0.072700000,0.017400000
sample,advancing_forward,original,1007,1010,8,691,1.951743960,1.963100000,0.065200000,0.012900000
sample,advancing_forward,original,1007,1011,8,262,1.942528009,1.952200000,0.088300000,0.010700000
sample,advancing_forward,original,1007,1012,8,5093,1.946624041,1.958600000,0.059200000,0.010600000
sample,advancing_forward,original,1007,1013,8,2488,1.974272013,1.999400000,0.082900000,0.027700000
sample,advancing_forward,original,1007,1014,8,12,1.965055943,1.984400000,0.108300000,0.018300000
sample,advancing_forward,original,1007,1015,8,31,1.957888007,1.967800000,0.072100000,0.019400000
sample,advancing_forward,original,1007,1016,8,7421,1.958912015,1.979300000,0.068500000,0.015000000
sample,advancing_forward,original,1007,1017,8,7051,1.984511971,2.009400000,0.104900000,0.033600000
sample,advancing_forward,original,1007,1018,8,286,1.964032054,1.974700000,0.077000000,0.012800000
sample,advancing_forward,original,1007,1019,8,262,1.967103958,1.979600000,0.106800000,0.019400000
sample,advancing_forward,original,1007,1020,8,2619,1.965055943,1.978900000,0.074100000,0.018800000
sample,advancing_forward,original,1007,1021,8,6896,1.953791976,1.964000000,0.060800000,0.010800000
sample,advancing_forward,original,1007,1022,8,764,1.958912015,1.969000000,0.057100000,0.010600000
sample,advancing_forward,ordered4,1007,1007,8,837,2.550784111,2.572200000,0.093100000,0.023200000
sample,advancing_forward,ordered4,1007,1008,8,290,2.535423994,2.548600000,0.072300000,0.013700000
sample,advancing_forward,ordered4,1007,1009,8,1863,2.575360060,2.605300000,0.130300000,0.037400000
sample,advancing_forward,ordered4,1007,1010,8,691,2.592767954,2.641600000,0.129000000,0.051800000
sample,advancing_forward,ordered4,1007,1011,8,262,2.577408075,2.621000000,0.111800000,0.042400000
sample,advancing_forward,ordered4,1007,1012,8,5093,2.566143990,2.598100000,0.098000000,0.033900000
sample,advancing_forward,ordered4,1007,1013,8,2488,2.562047958,2.584800000,0.112200000,0.027600000
sample,advancing_forward,ordered4,1007,1014,8,12,2.568192005,2.587300000,0.094000000,0.029700000
sample,advancing_forward,ordered4,1007,1015,8,31,2.549760103,2.568900000,0.092100000,0.018700000
sample,advancing_forward,ordered4,1007,1016,8,7421,2.571264029,2.602600000,0.094700000,0.032000000
sample,advancing_forward,ordered4,1007,1017,8,7051,2.552831888,2.567700000,0.080500000,0.018100000
sample,advancing_forward,ordered4,1007,1018,8,286,2.565088034,2.583400000,0.083900000,0.022400000
sample,advancing_forward,ordered4,1007,1019,8,262,2.556927919,2.575700000,0.080900000,0.021500000
sample,advancing_forward,ordered4,1007,1020,8,2619,2.573312044,2.600600000,0.095900000,0.029100000
sample,advancing_forward,ordered4,1007,1021,8,6896,2.557951927,2.573400000,0.083100000,0.018100000
sample,advancing_forward,ordered4,1007,1022,8,764,2.593791962,2.627500000,0.123600000,0.043400000
sample,advancing_forward,ordered4,1007,1007,9,837,2.557951927,2.579300000,0.090900000,0.032800000
sample,advancing_forward,ordered4,1007,1008,9,290,2.535423994,2.551600000,0.069500000,0.014700000
sample,advancing_forward,ordered4,1007,1009,9,1863,2.626559973,2.677700000,0.161400000,0.091200000
sample,advancing_forward,ordered4,1007,1010,9,691,2.542592049,2.556100000,0.071300000,0.017800000
sample,advancing_forward,ordered4,1007,1011,9,262,2.554879904,2.573200000,0.084300000,0.026700000
sample,advancing_forward,ordered4,1007,1012,9,5093,2.561984062,2.584100000,0.101100000,0.027700000
sample,advancing_forward,ordered4,1007,1013,9,2488,2.579456091,2.615900000,0.103100000,0.038200000
sample,advancing_forward,ordered4,1007,1014,9,12,2.554784060,2.568100000,0.071500000,0.020700000
sample,advancing_forward,ordered4,1007,1015,9,31,2.582528114,2.606500000,0.106100000,0.048000000
sample,advancing_forward,ordered4,1007,1016,9,7421,2.555903912,2.573800000,0.076200000,0.021700000
sample,advancing_forward,ordered4,1007,1017,9,7051,2.545664072,2.558000000,0.062800000,0.015500000
sample,advancing_forward,ordered4,1007,1018,9,286,2.552831888,2.567700000,0.066100000,0.017300000
sample,advancing_forward,ordered4,1007,1019,9,262,2.559999943,2.580500000,0.076500000,0.025000000
sample,advancing_forward,ordered4,1007,1020,9,2619,2.545664072,2.555900000,0.060900000,0.013800000
sample,advancing_forward,ordered4,1007,1021,9,6896,2.553760052,2.570400000,0.059900000,0.014800000
sample,advancing_forward,ordered4,1007,1022,9,764,2.583551884,2.622200000,0.104600000,0.037100000
sample,advancing_forward,original,1007,1007,9,837,1.943552017,1.956900000,0.061600000,0.011500000
sample,advancing_forward,original,1007,1008,9,290,1.978368044,1.999900000,0.099200000,0.032900000
sample,advancing_forward,original,1007,1009,9,1863,1.949695945,1.958000000,0.054400000,0.011500000
sample,advancing_forward,original,1007,1010,9,691,1.946624041,1.958400000,0.055600000,0.010100000
sample,advancing_forward,original,1007,1011,9,262,1.958912015,1.981700000,0.076500000,0.020700000
sample,advancing_forward,original,1007,1012,9,5093,1.958912015,1.977800000,0.071200000,0.017200000
sample,advancing_forward,original,1007,1013,9,2488,1.950719953,1.960900000,0.059200000,0.011200000
sample,advancing_forward,original,1007,1014,9,12,1.951743960,1.962300000,0.058800000,0.011100000
sample,advancing_forward,original,1007,1015,9,31,1.956863999,1.967300000,0.066900000,0.011700000
sample,advancing_forward,original,1007,1016,9,7421,1.945600033,1.955700000,0.058700000,0.010400000
sample,advancing_forward,original,1007,1017,9,7051,1.950719953,1.962200000,0.079100000,0.010500000
sample,advancing_forward,original,1007,1018,9,286,1.961984038,1.979300000,0.075200000,0.014800000
sample,advancing_forward,original,1007,1019,9,262,1.961984038,1.977000000,0.072500000,0.018100000
sample,advancing_forward,original,1007,1020,9,2619,1.960960031,1.970500000,0.067200000,0.012800000
sample,advancing_forward,original,1007,1021,9,6896,1.972223997,1.987700000,0.089100000,0.018300000
sample,advancing_forward,original,1007,1022,9,764,1.977344036,1.994600000,0.078800000,0.020800000
sample,advancing_forward,original,1007,1007,10,837,1.943552017,1.954200000,0.067100000,0.012500000
sample,advancing_forward,original,1007,1008,10,290,1.945600033,1.956200000,0.095400000,0.013100000
sample,advancing_forward,original,1007,1009,10,1863,1.965055943,1.979800000,0.080200000,0.017100000
sample,advancing_forward,original,1007,1010,10,691,1.951743960,1.963300000,0.066700000,0.012800000
sample,advancing_forward,original,1007,1011,10,262,1.944576025,1.958400000,0.088200000,0.012500000
sample,advancing_forward,original,1007,1012,10,5093,1.969151974,2.003100000,0.085100000,0.021900000
sample,advancing_forward,original,1007,1013,10,2488,1.959936023,1.976200000,0.096900000,0.018400000
sample,advancing_forward,original,1007,1014,10,12,1.958752036,1.967100000,0.066900000,0.013200000
sample,advancing_forward,original,1007,1015,10,31,1.948672056,1.957100000,0.060600000,0.012800000
sample,advancing_forward,original,1007,1016,10,7421,1.949695945,1.958500000,0.058900000,0.012500000
sample,advancing_forward,original,1007,1017,10,7051,1.951743960,1.960800000,0.061400000,0.012200000
sample,advancing_forward,original,1007,1018,10,286,1.954815984,1.963600000,0.060100000,0.012200000
sample,advancing_forward,original,1007,1019,10,262,1.950719953,1.959600000,0.058800000,0.012400000
sample,advancing_forward,original,1007,1020,10,2619,1.950719953,1.959800000,0.059800000,0.012500000
sample,advancing_forward,original,1007,1021,10,6896,1.982463956,2.000800000,0.101000000,0.025900000
sample,advancing_forward,original,1007,1022,10,764,1.969151974,1.979700000,0.073100000,0.016400000
sample,advancing_forward,ordered4,1007,1007,10,837,2.531327963,2.544700000,0.065200000,0.013900000
sample,advancing_forward,ordered4,1007,1008,10,290,2.556927919,2.577800000,0.110600000,0.028700000
sample,advancing_forward,ordered4,1007,1009,10,1863,2.546688080,2.563700000,0.086700000,0.021400000
sample,advancing_forward,ordered4,1007,1010,10,691,2.564095974,2.583800000,0.101300000,0.029500000
sample,advancing_forward,ordered4,1007,1011,10,262,2.542592049,2.555600000,0.078200000,0.016900000
sample,advancing_forward,ordered4,1007,1012,10,5093,2.534399986,2.545100000,0.061100000,0.014300000
sample,advancing_forward,ordered4,1007,1013,10,2488,2.547712088,2.559000000,0.070500000,0.015500000
sample,advancing_forward,ordered4,1007,1014,10,12,2.571264029,2.592900000,0.096300000,0.029200000
sample,advancing_forward,ordered4,1007,1015,10,31,2.537472010,2.548800000,0.058600000,0.012400000
sample,advancing_forward,ordered4,1007,1016,10,7421,2.585599899,2.622800000,0.116700000,0.041200000
sample,advancing_forward,ordered4,1007,1017,10,7051,2.575360060,2.597400000,0.108400000,0.030500000
sample,advancing_forward,ordered4,1007,1018,10,286,2.562047958,2.583900000,0.083400000,0.021900000
sample,advancing_forward,ordered4,1007,1019,10,262,2.573312044,2.597100000,0.111000000,0.029400000
sample,advancing_forward,ordered4,1007,1020,10,2619,2.568192005,2.590700000,0.092600000,0.026800000
sample,advancing_forward,ordered4,1007,1021,10,6896,2.556927919,2.572800000,0.074300000,0.016200000
sample,advancing_forward,ordered4,1007,1022,10,764,2.583551884,2.602000000,0.102000000,0.036000000
sample,advancing_forward,ordered4,1007,1007,11,837,2.521055937,2.529000000,0.051000000,0.010300000
sample,advancing_forward,ordered4,1007,1008,11,290,2.529279947,2.539300000,0.055800000,0.010600000
sample,advancing_forward,ordered4,1007,1009,11,1863,2.554879904,2.573200000,0.092000000,0.023700000
sample,advancing_forward,ordered4,1007,1010,11,691,2.545664072,2.561000000,0.100400000,0.020400000
sample,advancing_forward,ordered4,1007,1011,11,262,2.537472010,2.551100000,0.066600000,0.014600000
sample,advancing_forward,ordered4,1007,1012,11,5093,2.539520025,2.555300000,0.071900000,0.013400000
sample,advancing_forward,ordered4,1007,1013,11,2488,2.584575891,2.626800000,0.122400000,0.043800000
sample,advancing_forward,ordered4,1007,1014,11,12,2.550784111,2.564300000,0.081700000,0.019400000
sample,advancing_forward,ordered4,1007,1015,11,31,2.548736095,2.562300000,0.087400000,0.020500000
sample,advancing_forward,ordered4,1007,1016,11,7421,2.534399986,2.545500000,0.060600000,0.010600000
sample,advancing_forward,ordered4,1007,1017,11,7051,2.542592049,2.553300000,0.063500000,0.015600000
sample,advancing_forward,ordered4,1007,1018,11,286,2.549760103,2.560800000,0.071300000,0.013800000
sample,advancing_forward,ordered4,1007,1019,11,262,2.550784111,2.566800000,0.075600000,0.017900000
sample,advancing_forward,ordered4,1007,1020,11,2619,2.544640064,2.556100000,0.066100000,0.013600000
sample,advancing_forward,ordered4,1007,1021,11,6896,2.545664072,2.557400000,0.068300000,0.013700000
sample,advancing_forward,ordered4,1007,1022,11,764,2.546688080,2.558300000,0.092600000,0.010700000
sample,advancing_forward,original,1007,1007,11,837,1.942528009,1.952600000,0.060600000,0.011400000
sample,advancing_forward,original,1007,1008,11,290,1.941504002,1.951600000,0.058500000,0.010800000
sample,advancing_forward,original,1007,1009,11,1863,1.947648048,1.958600000,0.065500000,0.012300000
sample,advancing_forward,original,1007,1010,11,691,1.947648048,1.957800000,0.058900000,0.011500000
sample,advancing_forward,original,1007,1011,11,262,1.943552017,1.953500000,0.057600000,0.010800000
sample,advancing_forward,original,1007,1012,11,5093,1.943552017,1.954400000,0.056600000,0.010200000
sample,advancing_forward,original,1007,1013,11,2488,1.973248005,2.002000000,0.082500000,0.025200000
sample,advancing_forward,original,1007,1014,11,12,1.990656018,2.026400000,0.116100000,0.034900000
sample,advancing_forward,original,1007,1015,11,31,1.956863999,1.973400000,0.067600000,0.015900000
sample,advancing_forward,original,1007,1016,11,7421,1.966079950,1.987400000,0.079000000,0.018800000
sample,advancing_forward,original,1007,1017,11,7051,1.979392052,1.996200000,0.097300000,0.029000000
sample,advancing_forward,original,1007,1018,11,286,1.955839992,1.969200000,0.072200000,0.014200000
sample,advancing_forward,original,1007,1019,11,262,1.964032054,1.981400000,0.079100000,0.019400000
sample,advancing_forward,original,1007,1020,11,2619,1.953791976,1.964500000,0.067500000,0.012700000
sample,advancing_forward,original,1007,1021,11,6896,1.958912015,1.970100000,0.068600000,0.013100000
sample,advancing_forward,original,1007,1022,11,764,1.957888007,1.968100000,0.058300000,0.011200000
sample,advancing_forward,original,1007,1007,12,837,1.968127966,1.985800000,0.096500000,0.024400000
sample,advancing_forward,original,1007,1008,12,290,1.986559987,2.020100000,0.110400000,0.042300000
sample,advancing_forward,original,1007,1009,12,1863,1.949695945,1.960300000,0.067300000,0.011100000
sample,advancing_forward,original,1007,1010,12,691,1.955839992,1.970000000,0.067900000,0.015500000
sample,advancing_forward,original,1007,1011,12,262,1.947648048,1.959000000,0.067500000,0.013200000
sample,advancing_forward,original,1007,1012,12,5093,1.950719953,1.960800000,0.059700000,0.010800000
sample,advancing_forward,original,1007,1013,12,2488,1.956863999,1.971600000,0.067900000,0.014400000
sample,advancing_forward,original,1007,1014,12,12,1.969151974,1.984900000,0.076600000,0.016900000
sample,advancing_forward,original,1007,1015,12,31,1.947648048,1.957700000,0.059500000,0.011400000
sample,advancing_forward,original,1007,1016,12,7421,1.950719953,1.961500000,0.058600000,0.010600000
sample,advancing_forward,original,1007,1017,12,7051,1.967103958,1.986300000,0.081400000,0.020000000
sample,advancing_forward,original,1007,1018,12,286,1.957888007,1.967800000,0.065600000,0.012400000
sample,advancing_forward,original,1007,1019,12,262,1.948672056,1.961700000,0.079400000,0.010400000
sample,advancing_forward,original,1007,1020,12,2619,1.973248005,1.990100000,0.085700000,0.021900000
sample,advancing_forward,original,1007,1021,12,6896,1.954815984,1.965700000,0.060800000,0.011000000
sample,advancing_forward,original,1007,1022,12,764,1.961984038,1.972100000,0.059000000,0.010700000
sample,advancing_forward,ordered4,1007,1007,12,837,2.541568041,2.557200000,0.086500000,0.019900000
sample,advancing_forward,ordered4,1007,1008,12,290,2.535423994,2.546500000,0.075100000,0.012900000
sample,advancing_forward,ordered4,1007,1009,12,1863,2.530303955,2.540600000,0.062000000,0.011500000
sample,advancing_forward,ordered4,1007,1010,12,691,2.530303955,2.541000000,0.058200000,0.010700000
sample,advancing_forward,ordered4,1007,1011,12,262,2.543616056,2.559700000,0.081200000,0.020000000
sample,advancing_forward,ordered4,1007,1012,12,5093,2.553855896,2.581900000,0.084600000,0.024100000
sample,advancing_forward,ordered4,1007,1013,12,2488,2.536448002,2.548100000,0.063000000,0.011400000
sample,advancing_forward,ordered4,1007,1014,12,12,2.543616056,2.554200000,0.071200000,0.013200000
sample,advancing_forward,ordered4,1007,1015,12,31,2.535423994,2.546300000,0.059100000,0.010600000
sample,advancing_forward,ordered4,1007,1016,12,7421,2.552831888,2.569700000,0.082000000,0.018600000
sample,advancing_forward,ordered4,1007,1017,12,7051,2.538496017,2.548800000,0.059600000,0.010900000
sample,advancing_forward,ordered4,1007,1018,12,286,2.539520025,2.550200000,0.057400000,0.010500000
sample,advancing_forward,ordered4,1007,1019,12,262,2.536448002,2.546900000,0.058200000,0.010900000
sample,advancing_forward,ordered4,1007,1020,12,2619,2.539520025,2.552500000,0.079700000,0.010300000
sample,advancing_forward,ordered4,1007,1021,12,6896,2.584575891,2.612600000,0.115600000,0.033100000
sample,advancing_forward,ordered4,1007,1022,12,764,2.559999943,2.578500000,0.076900000,0.017700000
sample,advancing_forward,ordered4,1007,1007,13,837,2.554879904,2.572700000,0.095500000,0.027600000
sample,advancing_forward,ordered4,1007,1008,13,290,2.536448002,2.548800000,0.068500000,0.015400000
sample,advancing_forward,ordered4,1007,1009,13,1863,2.555903912,2.571400000,0.094200000,0.022100000
sample,advancing_forward,ordered4,1007,1010,13,691,2.536448002,2.547800000,0.066100000,0.012000000
sample,advancing_forward,ordered4,1007,1011,13,262,2.528255939,2.538500000,0.059100000,0.010700000
sample,advancing_forward,ordered4,1007,1012,13,5093,2.530303955,2.540400000,0.058800000,0.011100000
sample,advancing_forward,ordered4,1007,1013,13,2488,2.532351971,2.541400000,0.058100000,0.010700000
sample,advancing_forward,ordered4,1007,1014,13,12,2.548736095,2.563300000,0.070000000,0.015700000
sample,advancing_forward,ordered4,1007,1015,13,31,2.532351971,2.542500000,0.061100000,0.011100000
sample,advancing_forward,ordered4,1007,1016,13,7421,2.533375978,2.543800000,0.057900000,0.010900000
sample,advancing_forward,ordered4,1007,1017,13,7051,2.539520025,2.549100000,0.058200000,0.011300000
sample,advancing_forward,ordered4,1007,1018,13,286,2.540544033,2.551000000,0.058500000,0.010600000
sample,advancing_forward,ordered4,1007,1019,13,262,2.547712088,2.561800000,0.067900000,0.014600000
sample,advancing_forward,ordered4,1007,1020,13,2619,2.537472010,2.546800000,0.058000000,0.011000000
sample,advancing_forward,ordered4,1007,1021,13,6896,2.568192005,2.586400000,0.086100000,0.023000000
sample,advancing_forward,ordered4,1007,1022,13,764,2.557951927,2.574900000,0.078100000,0.019500000
sample,advancing_forward,original,1007,1007,13,837,1.944576025,1.955700000,0.061900000,0.011700000
sample,advancing_forward,original,1007,1008,13,290,1.939455986,1.950800000,0.059000000,0.010800000
sample,advancing_forward,original,1007,1009,13,1863,1.955839992,1.969700000,0.069500000,0.014700000
sample,advancing_forward,original,1007,1010,13,691,1.948672056,1.959100000,0.058700000,0.010900000
sample,advancing_forward,original,1007,1011,13,262,1.948672056,1.959400000,0.059700000,0.011100000
sample,advancing_forward,original,1007,1012,13,5093,1.951743960,1.962900000,0.063800000,0.011900000
sample,advancing_forward,original,1007,1013,13,2488,1.950719953,1.961300000,0.058700000,0.010900000
sample,advancing_forward,original,1007,1014,13,12,1.949695945,1.959200000,0.079500000,0.010200000
sample,advancing_forward,original,1007,1015,13,31,1.943552017,1.952900000,0.051500000,0.010400000
sample,advancing_forward,original,1007,1016,13,7421,1.948672056,1.956700000,0.052000000,0.010400000
sample,advancing_forward,original,1007,1017,13,7051,1.949695945,1.958400000,0.051500000,0.010300000
sample,advancing_forward,original,1007,1018,13,286,1.979392052,1.998300000,0.092800000,0.024300000
sample,advancing_forward,original,1007,1019,13,262,1.959936023,1.976500000,0.068800000,0.016400000
sample,advancing_forward,original,1007,1020,13,2619,1.951743960,1.963000000,0.056500000,0.011000000
sample,advancing_forward,original,1007,1021,13,6896,1.972223997,1.986900000,0.071200000,0.016400000
sample,advancing_forward,original,1007,1022,13,764,1.955839992,1.966300000,0.058100000,0.010600000
sample,advancing_forward,original,1007,1007,14,837,1.945600033,1.954500000,0.080800000,0.010700000
sample,advancing_forward,original,1007,1008,14,290,1.941504002,1.951700000,0.057700000,0.010700000
sample,advancing_forward,original,1007,1009,14,1863,1.958912015,1.973600000,0.071900000,0.015600000
sample,advancing_forward,original,1007,1010,14,691,1.946624041,1.956500000,0.080900000,0.010800000
sample,advancing_forward,original,1007,1011,14,262,1.943552017,1.954100000,0.080400000,0.010700000
sample,advancing_forward,original,1007,1012,14,5093,1.946624041,1.956600000,0.101200000,0.010600000
sample,advancing_forward,original,1007,1013,14,2488,1.948672056,1.957600000,0.080400000,0.010500000
sample,advancing_forward,original,1007,1014,14,12,1.949695945,1.958600000,0.072300000,0.010300000
sample,advancing_forward,original,1007,1015,14,31,1.943392038,1.951600000,0.052300000,0.010500000
sample,advancing_forward,original,1007,1016,14,7421,1.945600033,1.955500000,0.051700000,0.010300000
sample,advancing_forward,original,1007,1017,14,7051,1.971199989,1.989000000,0.086700000,0.020000000
sample,advancing_forward,original,1007,1018,14,286,1.964032054,1.978900000,0.066200000,0.015700000
sample,advancing_forward,original,1007,1019,14,262,1.955615997,1.964600000,0.058200000,0.012900000
sample,advancing_forward,original,1007,1020,14,2619,1.948672056,1.956900000,0.072200000,0.010600000
sample,advancing_forward,original,1007,1021,14,6896,1.954720020,1.963100000,0.049900000,0.010200000
sample,advancing_forward,original,1007,1022,14,764,1.956832051,1.965100000,0.050600000,0.010300000
sample,advancing_forward,ordered4,1007,1007,14,837,2.526207924,2.537000000,0.081000000,0.011000000
sample,advancing_forward,ordered4,1007,1008,14,290,2.526207924,2.536700000,0.080900000,0.010800000
sample,advancing_forward,ordered4,1007,1009,14,1863,2.528255939,2.538900000,0.080500000,0.010700000
sample,advancing_forward,ordered4,1007,1010,14,691,2.531327963,2.541700000,0.076600000,0.010500000
sample,advancing_forward,ordered4,1007,1011,14,262,2.530303955,2.542100000,0.057200000,0.010500000
sample,advancing_forward,ordered4,1007,1012,14,5093,2.555903912,2.578400000,0.082000000,0.023800000
sample,advancing_forward,ordered4,1007,1013,14,2488,2.544640064,2.561800000,0.097700000,0.017400000
sample,advancing_forward,ordered4,1007,1014,14,12,2.545664072,2.555500000,0.064800000,0.011200000
sample,advancing_forward,ordered4,1007,1015,14,31,2.533375978,2.543600000,0.083900000,0.011000000
sample,advancing_forward,ordered4,1007,1016,14,7421,2.535423994,2.545600000,0.081000000,0.010600000
sample,advancing_forward,ordered4,1007,1017,14,7051,2.537472010,2.547500000,0.078400000,0.010700000
sample,advancing_forward,ordered4,1007,1018,14,286,2.554879904,2.570100000,0.069900000,0.015200000
sample,advancing_forward,ordered4,1007,1019,14,262,2.547712088,2.559700000,0.067500000,0.013700000
sample,advancing_forward,ordered4,1007,1020,14,2619,2.541568041,2.551800000,0.059600000,0.011700000
sample,advancing_forward,ordered4,1007,1021,14,6896,2.540447950,2.548400000,0.072100000,0.010400000
sample,advancing_forward,ordered4,1007,1022,14,764,2.541568041,2.550600000,0.052300000,0.010600000
sample,advancing_forward,ordered4,1007,1007,15,837,2.529279947,2.539400000,0.059100000,0.011200000
sample,advancing_forward,ordered4,1007,1008,15,290,2.526207924,2.535700000,0.085100000,0.010700000
sample,advancing_forward,ordered4,1007,1009,15,1863,2.530303955,2.540900000,0.059400000,0.011300000
sample,advancing_forward,ordered4,1007,1010,15,691,2.533375978,2.544600000,0.074300000,0.011200000
sample,advancing_forward,ordered4,1007,1011,15,262,2.528255939,2.537700000,0.057400000,0.010800000
sample,advancing_forward,ordered4,1007,1012,15,5093,2.531327963,2.541700000,0.059300000,0.011800000
sample,advancing_forward,ordered4,1007,1013,15,2488,2.532351971,2.542200000,0.055900000,0.010500000
sample,advancing_forward,ordered4,1007,1014,15,12,2.535423994,2.544800000,0.080200000,0.010500000
sample,advancing_forward,ordered4,1007,1015,15,31,2.530303955,2.539500000,0.071900000,0.010400000
sample,advancing_forward,ordered4,1007,1016,15,7421,2.542592049,2.551300000,0.060900000,0.014600000
sample,advancing_forward,ordered4,1007,1017,15,7051,2.537472010,2.546400000,0.052500000,0.010600000
sample,advancing_forward,ordered4,1007,1018,15,286,2.559999943,2.579300000,0.093300000,0.019000000
sample,advancing_forward,ordered4,1007,1019,15,262,2.548736095,2.563000000,0.079400000,0.014700000
sample,advancing_forward,ordered4,1007,1020,15,2619,2.541568041,2.551800000,0.057400000,0.011400000
sample,advancing_forward,ordered4,1007,1021,15,6896,2.556927919,2.571200000,0.071500000,0.016500000
sample,advancing_forward,ordered4,1007,1022,15,764,2.546688080,2.556300000,0.057400000,0.010700000
sample,advancing_forward,original,1007,1007,15,837,1.939455986,1.949900000,0.081500000,0.010400000
sample,advancing_forward,original,1007,1008,15,290,1.940479994,1.950500000,0.081100000,0.010500000
sample,advancing_forward,original,1007,1009,15,1863,1.945600033,1.984300000,0.058800000,0.010700000
sample,advancing_forward,original,1007,1010,15,691,1.985535979,2.022100000,0.109800000,0.037200000
sample,advancing_forward,original,1007,1011,15,262,1.972223997,1.991100000,0.099800000,0.026400000
sample,advancing_forward,original,1007,1012,15,5093,1.963008046,1.979800000,0.071300000,0.017200000
sample,advancing_forward,original,1007,1013,15,2488,1.948672056,1.959400000,0.080100000,0.010800000
sample,advancing_forward,original,1007,1014,15,12,1.948672056,1.958300000,0.077000000,0.010500000
sample,advancing_forward,original,1007,1015,15,31,1.944576025,1.953100000,0.070900000,0.010400000
sample,advancing_forward,original,1007,1016,15,7421,1.947648048,1.956200000,0.052300000,0.010700000
sample,advancing_forward,original,1007,1017,15,7051,1.949599981,1.958600000,0.052200000,0.010300000
sample,advancing_forward,original,1007,1018,15,286,1.984511971,2.004100000,0.120700000,0.027200000
sample,advancing_forward,original,1007,1019,15,262,1.957888007,1.968900000,0.066900000,0.014500000
sample,advancing_forward,original,1007,1020,15,2619,1.953791976,1.964300000,0.060800000,0.011900000
sample,advancing_forward,original,1007,1021,15,6896,1.955839992,1.965800000,0.080300000,0.010900000
sample,advancing_forward,original,1007,1022,15,764,1.955839992,1.966300000,0.079200000,0.010600000
sample,forward_host,original,128,128,0,284,1.357792020,1.404800000,0.052600000,0.010700000
sample,forward_host,original,128,129,0,257,1.363423944,1.410300000,0.052100000,0.010600000
sample,forward_host,original,128,130,0,614,1.366976023,1.427900000,0.071600000,0.010600000
sample,forward_host,original,128,131,0,878,1.377408028,1.434600000,0.070300000,0.018900000
sample,forward_host,original,128,132,0,289,1.367936015,1.417900000,0.074700000,0.012400000
sample,forward_host,original,128,133,0,19775,1.375072002,1.423000000,0.057700000,0.011600000
sample,forward_host,original,128,134,0,656,1.372768044,1.420400000,0.053100000,0.010900000
sample,forward_host,original,128,135,0,39599,1.364799976,1.412700000,0.071000000,0.010700000
sample,forward_host,original,128,136,0,1122,1.366688013,1.415500000,0.070900000,0.010400000
sample,forward_host,original,128,137,0,291,1.372607946,1.421500000,0.051600000,0.010900000
sample,forward_host,original,128,138,0,37346,1.374912024,1.422900000,0.072300000,0.010700000
sample,forward_host,original,128,139,0,764,1.370720029,1.417600000,0.071400000,0.010500000
sample,forward_host,original,128,140,0,8074,1.373247981,1.418500000,0.051600000,0.010700000
sample,forward_host,original,128,141,0,20272,1.375424027,1.439100000,0.051700000,0.010400000
sample,forward_host,original,128,142,0,9106,1.402495980,1.468100000,0.074900000,0.021200000
sample,forward_host,original,128,143,0,3876,1.373088002,1.422500000,0.055400000,0.012300000
sample,forward_host,ordered4,128,128,0,284,1.431679964,1.485100000,0.083400000,0.010600000
sample,forward_host,ordered4,128,129,0,257,1.438271999,1.491900000,0.055600000,0.010500000
sample,forward_host,ordered4,128,130,0,614,1.449087977,1.495700000,0.064900000,0.014300000
sample,forward_host,ordered4,128,131,0,878,1.441632032,1.488100000,0.064400000,0.010600000
sample,forward_host,ordered4,128,132,0,289,1.437376022,1.483300000,0.052300000,0.010600000
sample,forward_host,ordered4,128,133,0,19775,1.442559958,1.520600000,0.052300000,0.010700000
sample,forward_host,ordered4,128,134,0,656,1.480319977,1.534200000,0.106200000,0.033600000
sample,forward_host,ordered4,128,135,0,39599,1.450111985,1.503500000,0.059200000,0.012900000
sample,forward_host,ordered4,128,136,0,1122,1.444895983,1.498900000,0.077700000,0.011000000
sample,forward_host,ordered4,128,137,0,291,1.448063970,1.501700000,0.078200000,0.010200000
sample,forward_host,ordered4,128,138,0,37346,1.452000022,1.505900000,0.078700000,0.011800000
sample,forward_host,ordered4,128,139,0,764,1.449247956,1.503100000,0.075500000,0.010500000
sample,forward_host,ordered4,128,140,0,8074,1.450688004,1.506100000,0.056600000,0.010800000
sample,forward_host,ordered4,128,141,0,20272,1.452512026,1.506100000,0.079600000,0.010700000
sample,forward_host,ordered4,128,142,0,9106,1.459295988,1.512400000,0.060000000,0.011300000
sample,forward_host,ordered4,128,143,0,3876,1.454175949,1.528600000,0.055800000,0.010500000
sample,forward_host,ordered4,128,128,1,284,1.434399962,1.488100000,0.063400000,0.012700000
sample,forward_host,ordered4,128,129,1,257,1.438879967,1.494700000,0.079700000,0.010600000
sample,forward_host,ordered4,128,130,1,614,1.455008030,1.517700000,0.094200000,0.019600000
sample,forward_host,ordered4,128,131,1,878,1.439584017,1.493600000,0.089700000,0.012500000
sample,forward_host,ordered4,128,132,1,289,1.438271999,1.491300000,0.076300000,0.010600000
sample,forward_host,ordered4,128,133,1,19775,1.443776011,1.497300000,0.079300000,0.010700000
sample,forward_host,ordered4,128,134,1,656,1.449023962,1.501400000,0.060100000,0.011300000
sample,forward_host,ordered4,128,135,1,39599,1.443647981,1.517400000,0.056800000,0.011000000
sample,forward_host,ordered4,128,136,1,1122,1.460255980,1.514600000,0.075400000,0.017500000
sample,forward_host,ordered4,128,137,1,291,1.447584033,1.501900000,0.076600000,0.010800000
sample,forward_host,ordered4,128,138,1,37346,1.450976014,1.504500000,0.056800000,0.010600000
sample,forward_host,ordered4,128,139,1,764,1.450016022,1.503800000,0.057000000,0.010800000
sample,forward_host,ordered4,128,140,1,8074,1.451552033,1.505300000,0.082000000,0.010700000
sample,forward_host,ordered4,128,141,1,20272,1.453248024,1.507400000,0.057400000,0.010600000
sample,forward_host,ordered4,128,142,1,9106,1.457376003,1.510800000,0.057400000,0.010600000
sample,forward_host,ordered4,128,143,1,3876,1.451936007,1.506400000,0.057600000,0.010800000
sample,forward_host,original,128,128,1,284,1.377408028,1.441300000,0.078700000,0.017000000
sample,forward_host,original,128,129,1,257,1.373440027,1.431100000,0.068500000,0.013900000
sample,forward_host,original,128,130,1,614,1.370111942,1.425000000,0.059400000,0.011300000
sample,forward_host,original,128,131,1,878,1.377279997,1.435200000,0.071700000,0.014600000
sample,forward_host,original,128,132,1,289,1.369024038,1.423500000,0.082500000,0.011900000
sample,forward_host,original,128,133,1,19775,1.371871948,1.426300000,0.058200000,0.011000000
sample,forward_host,original,128,134,1,656,1.371680021,1.450800000,0.057900000,0.010900000
sample,forward_host,original,128,135,1,39599,1.366912007,1.411900000,0.078100000,0.010500000
sample,forward_host,original,128,136,1,1122,1.369824052,1.423600000,0.085700000,0.010800000
sample,forward_host,original,128,137,1,291,1.372511983,1.424800000,0.081200000,0.010500000
sample,forward_host,original,128,138,1,37346,1.379135966,1.440200000,0.061400000,0.010500000
sample,forward_host,original,128,139,1,764,1.391680002,1.447000000,0.073000000,0.023400000
sample,forward_host,original,128,140,1,8074,1.376031995,1.425000000,0.081400000,0.012800000
sample,forward_host,original,128,141,1,20272,1.377184033,1.425800000,0.070900000,0.011100000
sample,forward_host,original,128,142,1,9106,1.377375960,1.425800000,0.072500000,0.010600000
sample,forward_host,original,128,143,1,3876,1.369791985,1.418000000,0.073300000,0.010700000
sample,forward_host,original,128,128,2,284,1.369055986,1.418800000,0.058500000,0.010600000
sample,forward_host,original,128,129,2,257,1.363391995,1.414300000,0.052400000,0.010500000
sample,forward_host,original,128,130,2,614,1.366655946,1.412500000,0.052300000,0.010500000
sample,forward_host,original,128,131,2,878,1.363744020,1.419500000,0.051500000,0.010600000
sample,forward_host,original,128,132,2,289,1.385408044,1.448800000,0.073500000,0.022800000
sample,forward_host,original,128,133,2,19775,1.372671962,1.413400000,0.054300000,0.012000000
sample,forward_host,original,128,134,2,656,1.372864008,1.421900000,0.055500000,0.011400000
sample,forward_host,original,128,135,2,39599,1.365504026,1.413800000,0.071600000,0.011000000
sample,forward_host,original,128,136,2,1122,1.368288040,1.416400000,0.052900000,0.011000000
sample,forward_host,original,128,137,2,291,1.371999979,1.420900000,0.073200000,0.010800000
sample,forward_host,original,128,138,2,37346,1.373855948,1.421900000,0.052900000,0.011400000
sample,forward_host,original,128,139,2,764,1.371616006,1.419500000,0.052100000,0.011000000
sample,forward_host,original,128,140,2,8074,1.372768044,1.420900000,0.052600000,0.010600000
sample,forward_host,original,128,141,2,20272,1.374815941,1.421600000,0.051700000,0.010500000
sample,forward_host,original,128,142,2,9106,1.377344012,1.458300000,0.071400000,0.010300000
sample,forward_host,original,128,143,2,3876,1.400032043,1.482400000,0.094400000,0.024400000
sample,forward_host,ordered4,128,128,2,284,1.432639956,1.485600000,0.059100000,0.011100000
sample,forward_host,ordered4,128,129,2,257,1.438112020,1.493200000,0.059000000,0.010400000
sample,forward_host,ordered4,128,130,2,614,1.441311955,1.490600000,0.080900000,0.010900000
sample,forward_host,ordered4,128,131,2,878,1.437471986,1.485800000,0.074100000,0.010900000
sample,forward_host,ordered4,128,132,2,289,1.438912034,1.488100000,0.073000000,0.011200000
sample,forward_host,ordered4,128,133,2,19775,1.441568017,1.488200000,0.051100000,0.010500000
sample,forward_host,ordered4,128,134,2,656,1.443680048,1.527200000,0.050700000,0.010500000
sample,forward_host,ordered4,128,135,2,39599,1.475232005,1.528800000,0.084200000,0.033400000
sample,forward_host,ordered4,128,136,2,1122,1.458559990,1.513600000,0.061000000,0.014400000
sample,forward_host,ordered4,128,137,2,291,1.449856043,1.503200000,0.080100000,0.011400000
sample,forward_host,ordered4,128,138,2,37346,1.450623989,1.505200000,0.055900000,0.010300000
sample,forward_host,ordered4,128,139,2,764,1.462687969,1.525400000,0.069300000,0.016100000
sample,forward_host,ordered4,128,140,2,8074,1.452319980,1.505300000,0.059900000,0.011500000
sample,forward_host,ordered4,128,141,2,20272,1.452448010,1.506200000,0.076000000,0.011100000
sample,forward_host,ordered4,128,142,2,9106,1.455135942,1.509200000,0.074600000,0.010500000
sample,forward_host,ordered4,128,143,2,3876,1.454911947,1.509900000,0.056800000,0.011000000
sample,forward_host,ordered4,128,128,3,284,1.615424037,1.719300000,0.434800000,0.112100000
sample,forward_host,ordered4,128,129,3,257,1.438912034,1.486700000,0.074600000,0.011800000
sample,forward_host,ordered4,128,130,3,614,1.446303964,1.498600000,0.060800000,0.012500000
sample,forward_host,ordered4,128,131,3,878,1.449952006,1.510700000,0.063600000,0.015200000
sample,forward_host,ordered4,128,132,3,289,1.441632032,1.495100000,0.062300000,0.012700000
sample,forward_host,ordered4,128,133,3,19775,1.443647981,1.496100000,0.056900000,0.010800000
sample,forward_host,ordered4,128,134,3,656,1.445791960,1.500400000,0.079800000,0.011000000
sample,forward_host,ordered4,128,135,3,39599,1.443392038,1.494900000,0.057900000,0.011500000
sample,forward_host,ordered4,128,136,3,1122,1.445215940,1.520300000,0.055500000,0.010800000
sample,forward_host,ordered4,128,137,3,291,1.471935987,1.535700000,0.078100000,0.023200000
sample,forward_host,ordered4,128,138,3,37346,1.475968003,1.539100000,0.089000000,0.021600000
sample,forward_host,ordered4,128,139,3,764,1.455360055,1.516800000,0.064700000,0.013100000
sample,forward_host,ordered4,128,140,3,8074,1.455456018,1.506300000,0.109700000,0.013000000
sample,forward_host,ordered4,128,141,3,20272,1.454144001,1.505000000,0.057300000,0.011200000
sample,forward_host,ordered4,128,142,3,9106,1.455199957,1.507400000,0.077800000,0.010800000
sample,forward_host,ordered4,128,143,3,3876,1.455168009,1.506400000,0.059400000,0.011400000
sample,forward_host,original,128,128,3,284,1.358495951,1.409600000,0.055800000,0.010600000
sample,forward_host,original,128,129,3,257,1.367552042,1.431300000,0.083600000,0.011000000
sample,forward_host,original,128,130,3,614,1.383103967,1.440400000,0.072900000,0.018400000
sample,forward_host,original,128,131,3,878,1.367616057,1.422100000,0.081500000,0.011300000
sample,forward_host,original,128,132,3,289,1.365183949,1.430900000,0.075800000,0.010700000
sample,forward_host,original,128,133,3,19775,1.370496035,1.420800000,0.056100000,0.010800000
sample,forward_host,original,128,134,3,656,1.372704029,1.421100000,0.058300000,0.012100000
sample,forward_host,original,128,135,3,39599,1.366368055,1.414900000,0.052800000,0.010800000
sample,forward_host,original,128,136,3,1122,1.367007971,1.415300000,0.071500000,0.010500000
sample,forward_host,original,128,137,3,291,1.371904016,1.419500000,0.053800000,0.010400000
sample,forward_host,original,128,138,3,37346,1.375040054,1.421500000,0.054500000,0.010900000
sample,forward_host,original,128,139,3,764,1.370751977,1.417000000,0.051900000,0.010600000
sample,forward_host,original,128,140,3,8074,1.372352004,1.429400000,0.059000000,0.010700000
sample,forward_host,original,128,141,3,20272,1.399839997,1.453900000,0.078100000,0.025000000
sample,forward_host,original,128,142,3,9106,1.383967996,1.434200000,0.075400000,0.011900000
sample,forward_host,original,128,143,3,3876,1.372256041,1.420300000,0.053700000,0.011000000
sample,forward_host,original,128,128,4,284,1.379168034,1.438500000,0.083400000,0.020300000
sample,forward_host,original,128,129,4,257,1.374304056,1.444200000,0.070900000,0.014700000
sample,forward_host,original,128,130,4,614,1.390432000,1.646400000,0.079400000,0.021000000
sample,forward_host,original,128,131,4,878,1.386687994,1.443600000,0.084100000,0.019400000
sample,forward_host,original,128,132,4,289,1.376415968,1.554800000,0.073700000,0.014900000
sample,forward_host,original,128,133,4,19775,1.373824000,1.435200000,0.073300000,0.013100000
sample,forward_host,original,128,134,4,656,1.375488043,1.432100000,0.088500000,0.012200000
sample,forward_host,original,128,135,4,39599,1.366752028,1.440400000,0.058100000,0.011400000
sample,forward_host,original,128,136,4,1122,1.409216046,1.480300000,0.119600000,0.034300000
sample,forward_host,original,128,137,4,291,1.384639978,1.441800000,0.077700000,0.018000000
sample,forward_host,original,128,138,4,37346,1.377311945,1.439200000,0.061600000,0.011100000
sample,forward_host,original,128,139,4,764,1.389119983,1.452200000,0.079400000,0.019900000
sample,forward_host,original,128,140,4,8074,1.387040019,1.448000000,0.073100000,0.015500000
sample,forward_host,original,128,141,4,20272,1.388736010,1.444300000,0.072600000,0.013900000
sample,forward_host,original,128,142,4,9106,1.381695986,1.435300000,0.065700000,0.012400000
sample,forward_host,original,128,143,4,3876,1.377151966,1.434100000,0.065500000,0.014200000
sample,forward_host,ordered4,128,128,4,284,1.443359971,1.503600000,0.072200000,0.016200000
sample,forward_host,ordered4,128,129,4,257,1.448832035,1.506800000,0.071900000,0.014700000
sample,forward_host,ordered4,128,130,4,614,1.445119977,1.498200000,0.062200000,0.011500000
sample,forward_host,ordered4,128,131,4,878,1.439007998,1.504500000,0.057600000,0.010500000
sample,forward_host,ordered4,128,132,4,289,1.448927999,1.500400000,0.070000000,0.014400000
sample,forward_host,ordered4,128,133,4,19775,1.449056029,1.508200000,0.067100000,0.013400000
sample,forward_host,ordered4,128,134,4,656,1.447136045,1.499500000,0.057600000,0.010700000
sample,forward_host,ordered4,128,135,4,39599,1.444383979,1.502500000,0.058700000,0.011400000
sample,forward_host,ordered4,128,136,4,1122,1.444895983,1.507500000,0.057700000,0.010800000
sample,forward_host,ordered4,128,137,4,291,1.458176017,1.512400000,0.072000000,0.014400000
sample,forward_host,ordered4,128,138,4,37346,1.452160001,1.506800000,0.058400000,0.010600000
sample,forward_host,ordered4,128,139,4,764,1.449440002,1.502800000,0.059700000,0.010500000
sample,forward_host,ordered4,128,140,4,8074,1.449695945,1.504100000,0.057500000,0.010700000
sample,forward_host,ordered4,128,141,4,20272,1.467679977,1.523900000,0.069700000,0.014800000
sample,forward_host,ordered4,128,142,4,9106,1.459360003,1.513600000,0.058900000,0.011500000
sample,forward_host,ordered4,128,143,4,3876,1.452479959,1.505100000,0.079700000,0.010800000
sample,forward_host,ordered4,128,128,5,284,1.432479978,1.480500000,0.075400000,0.011700000
sample,forward_host,ordered4,128,129,5,257,1.437504053,1.484700000,0.071000000,0.010500000
sample,forward_host,ordered4,128,130,5,614,1.440160036,1.486900000,0.051800000,0.010700000
sample,forward_host,ordered4,128,131,5,878,1.440351963,1.487200000,0.055900000,0.014400000
sample,forward_host,ordered4,128,132,5,289,1.439103961,1.486400000,0.050800000,0.010400000
sample,forward_host,ordered4,128,133,5,19775,1.449375987,1.500800000,0.076600000,0.012700000
sample,forward_host,ordered4,128,134,5,656,1.444416046,1.518400000,0.079200000,0.010600000
sample,forward_host,ordered4,128,135,5,39599,1.468896031,1.530800000,0.084900000,0.027000000
sample,forward_host,ordered4,128,136,5,1122,1.448735952,1.517000000,0.060600000,0.012000000
sample,forward_host,ordered4,128,137,5,291,1.469503999,1.532700000,0.086200000,0.022700000
sample,forward_host,ordered4,128,138,5,37346,1.460639954,1.514700000,0.072000000,0.015000000
sample,forward_host,ordered4,128,139,5,764,1.449183941,1.504200000,0.058900000,0.011200000
sample,forward_host,ordered4,128,140,5,8074,1.450783968,1.503700000,0.081100000,0.010300000
sample,forward_host,ordered4,128,141,5,20272,1.456351995,1.537800000,0.063000000,0.011800000
sample,forward_host,ordered4,128,142,5,9106,1.473888040,1.532000000,0.078300000,0.017800000
sample,forward_host,ordered4,128,143,5,3876,1.457952023,1.510700000,0.062500000,0.011700000
sample,forward_host,original,128,128,5,284,1.360448003,1.411400000,0.054200000,0.010800000
sample,forward_host,original,128,129,5,257,1.369312048,1.425700000,0.057800000,0.012100000
sample,forward_host,original,128,130,5,614,1.378496051,1.454300000,0.068200000,0.013100000
sample,forward_host,original,128,131,5,878,1.410207987,1.487700000,0.116400000,0.034800000
sample,forward_host,original,128,132,5,289,1.401280046,1.462300000,0.118100000,0.031300000
sample,forward_host,original,128,133,5,19775,1.380576015,1.455500000,0.093100000,0.016300000
sample,forward_host,original,128,134,5,656,1.408768058,1.482000000,0.119500000,0.032900000
sample,forward_host,original,128,135,5,39599,1.413856030,1.482500000,0.193600000,0.037400000
sample,forward_host,original,128,136,5,1122,1.380223989,1.439600000,0.083900000,0.017400000
sample,forward_host,original,128,137,5,291,1.378847957,1.437800000,0.064200000,0.011500000
sample,forward_host,original,128,138,5,37346,1.386111975,1.455500000,0.072000000,0.015100000
sample,forward_host,original,128,139,5,764,1.384415984,1.440200000,0.076600000,0.018000000
sample,forward_host,original,128,140,5,8074,1.382719994,1.440100000,0.070200000,0.013100000
sample,forward_host,original,128,141,5,20272,1.377984047,1.436100000,0.058600000,0.011400000
sample,forward_host,original,128,142,5,9106,1.392768025,1.455700000,0.070900000,0.014800000
sample,forward_host,original,128,143,5,3876,1.390560031,1.454000000,0.081300000,0.020500000
sample,forward_host,original,128,128,6,284,1.371296048,1.424500000,0.069900000,0.016900000
sample,forward_host,original,128,129,6,257,1.365632057,1.419500000,0.057500000,0.011000000
sample,forward_host,original,128,130,6,614,1.369567990,1.433000000,0.057000000,0.011300000
sample,forward_host,original,128,131,6,878,1.385247946,1.447200000,0.081900000,0.020100000
sample,forward_host,original,128,132,6,289,1.369856000,1.423100000,0.067300000,0.012900000
sample,forward_host,original,128,133,6,19775,1.372063994,1.423500000,0.058700000,0.011100000
sample,forward_host,original,128,134,6,656,1.373600006,1.445200000,0.082300000,0.011000000
sample,forward_host,original,128,135,6,39599,1.383103967,1.442300000,0.073800000,0.016200000
sample,forward_host,original,128,136,6,1122,1.376415968,1.431300000,0.070700000,0.013800000
sample,forward_host,original,128,137,6,291,1.374143958,1.427300000,0.063800000,0.012500000
sample,forward_host,original,128,138,6,37346,1.376832008,1.429700000,0.060400000,0.011300000
sample,forward_host,original,128,139,6,764,1.372704029,1.430000000,0.111200000,0.011100000
sample,forward_host,original,128,140,6,8074,1.375967979,1.431300000,0.089800000,0.012600000
sample,forward_host,original,128,141,6,20272,1.378783941,1.431400000,0.063000000,0.012500000
sample,forward_host,original,128,142,6,9106,1.380416036,1.427700000,0.057300000,0.011000000
sample,forward_host,original,128,143,6,3876,1.371744037,1.418900000,0.051900000,0.010600000
sample,forward_host,ordered4,128,128,6,284,1.442240000,1.498700000,0.070800000,0.014800000
sample,forward_host,ordered4,128,129,6,257,1.442432046,1.495000000,0.064600000,0.012500000
sample,forward_host,ordered4,128,130,6,614,1.441535950,1.494800000,0.060300000,0.011300000
sample,forward_host,ordered4,128,131,6,878,1.438176036,1.515200000,0.057400000,0.010700000
sample,forward_host,ordered4,128,132,6,289,1.443104029,1.494800000,0.062400000,0.011900000
sample,forward_host,ordered4,128,133,6,19775,1.450335979,1.504000000,0.066600000,0.013000000
sample,forward_host,ordered4,128,134,6,656,1.447296023,1.501800000,0.081200000,0.011000000
sample,forward_host,ordered4,128,135,6,39599,1.441344023,1.496600000,0.080000000,0.010400000
sample,forward_host,ordered4,128,136,6,1122,1.446176052,1.518700000,0.064300000,0.010800000
sample,forward_host,ordered4,128,137,6,291,1.486879945,1.554300000,0.122900000,0.032400000
sample,forward_host,ordered4,128,138,6,37346,1.463520050,1.521600000,0.070800000,0.015800000
sample,forward_host,ordered4,128,139,6,764,1.452383995,1.510900000,0.066900000,0.013100000
sample,forward_host,ordered4,128,140,6,8074,1.472864032,1.548300000,0.095400000,0.024200000
sample,forward_host,ordered4,128,141,6,20272,1.471071959,1.532400000,0.073900000,0.020100000
sample,forward_host,ordered4,128,142,6,9106,1.459328055,1.512700000,0.090000000,0.013200000
sample,forward_host,ordered4,128,143,6,3876,1.459712029,1.516000000,0.063600000,0.010900000
sample,forward_host,ordered4,128,128,7,284,1.431776047,1.498000000,0.059600000,0.011000000
sample,forward_host,ordered4,128,129,7,257,1.455711961,1.513500000,0.078600000,0.017000000
sample,forward_host,ordered4,128,130,7,614,1.442783952,1.495200000,0.060500000,0.011400000
sample,forward_host,ordered4,128,131,7,878,1.439200044,1.493900000,0.081100000,0.010900000
sample,forward_host,ordered4,128,132,7,289,1.440608025,1.507600000,0.081700000,0.010600000
sample,forward_host,ordered4,128,133,7,19775,1.445055962,1.498700000,0.060000000,0.012700000
sample,forward_host,ordered4,128,134,7,656,1.445343971,1.498600000,0.057400000,0.010900000
sample,forward_host,ordered4,128,135,7,39599,1.443199992,1.495600000,0.057400000,0.010700000
sample,forward_host,ordered4,128,136,7,1122,1.443840027,1.498600000,0.058100000,0.010300000
sample,forward_host,ordered4,128,137,7,291,1.459231973,1.518000000,0.069300000,0.014500000
sample,forward_host,ordered4,128,138,7,37346,1.455168009,1.508300000,0.066800000,0.013400000
sample,forward_host,ordered4,128,139,7,764,1.448575974,1.500500000,0.058200000,0.010500000
sample,forward_host,ordered4,128,140,7,8074,1.449856043,1.657300000,0.057300000,0.010800000
sample,forward_host,ordered4,128,141,7,20272,1.455584049,1.513600000,0.059500000,0.010900000
sample,forward_host,ordered4,128,142,7,9106,1.466016054,1.516500000,0.071100000,0.014700000
sample,forward_host,ordered4,128,143,7,3876,1.451871991,1.500000000,0.074100000,0.010900000
sample,forward_host,original,128,128,7,284,1.358047962,1.418500000,0.056900000,0.011000000
sample,forward_host,original,128,129,7,257,1.368031979,1.424600000,0.084000000,0.012700000
sample,forward_host,original,128,130,7,614,1.374047995,1.458300000,0.070500000,0.013300000
sample,forward_host,original,128,131,7,878,1.406399965,1.479000000,0.114300000,0.033600000
sample,forward_host,original,128,132,7,289,1.381376028,1.436400000,0.077900000,0.018200000
sample,forward_host,original,128,133,7,19775,1.375391960,1.432600000,0.063200000,0.011600000
sample,forward_host,original,128,134,7,656,1.384639978,1.445700000,0.070000000,0.016900000
sample,forward_host,original,128,135,7,39599,1.370399952,1.423200000,0.066700000,0.013300000
sample,forward_host,original,128,136,7,1122,1.369984031,1.508100000,0.058200000,0.011000000
sample,forward_host,original,128,137,7,291,1.372575998,1.431400000,0.057600000,0.010900000
sample,forward_host,original,128,138,7,37346,1.374240041,1.430400000,0.090700000,0.010900000
sample,forward_host,original,128,139,7,764,1.381760001,1.439700000,0.072400000,0.013700000
sample,forward_host,original,128,140,7,8074,1.377503991,1.429900000,0.064900000,0.012400000
sample,forward_host,original,128,141,7,20272,1.376543999,1.434000000,0.057700000,0.010400000
sample,forward_host,original,128,142,7,9106,1.380319953,1.433000000,0.059200000,0.010900000
sample,forward_host,original,128,143,7,3876,1.382207990,1.436000000,0.074700000,0.016000000
sample,forward_host,original,128,128,8,284,1.369567990,1.423300000,0.072400000,0.013600000
sample,forward_host,original,128,129,8,257,1.367583990,1.420100000,0.058500000,0.010900000
sample,forward_host,original,128,130,8,614,1.366976023,1.421600000,0.058500000,0.010400000
sample,forward_host,original,128,131,8,878,1.364384055,1.417300000,0.057200000,0.010900000
sample,forward_host,original,128,132,8,289,1.367616057,1.421200000,0.065600000,0.011600000
sample,forward_host,original,128,133,8,19775,1.370368004,1.423200000,0.057900000,0.010500000
sample,forward_host,original,128,134,8,656,1.373216033,1.428300000,0.057400000,0.010700000
sample,forward_host,original,128,135,8,39599,1.366623998,1.422000000,0.087700000,0.011000000
sample,forward_host,original,128,136,8,1122,1.369343996,1.420400000,0.058000000,0.010700000
sample,forward_host,original,128,137,8,291,1.372095942,1.432300000,0.058500000,0.010600000
sample,forward_host,original,128,138,8,37346,1.412639976,1.482000000,0.104600000,0.029000000
sample,forward_host,original,128,139,8,764,1.393983960,1.456800000,0.080400000,0.020000000
sample,forward_host,original,128,140,8,8074,1.386528015,1.443400000,0.071100000,0.014000000
sample,forward_host,original,128,141,8,20272,1.380383968,1.435800000,0.091300000,0.013700000
sample,forward_host,original,128,142,8,9106,1.379423976,1.433700000,0.082300000,0.010800000
sample,forward_host,original,128,143,8,3876,1.371199965,1.425900000,0.058200000,0.010700000
sample,forward_host,ordered4,128,128,8,284,1.442463994,1.491000000,0.064400000,0.014600000
sample,forward_host,ordered4,128,129,8,257,1.437631965,1.484300000,0.052200000,0.011400000
sample,forward_host,ordered4,128,130,8,614,1.439808011,1.486500000,0.050900000,0.010600000
sample,forward_host,ordered4,128,131,8,878,1.437183976,1.486200000,0.052200000,0.011000000
sample,forward_host,ordered4,128,132,8,289,1.439360023,1.493300000,0.053500000,0.010700000
sample,forward_host,ordered4,128,133,8,19775,1.443743944,1.490300000,0.054400000,0.010900000
sample,forward_host,ordered4,128,134,8,656,1.442847967,1.494000000,0.050800000,0.010400000
sample,forward_host,ordered4,128,135,8,39599,1.443743944,1.499300000,0.077900000,0.010200000
sample,forward_host,ordered4,128,136,8,1122,1.444800019,1.522400000,0.079600000,0.010500000
sample,forward_host,ordered4,128,137,8,291,1.448256016,1.523000000,0.078700000,0.010700000
sample,forward_host,ordered4,128,138,8,37346,1.473216057,1.532800000,0.100400000,0.019400000
sample,forward_host,ordered4,128,139,8,764,1.475551963,1.550300000,0.095800000,0.024300000
sample,forward_host,ordered4,128,140,8,8074,1.451967955,1.508500000,0.063600000,0.013700000
sample,forward_host,ordered4,128,141,8,20272,1.470304012,1.528600000,0.106100000,0.017800000
sample,forward_host,ordered4,128,142,8,9106,1.468768001,1.525700000,0.077000000,0.018200000
sample,forward_host,ordered4,128,143,8,3876,1.455999970,1.509500000,0.058000000,0.011100000
sample,forward_host,ordered4,128,128,9,284,1.431615949,1.479000000,0.052500000,0.011000000
sample,forward_host,ordered4,128,129,9,257,1.436480045,1.483200000,0.052500000,0.011100000
sample,forward_host,ordered4,128,130,9,614,1.439264059,1.485800000,0.072400000,0.010600000
sample,forward_host,ordered4,128,131,9,878,1.437888026,1.530100000,0.050600000,0.010300000
sample,forward_host,ordered4,128,132,9,289,1.473760009,1.674300000,0.106200000,0.031500000
sample,forward_host,ordered4,128,133,9,19775,1.642367959,1.811900000,0.437700000,0.120700000
sample,forward_host,ordered4,128,134,9,656,1.469311953,1.533400000,0.096300000,0.023100000
sample,forward_host,ordered4,128,135,9,39599,1.447263956,1.501500000,0.089500000,0.012700000
sample,forward_host,ordered4,128,136,9,1122,1.442783952,1.497300000,0.055100000,0.010800000
sample,forward_host,ordered4,128,137,9,291,1.450464010,1.507900000,0.079800000,0.010900000
sample,forward_host,ordered4,128,138,9,37346,1.459936023,1.520500000,0.067900000,0.013300000
sample,forward_host,ordered4,128,139,9,764,1.454048038,1.509800000,0.067200000,0.013700000
sample,forward_host,ordered4,128,140,9,8074,1.449344039,1.502800000,0.059400000,0.010600000
sample,forward_host,ordered4,128,141,9,20272,1.455839992,1.526600000,0.059200000,0.011100000
sample,forward_host,ordered4,128,142,9,9106,1.475839972,1.538600000,0.077300000,0.019500000
sample,forward_host,ordered4,128,143,9,3876,1.456575990,1.512100000,0.066700000,0.013100000
sample,forward_host,original,128,128,9,284,1.358816028,1.412600000,0.080300000,0.011000000
sample,forward_host,original,128,129,9,257,1.366111994,1.420600000,0.078100000,0.011100000
sample,forward_host,original,128,130,9,614,1.365599990,1.419800000,0.076200000,0.010700000
sample,forward_host,original,128,131,9,878,1.366143942,1.419900000,0.058700000,0.011200000
sample,forward_host,original,128,132,9,289,1.368127942,1.420200000,0.079700000,0.011100000
sample,forward_host,original,128,133,9,19775,1.368352056,1.423400000,0.056200000,0.011100000
sample,forward_host,original,128,134,9,656,1.378239989,1.450800000,0.065400000,0.012500000
sample,forward_host,original,128,135,9,39599,1.387840033,1.447500000,0.081300000,0.020700000
sample,forward_host,original,128,136,9,1122,1.372864008,1.429700000,0.060200000,0.011700000
sample,forward_host,original,128,137,9,291,1.372223973,1.427000000,0.057600000,0.010700000
sample,forward_host,original,128,138,9,37346,1.374400020,1.457200000,0.081400000,0.010700000
sample,forward_host,original,128,139,9,764,1.390848041,1.442600000,0.085400000,0.022500000
sample,forward_host,original,128,140,9,8074,1.379807949,1.427100000,0.057600000,0.012500000
sample,forward_host,original,128,141,9,20272,1.377215981,1.422800000,0.051600000,0.011100000
sample,forward_host,original,128,142,9,9106,1.378432035,1.431000000,0.051300000,0.010700000
sample,forward_host,original,128,143,9,3876,1.384415984,1.437200000,0.069900000,0.017700000
sample,forward_host,original,128,128,10,284,1.361760020,1.415200000,0.058400000,0.011000000
sample,forward_host,original,128,129,10,257,1.378335953,1.442500000,0.068500000,0.014200000
sample,forward_host,original,128,130,10,614,1.374464035,1.472600000,0.063600000,0.011600000
sample,forward_host,original,128,131,10,878,1.409152031,1.471500000,0.136900000,0.039400000
sample,forward_host,original,128,132,10,289,1.392287970,1.454700000,0.084100000,0.025100000
sample,forward_host,original,128,133,10,19775,1.392863989,1.445400000,0.078500000,0.020400000
sample,forward_host,original,128,134,10,656,1.375808001,1.419300000,0.054700000,0.012400000
sample,forward_host,original,128,135,10,39599,1.365023971,1.427600000,0.050900000,0.011000000
sample,forward_host,original,128,136,10,1122,1.389760017,1.452900000,0.088000000,0.019900000
sample,forward_host,original,128,137,10,291,1.394528031,1.460400000,0.080600000,0.022100000
sample,forward_host,original,128,138,10,37346,1.385663986,1.440800000,0.070100000,0.015200000
sample,forward_host,original,128,139,10,764,1.374336004,1.432900000,0.062700000,0.011500000
sample,forward_host,original,128,140,10,8074,1.378239989,1.480200000,0.061800000,0.011900000
sample,forward_host,original,128,141,10,20272,1.410976052,1.482600000,0.110600000,0.027100000
sample,forward_host,original,128,142,10,9106,1.411743999,1.474500000,0.093200000,0.029400000
sample,forward_host,original,128,143,10,3876,1.379680037,1.438200000,0.068400000,0.013900000
sample,forward_host,ordered4,128,128,10,284,1.453951955,1.617700000,0.082800000,0.019300000
sample,forward_host,ordered4,128,129,10,257,1.442816019,1.505400000,0.068400000,0.012200000
sample,forward_host,ordered4,128,130,10,614,1.448127985,1.516400000,0.071800000,0.013400000
sample,forward_host,ordered4,128,131,10,878,1.442656040,1.503300000,0.070400000,0.013300000
sample,forward_host,ordered4,128,132,10,289,1.454239964,1.519600000,0.077400000,0.017400000
sample,forward_host,ordered4,128,133,10,19775,1.472831964,1.532600000,0.107900000,0.023600000
sample,forward_host,ordered4,128,134,10,656,1.461536050,1.520900000,0.079500000,0.021500000
sample,forward_host,ordered4,128,135,10,39599,1.457407951,1.544300000,0.074800000,0.016200000
sample,forward_host,ordered4,128,136,10,1122,1.447615981,1.505400000,0.061700000,0.013700000
sample,forward_host,ordered4,128,137,10,291,1.458943963,1.510700000,0.078200000,0.016200000
sample,forward_host,ordered4,128,138,10,37346,1.463199973,1.518300000,0.067900000,0.016700000
sample,forward_host,ordered4,128,139,10,764,1.478495955,1.535800000,0.102800000,0.026500000
sample,forward_host,ordered4,128,140,10,8074,1.467519999,1.533300000,0.070500000,0.019800000
sample,forward_host,ordered4,128,141,10,20272,1.461887956,1.530700000,0.061100000,0.012900000
sample,forward_host,ordered4,128,142,10,9106,1.459648013,1.508100000,0.061900000,0.014800000
sample,forward_host,ordered4,128,143,10,3876,1.456544042,1.503700000,0.055400000,0.011800000
sample,forward_host,ordered4,128,128,11,284,1.436735988,1.483900000,0.061200000,0.011400000
sample,forward_host,ordered4,128,129,11,257,1.462208033,1.518500000,0.086200000,0.020500000
sample,forward_host,ordered4,128,130,11,614,1.453376055,1.504600000,0.064500000,0.015900000
sample,forward_host,ordered4,128,131,11,878,1.439039946,1.486600000,0.054400000,0.011600000
sample,forward_host,ordered4,128,132,11,289,1.439264059,1.488300000,0.051800000,0.010900000
sample,forward_host,ordered4,128,133,11,19775,1.447487950,1.495700000,0.062600000,0.013100000
sample,forward_host,ordered4,128,134,11,656,1.444640040,1.529900000,0.052700000,0.011000000
sample,forward_host,ordered4,128,135,11,39599,1.470239997,1.529200000,0.088200000,0.024900000
sample,forward_host,ordered4,128,136,11,1122,1.452095985,1.530700000,0.065100000,0.015500000
sample,forward_host,ordered4,128,137,11,291,1.451904058,1.509000000,0.063400000,0.012300000
sample,forward_host,ordered4,128,138,11,37346,1.456928015,1.527200000,0.062600000,0.012500000
sample,forward_host,ordered4,128,139,11,764,1.465312004,1.524100000,0.073600000,0.018500000
sample,forward_host,ordered4,128,140,11,8074,1.451936007,1.504300000,0.059000000,0.011300000
sample,forward_host,ordered4,128,141,11,20272,1.455135942,1.506600000,0.088800000,0.011200000
sample,forward_host,ordered4,128,142,11,9106,1.461791992,1.516200000,0.065300000,0.012900000
sample,forward_host,ordered4,128,143,11,3876,1.465247989,1.525400000,0.071600000,0.016000000
sample,forward_host,original,128,128,11,284,1.374879956,1.434300000,0.079300000,0.017100000
sample,forward_host,original,128,129,11,257,1.368095994,1.422100000,0.060100000,0.011800000
sample,forward_host,original,128,130,11,614,1.369120002,1.421200000,0.058800000,0.011100000
sample,forward_host,original,128,131,11,878,1.365440011,1.424800000,0.058200000,0.010600000
sample,forward_host,original,128,132,11,289,1.365247965,1.417400000,0.058300000,0.010600000
sample,forward_host,original,128,133,11,19775,1.370368004,1.422900000,0.058100000,0.011200000
sample,forward_host,original,128,134,11,656,1.375072002,1.445300000,0.058100000,0.010700000
sample,forward_host,original,128,135,11,39599,1.366559982,1.420400000,0.056800000,0.010300000
sample,forward_host,original,128,136,11,1122,1.369791985,1.423600000,0.058100000,0.010500000
sample,forward_host,original,128,137,11,291,1.373152018,1.442300000,0.057700000,0.010900000
sample,forward_host,original,128,138,11,37346,1.374879956,1.426400000,0.061200000,0.010900000
sample,forward_host,original,128,139,11,764,1.374464035,1.424900000,0.064200000,0.012500000
sample,forward_host,original,128,140,11,8074,1.376512051,1.424600000,0.059600000,0.012200000
sample,forward_host,original,128,141,11,20272,1.377920032,1.426600000,0.052200000,0.010500000
sample,forward_host,original,128,142,11,9106,1.377087951,1.425700000,0.076300000,0.010400000
sample,forward_host,original,128,143,11,3876,1.369696021,1.418700000,0.052700000,0.010500000
sample,forward_host,original,128,128,12,284,1.360000014,1.413200000,0.058300000,0.011000000
sample,forward_host,original,128,129,12,257,1.367519975,1.418500000,0.086500000,0.010800000
sample,forward_host,original,128,130,12,614,1.368191957,1.419900000,0.057700000,0.010500000
sample,forward_host,original,128,131,12,878,1.365856051,1.417200000,0.057600000,0.010600000
sample,forward_host,original,128,132,12,289,1.366912007,1.419800000,0.081000000,0.010600000
sample,forward_host,original,128,133,12,19775,1.369951963,1.435700000,0.058300000,0.010600000
sample,forward_host,original,128,134,12,656,1.400192022,1.467400000,0.098100000,0.027100000
sample,forward_host,original,128,135,12,39599,1.382431984,1.449100000,0.075100000,0.017900000
sample,forward_host,original,128,136,12,1122,1.381728053,1.438900000,0.077700000,0.018300000
sample,forward_host,original,128,137,12,291,1.379616022,1.436900000,0.067400000,0.013200000
sample,forward_host,original,128,138,12,37346,1.377024055,1.430400000,0.061200000,0.011600000
sample,forward_host,original,128,139,12,764,1.373280048,1.428900000,0.059800000,0.010500000
sample,forward_host,original,128,140,12,8074,1.372704029,1.427100000,0.060900000,0.010500000
sample,forward_host,original,128,141,12,20272,1.377856016,1.433000000,0.058800000,0.010900000
sample,forward_host,original,128,142,12,9106,1.381600022,1.436200000,0.058600000,0.011500000
sample,forward_host,original,128,143,12,3876,1.372671962,1.446400000,0.064000000,0.012400000
sample,forward_host,ordered4,128,128,12,284,1.433632016,1.486200000,0.057500000,0.011000000
sample,forward_host,ordered4,128,129,12,257,1.440927982,1.495300000,0.056700000,0.010900000
sample,forward_host,ordered4,128,130,12,614,1.442271948,1.496100000,0.055800000,0.010700000
sample,forward_host,ordered4,128,131,12,878,1.438016057,1.503000000,0.058100000,0.010800000
sample,forward_host,ordered4,128,132,12,289,1.440768003,1.494800000,0.059700000,0.010700000
sample,forward_host,ordered4,128,133,12,19775,1.443071961,1.495500000,0.056100000,0.010800000
sample,forward_host,ordered4,128,134,12,656,1.445760012,1.496900000,0.055700000,0.010900000
sample,forward_host,ordered4,128,135,12,39599,1.442016006,1.507300000,0.076000000,0.010600000
sample,forward_host,ordered4,128,136,12,1122,1.465791941,1.528100000,0.076600000,0.021000000
sample,forward_host,ordered4,128,137,12,291,1.450304031,1.504900000,0.060700000,0.011100000
sample,forward_host,ordered4,128,138,12,37346,1.451135993,1.500400000,0.081300000,0.010800000
sample,forward_host,ordered4,128,139,12,764,1.446912050,1.495100000,0.071600000,0.010300000
sample,forward_host,ordered4,128,140,12,8074,1.449087977,1.498500000,0.071600000,0.010500000
sample,forward_host,ordered4,128,141,12,20272,1.453791976,1.515000000,0.074200000,0.010500000
sample,forward_host,ordered4,128,142,12,9106,1.473567963,1.529700000,0.071000000,0.017500000
sample,forward_host,ordered4,128,143,12,3876,1.459200025,1.506100000,0.065100000,0.013100000
sample,forward_host,ordered4,128,128,13,284,1.431839943,1.479700000,0.059100000,0.010800000
sample,forward_host,ordered4,128,129,13,257,1.437183976,1.505500000,0.072900000,0.010600000
sample,forward_host,ordered4,128,130,13,614,1.462720037,1.516100000,0.076200000,0.025400000
sample,forward_host,ordered4,128,131,13,878,1.439584017,1.488400000,0.075600000,0.011200000
sample,forward_host,ordered4,128,132,13,289,1.439615965,1.500900000,0.053300000,0.010700000
sample,forward_host,ordered4,128,133,13,19775,1.440479994,1.512600000,0.052800000,0.010300000
sample,forward_host,ordered4,128,134,13,656,1.459776044,1.518600000,0.079800000,0.017400000
sample,forward_host,ordered4,128,135,13,39599,1.455135942,1.517000000,0.063300000,0.016400000
sample,forward_host,ordered4,128,136,13,1122,1.460512042,1.520200000,0.075500000,0.017500000
sample,forward_host,ordered4,128,137,13,291,1.449247956,1.500600000,0.057400000,0.011000000
sample,forward_host,ordered4,128,138,13,37346,1.450144053,1.501500000,0.056800000,0.010600000
sample,forward_host,ordered4,128,139,13,764,1.449663997,1.501800000,0.058500000,0.011300000
sample,forward_host,ordered4,128,140,13,8074,1.451007962,1.505400000,0.056900000,0.011500000
sample,forward_host,ordered4,128,141,13,20272,1.457119942,1.509500000,0.082500000,0.012500000
sample,forward_host,ordered4,128,142,13,9106,1.455711961,1.507900000,0.056300000,0.010800000
sample,forward_host,ordered4,128,143,13,3876,1.453888059,1.519400000,0.057700000,0.010800000
sample,forward_host,original,128,128,13,284,1.359552026,1.409600000,0.074100000,0.011000000
sample,forward_host,original,128,129,13,257,1.365344048,1.413700000,0.068400000,0.010600000
sample,forward_host,original,128,130,13,614,1.366976023,1.415000000,0.051000000,0.010800000
sample,forward_host,original,128,131,13,878,1.363008022,1.411100000,0.053600000,0.011000000
sample,forward_host,original,128,132,13,289,1.368703961,1.421100000,0.055200000,0.010600000
sample,forward_host,original,128,133,13,19775,1.368224025,1.417400000,0.073500000,0.010700000
sample,forward_host,original,128,134,13,656,1.371456027,1.449200000,0.071300000,0.010900000
sample,forward_host,original,128,135,13,39599,1.403424025,1.470000000,0.102700000,0.032200000
sample,forward_host,original,128,136,13,1122,1.385792017,1.547300000,0.078200000,0.020800000
sample,forward_host,original,128,137,13,291,1.477247953,1.554100000,0.284400000,0.078400000
sample,forward_host,original,128,138,13,37346,1.378623962,1.436000000,0.066800000,0.013300000
sample,forward_host,original,128,139,13,764,1.379583955,1.435100000,0.065300000,0.012000000
sample,forward_host,original,128,140,13,8074,1.377696037,1.435500000,0.063400000,0.012100000
sample,forward_host,original,128,141,13,20272,1.380319953,1.432700000,0.082400000,0.011000000
sample,forward_host,original,128,142,13,9106,1.381119967,1.433500000,0.061400000,0.011700000
sample,forward_host,original,128,143,13,3876,1.372575998,1.427900000,0.060200000,0.010900000
sample,forward_host,original,128,128,14,284,1.362527966,1.418000000,0.068700000,0.013300000
sample,forward_host,original,128,129,14,257,1.367040038,1.421700000,0.081600000,0.010900000
sample,forward_host,original,128,130,14,614,1.368127942,1.423100000,0.081500000,0.011100000
sample,forward_host,original,128,131,14,878,1.367104053,1.424200000,0.059700000,0.011800000
sample,forward_host,original,128,132,14,289,1.369120002,1.423700000,0.065200000,0.012600000
sample,forward_host,original,128,133,14,19775,1.371327996,1.425500000,0.081900000,0.011100000
sample,forward_host,original,128,134,14,656,1.370623946,1.424500000,0.076800000,0.010900000
sample,forward_host,original,128,135,14,39599,1.381152034,1.439800000,0.071300000,0.016100000
sample,forward_host,original,128,136,14,1122,1.368896008,1.441700000,0.058800000,0.011600000
sample,forward_host,original,128,137,14,291,1.400575995,1.464100000,0.094200000,0.024900000
sample,forward_host,original,128,138,14,37346,1.416192055,1.488000000,0.141600000,0.032800000
sample,forward_host,original,128,139,14,764,1.385632038,1.481400000,0.074400000,0.016100000
sample,forward_host,original,128,140,14,8074,1.378656030,1.432300000,0.069000000,0.013600000
sample,forward_host,original,128,141,14,20272,1.377056003,1.431800000,0.081800000,0.011200000
sample,forward_host,original,128,142,14,9106,1.382272005,1.436500000,0.065500000,0.012900000
sample,forward_host,original,128,143,14,3876,1.373311996,1.428100000,0.057900000,0.010800000
sample,forward_host,ordered4,128,128,14,284,1.431136012,1.480900000,0.097700000,0.010800000
sample,forward_host,ordered4,128,129,14,257,1.455392003,1.513300000,0.074600000,0.018400000
sample,forward_host,ordered4,128,130,14,614,1.446848035,1.493900000,0.062800000,0.013100000
sample,forward_host,ordered4,128,131,14,878,1.435807943,1.492600000,0.071600000,0.010300000
sample,forward_host,ordered4,128,132,14,289,1.441375971,1.487700000,0.053600000,0.011000000
sample,forward_host,ordered4,128,133,14,19775,1.447584033,1.498400000,0.057500000,0.011400000
sample,forward_host,ordered4,128,134,14,656,1.447199941,1.494000000,0.058900000,0.012600000
sample,forward_host,ordered4,128,135,14,39599,1.441151977,1.493300000,0.051600000,0.010500000
sample,forward_host,ordered4,128,136,14,1122,1.443199992,1.528600000,0.051900000,0.010400000
sample,forward_host,ordered4,128,137,14,291,1.449120045,1.497600000,0.058700000,0.011900000
sample,forward_host,ordered4,128,138,14,37346,1.449920058,1.498000000,0.053800000,0.011100000
sample,forward_host,ordered4,128,139,14,764,1.446655989,1.496800000,0.051300000,0.010200000
sample,forward_host,ordered4,128,140,14,8074,1.451679945,1.538600000,0.073200000,0.011900000
sample,forward_host,ordered4,128,141,14,20272,1.485344052,1.809500000,0.090100000,0.026800000
sample,forward_host,ordered4,128,142,14,9106,1.486912012,1.571100000,0.087000000,0.031800000
sample,forward_host,ordered4,128,143,14,3876,1.466400027,1.551000000,0.068700000,0.016900000
sample,forward_host,ordered4,128,128,15,284,1.433823943,1.494200000,0.059400000,0.011300000
sample,forward_host,ordered4,128,129,15,257,1.457823992,1.513100000,0.069600000,0.015800000
sample,forward_host,ordered4,128,130,15,614,1.453984022,1.511800000,0.077700000,0.017000000
sample,forward_host,ordered4,128,131,15,878,1.440991998,1.497000000,0.059000000,0.011400000
sample,forward_host,ordered4,128,132,15,289,1.441344023,1.493900000,0.058800000,0.011600000
sample,forward_host,ordered4,128,133,15,19775,1.455872059,1.517800000,0.070600000,0.015000000
sample,forward_host,ordered4,128,134,15,656,1.463296056,1.523600000,0.078600000,0.017000000
sample,forward_host,ordered4,128,135,15,39599,1.447456002,1.502600000,0.066300000,0.012500000
sample,forward_host,ordered4,128,136,15,1122,1.444864035,1.521600000,0.079600000,0.010200000
sample,forward_host,ordered4,128,137,15,291,1.450495958,1.547100000,0.057100000,0.010500000
sample,forward_host,ordered4,128,138,15,37346,1.473600030,1.539000000,0.088100000,0.021200000
sample,forward_host,ordered4,128,139,15,764,1.458207965,1.506400000,0.070900000,0.014100000
sample,forward_host,ordered4,128,140,15,8074,1.449887991,1.496300000,0.051800000,0.010800000
sample,forward_host,ordered4,128,141,15,20272,1.453439951,1.500900000,0.073600000,0.011000000
sample,forward_host,ordered4,128,142,15,9106,1.457504034,1.504200000,0.054300000,0.010900000
sample,forward_host,ordered4,128,143,15,3876,1.464256048,1.511100000,0.070400000,0.014800000
sample,forward_host,original,128,128,15,284,1.357280016,1.403700000,0.051600000,0.010600000
sample,forward_host,original,128,129,15,257,1.365856051,1.412900000,0.053700000,0.010500000
sample,forward_host,original,128,130,15,614,1.367712021,1.414400000,0.052000000,0.010700000
sample,forward_host,original,128,131,15,878,1.363008022,1.434600000,0.053000000,0.010300000
sample,forward_host,original,128,132,15,289,1.386080027,1.438700000,0.071000000,0.021400000
sample,forward_host,original,128,133,15,19775,1.375488043,1.426100000,0.058500000,0.012700000
sample,forward_host,original,128,134,15,656,1.370111942,1.418800000,0.072800000,0.010900000
sample,forward_host,original,128,135,15,39599,1.365087986,1.413700000,0.052200000,0.011000000
sample,forward_host,original,128,136,15,1122,1.368448019,1.416800000,0.052100000,0.011100000
sample,forward_host,original,128,137,15,291,1.373247981,1.420700000,0.051700000,0.010900000
sample,forward_host,original,128,138,15,37346,1.370944023,1.419500000,0.072500000,0.010600000
sample,forward_host,original,128,139,15,764,1.372159958,1.419500000,0.052200000,0.010800000
sample,forward_host,original,128,140,15,8074,1.369984031,1.418800000,0.071700000,0.010700000
sample,forward_host,original,128,141,15,20272,1.375040054,1.423200000,0.071600000,0.010600000
sample,forward_host,original,128,142,15,9106,1.379999995,1.426300000,0.071700000,0.010600000
sample,forward_host,original,128,143,15,3876,1.371616006,1.418600000,0.051200000,0.010700000
sample,forward_host,original,512,512,0,837,1.612576008,1.664700000,0.073900000,0.011400000
sample,forward_host,original,512,513,0,290,1.621376038,1.674200000,0.075000000,0.010900000
sample,forward_host,original,512,514,0,460,1.623008013,1.676800000,0.058100000,0.010900000
sample,forward_host,original,512,515,0,307,1.618880033,1.672600000,0.056000000,0.010900000
sample,forward_host,original,512,516,0,12606,1.619647980,1.689800000,0.056900000,0.010600000
sample,forward_host,original,512,517,0,32455,1.627967954,1.780700000,0.060500000,0.011000000
sample,forward_host,original,512,518,0,837,1.661599994,1.732100000,0.110900000,0.031500000
sample,forward_host,original,512,519,0,3584,1.640447974,1.701600000,0.080800000,0.018500000
sample,forward_host,original,512,520,0,45456,1.637472034,1.689400000,0.072300000,0.015300000
sample,forward_host,original,512,521,0,389,1.628288031,1.676500000,0.075500000,0.011400000
sample,forward_host,original,512,522,0,7485,1.628543973,1.676900000,0.052400000,0.010700000
sample,forward_host,original,512,523,0,284,1.626399994,1.675100000,0.052600000,0.010800000
sample,forward_host,original,512,524,0,3051,1.627295971,1.678900000,0.054400000,0.011600000
sample,forward_host,original,512,525,0,287,1.633311987,1.747000000,0.077900000,0.012600000
sample,forward_host,original,512,526,0,262,1.633504033,1.679300000,0.056500000,0.011400000
sample,forward_host,original,512,527,0,4295,1.623903990,1.683200000,0.052200000,0.011000000
sample,forward_host,ordered4,512,512,0,837,1.909279943,1.957300000,0.053600000,0.010800000
sample,forward_host,ordered4,512,513,0,290,1.915264010,1.967800000,0.053600000,0.010700000
sample,forward_host,ordered4,512,514,0,460,1.948415995,2.005900000,0.086900000,0.026300000
sample,forward_host,ordered4,512,515,0,307,1.934687972,1.988200000,0.073300000,0.020200000
sample,forward_host,ordered4,512,516,0,12606,1.917664051,1.976600000,0.055800000,0.011400000
sample,forward_host,ordered4,512,517,0,32455,1.934687972,1.983400000,0.064800000,0.017900000
sample,forward_host,ordered4,512,518,0,837,1.925024033,1.972700000,0.074700000,0.011000000
sample,forward_host,ordered4,512,519,0,3584,1.921887994,1.969500000,0.054500000,0.010600000
sample,forward_host,ordered4,512,520,0,45456,1.922943950,1.971100000,0.054600000,0.010500000
sample,forward_host,ordered4,512,521,0,389,1.925055981,1.972500000,0.073200000,0.010500000
sample,forward_host,ordered4,512,522,0,7485,1.926175952,1.974100000,0.053800000,0.010400000
sample,forward_host,ordered4,512,523,0,284,1.923776031,1.970300000,0.053300000,0.010500000
sample,forward_host,ordered4,512,524,0,3051,1.927168012,2.023100000,0.053000000,0.010600000
sample,forward_host,ordered4,512,525,0,287,1.963520050,2.038600000,0.098700000,0.027400000
sample,forward_host,ordered4,512,526,0,262,1.963647962,2.026200000,0.097800000,0.028700000
sample,forward_host,ordered4,512,527,0,4295,1.956704021,2.022400000,0.089000000,0.022000000
sample,forward_host,ordered4,512,512,1,837,1.935647964,1.987100000,0.077900000,0.023300000
sample,forward_host,ordered4,512,513,1,290,1.920832038,1.978900000,0.054500000,0.011600000
sample,forward_host,ordered4,512,514,1,460,1.934816003,1.986800000,0.071100000,0.021800000
sample,forward_host,ordered4,512,515,1,307,1.919360042,1.965800000,0.057500000,0.011400000
sample,forward_host,ordered4,512,516,1,12606,1.918239951,1.963800000,0.069000000,0.010700000
sample,forward_host,ordered4,512,517,1,32455,1.919744015,1.965600000,0.052000000,0.010900000
sample,forward_host,ordered4,512,518,1,837,1.920768023,1.966000000,0.069100000,0.010700000
sample,forward_host,ordered4,512,519,1,3584,1.919136047,1.964700000,0.070000000,0.010700000
sample,forward_host,ordered4,512,520,1,45456,1.919839978,1.964500000,0.069100000,0.010700000
sample,forward_host,ordered4,512,521,1,389,1.927871943,1.989700000,0.055900000,0.010900000
sample,forward_host,ordered4,512,522,1,7485,1.946400046,2.010800000,0.072400000,0.019300000
sample,forward_host,ordered4,512,523,1,284,1.927296042,1.973300000,0.070500000,0.011700000
sample,forward_host,ordered4,512,524,1,3051,1.943776011,2.001800000,0.064500000,0.015800000
sample,forward_host,ordered4,512,525,1,287,1.933024049,1.986000000,0.060900000,0.011200000
sample,forward_host,ordered4,512,526,1,262,1.935616016,1.989600000,0.057600000,0.011200000
sample,forward_host,ordered4,512,527,1,4295,1.931552052,1.984200000,0.059200000,0.011200000
sample,forward_host,original,512,512,1,837,1.613343954,1.661700000,0.073400000,0.011400000
sample,forward_host,original,512,513,1,290,1.617984056,1.666100000,0.055200000,0.011000000
sample,forward_host,original,512,514,1,460,1.622912049,1.676200000,0.054400000,0.012200000
sample,forward_host,original,512,515,1,307,1.617759943,1.671400000,0.057700000,0.011000000
sample,forward_host,original,512,516,1,12606,1.620767951,1.672600000,0.056400000,0.010500000
sample,forward_host,original,512,517,1,32455,1.623615980,1.750600000,0.055300000,0.010600000
sample,forward_host,original,512,518,1,837,1.654240012,1.718200000,0.089100000,0.029800000
sample,forward_host,original,512,519,1,3584,1.638272047,1.699000000,0.083300000,0.020300000
sample,forward_host,original,512,520,1,45456,1.624832034,1.681300000,0.079100000,0.011500000
sample,forward_host,original,512,521,1,389,1.639616013,1.698200000,0.073300000,0.016600000
sample,forward_host,original,512,522,1,7485,1.628767967,1.682900000,0.082300000,0.011400000
sample,forward_host,original,512,523,1,284,1.626688004,1.680200000,0.081800000,0.011000000
sample,forward_host,original,512,524,1,3051,1.628224015,1.681800000,0.077100000,0.010800000
sample,forward_host,original,512,525,1,287,1.632735968,1.686200000,0.078500000,0.011800000
sample,forward_host,original,512,526,1,262,1.632032037,1.683500000,0.058100000,0.010900000
sample,forward_host,original,512,527,1,4295,1.625823975,1.689100000,0.057900000,0.010600000
sample,forward_host,original,512,512,2,837,1.646752000,1.739200000,0.114400000,0.030500000
sample,forward_host,original,512,513,2,290,1.666784048,1.732400000,0.108000000,0.041100000
sample,forward_host,original,512,514,2,460,1.634240031,1.691700000,0.072400000,0.017400000
sample,forward_host,original,512,515,2,307,1.641343951,1.691300000,0.083300000,0.021400000
sample,forward_host,original,512,516,2,12606,1.622815967,1.665900000,0.056300000,0.011100000
sample,forward_host,original,512,517,2,32455,1.626047969,1.678300000,0.053000000,0.010900000
sample,forward_host,original,512,518,2,837,1.628383994,1.681500000,0.080300000,0.010900000
sample,forward_host,original,512,519,2,3584,1.623360038,1.680900000,0.057900000,0.011700000
sample,forward_host,original,512,520,2,45456,1.629472017,1.682200000,0.067000000,0.017100000
sample,forward_host,original,512,521,2,389,1.627135992,1.725400000,0.058700000,0.011200000
sample,forward_host,original,512,522,2,7485,1.681184053,1.753200000,0.109300000,0.044000000
sample,forward_host,original,512,523,2,284,1.629663944,1.684200000,0.060600000,0.012200000
sample,forward_host,original,512,524,2,3051,1.625887990,1.680400000,0.058200000,0.010800000
sample,forward_host,original,512,525,2,287,1.633440018,1.687000000,0.059500000,0.010600000
sample,forward_host,original,512,526,2,262,1.633856058,1.687700000,0.058100000,0.010400000
sample,forward_host,original,512,527,2,4295,1.623167992,1.676800000,0.081000000,0.010600000
sample,forward_host,ordered4,512,512,2,837,1.937855959,2.140300000,0.071700000,0.022600000
sample,forward_host,ordered4,512,513,2,290,2.045887947,2.122300000,0.369700000,0.084800000
sample,forward_host,ordered4,512,514,2,460,1.925984025,1.982900000,0.063000000,0.012900000
sample,forward_host,ordered4,512,515,2,307,1.931679964,1.991600000,0.076000000,0.016500000
sample,forward_host,ordered4,512,516,2,12606,1.925088048,1.981100000,0.073600000,0.014100000
sample,forward_host,ordered4,512,517,2,32455,1.923007965,1.978500000,0.082600000,0.011100000
sample,forward_host,ordered4,512,518,2,837,1.924319983,1.978000000,0.061600000,0.012000000
sample,forward_host,ordered4,512,519,2,3584,1.921823978,1.989900000,0.059200000,0.010800000
sample,forward_host,ordered4,512,520,2,45456,1.941663980,2.002800000,0.079100000,0.021700000
sample,forward_host,ordered4,512,521,2,389,1.937471986,1.995800000,0.070800000,0.014800000
sample,forward_host,ordered4,512,522,2,7485,1.929216027,1.983400000,0.082600000,0.011600000
sample,forward_host,ordered4,512,523,2,284,1.925727963,1.980300000,0.059500000,0.010500000
sample,forward_host,ordered4,512,524,2,3051,1.926079988,1.980500000,0.058600000,0.010800000
sample,forward_host,ordered4,512,525,2,287,1.930495977,1.984200000,0.058500000,0.010300000
sample,forward_host,ordered4,512,526,2,262,1.933215976,1.986000000,0.077200000,0.010700000
sample,forward_host,ordered4,512,527,2,4295,1.929823995,1.989200000,0.076500000,0.010500000
sample,forward_host,ordered4,512,512,3,837,1.911872029,1.964800000,0.057700000,0.010900000
sample,forward_host,ordered4,512,513,3,290,1.917215943,1.971900000,0.058800000,0.011700000
sample,forward_host,ordered4,512,514,3,460,1.921471953,1.971400000,0.063400000,0.012900000
sample,forward_host,ordered4,512,515,3,307,1.917664051,1.967300000,0.058700000,0.011000000
sample,forward_host,ordered4,512,516,3,12606,1.918527961,1.989600000,0.057500000,0.010800000
sample,forward_host,ordered4,512,517,3,32455,1.974496007,2.046200000,0.137600000,0.042600000
sample,forward_host,ordered4,512,518,3,837,1.936287999,1.992600000,0.075000000,0.017000000
sample,forward_host,ordered4,512,519,3,3584,1.924576044,1.978100000,0.062600000,0.012800000
sample,forward_host,ordered4,512,520,3,45456,1.925088048,1.978700000,0.066900000,0.013600000
sample,forward_host,ordered4,512,521,3,389,1.927647948,1.978600000,0.060200000,0.011000000
sample,forward_host,ordered4,512,522,3,7485,1.925472021,1.978000000,0.057800000,0.010400000
sample,forward_host,ordered4,512,523,3,284,1.934432030,1.986100000,0.071200000,0.014800000
sample,forward_host,ordered4,512,524,3,3051,1.926496029,1.991100000,0.059800000,0.011200000
sample,forward_host,ordered4,512,525,3,287,1.954687953,2.005400000,0.080800000,0.025900000
sample,forward_host,ordered4,512,526,3,262,1.940703988,1.989100000,0.056300000,0.011800000
sample,forward_host,ordered4,512,527,3,4295,1.930624008,1.976900000,0.055800000,0.010900000
sample,forward_host,original,512,512,3,837,1.613855958,1.667400000,0.086800000,0.011800000
sample,forward_host,original,512,513,3,290,1.621503949,1.687500000,0.056800000,0.010700000
sample,forward_host,original,512,514,3,460,1.633759975,1.688600000,0.067200000,0.014700000
sample,forward_host,original,512,515,3,307,1.619647980,1.674200000,0.077100000,0.011300000
sample,forward_host,original,512,516,3,12606,1.622143984,1.676100000,0.058400000,0.010900000
sample,forward_host,original,512,517,3,32455,1.624959946,1.679700000,0.081300000,0.010800000
sample,forward_host,original,512,518,3,837,1.632480025,1.687100000,0.061900000,0.014600000
sample,forward_host,original,512,519,3,3584,1.618944049,1.667700000,0.058000000,0.010500000
sample,forward_host,original,512,520,3,45456,1.622688055,1.670600000,0.053100000,0.011000000
sample,forward_host,original,512,521,3,389,1.625375986,1.675900000,0.052800000,0.010700000
sample,forward_host,original,512,522,3,7485,1.628064036,1.675500000,0.074600000,0.010700000
sample,forward_host,original,512,523,3,284,1.624511957,1.684000000,0.052300000,0.010500000
sample,forward_host,original,512,524,3,3051,1.665824056,1.731800000,0.101900000,0.031100000
sample,forward_host,original,512,525,3,287,1.657824039,1.712100000,0.093100000,0.025800000
sample,forward_host,original,512,526,3,262,1.642176032,1.694400000,0.082500000,0.015300000
sample,forward_host,original,512,527,3,4295,1.623903990,1.671700000,0.052500000,0.011200000
sample,forward_host,original,512,512,4,837,1.624191999,1.680200000,0.075600000,0.015700000
sample,forward_host,original,512,513,4,290,1.623968005,1.692200000,0.061400000,0.011400000
sample,forward_host,original,512,514,4,460,1.636736035,1.701600000,0.083800000,0.015300000
sample,forward_host,original,512,515,4,307,1.651487947,1.717600000,0.101800000,0.028200000
sample,forward_host,original,512,516,4,12606,1.624959946,1.680000000,0.093300000,0.013000000
sample,forward_host,original,512,517,4,32455,1.645408034,1.728300000,0.079000000,0.016400000
sample,forward_host,original,512,518,4,837,1.652160048,1.713400000,0.085900000,0.024700000
sample,forward_host,original,512,519,4,3584,1.625344038,1.678400000,0.068700000,0.013200000
sample,forward_host,original,512,520,4,45456,1.622431993,1.685700000,0.058300000,0.010900000
sample,forward_host,original,512,521,4,389,1.627455950,1.687700000,0.061200000,0.011800000
sample,forward_host,original,512,522,4,7485,1.640223980,1.696200000,0.074700000,0.017300000
sample,forward_host,original,512,523,4,284,1.626688004,1.704200000,0.067000000,0.013000000
sample,forward_host,original,512,524,4,3051,1.639359951,1.698600000,0.080800000,0.017100000
sample,forward_host,original,512,525,4,287,1.649248004,1.712900000,0.079200000,0.019300000
sample,forward_host,original,512,526,4,262,1.643391967,1.699100000,0.072700000,0.014400000
sample,forward_host,original,512,527,4,4295,1.629184008,1.749800000,0.068700000,0.013300000
sample,forward_host,ordered4,512,512,4,837,1.913759947,1.971100000,0.067100000,0.013500000
sample,forward_host,ordered4,512,513,4,290,1.919551969,1.987700000,0.091100000,0.012500000
sample,forward_host,ordered4,512,514,4,460,1.942592025,1.994800000,0.068100000,0.013500000
sample,forward_host,ordered4,512,515,4,307,1.914592028,1.962100000,0.074100000,0.010800000
sample,forward_host,ordered4,512,516,4,12606,1.918015957,1.966900000,0.053700000,0.011000000
sample,forward_host,ordered4,512,517,4,32455,1.918975949,1.967200000,0.054900000,0.010900000
sample,forward_host,ordered4,512,518,4,837,1.922144055,1.968900000,0.053800000,0.011000000
sample,forward_host,ordered4,512,519,4,3584,1.922528028,1.969400000,0.054600000,0.010700000
sample,forward_host,ordered4,512,520,4,45456,1.920320034,1.972700000,0.072800000,0.010600000
sample,forward_host,ordered4,512,521,4,389,1.925119996,2.011500000,0.057600000,0.010600000
sample,forward_host,ordered4,512,522,4,7485,1.969280005,2.049300000,0.106800000,0.035200000
sample,forward_host,ordered4,512,523,4,284,1.951264024,2.012900000,0.090400000,0.023200000
sample,forward_host,ordered4,512,524,4,3051,1.930016041,1.985000000,0.086700000,0.011200000
sample,forward_host,ordered4,512,525,4,287,1.932639956,1.978700000,0.060200000,0.011500000
sample,forward_host,ordered4,512,526,4,262,1.937567949,1.995400000,0.086200000,0.012100000
sample,forward_host,ordered4,512,527,4,4295,1.938016057,1.993700000,0.070100000,0.013500000
sample,forward_host,ordered4,512,512,5,837,1.937855959,1.998400000,0.082300000,0.021400000
sample,forward_host,ordered4,512,513,5,290,1.929631948,1.978300000,0.076500000,0.015300000
sample,forward_host,ordered4,512,514,5,460,1.918367982,1.967500000,0.053300000,0.011400000
sample,forward_host,ordered4,512,515,5,307,1.926751971,1.983800000,0.065000000,0.015800000
sample,forward_host,ordered4,512,516,5,12606,1.918400049,1.971800000,0.078100000,0.011300000
sample,forward_host,ordered4,512,517,5,32455,1.919648051,1.973500000,0.054800000,0.010700000
sample,forward_host,ordered4,512,518,5,837,1.924031973,1.976100000,0.058900000,0.011500000
sample,forward_host,ordered4,512,519,5,3584,1.920160055,1.984800000,0.078800000,0.010700000
sample,forward_host,ordered4,512,520,5,45456,1.925855994,1.975900000,0.083900000,0.013600000
sample,forward_host,ordered4,512,521,5,389,1.924383998,1.972300000,0.055000000,0.011300000
sample,forward_host,ordered4,512,522,5,7485,1.929119945,1.977800000,0.073100000,0.011100000
sample,forward_host,ordered4,512,523,5,284,1.923776031,1.972000000,0.053400000,0.010800000
sample,forward_host,ordered4,512,524,5,3051,1.927199960,2.008000000,0.051400000,0.010600000
sample,forward_host,ordered4,512,525,5,287,1.951807976,2.013500000,0.082000000,0.025300000
sample,forward_host,ordered4,512,526,5,262,1.960031986,2.033100000,0.088600000,0.025300000
sample,forward_host,ordered4,512,527,5,4295,1.939200044,1.999900000,0.069100000,0.014300000
sample,forward_host,original,512,512,5,837,1.613440037,1.667500000,0.083400000,0.011300000
sample,forward_host,original,512,513,5,290,1.622272015,1.677600000,0.059100000,0.011300000
sample,forward_host,original,512,514,5,460,1.622207999,1.676400000,0.058000000,0.010900000
sample,forward_host,original,512,515,5,307,1.618463993,1.672400000,0.058400000,0.010700000
sample,forward_host,original,512,516,5,12606,1.620192051,1.674000000,0.076800000,0.010700000
sample,forward_host,original,512,517,5,32455,1.624544024,1.672000000,0.080700000,0.010700000
sample,forward_host,original,512,518,5,837,1.627295971,1.674300000,0.054200000,0.010600000
sample,forward_host,original,512,519,5,3584,1.620479941,1.679900000,0.052700000,0.010600000
sample,forward_host,original,512,520,5,45456,1.649407983,1.713300000,0.077700000,0.022900000
sample,forward_host,original,512,521,5,389,1.641888022,1.697600000,0.070400000,0.017100000
sample,forward_host,original,512,522,5,7485,1.627871990,1.676500000,0.073600000,0.011400000
sample,forward_host,original,512,523,5,284,1.623648047,1.671900000,0.073300000,0.011000000
sample,forward_host,original,512,524,5,3051,1.626271963,1.674200000,0.069300000,0.011000000
sample,forward_host,original,512,525,5,287,1.631103992,1.679200000,0.051800000,0.010800000
sample,forward_host,original,512,526,5,262,1.633216023,1.680700000,0.051800000,0.010700000
sample,forward_host,original,512,527,5,4295,1.623808026,1.670200000,0.068500000,0.010700000
sample,forward_host,original,512,512,6,837,1.612992048,1.667500000,0.081100000,0.010800000
sample,forward_host,original,512,513,6,290,1.620928049,1.675900000,0.078000000,0.011200000
sample,forward_host,original,512,514,6,460,1.624287963,1.684000000,0.062900000,0.014600000
sample,forward_host,original,512,515,6,307,1.618720055,1.673200000,0.057000000,0.010700000
sample,forward_host,original,512,516,6,12606,1.621279955,1.675500000,0.057800000,0.010600000
sample,forward_host,original,512,517,6,32455,1.622591972,1.675000000,0.082300000,0.010700000
sample,forward_host,original,512,518,6,837,1.626528025,1.685200000,0.057200000,0.010500000
sample,forward_host,original,512,519,6,3584,1.620000005,1.692100000,0.057500000,0.010700000
sample,forward_host,original,512,520,6,45456,1.650655985,1.715600000,0.087700000,0.024200000
sample,forward_host,original,512,521,6,389,1.630336046,1.688300000,0.060100000,0.011800000
sample,forward_host,original,512,522,6,7485,1.631904006,1.686300000,0.090700000,0.012700000
sample,forward_host,original,512,523,6,284,1.624672055,1.678900000,0.057600000,0.010600000
sample,forward_host,original,512,524,6,3051,1.628895998,1.682500000,0.058900000,0.010500000
sample,forward_host,original,512,525,6,287,1.632032037,1.686100000,0.058100000,0.010700000
sample,forward_host,original,512,526,6,262,1.632832050,1.686000000,0.058200000,0.010800000
sample,forward_host,original,512,527,6,4295,1.624863982,1.677000000,0.076900000,0.010600000
sample,forward_host,ordered4,512,512,6,837,1.909024000,1.958100000,0.074700000,0.011000000
sample,forward_host,ordered4,512,513,6,290,1.916224003,1.964500000,0.074800000,0.011300000
sample,forward_host,ordered4,512,514,6,460,1.916288018,1.964900000,0.053700000,0.010500000
sample,forward_host,ordered4,512,515,6,307,1.913792014,1.960200000,0.074300000,0.011000000
sample,forward_host,ordered4,512,516,6,12606,1.918527961,1.964700000,0.053600000,0.010900000
sample,forward_host,ordered4,512,517,6,32455,1.921664000,1.979800000,0.054200000,0.010800000
sample,forward_host,ordered4,512,518,6,837,1.934720039,1.983400000,0.064200000,0.015500000
sample,forward_host,ordered4,512,519,6,3584,1.922431946,1.970100000,0.055500000,0.011100000
sample,forward_host,ordered4,512,520,6,45456,1.922047973,1.970200000,0.053000000,0.010800000
sample,forward_host,ordered4,512,521,6,389,1.924672008,1.972600000,0.074600000,0.010900000
sample,forward_host,ordered4,512,522,6,7485,1.930879951,1.978900000,0.054000000,0.010500000
sample,forward_host,ordered4,512,523,6,284,1.923712015,1.970000000,0.074600000,0.011200000
sample,forward_host,ordered4,512,524,6,3051,1.926911950,1.972900000,0.056400000,0.010800000
sample,forward_host,ordered4,512,525,6,287,1.930559993,2.168200000,0.052100000,0.010800000
sample,forward_host,ordered4,512,526,6,262,2.262464046,2.381600000,0.555500000,0.163700000
sample,forward_host,ordered4,512,527,6,4295,1.933696032,1.979500000,0.054900000,0.011700000
sample,forward_host,ordered4,512,512,7,837,1.907104015,1.960100000,0.058300000,0.010800000
sample,forward_host,ordered4,512,513,7,290,1.916512012,1.963900000,0.057800000,0.010600000
sample,forward_host,ordered4,512,514,7,460,1.917440057,1.983500000,0.073000000,0.010600000
sample,forward_host,ordered4,512,515,7,307,1.943647981,2.002700000,0.079300000,0.025600000
sample,forward_host,ordered4,512,516,7,12606,1.917279959,1.965300000,0.074500000,0.011500000
sample,forward_host,ordered4,512,517,7,32455,1.917824030,1.966600000,0.073400000,0.011400000
sample,forward_host,ordered4,512,518,7,837,1.923040032,1.972200000,0.054300000,0.011000000
sample,forward_host,ordered4,512,519,7,3584,1.920160055,1.968300000,0.058500000,0.010700000
sample,forward_host,ordered4,512,520,7,45456,1.921983957,1.969000000,0.054100000,0.010900000
sample,forward_host,ordered4,512,521,7,389,1.923071980,1.969600000,0.073000000,0.011000000
sample,forward_host,ordered4,512,522,7,7485,1.926208019,1.996900000,0.052800000,0.010700000
sample,forward_host,ordered4,512,523,7,284,2.126591921,2.254300000,0.450600000,0.120600000
sample,forward_host,ordered4,512,524,7,3051,1.928544044,1.979000000,0.083300000,0.013400000
sample,forward_host,ordered4,512,525,7,287,1.930464029,1.987500000,0.073700000,0.011100000
sample,forward_host,ordered4,512,526,7,262,1.955935955,2.016400000,0.086600000,0.022300000
sample,forward_host,ordered4,512,527,7,4295,1.931455970,1.984500000,0.061700000,0.011000000
sample,forward_host,original,512,512,7,837,1.635455966,1.688400000,0.081500000,0.024800000
sample,forward_host,original,512,513,7,290,1.619743943,1.668500000,0.074100000,0.011800000
sample,forward_host,original,512,514,7,460,1.623456001,1.673200000,0.073300000,0.011100000
sample,forward_host,original,512,515,7,307,1.618847966,1.674200000,0.059300000,0.011400000
sample,forward_host,original,512,516,7,12606,1.629312038,1.690000000,0.064400000,0.013400000
sample,forward_host,original,512,517,7,32455,1.626495957,1.678200000,0.056300000,0.011100000
sample,forward_host,original,512,518,7,837,1.627424002,1.679600000,0.079200000,0.011000000
sample,forward_host,original,512,519,7,3584,1.622303963,1.698900000,0.055900000,0.011100000
sample,forward_host,original,512,520,7,45456,1.620447993,1.693200000,0.059200000,0.010700000
sample,forward_host,original,512,521,7,389,1.662464023,1.928000000,0.102500000,0.031600000
sample,forward_host,original,512,522,7,7485,1.829568028,1.947100000,0.458400000,0.121600000
sample,forward_host,original,512,523,7,284,1.641600013,1.716700000,0.080700000,0.018300000
sample,forward_host,original,512,524,7,3051,1.641376019,1.703400000,0.074500000,0.015900000
sample,forward_host,original,512,525,7,287,1.641695976,1.729900000,0.073700000,0.015100000
sample,forward_host,original,512,526,7,262,1.649440050,1.716000000,0.089500000,0.017900000
sample,forward_host,original,512,527,7,4295,1.655295968,1.843100000,0.097400000,0.025900000
sample,forward_host,original,512,512,8,837,1.616703987,1.663300000,0.080500000,0.013000000
sample,forward_host,original,512,513,8,290,1.620959997,1.675700000,0.052900000,0.011000000
sample,forward_host,original,512,514,8,460,1.632032037,1.691400000,0.069000000,0.016400000
sample,forward_host,original,512,515,8,307,1.622431993,1.676400000,0.058800000,0.012600000
sample,forward_host,original,512,516,8,12606,1.623711944,1.673500000,0.060200000,0.013300000
sample,forward_host,original,512,517,8,32455,1.623775959,1.675000000,0.056400000,0.011700000
sample,forward_host,original,512,518,8,837,1.627743959,1.674700000,0.059200000,0.013200000
sample,forward_host,original,512,519,8,3584,1.622367978,1.682100000,0.066400000,0.012900000
sample,forward_host,original,512,520,8,45456,1.634688020,1.704300000,0.072500000,0.016200000
sample,forward_host,original,512,521,8,389,1.643551946,1.698900000,0.084900000,0.017800000
sample,forward_host,original,512,522,8,7485,1.636800051,1.687300000,0.068500000,0.015400000
sample,forward_host,original,512,523,8,284,1.627488017,1.697800000,0.079900000,0.014000000
sample,forward_host,original,512,524,8,3051,1.630975962,1.694000000,0.078800000,0.013600000
sample,forward_host,original,512,525,8,287,1.644768000,1.697000000,0.071100000,0.017600000
sample,forward_host,original,512,526,8,262,1.637024045,1.686200000,0.061600000,0.014400000
sample,forward_host,original,512,527,8,4295,1.627743959,1.690000000,0.061100000,0.013600000
sample,forward_host,ordered4,512,512,8,837,1.919615984,1.980300000,0.075700000,0.014900000
sample,forward_host,ordered4,512,513,8,290,1.920351982,2.002600000,0.067600000,0.012900000
sample,forward_host,ordered4,512,514,8,460,1.966879964,2.048900000,0.135100000,0.036900000
sample,forward_host,ordered4,512,515,8,307,1.950047970,2.014900000,0.093200000,0.022000000
sample,forward_host,ordered4,512,516,8,12606,1.923583984,1.978600000,0.071400000,0.013100000
sample,forward_host,ordered4,512,517,8,32455,1.940096021,2.003600000,0.083800000,0.019600000
sample,forward_host,ordered4,512,518,8,837,1.929600000,1.983200000,0.072800000,0.013500000
sample,forward_host,ordered4,512,519,8,3584,1.922271967,1.968200000,0.062000000,0.011500000
sample,forward_host,ordered4,512,520,8,45456,1.954175949,2.012900000,0.107800000,0.030600000
sample,forward_host,ordered4,512,521,8,389,1.958752036,2.018200000,0.112500000,0.031600000
sample,forward_host,ordered4,512,522,8,7485,1.955775976,2.062000000,0.106600000,0.024900000
sample,forward_host,ordered4,512,523,8,284,1.954175949,2.029500000,0.097400000,0.024300000
sample,forward_host,ordered4,512,524,8,3051,1.940544009,1.996300000,0.077600000,0.015300000
sample,forward_host,ordered4,512,525,8,287,1.939391971,2.003200000,0.065700000,0.014200000
sample,forward_host,ordered4,512,526,8,262,1.959103942,2.026400000,0.088100000,0.024000000
sample,forward_host,ordered4,512,527,8,4295,1.937952042,1.989100000,0.062400000,0.012000000
sample,forward_host,ordered4,512,512,9,837,1.910048008,1.961800000,0.058700000,0.011300000
sample,forward_host,ordered4,512,513,9,290,1.915583968,1.971300000,0.059400000,0.010700000
sample,forward_host,ordered4,512,514,9,460,1.918720007,1.969300000,0.059400000,0.010900000
sample,forward_host,ordered4,512,515,9,307,1.917088032,1.986900000,0.059200000,0.011300000
sample,forward_host,ordered4,512,516,9,12606,1.937183976,1.995100000,0.078700000,0.023600000
sample,forward_host,ordered4,512,517,9,32455,1.927968025,1.980300000,0.083800000,0.011000000
sample,forward_host,ordered4,512,518,9,837,1.924896002,1.973500000,0.060100000,0.012300000
sample,forward_host,ordered4,512,519,9,3584,1.918239951,1.966900000,0.053300000,0.010500000
sample,forward_host,ordered4,512,520,9,45456,1.919872046,1.968500000,0.053700000,0.010300000
sample,forward_host,ordered4,512,521,9,389,1.924736023,1.972900000,0.052900000,0.010600000
sample,forward_host,ordered4,512,522,9,7485,1.928735971,1.974900000,0.053700000,0.010800000
sample,forward_host,ordered4,512,523,9,284,1.924128056,1.997100000,0.072700000,0.010500000
sample,forward_host,ordered4,512,524,9,3051,1.942432046,2.009200000,0.088600000,0.015700000
sample,forward_host,ordered4,512,525,9,287,1.941408038,1.995800000,0.086500000,0.016700000
sample,forward_host,ordered4,512,526,9,262,1.930655956,1.999200000,0.056800000,0.011100000
sample,forward_host,ordered4,512,527,9,4295,1.950656056,2.014300000,0.077700000,0.023600000
sample,forward_host,original,512,512,9,837,1.613888025,1.666100000,0.058400000,0.010900000
sample,forward_host,original,512,513,9,290,1.619711995,1.722000000,0.058700000,0.010800000
sample,forward_host,original,512,514,9,460,1.688895941,1.764300000,0.143100000,0.041300000
sample,forward_host,original,512,515,9,307,1.637024045,1.691700000,0.081300000,0.019600000
sample,forward_host,original,512,516,9,12606,1.621855974,1.675200000,0.083500000,0.011500000
sample,forward_host,original,512,517,9,32455,1.625632048,1.684600000,0.080600000,0.011100000
sample,forward_host,original,512,518,9,837,1.632320046,1.688400000,0.069700000,0.013900000
sample,forward_host,original,512,519,9,3584,1.620991945,1.675200000,0.058900000,0.010700000
sample,forward_host,original,512,520,9,45456,1.623679996,1.678200000,0.065000000,0.010400000
sample,forward_host,original,512,521,9,389,1.629663944,1.682500000,0.060400000,0.011300000
sample,forward_host,original,512,522,9,7485,1.629088044,1.701100000,0.059300000,0.011000000
sample,forward_host,original,512,523,9,284,1.673535943,1.855100000,0.126700000,0.041300000
sample,forward_host,original,512,524,9,3051,1.650464058,1.713200000,0.084500000,0.023400000
sample,forward_host,original,512,525,9,287,1.648576021,1.708400000,0.078800000,0.018100000
sample,forward_host,original,512,526,9,262,1.634559989,1.689500000,0.087200000,0.011400000
sample,forward_host,original,512,527,9,4295,1.624927998,1.687200000,0.060500000,0.010800000
sample,forward_host,original,512,512,10,837,1.617056012,1.752000000,0.055200000,0.010900000
sample,forward_host,original,512,513,10,290,1.629215956,1.682600000,0.062900000,0.016000000
sample,forward_host,original,512,514,10,460,1.623999953,1.671600000,0.059500000,0.012700000
sample,forward_host,original,512,515,10,307,1.621024013,1.669100000,0.052600000,0.011000000
sample,forward_host,original,512,516,10,12606,1.622591972,1.669700000,0.058100000,0.012500000
sample,forward_host,original,512,517,10,32455,1.624447942,1.670300000,0.051800000,0.010800000
sample,forward_host,original,512,518,10,837,1.626656055,1.673300000,0.069600000,0.010900000
sample,forward_host,original,512,519,10,3584,1.620928049,1.666100000,0.070300000,0.010700000
sample,forward_host,original,512,520,10,45456,1.620255947,1.664700000,0.069500000,0.010800000
sample,forward_host,original,512,521,10,389,1.626368046,1.669800000,0.051500000,0.010600000
sample,forward_host,original,512,522,10,7485,1.625952005,1.674000000,0.051000000,0.010400000
sample,forward_host,original,512,523,10,284,1.652768016,1.764200000,0.083500000,0.028200000
sample,forward_host,original,512,524,10,3051,1.747200012,1.819100000,0.364100000,0.080100000
sample,forward_host,original,512,525,10,287,1.634464025,1.682200000,0.059400000,0.012900000
sample,forward_host,original,512,526,10,262,1.650912046,1.711800000,0.070800000,0.018300000
sample,forward_host,original,512,527,10,4295,1.629119992,1.682300000,0.060400000,0.011500000
sample,forward_host,ordered4,512,512,10,837,1.936576009,1.997700000,0.084200000,0.026200000
sample,forward_host,ordered4,512,513,10,290,1.921280026,1.970800000,0.062500000,0.014600000
sample,forward_host,ordered4,512,514,10,460,1.925312042,1.981100000,0.064400000,0.014300000
sample,forward_host,ordered4,512,515,10,307,1.923616052,1.973600000,0.068400000,0.015600000
sample,forward_host,ordered4,512,516,10,12606,1.927808046,1.976800000,0.068600000,0.017400000
sample,forward_host,ordered4,512,517,10,32455,1.924576044,2.002800000,0.064200000,0.014200000
sample,forward_host,ordered4,512,518,10,837,1.953855991,2.012600000,0.086000000,0.023600000
sample,forward_host,ordered4,512,519,10,3584,1.929023981,2.008700000,0.065200000,0.014600000
sample,forward_host,ordered4,512,520,10,45456,1.970208049,2.116500000,0.117500000,0.041200000
sample,forward_host,ordered4,512,521,10,389,1.987424016,2.059100000,0.163200000,0.046000000
sample,forward_host,ordered4,512,522,10,7485,1.968575954,2.036500000,0.122000000,0.034600000
sample,forward_host,ordered4,512,523,10,284,1.947167993,2.016900000,0.092900000,0.021200000
sample,forward_host,ordered4,512,524,10,3051,1.951104045,2.017200000,0.087200000,0.023200000
sample,forward_host,ordered4,512,525,10,287,1.972864032,2.043800000,0.119600000,0.032100000
sample,forward_host,ordered4,512,526,10,262,1.973024011,2.037400000,0.113500000,0.038200000
sample,forward_host,ordered4,512,527,10,4295,1.940448046,2.025600000,0.073500000,0.016700000
sample,forward_host,ordered4,512,512,11,837,1.911775947,1.966900000,0.060500000,0.013100000
sample,forward_host,ordered4,512,513,11,290,1.922368050,1.974700000,0.058400000,0.013000000
sample,forward_host,ordered4,512,514,11,460,1.937055945,1.990600000,0.078600000,0.021400000
sample,forward_host,ordered4,512,515,11,307,1.926399946,1.983000000,0.066300000,0.015100000
sample,forward_host,ordered4,512,516,11,12606,1.922368050,1.973500000,0.066400000,0.014400000
sample,forward_host,ordered4,512,517,11,32455,1.942240000,1.997800000,0.082500000,0.021800000
sample,forward_host,ordered4,512,518,11,837,1.928192019,1.986500000,0.069400000,0.014600000
sample,forward_host,ordered4,512,519,11,3584,1.926911950,1.977200000,0.063900000,0.014400000
sample,forward_host,ordered4,512,520,11,45456,1.932863951,1.983600000,0.067400000,0.015800000
sample,forward_host,ordered4,512,521,11,389,1.931040049,1.982300000,0.062600000,0.013200000
sample,forward_host,ordered4,512,522,11,7485,1.929664016,1.994400000,0.053700000,0.012300000
sample,forward_host,ordered4,512,523,11,284,1.939679980,1.991000000,0.068900000,0.017100000
sample,forward_host,ordered4,512,524,11,3051,1.931264043,1.980100000,0.060100000,0.014100000
sample,forward_host,ordered4,512,525,11,287,1.932991982,2.005400000,0.059400000,0.013200000
sample,forward_host,ordered4,512,526,11,262,1.969056010,2.055300000,0.097900000,0.032600000
sample,forward_host,ordered4,512,527,11,4295,1.964256048,2.082900000,0.091700000,0.027900000
sample,forward_host,original,512,512,11,837,1.628927946,1.690400000,0.106400000,0.018800000
sample,forward_host,original,512,513,11,290,1.640095949,1.690400000,0.079500000,0.022600000
sample,forward_host,original,512,514,11,460,1.627135992,1.675800000,0.064600000,0.013700000
sample,forward_host,original,512,515,11,307,1.622239947,1.705800000,0.061100000,0.013900000
sample,forward_host,original,512,516,11,12606,1.644000053,1.708700000,0.082400000,0.023600000
sample,forward_host,original,512,517,11,32455,1.635360003,1.684900000,0.069400000,0.017300000
sample,forward_host,original,512,518,11,837,1.628479958,1.682100000,0.079800000,0.013200000
sample,forward_host,original,512,519,11,3584,1.622688055,1.673400000,0.080000000,0.013900000
sample,forward_host,original,512,520,11,45456,1.642240047,1.729700000,0.078500000,0.019600000
sample,forward_host,original,512,521,11,389,1.636991978,1.686500000,0.072100000,0.014800000
sample,forward_host,original,512,522,11,7485,1.631615996,1.690700000,0.083200000,0.014000000
sample,forward_host,original,512,523,11,284,1.631744027,1.697100000,0.065500000,0.014200000
sample,forward_host,original,512,524,11,3051,1.665312052,1.739900000,0.101800000,0.034800000
sample,forward_host,original,512,525,11,287,1.665824056,1.736800000,0.103300000,0.030300000
sample,forward_host,original,512,526,11,262,1.651391983,1.704500000,0.073700000,0.019500000
sample,forward_host,original,512,527,11,4295,1.627776027,1.671200000,0.057300000,0.012700000
sample,forward_host,original,512,512,12,837,1.614976048,1.668900000,0.059600000,0.010900000
sample,forward_host,original,512,513,12,290,1.620928049,1.675100000,0.080000000,0.010700000
sample,forward_host,original,512,514,12,460,1.633247972,1.693100000,0.071900000,0.017400000
sample,forward_host,original,512,515,12,307,1.620000005,1.669500000,0.078800000,0.010500000
sample,forward_host,original,512,516,12,12606,1.621248007,1.671300000,0.058300000,0.010800000
sample,forward_host,original,512,517,12,32455,1.628736019,1.699700000,0.061200000,0.010900000
sample,forward_host,original,512,518,12,837,1.646911979,1.721700000,0.087300000,0.021200000
sample,forward_host,original,512,519,12,3584,1.624608040,1.679600000,0.063300000,0.011900000
sample,forward_host,original,512,520,12,45456,1.624096036,1.681100000,0.077400000,0.010900000
sample,forward_host,original,512,521,12,389,1.629888058,1.684500000,0.064500000,0.013000000
sample,forward_host,original,512,522,12,7485,1.627583981,1.682200000,0.059700000,0.010800000
sample,forward_host,original,512,523,12,284,1.625056028,1.680100000,0.059100000,0.010800000
sample,forward_host,original,512,524,12,3051,1.628352046,1.683200000,0.082400000,0.011500000
sample,forward_host,original,512,525,12,287,1.632287979,1.684000000,0.059000000,0.010900000
sample,forward_host,original,512,526,12,262,1.633280039,1.703400000,0.080200000,0.010700000
sample,forward_host,original,512,527,12,4295,1.644512057,1.709100000,0.077000000,0.019600000
sample,forward_host,ordered4,512,512,12,837,1.912608027,1.960600000,0.054900000,0.011300000
sample,forward_host,ordered4,512,513,12,290,1.916447997,1.965100000,0.053800000,0.010800000
sample,forward_host,ordered4,512,514,12,460,1.917440057,1.969600000,0.052900000,0.010800000
sample,forward_host,ordered4,512,515,12,307,1.916607976,1.961800000,0.079200000,0.010700000
sample,forward_host,ordered4,512,516,12,12606,1.918176055,2.011800000,0.065800000,0.010500000
sample,forward_host,ordered4,512,517,12,32455,1.963359952,2.048700000,0.112300000,0.038200000
sample,forward_host,ordered4,512,518,12,837,1.944319963,2.009700000,0.097400000,0.020600000
sample,forward_host,ordered4,512,519,12,3584,1.943040013,2.007200000,0.086000000,0.019900000
sample,forward_host,ordered4,512,520,12,45456,1.936064005,1.987900000,0.076800000,0.017000000
sample,forward_host,ordered4,512,521,12,389,1.923455954,1.978200000,0.059000000,0.010800000
sample,forward_host,ordered4,512,522,12,7485,1.929823995,1.982800000,0.058700000,0.010600000
sample,forward_host,ordered4,512,523,12,284,1.928671956,1.981600000,0.058600000,0.011200000
sample,forward_host,ordered4,512,524,12,3051,1.926367998,1.996200000,0.080500000,0.010300000
sample,forward_host,ordered4,512,525,12,287,1.949471951,2.011900000,0.075600000,0.019200000
sample,forward_host,ordered4,512,526,12,262,1.942144036,1.997900000,0.072400000,0.017900000
sample,forward_host,ordered4,512,527,12,4295,1.928223968,1.982900000,0.081500000,0.010700000
sample,forward_host,ordered4,512,512,13,837,1.908895969,1.983000000,0.052000000,0.010700000
sample,forward_host,ordered4,512,513,13,290,1.945536017,2.026400000,0.105600000,0.027100000
sample,forward_host,ordered4,512,514,13,460,1.935807943,1.989400000,0.080900000,0.020500000
sample,forward_host,ordered4,512,515,13,307,1.920768023,1.978100000,0.065100000,0.012000000
sample,forward_host,ordered4,512,516,13,12606,1.919072032,1.981100000,0.063700000,0.012400000
sample,forward_host,ordered4,512,517,13,32455,1.921599984,1.978600000,0.055500000,0.011100000
sample,forward_host,ordered4,512,518,13,837,1.926560044,1.980900000,0.084800000,0.012900000
sample,forward_host,ordered4,512,519,13,3584,1.921599984,1.977200000,0.077400000,0.010600000
sample,forward_host,ordered4,512,520,13,45456,1.923776031,1.991200000,0.059700000,0.011100000
sample,forward_host,ordered4,512,521,13,389,1.946079969,2.008000000,0.076800000,0.019200000
sample,forward_host,ordered4,512,522,13,7485,1.930143952,1.985100000,0.098800000,0.011400000
sample,forward_host,ordered4,512,523,13,284,1.925984025,1.980900000,0.059200000,0.010900000
sample,forward_host,ordered4,512,524,13,3051,1.926975965,1.985000000,0.077400000,0.011100000
sample,forward_host,ordered4,512,525,13,287,1.932960033,1.988500000,0.088300000,0.012900000
sample,forward_host,ordered4,512,526,13,262,1.930719972,1.985100000,0.058200000,0.010400000
sample,forward_host,ordered4,512,527,13,4295,1.928799987,1.981200000,0.057000000,0.010600000
sample,forward_host,original,512,512,13,837,1.616736054,1.670000000,0.088700000,0.011500000
sample,forward_host,original,512,513,13,290,1.620352030,1.700800000,0.076400000,0.011000000
sample,forward_host,original,512,514,13,460,1.637279987,1.697900000,0.071700000,0.016100000
sample,forward_host,original,512,515,13,307,1.622176051,1.676700000,0.065000000,0.012700000
sample,forward_host,original,512,516,13,12606,1.619807959,1.672600000,0.058700000,0.011200000
sample,forward_host,original,512,517,13,32455,1.625663996,1.693900000,0.056700000,0.010700000
sample,forward_host,original,512,518,13,837,1.629215956,1.693800000,0.060200000,0.011300000
sample,forward_host,original,512,519,13,3584,1.632735968,1.687300000,0.069500000,0.014900000
sample,forward_host,original,512,520,13,45456,1.622272015,1.681600000,0.059400000,0.011200000
sample,forward_host,original,512,521,13,389,1.626911998,1.680200000,0.058300000,0.010800000
sample,forward_host,original,512,522,13,7485,1.625856042,1.681100000,0.057800000,0.010500000
sample,forward_host,original,512,523,13,284,1.629408002,1.683100000,0.061300000,0.011200000
sample,forward_host,original,512,524,13,3051,1.630496025,1.685000000,0.081900000,0.011000000
sample,forward_host,original,512,525,13,287,1.630432010,1.684700000,0.057300000,0.010600000
sample,forward_host,original,512,526,13,262,1.634688020,1.686700000,0.058700000,0.010500000
sample,forward_host,original,512,527,13,4295,1.635007977,1.690700000,0.066900000,0.018100000
sample,forward_host,original,512,512,14,837,1.609887958,1.662200000,0.048300000,0.009500000
sample,forward_host,original,512,513,14,290,1.620895982,1.736100000,0.056400000,0.011100000
sample,forward_host,original,512,514,14,460,1.633376002,1.733400000,0.078100000,0.016700000
sample,forward_host,original,512,515,14,307,1.622751951,1.678100000,0.067600000,0.014000000
sample,forward_host,original,512,516,14,12606,1.621600032,1.677100000,0.058600000,0.011300000
sample,forward_host,original,512,517,14,32455,1.625632048,1.681600000,0.079900000,0.010700000
sample,forward_host,original,512,518,14,837,1.629184008,1.684100000,0.068600000,0.012200000
sample,forward_host,original,512,519,14,3584,1.620319963,1.673900000,0.058300000,0.010400000
sample,forward_host,original,512,520,14,45456,1.623679996,1.673700000,0.057300000,0.010600000
sample,forward_host,original,512,521,14,389,1.626111984,1.672800000,0.074500000,0.010800000
sample,forward_host,original,512,522,14,7485,1.628128052,1.675000000,0.052300000,0.010700000
sample,forward_host,original,512,523,14,284,1.623008013,1.705600000,0.051300000,0.010600000
sample,forward_host,original,512,524,14,3051,1.668895960,1.762100000,0.101900000,0.035300000
sample,forward_host,original,512,525,14,287,1.632287979,1.687500000,0.074400000,0.011600000
sample,forward_host,original,512,526,14,262,1.654495955,1.716100000,0.075900000,0.019400000
sample,forward_host,original,512,527,14,4295,1.628736019,1.682200000,0.063600000,0.013200000
sample,forward_host,ordered4,512,512,14,837,1.912191987,1.978100000,0.078300000,0.010900000
sample,forward_host,ordered4,512,513,14,290,1.929152012,1.985400000,0.072500000,0.017600000
sample,forward_host,ordered4,512,514,14,460,1.920384049,1.974500000,0.060500000,0.011400000
sample,forward_host,ordered4,512,515,14,307,1.918239951,1.973200000,0.083300000,0.011100000
sample,forward_host,ordered4,512,516,14,12606,1.917919993,1.987500000,0.060000000,0.010700000
sample,forward_host,ordered4,512,517,14,32455,1.922592044,1.970400000,0.053100000,0.011300000
sample,forward_host,ordered4,512,518,14,837,1.922271967,1.970500000,0.054800000,0.010600000
sample,forward_host,ordered4,512,519,14,3584,1.918143988,1.964900000,0.054600000,0.010700000
sample,forward_host,ordered4,512,520,14,45456,1.920160055,1.994900000,0.073700000,0.010800000
sample,forward_host,ordered4,512,521,14,389,1.963008046,2.037400000,0.105000000,0.035700000
sample,forward_host,ordered4,512,522,14,7485,1.944864035,2.000300000,0.079700000,0.020700000
sample,forward_host,ordered4,512,523,14,284,1.928640008,1.982100000,0.078600000,0.011100000
sample,forward_host,ordered4,512,524,14,3051,1.928575993,1.985600000,0.057500000,0.011100000
sample,forward_host,ordered4,512,525,14,287,1.952767968,2.011800000,0.082500000,0.021700000
sample,forward_host,ordered4,512,526,14,262,1.937023997,1.991400000,0.083800000,0.011100000
sample,forward_host,ordered4,512,527,14,4295,1.931488037,1.983500000,0.058200000,0.010700000
sample,forward_host,ordered4,512,512,15,837,1.917152047,1.971300000,0.069300000,0.014300000
sample,forward_host,ordered4,512,513,15,290,1.917215943,1.971900000,0.083300000,0.010700000
sample,forward_host,ordered4,512,514,15,460,1.918431997,1.973300000,0.087800000,0.010800000
sample,forward_host,ordered4,512,515,15,307,1.923104048,1.980100000,0.069200000,0.012700000
sample,forward_host,ordered4,512,516,15,12606,1.919072032,1.981700000,0.082700000,0.010800000
sample,forward_host,ordered4,512,517,15,32455,1.921247959,1.978700000,0.085700000,0.010800000
sample,forward_host,ordered4,512,518,15,837,1.939103961,1.989900000,0.078700000,0.017200000
sample,forward_host,ordered4,512,519,15,3584,1.924831986,1.972200000,0.078400000,0.012800000
sample,forward_host,ordered4,512,520,15,45456,1.939551950,2.004200000,0.076800000,0.018900000
sample,forward_host,ordered4,512,521,15,389,1.932415962,1.991900000,0.089500000,0.012500000
sample,forward_host,ordered4,512,522,15,7485,1.940799952,1.992200000,0.073300000,0.015800000
sample,forward_host,ordered4,512,523,15,284,1.931295991,1.982800000,0.057200000,0.011300000
sample,forward_host,ordered4,512,524,15,3051,1.937407970,2.000500000,0.057800000,0.012300000
sample,forward_host,ordered4,512,525,15,287,1.974400043,2.053400000,0.101300000,0.030300000
sample,forward_host,ordered4,512,526,15,262,1.961567998,2.032000000,0.096200000,0.026100000
sample,forward_host,ordered4,512,527,15,4295,1.935647964,2.010900000,0.062400000,0.011600000
sample,forward_host,original,512,512,15,837,1.617120028,1.672100000,0.098800000,0.013300000
sample,forward_host,original,512,513,15,290,1.622848034,1.675200000,0.058000000,0.011600000
sample,forward_host,original,512,514,15,460,1.621919990,1.674800000,0.057700000,0.011000000
sample,forward_host,original,512,515,15,307,1.616224051,1.689200000,0.079700000,0.010600000
sample,forward_host,original,512,516,15,12606,1.645727992,1.716300000,0.080900000,0.021400000
sample,forward_host,original,512,517,15,32455,1.622848034,1.672800000,0.062600000,0.011500000
sample,forward_host,original,512,518,15,837,1.625599980,1.674900000,0.074600000,0.010900000
sample,forward_host,original,512,519,15,3584,1.620928049,1.669500000,0.075100000,0.011600000
sample,forward_host,original,512,520,15,45456,1.621088028,1.669800000,0.052800000,0.010900000
sample,forward_host,original,512,521,15,389,1.626240015,1.674900000,0.075200000,0.010800000
sample,forward_host,original,512,522,15,7485,1.626144052,1.674700000,0.052900000,0.010800000
sample,forward_host,original,512,523,15,284,1.628640056,1.680000000,0.056000000,0.011600000
sample,forward_host,original,512,524,15,3051,1.626976013,1.719700000,0.058300000,0.010700000
sample,forward_host,original,512,525,15,287,1.649279952,1.721500000,0.097000000,0.018300000
sample,forward_host,original,512,526,15,262,1.649664044,1.743100000,0.071600000,0.016800000
sample,forward_host,original,512,527,15,4295,1.638592005,1.698600000,0.080200000,0.018200000
sample,forward_host,original,1007,1007,0,837,1.942720056,1.997500000,0.082900000,0.011500000
sample,forward_host,original,1007,1008,0,290,1.942144036,1.997200000,0.059900000,0.011000000
sample,forward_host,original,1007,1009,0,1863,1.948032022,2.002200000,0.058800000,0.011100000
sample,forward_host,original,1007,1010,0,691,1.948511958,1.998600000,0.078500000,0.010800000
sample,forward_host,original,1007,1011,0,262,1.946720004,1.996400000,0.055200000,0.011200000
sample,forward_host,original,1007,1012,0,5093,1.944095969,1.991600000,0.074700000,0.010800000
sample,forward_host,original,1007,1013,0,2488,1.947263956,2.010000000,0.074400000,0.010500000
sample,forward_host,original,1007,1014,0,12,1.974207997,2.032900000,0.078700000,0.023300000
sample,forward_host,original,1007,1015,0,31,1.946591973,1.998200000,0.058500000,0.011600000
sample,forward_host,original,1007,1016,0,7421,1.950240016,2.001700000,0.055600000,0.010800000
sample,forward_host,original,1007,1017,0,7051,1.954656005,2.005800000,0.057500000,0.010800000
sample,forward_host,original,1007,1018,0,286,1.955935955,2.007600000,0.059400000,0.010800000
sample,forward_host,original,1007,1019,0,262,1.954720020,1.999800000,0.059000000,0.010500000
sample,forward_host,original,1007,1020,0,2619,1.949887991,1.993800000,0.070800000,0.010600000
sample,forward_host,original,1007,1021,0,6896,1.954751968,2.026600000,0.071700000,0.010600000
sample,forward_host,original,1007,1022,0,764,1.972767949,2.040400000,0.064800000,0.017600000
sample,forward_host,ordered4,1007,1007,0,837,2.559360027,2.626800000,0.100300000,0.030600000
sample,forward_host,ordered4,1007,1008,0,290,2.545023918,2.613100000,0.099300000,0.019900000
sample,forward_host,ordered4,1007,1009,0,1863,2.559295893,2.620000000,0.098600000,0.027500000
sample,forward_host,ordered4,1007,1010,0,691,2.534271955,2.603400000,0.064700000,0.011500000
sample,forward_host,ordered4,1007,1011,0,262,2.549823999,2.611600000,0.089600000,0.020200000
sample,forward_host,ordered4,1007,1012,0,5093,2.531296015,2.622400000,0.061300000,0.011100000
sample,forward_host,ordered4,1007,1013,0,2488,2.542176008,2.602300000,0.073600000,0.014700000
sample,forward_host,ordered4,1007,1014,0,12,2.536256075,2.621200000,0.059200000,0.010600000
sample,forward_host,ordered4,1007,1015,0,31,2.540191889,2.598100000,0.063800000,0.017300000
sample,forward_host,ordered4,1007,1016,0,7421,2.534816027,2.590200000,0.077400000,0.010700000
sample,forward_host,ordered4,1007,1017,0,7051,2.540096045,2.609000000,0.059600000,0.010500000
sample,forward_host,ordered4,1007,1018,0,286,2.562207937,2.623600000,0.089300000,0.023400000
sample,forward_host,ordered4,1007,1019,0,262,2.542943954,2.640500000,0.063800000,0.012800000
sample,forward_host,ordered4,1007,1020,0,2619,2.574111938,2.637900000,0.101300000,0.033500000
sample,forward_host,ordered4,1007,1021,0,6896,2.562079906,2.641100000,0.080700000,0.021100000
sample,forward_host,ordered4,1007,1022,0,764,2.560640097,2.620300000,0.068100000,0.016000000
sample,forward_host,ordered4,1007,1007,1,837,2.527391911,2.575800000,0.057800000,0.011600000
sample,forward_host,ordered4,1007,1008,1,290,2.525088072,2.578300000,0.074000000,0.011000000
sample,forward_host,ordered4,1007,1009,1,1863,2.545855999,2.602300000,0.073700000,0.017700000
sample,forward_host,ordered4,1007,1010,1,691,2.542304039,2.594700000,0.069200000,0.018400000
sample,forward_host,ordered4,1007,1011,1,262,2.537535906,2.628400000,0.067900000,0.015700000
sample,forward_host,ordered4,1007,1012,1,5093,2.567519903,2.643300000,0.110100000,0.029000000
sample,forward_host,ordered4,1007,1013,1,2488,2.592351913,2.674700000,0.129800000,0.049400000
sample,forward_host,ordered4,1007,1014,1,12,2.542079926,2.627600000,0.098700000,0.014100000
sample,forward_host,ordered4,1007,1015,1,31,2.590847969,2.698300000,0.143600000,0.042900000
sample,forward_host,ordered4,1007,1016,1,7421,2.621119976,2.840100000,0.158000000,0.065300000
sample,forward_host,ordered4,1007,1017,1,7051,2.599872112,2.693500000,0.128100000,0.048300000
sample,forward_host,ordered4,1007,1018,1,286,2.576287985,2.658700000,0.101800000,0.034800000
sample,forward_host,ordered4,1007,1019,1,262,2.566463947,2.659700000,0.086200000,0.027000000
sample,forward_host,ordered4,1007,1020,1,2619,2.580032110,2.647700000,0.103200000,0.033400000
sample,forward_host,ordered4,1007,1021,1,6896,2.606496096,2.718600000,0.138900000,0.049900000
sample,forward_host,ordered4,1007,1022,1,764,2.624191999,2.739100000,0.165400000,0.064500000
sample,forward_host,original,1007,1007,1,837,1.940351963,1.992700000,0.081600000,0.010600000
sample,forward_host,original,1007,1008,1,290,1.971423984,2.059200000,0.092900000,0.010700000
sample,forward_host,original,1007,1009,1,1863,1.965407968,2.023300000,0.084100000,0.024700000
sample,forward_host,original,1007,1010,1,691,1.962975979,2.016800000,0.076300000,0.018000000
sample,forward_host,original,1007,1011,1,262,1.947360039,1.996100000,0.056300000,0.011900000
sample,forward_host,original,1007,1012,1,5093,1.946079969,1.993900000,0.055000000,0.010800000
sample,forward_host,original,1007,1013,1,2488,1.947263956,1.995300000,0.074500000,0.011000000
sample,forward_host,original,1007,1014,1,12,1.950335979,1.998800000,0.075000000,0.010800000
sample,forward_host,original,1007,1015,1,31,1.944512010,2.015100000,0.074200000,0.010600000
sample,forward_host,original,1007,1016,1,7421,1.966848016,2.022700000,0.072200000,0.023700000
sample,forward_host,original,1007,1017,1,7051,1.966271996,2.020200000,0.079600000,0.020000000
sample,forward_host,original,1007,1018,1,286,1.954784036,2.008100000,0.080800000,0.011500000
sample,forward_host,original,1007,1019,1,262,1.950752020,2.004500000,0.081200000,0.011200000
sample,forward_host,original,1007,1020,1,2619,1.954751968,2.007700000,0.080000000,0.010800000
sample,forward_host,original,1007,1021,1,6896,1.956575990,2.013600000,0.058000000,0.010700000
sample,forward_host,original,1007,1022,1,764,1.977920055,2.038300000,0.082400000,0.022300000
sample,forward_host,original,1007,1007,2,837,1.991039991,2.075100000,0.121400000,0.041500000
sample,forward_host,original,1007,1008,2,290,1.964607954,2.029800000,0.091400000,0.022900000
sample,forward_host,original,1007,1009,2,1863,1.950111985,2.029000000,0.066900000,0.013400000
sample,forward_host,original,1007,1010,2,691,2.012032032,2.088000000,0.139400000,0.051900000
sample,forward_host,original,1007,1011,2,262,1.966240048,2.070900000,0.095500000,0.024600000
sample,forward_host,original,1007,1012,2,5093,1.963423967,2.033400000,0.082300000,0.018400000
sample,forward_host,original,1007,1013,2,2488,1.970496058,2.040800000,0.085900000,0.021200000
sample,forward_host,original,1007,1014,2,12,1.989088058,2.056400000,0.108900000,0.031500000
sample,forward_host,original,1007,1015,2,31,1.977728009,2.052000000,0.100700000,0.029300000
sample,forward_host,original,1007,1016,2,7421,1.964383960,2.015300000,0.078900000,0.021100000
sample,forward_host,original,1007,1017,2,7051,1.953119993,2.016900000,0.078800000,0.013300000
sample,forward_host,original,1007,1018,2,286,1.958112001,2.017400000,0.057500000,0.012000000
sample,forward_host,original,1007,1019,2,262,1.953984022,2.010200000,0.088600000,0.012700000
sample,forward_host,original,1007,1020,2,2619,1.951135993,2.035100000,0.084700000,0.011100000
sample,forward_host,original,1007,1021,2,6896,1.983935952,2.066300000,0.101400000,0.028400000
sample,forward_host,original,1007,1022,2,764,1.984416008,2.052300000,0.108900000,0.026500000
sample,forward_host,ordered4,1007,1007,2,837,2.527040005,2.627700000,0.054100000,0.010600000
sample,forward_host,ordered4,1007,1008,2,290,2.539583921,2.715200000,0.088200000,0.020900000
sample,forward_host,ordered4,1007,1009,2,1863,2.714463949,2.853700000,0.237000000,0.117600000
sample,forward_host,ordered4,1007,1010,2,691,2.542207956,2.607000000,0.067500000,0.015900000
sample,forward_host,ordered4,1007,1011,2,262,2.572704077,2.644000000,0.116200000,0.037200000
sample,forward_host,ordered4,1007,1012,2,5093,2.540256023,2.598400000,0.070800000,0.014700000
sample,forward_host,ordered4,1007,1013,2,2488,2.534944057,2.592200000,0.063000000,0.011900000
sample,forward_host,ordered4,1007,1014,2,12,2.537663937,2.596000000,0.063200000,0.011900000
sample,forward_host,ordered4,1007,1015,2,31,2.535200119,2.589100000,0.060700000,0.011500000
sample,forward_host,ordered4,1007,1016,2,7421,2.536479950,2.591200000,0.060600000,0.011100000
sample,forward_host,ordered4,1007,1017,2,7051,2.538144112,2.592400000,0.058400000,0.010600000
sample,forward_host,ordered4,1007,1018,2,286,2.540384054,2.595600000,0.088800000,0.011600000
sample,forward_host,ordered4,1007,1019,2,262,2.536416054,2.590900000,0.060700000,0.010900000
sample,forward_host,ordered4,1007,1020,2,2619,2.539936066,2.598100000,0.059000000,0.010500000
sample,forward_host,ordered4,1007,1021,2,6896,2.566400051,2.650000000,0.082500000,0.023600000
sample,forward_host,ordered4,1007,1022,2,764,2.586751938,2.659900000,0.105800000,0.035800000
sample,forward_host,ordered4,1007,1007,3,837,2.524832010,2.579800000,0.081600000,0.010800000
sample,forward_host,ordered4,1007,1008,3,290,2.527487993,2.582000000,0.077100000,0.011100000
sample,forward_host,ordered4,1007,1009,3,1863,2.529119968,2.647300000,0.077700000,0.011100000
sample,forward_host,ordered4,1007,1010,3,691,2.565344095,2.639300000,0.116600000,0.023500000
sample,forward_host,ordered4,1007,1011,3,262,2.555871964,2.626200000,0.085900000,0.026600000
sample,forward_host,ordered4,1007,1012,3,5093,2.559200048,2.626100000,0.093900000,0.024600000
sample,forward_host,ordered4,1007,1013,3,2488,2.550463915,2.650200000,0.075600000,0.017300000
sample,forward_host,ordered4,1007,1014,3,12,2.540735960,2.596800000,0.088100000,0.015400000
sample,forward_host,ordered4,1007,1015,3,31,2.530591965,2.815100000,0.091400000,0.011100000
sample,forward_host,ordered4,1007,1016,3,7421,2.553632021,2.617600000,0.081200000,0.018900000
sample,forward_host,ordered4,1007,1017,3,7051,2.566143990,2.629600000,0.088600000,0.026700000
sample,forward_host,ordered4,1007,1018,3,286,2.539999962,2.596600000,0.059500000,0.010900000
sample,forward_host,ordered4,1007,1019,3,262,2.550751925,2.610000000,0.071700000,0.016100000
sample,forward_host,ordered4,1007,1020,3,2619,2.540319920,2.595400000,0.060000000,0.011200000
sample,forward_host,ordered4,1007,1021,3,6896,2.545504093,2.684300000,0.060200000,0.011600000
sample,forward_host,ordered4,1007,1022,3,764,2.560159922,2.633000000,0.105900000,0.018500000
sample,forward_host,original,1007,1007,3,837,1.947936058,2.013400000,0.074000000,0.014900000
sample,forward_host,original,1007,1008,3,290,1.980288029,2.043200000,0.104100000,0.033700000
sample,forward_host,original,1007,1009,3,1863,1.959167957,2.019500000,0.075000000,0.016700000
sample,forward_host,original,1007,1010,3,691,1.949408054,2.010100000,0.063200000,0.011500000
sample,forward_host,original,1007,1011,3,262,1.952383995,2.001800000,0.062100000,0.012100000
sample,forward_host,original,1007,1012,3,5093,1.946879983,1.995200000,0.074600000,0.011200000
sample,forward_host,original,1007,1013,3,2488,1.948799968,1.998400000,0.054100000,0.010900000
sample,forward_host,original,1007,1014,3,12,1.951743960,2.000200000,0.053500000,0.010900000
sample,forward_host,original,1007,1015,3,31,1.944767952,1.993200000,0.051700000,0.010700000
sample,forward_host,original,1007,1016,3,7421,1.944383979,1.991600000,0.069600000,0.010800000
sample,forward_host,original,1007,1017,3,7051,1.953343987,2.011500000,0.071900000,0.010500000
sample,forward_host,original,1007,1018,3,286,1.972255945,2.028800000,0.071200000,0.022500000
sample,forward_host,original,1007,1019,3,262,1.956799984,2.010700000,0.065600000,0.015500000
sample,forward_host,original,1007,1020,3,2619,1.960927963,2.014400000,0.064000000,0.014400000
sample,forward_host,original,1007,1021,3,6896,1.956511974,2.010500000,0.083400000,0.013200000
sample,forward_host,original,1007,1022,3,764,1.961279988,2.016100000,0.059100000,0.012000000
sample,forward_host,original,1007,1007,4,837,1.954399943,2.019800000,0.076200000,0.017400000
sample,forward_host,original,1007,1008,4,290,1.961856008,2.103800000,0.081000000,0.018000000
sample,forward_host,original,1007,1009,4,1863,2.013472080,2.136800000,0.177200000,0.054100000
sample,forward_host,original,1007,1010,4,691,2.003423929,2.189800000,0.146200000,0.045000000
sample,forward_host,original,1007,1011,4,262,2.051424026,2.203000000,0.189500000,0.072800000
sample,forward_host,original,1007,1012,4,5093,2.028991938,2.148100000,0.163500000,0.062100000
sample,forward_host,original,1007,1013,4,2488,2.023103952,2.134900000,0.143900000,0.059000000
sample,forward_host,original,1007,1014,4,12,2.019167900,2.107600000,0.137000000,0.054100000
sample,forward_host,original,1007,1015,4,31,2.028095961,2.176700000,0.162300000,0.061200000
sample,forward_host,original,1007,1016,4,7421,2.029632092,2.149000000,0.168200000,0.064000000
sample,forward_host,original,1007,1017,4,7051,2.029855967,2.148300000,0.158800000,0.061400000
sample,forward_host,original,1007,1018,4,286,2.025376081,2.104900000,0.145000000,0.056200000
sample,forward_host,original,1007,1019,4,262,1.999647975,2.090100000,0.116800000,0.042400000
sample,forward_host,original,1007,1020,4,2619,2.011775970,2.091800000,0.139400000,0.049500000
sample,forward_host,original,1007,1021,4,6896,2.008928061,2.123300000,0.131300000,0.043000000
sample,forward_host,original,1007,1022,4,764,1.997823954,2.063000000,0.114900000,0.035100000
sample,forward_host,ordered4,1007,1007,4,837,2.602335930,2.730100000,0.153200000,0.060400000
sample,forward_host,ordered4,1007,1008,4,290,2.605119944,2.732300000,0.153800000,0.062300000
sample,forward_host,ordered4,1007,1009,4,1863,2.608511925,2.754800000,0.152600000,0.063300000
sample,forward_host,ordered4,1007,1010,4,691,2.610975981,2.729000000,0.147900000,0.061800000
sample,forward_host,ordered4,1007,1011,4,262,2.577600002,2.670900000,0.108700000,0.043100000
sample,forward_host,ordered4,1007,1012,4,5093,2.616415977,2.741400000,0.158900000,0.063600000
sample,forward_host,ordered4,1007,1013,4,2488,2.612672091,2.799900000,0.157300000,0.062100000
sample,forward_host,ordered4,1007,1014,4,12,2.614847898,2.728500000,0.145300000,0.058700000
sample,forward_host,ordered4,1007,1015,4,31,2.607072115,2.723900000,0.142500000,0.056400000
sample,forward_host,ordered4,1007,1016,4,7421,2.613503933,2.734800000,0.154300000,0.060200000
sample,forward_host,ordered4,1007,1017,4,7051,2.613215923,2.717400000,0.146800000,0.058200000
sample,forward_host,ordered4,1007,1018,4,286,2.608256102,2.761100000,0.141900000,0.055100000
sample,forward_host,ordered4,1007,1019,4,262,2.618752003,2.781200000,0.152500000,0.061100000
sample,forward_host,ordered4,1007,1020,4,2619,2.619679928,2.740400000,0.154600000,0.060800000
sample,forward_host,ordered4,1007,1021,4,6896,2.613888025,2.712800000,0.164200000,0.055900000
sample,forward_host,ordered4,1007,1022,4,764,2.623647928,2.717400000,0.156500000,0.061300000
sample,forward_host,ordered4,1007,1007,5,837,2.564703941,2.632400000,0.104400000,0.034700000
sample,forward_host,ordered4,1007,1008,5,290,2.588160038,2.660700000,0.129500000,0.052000000
sample,forward_host,ordered4,1007,1009,5,1863,2.558912039,2.643600000,0.093300000,0.027700000
sample,forward_host,ordered4,1007,1010,5,691,2.600159883,2.694200000,0.169600000,0.054600000
sample,forward_host,ordered4,1007,1011,5,262,2.563040018,2.635500000,0.092100000,0.034200000
sample,forward_host,ordered4,1007,1012,5,5093,2.554591894,2.615300000,0.078000000,0.024100000
sample,forward_host,ordered4,1007,1013,5,2488,2.581343889,2.669100000,0.118300000,0.041400000
sample,forward_host,ordered4,1007,1014,5,12,2.572031975,2.641400000,0.112100000,0.034100000
sample,forward_host,ordered4,1007,1015,5,31,2.582175970,2.704400000,0.120800000,0.041300000
sample,forward_host,ordered4,1007,1016,5,7421,2.603264093,2.687900000,0.146600000,0.056200000
sample,forward_host,ordered4,1007,1017,5,7051,2.584671974,2.655000000,0.112500000,0.041400000
sample,forward_host,ordered4,1007,1018,5,286,2.551104069,2.624700000,0.070100000,0.016700000
sample,forward_host,ordered4,1007,1019,5,262,2.582015991,2.650300000,0.128400000,0.034500000
sample,forward_host,ordered4,1007,1020,5,2619,2.571007967,2.668300000,0.109500000,0.030800000
sample,forward_host,ordered4,1007,1021,5,6896,2.614784002,2.712400000,0.158300000,0.045100000
sample,forward_host,ordered4,1007,1022,5,764,2.596544027,2.679600000,0.122900000,0.041900000
sample,forward_host,original,1007,1007,5,837,1.983232021,2.054300000,0.116500000,0.035500000
sample,forward_host,original,1007,1008,5,290,1.972000003,2.036900000,0.090800000,0.026700000
sample,forward_host,original,1007,1009,5,1863,1.972383976,2.045100000,0.147800000,0.026600000
sample,forward_host,original,1007,1010,5,691,1.973248005,2.031800000,0.083600000,0.023800000
sample,forward_host,original,1007,1011,5,262,1.945600033,1.999900000,0.055600000,0.012100000
sample,forward_host,original,1007,1012,5,5093,1.989215970,2.056400000,0.118700000,0.038200000
sample,forward_host,original,1007,1013,5,2488,2.019200087,2.079200000,0.127500000,0.065000000
sample,forward_host,original,1007,1014,5,12,1.978943944,2.057800000,0.096300000,0.028100000
sample,forward_host,original,1007,1015,5,31,1.976415992,2.042800000,0.086300000,0.030100000
sample,forward_host,original,1007,1016,5,7421,1.956928015,2.008100000,0.066100000,0.013600000
sample,forward_host,original,1007,1017,5,7051,1.962656021,2.064000000,0.071200000,0.016100000
sample,forward_host,original,1007,1018,5,286,1.979295969,2.045300000,0.096000000,0.029800000
sample,forward_host,original,1007,1019,5,262,1.954432011,2.003300000,0.060500000,0.011800000
sample,forward_host,original,1007,1020,5,2619,1.966367960,2.034800000,0.070300000,0.017300000
sample,forward_host,original,1007,1021,5,6896,1.967391968,2.022300000,0.071100000,0.018700000
sample,forward_host,original,1007,1022,5,764,1.963232040,2.033100000,0.079500000,0.011200000
sample,forward_host,original,1007,1007,6,837,2.062207937,2.145600000,0.173800000,0.079000000
sample,forward_host,original,1007,1008,6,290,2.014688015,2.099400000,0.147900000,0.051600000
sample,forward_host,original,1007,1009,6,1863,2.014879942,2.086600000,0.145000000,0.056300000
sample,forward_host,original,1007,1010,6,691,2.018079996,2.108600000,0.162400000,0.052300000
sample,forward_host,original,1007,1011,6,262,2.004352093,2.078600000,0.133500000,0.050500000
sample,forward_host,original,1007,1012,6,5093,2.002687931,2.068100000,0.125500000,0.046100000
sample,forward_host,original,1007,1013,6,2488,1.994400024,2.104000000,0.117100000,0.038500000
sample,forward_host,original,1007,1014,6,12,2.012223959,2.084200000,0.137800000,0.048500000
sample,forward_host,original,1007,1015,6,31,1.993824005,2.055300000,0.119800000,0.040800000
sample,forward_host,original,1007,1016,6,7421,1.989184022,2.093500000,0.115300000,0.035400000
sample,forward_host,original,1007,1017,6,7051,2.011359930,2.076000000,0.137500000,0.049700000
sample,forward_host,original,1007,1018,6,286,2.008383989,2.072100000,0.135100000,0.045800000
sample,forward_host,original,1007,1019,6,262,1.976927996,2.076800000,0.083600000,0.024300000
sample,forward_host,original,1007,1020,6,2619,1.982944012,2.046300000,0.097300000,0.031400000
sample,forward_host,original,1007,1021,6,6896,1.998111963,2.057200000,0.103800000,0.036000000
sample,forward_host,original,1007,1022,6,764,1.998432040,2.090500000,0.109600000,0.033300000
sample,forward_host,ordered4,1007,1007,6,837,2.542783976,2.599300000,0.082500000,0.021300000
sample,forward_host,ordered4,1007,1008,6,290,2.525536060,2.717700000,0.062200000,0.011500000
sample,forward_host,ordered4,1007,1009,6,1863,2.552959919,2.615600000,0.088500000,0.021000000
sample,forward_host,ordered4,1007,1010,6,691,2.532639980,2.608400000,0.062100000,0.011300000
sample,forward_host,ordered4,1007,1011,6,262,2.553728104,2.620200000,0.090400000,0.023200000
sample,forward_host,ordered4,1007,1012,6,5093,2.560640097,2.632700000,0.088900000,0.025500000
sample,forward_host,ordered4,1007,1013,6,2488,2.559456110,2.629900000,0.087100000,0.024800000
sample,forward_host,ordered4,1007,1014,6,12,2.555520058,2.610800000,0.085500000,0.019800000
sample,forward_host,ordered4,1007,1015,6,31,2.534463882,2.607000000,0.077700000,0.011500000
sample,forward_host,ordered4,1007,1016,6,7421,2.560256004,2.620000000,0.090100000,0.024300000
sample,forward_host,ordered4,1007,1017,6,7051,2.538399935,2.625500000,0.085500000,0.011400000
sample,forward_host,ordered4,1007,1018,6,286,2.579967976,2.656600000,0.106700000,0.033900000
sample,forward_host,ordered4,1007,1019,6,262,2.559936047,2.625700000,0.085300000,0.021600000
sample,forward_host,ordered4,1007,1020,6,2619,2.553823948,2.617900000,0.075400000,0.017200000
sample,forward_host,ordered4,1007,1021,6,6896,2.552256107,2.648500000,0.076000000,0.013600000
sample,forward_host,ordered4,1007,1022,6,764,2.545631886,2.606700000,0.061700000,0.011200000
sample,forward_host,ordered4,1007,1007,7,837,2.530560017,2.587300000,0.073500000,0.014700000
sample,forward_host,ordered4,1007,1008,7,290,2.525248051,2.595900000,0.060000000,0.010400000
sample,forward_host,ordered4,1007,1009,7,1863,2.541343927,2.597900000,0.069300000,0.018300000
sample,forward_host,ordered4,1007,1010,7,691,2.530783892,2.627100000,0.058900000,0.010900000
sample,forward_host,ordered4,1007,1011,7,262,2.573407888,2.651500000,0.165900000,0.036700000
sample,forward_host,ordered4,1007,1012,7,5093,2.572767973,2.648000000,0.114500000,0.036700000
sample,forward_host,ordered4,1007,1013,7,2488,2.552160025,2.621200000,0.079900000,0.020700000
sample,forward_host,ordered4,1007,1014,7,12,2.600895882,2.687400000,0.145400000,0.049400000
sample,forward_host,ordered4,1007,1015,7,31,2.568288088,2.633200000,0.104600000,0.032700000
sample,forward_host,ordered4,1007,1016,7,7421,2.567039967,2.626700000,0.092000000,0.026200000
sample,forward_host,ordered4,1007,1017,7,7051,2.550688028,2.621200000,0.075100000,0.017400000
sample,forward_host,ordered4,1007,1018,7,286,2.570240021,2.634100000,0.088200000,0.026600000
sample,forward_host,ordered4,1007,1019,7,262,2.539423943,2.634900000,0.088800000,0.011500000
sample,forward_host,ordered4,1007,1020,7,2619,2.570048094,2.642100000,0.095000000,0.027000000
sample,forward_host,ordered4,1007,1021,7,6896,2.577471972,2.647000000,0.104400000,0.034600000
sample,forward_host,ordered4,1007,1022,7,764,2.551903963,2.613800000,0.074000000,0.015600000
sample,forward_host,original,1007,1007,7,837,1.958207965,2.019900000,0.085900000,0.021000000
sample,forward_host,original,1007,1008,7,290,1.948959947,2.003400000,0.067700000,0.011800000
sample,forward_host,original,1007,1009,7,1863,1.945119977,2.012300000,0.083800000,0.010800000
sample,forward_host,original,1007,1010,7,691,1.970623970,2.032600000,0.084800000,0.021300000
sample,forward_host,original,1007,1011,7,262,1.945984006,2.002000000,0.061700000,0.011400000
sample,forward_host,original,1007,1012,7,5093,1.946143985,2.010000000,0.059100000,0.011000000
sample,forward_host,original,1007,1013,7,2488,1.963168025,2.018700000,0.073900000,0.015600000
sample,forward_host,original,1007,1014,7,12,1.951295972,2.006000000,0.057400000,0.010500000
sample,forward_host,original,1007,1015,7,31,1.945215940,2.011600000,0.058500000,0.011100000
sample,forward_host,original,1007,1016,7,7421,1.972000003,2.031800000,0.085200000,0.024400000
sample,forward_host,original,1007,1017,7,7051,1.953151941,2.006900000,0.058600000,0.011400000
sample,forward_host,original,1007,1018,7,286,1.955039978,2.019600000,0.081800000,0.011100000
sample,forward_host,original,1007,1019,7,262,1.972800016,2.028300000,0.084700000,0.023100000
sample,forward_host,original,1007,1020,7,2619,1.952576041,2.001100000,0.075500000,0.011500000
sample,forward_host,original,1007,1021,7,6896,1.955904007,2.013800000,0.054300000,0.010800000
sample,forward_host,original,1007,1022,7,764,1.989760041,2.066300000,0.090500000,0.031500000
sample,forward_host,original,1007,1007,8,837,1.964864016,2.020500000,0.080600000,0.025000000
sample,forward_host,original,1007,1008,8,290,1.958943963,2.018400000,0.068400000,0.017000000
sample,forward_host,original,1007,1009,8,1863,1.950304031,2.103300000,0.093100000,0.011500000
sample,forward_host,original,1007,1010,8,691,1.957119942,2.015000000,0.076500000,0.015000000
sample,forward_host,original,1007,1011,8,262,1.945183992,1.999800000,0.086200000,0.011600000
sample,forward_host,original,1007,1012,8,5093,1.947487950,1.999700000,0.058900000,0.011000000
sample,forward_host,original,1007,1013,8,2488,1.952064037,2.033300000,0.081700000,0.010800000
sample,forward_host,original,1007,1014,8,12,1.966528058,2.042300000,0.071200000,0.018200000
sample,forward_host,original,1007,1015,8,31,1.965440035,2.030400000,0.081300000,0.019000000
sample,forward_host,original,1007,1016,8,7421,1.959007978,2.019900000,0.075900000,0.016100000
sample,forward_host,original,1007,1017,8,7051,1.962368011,2.022200000,0.066700000,0.012900000
sample,forward_host,original,1007,1018,8,286,1.966176033,2.036100000,0.076200000,0.016300000
sample,forward_host,original,1007,1019,8,262,1.987583995,2.067200000,0.115600000,0.032100000
sample,forward_host,original,1007,1020,8,2619,1.982048035,2.049500000,0.100800000,0.029100000
sample,forward_host,original,1007,1021,8,6896,1.973376036,2.076200000,0.087500000,0.021900000
sample,forward_host,original,1007,1022,8,764,2.030112028,2.103000000,0.143700000,0.043500000
sample,forward_host,ordered4,1007,1007,8,837,2.525248051,2.581300000,0.082400000,0.010800000
sample,forward_host,ordered4,1007,1008,8,290,2.529247999,2.604500000,0.067500000,0.012900000
sample,forward_host,ordered4,1007,1009,8,1863,2.545183897,2.609700000,0.098000000,0.019300000
sample,forward_host,ordered4,1007,1010,8,691,2.532831907,2.592900000,0.076800000,0.010900000
sample,forward_host,ordered4,1007,1011,8,262,2.540159941,2.675200000,0.069100000,0.014400000
sample,forward_host,ordered4,1007,1012,8,5093,2.632607937,2.728700000,0.222200000,0.084600000
sample,forward_host,ordered4,1007,1013,8,2488,2.553535938,2.600300000,0.080600000,0.022500000
sample,forward_host,ordered4,1007,1014,8,12,2.538624048,2.599600000,0.057300000,0.011600000
sample,forward_host,ordered4,1007,1015,8,31,2.555007935,2.616700000,0.096800000,0.024700000
sample,forward_host,ordered4,1007,1016,8,7421,2.541631937,2.616100000,0.065700000,0.012300000
sample,forward_host,ordered4,1007,1017,8,7051,2.580512047,2.645600000,0.135500000,0.032700000
sample,forward_host,ordered4,1007,1018,8,286,2.579391956,2.633300000,0.107400000,0.033700000
sample,forward_host,ordered4,1007,1019,8,262,2.576607943,2.648500000,0.111600000,0.036200000
sample,forward_host,ordered4,1007,1020,8,2619,2.580480099,2.646700000,0.103400000,0.035700000
sample,forward_host,ordered4,1007,1021,8,6896,2.553632021,2.605600000,0.068900000,0.016500000
sample,forward_host,ordered4,1007,1022,8,764,2.559168100,2.619500000,0.067000000,0.016200000
sample,forward_host,ordered4,1007,1007,9,837,2.527296066,2.586600000,0.062500000,0.011400000
sample,forward_host,ordered4,1007,1008,9,290,2.525791883,2.586100000,0.093700000,0.012500000
sample,forward_host,ordered4,1007,1009,9,1863,2.530719995,2.584300000,0.067000000,0.012500000
sample,forward_host,ordered4,1007,1010,9,691,2.532864094,2.606200000,0.061200000,0.011000000
sample,forward_host,ordered4,1007,1011,9,262,2.558847904,2.665700000,0.101600000,0.027500000
sample,forward_host,ordered4,1007,1012,9,5093,2.561248064,2.635100000,0.159800000,0.028100000
sample,forward_host,ordered4,1007,1013,9,2488,2.571167946,2.631800000,0.113100000,0.035000000
sample,forward_host,ordered4,1007,1014,9,12,2.537184000,2.595000000,0.088400000,0.011100000
sample,forward_host,ordered4,1007,1015,9,31,2.537695885,2.595400000,0.070100000,0.014200000
sample,forward_host,ordered4,1007,1016,9,7421,2.544672012,2.613600000,0.073400000,0.014000000
sample,forward_host,ordered4,1007,1017,9,7051,2.567456007,2.637300000,0.091000000,0.027900000
sample,forward_host,ordered4,1007,1018,9,286,2.546688080,2.602200000,0.075900000,0.012500000
sample,forward_host,ordered4,1007,1019,9,262,2.539423943,2.594300000,0.080700000,0.011000000
sample,forward_host,ordered4,1007,1020,9,2619,2.544224024,2.596300000,0.066700000,0.012700000
sample,forward_host,ordered4,1007,1021,9,6896,2.541408062,2.591800000,0.079600000,0.010600000
sample,forward_host,ordered4,1007,1022,9,764,2.547039986,2.619200000,0.061100000,0.010800000
sample,forward_host,original,1007,1007,9,837,1.963520050,2.064700000,0.081700000,0.024700000
sample,forward_host,original,1007,1008,9,290,1.956863999,2.040300000,0.075600000,0.021000000
sample,forward_host,original,1007,1009,9,1863,1.986367941,2.066000000,0.117700000,0.037500000
sample,forward_host,original,1007,1010,9,691,1.969151974,2.089200000,0.093300000,0.023900000
sample,forward_host,original,1007,1011,9,262,1.953376055,2.034800000,0.068600000,0.015800000
sample,forward_host,original,1007,1012,9,5093,1.999680042,2.074100000,0.127600000,0.044000000
sample,forward_host,original,1007,1013,9,2488,1.983904004,2.045800000,0.093700000,0.030400000
sample,forward_host,original,1007,1014,9,12,1.962656021,2.018000000,0.071400000,0.017700000
sample,forward_host,original,1007,1015,9,31,1.962656021,2.016800000,0.082800000,0.019900000
sample,forward_host,original,1007,1016,9,7421,1.951807976,1.995300000,0.058000000,0.012200000
sample,forward_host,original,1007,1017,9,7051,1.951231956,2.008000000,0.053000000,0.010900000
sample,forward_host,original,1007,1018,9,286,1.958912015,2.010900000,0.067600000,0.013400000
sample,forward_host,original,1007,1019,9,262,1.956128001,2.014400000,0.060900000,0.012200000
sample,forward_host,original,1007,1020,9,2619,1.973664045,2.045400000,0.087800000,0.023400000
sample,forward_host,original,1007,1021,9,6896,1.971583962,2.031500000,0.079500000,0.021000000
sample,forward_host,original,1007,1022,9,764,1.958528042,2.015200000,0.062400000,0.012000000
sample,forward_host,original,1007,1007,10,837,1.945567966,2.002400000,0.086500000,0.014800000
sample,forward_host,original,1007,1008,10,290,1.966688037,2.050900000,0.122700000,0.030200000
sample,forward_host,original,1007,1009,10,1863,2.002912045,2.111700000,0.098400000,0.029600000
sample,forward_host,original,1007,1010,10,691,1.992383957,2.059700000,0.095900000,0.039000000
sample,forward_host,original,1007,1011,10,262,1.962208033,2.025700000,0.074300000,0.020000000
sample,forward_host,original,1007,1012,10,5093,2.013184071,2.116300000,0.130000000,0.054900000
sample,forward_host,original,1007,1013,10,2488,1.985728025,2.055600000,0.089100000,0.034100000
sample,forward_host,original,1007,1014,10,12,1.998880029,2.082000000,0.109800000,0.040600000
sample,forward_host,original,1007,1015,10,31,2.001375914,2.068800000,0.107200000,0.048500000
sample,forward_host,original,1007,1016,10,7421,1.969280005,2.030100000,0.084900000,0.024700000
sample,forward_host,original,1007,1017,10,7051,1.963232040,2.015700000,0.070600000,0.017000000
sample,forward_host,original,1007,1018,10,286,2.003999949,2.091300000,0.122900000,0.046700000
sample,forward_host,original,1007,1019,10,262,1.991680026,2.057500000,0.101400000,0.035400000
sample,forward_host,original,1007,1020,10,2619,1.977344036,2.048100000,0.085600000,0.024200000
sample,forward_host,original,1007,1021,10,6896,2.008095980,2.088400000,0.124900000,0.047300000
sample,forward_host,original,1007,1022,10,764,2.011904001,2.083900000,0.123800000,0.046200000
sample,forward_host,ordered4,1007,1007,10,837,2.574048042,2.643400000,0.124800000,0.042100000
sample,forward_host,ordered4,1007,1008,10,290,2.556159973,2.609800000,0.095400000,0.030300000
sample,forward_host,ordered4,1007,1009,10,1863,2.535615921,2.659100000,0.059500000,0.012800000
sample,forward_host,ordered4,1007,1010,10,691,2.558271885,2.621400000,0.099100000,0.027700000
sample,forward_host,ordered4,1007,1011,10,262,2.532799959,2.607300000,0.065000000,0.011800000
sample,forward_host,ordered4,1007,1012,10,5093,2.537663937,2.595000000,0.067900000,0.012300000
sample,forward_host,ordered4,1007,1013,10,2488,2.534944057,2.618100000,0.092300000,0.011200000
sample,forward_host,ordered4,1007,1014,10,12,2.562848091,2.638300000,0.100900000,0.025900000
sample,forward_host,ordered4,1007,1015,10,31,2.563616037,2.627700000,0.099500000,0.027500000
sample,forward_host,ordered4,1007,1016,10,7421,2.539551973,2.598800000,0.069400000,0.012600000
sample,forward_host,ordered4,1007,1017,10,7051,2.594239950,2.674100000,0.142900000,0.049400000
sample,forward_host,ordered4,1007,1018,10,286,2.558592081,2.626700000,0.088600000,0.020000000
sample,forward_host,ordered4,1007,1019,10,262,2.545088053,2.601500000,0.073700000,0.014000000
sample,forward_host,ordered4,1007,1020,10,2619,2.540544033,2.618000000,0.061400000,0.010400000
sample,forward_host,ordered4,1007,1021,10,6896,2.556512117,2.656100000,0.077700000,0.018400000
sample,forward_host,ordered4,1007,1022,10,764,2.600383997,2.745900000,0.135600000,0.045900000
sample,forward_host,ordered4,1007,1007,11,837,2.595679998,2.694800000,0.159800000,0.057200000
sample,forward_host,ordered4,1007,1008,11,290,2.550528049,2.636500000,0.093200000,0.026500000
sample,forward_host,ordered4,1007,1009,11,1863,2.533792019,2.588000000,0.065400000,0.013900000
sample,forward_host,ordered4,1007,1010,11,691,2.531647921,2.598700000,0.091600000,0.010800000
sample,forward_host,ordered4,1007,1011,11,262,2.562463999,2.627200000,0.088100000,0.026400000
sample,forward_host,ordered4,1007,1012,11,5093,2.539328098,2.593800000,0.067300000,0.016600000
sample,forward_host,ordered4,1007,1013,11,2488,2.533375978,2.589900000,0.085100000,0.011100000
sample,forward_host,ordered4,1007,1014,11,12,2.559904099,2.621300000,0.085100000,0.021300000
sample,forward_host,ordered4,1007,1015,11,31,2.537503958,2.740100000,0.067900000,0.014300000
sample,forward_host,ordered4,1007,1016,11,7421,2.550335884,2.615400000,0.076100000,0.019100000
sample,forward_host,ordered4,1007,1017,11,7051,2.548863888,2.611800000,0.071700000,0.015900000
sample,forward_host,ordered4,1007,1018,11,286,2.547935963,2.607600000,0.067400000,0.015300000
sample,forward_host,ordered4,1007,1019,11,262,2.548703909,2.606700000,0.069800000,0.016000000
sample,forward_host,ordered4,1007,1020,11,2619,2.553535938,2.619200000,0.074600000,0.020200000
sample,forward_host,ordered4,1007,1021,11,6896,2.563424110,2.788200000,0.085100000,0.023200000
sample,forward_host,ordered4,1007,1022,11,764,2.621471882,2.737200000,0.148100000,0.061300000
sample,forward_host,original,1007,1007,11,837,1.942432046,2.019000000,0.084100000,0.013400000
sample,forward_host,original,1007,1008,11,290,1.957888007,2.010100000,0.070900000,0.018000000
sample,forward_host,original,1007,1009,11,1863,1.948896050,1.995800000,0.055900000,0.012000000
sample,forward_host,original,1007,1010,11,691,1.945343971,2.006800000,0.053900000,0.011700000
sample,forward_host,original,1007,1011,11,262,1.944767952,1.995800000,0.063200000,0.012500000
sample,forward_host,original,1007,1012,11,5093,1.950559974,2.001200000,0.058500000,0.013300000
sample,forward_host,original,1007,1013,11,2488,1.959264040,2.022000000,0.060400000,0.013200000
sample,forward_host,original,1007,1014,11,12,1.956768036,2.006300000,0.059800000,0.013400000
sample,forward_host,original,1007,1015,11,31,1.950752020,2.007100000,0.056400000,0.011800000
sample,forward_host,original,1007,1016,11,7421,1.961760044,2.230600000,0.070500000,0.020000000
sample,forward_host,original,1007,1017,11,7051,1.993056059,2.060100000,0.115900000,0.032600000
sample,forward_host,original,1007,1018,11,286,1.971487999,2.029500000,0.074600000,0.022600000
sample,forward_host,original,1007,1019,11,262,1.956575990,2.009800000,0.060800000,0.013100000
sample,forward_host,original,1007,1020,11,2619,1.956383944,2.004000000,0.059800000,0.014100000
sample,forward_host,original,1007,1021,11,6896,1.960896015,2.026600000,0.055200000,0.012100000
sample,forward_host,original,1007,1022,11,764,2.000735998,2.084900000,0.103300000,0.037400000
sample,forward_host,original,1007,1007,12,837,1.999392033,2.098500000,0.130300000,0.046800000
sample,forward_host,original,1007,1008,12,290,2.006400108,2.160200000,0.137200000,0.052100000
sample,forward_host,original,1007,1009,12,1863,2.039871931,2.139400000,0.176500000,0.071900000
sample,forward_host,original,1007,1010,12,691,2.010751963,2.108100000,0.141100000,0.051800000
sample,forward_host,original,1007,1011,12,262,2.003423929,2.076800000,0.131400000,0.050500000
sample,forward_host,original,1007,1012,12,5093,1.989567995,2.058600000,0.111800000,0.037000000
sample,forward_host,original,1007,1013,12,2488,1.975936055,2.039200000,0.084300000,0.022600000
sample,forward_host,original,1007,1014,12,12,1.964352012,2.015000000,0.070700000,0.017500000
sample,forward_host,original,1007,1015,12,31,1.952448010,2.005700000,0.064300000,0.013200000
sample,forward_host,original,1007,1016,12,7421,1.952000022,2.006300000,0.058700000,0.011000000
sample,forward_host,original,1007,1017,12,7051,1.951712012,2.006100000,0.059300000,0.012300000
sample,forward_host,original,1007,1018,12,286,1.954144001,2.006000000,0.058000000,0.011200000
sample,forward_host,original,1007,1019,12,262,1.952064037,2.008500000,0.059400000,0.011100000
sample,forward_host,original,1007,1020,12,2619,1.973631978,2.030000000,0.073500000,0.016900000
sample,forward_host,original,1007,1021,12,6896,1.971840024,2.033200000,0.071700000,0.016200000
sample,forward_host,original,1007,1022,12,764,1.974975944,2.041100000,0.079600000,0.016500000
sample,forward_host,ordered4,1007,1007,12,837,2.535743952,2.624300000,0.063800000,0.016300000
sample,forward_host,ordered4,1007,1008,12,290,2.594975948,2.728600000,0.138700000,0.051700000
sample,forward_host,ordered4,1007,1009,12,1863,2.567775965,2.648200000,0.100900000,0.034300000
sample,forward_host,ordered4,1007,1010,12,691,2.588255882,2.671900000,0.148000000,0.048100000
sample,forward_host,ordered4,1007,1011,12,262,2.556512117,2.618900000,0.083700000,0.030900000
sample,forward_host,ordered4,1007,1012,12,5093,2.573152065,2.671700000,0.104600000,0.036200000
sample,forward_host,ordered4,1007,1013,12,2488,2.589087963,2.653800000,0.131700000,0.047600000
sample,forward_host,ordered4,1007,1014,12,12,2.574496031,2.640100000,0.096200000,0.035000000
sample,forward_host,ordered4,1007,1015,12,31,2.545727968,2.597000000,0.067700000,0.018600000
sample,forward_host,ordered4,1007,1016,12,7421,2.547487974,2.619400000,0.069100000,0.020300000
sample,forward_host,ordered4,1007,1017,12,7051,2.557120085,2.625000000,0.076800000,0.023100000
sample,forward_host,ordered4,1007,1018,12,286,2.556031942,2.612300000,0.070700000,0.020900000
sample,forward_host,ordered4,1007,1019,12,262,2.552223921,2.634800000,0.071500000,0.017800000
sample,forward_host,ordered4,1007,1020,12,2619,2.556544065,2.614900000,0.076600000,0.021200000
sample,forward_host,ordered4,1007,1021,12,6896,2.557760000,2.619700000,0.070600000,0.016800000
sample,forward_host,ordered4,1007,1022,12,764,2.552704096,2.604600000,0.068200000,0.014900000
sample,forward_host,ordered4,1007,1007,13,837,2.540096045,2.692800000,0.080100000,0.015700000
sample,forward_host,ordered4,1007,1008,13,290,2.541599989,2.630200000,0.077500000,0.015900000
sample,forward_host,ordered4,1007,1009,13,1863,2.640896082,2.785500000,0.230800000,0.084800000
sample,forward_host,ordered4,1007,1010,13,691,2.574496031,2.635900000,0.110700000,0.038600000
sample,forward_host,ordered4,1007,1011,13,262,2.539391994,2.604400000,0.067700000,0.018900000
sample,forward_host,ordered4,1007,1012,13,5093,2.531680107,2.584200000,0.057700000,0.011900000
sample,forward_host,ordered4,1007,1013,13,2488,2.542592049,2.617900000,0.063800000,0.015900000
sample,forward_host,ordered4,1007,1014,13,12,2.557919979,2.675200000,0.086400000,0.024000000
sample,forward_host,ordered4,1007,1015,13,31,2.552864075,2.614100000,0.088100000,0.021300000
sample,forward_host,ordered4,1007,1016,13,7421,2.550175905,2.606800000,0.077700000,0.020800000
sample,forward_host,ordered4,1007,1017,13,7051,2.538079977,2.666300000,0.059500000,0.010600000
sample,forward_host,ordered4,1007,1018,13,286,2.613120079,2.686500000,0.144600000,0.062300000
sample,forward_host,ordered4,1007,1019,13,262,2.546495914,2.601000000,0.069900000,0.013500000
sample,forward_host,ordered4,1007,1020,13,2619,2.557087898,2.617800000,0.081100000,0.020300000
sample,forward_host,ordered4,1007,1021,13,6896,2.547775984,2.646600000,0.064100000,0.011900000
sample,forward_host,ordered4,1007,1022,13,764,2.588864088,2.671400000,0.134400000,0.032800000
sample,forward_host,original,1007,1007,13,837,1.961856008,2.025200000,0.079900000,0.020600000
sample,forward_host,original,1007,1008,13,290,1.949632049,2.019400000,0.071700000,0.013500000
sample,forward_host,original,1007,1009,13,1863,1.949568033,2.034100000,0.060200000,0.011000000
sample,forward_host,original,1007,1010,13,691,1.969887972,2.038100000,0.091800000,0.024600000
sample,forward_host,original,1007,1011,13,262,1.962208033,2.039200000,0.081300000,0.018700000
sample,forward_host,original,1007,1012,13,5093,1.945855975,2.027400000,0.054900000,0.011300000
sample,forward_host,original,1007,1013,13,2488,1.968608022,2.039800000,0.080500000,0.019900000
sample,forward_host,original,1007,1014,13,12,1.957759976,2.009500000,0.079500000,0.013700000
sample,forward_host,original,1007,1015,13,31,1.947551966,2.026200000,0.062600000,0.011400000
sample,forward_host,original,1007,1016,13,7421,1.958559990,2.018600000,0.069600000,0.015600000
sample,forward_host,original,1007,1017,13,7051,1.950559974,2.005100000,0.061800000,0.011600000
sample,forward_host,original,1007,1018,13,286,1.952224016,2.036700000,0.057700000,0.010800000
sample,forward_host,original,1007,1019,13,262,1.957344055,2.017800000,0.073100000,0.011600000
sample,forward_host,original,1007,1020,13,2619,1.953376055,2.009800000,0.065500000,0.012400000
sample,forward_host,original,1007,1021,13,6896,1.955647945,2.017700000,0.078300000,0.011300000
sample,forward_host,original,1007,1022,13,764,1.958559990,2.014000000,0.068800000,0.011000000
sample,forward_host,original,1007,1007,14,837,1.969759941,2.037200000,0.096500000,0.026300000
sample,forward_host,original,1007,1008,14,290,1.950399995,2.008100000,0.075100000,0.015200000
sample,forward_host,original,1007,1009,14,1863,1.955680013,2.014200000,0.071700000,0.014300000
sample,forward_host,original,1007,1010,14,691,1.958176017,2.020700000,0.074900000,0.015700000
sample,forward_host,original,1007,1011,14,262,1.948608041,2.000800000,0.094500000,0.013800000
sample,forward_host,original,1007,1012,14,5093,1.954527974,2.006600000,0.064400000,0.012700000
sample,forward_host,original,1007,1013,14,2488,1.966143966,2.025100000,0.073400000,0.017200000
sample,forward_host,original,1007,1014,14,12,1.958976030,2.009200000,0.065200000,0.014200000
sample,forward_host,original,1007,1015,14,31,1.948544025,2.015900000,0.060500000,0.013200000
sample,forward_host,original,1007,1016,14,7421,1.959903955,2.013200000,0.066000000,0.014700000
sample,forward_host,original,1007,1017,14,7051,1.953248024,2.007100000,0.083600000,0.013500000
sample,forward_host,original,1007,1018,14,286,1.961151958,2.015400000,0.069500000,0.013600000
sample,forward_host,original,1007,1019,14,262,1.959391952,2.031600000,0.067500000,0.014700000
sample,forward_host,original,1007,1020,14,2619,1.978656054,2.049000000,0.089800000,0.026000000
sample,forward_host,original,1007,1021,14,6896,1.978047967,2.037500000,0.086900000,0.025500000
sample,forward_host,original,1007,1022,14,764,1.970368028,2.027300000,0.070700000,0.017000000
sample,forward_host,ordered4,1007,1007,14,837,2.527168036,2.602100000,0.060200000,0.013800000
sample,forward_host,ordered4,1007,1008,14,290,2.548288107,2.610300000,0.105800000,0.028200000
sample,forward_host,ordered4,1007,1009,14,1863,2.577408075,2.667500000,0.112500000,0.041600000
sample,forward_host,ordered4,1007,1010,14,691,2.546976089,2.627000000,0.071600000,0.019100000
sample,forward_host,ordered4,1007,1011,14,262,2.580703974,2.660800000,0.118300000,0.044700000
sample,forward_host,ordered4,1007,1012,14,5093,2.545183897,2.657100000,0.075500000,0.020100000
sample,forward_host,ordered4,1007,1013,14,2488,2.591680050,2.674500000,0.122700000,0.045700000
sample,forward_host,ordered4,1007,1014,14,12,2.600447893,2.710400000,0.130900000,0.056700000
sample,forward_host,ordered4,1007,1015,14,31,2.609280109,2.703200000,0.177800000,0.060100000
sample,forward_host,ordered4,1007,1016,14,7421,2.590111971,2.716600000,0.121100000,0.047100000
sample,forward_host,ordered4,1007,1017,14,7051,2.638272047,2.764300000,0.179400000,0.080300000
sample,forward_host,ordered4,1007,1018,14,286,2.604032040,2.688400000,0.132600000,0.043500000
sample,forward_host,ordered4,1007,1019,14,262,2.577503920,2.701000000,0.101500000,0.035900000
sample,forward_host,ordered4,1007,1020,14,2619,2.606112003,2.681800000,0.146900000,0.055000000
sample,forward_host,ordered4,1007,1021,14,6896,2.592704058,2.680300000,0.126100000,0.044400000
sample,forward_host,ordered4,1007,1022,14,764,2.606496096,2.684000000,0.138400000,0.050000000
sample,forward_host,ordered4,1007,1007,15,837,2.570879936,2.657700000,0.115900000,0.040500000
sample,forward_host,ordered4,1007,1008,15,290,2.585056067,2.668200000,0.135700000,0.047900000
sample,forward_host,ordered4,1007,1009,15,1863,2.586400032,2.721300000,0.125900000,0.046200000
sample,forward_host,ordered4,1007,1010,15,691,2.614815950,2.745700000,0.175700000,0.066000000
sample,forward_host,ordered4,1007,1011,15,262,2.599008083,2.719300000,0.137800000,0.060200000
sample,forward_host,ordered4,1007,1012,15,5093,2.600608110,2.805900000,0.154200000,0.056000000
sample,forward_host,ordered4,1007,1013,15,2488,2.618144035,2.756000000,0.169400000,0.067500000
sample,forward_host,ordered4,1007,1014,15,12,2.640511990,2.827500000,0.183300000,0.070900000
sample,forward_host,ordered4,1007,1015,15,31,2.682431936,2.939500000,0.243700000,0.083400000
sample,forward_host,ordered4,1007,1016,15,7421,2.659615993,2.829900000,0.243400000,0.081200000
sample,forward_host,ordered4,1007,1017,15,7051,2.602688074,2.753000000,0.134900000,0.049300000
sample,forward_host,ordered4,1007,1018,15,286,2.571360111,2.665500000,0.086600000,0.031500000
sample,forward_host,ordered4,1007,1019,15,262,2.642816067,2.764800000,0.193100000,0.082100000
sample,forward_host,ordered4,1007,1020,15,2619,2.593408108,2.702600000,0.111300000,0.042300000
sample,forward_host,ordered4,1007,1021,15,6896,2.610208035,2.751900000,0.141200000,0.049200000
sample,forward_host,ordered4,1007,1022,15,764,2.615711927,2.716800000,0.142800000,0.056400000
sample,forward_host,original,1007,1007,15,837,1.970304012,2.050100000,0.091400000,0.026700000
sample,forward_host,original,1007,1008,15,290,2.009632111,2.093900000,0.144400000,0.061100000
sample,forward_host,original,1007,1009,15,1863,1.965791941,2.015700000,0.117900000,0.023400000
sample,forward_host,original,1007,1010,15,691,1.970592022,2.053000000,0.075500000,0.021800000
sample,forward_host,original,1007,1011,15,262,2.046655893,2.140200000,0.181500000,0.057000000
sample,forward_host,original,1007,1012,15,5093,1.989215970,2.056600000,0.106500000,0.038400000
sample,forward_host,original,1007,1013,15,2488,1.964192033,2.094800000,0.084600000,0.019300000
sample,forward_host,original,1007,1014,15,12,2.094592094,2.236400000,0.276300000,0.074800000
sample,forward_host,original,1007,1015,15,31,2.022304058,2.137100000,0.174600000,0.070100000
sample,forward_host,original,1007,1016,15,7421,2.042720079,2.141200000,0.170500000,0.049800000
sample,forward_host,original,1007,1017,15,7051,2.043679953,2.159400000,0.164300000,0.061900000
sample,forward_host,original,1007,1018,15,286,2.014624119,2.136500000,0.132800000,0.051500000
sample,forward_host,original,1007,1019,15,262,2.001791954,2.108600000,0.110700000,0.043200000
sample,forward_host,original,1007,1020,15,2619,2.033119917,2.112900000,0.142200000,0.064400000
sample,forward_host,original,1007,1021,15,6896,1.971680045,2.023900000,0.066400000,0.020600000
sample,forward_host,original,1007,1022,15,764,1.985087991,2.047600000,0.083800000,0.027700000
sample,generation,original,128,128,0,764,1.359104037,1.538400000,0.058600000,0.012800000
sample,generation,original,128,129,0,383,1.366880059,1.571800000,0.052700000,0.011100000
sample,generation,original,128,130,0,9653,1.372159958,1.581200000,0.061900000,0.014100000
sample,generation,original,128,131,0,25834,1.365792036,1.583900000,0.060600000,0.012600000
sample,generation,original,128,132,0,287,1.381919980,1.563800000,0.066400000,0.018900000
sample,generation,original,128,133,0,262,1.373343945,1.552400000,0.056800000,0.013000000
sample,generation,original,128,134,0,6076,1.372704029,1.581000000,0.056100000,0.011300000
sample,generation,original,128,135,0,290,1.367712021,1.546500000,0.058300000,0.012800000
sample,generation,original,128,136,0,389,1.367872000,1.549900000,0.052800000,0.010900000
sample,generation,original,128,137,0,8104,1.372032046,1.552900000,0.052200000,0.010900000
sample,generation,original,128,138,0,287,1.373343945,1.576700000,0.060200000,0.010900000
sample,generation,original,128,139,0,262,1.370944023,1.548800000,0.051300000,0.011100000
sample,generation,original,128,140,0,1280,1.373471975,1.551400000,0.051700000,0.011500000
sample,generation,original,128,141,0,9151,1.380543947,1.669200000,0.058200000,0.010800000
sample,generation,original,128,142,0,13,1.418112040,1.870900000,0.154400000,0.026200000
sample,generation,original,128,143,0,383,1.391487956,1.762000000,0.080400000,0.021600000
sample,generation,ordered4,128,128,0,764,1.488639951,1.758100000,0.130600000,0.047500000
sample,generation,ordered4,128,129,0,383,1.475648046,1.771000000,0.100200000,0.033600000
sample,generation,ordered4,128,130,0,9653,1.502624035,1.770800000,0.141900000,0.041700000
sample,generation,ordered4,128,131,0,25834,1.476832032,1.807600000,0.100000000,0.033700000
sample,generation,ordered4,128,132,0,287,1.506432056,1.744200000,0.199200000,0.045500000
sample,generation,ordered4,128,133,0,262,1.474431992,1.789000000,0.093300000,0.031700000
sample,generation,ordered4,128,134,0,6076,1.496096015,1.685500000,0.130900000,0.044500000
sample,generation,ordered4,128,135,0,290,1.469248056,1.688000000,0.075700000,0.028100000
sample,generation,ordered4,128,136,0,389,1.478752017,1.677800000,0.092700000,0.034900000
sample,generation,ordered4,128,137,0,8104,1.464095950,1.715800000,0.083200000,0.021200000
sample,generation,ordered4,128,138,0,287,1.465183973,1.778100000,0.068300000,0.017900000
sample,generation,ordered4,128,139,0,262,1.475551963,1.898500000,0.104300000,0.027600000
sample,generation,ordered4,128,140,0,1280,1.478911996,1.823300000,0.095300000,0.027400000
sample,generation,ordered4,128,141,0,9151,1.478240013,1.819200000,0.078000000,0.024800000
sample,generation,ordered4,128,142,0,13,1.496063948,1.709300000,0.118900000,0.031200000
sample,generation,ordered4,128,143,0,383,1.468255997,1.767100000,0.076200000,0.018400000
sample,generation,ordered4,128,128,1,764,1.452095985,1.692600000,0.078900000,0.020200000
sample,generation,ordered4,128,129,1,383,1.474912047,1.648600000,0.093700000,0.038500000
sample,generation,ordered4,128,130,1,9653,1.452895999,1.674300000,0.058700000,0.016900000
sample,generation,ordered4,128,131,1,25834,1.445984006,1.634500000,0.075400000,0.015200000
sample,generation,ordered4,128,132,1,287,1.455456018,1.938500000,0.075300000,0.017200000
sample,generation,ordered4,128,133,1,262,1.448063970,1.862800000,0.065400000,0.013200000
sample,generation,ordered4,128,134,1,6076,1.447520018,1.635800000,0.058900000,0.011800000
sample,generation,ordered4,128,135,1,290,1.442847967,1.629500000,0.059700000,0.011200000
sample,generation,ordered4,128,136,1,389,1.444031954,1.963200000,0.057200000,0.010700000
sample,generation,ordered4,128,137,1,8104,1.478080034,2.009100000,0.107600000,0.019600000
sample,generation,ordered4,128,138,1,287,1.460384011,1.918400000,0.067500000,0.016800000
sample,generation,ordered4,128,139,1,262,1.448959947,2.018300000,0.059000000,0.011100000
sample,generation,ordered4,128,140,1,1280,1.455008030,1.648100000,0.066500000,0.013500000
sample,generation,ordered4,128,141,1,9151,1.453503966,1.950200000,0.058300000,0.010900000
sample,generation,ordered4,128,142,1,13,1.456223965,2.018200000,0.074200000,0.010900000
sample,generation,ordered4,128,143,1,383,1.456383944,1.961900000,0.066800000,0.013300000
sample,generation,original,128,128,1,764,1.361312032,1.813700000,0.062900000,0.011600000
sample,generation,original,128,129,1,383,1.394335985,2.007800000,0.091300000,0.025700000
sample,generation,original,128,130,1,9653,1.382591963,1.573500000,0.127100000,0.017500000
sample,generation,original,128,131,1,25834,1.365471959,1.570600000,0.059200000,0.011600000
sample,generation,original,128,132,1,287,1.369567990,1.579100000,0.056500000,0.012500000
sample,generation,original,128,133,1,262,1.372223973,1.553800000,0.065700000,0.012900000
sample,generation,original,128,134,1,6076,1.372768044,1.583400000,0.055800000,0.010600000
sample,generation,original,128,135,1,290,1.390496016,1.946800000,0.094600000,0.027800000
sample,generation,original,128,136,1,389,1.400320053,1.829400000,0.113900000,0.030000000
sample,generation,original,128,137,1,8104,1.398144007,1.894700000,0.098900000,0.026000000
sample,generation,original,128,138,1,287,1.390272021,1.688300000,0.077600000,0.020900000
sample,generation,original,128,139,1,262,1.384575963,1.753700000,0.076700000,0.020400000
sample,generation,original,128,140,1,1280,1.395231962,1.614000000,0.103700000,0.024100000
sample,generation,original,128,141,1,9151,1.393823981,1.578800000,0.074600000,0.022100000
sample,generation,original,128,142,1,13,1.379744053,1.885400000,0.053400000,0.011000000
sample,generation,original,128,143,1,383,1.373759985,1.564500000,0.067600000,0.013700000
sample,generation,original,128,128,2,764,1.358464003,1.708000000,0.065000000,0.011400000
sample,generation,original,128,129,2,383,1.365344048,1.551400000,0.053300000,0.011400000
sample,generation,original,128,130,2,9653,1.377279997,1.592000000,0.064700000,0.017100000
sample,generation,original,128,131,2,25834,1.367295980,1.567900000,0.066800000,0.013200000
sample,generation,original,128,132,2,287,1.367040038,1.555200000,0.057700000,0.011000000
sample,generation,original,128,133,2,262,1.369727969,1.607500000,0.056300000,0.011100000
sample,generation,original,128,134,2,6076,1.373343945,1.898000000,0.059800000,0.012600000
sample,generation,original,128,135,2,290,1.374304056,1.887400000,0.067800000,0.015200000
sample,generation,original,128,136,2,389,1.368736029,1.836500000,0.062400000,0.011700000
sample,generation,original,128,137,2,8104,1.383424044,1.889600000,0.076700000,0.017800000
sample,generation,original,128,138,2,287,1.387552023,1.586300000,0.074200000,0.017400000
sample,generation,original,128,139,2,262,1.372735977,1.832100000,0.061200000,0.011900000
sample,generation,original,128,140,2,1280,1.373280048,1.884100000,0.059300000,0.011000000
sample,generation,original,128,141,2,9151,1.377472043,1.883900000,0.059800000,0.011300000
sample,generation,original,128,142,2,13,1.378847957,1.880300000,0.057600000,0.011100000
sample,generation,original,128,143,2,383,1.384863973,1.886900000,0.078500000,0.014700000
sample,generation,ordered4,128,128,2,764,1.534111977,1.778300000,0.184100000,0.041500000
sample,generation,ordered4,128,129,2,383,1.494848013,1.740100000,0.143100000,0.055800000
sample,generation,ordered4,128,130,2,9653,1.492159963,1.763600000,0.135800000,0.052500000
sample,generation,ordered4,128,131,2,25834,1.451264024,1.669800000,0.063500000,0.017900000
sample,generation,ordered4,128,132,2,287,1.447999954,1.703800000,0.068400000,0.016400000
sample,generation,ordered4,128,133,2,262,1.459295988,1.850100000,0.072300000,0.019300000
sample,generation,ordered4,128,134,2,6076,1.457056046,1.790200000,0.067700000,0.016600000
sample,generation,ordered4,128,135,2,290,1.482239962,1.924800000,0.112500000,0.037800000
sample,generation,ordered4,128,136,2,389,1.469439983,1.873600000,0.101100000,0.025400000
sample,generation,ordered4,128,137,2,8104,1.531072021,1.727700000,0.160200000,0.065700000
sample,generation,ordered4,128,138,2,287,1.473279953,1.633800000,0.084800000,0.023900000
sample,generation,ordered4,128,139,2,262,1.452448010,1.656200000,0.055600000,0.013700000
sample,generation,ordered4,128,140,2,1280,1.455423951,1.879200000,0.069400000,0.014300000
sample,generation,ordered4,128,141,2,9151,1.466784000,1.724600000,0.064800000,0.019200000
sample,generation,ordered4,128,142,2,13,1.465440035,1.925100000,0.076100000,0.017200000
sample,generation,ordered4,128,143,2,383,1.462208033,1.936300000,0.064500000,0.014700000
sample,generation,ordered4,128,128,3,764,1.459328055,1.980300000,0.097300000,0.029500000
sample,generation,ordered4,128,129,3,383,1.439455986,1.915700000,0.065100000,0.011700000
sample,generation,ordered4,128,130,3,9653,1.441696048,1.969400000,0.059900000,0.011300000
sample,generation,ordered4,128,131,3,25834,1.438431978,1.645300000,0.059900000,0.011900000
sample,generation,ordered4,128,132,3,287,1.444383979,1.916000000,0.067400000,0.014100000
sample,generation,ordered4,128,133,3,262,1.471071959,1.907600000,0.107800000,0.025600000
sample,generation,ordered4,128,134,3,6076,1.462368011,1.686500000,0.072200000,0.020100000
sample,generation,ordered4,128,135,3,290,1.456608057,1.674100000,0.075500000,0.018100000
sample,generation,ordered4,128,136,3,389,1.453536034,1.813200000,0.082600000,0.015700000
sample,generation,ordered4,128,137,3,8104,1.449408054,1.659500000,0.059600000,0.010800000
sample,generation,ordered4,128,138,3,287,1.454463959,1.919400000,0.070000000,0.012800000
sample,generation,ordered4,128,139,3,262,1.451264024,1.659300000,0.072700000,0.011600000
sample,generation,ordered4,128,140,3,1280,1.453536034,1.973000000,0.066600000,0.014000000
sample,generation,ordered4,128,141,3,9151,1.452160001,2.073900000,0.057800000,0.010900000
sample,generation,ordered4,128,142,3,13,1.471007943,1.974600000,0.078400000,0.018700000
sample,generation,ordered4,128,143,3,383,1.452288032,1.683600000,0.052500000,0.010000000
sample,generation,original,128,128,3,764,1.359904051,1.912400000,0.059100000,0.011000000
sample,generation,original,128,129,3,383,1.371647954,1.561400000,0.067300000,0.013900000
sample,generation,original,128,130,3,9653,1.370079994,1.657400000,0.059900000,0.012500000
sample,generation,original,128,131,3,25834,1.389696002,1.688100000,0.093000000,0.023100000
sample,generation,original,128,132,3,287,1.429983974,1.751900000,0.150600000,0.052100000
sample,generation,original,128,133,3,262,1.390624046,1.704900000,0.082600000,0.019700000
sample,generation,original,128,134,3,6076,1.380064011,1.857200000,0.080500000,0.014600000
sample,generation,original,128,135,3,290,1.371584058,1.581000000,0.070500000,0.014500000
sample,generation,original,128,136,3,389,1.371551991,1.533600000,0.066000000,0.013300000
sample,generation,original,128,137,3,8104,1.373728037,1.847900000,0.054700000,0.010700000
sample,generation,original,128,138,3,287,1.384608030,1.895600000,0.076800000,0.017300000
sample,generation,original,128,139,3,262,1.379199982,1.820600000,0.071600000,0.015900000
sample,generation,original,128,140,3,1280,1.402400017,1.669500000,0.113200000,0.026800000
sample,generation,original,128,141,3,9151,1.422304034,1.641500000,0.113200000,0.038700000
sample,generation,original,128,142,3,13,1.386592031,1.568300000,0.066000000,0.015000000
sample,generation,original,128,143,3,383,1.371904016,1.584000000,0.053500000,0.011600000
sample,generation,original,128,128,4,764,1.358528018,1.540500000,0.052700000,0.011000000
sample,generation,original,128,129,4,383,1.366335988,1.546600000,0.053700000,0.010900000
sample,generation,original,128,130,4,9653,1.366495967,1.569800000,0.053000000,0.011200000
sample,generation,original,128,131,4,25834,1.365856051,1.571100000,0.058500000,0.012400000
sample,generation,original,128,132,4,287,1.383999944,1.561600000,0.072900000,0.020500000
sample,generation,original,128,133,4,262,1.383136034,1.560100000,0.069800000,0.017100000
sample,generation,original,128,134,4,6076,1.376288056,1.549600000,0.061500000,0.012400000
sample,generation,original,128,135,4,290,1.368191957,1.553400000,0.067500000,0.011600000
sample,generation,original,128,136,4,389,1.379071951,1.580000000,0.091200000,0.016500000
sample,generation,original,128,137,4,8104,1.375200033,1.563700000,0.059500000,0.012300000
sample,generation,original,128,138,4,287,1.374143958,1.879000000,0.059400000,0.010700000
sample,generation,original,128,139,4,262,1.373471975,1.560400000,0.059200000,0.011400000
sample,generation,original,128,140,4,1280,1.373759985,1.879000000,0.057800000,0.011200000
sample,generation,original,128,141,4,9151,1.381152034,1.935600000,0.062100000,0.013600000
sample,generation,original,128,142,4,13,1.395488024,1.907800000,0.076400000,0.018700000
sample,generation,original,128,143,4,383,1.373983979,1.879500000,0.059000000,0.011500000
sample,generation,ordered4,128,128,4,764,1.452319980,1.636800000,0.080100000,0.029300000
sample,generation,ordered4,128,129,4,383,1.438815951,1.625800000,0.057300000,0.011000000
sample,generation,ordered4,128,130,4,9653,1.442911983,2.026500000,0.056500000,0.011000000
sample,generation,ordered4,128,131,4,25834,1.448704004,1.912800000,0.071200000,0.015800000
sample,generation,ordered4,128,132,4,287,1.444640040,1.638900000,0.064600000,0.013000000
sample,generation,ordered4,128,133,4,262,1.458783984,1.658700000,0.078100000,0.017200000
sample,generation,ordered4,128,134,4,6076,1.448927999,1.963200000,0.079200000,0.012700000
sample,generation,ordered4,128,135,4,290,1.447744012,1.647300000,0.064200000,0.012400000
sample,generation,ordered4,128,136,4,389,1.448704004,1.957800000,0.077100000,0.012800000
sample,generation,ordered4,128,137,4,8104,1.448992014,1.652900000,0.066000000,0.012800000
sample,generation,ordered4,128,138,4,287,1.455039978,1.642300000,0.057700000,0.012200000
sample,generation,ordered4,128,139,4,262,1.446176052,1.640000000,0.052500000,0.010600000
sample,generation,ordered4,128,140,4,1280,1.452415943,1.666600000,0.057500000,0.012700000
sample,generation,ordered4,128,141,4,9151,1.464576006,1.631500000,0.069000000,0.016600000
sample,generation,ordered4,128,142,4,13,1.455839992,1.659200000,0.051800000,0.010700000
sample,generation,ordered4,128,143,4,383,1.454208016,1.641400000,0.057800000,0.011400000
sample,generation,ordered4,128,128,5,764,1.432415962,1.970300000,0.058400000,0.011100000
sample,generation,ordered4,128,129,5,383,1.441120028,1.680700000,0.066300000,0.013300000
sample,generation,ordered4,128,130,5,9653,1.467743993,1.989800000,0.085900000,0.027100000
sample,generation,ordered4,128,131,5,25834,1.440479994,1.653500000,0.062300000,0.012200000
sample,generation,ordered4,128,132,5,287,1.441856027,1.628100000,0.064500000,0.012400000
sample,generation,ordered4,128,133,5,262,1.471199989,1.698200000,0.090500000,0.022300000
sample,generation,ordered4,128,134,5,6076,1.463935971,1.938200000,0.082600000,0.020600000
sample,generation,ordered4,128,135,5,290,1.445055962,2.148500000,0.063100000,0.012000000
sample,generation,ordered4,128,136,5,389,1.459519982,1.967500000,0.075500000,0.023800000
sample,generation,ordered4,128,137,5,8104,1.446815968,1.663500000,0.068700000,0.010900000
sample,generation,ordered4,128,138,5,287,1.451295972,1.956100000,0.058500000,0.010700000
sample,generation,ordered4,128,139,5,262,1.481119990,1.679600000,0.107200000,0.030600000
sample,generation,ordered4,128,140,5,1280,1.458335996,1.646100000,0.066700000,0.014600000
sample,generation,ordered4,128,141,5,9151,1.452031970,1.934200000,0.060200000,0.011300000
sample,generation,ordered4,128,142,5,13,1.472800016,1.979000000,0.078600000,0.018600000
sample,generation,ordered4,128,143,5,383,1.456287980,1.648400000,0.067200000,0.013300000
sample,generation,original,128,128,5,764,1.359328032,1.677400000,0.066500000,0.010900000
sample,generation,original,128,129,5,383,1.439520001,2.004000000,0.143700000,0.056100000
sample,generation,original,128,130,5,9653,1.372063994,1.873800000,0.067600000,0.012300000
sample,generation,original,128,131,5,25834,1.364287972,1.880800000,0.061100000,0.010800000
sample,generation,original,128,132,5,287,1.393632054,1.902700000,0.107600000,0.025500000
sample,generation,original,128,133,5,262,1.370656013,1.555100000,0.062900000,0.011900000
sample,generation,original,128,134,5,6076,1.371551991,1.855300000,0.059300000,0.011300000
sample,generation,original,128,135,5,290,1.365759969,1.874000000,0.061400000,0.011200000
sample,generation,original,128,136,5,389,1.369600058,1.894600000,0.059900000,0.011200000
sample,generation,original,128,137,5,8104,1.382400036,1.597200000,0.067900000,0.016900000
sample,generation,original,128,138,5,287,1.374783993,1.570100000,0.058700000,0.011300000
sample,generation,original,128,139,5,262,1.373568058,1.941200000,0.067300000,0.011700000
sample,generation,original,128,140,5,1280,1.378623962,1.696400000,0.062800000,0.014100000
sample,generation,original,128,141,5,9151,1.377056003,1.709100000,0.057900000,0.011100000
sample,generation,original,128,142,5,13,1.391744018,1.884500000,0.071400000,0.016900000
sample,generation,original,128,143,5,383,1.397055984,1.639800000,0.099900000,0.026100000
sample,generation,original,128,128,6,764,1.384351969,1.697100000,0.091600000,0.026100000
sample,generation,original,128,129,6,383,1.414144039,1.729800000,0.112800000,0.038200000
sample,generation,original,128,130,6,9653,1.426208019,1.842900000,0.139100000,0.045500000
sample,generation,original,128,131,6,25834,1.416352034,1.788800000,0.123500000,0.047300000
sample,generation,original,128,132,6,287,1.402400017,1.698900000,0.105500000,0.034600000
sample,generation,original,128,133,6,262,1.427520037,1.726400000,0.127700000,0.048100000
sample,generation,original,128,134,6,6076,1.508543968,1.897800000,0.237200000,0.104600000
sample,generation,original,128,135,6,290,1.415456057,1.630800000,0.114700000,0.044300000
sample,generation,original,128,136,6,389,1.400575995,1.597200000,0.093800000,0.032500000
sample,generation,original,128,137,6,8104,1.406623960,1.762800000,0.090800000,0.031600000
sample,generation,original,128,138,6,287,1.385632038,1.569100000,0.067200000,0.016500000
sample,generation,original,128,139,6,262,1.384863973,1.574200000,0.065600000,0.018200000
sample,generation,original,128,140,6,1280,1.380288005,1.593800000,0.096100000,0.015600000
sample,generation,original,128,141,6,9151,1.407199979,1.632100000,0.092200000,0.029200000
sample,generation,original,128,142,6,13,1.386175990,1.602200000,0.089700000,0.016600000
sample,generation,original,128,143,6,383,1.377856016,1.592700000,0.065200000,0.016200000
sample,generation,ordered4,128,128,6,764,1.441568017,1.666500000,0.089600000,0.015600000
sample,generation,ordered4,128,129,6,383,1.439360023,1.903500000,0.058100000,0.011200000
sample,generation,ordered4,128,130,6,9653,1.439743996,1.894900000,0.057600000,0.010800000
sample,generation,ordered4,128,131,6,25834,1.454336047,1.647000000,0.074500000,0.019000000
sample,generation,ordered4,128,132,6,287,1.452672005,1.647700000,0.109900000,0.015400000
sample,generation,ordered4,128,133,6,262,1.444031954,1.917900000,0.058500000,0.011000000
sample,generation,ordered4,128,134,6,6076,1.446112037,1.896400000,0.058100000,0.011400000
sample,generation,ordered4,128,135,6,290,1.453312039,1.922300000,0.070300000,0.017000000
sample,generation,ordered4,128,136,6,389,1.446784019,1.637700000,0.059500000,0.011500000
sample,generation,ordered4,128,137,6,8104,1.447487950,1.888100000,0.056200000,0.011100000
sample,generation,ordered4,128,138,6,287,1.483872056,1.739300000,0.098300000,0.025800000
sample,generation,ordered4,128,139,6,262,1.494143963,2.001100000,0.122300000,0.037300000
sample,generation,ordered4,128,140,6,1280,1.457471967,1.672000000,0.071700000,0.014200000
sample,generation,ordered4,128,141,6,9151,1.455135942,1.673500000,0.060100000,0.013000000
sample,generation,ordered4,128,142,6,13,1.484575987,1.743200000,0.101400000,0.025400000
sample,generation,ordered4,128,143,6,383,1.464576006,1.701300000,0.070300000,0.018100000
sample,generation,ordered4,128,128,7,764,1.431552052,1.614300000,0.052700000,0.011200000
sample,generation,ordered4,128,129,7,383,1.448735952,1.692700000,0.060900000,0.016800000
sample,generation,ordered4,128,130,7,9653,1.462111950,1.661300000,0.081700000,0.021700000
sample,generation,ordered4,128,131,7,25834,1.447232008,1.660600000,0.061100000,0.016300000
sample,generation,ordered4,128,132,7,287,1.448927999,1.682000000,0.073900000,0.017800000
sample,generation,ordered4,128,133,7,262,1.511296034,1.703900000,0.131800000,0.042400000
sample,generation,ordered4,128,134,7,6076,1.449856043,1.630700000,0.067100000,0.014700000
sample,generation,ordered4,128,135,7,290,1.443295956,1.629700000,0.053200000,0.011500000
sample,generation,ordered4,128,136,7,389,1.447008014,1.649600000,0.053900000,0.013100000
sample,generation,ordered4,128,137,7,8104,1.450623989,1.629300000,0.052800000,0.012200000
sample,generation,ordered4,128,138,7,287,1.450335979,1.652100000,0.056700000,0.011700000
sample,generation,ordered4,128,139,7,262,1.449311972,1.900100000,0.055800000,0.012800000
sample,generation,ordered4,128,140,7,1280,1.465983987,1.961500000,0.099300000,0.019600000
sample,generation,ordered4,128,141,7,9151,1.457087994,1.639000000,0.062900000,0.012700000
sample,generation,ordered4,128,142,7,13,1.455968022,1.737600000,0.050700000,0.011300000
sample,generation,ordered4,128,143,7,383,1.480991960,1.695300000,0.090000000,0.028200000
sample,generation,original,128,128,7,764,1.364639997,1.544500000,0.063400000,0.015300000
sample,generation,original,128,129,7,383,1.366368055,1.545200000,0.054300000,0.011900000
sample,generation,original,128,130,7,9653,1.367040038,1.555000000,0.053000000,0.011100000
sample,generation,original,128,131,7,25834,1.368672013,1.554900000,0.059800000,0.013900000
sample,generation,original,128,132,7,287,1.368703961,1.552400000,0.055500000,0.012100000
sample,generation,original,128,133,7,262,1.368288040,1.550200000,0.051400000,0.011400000
sample,generation,original,128,134,7,6076,1.374016047,1.561100000,0.054800000,0.012200000
sample,generation,original,128,135,7,290,1.388095975,1.593200000,0.087600000,0.023600000
sample,generation,original,128,136,7,389,1.411103964,1.604300000,0.102400000,0.036500000
sample,generation,original,128,137,7,8104,1.376031995,1.557500000,0.075300000,0.014000000
sample,generation,original,128,138,7,287,1.375519991,1.569000000,0.055100000,0.012800000
sample,generation,original,128,139,7,262,1.397536039,1.589800000,0.079800000,0.024900000
sample,generation,original,128,140,7,1280,1.383872032,1.563900000,0.064400000,0.017800000
sample,generation,original,128,141,7,9151,1.379935980,1.558600000,0.055600000,0.013500000
sample,generation,original,128,142,7,13,1.379359961,1.570300000,0.052800000,0.010700000
sample,generation,original,128,143,7,383,1.375936031,1.559600000,0.074500000,0.014300000
sample,generation,original,128,128,8,764,1.360864043,1.546400000,0.056500000,0.012600000
sample,generation,original,128,129,8,383,1.370175958,1.554700000,0.059200000,0.014400000
sample,generation,original,128,130,8,9653,1.371008039,1.556900000,0.056300000,0.013000000
sample,generation,original,128,131,8,25834,1.375200033,1.553700000,0.077300000,0.018300000
sample,generation,original,128,132,8,287,1.367679954,1.545100000,0.052300000,0.011400000
sample,generation,original,128,133,8,262,1.371039987,1.544300000,0.051500000,0.011300000
sample,generation,original,128,134,8,6076,1.373695970,1.571500000,0.055000000,0.011400000
sample,generation,original,128,135,8,290,1.378687978,1.576600000,0.065700000,0.017000000
sample,generation,original,128,136,8,389,1.375584006,1.570500000,0.067200000,0.016100000
sample,generation,original,128,137,8,8104,1.378751993,1.577900000,0.078700000,0.016300000
sample,generation,original,128,138,8,287,1.376512051,2.058700000,0.056500000,0.012400000
sample,generation,original,128,139,8,262,1.381664038,1.841900000,0.068400000,0.016900000
sample,generation,original,128,140,8,1280,1.374304056,1.564600000,0.062500000,0.012500000
sample,generation,original,128,141,8,9151,1.378720045,1.566600000,0.052700000,0.011400000
sample,generation,original,128,142,8,13,1.389536023,1.890100000,0.078100000,0.016000000
sample,generation,original,128,143,8,383,1.391744018,1.909900000,0.083600000,0.022400000
sample,generation,ordered4,128,128,8,764,1.432000041,1.900800000,0.052000000,0.010900000
sample,generation,ordered4,128,129,8,383,1.440608025,1.808000000,0.059000000,0.011200000
sample,generation,ordered4,128,130,8,9653,1.498783946,1.699700000,0.134600000,0.046800000
sample,generation,ordered4,128,131,8,25834,1.474784017,1.676700000,0.092800000,0.032200000
sample,generation,ordered4,128,132,8,287,1.470432043,1.929900000,0.078900000,0.027800000
sample,generation,ordered4,128,133,8,262,1.527744055,1.777000000,0.155200000,0.071300000
sample,generation,ordered4,128,134,8,6076,1.502367973,1.676900000,0.123400000,0.051400000
sample,generation,ordered4,128,135,8,290,1.472576022,1.678100000,0.080200000,0.028800000
sample,generation,ordered4,128,136,8,389,1.458016038,1.648900000,0.071200000,0.019600000
sample,generation,ordered4,128,137,8,8104,1.462399960,1.646200000,0.086000000,0.019000000
sample,generation,ordered4,128,138,8,287,1.463328004,1.678600000,0.069600000,0.019700000
sample,generation,ordered4,128,139,8,262,1.502048016,1.731000000,0.112100000,0.043800000
sample,generation,ordered4,128,140,8,1280,1.498496056,1.717800000,0.111900000,0.042500000
sample,generation,ordered4,128,141,8,9151,1.475424051,1.666900000,0.078300000,0.024300000
sample,generation,ordered4,128,142,8,13,1.467039943,1.699000000,0.084700000,0.018400000
sample,generation,ordered4,128,143,8,383,1.476448059,1.672400000,0.079900000,0.025700000
sample,generation,ordered4,128,128,9,764,1.431648016,1.666400000,0.056900000,0.011100000
sample,generation,ordered4,128,129,9,383,1.457983971,1.968000000,0.089600000,0.021800000
sample,generation,ordered4,128,130,9,9653,1.471040010,1.722000000,0.100600000,0.030100000
sample,generation,ordered4,128,131,9,25834,1.456223965,1.642800000,0.090900000,0.021700000
sample,generation,ordered4,128,132,9,287,1.449056029,1.646200000,0.062300000,0.015200000
sample,generation,ordered4,128,133,9,262,1.444159985,1.886600000,0.057600000,0.011300000
sample,generation,ordered4,128,134,9,6076,1.448415995,1.639200000,0.065100000,0.011800000
sample,generation,ordered4,128,135,9,290,1.443264008,1.658800000,0.058600000,0.010600000
sample,generation,ordered4,128,136,9,389,1.452895999,1.622500000,0.065400000,0.016500000
sample,generation,ordered4,128,137,9,8104,1.469375968,1.689800000,0.071800000,0.021300000
sample,generation,ordered4,128,138,9,287,1.475136042,1.678300000,0.080600000,0.024900000
sample,generation,ordered4,128,139,9,262,1.457471967,1.665100000,0.062100000,0.016500000
sample,generation,ordered4,128,140,9,1280,1.467967987,1.674800000,0.075400000,0.021900000
sample,generation,ordered4,128,141,9,9151,1.491135955,1.771700000,0.098400000,0.034700000
sample,generation,ordered4,128,142,9,13,1.544736028,1.812800000,0.150700000,0.065100000
sample,generation,ordered4,128,143,9,383,1.484575987,1.710500000,0.093500000,0.031400000
sample,generation,original,128,128,9,764,1.379935980,1.864800000,0.077500000,0.020100000
sample,generation,original,128,129,9,383,1.379520059,1.835400000,0.071600000,0.016500000
sample,generation,original,128,130,9,9653,1.371711969,1.711500000,0.058600000,0.011800000
sample,generation,original,128,131,9,25834,1.363520026,1.549700000,0.052600000,0.010600000
sample,generation,original,128,132,9,287,1.374143958,1.568000000,0.079500000,0.014400000
sample,generation,original,128,133,9,262,1.371520042,1.846100000,0.058900000,0.011200000
sample,generation,original,128,134,9,6076,1.406880021,1.629200000,0.102300000,0.029100000
sample,generation,original,128,135,9,290,1.399072051,1.592200000,0.092500000,0.021200000
sample,generation,original,128,136,9,389,1.381888032,1.571100000,0.067800000,0.018000000
sample,generation,original,128,137,9,8104,1.373343945,1.550500000,0.054400000,0.011600000
sample,generation,original,128,138,9,287,1.391136050,1.578100000,0.073300000,0.011600000
sample,generation,original,128,139,9,262,1.371775985,1.582100000,0.056400000,0.011100000
sample,generation,original,128,140,9,1280,1.384735942,1.873400000,0.068900000,0.020100000
sample,generation,original,128,141,9,9151,1.377184033,1.857600000,0.059300000,0.011200000
sample,generation,original,128,142,9,13,1.379904032,1.924200000,0.058900000,0.010600000
sample,generation,original,128,143,9,383,1.376608014,1.565700000,0.061200000,0.013500000
sample,generation,original,128,128,10,764,1.367679954,1.557500000,0.061900000,0.016600000
sample,generation,original,128,129,10,383,1.373280048,1.553600000,0.084600000,0.015700000
sample,generation,original,128,130,10,9653,1.368960023,1.551800000,0.056000000,0.012800000
sample,generation,original,128,131,10,25834,1.370208025,1.561300000,0.058900000,0.014500000
sample,generation,original,128,132,10,287,1.368800044,1.554600000,0.055500000,0.012800000
sample,generation,original,128,133,10,262,1.371456027,1.853500000,0.058400000,0.011400000
sample,generation,original,128,134,10,6076,1.374559999,1.866900000,0.059800000,0.011400000
sample,generation,original,128,135,10,290,1.371584058,1.848300000,0.063200000,0.013400000
sample,generation,original,128,136,10,389,1.373792052,1.848600000,0.063100000,0.016500000
sample,generation,original,128,137,10,8104,1.396255970,1.850700000,0.091300000,0.024800000
sample,generation,original,128,138,10,287,1.408864021,1.750600000,0.096400000,0.031600000
sample,generation,original,128,139,10,262,1.377184033,1.832400000,0.056900000,0.012700000
sample,generation,original,128,140,10,1280,1.378111959,1.622800000,0.061200000,0.011900000
sample,generation,original,128,141,10,9151,1.381824017,1.603600000,0.061500000,0.013400000
sample,generation,original,128,142,10,13,1.389312029,1.940600000,0.090000000,0.018100000
sample,generation,original,128,143,10,383,1.411200047,1.677900000,0.107600000,0.034400000
sample,generation,ordered4,128,128,10,764,1.436064005,1.857800000,0.059400000,0.013500000
sample,generation,ordered4,128,129,10,383,1.453503966,1.681400000,0.080200000,0.020500000
sample,generation,ordered4,128,130,10,9653,1.464735985,1.657800000,0.077200000,0.025200000
sample,generation,ordered4,128,131,10,25834,1.437855959,1.627700000,0.054000000,0.011600000
sample,generation,ordered4,128,132,10,287,1.449983954,1.629100000,0.099900000,0.018700000
sample,generation,ordered4,128,133,10,262,1.453312039,1.640000000,0.065300000,0.018700000
sample,generation,ordered4,128,134,10,6076,1.445472002,1.886800000,0.057300000,0.011400000
sample,generation,ordered4,128,135,10,290,1.443616033,1.637900000,0.060500000,0.011700000
sample,generation,ordered4,128,136,10,389,1.455327988,2.038000000,0.094300000,0.016100000
sample,generation,ordered4,128,137,10,8104,1.491232038,1.780300000,0.114500000,0.034400000
sample,generation,ordered4,128,138,10,287,1.473248005,1.674800000,0.085200000,0.024800000
sample,generation,ordered4,128,139,10,262,1.461120009,1.655300000,0.073800000,0.019400000
sample,generation,ordered4,128,140,10,1280,1.465280056,1.642900000,0.062900000,0.012900000
sample,generation,ordered4,128,141,10,9151,1.452383995,1.647400000,0.050900000,0.010600000
sample,generation,ordered4,128,142,10,13,1.458719969,1.649800000,0.057900000,0.011700000
sample,generation,ordered4,128,143,10,383,1.456063986,1.921300000,0.060900000,0.012000000
sample,generation,ordered4,128,128,11,764,1.450271964,1.663500000,0.077000000,0.021100000
sample,generation,ordered4,128,129,11,383,1.464864016,1.711300000,0.084800000,0.026800000
sample,generation,ordered4,128,130,11,9653,1.462111950,1.674300000,0.085300000,0.025800000
sample,generation,ordered4,128,131,11,25834,1.449759960,1.655400000,0.070200000,0.018700000
sample,generation,ordered4,128,132,11,287,1.446048021,1.624100000,0.064900000,0.017400000
sample,generation,ordered4,128,133,11,262,1.443423986,1.655000000,0.050900000,0.010900000
sample,generation,ordered4,128,134,11,6076,1.453343987,1.662000000,0.064400000,0.015700000
sample,generation,ordered4,128,135,11,290,1.446943998,1.640600000,0.060400000,0.012800000
sample,generation,ordered4,128,136,11,389,1.443583965,1.632500000,0.057300000,0.011300000
sample,generation,ordered4,128,137,11,8104,1.449183941,1.877000000,0.057500000,0.012000000
sample,generation,ordered4,128,138,11,287,1.456063986,1.668900000,0.066100000,0.013800000
sample,generation,ordered4,128,139,11,262,1.462784052,1.665600000,0.065000000,0.013200000
sample,generation,ordered4,128,140,11,1280,1.487455964,2.032800000,0.108000000,0.035000000
sample,generation,ordered4,128,141,11,9151,1.466207981,1.685400000,0.100200000,0.017400000
sample,generation,ordered4,128,142,11,13,1.466367960,1.659800000,0.097800000,0.017400000
sample,generation,ordered4,128,143,11,383,1.451167941,1.949900000,0.059400000,0.011400000
sample,generation,original,128,128,11,764,1.388192058,1.951800000,0.097800000,0.029800000
sample,generation,original,128,129,11,383,1.371711969,1.560300000,0.068300000,0.013900000
sample,generation,original,128,130,11,9653,1.367807984,1.908900000,0.058800000,0.010600000
sample,generation,original,128,131,11,25834,1.371616006,1.597700000,0.063800000,0.013800000
sample,generation,original,128,132,11,287,1.427296042,1.965600000,0.119800000,0.049800000
sample,generation,original,128,133,11,262,1.371039987,1.853800000,0.060500000,0.011700000
sample,generation,original,128,134,11,6076,1.390912056,1.871400000,0.077400000,0.022700000
sample,generation,original,128,135,11,290,1.403200030,1.824600000,0.116000000,0.031600000
sample,generation,original,128,136,11,389,1.397503972,1.826700000,0.101400000,0.026800000
sample,generation,original,128,137,11,8104,1.403360009,1.705000000,0.109000000,0.027700000
sample,generation,original,128,138,11,287,1.407263994,1.858100000,0.100900000,0.026900000
sample,generation,original,128,139,11,262,1.404479980,1.869500000,0.108000000,0.029700000
sample,generation,original,128,140,11,1280,1.397375941,1.772500000,0.088700000,0.022200000
sample,generation,original,128,141,11,9151,1.416928053,1.687700000,0.111400000,0.036800000
sample,generation,original,128,142,11,13,1.406272054,1.770800000,0.092900000,0.025400000
sample,generation,original,128,143,11,383,1.408704042,1.984500000,0.119900000,0.033800000
sample,generation,original,128,128,12,764,1.377951980,1.669100000,0.083500000,0.022700000
sample,generation,original,128,129,12,383,1.391136050,1.920100000,0.093200000,0.025600000
sample,generation,original,128,130,12,9653,1.396255970,2.004600000,0.114100000,0.028100000
sample,generation,original,128,131,12,25834,1.391968012,1.974500000,0.100600000,0.026800000
sample,generation,original,128,132,12,287,1.393695951,1.918000000,0.103200000,0.028000000
sample,generation,original,128,133,12,262,1.399072051,1.917800000,0.100500000,0.030500000
sample,generation,original,128,134,12,6076,1.396512032,1.656500000,0.093100000,0.025800000
sample,generation,original,128,135,12,290,1.393504024,1.946200000,0.100600000,0.030200000
sample,generation,original,128,136,12,389,1.390591979,1.876100000,0.091000000,0.024000000
sample,generation,original,128,137,12,8104,1.399775982,1.923200000,0.098700000,0.028100000
sample,generation,original,128,138,12,287,1.398112059,1.656700000,0.092500000,0.027700000
sample,generation,original,128,139,12,262,1.386623979,1.770500000,0.084100000,0.021700000
sample,generation,original,128,140,12,1280,1.400928020,1.853500000,0.098400000,0.027400000
sample,generation,original,128,141,12,9151,1.397536039,1.720400000,0.093900000,0.023200000
sample,generation,original,128,142,12,13,1.407040000,1.679400000,0.098200000,0.027000000
sample,generation,original,128,143,12,383,1.394847989,1.802200000,0.088400000,0.023700000
sample,generation,ordered4,128,128,12,764,1.430752039,1.809300000,0.057500000,0.011100000
sample,generation,ordered4,128,129,12,383,1.438143969,1.619900000,0.052800000,0.010600000
sample,generation,ordered4,128,130,12,9653,1.439679980,1.624200000,0.052700000,0.011100000
sample,generation,ordered4,128,131,12,25834,1.436704040,1.620500000,0.052700000,0.011200000
sample,generation,ordered4,128,132,12,287,1.437536001,1.620100000,0.051800000,0.010900000
sample,generation,ordered4,128,133,12,262,1.441984057,1.629000000,0.052100000,0.010800000
sample,generation,ordered4,128,134,12,6076,1.443840027,1.624100000,0.051900000,0.010800000
sample,generation,ordered4,128,135,12,290,1.447872043,1.633800000,0.053000000,0.010900000
sample,generation,ordered4,128,136,12,389,1.443711996,1.635600000,0.051200000,0.010500000
sample,generation,ordered4,128,137,12,8104,1.464640021,1.658700000,0.072300000,0.021800000
sample,generation,ordered4,128,138,12,287,1.453600049,1.635500000,0.055900000,0.012000000
sample,generation,ordered4,128,139,12,262,1.449471951,1.631600000,0.052900000,0.011300000
sample,generation,ordered4,128,140,12,1280,1.448959947,1.631000000,0.052200000,0.010800000
sample,generation,ordered4,128,141,12,9151,1.451552033,1.632700000,0.051600000,0.010500000
sample,generation,ordered4,128,142,12,13,1.455647945,1.637600000,0.052800000,0.010800000
sample,generation,ordered4,128,143,12,383,1.452512026,1.634900000,0.052300000,0.010900000
sample,generation,ordered4,128,128,13,764,1.470847964,1.727200000,0.110700000,0.034300000
sample,generation,ordered4,128,129,13,383,1.457664013,1.671700000,0.083600000,0.021000000
sample,generation,ordered4,128,130,13,9653,1.442720056,1.952700000,0.061500000,0.011400000
sample,generation,ordered4,128,131,13,25834,1.446431994,1.636100000,0.065500000,0.014900000
sample,generation,ordered4,128,132,13,287,1.442399979,1.947500000,0.061800000,0.011700000
sample,generation,ordered4,128,133,13,262,1.443904042,1.934600000,0.059100000,0.011100000
sample,generation,ordered4,128,134,13,6076,1.448639989,1.632300000,0.061400000,0.012000000
sample,generation,ordered4,128,135,13,290,1.442656040,1.646100000,0.053300000,0.011000000
sample,generation,ordered4,128,136,13,389,1.446720004,1.696900000,0.062700000,0.012100000
sample,generation,ordered4,128,137,13,8104,1.461951971,1.674000000,0.071600000,0.018500000
sample,generation,ordered4,128,138,13,287,1.463328004,1.677400000,0.069300000,0.017900000
sample,generation,ordered4,128,139,13,262,1.454079986,1.666000000,0.062800000,0.012400000
sample,generation,ordered4,128,140,13,1280,1.453984022,1.665700000,0.063500000,0.012400000
sample,generation,ordered4,128,141,13,9151,1.456032038,1.651400000,0.060700000,0.012300000
sample,generation,ordered4,128,142,13,13,1.470432043,1.660400000,0.063200000,0.012700000
sample,generation,ordered4,128,143,13,383,1.452960014,1.640700000,0.058100000,0.010500000
sample,generation,original,128,128,13,764,1.409855962,1.741400000,0.105000000,0.049600000
sample,generation,original,128,129,13,383,1.389472008,1.612100000,0.089700000,0.026700000
sample,generation,original,128,130,13,9653,1.374559999,1.587000000,0.072200000,0.015700000
sample,generation,original,128,131,13,25834,1.365568042,1.745600000,0.074200000,0.012300000
sample,generation,original,128,132,13,287,1.367136002,1.555900000,0.058300000,0.011200000
sample,generation,original,128,133,13,262,1.373728037,1.687900000,0.061600000,0.012900000
sample,generation,original,128,134,13,6076,1.427935958,2.021700000,0.137500000,0.041700000
sample,generation,original,128,135,13,290,1.385439992,1.590800000,0.087800000,0.020900000
sample,generation,original,128,136,13,389,1.371904016,1.841400000,0.062200000,0.011800000
sample,generation,original,128,137,13,8104,1.386816025,1.660200000,0.078600000,0.018600000
sample,generation,original,128,138,13,287,1.400799990,1.636100000,0.092400000,0.023800000
sample,generation,original,128,139,13,262,1.383903980,1.649100000,0.076700000,0.016100000
sample,generation,original,128,140,13,1280,1.385311961,1.649100000,0.073300000,0.018700000
sample,generation,original,128,141,13,9151,1.393759966,1.618100000,0.078100000,0.021200000
sample,generation,original,128,142,13,13,1.386047959,1.587200000,0.064600000,0.015400000
sample,generation,original,128,143,13,383,1.374752045,1.609300000,0.062000000,0.014700000
sample,generation,original,128,128,14,764,1.368672013,1.593600000,0.079600000,0.019400000
sample,generation,original,128,129,14,383,1.368960023,1.568200000,0.061900000,0.013200000
sample,generation,original,128,130,14,9653,1.372063994,1.575900000,0.060600000,0.013900000
sample,generation,original,128,131,14,25834,1.365311980,1.669300000,0.059000000,0.012300000
sample,generation,original,128,132,14,287,1.412608027,1.648900000,0.123700000,0.038400000
sample,generation,original,128,133,14,262,1.376672029,1.585400000,0.084600000,0.017300000
sample,generation,original,128,134,14,6076,1.374271989,1.556900000,0.060600000,0.013100000
sample,generation,original,128,135,14,290,1.365280032,1.659800000,0.053600000,0.011200000
sample,generation,original,128,136,14,389,1.373824000,1.573700000,0.068400000,0.016400000
sample,generation,original,128,137,14,8104,1.375552058,1.578300000,0.075200000,0.013500000
sample,generation,original,128,138,14,287,1.376096010,1.587800000,0.059900000,0.012900000
sample,generation,original,128,139,14,262,1.375455976,1.559300000,0.059300000,0.012700000
sample,generation,original,128,140,14,1280,1.377856016,1.585100000,0.061600000,0.012500000
sample,generation,original,128,141,14,9151,1.380543947,1.592600000,0.058500000,0.012900000
sample,generation,original,128,142,14,13,1.381728053,1.867100000,0.063300000,0.012400000
sample,generation,original,128,143,14,383,1.383808017,1.849300000,0.075300000,0.020200000
sample,generation,ordered4,128,128,14,764,1.441568017,1.630700000,0.072600000,0.016700000
sample,generation,ordered4,128,129,14,383,1.440160036,1.641800000,0.061800000,0.012000000
sample,generation,ordered4,128,130,14,9653,1.466848016,1.695100000,0.085400000,0.023900000
sample,generation,ordered4,128,131,14,25834,1.442080021,1.934100000,0.069900000,0.013600000
sample,generation,ordered4,128,132,14,287,1.444800019,1.641900000,0.065500000,0.013400000
sample,generation,ordered4,128,133,14,262,1.445888042,1.970500000,0.060700000,0.013000000
sample,generation,ordered4,128,134,14,6076,1.448096037,1.966300000,0.072200000,0.013200000
sample,generation,ordered4,128,135,14,290,1.450847983,1.923900000,0.071400000,0.014600000
sample,generation,ordered4,128,136,14,389,1.455072045,1.658100000,0.084400000,0.016100000
sample,generation,ordered4,128,137,14,8104,1.476448059,1.692000000,0.073300000,0.021800000
sample,generation,ordered4,128,138,14,287,1.476544023,1.669000000,0.074500000,0.022000000
sample,generation,ordered4,128,139,14,262,1.447903991,1.734600000,0.056400000,0.011700000
sample,generation,ordered4,128,140,14,1280,1.452000022,1.657900000,0.063900000,0.013000000
sample,generation,ordered4,128,141,14,9151,1.456671953,1.634300000,0.060100000,0.013300000
sample,generation,ordered4,128,142,14,13,1.456192017,1.644600000,0.052500000,0.011200000
sample,generation,ordered4,128,143,14,383,1.453855991,2.016800000,0.056700000,0.011000000
sample,generation,ordered4,128,128,15,764,1.435904026,1.937100000,0.067500000,0.012900000
sample,generation,ordered4,128,129,15,383,1.437216043,1.665400000,0.057600000,0.011000000
sample,generation,ordered4,128,130,15,9653,1.450047970,1.669900000,0.070700000,0.017400000
sample,generation,ordered4,128,131,15,25834,1.442080021,1.642200000,0.065200000,0.012900000
sample,generation,ordered4,128,132,15,287,1.441056013,1.930600000,0.057000000,0.010600000
sample,generation,ordered4,128,133,15,262,1.443616033,1.948000000,0.057600000,0.010800000
sample,generation,ordered4,128,134,15,6076,1.462592006,1.988200000,0.092900000,0.010600000
sample,generation,ordered4,128,135,15,290,1.446624041,1.949600000,0.065600000,0.012700000
sample,generation,ordered4,128,136,15,389,1.445279956,1.652400000,0.058300000,0.011000000
sample,generation,ordered4,128,137,15,8104,1.451647997,1.971300000,0.069700000,0.013300000
sample,generation,ordered4,128,138,15,287,1.453536034,1.965900000,0.064800000,0.012600000
sample,generation,ordered4,128,139,15,262,1.446272016,1.738700000,0.055700000,0.010500000
sample,generation,ordered4,128,140,15,1280,1.484383941,1.979500000,0.146200000,0.031600000
sample,generation,ordered4,128,141,15,9151,1.474751949,2.002800000,0.086400000,0.024100000
sample,generation,ordered4,128,142,15,13,1.464128017,1.947000000,0.074900000,0.015300000
sample,generation,ordered4,128,143,15,383,1.458112001,1.975100000,0.066300000,0.012500000
sample,generation,original,128,128,15,764,1.359680057,1.537600000,0.052700000,0.011100000
sample,generation,original,128,129,15,383,1.372159958,1.563600000,0.075500000,0.017000000
sample,generation,original,128,130,15,9653,1.374431968,1.858800000,0.070700000,0.015100000
sample,generation,original,128,131,15,25834,1.369760036,1.910900000,0.066400000,0.012900000
sample,generation,original,128,132,15,287,1.407520056,1.618600000,0.114500000,0.033200000
sample,generation,original,128,133,15,262,1.377727985,1.574500000,0.097200000,0.016800000
sample,generation,original,128,134,15,6076,1.380831957,1.556600000,0.064400000,0.015000000
sample,generation,original,128,135,15,290,1.366943955,1.548500000,0.052700000,0.011400000
sample,generation,original,128,136,15,389,1.367936015,1.845000000,0.057100000,0.010900000
sample,generation,original,128,137,15,8104,1.375007987,1.892400000,0.070900000,0.012100000
sample,generation,original,128,138,15,287,1.378239989,1.871800000,0.066100000,0.012800000
sample,generation,original,128,139,15,262,1.371616006,1.568400000,0.057800000,0.010800000
sample,generation,original,128,140,15,1280,1.385983944,1.925100000,0.099300000,0.016900000
sample,generation,original,128,141,15,9151,1.382495999,1.883400000,0.059900000,0.011400000
sample,generation,original,128,142,15,13,1.380767941,1.886400000,0.060700000,0.011800000
sample,generation,original,128,143,15,383,1.372768044,1.666300000,0.058100000,0.011100000
sample,generation,original,512,512,0,558,1.629663944,2.128900000,0.076800000,0.023800000
sample,generation,original,512,513,0,272,1.621088028,1.989100000,0.062300000,0.012700000
sample,generation,original,512,514,0,837,1.622496009,1.945100000,0.053800000,0.011100000
sample,generation,original,512,515,0,351,1.626688004,1.812100000,0.060400000,0.014600000
sample,generation,original,512,516,0,257,1.623039961,1.830500000,0.054100000,0.011400000
sample,generation,original,512,517,0,1767,1.627200007,1.828500000,0.065700000,0.014200000
sample,generation,original,512,518,0,4129,1.632832050,1.953800000,0.061500000,0.014400000
sample,generation,original,512,519,0,510,1.676480055,1.895400000,0.115700000,0.039300000
sample,generation,original,512,520,0,284,1.629727960,1.819300000,0.087600000,0.016000000
sample,generation,original,512,521,0,3126,1.627967954,2.168000000,0.060100000,0.011400000
sample,generation,original,512,522,0,1247,1.651039958,1.849300000,0.088500000,0.023900000
sample,generation,original,512,523,0,38813,1.625952005,2.113100000,0.061500000,0.011200000
sample,generation,original,512,524,0,411,1.628128052,2.148300000,0.061700000,0.011800000
sample,generation,original,512,525,0,357,1.635167956,2.132400000,0.070200000,0.013800000
sample,generation,original,512,526,0,1987,1.634080052,2.130100000,0.061800000,0.011000000
sample,generation,original,512,527,0,287,1.625599980,2.155900000,0.059600000,0.011300000
sample,generation,ordered4,512,512,0,558,1.922207952,2.467100000,0.089500000,0.015700000
sample,generation,ordered4,512,513,0,272,1.929247975,2.435700000,0.076400000,0.017400000
sample,generation,ordered4,512,514,0,837,1.955296040,2.424100000,0.063700000,0.011900000
sample,generation,ordered4,512,515,0,351,1.915616035,2.320800000,0.063700000,0.010800000
sample,generation,ordered4,512,516,0,257,1.963423967,2.384300000,0.126200000,0.040000000
sample,generation,ordered4,512,517,0,1767,1.976063967,2.203700000,0.130300000,0.033500000
sample,generation,ordered4,512,518,0,4129,1.937023997,2.457700000,0.082000000,0.018200000
sample,generation,ordered4,512,519,0,510,1.930719972,2.455000000,0.071400000,0.015500000
sample,generation,ordered4,512,520,0,284,1.926399946,2.410800000,0.070600000,0.013900000
sample,generation,ordered4,512,521,0,3126,1.940032005,2.133500000,0.073600000,0.017100000
sample,generation,ordered4,512,522,0,1247,1.927263975,2.398300000,0.072100000,0.011400000
sample,generation,ordered4,512,523,0,38813,1.927616000,2.120000000,0.058700000,0.011000000
sample,generation,ordered4,512,524,0,411,1.938848019,2.462700000,0.070600000,0.015300000
sample,generation,ordered4,512,525,0,357,1.958207965,2.449900000,0.095800000,0.020200000
sample,generation,ordered4,512,526,0,1987,1.943552017,2.297500000,0.091200000,0.015500000
sample,generation,ordered4,512,527,0,287,1.929695964,2.112700000,0.055700000,0.011500000
sample,generation,ordered4,512,512,1,558,1.936383963,2.406800000,0.124100000,0.027800000
sample,generation,ordered4,512,513,1,272,1.917536020,2.098900000,0.056200000,0.011600000
sample,generation,ordered4,512,514,1,837,1.918048024,2.127500000,0.053000000,0.011000000
sample,generation,ordered4,512,515,1,351,1.942432046,2.163000000,0.084900000,0.024900000
sample,generation,ordered4,512,516,1,257,1.937119961,2.133100000,0.082900000,0.020800000
sample,generation,ordered4,512,517,1,1767,1.923231959,2.420700000,0.062100000,0.011900000
sample,generation,ordered4,512,518,1,4129,1.963039994,2.191300000,0.119000000,0.035500000
sample,generation,ordered4,512,519,1,510,1.959743977,2.440200000,0.113400000,0.033200000
sample,generation,ordered4,512,520,1,284,1.934463978,2.173600000,0.074500000,0.018000000
sample,generation,ordered4,512,521,1,3126,1.951455951,2.155700000,0.090100000,0.023000000
sample,generation,ordered4,512,522,1,1247,1.928895950,2.373100000,0.063900000,0.011800000
sample,generation,ordered4,512,523,1,38813,1.929855943,2.480400000,0.062700000,0.011700000
sample,generation,ordered4,512,524,1,411,1.948192000,2.460100000,0.087200000,0.021500000
sample,generation,ordered4,512,525,1,357,1.931264043,2.383500000,0.064300000,0.012000000
sample,generation,ordered4,512,526,1,1987,1.934208035,2.143800000,0.059700000,0.011700000
sample,generation,ordered4,512,527,1,287,1.933375955,2.117800000,0.064900000,0.013100000
sample,generation,original,512,512,1,558,1.611744046,1.902800000,0.058100000,0.011500000
sample,generation,original,512,513,1,272,1.673184037,2.066400000,0.117000000,0.049600000
sample,generation,original,512,514,1,837,1.639456034,2.159300000,0.081800000,0.019300000
sample,generation,original,512,515,1,351,1.622176051,2.120600000,0.067500000,0.013100000
sample,generation,original,512,516,1,257,1.620704055,2.118500000,0.059300000,0.010800000
sample,generation,original,512,517,1,1767,1.625216007,2.123600000,0.059300000,0.011600000
sample,generation,original,512,518,1,4129,1.626431942,1.813800000,0.059400000,0.010600000
sample,generation,original,512,519,1,510,1.620095968,2.105400000,0.059200000,0.011200000
sample,generation,original,512,520,1,284,1.629631996,1.845600000,0.090600000,0.020000000
sample,generation,original,512,521,1,3126,1.626399994,1.816600000,0.059200000,0.012000000
sample,generation,original,512,522,1,1247,1.629984021,2.127900000,0.058900000,0.011300000
sample,generation,original,512,523,1,38813,1.625023961,1.813700000,0.057600000,0.011300000
sample,generation,original,512,524,1,411,1.627135992,2.012200000,0.058600000,0.010900000
sample,generation,original,512,525,1,357,1.630560040,1.813900000,0.056900000,0.011200000
sample,generation,original,512,526,1,1987,1.633983970,1.817100000,0.053000000,0.010700000
sample,generation,original,512,527,1,287,1.625120044,1.805700000,0.053300000,0.010900000
sample,generation,original,512,512,2,558,1.611807942,1.824100000,0.058600000,0.011200000
sample,generation,original,512,513,2,272,1.634783983,1.829900000,0.076000000,0.017700000
sample,generation,original,512,514,2,837,1.622560024,1.833100000,0.058000000,0.011300000
sample,generation,original,512,515,2,351,1.622655988,2.025600000,0.064100000,0.012800000
sample,generation,original,512,516,2,257,1.622784019,2.122100000,0.060200000,0.012000000
sample,generation,original,512,517,2,1767,1.622655988,2.066200000,0.059500000,0.011000000
sample,generation,original,512,518,2,4129,1.659360051,2.193200000,0.099100000,0.027000000
sample,generation,original,512,519,2,510,1.638847947,2.149100000,0.080200000,0.019900000
sample,generation,original,512,520,2,284,1.623968005,2.125800000,0.063800000,0.011600000
sample,generation,original,512,521,2,3126,1.628255963,2.123400000,0.060500000,0.011200000
sample,generation,original,512,522,2,1247,1.632383943,2.131800000,0.062400000,0.013200000
sample,generation,original,512,523,2,38813,1.626464009,2.099800000,0.057900000,0.011100000
sample,generation,original,512,524,2,411,1.629312038,1.848800000,0.059100000,0.011600000
sample,generation,original,512,525,2,357,1.646016002,2.157800000,0.096500000,0.012000000
sample,generation,original,512,526,2,1987,1.646592021,1.941300000,0.078900000,0.019000000
sample,generation,original,512,527,2,287,1.624639988,1.803900000,0.054400000,0.011700000
sample,generation,ordered4,512,512,2,558,1.908319950,2.091200000,0.052600000,0.011200000
sample,generation,ordered4,512,513,2,272,1.917888045,2.112800000,0.055700000,0.012700000
sample,generation,ordered4,512,514,2,837,1.919199944,2.572900000,0.054700000,0.011100000
sample,generation,ordered4,512,515,2,351,1.920032024,2.125300000,0.070300000,0.012900000
sample,generation,ordered4,512,516,2,257,1.919263959,2.116100000,0.059100000,0.012900000
sample,generation,ordered4,512,517,2,1767,1.939712048,2.123700000,0.075200000,0.020100000
sample,generation,ordered4,512,518,2,4129,1.922880054,2.124700000,0.054300000,0.011800000
sample,generation,ordered4,512,519,2,510,1.922431946,2.133000000,0.061600000,0.013800000
sample,generation,ordered4,512,520,2,284,1.944383979,2.160900000,0.082000000,0.024000000
sample,generation,ordered4,512,521,2,3126,1.931424022,2.135700000,0.065000000,0.014900000
sample,generation,ordered4,512,522,2,1247,1.928032041,2.135900000,0.061600000,0.013600000
sample,generation,ordered4,512,523,2,38813,1.938016057,2.142700000,0.070200000,0.018200000
sample,generation,ordered4,512,524,2,411,1.928928018,2.129100000,0.056300000,0.012600000
sample,generation,ordered4,512,525,2,357,1.934208035,2.138700000,0.064400000,0.016100000
sample,generation,ordered4,512,526,2,1987,1.935359955,2.117700000,0.060400000,0.013100000
sample,generation,ordered4,512,527,2,287,1.933663964,2.155700000,0.078100000,0.014900000
sample,generation,ordered4,512,512,3,558,1.911488056,2.131100000,0.069800000,0.017400000
sample,generation,ordered4,512,513,3,272,1.917503953,2.110000000,0.062400000,0.013200000
sample,generation,ordered4,512,514,3,837,1.928864002,2.131900000,0.084100000,0.016700000
sample,generation,ordered4,512,515,3,351,1.919744015,2.136100000,0.059900000,0.011800000
sample,generation,ordered4,512,516,3,257,1.920096040,2.127300000,0.066800000,0.013300000
sample,generation,ordered4,512,517,3,1767,1.938143969,2.140100000,0.074800000,0.020300000
sample,generation,ordered4,512,518,3,4129,1.924031973,2.192900000,0.060200000,0.011900000
sample,generation,ordered4,512,519,3,510,1.944991946,2.166700000,0.088300000,0.026000000
sample,generation,ordered4,512,520,3,284,1.945695996,2.143800000,0.083600000,0.025800000
sample,generation,ordered4,512,521,3,3126,1.950495958,2.181000000,0.076400000,0.023400000
sample,generation,ordered4,512,522,3,1247,1.940384030,2.128600000,0.072000000,0.018100000
sample,generation,ordered4,512,523,3,38813,1.932960033,2.118200000,0.069200000,0.014200000
sample,generation,ordered4,512,524,3,411,1.933472037,2.167400000,0.062900000,0.014300000
sample,generation,ordered4,512,525,3,357,1.956287980,2.156600000,0.083000000,0.024000000
sample,generation,ordered4,512,526,3,1987,1.942816019,2.157100000,0.066200000,0.015400000
sample,generation,ordered4,512,527,3,287,1.936159968,2.153200000,0.066400000,0.014300000
sample,generation,original,512,512,3,558,1.619680047,1.896900000,0.069400000,0.014100000
sample,generation,original,512,513,3,272,1.644415975,2.159100000,0.093100000,0.023900000
sample,generation,original,512,514,3,837,1.630272031,2.133000000,0.069900000,0.016500000
sample,generation,original,512,515,3,351,1.620000005,1.971500000,0.060700000,0.011400000
sample,generation,original,512,516,3,257,1.621119976,1.970500000,0.053900000,0.011000000
sample,generation,original,512,517,3,1767,1.622463942,1.912800000,0.054700000,0.011000000
sample,generation,original,512,518,3,4129,1.647168040,1.859700000,0.086100000,0.024000000
sample,generation,original,512,519,3,510,1.629472017,1.817400000,0.067000000,0.016600000
sample,generation,original,512,520,3,284,1.622336030,1.905100000,0.058600000,0.011300000
sample,generation,original,512,521,3,3126,1.638944030,2.163200000,0.089100000,0.017100000
sample,generation,original,512,522,3,1247,1.629503965,2.128400000,0.058800000,0.011200000
sample,generation,original,512,523,3,38813,1.626240015,2.122500000,0.059000000,0.011000000
sample,generation,original,512,524,3,411,1.627583981,2.125500000,0.061900000,0.011800000
sample,generation,original,512,525,3,357,1.631872058,1.834100000,0.059700000,0.011200000
sample,generation,original,512,526,3,1987,1.643488050,2.121600000,0.074900000,0.015900000
sample,generation,original,512,527,3,287,1.624735951,1.813700000,0.059800000,0.011900000
sample,generation,original,512,512,4,558,1.634304047,1.920600000,0.082300000,0.022500000
sample,generation,original,512,513,4,272,1.640383959,1.928800000,0.083400000,0.023700000
sample,generation,original,512,514,4,837,1.645599961,1.928000000,0.090000000,0.022900000
sample,generation,original,512,515,4,351,1.653599977,1.904400000,0.117100000,0.031600000
sample,generation,original,512,516,4,257,1.642976046,2.058200000,0.084700000,0.023000000
sample,generation,original,512,517,4,1767,1.712192059,2.100600000,0.201200000,0.084400000
sample,generation,original,512,518,4,4129,1.687680006,2.196900000,0.173300000,0.062200000
sample,generation,original,512,519,4,510,1.638048053,2.140500000,0.106300000,0.020500000
sample,generation,original,512,520,4,284,1.631263971,1.858900000,0.066900000,0.013800000
sample,generation,original,512,521,4,3126,1.633440018,1.830200000,0.069100000,0.015200000
sample,generation,original,512,522,4,1247,1.635071993,2.141900000,0.065800000,0.016900000
sample,generation,original,512,523,4,38813,1.637120008,1.840400000,0.071700000,0.016800000
sample,generation,original,512,524,4,411,1.632416010,1.831100000,0.062100000,0.013300000
sample,generation,original,512,525,4,357,1.634655952,2.074400000,0.063400000,0.013900000
sample,generation,original,512,526,4,1987,1.636703968,1.828300000,0.059300000,0.011400000
sample,generation,original,512,527,4,287,1.623968005,1.816700000,0.053300000,0.011300000
sample,generation,ordered4,512,512,4,558,2.009984016,2.305700000,0.141900000,0.079800000
sample,generation,ordered4,512,513,4,272,1.920192003,2.112400000,0.062700000,0.014000000
sample,generation,ordered4,512,514,4,837,1.917760015,2.405400000,0.059000000,0.010600000
sample,generation,ordered4,512,515,4,351,1.915871978,2.113300000,0.067200000,0.010800000
sample,generation,ordered4,512,516,4,257,1.920415998,2.404500000,0.062500000,0.011500000
sample,generation,ordered4,512,517,4,1767,1.921311975,2.132600000,0.059000000,0.011000000
sample,generation,ordered4,512,518,4,4129,1.937983990,2.433700000,0.074900000,0.018900000
sample,generation,ordered4,512,519,4,510,1.923295975,2.417600000,0.063200000,0.012200000
sample,generation,ordered4,512,520,4,284,1.921632051,2.386300000,0.059100000,0.011000000
sample,generation,ordered4,512,521,4,3126,1.926239967,2.287800000,0.062300000,0.011300000
sample,generation,ordered4,512,522,4,1247,1.930400014,2.114400000,0.060200000,0.012500000
sample,generation,ordered4,512,523,4,38813,1.930400014,2.111900000,0.054200000,0.011100000
sample,generation,ordered4,512,524,4,411,1.927520037,2.136600000,0.052700000,0.011000000
sample,generation,ordered4,512,525,4,357,1.943776011,2.135200000,0.087000000,0.018000000
sample,generation,ordered4,512,526,4,1987,1.933536053,2.118500000,0.055500000,0.012500000
sample,generation,ordered4,512,527,4,287,1.931328058,2.138300000,0.055500000,0.012200000
sample,generation,ordered4,512,512,5,558,1.924479961,2.253800000,0.084700000,0.022000000
sample,generation,ordered4,512,513,5,272,1.928640008,2.268900000,0.082800000,0.020800000
sample,generation,ordered4,512,514,5,837,1.933151960,2.264600000,0.097300000,0.021300000
sample,generation,ordered4,512,515,5,351,1.935263991,2.236900000,0.083100000,0.022700000
sample,generation,ordered4,512,516,5,257,1.935552001,2.295800000,0.083200000,0.021700000
sample,generation,ordered4,512,517,5,1767,1.949408054,2.272200000,0.113700000,0.027300000
sample,generation,ordered4,512,518,5,4129,1.947551966,2.231200000,0.097200000,0.029900000
sample,generation,ordered4,512,519,5,510,1.939872026,2.234700000,0.091800000,0.023500000
sample,generation,ordered4,512,520,5,284,1.941696048,2.358900000,0.088600000,0.022700000
sample,generation,ordered4,512,521,5,3126,1.950911999,2.270400000,0.100100000,0.026000000
sample,generation,ordered4,512,522,5,1247,1.948511958,2.288600000,0.094400000,0.023500000
sample,generation,ordered4,512,523,5,38813,1.945215940,2.333600000,0.089200000,0.022900000
sample,generation,ordered4,512,524,5,411,1.955135942,2.285000000,0.100100000,0.029000000
sample,generation,ordered4,512,525,5,357,1.951647997,2.305400000,0.092000000,0.023500000
sample,generation,ordered4,512,526,5,1987,1.955551982,2.298300000,0.090700000,0.024600000
sample,generation,ordered4,512,527,5,287,1.953312039,2.292400000,0.090000000,0.023600000
sample,generation,original,512,512,5,558,1.630239964,1.954200000,0.082100000,0.023400000
sample,generation,original,512,513,5,272,1.642591953,1.960200000,0.088500000,0.025200000
sample,generation,original,512,514,5,837,1.644512057,1.976600000,0.097100000,0.025500000
sample,generation,original,512,515,5,351,1.638656020,1.959800000,0.095200000,0.024700000
sample,generation,original,512,516,5,257,1.640895963,2.038600000,0.090600000,0.023100000
sample,generation,original,512,517,5,1767,1.646016002,1.994000000,0.096300000,0.024400000
sample,generation,original,512,518,5,4129,1.643808007,1.999400000,0.086300000,0.022200000
sample,generation,original,512,519,5,510,1.635807991,1.988300000,0.084400000,0.022200000
sample,generation,original,512,520,5,284,1.643648028,1.980000000,0.089500000,0.022900000
sample,generation,original,512,521,5,3126,1.642848015,1.997900000,0.083900000,0.021400000
sample,generation,original,512,522,5,1247,1.643167973,1.938200000,0.084900000,0.022500000
sample,generation,original,512,523,5,38813,1.642624021,1.956900000,0.081200000,0.021600000
sample,generation,original,512,524,5,411,1.651391983,1.938700000,0.093000000,0.026800000
sample,generation,original,512,525,5,357,1.648447990,1.934400000,0.080400000,0.022000000
sample,generation,original,512,526,5,1987,1.649343967,1.930600000,0.078700000,0.022600000
sample,generation,original,512,527,5,287,1.641343951,1.940200000,0.080900000,0.021900000
sample,generation,original,512,512,6,558,1.634176016,1.966100000,0.095500000,0.022900000
sample,generation,original,512,513,6,272,1.655776024,1.998500000,0.106800000,0.034600000
sample,generation,original,512,514,6,837,1.662176013,1.993100000,0.113200000,0.039000000
sample,generation,original,512,515,6,351,1.656319976,1.987400000,0.108700000,0.035900000
sample,generation,original,512,516,6,257,1.657152057,1.987600000,0.107100000,0.035300000
sample,generation,original,512,517,6,1767,1.649088025,1.981400000,0.095100000,0.027700000
sample,generation,original,512,518,6,4129,1.655871987,2.026200000,0.099800000,0.029100000
sample,generation,original,512,519,6,510,1.662816048,1.996200000,0.116000000,0.039300000
sample,generation,original,512,520,6,284,1.655168056,1.996300000,0.105800000,0.033200000
sample,generation,original,512,521,6,3126,1.670943975,2.012600000,0.116500000,0.041100000
sample,generation,original,512,522,6,1247,1.669567943,1.999900000,0.112300000,0.038800000
sample,generation,original,512,523,6,38813,1.654911995,1.994800000,0.101600000,0.031500000
sample,generation,original,512,524,6,411,1.655519962,1.978000000,0.098700000,0.030600000
sample,generation,original,512,525,6,357,1.665439963,1.938700000,0.103800000,0.033700000
sample,generation,original,512,526,6,1987,1.654304028,1.971300000,0.084400000,0.024400000
sample,generation,original,512,527,6,287,1.653184056,1.976700000,0.098900000,0.030600000
sample,generation,ordered4,512,512,6,558,1.914944053,2.118200000,0.062600000,0.014600000
sample,generation,ordered4,512,513,6,272,1.922047973,2.128300000,0.062300000,0.014400000
sample,generation,ordered4,512,514,6,837,1.921632051,2.130200000,0.066600000,0.013100000
sample,generation,ordered4,512,515,6,351,1.918015957,2.101400000,0.061600000,0.013400000
sample,generation,ordered4,512,516,6,257,1.917152047,2.107200000,0.054700000,0.011400000
sample,generation,ordered4,512,517,6,1767,1.921280026,2.466900000,0.059700000,0.011700000
sample,generation,ordered4,512,518,6,4129,1.928895950,2.418600000,0.070300000,0.016300000
sample,generation,ordered4,512,519,6,510,1.924031973,2.435100000,0.063200000,0.012000000
sample,generation,ordered4,512,520,6,284,1.948927999,2.156500000,0.110000000,0.025600000
sample,generation,ordered4,512,521,6,3126,1.930304050,2.123900000,0.066100000,0.014400000
sample,generation,ordered4,512,522,6,1247,1.931743979,2.181000000,0.062600000,0.012600000
sample,generation,ordered4,512,523,6,38813,1.970208049,2.225800000,0.110700000,0.040300000
sample,generation,ordered4,512,524,6,411,1.944192052,2.455400000,0.084100000,0.021700000
sample,generation,ordered4,512,525,6,357,1.950816035,2.461100000,0.116600000,0.023800000
sample,generation,ordered4,512,526,6,1987,1.979424000,2.211200000,0.119400000,0.039300000
sample,generation,ordered4,512,527,6,287,1.948192000,2.167000000,0.083100000,0.021100000
sample,generation,ordered4,512,512,7,558,1.925439954,2.261300000,0.083500000,0.022300000
sample,generation,ordered4,512,513,7,272,1.934527993,2.293800000,0.086800000,0.022500000
sample,generation,ordered4,512,514,7,837,1.933151960,2.218200000,0.082300000,0.021100000
sample,generation,ordered4,512,515,7,351,1.932512045,2.280700000,0.084200000,0.022100000
sample,generation,ordered4,512,516,7,257,1.933472037,2.263400000,0.085100000,0.021600000
sample,generation,ordered4,512,517,7,1767,1.939200044,2.242700000,0.103600000,0.022500000
sample,generation,ordered4,512,518,7,4129,1.938303947,2.220500000,0.103200000,0.022900000
sample,generation,ordered4,512,519,7,510,1.939264059,2.228800000,0.084100000,0.022800000
sample,generation,ordered4,512,520,7,284,1.938591957,2.295800000,0.088300000,0.022000000
sample,generation,ordered4,512,521,7,3126,1.944543958,2.283000000,0.090900000,0.024000000
sample,generation,ordered4,512,522,7,1247,1.945824027,2.301400000,0.086000000,0.022300000
sample,generation,ordered4,512,523,7,38813,1.941856027,2.348400000,0.085400000,0.021900000
sample,generation,ordered4,512,524,7,411,1.951135993,2.295800000,0.098200000,0.025400000
sample,generation,ordered4,512,525,7,357,1.953055978,2.290600000,0.101300000,0.025200000
sample,generation,ordered4,512,526,7,1987,1.974848032,2.298800000,0.116000000,0.039200000
sample,generation,ordered4,512,527,7,287,1.950847983,2.304600000,0.092500000,0.023400000
sample,generation,original,512,512,7,558,1.644127965,1.841100000,0.101200000,0.027400000
sample,generation,original,512,513,7,272,1.628672004,2.105900000,0.093500000,0.015700000
sample,generation,original,512,514,7,837,1.623456001,2.128400000,0.061200000,0.012500000
sample,generation,original,512,515,7,351,1.623136044,1.806500000,0.065600000,0.013100000
sample,generation,original,512,516,7,257,1.622751951,2.117700000,0.058900000,0.011100000
sample,generation,original,512,517,7,1767,1.624480009,2.084900000,0.058300000,0.011000000
sample,generation,original,512,518,7,4129,1.652320027,1.887000000,0.130800000,0.024100000
sample,generation,original,512,519,7,510,1.670431972,2.364900000,0.116900000,0.042500000
sample,generation,original,512,520,7,284,1.630751967,2.114200000,0.077300000,0.016600000
sample,generation,original,512,521,7,3126,1.632992029,2.143100000,0.083400000,0.016200000
sample,generation,original,512,522,7,1247,1.630784035,2.117400000,0.063800000,0.010700000
sample,generation,original,512,523,7,38813,1.626495957,1.811700000,0.061500000,0.010600000
sample,generation,original,512,524,7,411,1.628224015,2.123000000,0.060400000,0.012700000
sample,generation,original,512,525,7,357,1.631487966,1.819100000,0.060300000,0.011000000
sample,generation,original,512,526,7,1987,1.633056045,1.819900000,0.060100000,0.011200000
sample,generation,original,512,527,7,287,1.624799967,2.116400000,0.059400000,0.011300000
sample,generation,original,512,512,8,558,1.620319963,1.834700000,0.069000000,0.014400000
sample,generation,original,512,513,8,272,1.626688004,1.850100000,0.066900000,0.014500000
sample,generation,original,512,514,8,837,1.629248023,2.126000000,0.066700000,0.014900000
sample,generation,original,512,515,8,351,1.633792043,2.125300000,0.074200000,0.018100000
sample,generation,original,512,516,8,257,1.644832015,1.876600000,0.070600000,0.016000000
sample,generation,original,512,517,8,1767,1.635231972,2.125900000,0.080700000,0.016100000
sample,generation,original,512,518,8,4129,1.632671952,1.823700000,0.066900000,0.017200000
sample,generation,original,512,519,8,510,1.622879982,2.076500000,0.059900000,0.011800000
sample,generation,original,512,520,8,284,1.624672055,2.115500000,0.060300000,0.011700000
sample,generation,original,512,521,8,3126,1.641919971,1.985900000,0.058500000,0.011100000
sample,generation,original,512,522,8,1247,1.628607988,1.972200000,0.053500000,0.011300000
sample,generation,original,512,523,8,38813,1.625568032,1.828700000,0.052000000,0.010500000
sample,generation,original,512,524,8,411,1.637856007,1.826200000,0.067400000,0.016900000
sample,generation,original,512,525,8,357,1.631423950,1.814100000,0.053900000,0.011600000
sample,generation,original,512,526,8,1987,1.630911946,1.827400000,0.054900000,0.011400000
sample,generation,original,512,527,8,287,1.637024045,1.826900000,0.077000000,0.017500000
sample,generation,ordered4,512,512,8,558,1.954336047,2.301400000,0.122200000,0.043600000
sample,generation,ordered4,512,513,8,272,1.959488034,2.249000000,0.116700000,0.041000000
sample,generation,ordered4,512,514,8,837,1.954720020,2.290700000,0.101400000,0.033800000
sample,generation,ordered4,512,515,8,351,1.957823992,2.292000000,0.116500000,0.038200000
sample,generation,ordered4,512,516,8,257,1.958943963,2.289100000,0.113900000,0.038700000
sample,generation,ordered4,512,517,8,1767,1.955008030,2.305000000,0.109300000,0.034500000
sample,generation,ordered4,512,518,8,4129,1.967039943,2.296000000,0.116800000,0.041100000
sample,generation,ordered4,512,519,8,510,1.958464026,2.303300000,0.112000000,0.037400000
sample,generation,ordered4,512,520,8,284,1.956671953,2.297400000,0.111300000,0.034600000
sample,generation,ordered4,512,521,8,3126,1.964223981,2.308700000,0.110900000,0.037400000
sample,generation,ordered4,512,522,8,1247,1.975072026,2.319700000,0.118800000,0.040400000
sample,generation,ordered4,512,523,8,38813,1.961120009,2.302400000,0.108400000,0.034200000
sample,generation,ordered4,512,524,8,411,1.960160017,2.252200000,0.097900000,0.032800000
sample,generation,ordered4,512,525,8,357,1.973312020,2.278100000,0.115300000,0.040800000
sample,generation,ordered4,512,526,8,1987,1.981791973,2.318500000,0.142800000,0.044100000
sample,generation,ordered4,512,527,8,287,1.967775941,2.269500000,0.109000000,0.038700000
sample,generation,ordered4,512,512,9,558,1.925503969,2.212800000,0.080800000,0.022100000
sample,generation,ordered4,512,513,9,272,1.934623957,2.223100000,0.081200000,0.021800000
sample,generation,ordered4,512,514,9,837,1.935199976,2.221900000,0.082200000,0.022800000
sample,generation,ordered4,512,515,9,351,1.930688024,2.235800000,0.079800000,0.021700000
sample,generation,ordered4,512,516,9,257,1.937600017,2.269600000,0.085900000,0.023800000
sample,generation,ordered4,512,517,9,1767,1.949408054,2.251400000,0.095400000,0.025300000
sample,generation,ordered4,512,518,9,4129,1.947199941,2.300100000,0.094400000,0.028900000
sample,generation,ordered4,512,519,9,510,1.934015989,2.322300000,0.083800000,0.021800000
sample,generation,ordered4,512,520,9,284,1.940575957,2.270200000,0.092900000,0.024300000
sample,generation,ordered4,512,521,9,3126,1.941696048,2.263000000,0.085000000,0.022200000
sample,generation,ordered4,512,522,9,1247,1.942623973,2.315100000,0.082300000,0.021600000
sample,generation,ordered4,512,523,9,38813,1.944767952,2.371500000,0.086800000,0.022500000
sample,generation,ordered4,512,524,9,411,1.945024014,2.300400000,0.091700000,0.024000000
sample,generation,ordered4,512,525,9,357,1.946527958,2.232500000,0.080600000,0.021400000
sample,generation,ordered4,512,526,9,1987,1.954687953,2.246900000,0.081000000,0.022100000
sample,generation,ordered4,512,527,9,287,1.945248008,2.232200000,0.080800000,0.021100000
sample,generation,original,512,512,9,558,1.635967970,1.980100000,0.090600000,0.025700000
sample,generation,original,512,513,9,272,1.642943978,2.020400000,0.095300000,0.023000000
sample,generation,original,512,514,9,837,1.639456034,1.973500000,0.089300000,0.022400000
sample,generation,original,512,515,9,351,1.636831999,2.044100000,0.084300000,0.021500000
sample,generation,original,512,516,9,257,1.646208048,2.053600000,0.104900000,0.026800000
sample,generation,original,512,517,9,1767,1.645248055,1.998300000,0.100100000,0.024700000
sample,generation,original,512,518,9,4129,1.653280020,1.968900000,0.108500000,0.026900000
sample,generation,original,512,519,9,510,1.661344051,2.052000000,0.120700000,0.029300000
sample,generation,original,512,520,9,284,1.654399991,2.041100000,0.113000000,0.032200000
sample,generation,original,512,521,9,3126,1.657791972,2.014200000,0.108300000,0.030200000
sample,generation,original,512,522,9,1247,1.656991959,1.999200000,0.097300000,0.028900000
sample,generation,original,512,523,9,38813,1.653599977,1.987300000,0.099700000,0.029800000
sample,generation,original,512,524,9,411,1.650975943,1.951700000,0.094200000,0.026400000
sample,generation,original,512,525,9,357,1.655488014,1.962500000,0.086100000,0.025800000
sample,generation,original,512,526,9,1987,1.650720000,1.937700000,0.081900000,0.023100000
sample,generation,original,512,527,9,287,1.645856023,2.028000000,0.083900000,0.023600000
sample,generation,original,512,512,10,558,1.629824042,1.923400000,0.083600000,0.022000000
sample,generation,original,512,513,10,272,1.638432026,1.928200000,0.084200000,0.022900000
sample,generation,original,512,514,10,837,1.657791972,2.009400000,0.119100000,0.034100000
sample,generation,original,512,515,10,351,1.642815948,1.932600000,0.098700000,0.025600000
sample,generation,original,512,516,10,257,1.635776043,1.978300000,0.091700000,0.021400000
sample,generation,original,512,517,10,1767,1.639008045,1.982300000,0.096200000,0.021900000
sample,generation,original,512,518,10,4129,1.647680044,2.082600000,0.098400000,0.022600000
sample,generation,original,512,519,10,510,1.657760024,2.010900000,0.095900000,0.025500000
sample,generation,original,512,520,10,284,1.643648028,1.990500000,0.088600000,0.022000000
sample,generation,original,512,521,10,3126,1.658687949,1.947800000,0.082800000,0.023100000
sample,generation,original,512,522,10,1247,1.644255996,2.013400000,0.103900000,0.022500000
sample,generation,original,512,523,10,38813,1.653887987,1.938200000,0.107400000,0.025100000
sample,generation,original,512,524,10,411,1.644863963,1.931000000,0.084400000,0.022200000
sample,generation,original,512,525,10,357,1.649567962,1.994500000,0.084600000,0.021900000
sample,generation,original,512,526,10,1987,1.651200056,1.980800000,0.084600000,0.022500000
sample,generation,original,512,527,10,287,1.636543989,1.946900000,0.083100000,0.021700000
sample,generation,ordered4,512,512,10,558,1.976639986,2.276200000,0.138600000,0.055100000
sample,generation,ordered4,512,513,10,272,1.970816016,2.324900000,0.123400000,0.047800000
sample,generation,ordered4,512,514,10,837,1.976511955,2.276100000,0.128700000,0.050800000
sample,generation,ordered4,512,515,10,351,1.961279988,2.253700000,0.116100000,0.043600000
sample,generation,ordered4,512,516,10,257,1.965343952,2.265200000,0.115800000,0.045000000
sample,generation,ordered4,512,517,10,1767,1.970304012,2.279900000,0.119400000,0.045500000
sample,generation,ordered4,512,518,10,4129,1.973279953,2.278000000,0.118600000,0.045300000
sample,generation,ordered4,512,519,10,510,1.964992046,2.264500000,0.113400000,0.045000000
sample,generation,ordered4,512,520,10,284,1.965247989,2.254300000,0.113500000,0.040600000
sample,generation,ordered4,512,521,10,3126,1.955968022,2.253400000,0.108400000,0.031600000
sample,generation,ordered4,512,522,10,1247,1.972159982,2.311500000,0.114600000,0.043500000
sample,generation,ordered4,512,523,10,38813,1.949280024,2.291700000,0.100600000,0.027800000
sample,generation,ordered4,512,524,10,411,1.962720037,2.262000000,0.110400000,0.034600000
sample,generation,ordered4,512,525,10,357,1.963871956,2.258500000,0.096100000,0.031100000
sample,generation,ordered4,512,526,10,1987,1.964128017,2.219600000,0.101900000,0.034200000
sample,generation,ordered4,512,527,10,287,2.111936092,2.333800000,0.278100000,0.155100000
sample,generation,ordered4,512,512,11,558,1.942656040,2.239800000,0.102000000,0.035100000
sample,generation,ordered4,512,513,11,272,1.963039994,2.258800000,0.112900000,0.042800000
sample,generation,ordered4,512,514,11,837,1.964256048,2.374600000,0.134100000,0.042600000
sample,generation,ordered4,512,515,11,351,1.960896015,2.312100000,0.119700000,0.049400000
sample,generation,ordered4,512,516,11,257,1.957376003,2.378700000,0.111200000,0.039200000
sample,generation,ordered4,512,517,11,1767,1.974527955,2.412800000,0.142500000,0.049900000
sample,generation,ordered4,512,518,11,4129,1.984992027,2.337500000,0.148200000,0.055400000
sample,generation,ordered4,512,519,11,510,1.970080018,2.314700000,0.125000000,0.047100000
sample,generation,ordered4,512,520,11,284,1.958047986,2.297300000,0.134300000,0.039300000
sample,generation,ordered4,512,521,11,3126,1.967103958,2.250500000,0.114700000,0.040500000
sample,generation,ordered4,512,522,11,1247,1.978368044,2.526100000,0.131700000,0.047900000
sample,generation,ordered4,512,523,11,38813,1.988543987,2.327100000,0.146400000,0.055100000
sample,generation,ordered4,512,524,11,411,1.964959979,2.295400000,0.112300000,0.039100000
sample,generation,ordered4,512,525,11,357,1.979743958,2.358200000,0.133100000,0.047100000
sample,generation,ordered4,512,526,11,1987,1.980448008,2.314300000,0.117200000,0.040700000
sample,generation,ordered4,512,527,11,287,1.964895964,2.380200000,0.109000000,0.035700000
sample,generation,original,512,512,11,558,1.612831950,1.802400000,0.057600000,0.010900000
sample,generation,original,512,513,11,272,1.621888041,2.101700000,0.059300000,0.011200000
sample,generation,original,512,514,11,837,1.621600032,2.132700000,0.059100000,0.010800000
sample,generation,original,512,515,11,351,1.628864050,1.831700000,0.067200000,0.016200000
sample,generation,original,512,516,11,257,1.622943997,2.027000000,0.059900000,0.011600000
sample,generation,original,512,517,11,1767,1.627104044,1.811400000,0.060300000,0.012500000
sample,generation,original,512,518,11,4129,1.627168059,1.811300000,0.052300000,0.010700000
sample,generation,original,512,519,11,510,1.619488001,1.807300000,0.052000000,0.010600000
sample,generation,original,512,520,11,284,1.621248007,1.800500000,0.052700000,0.010500000
sample,generation,original,512,521,11,3126,1.627455950,1.809100000,0.051400000,0.010800000
sample,generation,original,512,522,11,1247,1.626528025,1.834700000,0.053400000,0.010900000
sample,generation,original,512,523,11,38813,1.628224015,1.834100000,0.055900000,0.012500000
sample,generation,original,512,524,11,411,1.626688004,1.809400000,0.051900000,0.011000000
sample,generation,original,512,525,11,357,1.631647944,1.816700000,0.052600000,0.010500000
sample,generation,original,512,526,11,1987,1.633216023,1.816000000,0.053500000,0.011500000
sample,generation,original,512,527,11,287,1.623679996,1.808400000,0.052500000,0.011100000
sample,generation,original,512,512,12,558,1.641600013,1.951600000,0.090100000,0.027600000
sample,generation,original,512,513,12,272,1.648800015,2.039100000,0.099900000,0.030500000
sample,generation,original,512,514,12,837,1.656000018,2.061000000,0.112900000,0.034400000
sample,generation,original,512,515,12,351,1.656288028,2.070600000,0.116500000,0.033900000
sample,generation,original,512,516,12,257,1.657727957,2.012300000,0.122600000,0.036100000
sample,generation,original,512,517,12,1767,1.657472014,1.985300000,0.105500000,0.034800000
sample,generation,original,512,518,12,4129,1.657920003,2.062200000,0.103600000,0.032800000
sample,generation,original,512,519,12,510,1.660895944,2.051800000,0.120400000,0.038500000
sample,generation,original,512,520,12,284,1.665088058,1.995100000,0.109700000,0.032300000
sample,generation,original,512,521,12,3126,1.654432058,2.009100000,0.100700000,0.030500000
sample,generation,original,512,522,12,1247,1.661759973,1.989400000,0.105700000,0.037200000
sample,generation,original,512,523,12,38813,1.664127946,1.990800000,0.112100000,0.037500000
sample,generation,original,512,524,12,411,1.663519979,2.020300000,0.108800000,0.037000000
sample,generation,original,512,525,12,357,1.663071990,1.998000000,0.107000000,0.033800000
sample,generation,original,512,526,12,1987,1.667392015,2.012800000,0.108400000,0.036500000
sample,generation,original,512,527,12,287,1.668223977,1.959300000,0.120900000,0.041400000
sample,generation,ordered4,512,512,12,558,1.934847951,2.310100000,0.096300000,0.030800000
sample,generation,ordered4,512,513,12,272,1.956768036,2.327300000,0.121400000,0.039000000
sample,generation,ordered4,512,514,12,837,1.943199992,2.284700000,0.105200000,0.028900000
sample,generation,ordered4,512,515,12,351,1.946591973,2.315800000,0.108900000,0.027100000
sample,generation,ordered4,512,516,12,257,1.957792044,2.298000000,0.120000000,0.037200000
sample,generation,ordered4,512,517,12,1767,1.951840043,2.280100000,0.106300000,0.033500000
sample,generation,ordered4,512,518,12,4129,1.963999987,2.301800000,0.113200000,0.037800000
sample,generation,ordered4,512,519,12,510,1.959295988,2.286800000,0.119300000,0.037100000
sample,generation,ordered4,512,520,12,284,1.965088010,2.306000000,0.118300000,0.041400000
sample,generation,ordered4,512,521,12,3126,1.984671950,2.286800000,0.144200000,0.054500000
sample,generation,ordered4,512,522,12,1247,1.969280005,2.258400000,0.122900000,0.041700000
sample,generation,ordered4,512,523,12,38813,1.961791992,2.306400000,0.116100000,0.037000000
sample,generation,ordered4,512,524,12,411,1.959936023,2.271300000,0.111300000,0.035300000
sample,generation,ordered4,512,525,12,357,1.958335996,2.317500000,0.106700000,0.030400000
sample,generation,ordered4,512,526,12,1987,1.972128034,2.320100000,0.115500000,0.040100000
sample,generation,ordered4,512,527,12,287,1.955584049,2.312300000,0.106500000,0.028900000
sample,generation,ordered4,512,512,13,558,1.932384014,2.265800000,0.095100000,0.024600000
sample,generation,ordered4,512,513,13,272,1.937183976,2.264000000,0.088800000,0.022500000
sample,generation,ordered4,512,514,13,837,1.932064056,2.285700000,0.105400000,0.021500000
sample,generation,ordered4,512,515,13,351,1.933503985,2.214300000,0.087300000,0.022000000
sample,generation,ordered4,512,516,13,257,1.944831967,2.281200000,0.098200000,0.021300000
sample,generation,ordered4,512,517,13,1767,1.939872026,2.303800000,0.109900000,0.022700000
sample,generation,ordered4,512,518,13,4129,1.941248059,2.257200000,0.086200000,0.022400000
sample,generation,ordered4,512,519,13,510,1.936864018,2.307200000,0.085200000,0.021900000
sample,generation,ordered4,512,520,13,284,1.937343955,2.208900000,0.087200000,0.022400000
sample,generation,ordered4,512,521,13,3126,1.943456054,2.238500000,0.088000000,0.021100000
sample,generation,ordered4,512,522,13,1247,1.951616049,2.236800000,0.086400000,0.021900000
sample,generation,ordered4,512,523,13,38813,1.940479994,2.269000000,0.081300000,0.021600000
sample,generation,ordered4,512,524,13,411,1.944031954,2.271700000,0.077900000,0.022700000
sample,generation,ordered4,512,525,13,357,1.954303980,2.256800000,0.092900000,0.026700000
sample,generation,ordered4,512,526,13,1987,1.945503950,2.321400000,0.085600000,0.021500000
sample,generation,ordered4,512,527,13,287,1.947039962,2.288500000,0.093400000,0.023300000
sample,generation,original,512,512,13,558,1.613280058,2.110600000,0.059800000,0.011000000
sample,generation,original,512,513,13,272,1.621407986,2.119400000,0.058200000,0.011100000
sample,generation,original,512,514,13,837,1.622815967,1.810500000,0.058500000,0.010900000
sample,generation,original,512,515,13,351,1.619040012,2.118500000,0.057200000,0.010900000
sample,generation,original,512,516,13,257,1.623744011,1.810200000,0.062500000,0.015200000
sample,generation,original,512,517,13,1767,1.623296022,2.134300000,0.057200000,0.011000000
sample,generation,original,512,518,13,4129,1.660992026,1.978800000,0.109600000,0.028000000
sample,generation,original,512,519,13,510,1.625887990,1.838200000,0.053000000,0.013600000
sample,generation,original,512,520,13,284,1.626399994,1.814800000,0.066500000,0.013100000
sample,generation,original,512,521,13,3126,1.629472017,2.115200000,0.058100000,0.011000000
sample,generation,original,512,522,13,1247,1.633983970,2.143800000,0.069800000,0.014300000
sample,generation,original,512,523,13,38813,1.625728011,2.125700000,0.058400000,0.011100000
sample,generation,original,512,524,13,411,1.627616048,2.120600000,0.057600000,0.010900000
sample,generation,original,512,525,13,357,1.621727943,1.971000000,0.109600000,0.020300000
sample,generation,original,512,526,13,1987,1.657439947,1.875700000,0.093500000,0.028800000
sample,generation,original,512,527,13,287,1.630463958,2.130500000,0.068400000,0.014100000
sample,generation,original,512,512,14,558,1.612576008,2.073600000,0.057500000,0.011300000
sample,generation,original,512,513,14,272,1.619071960,1.813800000,0.057400000,0.010900000
sample,generation,original,512,514,14,837,1.628288031,2.048100000,0.062500000,0.013200000
sample,generation,original,512,515,14,351,1.622367978,1.974300000,0.072000000,0.012800000
sample,generation,original,512,516,14,257,1.624544024,1.986200000,0.063700000,0.012600000
sample,generation,original,512,517,14,1767,1.626271963,1.978600000,0.061200000,0.013500000
sample,generation,original,512,518,14,4129,1.625983953,1.809500000,0.053200000,0.010800000
sample,generation,original,512,519,14,510,1.620223999,1.801700000,0.054200000,0.010900000
sample,generation,original,512,520,14,284,1.621472001,1.802200000,0.053900000,0.011100000
sample,generation,original,512,521,14,3126,1.625408053,1.806500000,0.052600000,0.010900000
sample,generation,original,512,522,14,1247,1.627488017,1.830300000,0.053100000,0.010900000
sample,generation,original,512,523,14,38813,1.641183972,1.843900000,0.070400000,0.020100000
sample,generation,original,512,524,14,411,1.628672004,1.817400000,0.058900000,0.011800000
sample,generation,original,512,525,14,357,1.629343987,1.817600000,0.057700000,0.011100000
sample,generation,original,512,526,14,1987,1.633919954,1.819700000,0.058000000,0.011200000
sample,generation,original,512,527,14,287,1.634176016,1.828600000,0.085600000,0.016500000
sample,generation,ordered4,512,512,14,558,1.911615968,2.375800000,0.058700000,0.011500000
sample,generation,ordered4,512,513,14,272,1.914656043,2.266900000,0.054600000,0.011100000
sample,generation,ordered4,512,514,14,837,1.916895986,2.099800000,0.052300000,0.011100000
sample,generation,ordered4,512,515,14,351,1.914656043,2.209000000,0.052800000,0.010800000
sample,generation,ordered4,512,516,14,257,1.916192055,2.097600000,0.052100000,0.010500000
sample,generation,ordered4,512,517,14,1767,1.921151996,2.228300000,0.052600000,0.010900000
sample,generation,ordered4,512,518,14,4129,1.944800019,2.171800000,0.086500000,0.024300000
sample,generation,ordered4,512,519,14,510,1.930112004,2.124800000,0.074000000,0.017300000
sample,generation,ordered4,512,520,14,284,1.933472037,2.129500000,0.090200000,0.016200000
sample,generation,ordered4,512,521,14,3126,1.933408022,2.121900000,0.060200000,0.012200000
sample,generation,ordered4,512,522,14,1247,1.930719972,2.172900000,0.057300000,0.010900000
sample,generation,ordered4,512,523,14,38813,1.931488037,2.428400000,0.060100000,0.011800000
sample,generation,ordered4,512,524,14,411,1.925663948,2.114000000,0.056900000,0.011000000
sample,generation,ordered4,512,525,14,357,1.967584014,2.530900000,0.098000000,0.019300000
sample,generation,ordered4,512,526,14,1987,1.977087975,2.506900000,0.107900000,0.039000000
sample,generation,ordered4,512,527,14,287,1.931967974,2.128200000,0.066200000,0.011500000
sample,generation,ordered4,512,512,15,558,1.934527993,2.446100000,0.097200000,0.015800000
sample,generation,ordered4,512,513,15,272,1.938336015,2.136600000,0.081000000,0.021700000
sample,generation,ordered4,512,514,15,837,1.920672059,2.135200000,0.059800000,0.011300000
sample,generation,ordered4,512,515,15,351,1.927327991,2.438500000,0.068700000,0.016100000
sample,generation,ordered4,512,516,15,257,1.917855978,2.400500000,0.058900000,0.011100000
sample,generation,ordered4,512,517,15,1767,1.920063972,2.108800000,0.057700000,0.011000000
sample,generation,ordered4,512,518,15,4129,1.922399998,2.360200000,0.058100000,0.011500000
sample,generation,ordered4,512,519,15,510,1.952160001,2.472600000,0.096600000,0.012900000
sample,generation,ordered4,512,520,15,284,1.924224019,2.419700000,0.065300000,0.012700000
sample,generation,ordered4,512,521,15,3126,1.927968025,2.420400000,0.058500000,0.011100000
sample,generation,ordered4,512,522,15,1247,1.927647948,2.112000000,0.058700000,0.010800000
sample,generation,ordered4,512,523,15,38813,1.925887942,2.109000000,0.052900000,0.010900000
sample,generation,ordered4,512,524,15,411,1.925184011,2.271400000,0.051700000,0.010600000
sample,generation,ordered4,512,525,15,357,1.929056048,2.129700000,0.053600000,0.010400000
sample,generation,ordered4,512,526,15,1987,1.938400030,2.460700000,0.077500000,0.026500000
sample,generation,ordered4,512,527,15,287,1.938207984,2.436100000,0.069000000,0.014400000
sample,generation,original,512,512,15,558,1.629631996,1.972400000,0.069900000,0.013800000
sample,generation,original,512,513,15,272,1.656448007,1.878700000,0.109700000,0.031900000
sample,generation,original,512,514,15,837,1.647583961,1.866400000,0.084100000,0.023600000
sample,generation,original,512,515,15,351,1.641824007,1.846100000,0.080500000,0.024300000
sample,generation,original,512,516,15,257,1.641952038,1.849800000,0.079400000,0.019400000
sample,generation,original,512,517,15,1767,1.627583981,1.834000000,0.062000000,0.013700000
sample,generation,original,512,518,15,4129,1.634431958,1.862600000,0.083300000,0.015900000
sample,generation,original,512,519,15,510,1.633280039,1.825600000,0.071500000,0.018600000
sample,generation,original,512,520,15,284,1.624447942,2.074500000,0.053900000,0.012200000
sample,generation,original,512,521,15,3126,1.635967970,1.844200000,0.090800000,0.016700000
sample,generation,original,512,522,15,1247,1.638911963,1.846000000,0.067500000,0.019200000
sample,generation,original,512,523,15,38813,1.632192016,1.822200000,0.064700000,0.015900000
sample,generation,original,512,524,15,411,1.632159948,1.913900000,0.063500000,0.014000000
sample,generation,original,512,525,15,357,1.640895963,1.842800000,0.065900000,0.013000000
sample,generation,original,512,526,15,1987,1.642655969,1.864700000,0.081700000,0.015400000
sample,generation,original,512,527,15,287,1.628543973,2.179400000,0.066100000,0.014300000
sample,generation,original,1007,1007,0,9106,1.946527958,2.141400000,0.068600000,0.014200000
sample,generation,original,1007,1008,0,3876,1.945727944,2.457700000,0.058100000,0.011100000
sample,generation,original,1007,1009,0,385,1.946303964,2.447600000,0.061500000,0.011400000
sample,generation,original,1007,1010,0,318,1.947775960,2.446000000,0.060300000,0.011100000
sample,generation,original,1007,1011,0,1043,1.947487950,2.149900000,0.058900000,0.011200000
sample,generation,original,1007,1012,0,287,1.957888007,2.186400000,0.069500000,0.017100000
sample,generation,original,1007,1013,0,262,1.955135942,2.183800000,0.066200000,0.013900000
sample,generation,original,1007,1014,0,2258,1.960991979,2.177100000,0.070600000,0.016000000
sample,generation,original,1007,1015,0,10596,1.947424054,2.294000000,0.054100000,0.011400000
sample,generation,original,1007,1016,0,10692,1.948447943,2.381000000,0.054600000,0.011800000
sample,generation,original,1007,1017,0,422,1.966719985,2.493500000,0.091200000,0.019500000
sample,generation,original,1007,1018,0,262,1.968639970,2.169600000,0.082400000,0.020900000
sample,generation,original,1007,1019,0,10183,1.951488018,2.166400000,0.062200000,0.011700000
sample,generation,original,1007,1020,0,19517,1.968063951,2.165600000,0.079400000,0.019500000
sample,generation,original,1007,1021,0,6896,1.955456018,2.432700000,0.061700000,0.011600000
sample,generation,original,1007,1022,0,284,1.967264056,2.475300000,0.067100000,0.015100000
sample,generation,ordered4,1007,1007,0,9106,2.527424097,2.719500000,0.062500000,0.013700000
sample,generation,ordered4,1007,1008,0,3876,2.526848078,2.715200000,0.057900000,0.010800000
sample,generation,ordered4,1007,1009,0,385,2.528959990,3.026500000,0.058100000,0.010900000
sample,generation,ordered4,1007,1010,0,318,2.533792019,2.718100000,0.057700000,0.010600000
sample,generation,ordered4,1007,1011,0,1043,2.528064013,2.717200000,0.054900000,0.012000000
sample,generation,ordered4,1007,1012,0,287,2.527328014,2.830700000,0.051600000,0.010700000
sample,generation,ordered4,1007,1013,0,262,2.572864056,2.792800000,0.108300000,0.033400000
sample,generation,ordered4,1007,1014,0,2258,2.551935911,2.757700000,0.083700000,0.020700000
sample,generation,ordered4,1007,1015,0,10596,2.533472061,3.029100000,0.064300000,0.012100000
sample,generation,ordered4,1007,1016,0,10692,2.538464069,2.727200000,0.064000000,0.011900000
sample,generation,ordered4,1007,1017,0,422,2.540319920,3.032000000,0.061100000,0.010900000
sample,generation,ordered4,1007,1018,0,262,2.542815924,3.028600000,0.058400000,0.010800000
sample,generation,ordered4,1007,1019,0,10183,2.554975986,3.019100000,0.080600000,0.019300000
sample,generation,ordered4,1007,1020,0,19517,2.545120001,2.739000000,0.064000000,0.013800000
sample,generation,ordered4,1007,1021,0,6896,2.543263912,2.733600000,0.059800000,0.011600000
sample,generation,ordered4,1007,1022,0,284,2.546591997,2.731900000,0.060500000,0.011100000
sample,generation,ordered4,1007,1007,1,9106,2.526367903,2.717600000,0.057700000,0.011200000
sample,generation,ordered4,1007,1008,1,3876,2.525887966,2.715700000,0.058500000,0.010800000
sample,generation,ordered4,1007,1009,1,385,2.530015945,2.938900000,0.058400000,0.011200000
sample,generation,ordered4,1007,1010,1,318,2.557152033,2.816500000,0.092800000,0.020800000
sample,generation,ordered4,1007,1011,1,1043,2.550368071,2.737200000,0.083100000,0.022800000
sample,generation,ordered4,1007,1012,1,287,2.541280031,2.734700000,0.063700000,0.016000000
sample,generation,ordered4,1007,1013,1,262,2.533056021,2.716000000,0.055800000,0.011400000
sample,generation,ordered4,1007,1014,1,2258,2.534080029,2.717000000,0.053700000,0.010900000
sample,generation,ordered4,1007,1015,1,10596,2.534176111,2.790900000,0.053500000,0.011100000
sample,generation,ordered4,1007,1016,1,10692,2.564928055,2.764300000,0.097800000,0.025300000
sample,generation,ordered4,1007,1017,1,422,2.542207956,2.720400000,0.060600000,0.013400000
sample,generation,ordered4,1007,1018,1,262,2.540159941,2.730200000,0.053900000,0.011000000
sample,generation,ordered4,1007,1019,1,10183,2.547712088,2.743800000,0.090100000,0.016400000
sample,generation,ordered4,1007,1020,1,19517,2.541791916,2.729900000,0.058500000,0.011800000
sample,generation,ordered4,1007,1021,1,6896,2.543488026,3.077600000,0.060600000,0.011800000
sample,generation,ordered4,1007,1022,1,284,2.555520058,2.885200000,0.091200000,0.017300000
sample,generation,original,1007,1007,1,9106,1.946591973,2.136400000,0.066000000,0.014800000
sample,generation,original,1007,1008,1,3876,1.943456054,2.295300000,0.054700000,0.011800000
sample,generation,original,1007,1009,1,385,1.947903991,2.298200000,0.054400000,0.011200000
sample,generation,original,1007,1010,1,318,1.946143985,2.295800000,0.051800000,0.010700000
sample,generation,original,1007,1011,1,1043,1.944319963,2.291400000,0.052800000,0.011100000
sample,generation,original,1007,1012,1,287,1.944640040,2.192500000,0.052400000,0.010900000
sample,generation,original,1007,1013,1,262,1.974336028,2.168400000,0.084000000,0.023800000
sample,generation,original,1007,1014,1,2258,1.962144017,2.191100000,0.074400000,0.016900000
sample,generation,original,1007,1015,1,10596,1.947839975,2.157400000,0.061800000,0.012000000
sample,generation,original,1007,1016,1,10692,1.948127985,2.262700000,0.063600000,0.012700000
sample,generation,original,1007,1017,1,422,1.956608057,2.458400000,0.065500000,0.014800000
sample,generation,original,1007,1018,1,262,1.953312039,2.449000000,0.059900000,0.012100000
sample,generation,original,1007,1019,1,10183,1.953472018,2.184400000,0.058200000,0.010700000
sample,generation,original,1007,1020,1,19517,1.961632013,2.180900000,0.076100000,0.016200000
sample,generation,original,1007,1021,1,6896,1.969344020,2.480800000,0.072300000,0.016400000
sample,generation,original,1007,1022,1,284,1.967167974,2.185500000,0.076500000,0.017400000
sample,generation,original,1007,1007,2,9106,1.947487950,2.178800000,0.065500000,0.016800000
sample,generation,original,1007,1008,2,3876,1.950368047,2.452400000,0.072000000,0.016100000
sample,generation,original,1007,1009,2,385,1.949887991,2.425700000,0.069800000,0.013600000
sample,generation,original,1007,1010,2,318,1.950144053,2.151700000,0.069000000,0.012500000
sample,generation,original,1007,1011,2,1043,1.946400046,2.147600000,0.059200000,0.012600000
sample,generation,original,1007,1012,2,287,1.966624022,2.433100000,0.103800000,0.023300000
sample,generation,original,1007,1013,2,262,1.952064037,2.305500000,0.064800000,0.011900000
sample,generation,original,1007,1014,2,2258,1.964095950,2.136700000,0.087400000,0.019400000
sample,generation,original,1007,1015,2,10596,1.965791941,2.182900000,0.071000000,0.023500000
sample,generation,original,1007,1016,2,10692,1.967167974,2.193800000,0.079500000,0.022700000
sample,generation,original,1007,1017,2,422,1.989632010,2.207600000,0.088900000,0.027000000
sample,generation,original,1007,1018,2,262,1.962335944,2.169100000,0.067700000,0.016600000
sample,generation,original,1007,1019,2,10183,1.953055978,2.160100000,0.064500000,0.015300000
sample,generation,original,1007,1020,2,19517,1.974303961,2.167400000,0.081600000,0.023300000
sample,generation,original,1007,1021,2,6896,1.962432027,2.165600000,0.079900000,0.016000000
sample,generation,original,1007,1022,2,284,1.962847948,2.166300000,0.057600000,0.013600000
sample,generation,ordered4,1007,1007,2,9106,2.530143976,2.740800000,0.070400000,0.013800000
sample,generation,ordered4,1007,1008,2,3876,2.532576084,3.097900000,0.068700000,0.015300000
sample,generation,ordered4,1007,1009,2,385,2.535264015,3.049400000,0.074200000,0.014800000
sample,generation,ordered4,1007,1010,2,318,2.533344030,2.752000000,0.059600000,0.010700000
sample,generation,ordered4,1007,1011,2,1043,2.531519890,2.720900000,0.065900000,0.012700000
sample,generation,ordered4,1007,1012,2,287,2.529216051,2.993100000,0.061200000,0.011200000
sample,generation,ordered4,1007,1013,2,262,2.579071999,2.823700000,0.109300000,0.040200000
sample,generation,ordered4,1007,1014,2,2258,2.569504023,2.811100000,0.102800000,0.030900000
sample,generation,ordered4,1007,1015,2,10596,2.546943903,2.727200000,0.096800000,0.019800000
sample,generation,ordered4,1007,1016,2,10692,2.536288023,2.882900000,0.054200000,0.011400000
sample,generation,ordered4,1007,1017,2,422,2.559967995,3.084400000,0.113600000,0.026200000
sample,generation,ordered4,1007,1018,2,262,2.545248032,2.778100000,0.069500000,0.013800000
sample,generation,ordered4,1007,1019,2,10183,2.546367884,3.054500000,0.070300000,0.015400000
sample,generation,ordered4,1007,1020,2,19517,2.542880058,2.887600000,0.063200000,0.012500000
sample,generation,ordered4,1007,1021,2,6896,2.545120001,3.046600000,0.060300000,0.011800000
sample,generation,ordered4,1007,1022,2,284,2.545887947,3.025000000,0.058800000,0.011100000
sample,generation,ordered4,1007,1007,3,9106,2.526112080,2.881200000,0.058000000,0.011100000
sample,generation,ordered4,1007,1008,3,3876,2.526976109,2.722500000,0.053400000,0.010900000
sample,generation,ordered4,1007,1009,3,385,2.539391994,2.728900000,0.091700000,0.015700000
sample,generation,ordered4,1007,1010,3,318,2.531264067,2.714100000,0.054400000,0.011300000
sample,generation,ordered4,1007,1011,3,1043,2.527199984,2.711300000,0.052700000,0.010900000
sample,generation,ordered4,1007,1012,3,287,2.528448105,2.710300000,0.052500000,0.011000000
sample,generation,ordered4,1007,1013,3,262,2.533951998,2.814000000,0.052000000,0.010900000
sample,generation,ordered4,1007,1014,3,2258,2.569312096,2.776600000,0.102200000,0.029400000
sample,generation,ordered4,1007,1015,3,10596,2.549024105,2.745600000,0.073600000,0.018800000
sample,generation,ordered4,1007,1016,3,10692,2.536639929,2.763700000,0.061200000,0.012000000
sample,generation,ordered4,1007,1017,3,422,2.544640064,2.736300000,0.072600000,0.016300000
sample,generation,ordered4,1007,1018,3,262,2.539711952,3.034600000,0.059600000,0.011300000
sample,generation,ordered4,1007,1019,3,10183,2.540672064,3.022800000,0.058500000,0.011300000
sample,generation,ordered4,1007,1020,3,19517,2.552063942,2.770700000,0.074900000,0.018000000
sample,generation,ordered4,1007,1021,3,6896,2.546528101,2.738000000,0.060300000,0.013800000
sample,generation,ordered4,1007,1022,3,284,2.547967911,2.760600000,0.055700000,0.012400000
sample,generation,original,1007,1007,3,9106,1.967679977,2.184800000,0.094700000,0.027600000
sample,generation,original,1007,1008,3,3876,1.952352047,2.162000000,0.062200000,0.014200000
sample,generation,original,1007,1009,3,385,1.972864032,2.189000000,0.088000000,0.028400000
sample,generation,original,1007,1010,3,318,1.952800035,2.174900000,0.063100000,0.014600000
sample,generation,original,1007,1011,3,1043,1.951200008,2.152200000,0.067500000,0.015600000
sample,generation,original,1007,1012,3,287,1.948351979,2.154400000,0.062300000,0.013100000
sample,generation,original,1007,1013,3,262,1.953376055,2.165600000,0.064000000,0.014200000
sample,generation,original,1007,1014,3,2258,1.961599946,2.143200000,0.067400000,0.017400000
sample,generation,original,1007,1015,3,10596,1.948223948,2.130600000,0.054700000,0.011800000
sample,generation,original,1007,1016,3,10692,1.953824043,2.408000000,0.055100000,0.011600000
sample,generation,original,1007,1017,3,422,1.954975963,2.242500000,0.062800000,0.013700000
sample,generation,original,1007,1018,3,262,1.956511974,2.429400000,0.073800000,0.014200000
sample,generation,original,1007,1019,3,10183,1.959872007,2.199800000,0.077700000,0.016800000
sample,generation,original,1007,1020,3,19517,1.967360020,2.465600000,0.075600000,0.014500000
sample,generation,original,1007,1021,3,6896,1.962975979,2.176400000,0.071800000,0.015400000
sample,generation,original,1007,1022,3,284,1.960512042,2.163700000,0.073100000,0.013300000
sample,generation,original,1007,1007,4,9106,1.942271948,2.244200000,0.066200000,0.012900000
sample,generation,original,1007,1008,4,3876,1.993855953,2.346000000,0.130400000,0.042400000
sample,generation,original,1007,1009,4,385,1.999392033,2.393600000,0.133200000,0.040700000
sample,generation,original,1007,1010,4,318,1.952031970,2.163200000,0.064800000,0.013900000
sample,generation,original,1007,1011,4,1043,1.957823992,2.444600000,0.071600000,0.018900000
sample,generation,original,1007,1012,4,287,1.953312039,2.205400000,0.075500000,0.016100000
sample,generation,original,1007,1013,4,262,1.960096002,2.173300000,0.091400000,0.017600000
sample,generation,original,1007,1014,4,2258,1.954815984,2.445800000,0.061500000,0.013800000
sample,generation,original,1007,1015,4,10596,1.948351979,2.138400000,0.060900000,0.011500000
sample,generation,original,1007,1016,4,10692,1.946943998,2.404200000,0.068700000,0.011100000
sample,generation,original,1007,1017,4,422,1.953951955,2.168600000,0.062300000,0.011400000
sample,generation,original,1007,1018,4,262,1.956640005,2.173500000,0.066200000,0.012600000
sample,generation,original,1007,1019,4,10183,1.982112050,2.526700000,0.128300000,0.026800000
sample,generation,original,1007,1020,4,19517,1.960991979,2.150700000,0.102400000,0.019200000
sample,generation,original,1007,1021,4,6896,1.952927947,2.166900000,0.058000000,0.010900000
sample,generation,original,1007,1022,4,284,1.964128017,2.370600000,0.067600000,0.013000000
sample,generation,ordered4,1007,1007,4,9106,2.524415970,2.873800000,0.053000000,0.010800000
sample,generation,ordered4,1007,1008,4,3876,2.526560068,2.719000000,0.054000000,0.010700000
sample,generation,ordered4,1007,1009,4,385,2.538655996,2.729600000,0.062800000,0.015700000
sample,generation,ordered4,1007,1010,4,318,2.532032013,2.733600000,0.055200000,0.011600000
sample,generation,ordered4,1007,1011,4,1043,2.542367935,2.736800000,0.066500000,0.017100000
sample,generation,ordered4,1007,1012,4,287,2.544640064,2.737100000,0.066800000,0.017700000
sample,generation,ordered4,1007,1013,4,262,2.535615921,2.862800000,0.055100000,0.011600000
sample,generation,ordered4,1007,1014,4,2258,2.555808067,3.145700000,0.075900000,0.020900000
sample,generation,ordered4,1007,1015,4,10596,2.546911955,2.731200000,0.069300000,0.018200000
sample,generation,ordered4,1007,1016,4,10692,2.544320107,2.736200000,0.063200000,0.015000000
sample,generation,ordered4,1007,1017,4,422,2.548671961,2.741600000,0.066500000,0.015700000
sample,generation,ordered4,1007,1018,4,262,2.539488077,2.724600000,0.059300000,0.011300000
sample,generation,ordered4,1007,1019,4,10183,2.537823915,2.986200000,0.059000000,0.011400000
sample,generation,ordered4,1007,1020,4,19517,2.552000046,2.937600000,0.074400000,0.018000000
sample,generation,ordered4,1007,1021,4,6896,2.569439888,2.928700000,0.106600000,0.023900000
sample,generation,ordered4,1007,1022,4,284,2.572000027,2.809300000,0.102300000,0.025900000
sample,generation,ordered4,1007,1007,5,9106,2.538239956,2.964100000,0.073000000,0.017900000
sample,generation,ordered4,1007,1008,5,3876,2.533951998,3.033000000,0.068600000,0.013500000
sample,generation,ordered4,1007,1009,5,385,2.530400038,2.730800000,0.060300000,0.011100000
sample,generation,ordered4,1007,1010,5,318,2.541984081,3.046000000,0.069500000,0.016500000
sample,generation,ordered4,1007,1011,5,1043,2.534271955,2.907300000,0.062400000,0.012300000
sample,generation,ordered4,1007,1012,5,287,2.528896093,2.744800000,0.053600000,0.011400000
sample,generation,ordered4,1007,1013,5,262,2.564512014,2.898900000,0.090300000,0.025900000
sample,generation,ordered4,1007,1014,5,2258,2.553407907,3.012900000,0.088700000,0.023100000
sample,generation,ordered4,1007,1015,5,10596,2.533727884,3.028800000,0.064200000,0.012400000
sample,generation,ordered4,1007,1016,5,10692,2.536607981,2.733200000,0.063300000,0.011800000
sample,generation,ordered4,1007,1017,5,422,2.541280031,3.074900000,0.060800000,0.011300000
sample,generation,ordered4,1007,1018,5,262,2.547199965,2.739900000,0.061600000,0.013500000
sample,generation,ordered4,1007,1019,5,10183,2.538592100,3.040100000,0.058800000,0.011100000
sample,generation,ordered4,1007,1020,5,19517,2.545567989,3.040500000,0.069600000,0.014500000
sample,generation,ordered4,1007,1021,5,6896,2.545504093,3.065200000,0.060200000,0.011000000
sample,generation,ordered4,1007,1022,5,284,2.549247980,2.968900000,0.067500000,0.013900000
sample,generation,original,1007,1007,5,9106,1.938464046,2.258400000,0.059500000,0.011000000
sample,generation,original,1007,1008,5,3876,1.987488031,2.209900000,0.123900000,0.035600000
sample,generation,original,1007,1009,5,385,1.953088045,2.143400000,0.072500000,0.015800000
sample,generation,original,1007,1010,5,318,1.946655989,2.161000000,0.059100000,0.011500000
sample,generation,original,1007,1011,5,1043,1.945664048,2.442700000,0.060900000,0.011700000
sample,generation,original,1007,1012,5,287,1.948415995,2.445200000,0.060800000,0.011800000
sample,generation,original,1007,1013,5,262,1.951936007,2.447300000,0.059700000,0.011200000
sample,generation,original,1007,1014,5,2258,1.950688004,2.138000000,0.057500000,0.010800000
sample,generation,original,1007,1015,5,10596,1.955647945,2.175300000,0.087800000,0.015500000
sample,generation,original,1007,1016,5,10692,1.961791992,2.153400000,0.069600000,0.018000000
sample,generation,original,1007,1017,5,422,1.951135993,2.134700000,0.055000000,0.011300000
sample,generation,original,1007,1018,5,262,1.951455951,2.302200000,0.054000000,0.011000000
sample,generation,original,1007,1019,5,10183,1.950431943,2.140200000,0.056100000,0.010800000
sample,generation,original,1007,1020,5,19517,1.957023978,2.145600000,0.060200000,0.014500000
sample,generation,original,1007,1021,5,6896,1.954399943,2.130100000,0.055000000,0.011900000
sample,generation,original,1007,1022,5,284,1.958464026,2.152600000,0.054000000,0.011200000
sample,generation,original,1007,1007,6,9106,1.966624022,3.231600000,0.086500000,0.025400000
sample,generation,original,1007,1008,6,3876,1.965407968,2.467400000,0.092800000,0.025400000
sample,generation,original,1007,1009,6,385,1.958783984,2.171200000,0.074700000,0.018300000
sample,generation,original,1007,1010,6,318,1.948287964,2.441400000,0.061600000,0.012100000
sample,generation,original,1007,1011,6,1043,1.944512010,2.476100000,0.060300000,0.010800000
sample,generation,original,1007,1012,6,287,1.952703953,2.139500000,0.067500000,0.013800000
sample,generation,original,1007,1013,6,262,1.949695945,2.479300000,0.059700000,0.011100000
sample,generation,original,1007,1014,6,2258,1.960639954,2.466400000,0.068300000,0.016200000
sample,generation,original,1007,1015,6,10596,1.946015954,2.339300000,0.060400000,0.011500000
sample,generation,original,1007,1016,6,10692,1.946912050,2.294000000,0.053000000,0.010900000
sample,generation,original,1007,1017,6,422,1.957119942,2.306400000,0.060900000,0.015300000
sample,generation,original,1007,1018,6,262,1.954463959,2.140500000,0.054900000,0.011400000
sample,generation,original,1007,1019,6,10183,1.956704021,2.132100000,0.077000000,0.016100000
sample,generation,original,1007,1020,6,19517,1.951040030,2.157400000,0.052300000,0.011100000
sample,generation,original,1007,1021,6,6896,1.971935987,2.161800000,0.071500000,0.017700000
sample,generation,original,1007,1022,6,284,1.960736036,2.140900000,0.054900000,0.012400000
sample,generation,ordered4,1007,1007,6,9106,2.523583889,2.702900000,0.054100000,0.011000000
sample,generation,ordered4,1007,1008,6,3876,2.525952101,2.706300000,0.052700000,0.010900000
sample,generation,ordered4,1007,1009,6,385,2.527199984,2.790600000,0.052800000,0.010900000
sample,generation,ordered4,1007,1010,6,318,2.549376011,3.563000000,0.082600000,0.021800000
sample,generation,ordered4,1007,1011,6,1043,2.551552057,2.786400000,0.084100000,0.025700000
sample,generation,ordered4,1007,1012,6,287,2.551743984,3.049100000,0.083500000,0.024600000
sample,generation,ordered4,1007,1013,6,262,2.540416002,3.069600000,0.075100000,0.014900000
sample,generation,ordered4,1007,1014,6,2258,2.551903963,3.074300000,0.084200000,0.020100000
sample,generation,ordered4,1007,1015,6,10596,2.539936066,3.042300000,0.074000000,0.014500000
sample,generation,ordered4,1007,1016,6,10692,2.543679953,2.766600000,0.073600000,0.016000000
sample,generation,ordered4,1007,1017,6,422,2.549823999,3.071000000,0.078400000,0.018500000
sample,generation,ordered4,1007,1018,6,262,2.577343941,3.081600000,0.112500000,0.028800000
sample,generation,ordered4,1007,1019,6,10183,2.571552038,3.144100000,0.106200000,0.032000000
sample,generation,ordered4,1007,1020,6,19517,2.591007948,2.824800000,0.124900000,0.045300000
sample,generation,ordered4,1007,1021,6,6896,2.568639994,2.880100000,0.083900000,0.026300000
sample,generation,ordered4,1007,1022,6,284,2.577856064,2.805200000,0.087300000,0.026900000
sample,generation,ordered4,1007,1007,7,9106,2.527967930,3.005300000,0.061300000,0.011900000
sample,generation,ordered4,1007,1008,7,3876,2.538367987,3.038600000,0.083800000,0.020400000
sample,generation,ordered4,1007,1009,7,385,2.533888102,3.033600000,0.088100000,0.013900000
sample,generation,ordered4,1007,1010,7,318,2.541152000,3.065000000,0.090500000,0.015900000
sample,generation,ordered4,1007,1011,7,1043,2.536992073,3.039500000,0.066500000,0.015600000
sample,generation,ordered4,1007,1012,7,287,2.538527966,3.046600000,0.066500000,0.015100000
sample,generation,ordered4,1007,1013,7,262,2.534879923,3.028700000,0.059800000,0.011500000
sample,generation,ordered4,1007,1014,7,2258,2.536767960,2.740000000,0.057600000,0.011100000
sample,generation,ordered4,1007,1015,7,10596,2.531552076,2.735800000,0.052400000,0.010700000
sample,generation,ordered4,1007,1016,7,10692,2.557471991,2.746900000,0.071200000,0.014800000
sample,generation,ordered4,1007,1017,7,422,2.537503958,2.720400000,0.054100000,0.011600000
sample,generation,ordered4,1007,1018,7,262,2.540384054,2.723600000,0.052800000,0.010900000
sample,generation,ordered4,1007,1019,7,10183,2.536319971,2.719100000,0.052500000,0.010900000
sample,generation,ordered4,1007,1020,7,19517,2.540224075,2.723800000,0.052400000,0.010700000
sample,generation,ordered4,1007,1021,7,6896,2.542687893,2.824500000,0.052200000,0.010600000
sample,generation,ordered4,1007,1022,7,284,2.583296061,2.778400000,0.107500000,0.023200000
sample,generation,original,1007,1007,7,9106,1.940896034,2.123400000,0.054000000,0.011200000
sample,generation,original,1007,1008,7,3876,1.943007946,2.123700000,0.051800000,0.010600000
sample,generation,original,1007,1009,7,385,1.944928050,2.162700000,0.053300000,0.011300000
sample,generation,original,1007,1010,7,318,1.985056043,2.254700000,0.101400000,0.024900000
sample,generation,original,1007,1011,7,1043,1.967903972,2.263100000,0.083700000,0.024000000
sample,generation,original,1007,1012,7,287,1.968512058,2.469900000,0.084200000,0.022000000
sample,generation,original,1007,1013,7,262,1.960224032,2.155100000,0.092000000,0.015900000
sample,generation,original,1007,1014,7,2258,1.951519966,2.451000000,0.060900000,0.011600000
sample,generation,original,1007,1015,7,10596,1.948511958,2.441600000,0.062200000,0.011900000
sample,generation,original,1007,1016,7,10692,1.947999954,2.387100000,0.059900000,0.011000000
sample,generation,original,1007,1017,7,422,1.976959944,2.549600000,0.261100000,0.023500000
sample,generation,original,1007,1018,7,262,1.977856040,2.177100000,0.086600000,0.022000000
sample,generation,original,1007,1019,7,10183,1.953215957,2.140400000,0.062800000,0.012000000
sample,generation,original,1007,1020,7,19517,1.952288032,2.146200000,0.062200000,0.013000000
sample,generation,original,1007,1021,7,6896,1.955872059,2.448700000,0.058800000,0.011000000
sample,generation,original,1007,1022,7,284,1.961503983,2.456600000,0.059800000,0.011600000
sample,generation,original,1007,1007,8,9106,1.942911983,2.434300000,0.061000000,0.011600000
sample,generation,original,1007,1008,8,3876,1.942559958,2.133300000,0.057100000,0.011000000
sample,generation,original,1007,1009,8,385,1.946496010,2.444100000,0.058100000,0.010900000
sample,generation,original,1007,1010,8,318,1.948672056,2.449100000,0.057800000,0.010600000
sample,generation,original,1007,1011,8,1043,1.945791960,2.145600000,0.089500000,0.010600000
sample,generation,original,1007,1012,8,287,1.953760028,2.312100000,0.067400000,0.016200000
sample,generation,original,1007,1013,8,262,1.948447943,2.131600000,0.054100000,0.011200000
sample,generation,original,1007,1014,8,2258,1.950783968,2.302300000,0.054400000,0.011200000
sample,generation,original,1007,1015,8,10596,1.943807960,2.294500000,0.052300000,0.010700000
sample,generation,original,1007,1016,8,10692,1.947679996,2.131300000,0.053500000,0.010800000
sample,generation,original,1007,1017,8,422,1.948896050,2.295700000,0.054800000,0.011000000
sample,generation,original,1007,1018,8,262,1.950047970,2.433300000,0.051500000,0.010800000
sample,generation,original,1007,1019,8,10183,2.143903971,2.416000000,0.430000000,0.118700000
sample,generation,original,1007,1020,8,19517,1.952383995,2.133400000,0.054300000,0.011400000
sample,generation,original,1007,1021,8,6896,1.954112053,2.181100000,0.052400000,0.011100000
sample,generation,original,1007,1022,8,284,1.974207997,2.188100000,0.085600000,0.021800000
sample,generation,ordered4,1007,1007,8,9106,2.526560068,2.777000000,0.060600000,0.011200000
sample,generation,ordered4,1007,1008,8,3876,2.539488077,2.765500000,0.073600000,0.018300000
sample,generation,ordered4,1007,1009,8,385,2.547039986,2.894800000,0.081100000,0.020400000
sample,generation,ordered4,1007,1010,8,318,2.576319933,2.816400000,0.132500000,0.036700000
sample,generation,ordered4,1007,1011,8,1043,2.564671993,2.834400000,0.106300000,0.025600000
sample,generation,ordered4,1007,1012,8,287,2.549279928,2.772000000,0.087800000,0.023100000
sample,generation,ordered4,1007,1013,8,262,2.539680004,3.036900000,0.074400000,0.014700000
sample,generation,ordered4,1007,1014,8,2258,2.553920031,3.051000000,0.114400000,0.024600000
sample,generation,ordered4,1007,1015,8,10596,2.543200016,3.169000000,0.079800000,0.016700000
sample,generation,ordered4,1007,1016,8,10692,2.563424110,3.061800000,0.105200000,0.029200000
sample,generation,ordered4,1007,1017,8,422,2.568223953,2.814800000,0.085900000,0.018700000
sample,generation,ordered4,1007,1018,8,262,2.557087898,2.785400000,0.086900000,0.024400000
sample,generation,ordered4,1007,1019,8,10183,2.556864023,2.768900000,0.075800000,0.023100000
sample,generation,ordered4,1007,1020,8,19517,2.570496082,2.827300000,0.090400000,0.029900000
sample,generation,ordered4,1007,1021,8,6896,2.608288050,2.938200000,0.130100000,0.053900000
sample,generation,ordered4,1007,1022,8,284,2.623167992,2.878600000,0.151200000,0.062900000
sample,generation,ordered4,1007,1007,9,9106,2.527008057,3.013000000,0.067300000,0.013400000
sample,generation,ordered4,1007,1008,9,3876,2.535423994,3.009900000,0.072400000,0.017900000
sample,generation,ordered4,1007,1009,9,385,2.534271955,3.022700000,0.068500000,0.013000000
sample,generation,ordered4,1007,1010,9,318,2.541152000,2.764500000,0.084700000,0.016700000
sample,generation,ordered4,1007,1011,9,1043,2.534176111,2.756300000,0.068400000,0.013400000
sample,generation,ordered4,1007,1012,9,287,2.544127941,3.033400000,0.075200000,0.019500000
sample,generation,ordered4,1007,1013,9,262,2.572896004,3.090500000,0.101500000,0.041500000
sample,generation,ordered4,1007,1014,9,2258,2.554111958,2.770900000,0.088000000,0.021500000
sample,generation,ordered4,1007,1015,9,10596,2.547199965,3.031700000,0.067400000,0.017300000
sample,generation,ordered4,1007,1016,9,10692,2.538912058,3.016400000,0.067000000,0.013300000
sample,generation,ordered4,1007,1017,9,422,2.541215897,3.027400000,0.067700000,0.012800000
sample,generation,ordered4,1007,1018,9,262,2.545151949,3.024600000,0.066800000,0.013400000
sample,generation,ordered4,1007,1019,9,10183,2.550591946,3.086500000,0.079700000,0.019600000
sample,generation,ordered4,1007,1020,9,19517,2.556767941,2.780800000,0.084000000,0.021300000
sample,generation,ordered4,1007,1021,9,6896,2.577183962,2.804400000,0.097500000,0.032700000
sample,generation,ordered4,1007,1022,9,284,2.561151981,2.795600000,0.071900000,0.020000000
sample,generation,original,1007,1007,9,9106,1.939231992,2.127600000,0.056800000,0.011100000
sample,generation,original,1007,1008,9,3876,1.941408038,2.131100000,0.056700000,0.010800000
sample,generation,original,1007,1009,9,385,1.944224000,2.127500000,0.057600000,0.010800000
sample,generation,original,1007,1010,9,318,1.947167993,2.229400000,0.052500000,0.010800000
sample,generation,original,1007,1011,9,1043,1.969087958,2.169500000,0.086900000,0.024500000
sample,generation,original,1007,1012,9,287,1.955487967,2.151100000,0.091400000,0.016700000
sample,generation,original,1007,1013,9,262,1.951712012,2.139400000,0.059200000,0.011900000
sample,generation,original,1007,1014,9,2258,1.951904058,2.149600000,0.058000000,0.011200000
sample,generation,original,1007,1015,9,10596,1.952927947,2.149100000,0.067000000,0.015800000
sample,generation,original,1007,1016,9,10692,1.949247956,2.137200000,0.058300000,0.011400000
sample,generation,original,1007,1017,9,422,1.950816035,2.166600000,0.057000000,0.011100000
sample,generation,original,1007,1018,9,262,1.973664045,2.540500000,0.091700000,0.015700000
sample,generation,original,1007,1019,9,10183,1.963328004,2.460100000,0.100100000,0.019900000
sample,generation,original,1007,1020,9,19517,1.953951955,2.155700000,0.059400000,0.012100000
sample,generation,original,1007,1021,9,6896,1.962175965,2.152300000,0.061900000,0.016200000
sample,generation,original,1007,1022,9,284,1.957440019,2.455300000,0.058800000,0.011200000
sample,generation,original,1007,1007,10,9106,1.952448010,2.438300000,0.097800000,0.015300000
sample,generation,original,1007,1008,10,3876,1.962208033,2.561100000,0.121300000,0.025900000
sample,generation,original,1007,1009,10,385,1.952672005,2.170600000,0.073600000,0.016500000
sample,generation,original,1007,1010,10,318,1.958207965,2.452200000,0.071200000,0.015500000
sample,generation,original,1007,1011,10,1043,1.946784019,2.270900000,0.061700000,0.011200000
sample,generation,original,1007,1012,10,287,1.948223948,2.143100000,0.061400000,0.012100000
sample,generation,original,1007,1013,10,262,1.949056029,2.444300000,0.059500000,0.011100000
sample,generation,original,1007,1014,10,2258,1.954879999,2.453200000,0.060400000,0.012000000
sample,generation,original,1007,1015,10,10596,1.975136042,2.199100000,0.097800000,0.025900000
sample,generation,original,1007,1016,10,10692,1.953279972,2.460300000,0.065100000,0.014900000
sample,generation,original,1007,1017,10,422,1.960736036,2.176900000,0.074500000,0.016400000
sample,generation,original,1007,1018,10,262,1.966879964,2.470900000,0.105700000,0.018500000
sample,generation,original,1007,1019,10,10183,1.950816035,2.450300000,0.061700000,0.011800000
sample,generation,original,1007,1020,10,19517,1.955263972,2.472400000,0.073500000,0.011600000
sample,generation,original,1007,1021,10,6896,1.963296056,2.471300000,0.065900000,0.014700000
sample,generation,original,1007,1022,10,284,1.959103942,2.458000000,0.059600000,0.011500000
sample,generation,ordered4,1007,1007,10,9106,2.528352022,2.787400000,0.061200000,0.013800000
sample,generation,ordered4,1007,1008,10,3876,2.559743881,3.113700000,0.098700000,0.029600000
sample,generation,ordered4,1007,1009,10,385,2.579904079,2.816100000,0.125600000,0.043200000
sample,generation,ordered4,1007,1010,10,318,2.548640013,2.762800000,0.076300000,0.021300000
sample,generation,ordered4,1007,1011,10,1043,2.533983946,2.716900000,0.064600000,0.014800000
sample,generation,ordered4,1007,1012,10,287,2.533727884,2.755700000,0.057300000,0.013600000
sample,generation,ordered4,1007,1013,10,262,2.539135933,2.731100000,0.062500000,0.014200000
sample,generation,ordered4,1007,1014,10,2258,2.539423943,2.816500000,0.058700000,0.011600000
sample,generation,ordered4,1007,1015,10,10596,2.550431967,3.088500000,0.070600000,0.016400000
sample,generation,ordered4,1007,1016,10,10692,2.541599989,2.744200000,0.071900000,0.015500000
sample,generation,ordered4,1007,1017,10,422,2.543008089,2.800400000,0.062400000,0.014500000
sample,generation,ordered4,1007,1018,10,262,2.545120001,2.757200000,0.069800000,0.014500000
sample,generation,ordered4,1007,1019,10,10183,2.541759968,2.752900000,0.060000000,0.013000000
sample,generation,ordered4,1007,1020,10,19517,2.559711933,2.772000000,0.083000000,0.021600000
sample,generation,ordered4,1007,1021,10,6896,2.547359943,2.786400000,0.060600000,0.013000000
sample,generation,ordered4,1007,1022,10,284,2.573663950,2.773400000,0.090300000,0.029100000
sample,generation,ordered4,1007,1007,11,9106,2.536159992,2.752600000,0.069200000,0.016100000
sample,generation,ordered4,1007,1008,11,3876,2.555711985,2.859300000,0.073100000,0.019500000
sample,generation,ordered4,1007,1009,11,385,2.546207905,2.757000000,0.076300000,0.018700000
sample,generation,ordered4,1007,1010,11,318,2.540960073,3.028500000,0.103900000,0.016600000
sample,generation,ordered4,1007,1011,11,1043,2.534463882,2.763700000,0.070900000,0.013400000
sample,generation,ordered4,1007,1012,11,287,2.564320087,2.813200000,0.094500000,0.028300000
sample,generation,ordered4,1007,1013,11,262,2.576895952,2.765700000,0.091900000,0.024500000
sample,generation,ordered4,1007,1014,11,2258,2.540191889,3.022000000,0.061200000,0.012600000
sample,generation,ordered4,1007,1015,11,10596,2.542144060,2.970700000,0.077000000,0.017200000
sample,generation,ordered4,1007,1016,11,10692,2.560544014,2.789300000,0.085000000,0.025000000
sample,generation,ordered4,1007,1017,11,422,2.569727898,2.793400000,0.089900000,0.028900000
sample,generation,ordered4,1007,1018,11,262,2.570656061,3.056400000,0.093400000,0.031400000
sample,generation,ordered4,1007,1019,11,10183,2.549247980,2.764900000,0.081800000,0.018800000
sample,generation,ordered4,1007,1020,11,19517,2.547712088,2.730400000,0.065400000,0.015500000
sample,generation,ordered4,1007,1021,11,6896,2.539648056,2.730400000,0.054000000,0.011400000
sample,generation,ordered4,1007,1022,11,284,2.543103933,2.754400000,0.060600000,0.011000000
sample,generation,original,1007,1007,11,9106,1.939679980,2.163500000,0.053400000,0.011100000
sample,generation,original,1007,1008,11,3876,1.977504015,3.003700000,0.088000000,0.019600000
sample,generation,original,1007,1009,11,385,1.960160017,2.145800000,0.065700000,0.018400000
sample,generation,original,1007,1010,11,318,1.949023962,2.135900000,0.054500000,0.012500000
sample,generation,original,1007,1011,11,1043,1.945695996,2.130100000,0.058300000,0.011600000
sample,generation,original,1007,1012,11,287,1.946400046,2.135700000,0.059500000,0.011300000
sample,generation,original,1007,1013,11,262,1.950144053,2.137700000,0.059300000,0.011700000
sample,generation,original,1007,1014,11,2258,1.951264024,2.204400000,0.057900000,0.011200000
sample,generation,original,1007,1015,11,10596,1.964864016,2.162300000,0.064200000,0.012700000
sample,generation,original,1007,1016,11,10692,1.952448010,2.168900000,0.061900000,0.012700000
sample,generation,original,1007,1017,11,422,1.954272032,2.146700000,0.057100000,0.010900000
sample,generation,original,1007,1018,11,262,1.954848051,2.144500000,0.058400000,0.011100000
sample,generation,original,1007,1019,11,10183,1.953055978,2.438300000,0.058500000,0.011900000
sample,generation,original,1007,1020,11,19517,1.951552033,2.447300000,0.059500000,0.011400000
sample,generation,original,1007,1021,11,6896,1.955935955,2.159600000,0.056600000,0.010900000
sample,generation,original,1007,1022,11,284,1.973376036,2.214100000,0.074100000,0.020800000
sample,generation,original,1007,1007,12,9106,1.943807960,2.133400000,0.059600000,0.014500000
sample,generation,original,1007,1008,12,3876,1.942911983,2.120400000,0.054500000,0.011300000
sample,generation,original,1007,1009,12,385,1.945183992,2.137900000,0.053200000,0.011400000
sample,generation,original,1007,1010,12,318,1.954591990,2.144400000,0.061500000,0.015300000
sample,generation,original,1007,1011,12,1043,1.949792027,2.134200000,0.055500000,0.012300000
sample,generation,original,1007,1012,12,287,1.948160052,2.131600000,0.052900000,0.011200000
sample,generation,original,1007,1013,12,262,1.949087977,2.130900000,0.053800000,0.011000000
sample,generation,original,1007,1014,12,2258,1.951519966,2.134700000,0.053300000,0.011000000
sample,generation,original,1007,1015,12,10596,1.946336031,2.128500000,0.052400000,0.011200000
sample,generation,original,1007,1016,12,10692,1.946079969,2.131300000,0.052700000,0.010800000
sample,generation,original,1007,1017,12,422,1.949920058,2.468000000,0.056100000,0.010800000
sample,generation,original,1007,1018,12,262,1.974655986,2.346200000,0.088900000,0.022400000
sample,generation,original,1007,1019,12,10183,1.972736001,2.166700000,0.083900000,0.025100000
sample,generation,original,1007,1020,12,19517,1.955744028,2.452100000,0.060500000,0.011500000
sample,generation,original,1007,1021,12,6896,1.957471967,2.456500000,0.061800000,0.011300000
sample,generation,original,1007,1022,12,284,1.958080053,2.453400000,0.062300000,0.011400000
sample,generation,ordered4,1007,1007,12,9106,2.536031961,3.014000000,0.106700000,0.018300000
sample,generation,ordered4,1007,1008,12,3876,2.533823967,2.754600000,0.072600000,0.017900000
sample,generation,ordered4,1007,1009,12,385,2.572256088,2.794900000,0.101000000,0.036600000
sample,generation,ordered4,1007,1010,12,318,2.546528101,2.752900000,0.075200000,0.020200000
sample,generation,ordered4,1007,1011,12,1043,2.533152103,2.739300000,0.062200000,0.013500000
sample,generation,ordered4,1007,1012,12,287,2.534879923,3.134700000,0.083400000,0.015900000
sample,generation,ordered4,1007,1013,12,262,2.576447964,2.800700000,0.112400000,0.039200000
sample,generation,ordered4,1007,1014,12,2258,2.556479931,2.764500000,0.082400000,0.023800000
sample,generation,ordered4,1007,1015,12,10596,2.549376011,2.741000000,0.074800000,0.021100000
sample,generation,ordered4,1007,1016,12,10692,2.541631937,3.023100000,0.066000000,0.015400000
sample,generation,ordered4,1007,1017,12,422,2.551295996,2.772800000,0.079500000,0.018500000
sample,generation,ordered4,1007,1018,12,262,2.546848059,2.733400000,0.082000000,0.015100000
sample,generation,ordered4,1007,1019,12,10183,2.539743900,2.763600000,0.058100000,0.011100000
sample,generation,ordered4,1007,1020,12,19517,2.543648005,3.031700000,0.062700000,0.010700000
sample,generation,ordered4,1007,1021,12,6896,2.574496031,3.078900000,0.099600000,0.029700000
sample,generation,ordered4,1007,1022,12,284,2.564800024,2.788200000,0.100000000,0.024400000
sample,generation,ordered4,1007,1007,13,9106,2.524287939,2.888200000,0.058900000,0.011000000
sample,generation,ordered4,1007,1008,13,3876,2.537568092,2.899300000,0.065500000,0.017300000
sample,generation,ordered4,1007,1009,13,385,2.530944109,2.846000000,0.054200000,0.011200000
sample,generation,ordered4,1007,1010,13,318,2.560767889,2.756800000,0.104700000,0.030300000
sample,generation,ordered4,1007,1011,13,1043,2.540512085,2.738200000,0.065100000,0.016600000
sample,generation,ordered4,1007,1012,13,287,2.532032013,2.715700000,0.060400000,0.013000000
sample,generation,ordered4,1007,1013,13,262,2.534463882,2.717900000,0.052500000,0.011000000
sample,generation,ordered4,1007,1014,13,2258,2.535039902,2.716200000,0.052500000,0.010900000
sample,generation,ordered4,1007,1015,13,10596,2.530143976,3.863500000,0.053600000,0.011300000
sample,generation,ordered4,1007,1016,13,10692,2.580512047,2.786400000,0.108000000,0.039000000
sample,generation,ordered4,1007,1017,13,422,2.542655945,3.047100000,0.063000000,0.012400000
sample,generation,ordered4,1007,1018,13,262,2.551968098,3.047800000,0.073900000,0.016200000
sample,generation,ordered4,1007,1019,13,10183,2.541183949,2.735200000,0.063000000,0.011500000
sample,generation,ordered4,1007,1020,13,19517,2.542399883,2.806200000,0.053200000,0.010700000
sample,generation,ordered4,1007,1021,13,6896,2.588576078,2.831200000,0.119900000,0.037400000
sample,generation,ordered4,1007,1022,13,284,2.569216013,2.762900000,0.084900000,0.024500000
sample,generation,original,1007,1007,13,9106,1.939808011,2.127100000,0.052800000,0.011000000
sample,generation,original,1007,1008,13,3876,1.939679980,2.245100000,0.053700000,0.011100000
sample,generation,original,1007,1009,13,385,1.970496058,2.187300000,0.094500000,0.028300000
sample,generation,original,1007,1010,13,318,1.963551998,2.159800000,0.079900000,0.021300000
sample,generation,original,1007,1011,13,1043,1.943807960,2.439800000,0.059900000,0.011300000
sample,generation,original,1007,1012,13,287,1.949856043,2.421100000,0.065100000,0.012500000
sample,generation,original,1007,1013,13,262,1.959071994,2.460300000,0.070200000,0.015400000
sample,generation,original,1007,1014,13,2258,1.953119993,2.162500000,0.061900000,0.011800000
sample,generation,original,1007,1015,13,10596,1.952224016,2.482300000,0.074400000,0.013500000
sample,generation,original,1007,1016,13,10692,1.950176001,2.420900000,0.062800000,0.012500000
sample,generation,original,1007,1017,13,422,1.952800035,2.404400000,0.059300000,0.011800000
sample,generation,original,1007,1018,13,262,1.959519982,2.257400000,0.067500000,0.014600000
sample,generation,original,1007,1019,13,10183,1.984959960,2.225400000,0.099200000,0.033600000
sample,generation,original,1007,1020,13,19517,1.973824024,2.468400000,0.084500000,0.023800000
sample,generation,original,1007,1021,13,6896,1.972319961,2.459100000,0.083200000,0.020700000
sample,generation,original,1007,1022,13,284,1.979359984,2.441300000,0.118400000,0.021700000
sample,generation,original,1007,1007,14,9106,1.947487950,2.137500000,0.095000000,0.015800000
sample,generation,original,1007,1008,14,3876,1.944800019,2.442100000,0.062800000,0.011200000
sample,generation,original,1007,1009,14,385,1.947711945,2.443100000,0.064200000,0.012600000
sample,generation,original,1007,1010,14,318,1.948160052,2.443800000,0.061400000,0.011200000
sample,generation,original,1007,1011,14,1043,1.944479942,2.238200000,0.060700000,0.011700000
sample,generation,original,1007,1012,14,287,1.986816049,2.211500000,0.121500000,0.033900000
sample,generation,original,1007,1013,14,262,1.954079986,2.194100000,0.069200000,0.014300000
sample,generation,original,1007,1014,14,2258,1.961663961,2.468100000,0.069800000,0.017000000
sample,generation,original,1007,1015,14,10596,1.948096037,2.445700000,0.061700000,0.011900000
sample,generation,original,1007,1016,14,10692,1.946239948,2.458300000,0.058900000,0.011100000
sample,generation,original,1007,1017,14,422,1.953279972,2.142000000,0.060000000,0.011400000
sample,generation,original,1007,1018,14,262,1.958592057,2.456800000,0.059800000,0.011100000
sample,generation,original,1007,1019,14,10183,1.958816051,2.462800000,0.067300000,0.015800000
sample,generation,original,1007,1020,14,19517,1.950176001,2.134800000,0.062200000,0.011900000
sample,generation,original,1007,1021,14,6896,1.956832051,2.307800000,0.059300000,0.011600000
sample,generation,original,1007,1022,14,284,1.958176017,2.305500000,0.053600000,0.011100000
sample,generation,ordered4,1007,1007,14,9106,2.524512053,2.825400000,0.057600000,0.010800000
sample,generation,ordered4,1007,1008,14,3876,2.567392111,2.765700000,0.102000000,0.034000000
sample,generation,ordered4,1007,1009,14,385,2.534208059,3.068500000,0.063900000,0.012100000
sample,generation,ordered4,1007,1010,14,318,2.538496017,3.041500000,0.078900000,0.014700000
sample,generation,ordered4,1007,1011,14,1043,2.538687944,3.067200000,0.069500000,0.016000000
sample,generation,ordered4,1007,1012,14,287,2.540863991,2.845400000,0.062300000,0.011900000
sample,generation,ordered4,1007,1013,14,262,2.562815905,2.787100000,0.093700000,0.025900000
sample,generation,ordered4,1007,1014,14,2258,2.573440075,2.804800000,0.105200000,0.032800000
sample,generation,ordered4,1007,1015,14,10596,2.553855896,3.061400000,0.086100000,0.022500000
sample,generation,ordered4,1007,1016,14,10692,2.540479898,3.044000000,0.069200000,0.013400000
sample,generation,ordered4,1007,1017,14,422,2.541791916,3.088600000,0.061300000,0.011000000
sample,generation,ordered4,1007,1018,14,262,2.542687893,3.158000000,0.066500000,0.012600000
sample,generation,ordered4,1007,1019,14,10183,2.552160025,3.091100000,0.075900000,0.018400000
sample,generation,ordered4,1007,1020,14,19517,2.548000097,2.836600000,0.093500000,0.016200000
sample,generation,ordered4,1007,1021,14,6896,2.541887999,2.726000000,0.054700000,0.011400000
sample,generation,ordered4,1007,1022,14,284,2.545631886,2.730500000,0.054900000,0.010900000
sample,generation,ordered4,1007,1007,15,9106,2.528287888,2.731300000,0.060300000,0.013300000
sample,generation,ordered4,1007,1008,15,3876,2.530944109,2.744100000,0.060100000,0.012800000
sample,generation,ordered4,1007,1009,15,385,2.532896042,2.717300000,0.060600000,0.013500000
sample,generation,ordered4,1007,1010,15,318,2.528768063,2.711300000,0.051800000,0.011200000
sample,generation,ordered4,1007,1011,15,1043,2.528223991,2.727800000,0.052500000,0.011100000
sample,generation,ordered4,1007,1012,15,287,2.532032013,3.056500000,0.063800000,0.012100000
sample,generation,ordered4,1007,1013,15,262,2.560415983,3.092300000,0.101500000,0.027300000
sample,generation,ordered4,1007,1014,15,2258,2.607520103,2.856200000,0.145600000,0.055200000
sample,generation,ordered4,1007,1015,15,10596,2.544032097,2.766100000,0.072500000,0.017800000
sample,generation,ordered4,1007,1016,15,10692,2.561728001,2.794600000,0.098900000,0.024200000
sample,generation,ordered4,1007,1017,15,422,2.547168016,2.756900000,0.068300000,0.017000000
sample,generation,ordered4,1007,1018,15,262,2.545727968,2.782400000,0.063000000,0.014300000
sample,generation,ordered4,1007,1019,15,10183,2.544287920,2.758700000,0.084200000,0.016200000
sample,generation,ordered4,1007,1020,15,19517,2.541536093,2.760700000,0.061000000,0.013000000
sample,generation,ordered4,1007,1021,15,6896,2.552736044,2.839600000,0.064500000,0.016900000
sample,generation,ordered4,1007,1022,15,284,2.580512047,2.805000000,0.094200000,0.031600000
sample,generation,original,1007,1007,15,9106,1.975424051,2.193000000,0.109900000,0.027400000
sample,generation,original,1007,1008,15,3876,1.949983954,2.150500000,0.073000000,0.015000000
sample,generation,original,1007,1009,15,385,1.947103977,2.159300000,0.060000000,0.011900000
sample,generation,original,1007,1010,15,318,1.948127985,2.240400000,0.061500000,0.011700000
sample,generation,original,1007,1011,15,1043,1.952319980,2.140500000,0.086300000,0.015100000
sample,generation,original,1007,1012,15,287,1.956128001,2.139800000,0.063700000,0.015100000
sample,generation,original,1007,1013,15,262,1.949632049,2.130500000,0.053400000,0.011800000
sample,generation,original,1007,1014,15,2258,1.950047970,2.133500000,0.052900000,0.011000000
sample,generation,original,1007,1015,15,10596,1.944224000,2.127000000,0.055100000,0.011900000
sample,generation,original,1007,1016,15,10692,1.946336031,2.128500000,0.053700000,0.011200000
sample,generation,original,1007,1017,15,422,1.951007962,2.132300000,0.053500000,0.011100000
sample,generation,original,1007,1018,15,262,1.952543974,2.152700000,0.052900000,0.010900000
sample,generation,original,1007,1019,15,10183,1.958592057,2.153400000,0.065100000,0.015100000
sample,generation,original,1007,1020,15,19517,1.952960014,2.143600000,0.057500000,0.011200000
sample,generation,original,1007,1021,15,6896,1.955423951,2.146800000,0.056600000,0.011200000
sample,generation,original,1007,1022,15,284,1.962911963,2.142900000,0.060700000,0.010800000
sample,setup,first_series,128,128,0,0,0.110700000,0.461000000,0.219000000,0.091600000
sample,first_replay,ordered4,128,128,0,284,1.435647964,1.449800000,0.058400000,0.013200000
sample,setup,warm,128,128,1,0,0.078100000,0.361200000,0.147400000,0.102100000
sample,first_replay,ordered4,128,128,1,284,1.432575941,1.440500000,0.075400000,0.012000000
sample,setup,warm,128,128,2,0,0.069200000,0.339300000,0.141000000,0.096000000
sample,first_replay,ordered4,128,128,2,284,1.445888042,1.455500000,0.066500000,0.011800000
sample,setup,warm,128,128,3,0,0.121000000,0.537600000,0.248900000,0.111400000
sample,first_replay,ordered4,128,128,3,284,1.454079986,1.466800000,0.105600000,0.022300000
sample,setup,warm,128,128,4,0,0.344700000,0.606000000,0.145000000,0.074900000
sample,first_replay,ordered4,128,128,4,284,1.441759944,1.449000000,0.061200000,0.012200000
sample,setup,warm,128,128,5,0,0.069200000,0.328500000,0.135600000,0.090800000
sample,first_replay,ordered4,128,128,5,284,1.431552052,1.440200000,0.072700000,0.011400000
sample,setup,warm,128,128,6,0,0.109400000,0.381000000,0.149700000,0.085700000
sample,first_replay,ordered4,128,128,6,284,1.435647964,1.445200000,0.065300000,0.012600000
sample,setup,warm,128,128,7,0,0.068900000,0.343700000,0.150400000,0.091000000
sample,first_replay,ordered4,128,128,7,284,1.440768003,1.450700000,0.065800000,0.011500000
sample,setup,warm,128,128,8,0,0.068400000,0.309900000,0.133000000,0.076000000
sample,first_replay,ordered4,128,128,8,284,1.432575941,1.453800000,0.056000000,0.011400000
sample,setup,warm,128,128,9,0,0.068100000,0.308100000,0.132400000,0.074800000
sample,first_replay,ordered4,128,128,9,284,1.434623957,1.444200000,0.047800000,0.011800000
sample,setup,warm,128,128,10,0,0.073400000,0.315900000,0.137800000,0.072000000
sample,first_replay,ordered4,128,128,10,284,1.439743996,1.451300000,0.066300000,0.011700000
sample,setup,warm,128,128,11,0,0.121400000,0.561700000,0.268100000,0.117500000
sample,first_replay,ordered4,128,128,11,284,1.449983954,1.462000000,0.092400000,0.015100000
sample,setup,warm,128,128,12,0,0.068400000,0.354200000,0.141000000,0.115800000
sample,first_replay,ordered4,128,128,12,284,1.438719988,1.450500000,0.094000000,0.014100000
sample,setup,warm,128,128,13,0,0.078300000,0.377000000,0.160000000,0.109200000
sample,first_replay,ordered4,128,128,13,284,1.437695980,1.449300000,0.059200000,0.010000000
sample,setup,warm,128,128,14,0,0.083500000,0.546500000,0.242400000,0.182300000
sample,first_replay,ordered4,128,128,14,284,1.452031970,1.464800000,0.097900000,0.022000000
sample,setup,warm,128,128,15,0,0.099600000,0.527500000,0.260000000,0.126600000
sample,first_replay,ordered4,128,128,15,284,1.444864035,1.455400000,0.070900000,0.016400000
sample,setup,warm,128,128,16,0,0.082000000,0.392600000,0.159700000,0.112100000
sample,first_replay,ordered4,128,128,16,284,1.440768003,1.449900000,0.063700000,0.013800000
sample,setup,warm,128,128,17,0,0.069900000,0.342100000,0.158500000,0.080500000
sample,first_replay,ordered4,128,128,17,284,1.433599949,1.463000000,0.065300000,0.011600000
sample,setup,warm,128,128,18,0,0.068800000,0.315900000,0.133900000,0.080800000
sample,first_replay,ordered4,128,128,18,284,1.435647964,1.465400000,0.056700000,0.011100000
sample,setup,warm,128,128,19,0,0.075400000,0.406800000,0.179100000,0.118100000
sample,first_replay,ordered4,128,128,19,284,1.441792011,1.452900000,0.064100000,0.013100000
sample,setup,warm,128,128,20,0,0.071700000,0.328700000,0.142100000,0.082300000
sample,first_replay,ordered4,128,128,20,284,1.438719988,1.448000000,0.062700000,0.011300000
sample,setup,warm,128,128,21,0,0.070500000,0.313800000,0.140200000,0.070100000
sample,first_replay,ordered4,128,128,21,284,1.439743996,1.448700000,0.062100000,0.011500000
sample,setup,warm,128,128,22,0,0.068300000,0.319700000,0.136400000,0.082600000
sample,first_replay,ordered4,128,128,22,284,1.434623957,1.444400000,0.058300000,0.011400000
sample,setup,warm,128,128,23,0,0.069600000,0.339000000,0.155000000,0.081300000
sample,first_replay,ordered4,128,128,23,284,1.432575941,1.442400000,0.072000000,0.011800000
sample,setup,warm,128,128,24,0,0.067100000,0.294900000,0.133300000,0.062000000
sample,first_replay,ordered4,128,128,24,284,1.437695980,1.446600000,0.056700000,0.011700000
sample,setup,warm,128,128,25,0,0.144100000,0.557900000,0.232800000,0.117100000
sample,first_replay,ordered4,128,128,25,284,1.455103993,1.466400000,0.089700000,0.021900000
sample,setup,warm,128,128,26,0,0.127100000,0.411800000,0.148000000,0.101000000
sample,first_replay,ordered4,128,128,26,284,1.435647964,1.444200000,0.057700000,0.013100000
sample,setup,warm,128,128,27,0,0.068800000,0.428400000,0.187200000,0.138800000
sample,first_replay,ordered4,128,128,27,284,1.448863983,1.459100000,0.078400000,0.020900000
sample,setup,warm,128,128,28,0,0.146900000,0.454400000,0.178900000,0.086900000
sample,first_replay,ordered4,128,128,28,284,1.444864035,1.455000000,0.051200000,0.014300000
sample,setup,warm,128,128,29,0,0.085900000,0.379600000,0.176000000,0.079300000
sample,first_replay,ordered4,128,128,29,284,1.444864035,1.455100000,0.073200000,0.013600000
sample,setup,warm,128,128,30,0,0.068100000,0.312600000,0.135700000,0.075900000
sample,first_replay,ordered4,128,128,30,284,1.439743996,1.449100000,0.066200000,0.011400000
sample,prefill_control,original,512,512,0,0,107.303901672,107.317300000,0.000000000,0.000000000
sample,head_control,original,512,512,0,0,0.332800001,0.335700000,0.000000000,0.000000000
sample,prefill_control,ordered4,512,512,0,0,107.362274170,107.379200000,0.000000000,0.000000000
sample,head_control,ordered4,512,512,0,0,0.336896002,0.339800000,0.000000000,0.000000000
sample,prefill_control,ordered4,512,512,1,0,107.376640320,107.397900000,0.000000000,0.000000000
sample,head_control,ordered4,512,512,1,0,0.348159999,0.351800000,0.000000000,0.000000000
sample,prefill_control,original,512,512,1,0,107.468803406,107.487300000,0.000000000,0.000000000
sample,head_control,original,512,512,1,0,0.346112013,0.349600000,0.000000000,0.000000000
sample,prefill_control,original,512,512,2,0,107.483139038,107.502800000,0.000000000,0.000000000
sample,head_control,original,512,512,2,0,0.347135991,0.350100000,0.000000000,0.000000000
sample,prefill_control,ordered4,512,512,2,0,107.465728760,107.489300000,0.000000000,0.000000000
sample,head_control,ordered4,512,512,2,0,0.355327994,0.359100000,0.000000000,0.000000000
sample,prefill_control,ordered4,512,512,3,0,107.415550232,107.434200000,0.000000000,0.000000000
sample,head_control,ordered4,512,512,3,0,0.343008012,0.345200000,0.000000000,0.000000000
sample,prefill_control,original,512,512,3,0,107.329536438,107.345900000,0.000000000,0.000000000
sample,head_control,original,512,512,3,0,0.334847987,0.337400000,0.000000000,0.000000000
sample,prefill_control,original,512,512,4,0,107.358207703,107.378800000,0.000000000,0.000000000
sample,head_control,original,512,512,4,0,0.345088005,0.349200000,0.000000000,0.000000000
sample,prefill_control,ordered4,512,512,4,0,107.455490112,107.477400000,0.000000000,0.000000000
sample,head_control,ordered4,512,512,4,0,0.354303986,0.357800000,0.000000000,0.000000000
sample,prefill_control,ordered4,512,512,5,0,107.453437805,107.469300000,0.000000000,0.000000000
sample,head_control,ordered4,512,512,5,0,0.338943988,0.341700000,0.000000000,0.000000000
sample,prefill_control,original,512,512,5,0,107.398147583,107.417300000,0.000000000,0.000000000
sample,head_control,original,512,512,5,0,0.345088005,0.349900000,0.000000000,0.000000000
sample,prefill_control,original,512,512,6,0,107.475967407,107.494700000,0.000000000,0.000000000
sample,head_control,original,512,512,6,0,0.354303986,0.357800000,0.000000000,0.000000000
sample,prefill_control,ordered4,512,512,6,0,107.482109070,107.503400000,0.000000000,0.000000000
sample,head_control,ordered4,512,512,6,0,0.352256000,0.355900000,0.000000000,0.000000000
sample,prefill_control,ordered4,512,512,7,0,107.455490112,107.472800000,0.000000000,0.000000000
sample,head_control,ordered4,512,512,7,0,0.335871994,0.338200000,0.000000000,0.000000000
sample,prefill_control,original,512,512,7,0,107.431938171,107.448700000,0.000000000,0.000000000
sample,head_control,original,512,512,7,0,0.333696008,0.336700000,0.000000000,0.000000000
sample,prefill_control,original,512,512,8,0,107.448226929,107.467900000,0.000000000,0.000000000
sample,head_control,original,512,512,8,0,0.344063997,0.347500000,0.000000000,0.000000000
sample,prefill_control,ordered4,512,512,8,0,107.507713318,107.528600000,0.000000000,0.000000000
sample,head_control,ordered4,512,512,8,0,0.348159999,0.352500000,0.000000000,0.000000000
sample,prefill_control,ordered4,512,512,9,0,107.435203552,107.450800000,0.000000000,0.000000000
sample,head_control,ordered4,512,512,9,0,0.339967996,0.343000000,0.000000000,0.000000000
sample,prefill_control,original,512,512,9,0,107.449340820,107.467600000,0.000000000,0.000000000
sample,head_control,original,512,512,9,0,0.344063997,0.347700000,0.000000000,0.000000000
sample,prefill_control,original,512,512,10,0,107.440124512,107.463600000,0.000000000,0.000000000
sample,head_control,original,512,512,10,0,0.346112013,0.349700000,0.000000000,0.000000000
sample,prefill_control,ordered4,512,512,10,0,107.479042053,107.500000000,0.000000000,0.000000000
sample,head_control,ordered4,512,512,10,0,0.345088005,0.349300000,0.000000000,0.000000000
sample,prefill_control,ordered4,512,512,11,0,107.371520996,107.392000000,0.000000000,0.000000000
sample,head_control,ordered4,512,512,11,0,0.334847987,0.336500000,0.000000000,0.000000000
sample,prefill_control,original,512,512,11,0,107.383804321,107.400200000,0.000000000,0.000000000
sample,head_control,original,512,512,11,0,0.335776001,0.338500000,0.000000000,0.000000000
sample,prefill_control,original,512,512,12,0,107.413505554,107.430100000,0.000000000,0.000000000
sample,head_control,original,512,512,12,0,0.336896002,0.338900000,0.000000000,0.000000000
sample,prefill_control,ordered4,512,512,12,0,107.399169922,107.428800000,0.000000000,0.000000000
sample,head_control,ordered4,512,512,12,0,0.363519996,0.365700000,0.000000000,0.000000000
sample,prefill_control,ordered4,512,512,13,0,107.385856628,107.401200000,0.000000000,0.000000000
sample,head_control,ordered4,512,512,13,0,0.335871994,0.338300000,0.000000000,0.000000000
sample,prefill_control,original,512,512,13,0,107.372543335,107.390900000,0.000000000,0.000000000
sample,head_control,original,512,512,13,0,0.340992004,0.344100000,0.000000000,0.000000000
sample,prefill_control,original,512,512,14,0,107.395072937,107.410100000,0.000000000,0.000000000
sample,head_control,original,512,512,14,0,0.336896002,0.339700000,0.000000000,0.000000000
sample,prefill_control,ordered4,512,512,14,0,107.432960510,107.459700000,0.000000000,0.000000000
sample,head_control,ordered4,512,512,14,0,0.374783993,0.378700000,0.000000000,0.000000000
sample,prefill_control,ordered4,512,512,15,0,107.407356262,107.425700000,0.000000000,0.000000000
sample,head_control,ordered4,512,512,15,0,0.352256000,0.354300000,0.000000000,0.000000000
sample,prefill_control,original,512,512,15,0,107.460609436,107.478500000,0.000000000,0.000000000
sample,head_control,original,512,512,15,0,0.352256000,0.355600000,0.000000000,0.000000000
sample,prefill_control,original,512,512,16,0,107.377662659,107.395000000,0.000000000,0.000000000
sample,head_control,original,512,512,16,0,0.336896002,0.339200000,0.000000000,0.000000000
sample,prefill_control,ordered4,512,512,16,0,107.462593079,107.482300000,0.000000000,0.000000000
sample,head_control,ordered4,512,512,16,0,0.344063997,0.348200000,0.000000000,0.000000000
sample,prefill_control,ordered4,512,512,17,0,107.404289246,107.419200000,0.000000000,0.000000000
sample,head_control,ordered4,512,512,17,0,0.340992004,0.344000000,0.000000000,0.000000000
sample,prefill_control,original,512,512,17,0,107.387901306,107.402600000,0.000000000,0.000000000
sample,head_control,original,512,512,17,0,0.344063997,0.346700000,0.000000000,0.000000000
sample,prefill_control,original,512,512,18,0,107.473922729,107.493300000,0.000000000,0.000000000
sample,head_control,original,512,512,18,0,0.357376009,0.359900000,0.000000000,0.000000000
sample,prefill_control,ordered4,512,512,18,0,107.512832642,107.528100000,0.000000000,0.000000000
sample,head_control,ordered4,512,512,18,0,0.346112013,0.350000000,0.000000000,0.000000000
sample,prefill_control,ordered4,512,512,19,0,107.488258362,107.509700000,0.000000000,0.000000000
sample,head_control,ordered4,512,512,19,0,0.356352001,0.359400000,0.000000000,0.000000000
sample,prefill_control,original,512,512,19,0,107.449340820,107.473500000,0.000000000,0.000000000
sample,head_control,original,512,512,19,0,0.350208014,0.352800000,0.000000000,0.000000000
sample,prefill_control,original,512,512,20,0,107.415550232,107.433000000,0.000000000,0.000000000
sample,head_control,original,512,512,20,0,0.337920010,0.341700000,0.000000000,0.000000000
sample,prefill_control,ordered4,512,512,20,0,107.459587097,107.482400000,0.000000000,0.000000000
sample,head_control,ordered4,512,512,20,0,0.348159999,0.351900000,0.000000000,0.000000000
sample,prefill_control,ordered4,512,512,21,0,107.403266907,107.423800000,0.000000000,0.000000000
sample,head_control,ordered4,512,512,21,0,0.349184006,0.352600000,0.000000000,0.000000000
sample,prefill_control,original,512,512,21,0,107.487228394,107.508300000,0.000000000,0.000000000
sample,head_control,original,512,512,21,0,0.350208014,0.353700000,0.000000000,0.000000000
sample,prefill_control,original,512,512,22,0,107.455490112,107.478400000,0.000000000,0.000000000
sample,head_control,original,512,512,22,0,0.368640006,0.371800000,0.000000000,0.000000000
sample,prefill_control,ordered4,512,512,22,0,107.456512451,107.472200000,0.000000000,0.000000000
sample,head_control,ordered4,512,512,22,0,0.339904010,0.342700000,0.000000000,0.000000000
sample,prefill_control,ordered4,512,512,23,0,107.423744202,107.445500000,0.000000000,0.000000000
sample,head_control,ordered4,512,512,23,0,0.347135991,0.355900000,0.000000000,0.000000000
sample,prefill_control,original,512,512,23,0,107.402236938,107.424400000,0.000000000,0.000000000
sample,head_control,original,512,512,23,0,0.346112013,0.349500000,0.000000000,0.000000000
sample,prefill_control,original,512,512,24,0,107.430046082,107.445900000,0.000000000,0.000000000
sample,head_control,original,512,512,24,0,0.333824009,0.337600000,0.000000000,0.000000000
sample,prefill_control,ordered4,512,512,24,0,107.471870422,107.489900000,0.000000000,0.000000000
sample,head_control,ordered4,512,512,24,0,0.350208014,0.353900000,0.000000000,0.000000000
sample,prefill_control,ordered4,512,512,25,0,107.414527893,107.435300000,0.000000000,0.000000000
sample,head_control,ordered4,512,512,25,0,0.349184006,0.352400000,0.000000000,0.000000000
sample,prefill_control,original,512,512,25,0,107.407455444,107.424300000,0.000000000,0.000000000
sample,head_control,original,512,512,25,0,0.336896002,0.339700000,0.000000000,0.000000000
sample,prefill_control,original,512,512,26,0,107.458557129,107.477900000,0.000000000,0.000000000
sample,head_control,original,512,512,26,0,0.348159999,0.351500000,0.000000000,0.000000000
sample,prefill_control,ordered4,512,512,26,0,107.455490112,107.477200000,0.000000000,0.000000000
sample,head_control,ordered4,512,512,26,0,0.345088005,0.348400000,0.000000000,0.000000000
sample,prefill_control,ordered4,512,512,27,0,107.506690979,107.526300000,0.000000000,0.000000000
sample,head_control,ordered4,512,512,27,0,0.346112013,0.349400000,0.000000000,0.000000000
sample,prefill_control,original,512,512,27,0,107.467773438,107.487800000,0.000000000,0.000000000
sample,head_control,original,512,512,27,0,0.347135991,0.351500000,0.000000000,0.000000000
sample,prefill_control,original,512,512,28,0,107.490303040,107.511900000,0.000000000,0.000000000
sample,head_control,original,512,512,28,0,0.347135991,0.350900000,0.000000000,0.000000000
sample,prefill_control,ordered4,512,512,28,0,107.436035156,107.456500000,0.000000000,0.000000000
sample,head_control,ordered4,512,512,28,0,0.346112013,0.349500000,0.000000000,0.000000000
sample,prefill_control,ordered4,512,512,29,0,107.424957275,107.440900000,0.000000000,0.000000000
sample,head_control,ordered4,512,512,29,0,0.336896002,0.340000000,0.000000000,0.000000000
sample,prefill_control,original,512,512,29,0,107.463676453,107.479200000,0.000000000,0.000000000
sample,head_control,original,512,512,29,0,0.336896002,0.339500000,0.000000000,0.000000000
