start_ns,end_ns,name
19730368,19731328,"k_embed_one(__half *, const __half *, const __half *, int, int)"
19731360,19734273,"k_layernorm(__half *, const __half *, const __half *, const __half *, int, int)"
19734305,19750626,"k_gemv_fp16(__half *, const __half *, const __half *, const __half *, int, int)"
19750690,19751586,"k_kv_append(__half *, __half *, const __half *, int, int)"
19751618,19810470,"k_attn_decode(__half *, const __half *, const __half *, const __half *, int, int)"
19810502,19817798,"k_gemv_fp16(__half *, const __half *, const __half *, const __half *, int, int)"
19817830,19818630,"k_add(__half *, const __half *, unsigned long long)"
19818663,19821543,"k_layernorm(__half *, const __half *, const __half *, const __half *, int, int)"
19821607,19842568,"k_gemv_fp16(__half *, const __half *, const __half *, const __half *, int, int)"
19842600,19843464,"k_gelu(__half *, unsigned long long)"
19843496,19866346,"k_gemv_fp16(__half *, const __half *, const __half *, const __half *, int, int)"
19866378,19867146,"k_add(__half *, const __half *, unsigned long long)"
19867210,19870090,"k_layernorm(__half *, const __half *, const __half *, const __half *, int, int)"
19870122,19886347,"k_gemv_fp16(__half *, const __half *, const __half *, const __half *, int, int)"
19886379,19887243,"k_kv_append(__half *, __half *, const __half *, int, int)"
19887275,19945487,"k_attn_decode(__half *, const __half *, const __half *, const __half *, int, int)"
19946223,19952848,"k_gemv_fp16(__half *, const __half *, const __half *, const __half *, int, int)"
19952912,19953680,"k_add(__half *, const __half *, unsigned long long)"
19953712,19956624,"k_layernorm(__half *, const __half *, const __half *, const __half *, int, int)"
19956656,19978769,"k_gemv_fp16(__half *, const __half *, const __half *, const __half *, int, int)"
19978801,19979633,"k_gelu(__half *, unsigned long long)"
19979665,20006771,"k_gemv_fp16(__half *, const __half *, const __half *, const __half *, int, int)"
20006803,20007604,"k_add(__half *, const __half *, unsigned long long)"
20007635,20010516,"k_layernorm(__half *, const __half *, const __half *, const __half *, int, int)"
20010548,20027157,"k_gemv_fp16(__half *, const __half *, const __half *, const __half *, int, int)"
20027189,20028053,"k_kv_append(__half *, __half *, const __half *, int, int)"
20028085,20086393,"k_attn_decode(__half *, const __half *, const __half *, const __half *, int, int)"
20086425,20093752,"k_gemv_fp16(__half *, const __half *, const __half *, const __half *, int, int)"
20093753,20094554,"k_add(__half *, const __half *, unsigned long long)"
20094585,20097530,"k_layernorm(__half *, const __half *, const __half *, const __half *, int, int)"
20097562,20118427,"k_gemv_fp16(__half *, const __half *, const __half *, const __half *, int, int)"
20118459,20119291,"k_gelu(__half *, unsigned long long)"
20120027,20142941,"k_gemv_fp16(__half *, const __half *, const __half *, const __half *, int, int)"
20142973,20143773,"k_add(__half *, const __half *, unsigned long long)"
20143805,20146685,"k_layernorm(__half *, const __half *, const __half *, const __half *, int, int)"
20146749,20162910,"k_gemv_fp16(__half *, const __half *, const __half *, const __half *, int, int)"
20162974,20163838,"k_kv_append(__half *, __half *, const __half *, int, int)"
20163870,20222530,"k_attn_decode(__half *, const __half *, const __half *, const __half *, int, int)"
20222562,20229859,"k_gemv_fp16(__half *, const __half *, const __half *, const __half *, int, int)"
20229891,20230691,"k_add(__half *, const __half *, unsigned long long)"
20230723,20233667,"k_layernorm(__half *, const __half *, const __half *, const __half *, int, int)"
20233699,20254468,"k_gemv_fp16(__half *, const __half *, const __half *, const __half *, int, int)"
20254533,20255332,"k_gelu(__half *, unsigned long long)"
20255397,20278150,"k_gemv_fp16(__half *, const __half *, const __half *, const __half *, int, int)"
20278182,20278982,"k_add(__half *, const __half *, unsigned long long)"
20279014,20281894,"k_layernorm(__half *, const __half *, const __half *, const __half *, int, int)"
20281926,20298119,"k_gemv_fp16(__half *, const __half *, const __half *, const __half *, int, int)"
20298151,20299015,"k_kv_append(__half *, __half *, const __half *, int, int)"
20299752,20358092,"k_attn_decode(__half *, const __half *, const __half *, const __half *, int, int)"
20358123,20365548,"k_gemv_fp16(__half *, const __half *, const __half *, const __half *, int, int)"
20365580,20366380,"k_add(__half *, const __half *, unsigned long long)"
20366412,20369420,"k_layernorm(__half *, const __half *, const __half *, const __half *, int, int)"
20369452,20390286,"k_gemv_fp16(__half *, const __half *, const __half *, const __half *, int, int)"
20390318,20391150,"k_gelu(__half *, unsigned long long)"
20391182,20414064,"k_gemv_fp16(__half *, const __half *, const __half *, const __half *, int, int)"
20414095,20414895,"k_add(__half *, const __half *, unsigned long long)"
20414928,20417840,"k_layernorm(__half *, const __half *, const __half *, const __half *, int, int)"
20417872,20434033,"k_gemv_fp16(__half *, const __half *, const __half *, const __half *, int, int)"
20434065,20434961,"k_kv_append(__half *, __half *, const __half *, int, int)"
20434993,20493589,"k_attn_decode(__half *, const __half *, const __half *, const __half *, int, int)"
20493621,20500853,"k_gemv_fp16(__half *, const __half *, const __half *, const __half *, int, int)"
20500917,20501685,"k_add(__half *, const __half *, unsigned long long)"
20501718,20504662,"k_layernorm(__half *, const __half *, const __half *, const __half *, int, int)"
20504694,20525623,"k_gemv_fp16(__half *, const __half *, const __half *, const __half *, int, int)"
20526359,20527191,"k_gelu(__half *, unsigned long long)"
20527255,20550137,"k_gemv_fp16(__half *, const __half *, const __half *, const __half *, int, int)"
20550169,20550937,"k_add(__half *, const __half *, unsigned long long)"
20551001,20554041,"k_layernorm(__half *, const __half *, const __half *, const __half *, int, int)"
20554073,20570266,"k_gemv_fp16(__half *, const __half *, const __half *, const __half *, int, int)"
20570298,20571162,"k_kv_append(__half *, __half *, const __half *, int, int)"
20571194,20629918,"k_attn_decode(__half *, const __half *, const __half *, const __half *, int, int)"
20629982,20637247,"k_gemv_fp16(__half *, const __half *, const __half *, const __half *, int, int)"
20637279,20638047,"k_add(__half *, const __half *, unsigned long long)"
20638079,20640927,"k_layernorm(__half *, const __half *, const __half *, const __half *, int, int)"
20640991,20661728,"k_gemv_fp16(__half *, const __half *, const __half *, const __half *, int, int)"
20661761,20662592,"k_gelu(__half *, unsigned long long)"
20662625,20685538,"k_gemv_fp16(__half *, const __half *, const __half *, const __half *, int, int)"
20685570,20686370,"k_add(__half *, const __half *, unsigned long long)"
20686402,20689282,"k_layernorm(__half *, const __half *, const __half *, const __half *, int, int)"
20689314,20705508,"k_gemv_fp16(__half *, const __half *, const __half *, const __half *, int, int)"
20706212,20707076,"k_kv_append(__half *, __half *, const __half *, int, int)"
20707140,20765704,"k_attn_decode(__half *, const __half *, const __half *, const __half *, int, int)"
20765736,20773032,"k_gemv_fp16(__half *, const __half *, const __half *, const __half *, int, int)"
20773064,20773832,"k_add(__half *, const __half *, unsigned long long)"
20773896,20776776,"k_layernorm(__half *, const __half *, const __half *, const __half *, int, int)"
20776840,20797738,"k_gemv_fp16(__half *, const __half *, const __half *, const __half *, int, int)"
20797770,20798602,"k_gelu(__half *, unsigned long long)"
20798634,20821387,"k_gemv_fp16(__half *, const __half *, const __half *, const __half *, int, int)"
20821420,20822220,"k_add(__half *, const __half *, unsigned long long)"
20822252,20825100,"k_layernorm(__half *, const __half *, const __half *, const __half *, int, int)"
20825164,20841549,"k_gemv_fp16(__half *, const __half *, const __half *, const __half *, int, int)"
20841581,20842477,"k_kv_append(__half *, __half *, const __half *, int, int)"
20842509,20900817,"k_attn_decode(__half *, const __half *, const __half *, const __half *, int, int)"
20900881,20908209,"k_gemv_fp16(__half *, const __half *, const __half *, const __half *, int, int)"
20908241,20909042,"k_add(__half *, const __half *, unsigned long long)"
20909074,20911922,"k_layernorm(__half *, const __half *, const __half *, const __half *, int, int)"
20912658,20933491,"k_gemv_fp16(__half *, const __half *, const __half *, const __half *, int, int)"
20933523,20934355,"k_gelu(__half *, unsigned long long)"
20934419,20957237,"k_gemv_fp16(__half *, const __half *, const __half *, const __half *, int, int)"
20957269,20958069,"k_add(__half *, const __half *, unsigned long long)"
20958101,20961013,"k_layernorm(__half *, const __half *, const __half *, const __half *, int, int)"
20961045,20977430,"k_gemv_fp16(__half *, const __half *, const __half *, const __half *, int, int)"
20977462,20978358,"k_kv_append(__half *, __half *, const __half *, int, int)"
20978390,21036954,"k_attn_decode(__half *, const __half *, const __half *, const __half *, int, int)"
21036986,21044283,"k_gemv_fp16(__half *, const __half *, const __half *, const __half *, int, int)"
21044315,21045083,"k_add(__half *, const __half *, unsigned long long)"
21045115,21048059,"k_layernorm(__half *, const __half *, const __half *, const __half *, int, int)"
21048091,21068892,"k_gemv_fp16(__half *, const __half *, const __half *, const __half *, int, int)"
21068925,21069757,"k_gelu(__half *, unsigned long long)"
21069789,21092510,"k_gemv_fp16(__half *, const __half *, const __half *, const __half *, int, int)"
21092542,21093342,"k_add(__half *, const __half *, unsigned long long)"
21093374,21096254,"k_layernorm(__half *, const __half *, const __half *, const __half *, int, int)"
21096927,21113120,"k_gemv_fp16(__half *, const __half *, const __half *, const __half *, int, int)"
21113151,21114016,"k_kv_append(__half *, __half *, const __half *, int, int)"
21114080,21173060,"k_attn_decode(__half *, const __half *, const __half *, const __half *, int, int)"
21173092,21180548,"k_gemv_fp16(__half *, const __half *, const __half *, const __half *, int, int)"
21180580,21181348,"k_add(__half *, const __half *, unsigned long long)"
21181380,21184292,"k_layernorm(__half *, const __half *, const __half *, const __half *, int, int)"
21184325,21205222,"k_gemv_fp16(__half *, const __half *, const __half *, const __half *, int, int)"
21205254,21206118,"k_gelu(__half *, unsigned long long)"
21206150,21228904,"k_gemv_fp16(__half *, const __half *, const __half *, const __half *, int, int)"
21228936,21229736,"k_add(__half *, const __half *, unsigned long long)"
21229768,21232712,"k_layernorm(__half *, const __half *, const __half *, const __half *, int, int)"
21232744,21249097,"k_gemv_fp16(__half *, const __half *, const __half *, const __half *, int, int)"
21249129,21249993,"k_kv_append(__half *, __half *, const __half *, int, int)"
21250025,21308173,"k_attn_decode(__half *, const __half *, const __half *, const __half *, int, int)"
21308205,21315598,"k_gemv_fp16(__half *, const __half *, const __half *, const __half *, int, int)"
21315630,21316398,"k_add(__half *, const __half *, unsigned long long)"
21317134,21320014,"k_layernorm(__half *, const __half *, const __half *, const __half *, int, int)"
21320046,21340847,"k_gemv_fp16(__half *, const __half *, const __half *, const __half *, int, int)"
21340879,21341711,"k_gelu(__half *, unsigned long long)"
21341775,21364561,"k_gemv_fp16(__half *, const __half *, const __half *, const __half *, int, int)"
21364593,21365393,"k_add(__half *, const __half *, unsigned long long)"
21365425,21368305,"k_layernorm(__half *, const __half *, const __half *, const __half *, int, int)"
21368337,21679911,"k_gemv_fp16(__half *, const __half *, const __half *, const __half *, int, int)"
21765645,21766573,"k_embed_one(__half *, const __half *, const __half *, int, int)"
21766605,21769517,"k_layernorm(__half *, const __half *, const __half *, const __half *, int, int)"
21769549,21785806,"k_gemv_fp16(__half *, const __half *, const __half *, const __half *, int, int)"
21785838,21786734,"k_kv_append(__half *, __half *, const __half *, int, int)"
21786766,21845618,"k_attn_decode(__half *, const __half *, const __half *, const __half *, int, int)"
21845650,21852947,"k_gemv_fp16(__half *, const __half *, const __half *, const __half *, int, int)"
21852978,21853779,"k_add(__half *, const __half *, unsigned long long)"
21853811,21856755,"k_layernorm(__half *, const __half *, const __half *, const __half *, int, int)"
21856787,21877652,"k_gemv_fp16(__half *, const __half *, const __half *, const __half *, int, int)"
21877684,21878516,"k_gelu(__half *, unsigned long long)"
21878548,21901366,"k_gemv_fp16(__half *, const __half *, const __half *, const __half *, int, int)"
21901398,21902198,"k_add(__half *, const __half *, unsigned long long)"
21902230,21905174,"k_layernorm(__half *, const __half *, const __half *, const __half *, int, int)"
21905206,21921367,"k_gemv_fp16(__half *, const __half *, const __half *, const __half *, int, int)"
21921399,21922295,"k_kv_append(__half *, __half *, const __half *, int, int)"
21922327,21981307,"k_attn_decode(__half *, const __half *, const __half *, const __half *, int, int)"
21982235,21988764,"k_gemv_fp16(__half *, const __half *, const __half *, const __half *, int, int)"
21988796,21989595,"k_add(__half *, const __half *, unsigned long long)"
21989596,21992508,"k_layernorm(__half *, const __half *, const __half *, const __half *, int, int)"
21992540,22013502,"k_gemv_fp16(__half *, const __half *, const __half *, const __half *, int, int)"
22013534,22014366,"k_gelu(__half *, unsigned long long)"
22014398,22037375,"k_gemv_fp16(__half *, const __half *, const __half *, const __half *, int, int)"
22037407,22038175,"k_add(__half *, const __half *, unsigned long long)"
22038207,22041088,"k_layernorm(__half *, const __half *, const __half *, const __half *, int, int)"
22041119,22057409,"k_gemv_fp16(__half *, const __half *, const __half *, const __half *, int, int)"
22057441,22058305,"k_kv_append(__half *, __half *, const __half *, int, int)"
22058337,22116485,"k_attn_decode(__half *, const __half *, const __half *, const __half *, int, int)"
22116517,22123749,"k_gemv_fp16(__half *, const __half *, const __half *, const __half *, int, int)"
22123781,22124581,"k_add(__half *, const __half *, unsigned long long)"
22124613,22127590,"k_layernorm(__half *, const __half *, const __half *, const __half *, int, int)"
22127621,22148487,"k_gemv_fp16(__half *, const __half *, const __half *, const __half *, int, int)"
22148519,22149351,"k_gelu(__half *, unsigned long long)"
22150087,22172936,"k_gemv_fp16(__half *, const __half *, const __half *, const __half *, int, int)"
22172969,22173769,"k_add(__half *, const __half *, unsigned long long)"
22173800,22176745,"k_layernorm(__half *, const __half *, const __half *, const __half *, int, int)"
22176777,22192970,"k_gemv_fp16(__half *, const __half *, const __half *, const __half *, int, int)"
22193002,22193866,"k_kv_append(__half *, __half *, const __half *, int, int)"
22193898,22252590,"k_attn_decode(__half *, const __half *, const __half *, const __half *, int, int)"
22252654,22259951,"k_gemv_fp16(__half *, const __half *, const __half *, const __half *, int, int)"
22259983,22260751,"k_add(__half *, const __half *, unsigned long long)"
22260815,22263727,"k_layernorm(__half *, const __half *, const __half *, const __half *, int, int)"
22263791,22284592,"k_gemv_fp16(__half *, const __half *, const __half *, const __half *, int, int)"
22284624,22285456,"k_gelu(__half *, unsigned long long)"
22285488,22308274,"k_gemv_fp16(__half *, const __half *, const __half *, const __half *, int, int)"
22308306,22309106,"k_add(__half *, const __half *, unsigned long long)"
22309138,22312050,"k_layernorm(__half *, const __half *, const __half *, const __half *, int, int)"
22312082,22328275,"k_gemv_fp16(__half *, const __half *, const __half *, const __half *, int, int)"
22328307,22329171,"k_kv_append(__half *, __half *, const __half *, int, int)"
22330067,22389015,"k_attn_decode(__half *, const __half *, const __half *, const __half *, int, int)"
22389048,22396408,"k_gemv_fp16(__half *, const __half *, const __half *, const __half *, int, int)"
22396440,22397208,"k_add(__half *, const __half *, unsigned long long)"
22397272,22400184,"k_layernorm(__half *, const __half *, const __half *, const __half *, int, int)"
22400216,22421018,"k_gemv_fp16(__half *, const __half *, const __half *, const __half *, int, int)"
22421050,22421882,"k_gelu(__half *, unsigned long long)"
22421914,22444763,"k_gemv_fp16(__half *, const __half *, const __half *, const __half *, int, int)"
22444795,22445595,"k_add(__half *, const __half *, unsigned long long)"
22445627,22448635,"k_layernorm(__half *, const __half *, const __half *, const __half *, int, int)"
22448668,22464861,"k_gemv_fp16(__half *, const __half *, const __half *, const __half *, int, int)"
22464893,22465789,"k_kv_append(__half *, __half *, const __half *, int, int)"
22465821,22524289,"k_attn_decode(__half *, const __half *, const __half *, const __half *, int, int)"
22524353,22531617,"k_gemv_fp16(__half *, const __half *, const __half *, const __half *, int, int)"
22531649,22532417,"k_add(__half *, const __half *, unsigned long long)"
22532449,22535298,"k_layernorm(__half *, const __half *, const __half *, const __half *, int, int)"
22535362,22556131,"k_gemv_fp16(__half *, const __half *, const __half *, const __half *, int, int)"
22557059,22557891,"k_gelu(__half *, unsigned long long)"
22557923,22580741,"k_gemv_fp16(__half *, const __half *, const __half *, const __half *, int, int)"
22580805,22581573,"k_add(__half *, const __half *, unsigned long long)"
22581605,22584485,"k_layernorm(__half *, const __half *, const __half *, const __half *, int, int)"
22584549,22600870,"k_gemv_fp16(__half *, const __half *, const __half *, const __half *, int, int)"
22600902,22601766,"k_kv_append(__half *, __half *, const __half *, int, int)"
22601798,22660362,"k_attn_decode(__half *, const __half *, const __half *, const __half *, int, int)"
22660394,22667691,"k_gemv_fp16(__half *, const __half *, const __half *, const __half *, int, int)"
22667755,22668523,"k_add(__half *, const __half *, unsigned long long)"
22668555,22671435,"k_layernorm(__half *, const __half *, const __half *, const __half *, int, int)"
22671467,22692332,"k_gemv_fp16(__half *, const __half *, const __half *, const __half *, int, int)"
22692396,22693228,"k_gelu(__half *, unsigned long long)"
22693261,22715982,"k_gemv_fp16(__half *, const __half *, const __half *, const __half *, int, int)"
22716014,22716782,"k_add(__half *, const __half *, unsigned long long)"
22716846,22719694,"k_layernorm(__half *, const __half *, const __half *, const __half *, int, int)"
22719758,22736047,"k_gemv_fp16(__half *, const __half *, const __half *, const __half *, int, int)"
22736751,22737647,"k_kv_append(__half *, __half *, const __half *, int, int)"
22737680,22796051,"k_attn_decode(__half *, const __half *, const __half *, const __half *, int, int)"
22796116,22803412,"k_gemv_fp16(__half *, const __half *, const __half *, const __half *, int, int)"
22803476,22804244,"k_add(__half *, const __half *, unsigned long long)"
22804276,22807124,"k_layernorm(__half *, const __half *, const __half *, const __half *, int, int)"
22807188,22828118,"k_gemv_fp16(__half *, const __half *, const __half *, const __half *, int, int)"
22828182,22828982,"k_gelu(__half *, unsigned long long)"
22829046,22851831,"k_gemv_fp16(__half *, const __half *, const __half *, const __half *, int, int)"
22851863,22852631,"k_add(__half *, const __half *, unsigned long long)"
22852695,22855640,"k_layernorm(__half *, const __half *, const __half *, const __half *, int, int)"
22855704,22871865,"k_gemv_fp16(__half *, const __half *, const __half *, const __half *, int, int)"
22871897,22872793,"k_kv_append(__half *, __half *, const __half *, int, int)"
22872825,22931261,"k_attn_decode(__half *, const __half *, const __half *, const __half *, int, int)"
22931293,22938557,"k_gemv_fp16(__half *, const __half *, const __half *, const __half *, int, int)"
22938589,22939357,"k_add(__half *, const __half *, unsigned long long)"
22939389,22942238,"k_layernorm(__half *, const __half *, const __half *, const __half *, int, int)"
22942942,22963775,"k_gemv_fp16(__half *, const __half *, const __half *, const __half *, int, int)"
22963807,22964671,"k_gelu(__half *, unsigned long long)"
22964703,22987681,"k_gemv_fp16(__half *, const __half *, const __half *, const __half *, int, int)"
22987713,22988481,"k_add(__half *, const __half *, unsigned long long)"
22988545,22991457,"k_layernorm(__half *, const __half *, const __half *, const __half *, int, int)"
22991489,23007938,"k_gemv_fp16(__half *, const __half *, const __half *, const __half *, int, int)"
23007970,23008834,"k_kv_append(__half *, __half *, const __half *, int, int)"
23008898,23067270,"k_attn_decode(__half *, const __half *, const __half *, const __half *, int, int)"
23067302,23074598,"k_gemv_fp16(__half *, const __half *, const __half *, const __half *, int, int)"
23074599,23075399,"k_add(__half *, const __half *, unsigned long long)"
23075431,23078311,"k_layernorm(__half *, const __half *, const __half *, const __half *, int, int)"
23078343,23099208,"k_gemv_fp16(__half *, const __half *, const __half *, const __half *, int, int)"
23099240,23100073,"k_gelu(__half *, unsigned long long)"
23100104,23122826,"k_gemv_fp16(__half *, const __half *, const __half *, const __half *, int, int)"
23122858,23123658,"k_add(__half *, const __half *, unsigned long long)"
23123690,23126602,"k_layernorm(__half *, const __half *, const __half *, const __half *, int, int)"
23127306,23144076,"k_gemv_fp16(__half *, const __half *, const __half *, const __half *, int, int)"
23144107,23144971,"k_kv_append(__half *, __half *, const __half *, int, int)"
23145004,23203888,"k_attn_decode(__half *, const __half *, const __half *, const __half *, int, int)"
23203920,23211216,"k_gemv_fp16(__half *, const __half *, const __half *, const __half *, int, int)"
23211248,23212048,"k_add(__half *, const __half *, unsigned long long)"
23212080,23214960,"k_layernorm(__half *, const __half *, const __half *, const __half *, int, int)"
23215024,23235954,"k_gemv_fp16(__half *, const __half *, const __half *, const __half *, int, int)"
23235986,23236818,"k_gelu(__half *, unsigned long long)"
23236850,23259635,"k_gemv_fp16(__half *, const __half *, const __half *, const __half *, int, int)"
23259667,23260467,"k_add(__half *, const __half *, unsigned long long)"
23260500,23263348,"k_layernorm(__half *, const __half *, const __half *, const __half *, int, int)"
23263412,23279573,"k_gemv_fp16(__half *, const __half *, const __half *, const __half *, int, int)"
23279605,23280469,"k_kv_append(__half *, __half *, const __half *, int, int)"
23280501,23338905,"k_attn_decode(__half *, const __half *, const __half *, const __half *, int, int)"
23338937,23346265,"k_gemv_fp16(__half *, const __half *, const __half *, const __half *, int, int)"
23346297,23347098,"k_add(__half *, const __half *, unsigned long long)"
23347801,23350682,"k_layernorm(__half *, const __half *, const __half *, const __half *, int, int)"
23350746,23371547,"k_gemv_fp16(__half *, const __half *, const __half *, const __half *, int, int)"
23371579,23372443,"k_gelu(__half *, unsigned long long)"
23372475,23395229,"k_gemv_fp16(__half *, const __half *, const __half *, const __half *, int, int)"
23395293,23396061,"k_add(__half *, const __half *, unsigned long long)"
23396093,23399101,"k_layernorm(__half *, const __half *, const __half *, const __half *, int, int)"
23399165,23710771,"k_gemv_fp16(__half *, const __half *, const __half *, const __half *, int, int)"
23778839,23779767,"k_embed_one(__half *, const __half *, const __half *, int, int)"
23779799,23782776,"k_layernorm(__half *, const __half *, const __half *, const __half *, int, int)"
23782807,23799129,"k_gemv_fp16(__half *, const __half *, const __half *, const __half *, int, int)"
23799160,23800025,"k_kv_append(__half *, __half *, const __half *, int, int)"
23800057,23858077,"k_attn_decode(__half *, const __half *, const __half *, const __half *, int, int)"
23858109,23865373,"k_gemv_fp16(__half *, const __half *, const __half *, const __half *, int, int)"
23865405,23866173,"k_add(__half *, const __half *, unsigned long long)"
23866205,23869085,"k_layernorm(__half *, const __half *, const __half *, const __half *, int, int)"
23869149,23890047,"k_gemv_fp16(__half *, const __half *, const __half *, const __half *, int, int)"
23890079,23890943,"k_gelu(__half *, unsigned long long)"
23890975,23913760,"k_gemv_fp16(__half *, const __half *, const __half *, const __half *, int, int)"
23913793,23914593,"k_add(__half *, const __half *, unsigned long long)"
23914624,23917633,"k_layernorm(__half *, const __half *, const __half *, const __half *, int, int)"
23917665,23933794,"k_gemv_fp16(__half *, const __half *, const __half *, const __half *, int, int)"
23933826,23934722,"k_kv_append(__half *, __half *, const __half *, int, int)"
23934754,23993318,"k_attn_decode(__half *, const __half *, const __half *, const __half *, int, int)"
23994022,24000647,"k_gemv_fp16(__half *, const __half *, const __half *, const __half *, int, int)"
24000678,24001447,"k_add(__half *, const __half *, unsigned long long)"
24001478,24004391,"k_layernorm(__half *, const __half *, const __half *, const __half *, int, int)"
24004423,24025288,"k_gemv_fp16(__half *, const __half *, const __half *, const __half *, int, int)"
24025320,24026152,"k_gelu(__half *, unsigned long long)"
24026184,24049194,"k_gemv_fp16(__half *, const __half *, const __half *, const __half *, int, int)"
24049226,24050026,"k_add(__half *, const __half *, unsigned long long)"
24050058,24053002,"k_layernorm(__half *, const __half *, const __half *, const __half *, int, int)"
24053034,24069323,"k_gemv_fp16(__half *, const __half *, const __half *, const __half *, int, int)"
24069355,24070219,"k_kv_append(__half *, __half *, const __half *, int, int)"
24070283,24128559,"k_attn_decode(__half *, const __half *, const __half *, const __half *, int, int)"
24128623,24135888,"k_gemv_fp16(__half *, const __half *, const __half *, const __half *, int, int)"
24135920,24136688,"k_add(__half *, const __half *, unsigned long long)"
24136720,24139696,"k_layernorm(__half *, const __half *, const __half *, const __half *, int, int)"
24139728,24160497,"k_gemv_fp16(__half *, const __half *, const __half *, const __half *, int, int)"
24160562,24161394,"k_gelu(__half *, unsigned long long)"
24162161,24185107,"k_gemv_fp16(__half *, const __half *, const __half *, const __half *, int, int)"
24185139,24185939,"k_add(__half *, const __half *, unsigned long long)"
24185971,24188819,"k_layernorm(__half *, const __half *, const __half *, const __half *, int, int)"
24188883,24205204,"k_gemv_fp16(__half *, const __half *, const __half *, const __half *, int, int)"
24205268,24206101,"k_kv_append(__half *, __half *, const __half *, int, int)"
24206165,24264697,"k_attn_decode(__half *, const __half *, const __half *, const __half *, int, int)"
24264761,24272057,"k_gemv_fp16(__half *, const __half *, const __half *, const __half *, int, int)"
24272089,24272889,"k_add(__half *, const __half *, unsigned long long)"
24272921,24275801,"k_layernorm(__half *, const __half *, const __half *, const __half *, int, int)"
24275834,24296603,"k_gemv_fp16(__half *, const __half *, const __half *, const __half *, int, int)"
24296635,24297467,"k_gelu(__half *, unsigned long long)"
24297531,24320284,"k_gemv_fp16(__half *, const __half *, const __half *, const __half *, int, int)"
24320316,24321117,"k_add(__half *, const __half *, unsigned long long)"
24321149,24324029,"k_layernorm(__half *, const __half *, const __half *, const __half *, int, int)"
24324061,24340222,"k_gemv_fp16(__half *, const __half *, const __half *, const __half *, int, int)"
24340254,24341118,"k_kv_append(__half *, __half *, const __half *, int, int)"
24341822,24399874,"k_attn_decode(__half *, const __half *, const __half *, const __half *, int, int)"
24399906,24407234,"k_gemv_fp16(__half *, const __half *, const __half *, const __half *, int, int)"
24407266,24408067,"k_add(__half *, const __half *, unsigned long long)"
24408099,24410979,"k_layernorm(__half *, const __half *, const __half *, const __half *, int, int)"
24411043,24431780,"k_gemv_fp16(__half *, const __half *, const __half *, const __half *, int, int)"
24431812,24432644,"k_gelu(__half *, unsigned long long)"
24432708,24455590,"k_gemv_fp16(__half *, const __half *, const __half *, const __half *, int, int)"
24455654,24456422,"k_add(__half *, const __half *, unsigned long long)"
24456454,24459462,"k_layernorm(__half *, const __half *, const __half *, const __half *, int, int)"
24459494,24475655,"k_gemv_fp16(__half *, const __half *, const __half *, const __half *, int, int)"
24475687,24476551,"k_kv_append(__half *, __half *, const __half *, int, int)"
24476615,24535403,"k_attn_decode(__half *, const __half *, const __half *, const __half *, int, int)"
24535435,24542668,"k_gemv_fp16(__half *, const __half *, const __half *, const __half *, int, int)"
24542732,24543500,"k_add(__half *, const __half *, unsigned long long)"
24543532,24546412,"k_layernorm(__half *, const __half *, const __half *, const __half *, int, int)"
24546444,24567182,"k_gemv_fp16(__half *, const __half *, const __half *, const __half *, int, int)"
24567950,24568782,"k_gelu(__half *, unsigned long long)"
24568814,24591951,"k_gemv_fp16(__half *, const __half *, const __half *, const __half *, int, int)"
24591983,24592783,"k_add(__half *, const __half *, unsigned long long)"
24592815,24595695,"k_layernorm(__half *, const __half *, const __half *, const __half *, int, int)"
24595759,24611920,"k_gemv_fp16(__half *, const __half *, const __half *, const __half *, int, int)"
24611953,24612817,"k_kv_append(__half *, __half *, const __half *, int, int)"
24612880,24671413,"k_attn_decode(__half *, const __half *, const __half *, const __half *, int, int)"
24671477,24678773,"k_gemv_fp16(__half *, const __half *, const __half *, const __half *, int, int)"
24678805,24679605,"k_add(__half *, const __half *, unsigned long long)"
24679637,24682549,"k_layernorm(__half *, const __half *, const __half *, const __half *, int, int)"
24682613,24703351,"k_gemv_fp16(__half *, const __half *, const __half *, const __half *, int, int)"
24703383,24704215,"k_gelu(__half *, unsigned long long)"
24704247,24727065,"k_gemv_fp16(__half *, const __half *, const __half *, const __half *, int, int)"
24727097,24727896,"k_add(__half *, const __half *, unsigned long long)"
24727929,24730809,"k_layernorm(__half *, const __half *, const __half *, const __half *, int, int)"
24730841,24747194,"k_gemv_fp16(__half *, const __half *, const __half *, const __half *, int, int)"
24747898,24748762,"k_kv_append(__half *, __half *, const __half *, int, int)"
24748794,24806974,"k_attn_decode(__half *, const __half *, const __half *, const __half *, int, int)"
24807038,24814367,"k_gemv_fp16(__half *, const __half *, const __half *, const __half *, int, int)"
24814398,24815167,"k_add(__half *, const __half *, unsigned long long)"
24815198,24818079,"k_layernorm(__half *, const __half *, const __half *, const __half *, int, int)"
24818111,24839008,"k_gemv_fp16(__half *, const __half *, const __half *, const __half *, int, int)"
24839040,24839872,"k_gelu(__half *, unsigned long long)"
24839904,24862850,"k_gemv_fp16(__half *, const __half *, const __half *, const __half *, int, int)"
24862882,24863682,"k_add(__half *, const __half *, unsigned long long)"
24863714,24866562,"k_layernorm(__half *, const __half *, const __half *, const __half *, int, int)"
24866626,24882947,"k_gemv_fp16(__half *, const __half *, const __half *, const __half *, int, int)"
24882979,24883843,"k_kv_append(__half *, __half *, const __half *, int, int)"
24883875,24942183,"k_attn_decode(__half *, const __half *, const __half *, const __half *, int, int)"
24942215,24949576,"k_gemv_fp16(__half *, const __half *, const __half *, const __half *, int, int)"
24949608,24950408,"k_add(__half *, const __half *, unsigned long long)"
24950440,24953288,"k_layernorm(__half *, const __half *, const __half *, const __half *, int, int)"
24954056,24974858,"k_gemv_fp16(__half *, const __half *, const __half *, const __half *, int, int)"
24974890,24975722,"k_gelu(__half *, unsigned long long)"
24975754,24998507,"k_gemv_fp16(__half *, const __half *, const __half *, const __half *, int, int)"
24998539,24999339,"k_add(__half *, const __half *, unsigned long long)"
24999371,25002283,"k_layernorm(__half *, const __half *, const __half *, const __half *, int, int)"
25002348,25018828,"k_gemv_fp16(__half *, const __half *, const __half *, const __half *, int, int)"
25018861,25019725,"k_kv_append(__half *, __half *, const __half *, int, int)"
25019757,25078161,"k_attn_decode(__half *, const __half *, const __half *, const __half *, int, int)"
25078193,25085425,"k_gemv_fp16(__half *, const __half *, const __half *, const __half *, int, int)"
25085457,25086257,"k_add(__half *, const __half *, unsigned long long)"
25086289,25089233,"k_layernorm(__half *, const __half *, const __half *, const __half *, int, int)"
25089265,25110035,"k_gemv_fp16(__half *, const __half *, const __half *, const __half *, int, int)"
25110067,25110930,"k_gelu(__half *, unsigned long long)"
25110931,25133683,"k_gemv_fp16(__half *, const __half *, const __half *, const __half *, int, int)"
25133684,25134485,"k_add(__half *, const __half *, unsigned long long)"
25134517,25137429,"k_layernorm(__half *, const __half *, const __half *, const __half *, int, int)"
25138357,25154454,"k_gemv_fp16(__half *, const __half *, const __half *, const __half *, int, int)"
25154518,25155382,"k_kv_append(__half *, __half *, const __half *, int, int)"
25155414,25214554,"k_attn_decode(__half *, const __half *, const __half *, const __half *, int, int)"
25214586,25221915,"k_gemv_fp16(__half *, const __half *, const __half *, const __half *, int, int)"
25221979,25222747,"k_add(__half *, const __half *, unsigned long long)"
25222779,25225659,"k_layernorm(__half *, const __half *, const __half *, const __half *, int, int)"
25225691,25246620,"k_gemv_fp16(__half *, const __half *, const __half *, const __half *, int, int)"
25246652,25247484,"k_gelu(__half *, unsigned long long)"
25247516,25270430,"k_gemv_fp16(__half *, const __half *, const __half *, const __half *, int, int)"
25270462,25271230,"k_add(__half *, const __half *, unsigned long long)"
25271294,25274142,"k_layernorm(__half *, const __half *, const __half *, const __half *, int, int)"
25274174,25290335,"k_gemv_fp16(__half *, const __half *, const __half *, const __half *, int, int)"
25290367,25291231,"k_kv_append(__half *, __half *, const __half *, int, int)"
25291295,25349635,"k_attn_decode(__half *, const __half *, const __half *, const __half *, int, int)"
25349699,25356996,"k_gemv_fp16(__half *, const __half *, const __half *, const __half *, int, int)"
25357060,25357828,"k_add(__half *, const __half *, unsigned long long)"
25358564,25361444,"k_layernorm(__half *, const __half *, const __half *, const __half *, int, int)"
25361476,25382342,"k_gemv_fp16(__half *, const __half *, const __half *, const __half *, int, int)"
25382406,25383238,"k_gelu(__half *, unsigned long long)"
25383270,25406311,"k_gemv_fp16(__half *, const __half *, const __half *, const __half *, int, int)"
25406343,25407111,"k_add(__half *, const __half *, unsigned long long)"
25407175,25410056,"k_layernorm(__half *, const __half *, const __half *, const __half *, int, int)"
25410087,25722397,"k_gemv_fp16(__half *, const __half *, const __half *, const __half *, int, int)"
25790402,25791330,"k_embed_one(__half *, const __half *, const __half *, int, int)"
25791362,25794242,"k_layernorm(__half *, const __half *, const __half *, const __half *, int, int)"
25794274,25810563,"k_gemv_fp16(__half *, const __half *, const __half *, const __half *, int, int)"
25810627,25811747,"k_kv_append(__half *, __half *, const __half *, int, int)"
25811779,25870407,"k_attn_decode(__half *, const __half *, const __half *, const __half *, int, int)"
25870439,25877735,"k_gemv_fp16(__half *, const __half *, const __half *, const __half *, int, int)"
25877736,25878536,"k_add(__half *, const __half *, unsigned long long)"
25878568,25881480,"k_layernorm(__half *, const __half *, const __half *, const __half *, int, int)"
25881512,25902537,"k_gemv_fp16(__half *, const __half *, const __half *, const __half *, int, int)"
25902569,25903434,"k_gelu(__half *, unsigned long long)"
25903466,25926411,"k_gemv_fp16(__half *, const __half *, const __half *, const __half *, int, int)"
25926443,25927211,"k_add(__half *, const __half *, unsigned long long)"
25927275,25930219,"k_layernorm(__half *, const __half *, const __half *, const __half *, int, int)"
25930251,25946477,"k_gemv_fp16(__half *, const __half *, const __half *, const __half *, int, int)"
25946509,25947373,"k_kv_append(__half *, __half *, const __half *, int, int)"
25947404,26005809,"k_attn_decode(__half *, const __half *, const __half *, const __half *, int, int)"
26006577,26013297,"k_gemv_fp16(__half *, const __half *, const __half *, const __half *, int, int)"
26013329,26014097,"k_add(__half *, const __half *, unsigned long long)"
26014129,26017041,"k_layernorm(__half *, const __half *, const __half *, const __half *, int, int)"
26017073,26037971,"k_gemv_fp16(__half *, const __half *, const __half *, const __half *, int, int)"
26038003,26038835,"k_gelu(__half *, unsigned long long)"
26038867,26061972,"k_gemv_fp16(__half *, const __half *, const __half *, const __half *, int, int)"
26062004,26062804,"k_add(__half *, const __half *, unsigned long long)"
26062837,26065749,"k_layernorm(__half *, const __half *, const __half *, const __half *, int, int)"
26065781,26082038,"k_gemv_fp16(__half *, const __half *, const __half *, const __half *, int, int)"
26082070,26082934,"k_kv_append(__half *, __half *, const __half *, int, int)"
26082998,26141370,"k_attn_decode(__half *, const __half *, const __half *, const __half *, int, int)"
26141402,26148698,"k_gemv_fp16(__half *, const __half *, const __half *, const __half *, int, int)"
26148731,26149499,"k_add(__half *, const __half *, unsigned long long)"
26149530,26152411,"k_layernorm(__half *, const __half *, const __half *, const __half *, int, int)"
26152475,26173276,"k_gemv_fp16(__half *, const __half *, const __half *, const __half *, int, int)"
26173340,26174172,"k_gelu(__half *, unsigned long long)"
26174876,26197950,"k_gemv_fp16(__half *, const __half *, const __half *, const __half *, int, int)"
26197982,26198750,"k_add(__half *, const __half *, unsigned long long)"
26198814,26201662,"k_layernorm(__half *, const __half *, const __half *, const __half *, int, int)"
26201726,26217983,"k_gemv_fp16(__half *, const __half *, const __half *, const __half *, int, int)"
26218015,26218879,"k_kv_append(__half *, __half *, const __half *, int, int)"
26218943,26277443,"k_attn_decode(__half *, const __half *, const __half *, const __half *, int, int)"
26277475,26284772,"k_gemv_fp16(__half *, const __half *, const __half *, const __half *, int, int)"
26284836,26285604,"k_add(__half *, const __half *, unsigned long long)"
26285636,26288548,"k_layernorm(__half *, const __half *, const __half *, const __half *, int, int)"
26288612,26309381,"k_gemv_fp16(__half *, const __half *, const __half *, const __half *, int, int)"
26309414,26310246,"k_gelu(__half *, unsigned long long)"
26310278,26333063,"k_gemv_fp16(__half *, const __half *, const __half *, const __half *, int, int)"
26333095,26333895,"k_add(__half *, const __half *, unsigned long long)"
26333927,26336807,"k_layernorm(__half *, const __half *, const __half *, const __half *, int, int)"
26336839,26353033,"k_gemv_fp16(__half *, const __half *, const __half *, const __half *, int, int)"
26353065,26353929,"k_kv_append(__half *, __half *, const __half *, int, int)"
26354633,26413485,"k_attn_decode(__half *, const __half *, const __half *, const __half *, int, int)"
26413517,26420845,"k_gemv_fp16(__half *, const __half *, const __half *, const __half *, int, int)"
26420909,26421677,"k_add(__half *, const __half *, unsigned long long)"
26421709,26424686,"k_layernorm(__half *, const __half *, const __half *, const __half *, int, int)"
26424717,26445647,"k_gemv_fp16(__half *, const __half *, const __half *, const __half *, int, int)"
26445679,26446511,"k_gelu(__half *, unsigned long long)"
26446543,26469360,"k_gemv_fp16(__half *, const __half *, const __half *, const __half *, int, int)"
26469393,26470192,"k_add(__half *, const __half *, unsigned long long)"
26470225,26473105,"k_layernorm(__half *, const __half *, const __half *, const __half *, int, int)"
26473137,26489362,"k_gemv_fp16(__half *, const __half *, const __half *, const __half *, int, int)"
26489394,26490258,"k_kv_append(__half *, __half *, const __half *, int, int)"
26490290,26549078,"k_attn_decode(__half *, const __half *, const __half *, const __half *, int, int)"
26549110,26556374,"k_gemv_fp16(__half *, const __half *, const __half *, const __half *, int, int)"
26556407,26557207,"k_add(__half *, const __half *, unsigned long long)"
26557238,26560151,"k_layernorm(__half *, const __half *, const __half *, const __half *, int, int)"
26560183,26581112,"k_gemv_fp16(__half *, const __half *, const __half *, const __half *, int, int)"
26581976,26582840,"k_gelu(__half *, unsigned long long)"
26582872,26605914,"k_gemv_fp16(__half *, const __half *, const __half *, const __half *, int, int)"
26605978,26606746,"k_add(__half *, const __half *, unsigned long long)"
26606778,26609658,"k_layernorm(__half *, const __half *, const __half *, const __half *, int, int)"
26609722,26625851,"k_gemv_fp16(__half *, const __half *, const __half *, const __half *, int, int)"
26625883,26626747,"k_kv_append(__half *, __half *, const __half *, int, int)"
26626811,26685439,"k_attn_decode(__half *, const __half *, const __half *, const __half *, int, int)"
26685503,26692800,"k_gemv_fp16(__half *, const __half *, const __half *, const __half *, int, int)"
26692832,26693600,"k_add(__half *, const __half *, unsigned long long)"
26693632,26696512,"k_layernorm(__half *, const __half *, const __half *, const __half *, int, int)"
26696544,26717282,"k_gemv_fp16(__half *, const __half *, const __half *, const __half *, int, int)"
26717313,26718146,"k_gelu(__half *, unsigned long long)"
26718210,26740899,"k_gemv_fp16(__half *, const __half *, const __half *, const __half *, int, int)"
26740931,26741731,"k_add(__half *, const __half *, unsigned long long)"
26741763,26744675,"k_layernorm(__half *, const __half *, const __half *, const __half *, int, int)"
26744707,26760868,"k_gemv_fp16(__half *, const __half *, const __half *, const __half *, int, int)"
26761541,26762405,"k_kv_append(__half *, __half *, const __half *, int, int)"
26762469,26821193,"k_attn_decode(__half *, const __half *, const __half *, const __half *, int, int)"
26821225,26828489,"k_gemv_fp16(__half *, const __half *, const __half *, const __half *, int, int)"
26828521,26829321,"k_add(__half *, const __half *, unsigned long long)"
26829353,26832329,"k_layernorm(__half *, const __half *, const __half *, const __half *, int, int)"
26832362,26853259,"k_gemv_fp16(__half *, const __half *, const __half *, const __half *, int, int)"
26853291,26854123,"k_gelu(__half *, unsigned long long)"
26854155,26877005,"k_gemv_fp16(__half *, const __half *, const __half *, const __half *, int, int)"
26877037,26877804,"k_add(__half *, const __half *, unsigned long long)"
26877869,26880717,"k_layernorm(__half *, const __half *, const __half *, const __half *, int, int)"
26880749,26896942,"k_gemv_fp16(__half *, const __half *, const __half *, const __half *, int, int)"
26896974,26897870,"k_kv_append(__half *, __half *, const __half *, int, int)"
26897902,26956338,"k_attn_decode(__half *, const __half *, const __half *, const __half *, int, int)"
26956402,26963731,"k_gemv_fp16(__half *, const __half *, const __half *, const __half *, int, int)"
26963763,26964531,"k_add(__half *, const __half *, unsigned long long)"
26964563,26967411,"k_layernorm(__half *, const __half *, const __half *, const __half *, int, int)"
26968147,26988916,"k_gemv_fp16(__half *, const __half *, const __half *, const __half *, int, int)"
26988948,26989812,"k_gelu(__half *, unsigned long long)"
26989844,27012598,"k_gemv_fp16(__half *, const __half *, const __half *, const __half *, int, int)"
27012630,27013398,"k_add(__half *, const __half *, unsigned long long)"
27013462,27016310,"k_layernorm(__half *, const __half *, const __half *, const __half *, int, int)"
27016342,27032631,"k_gemv_fp16(__half *, const __half *, const __half *, const __half *, int, int)"
27032663,27033559,"k_kv_append(__half *, __half *, const __half *, int, int)"
27033591,27092443,"k_attn_decode(__half *, const __half *, const __half *, const __half *, int, int)"
27092475,27099740,"k_gemv_fp16(__half *, const __half *, const __half *, const __half *, int, int)"
27099772,27100540,"k_add(__half *, const __half *, unsigned long long)"
27100604,27103452,"k_layernorm(__half *, const __half *, const __half *, const __half *, int, int)"
27103484,27124286,"k_gemv_fp16(__half *, const __half *, const __half *, const __half *, int, int)"
27124318,27125150,"k_gelu(__half *, unsigned long long)"
27125182,27147935,"k_gemv_fp16(__half *, const __half *, const __half *, const __half *, int, int)"
27147967,27148767,"k_add(__half *, const __half *, unsigned long long)"
27148799,27151775,"k_layernorm(__half *, const __half *, const __half *, const __half *, int, int)"
27152479,27169249,"k_gemv_fp16(__half *, const __half *, const __half *, const __half *, int, int)"
27169281,27170177,"k_kv_append(__half *, __half *, const __half *, int, int)"
27170209,27228581,"k_attn_decode(__half *, const __half *, const __half *, const __half *, int, int)"
27228613,27236005,"k_gemv_fp16(__half *, const __half *, const __half *, const __half *, int, int)"
27236037,27236837,"k_add(__half *, const __half *, unsigned long long)"
27236869,27239749,"k_layernorm(__half *, const __half *, const __half *, const __half *, int, int)"
27239782,27260711,"k_gemv_fp16(__half *, const __half *, const __half *, const __half *, int, int)"
27260743,27261575,"k_gelu(__half *, unsigned long long)"
27261607,27284360,"k_gemv_fp16(__half *, const __half *, const __half *, const __half *, int, int)"
27284425,27285193,"k_add(__half *, const __half *, unsigned long long)"
27285257,27288201,"k_layernorm(__half *, const __half *, const __half *, const __half *, int, int)"
27288233,27304362,"k_gemv_fp16(__half *, const __half *, const __half *, const __half *, int, int)"
27304394,27305258,"k_kv_append(__half *, __half *, const __half *, int, int)"
27305322,27363694,"k_attn_decode(__half *, const __half *, const __half *, const __half *, int, int)"
27363726,27371087,"k_gemv_fp16(__half *, const __half *, const __half *, const __half *, int, int)"
27371151,27371919,"k_add(__half *, const __half *, unsigned long long)"
27372783,27375663,"k_layernorm(__half *, const __half *, const __half *, const __half *, int, int)"
27375727,27396496,"k_gemv_fp16(__half *, const __half *, const __half *, const __half *, int, int)"
27396528,27397360,"k_gelu(__half *, unsigned long long)"
27397424,27420210,"k_gemv_fp16(__half *, const __half *, const __half *, const __half *, int, int)"
27420242,27421010,"k_add(__half *, const __half *, unsigned long long)"
27421074,27423922,"k_layernorm(__half *, const __half *, const __half *, const __half *, int, int)"
27423986,27735560,"k_gemv_fp16(__half *, const __half *, const __half *, const __half *, int, int)"
27799948,27800876,"k_embed_one(__half *, const __half *, const __half *, int, int)"
27800908,27803788,"k_layernorm(__half *, const __half *, const __half *, const __half *, int, int)"
27803821,27820078,"k_gemv_fp16(__half *, const __half *, const __half *, const __half *, int, int)"
27820109,27821198,"k_kv_append(__half *, __half *, const __half *, int, int)"
27821230,27879954,"k_attn_decode(__half *, const __half *, const __half *, const __half *, int, int)"
27879986,27887250,"k_gemv_fp16(__half *, const __half *, const __half *, const __half *, int, int)"
27887282,27888082,"k_add(__half *, const __half *, unsigned long long)"
27888114,27891058,"k_layernorm(__half *, const __half *, const __half *, const __half *, int, int)"
27891090,27912244,"k_gemv_fp16(__half *, const __half *, const __half *, const __half *, int, int)"
27912276,27913108,"k_gelu(__half *, unsigned long long)"
27913140,27936021,"k_gemv_fp16(__half *, const __half *, const __half *, const __half *, int, int)"
27936054,27936854,"k_add(__half *, const __half *, unsigned long long)"
27936885,27939798,"k_layernorm(__half *, const __half *, const __half *, const __half *, int, int)"
27939830,27955991,"k_gemv_fp16(__half *, const __half *, const __half *, const __half *, int, int)"
27956055,27956919,"k_kv_append(__half *, __half *, const __half *, int, int)"
27956951,28015739,"k_attn_decode(__half *, const __half *, const __half *, const __half *, int, int)"
28016635,28023292,"k_gemv_fp16(__half *, const __half *, const __half *, const __half *, int, int)"
28023323,28024091,"k_add(__half *, const __half *, unsigned long long)"
28024124,28027164,"k_layernorm(__half *, const __half *, const __half *, const __half *, int, int)"
28027196,28048061,"k_gemv_fp16(__half *, const __half *, const __half *, const __half *, int, int)"
28048125,28048957,"k_gelu(__half *, unsigned long long)"
28048989,28071903,"k_gemv_fp16(__half *, const __half *, const __half *, const __half *, int, int)"
28071935,28072735,"k_add(__half *, const __half *, unsigned long long)"
28072767,28075647,"k_layernorm(__half *, const __half *, const __half *, const __half *, int, int)"
28075679,28092064,"k_gemv_fp16(__half *, const __half *, const __half *, const __half *, int, int)"
28092096,28092960,"k_kv_append(__half *, __half *, const __half *, int, int)"
28092992,28151780,"k_attn_decode(__half *, const __half *, const __half *, const __half *, int, int)"
28151812,28159077,"k_gemv_fp16(__half *, const __half *, const __half *, const __half *, int, int)"
28159109,28159909,"k_add(__half *, const __half *, unsigned long long)"
28159941,28162789,"k_layernorm(__half *, const __half *, const __half *, const __half *, int, int)"
28162821,28183623,"k_gemv_fp16(__half *, const __half *, const __half *, const __half *, int, int)"
28183655,28184487,"k_gelu(__half *, unsigned long long)"
28185191,28208104,"k_gemv_fp16(__half *, const __half *, const __half *, const __half *, int, int)"
28208136,28208904,"k_add(__half *, const __half *, unsigned long long)"
28208968,28211816,"k_layernorm(__half *, const __half *, const __half *, const __half *, int, int)"
28211849,28228074,"k_gemv_fp16(__half *, const __half *, const __half *, const __half *, int, int)"
28228106,28228970,"k_kv_append(__half *, __half *, const __half *, int, int)"
28229034,28287598,"k_attn_decode(__half *, const __half *, const __half *, const __half *, int, int)"
28287662,28294958,"k_gemv_fp16(__half *, const __half *, const __half *, const __half *, int, int)"
28294990,28295758,"k_add(__half *, const __half *, unsigned long long)"
28295790,28298703,"k_layernorm(__half *, const __half *, const __half *, const __half *, int, int)"
28298734,28319536,"k_gemv_fp16(__half *, const __half *, const __half *, const __half *, int, int)"
28319600,28320432,"k_gelu(__half *, unsigned long long)"
28320464,28343314,"k_gemv_fp16(__half *, const __half *, const __half *, const __half *, int, int)"
28343345,28344146,"k_add(__half *, const __half *, unsigned long long)"
28344178,28347154,"k_layernorm(__half *, const __half *, const __half *, const __half *, int, int)"
28347186,28363571,"k_gemv_fp16(__half *, const __half *, const __half *, const __half *, int, int)"
28363603,28364467,"k_kv_append(__half *, __half *, const __half *, int, int)"
28365203,28423671,"k_attn_decode(__half *, const __half *, const __half *, const __half *, int, int)"
28423703,28431032,"k_gemv_fp16(__half *, const __half *, const __half *, const __half *, int, int)"
28431064,28431832,"k_add(__half *, const __half *, unsigned long long)"
28431864,28434808,"k_layernorm(__half *, const __half *, const __half *, const __half *, int, int)"
28434840,28455609,"k_gemv_fp16(__half *, const __half *, const __half *, const __half *, int, int)"
28455673,28456505,"k_gelu(__half *, unsigned long long)"
28456537,28479355,"k_gemv_fp16(__half *, const __half *, const __half *, const __half *, int, int)"
28479387,28480187,"k_add(__half *, const __half *, unsigned long long)"
28480219,28483099,"k_layernorm(__half *, const __half *, const __half *, const __half *, int, int)"
28483131,28499324,"k_gemv_fp16(__half *, const __half *, const __half *, const __half *, int, int)"
28499388,28500252,"k_kv_append(__half *, __half *, const __half *, int, int)"
28500284,28559040,"k_attn_decode(__half *, const __half *, const __half *, const __half *, int, int)"
28559072,28566145,"k_gemv_fp16(__half *, const __half *, const __half *, const __half *, int, int)"
28566209,28566977,"k_add(__half *, const __half *, unsigned long long)"
28567009,28569857,"k_layernorm(__half *, const __half *, const __half *, const __half *, int, int)"
28569921,28590691,"k_gemv_fp16(__half *, const __half *, const __half *, const __half *, int, int)"
28591395,28592227,"k_gelu(__half *, unsigned long long)"
28592259,28615172,"k_gemv_fp16(__half *, const __half *, const __half *, const __half *, int, int)"
28615204,28615972,"k_add(__half *, const __half *, unsigned long long)"
28616036,28619045,"k_layernorm(__half *, const __half *, const __half *, const __half *, int, int)"
28619077,28635238,"k_gemv_fp16(__half *, const __half *, const __half *, const __half *, int, int)"
28635270,28636134,"k_kv_append(__half *, __half *, const __half *, int, int)"
28636198,28694666,"k_attn_decode(__half *, const __half *, const __half *, const __half *, int, int)"
28694698,28701994,"k_gemv_fp16(__half *, const __half *, const __half *, const __half *, int, int)"
28702026,28702826,"k_add(__half *, const __half *, unsigned long long)"
28702858,28705771,"k_layernorm(__half *, const __half *, const __half *, const __half *, int, int)"
28705834,28726700,"k_gemv_fp16(__half *, const __half *, const __half *, const __half *, int, int)"
28726732,28727564,"k_gelu(__half *, unsigned long long)"
28727596,28750318,"k_gemv_fp16(__half *, const __half *, const __half *, const __half *, int, int)"
28750349,28751150,"k_add(__half *, const __half *, unsigned long long)"
28751182,28754062,"k_layernorm(__half *, const __half *, const __half *, const __half *, int, int)"
28754094,28770255,"k_gemv_fp16(__half *, const __half *, const __half *, const __half *, int, int)"
28771023,28771887,"k_kv_append(__half *, __half *, const __half *, int, int)"
28771951,28830419,"k_attn_decode(__half *, const __half *, const __half *, const __half *, int, int)"
28830483,28837748,"k_gemv_fp16(__half *, const __half *, const __half *, const __half *, int, int)"
28837780,28838580,"k_add(__half *, const __half *, unsigned long long)"
28838612,28841492,"k_layernorm(__half *, const __half *, const __half *, const __half *, int, int)"
28841524,28862389,"k_gemv_fp16(__half *, const __half *, const __half *, const __half *, int, int)"
28862421,28863253,"k_gelu(__half *, unsigned long long)"
28863317,28886103,"k_gemv_fp16(__half *, const __half *, const __half *, const __half *, int, int)"
28886135,28886935,"k_add(__half *, const __half *, unsigned long long)"
28886967,28889847,"k_layernorm(__half *, const __half *, const __half *, const __half *, int, int)"
28889911,28906136,"k_gemv_fp16(__half *, const __half *, const __half *, const __half *, int, int)"
28906168,28907064,"k_kv_append(__half *, __half *, const __half *, int, int)"
28907096,28965212,"k_attn_decode(__half *, const __half *, const __half *, const __half *, int, int)"
28965244,28972573,"k_gemv_fp16(__half *, const __half *, const __half *, const __half *, int, int)"
28972605,28973405,"k_add(__half *, const __half *, unsigned long long)"
28973437,28976253,"k_layernorm(__half *, const __half *, const __half *, const __half *, int, int)"
28977021,28997823,"k_gemv_fp16(__half *, const __half *, const __half *, const __half *, int, int)"
28997855,28998687,"k_gelu(__half *, unsigned long long)"
28998719,29021440,"k_gemv_fp16(__half *, const __half *, const __half *, const __half *, int, int)"
29021504,29022272,"k_add(__half *, const __half *, unsigned long long)"
29022304,29025184,"k_layernorm(__half *, const __half *, const __half *, const __half *, int, int)"
29025217,29041698,"k_gemv_fp16(__half *, const __half *, const __half *, const __half *, int, int)"
29041730,29042594,"k_kv_append(__half *, __half *, const __half *, int, int)"
29042658,29100870,"k_attn_decode(__half *, const __half *, const __half *, const __half *, int, int)"
29100902,29108198,"k_gemv_fp16(__half *, const __half *, const __half *, const __half *, int, int)"
29108230,29109030,"k_add(__half *, const __half *, unsigned long long)"
29109062,29111911,"k_layernorm(__half *, const __half *, const __half *, const __half *, int, int)"
29111942,29132872,"k_gemv_fp16(__half *, const __half *, const __half *, const __half *, int, int)"
29132904,29133736,"k_gelu(__half *, unsigned long long)"
29133768,29156490,"k_gemv_fp16(__half *, const __half *, const __half *, const __half *, int, int)"
29156522,29157322,"k_add(__half *, const __half *, unsigned long long)"
29157354,29160266,"k_layernorm(__half *, const __half *, const __half *, const __half *, int, int)"
29161034,29177450,"k_gemv_fp16(__half *, const __half *, const __half *, const __half *, int, int)"
29177451,29178347,"k_kv_append(__half *, __half *, const __half *, int, int)"
29178379,29236783,"k_attn_decode(__half *, const __half *, const __half *, const __half *, int, int)"
29236815,29244176,"k_gemv_fp16(__half *, const __half *, const __half *, const __half *, int, int)"
29244208,29244976,"k_add(__half *, const __half *, unsigned long long)"
29245008,29247888,"k_layernorm(__half *, const __half *, const __half *, const __half *, int, int)"
29247920,29268849,"k_gemv_fp16(__half *, const __half *, const __half *, const __half *, int, int)"
29268881,29269745,"k_gelu(__half *, unsigned long long)"
29269777,29292531,"k_gemv_fp16(__half *, const __half *, const __half *, const __half *, int, int)"
29292563,29293331,"k_add(__half *, const __half *, unsigned long long)"
29293395,29296243,"k_layernorm(__half *, const __half *, const __half *, const __half *, int, int)"
29296275,29312468,"k_gemv_fp16(__half *, const __half *, const __half *, const __half *, int, int)"
29312532,29313396,"k_kv_append(__half *, __half *, const __half *, int, int)"
29313428,29371640,"k_attn_decode(__half *, const __half *, const __half *, const __half *, int, int)"
29371705,29379033,"k_gemv_fp16(__half *, const __half *, const __half *, const __half *, int, int)"
29379097,29379865,"k_add(__half *, const __half *, unsigned long long)"
29380633,29383545,"k_layernorm(__half *, const __half *, const __half *, const __half *, int, int)"
29383609,29404347,"k_gemv_fp16(__half *, const __half *, const __half *, const __half *, int, int)"
29404379,29405211,"k_gelu(__half *, unsigned long long)"
29405243,29428220,"k_gemv_fp16(__half *, const __half *, const __half *, const __half *, int, int)"
29428284,29429052,"k_add(__half *, const __half *, unsigned long long)"
29429084,29431996,"k_layernorm(__half *, const __half *, const __half *, const __half *, int, int)"
29432029,29743762,"k_gemv_fp16(__half *, const __half *, const __half *, const __half *, int, int)"
29813015,29813975,"k_embed_one(__half *, const __half *, const __half *, int, int)"
29814007,29816887,"k_layernorm(__half *, const __half *, const __half *, const __half *, int, int)"
29816919,29833240,"k_gemv_fp16(__half *, const __half *, const __half *, const __half *, int, int)"
29833304,29834168,"k_kv_append(__half *, __half *, const __half *, int, int)"
29834200,29892988,"k_attn_decode(__half *, const __half *, const __half *, const __half *, int, int)"
29893020,29900317,"k_gemv_fp16(__half *, const __half *, const __half *, const __half *, int, int)"
29900349,29901148,"k_add(__half *, const __half *, unsigned long long)"
29901149,29904125,"k_layernorm(__half *, const __half *, const __half *, const __half *, int, int)"
29904157,29925054,"k_gemv_fp16(__half *, const __half *, const __half *, const __half *, int, int)"
29925086,29925951,"k_gelu(__half *, unsigned long long)"
29925983,29948896,"k_gemv_fp16(__half *, const __half *, const __half *, const __half *, int, int)"
29948928,29949696,"k_add(__half *, const __half *, unsigned long long)"
29949728,29952608,"k_layernorm(__half *, const __half *, const __half *, const __half *, int, int)"
29952640,29968801,"k_gemv_fp16(__half *, const __half *, const __half *, const __half *, int, int)"
29968866,29969730,"k_kv_append(__half *, __half *, const __half *, int, int)"
29969761,30028390,"k_attn_decode(__half *, const __half *, const __half *, const __half *, int, int)"
30029126,30035814,"k_gemv_fp16(__half *, const __half *, const __half *, const __half *, int, int)"
30035846,30036614,"k_add(__half *, const __half *, unsigned long long)"
30036646,30039558,"k_layernorm(__half *, const __half *, const __half *, const __half *, int, int)"
30039590,30060488,"k_gemv_fp16(__half *, const __half *, const __half *, const __half *, int, int)"
30060520,30061352,"k_gelu(__half *, unsigned long long)"
30061384,30084425,"k_gemv_fp16(__half *, const __half *, const __half *, const __half *, int, int)"
30084457,30085258,"k_add(__half *, const __half *, unsigned long long)"
30085290,30088330,"k_layernorm(__half *, const __half *, const __half *, const __half *, int, int)"
30088362,30104619,"k_gemv_fp16(__half *, const __half *, const __half *, const __half *, int, int)"
30104651,30105515,"k_kv_append(__half *, __half *, const __half *, int, int)"
30105547,30163951,"k_attn_decode(__half *, const __half *, const __half *, const __half *, int, int)"
30163983,30171279,"k_gemv_fp16(__half *, const __half *, const __half *, const __half *, int, int)"
30171311,30172112,"k_add(__half *, const __half *, unsigned long long)"
30172144,30174992,"k_layernorm(__half *, const __half *, const __half *, const __half *, int, int)"
30175056,30195793,"k_gemv_fp16(__half *, const __half *, const __half *, const __half *, int, int)"
30195857,30196689,"k_gelu(__half *, unsigned long long)"
30197553,30220403,"k_gemv_fp16(__half *, const __half *, const __half *, const __half *, int, int)"
30220435,30221203,"k_add(__half *, const __half *, unsigned long long)"
30221267,30224147,"k_layernorm(__half *, const __half *, const __half *, const __half *, int, int)"
30224179,30240628,"k_gemv_fp16(__half *, const __half *, const __half *, const __half *, int, int)"
30240660,30241524,"k_kv_append(__half *, __half *, const __half *, int, int)"
30241588,30300312,"k_attn_decode(__half *, const __half *, const __half *, const __half *, int, int)"
30300344,30307641,"k_gemv_fp16(__half *, const __half *, const __half *, const __half *, int, int)"
30307673,30308473,"k_add(__half *, const __half *, unsigned long long)"
30308505,30311417,"k_layernorm(__half *, const __half *, const __half *, const __half *, int, int)"
30311449,30332314,"k_gemv_fp16(__half *, const __half *, const __half *, const __half *, int, int)"
30332379,30333179,"k_gelu(__half *, unsigned long long)"
30333243,30356060,"k_gemv_fp16(__half *, const __half *, const __half *, const __half *, int, int)"
30356092,30356892,"k_add(__half *, const __half *, unsigned long long)"
30356924,30359900,"k_layernorm(__half *, const __half *, const __half *, const __half *, int, int)"
30359933,30376221,"k_gemv_fp16(__half *, const __half *, const __half *, const __half *, int, int)"
30376254,30377118,"k_kv_append(__half *, __half *, const __half *, int, int)"
30377822,30436418,"k_attn_decode(__half *, const __half *, const __half *, const __half *, int, int)"
30436450,30443778,"k_gemv_fp16(__half *, const __half *, const __half *, const __half *, int, int)"
30443810,30444610,"k_add(__half *, const __half *, unsigned long long)"
30444642,30447522,"k_layernorm(__half *, const __half *, const __half *, const __half *, int, int)"
30447586,30468388,"k_gemv_fp16(__half *, const __half *, const __half *, const __half *, int, int)"
30468420,30469284,"k_gelu(__half *, unsigned long long)"
30469316,30492230,"k_gemv_fp16(__half *, const __half *, const __half *, const __half *, int, int)"
30492262,30493030,"k_add(__half *, const __half *, unsigned long long)"
30493062,30495942,"k_layernorm(__half *, const __half *, const __half *, const __half *, int, int)"
30496006,30512199,"k_gemv_fp16(__half *, const __half *, const __half *, const __half *, int, int)"
30512231,30513095,"k_kv_append(__half *, __half *, const __half *, int, int)"
30513127,30571307,"k_attn_decode(__half *, const __half *, const __half *, const __half *, int, int)"
30571339,30578635,"k_gemv_fp16(__half *, const __half *, const __half *, const __half *, int, int)"
30578668,30579468,"k_add(__half *, const __half *, unsigned long long)"
30579499,30582348,"k_layernorm(__half *, const __half *, const __half *, const __half *, int, int)"
30582412,30603117,"k_gemv_fp16(__half *, const __half *, const __half *, const __half *, int, int)"
30603789,30604621,"k_gelu(__half *, unsigned long long)"
30604685,30627567,"k_gemv_fp16(__half *, const __half *, const __half *, const __half *, int, int)"
30627599,30628399,"k_add(__half *, const __half *, unsigned long long)"
30628431,30631471,"k_layernorm(__half *, const __half *, const __half *, const __half *, int, int)"
30631535,30647632,"k_gemv_fp16(__half *, const __half *, const __half *, const __half *, int, int)"
30647664,30648528,"k_kv_append(__half *, __half *, const __half *, int, int)"
30648592,30707316,"k_attn_decode(__half *, const __half *, const __half *, const __half *, int, int)"
30707380,30714709,"k_gemv_fp16(__half *, const __half *, const __half *, const __half *, int, int)"
30714773,30715541,"k_add(__half *, const __half *, unsigned long long)"
30715573,30718549,"k_layernorm(__half *, const __half *, const __half *, const __half *, int, int)"
30718581,30739511,"k_gemv_fp16(__half *, const __half *, const __half *, const __half *, int, int)"
30739543,30740375,"k_gelu(__half *, unsigned long long)"
30740407,30763128,"k_gemv_fp16(__half *, const __half *, const __half *, const __half *, int, int)"
30763160,30763928,"k_add(__half *, const __half *, unsigned long long)"
30763992,30766968,"k_layernorm(__half *, const __half *, const __half *, const __half *, int, int)"
30767001,30783194,"k_gemv_fp16(__half *, const __half *, const __half *, const __half *, int, int)"
30783898,30784762,"k_kv_append(__half *, __half *, const __half *, int, int)"
30784794,30843486,"k_attn_decode(__half *, const __half *, const __half *, const __half *, int, int)"
30843518,30850814,"k_gemv_fp16(__half *, const __half *, const __half *, const __half *, int, int)"
30850846,30851614,"k_add(__half *, const __half *, unsigned long long)"
30851678,30854559,"k_layernorm(__half *, const __half *, const __half *, const __half *, int, int)"
30854590,30875584,"k_gemv_fp16(__half *, const __half *, const __half *, const __half *, int, int)"
30875648,30876480,"k_gelu(__half *, unsigned long long)"
30876512,30899298,"k_gemv_fp16(__half *, const __half *, const __half *, const __half *, int, int)"
30899362,30900130,"k_add(__half *, const __half *, unsigned long long)"
30900194,30903074,"k_layernorm(__half *, const __half *, const __half *, const __half *, int, int)"
30903106,30919299,"k_gemv_fp16(__half *, const __half *, const __half *, const __half *, int, int)"
30919331,30920195,"k_kv_append(__half *, __half *, const __half *, int, int)"
30920227,30978503,"k_attn_decode(__half *, const __half *, const __half *, const __half *, int, int)"
30978567,30985864,"k_gemv_fp16(__half *, const __half *, const __half *, const __half *, int, int)"
30985895,30986696,"k_add(__half *, const __half *, unsigned long long)"
30986728,30989576,"k_layernorm(__half *, const __half *, const __half *, const __half *, int, int)"
30990280,31011081,"k_gemv_fp16(__half *, const __half *, const __half *, const __half *, int, int)"
31011113,31011945,"k_gelu(__half *, unsigned long long)"
31011977,31034763,"k_gemv_fp16(__half *, const __half *, const __half *, const __half *, int, int)"
31034795,31035595,"k_add(__half *, const __half *, unsigned long long)"
31035627,31038571,"k_layernorm(__half *, const __half *, const __half *, const __half *, int, int)"
31038603,31054956,"k_gemv_fp16(__half *, const __half *, const __half *, const __half *, int, int)"
31054988,31055852,"k_kv_append(__half *, __half *, const __half *, int, int)"
31055916,31114096,"k_attn_decode(__half *, const __half *, const __half *, const __half *, int, int)"
31114128,31121425,"k_gemv_fp16(__half *, const __half *, const __half *, const __half *, int, int)"
31121457,31122225,"k_add(__half *, const __half *, unsigned long long)"
31122289,31125233,"k_layernorm(__half *, const __half *, const __half *, const __half *, int, int)"
31125265,31146067,"k_gemv_fp16(__half *, const __half *, const __half *, const __half *, int, int)"
31146099,31146931,"k_gelu(__half *, unsigned long long)"
31146963,31169716,"k_gemv_fp16(__half *, const __half *, const __half *, const __half *, int, int)"
31169748,31170548,"k_add(__half *, const __half *, unsigned long long)"
31170580,31173461,"k_layernorm(__half *, const __half *, const __half *, const __half *, int, int)"
31174229,31190678,"k_gemv_fp16(__half *, const __half *, const __half *, const __half *, int, int)"
31190710,31191574,"k_kv_append(__half *, __half *, const __half *, int, int)"
31191638,31250202,"k_attn_decode(__half *, const __half *, const __half *, const __half *, int, int)"
31250234,31257658,"k_gemv_fp16(__half *, const __half *, const __half *, const __half *, int, int)"
31257690,31258490,"k_add(__half *, const __half *, unsigned long long)"
31258522,31261402,"k_layernorm(__half *, const __half *, const __half *, const __half *, int, int)"
31261435,31282332,"k_gemv_fp16(__half *, const __half *, const __half *, const __half *, int, int)"
31282364,31283196,"k_gelu(__half *, unsigned long long)"
31283228,31306238,"k_gemv_fp16(__half *, const __half *, const __half *, const __half *, int, int)"
31306270,31307038,"k_add(__half *, const __half *, unsigned long long)"
31307070,31309950,"k_layernorm(__half *, const __half *, const __half *, const __half *, int, int)"
31309982,31326239,"k_gemv_fp16(__half *, const __half *, const __half *, const __half *, int, int)"
31326303,31327167,"k_kv_append(__half *, __half *, const __half *, int, int)"
31327199,31385635,"k_attn_decode(__half *, const __half *, const __half *, const __half *, int, int)"
31385699,31393028,"k_gemv_fp16(__half *, const __half *, const __half *, const __half *, int, int)"
31393060,31393828,"k_add(__half *, const __half *, unsigned long long)"
31394724,31397764,"k_layernorm(__half *, const __half *, const __half *, const __half *, int, int)"
31397796,31418597,"k_gemv_fp16(__half *, const __half *, const __half *, const __half *, int, int)"
31418629,31419493,"k_gelu(__half *, unsigned long long)"
31419526,31442407,"k_gemv_fp16(__half *, const __half *, const __half *, const __half *, int, int)"
31442439,31443207,"k_add(__half *, const __half *, unsigned long long)"
31443271,31446183,"k_layernorm(__half *, const __half *, const __half *, const __half *, int, int)"
31446215,31757885,"k_gemv_fp16(__half *, const __half *, const __half *, const __half *, int, int)"
31823905,31824833,"k_embed_one(__half *, const __half *, const __half *, int, int)"
31824865,31827906,"k_layernorm(__half *, const __half *, const __half *, const __half *, int, int)"
31827938,31844387,"k_gemv_fp16(__half *, const __half *, const __half *, const __half *, int, int)"
31844419,31845283,"k_kv_append(__half *, __half *, const __half *, int, int)"
31845379,31904103,"k_attn_decode(__half *, const __half *, const __half *, const __half *, int, int)"
31904135,31911527,"k_gemv_fp16(__half *, const __half *, const __half *, const __half *, int, int)"
31911559,31912359,"k_add(__half *, const __half *, unsigned long long)"
31912391,31915272,"k_layernorm(__half *, const __half *, const __half *, const __half *, int, int)"
31915304,31936169,"k_gemv_fp16(__half *, const __half *, const __half *, const __half *, int, int)"
31936201,31937033,"k_gelu(__half *, unsigned long long)"
31937065,31960107,"k_gemv_fp16(__half *, const __half *, const __half *, const __half *, int, int)"
31960139,31960938,"k_add(__half *, const __half *, unsigned long long)"
31960939,31963819,"k_layernorm(__half *, const __half *, const __half *, const __half *, int, int)"
31963851,31980108,"k_gemv_fp16(__half *, const __half *, const __half *, const __half *, int, int)"
31980172,31981036,"k_kv_append(__half *, __half *, const __half *, int, int)"
31981068,32039600,"k_attn_decode(__half *, const __half *, const __half *, const __half *, int, int)"
32040464,32047089,"k_gemv_fp16(__half *, const __half *, const __half *, const __half *, int, int)"
32047121,32047921,"k_add(__half *, const __half *, unsigned long long)"
32047953,32050865,"k_layernorm(__half *, const __half *, const __half *, const __half *, int, int)"
32050897,32071730,"k_gemv_fp16(__half *, const __half *, const __half *, const __half *, int, int)"
32071762,32072626,"k_gelu(__half *, unsigned long long)"
32072659,32095604,"k_gemv_fp16(__half *, const __half *, const __half *, const __half *, int, int)"
32095636,32096436,"k_add(__half *, const __half *, unsigned long long)"
32096468,32099412,"k_layernorm(__half *, const __half *, const __half *, const __half *, int, int)"
32099444,32115669,"k_gemv_fp16(__half *, const __half *, const __half *, const __half *, int, int)"
32115702,32116597,"k_kv_append(__half *, __half *, const __half *, int, int)"
32116629,32175385,"k_attn_decode(__half *, const __half *, const __half *, const __half *, int, int)"
32175418,32182778,"k_gemv_fp16(__half *, const __half *, const __half *, const __half *, int, int)"
32182810,32183610,"k_add(__half *, const __half *, unsigned long long)"
32183642,32186522,"k_layernorm(__half *, const __half *, const __half *, const __half *, int, int)"
32186554,32207324,"k_gemv_fp16(__half *, const __half *, const __half *, const __half *, int, int)"
32207356,32208188,"k_gelu(__half *, unsigned long long)"
32209116,32231997,"k_gemv_fp16(__half *, const __half *, const __half *, const __half *, int, int)"
32232061,32232829,"k_add(__half *, const __half *, unsigned long long)"
32232861,32235838,"k_layernorm(__half *, const __half *, const __half *, const __half *, int, int)"
32235902,32252063,"k_gemv_fp16(__half *, const __half *, const __half *, const __half *, int, int)"
32252127,32252991,"k_kv_append(__half *, __half *, const __half *, int, int)"
32253023,32311363,"k_attn_decode(__half *, const __half *, const __half *, const __half *, int, int)"
32311395,32318723,"k_gemv_fp16(__half *, const __half *, const __half *, const __half *, int, int)"
32318755,32319555,"k_add(__half *, const __half *, unsigned long long)"
32319588,32322532,"k_layernorm(__half *, const __half *, const __half *, const __half *, int, int)"
32322564,32343365,"k_gemv_fp16(__half *, const __half *, const __half *, const __half *, int, int)"
32343397,32344197,"k_gelu(__half *, unsigned long long)"
32344261,32367047,"k_gemv_fp16(__half *, const __half *, const __half *, const __half *, int, int)"
32367079,32367847,"k_add(__half *, const __half *, unsigned long long)"
32367911,32370759,"k_layernorm(__half *, const __half *, const __half *, const __half *, int, int)"
32370791,32387048,"k_gemv_fp16(__half *, const __half *, const __half *, const __half *, int, int)"
32387080,32387944,"k_kv_append(__half *, __half *, const __half *, int, int)"
32388680,32446924,"k_attn_decode(__half *, const __half *, const __half *, const __half *, int, int)"
32446956,32454349,"k_gemv_fp16(__half *, const __half *, const __half *, const __half *, int, int)"
32454381,32455149,"k_add(__half *, const __half *, unsigned long long)"
32455181,32458061,"k_layernorm(__half *, const __half *, const __half *, const __half *, int, int)"
32458125,32478862,"k_gemv_fp16(__half *, const __half *, const __half *, const __half *, int, int)"
32478894,32479726,"k_gelu(__half *, unsigned long long)"
32479758,32502607,"k_gemv_fp16(__half *, const __half *, const __half *, const __half *, int, int)"
32502608,32503408,"k_add(__half *, const __half *, unsigned long long)"
32503440,32506320,"k_layernorm(__half *, const __half *, const __half *, const __half *, int, int)"
32506352,32522545,"k_gemv_fp16(__half *, const __half *, const __half *, const __half *, int, int)"
32522577,32523441,"k_kv_append(__half *, __half *, const __half *, int, int)"
32523474,32581845,"k_attn_decode(__half *, const __half *, const __half *, const __half *, int, int)"
32581877,32589174,"k_gemv_fp16(__half *, const __half *, const __half *, const __half *, int, int)"
32589206,32590006,"k_add(__half *, const __half *, unsigned long long)"
32590038,32592918,"k_layernorm(__half *, const __half *, const __half *, const __half *, int, int)"
32592950,32613752,"k_gemv_fp16(__half *, const __half *, const __half *, const __half *, int, int)"
32614392,32615256,"k_gelu(__half *, unsigned long long)"
32615288,32638201,"k_gemv_fp16(__half *, const __half *, const __half *, const __half *, int, int)"
32638265,32639034,"k_add(__half *, const __half *, unsigned long long)"
32639065,32641978,"k_layernorm(__half *, const __half *, const __half *, const __half *, int, int)"
32642010,32658139,"k_gemv_fp16(__half *, const __half *, const __half *, const __half *, int, int)"
32658171,32659035,"k_kv_append(__half *, __half *, const __half *, int, int)"
32659099,32717311,"k_attn_decode(__half *, const __half *, const __half *, const __half *, int, int)"
32717343,32724575,"k_gemv_fp16(__half *, const __half *, const __half *, const __half *, int, int)"
32724639,32725407,"k_add(__half *, const __half *, unsigned long long)"
32725439,32728288,"k_layernorm(__half *, const __half *, const __half *, const __half *, int, int)"
32728351,32749153,"k_gemv_fp16(__half *, const __half *, const __half *, const __half *, int, int)"
32749185,32750017,"k_gelu(__half *, unsigned long long)"
32750049,32772803,"k_gemv_fp16(__half *, const __half *, const __half *, const __half *, int, int)"
32772835,32773635,"k_add(__half *, const __half *, unsigned long long)"
32773667,32776547,"k_layernorm(__half *, const __half *, const __half *, const __half *, int, int)"
32776579,32792740,"k_gemv_fp16(__half *, const __half *, const __half *, const __half *, int, int)"
32793412,32794276,"k_kv_append(__half *, __half *, const __half *, int, int)"
32794340,32853000,"k_attn_decode(__half *, const __half *, const __half *, const __half *, int, int)"
32853032,32860329,"k_gemv_fp16(__half *, const __half *, const __half *, const __half *, int, int)"
32860361,32861129,"k_add(__half *, const __half *, unsigned long long)"
32861161,32864169,"k_layernorm(__half *, const __half *, const __half *, const __half *, int, int)"
32864201,32885098,"k_gemv_fp16(__half *, const __half *, const __half *, const __half *, int, int)"
32885130,32885962,"k_gelu(__half *, unsigned long long)"
32885994,32908748,"k_gemv_fp16(__half *, const __half *, const __half *, const __half *, int, int)"
32908780,32909548,"k_add(__half *, const __half *, unsigned long long)"
32909580,32912460,"k_layernorm(__half *, const __half *, const __half *, const __half *, int, int)"
32912492,32928557,"k_gemv_fp16(__half *, const __half *, const __half *, const __half *, int, int)"
32928589,32929485,"k_kv_append(__half *, __half *, const __half *, int, int)"
32929518,32988114,"k_attn_decode(__half *, const __half *, const __half *, const __half *, int, int)"
32988145,32995410,"k_gemv_fp16(__half *, const __half *, const __half *, const __half *, int, int)"
32995442,32996210,"k_add(__half *, const __half *, unsigned long long)"
32996242,32999122,"k_layernorm(__half *, const __half *, const __half *, const __half *, int, int)"
33000018,33020852,"k_gemv_fp16(__half *, const __half *, const __half *, const __half *, int, int)"
33020884,33021716,"k_gelu(__half *, unsigned long long)"
33021748,33044501,"k_gemv_fp16(__half *, const __half *, const __half *, const __half *, int, int)"
33044533,33045333,"k_add(__half *, const __half *, unsigned long long)"
33045365,33048342,"k_layernorm(__half *, const __half *, const __half *, const __half *, int, int)"
33048405,33064791,"k_gemv_fp16(__half *, const __half *, const __half *, const __half *, int, int)"
33064823,33065687,"k_kv_append(__half *, __half *, const __half *, int, int)"
33065719,33124507,"k_attn_decode(__half *, const __half *, const __half *, const __half *, int, int)"
33124539,33131899,"k_gemv_fp16(__half *, const __half *, const __half *, const __half *, int, int)"
33131931,33132700,"k_add(__half *, const __half *, unsigned long long)"
33132763,33135772,"k_layernorm(__half *, const __half *, const __half *, const __half *, int, int)"
33135804,33156765,"k_gemv_fp16(__half *, const __half *, const __half *, const __half *, int, int)"
33156797,33157629,"k_gelu(__half *, unsigned long long)"
33157661,33180383,"k_gemv_fp16(__half *, const __half *, const __half *, const __half *, int, int)"
33180415,33181215,"k_add(__half *, const __half *, unsigned long long)"
33181247,33184191,"k_layernorm(__half *, const __half *, const __half *, const __half *, int, int)"
33185087,33201792,"k_gemv_fp16(__half *, const __half *, const __half *, const __half *, int, int)"
33201824,33202688,"k_kv_append(__half *, __half *, const __half *, int, int)"
33202720,33261604,"k_attn_decode(__half *, const __half *, const __half *, const __half *, int, int)"
33261668,33268997,"k_gemv_fp16(__half *, const __half *, const __half *, const __half *, int, int)"
33269029,33269829,"k_add(__half *, const __half *, unsigned long long)"
33269861,33272741,"k_layernorm(__half *, const __half *, const __half *, const __half *, int, int)"
33272773,33293735,"k_gemv_fp16(__half *, const __half *, const __half *, const __half *, int, int)"
33293766,33294599,"k_gelu(__half *, unsigned long long)"
33294663,33317416,"k_gemv_fp16(__half *, const __half *, const __half *, const __half *, int, int)"
33317448,33318248,"k_add(__half *, const __half *, unsigned long long)"
33318280,33321193,"k_layernorm(__half *, const __half *, const __half *, const __half *, int, int)"
33321256,33337482,"k_gemv_fp16(__half *, const __half *, const __half *, const __half *, int, int)"
33337513,33338378,"k_kv_append(__half *, __half *, const __half *, int, int)"
33338410,33396846,"k_attn_decode(__half *, const __half *, const __half *, const __half *, int, int)"
33396878,33404206,"k_gemv_fp16(__half *, const __half *, const __half *, const __half *, int, int)"
33404238,33405006,"k_add(__half *, const __half *, unsigned long long)"
33405774,33408654,"k_layernorm(__half *, const __half *, const __half *, const __half *, int, int)"
33408686,33429456,"k_gemv_fp16(__half *, const __half *, const __half *, const __half *, int, int)"
33429488,33430320,"k_gelu(__half *, unsigned long long)"
33430384,33453266,"k_gemv_fp16(__half *, const __half *, const __half *, const __half *, int, int)"
33453297,33454066,"k_add(__half *, const __half *, unsigned long long)"
33454097,33456978,"k_layernorm(__half *, const __half *, const __half *, const __half *, int, int)"
33457042,33768647,"k_gemv_fp16(__half *, const __half *, const __half *, const __half *, int, int)"
33863854,33864814,"k_embed_one(__half *, const __half *, const __half *, int, int)"
33864846,33867726,"k_layernorm(__half *, const __half *, const __half *, const __half *, int, int)"
33867758,33884015,"k_gemv_fp16(__half *, const __half *, const __half *, const __half *, int, int)"
33884047,33884943,"k_kv_append(__half *, __half *, const __half *, int, int)"
33884975,33943411,"k_attn_decode(__half *, const __half *, const __half *, const __half *, int, int)"
33943475,33950804,"k_gemv_fp16(__half *, const __half *, const __half *, const __half *, int, int)"
33950836,33951604,"k_add(__half *, const __half *, unsigned long long)"
33951668,33954612,"k_layernorm(__half *, const __half *, const __half *, const __half *, int, int)"
33954644,33975509,"k_gemv_fp16(__half *, const __half *, const __half *, const __half *, int, int)"
33975542,33976373,"k_gelu(__half *, unsigned long long)"
33976406,33999287,"k_gemv_fp16(__half *, const __half *, const __half *, const __half *, int, int)"
33999319,34000119,"k_add(__half *, const __half *, unsigned long long)"
34000151,34003031,"k_layernorm(__half *, const __half *, const __half *, const __half *, int, int)"
34003063,34019289,"k_gemv_fp16(__half *, const __half *, const __half *, const __half *, int, int)"
34019320,34020184,"k_kv_append(__half *, __half *, const __half *, int, int)"
34020249,34078909,"k_attn_decode(__half *, const __half *, const __half *, const __half *, int, int)"
34079581,34086237,"k_gemv_fp16(__half *, const __half *, const __half *, const __half *, int, int)"
34086269,34087068,"k_add(__half *, const __half *, unsigned long long)"
34087069,34089981,"k_layernorm(__half *, const __half *, const __half *, const __half *, int, int)"
34090013,34111007,"k_gemv_fp16(__half *, const __half *, const __half *, const __half *, int, int)"
34111039,34111871,"k_gelu(__half *, unsigned long long)"
34111903,34134816,"k_gemv_fp16(__half *, const __half *, const __half *, const __half *, int, int)"
34134848,34135617,"k_add(__half *, const __half *, unsigned long long)"
34135648,34138529,"k_layernorm(__half *, const __half *, const __half *, const __half *, int, int)"
34138561,34154946,"k_gemv_fp16(__half *, const __half *, const __half *, const __half *, int, int)"
34154978,34155842,"k_kv_append(__half *, __half *, const __half *, int, int)"
34155906,34214694,"k_attn_decode(__half *, const __half *, const __half *, const __half *, int, int)"
34214726,34222086,"k_gemv_fp16(__half *, const __half *, const __half *, const __half *, int, int)"
34222119,34222887,"k_add(__half *, const __half *, unsigned long long)"
34222919,34225895,"k_layernorm(__half *, const __half *, const __half *, const __half *, int, int)"
34225959,34246760,"k_gemv_fp16(__half *, const __half *, const __half *, const __half *, int, int)"
34246792,34247624,"k_gelu(__half *, unsigned long long)"
34248552,34271498,"k_gemv_fp16(__half *, const __half *, const __half *, const __half *, int, int)"
34271530,34272298,"k_add(__half *, const __half *, unsigned long long)"
34272330,34275242,"k_layernorm(__half *, const __half *, const __half *, const __half *, int, int)"
34275274,34291403,"k_gemv_fp16(__half *, const __half *, const __half *, const __half *, int, int)"
34291467,34292331,"k_kv_append(__half *, __half *, const __half *, int, int)"
34292363,34350863,"k_attn_decode(__half *, const __half *, const __half *, const __half *, int, int)"
34350895,34358320,"k_gemv_fp16(__half *, const __half *, const __half *, const __half *, int, int)"
34358384,34359152,"k_add(__half *, const __half *, unsigned long long)"
34359184,34362064,"k_layernorm(__half *, const __half *, const __half *, const __half *, int, int)"
34362096,34382962,"k_gemv_fp16(__half *, const __half *, const __half *, const __half *, int, int)"
34383025,34383858,"k_gelu(__half *, unsigned long long)"
34383889,34406739,"k_gemv_fp16(__half *, const __half *, const __half *, const __half *, int, int)"
34406771,34407571,"k_add(__half *, const __half *, unsigned long long)"
34407603,34410515,"k_layernorm(__half *, const __half *, const __half *, const __half *, int, int)"
34410547,34426740,"k_gemv_fp16(__half *, const __half *, const __half *, const __half *, int, int)"
34426773,34427637,"k_kv_append(__half *, __half *, const __half *, int, int)"
34428341,34486585,"k_attn_decode(__half *, const __half *, const __half *, const __half *, int, int)"
34486617,34494009,"k_gemv_fp16(__half *, const __half *, const __half *, const __half *, int, int)"
34494041,34494809,"k_add(__half *, const __half *, unsigned long long)"
34494873,34497754,"k_layernorm(__half *, const __half *, const __half *, const __half *, int, int)"
34497785,34518651,"k_gemv_fp16(__half *, const __half *, const __half *, const __half *, int, int)"
34518683,34519515,"k_gelu(__half *, unsigned long long)"
34519547,34542459,"k_gemv_fp16(__half *, const __half *, const __half *, const __half *, int, int)"
34542460,34543260,"k_add(__half *, const __half *, unsigned long long)"
34543293,34546205,"k_layernorm(__half *, const __half *, const __half *, const __half *, int, int)"
34546237,34562430,"k_gemv_fp16(__half *, const __half *, const __half *, const __half *, int, int)"
34562462,34563326,"k_kv_append(__half *, __half *, const __half *, int, int)"
34563390,34622050,"k_attn_decode(__half *, const __half *, const __half *, const __half *, int, int)"
34622082,34629443,"k_gemv_fp16(__half *, const __half *, const __half *, const __half *, int, int)"
34629475,34630275,"k_add(__half *, const __half *, unsigned long long)"
34630307,34633187,"k_layernorm(__half *, const __half *, const __half *, const __half *, int, int)"
34633219,34654052,"k_gemv_fp16(__half *, const __half *, const __half *, const __half *, int, int)"
34654756,34655588,"k_gelu(__half *, unsigned long long)"
34655620,34678502,"k_gemv_fp16(__half *, const __half *, const __half *, const __half *, int, int)"
34678534,34679302,"k_add(__half *, const __half *, unsigned long long)"
34679366,34682278,"k_layernorm(__half *, const __half *, const __half *, const __half *, int, int)"
34682310,34698439,"k_gemv_fp16(__half *, const __half *, const __half *, const __half *, int, int)"
34698471,34699335,"k_kv_append(__half *, __half *, const __half *, int, int)"
34699367,34757867,"k_attn_decode(__half *, const __half *, const __half *, const __half *, int, int)"
34757931,34765196,"k_gemv_fp16(__half *, const __half *, const __half *, const __half *, int, int)"
34765228,34765996,"k_add(__half *, const __half *, unsigned long long)"
34766028,34768876,"k_layernorm(__half *, const __half *, const __half *, const __half *, int, int)"
34768940,34789741,"k_gemv_fp16(__half *, const __half *, const __half *, const __half *, int, int)"
34789774,34790606,"k_gelu(__half *, unsigned long long)"
34790638,34813423,"k_gemv_fp16(__half *, const __half *, const __half *, const __half *, int, int)"
34813487,34814255,"k_add(__half *, const __half *, unsigned long long)"
34814287,34817167,"k_layernorm(__half *, const __half *, const __half *, const __half *, int, int)"
34817231,34833681,"k_gemv_fp16(__half *, const __half *, const __half *, const __half *, int, int)"
34834385,34835249,"k_kv_append(__half *, __half *, const __half *, int, int)"
34835281,34893749,"k_attn_decode(__half *, const __half *, const __half *, const __half *, int, int)"
34893781,34901077,"k_gemv_fp16(__half *, const __half *, const __half *, const __half *, int, int)"
34901109,34901877,"k_add(__half *, const __half *, unsigned long long)"
34901941,34904789,"k_layernorm(__half *, const __half *, const __half *, const __half *, int, int)"
34904822,34925783,"k_gemv_fp16(__half *, const __half *, const __half *, const __half *, int, int)"
34925815,34926647,"k_gelu(__half *, unsigned long long)"
34926679,34949433,"k_gemv_fp16(__half *, const __half *, const __half *, const __half *, int, int)"
34949464,34950265,"k_add(__half *, const __half *, unsigned long long)"
34950297,34953209,"k_layernorm(__half *, const __half *, const __half *, const __half *, int, int)"
34953273,34969530,"k_gemv_fp16(__half *, const __half *, const __half *, const __half *, int, int)"
34969594,34970458,"k_kv_append(__half *, __half *, const __half *, int, int)"
34970490,35029438,"k_attn_decode(__half *, const __half *, const __half *, const __half *, int, int)"
35029502,35036735,"k_gemv_fp16(__half *, const __half *, const __half *, const __half *, int, int)"
35036766,35037535,"k_add(__half *, const __half *, unsigned long long)"
35037567,35040415,"k_layernorm(__half *, const __half *, const __half *, const __half *, int, int)"
35041183,35061952,"k_gemv_fp16(__half *, const __half *, const __half *, const __half *, int, int)"
35061984,35062816,"k_gelu(__half *, unsigned long long)"
35062848,35085666,"k_gemv_fp16(__half *, const __half *, const __half *, const __half *, int, int)"
35085698,35086498,"k_add(__half *, const __half *, unsigned long long)"
35086530,35089378,"k_layernorm(__half *, const __half *, const __half *, const __half *, int, int)"
35089442,35105795,"k_gemv_fp16(__half *, const __half *, const __half *, const __half *, int, int)"
35105827,35106691,"k_kv_append(__half *, __half *, const __half *, int, int)"
35106723,35165255,"k_attn_decode(__half *, const __half *, const __half *, const __half *, int, int)"
35165319,35172456,"k_gemv_fp16(__half *, const __half *, const __half *, const __half *, int, int)"
35172488,35173256,"k_add(__half *, const __half *, unsigned long long)"
35173288,35176168,"k_layernorm(__half *, const __half *, const __half *, const __half *, int, int)"
35176200,35197066,"k_gemv_fp16(__half *, const __half *, const __half *, const __half *, int, int)"
35197098,35197930,"k_gelu(__half *, unsigned long long)"
35197962,35220715,"k_gemv_fp16(__half *, const __half *, const __half *, const __half *, int, int)"
35220747,35221547,"k_add(__half *, const __half *, unsigned long long)"
35221579,35224459,"k_layernorm(__half *, const __half *, const __half *, const __half *, int, int)"
35225259,35242125,"k_gemv_fp16(__half *, const __half *, const __half *, const __half *, int, int)"
35242157,35243021,"k_kv_append(__half *, __half *, const __half *, int, int)"
35243053,35301329,"k_attn_decode(__half *, const __half *, const __half *, const __half *, int, int)"
35301361,35308721,"k_gemv_fp16(__half *, const __half *, const __half *, const __half *, int, int)"
35308753,35309521,"k_add(__half *, const __half *, unsigned long long)"
35309553,35312465,"k_layernorm(__half *, const __half *, const __half *, const __half *, int, int)"
35312498,35333363,"k_gemv_fp16(__half *, const __half *, const __half *, const __half *, int, int)"
35333395,35334227,"k_gelu(__half *, unsigned long long)"
35334259,35357333,"k_gemv_fp16(__half *, const __half *, const __half *, const __half *, int, int)"
35357365,35358165,"k_add(__half *, const __half *, unsigned long long)"
35358197,35361045,"k_layernorm(__half *, const __half *, const __half *, const __half *, int, int)"
35361109,35377430,"k_gemv_fp16(__half *, const __half *, const __half *, const __half *, int, int)"
35377462,35378326,"k_kv_append(__half *, __half *, const __half *, int, int)"
35378390,35436762,"k_attn_decode(__half *, const __half *, const __half *, const __half *, int, int)"
35436826,35444123,"k_gemv_fp16(__half *, const __half *, const __half *, const __half *, int, int)"
35444187,35444955,"k_add(__half *, const __half *, unsigned long long)"
35445883,35448827,"k_layernorm(__half *, const __half *, const __half *, const __half *, int, int)"
35448859,35469596,"k_gemv_fp16(__half *, const __half *, const __half *, const __half *, int, int)"
35469660,35470460,"k_gelu(__half *, unsigned long long)"
35470524,35493342,"k_gemv_fp16(__half *, const __half *, const __half *, const __half *, int, int)"
35493374,35494142,"k_add(__half *, const __half *, unsigned long long)"
35494206,35497086,"k_layernorm(__half *, const __half *, const __half *, const __half *, int, int)"
35497118,35808948,"k_gemv_fp16(__half *, const __half *, const __half *, const __half *, int, int)"
35876984,35877913,"k_embed_one(__half *, const __half *, const __half *, int, int)"
35877976,35880953,"k_layernorm(__half *, const __half *, const __half *, const __half *, int, int)"
35880985,35897242,"k_gemv_fp16(__half *, const __half *, const __half *, const __half *, int, int)"
35897274,35898138,"k_kv_append(__half *, __half *, const __half *, int, int)"
35898202,35956798,"k_attn_decode(__half *, const __half *, const __half *, const __half *, int, int)"
35956830,35964126,"k_gemv_fp16(__half *, const __half *, const __half *, const __half *, int, int)"
35964159,35964959,"k_add(__half *, const __half *, unsigned long long)"
35964990,35967871,"k_layernorm(__half *, const __half *, const __half *, const __half *, int, int)"
35967903,35988800,"k_gemv_fp16(__half *, const __half *, const __half *, const __half *, int, int)"
35988864,35989696,"k_gelu(__half *, unsigned long long)"
35989728,36012546,"k_gemv_fp16(__half *, const __half *, const __half *, const __half *, int, int)"
36012578,36013346,"k_add(__half *, const __half *, unsigned long long)"
36013378,36016258,"k_layernorm(__half *, const __half *, const __half *, const __half *, int, int)"
36016290,36032547,"k_gemv_fp16(__half *, const __half *, const __half *, const __half *, int, int)"
36032579,36033443,"k_kv_append(__half *, __half *, const __half *, int, int)"
36033475,36091655,"k_attn_decode(__half *, const __half *, const __half *, const __half *, int, int)"
36092519,36099176,"k_gemv_fp16(__half *, const __half *, const __half *, const __half *, int, int)"
36099208,36099976,"k_add(__half *, const __half *, unsigned long long)"
36100040,36102920,"k_layernorm(__half *, const __half *, const __half *, const __half *, int, int)"
36102952,36123849,"k_gemv_fp16(__half *, const __half *, const __half *, const __half *, int, int)"
36123882,36124713,"k_gelu(__half *, unsigned long long)"
36124746,36147723,"k_gemv_fp16(__half *, const __half *, const __half *, const __half *, int, int)"
36147755,36148555,"k_add(__half *, const __half *, unsigned long long)"
36148587,36151531,"k_layernorm(__half *, const __half *, const __half *, const __half *, int, int)"
36151563,36167885,"k_gemv_fp16(__half *, const __half *, const __half *, const __half *, int, int)"
36167916,36168813,"k_kv_append(__half *, __half *, const __half *, int, int)"
36168845,36227216,"k_attn_decode(__half *, const __half *, const __half *, const __half *, int, int)"
36227249,36234577,"k_gemv_fp16(__half *, const __half *, const __half *, const __half *, int, int)"
36234609,36235377,"k_add(__half *, const __half *, unsigned long long)"
36235409,36238289,"k_layernorm(__half *, const __half *, const __half *, const __half *, int, int)"
36238321,36259155,"k_gemv_fp16(__half *, const __half *, const __half *, const __half *, int, int)"
36259187,36260019,"k_gelu(__half *, unsigned long long)"
36260947,36283796,"k_gemv_fp16(__half *, const __half *, const __half *, const __half *, int, int)"
36283861,36284629,"k_add(__half *, const __half *, unsigned long long)"
36284661,36287509,"k_layernorm(__half *, const __half *, const __half *, const __half *, int, int)"
36287573,36303766,"k_gemv_fp16(__half *, const __half *, const __half *, const __half *, int, int)"
36303830,36304694,"k_kv_append(__half *, __half *, const __half *, int, int)"
36304726,36363610,"k_attn_decode(__half *, const __half *, const __half *, const __half *, int, int)"
36363642,36371067,"k_gemv_fp16(__half *, const __half *, const __half *, const __half *, int, int)"
36371098,36371867,"k_add(__half *, const __half *, unsigned long long)"
36371931,36374779,"k_layernorm(__half *, const __half *, const __half *, const __half *, int, int)"
36374811,36395644,"k_gemv_fp16(__half *, const __half *, const __half *, const __half *, int, int)"
36395676,36396508,"k_gelu(__half *, unsigned long long)"
36396540,36419646,"k_gemv_fp16(__half *, const __half *, const __half *, const __half *, int, int)"
36419678,36420446,"k_add(__half *, const __half *, unsigned long long)"
36420478,36423518,"k_layernorm(__half *, const __half *, const __half *, const __half *, int, int)"
36423550,36439807,"k_gemv_fp16(__half *, const __half *, const __half *, const __half *, int, int)"
36439839,36440703,"k_kv_append(__half *, __half *, const __half *, int, int)"
36441407,36500003,"k_attn_decode(__half *, const __half *, const __half *, const __half *, int, int)"
36500035,36507428,"k_gemv_fp16(__half *, const __half *, const __half *, const __half *, int, int)"
36507460,36508228,"k_add(__half *, const __half *, unsigned long long)"
36508292,36511140,"k_layernorm(__half *, const __half *, const __half *, const __half *, int, int)"
36511204,36532037,"k_gemv_fp16(__half *, const __half *, const __half *, const __half *, int, int)"
36532070,36532934,"k_gelu(__half *, unsigned long long)"
36532966,36555815,"k_gemv_fp16(__half *, const __half *, const __half *, const __half *, int, int)"
36555847,36556647,"k_add(__half *, const __half *, unsigned long long)"
36556679,36559591,"k_layernorm(__half *, const __half *, const __half *, const __half *, int, int)"
36559623,36575817,"k_gemv_fp16(__half *, const __half *, const __half *, const __half *, int, int)"
36575849,36576713,"k_kv_append(__half *, __half *, const __half *, int, int)"
36576777,36635469,"k_attn_decode(__half *, const __half *, const __half *, const __half *, int, int)"
36635501,36642765,"k_gemv_fp16(__half *, const __half *, const __half *, const __half *, int, int)"
36642797,36643597,"k_add(__half *, const __half *, unsigned long long)"
36643629,36646541,"k_layernorm(__half *, const __half *, const __half *, const __half *, int, int)"
36646573,36667375,"k_gemv_fp16(__half *, const __half *, const __half *, const __half *, int, int)"
36668303,36669135,"k_gelu(__half *, unsigned long long)"
36669199,36692145,"k_gemv_fp16(__half *, const __half *, const __half *, const __half *, int, int)"
36692177,36692977,"k_add(__half *, const __half *, unsigned long long)"
36693009,36695889,"k_layernorm(__half *, const __half *, const __half *, const __half *, int, int)"
36695921,36712146,"k_gemv_fp16(__half *, const __half *, const __half *, const __half *, int, int)"
36712178,36713042,"k_kv_append(__half *, __half *, const __half *, int, int)"
36713106,36771574,"k_attn_decode(__half *, const __half *, const __half *, const __half *, int, int)"
36771606,36778903,"k_gemv_fp16(__half *, const __half *, const __half *, const __half *, int, int)"
36778935,36779703,"k_add(__half *, const __half *, unsigned long long)"
36779767,36782583,"k_layernorm(__half *, const __half *, const __half *, const __half *, int, int)"
36782647,36803448,"k_gemv_fp16(__half *, const __half *, const __half *, const __half *, int, int)"
36803480,36804312,"k_gelu(__half *, unsigned long long)"
36804376,36827162,"k_gemv_fp16(__half *, const __half *, const __half *, const __half *, int, int)"
36827194,36827994,"k_add(__half *, const __half *, unsigned long long)"
36828026,36830906,"k_layernorm(__half *, const __half *, const __half *, const __half *, int, int)"
36830938,36847291,"k_gemv_fp16(__half *, const __half *, const __half *, const __half *, int, int)"
36847963,36848859,"k_kv_append(__half *, __half *, const __half *, int, int)"
36848891,36907231,"k_attn_decode(__half *, const __half *, const __half *, const __half *, int, int)"
36907264,36914560,"k_gemv_fp16(__half *, const __half *, const __half *, const __half *, int, int)"
36914592,36915360,"k_add(__half *, const __half *, unsigned long long)"
36915392,36918368,"k_layernorm(__half *, const __half *, const __half *, const __half *, int, int)"
36918432,36939362,"k_gemv_fp16(__half *, const __half *, const __half *, const __half *, int, int)"
36939394,36940226,"k_gelu(__half *, unsigned long long)"
36940290,36963075,"k_gemv_fp16(__half *, const __half *, const __half *, const __half *, int, int)"
36963107,36963907,"k_add(__half *, const __half *, unsigned long long)"
36963939,36966787,"k_layernorm(__half *, const __half *, const __half *, const __half *, int, int)"
36966851,36983013,"k_gemv_fp16(__half *, const __half *, const __half *, const __half *, int, int)"
36983045,36983941,"k_kv_append(__half *, __half *, const __half *, int, int)"
36983973,37042153,"k_attn_decode(__half *, const __half *, const __half *, const __half *, int, int)"
37042217,37049481,"k_gemv_fp16(__half *, const __half *, const __half *, const __half *, int, int)"
37049513,37050313,"k_add(__half *, const __half *, unsigned long long)"
37050345,37053193,"k_layernorm(__half *, const __half *, const __half *, const __half *, int, int)"
37053993,37074731,"k_gemv_fp16(__half *, const __half *, const __half *, const __half *, int, int)"
37074763,37075595,"k_gelu(__half *, unsigned long long)"
37075627,37098381,"k_gemv_fp16(__half *, const __half *, const __half *, const __half *, int, int)"
37098445,37099213,"k_add(__half *, const __half *, unsigned long long)"
37099245,37102157,"k_layernorm(__half *, const __half *, const __half *, const __half *, int, int)"
37102189,37118798,"k_gemv_fp16(__half *, const __half *, const __half *, const __half *, int, int)"
37118830,37119694,"k_kv_append(__half *, __half *, const __half *, int, int)"
37119726,37178930,"k_attn_decode(__half *, const __half *, const __half *, const __half *, int, int)"
37178962,37186259,"k_gemv_fp16(__half *, const __half *, const __half *, const __half *, int, int)"
37186291,37187059,"k_add(__half *, const __half *, unsigned long long)"
37187091,37190099,"k_layernorm(__half *, const __half *, const __half *, const __half *, int, int)"
37190131,37210964,"k_gemv_fp16(__half *, const __half *, const __half *, const __half *, int, int)"
37210996,37211828,"k_gelu(__half *, unsigned long long)"
37211860,37234646,"k_gemv_fp16(__half *, const __half *, const __half *, const __half *, int, int)"
37234678,37235446,"k_add(__half *, const __half *, unsigned long long)"
37235478,37238358,"k_layernorm(__half *, const __half *, const __half *, const __half *, int, int)"
37239286,37255415,"k_gemv_fp16(__half *, const __half *, const __half *, const __half *, int, int)"
37255479,37256344,"k_kv_append(__half *, __half *, const __half *, int, int)"
37256375,37314715,"k_attn_decode(__half *, const __half *, const __half *, const __half *, int, int)"
37314747,37322171,"k_gemv_fp16(__half *, const __half *, const __half *, const __half *, int, int)"
37322172,37322972,"k_add(__half *, const __half *, unsigned long long)"
37323004,37325884,"k_layernorm(__half *, const __half *, const __half *, const __half *, int, int)"
37325916,37346846,"k_gemv_fp16(__half *, const __half *, const __half *, const __half *, int, int)"
37346878,37347710,"k_gelu(__half *, unsigned long long)"
37347742,37370655,"k_gemv_fp16(__half *, const __half *, const __half *, const __half *, int, int)"
37370687,37371487,"k_add(__half *, const __half *, unsigned long long)"
37371519,37374367,"k_layernorm(__half *, const __half *, const __half *, const __half *, int, int)"
37374432,37390625,"k_gemv_fp16(__half *, const __half *, const __half *, const __half *, int, int)"
37390689,37391553,"k_kv_append(__half *, __half *, const __half *, int, int)"
37391585,37450181,"k_attn_decode(__half *, const __half *, const __half *, const __half *, int, int)"
37450213,37457605,"k_gemv_fp16(__half *, const __half *, const __half *, const __half *, int, int)"
37457637,37458437,"k_add(__half *, const __half *, unsigned long long)"
37459173,37462054,"k_layernorm(__half *, const __half *, const __half *, const __half *, int, int)"
37462086,37482951,"k_gemv_fp16(__half *, const __half *, const __half *, const __half *, int, int)"
37482983,37483815,"k_gelu(__half *, unsigned long long)"
37483847,37506729,"k_gemv_fp16(__half *, const __half *, const __half *, const __half *, int, int)"
37506761,37507529,"k_add(__half *, const __half *, unsigned long long)"
37507593,37510441,"k_layernorm(__half *, const __half *, const __half *, const __half *, int, int)"
37510505,37822206,"k_gemv_fp16(__half *, const __half *, const __half *, const __half *, int, int)"
37890723,37891651,"k_embed_one(__half *, const __half *, const __half *, int, int)"
37891683,37894595,"k_layernorm(__half *, const __half *, const __half *, const __half *, int, int)"
37894627,37910949,"k_gemv_fp16(__half *, const __half *, const __half *, const __half *, int, int)"
37910981,37911845,"k_kv_append(__half *, __half *, const __half *, int, int)"
37911877,37970249,"k_attn_decode(__half *, const __half *, const __half *, const __half *, int, int)"
37970281,37977545,"k_gemv_fp16(__half *, const __half *, const __half *, const __half *, int, int)"
37977577,37978345,"k_add(__half *, const __half *, unsigned long long)"
37978409,37981289,"k_layernorm(__half *, const __half *, const __half *, const __half *, int, int)"
37981321,38002283,"k_gemv_fp16(__half *, const __half *, const __half *, const __half *, int, int)"
38002347,38003179,"k_gelu(__half *, unsigned long long)"
38003211,38026028,"k_gemv_fp16(__half *, const __half *, const __half *, const __half *, int, int)"
38026061,38026861,"k_add(__half *, const __half *, unsigned long long)"
38026892,38029837,"k_layernorm(__half *, const __half *, const __half *, const __half *, int, int)"
38029869,38046062,"k_gemv_fp16(__half *, const __half *, const __half *, const __half *, int, int)"
38046126,38046990,"k_kv_append(__half *, __half *, const __half *, int, int)"
38047022,38105682,"k_attn_decode(__half *, const __half *, const __half *, const __half *, int, int)"
38106418,38113074,"k_gemv_fp16(__half *, const __half *, const __half *, const __half *, int, int)"
38113107,38113907,"k_add(__half *, const __half *, unsigned long long)"
38113938,38116819,"k_layernorm(__half *, const __half *, const __half *, const __half *, int, int)"
38116883,38137748,"k_gemv_fp16(__half *, const __half *, const __half *, const __half *, int, int)"
38137780,38138643,"k_gelu(__half *, unsigned long long)"
38138644,38161654,"k_gemv_fp16(__half *, const __half *, const __half *, const __half *, int, int)"
38161686,38162486,"k_add(__half *, const __half *, unsigned long long)"
38162518,38165398,"k_layernorm(__half *, const __half *, const __half *, const __half *, int, int)"
38165430,38181655,"k_gemv_fp16(__half *, const __half *, const __half *, const __half *, int, int)"
38181719,38182583,"k_kv_append(__half *, __half *, const __half *, int, int)"
38182615,38241147,"k_attn_decode(__half *, const __half *, const __half *, const __half *, int, int)"
38241179,38248508,"k_gemv_fp16(__half *, const __half *, const __half *, const __half *, int, int)"
38248540,38249340,"k_add(__half *, const __half *, unsigned long long)"
38249372,38252252,"k_layernorm(__half *, const __half *, const __half *, const __half *, int, int)"
38252284,38273117,"k_gemv_fp16(__half *, const __half *, const __half *, const __half *, int, int)"
38273149,38273981,"k_gelu(__half *, unsigned long long)"
38274685,38297535,"k_gemv_fp16(__half *, const __half *, const __half *, const __half *, int, int)"
38297567,38298367,"k_add(__half *, const __half *, unsigned long long)"
38298399,38301247,"k_layernorm(__half *, const __half *, const __half *, const __half *, int, int)"
38301311,38317472,"k_gemv_fp16(__half *, const __half *, const __half *, const __half *, int, int)"
38317537,38318401,"k_kv_append(__half *, __half *, const __half *, int, int)"
38318433,38377541,"k_attn_decode(__half *, const __half *, const __half *, const __half *, int, int)"
38377605,38384869,"k_gemv_fp16(__half *, const __half *, const __half *, const __half *, int, int)"
38384933,38385701,"k_add(__half *, const __half *, unsigned long long)"
38385733,38388677,"k_layernorm(__half *, const __half *, const __half *, const __half *, int, int)"
38388709,38409511,"k_gemv_fp16(__half *, const __half *, const __half *, const __half *, int, int)"
38409543,38410375,"k_gelu(__half *, unsigned long long)"
38410439,38433225,"k_gemv_fp16(__half *, const __half *, const __half *, const __half *, int, int)"
38433257,38434025,"k_add(__half *, const __half *, unsigned long long)"
38434089,38436969,"k_layernorm(__half *, const __half *, const __half *, const __half *, int, int)"
38437001,38453322,"k_gemv_fp16(__half *, const __half *, const __half *, const __half *, int, int)"
38453354,38454250,"k_kv_append(__half *, __half *, const __half *, int, int)"
38455178,38513582,"k_attn_decode(__half *, const __half *, const __half *, const __half *, int, int)"
38513614,38521071,"k_gemv_fp16(__half *, const __half *, const __half *, const __half *, int, int)"
38521102,38521902,"k_add(__half *, const __half *, unsigned long long)"
38521903,38524847,"k_layernorm(__half *, const __half *, const __half *, const __half *, int, int)"
38524911,38545744,"k_gemv_fp16(__half *, const __half *, const __half *, const __half *, int, int)"
38545776,38546640,"k_gelu(__half *, unsigned long long)"
38546672,38569458,"k_gemv_fp16(__half *, const __half *, const __half *, const __half *, int, int)"
38569490,38570290,"k_add(__half *, const __half *, unsigned long long)"
38570322,38573298,"k_layernorm(__half *, const __half *, const __half *, const __half *, int, int)"
38573330,38589555,"k_gemv_fp16(__half *, const __half *, const __half *, const __half *, int, int)"
38589587,38590451,"k_kv_append(__half *, __half *, const __half *, int, int)"
38590483,38648919,"k_attn_decode(__half *, const __half *, const __half *, const __half *, int, int)"
38648951,38656280,"k_gemv_fp16(__half *, const __half *, const __half *, const __half *, int, int)"
38656312,38657112,"k_add(__half *, const __half *, unsigned long long)"
38657144,38660024,"k_layernorm(__half *, const __half *, const __half *, const __half *, int, int)"
38660088,38680889,"k_gemv_fp16(__half *, const __half *, const __half *, const __half *, int, int)"
38681593,38682426,"k_gelu(__half *, unsigned long long)"
38682458,38705563,"k_gemv_fp16(__half *, const __half *, const __half *, const __half *, int, int)"
38705595,38706363,"k_add(__half *, const __half *, unsigned long long)"
38706427,38709339,"k_layernorm(__half *, const __half *, const __half *, const __half *, int, int)"
38709403,38725597,"k_gemv_fp16(__half *, const __half *, const __half *, const __half *, int, int)"
38725629,38726493,"k_kv_append(__half *, __half *, const __half *, int, int)"
38726557,38785313,"k_attn_decode(__half *, const __half *, const __half *, const __half *, int, int)"
38785345,38792609,"k_gemv_fp16(__half *, const __half *, const __half *, const __half *, int, int)"
38792641,38793409,"k_add(__half *, const __half *, unsigned long long)"
38793473,38796386,"k_layernorm(__half *, const __half *, const __half *, const __half *, int, int)"
38796449,38817187,"k_gemv_fp16(__half *, const __half *, const __half *, const __half *, int, int)"
38817251,38818051,"k_gelu(__half *, unsigned long long)"
38818115,38840964,"k_gemv_fp16(__half *, const __half *, const __half *, const __half *, int, int)"
38840997,38841797,"k_add(__half *, const __half *, unsigned long long)"
38841829,38844709,"k_layernorm(__half *, const __half *, const __half *, const __half *, int, int)"
38844741,38860774,"k_gemv_fp16(__half *, const __half *, const __half *, const __half *, int, int)"
38861670,38862534,"k_kv_append(__half *, __half *, const __half *, int, int)"
38862598,38921578,"k_attn_decode(__half *, const __half *, const __half *, const __half *, int, int)"
38921642,38928939,"k_gemv_fp16(__half *, const __half *, const __half *, const __half *, int, int)"
38928971,38929771,"k_add(__half *, const __half *, unsigned long long)"
38929803,38932747,"k_layernorm(__half *, const __half *, const __half *, const __half *, int, int)"
38932779,38953708,"k_gemv_fp16(__half *, const __half *, const __half *, const __half *, int, int)"
38953740,38954572,"k_gelu(__half *, unsigned long long)"
38954604,38977358,"k_gemv_fp16(__half *, const __half *, const __half *, const __half *, int, int)"
38977390,38978158,"k_add(__half *, const __half *, unsigned long long)"
38978222,38981230,"k_layernorm(__half *, const __half *, const __half *, const __half *, int, int)"
38981262,38997647,"k_gemv_fp16(__half *, const __half *, const __half *, const __half *, int, int)"
38997679,38998575,"k_kv_append(__half *, __half *, const __half *, int, int)"
38998607,39056724,"k_attn_decode(__half *, const __half *, const __half *, const __half *, int, int)"
39056755,39064116,"k_gemv_fp16(__half *, const __half *, const __half *, const __half *, int, int)"
39064148,39064948,"k_add(__half *, const __half *, unsigned long long)"
39064980,39067828,"k_layernorm(__half *, const __half *, const __half *, const __half *, int, int)"
39068532,39089334,"k_gemv_fp16(__half *, const __half *, const __half *, const __half *, int, int)"
39089366,39090198,"k_gelu(__half *, unsigned long long)"
39090230,39112983,"k_gemv_fp16(__half *, const __half *, const __half *, const __half *, int, int)"
39113015,39113815,"k_add(__half *, const __half *, unsigned long long)"
39113847,39116759,"k_layernorm(__half *, const __half *, const __half *, const __half *, int, int)"
39116792,39133209,"k_gemv_fp16(__half *, const __half *, const __half *, const __half *, int, int)"
39133241,39134105,"k_kv_append(__half *, __half *, const __half *, int, int)"
39134137,39192637,"k_attn_decode(__half *, const __half *, const __half *, const __half *, int, int)"
39192669,39199965,"k_gemv_fp16(__half *, const __half *, const __half *, const __half *, int, int)"
39199997,39200797,"k_add(__half *, const __half *, unsigned long long)"
39200829,39203678,"k_layernorm(__half *, const __half *, const __half *, const __half *, int, int)"
39203709,39224447,"k_gemv_fp16(__half *, const __half *, const __half *, const __half *, int, int)"
39224479,39225311,"k_gelu(__half *, unsigned long long)"
39225375,39248353,"k_gemv_fp16(__half *, const __half *, const __half *, const __half *, int, int)"
39248385,39249185,"k_add(__half *, const __half *, unsigned long long)"
39249217,39252065,"k_layernorm(__half *, const __half *, const __half *, const __half *, int, int)"
39252801,39269314,"k_gemv_fp16(__half *, const __half *, const __half *, const __half *, int, int)"
39269346,39270210,"k_kv_append(__half *, __half *, const __half *, int, int)"
39270242,39328486,"k_attn_decode(__half *, const __half *, const __half *, const __half *, int, int)"
39328518,39335879,"k_gemv_fp16(__half *, const __half *, const __half *, const __half *, int, int)"
39335911,39336679,"k_add(__half *, const __half *, unsigned long long)"
39336711,39339622,"k_layernorm(__half *, const __half *, const __half *, const __half *, int, int)"
39339623,39360584,"k_gemv_fp16(__half *, const __half *, const __half *, const __half *, int, int)"
39360616,39361448,"k_gelu(__half *, unsigned long long)"
39361480,39384362,"k_gemv_fp16(__half *, const __half *, const __half *, const __half *, int, int)"
39384394,39385194,"k_add(__half *, const __half *, unsigned long long)"
39385226,39388074,"k_layernorm(__half *, const __half *, const __half *, const __half *, int, int)"
39388138,39404427,"k_gemv_fp16(__half *, const __half *, const __half *, const __half *, int, int)"
39404491,39405355,"k_kv_append(__half *, __half *, const __half *, int, int)"
39405388,39463951,"k_attn_decode(__half *, const __half *, const __half *, const __half *, int, int)"
39464015,39471376,"k_gemv_fp16(__half *, const __half *, const __half *, const __half *, int, int)"
39471408,39472176,"k_add(__half *, const __half *, unsigned long long)"
39472880,39475728,"k_layernorm(__half *, const __half *, const __half *, const __half *, int, int)"
39475792,39496498,"k_gemv_fp16(__half *, const __half *, const __half *, const __half *, int, int)"
39496530,39497362,"k_gelu(__half *, unsigned long long)"
39497394,39520179,"k_gemv_fp16(__half *, const __half *, const __half *, const __half *, int, int)"
39520243,39521012,"k_add(__half *, const __half *, unsigned long long)"
39521043,39523923,"k_layernorm(__half *, const __half *, const __half *, const __half *, int, int)"
39523956,39835465,"k_gemv_fp16(__half *, const __half *, const __half *, const __half *, int, int)"
39898285,39899245,"k_embed_one(__half *, const __half *, const __half *, int, int)"
39899277,39902158,"k_layernorm(__half *, const __half *, const __half *, const __half *, int, int)"
39902190,39918415,"k_gemv_fp16(__half *, const __half *, const __half *, const __half *, int, int)"
39918479,39919599,"k_kv_append(__half *, __half *, const __half *, int, int)"
39919631,39977779,"k_attn_decode(__half *, const __half *, const __half *, const __half *, int, int)"
39977811,39985075,"k_gemv_fp16(__half *, const __half *, const __half *, const __half *, int, int)"
39985107,39985875,"k_add(__half *, const __half *, unsigned long long)"
39985908,39988820,"k_layernorm(__half *, const __half *, const __half *, const __half *, int, int)"
39988852,40009845,"k_gemv_fp16(__half *, const __half *, const __half *, const __half *, int, int)"
40009877,40010741,"k_gelu(__half *, unsigned long long)"
40010773,40033559,"k_gemv_fp16(__half *, const __half *, const __half *, const __half *, int, int)"
40033591,40034359,"k_add(__half *, const __half *, unsigned long long)"
40034391,40037367,"k_layernorm(__half *, const __half *, const __half *, const __half *, int, int)"
40037399,40053592,"k_gemv_fp16(__half *, const __half *, const __half *, const __half *, int, int)"
40053624,40054488,"k_kv_append(__half *, __half *, const __half *, int, int)"
40054520,40112924,"k_attn_decode(__half *, const __half *, const __half *, const __half *, int, int)"
40113660,40120349,"k_gemv_fp16(__half *, const __half *, const __half *, const __half *, int, int)"
40120381,40121149,"k_add(__half *, const __half *, unsigned long long)"
40121181,40124093,"k_layernorm(__half *, const __half *, const __half *, const __half *, int, int)"
40124125,40144958,"k_gemv_fp16(__half *, const __half *, const __half *, const __half *, int, int)"
40145023,40145854,"k_gelu(__half *, unsigned long long)"
40145887,40168896,"k_gemv_fp16(__half *, const __half *, const __half *, const __half *, int, int)"
40168960,40169728,"k_add(__half *, const __half *, unsigned long long)"
40169760,40172640,"k_layernorm(__half *, const __half *, const __half *, const __half *, int, int)"
40172672,40188896,"k_gemv_fp16(__half *, const __half *, const __half *, const __half *, int, int)"
40188897,40189794,"k_kv_append(__half *, __half *, const __half *, int, int)"
40189825,40248134,"k_attn_decode(__half *, const __half *, const __half *, const __half *, int, int)"
40248165,40255494,"k_gemv_fp16(__half *, const __half *, const __half *, const __half *, int, int)"
40255526,40256326,"k_add(__half *, const __half *, unsigned long long)"
40256358,40259206,"k_layernorm(__half *, const __half *, const __half *, const __half *, int, int)"
40259270,40280072,"k_gemv_fp16(__half *, const __half *, const __half *, const __half *, int, int)"
40280104,40280936,"k_gelu(__half *, unsigned long long)"
40281704,40304617,"k_gemv_fp16(__half *, const __half *, const __half *, const __half *, int, int)"
40304650,40305417,"k_add(__half *, const __half *, unsigned long long)"
40305449,40308330,"k_layernorm(__half *, const __half *, const __half *, const __half *, int, int)"
40308394,40324555,"k_gemv_fp16(__half *, const __half *, const __half *, const __half *, int, int)"
40324619,40325483,"k_kv_append(__half *, __half *, const __half *, int, int)"
40325515,40383855,"k_attn_decode(__half *, const __half *, const __half *, const __half *, int, int)"
40383887,40391247,"k_gemv_fp16(__half *, const __half *, const __half *, const __half *, int, int)"
40391279,40392047,"k_add(__half *, const __half *, unsigned long long)"
40392112,40394960,"k_layernorm(__half *, const __half *, const __half *, const __half *, int, int)"
40395024,40415825,"k_gemv_fp16(__half *, const __half *, const __half *, const __half *, int, int)"
40415857,40416689,"k_gelu(__half *, unsigned long long)"
40416721,40439475,"k_gemv_fp16(__half *, const __half *, const __half *, const __half *, int, int)"
40439507,40440275,"k_add(__half *, const __half *, unsigned long long)"
40440339,40443187,"k_layernorm(__half *, const __half *, const __half *, const __half *, int, int)"
40443219,40459380,"k_gemv_fp16(__half *, const __half *, const __half *, const __half *, int, int)"
40459412,40460276,"k_kv_append(__half *, __half *, const __half *, int, int)"
40461172,40519352,"k_attn_decode(__half *, const __half *, const __half *, const __half *, int, int)"
40519384,40526713,"k_gemv_fp16(__half *, const __half *, const __half *, const __half *, int, int)"
40526745,40527513,"k_add(__half *, const __half *, unsigned long long)"
40527577,40530425,"k_layernorm(__half *, const __half *, const __half *, const __half *, int, int)"
40530457,40551322,"k_gemv_fp16(__half *, const __half *, const __half *, const __half *, int, int)"
40551354,40552187,"k_gelu(__half *, unsigned long long)"
40552218,40575036,"k_gemv_fp16(__half *, const __half *, const __half *, const __half *, int, int)"
40575068,40575868,"k_add(__half *, const __half *, unsigned long long)"
40575900,40578780,"k_layernorm(__half *, const __half *, const __half *, const __half *, int, int)"
40578812,40595005,"k_gemv_fp16(__half *, const __half *, const __half *, const __half *, int, int)"
40595037,40595901,"k_kv_append(__half *, __half *, const __half *, int, int)"
40595965,40654017,"k_attn_decode(__half *, const __half *, const __half *, const __half *, int, int)"
40654049,40661314,"k_gemv_fp16(__half *, const __half *, const __half *, const __half *, int, int)"
40661346,40662114,"k_add(__half *, const __half *, unsigned long long)"
40662178,40665026,"k_layernorm(__half *, const __half *, const __half *, const __half *, int, int)"
40665058,40685828,"k_gemv_fp16(__half *, const __half *, const __half *, const __half *, int, int)"
40686532,40687364,"k_gelu(__half *, unsigned long long)"
40687428,40710309,"k_gemv_fp16(__half *, const __half *, const __half *, const __half *, int, int)"
40710341,40711141,"k_add(__half *, const __half *, unsigned long long)"
40711173,40714054,"k_layernorm(__half *, const __half *, const __half *, const __half *, int, int)"
40714117,40730343,"k_gemv_fp16(__half *, const __half *, const __half *, const __half *, int, int)"
40730375,40731239,"k_kv_append(__half *, __half *, const __half *, int, int)"
40731271,40789963,"k_attn_decode(__half *, const __half *, const __half *, const __half *, int, int)"
40790027,40797323,"k_gemv_fp16(__half *, const __half *, const __half *, const __half *, int, int)"
40797355,40798155,"k_add(__half *, const __half *, unsigned long long)"
40798187,40801036,"k_layernorm(__half *, const __half *, const __half *, const __half *, int, int)"
40801100,40821933,"k_gemv_fp16(__half *, const __half *, const __half *, const __half *, int, int)"
40821997,40822829,"k_gelu(__half *, unsigned long long)"
40822861,40845583,"k_gemv_fp16(__half *, const __half *, const __half *, const __half *, int, int)"
40845647,40846415,"k_add(__half *, const __half *, unsigned long long)"
40846447,40849327,"k_layernorm(__half *, const __half *, const __half *, const __half *, int, int)"
40849359,40865520,"k_gemv_fp16(__half *, const __half *, const __half *, const __half *, int, int)"
40866192,40867056,"k_kv_append(__half *, __half *, const __half *, int, int)"
40867120,40925492,"k_attn_decode(__half *, const __half *, const __half *, const __half *, int, int)"
40925524,40932821,"k_gemv_fp16(__half *, const __half *, const __half *, const __half *, int, int)"
40932885,40933653,"k_add(__half *, const __half *, unsigned long long)"
40933685,40936533,"k_layernorm(__half *, const __half *, const __half *, const __half *, int, int)"
40936597,40957430,"k_gemv_fp16(__half *, const __half *, const __half *, const __half *, int, int)"
40957494,40958326,"k_gelu(__half *, unsigned long long)"
40958358,40981208,"k_gemv_fp16(__half *, const __half *, const __half *, const __half *, int, int)"
40981240,40982008,"k_add(__half *, const __half *, unsigned long long)"
40982072,40984984,"k_layernorm(__half *, const __half *, const __half *, const __half *, int, int)"
40985048,41001177,"k_gemv_fp16(__half *, const __half *, const __half *, const __half *, int, int)"
41001209,41002105,"k_kv_append(__half *, __half *, const __half *, int, int)"
41002137,41060894,"k_attn_decode(__half *, const __half *, const __half *, const __half *, int, int)"
41060925,41068222,"k_gemv_fp16(__half *, const __half *, const __half *, const __half *, int, int)"
41068254,41069054,"k_add(__half *, const __half *, unsigned long long)"
41069086,41071902,"k_layernorm(__half *, const __half *, const __half *, const __half *, int, int)"
41072638,41093536,"k_gemv_fp16(__half *, const __half *, const __half *, const __half *, int, int)"
41093568,41094432,"k_gelu(__half *, unsigned long long)"
41094464,41117217,"k_gemv_fp16(__half *, const __half *, const __half *, const __half *, int, int)"
41117249,41118018,"k_add(__half *, const __half *, unsigned long long)"
41118049,41121090,"k_layernorm(__half *, const __half *, const __half *, const __half *, int, int)"
41121122,41137571,"k_gemv_fp16(__half *, const __half *, const __half *, const __half *, int, int)"
41137603,41138467,"k_kv_append(__half *, __half *, const __half *, int, int)"
41138499,41197351,"k_attn_decode(__half *, const __half *, const __half *, const __half *, int, int)"
41197383,41204679,"k_gemv_fp16(__half *, const __half *, const __half *, const __half *, int, int)"
41204711,41205511,"k_add(__half *, const __half *, unsigned long long)"
41205543,41208424,"k_layernorm(__half *, const __half *, const __half *, const __half *, int, int)"
41208456,41229289,"k_gemv_fp16(__half *, const __half *, const __half *, const __half *, int, int)"
41229321,41230153,"k_gelu(__half *, unsigned long long)"
41230217,41253195,"k_gemv_fp16(__half *, const __half *, const __half *, const __half *, int, int)"
41253227,41254027,"k_add(__half *, const __half *, unsigned long long)"
41254059,41256939,"k_layernorm(__half *, const __half *, const __half *, const __half *, int, int)"
41257675,41274124,"k_gemv_fp16(__half *, const __half *, const __half *, const __half *, int, int)"
41274156,41275052,"k_kv_append(__half *, __half *, const __half *, int, int)"
41275084,41333584,"k_attn_decode(__half *, const __half *, const __half *, const __half *, int, int)"
41333616,41341009,"k_gemv_fp16(__half *, const __half *, const __half *, const __half *, int, int)"
41341041,41341809,"k_add(__half *, const __half *, unsigned long long)"
41341841,41344752,"k_layernorm(__half *, const __half *, const __half *, const __half *, int, int)"
41344753,41365682,"k_gemv_fp16(__half *, const __half *, const __half *, const __half *, int, int)"
41365715,41366546,"k_gelu(__half *, unsigned long long)"
41366579,41389332,"k_gemv_fp16(__half *, const __half *, const __half *, const __half *, int, int)"
41389396,41390164,"k_add(__half *, const __half *, unsigned long long)"
41390196,41393044,"k_layernorm(__half *, const __half *, const __half *, const __half *, int, int)"
41393076,41409269,"k_gemv_fp16(__half *, const __half *, const __half *, const __half *, int, int)"
41409302,41410166,"k_kv_append(__half *, __half *, const __half *, int, int)"
41410230,41468698,"k_attn_decode(__half *, const __half *, const __half *, const __half *, int, int)"
41468730,41476058,"k_gemv_fp16(__half *, const __half *, const __half *, const __half *, int, int)"
41476090,41476858,"k_add(__half *, const __half *, unsigned long long)"
41477818,41480698,"k_layernorm(__half *, const __half *, const __half *, const __half *, int, int)"
41480730,41501628,"k_gemv_fp16(__half *, const __half *, const __half *, const __half *, int, int)"
41501660,41502492,"k_gelu(__half *, unsigned long long)"
41502524,41525278,"k_gemv_fp16(__half *, const __half *, const __half *, const __half *, int, int)"
41525341,41526109,"k_add(__half *, const __half *, unsigned long long)"
41526142,41529118,"k_layernorm(__half *, const __half *, const __half *, const __half *, int, int)"
41529150,41840787,"k_gemv_fp16(__half *, const __half *, const __half *, const __half *, int, int)"
41908184,41909112,"k_embed_one(__half *, const __half *, const __half *, int, int)"
41909144,41912120,"k_layernorm(__half *, const __half *, const __half *, const __half *, int, int)"
41912152,41928377,"k_gemv_fp16(__half *, const __half *, const __half *, const __half *, int, int)"
41928441,41929305,"k_kv_append(__half *, __half *, const __half *, int, int)"
41929337,41987677,"k_attn_decode(__half *, const __half *, const __half *, const __half *, int, int)"
41987709,41994974,"k_gemv_fp16(__half *, const __half *, const __half *, const __half *, int, int)"
41995006,41995774,"k_add(__half *, const __half *, unsigned long long)"
41995806,41998750,"k_layernorm(__half *, const __half *, const __half *, const __half *, int, int)"
41998782,42019679,"k_gemv_fp16(__half *, const __half *, const __half *, const __half *, int, int)"
42019744,42020576,"k_gelu(__half *, unsigned long long)"
42020608,42043457,"k_gemv_fp16(__half *, const __half *, const __half *, const __half *, int, int)"
42043489,42044289,"k_add(__half *, const __half *, unsigned long long)"
42044321,42047201,"k_layernorm(__half *, const __half *, const __half *, const __half *, int, int)"
42047233,42063522,"k_gemv_fp16(__half *, const __half *, const __half *, const __half *, int, int)"
42063555,42064451,"k_kv_append(__half *, __half *, const __half *, int, int)"
42064483,42122919,"k_attn_decode(__half *, const __half *, const __half *, const __half *, int, int)"
42123623,42130278,"k_gemv_fp16(__half *, const __half *, const __half *, const __half *, int, int)"
42130279,42131079,"k_add(__half *, const __half *, unsigned long long)"
42131111,42134023,"k_layernorm(__half *, const __half *, const __half *, const __half *, int, int)"
42134055,42154889,"k_gemv_fp16(__half *, const __half *, const __half *, const __half *, int, int)"
42154921,42155753,"k_gelu(__half *, unsigned long long)"
42155817,42178730,"k_gemv_fp16(__half *, const __half *, const __half *, const __half *, int, int)"
42178794,42179563,"k_add(__half *, const __half *, unsigned long long)"
42179594,42182475,"k_layernorm(__half *, const __half *, const __half *, const __half *, int, int)"
42182507,42198924,"k_gemv_fp16(__half *, const __half *, const __half *, const __half *, int, int)"
42198956,42199820,"k_kv_append(__half *, __half *, const __half *, int, int)"
42199852,42258480,"k_attn_decode(__half *, const __half *, const __half *, const __half *, int, int)"
42258512,42265777,"k_gemv_fp16(__half *, const __half *, const __half *, const __half *, int, int)"
42265808,42266608,"k_add(__half *, const __half *, unsigned long long)"
42266641,42269521,"k_layernorm(__half *, const __half *, const __half *, const __half *, int, int)"
42269553,42290354,"k_gemv_fp16(__half *, const __half *, const __half *, const __half *, int, int)"
42290386,42291250,"k_gelu(__half *, unsigned long long)"
42291986,42314836,"k_gemv_fp16(__half *, const __half *, const __half *, const __half *, int, int)"
42314868,42315668,"k_add(__half *, const __half *, unsigned long long)"
42315700,42318548,"k_layernorm(__half *, const __half *, const __half *, const __half *, int, int)"
42318580,42334773,"k_gemv_fp16(__half *, const __half *, const __half *, const __half *, int, int)"
42334805,42335669,"k_kv_append(__half *, __half *, const __half *, int, int)"
42335733,42394713,"k_attn_decode(__half *, const __half *, const __half *, const __half *, int, int)"
42394777,42402074,"k_gemv_fp16(__half *, const __half *, const __half *, const __half *, int, int)"
42402138,42402906,"k_add(__half *, const __half *, unsigned long long)"
42402938,42405850,"k_layernorm(__half *, const __half *, const __half *, const __half *, int, int)"
42405882,42426716,"k_gemv_fp16(__half *, const __half *, const __half *, const __half *, int, int)"
42426748,42427580,"k_gelu(__half *, unsigned long long)"
42427644,42450621,"k_gemv_fp16(__half *, const __half *, const __half *, const __half *, int, int)"
42450653,42451453,"k_add(__half *, const __half *, unsigned long long)"
42451485,42454366,"k_layernorm(__half *, const __half *, const __half *, const __half *, int, int)"
42454397,42470590,"k_gemv_fp16(__half *, const __half *, const __half *, const __half *, int, int)"
42470623,42471487,"k_kv_append(__half *, __half *, const __half *, int, int)"
42472191,42530883,"k_attn_decode(__half *, const __half *, const __half *, const __half *, int, int)"
42530915,42538307,"k_gemv_fp16(__half *, const __half *, const __half *, const __half *, int, int)"
42538371,42539139,"k_add(__half *, const __half *, unsigned long long)"
42539171,42542051,"k_layernorm(__half *, const __half *, const __half *, const __half *, int, int)"
42542084,42562885,"k_gemv_fp16(__half *, const __half *, const __half *, const __half *, int, int)"
42562917,42563749,"k_gelu(__half *, unsigned long long)"
42563781,42586599,"k_gemv_fp16(__half *, const __half *, const __half *, const __half *, int, int)"
42586662,42587431,"k_add(__half *, const __half *, unsigned long long)"
42587463,42590375,"k_layernorm(__half *, const __half *, const __half *, const __half *, int, int)"
42590407,42606696,"k_gemv_fp16(__half *, const __half *, const __half *, const __half *, int, int)"
42606728,42607592,"k_kv_append(__half *, __half *, const __half *, int, int)"
42607656,42666028,"k_attn_decode(__half *, const __half *, const __half *, const __half *, int, int)"
42666060,42673293,"k_gemv_fp16(__half *, const __half *, const __half *, const __half *, int, int)"
42673356,42674124,"k_add(__half *, const __half *, unsigned long long)"
42674157,42677005,"k_layernorm(__half *, const __half *, const __half *, const __half *, int, int)"
42677069,42697806,"k_gemv_fp16(__half *, const __half *, const __half *, const __half *, int, int)"
42698542,42699374,"k_gelu(__half *, unsigned long long)"
42699438,42722320,"k_gemv_fp16(__half *, const __half *, const __half *, const __half *, int, int)"
42722384,42723152,"k_add(__half *, const __half *, unsigned long long)"
42723184,42726064,"k_layernorm(__half *, const __half *, const __half *, const __half *, int, int)"
42726128,42742161,"k_gemv_fp16(__half *, const __half *, const __half *, const __half *, int, int)"
42742193,42743057,"k_kv_append(__half *, __half *, const __half *, int, int)"
42743089,42801781,"k_attn_decode(__half *, const __half *, const __half *, const __half *, int, int)"
42801813,42809078,"k_gemv_fp16(__half *, const __half *, const __half *, const __half *, int, int)"
42809110,42809878,"k_add(__half *, const __half *, unsigned long long)"
42809910,42812790,"k_layernorm(__half *, const __half *, const __half *, const __half *, int, int)"
42812854,42833624,"k_gemv_fp16(__half *, const __half *, const __half *, const __half *, int, int)"
42833656,42834488,"k_gelu(__half *, unsigned long long)"
42834552,42857241,"k_gemv_fp16(__half *, const __half *, const __half *, const __half *, int, int)"
42857273,42858073,"k_add(__half *, const __half *, unsigned long long)"
42858105,42860985,"k_layernorm(__half *, const __half *, const __half *, const __half *, int, int)"
42861018,42877146,"k_gemv_fp16(__half *, const __half *, const __half *, const __half *, int, int)"
42877851,42878715,"k_kv_append(__half *, __half *, const __half *, int, int)"
42878747,42937535,"k_attn_decode(__half *, const __half *, const __half *, const __half *, int, int)"
42937567,42944927,"k_gemv_fp16(__half *, const __half *, const __half *, const __half *, int, int)"
42944991,42945759,"k_add(__half *, const __half *, unsigned long long)"
42945791,42948672,"k_layernorm(__half *, const __half *, const __half *, const __half *, int, int)"
42948703,42969569,"k_gemv_fp16(__half *, const __half *, const __half *, const __half *, int, int)"
42969601,42970433,"k_gelu(__half *, unsigned long long)"
42970465,42993218,"k_gemv_fp16(__half *, const __half *, const __half *, const __half *, int, int)"
42993251,42994019,"k_add(__half *, const __half *, unsigned long long)"
42994051,42997027,"k_layernorm(__half *, const __half *, const __half *, const __half *, int, int)"
42997091,43013444,"k_gemv_fp16(__half *, const __half *, const __half *, const __half *, int, int)"
43013508,43014372,"k_kv_append(__half *, __half *, const __half *, int, int)"
43014404,43072680,"k_attn_decode(__half *, const __half *, const __half *, const __half *, int, int)"
43072712,43080137,"k_gemv_fp16(__half *, const __half *, const __half *, const __half *, int, int)"
43080168,43080969,"k_add(__half *, const __half *, unsigned long long)"
43081001,43083881,"k_layernorm(__half *, const __half *, const __half *, const __half *, int, int)"
43084617,43105482,"k_gemv_fp16(__half *, const __half *, const __half *, const __half *, int, int)"
43105514,43106346,"k_gelu(__half *, unsigned long long)"
43106378,43129132,"k_gemv_fp16(__half *, const __half *, const __half *, const __half *, int, int)"
43129164,43129964,"k_add(__half *, const __half *, unsigned long long)"
43129996,43132876,"k_layernorm(__half *, const __half *, const __half *, const __half *, int, int)"
43132908,43149485,"k_gemv_fp16(__half *, const __half *, const __half *, const __half *, int, int)"
43149517,43150413,"k_kv_append(__half *, __half *, const __half *, int, int)"
43150445,43209138,"k_attn_decode(__half *, const __half *, const __half *, const __half *, int, int)"
43209169,43216465,"k_gemv_fp16(__half *, const __half *, const __half *, const __half *, int, int)"
43216466,43217266,"k_add(__half *, const __half *, unsigned long long)"
43217298,43220178,"k_layernorm(__half *, const __half *, const __half *, const __half *, int, int)"
43220210,43241107,"k_gemv_fp16(__half *, const __half *, const __half *, const __half *, int, int)"
43241108,43241972,"k_gelu(__half *, unsigned long long)"
43242004,43264757,"k_gemv_fp16(__half *, const __half *, const __half *, const __half *, int, int)"
43264789,43265589,"k_add(__half *, const __half *, unsigned long long)"
43265621,43268661,"k_layernorm(__half *, const __half *, const __half *, const __half *, int, int)"
43269334,43286039,"k_gemv_fp16(__half *, const __half *, const __half *, const __half *, int, int)"
43286071,43286967,"k_kv_append(__half *, __half *, const __half *, int, int)"
43286999,43345499,"k_attn_decode(__half *, const __half *, const __half *, const __half *, int, int)"
43345531,43352891,"k_gemv_fp16(__half *, const __half *, const __half *, const __half *, int, int)"
43352923,43353691,"k_add(__half *, const __half *, unsigned long long)"
43353723,43356636,"k_layernorm(__half *, const __half *, const __half *, const __half *, int, int)"
43356668,43377533,"k_gemv_fp16(__half *, const __half *, const __half *, const __half *, int, int)"
43377597,43378429,"k_gelu(__half *, unsigned long long)"
43378461,43401215,"k_gemv_fp16(__half *, const __half *, const __half *, const __half *, int, int)"
43401247,43402047,"k_add(__half *, const __half *, unsigned long long)"
43402079,43405119,"k_layernorm(__half *, const __half *, const __half *, const __half *, int, int)"
43405151,43421280,"k_gemv_fp16(__half *, const __half *, const __half *, const __half *, int, int)"
43421312,43422176,"k_kv_append(__half *, __half *, const __half *, int, int)"
43422240,43480324,"k_attn_decode(__half *, const __half *, const __half *, const __half *, int, int)"
43480356,43487685,"k_gemv_fp16(__half *, const __half *, const __half *, const __half *, int, int)"
43487717,43488485,"k_add(__half *, const __half *, unsigned long long)"
43489285,43492165,"k_layernorm(__half *, const __half *, const __half *, const __half *, int, int)"
43492197,43512966,"k_gemv_fp16(__half *, const __half *, const __half *, const __half *, int, int)"
43512998,43513830,"k_gelu(__half *, unsigned long long)"
43513895,43536712,"k_gemv_fp16(__half *, const __half *, const __half *, const __half *, int, int)"
43536744,43537512,"k_add(__half *, const __half *, unsigned long long)"
43537576,43540456,"k_layernorm(__half *, const __half *, const __half *, const __half *, int, int)"
43540488,43852094,"k_gemv_fp16(__half *, const __half *, const __half *, const __half *, int, int)"
43915618,43916578,"k_embed_one(__half *, const __half *, const __half *, int, int)"
43916610,43919490,"k_layernorm(__half *, const __half *, const __half *, const __half *, int, int)"
43919522,43935779,"k_gemv_fp16(__half *, const __half *, const __half *, const __half *, int, int)"
43935811,43936676,"k_kv_append(__half *, __half *, const __half *, int, int)"
43936739,43995528,"k_attn_decode(__half *, const __half *, const __half *, const __half *, int, int)"
43995560,44002919,"k_gemv_fp16(__half *, const __half *, const __half *, const __half *, int, int)"
44002920,44003720,"k_add(__half *, const __half *, unsigned long long)"
44003752,44006697,"k_layernorm(__half *, const __half *, const __half *, const __half *, int, int)"
44006728,44027626,"k_gemv_fp16(__half *, const __half *, const __half *, const __half *, int, int)"
44027658,44028490,"k_gelu(__half *, unsigned long long)"
44028522,44051339,"k_gemv_fp16(__half *, const __half *, const __half *, const __half *, int, int)"
44051371,44052172,"k_add(__half *, const __half *, unsigned long long)"
44052203,44055116,"k_layernorm(__half *, const __half *, const __half *, const __half *, int, int)"
44055180,44071405,"k_gemv_fp16(__half *, const __half *, const __half *, const __half *, int, int)"
44071437,44072301,"k_kv_append(__half *, __half *, const __half *, int, int)"
44072333,44130705,"k_attn_decode(__half *, const __half *, const __half *, const __half *, int, int)"
44131601,44138225,"k_gemv_fp16(__half *, const __half *, const __half *, const __half *, int, int)"
44138257,44139057,"k_add(__half *, const __half *, unsigned long long)"
44139089,44142001,"k_layernorm(__half *, const __half *, const __half *, const __half *, int, int)"
44142002,44162931,"k_gemv_fp16(__half *, const __half *, const __half *, const __half *, int, int)"
44162963,44163827,"k_gelu(__half *, unsigned long long)"
44163859,44186805,"k_gemv_fp16(__half *, const __half *, const __half *, const __half *, int, int)"
44186837,44187637,"k_add(__half *, const __half *, unsigned long long)"
44187669,44190613,"k_layernorm(__half *, const __half *, const __half *, const __half *, int, int)"
44190645,44206998,"k_gemv_fp16(__half *, const __half *, const __half *, const __half *, int, int)"
44207062,44207926,"k_kv_append(__half *, __half *, const __half *, int, int)"
44207958,44266170,"k_attn_decode(__half *, const __half *, const __half *, const __half *, int, int)"
44266202,44273371,"k_gemv_fp16(__half *, const __half *, const __half *, const __half *, int, int)"
44273403,44274203,"k_add(__half *, const __half *, unsigned long long)"
44274235,44277115,"k_layernorm(__half *, const __half *, const __half *, const __half *, int, int)"
44277147,44297948,"k_gemv_fp16(__half *, const __half *, const __half *, const __half *, int, int)"
44297980,44298813,"k_gelu(__half *, unsigned long long)"
44299580,44322494,"k_gemv_fp16(__half *, const __half *, const __half *, const __half *, int, int)"
44322558,44323326,"k_add(__half *, const __half *, unsigned long long)"
44323358,44326238,"k_layernorm(__half *, const __half *, const __half *, const __half *, int, int)"
44326302,44342656,"k_gemv_fp16(__half *, const __half *, const __half *, const __half *, int, int)"
44342720,44343584,"k_kv_append(__half *, __half *, const __half *, int, int)"
44343616,44401987,"k_attn_decode(__half *, const __half *, const __half *, const __half *, int, int)"
44402020,44409316,"k_gemv_fp16(__half *, const __half *, const __half *, const __half *, int, int)"
44409380,44410148,"k_add(__half *, const __half *, unsigned long long)"
44410180,44413092,"k_layernorm(__half *, const __half *, const __half *, const __half *, int, int)"
44413124,44433926,"k_gemv_fp16(__half *, const __half *, const __half *, const __half *, int, int)"
44433958,44434790,"k_gelu(__half *, unsigned long long)"
44434822,44457543,"k_gemv_fp16(__half *, const __half *, const __half *, const __half *, int, int)"
44457575,44458376,"k_add(__half *, const __half *, unsigned long long)"
44458407,44461288,"k_layernorm(__half *, const __half *, const __half *, const __half *, int, int)"
44461320,44477641,"k_gemv_fp16(__half *, const __half *, const __half *, const __half *, int, int)"
44477673,44478537,"k_kv_append(__half *, __half *, const __half *, int, int)"
44479305,44537805,"k_attn_decode(__half *, const __half *, const __half *, const __half *, int, int)"
44537837,44545293,"k_gemv_fp16(__half *, const __half *, const __half *, const __half *, int, int)"
44545326,44546126,"k_add(__half *, const __half *, unsigned long long)"
44546157,44549166,"k_layernorm(__half *, const __half *, const __half *, const __half *, int, int)"
44549198,44570031,"k_gemv_fp16(__half *, const __half *, const __half *, const __half *, int, int)"
44570095,44570927,"k_gelu(__half *, unsigned long long)"
44570959,44593809,"k_gemv_fp16(__half *, const __half *, const __half *, const __half *, int, int)"
44593841,44594641,"k_add(__half *, const __half *, unsigned long long)"
44594673,44597617,"k_layernorm(__half *, const __half *, const __half *, const __half *, int, int)"
44597649,44614066,"k_gemv_fp16(__half *, const __half *, const __half *, const __half *, int, int)"
44614098,44614962,"k_kv_append(__half *, __half *, const __half *, int, int)"
44614994,44673270,"k_attn_decode(__half *, const __half *, const __half *, const __half *, int, int)"
44673302,44680567,"k_gemv_fp16(__half *, const __half *, const __half *, const __half *, int, int)"
44680599,44681399,"k_add(__half *, const __half *, unsigned long long)"
44681431,44684407,"k_layernorm(__half *, const __half *, const __half *, const __half *, int, int)"
44684439,44705305,"k_gemv_fp16(__half *, const __half *, const __half *, const __half *, int, int)"
44706009,44706841,"k_gelu(__half *, unsigned long long)"
44706873,44729818,"k_gemv_fp16(__half *, const __half *, const __half *, const __half *, int, int)"
44729850,44730650,"k_add(__half *, const __half *, unsigned long long)"
44730682,44733563,"k_layernorm(__half *, const __half *, const __half *, const __half *, int, int)"
44733626,44749788,"k_gemv_fp16(__half *, const __half *, const __half *, const __half *, int, int)"
44749820,44750684,"k_kv_append(__half *, __half *, const __half *, int, int)"
44750748,44809344,"k_attn_decode(__half *, const __half *, const __half *, const __half *, int, int)"
44809376,44816672,"k_gemv_fp16(__half *, const __half *, const __half *, const __half *, int, int)"
44816704,44817472,"k_add(__half *, const __half *, unsigned long long)"
44817504,44820417,"k_layernorm(__half *, const __half *, const __half *, const __half *, int, int)"
44820448,44841218,"k_gemv_fp16(__half *, const __half *, const __half *, const __half *, int, int)"
44841250,44842082,"k_gelu(__half *, unsigned long long)"
44842114,44865059,"k_gemv_fp16(__half *, const __half *, const __half *, const __half *, int, int)"
44865092,44865892,"k_add(__half *, const __half *, unsigned long long)"
44865923,44868868,"k_layernorm(__half *, const __half *, const __half *, const __half *, int, int)"
44868932,44885061,"k_gemv_fp16(__half *, const __half *, const __half *, const __half *, int, int)"
44885925,44886789,"k_kv_append(__half *, __half *, const __half *, int, int)"
44886821,44945769,"k_attn_decode(__half *, const __half *, const __half *, const __half *, int, int)"
44945833,44953098,"k_gemv_fp16(__half *, const __half *, const __half *, const __half *, int, int)"
44953162,44953930,"k_add(__half *, const __half *, unsigned long long)"
44953962,44956874,"k_layernorm(__half *, const __half *, const __half *, const __half *, int, int)"
44956906,44977835,"k_gemv_fp16(__half *, const __half *, const __half *, const __half *, int, int)"
44977899,44978699,"k_gelu(__half *, unsigned long long)"
44978763,45001549,"k_gemv_fp16(__half *, const __half *, const __half *, const __half *, int, int)"
45001581,45002381,"k_add(__half *, const __half *, unsigned long long)"
45002413,45005325,"k_layernorm(__half *, const __half *, const __half *, const __half *, int, int)"
45005357,45021582,"k_gemv_fp16(__half *, const __half *, const __half *, const __half *, int, int)"
45021614,45022478,"k_kv_append(__half *, __half *, const __half *, int, int)"
45022510,45081234,"k_attn_decode(__half *, const __half *, const __half *, const __half *, int, int)"
45081266,45088531,"k_gemv_fp16(__half *, const __half *, const __half *, const __half *, int, int)"
45088563,45089363,"k_add(__half *, const __half *, unsigned long long)"
45089395,45092243,"k_layernorm(__half *, const __half *, const __half *, const __half *, int, int)"
45092947,45113749,"k_gemv_fp16(__half *, const __half *, const __half *, const __half *, int, int)"
45113781,45114613,"k_gelu(__half *, unsigned long long)"
45114645,45137430,"k_gemv_fp16(__half *, const __half *, const __half *, const __half *, int, int)"
45137462,45138262,"k_add(__half *, const __half *, unsigned long long)"
45138294,45141175,"k_layernorm(__half *, const __half *, const __half *, const __half *, int, int)"
45141206,45157560,"k_gemv_fp16(__half *, const __half *, const __half *, const __half *, int, int)"
45157592,45158456,"k_kv_append(__half *, __half *, const __half *, int, int)"
45158488,45217372,"k_attn_decode(__half *, const __half *, const __half *, const __half *, int, int)"
45217404,45224668,"k_gemv_fp16(__half *, const __half *, const __half *, const __half *, int, int)"
45224700,45225500,"k_add(__half *, const __half *, unsigned long long)"
45225532,45228381,"k_layernorm(__half *, const __half *, const __half *, const __half *, int, int)"
45228412,45249245,"k_gemv_fp16(__half *, const __half *, const __half *, const __half *, int, int)"
45249246,45250110,"k_gelu(__half *, unsigned long long)"
45250142,45272960,"k_gemv_fp16(__half *, const __half *, const __half *, const __half *, int, int)"
45272992,45273760,"k_add(__half *, const __half *, unsigned long long)"
45273792,45276672,"k_layernorm(__half *, const __half *, const __half *, const __half *, int, int)"
45277600,45294561,"k_gemv_fp16(__half *, const __half *, const __half *, const __half *, int, int)"
45294593,45295489,"k_kv_append(__half *, __half *, const __half *, int, int)"
45295521,45353797,"k_attn_decode(__half *, const __half *, const __half *, const __half *, int, int)"
45353861,45361189,"k_gemv_fp16(__half *, const __half *, const __half *, const __half *, int, int)"
45361190,45361990,"k_add(__half *, const __half *, unsigned long long)"
45362022,45364902,"k_layernorm(__half *, const __half *, const __half *, const __half *, int, int)"
45364966,45385927,"k_gemv_fp16(__half *, const __half *, const __half *, const __half *, int, int)"
45385959,45386791,"k_gelu(__half *, unsigned long long)"
45386823,45409577,"k_gemv_fp16(__half *, const __half *, const __half *, const __half *, int, int)"
45409609,45410409,"k_add(__half *, const __half *, unsigned long long)"
45410441,45413289,"k_layernorm(__half *, const __half *, const __half *, const __half *, int, int)"
45413353,45429834,"k_gemv_fp16(__half *, const __half *, const __half *, const __half *, int, int)"
45429866,45430730,"k_kv_append(__half *, __half *, const __half *, int, int)"
45430794,45488878,"k_attn_decode(__half *, const __half *, const __half *, const __half *, int, int)"
45488910,45496175,"k_gemv_fp16(__half *, const __half *, const __half *, const __half *, int, int)"
45496207,45497007,"k_add(__half *, const __half *, unsigned long long)"
45497711,45500623,"k_layernorm(__half *, const __half *, const __half *, const __half *, int, int)"
45500655,45521457,"k_gemv_fp16(__half *, const __half *, const __half *, const __half *, int, int)"
45521521,45522353,"k_gelu(__half *, unsigned long long)"
45522385,45545298,"k_gemv_fp16(__half *, const __half *, const __half *, const __half *, int, int)"
45545330,45546130,"k_add(__half *, const __half *, unsigned long long)"
45546162,45549171,"k_layernorm(__half *, const __half *, const __half *, const __half *, int, int)"
45549234,45861192,"k_gemv_fp16(__half *, const __half *, const __half *, const __half *, int, int)"
45947854,45948782,"k_embed_one(__half *, const __half *, const __half *, int, int)"
45948846,45951726,"k_layernorm(__half *, const __half *, const __half *, const __half *, int, int)"
45951758,45968016,"k_gemv_fp16(__half *, const __half *, const __half *, const __half *, int, int)"
45968079,45968944,"k_kv_append(__half *, __half *, const __half *, int, int)"
45968976,46027571,"k_attn_decode(__half *, const __half *, const __half *, const __half *, int, int)"
46027572,46035123,"k_gemv_fp16(__half *, const __half *, const __half *, const __half *, int, int)"
46035124,46035924,"k_add(__half *, const __half *, unsigned long long)"
46035956,46038836,"k_layernorm(__half *, const __half *, const __half *, const __half *, int, int)"
46038868,46059798,"k_gemv_fp16(__half *, const __half *, const __half *, const __half *, int, int)"
46059830,46060662,"k_gelu(__half *, unsigned long long)"
46060694,46083480,"k_gemv_fp16(__half *, const __half *, const __half *, const __half *, int, int)"
46083511,46084279,"k_add(__half *, const __half *, unsigned long long)"
46084311,46087192,"k_layernorm(__half *, const __half *, const __half *, const __half *, int, int)"
46087224,46103449,"k_gemv_fp16(__half *, const __half *, const __half *, const __half *, int, int)"
46103481,46104377,"k_kv_append(__half *, __half *, const __half *, int, int)"
46104409,46163069,"k_attn_decode(__half *, const __half *, const __half *, const __half *, int, int)"
46163741,46170269,"k_gemv_fp16(__half *, const __half *, const __half *, const __half *, int, int)"
46170334,46171102,"k_add(__half *, const __half *, unsigned long long)"
46171133,46174078,"k_layernorm(__half *, const __half *, const __half *, const __half *, int, int)"
46174110,46195007,"k_gemv_fp16(__half *, const __half *, const __half *, const __half *, int, int)"
46195039,46195871,"k_gelu(__half *, unsigned long long)"
46195903,46218881,"k_gemv_fp16(__half *, const __half *, const __half *, const __half *, int, int)"
46218913,46219713,"k_add(__half *, const __half *, unsigned long long)"
46219745,46222625,"k_layernorm(__half *, const __half *, const __half *, const __half *, int, int)"
46222657,46239042,"k_gemv_fp16(__half *, const __half *, const __half *, const __half *, int, int)"
46239074,46239938,"k_kv_append(__half *, __half *, const __half *, int, int)"
46239970,46298437,"k_attn_decode(__half *, const __half *, const __half *, const __half *, int, int)"
46298438,46305798,"k_gemv_fp16(__half *, const __half *, const __half *, const __half *, int, int)"
46305799,46306599,"k_add(__half *, const __half *, unsigned long long)"
46306631,46309511,"k_layernorm(__half *, const __half *, const __half *, const __half *, int, int)"
46309543,46330472,"k_gemv_fp16(__half *, const __half *, const __half *, const __half *, int, int)"
46330504,46331369,"k_gelu(__half *, unsigned long long)"
46332137,46355018,"k_gemv_fp16(__half *, const __half *, const __half *, const __half *, int, int)"
46355050,46355850,"k_add(__half *, const __half *, unsigned long long)"
46355882,46358762,"k_layernorm(__half *, const __half *, const __half *, const __half *, int, int)"
46358826,46375020,"k_gemv_fp16(__half *, const __half *, const __half *, const __half *, int, int)"
46375051,46375915,"k_kv_append(__half *, __half *, const __half *, int, int)"
46375980,46434576,"k_attn_decode(__half *, const __half *, const __half *, const __half *, int, int)"
46434640,46441904,"k_gemv_fp16(__half *, const __half *, const __half *, const __half *, int, int)"
46441936,46442736,"k_add(__half *, const __half *, unsigned long long)"
46442768,46445648,"k_layernorm(__half *, const __half *, const __half *, const __half *, int, int)"
46445680,46466514,"k_gemv_fp16(__half *, const __half *, const __half *, const __half *, int, int)"
46466546,46467378,"k_gelu(__half *, unsigned long long)"
46467442,46490292,"k_gemv_fp16(__half *, const __half *, const __half *, const __half *, int, int)"
46490323,46491123,"k_add(__half *, const __half *, unsigned long long)"
46491156,46494099,"k_layernorm(__half *, const __half *, const __half *, const __half *, int, int)"
46494100,46510261,"k_gemv_fp16(__half *, const __half *, const __half *, const __half *, int, int)"
46510293,46511157,"k_kv_append(__half *, __half *, const __half *, int, int)"
46511957,46570745,"k_attn_decode(__half *, const __half *, const __half *, const __half *, int, int)"
46570809,46578169,"k_gemv_fp16(__half *, const __half *, const __half *, const __half *, int, int)"
46578202,46578970,"k_add(__half *, const __half *, unsigned long long)"
46579002,46581882,"k_layernorm(__half *, const __half *, const __half *, const __half *, int, int)"
46581914,46602747,"k_gemv_fp16(__half *, const __half *, const __half *, const __half *, int, int)"
46602779,46603611,"k_gelu(__half *, unsigned long long)"
46603643,46626557,"k_gemv_fp16(__half *, const __half *, const __half *, const __half *, int, int)"
46626589,46627357,"k_add(__half *, const __half *, unsigned long long)"
46627421,46630301,"k_layernorm(__half *, const __half *, const __half *, const __half *, int, int)"
46630365,46646590,"k_gemv_fp16(__half *, const __half *, const __half *, const __half *, int, int)"
46646622,46647486,"k_kv_append(__half *, __half *, const __half *, int, int)"
46647518,46706018,"k_attn_decode(__half *, const __half *, const __half *, const __half *, int, int)"
46706050,46713347,"k_gemv_fp16(__half *, const __half *, const __half *, const __half *, int, int)"
46713379,46714179,"k_add(__half *, const __half *, unsigned long long)"
46714211,46717059,"k_layernorm(__half *, const __half *, const __half *, const __half *, int, int)"
46717123,46737893,"k_gemv_fp16(__half *, const __half *, const __half *, const __half *, int, int)"
46738629,46739461,"k_gelu(__half *, unsigned long long)"
46739493,46762470,"k_gemv_fp16(__half *, const __half *, const __half *, const __half *, int, int)"
46762502,46763270,"k_add(__half *, const __half *, unsigned long long)"
46763334,46766214,"k_layernorm(__half *, const __half *, const __half *, const __half *, int, int)"
46766247,46782408,"k_gemv_fp16(__half *, const __half *, const __half *, const __half *, int, int)"
46782440,46783304,"k_kv_append(__half *, __half *, const __half *, int, int)"
46783335,46841964,"k_attn_decode(__half *, const __half *, const __half *, const __half *, int, int)"
46841996,46849292,"k_gemv_fp16(__half *, const __half *, const __half *, const __half *, int, int)"
46849356,46850124,"k_add(__half *, const __half *, unsigned long long)"
46850156,46853132,"k_layernorm(__half *, const __half *, const __half *, const __half *, int, int)"
46853164,46874094,"k_gemv_fp16(__half *, const __half *, const __half *, const __half *, int, int)"
46874126,46874958,"k_gelu(__half *, unsigned long long)"
46875022,46897872,"k_gemv_fp16(__half *, const __half *, const __half *, const __half *, int, int)"
46897904,46898703,"k_add(__half *, const __half *, unsigned long long)"
46898736,46901616,"k_layernorm(__half *, const __half *, const __half *, const __half *, int, int)"
46901648,46918001,"k_gemv_fp16(__half *, const __half *, const __half *, const __half *, int, int)"
46918673,46919569,"k_kv_append(__half *, __half *, const __half *, int, int)"
46919601,46978357,"k_attn_decode(__half *, const __half *, const __half *, const __half *, int, int)"
46978389,46985782,"k_gemv_fp16(__half *, const __half *, const __half *, const __half *, int, int)"
46985814,46986582,"k_add(__half *, const __half *, unsigned long long)"
46986613,46989494,"k_layernorm(__half *, const __half *, const __half *, const __half *, int, int)"
46989526,47010455,"k_gemv_fp16(__half *, const __half *, const __half *, const __half *, int, int)"
47010519,47011351,"k_gelu(__half *, unsigned long long)"
47011383,47034265,"k_gemv_fp16(__half *, const __half *, const __half *, const __half *, int, int)"
47034297,47035097,"k_add(__half *, const __half *, unsigned long long)"
47035129,47037977,"k_layernorm(__half *, const __half *, const __half *, const __half *, int, int)"
47038041,47054329,"k_gemv_fp16(__half *, const __half *, const __half *, const __half *, int, int)"
47054330,47055226,"k_kv_append(__half *, __half *, const __half *, int, int)"
47055258,47114142,"k_attn_decode(__half *, const __half *, const __half *, const __half *, int, int)"
47114207,47121535,"k_gemv_fp16(__half *, const __half *, const __half *, const __half *, int, int)"
47121567,47122367,"k_add(__half *, const __half *, unsigned long long)"
47122399,47125279,"k_layernorm(__half *, const __half *, const __half *, const __half *, int, int)"
47126047,47146912,"k_gemv_fp16(__half *, const __half *, const __half *, const __half *, int, int)"
47146913,47147777,"k_gelu(__half *, unsigned long long)"
47147809,47170561,"k_gemv_fp16(__half *, const __half *, const __half *, const __half *, int, int)"
47170562,47171362,"k_add(__half *, const __half *, unsigned long long)"
47171394,47174371,"k_layernorm(__half *, const __half *, const __half *, const __half *, int, int)"
47174403,47190852,"k_gemv_fp16(__half *, const __half *, const __half *, const __half *, int, int)"
47190884,47191748,"k_kv_append(__half *, __half *, const __half *, int, int)"
47191812,47250344,"k_attn_decode(__half *, const __half *, const __half *, const __half *, int, int)"
47250376,47257608,"k_gemv_fp16(__half *, const __half *, const __half *, const __half *, int, int)"
47257672,47258440,"k_add(__half *, const __half *, unsigned long long)"
47258472,47261448,"k_layernorm(__half *, const __half *, const __half *, const __half *, int, int)"
47261481,47282282,"k_gemv_fp16(__half *, const __half *, const __half *, const __half *, int, int)"
47282314,47283146,"k_gelu(__half *, unsigned long long)"
47283178,47305963,"k_gemv_fp16(__half *, const __half *, const __half *, const __half *, int, int)"
47305996,47306796,"k_add(__half *, const __half *, unsigned long long)"
47306828,47309740,"k_layernorm(__half *, const __half *, const __half *, const __half *, int, int)"
47310412,47326541,"k_gemv_fp16(__half *, const __half *, const __half *, const __half *, int, int)"
47326573,47327469,"k_kv_append(__half *, __half *, const __half *, int, int)"
47327501,47385809,"k_attn_decode(__half *, const __half *, const __half *, const __half *, int, int)"
47385841,47393138,"k_gemv_fp16(__half *, const __half *, const __half *, const __half *, int, int)"
47393170,47393938,"k_add(__half *, const __half *, unsigned long long)"
47394002,47396882,"k_layernorm(__half *, const __half *, const __half *, const __half *, int, int)"
47396914,47417779,"k_gemv_fp16(__half *, const __half *, const __half *, const __half *, int, int)"
47417811,47418643,"k_gelu(__half *, unsigned long long)"
47418675,47441653,"k_gemv_fp16(__half *, const __half *, const __half *, const __half *, int, int)"
47441685,47442453,"k_add(__half *, const __half *, unsigned long long)"
47442517,47445365,"k_layernorm(__half *, const __half *, const __half *, const __half *, int, int)"
47445397,47461590,"k_gemv_fp16(__half *, const __half *, const __half *, const __half *, int, int)"
47461622,47462486,"k_kv_append(__half *, __half *, const __half *, int, int)"
47462550,47520826,"k_attn_decode(__half *, const __half *, const __half *, const __half *, int, int)"
47520890,47528155,"k_gemv_fp16(__half *, const __half *, const __half *, const __half *, int, int)"
47528187,47528987,"k_add(__half *, const __half *, unsigned long long)"
47529947,47532891,"k_layernorm(__half *, const __half *, const __half *, const __half *, int, int)"
47532955,47553725,"k_gemv_fp16(__half *, const __half *, const __half *, const __half *, int, int)"
47553757,47554589,"k_gelu(__half *, unsigned long long)"
47554621,47577534,"k_gemv_fp16(__half *, const __half *, const __half *, const __half *, int, int)"
47577566,47578334,"k_add(__half *, const __half *, unsigned long long)"
47578398,47581279,"k_layernorm(__half *, const __half *, const __half *, const __half *, int, int)"
47581343,47892852,"k_gemv_fp16(__half *, const __half *, const __half *, const __half *, int, int)"
48021469,48022397,"k_embed_one(__half *, const __half *, const __half *, int, int)"
48022429,48025437,"k_layernorm(__half *, const __half *, const __half *, const __half *, int, int)"
48025469,48041854,"k_gemv_fp16(__half *, const __half *, const __half *, const __half *, int, int)"
48041886,48042750,"k_kv_append(__half *, __half *, const __half *, int, int)"
48042782,48101218,"k_attn_decode(__half *, const __half *, const __half *, const __half *, int, int)"
48101250,48108515,"k_gemv_fp16(__half *, const __half *, const __half *, const __half *, int, int)"
48108547,48109347,"k_add(__half *, const __half *, unsigned long long)"
48109379,48112387,"k_layernorm(__half *, const __half *, const __half *, const __half *, int, int)"
48112419,48133317,"k_gemv_fp16(__half *, const __half *, const __half *, const __half *, int, int)"
48133349,48134181,"k_gelu(__half *, unsigned long long)"
48134213,48157190,"k_gemv_fp16(__half *, const __half *, const __half *, const __half *, int, int)"
48157222,48158022,"k_add(__half *, const __half *, unsigned long long)"
48158054,48160902,"k_layernorm(__half *, const __half *, const __half *, const __half *, int, int)"
48160935,48177159,"k_gemv_fp16(__half *, const __half *, const __half *, const __half *, int, int)"
48177192,48178056,"k_kv_append(__half *, __half *, const __half *, int, int)"
48178120,48236460,"k_attn_decode(__half *, const __half *, const __half *, const __half *, int, int)"
48237132,48243820,"k_gemv_fp16(__half *, const __half *, const __half *, const __half *, int, int)"
48243852,48244652,"k_add(__half *, const __half *, unsigned long long)"
48244684,48247629,"k_layernorm(__half *, const __half *, const __half *, const __half *, int, int)"
48247660,48268558,"k_gemv_fp16(__half *, const __half *, const __half *, const __half *, int, int)"
48268590,48269422,"k_gelu(__half *, unsigned long long)"
48269454,48292560,"k_gemv_fp16(__half *, const __half *, const __half *, const __half *, int, int)"
48292592,48293392,"k_add(__half *, const __half *, unsigned long long)"
48293424,48296304,"k_layernorm(__half *, const __half *, const __half *, const __half *, int, int)"
48296336,48312625,"k_gemv_fp16(__half *, const __half *, const __half *, const __half *, int, int)"
48312657,48313521,"k_kv_append(__half *, __half *, const __half *, int, int)"
48313553,48371605,"k_attn_decode(__half *, const __half *, const __half *, const __half *, int, int)"
48371637,48379061,"k_gemv_fp16(__half *, const __half *, const __half *, const __half *, int, int)"
48379125,48379894,"k_add(__half *, const __half *, unsigned long long)"
48379926,48382838,"k_layernorm(__half *, const __half *, const __half *, const __half *, int, int)"
48382870,48403607,"k_gemv_fp16(__half *, const __half *, const __half *, const __half *, int, int)"
48403639,48404503,"k_gelu(__half *, unsigned long long)"
48405207,48428121,"k_gemv_fp16(__half *, const __half *, const __half *, const __half *, int, int)"
48428153,48428921,"k_add(__half *, const __half *, unsigned long long)"
48428985,48431833,"k_layernorm(__half *, const __half *, const __half *, const __half *, int, int)"
48431865,48448314,"k_gemv_fp16(__half *, const __half *, const __half *, const __half *, int, int)"
48448346,48449210,"k_kv_append(__half *, __half *, const __half *, int, int)"
48449242,48508062,"k_attn_decode(__half *, const __half *, const __half *, const __half *, int, int)"
48508094,48515391,"k_gemv_fp16(__half *, const __half *, const __half *, const __half *, int, int)"
48515423,48516223,"k_add(__half *, const __half *, unsigned long long)"
48516255,48519135,"k_layernorm(__half *, const __half *, const __half *, const __half *, int, int)"
48519167,48540065,"k_gemv_fp16(__half *, const __half *, const __half *, const __half *, int, int)"
48540097,48540929,"k_gelu(__half *, unsigned long long)"
48540993,48563746,"k_gemv_fp16(__half *, const __half *, const __half *, const __half *, int, int)"
48563778,48564578,"k_add(__half *, const __half *, unsigned long long)"
48564610,48567491,"k_layernorm(__half *, const __half *, const __half *, const __half *, int, int)"
48567523,48583684,"k_gemv_fp16(__half *, const __half *, const __half *, const __half *, int, int)"
48583715,48584580,"k_kv_append(__half *, __half *, const __half *, int, int)"
48585636,48644104,"k_attn_decode(__half *, const __half *, const __half *, const __half *, int, int)"
48644136,48651432,"k_gemv_fp16(__half *, const __half *, const __half *, const __half *, int, int)"
48651496,48652264,"k_add(__half *, const __half *, unsigned long long)"
48652296,48655241,"k_layernorm(__half *, const __half *, const __half *, const __half *, int, int)"
48655305,48676202,"k_gemv_fp16(__half *, const __half *, const __half *, const __half *, int, int)"
48676234,48677066,"k_gelu(__half *, unsigned long long)"
48677098,48699948,"k_gemv_fp16(__half *, const __half *, const __half *, const __half *, int, int)"
48699980,48700780,"k_add(__half *, const __half *, unsigned long long)"
48700812,48703692,"k_layernorm(__half *, const __half *, const __half *, const __half *, int, int)"
48703724,48719885,"k_gemv_fp16(__half *, const __half *, const __half *, const __half *, int, int)"
48719917,48720813,"k_kv_append(__half *, __half *, const __half *, int, int)"
48720845,48779345,"k_attn_decode(__half *, const __half *, const __half *, const __half *, int, int)"
48779377,48786610,"k_gemv_fp16(__half *, const __half *, const __half *, const __half *, int, int)"
48786674,48787442,"k_add(__half *, const __half *, unsigned long long)"
48787474,48790354,"k_layernorm(__half *, const __half *, const __half *, const __half *, int, int)"
48790386,48811155,"k_gemv_fp16(__half *, const __half *, const __half *, const __half *, int, int)"
48812051,48812883,"k_gelu(__half *, unsigned long long)"
48812915,48835925,"k_gemv_fp16(__half *, const __half *, const __half *, const __half *, int, int)"
48835957,48836757,"k_add(__half *, const __half *, unsigned long long)"
48836789,48839669,"k_layernorm(__half *, const __half *, const __half *, const __half *, int, int)"
48839733,48855862,"k_gemv_fp16(__half *, const __half *, const __half *, const __half *, int, int)"
48855926,48856790,"k_kv_append(__half *, __half *, const __half *, int, int)"
48856822,48915354,"k_attn_decode(__half *, const __half *, const __half *, const __half *, int, int)"
48915386,48922683,"k_gemv_fp16(__half *, const __half *, const __half *, const __half *, int, int)"
48922715,48923515,"k_add(__half *, const __half *, unsigned long long)"
48923547,48926427,"k_layernorm(__half *, const __half *, const __half *, const __half *, int, int)"
48926459,48947261,"k_gemv_fp16(__half *, const __half *, const __half *, const __half *, int, int)"
48947325,48948157,"k_gelu(__half *, unsigned long long)"
48948189,48971038,"k_gemv_fp16(__half *, const __half *, const __half *, const __half *, int, int)"
48971070,48971838,"k_add(__half *, const __half *, unsigned long long)"
48971870,48974815,"k_layernorm(__half *, const __half *, const __half *, const __half *, int, int)"
48974847,48991200,"k_gemv_fp16(__half *, const __half *, const __half *, const __half *, int, int)"
48992128,48992992,"k_kv_append(__half *, __half *, const __half *, int, int)"
48993024,49051780,"k_attn_decode(__half *, const __half *, const __half *, const __half *, int, int)"
49051844,49059108,"k_gemv_fp16(__half *, const __half *, const __half *, const __half *, int, int)"
49059140,49059908,"k_add(__half *, const __half *, unsigned long long)"
49059940,49062885,"k_layernorm(__half *, const __half *, const __half *, const __half *, int, int)"
49062917,49083814,"k_gemv_fp16(__half *, const __half *, const __half *, const __half *, int, int)"
49083846,49084678,"k_gelu(__half *, unsigned long long)"
49084710,49107528,"k_gemv_fp16(__half *, const __half *, const __half *, const __half *, int, int)"
49107592,49108360,"k_add(__half *, const __half *, unsigned long long)"
49108392,49111272,"k_layernorm(__half *, const __half *, const __half *, const __half *, int, int)"
49111336,49127625,"k_gemv_fp16(__half *, const __half *, const __half *, const __half *, int, int)"
49127657,49128553,"k_kv_append(__half *, __half *, const __half *, int, int)"
49128585,49187533,"k_attn_decode(__half *, const __half *, const __half *, const __half *, int, int)"
49187565,49194894,"k_gemv_fp16(__half *, const __half *, const __half *, const __half *, int, int)"
49194926,49195726,"k_add(__half *, const __half *, unsigned long long)"
49195758,49198574,"k_layernorm(__half *, const __half *, const __half *, const __half *, int, int)"
49199342,49220239,"k_gemv_fp16(__half *, const __half *, const __half *, const __half *, int, int)"
49220271,49221103,"k_gelu(__half *, unsigned long long)"
49221136,49243953,"k_gemv_fp16(__half *, const __half *, const __half *, const __half *, int, int)"
49243985,49244753,"k_add(__half *, const __half *, unsigned long long)"
49244817,49247793,"k_layernorm(__half *, const __half *, const __half *, const __half *, int, int)"
49247825,49264371,"k_gemv_fp16(__half *, const __half *, const __half *, const __half *, int, int)"
49264402,49265299,"k_kv_append(__half *, __half *, const __half *, int, int)"
49265331,49323702,"k_attn_decode(__half *, const __half *, const __half *, const __half *, int, int)"
49323735,49331062,"k_gemv_fp16(__half *, const __half *, const __half *, const __half *, int, int)"
49331063,49331863,"k_add(__half *, const __half *, unsigned long long)"
49331895,49334775,"k_layernorm(__half *, const __half *, const __half *, const __half *, int, int)"
49334807,49355545,"k_gemv_fp16(__half *, const __half *, const __half *, const __half *, int, int)"
49355577,49356409,"k_gelu(__half *, unsigned long long)"
49356473,49379194,"k_gemv_fp16(__half *, const __half *, const __half *, const __half *, int, int)"
49379258,49380026,"k_add(__half *, const __half *, unsigned long long)"
49380058,49382939,"k_layernorm(__half *, const __half *, const __half *, const __half *, int, int)"
49383707,49399868,"k_gemv_fp16(__half *, const __half *, const __half *, const __half *, int, int)"
49399900,49400796,"k_kv_append(__half *, __half *, const __half *, int, int)"
49400828,49459776,"k_attn_decode(__half *, const __half *, const __half *, const __half *, int, int)"
49459808,49467137,"k_gemv_fp16(__half *, const __half *, const __half *, const __half *, int, int)"
49467168,49467968,"k_add(__half *, const __half *, unsigned long long)"
49468001,49470881,"k_layernorm(__half *, const __half *, const __half *, const __half *, int, int)"
49470913,49491778,"k_gemv_fp16(__half *, const __half *, const __half *, const __half *, int, int)"
49491810,49492642,"k_gelu(__half *, unsigned long long)"
49492674,49515460,"k_gemv_fp16(__half *, const __half *, const __half *, const __half *, int, int)"
49515492,49516260,"k_add(__half *, const __half *, unsigned long long)"
49516324,49519204,"k_layernorm(__half *, const __half *, const __half *, const __half *, int, int)"
49519236,49535461,"k_gemv_fp16(__half *, const __half *, const __half *, const __half *, int, int)"
49535493,49536389,"k_kv_append(__half *, __half *, const __half *, int, int)"
49536421,49594985,"k_attn_decode(__half *, const __half *, const __half *, const __half *, int, int)"
49595017,49602314,"k_gemv_fp16(__half *, const __half *, const __half *, const __half *, int, int)"
49602378,49603146,"k_add(__half *, const __half *, unsigned long long)"
49604074,49606954,"k_layernorm(__half *, const __half *, const __half *, const __half *, int, int)"
49607018,49627755,"k_gemv_fp16(__half *, const __half *, const __half *, const __half *, int, int)"
49627788,49628619,"k_gelu(__half *, unsigned long long)"
49628652,49651533,"k_gemv_fp16(__half *, const __half *, const __half *, const __half *, int, int)"
49651565,49652333,"k_add(__half *, const __half *, unsigned long long)"
49652397,49655278,"k_layernorm(__half *, const __half *, const __half *, const __half *, int, int)"
49655309,49967203,"k_gemv_fp16(__half *, const __half *, const __half *, const __half *, int, int)"
50069386,50070314,"k_embed_one(__half *, const __half *, const __half *, int, int)"
50070346,50073226,"k_layernorm(__half *, const __half *, const __half *, const __half *, int, int)"
50073258,50089611,"k_gemv_fp16(__half *, const __half *, const __half *, const __half *, int, int)"
50089643,50090507,"k_kv_append(__half *, __half *, const __half *, int, int)"
50090539,50149296,"k_attn_decode(__half *, const __half *, const __half *, const __half *, int, int)"
50149327,50156624,"k_gemv_fp16(__half *, const __half *, const __half *, const __half *, int, int)"
50156656,50157424,"k_add(__half *, const __half *, unsigned long long)"
50157456,50160432,"k_layernorm(__half *, const __half *, const __half *, const __half *, int, int)"
50160464,50181426,"k_gemv_fp16(__half *, const __half *, const __half *, const __half *, int, int)"
50181458,50182290,"k_gelu(__half *, unsigned long long)"
50182322,50205171,"k_gemv_fp16(__half *, const __half *, const __half *, const __half *, int, int)"
50205235,50206003,"k_add(__half *, const __half *, unsigned long long)"
50206035,50208916,"k_layernorm(__half *, const __half *, const __half *, const __half *, int, int)"
50208948,50225173,"k_gemv_fp16(__half *, const __half *, const __half *, const __half *, int, int)"
50225237,50226101,"k_kv_append(__half *, __half *, const __half *, int, int)"
50226133,50284505,"k_attn_decode(__half *, const __half *, const __half *, const __half *, int, int)"
50285209,50291865,"k_gemv_fp16(__half *, const __half *, const __half *, const __half *, int, int)"
50291897,50292665,"k_add(__half *, const __half *, unsigned long long)"
50292697,50295610,"k_layernorm(__half *, const __half *, const __half *, const __half *, int, int)"
50295642,50316507,"k_gemv_fp16(__half *, const __half *, const __half *, const __half *, int, int)"
50316539,50317371,"k_gelu(__half *, unsigned long long)"
50317403,50340413,"k_gemv_fp16(__half *, const __half *, const __half *, const __half *, int, int)"
50340444,50341245,"k_add(__half *, const __half *, unsigned long long)"
50341277,50344157,"k_layernorm(__half *, const __half *, const __half *, const __half *, int, int)"
50344189,50360542,"k_gemv_fp16(__half *, const __half *, const __half *, const __half *, int, int)"
50360574,50361438,"k_kv_append(__half *, __half *, const __half *, int, int)"
50361470,50420258,"k_attn_decode(__half *, const __half *, const __half *, const __half *, int, int)"
50420290,50427683,"k_gemv_fp16(__half *, const __half *, const __half *, const __half *, int, int)"
50427715,50428515,"k_add(__half *, const __half *, unsigned long long)"
50428547,50431427,"k_layernorm(__half *, const __half *, const __half *, const __half *, int, int)"
50431459,50452292,"k_gemv_fp16(__half *, const __half *, const __half *, const __half *, int, int)"
50452356,50453188,"k_gelu(__half *, unsigned long long)"
50453924,50476774,"k_gemv_fp16(__half *, const __half *, const __half *, const __half *, int, int)"
50476806,50477606,"k_add(__half *, const __half *, unsigned long long)"
50477638,50480486,"k_layernorm(__half *, const __half *, const __half *, const __half *, int, int)"
50480550,50496743,"k_gemv_fp16(__half *, const __half *, const __half *, const __half *, int, int)"
50496807,50497671,"k_kv_append(__half *, __half *, const __half *, int, int)"
50497703,50556652,"k_attn_decode(__half *, const __half *, const __half *, const __half *, int, int)"
50556683,50564044,"k_gemv_fp16(__half *, const __half *, const __half *, const __half *, int, int)"
50564076,50564876,"k_add(__half *, const __half *, unsigned long long)"
50564908,50567788,"k_layernorm(__half *, const __half *, const __half *, const __half *, int, int)"
50567820,50588686,"k_gemv_fp16(__half *, const __half *, const __half *, const __half *, int, int)"
50588718,50589550,"k_gelu(__half *, unsigned long long)"
50589614,50612399,"k_gemv_fp16(__half *, const __half *, const __half *, const __half *, int, int)"
50612431,50613199,"k_add(__half *, const __half *, unsigned long long)"
50613263,50616272,"k_layernorm(__half *, const __half *, const __half *, const __half *, int, int)"
50616304,50632497,"k_gemv_fp16(__half *, const __half *, const __half *, const __half *, int, int)"
50632529,50633393,"k_kv_append(__half *, __half *, const __half *, int, int)"
50634161,50692757,"k_attn_decode(__half *, const __half *, const __half *, const __half *, int, int)"
50692789,50700149,"k_gemv_fp16(__half *, const __half *, const __half *, const __half *, int, int)"
50700213,50700981,"k_add(__half *, const __half *, unsigned long long)"
50701013,50703894,"k_layernorm(__half *, const __half *, const __half *, const __half *, int, int)"
50703926,50724759,"k_gemv_fp16(__half *, const __half *, const __half *, const __half *, int, int)"
50724791,50725623,"k_gelu(__half *, unsigned long long)"
50725655,50748505,"k_gemv_fp16(__half *, const __half *, const __half *, const __half *, int, int)"
50748569,50749337,"k_add(__half *, const __half *, unsigned long long)"
50749369,50752249,"k_layernorm(__half *, const __half *, const __half *, const __half *, int, int)"
50752281,50768634,"k_gemv_fp16(__half *, const __half *, const __half *, const __half *, int, int)"
50768666,50769530,"k_kv_append(__half *, __half *, const __half *, int, int)"
50769562,50828318,"k_attn_decode(__half *, const __half *, const __half *, const __half *, int, int)"
50828350,50835615,"k_gemv_fp16(__half *, const __half *, const __half *, const __half *, int, int)"
50835647,50836415,"k_add(__half *, const __half *, unsigned long long)"
50836479,50839391,"k_layernorm(__half *, const __half *, const __half *, const __half *, int, int)"
50839423,50860192,"k_gemv_fp16(__half *, const __half *, const __half *, const __half *, int, int)"
50860865,50861696,"k_gelu(__half *, unsigned long long)"
50861760,50884674,"k_gemv_fp16(__half *, const __half *, const __half *, const __half *, int, int)"
50884706,50885474,"k_add(__half *, const __half *, unsigned long long)"
50885538,50888418,"k_layernorm(__half *, const __half *, const __half *, const __half *, int, int)"
50888450,50904611,"k_gemv_fp16(__half *, const __half *, const __half *, const __half *, int, int)"
50904676,50905540,"k_kv_append(__half *, __half *, const __half *, int, int)"
50905572,50963655,"k_attn_decode(__half *, const __half *, const __half *, const __half *, int, int)"
50963720,50971080,"k_gemv_fp16(__half *, const __half *, const __half *, const __half *, int, int)"
50971112,50971880,"k_add(__half *, const __half *, unsigned long long)"
50971912,50974888,"k_layernorm(__half *, const __half *, const __half *, const __half *, int, int)"
50974952,50995818,"k_gemv_fp16(__half *, const __half *, const __half *, const __half *, int, int)"
50995850,50996682,"k_gelu(__half *, unsigned long long)"
50996714,51019467,"k_gemv_fp16(__half *, const __half *, const __half *, const __half *, int, int)"
51019499,51020267,"k_add(__half *, const __half *, unsigned long long)"
51020299,51023180,"k_layernorm(__half *, const __half *, const __half *, const __half *, int, int)"
51023244,51039373,"k_gemv_fp16(__half *, const __half *, const __half *, const __half *, int, int)"
51040269,51041133,"k_kv_append(__half *, __half *, const __half *, int, int)"
51041197,51099601,"k_attn_decode(__half *, const __half *, const __half *, const __half *, int, int)"
51099633,51106897,"k_gemv_fp16(__half *, const __half *, const __half *, const __half *, int, int)"
51106961,51107729,"k_add(__half *, const __half *, unsigned long long)"
51107761,51110610,"k_layernorm(__half *, const __half *, const __half *, const __half *, int, int)"
51110674,51131539,"k_gemv_fp16(__half *, const __half *, const __half *, const __half *, int, int)"
51131571,51132403,"k_gelu(__half *, unsigned long long)"
51132435,51155221,"k_gemv_fp16(__half *, const __half *, const __half *, const __half *, int, int)"
51155253,51156021,"k_add(__half *, const __half *, unsigned long long)"
51156085,51159093,"k_layernorm(__half *, const __half *, const __half *, const __half *, int, int)"
51159157,51175317,"k_gemv_fp16(__half *, const __half *, const __half *, const __half *, int, int)"
51175318,51176214,"k_kv_append(__half *, __half *, const __half *, int, int)"
51176246,51234586,"k_attn_decode(__half *, const __half *, const __half *, const __half *, int, int)"
51234618,51241883,"k_gemv_fp16(__half *, const __half *, const __half *, const __half *, int, int)"
51241915,51242715,"k_add(__half *, const __half *, unsigned long long)"
51242747,51245595,"k_layernorm(__half *, const __half *, const __half *, const __half *, int, int)"
51246363,51267165,"k_gemv_fp16(__half *, const __half *, const __half *, const __half *, int, int)"
51267196,51268029,"k_gelu(__half *, unsigned long long)"
51268060,51291038,"k_gemv_fp16(__half *, const __half *, const __half *, const __half *, int, int)"
51291070,51291870,"k_add(__half *, const __half *, unsigned long long)"
51291902,51294782,"k_layernorm(__half *, const __half *, const __half *, const __half *, int, int)"
51294814,51311424,"k_gemv_fp16(__half *, const __half *, const __half *, const __half *, int, int)"
51311455,51312319,"k_kv_append(__half *, __half *, const __half *, int, int)"
51312352,51370755,"k_attn_decode(__half *, const __half *, const __half *, const __half *, int, int)"
51370788,51378020,"k_gemv_fp16(__half *, const __half *, const __half *, const __half *, int, int)"
51378052,51378852,"k_add(__half *, const __half *, unsigned long long)"
51378884,51381860,"k_layernorm(__half *, const __half *, const __half *, const __half *, int, int)"
51381892,51402758,"k_gemv_fp16(__half *, const __half *, const __half *, const __half *, int, int)"
51402790,51403622,"k_gelu(__half *, unsigned long long)"
51403654,51426375,"k_gemv_fp16(__half *, const __half *, const __half *, const __half *, int, int)"
51426407,51427175,"k_add(__half *, const __half *, unsigned long long)"
51427208,51430088,"k_layernorm(__half *, const __half *, const __half *, const __half *, int, int)"
51430792,51447049,"k_gemv_fp16(__half *, const __half *, const __half *, const __half *, int, int)"
51447081,51447977,"k_kv_append(__half *, __half *, const __half *, int, int)"
51448009,51506317,"k_attn_decode(__half *, const __half *, const __half *, const __half *, int, int)"
51506349,51513773,"k_gemv_fp16(__half *, const __half *, const __half *, const __half *, int, int)"
51513805,51514573,"k_add(__half *, const __half *, unsigned long long)"
51514606,51517517,"k_layernorm(__half *, const __half *, const __half *, const __half *, int, int)"
51517518,51538415,"k_gemv_fp16(__half *, const __half *, const __half *, const __half *, int, int)"
51538447,51539279,"k_gelu(__half *, unsigned long long)"
51539311,51562129,"k_gemv_fp16(__half *, const __half *, const __half *, const __half *, int, int)"
51562161,51562961,"k_add(__half *, const __half *, unsigned long long)"
51562993,51565841,"k_layernorm(__half *, const __half *, const __half *, const __half *, int, int)"
51565905,51582034,"k_gemv_fp16(__half *, const __half *, const __half *, const __half *, int, int)"
51582066,51582930,"k_kv_append(__half *, __half *, const __half *, int, int)"
51582994,51641366,"k_attn_decode(__half *, const __half *, const __half *, const __half *, int, int)"
51641430,51648823,"k_gemv_fp16(__half *, const __half *, const __half *, const __half *, int, int)"
51648855,51649623,"k_add(__half *, const __half *, unsigned long long)"
51650391,51653271,"k_layernorm(__half *, const __half *, const __half *, const __half *, int, int)"
51653303,51674040,"k_gemv_fp16(__half *, const __half *, const __half *, const __half *, int, int)"
51674073,51674937,"k_gelu(__half *, unsigned long long)"
51674968,51697786,"k_gemv_fp16(__half *, const __half *, const __half *, const __half *, int, int)"
51697818,51698586,"k_add(__half *, const __half *, unsigned long long)"
51698650,51701594,"k_layernorm(__half *, const __half *, const __half *, const __half *, int, int)"
51701626,52013264,"k_gemv_fp16(__half *, const __half *, const __half *, const __half *, int, int)"
