start_ns,end_ns,name
11857971,11858963,"k_embed_one(__half *, const __half *, const __half *, int, int)"
11858995,11861971,"k_layernorm(__half *, const __half *, const __half *, const __half *, int, int)"
11862003,11878356,"k_gemv_fp16(__half *, const __half *, const __half *, const __half *, int, int)"
11878388,11879316,"k_kv_append(__half *, __half *, const __half *, int, int)"
11879348,11938040,"k_attn_decode(__half *, const __half *, const __half *, const __half *, int, int)"
11938072,11945337,"k_gemv_fp16(__half *, const __half *, const __half *, const __half *, int, int)"
11945369,11946169,"k_add(__half *, const __half *, unsigned long long)"
11946201,11949081,"k_layernorm(__half *, const __half *, const __half *, const __half *, int, int)"
11949145,11969979,"k_gemv_fp16(__half *, const __half *, const __half *, const __half *, int, int)"
11970010,11970874,"k_gelu(__half *, unsigned long long)"
11970907,11993756,"k_gemv_fp16(__half *, const __half *, const __half *, const __half *, int, int)"
11993788,11994588,"k_add(__half *, const __half *, unsigned long long)"
11994620,11997468,"k_layernorm(__half *, const __half *, const __half *, const __half *, int, int)"
11997500,12013758,"k_gemv_fp16(__half *, const __half *, const __half *, const __half *, int, int)"
12013790,12014686,"k_kv_append(__half *, __half *, const __half *, int, int)"
12014718,12073282,"k_attn_decode(__half *, const __half *, const __half *, const __half *, int, int)"
12074242,12080898,"k_gemv_fp16(__half *, const __half *, const __half *, const __half *, int, int)"
12080930,12081698,"k_add(__half *, const __half *, unsigned long long)"
12081762,12084643,"k_layernorm(__half *, const __half *, const __half *, const __half *, int, int)"
12084674,12107044,"k_gemv_fp16(__half *, const __half *, const __half *, const __half *, int, int)"
12107108,12107940,"k_gelu(__half *, unsigned long long)"
12107972,12135494,"k_gemv_fp16(__half *, const __half *, const __half *, const __half *, int, int)"
12135526,12136326,"k_add(__half *, const __half *, unsigned long long)"
12136358,12139302,"k_layernorm(__half *, const __half *, const __half *, const __half *, int, int)"
12139334,12156008,"k_gemv_fp16(__half *, const __half *, const __half *, const __half *, int, int)"
12156040,12156936,"k_kv_append(__half *, __half *, const __half *, int, int)"
12156968,12215532,"k_attn_decode(__half *, const __half *, const __half *, const __half *, int, int)"
12215564,12222828,"k_gemv_fp16(__half *, const __half *, const __half *, const __half *, int, int)"
12222860,12223660,"k_add(__half *, const __half *, unsigned long long)"
12223692,12226572,"k_layernorm(__half *, const __half *, const __half *, const __half *, int, int)"
12226605,12247470,"k_gemv_fp16(__half *, const __half *, const __half *, const __half *, int, int)"
12247502,12248334,"k_gelu(__half *, unsigned long long)"
12249102,12272048,"k_gemv_fp16(__half *, const __half *, const __half *, const __half *, int, int)"
12272080,12272880,"k_add(__half *, const __half *, unsigned long long)"
12272912,12275760,"k_layernorm(__half *, const __half *, const __half *, const __half *, int, int)"
12275824,12292049,"k_gemv_fp16(__half *, const __half *, const __half *, const __half *, int, int)"
12292081,12292945,"k_kv_append(__half *, __half *, const __half *, int, int)"
12292977,12352021,"k_attn_decode(__half *, const __half *, const __half *, const __half *, int, int)"
12352085,12359350,"k_gemv_fp16(__half *, const __half *, const __half *, const __half *, int, int)"
12359414,12360182,"k_add(__half *, const __half *, unsigned long long)"
12360214,12363094,"k_layernorm(__half *, const __half *, const __half *, const __half *, int, int)"
12363126,12383896,"k_gemv_fp16(__half *, const __half *, const __half *, const __half *, int, int)"
12383927,12384760,"k_gelu(__half *, unsigned long long)"
12384791,12407641,"k_gemv_fp16(__half *, const __half *, const __half *, const __half *, int, int)"
12407673,12408473,"k_add(__half *, const __half *, unsigned long long)"
12408505,12411385,"k_layernorm(__half *, const __half *, const __half *, const __half *, int, int)"
12411417,12427707,"k_gemv_fp16(__half *, const __half *, const __half *, const __half *, int, int)"
12427739,12428635,"k_kv_append(__half *, __half *, const __half *, int, int)"
12429595,12488159,"k_attn_decode(__half *, const __half *, const __half *, const __half *, int, int)"
12488191,12495455,"k_gemv_fp16(__half *, const __half *, const __half *, const __half *, int, int)"
12495487,12496255,"k_add(__half *, const __half *, unsigned long long)"
12496287,12499168,"k_layernorm(__half *, const __half *, const __half *, const __half *, int, int)"
12499200,12520256,"k_gemv_fp16(__half *, const __half *, const __half *, const __half *, int, int)"
12520257,12521121,"k_gelu(__half *, unsigned long long)"
12521153,12544003,"k_gemv_fp16(__half *, const __half *, const __half *, const __half *, int, int)"
12544035,12544803,"k_add(__half *, const __half *, unsigned long long)"
12544835,12547715,"k_layernorm(__half *, const __half *, const __half *, const __half *, int, int)"
12547747,12564004,"k_gemv_fp16(__half *, const __half *, const __half *, const __half *, int, int)"
12564036,12564932,"k_kv_append(__half *, __half *, const __half *, int, int)"
12564964,12623592,"k_attn_decode(__half *, const __half *, const __half *, const __half *, int, int)"
12623624,12630857,"k_gemv_fp16(__half *, const __half *, const __half *, const __half *, int, int)"
12630921,12631689,"k_add(__half *, const __half *, unsigned long long)"
12631721,12634601,"k_layernorm(__half *, const __half *, const __half *, const __half *, int, int)"
12634633,12655595,"k_gemv_fp16(__half *, const __half *, const __half *, const __half *, int, int)"
12656331,12657163,"k_gelu(__half *, unsigned long long)"
12657195,12680140,"k_gemv_fp16(__half *, const __half *, const __half *, const __half *, int, int)"
12680204,12680972,"k_add(__half *, const __half *, unsigned long long)"
12681004,12683885,"k_layernorm(__half *, const __half *, const __half *, const __half *, int, int)"
12683949,12700014,"k_gemv_fp16(__half *, const __half *, const __half *, const __half *, int, int)"
12700046,12700910,"k_kv_append(__half *, __half *, const __half *, int, int)"
12700974,12759698,"k_attn_decode(__half *, const __half *, const __half *, const __half *, int, int)"
12759730,12767090,"k_gemv_fp16(__half *, const __half *, const __half *, const __half *, int, int)"
12767123,12767891,"k_add(__half *, const __half *, unsigned long long)"
12767922,12770803,"k_layernorm(__half *, const __half *, const __half *, const __half *, int, int)"
12770835,12791572,"k_gemv_fp16(__half *, const __half *, const __half *, const __half *, int, int)"
12791604,12792436,"k_gelu(__half *, unsigned long long)"
12792468,12815254,"k_gemv_fp16(__half *, const __half *, const __half *, const __half *, int, int)"
12815318,12816086,"k_add(__half *, const __half *, unsigned long long)"
12816118,12818998,"k_layernorm(__half *, const __half *, const __half *, const __half *, int, int)"
12819030,12835063,"k_gemv_fp16(__half *, const __half *, const __half *, const __half *, int, int)"
12835927,12836823,"k_kv_append(__half *, __half *, const __half *, int, int)"
12836855,12895803,"k_attn_decode(__half *, const __half *, const __half *, const __half *, int, int)"
12895835,12903132,"k_gemv_fp16(__half *, const __half *, const __half *, const __half *, int, int)"
12903164,12903964,"k_add(__half *, const __half *, unsigned long long)"
12903996,12906940,"k_layernorm(__half *, const __half *, const __half *, const __half *, int, int)"
12906972,12927870,"k_gemv_fp16(__half *, const __half *, const __half *, const __half *, int, int)"
12927902,12928734,"k_gelu(__half *, unsigned long long)"
12928798,12951583,"k_gemv_fp16(__half *, const __half *, const __half *, const __half *, int, int)"
12951615,12952383,"k_add(__half *, const __half *, unsigned long long)"
12952447,12955360,"k_layernorm(__half *, const __half *, const __half *, const __half *, int, int)"
12955392,12971873,"k_gemv_fp16(__half *, const __half *, const __half *, const __half *, int, int)"
12971905,12972801,"k_kv_append(__half *, __half *, const __half *, int, int)"
12972833,13031333,"k_attn_decode(__half *, const __half *, const __half *, const __half *, int, int)"
13031365,13038693,"k_gemv_fp16(__half *, const __half *, const __half *, const __half *, int, int)"
13038726,13039526,"k_add(__half *, const __half *, unsigned long long)"
13039557,13042406,"k_layernorm(__half *, const __half *, const __half *, const __half *, int, int)"
13043174,13063943,"k_gemv_fp16(__half *, const __half *, const __half *, const __half *, int, int)"
13063975,13064807,"k_gelu(__half *, unsigned long long)"
13064839,13087721,"k_gemv_fp16(__half *, const __half *, const __half *, const __half *, int, int)"
13087753,13088553,"k_add(__half *, const __half *, unsigned long long)"
13088585,13091529,"k_layernorm(__half *, const __half *, const __half *, const __half *, int, int)"
13091561,13107882,"k_gemv_fp16(__half *, const __half *, const __half *, const __half *, int, int)"
13107914,13108810,"k_kv_append(__half *, __half *, const __half *, int, int)"
13108842,13167694,"k_attn_decode(__half *, const __half *, const __half *, const __half *, int, int)"
13167727,13175183,"k_gemv_fp16(__half *, const __half *, const __half *, const __half *, int, int)"
13175215,13176015,"k_add(__half *, const __half *, unsigned long long)"
13176047,13178895,"k_layernorm(__half *, const __half *, const __half *, const __half *, int, int)"
13178927,13200017,"k_gemv_fp16(__half *, const __half *, const __half *, const __half *, int, int)"
13200049,13200881,"k_gelu(__half *, unsigned long long)"
13200945,13223762,"k_gemv_fp16(__half *, const __half *, const __half *, const __half *, int, int)"
13223794,13224595,"k_add(__half *, const __half *, unsigned long long)"
13224626,13227539,"k_layernorm(__half *, const __half *, const __half *, const __half *, int, int)"
13228275,13245012,"k_gemv_fp16(__half *, const __half *, const __half *, const __half *, int, int)"
13245044,13245908,"k_kv_append(__half *, __half *, const __half *, int, int)"
13245940,13304472,"k_attn_decode(__half *, const __half *, const __half *, const __half *, int, int)"
13304504,13311993,"k_gemv_fp16(__half *, const __half *, const __half *, const __half *, int, int)"
13312025,13312825,"k_add(__half *, const __half *, unsigned long long)"
13312857,13315705,"k_layernorm(__half *, const __half *, const __half *, const __half *, int, int)"
13315769,13336698,"k_gemv_fp16(__half *, const __half *, const __half *, const __half *, int, int)"
13336730,13337562,"k_gelu(__half *, unsigned long long)"
13337594,13360316,"k_gemv_fp16(__half *, const __half *, const __half *, const __half *, int, int)"
13360348,13361148,"k_add(__half *, const __half *, unsigned long long)"
13361180,13364028,"k_layernorm(__half *, const __half *, const __half *, const __half *, int, int)"
13364092,13380222,"k_gemv_fp16(__half *, const __half *, const __half *, const __half *, int, int)"
13380253,13381117,"k_kv_append(__half *, __half *, const __half *, int, int)"
13381182,13439874,"k_attn_decode(__half *, const __half *, const __half *, const __half *, int, int)"
13439905,13447202,"k_gemv_fp16(__half *, const __half *, const __half *, const __half *, int, int)"
13447234,13448002,"k_add(__half *, const __half *, unsigned long long)"
13448898,13451779,"k_layernorm(__half *, const __half *, const __half *, const __half *, int, int)"
13451842,13472580,"k_gemv_fp16(__half *, const __half *, const __half *, const __half *, int, int)"
13472612,13473476,"k_gelu(__half *, unsigned long long)"
13473508,13496325,"k_gemv_fp16(__half *, const __half *, const __half *, const __half *, int, int)"
13496390,13497158,"k_add(__half *, const __half *, unsigned long long)"
13497222,13500198,"k_layernorm(__half *, const __half *, const __half *, const __half *, int, int)"
13500230,13811900,"k_gemv_fp16(__half *, const __half *, const __half *, const __half *, int, int)"
13896546,13897506,"k_embed_one(__half *, const __half *, const __half *, int, int)"
13897538,13900514,"k_layernorm(__half *, const __half *, const __half *, const __half *, int, int)"
13900546,13917058,"k_gemv_fp16(__half *, const __half *, const __half *, const __half *, int, int)"
13917059,13917955,"k_kv_append(__half *, __half *, const __half *, int, int)"
13917987,13976647,"k_attn_decode(__half *, const __half *, const __half *, const __half *, int, int)"
13976679,13983944,"k_gemv_fp16(__half *, const __half *, const __half *, const __half *, int, int)"
13983976,13984776,"k_add(__half *, const __half *, unsigned long long)"
13984808,13987752,"k_layernorm(__half *, const __half *, const __half *, const __half *, int, int)"
13987784,14008681,"k_gemv_fp16(__half *, const __half *, const __half *, const __half *, int, int)"
14008714,14009545,"k_gelu(__half *, unsigned long long)"
14009578,14032555,"k_gemv_fp16(__half *, const __half *, const __half *, const __half *, int, int)"
14032587,14033387,"k_add(__half *, const __half *, unsigned long long)"
14033419,14036267,"k_layernorm(__half *, const __half *, const __half *, const __half *, int, int)"
14036299,14052557,"k_gemv_fp16(__half *, const __half *, const __half *, const __half *, int, int)"
14052588,14053485,"k_kv_append(__half *, __half *, const __half *, int, int)"
14053517,14112081,"k_attn_decode(__half *, const __half *, const __half *, const __half *, int, int)"
14112817,14119505,"k_gemv_fp16(__half *, const __half *, const __half *, const __half *, int, int)"
14119537,14120305,"k_add(__half *, const __half *, unsigned long long)"
14120369,14123282,"k_layernorm(__half *, const __half *, const __half *, const __half *, int, int)"
14123345,14144243,"k_gemv_fp16(__half *, const __half *, const __half *, const __half *, int, int)"
14144275,14145139,"k_gelu(__half *, unsigned long long)"
14145171,14168213,"k_gemv_fp16(__half *, const __half *, const __half *, const __half *, int, int)"
14168245,14169045,"k_add(__half *, const __half *, unsigned long long)"
14169077,14171957,"k_layernorm(__half *, const __half *, const __half *, const __half *, int, int)"
14171989,14188310,"k_gemv_fp16(__half *, const __half *, const __half *, const __half *, int, int)"
14188342,14189238,"k_kv_append(__half *, __half *, const __half *, int, int)"
14189270,14247578,"k_attn_decode(__half *, const __half *, const __half *, const __half *, int, int)"
14247610,14254875,"k_gemv_fp16(__half *, const __half *, const __half *, const __half *, int, int)"
14254907,14255707,"k_add(__half *, const __half *, unsigned long long)"
14255739,14258619,"k_layernorm(__half *, const __half *, const __half *, const __half *, int, int)"
14258651,14279516,"k_gemv_fp16(__half *, const __half *, const __half *, const __half *, int, int)"
14279549,14280381,"k_gelu(__half *, unsigned long long)"
14281085,14303998,"k_gemv_fp16(__half *, const __half *, const __half *, const __half *, int, int)"
14304030,14304830,"k_add(__half *, const __half *, unsigned long long)"
14304862,14307742,"k_layernorm(__half *, const __half *, const __half *, const __half *, int, int)"
14307774,14323936,"k_gemv_fp16(__half *, const __half *, const __half *, const __half *, int, int)"
14324000,14324864,"k_kv_append(__half *, __half *, const __half *, int, int)"
14324896,14384004,"k_attn_decode(__half *, const __half *, const __half *, const __half *, int, int)"
14384068,14391332,"k_gemv_fp16(__half *, const __half *, const __half *, const __half *, int, int)"
14391364,14392164,"k_add(__half *, const __half *, unsigned long long)"
14392196,14395077,"k_layernorm(__half *, const __half *, const __half *, const __half *, int, int)"
14395141,14415974,"k_gemv_fp16(__half *, const __half *, const __half *, const __half *, int, int)"
14416006,14416838,"k_gelu(__half *, unsigned long long)"
14416902,14439752,"k_gemv_fp16(__half *, const __half *, const __half *, const __half *, int, int)"
14439784,14440552,"k_add(__half *, const __half *, unsigned long long)"
14440616,14443496,"k_layernorm(__half *, const __half *, const __half *, const __half *, int, int)"
14443528,14459849,"k_gemv_fp16(__half *, const __half *, const __half *, const __half *, int, int)"
14459913,14460777,"k_kv_append(__half *, __half *, const __half *, int, int)"
14461545,14520109,"k_attn_decode(__half *, const __half *, const __half *, const __half *, int, int)"
14520141,14527438,"k_gemv_fp16(__half *, const __half *, const __half *, const __half *, int, int)"
14527470,14528238,"k_add(__half *, const __half *, unsigned long long)"
14528270,14531182,"k_layernorm(__half *, const __half *, const __half *, const __half *, int, int)"
14531246,14552208,"k_gemv_fp16(__half *, const __half *, const __half *, const __half *, int, int)"
14552240,14553072,"k_gelu(__half *, unsigned long long)"
14553104,14575921,"k_gemv_fp16(__half *, const __half *, const __half *, const __half *, int, int)"
14575953,14576753,"k_add(__half *, const __half *, unsigned long long)"
14576785,14579666,"k_layernorm(__half *, const __half *, const __half *, const __half *, int, int)"
14579697,14595859,"k_gemv_fp16(__half *, const __half *, const __half *, const __half *, int, int)"
14595891,14596755,"k_kv_append(__half *, __half *, const __half *, int, int)"
14596819,14655287,"k_attn_decode(__half *, const __half *, const __half *, const __half *, int, int)"
14655351,14662583,"k_gemv_fp16(__half *, const __half *, const __half *, const __half *, int, int)"
14662647,14663415,"k_add(__half *, const __half *, unsigned long long)"
14663447,14666328,"k_layernorm(__half *, const __half *, const __half *, const __half *, int, int)"
14666360,14687097,"k_gemv_fp16(__half *, const __half *, const __half *, const __half *, int, int)"
14687801,14688633,"k_gelu(__half *, unsigned long long)"
14688665,14711643,"k_gemv_fp16(__half *, const __half *, const __half *, const __half *, int, int)"
14711675,14712443,"k_add(__half *, const __half *, unsigned long long)"
14712507,14715515,"k_layernorm(__half *, const __half *, const __half *, const __half *, int, int)"
14715547,14731740,"k_gemv_fp16(__half *, const __half *, const __half *, const __half *, int, int)"
14731804,14732668,"k_kv_append(__half *, __half *, const __half *, int, int)"
14732700,14791104,"k_attn_decode(__half *, const __half *, const __half *, const __half *, int, int)"
14791168,14798401,"k_gemv_fp16(__half *, const __half *, const __half *, const __half *, int, int)"
14798433,14799201,"k_add(__half *, const __half *, unsigned long long)"
14799265,14802081,"k_layernorm(__half *, const __half *, const __half *, const __half *, int, int)"
14802145,14822947,"k_gemv_fp16(__half *, const __half *, const __half *, const __half *, int, int)"
14823011,14823811,"k_gelu(__half *, unsigned long long)"
14823875,14846628,"k_gemv_fp16(__half *, const __half *, const __half *, const __half *, int, int)"
14846660,14847460,"k_add(__half *, const __half *, unsigned long long)"
14847492,14850373,"k_layernorm(__half *, const __half *, const __half *, const __half *, int, int)"
14850405,14866534,"k_gemv_fp16(__half *, const __half *, const __half *, const __half *, int, int)"
14867494,14868358,"k_kv_append(__half *, __half *, const __half *, int, int)"
14868422,14926858,"k_attn_decode(__half *, const __half *, const __half *, const __half *, int, int)"
14926890,14934154,"k_gemv_fp16(__half *, const __half *, const __half *, const __half *, int, int)"
14934186,14934954,"k_add(__half *, const __half *, unsigned long long)"
14935018,14937867,"k_layernorm(__half *, const __half *, const __half *, const __half *, int, int)"
14937931,14958892,"k_gemv_fp16(__half *, const __half *, const __half *, const __half *, int, int)"
14958924,14959756,"k_gelu(__half *, unsigned long long)"
14959788,14982574,"k_gemv_fp16(__half *, const __half *, const __half *, const __half *, int, int)"
14982638,14983406,"k_add(__half *, const __half *, unsigned long long)"
14983438,14986318,"k_layernorm(__half *, const __half *, const __half *, const __half *, int, int)"
14986350,15002703,"k_gemv_fp16(__half *, const __half *, const __half *, const __half *, int, int)"
15002735,15003599,"k_kv_append(__half *, __half *, const __half *, int, int)"
15003663,15062547,"k_attn_decode(__half *, const __half *, const __half *, const __half *, int, int)"
15062612,15069876,"k_gemv_fp16(__half *, const __half *, const __half *, const __half *, int, int)"
15069908,15070708,"k_add(__half *, const __half *, unsigned long long)"
15070740,15073588,"k_layernorm(__half *, const __half *, const __half *, const __half *, int, int)"
15074324,15095062,"k_gemv_fp16(__half *, const __half *, const __half *, const __half *, int, int)"
15095094,15095926,"k_gelu(__half *, unsigned long long)"
15095958,15118903,"k_gemv_fp16(__half *, const __half *, const __half *, const __half *, int, int)"
15118935,15119703,"k_add(__half *, const __half *, unsigned long long)"
15119736,15122616,"k_layernorm(__half *, const __half *, const __half *, const __half *, int, int)"
15122680,15138905,"k_gemv_fp16(__half *, const __half *, const __half *, const __half *, int, int)"
15138937,15139801,"k_kv_append(__half *, __half *, const __half *, int, int)"
15139865,15198077,"k_attn_decode(__half *, const __half *, const __half *, const __half *, int, int)"
15198109,15205501,"k_gemv_fp16(__half *, const __half *, const __half *, const __half *, int, int)"
15205533,15206301,"k_add(__half *, const __half *, unsigned long long)"
15206334,15209214,"k_layernorm(__half *, const __half *, const __half *, const __half *, int, int)"
15209246,15230015,"k_gemv_fp16(__half *, const __half *, const __half *, const __half *, int, int)"
15230079,15230910,"k_gelu(__half *, unsigned long long)"
15230911,15253697,"k_gemv_fp16(__half *, const __half *, const __half *, const __half *, int, int)"
15253729,15254529,"k_add(__half *, const __half *, unsigned long long)"
15254561,15257441,"k_layernorm(__half *, const __half *, const __half *, const __half *, int, int)"
15258145,15274914,"k_gemv_fp16(__half *, const __half *, const __half *, const __half *, int, int)"
15274946,15275842,"k_kv_append(__half *, __half *, const __half *, int, int)"
15275874,15334502,"k_attn_decode(__half *, const __half *, const __half *, const __half *, int, int)"
15334534,15342023,"k_gemv_fp16(__half *, const __half *, const __half *, const __half *, int, int)"
15342055,15342855,"k_add(__half *, const __half *, unsigned long long)"
15342887,15345767,"k_layernorm(__half *, const __half *, const __half *, const __half *, int, int)"
15345799,15366633,"k_gemv_fp16(__half *, const __half *, const __half *, const __half *, int, int)"
15366665,15367497,"k_gelu(__half *, unsigned long long)"
15367529,15390314,"k_gemv_fp16(__half *, const __half *, const __half *, const __half *, int, int)"
15390346,15391146,"k_add(__half *, const __half *, unsigned long long)"
15391179,15394027,"k_layernorm(__half *, const __half *, const __half *, const __half *, int, int)"
15394091,15410380,"k_gemv_fp16(__half *, const __half *, const __half *, const __half *, int, int)"
15410412,15411308,"k_kv_append(__half *, __half *, const __half *, int, int)"
15411340,15470032,"k_attn_decode(__half *, const __half *, const __half *, const __half *, int, int)"
15470064,15477360,"k_gemv_fp16(__half *, const __half *, const __half *, const __half *, int, int)"
15477393,15478160,"k_add(__half *, const __half *, unsigned long long)"
15478897,15481777,"k_layernorm(__half *, const __half *, const __half *, const __half *, int, int)"
15481809,15502578,"k_gemv_fp16(__half *, const __half *, const __half *, const __half *, int, int)"
15502610,15503442,"k_gelu(__half *, unsigned long long)"
15503474,15526292,"k_gemv_fp16(__half *, const __half *, const __half *, const __half *, int, int)"
15526356,15527124,"k_add(__half *, const __half *, unsigned long long)"
15527156,15530036,"k_layernorm(__half *, const __half *, const __half *, const __half *, int, int)"
15530100,15841578,"k_gemv_fp16(__half *, const __half *, const __half *, const __half *, int, int)"
15910127,15911055,"k_embed_one(__half *, const __half *, const __half *, int, int)"
15911087,15913999,"k_layernorm(__half *, const __half *, const __half *, const __half *, int, int)"
15914063,15930160,"k_gemv_fp16(__half *, const __half *, const __half *, const __half *, int, int)"
15930192,15931056,"k_kv_append(__half *, __half *, const __half *, int, int)"
15931120,15989652,"k_attn_decode(__half *, const __half *, const __half *, const __half *, int, int)"
15989684,15997077,"k_gemv_fp16(__half *, const __half *, const __half *, const __half *, int, int)"
15997141,15997909,"k_add(__half *, const __half *, unsigned long long)"
15997941,16000821,"k_layernorm(__half *, const __half *, const __half *, const __half *, int, int)"
16000853,16021751,"k_gemv_fp16(__half *, const __half *, const __half *, const __half *, int, int)"
16021783,16022615,"k_gelu(__half *, unsigned long long)"
16022647,16045496,"k_gemv_fp16(__half *, const __half *, const __half *, const __half *, int, int)"
16045560,16046328,"k_add(__half *, const __half *, unsigned long long)"
16046360,16049273,"k_layernorm(__half *, const __half *, const __half *, const __half *, int, int)"
16049305,16065562,"k_gemv_fp16(__half *, const __half *, const __half *, const __half *, int, int)"
16065594,16066490,"k_kv_append(__half *, __half *, const __half *, int, int)"
16066522,16124862,"k_attn_decode(__half *, const __half *, const __half *, const __half *, int, int)"
16125822,16132478,"k_gemv_fp16(__half *, const __half *, const __half *, const __half *, int, int)"
16132511,16133279,"k_add(__half *, const __half *, unsigned long long)"
16133311,16136223,"k_layernorm(__half *, const __half *, const __half *, const __half *, int, int)"
16136255,16157152,"k_gemv_fp16(__half *, const __half *, const __half *, const __half *, int, int)"
16157216,16158048,"k_gelu(__half *, unsigned long long)"
16158080,16181026,"k_gemv_fp16(__half *, const __half *, const __half *, const __half *, int, int)"
16181058,16181858,"k_add(__half *, const __half *, unsigned long long)"
16181890,16184770,"k_layernorm(__half *, const __half *, const __half *, const __half *, int, int)"
16184802,16201155,"k_gemv_fp16(__half *, const __half *, const __half *, const __half *, int, int)"
16201187,16202083,"k_kv_append(__half *, __half *, const __half *, int, int)"
16202115,16260295,"k_attn_decode(__half *, const __half *, const __half *, const __half *, int, int)"
16260327,16267624,"k_gemv_fp16(__half *, const __half *, const __half *, const __half *, int, int)"
16267656,16268456,"k_add(__half *, const __half *, unsigned long long)"
16268488,16271464,"k_layernorm(__half *, const __half *, const __half *, const __half *, int, int)"
16271496,16292298,"k_gemv_fp16(__half *, const __half *, const __half *, const __half *, int, int)"
16292330,16293162,"k_gelu(__half *, unsigned long long)"
16293930,16316875,"k_gemv_fp16(__half *, const __half *, const __half *, const __half *, int, int)"
16316907,16317675,"k_add(__half *, const __half *, unsigned long long)"
16317739,16320588,"k_layernorm(__half *, const __half *, const __half *, const __half *, int, int)"
16320620,16336813,"k_gemv_fp16(__half *, const __half *, const __half *, const __half *, int, int)"
16336845,16337741,"k_kv_append(__half *, __half *, const __half *, int, int)"
16337773,16396721,"k_attn_decode(__half *, const __half *, const __half *, const __half *, int, int)"
16396753,16404081,"k_gemv_fp16(__half *, const __half *, const __half *, const __half *, int, int)"
16404114,16404882,"k_add(__half *, const __half *, unsigned long long)"
16404945,16407794,"k_layernorm(__half *, const __half *, const __half *, const __half *, int, int)"
16407826,16428659,"k_gemv_fp16(__half *, const __half *, const __half *, const __half *, int, int)"
16428691,16429523,"k_gelu(__half *, unsigned long long)"
16429555,16452405,"k_gemv_fp16(__half *, const __half *, const __half *, const __half *, int, int)"
16452437,16453205,"k_add(__half *, const __half *, unsigned long long)"
16453237,16456117,"k_layernorm(__half *, const __half *, const __half *, const __half *, int, int)"
16456149,16472310,"k_gemv_fp16(__half *, const __half *, const __half *, const __half *, int, int)"
16472342,16473238,"k_kv_append(__half *, __half *, const __half *, int, int)"
16473942,16532474,"k_attn_decode(__half *, const __half *, const __half *, const __half *, int, int)"
16532507,16539963,"k_gemv_fp16(__half *, const __half *, const __half *, const __half *, int, int)"
16539995,16540763,"k_add(__half *, const __half *, unsigned long long)"
16540795,16543707,"k_layernorm(__half *, const __half *, const __half *, const __half *, int, int)"
16543739,16564637,"k_gemv_fp16(__half *, const __half *, const __half *, const __half *, int, int)"
16564669,16565501,"k_gelu(__half *, unsigned long long)"
16565533,16588446,"k_gemv_fp16(__half *, const __half *, const __half *, const __half *, int, int)"
16588478,16589279,"k_add(__half *, const __half *, unsigned long long)"
16589311,16592191,"k_layernorm(__half *, const __half *, const __half *, const __half *, int, int)"
16592223,16608352,"k_gemv_fp16(__half *, const __half *, const __half *, const __half *, int, int)"
16608384,16609280,"k_kv_append(__half *, __half *, const __half *, int, int)"
16609312,16667972,"k_attn_decode(__half *, const __half *, const __half *, const __half *, int, int)"
16668004,16675301,"k_gemv_fp16(__half *, const __half *, const __half *, const __half *, int, int)"
16675332,16676133,"k_add(__half *, const __half *, unsigned long long)"
16676165,16679013,"k_layernorm(__half *, const __half *, const __half *, const __half *, int, int)"
16679045,16699846,"k_gemv_fp16(__half *, const __half *, const __half *, const __half *, int, int)"
16700614,16701446,"k_gelu(__half *, unsigned long long)"
16701478,16724520,"k_gemv_fp16(__half *, const __half *, const __half *, const __half *, int, int)"
16724552,16725352,"k_add(__half *, const __half *, unsigned long long)"
16725384,16728264,"k_layernorm(__half *, const __half *, const __half *, const __half *, int, int)"
16728328,16744521,"k_gemv_fp16(__half *, const __half *, const __half *, const __half *, int, int)"
16744585,16745450,"k_kv_append(__half *, __half *, const __half *, int, int)"
16745481,16804206,"k_attn_decode(__half *, const __half *, const __half *, const __half *, int, int)"
16804238,16811566,"k_gemv_fp16(__half *, const __half *, const __half *, const __half *, int, int)"
16811598,16812398,"k_add(__half *, const __half *, unsigned long long)"
16812430,16815246,"k_layernorm(__half *, const __half *, const __half *, const __half *, int, int)"
16815310,16836048,"k_gemv_fp16(__half *, const __half *, const __half *, const __half *, int, int)"
16836112,16836912,"k_gelu(__half *, unsigned long long)"
16836976,16859698,"k_gemv_fp16(__half *, const __half *, const __half *, const __half *, int, int)"
16859729,16860497,"k_add(__half *, const __half *, unsigned long long)"
16860562,16863442,"k_layernorm(__half *, const __half *, const __half *, const __half *, int, int)"
16863474,16879539,"k_gemv_fp16(__half *, const __half *, const __half *, const __half *, int, int)"
16880243,16881139,"k_kv_append(__half *, __half *, const __half *, int, int)"
16881171,16939543,"k_attn_decode(__half *, const __half *, const __half *, const __half *, int, int)"
16939607,16946839,"k_gemv_fp16(__half *, const __half *, const __half *, const __half *, int, int)"
16946872,16947672,"k_add(__half *, const __half *, unsigned long long)"
16947704,16950584,"k_layernorm(__half *, const __half *, const __half *, const __half *, int, int)"
16950616,16971513,"k_gemv_fp16(__half *, const __half *, const __half *, const __half *, int, int)"
16971577,16972377,"k_gelu(__half *, unsigned long long)"
16972441,16995259,"k_gemv_fp16(__half *, const __half *, const __half *, const __half *, int, int)"
16995291,16996059,"k_add(__half *, const __half *, unsigned long long)"
16996091,16998971,"k_layernorm(__half *, const __half *, const __half *, const __half *, int, int)"
16999003,17015196,"k_gemv_fp16(__half *, const __half *, const __half *, const __half *, int, int)"
17015228,17016124,"k_kv_append(__half *, __half *, const __half *, int, int)"
17016156,17074433,"k_attn_decode(__half *, const __half *, const __half *, const __half *, int, int)"
17074464,17081729,"k_gemv_fp16(__half *, const __half *, const __half *, const __half *, int, int)"
17081761,17082529,"k_add(__half *, const __half *, unsigned long long)"
17082561,17085441,"k_layernorm(__half *, const __half *, const __half *, const __half *, int, int)"
17086145,17106915,"k_gemv_fp16(__half *, const __half *, const __half *, const __half *, int, int)"
17106979,17107810,"k_gelu(__half *, unsigned long long)"
17107811,17130628,"k_gemv_fp16(__half *, const __half *, const __half *, const __half *, int, int)"
17130693,17131461,"k_add(__half *, const __half *, unsigned long long)"
17131492,17134373,"k_layernorm(__half *, const __half *, const __half *, const __half *, int, int)"
17134405,17150726,"k_gemv_fp16(__half *, const __half *, const __half *, const __half *, int, int)"
17150758,17151654,"k_kv_append(__half *, __half *, const __half *, int, int)"
17151686,17210217,"k_attn_decode(__half *, const __half *, const __half *, const __half *, int, int)"
17210218,17217515,"k_gemv_fp16(__half *, const __half *, const __half *, const __half *, int, int)"
17217547,17218315,"k_add(__half *, const __half *, unsigned long long)"
17218347,17221291,"k_layernorm(__half *, const __half *, const __half *, const __half *, int, int)"
17221323,17242092,"k_gemv_fp16(__half *, const __half *, const __half *, const __half *, int, int)"
17242124,17242956,"k_gelu(__half *, unsigned long long)"
17242988,17265742,"k_gemv_fp16(__half *, const __half *, const __half *, const __half *, int, int)"
17265774,17266574,"k_add(__half *, const __half *, unsigned long long)"
17266606,17269486,"k_layernorm(__half *, const __half *, const __half *, const __half *, int, int)"
17270222,17286992,"k_gemv_fp16(__half *, const __half *, const __half *, const __half *, int, int)"
17287023,17287919,"k_kv_append(__half *, __half *, const __half *, int, int)"
17287952,17346644,"k_attn_decode(__half *, const __half *, const __half *, const __half *, int, int)"
17346708,17354164,"k_gemv_fp16(__half *, const __half *, const __half *, const __half *, int, int)"
17354196,17354995,"k_add(__half *, const __half *, unsigned long long)"
17354996,17357876,"k_layernorm(__half *, const __half *, const __half *, const __half *, int, int)"
17357941,17378774,"k_gemv_fp16(__half *, const __half *, const __half *, const __half *, int, int)"
17378806,17379638,"k_gelu(__half *, unsigned long long)"
17379670,17402583,"k_gemv_fp16(__half *, const __half *, const __half *, const __half *, int, int)"
17402648,17403416,"k_add(__half *, const __half *, unsigned long long)"
17403447,17406296,"k_layernorm(__half *, const __half *, const __half *, const __half *, int, int)"
17406360,17422585,"k_gemv_fp16(__half *, const __half *, const __half *, const __half *, int, int)"
17422649,17423513,"k_kv_append(__half *, __half *, const __half *, int, int)"
17423577,17482397,"k_attn_decode(__half *, const __half *, const __half *, const __half *, int, int)"
17482429,17489726,"k_gemv_fp16(__half *, const __half *, const __half *, const __half *, int, int)"
17489758,17490558,"k_add(__half *, const __half *, unsigned long long)"
17491262,17494142,"k_layernorm(__half *, const __half *, const __half *, const __half *, int, int)"
17494174,17514943,"k_gemv_fp16(__half *, const __half *, const __half *, const __half *, int, int)"
17514975,17515808,"k_gelu(__half *, unsigned long long)"
17515840,17538657,"k_gemv_fp16(__half *, const __half *, const __half *, const __half *, int, int)"
17538721,17539489,"k_add(__half *, const __half *, unsigned long long)"
17539521,17542433,"k_layernorm(__half *, const __half *, const __half *, const __half *, int, int)"
17542465,17854263,"k_gemv_fp16(__half *, const __half *, const __half *, const __half *, int, int)"
17912795,17913756,"k_embed_one(__half *, const __half *, const __half *, int, int)"
17913787,17916667,"k_layernorm(__half *, const __half *, const __half *, const __half *, int, int)"
17916700,17933084,"k_gemv_fp16(__half *, const __half *, const __half *, const __half *, int, int)"
17933085,17933981,"k_kv_append(__half *, __half *, const __half *, int, int)"
17934013,17992833,"k_attn_decode(__half *, const __half *, const __half *, const __half *, int, int)"
17992865,18000193,"k_gemv_fp16(__half *, const __half *, const __half *, const __half *, int, int)"
18000225,18001026,"k_add(__half *, const __half *, unsigned long long)"
18001058,18003970,"k_layernorm(__half *, const __half *, const __half *, const __half *, int, int)"
18004002,18024803,"k_gemv_fp16(__half *, const __half *, const __half *, const __half *, int, int)"
18024867,18025699,"k_gelu(__half *, unsigned long long)"
18025731,18048645,"k_gemv_fp16(__half *, const __half *, const __half *, const __half *, int, int)"
18048677,18049477,"k_add(__half *, const __half *, unsigned long long)"
18049509,18052357,"k_layernorm(__half *, const __half *, const __half *, const __half *, int, int)"
18052389,18068742,"k_gemv_fp16(__half *, const __half *, const __half *, const __half *, int, int)"
18068774,18069638,"k_kv_append(__half *, __half *, const __half *, int, int)"
18069670,18128010,"k_attn_decode(__half *, const __half *, const __half *, const __half *, int, int)"
18128747,18135371,"k_gemv_fp16(__half *, const __half *, const __half *, const __half *, int, int)"
18135403,18136171,"k_add(__half *, const __half *, unsigned long long)"
18136203,18139115,"k_layernorm(__half *, const __half *, const __half *, const __half *, int, int)"
18139147,18160013,"k_gemv_fp16(__half *, const __half *, const __half *, const __half *, int, int)"
18160045,18160877,"k_gelu(__half *, unsigned long long)"
18160941,18183950,"k_gemv_fp16(__half *, const __half *, const __half *, const __half *, int, int)"
18183982,18184782,"k_add(__half *, const __half *, unsigned long long)"
18184814,18187662,"k_layernorm(__half *, const __half *, const __half *, const __half *, int, int)"
18187695,18204016,"k_gemv_fp16(__half *, const __half *, const __half *, const __half *, int, int)"
18204048,18204944,"k_kv_append(__half *, __half *, const __half *, int, int)"
18204976,18263412,"k_attn_decode(__half *, const __half *, const __half *, const __half *, int, int)"
18263444,18270741,"k_gemv_fp16(__half *, const __half *, const __half *, const __half *, int, int)"
18270772,18271540,"k_add(__half *, const __half *, unsigned long long)"
18271572,18274453,"k_layernorm(__half *, const __half *, const __half *, const __half *, int, int)"
18274485,18295254,"k_gemv_fp16(__half *, const __half *, const __half *, const __half *, int, int)"
18295286,18296118,"k_gelu(__half *, unsigned long long)"
18296822,18319768,"k_gemv_fp16(__half *, const __half *, const __half *, const __half *, int, int)"
18319832,18320600,"k_add(__half *, const __half *, unsigned long long)"
18320632,18323576,"k_layernorm(__half *, const __half *, const __half *, const __half *, int, int)"
18323640,18339833,"k_gemv_fp16(__half *, const __half *, const __half *, const __half *, int, int)"
18339865,18340761,"k_kv_append(__half *, __half *, const __half *, int, int)"
18340793,18399838,"k_attn_decode(__half *, const __half *, const __half *, const __half *, int, int)"
18399869,18407166,"k_gemv_fp16(__half *, const __half *, const __half *, const __half *, int, int)"
18407198,18407998,"k_add(__half *, const __half *, unsigned long long)"
18408030,18410910,"k_layernorm(__half *, const __half *, const __half *, const __half *, int, int)"
18410942,18431776,"k_gemv_fp16(__half *, const __half *, const __half *, const __half *, int, int)"
18431840,18432640,"k_gelu(__half *, unsigned long long)"
18432704,18455553,"k_gemv_fp16(__half *, const __half *, const __half *, const __half *, int, int)"
18455617,18456385,"k_add(__half *, const __half *, unsigned long long)"
18456417,18459298,"k_layernorm(__half *, const __half *, const __half *, const __half *, int, int)"
18459330,18475555,"k_gemv_fp16(__half *, const __half *, const __half *, const __half *, int, int)"
18475587,18476483,"k_kv_append(__half *, __half *, const __half *, int, int)"
18477251,18535943,"k_attn_decode(__half *, const __half *, const __half *, const __half *, int, int)"
18535975,18543272,"k_gemv_fp16(__half *, const __half *, const __half *, const __half *, int, int)"
18543304,18544104,"k_add(__half *, const __half *, unsigned long long)"
18544136,18547016,"k_layernorm(__half *, const __half *, const __half *, const __half *, int, int)"
18547080,18568105,"k_gemv_fp16(__half *, const __half *, const __half *, const __half *, int, int)"
18568137,18568969,"k_gelu(__half *, unsigned long long)"
18569033,18591851,"k_gemv_fp16(__half *, const __half *, const __half *, const __half *, int, int)"
18591915,18592683,"k_add(__half *, const __half *, unsigned long long)"
18592715,18595595,"k_layernorm(__half *, const __half *, const __half *, const __half *, int, int)"
18595627,18611788,"k_gemv_fp16(__half *, const __half *, const __half *, const __half *, int, int)"
18611852,18612716,"k_kv_append(__half *, __half *, const __half *, int, int)"
18612748,18671120,"k_attn_decode(__half *, const __half *, const __half *, const __half *, int, int)"
18671152,18678417,"k_gemv_fp16(__half *, const __half *, const __half *, const __half *, int, int)"
18678449,18679217,"k_add(__half *, const __half *, unsigned long long)"
18679281,18682129,"k_layernorm(__half *, const __half *, const __half *, const __half *, int, int)"
18682161,18702931,"k_gemv_fp16(__half *, const __half *, const __half *, const __half *, int, int)"
18703891,18704723,"k_gelu(__half *, unsigned long long)"
18704755,18727668,"k_gemv_fp16(__half *, const __half *, const __half *, const __half *, int, int)"
18727732,18728501,"k_add(__half *, const __half *, unsigned long long)"
18728565,18731445,"k_layernorm(__half *, const __half *, const __half *, const __half *, int, int)"
18731477,18747734,"k_gemv_fp16(__half *, const __half *, const __half *, const __half *, int, int)"
18747766,18748630,"k_kv_append(__half *, __half *, const __half *, int, int)"
18748694,18807258,"k_attn_decode(__half *, const __half *, const __half *, const __half *, int, int)"
18807322,18814682,"k_gemv_fp16(__half *, const __half *, const __half *, const __half *, int, int)"
18814715,18815515,"k_add(__half *, const __half *, unsigned long long)"
18815547,18818395,"k_layernorm(__half *, const __half *, const __half *, const __half *, int, int)"
18818459,18839196,"k_gemv_fp16(__half *, const __half *, const __half *, const __half *, int, int)"
18839260,18840092,"k_gelu(__half *, unsigned long long)"
18840124,18862846,"k_gemv_fp16(__half *, const __half *, const __half *, const __half *, int, int)"
18862878,18863678,"k_add(__half *, const __half *, unsigned long long)"
18863710,18866590,"k_layernorm(__half *, const __half *, const __half *, const __half *, int, int)"
18866622,18882719,"k_gemv_fp16(__half *, const __half *, const __half *, const __half *, int, int)"
18883519,18884415,"k_kv_append(__half *, __half *, const __half *, int, int)"
18884448,18943556,"k_attn_decode(__half *, const __half *, const __half *, const __half *, int, int)"
18943620,18950884,"k_gemv_fp16(__half *, const __half *, const __half *, const __half *, int, int)"
18950948,18951716,"k_add(__half *, const __half *, unsigned long long)"
18951748,18954756,"k_layernorm(__half *, const __half *, const __half *, const __half *, int, int)"
18954820,18975686,"k_gemv_fp16(__half *, const __half *, const __half *, const __half *, int, int)"
18975718,18976550,"k_gelu(__half *, unsigned long long)"
18976582,18999304,"k_gemv_fp16(__half *, const __half *, const __half *, const __half *, int, int)"
18999335,19000136,"k_add(__half *, const __half *, unsigned long long)"
19000168,19003048,"k_layernorm(__half *, const __half *, const __half *, const __half *, int, int)"
19003080,19019497,"k_gemv_fp16(__half *, const __half *, const __half *, const __half *, int, int)"
19019529,19020425,"k_kv_append(__half *, __half *, const __half *, int, int)"
19020457,19079149,"k_attn_decode(__half *, const __half *, const __half *, const __half *, int, int)"
19079181,19086542,"k_gemv_fp16(__half *, const __half *, const __half *, const __half *, int, int)"
19086574,19087374,"k_add(__half *, const __half *, unsigned long long)"
19087406,19090222,"k_layernorm(__half *, const __half *, const __half *, const __half *, int, int)"
19091214,19112111,"k_gemv_fp16(__half *, const __half *, const __half *, const __half *, int, int)"
19112144,19112975,"k_gelu(__half *, unsigned long long)"
19113008,19135921,"k_gemv_fp16(__half *, const __half *, const __half *, const __half *, int, int)"
19135953,19136721,"k_add(__half *, const __half *, unsigned long long)"
19136785,19139697,"k_layernorm(__half *, const __half *, const __half *, const __half *, int, int)"
19139729,19155987,"k_gemv_fp16(__half *, const __half *, const __half *, const __half *, int, int)"
19156018,19156915,"k_kv_append(__half *, __half *, const __half *, int, int)"
19156947,19215799,"k_attn_decode(__half *, const __half *, const __half *, const __half *, int, int)"
19215831,19223191,"k_gemv_fp16(__half *, const __half *, const __half *, const __half *, int, int)"
19223223,19224023,"k_add(__half *, const __half *, unsigned long long)"
19224055,19226904,"k_layernorm(__half *, const __half *, const __half *, const __half *, int, int)"
19226935,19247801,"k_gemv_fp16(__half *, const __half *, const __half *, const __half *, int, int)"
19247833,19248665,"k_gelu(__half *, unsigned long long)"
19248697,19271482,"k_gemv_fp16(__half *, const __half *, const __half *, const __half *, int, int)"
19271483,19272283,"k_add(__half *, const __half *, unsigned long long)"
19272315,19275195,"k_layernorm(__half *, const __half *, const __half *, const __half *, int, int)"
19276123,19292380,"k_gemv_fp16(__half *, const __half *, const __half *, const __half *, int, int)"
19292444,19293308,"k_kv_append(__half *, __half *, const __half *, int, int)"
19293340,19351648,"k_attn_decode(__half *, const __half *, const __half *, const __half *, int, int)"
19351712,19359136,"k_gemv_fp16(__half *, const __half *, const __half *, const __half *, int, int)"
19359137,19359937,"k_add(__half *, const __half *, unsigned long long)"
19359969,19362849,"k_layernorm(__half *, const __half *, const __half *, const __half *, int, int)"
19362881,19383682,"k_gemv_fp16(__half *, const __half *, const __half *, const __half *, int, int)"
19383714,19384547,"k_gelu(__half *, unsigned long long)"
19384611,19407396,"k_gemv_fp16(__half *, const __half *, const __half *, const __half *, int, int)"
19407428,19408228,"k_add(__half *, const __half *, unsigned long long)"
19408260,19411236,"k_layernorm(__half *, const __half *, const __half *, const __half *, int, int)"
19411268,19427590,"k_gemv_fp16(__half *, const __half *, const __half *, const __half *, int, int)"
19427622,19428518,"k_kv_append(__half *, __half *, const __half *, int, int)"
19428550,19487402,"k_attn_decode(__half *, const __half *, const __half *, const __half *, int, int)"
19487466,19494730,"k_gemv_fp16(__half *, const __half *, const __half *, const __half *, int, int)"
19494794,19495562,"k_add(__half *, const __half *, unsigned long long)"
19496266,19499147,"k_layernorm(__half *, const __half *, const __half *, const __half *, int, int)"
19499179,19519948,"k_gemv_fp16(__half *, const __half *, const __half *, const __half *, int, int)"
19519980,19520812,"k_gelu(__half *, unsigned long long)"
19520844,19543758,"k_gemv_fp16(__half *, const __half *, const __half *, const __half *, int, int)"
19543790,19544558,"k_add(__half *, const __half *, unsigned long long)"
19544622,19547502,"k_layernorm(__half *, const __half *, const __half *, const __half *, int, int)"
19547534,19858948,"k_gemv_fp16(__half *, const __half *, const __half *, const __half *, int, int)"
19906599,19907559,"k_embed_one(__half *, const __half *, const __half *, int, int)"
19907591,19910471,"k_layernorm(__half *, const __half *, const __half *, const __half *, int, int)"
19910503,19926824,"k_gemv_fp16(__half *, const __half *, const __half *, const __half *, int, int)"
19926857,19927753,"k_kv_append(__half *, __half *, const __half *, int, int)"
19927785,19986285,"k_attn_decode(__half *, const __half *, const __half *, const __half *, int, int)"
19986349,19993709,"k_gemv_fp16(__half *, const __half *, const __half *, const __half *, int, int)"
19993741,19994541,"k_add(__half *, const __half *, unsigned long long)"
19994573,19997454,"k_layernorm(__half *, const __half *, const __half *, const __half *, int, int)"
19997486,20018319,"k_gemv_fp16(__half *, const __half *, const __half *, const __half *, int, int)"
20018351,20019183,"k_gelu(__half *, unsigned long long)"
20019215,20042097,"k_gemv_fp16(__half *, const __half *, const __half *, const __half *, int, int)"
20042129,20042929,"k_add(__half *, const __half *, unsigned long long)"
20042961,20045841,"k_layernorm(__half *, const __half *, const __half *, const __half *, int, int)"
20045873,20062130,"k_gemv_fp16(__half *, const __half *, const __half *, const __half *, int, int)"
20062194,20063058,"k_kv_append(__half *, __half *, const __half *, int, int)"
20063090,20121430,"k_attn_decode(__half *, const __half *, const __half *, const __half *, int, int)"
20122134,20128791,"k_gemv_fp16(__half *, const __half *, const __half *, const __half *, int, int)"
20128823,20129623,"k_add(__half *, const __half *, unsigned long long)"
20129655,20132599,"k_layernorm(__half *, const __half *, const __half *, const __half *, int, int)"
20132631,20153496,"k_gemv_fp16(__half *, const __half *, const __half *, const __half *, int, int)"
20153529,20154360,"k_gelu(__half *, unsigned long long)"
20154393,20177434,"k_gemv_fp16(__half *, const __half *, const __half *, const __half *, int, int)"
20177466,20178266,"k_add(__half *, const __half *, unsigned long long)"
20178298,20181146,"k_layernorm(__half *, const __half *, const __half *, const __half *, int, int)"
20181210,20197436,"k_gemv_fp16(__half *, const __half *, const __half *, const __half *, int, int)"
20197467,20198332,"k_kv_append(__half *, __half *, const __half *, int, int)"
20198396,20256896,"k_attn_decode(__half *, const __half *, const __half *, const __half *, int, int)"
20256960,20264224,"k_gemv_fp16(__half *, const __half *, const __half *, const __half *, int, int)"
20264256,20265056,"k_add(__half *, const __half *, unsigned long long)"
20265088,20268033,"k_layernorm(__half *, const __half *, const __half *, const __half *, int, int)"
20268064,20288834,"k_gemv_fp16(__half *, const __half *, const __half *, const __half *, int, int)"
20288898,20289730,"k_gelu(__half *, unsigned long long)"
20290434,20313252,"k_gemv_fp16(__half *, const __half *, const __half *, const __half *, int, int)"
20313316,20314084,"k_add(__half *, const __half *, unsigned long long)"
20314116,20317028,"k_layernorm(__half *, const __half *, const __half *, const __half *, int, int)"
20317092,20333477,"k_gemv_fp16(__half *, const __half *, const __half *, const __half *, int, int)"
20333509,20334405,"k_kv_append(__half *, __half *, const __half *, int, int)"
20334437,20393289,"k_attn_decode(__half *, const __half *, const __half *, const __half *, int, int)"
20393321,20400618,"k_gemv_fp16(__half *, const __half *, const __half *, const __half *, int, int)"
20400682,20401450,"k_add(__half *, const __half *, unsigned long long)"
20401482,20404362,"k_layernorm(__half *, const __half *, const __half *, const __half *, int, int)"
20404394,20425259,"k_gemv_fp16(__half *, const __half *, const __half *, const __half *, int, int)"
20425292,20426123,"k_gelu(__half *, unsigned long long)"
20426156,20448941,"k_gemv_fp16(__half *, const __half *, const __half *, const __half *, int, int)"
20448973,20449773,"k_add(__half *, const __half *, unsigned long long)"
20449805,20452686,"k_layernorm(__half *, const __half *, const __half *, const __half *, int, int)"
20452717,20468879,"k_gemv_fp16(__half *, const __half *, const __half *, const __half *, int, int)"
20468911,20469775,"k_kv_append(__half *, __half *, const __half *, int, int)"
20470511,20529107,"k_attn_decode(__half *, const __half *, const __half *, const __half *, int, int)"
20529171,20536563,"k_gemv_fp16(__half *, const __half *, const __half *, const __half *, int, int)"
20536595,20537395,"k_add(__half *, const __half *, unsigned long long)"
20537427,20540275,"k_layernorm(__half *, const __half *, const __half *, const __half *, int, int)"
20540340,20561205,"k_gemv_fp16(__half *, const __half *, const __half *, const __half *, int, int)"
20561237,20562069,"k_gelu(__half *, unsigned long long)"
20562101,20585015,"k_gemv_fp16(__half *, const __half *, const __half *, const __half *, int, int)"
20585047,20585847,"k_add(__half *, const __half *, unsigned long long)"
20585879,20588759,"k_layernorm(__half *, const __half *, const __half *, const __half *, int, int)"
20588791,20604952,"k_gemv_fp16(__half *, const __half *, const __half *, const __half *, int, int)"
20604984,20605880,"k_kv_append(__half *, __half *, const __half *, int, int)"
20605912,20664348,"k_attn_decode(__half *, const __half *, const __half *, const __half *, int, int)"
20664380,20671645,"k_gemv_fp16(__half *, const __half *, const __half *, const __half *, int, int)"
20671709,20672477,"k_add(__half *, const __half *, unsigned long long)"
20672509,20675357,"k_layernorm(__half *, const __half *, const __half *, const __half *, int, int)"
20675421,20696223,"k_gemv_fp16(__half *, const __half *, const __half *, const __half *, int, int)"
20696927,20697727,"k_gelu(__half *, unsigned long long)"
20697791,20720704,"k_gemv_fp16(__half *, const __half *, const __half *, const __half *, int, int)"
20720736,20721536,"k_add(__half *, const __half *, unsigned long long)"
20721568,20724481,"k_layernorm(__half *, const __half *, const __half *, const __half *, int, int)"
20724545,20740706,"k_gemv_fp16(__half *, const __half *, const __half *, const __half *, int, int)"
20740738,20741634,"k_kv_append(__half *, __half *, const __half *, int, int)"
20741666,20799846,"k_attn_decode(__half *, const __half *, const __half *, const __half *, int, int)"
20799878,20807142,"k_gemv_fp16(__half *, const __half *, const __half *, const __half *, int, int)"
20807174,20807942,"k_add(__half *, const __half *, unsigned long long)"
20808006,20810855,"k_layernorm(__half *, const __half *, const __half *, const __half *, int, int)"
20810887,20831656,"k_gemv_fp16(__half *, const __half *, const __half *, const __half *, int, int)"
20831688,20832520,"k_gelu(__half *, unsigned long long)"
20832552,20855306,"k_gemv_fp16(__half *, const __half *, const __half *, const __half *, int, int)"
20855370,20856138,"k_add(__half *, const __half *, unsigned long long)"
20856170,20859050,"k_layernorm(__half *, const __half *, const __half *, const __half *, int, int)"
20859082,20875435,"k_gemv_fp16(__half *, const __half *, const __half *, const __half *, int, int)"
20876171,20877035,"k_kv_append(__half *, __half *, const __half *, int, int)"
20877099,20935503,"k_attn_decode(__half *, const __half *, const __half *, const __half *, int, int)"
20935535,20942960,"k_gemv_fp16(__half *, const __half *, const __half *, const __half *, int, int)"
20942992,20943760,"k_add(__half *, const __half *, unsigned long long)"
20943824,20946672,"k_layernorm(__half *, const __half *, const __half *, const __half *, int, int)"
20946704,20967570,"k_gemv_fp16(__half *, const __half *, const __half *, const __half *, int, int)"
20967602,20968434,"k_gelu(__half *, unsigned long long)"
20968466,20991219,"k_gemv_fp16(__half *, const __half *, const __half *, const __half *, int, int)"
20991251,20992019,"k_add(__half *, const __half *, unsigned long long)"
20992083,20994932,"k_layernorm(__half *, const __half *, const __half *, const __half *, int, int)"
20994995,21010997,"k_gemv_fp16(__half *, const __half *, const __half *, const __half *, int, int)"
21011029,21011925,"k_kv_append(__half *, __half *, const __half *, int, int)"
21011957,21070361,"k_attn_decode(__half *, const __half *, const __half *, const __half *, int, int)"
21070393,21077689,"k_gemv_fp16(__half *, const __half *, const __half *, const __half *, int, int)"
21077721,21078521,"k_add(__half *, const __half *, unsigned long long)"
21078553,21081434,"k_layernorm(__half *, const __half *, const __half *, const __half *, int, int)"
21082170,21103003,"k_gemv_fp16(__half *, const __half *, const __half *, const __half *, int, int)"
21103035,21103899,"k_gelu(__half *, unsigned long long)"
21103931,21126749,"k_gemv_fp16(__half *, const __half *, const __half *, const __half *, int, int)"
21126781,21127549,"k_add(__half *, const __half *, unsigned long long)"
21127613,21130461,"k_layernorm(__half *, const __half *, const __half *, const __half *, int, int)"
21130493,21146718,"k_gemv_fp16(__half *, const __half *, const __half *, const __half *, int, int)"
21146750,21147614,"k_kv_append(__half *, __half *, const __half *, int, int)"
21147678,21206434,"k_attn_decode(__half *, const __half *, const __half *, const __half *, int, int)"
21206466,21213571,"k_gemv_fp16(__half *, const __half *, const __half *, const __half *, int, int)"
21213603,21214403,"k_add(__half *, const __half *, unsigned long long)"
21214435,21217283,"k_layernorm(__half *, const __half *, const __half *, const __half *, int, int)"
21217315,21238085,"k_gemv_fp16(__half *, const __half *, const __half *, const __half *, int, int)"
21238117,21238949,"k_gelu(__half *, unsigned long long)"
21238981,21261733,"k_gemv_fp16(__half *, const __half *, const __half *, const __half *, int, int)"
21261734,21262534,"k_add(__half *, const __half *, unsigned long long)"
21262566,21265446,"k_layernorm(__half *, const __half *, const __half *, const __half *, int, int)"
21266310,21282504,"k_gemv_fp16(__half *, const __half *, const __half *, const __half *, int, int)"
21282536,21283432,"k_kv_append(__half *, __half *, const __half *, int, int)"
21283464,21342156,"k_attn_decode(__half *, const __half *, const __half *, const __half *, int, int)"
21342220,21349676,"k_gemv_fp16(__half *, const __half *, const __half *, const __half *, int, int)"
21349708,21350508,"k_add(__half *, const __half *, unsigned long long)"
21350540,21353421,"k_layernorm(__half *, const __half *, const __half *, const __half *, int, int)"
21353453,21374190,"k_gemv_fp16(__half *, const __half *, const __half *, const __half *, int, int)"
21374222,21375054,"k_gelu(__half *, unsigned long long)"
21375086,21397872,"k_gemv_fp16(__half *, const __half *, const __half *, const __half *, int, int)"
21397904,21398704,"k_add(__half *, const __half *, unsigned long long)"
21398736,21401712,"k_layernorm(__half *, const __half *, const __half *, const __half *, int, int)"
21401776,21417937,"k_gemv_fp16(__half *, const __half *, const __half *, const __half *, int, int)"
21418001,21418865,"k_kv_append(__half *, __half *, const __half *, int, int)"
21418929,21477429,"k_attn_decode(__half *, const __half *, const __half *, const __half *, int, int)"
21477461,21484758,"k_gemv_fp16(__half *, const __half *, const __half *, const __half *, int, int)"
21484790,21485558,"k_add(__half *, const __half *, unsigned long long)"
21486294,21489174,"k_layernorm(__half *, const __half *, const __half *, const __half *, int, int)"
21489206,21510040,"k_gemv_fp16(__half *, const __half *, const __half *, const __half *, int, int)"
21510104,21510936,"k_gelu(__half *, unsigned long long)"
21510968,21533785,"k_gemv_fp16(__half *, const __half *, const __half *, const __half *, int, int)"
21533817,21534585,"k_add(__half *, const __half *, unsigned long long)"
21534649,21537626,"k_layernorm(__half *, const __half *, const __half *, const __half *, int, int)"
21537657,21849040,"k_gemv_fp16(__half *, const __half *, const __half *, const __half *, int, int)"
21895347,21896275,"k_embed_one(__half *, const __half *, const __half *, int, int)"
21896307,21899187,"k_layernorm(__half *, const __half *, const __half *, const __half *, int, int)"
21899251,21915444,"k_gemv_fp16(__half *, const __half *, const __half *, const __half *, int, int)"
21915476,21916372,"k_kv_append(__half *, __half *, const __half *, int, int)"
21916404,21975192,"k_attn_decode(__half *, const __half *, const __half *, const __half *, int, int)"
21975224,21982553,"k_gemv_fp16(__half *, const __half *, const __half *, const __half *, int, int)"
21982585,21983353,"k_add(__half *, const __half *, unsigned long long)"
21983385,21986392,"k_layernorm(__half *, const __half *, const __half *, const __half *, int, int)"
21986393,22007259,"k_gemv_fp16(__half *, const __half *, const __half *, const __half *, int, int)"
22007291,22008123,"k_gelu(__half *, unsigned long long)"
22008155,22031068,"k_gemv_fp16(__half *, const __half *, const __half *, const __half *, int, int)"
22031100,22031900,"k_add(__half *, const __half *, unsigned long long)"
22031932,22034845,"k_layernorm(__half *, const __half *, const __half *, const __half *, int, int)"
22034876,22051166,"k_gemv_fp16(__half *, const __half *, const __half *, const __half *, int, int)"
22051198,22052094,"k_kv_append(__half *, __half *, const __half *, int, int)"
22052126,22110338,"k_attn_decode(__half *, const __half *, const __half *, const __half *, int, int)"
22111298,22117986,"k_gemv_fp16(__half *, const __half *, const __half *, const __half *, int, int)"
22118050,22118818,"k_add(__half *, const __half *, unsigned long long)"
22118850,22121763,"k_layernorm(__half *, const __half *, const __half *, const __half *, int, int)"
22121795,22142692,"k_gemv_fp16(__half *, const __half *, const __half *, const __half *, int, int)"
22142756,22143588,"k_gelu(__half *, unsigned long long)"
22143620,22166598,"k_gemv_fp16(__half *, const __half *, const __half *, const __half *, int, int)"
22166630,22167430,"k_add(__half *, const __half *, unsigned long long)"
22167462,22170341,"k_layernorm(__half *, const __half *, const __half *, const __half *, int, int)"
22170342,22186567,"k_gemv_fp16(__half *, const __half *, const __half *, const __half *, int, int)"
22186599,22187463,"k_kv_append(__half *, __half *, const __half *, int, int)"
22187527,22246187,"k_attn_decode(__half *, const __half *, const __half *, const __half *, int, int)"
22246219,22253388,"k_gemv_fp16(__half *, const __half *, const __half *, const __half *, int, int)"
22253420,22254188,"k_add(__half *, const __half *, unsigned long long)"
22254220,22257100,"k_layernorm(__half *, const __half *, const __half *, const __half *, int, int)"
22257132,22277934,"k_gemv_fp16(__half *, const __half *, const __half *, const __half *, int, int)"
22277965,22278798,"k_gelu(__half *, unsigned long long)"
22279534,22302415,"k_gemv_fp16(__half *, const __half *, const __half *, const __half *, int, int)"
22302447,22303247,"k_add(__half *, const __half *, unsigned long long)"
22303279,22306127,"k_layernorm(__half *, const __half *, const __half *, const __half *, int, int)"
22306192,22322353,"k_gemv_fp16(__half *, const __half *, const __half *, const __half *, int, int)"
22322385,22323281,"k_kv_append(__half *, __half *, const __half *, int, int)"
22323313,22381717,"k_attn_decode(__half *, const __half *, const __half *, const __half *, int, int)"
22381781,22389109,"k_gemv_fp16(__half *, const __half *, const __half *, const __half *, int, int)"
22389173,22389941,"k_add(__half *, const __half *, unsigned long long)"
22389973,22392854,"k_layernorm(__half *, const __half *, const __half *, const __half *, int, int)"
22392885,22413655,"k_gemv_fp16(__half *, const __half *, const __half *, const __half *, int, int)"
22413687,22414519,"k_gelu(__half *, unsigned long long)"
22414551,22437305,"k_gemv_fp16(__half *, const __half *, const __half *, const __half *, int, int)"
22437369,22438137,"k_add(__half *, const __half *, unsigned long long)"
22438201,22441049,"k_layernorm(__half *, const __half *, const __half *, const __half *, int, int)"
22441113,22457274,"k_gemv_fp16(__half *, const __half *, const __half *, const __half *, int, int)"
22457306,22458170,"k_kv_append(__half *, __half *, const __half *, int, int)"
22458970,22517790,"k_attn_decode(__half *, const __half *, const __half *, const __half *, int, int)"
22517822,22525119,"k_gemv_fp16(__half *, const __half *, const __half *, const __half *, int, int)"
22525183,22525951,"k_add(__half *, const __half *, unsigned long long)"
22525983,22528863,"k_layernorm(__half *, const __half *, const __half *, const __half *, int, int)"
22528895,22549793,"k_gemv_fp16(__half *, const __half *, const __half *, const __half *, int, int)"
22549824,22550657,"k_gelu(__half *, unsigned long long)"
22550689,22573730,"k_gemv_fp16(__half *, const __half *, const __half *, const __half *, int, int)"
22573762,22574530,"k_add(__half *, const __half *, unsigned long long)"
22574594,22577474,"k_layernorm(__half *, const __half *, const __half *, const __half *, int, int)"
22577507,22593796,"k_gemv_fp16(__half *, const __half *, const __half *, const __half *, int, int)"
22593828,22594724,"k_kv_append(__half *, __half *, const __half *, int, int)"
22594756,22653352,"k_attn_decode(__half *, const __half *, const __half *, const __half *, int, int)"
22653384,22660616,"k_gemv_fp16(__half *, const __half *, const __half *, const __half *, int, int)"
22660648,22661417,"k_add(__half *, const __half *, unsigned long long)"
22661480,22664361,"k_layernorm(__half *, const __half *, const __half *, const __half *, int, int)"
22664393,22685162,"k_gemv_fp16(__half *, const __half *, const __half *, const __half *, int, int)"
22685834,22686666,"k_gelu(__half *, unsigned long long)"
22686730,22709676,"k_gemv_fp16(__half *, const __half *, const __half *, const __half *, int, int)"
22709708,22710476,"k_add(__half *, const __half *, unsigned long long)"
22710540,22713420,"k_layernorm(__half *, const __half *, const __half *, const __half *, int, int)"
22713452,22729549,"k_gemv_fp16(__half *, const __half *, const __half *, const __half *, int, int)"
22729581,22730445,"k_kv_append(__half *, __half *, const __half *, int, int)"
22730509,22789009,"k_attn_decode(__half *, const __half *, const __half *, const __half *, int, int)"
22789041,22796370,"k_gemv_fp16(__half *, const __half *, const __half *, const __half *, int, int)"
22796402,22797170,"k_add(__half *, const __half *, unsigned long long)"
22797202,22800050,"k_layernorm(__half *, const __half *, const __half *, const __half *, int, int)"
22800114,22820852,"k_gemv_fp16(__half *, const __half *, const __half *, const __half *, int, int)"
22820884,22821716,"k_gelu(__half *, unsigned long long)"
22821748,22844469,"k_gemv_fp16(__half *, const __half *, const __half *, const __half *, int, int)"
22844501,22845301,"k_add(__half *, const __half *, unsigned long long)"
22845333,22848182,"k_layernorm(__half *, const __half *, const __half *, const __half *, int, int)"
22848213,22864375,"k_gemv_fp16(__half *, const __half *, const __half *, const __half *, int, int)"
22865303,22866199,"k_kv_append(__half *, __half *, const __half *, int, int)"
22866231,22925499,"k_attn_decode(__half *, const __half *, const __half *, const __half *, int, int)"
22925531,22932795,"k_gemv_fp16(__half *, const __half *, const __half *, const __half *, int, int)"
22932859,22933628,"k_add(__half *, const __half *, unsigned long long)"
22933659,22936540,"k_layernorm(__half *, const __half *, const __half *, const __half *, int, int)"
22936572,22957501,"k_gemv_fp16(__half *, const __half *, const __half *, const __half *, int, int)"
22957533,22958365,"k_gelu(__half *, unsigned long long)"
22958429,22981215,"k_gemv_fp16(__half *, const __half *, const __half *, const __half *, int, int)"
22981247,22982047,"k_add(__half *, const __half *, unsigned long long)"
22982079,22984959,"k_layernorm(__half *, const __half *, const __half *, const __half *, int, int)"
22984991,23001280,"k_gemv_fp16(__half *, const __half *, const __half *, const __half *, int, int)"
23001312,23002208,"k_kv_append(__half *, __half *, const __half *, int, int)"
23002240,23060932,"k_attn_decode(__half *, const __half *, const __half *, const __half *, int, int)"
23060997,23068229,"k_gemv_fp16(__half *, const __half *, const __half *, const __half *, int, int)"
23068261,23069061,"k_add(__half *, const __half *, unsigned long long)"
23069093,23071941,"k_layernorm(__half *, const __half *, const __half *, const __half *, int, int)"
23072709,23093575,"k_gemv_fp16(__half *, const __half *, const __half *, const __half *, int, int)"
23093607,23094439,"k_gelu(__half *, unsigned long long)"
23094471,23117352,"k_gemv_fp16(__half *, const __half *, const __half *, const __half *, int, int)"
23117384,23118184,"k_add(__half *, const __half *, unsigned long long)"
23118216,23121129,"k_layernorm(__half *, const __half *, const __half *, const __half *, int, int)"
23121161,23137706,"k_gemv_fp16(__half *, const __half *, const __half *, const __half *, int, int)"
23137738,23138634,"k_kv_append(__half *, __half *, const __half *, int, int)"
23138666,23197326,"k_attn_decode(__half *, const __half *, const __half *, const __half *, int, int)"
23197358,23204590,"k_gemv_fp16(__half *, const __half *, const __half *, const __half *, int, int)"
23204623,23205423,"k_add(__half *, const __half *, unsigned long long)"
23205454,23208367,"k_layernorm(__half *, const __half *, const __half *, const __half *, int, int)"
23208399,23229200,"k_gemv_fp16(__half *, const __half *, const __half *, const __half *, int, int)"
23229232,23230064,"k_gelu(__half *, unsigned long long)"
23230096,23253042,"k_gemv_fp16(__half *, const __half *, const __half *, const __half *, int, int)"
23253074,23253874,"k_add(__half *, const __half *, unsigned long long)"
23253906,23256818,"k_layernorm(__half *, const __half *, const __half *, const __half *, int, int)"
23257618,23273811,"k_gemv_fp16(__half *, const __half *, const __half *, const __half *, int, int)"
23273843,23274739,"k_kv_append(__half *, __half *, const __half *, int, int)"
23274771,23333720,"k_attn_decode(__half *, const __half *, const __half *, const __half *, int, int)"
23333783,23341208,"k_gemv_fp16(__half *, const __half *, const __half *, const __half *, int, int)"
23341240,23342008,"k_add(__half *, const __half *, unsigned long long)"
23342072,23344952,"k_layernorm(__half *, const __half *, const __half *, const __half *, int, int)"
23344984,23365690,"k_gemv_fp16(__half *, const __half *, const __half *, const __half *, int, int)"
23365722,23366554,"k_gelu(__half *, unsigned long long)"
23366586,23389372,"k_gemv_fp16(__half *, const __half *, const __half *, const __half *, int, int)"
23389403,23390203,"k_add(__half *, const __half *, unsigned long long)"
23390236,23393084,"k_layernorm(__half *, const __half *, const __half *, const __half *, int, int)"
23393116,23409213,"k_gemv_fp16(__half *, const __half *, const __half *, const __half *, int, int)"
23409245,23410141,"k_kv_append(__half *, __half *, const __half *, int, int)"
23410173,23468257,"k_attn_decode(__half *, const __half *, const __half *, const __half *, int, int)"
23468289,23475682,"k_gemv_fp16(__half *, const __half *, const __half *, const __half *, int, int)"
23475714,23476514,"k_add(__half *, const __half *, unsigned long long)"
23477442,23480322,"k_layernorm(__half *, const __half *, const __half *, const __half *, int, int)"
23480354,23501123,"k_gemv_fp16(__half *, const __half *, const __half *, const __half *, int, int)"
23501187,23502019,"k_gelu(__half *, unsigned long long)"
23502051,23524773,"k_gemv_fp16(__half *, const __half *, const __half *, const __half *, int, int)"
23524837,23525605,"k_add(__half *, const __half *, unsigned long long)"
23525637,23528517,"k_layernorm(__half *, const __half *, const __half *, const __half *, int, int)"
23528549,23839995,"k_gemv_fp16(__half *, const __half *, const __half *, const __half *, int, int)"
23886110,23887038,"k_embed_one(__half *, const __half *, const __half *, int, int)"
23887070,23889951,"k_layernorm(__half *, const __half *, const __half *, const __half *, int, int)"
23889983,23906240,"k_gemv_fp16(__half *, const __half *, const __half *, const __half *, int, int)"
23906272,23907168,"k_kv_append(__half *, __half *, const __half *, int, int)"
23907200,23965188,"k_attn_decode(__half *, const __half *, const __half *, const __half *, int, int)"
23965220,23972515,"k_gemv_fp16(__half *, const __half *, const __half *, const __half *, int, int)"
23972516,23973316,"k_add(__half *, const __half *, unsigned long long)"
23973349,23976293,"k_layernorm(__half *, const __half *, const __half *, const __half *, int, int)"
23976325,23997222,"k_gemv_fp16(__half *, const __half *, const __half *, const __half *, int, int)"
23997254,23998086,"k_gelu(__half *, unsigned long long)"
23998118,24021000,"k_gemv_fp16(__half *, const __half *, const __half *, const __half *, int, int)"
24021032,24021832,"k_add(__half *, const __half *, unsigned long long)"
24021864,24024712,"k_layernorm(__half *, const __half *, const __half *, const __half *, int, int)"
24024776,24040969,"k_gemv_fp16(__half *, const __half *, const __half *, const __half *, int, int)"
24041001,24041897,"k_kv_append(__half *, __half *, const __half *, int, int)"
24041929,24100717,"k_attn_decode(__half *, const __half *, const __half *, const __half *, int, int)"
24101678,24108398,"k_gemv_fp16(__half *, const __half *, const __half *, const __half *, int, int)"
24108430,24109230,"k_add(__half *, const __half *, unsigned long long)"
24109262,24112142,"k_layernorm(__half *, const __half *, const __half *, const __half *, int, int)"
24112174,24133072,"k_gemv_fp16(__half *, const __half *, const __half *, const __half *, int, int)"
24133136,24133968,"k_gelu(__half *, unsigned long long)"
24134000,24157041,"k_gemv_fp16(__half *, const __half *, const __half *, const __half *, int, int)"
24157073,24157873,"k_add(__half *, const __half *, unsigned long long)"
24157905,24160914,"k_layernorm(__half *, const __half *, const __half *, const __half *, int, int)"
24160946,24177171,"k_gemv_fp16(__half *, const __half *, const __half *, const __half *, int, int)"
24177203,24178099,"k_kv_append(__half *, __half *, const __half *, int, int)"
24178131,24236535,"k_attn_decode(__half *, const __half *, const __half *, const __half *, int, int)"
24236567,24243895,"k_gemv_fp16(__half *, const __half *, const __half *, const __half *, int, int)"
24243927,24244727,"k_add(__half *, const __half *, unsigned long long)"
24244759,24247640,"k_layernorm(__half *, const __half *, const __half *, const __half *, int, int)"
24247672,24268537,"k_gemv_fp16(__half *, const __half *, const __half *, const __half *, int, int)"
24268569,24269401,"k_gelu(__half *, unsigned long long)"
24270329,24293243,"k_gemv_fp16(__half *, const __half *, const __half *, const __half *, int, int)"
24293275,24294043,"k_add(__half *, const __half *, unsigned long long)"
24294075,24296955,"k_layernorm(__half *, const __half *, const __half *, const __half *, int, int)"
24296987,24313148,"k_gemv_fp16(__half *, const __half *, const __half *, const __half *, int, int)"
24313180,24314044,"k_kv_append(__half *, __half *, const __half *, int, int)"
24314108,24372608,"k_attn_decode(__half *, const __half *, const __half *, const __half *, int, int)"
24372673,24379969,"k_gemv_fp16(__half *, const __half *, const __half *, const __half *, int, int)"
24380001,24380801,"k_add(__half *, const __half *, unsigned long long)"
24380833,24383713,"k_layernorm(__half *, const __half *, const __half *, const __half *, int, int)"
24383745,24404483,"k_gemv_fp16(__half *, const __half *, const __half *, const __half *, int, int)"
24404547,24405379,"k_gelu(__half *, unsigned long long)"
24405411,24428132,"k_gemv_fp16(__half *, const __half *, const __half *, const __half *, int, int)"
24428196,24428964,"k_add(__half *, const __half *, unsigned long long)"
24428996,24431909,"k_layernorm(__half *, const __half *, const __half *, const __half *, int, int)"
24431941,24448070,"k_gemv_fp16(__half *, const __half *, const __half *, const __half *, int, int)"
24448102,24448966,"k_kv_append(__half *, __half *, const __half *, int, int)"
24449670,24508362,"k_attn_decode(__half *, const __half *, const __half *, const __half *, int, int)"
24508394,24515754,"k_gemv_fp16(__half *, const __half *, const __half *, const __half *, int, int)"
24515787,24516586,"k_add(__half *, const __half *, unsigned long long)"
24516618,24519499,"k_layernorm(__half *, const __half *, const __half *, const __half *, int, int)"
24519531,24540396,"k_gemv_fp16(__half *, const __half *, const __half *, const __half *, int, int)"
24540428,24541260,"k_gelu(__half *, unsigned long long)"
24541324,24564110,"k_gemv_fp16(__half *, const __half *, const __half *, const __half *, int, int)"
24564142,24564910,"k_add(__half *, const __half *, unsigned long long)"
24564974,24567886,"k_layernorm(__half *, const __half *, const __half *, const __half *, int, int)"
24567918,24583951,"k_gemv_fp16(__half *, const __half *, const __half *, const __half *, int, int)"
24583983,24584847,"k_kv_append(__half *, __half *, const __half *, int, int)"
24584911,24643187,"k_attn_decode(__half *, const __half *, const __half *, const __half *, int, int)"
24643219,24650484,"k_gemv_fp16(__half *, const __half *, const __half *, const __half *, int, int)"
24650516,24651284,"k_add(__half *, const __half *, unsigned long long)"
24651348,24654292,"k_layernorm(__half *, const __half *, const __half *, const __half *, int, int)"
24654324,24675062,"k_gemv_fp16(__half *, const __half *, const __half *, const __half *, int, int)"
24675798,24676630,"k_gelu(__half *, unsigned long long)"
24676662,24699639,"k_gemv_fp16(__half *, const __half *, const __half *, const __half *, int, int)"
24699671,24700440,"k_add(__half *, const __half *, unsigned long long)"
24700503,24703384,"k_layernorm(__half *, const __half *, const __half *, const __half *, int, int)"
24703416,24719577,"k_gemv_fp16(__half *, const __half *, const __half *, const __half *, int, int)"
24719609,24720473,"k_kv_append(__half *, __half *, const __half *, int, int)"
24720537,24779517,"k_attn_decode(__half *, const __half *, const __half *, const __half *, int, int)"
24779581,24786877,"k_gemv_fp16(__half *, const __half *, const __half *, const __half *, int, int)"
24786909,24787710,"k_add(__half *, const __half *, unsigned long long)"
24787742,24790622,"k_layernorm(__half *, const __half *, const __half *, const __half *, int, int)"
24790654,24811391,"k_gemv_fp16(__half *, const __half *, const __half *, const __half *, int, int)"
24811455,24812255,"k_gelu(__half *, unsigned long long)"
24812319,24835105,"k_gemv_fp16(__half *, const __half *, const __half *, const __half *, int, int)"
24835137,24835905,"k_add(__half *, const __half *, unsigned long long)"
24835969,24838881,"k_layernorm(__half *, const __half *, const __half *, const __half *, int, int)"
24838913,24855010,"k_gemv_fp16(__half *, const __half *, const __half *, const __half *, int, int)"
24855874,24856770,"k_kv_append(__half *, __half *, const __half *, int, int)"
24856802,24915750,"k_attn_decode(__half *, const __half *, const __half *, const __half *, int, int)"
24915783,24923047,"k_gemv_fp16(__half *, const __half *, const __half *, const __half *, int, int)"
24923111,24923879,"k_add(__half *, const __half *, unsigned long long)"
24923911,24926759,"k_layernorm(__half *, const __half *, const __half *, const __half *, int, int)"
24926823,24947657,"k_gemv_fp16(__half *, const __half *, const __half *, const __half *, int, int)"
24947721,24948553,"k_gelu(__half *, unsigned long long)"
24948585,24971562,"k_gemv_fp16(__half *, const __half *, const __half *, const __half *, int, int)"
24971594,24972395,"k_add(__half *, const __half *, unsigned long long)"
24972426,24975307,"k_layernorm(__half *, const __half *, const __half *, const __half *, int, int)"
24975371,24991724,"k_gemv_fp16(__half *, const __half *, const __half *, const __half *, int, int)"
24991756,24992652,"k_kv_append(__half *, __half *, const __half *, int, int)"
24992684,25051216,"k_attn_decode(__half *, const __half *, const __half *, const __half *, int, int)"
25051248,25058545,"k_gemv_fp16(__half *, const __half *, const __half *, const __half *, int, int)"
25058576,25059376,"k_add(__half *, const __half *, unsigned long long)"
25059409,25062257,"k_layernorm(__half *, const __half *, const __half *, const __half *, int, int)"
25062993,25083954,"k_gemv_fp16(__half *, const __half *, const __half *, const __half *, int, int)"
25084018,25084850,"k_gelu(__half *, unsigned long long)"
25084882,25107732,"k_gemv_fp16(__half *, const __half *, const __half *, const __half *, int, int)"
25107764,25108532,"k_add(__half *, const __half *, unsigned long long)"
25108596,25111476,"k_layernorm(__half *, const __half *, const __half *, const __half *, int, int)"
25111508,25127797,"k_gemv_fp16(__half *, const __half *, const __half *, const __half *, int, int)"
25127829,25128693,"k_kv_append(__half *, __half *, const __half *, int, int)"
25128725,25187322,"k_attn_decode(__half *, const __half *, const __half *, const __half *, int, int)"
25187353,25194618,"k_gemv_fp16(__half *, const __half *, const __half *, const __half *, int, int)"
25194650,25195418,"k_add(__half *, const __half *, unsigned long long)"
25195482,25198330,"k_layernorm(__half *, const __half *, const __half *, const __half *, int, int)"
25198362,25219164,"k_gemv_fp16(__half *, const __half *, const __half *, const __half *, int, int)"
25219196,25220028,"k_gelu(__half *, unsigned long long)"
25220060,25242845,"k_gemv_fp16(__half *, const __half *, const __half *, const __half *, int, int)"
25242909,25243677,"k_add(__half *, const __half *, unsigned long long)"
25243710,25246590,"k_layernorm(__half *, const __half *, const __half *, const __half *, int, int)"
25247326,25263487,"k_gemv_fp16(__half *, const __half *, const __half *, const __half *, int, int)"
25263519,25264383,"k_kv_append(__half *, __half *, const __half *, int, int)"
25264415,25322691,"k_attn_decode(__half *, const __half *, const __half *, const __half *, int, int)"
25322723,25330180,"k_gemv_fp16(__half *, const __half *, const __half *, const __half *, int, int)"
25330212,25330980,"k_add(__half *, const __half *, unsigned long long)"
25331012,25333924,"k_layernorm(__half *, const __half *, const __half *, const __half *, int, int)"
25333956,25354693,"k_gemv_fp16(__half *, const __half *, const __half *, const __half *, int, int)"
25354725,25355557,"k_gelu(__half *, unsigned long long)"
25355589,25378343,"k_gemv_fp16(__half *, const __half *, const __half *, const __half *, int, int)"
25378375,25379175,"k_add(__half *, const __half *, unsigned long long)"
25379207,25382055,"k_layernorm(__half *, const __half *, const __half *, const __half *, int, int)"
25382087,25398248,"k_gemv_fp16(__half *, const __half *, const __half *, const __half *, int, int)"
25398280,25399144,"k_kv_append(__half *, __half *, const __half *, int, int)"
25399208,25457325,"k_attn_decode(__half *, const __half *, const __half *, const __half *, int, int)"
25457357,25464653,"k_gemv_fp16(__half *, const __half *, const __half *, const __half *, int, int)"
25464685,25465485,"k_add(__half *, const __half *, unsigned long long)"
25466349,25469261,"k_layernorm(__half *, const __half *, const __half *, const __half *, int, int)"
25469325,25490063,"k_gemv_fp16(__half *, const __half *, const __half *, const __half *, int, int)"
25490095,25490927,"k_gelu(__half *, unsigned long long)"
25490991,25513937,"k_gemv_fp16(__half *, const __half *, const __half *, const __half *, int, int)"
25513968,25514768,"k_add(__half *, const __half *, unsigned long long)"
25514801,25517713,"k_layernorm(__half *, const __half *, const __half *, const __half *, int, int)"
25517745,25829287,"k_gemv_fp16(__half *, const __half *, const __half *, const __half *, int, int)"
25891339,25892299,"k_embed_one(__half *, const __half *, const __half *, int, int)"
25892331,25895243,"k_layernorm(__half *, const __half *, const __half *, const __half *, int, int)"
25895275,25911500,"k_gemv_fp16(__half *, const __half *, const __half *, const __half *, int, int)"
25911532,25912397,"k_kv_append(__half *, __half *, const __half *, int, int)"
25912428,25970768,"k_attn_decode(__half *, const __half *, const __half *, const __half *, int, int)"
25970801,25978161,"k_gemv_fp16(__half *, const __half *, const __half *, const __half *, int, int)"
25978193,25978993,"k_add(__half *, const __half *, unsigned long long)"
25979025,25981905,"k_layernorm(__half *, const __half *, const __half *, const __half *, int, int)"
25981937,26002771,"k_gemv_fp16(__half *, const __half *, const __half *, const __half *, int, int)"
26002803,26003635,"k_gelu(__half *, unsigned long long)"
26003667,26026549,"k_gemv_fp16(__half *, const __half *, const __half *, const __half *, int, int)"
26026580,26027380,"k_add(__half *, const __half *, unsigned long long)"
26027413,26030261,"k_layernorm(__half *, const __half *, const __half *, const __half *, int, int)"
26030293,26046486,"k_gemv_fp16(__half *, const __half *, const __half *, const __half *, int, int)"
26046518,26047382,"k_kv_append(__half *, __half *, const __half *, int, int)"
26047446,26106330,"k_attn_decode(__half *, const __half *, const __half *, const __half *, int, int)"
26107002,26113786,"k_gemv_fp16(__half *, const __half *, const __half *, const __half *, int, int)"
26113819,26114619,"k_add(__half *, const __half *, unsigned long long)"
26114651,26117563,"k_layernorm(__half *, const __half *, const __half *, const __half *, int, int)"
26117595,26138524,"k_gemv_fp16(__half *, const __half *, const __half *, const __half *, int, int)"
26138556,26139388,"k_gelu(__half *, unsigned long long)"
26139420,26162526,"k_gemv_fp16(__half *, const __half *, const __half *, const __half *, int, int)"
26162558,26163358,"k_add(__half *, const __half *, unsigned long long)"
26163390,26166270,"k_layernorm(__half *, const __half *, const __half *, const __half *, int, int)"
26166302,26182494,"k_gemv_fp16(__half *, const __half *, const __half *, const __half *, int, int)"
26182495,26183392,"k_kv_append(__half *, __half *, const __half *, int, int)"
26183423,26242211,"k_attn_decode(__half *, const __half *, const __half *, const __half *, int, int)"
26242244,26249508,"k_gemv_fp16(__half *, const __half *, const __half *, const __half *, int, int)"
26249540,26250340,"k_add(__half *, const __half *, unsigned long long)"
26250372,26253220,"k_layernorm(__half *, const __half *, const __half *, const __half *, int, int)"
26253284,26274086,"k_gemv_fp16(__half *, const __half *, const __half *, const __half *, int, int)"
26274118,26274950,"k_gelu(__half *, unsigned long long)"
26275878,26298727,"k_gemv_fp16(__half *, const __half *, const __half *, const __half *, int, int)"
26298791,26299560,"k_add(__half *, const __half *, unsigned long long)"
26299591,26302472,"k_layernorm(__half *, const __half *, const __half *, const __half *, int, int)"
26302504,26318761,"k_gemv_fp16(__half *, const __half *, const __half *, const __half *, int, int)"
26318793,26319689,"k_kv_append(__half *, __half *, const __half *, int, int)"
26319721,26378189,"k_attn_decode(__half *, const __half *, const __half *, const __half *, int, int)"
26378221,26385550,"k_gemv_fp16(__half *, const __half *, const __half *, const __half *, int, int)"
26385614,26386382,"k_add(__half *, const __half *, unsigned long long)"
26386446,26389390,"k_layernorm(__half *, const __half *, const __half *, const __half *, int, int)"
26389422,26410223,"k_gemv_fp16(__half *, const __half *, const __half *, const __half *, int, int)"
26410255,26411088,"k_gelu(__half *, unsigned long long)"
26411119,26433873,"k_gemv_fp16(__half *, const __half *, const __half *, const __half *, int, int)"
26433937,26434705,"k_add(__half *, const __half *, unsigned long long)"
26434737,26437649,"k_layernorm(__half *, const __half *, const __half *, const __half *, int, int)"
26437681,26453874,"k_gemv_fp16(__half *, const __half *, const __half *, const __half *, int, int)"
26453906,26454770,"k_kv_append(__half *, __half *, const __half *, int, int)"
26455538,26514359,"k_attn_decode(__half *, const __half *, const __half *, const __half *, int, int)"
26514391,26521687,"k_gemv_fp16(__half *, const __half *, const __half *, const __half *, int, int)"
26521751,26522519,"k_add(__half *, const __half *, unsigned long long)"
26522551,26525431,"k_layernorm(__half *, const __half *, const __half *, const __half *, int, int)"
26525463,26546329,"k_gemv_fp16(__half *, const __half *, const __half *, const __half *, int, int)"
26546361,26547193,"k_gelu(__half *, unsigned long long)"
26547225,26570075,"k_gemv_fp16(__half *, const __half *, const __half *, const __half *, int, int)"
26570107,26570875,"k_add(__half *, const __half *, unsigned long long)"
26570907,26573787,"k_layernorm(__half *, const __half *, const __half *, const __half *, int, int)"
26573819,26590012,"k_gemv_fp16(__half *, const __half *, const __half *, const __half *, int, int)"
26590044,26590908,"k_kv_append(__half *, __half *, const __half *, int, int)"
26590940,26649216,"k_attn_decode(__half *, const __half *, const __half *, const __half *, int, int)"
26649248,26656481,"k_gemv_fp16(__half *, const __half *, const __half *, const __half *, int, int)"
26656513,26657313,"k_add(__half *, const __half *, unsigned long long)"
26657345,26660225,"k_layernorm(__half *, const __half *, const __half *, const __half *, int, int)"
26660257,26681026,"k_gemv_fp16(__half *, const __half *, const __half *, const __half *, int, int)"
26681890,26682722,"k_gelu(__half *, unsigned long long)"
26682754,26705700,"k_gemv_fp16(__half *, const __half *, const __half *, const __half *, int, int)"
26705764,26706532,"k_add(__half *, const __half *, unsigned long long)"
26706564,26709444,"k_layernorm(__half *, const __half *, const __half *, const __half *, int, int)"
26709508,26725638,"k_gemv_fp16(__half *, const __half *, const __half *, const __half *, int, int)"
26725669,26726533,"k_kv_append(__half *, __half *, const __half *, int, int)"
26726598,26785290,"k_attn_decode(__half *, const __half *, const __half *, const __half *, int, int)"
26785322,26792682,"k_gemv_fp16(__half *, const __half *, const __half *, const __half *, int, int)"
26792714,26793514,"k_add(__half *, const __half *, unsigned long long)"
26793546,26796426,"k_layernorm(__half *, const __half *, const __half *, const __half *, int, int)"
26796458,26817196,"k_gemv_fp16(__half *, const __half *, const __half *, const __half *, int, int)"
26817228,26818060,"k_gelu(__half *, unsigned long long)"
26818092,26840814,"k_gemv_fp16(__half *, const __half *, const __half *, const __half *, int, int)"
26840846,26841646,"k_add(__half *, const __half *, unsigned long long)"
26841678,26844558,"k_layernorm(__half *, const __half *, const __half *, const __half *, int, int)"
26844590,26860783,"k_gemv_fp16(__half *, const __half *, const __half *, const __half *, int, int)"
26861455,26862319,"k_kv_append(__half *, __half *, const __half *, int, int)"
26862383,26921075,"k_attn_decode(__half *, const __half *, const __half *, const __half *, int, int)"
26921107,26928404,"k_gemv_fp16(__half *, const __half *, const __half *, const __half *, int, int)"
26928436,26929236,"k_add(__half *, const __half *, unsigned long long)"
26929268,26932148,"k_layernorm(__half *, const __half *, const __half *, const __half *, int, int)"
26932180,26953109,"k_gemv_fp16(__half *, const __half *, const __half *, const __half *, int, int)"
26953141,26953973,"k_gelu(__half *, unsigned long long)"
26954038,26976791,"k_gemv_fp16(__half *, const __half *, const __half *, const __half *, int, int)"
26976823,26977591,"k_add(__half *, const __half *, unsigned long long)"
26977623,26980503,"k_layernorm(__half *, const __half *, const __half *, const __half *, int, int)"
26980567,26996696,"k_gemv_fp16(__half *, const __half *, const __half *, const __half *, int, int)"
26996729,26997624,"k_kv_append(__half *, __half *, const __half *, int, int)"
26997657,27055869,"k_attn_decode(__half *, const __half *, const __half *, const __half *, int, int)"
27055901,27063229,"k_gemv_fp16(__half *, const __half *, const __half *, const __half *, int, int)"
27063261,27064061,"k_add(__half *, const __half *, unsigned long long)"
27064093,27066909,"k_layernorm(__half *, const __half *, const __half *, const __half *, int, int)"
27067677,27088639,"k_gemv_fp16(__half *, const __half *, const __half *, const __half *, int, int)"
27088671,27089503,"k_gelu(__half *, unsigned long long)"
27089535,27112321,"k_gemv_fp16(__half *, const __half *, const __half *, const __half *, int, int)"
27112384,27113153,"k_add(__half *, const __half *, unsigned long long)"
27113185,27116065,"k_layernorm(__half *, const __half *, const __half *, const __half *, int, int)"
27116097,27132322,"k_gemv_fp16(__half *, const __half *, const __half *, const __half *, int, int)"
27132354,27133218,"k_kv_append(__half *, __half *, const __half *, int, int)"
27133282,27192678,"k_attn_decode(__half *, const __half *, const __half *, const __half *, int, int)"
27192742,27199975,"k_gemv_fp16(__half *, const __half *, const __half *, const __half *, int, int)"
27200007,27200807,"k_add(__half *, const __half *, unsigned long long)"
27200839,27203815,"k_layernorm(__half *, const __half *, const __half *, const __half *, int, int)"
27203847,27224648,"k_gemv_fp16(__half *, const __half *, const __half *, const __half *, int, int)"
27224681,27225512,"k_gelu(__half *, unsigned long long)"
27225545,27248266,"k_gemv_fp16(__half *, const __half *, const __half *, const __half *, int, int)"
27248298,27249098,"k_add(__half *, const __half *, unsigned long long)"
27249130,27251978,"k_layernorm(__half *, const __half *, const __half *, const __half *, int, int)"
27252746,27268875,"k_gemv_fp16(__half *, const __half *, const __half *, const __half *, int, int)"
27268908,27269804,"k_kv_append(__half *, __half *, const __half *, int, int)"
27269836,27328368,"k_attn_decode(__half *, const __half *, const __half *, const __half *, int, int)"
27328400,27335824,"k_gemv_fp16(__half *, const __half *, const __half *, const __half *, int, int)"
27335856,27336656,"k_add(__half *, const __half *, unsigned long long)"
27336688,27339568,"k_layernorm(__half *, const __half *, const __half *, const __half *, int, int)"
27339601,27360402,"k_gemv_fp16(__half *, const __half *, const __half *, const __half *, int, int)"
27360466,27361298,"k_gelu(__half *, unsigned long long)"
27361330,27384148,"k_gemv_fp16(__half *, const __half *, const __half *, const __half *, int, int)"
27384180,27384980,"k_add(__half *, const __half *, unsigned long long)"
27385012,27387924,"k_layernorm(__half *, const __half *, const __half *, const __half *, int, int)"
27387956,27404117,"k_gemv_fp16(__half *, const __half *, const __half *, const __half *, int, int)"
27404181,27405045,"k_kv_append(__half *, __half *, const __half *, int, int)"
27405109,27464505,"k_attn_decode(__half *, const __half *, const __half *, const __half *, int, int)"
27464537,27471866,"k_gemv_fp16(__half *, const __half *, const __half *, const __half *, int, int)"
27471930,27472698,"k_add(__half *, const __half *, unsigned long long)"
27473594,27476538,"k_layernorm(__half *, const __half *, const __half *, const __half *, int, int)"
27476570,27497308,"k_gemv_fp16(__half *, const __half *, const __half *, const __half *, int, int)"
27497340,27498172,"k_gelu(__half *, unsigned long long)"
27498236,27521021,"k_gemv_fp16(__half *, const __half *, const __half *, const __half *, int, int)"
27521053,27521821,"k_add(__half *, const __half *, unsigned long long)"
27521885,27524733,"k_layernorm(__half *, const __half *, const __half *, const __half *, int, int)"
27524798,27836371,"k_gemv_fp16(__half *, const __half *, const __half *, const __half *, int, int)"
27927034,27927962,"k_embed_one(__half *, const __half *, const __half *, int, int)"
27927994,27930874,"k_layernorm(__half *, const __half *, const __half *, const __half *, int, int)"
27930906,27947099,"k_gemv_fp16(__half *, const __half *, const __half *, const __half *, int, int)"
27947131,27947995,"k_kv_append(__half *, __half *, const __half *, int, int)"
27948059,28006463,"k_attn_decode(__half *, const __half *, const __half *, const __half *, int, int)"
28006495,28013792,"k_gemv_fp16(__half *, const __half *, const __half *, const __half *, int, int)"
28013824,28014624,"k_add(__half *, const __half *, unsigned long long)"
28014656,28017536,"k_layernorm(__half *, const __half *, const __half *, const __half *, int, int)"
28017568,28038370,"k_gemv_fp16(__half *, const __half *, const __half *, const __half *, int, int)"
28038401,28039265,"k_gelu(__half *, unsigned long long)"
28039298,28062211,"k_gemv_fp16(__half *, const __half *, const __half *, const __half *, int, int)"
28062243,28063043,"k_add(__half *, const __half *, unsigned long long)"
28063075,28065955,"k_layernorm(__half *, const __half *, const __half *, const __half *, int, int)"
28065988,28082245,"k_gemv_fp16(__half *, const __half *, const __half *, const __half *, int, int)"
28082277,28083173,"k_kv_append(__half *, __half *, const __half *, int, int)"
28083205,28141609,"k_attn_decode(__half *, const __half *, const __half *, const __half *, int, int)"
28142505,28149161,"k_gemv_fp16(__half *, const __half *, const __half *, const __half *, int, int)"
28149193,28149993,"k_add(__half *, const __half *, unsigned long long)"
28150025,28152905,"k_layernorm(__half *, const __half *, const __half *, const __half *, int, int)"
28152938,28173803,"k_gemv_fp16(__half *, const __half *, const __half *, const __half *, int, int)"
28173835,28174667,"k_gelu(__half *, unsigned long long)"
28174699,28197709,"k_gemv_fp16(__half *, const __half *, const __half *, const __half *, int, int)"
28197741,28198541,"k_add(__half *, const __half *, unsigned long long)"
28198573,28201485,"k_layernorm(__half *, const __half *, const __half *, const __half *, int, int)"
28201517,28217934,"k_gemv_fp16(__half *, const __half *, const __half *, const __half *, int, int)"
28217966,28218862,"k_kv_append(__half *, __half *, const __half *, int, int)"
28218894,28277618,"k_attn_decode(__half *, const __half *, const __half *, const __half *, int, int)"
28277650,28285139,"k_gemv_fp16(__half *, const __half *, const __half *, const __half *, int, int)"
28285171,28285939,"k_add(__half *, const __half *, unsigned long long)"
28285971,28288851,"k_layernorm(__half *, const __half *, const __half *, const __half *, int, int)"
28288883,28309781,"k_gemv_fp16(__half *, const __half *, const __half *, const __half *, int, int)"
28309813,28310645,"k_gelu(__half *, unsigned long long)"
28311349,28334294,"k_gemv_fp16(__half *, const __half *, const __half *, const __half *, int, int)"
28334326,28335094,"k_add(__half *, const __half *, unsigned long long)"
28335126,28338006,"k_layernorm(__half *, const __half *, const __half *, const __half *, int, int)"
28338039,28354232,"k_gemv_fp16(__half *, const __half *, const __half *, const __half *, int, int)"
28354264,28355128,"k_kv_append(__half *, __half *, const __half *, int, int)"
28355192,28414076,"k_attn_decode(__half *, const __half *, const __half *, const __half *, int, int)"
28414108,28421532,"k_gemv_fp16(__half *, const __half *, const __half *, const __half *, int, int)"
28421564,28422365,"k_add(__half *, const __half *, unsigned long long)"
28422396,28425277,"k_layernorm(__half *, const __half *, const __half *, const __half *, int, int)"
28425309,28446046,"k_gemv_fp16(__half *, const __half *, const __half *, const __half *, int, int)"
28446078,28446910,"k_gelu(__half *, unsigned long long)"
28446942,28469792,"k_gemv_fp16(__half *, const __half *, const __half *, const __half *, int, int)"
28469824,28470592,"k_add(__half *, const __half *, unsigned long long)"
28470656,28473696,"k_layernorm(__half *, const __half *, const __half *, const __half *, int, int)"
28473728,28489952,"k_gemv_fp16(__half *, const __half *, const __half *, const __half *, int, int)"
28489953,28490849,"k_kv_append(__half *, __half *, const __half *, int, int)"
28491553,28550213,"k_attn_decode(__half *, const __half *, const __half *, const __half *, int, int)"
28550245,28557510,"k_gemv_fp16(__half *, const __half *, const __half *, const __half *, int, int)"
28557542,28558342,"k_add(__half *, const __half *, unsigned long long)"
28558374,28561222,"k_layernorm(__half *, const __half *, const __half *, const __half *, int, int)"
28561286,28582120,"k_gemv_fp16(__half *, const __half *, const __half *, const __half *, int, int)"
28582184,28583016,"k_gelu(__half *, unsigned long long)"
28583048,28605833,"k_gemv_fp16(__half *, const __half *, const __half *, const __half *, int, int)"
28605865,28606665,"k_add(__half *, const __half *, unsigned long long)"
28606697,28609578,"k_layernorm(__half *, const __half *, const __half *, const __half *, int, int)"
28609610,28625739,"k_gemv_fp16(__half *, const __half *, const __half *, const __half *, int, int)"
28625803,28626667,"k_kv_append(__half *, __half *, const __half *, int, int)"
28626699,28684751,"k_attn_decode(__half *, const __half *, const __half *, const __half *, int, int)"
28684783,28692047,"k_gemv_fp16(__half *, const __half *, const __half *, const __half *, int, int)"
28692111,28692879,"k_add(__half *, const __half *, unsigned long long)"
28692911,28695760,"k_layernorm(__half *, const __half *, const __half *, const __half *, int, int)"
28695824,28716657,"k_gemv_fp16(__half *, const __half *, const __half *, const __half *, int, int)"
28717361,28718193,"k_gelu(__half *, unsigned long long)"
28718225,28741235,"k_gemv_fp16(__half *, const __half *, const __half *, const __half *, int, int)"
28741267,28742067,"k_add(__half *, const __half *, unsigned long long)"
28742099,28744979,"k_layernorm(__half *, const __half *, const __half *, const __half *, int, int)"
28745043,28761204,"k_gemv_fp16(__half *, const __half *, const __half *, const __half *, int, int)"
28761236,28762100,"k_kv_append(__half *, __half *, const __half *, int, int)"
28762164,28820504,"k_attn_decode(__half *, const __half *, const __half *, const __half *, int, int)"
28820568,28827801,"k_gemv_fp16(__half *, const __half *, const __half *, const __half *, int, int)"
28827865,28828633,"k_add(__half *, const __half *, unsigned long long)"
28828665,28831545,"k_layernorm(__half *, const __half *, const __half *, const __half *, int, int)"
28831577,28852379,"k_gemv_fp16(__half *, const __half *, const __half *, const __half *, int, int)"
28852443,28853275,"k_gelu(__half *, unsigned long long)"
28853307,28876092,"k_gemv_fp16(__half *, const __half *, const __half *, const __half *, int, int)"
28876156,28876924,"k_add(__half *, const __half *, unsigned long long)"
28876988,28879837,"k_layernorm(__half *, const __half *, const __half *, const __half *, int, int)"
28879869,28895998,"k_gemv_fp16(__half *, const __half *, const __half *, const __half *, int, int)"
28896862,28897726,"k_kv_append(__half *, __half *, const __half *, int, int)"
28897790,28956610,"k_attn_decode(__half *, const __half *, const __half *, const __half *, int, int)"
28956674,28963874,"k_gemv_fp16(__half *, const __half *, const __half *, const __half *, int, int)"
28963939,28964707,"k_add(__half *, const __half *, unsigned long long)"
28964738,28967587,"k_layernorm(__half *, const __half *, const __half *, const __half *, int, int)"
28967651,28988580,"k_gemv_fp16(__half *, const __half *, const __half *, const __half *, int, int)"
28988644,28989444,"k_gelu(__half *, unsigned long long)"
28989508,29012230,"k_gemv_fp16(__half *, const __half *, const __half *, const __half *, int, int)"
29012262,29013062,"k_add(__half *, const __half *, unsigned long long)"
29013094,29015942,"k_layernorm(__half *, const __half *, const __half *, const __half *, int, int)"
29016006,29032295,"k_gemv_fp16(__half *, const __half *, const __half *, const __half *, int, int)"
29032327,29033223,"k_kv_append(__half *, __half *, const __half *, int, int)"
29033255,29091820,"k_attn_decode(__half *, const __half *, const __half *, const __half *, int, int)"
29091851,29099116,"k_gemv_fp16(__half *, const __half *, const __half *, const __half *, int, int)"
29099148,29099916,"k_add(__half *, const __half *, unsigned long long)"
29099948,29102796,"k_layernorm(__half *, const __half *, const __half *, const __half *, int, int)"
29103532,29124366,"k_gemv_fp16(__half *, const __half *, const __half *, const __half *, int, int)"
29124398,29125230,"k_gelu(__half *, unsigned long long)"
29125262,29148111,"k_gemv_fp16(__half *, const __half *, const __half *, const __half *, int, int)"
29148175,29148944,"k_add(__half *, const __half *, unsigned long long)"
29148975,29151888,"k_layernorm(__half *, const __half *, const __half *, const __half *, int, int)"
29151920,29168049,"k_gemv_fp16(__half *, const __half *, const __half *, const __half *, int, int)"
29168081,29168977,"k_kv_append(__half *, __half *, const __half *, int, int)"
29169009,29227797,"k_attn_decode(__half *, const __half *, const __half *, const __half *, int, int)"
29227829,29235061,"k_gemv_fp16(__half *, const __half *, const __half *, const __half *, int, int)"
29235125,29235894,"k_add(__half *, const __half *, unsigned long long)"
29235925,29238870,"k_layernorm(__half *, const __half *, const __half *, const __half *, int, int)"
29238902,29259703,"k_gemv_fp16(__half *, const __half *, const __half *, const __half *, int, int)"
29259735,29260599,"k_gelu(__half *, unsigned long long)"
29260631,29283385,"k_gemv_fp16(__half *, const __half *, const __half *, const __half *, int, int)"
29283417,29284217,"k_add(__half *, const __half *, unsigned long long)"
29284249,29287129,"k_layernorm(__half *, const __half *, const __half *, const __half *, int, int)"
29288121,29304378,"k_gemv_fp16(__half *, const __half *, const __half *, const __half *, int, int)"
29304410,29305274,"k_kv_append(__half *, __half *, const __half *, int, int)"
29305306,29363935,"k_attn_decode(__half *, const __half *, const __half *, const __half *, int, int)"
29363966,29371455,"k_gemv_fp16(__half *, const __half *, const __half *, const __half *, int, int)"
29371487,29372287,"k_add(__half *, const __half *, unsigned long long)"
29372319,29375199,"k_layernorm(__half *, const __half *, const __half *, const __half *, int, int)"
29375231,29396001,"k_gemv_fp16(__half *, const __half *, const __half *, const __half *, int, int)"
29396033,29396865,"k_gelu(__half *, unsigned long long)"
29396897,29419682,"k_gemv_fp16(__half *, const __half *, const __half *, const __half *, int, int)"
29419714,29420482,"k_add(__half *, const __half *, unsigned long long)"
29420547,29423459,"k_layernorm(__half *, const __half *, const __half *, const __half *, int, int)"
29423491,29439780,"k_gemv_fp16(__half *, const __half *, const __half *, const __half *, int, int)"
29439844,29440708,"k_kv_append(__half *, __half *, const __half *, int, int)"
29440740,29499208,"k_attn_decode(__half *, const __half *, const __half *, const __half *, int, int)"
29499240,29506568,"k_gemv_fp16(__half *, const __half *, const __half *, const __half *, int, int)"
29506601,29507369,"k_add(__half *, const __half *, unsigned long long)"
29508105,29510953,"k_layernorm(__half *, const __half *, const __half *, const __half *, int, int)"
29511017,29531754,"k_gemv_fp16(__half *, const __half *, const __half *, const __half *, int, int)"
29531786,29532618,"k_gelu(__half *, unsigned long long)"
29532650,29555532,"k_gemv_fp16(__half *, const __half *, const __half *, const __half *, int, int)"
29555564,29556332,"k_add(__half *, const __half *, unsigned long long)"
29556396,29559372,"k_layernorm(__half *, const __half *, const __half *, const __half *, int, int)"
29559436,29871042,"k_gemv_fp16(__half *, const __half *, const __half *, const __half *, int, int)"
29939111,29940071,"k_embed_one(__half *, const __half *, const __half *, int, int)"
29940103,29942983,"k_layernorm(__half *, const __half *, const __half *, const __half *, int, int)"
29943015,29959303,"k_gemv_fp16(__half *, const __half *, const __half *, const __half *, int, int)"
29959304,29960200,"k_kv_append(__half *, __half *, const __half *, int, int)"
29960232,30018796,"k_attn_decode(__half *, const __half *, const __half *, const __half *, int, int)"
30018828,30026125,"k_gemv_fp16(__half *, const __half *, const __half *, const __half *, int, int)"
30026157,30026957,"k_add(__half *, const __half *, unsigned long long)"
30026989,30029933,"k_layernorm(__half *, const __half *, const __half *, const __half *, int, int)"
30029965,30050831,"k_gemv_fp16(__half *, const __half *, const __half *, const __half *, int, int)"
30050863,30051695,"k_gelu(__half *, unsigned long long)"
30051727,30074576,"k_gemv_fp16(__half *, const __half *, const __half *, const __half *, int, int)"
30074608,30075407,"k_add(__half *, const __half *, unsigned long long)"
30075408,30078353,"k_layernorm(__half *, const __half *, const __half *, const __half *, int, int)"
30078385,30094674,"k_gemv_fp16(__half *, const __half *, const __half *, const __half *, int, int)"
30094706,30095602,"k_kv_append(__half *, __half *, const __half *, int, int)"
30095634,30153910,"k_attn_decode(__half *, const __half *, const __half *, const __half *, int, int)"
30154838,30161558,"k_gemv_fp16(__half *, const __half *, const __half *, const __half *, int, int)"
30161590,30162391,"k_add(__half *, const __half *, unsigned long long)"
30162423,30165303,"k_layernorm(__half *, const __half *, const __half *, const __half *, int, int)"
30165335,30186264,"k_gemv_fp16(__half *, const __half *, const __half *, const __half *, int, int)"
30186296,30187160,"k_gelu(__half *, unsigned long long)"
30187192,30210266,"k_gemv_fp16(__half *, const __half *, const __half *, const __half *, int, int)"
30210298,30211066,"k_add(__half *, const __half *, unsigned long long)"
30211130,30213978,"k_layernorm(__half *, const __half *, const __half *, const __half *, int, int)"
30214010,30230235,"k_gemv_fp16(__half *, const __half *, const __half *, const __half *, int, int)"
30230299,30231163,"k_kv_append(__half *, __half *, const __half *, int, int)"
30231195,30289471,"k_attn_decode(__half *, const __half *, const __half *, const __half *, int, int)"
30289503,30296799,"k_gemv_fp16(__half *, const __half *, const __half *, const __half *, int, int)"
30296800,30297600,"k_add(__half *, const __half *, unsigned long long)"
30297632,30300512,"k_layernorm(__half *, const __half *, const __half *, const __half *, int, int)"
30300544,30321378,"k_gemv_fp16(__half *, const __half *, const __half *, const __half *, int, int)"
30321442,30322274,"k_gelu(__half *, unsigned long long)"
30322978,30345795,"k_gemv_fp16(__half *, const __half *, const __half *, const __half *, int, int)"
30345827,30346628,"k_add(__half *, const __half *, unsigned long long)"
30346659,30349508,"k_layernorm(__half *, const __half *, const __half *, const __half *, int, int)"
30349540,30365733,"k_gemv_fp16(__half *, const __half *, const __half *, const __half *, int, int)"
30365765,30366629,"k_kv_append(__half *, __half *, const __half *, int, int)"
30366693,30425129,"k_attn_decode(__half *, const __half *, const __half *, const __half *, int, int)"
30425193,30432585,"k_gemv_fp16(__half *, const __half *, const __half *, const __half *, int, int)"
30432618,30433418,"k_add(__half *, const __half *, unsigned long long)"
30433449,30436330,"k_layernorm(__half *, const __half *, const __half *, const __half *, int, int)"
30436362,30457195,"k_gemv_fp16(__half *, const __half *, const __half *, const __half *, int, int)"
30457227,30458059,"k_gelu(__half *, unsigned long long)"
30458091,30480877,"k_gemv_fp16(__half *, const __half *, const __half *, const __half *, int, int)"
30480909,30481677,"k_add(__half *, const __half *, unsigned long long)"
30481741,30484589,"k_layernorm(__half *, const __half *, const __half *, const __half *, int, int)"
30484621,30500814,"k_gemv_fp16(__half *, const __half *, const __half *, const __half *, int, int)"
30500846,30501742,"k_kv_append(__half *, __half *, const __half *, int, int)"
30502638,30561010,"k_attn_decode(__half *, const __half *, const __half *, const __half *, int, int)"
30561043,30568338,"k_gemv_fp16(__half *, const __half *, const __half *, const __half *, int, int)"
30568339,30569139,"k_add(__half *, const __half *, unsigned long long)"
30569171,30572051,"k_layernorm(__half *, const __half *, const __half *, const __half *, int, int)"
30572083,30592949,"k_gemv_fp16(__half *, const __half *, const __half *, const __half *, int, int)"
30592981,30593813,"k_gelu(__half *, unsigned long long)"
30593845,30616630,"k_gemv_fp16(__half *, const __half *, const __half *, const __half *, int, int)"
30616662,30617430,"k_add(__half *, const __half *, unsigned long long)"
30617463,30620343,"k_layernorm(__half *, const __half *, const __half *, const __half *, int, int)"
30620407,30636536,"k_gemv_fp16(__half *, const __half *, const __half *, const __half *, int, int)"
30636568,30637464,"k_kv_append(__half *, __half *, const __half *, int, int)"
30637496,30695868,"k_attn_decode(__half *, const __half *, const __half *, const __half *, int, int)"
30695900,30703164,"k_gemv_fp16(__half *, const __half *, const __half *, const __half *, int, int)"
30703196,30703996,"k_add(__half *, const __half *, unsigned long long)"
30704029,30706877,"k_layernorm(__half *, const __half *, const __half *, const __half *, int, int)"
30706941,30727838,"k_gemv_fp16(__half *, const __half *, const __half *, const __half *, int, int)"
30728798,30729630,"k_gelu(__half *, unsigned long long)"
30729694,30752768,"k_gemv_fp16(__half *, const __half *, const __half *, const __half *, int, int)"
30752800,30753600,"k_add(__half *, const __half *, unsigned long long)"
30753632,30756512,"k_layernorm(__half *, const __half *, const __half *, const __half *, int, int)"
30756544,30772737,"k_gemv_fp16(__half *, const __half *, const __half *, const __half *, int, int)"
30772769,30773633,"k_kv_append(__half *, __half *, const __half *, int, int)"
30773697,30832229,"k_attn_decode(__half *, const __half *, const __half *, const __half *, int, int)"
30832261,30839526,"k_gemv_fp16(__half *, const __half *, const __half *, const __half *, int, int)"
30839558,30840358,"k_add(__half *, const __half *, unsigned long long)"
30840390,30843270,"k_layernorm(__half *, const __half *, const __half *, const __half *, int, int)"
30843302,30864040,"k_gemv_fp16(__half *, const __half *, const __half *, const __half *, int, int)"
30864104,30864936,"k_gelu(__half *, unsigned long long)"
30864968,30887689,"k_gemv_fp16(__half *, const __half *, const __half *, const __half *, int, int)"
30887721,30888521,"k_add(__half *, const __half *, unsigned long long)"
30888553,30891402,"k_layernorm(__half *, const __half *, const __half *, const __half *, int, int)"
30891466,30907595,"k_gemv_fp16(__half *, const __half *, const __half *, const __half *, int, int)"
30908299,30909163,"k_kv_append(__half *, __half *, const __half *, int, int)"
30909227,30967951,"k_attn_decode(__half *, const __half *, const __half *, const __half *, int, int)"
30968015,30975280,"k_gemv_fp16(__half *, const __half *, const __half *, const __half *, int, int)"
30975312,30976080,"k_add(__half *, const __half *, unsigned long long)"
30976144,30979152,"k_layernorm(__half *, const __half *, const __half *, const __half *, int, int)"
30979184,31000049,"k_gemv_fp16(__half *, const __half *, const __half *, const __half *, int, int)"
31000081,31000945,"k_gelu(__half *, unsigned long long)"
31000977,31023699,"k_gemv_fp16(__half *, const __half *, const __half *, const __half *, int, int)"
31023763,31024531,"k_add(__half *, const __half *, unsigned long long)"
31024595,31027475,"k_layernorm(__half *, const __half *, const __half *, const __half *, int, int)"
31027507,31043860,"k_gemv_fp16(__half *, const __half *, const __half *, const __half *, int, int)"
31043892,31044788,"k_kv_append(__half *, __half *, const __half *, int, int)"
31044820,31103193,"k_attn_decode(__half *, const __half *, const __half *, const __half *, int, int)"
31103224,31110489,"k_gemv_fp16(__half *, const __half *, const __half *, const __half *, int, int)"
31110521,31111321,"k_add(__half *, const __half *, unsigned long long)"
31111353,31114265,"k_layernorm(__half *, const __half *, const __half *, const __half *, int, int)"
31115033,31135803,"k_gemv_fp16(__half *, const __half *, const __half *, const __half *, int, int)"
31135835,31136667,"k_gelu(__half *, unsigned long long)"
31136699,31159548,"k_gemv_fp16(__half *, const __half *, const __half *, const __half *, int, int)"
31159613,31160381,"k_add(__half *, const __half *, unsigned long long)"
31160413,31163293,"k_layernorm(__half *, const __half *, const __half *, const __half *, int, int)"
31163325,31179614,"k_gemv_fp16(__half *, const __half *, const __half *, const __half *, int, int)"
31179646,31180542,"k_kv_append(__half *, __half *, const __half *, int, int)"
31180574,31239010,"k_attn_decode(__half *, const __half *, const __half *, const __half *, int, int)"
31239042,31246307,"k_gemv_fp16(__half *, const __half *, const __half *, const __half *, int, int)"
31246338,31247139,"k_add(__half *, const __half *, unsigned long long)"
31247171,31250019,"k_layernorm(__half *, const __half *, const __half *, const __half *, int, int)"
31250051,31270820,"k_gemv_fp16(__half *, const __half *, const __half *, const __half *, int, int)"
31270852,31271684,"k_gelu(__half *, unsigned long long)"
31271716,31294502,"k_gemv_fp16(__half *, const __half *, const __half *, const __half *, int, int)"
31294566,31295334,"k_add(__half *, const __half *, unsigned long long)"
31295366,31298246,"k_layernorm(__half *, const __half *, const __half *, const __half *, int, int)"
31298982,31315559,"k_gemv_fp16(__half *, const __half *, const __half *, const __half *, int, int)"
31315592,31316487,"k_kv_append(__half *, __half *, const __half *, int, int)"
31316519,31374796,"k_attn_decode(__half *, const __half *, const __half *, const __half *, int, int)"
31374860,31382283,"k_gemv_fp16(__half *, const __half *, const __half *, const __half *, int, int)"
31382284,31383084,"k_add(__half *, const __half *, unsigned long long)"
31383116,31385996,"k_layernorm(__half *, const __half *, const __half *, const __half *, int, int)"
31386028,31406830,"k_gemv_fp16(__half *, const __half *, const __half *, const __half *, int, int)"
31406862,31407694,"k_gelu(__half *, unsigned long long)"
31407726,31430639,"k_gemv_fp16(__half *, const __half *, const __half *, const __half *, int, int)"
31430704,31431472,"k_add(__half *, const __half *, unsigned long long)"
31431535,31434384,"k_layernorm(__half *, const __half *, const __half *, const __half *, int, int)"
31434416,31450481,"k_gemv_fp16(__half *, const __half *, const __half *, const __half *, int, int)"
31450545,31451409,"k_kv_append(__half *, __half *, const __half *, int, int)"
31451441,31509941,"k_attn_decode(__half *, const __half *, const __half *, const __half *, int, int)"
31510005,31517302,"k_gemv_fp16(__half *, const __half *, const __half *, const __half *, int, int)"
31517333,31518134,"k_add(__half *, const __half *, unsigned long long)"
31518806,31521686,"k_layernorm(__half *, const __half *, const __half *, const __half *, int, int)"
31521718,31542487,"k_gemv_fp16(__half *, const __half *, const __half *, const __half *, int, int)"
31542519,31543351,"k_gelu(__half *, unsigned long long)"
31543415,31566169,"k_gemv_fp16(__half *, const __half *, const __half *, const __half *, int, int)"
31566201,31567001,"k_add(__half *, const __half *, unsigned long long)"
31567033,31569913,"k_layernorm(__half *, const __half *, const __half *, const __half *, int, int)"
31569945,31881423,"k_gemv_fp16(__half *, const __half *, const __half *, const __half *, int, int)"
31935763,31936723,"k_embed_one(__half *, const __half *, const __half *, int, int)"
31936755,31939635,"k_layernorm(__half *, const __half *, const __half *, const __half *, int, int)"
31939667,31956052,"k_gemv_fp16(__half *, const __half *, const __half *, const __half *, int, int)"
31956084,31956948,"k_kv_append(__half *, __half *, const __half *, int, int)"
31957012,32015480,"k_attn_decode(__half *, const __half *, const __half *, const __half *, int, int)"
32015512,32022777,"k_gemv_fp16(__half *, const __half *, const __half *, const __half *, int, int)"
32022809,32023609,"k_add(__half *, const __half *, unsigned long long)"
32023641,32026521,"k_layernorm(__half *, const __half *, const __half *, const __half *, int, int)"
32026553,32047387,"k_gemv_fp16(__half *, const __half *, const __half *, const __half *, int, int)"
32047419,32048283,"k_gelu(__half *, unsigned long long)"
32048315,32071196,"k_gemv_fp16(__half *, const __half *, const __half *, const __half *, int, int)"
32071228,32071996,"k_add(__half *, const __half *, unsigned long long)"
32072028,32074909,"k_layernorm(__half *, const __half *, const __half *, const __half *, int, int)"
32074941,32091198,"k_gemv_fp16(__half *, const __half *, const __half *, const __half *, int, int)"
32091230,32092126,"k_kv_append(__half *, __half *, const __half *, int, int)"
32092158,32150594,"k_attn_decode(__half *, const __half *, const __half *, const __half *, int, int)"
32151266,32157922,"k_gemv_fp16(__half *, const __half *, const __half *, const __half *, int, int)"
32157955,32158755,"k_add(__half *, const __half *, unsigned long long)"
32158786,32161763,"k_layernorm(__half *, const __half *, const __half *, const __half *, int, int)"
32161795,32182628,"k_gemv_fp16(__half *, const __half *, const __half *, const __half *, int, int)"
32182660,32183492,"k_gelu(__half *, unsigned long long)"
32183524,32206502,"k_gemv_fp16(__half *, const __half *, const __half *, const __half *, int, int)"
32206534,32207302,"k_add(__half *, const __half *, unsigned long long)"
32207334,32210214,"k_layernorm(__half *, const __half *, const __half *, const __half *, int, int)"
32210278,32226566,"k_gemv_fp16(__half *, const __half *, const __half *, const __half *, int, int)"
32226567,32227463,"k_kv_append(__half *, __half *, const __half *, int, int)"
32227495,32286188,"k_attn_decode(__half *, const __half *, const __half *, const __half *, int, int)"
32286219,32293516,"k_gemv_fp16(__half *, const __half *, const __half *, const __half *, int, int)"
32293548,32294348,"k_add(__half *, const __half *, unsigned long long)"
32294380,32297260,"k_layernorm(__half *, const __half *, const __half *, const __half *, int, int)"
32297292,32318190,"k_gemv_fp16(__half *, const __half *, const __half *, const __half *, int, int)"
32318222,32319054,"k_gelu(__half *, unsigned long long)"
32319758,32342704,"k_gemv_fp16(__half *, const __half *, const __half *, const __half *, int, int)"
32342735,32343535,"k_add(__half *, const __half *, unsigned long long)"
32343568,32346416,"k_layernorm(__half *, const __half *, const __half *, const __half *, int, int)"
32346480,32362801,"k_gemv_fp16(__half *, const __half *, const __half *, const __half *, int, int)"
32362833,32363697,"k_kv_append(__half *, __half *, const __half *, int, int)"
32363761,32422293,"k_attn_decode(__half *, const __half *, const __half *, const __half *, int, int)"
32422325,32429654,"k_gemv_fp16(__half *, const __half *, const __half *, const __half *, int, int)"
32429718,32430486,"k_add(__half *, const __half *, unsigned long long)"
32430518,32433398,"k_layernorm(__half *, const __half *, const __half *, const __half *, int, int)"
32433462,32454231,"k_gemv_fp16(__half *, const __half *, const __half *, const __half *, int, int)"
32454295,32455127,"k_gelu(__half *, unsigned long long)"
32455159,32477913,"k_gemv_fp16(__half *, const __half *, const __half *, const __half *, int, int)"
32477945,32478745,"k_add(__half *, const __half *, unsigned long long)"
32478777,32481817,"k_layernorm(__half *, const __half *, const __half *, const __half *, int, int)"
32481849,32498169,"k_gemv_fp16(__half *, const __half *, const __half *, const __half *, int, int)"
32498170,32499066,"k_kv_append(__half *, __half *, const __half *, int, int)"
32499834,32558366,"k_attn_decode(__half *, const __half *, const __half *, const __half *, int, int)"
32558399,32565695,"k_gemv_fp16(__half *, const __half *, const __half *, const __half *, int, int)"
32565727,32566495,"k_add(__half *, const __half *, unsigned long long)"
32566527,32569407,"k_layernorm(__half *, const __half *, const __half *, const __half *, int, int)"
32569439,32590433,"k_gemv_fp16(__half *, const __half *, const __half *, const __half *, int, int)"
32590465,32591297,"k_gelu(__half *, unsigned long long)"
32591329,32614211,"k_gemv_fp16(__half *, const __half *, const __half *, const __half *, int, int)"
32614242,32615011,"k_add(__half *, const __half *, unsigned long long)"
32615075,32617955,"k_layernorm(__half *, const __half *, const __half *, const __half *, int, int)"
32617987,32634212,"k_gemv_fp16(__half *, const __half *, const __half *, const __half *, int, int)"
32634244,32635108,"k_kv_append(__half *, __half *, const __half *, int, int)"
32635140,32693192,"k_attn_decode(__half *, const __half *, const __half *, const __half *, int, int)"
32693256,32700489,"k_gemv_fp16(__half *, const __half *, const __half *, const __half *, int, int)"
32700520,32701288,"k_add(__half *, const __half *, unsigned long long)"
32701353,32704201,"k_layernorm(__half *, const __half *, const __half *, const __half *, int, int)"
32704233,32725002,"k_gemv_fp16(__half *, const __half *, const __half *, const __half *, int, int)"
32725738,32726570,"k_gelu(__half *, unsigned long long)"
32726602,32749836,"k_gemv_fp16(__half *, const __half *, const __half *, const __half *, int, int)"
32749868,32750636,"k_add(__half *, const __half *, unsigned long long)"
32750700,32753612,"k_layernorm(__half *, const __half *, const __half *, const __half *, int, int)"
32753644,32769677,"k_gemv_fp16(__half *, const __half *, const __half *, const __half *, int, int)"
32769709,32770573,"k_kv_append(__half *, __half *, const __half *, int, int)"
32770638,32829042,"k_attn_decode(__half *, const __half *, const __half *, const __half *, int, int)"
32829074,32836402,"k_gemv_fp16(__half *, const __half *, const __half *, const __half *, int, int)"
32836434,32837202,"k_add(__half *, const __half *, unsigned long long)"
32837266,32840082,"k_layernorm(__half *, const __half *, const __half *, const __half *, int, int)"
32840146,32861204,"k_gemv_fp16(__half *, const __half *, const __half *, const __half *, int, int)"
32861236,32862068,"k_gelu(__half *, unsigned long long)"
32862132,32884885,"k_gemv_fp16(__half *, const __half *, const __half *, const __half *, int, int)"
32884917,32885718,"k_add(__half *, const __half *, unsigned long long)"
32885750,32888630,"k_layernorm(__half *, const __half *, const __half *, const __half *, int, int)"
32888694,32904759,"k_gemv_fp16(__half *, const __half *, const __half *, const __half *, int, int)"
32905495,32906359,"k_kv_append(__half *, __half *, const __half *, int, int)"
32906391,32965275,"k_attn_decode(__half *, const __half *, const __half *, const __half *, int, int)"
32965339,32972635,"k_gemv_fp16(__half *, const __half *, const __half *, const __half *, int, int)"
32972668,32973436,"k_add(__half *, const __half *, unsigned long long)"
32973500,32976348,"k_layernorm(__half *, const __half *, const __half *, const __half *, int, int)"
32976380,32997341,"k_gemv_fp16(__half *, const __half *, const __half *, const __half *, int, int)"
32997405,32998238,"k_gelu(__half *, unsigned long long)"
32998269,33021055,"k_gemv_fp16(__half *, const __half *, const __half *, const __half *, int, int)"
33021087,33021855,"k_add(__half *, const __half *, unsigned long long)"
33021919,33024767,"k_layernorm(__half *, const __half *, const __half *, const __half *, int, int)"
33024799,33041216,"k_gemv_fp16(__half *, const __half *, const __half *, const __half *, int, int)"
33041248,33042145,"k_kv_append(__half *, __half *, const __half *, int, int)"
33042176,33100869,"k_attn_decode(__half *, const __half *, const __half *, const __half *, int, int)"
33100901,33108261,"k_gemv_fp16(__half *, const __half *, const __half *, const __half *, int, int)"
33108293,33109093,"k_add(__half *, const __half *, unsigned long long)"
33109125,33111973,"k_layernorm(__half *, const __half *, const __half *, const __half *, int, int)"
33112709,33133575,"k_gemv_fp16(__half *, const __half *, const __half *, const __half *, int, int)"
33133607,33134439,"k_gelu(__half *, unsigned long long)"
33134471,33157288,"k_gemv_fp16(__half *, const __half *, const __half *, const __half *, int, int)"
33157321,33158121,"k_add(__half *, const __half *, unsigned long long)"
33158153,33161129,"k_layernorm(__half *, const __half *, const __half *, const __half *, int, int)"
33161161,33177450,"k_gemv_fp16(__half *, const __half *, const __half *, const __half *, int, int)"
33177482,33178346,"k_kv_append(__half *, __half *, const __half *, int, int)"
33178378,33237262,"k_attn_decode(__half *, const __half *, const __half *, const __half *, int, int)"
33237294,33244751,"k_gemv_fp16(__half *, const __half *, const __half *, const __half *, int, int)"
33244783,33245551,"k_add(__half *, const __half *, unsigned long long)"
33245583,33248463,"k_layernorm(__half *, const __half *, const __half *, const __half *, int, int)"
33248495,33269200,"k_gemv_fp16(__half *, const __half *, const __half *, const __half *, int, int)"
33269233,33270064,"k_gelu(__half *, unsigned long long)"
33270097,33292882,"k_gemv_fp16(__half *, const __half *, const __half *, const __half *, int, int)"
33292914,33293682,"k_add(__half *, const __half *, unsigned long long)"
33293714,33296594,"k_layernorm(__half *, const __half *, const __half *, const __half *, int, int)"
33297362,33314100,"k_gemv_fp16(__half *, const __half *, const __half *, const __half *, int, int)"
33314131,33314996,"k_kv_append(__half *, __half *, const __half *, int, int)"
33315060,33373656,"k_attn_decode(__half *, const __half *, const __half *, const __half *, int, int)"
33373720,33381144,"k_gemv_fp16(__half *, const __half *, const __half *, const __half *, int, int)"
33381176,33381944,"k_add(__half *, const __half *, unsigned long long)"
33381976,33384857,"k_layernorm(__half *, const __half *, const __half *, const __half *, int, int)"
33384889,33405786,"k_gemv_fp16(__half *, const __half *, const __half *, const __half *, int, int)"
33405818,33406650,"k_gelu(__half *, unsigned long long)"
33406682,33429404,"k_gemv_fp16(__half *, const __half *, const __half *, const __half *, int, int)"
33429436,33430236,"k_add(__half *, const __half *, unsigned long long)"
33430268,33433116,"k_layernorm(__half *, const __half *, const __half *, const __half *, int, int)"
33433180,33449309,"k_gemv_fp16(__half *, const __half *, const __half *, const __half *, int, int)"
33449341,33450205,"k_kv_append(__half *, __half *, const __half *, int, int)"
33450269,33509185,"k_attn_decode(__half *, const __half *, const __half *, const __half *, int, int)"
33509249,33516514,"k_gemv_fp16(__half *, const __half *, const __half *, const __half *, int, int)"
33516546,33517314,"k_add(__half *, const __half *, unsigned long long)"
33518050,33520898,"k_layernorm(__half *, const __half *, const __half *, const __half *, int, int)"
33520962,33541732,"k_gemv_fp16(__half *, const __half *, const __half *, const __half *, int, int)"
33541763,33542596,"k_gelu(__half *, unsigned long long)"
33542628,33565477,"k_gemv_fp16(__half *, const __half *, const __half *, const __half *, int, int)"
33565541,33566309,"k_add(__half *, const __half *, unsigned long long)"
33566341,33569254,"k_layernorm(__half *, const __half *, const __half *, const __half *, int, int)"
33569285,33880827,"k_gemv_fp16(__half *, const __half *, const __half *, const __half *, int, int)"
33953920,33954849,"k_embed_one(__half *, const __half *, const __half *, int, int)"
33954880,33957761,"k_layernorm(__half *, const __half *, const __half *, const __half *, int, int)"
33957793,33973858,"k_gemv_fp16(__half *, const __half *, const __half *, const __half *, int, int)"
33973922,33974786,"k_kv_append(__half *, __half *, const __half *, int, int)"
33974818,34033670,"k_attn_decode(__half *, const __half *, const __half *, const __half *, int, int)"
34033734,34040870,"k_gemv_fp16(__half *, const __half *, const __half *, const __half *, int, int)"
34040903,34041671,"k_add(__half *, const __half *, unsigned long long)"
34041703,34044583,"k_layernorm(__half *, const __half *, const __half *, const __half *, int, int)"
34044647,34065512,"k_gemv_fp16(__half *, const __half *, const __half *, const __half *, int, int)"
34065544,34066376,"k_gelu(__half *, unsigned long long)"
34066408,34089194,"k_gemv_fp16(__half *, const __half *, const __half *, const __half *, int, int)"
34089226,34090026,"k_add(__half *, const __half *, unsigned long long)"
34090058,34092938,"k_layernorm(__half *, const __half *, const __half *, const __half *, int, int)"
34092970,34109483,"k_gemv_fp16(__half *, const __half *, const __half *, const __half *, int, int)"
34109515,34110411,"k_kv_append(__half *, __half *, const __half *, int, int)"
34110443,34168847,"k_attn_decode(__half *, const __half *, const __half *, const __half *, int, int)"
34169744,34176400,"k_gemv_fp16(__half *, const __half *, const __half *, const __half *, int, int)"
34176464,34177232,"k_add(__half *, const __half *, unsigned long long)"
34177264,34180304,"k_layernorm(__half *, const __half *, const __half *, const __half *, int, int)"
34180336,34201266,"k_gemv_fp16(__half *, const __half *, const __half *, const __half *, int, int)"
34201298,34202130,"k_gelu(__half *, unsigned long long)"
34202162,34225171,"k_gemv_fp16(__half *, const __half *, const __half *, const __half *, int, int)"
34225203,34226003,"k_add(__half *, const __half *, unsigned long long)"
34226004,34229012,"k_layernorm(__half *, const __half *, const __half *, const __half *, int, int)"
34229044,34245364,"k_gemv_fp16(__half *, const __half *, const __half *, const __half *, int, int)"
34245365,34246261,"k_kv_append(__half *, __half *, const __half *, int, int)"
34246293,34304665,"k_attn_decode(__half *, const __half *, const __half *, const __half *, int, int)"
34304697,34312026,"k_gemv_fp16(__half *, const __half *, const __half *, const __half *, int, int)"
34312058,34312825,"k_add(__half *, const __half *, unsigned long long)"
34312858,34315738,"k_layernorm(__half *, const __half *, const __half *, const __half *, int, int)"
34315770,34336667,"k_gemv_fp16(__half *, const __half *, const __half *, const __half *, int, int)"
34336699,34337531,"k_gelu(__half *, unsigned long long)"
34338235,34361181,"k_gemv_fp16(__half *, const __half *, const __half *, const __half *, int, int)"
34361213,34361981,"k_add(__half *, const __half *, unsigned long long)"
34362045,34364893,"k_layernorm(__half *, const __half *, const __half *, const __half *, int, int)"
34364957,34381246,"k_gemv_fp16(__half *, const __half *, const __half *, const __half *, int, int)"
34381278,34382142,"k_kv_append(__half *, __half *, const __half *, int, int)"
34382206,34440995,"k_attn_decode(__half *, const __half *, const __half *, const __half *, int, int)"
34441059,34448419,"k_gemv_fp16(__half *, const __half *, const __half *, const __half *, int, int)"
34448483,34449251,"k_add(__half *, const __half *, unsigned long long)"
34449315,34452163,"k_layernorm(__half *, const __half *, const __half *, const __half *, int, int)"
34452195,34472997,"k_gemv_fp16(__half *, const __half *, const __half *, const __half *, int, int)"
34473061,34473893,"k_gelu(__half *, unsigned long long)"
34473925,34496710,"k_gemv_fp16(__half *, const __half *, const __half *, const __half *, int, int)"
34496775,34497543,"k_add(__half *, const __half *, unsigned long long)"
34497574,34500455,"k_layernorm(__half *, const __half *, const __half *, const __half *, int, int)"
34500487,34516648,"k_gemv_fp16(__half *, const __half *, const __half *, const __half *, int, int)"
34516680,34517576,"k_kv_append(__half *, __half *, const __half *, int, int)"
34518312,34576524,"k_attn_decode(__half *, const __half *, const __half *, const __half *, int, int)"
34576556,34583917,"k_gemv_fp16(__half *, const __half *, const __half *, const __half *, int, int)"
34583949,34584749,"k_add(__half *, const __half *, unsigned long long)"
34584781,34587629,"k_layernorm(__half *, const __half *, const __half *, const __half *, int, int)"
34587661,34608590,"k_gemv_fp16(__half *, const __half *, const __half *, const __half *, int, int)"
34608622,34609454,"k_gelu(__half *, unsigned long long)"
34609519,34632336,"k_gemv_fp16(__half *, const __half *, const __half *, const __half *, int, int)"
34632368,34633136,"k_add(__half *, const __half *, unsigned long long)"
34633200,34636048,"k_layernorm(__half *, const __half *, const __half *, const __half *, int, int)"
34636112,34652241,"k_gemv_fp16(__half *, const __half *, const __half *, const __half *, int, int)"
34652273,34653170,"k_kv_append(__half *, __half *, const __half *, int, int)"
34653201,34712278,"k_attn_decode(__half *, const __half *, const __half *, const __half *, int, int)"
34712310,34719542,"k_gemv_fp16(__half *, const __half *, const __half *, const __half *, int, int)"
34719574,34720374,"k_add(__half *, const __half *, unsigned long long)"
34720406,34723254,"k_layernorm(__half *, const __half *, const __half *, const __half *, int, int)"
34723319,34744056,"k_gemv_fp16(__half *, const __half *, const __half *, const __half *, int, int)"
34744728,34745560,"k_gelu(__half *, unsigned long long)"
34745624,34768665,"k_gemv_fp16(__half *, const __half *, const __half *, const __half *, int, int)"
34768698,34769498,"k_add(__half *, const __half *, unsigned long long)"
34769530,34772410,"k_layernorm(__half *, const __half *, const __half *, const __half *, int, int)"
34772442,34788667,"k_gemv_fp16(__half *, const __half *, const __half *, const __half *, int, int)"
34788699,34789563,"k_kv_append(__half *, __half *, const __half *, int, int)"
34789627,34848095,"k_attn_decode(__half *, const __half *, const __half *, const __half *, int, int)"
34848127,34855392,"k_gemv_fp16(__half *, const __half *, const __half *, const __half *, int, int)"
34855424,34856224,"k_add(__half *, const __half *, unsigned long long)"
34856256,34859104,"k_layernorm(__half *, const __half *, const __half *, const __half *, int, int)"
34859136,34879873,"k_gemv_fp16(__half *, const __half *, const __half *, const __half *, int, int)"
34879905,34880737,"k_gelu(__half *, unsigned long long)"
34880801,34903555,"k_gemv_fp16(__half *, const __half *, const __half *, const __half *, int, int)"
34903619,34904387,"k_add(__half *, const __half *, unsigned long long)"
34904419,34907299,"k_layernorm(__half *, const __half *, const __half *, const __half *, int, int)"
34907331,34923492,"k_gemv_fp16(__half *, const __half *, const __half *, const __half *, int, int)"
34924421,34925285,"k_kv_append(__half *, __half *, const __half *, int, int)"
34925349,34983945,"k_attn_decode(__half *, const __half *, const __half *, const __half *, int, int)"
34984009,34991305,"k_gemv_fp16(__half *, const __half *, const __half *, const __half *, int, int)"
34991337,34992137,"k_add(__half *, const __half *, unsigned long long)"
34992169,34995049,"k_layernorm(__half *, const __half *, const __half *, const __half *, int, int)"
34995082,35016011,"k_gemv_fp16(__half *, const __half *, const __half *, const __half *, int, int)"
35016075,35016907,"k_gelu(__half *, unsigned long long)"
35016939,35039725,"k_gemv_fp16(__half *, const __half *, const __half *, const __half *, int, int)"
35039757,35040525,"k_add(__half *, const __half *, unsigned long long)"
35040589,35043469,"k_layernorm(__half *, const __half *, const __half *, const __half *, int, int)"
35043501,35059758,"k_gemv_fp16(__half *, const __half *, const __half *, const __half *, int, int)"
35059790,35060654,"k_kv_append(__half *, __half *, const __half *, int, int)"
35060718,35119058,"k_attn_decode(__half *, const __half *, const __half *, const __half *, int, int)"
35119090,35126355,"k_gemv_fp16(__half *, const __half *, const __half *, const __half *, int, int)"
35126387,35127155,"k_add(__half *, const __half *, unsigned long long)"
35127187,35130131,"k_layernorm(__half *, const __half *, const __half *, const __half *, int, int)"
35130899,35151828,"k_gemv_fp16(__half *, const __half *, const __half *, const __half *, int, int)"
35151861,35152692,"k_gelu(__half *, unsigned long long)"
35152725,35175670,"k_gemv_fp16(__half *, const __half *, const __half *, const __half *, int, int)"
35175702,35176502,"k_add(__half *, const __half *, unsigned long long)"
35176534,35179415,"k_layernorm(__half *, const __half *, const __half *, const __half *, int, int)"
35179446,35195736,"k_gemv_fp16(__half *, const __half *, const __half *, const __half *, int, int)"
35195768,35196632,"k_kv_append(__half *, __half *, const __half *, int, int)"
35196663,35254844,"k_attn_decode(__half *, const __half *, const __half *, const __half *, int, int)"
35254876,35262108,"k_gemv_fp16(__half *, const __half *, const __half *, const __half *, int, int)"
35262140,35262908,"k_add(__half *, const __half *, unsigned long long)"
35262972,35265821,"k_layernorm(__half *, const __half *, const __half *, const __half *, int, int)"
35265852,35286622,"k_gemv_fp16(__half *, const __half *, const __half *, const __half *, int, int)"
35286654,35287486,"k_gelu(__half *, unsigned long long)"
35287518,35310559,"k_gemv_fp16(__half *, const __half *, const __half *, const __half *, int, int)"
35310592,35311392,"k_add(__half *, const __half *, unsigned long long)"
35311424,35314304,"k_layernorm(__half *, const __half *, const __half *, const __half *, int, int)"
35315008,35331617,"k_gemv_fp16(__half *, const __half *, const __half *, const __half *, int, int)"
35331649,35332545,"k_kv_append(__half *, __half *, const __half *, int, int)"
35332577,35391205,"k_attn_decode(__half *, const __half *, const __half *, const __half *, int, int)"
35391237,35398566,"k_gemv_fp16(__half *, const __half *, const __half *, const __half *, int, int)"
35398598,35399398,"k_add(__half *, const __half *, unsigned long long)"
35399430,35402310,"k_layernorm(__half *, const __half *, const __half *, const __half *, int, int)"
35402342,35423142,"k_gemv_fp16(__half *, const __half *, const __half *, const __half *, int, int)"
35423143,35423976,"k_gelu(__half *, unsigned long long)"
35424040,35446793,"k_gemv_fp16(__half *, const __half *, const __half *, const __half *, int, int)"
35446857,35447625,"k_add(__half *, const __half *, unsigned long long)"
35447657,35450537,"k_layernorm(__half *, const __half *, const __half *, const __half *, int, int)"
35450569,35466763,"k_gemv_fp16(__half *, const __half *, const __half *, const __half *, int, int)"
35466827,35467691,"k_kv_append(__half *, __half *, const __half *, int, int)"
35467723,35526095,"k_attn_decode(__half *, const __half *, const __half *, const __half *, int, int)"
35526127,35533391,"k_gemv_fp16(__half *, const __half *, const __half *, const __half *, int, int)"
35533455,35534223,"k_add(__half *, const __half *, unsigned long long)"
35534927,35537839,"k_layernorm(__half *, const __half *, const __half *, const __half *, int, int)"
35537872,35558737,"k_gemv_fp16(__half *, const __half *, const __half *, const __half *, int, int)"
35558769,35559601,"k_gelu(__half *, unsigned long long)"
35559633,35582451,"k_gemv_fp16(__half *, const __half *, const __half *, const __half *, int, int)"
35582483,35583251,"k_add(__half *, const __half *, unsigned long long)"
35583315,35586291,"k_layernorm(__half *, const __half *, const __half *, const __half *, int, int)"
35586323,35898185,"k_gemv_fp16(__half *, const __half *, const __half *, const __half *, int, int)"
35979439,35980367,"k_embed_one(__half *, const __half *, const __half *, int, int)"
35980399,35983375,"k_layernorm(__half *, const __half *, const __half *, const __half *, int, int)"
35983407,35999568,"k_gemv_fp16(__half *, const __half *, const __half *, const __half *, int, int)"
35999600,36000496,"k_kv_append(__half *, __half *, const __half *, int, int)"
36000528,36058644,"k_attn_decode(__half *, const __half *, const __half *, const __half *, int, int)"
36058708,36065973,"k_gemv_fp16(__half *, const __half *, const __half *, const __half *, int, int)"
36066005,36066805,"k_add(__half *, const __half *, unsigned long long)"
36066837,36069749,"k_layernorm(__half *, const __half *, const __half *, const __half *, int, int)"
36069781,36090678,"k_gemv_fp16(__half *, const __half *, const __half *, const __half *, int, int)"
36090710,36091542,"k_gelu(__half *, unsigned long long)"
36091574,36114904,"k_gemv_fp16(__half *, const __half *, const __half *, const __half *, int, int)"
36114936,36115736,"k_add(__half *, const __half *, unsigned long long)"
36115768,36118616,"k_layernorm(__half *, const __half *, const __half *, const __half *, int, int)"
36118648,36134905,"k_gemv_fp16(__half *, const __half *, const __half *, const __half *, int, int)"
36134937,36135834,"k_kv_append(__half *, __half *, const __half *, int, int)"
36135865,36194718,"k_attn_decode(__half *, const __half *, const __half *, const __half *, int, int)"
36195454,36202142,"k_gemv_fp16(__half *, const __half *, const __half *, const __half *, int, int)"
36202174,36202974,"k_add(__half *, const __half *, unsigned long long)"
36203006,36205950,"k_layernorm(__half *, const __half *, const __half *, const __half *, int, int)"
36205982,36226944,"k_gemv_fp16(__half *, const __half *, const __half *, const __half *, int, int)"
36226976,36227808,"k_gelu(__half *, unsigned long long)"
36227840,36250817,"k_gemv_fp16(__half *, const __half *, const __half *, const __half *, int, int)"
36250850,36251650,"k_add(__half *, const __half *, unsigned long long)"
36251682,36254658,"k_layernorm(__half *, const __half *, const __half *, const __half *, int, int)"
36254690,36270947,"k_gemv_fp16(__half *, const __half *, const __half *, const __half *, int, int)"
36270979,36271843,"k_kv_append(__half *, __half *, const __half *, int, int)"
36271907,36330535,"k_attn_decode(__half *, const __half *, const __half *, const __half *, int, int)"
36330567,36338056,"k_gemv_fp16(__half *, const __half *, const __half *, const __half *, int, int)"
36338088,36338888,"k_add(__half *, const __half *, unsigned long long)"
36338920,36341896,"k_layernorm(__half *, const __half *, const __half *, const __half *, int, int)"
36341928,36362762,"k_gemv_fp16(__half *, const __half *, const __half *, const __half *, int, int)"
36362793,36363626,"k_gelu(__half *, unsigned long long)"
36364553,36387435,"k_gemv_fp16(__half *, const __half *, const __half *, const __half *, int, int)"
36387467,36388267,"k_add(__half *, const __half *, unsigned long long)"
36388299,36391147,"k_layernorm(__half *, const __half *, const __half *, const __half *, int, int)"
36391211,36407629,"k_gemv_fp16(__half *, const __half *, const __half *, const __half *, int, int)"
36407660,36408525,"k_kv_append(__half *, __half *, const __half *, int, int)"
36408589,36466993,"k_attn_decode(__half *, const __half *, const __half *, const __half *, int, int)"
36467057,36474385,"k_gemv_fp16(__half *, const __half *, const __half *, const __half *, int, int)"
36474417,36475217,"k_add(__half *, const __half *, unsigned long long)"
36475249,36478130,"k_layernorm(__half *, const __half *, const __half *, const __half *, int, int)"
36478161,36498963,"k_gemv_fp16(__half *, const __half *, const __half *, const __half *, int, int)"
36498995,36499827,"k_gelu(__half *, unsigned long long)"
36499859,36522677,"k_gemv_fp16(__half *, const __half *, const __half *, const __half *, int, int)"
36522709,36523509,"k_add(__half *, const __half *, unsigned long long)"
36523541,36526485,"k_layernorm(__half *, const __half *, const __half *, const __half *, int, int)"
36526517,36542934,"k_gemv_fp16(__half *, const __half *, const __half *, const __half *, int, int)"
36542966,36543862,"k_kv_append(__half *, __half *, const __half *, int, int)"
36544566,36603130,"k_attn_decode(__half *, const __half *, const __half *, const __half *, int, int)"
36603162,36610427,"k_gemv_fp16(__half *, const __half *, const __half *, const __half *, int, int)"
36610459,36611259,"k_add(__half *, const __half *, unsigned long long)"
36611291,36614171,"k_layernorm(__half *, const __half *, const __half *, const __half *, int, int)"
36614203,36635133,"k_gemv_fp16(__half *, const __half *, const __half *, const __half *, int, int)"
36635165,36635997,"k_gelu(__half *, unsigned long long)"
36636029,36658878,"k_gemv_fp16(__half *, const __half *, const __half *, const __half *, int, int)"
36658910,36659709,"k_add(__half *, const __half *, unsigned long long)"
36659710,36662686,"k_layernorm(__half *, const __half *, const __half *, const __half *, int, int)"
36662750,36679040,"k_gemv_fp16(__half *, const __half *, const __half *, const __half *, int, int)"
36679072,36679936,"k_kv_append(__half *, __half *, const __half *, int, int)"
36680000,36738180,"k_attn_decode(__half *, const __half *, const __half *, const __half *, int, int)"
36738212,36745476,"k_gemv_fp16(__half *, const __half *, const __half *, const __half *, int, int)"
36745508,36746276,"k_add(__half *, const __half *, unsigned long long)"
36746340,36749188,"k_layernorm(__half *, const __half *, const __half *, const __half *, int, int)"
36749252,36769990,"k_gemv_fp16(__half *, const __half *, const __half *, const __half *, int, int)"
36770950,36771782,"k_gelu(__half *, unsigned long long)"
36771814,36794664,"k_gemv_fp16(__half *, const __half *, const __half *, const __half *, int, int)"
36794728,36795496,"k_add(__half *, const __half *, unsigned long long)"
36795528,36798440,"k_layernorm(__half *, const __half *, const __half *, const __half *, int, int)"
36798472,36814537,"k_gemv_fp16(__half *, const __half *, const __half *, const __half *, int, int)"
36814569,36815433,"k_kv_append(__half *, __half *, const __half *, int, int)"
36815497,36874253,"k_attn_decode(__half *, const __half *, const __half *, const __half *, int, int)"
36874285,36881582,"k_gemv_fp16(__half *, const __half *, const __half *, const __half *, int, int)"
36881614,36882382,"k_add(__half *, const __half *, unsigned long long)"
36882446,36885294,"k_layernorm(__half *, const __half *, const __half *, const __half *, int, int)"
36885358,36906095,"k_gemv_fp16(__half *, const __half *, const __half *, const __half *, int, int)"
36906160,36906959,"k_gelu(__half *, unsigned long long)"
36907024,36929841,"k_gemv_fp16(__half *, const __half *, const __half *, const __half *, int, int)"
36929905,36930673,"k_add(__half *, const __half *, unsigned long long)"
36930705,36933585,"k_layernorm(__half *, const __half *, const __half *, const __half *, int, int)"
36933618,36949811,"k_gemv_fp16(__half *, const __half *, const __half *, const __half *, int, int)"
36950515,36951411,"k_kv_append(__half *, __half *, const __half *, int, int)"
36951443,37009783,"k_attn_decode(__half *, const __half *, const __half *, const __half *, int, int)"
37009815,37016983,"k_gemv_fp16(__half *, const __half *, const __half *, const __half *, int, int)"
37017015,37017783,"k_add(__half *, const __half *, unsigned long long)"
37017847,37020695,"k_layernorm(__half *, const __half *, const __half *, const __half *, int, int)"
37020759,37041721,"k_gemv_fp16(__half *, const __half *, const __half *, const __half *, int, int)"
37041753,37042553,"k_gelu(__half *, unsigned long long)"
37042617,37065403,"k_gemv_fp16(__half *, const __half *, const __half *, const __half *, int, int)"
37065435,37066235,"k_add(__half *, const __half *, unsigned long long)"
37066267,37069147,"k_layernorm(__half *, const __half *, const __half *, const __half *, int, int)"
37069211,37085372,"k_gemv_fp16(__half *, const __half *, const __half *, const __half *, int, int)"
37085404,37086300,"k_kv_append(__half *, __half *, const __half *, int, int)"
37086332,37144896,"k_attn_decode(__half *, const __half *, const __half *, const __half *, int, int)"
37144928,37152257,"k_gemv_fp16(__half *, const __half *, const __half *, const __half *, int, int)"
37152289,37153089,"k_add(__half *, const __half *, unsigned long long)"
37153121,37156001,"k_layernorm(__half *, const __half *, const __half *, const __half *, int, int)"
37156865,37177698,"k_gemv_fp16(__half *, const __half *, const __half *, const __half *, int, int)"
37177731,37178563,"k_gelu(__half *, unsigned long long)"
37178627,37201572,"k_gemv_fp16(__half *, const __half *, const __half *, const __half *, int, int)"
37201604,37202404,"k_add(__half *, const __half *, unsigned long long)"
37202436,37205317,"k_layernorm(__half *, const __half *, const __half *, const __half *, int, int)"
37205348,37221702,"k_gemv_fp16(__half *, const __half *, const __half *, const __half *, int, int)"
37221734,37222598,"k_kv_append(__half *, __half *, const __half *, int, int)"
37222662,37281322,"k_attn_decode(__half *, const __half *, const __half *, const __half *, int, int)"
37281386,37288650,"k_gemv_fp16(__half *, const __half *, const __half *, const __half *, int, int)"
37288682,37289450,"k_add(__half *, const __half *, unsigned long long)"
37289514,37292458,"k_layernorm(__half *, const __half *, const __half *, const __half *, int, int)"
37292523,37313420,"k_gemv_fp16(__half *, const __half *, const __half *, const __half *, int, int)"
37313452,37314284,"k_gelu(__half *, unsigned long long)"
37314316,37337166,"k_gemv_fp16(__half *, const __half *, const __half *, const __half *, int, int)"
37337230,37337998,"k_add(__half *, const __half *, unsigned long long)"
37338030,37340974,"k_layernorm(__half *, const __half *, const __half *, const __half *, int, int)"
37341614,37358351,"k_gemv_fp16(__half *, const __half *, const __half *, const __half *, int, int)"
37358415,37359279,"k_kv_append(__half *, __half *, const __half *, int, int)"
37359311,37418099,"k_attn_decode(__half *, const __half *, const __half *, const __half *, int, int)"
37418163,37425588,"k_gemv_fp16(__half *, const __half *, const __half *, const __half *, int, int)"
37425620,37426388,"k_add(__half *, const __half *, unsigned long long)"
37426452,37429300,"k_layernorm(__half *, const __half *, const __half *, const __half *, int, int)"
37429332,37450198,"k_gemv_fp16(__half *, const __half *, const __half *, const __half *, int, int)"
37450230,37451062,"k_gelu(__half *, unsigned long long)"
37451094,37473847,"k_gemv_fp16(__half *, const __half *, const __half *, const __half *, int, int)"
37473879,37474648,"k_add(__half *, const __half *, unsigned long long)"
37474711,37477720,"k_layernorm(__half *, const __half *, const __half *, const __half *, int, int)"
37477784,37494073,"k_gemv_fp16(__half *, const __half *, const __half *, const __half *, int, int)"
37494105,37495001,"k_kv_append(__half *, __half *, const __half *, int, int)"
37495033,37553885,"k_attn_decode(__half *, const __half *, const __half *, const __half *, int, int)"
37553917,37561309,"k_gemv_fp16(__half *, const __half *, const __half *, const __half *, int, int)"
37561342,37562141,"k_add(__half *, const __half *, unsigned long long)"
37562878,37565758,"k_layernorm(__half *, const __half *, const __half *, const __half *, int, int)"
37565822,37586591,"k_gemv_fp16(__half *, const __half *, const __half *, const __half *, int, int)"
37586655,37587487,"k_gelu(__half *, unsigned long long)"
37587519,37610305,"k_gemv_fp16(__half *, const __half *, const __half *, const __half *, int, int)"
37610369,37611137,"k_add(__half *, const __half *, unsigned long long)"
37611169,37614145,"k_layernorm(__half *, const __half *, const __half *, const __half *, int, int)"
37614177,37925911,"k_gemv_fp16(__half *, const __half *, const __half *, const __half *, int, int)"
38022366,38023325,"k_embed_one(__half *, const __half *, const __half *, int, int)"
38023326,38026333,"k_layernorm(__half *, const __half *, const __half *, const __half *, int, int)"
38026334,38042751,"k_gemv_fp16(__half *, const __half *, const __half *, const __half *, int, int)"
38042783,38043679,"k_kv_append(__half *, __half *, const __half *, int, int)"
38043711,38102211,"k_attn_decode(__half *, const __half *, const __half *, const __half *, int, int)"
38102243,38109540,"k_gemv_fp16(__half *, const __half *, const __half *, const __half *, int, int)"
38109572,38110372,"k_add(__half *, const __half *, unsigned long long)"
38110404,38113284,"k_layernorm(__half *, const __half *, const __half *, const __half *, int, int)"
38113348,38134246,"k_gemv_fp16(__half *, const __half *, const __half *, const __half *, int, int)"
38134278,38135110,"k_gelu(__half *, unsigned long long)"
38135142,38158087,"k_gemv_fp16(__half *, const __half *, const __half *, const __half *, int, int)"
38158119,38158919,"k_add(__half *, const __half *, unsigned long long)"
38158951,38161800,"k_layernorm(__half *, const __half *, const __half *, const __half *, int, int)"
38161832,38178057,"k_gemv_fp16(__half *, const __half *, const __half *, const __half *, int, int)"
38178089,38178953,"k_kv_append(__half *, __half *, const __half *, int, int)"
38178985,38237901,"k_attn_decode(__half *, const __half *, const __half *, const __half *, int, int)"
38238605,38245325,"k_gemv_fp16(__half *, const __half *, const __half *, const __half *, int, int)"
38245357,38246158,"k_add(__half *, const __half *, unsigned long long)"
38246189,38249070,"k_layernorm(__half *, const __half *, const __half *, const __half *, int, int)"
38249102,38269967,"k_gemv_fp16(__half *, const __half *, const __half *, const __half *, int, int)"
38269999,38270863,"k_gelu(__half *, unsigned long long)"
38270895,38293969,"k_gemv_fp16(__half *, const __half *, const __half *, const __half *, int, int)"
38294001,38294769,"k_add(__half *, const __half *, unsigned long long)"
38294801,38297681,"k_layernorm(__half *, const __half *, const __half *, const __half *, int, int)"
38297713,38313970,"k_gemv_fp16(__half *, const __half *, const __half *, const __half *, int, int)"
38314002,38314866,"k_kv_append(__half *, __half *, const __half *, int, int)"
38314930,38373110,"k_attn_decode(__half *, const __half *, const __half *, const __half *, int, int)"
38373142,38380439,"k_gemv_fp16(__half *, const __half *, const __half *, const __half *, int, int)"
38380471,38381271,"k_add(__half *, const __half *, unsigned long long)"
38381303,38384151,"k_layernorm(__half *, const __half *, const __half *, const __half *, int, int)"
38384183,38405049,"k_gemv_fp16(__half *, const __half *, const __half *, const __half *, int, int)"
38405081,38405913,"k_gelu(__half *, unsigned long long)"
38406809,38429850,"k_gemv_fp16(__half *, const __half *, const __half *, const __half *, int, int)"
38429882,38430682,"k_add(__half *, const __half *, unsigned long long)"
38430714,38433595,"k_layernorm(__half *, const __half *, const __half *, const __half *, int, int)"
38433627,38449980,"k_gemv_fp16(__half *, const __half *, const __half *, const __half *, int, int)"
38450012,38450908,"k_kv_append(__half *, __half *, const __half *, int, int)"
38450940,38509280,"k_attn_decode(__half *, const __half *, const __half *, const __half *, int, int)"
38509312,38516608,"k_gemv_fp16(__half *, const __half *, const __half *, const __half *, int, int)"
38516641,38517409,"k_add(__half *, const __half *, unsigned long long)"
38517472,38520321,"k_layernorm(__half *, const __half *, const __half *, const __half *, int, int)"
38520353,38541154,"k_gemv_fp16(__half *, const __half *, const __half *, const __half *, int, int)"
38541186,38542018,"k_gelu(__half *, unsigned long long)"
38542082,38564836,"k_gemv_fp16(__half *, const __half *, const __half *, const __half *, int, int)"
38564868,38565668,"k_add(__half *, const __half *, unsigned long long)"
38565700,38568580,"k_layernorm(__half *, const __half *, const __half *, const __half *, int, int)"
38568612,38584997,"k_gemv_fp16(__half *, const __half *, const __half *, const __half *, int, int)"
38585029,38585893,"k_kv_append(__half *, __half *, const __half *, int, int)"
38586661,38644778,"k_attn_decode(__half *, const __half *, const __half *, const __half *, int, int)"
38644809,38652074,"k_gemv_fp16(__half *, const __half *, const __half *, const __half *, int, int)"
38652106,38652906,"k_add(__half *, const __half *, unsigned long long)"
38652938,38655818,"k_layernorm(__half *, const __half *, const __half *, const __half *, int, int)"
38655850,38676844,"k_gemv_fp16(__half *, const __half *, const __half *, const __half *, int, int)"
38676876,38677708,"k_gelu(__half *, unsigned long long)"
38677740,38700589,"k_gemv_fp16(__half *, const __half *, const __half *, const __half *, int, int)"
38700621,38701390,"k_add(__half *, const __half *, unsigned long long)"
38701453,38704302,"k_layernorm(__half *, const __half *, const __half *, const __half *, int, int)"
38704366,38720655,"k_gemv_fp16(__half *, const __half *, const __half *, const __half *, int, int)"
38720687,38721551,"k_kv_append(__half *, __half *, const __half *, int, int)"
38721615,38779859,"k_attn_decode(__half *, const __half *, const __half *, const __half *, int, int)"
38779923,38787155,"k_gemv_fp16(__half *, const __half *, const __half *, const __half *, int, int)"
38787188,38787988,"k_add(__half *, const __half *, unsigned long long)"
38788019,38790964,"k_layernorm(__half *, const __half *, const __half *, const __half *, int, int)"
38790996,38811829,"k_gemv_fp16(__half *, const __half *, const __half *, const __half *, int, int)"
38812533,38813365,"k_gelu(__half *, unsigned long long)"
38813397,38836279,"k_gemv_fp16(__half *, const __half *, const __half *, const __half *, int, int)"
38836311,38837079,"k_add(__half *, const __half *, unsigned long long)"
38837111,38840023,"k_layernorm(__half *, const __half *, const __half *, const __half *, int, int)"
38840055,38856120,"k_gemv_fp16(__half *, const __half *, const __half *, const __half *, int, int)"
38856152,38857016,"k_kv_append(__half *, __half *, const __half *, int, int)"
38857080,38915324,"k_attn_decode(__half *, const __half *, const __half *, const __half *, int, int)"
38915356,38922749,"k_gemv_fp16(__half *, const __half *, const __half *, const __half *, int, int)"
38922813,38923581,"k_add(__half *, const __half *, unsigned long long)"
38923613,38926461,"k_layernorm(__half *, const __half *, const __half *, const __half *, int, int)"
38926493,38947231,"k_gemv_fp16(__half *, const __half *, const __half *, const __half *, int, int)"
38947263,38948095,"k_gelu(__half *, unsigned long long)"
38948127,38970912,"k_gemv_fp16(__half *, const __half *, const __half *, const __half *, int, int)"
38970944,38971744,"k_add(__half *, const __half *, unsigned long long)"
38971776,38974625,"k_layernorm(__half *, const __half *, const __half *, const __half *, int, int)"
38974689,38990818,"k_gemv_fp16(__half *, const __half *, const __half *, const __half *, int, int)"
38991618,38992482,"k_kv_append(__half *, __half *, const __half *, int, int)"
38992546,39051366,"k_attn_decode(__half *, const __half *, const __half *, const __half *, int, int)"
39051398,39058502,"k_gemv_fp16(__half *, const __half *, const __half *, const __half *, int, int)"
39058566,39059335,"k_add(__half *, const __half *, unsigned long long)"
39059366,39062215,"k_layernorm(__half *, const __half *, const __half *, const __half *, int, int)"
39062279,39083176,"k_gemv_fp16(__half *, const __half *, const __half *, const __half *, int, int)"
39083208,39084040,"k_gelu(__half *, unsigned long long)"
39084104,39106858,"k_gemv_fp16(__half *, const __half *, const __half *, const __half *, int, int)"
39106922,39107690,"k_add(__half *, const __half *, unsigned long long)"
39107722,39110698,"k_layernorm(__half *, const __half *, const __half *, const __half *, int, int)"
39110730,39127115,"k_gemv_fp16(__half *, const __half *, const __half *, const __half *, int, int)"
39127179,39128043,"k_kv_append(__half *, __half *, const __half *, int, int)"
39128075,39186543,"k_attn_decode(__half *, const __half *, const __half *, const __half *, int, int)"
39186575,39193872,"k_gemv_fp16(__half *, const __half *, const __half *, const __half *, int, int)"
39193904,39194704,"k_add(__half *, const __half *, unsigned long long)"
39194736,39197584,"k_layernorm(__half *, const __half *, const __half *, const __half *, int, int)"
39198384,39219154,"k_gemv_fp16(__half *, const __half *, const __half *, const __half *, int, int)"
39219186,39220018,"k_gelu(__half *, unsigned long long)"
39220050,39242899,"k_gemv_fp16(__half *, const __half *, const __half *, const __half *, int, int)"
39242932,39243732,"k_add(__half *, const __half *, unsigned long long)"
39243763,39246676,"k_layernorm(__half *, const __half *, const __half *, const __half *, int, int)"
39246708,39263189,"k_gemv_fp16(__half *, const __half *, const __half *, const __half *, int, int)"
39263253,39264117,"k_kv_append(__half *, __half *, const __half *, int, int)"
39264149,39323225,"k_attn_decode(__half *, const __half *, const __half *, const __half *, int, int)"
39323257,39330521,"k_gemv_fp16(__half *, const __half *, const __half *, const __half *, int, int)"
39330586,39331354,"k_add(__half *, const __half *, unsigned long long)"
39331386,39334266,"k_layernorm(__half *, const __half *, const __half *, const __half *, int, int)"
39334298,39355131,"k_gemv_fp16(__half *, const __half *, const __half *, const __half *, int, int)"
39355163,39355995,"k_gelu(__half *, unsigned long long)"
39356027,39378845,"k_gemv_fp16(__half *, const __half *, const __half *, const __half *, int, int)"
39378877,39379677,"k_add(__half *, const __half *, unsigned long long)"
39379709,39382589,"k_layernorm(__half *, const __half *, const __half *, const __half *, int, int)"
39383325,39400383,"k_gemv_fp16(__half *, const __half *, const __half *, const __half *, int, int)"
39400414,39401310,"k_kv_append(__half *, __half *, const __half *, int, int)"
39401343,39459779,"k_attn_decode(__half *, const __half *, const __half *, const __half *, int, int)"
39459810,39467235,"k_gemv_fp16(__half *, const __half *, const __half *, const __half *, int, int)"
39467267,39468067,"k_add(__half *, const __half *, unsigned long long)"
39468099,39470980,"k_layernorm(__half *, const __half *, const __half *, const __half *, int, int)"
39471011,39491781,"k_gemv_fp16(__half *, const __half *, const __half *, const __half *, int, int)"
39491813,39492645,"k_gelu(__half *, unsigned long long)"
39492677,39515399,"k_gemv_fp16(__half *, const __half *, const __half *, const __half *, int, int)"
39515462,39516230,"k_add(__half *, const __half *, unsigned long long)"
39516263,39519111,"k_layernorm(__half *, const __half *, const __half *, const __half *, int, int)"
39519175,39535304,"k_gemv_fp16(__half *, const __half *, const __half *, const __half *, int, int)"
39535368,39536232,"k_kv_append(__half *, __half *, const __half *, int, int)"
39536264,39594796,"k_attn_decode(__half *, const __half *, const __half *, const __half *, int, int)"
39594860,39602189,"k_gemv_fp16(__half *, const __half *, const __half *, const __half *, int, int)"
39602253,39603021,"k_add(__half *, const __half *, unsigned long long)"
39603757,39606605,"k_layernorm(__half *, const __half *, const __half *, const __half *, int, int)"
39606669,39627438,"k_gemv_fp16(__half *, const __half *, const __half *, const __half *, int, int)"
39627470,39628302,"k_gelu(__half *, unsigned long long)"
39628335,39651184,"k_gemv_fp16(__half *, const __half *, const __half *, const __half *, int, int)"
39651216,39652016,"k_add(__half *, const __half *, unsigned long long)"
39652048,39655024,"k_layernorm(__half *, const __half *, const __half *, const __half *, int, int)"
39655056,39967078,"k_gemv_fp16(__half *, const __half *, const __half *, const __half *, int, int)"
40043244,40044172,"k_embed_one(__half *, const __half *, const __half *, int, int)"
40044204,40047084,"k_layernorm(__half *, const __half *, const __half *, const __half *, int, int)"
40047116,40063277,"k_gemv_fp16(__half *, const __half *, const __half *, const __half *, int, int)"
40063309,40064173,"k_kv_append(__half *, __half *, const __half *, int, int)"
40064237,40122897,"k_attn_decode(__half *, const __half *, const __half *, const __half *, int, int)"
40122929,40130194,"k_gemv_fp16(__half *, const __half *, const __half *, const __half *, int, int)"
40130226,40131026,"k_add(__half *, const __half *, unsigned long long)"
40131058,40134034,"k_layernorm(__half *, const __half *, const __half *, const __half *, int, int)"
40134066,40155027,"k_gemv_fp16(__half *, const __half *, const __half *, const __half *, int, int)"
40155059,40155892,"k_gelu(__half *, unsigned long long)"
40155923,40178805,"k_gemv_fp16(__half *, const __half *, const __half *, const __half *, int, int)"
40178837,40179637,"k_add(__half *, const __half *, unsigned long long)"
40179669,40182549,"k_layernorm(__half *, const __half *, const __half *, const __half *, int, int)"
40182581,40198839,"k_gemv_fp16(__half *, const __half *, const __half *, const __half *, int, int)"
40198870,40199766,"k_kv_append(__half *, __half *, const __half *, int, int)"
40199799,40258395,"k_attn_decode(__half *, const __half *, const __half *, const __half *, int, int)"
40259323,40266011,"k_gemv_fp16(__half *, const __half *, const __half *, const __half *, int, int)"
40266043,40266811,"k_add(__half *, const __half *, unsigned long long)"
40266843,40269755,"k_layernorm(__half *, const __half *, const __half *, const __half *, int, int)"
40269788,40290653,"k_gemv_fp16(__half *, const __half *, const __half *, const __half *, int, int)"
40290685,40291517,"k_gelu(__half *, unsigned long long)"
40291549,40314559,"k_gemv_fp16(__half *, const __half *, const __half *, const __half *, int, int)"
40314591,40315391,"k_add(__half *, const __half *, unsigned long long)"
40315423,40318335,"k_layernorm(__half *, const __half *, const __half *, const __half *, int, int)"
40318367,40334784,"k_gemv_fp16(__half *, const __half *, const __half *, const __half *, int, int)"
40334816,40335712,"k_kv_append(__half *, __half *, const __half *, int, int)"
40335744,40393860,"k_attn_decode(__half *, const __half *, const __half *, const __half *, int, int)"
40393892,40401189,"k_gemv_fp16(__half *, const __half *, const __half *, const __half *, int, int)"
40401221,40402021,"k_add(__half *, const __half *, unsigned long long)"
40402053,40405029,"k_layernorm(__half *, const __half *, const __half *, const __half *, int, int)"
40405061,40425894,"k_gemv_fp16(__half *, const __half *, const __half *, const __half *, int, int)"
40425958,40426758,"k_gelu(__half *, unsigned long long)"
40427526,40450440,"k_gemv_fp16(__half *, const __half *, const __half *, const __half *, int, int)"
40450504,40451272,"k_add(__half *, const __half *, unsigned long long)"
40451304,40454216,"k_layernorm(__half *, const __half *, const __half *, const __half *, int, int)"
40454248,40470665,"k_gemv_fp16(__half *, const __half *, const __half *, const __half *, int, int)"
40470698,40471562,"k_kv_append(__half *, __half *, const __half *, int, int)"
40471625,40530286,"k_attn_decode(__half *, const __half *, const __half *, const __half *, int, int)"
40530350,40537646,"k_gemv_fp16(__half *, const __half *, const __half *, const __half *, int, int)"
40537678,40538446,"k_add(__half *, const __half *, unsigned long long)"
40538510,40541358,"k_layernorm(__half *, const __half *, const __half *, const __half *, int, int)"
40541391,40562160,"k_gemv_fp16(__half *, const __half *, const __half *, const __half *, int, int)"
40562192,40563024,"k_gelu(__half *, unsigned long long)"
40563088,40585842,"k_gemv_fp16(__half *, const __half *, const __half *, const __half *, int, int)"
40585874,40586674,"k_add(__half *, const __half *, unsigned long long)"
40586706,40589618,"k_layernorm(__half *, const __half *, const __half *, const __half *, int, int)"
40589650,40605779,"k_gemv_fp16(__half *, const __half *, const __half *, const __half *, int, int)"
40605811,40606675,"k_kv_append(__half *, __half *, const __half *, int, int)"
40607379,40666007,"k_attn_decode(__half *, const __half *, const __half *, const __half *, int, int)"
40666039,40673432,"k_gemv_fp16(__half *, const __half *, const __half *, const __half *, int, int)"
40673464,40674264,"k_add(__half *, const __half *, unsigned long long)"
40674296,40677176,"k_layernorm(__half *, const __half *, const __half *, const __half *, int, int)"
40677240,40698234,"k_gemv_fp16(__half *, const __half *, const __half *, const __half *, int, int)"
40698265,40699098,"k_gelu(__half *, unsigned long long)"
40699130,40721915,"k_gemv_fp16(__half *, const __half *, const __half *, const __half *, int, int)"
40721947,40722747,"k_add(__half *, const __half *, unsigned long long)"
40722779,40725659,"k_layernorm(__half *, const __half *, const __half *, const __half *, int, int)"
40725691,40741821,"k_gemv_fp16(__half *, const __half *, const __half *, const __half *, int, int)"
40741852,40742749,"k_kv_append(__half *, __half *, const __half *, int, int)"
40742781,40801857,"k_attn_decode(__half *, const __half *, const __half *, const __half *, int, int)"
40801889,40809121,"k_gemv_fp16(__half *, const __half *, const __half *, const __half *, int, int)"
40809185,40809953,"k_add(__half *, const __half *, unsigned long long)"
40809985,40812865,"k_layernorm(__half *, const __half *, const __half *, const __half *, int, int)"
40812898,40833763,"k_gemv_fp16(__half *, const __half *, const __half *, const __half *, int, int)"
40834467,40835299,"k_gelu(__half *, unsigned long long)"
40835331,40858309,"k_gemv_fp16(__half *, const __half *, const __half *, const __half *, int, int)"
40858341,40859141,"k_add(__half *, const __half *, unsigned long long)"
40859173,40862085,"k_layernorm(__half *, const __half *, const __half *, const __half *, int, int)"
40862117,40878246,"k_gemv_fp16(__half *, const __half *, const __half *, const __half *, int, int)"
40878278,40879174,"k_kv_append(__half *, __half *, const __half *, int, int)"
40879206,40937706,"k_attn_decode(__half *, const __half *, const __half *, const __half *, int, int)"
40937770,40945099,"k_gemv_fp16(__half *, const __half *, const __half *, const __half *, int, int)"
40945163,40945931,"k_add(__half *, const __half *, unsigned long long)"
40945963,40948843,"k_layernorm(__half *, const __half *, const __half *, const __half *, int, int)"
40948875,40969677,"k_gemv_fp16(__half *, const __half *, const __half *, const __half *, int, int)"
40969708,40970541,"k_gelu(__half *, unsigned long long)"
40970572,40993358,"k_gemv_fp16(__half *, const __half *, const __half *, const __half *, int, int)"
40993422,40994190,"k_add(__half *, const __half *, unsigned long long)"
40994222,40997166,"k_layernorm(__half *, const __half *, const __half *, const __half *, int, int)"
40997231,41013263,"k_gemv_fp16(__half *, const __half *, const __half *, const __half *, int, int)"
41013968,41014864,"k_kv_append(__half *, __half *, const __half *, int, int)"
41014896,41073780,"k_attn_decode(__half *, const __half *, const __half *, const __half *, int, int)"
41073812,41080948,"k_gemv_fp16(__half *, const __half *, const __half *, const __half *, int, int)"
41080980,41081780,"k_add(__half *, const __half *, unsigned long long)"
41081812,41084661,"k_layernorm(__half *, const __half *, const __half *, const __half *, int, int)"
41084725,41105590,"k_gemv_fp16(__half *, const __half *, const __half *, const __half *, int, int)"
41105622,41106454,"k_gelu(__half *, unsigned long long)"
41106486,41129240,"k_gemv_fp16(__half *, const __half *, const __half *, const __half *, int, int)"
41129304,41130072,"k_add(__half *, const __half *, unsigned long long)"
41130104,41133080,"k_layernorm(__half *, const __half *, const __half *, const __half *, int, int)"
41133112,41149529,"k_gemv_fp16(__half *, const __half *, const __half *, const __half *, int, int)"
41149561,41150457,"k_kv_append(__half *, __half *, const __half *, int, int)"
41150489,41208893,"k_attn_decode(__half *, const __half *, const __half *, const __half *, int, int)"
41208925,41216222,"k_gemv_fp16(__half *, const __half *, const __half *, const __half *, int, int)"
41216254,41217022,"k_add(__half *, const __half *, unsigned long long)"
41217054,41219902,"k_layernorm(__half *, const __half *, const __half *, const __half *, int, int)"
41220606,41241407,"k_gemv_fp16(__half *, const __half *, const __half *, const __half *, int, int)"
41241440,41242272,"k_gelu(__half *, unsigned long long)"
41242304,41265153,"k_gemv_fp16(__half *, const __half *, const __half *, const __half *, int, int)"
41265185,41265985,"k_add(__half *, const __half *, unsigned long long)"
41266017,41268898,"k_layernorm(__half *, const __half *, const __half *, const __half *, int, int)"
41268930,41285283,"k_gemv_fp16(__half *, const __half *, const __half *, const __half *, int, int)"
41285315,41286211,"k_kv_append(__half *, __half *, const __half *, int, int)"
41286243,41344455,"k_attn_decode(__half *, const __half *, const __half *, const __half *, int, int)"
41344519,41351783,"k_gemv_fp16(__half *, const __half *, const __half *, const __half *, int, int)"
41351815,41352615,"k_add(__half *, const __half *, unsigned long long)"
41352647,41355496,"k_layernorm(__half *, const __half *, const __half *, const __half *, int, int)"
41355528,41376297,"k_gemv_fp16(__half *, const __half *, const __half *, const __half *, int, int)"
41376329,41377161,"k_gelu(__half *, unsigned long long)"
41377193,41400011,"k_gemv_fp16(__half *, const __half *, const __half *, const __half *, int, int)"
41400043,41400811,"k_add(__half *, const __half *, unsigned long long)"
41400875,41403755,"k_layernorm(__half *, const __half *, const __half *, const __half *, int, int)"
41404459,41421228,"k_gemv_fp16(__half *, const __half *, const __half *, const __half *, int, int)"
41421260,41422156,"k_kv_append(__half *, __half *, const __half *, int, int)"
41422188,41480432,"k_attn_decode(__half *, const __half *, const __half *, const __half *, int, int)"
41480464,41487857,"k_gemv_fp16(__half *, const __half *, const __half *, const __half *, int, int)"
41487889,41488689,"k_add(__half *, const __half *, unsigned long long)"
41488721,41491633,"k_layernorm(__half *, const __half *, const __half *, const __half *, int, int)"
41491665,41512499,"k_gemv_fp16(__half *, const __half *, const __half *, const __half *, int, int)"
41512531,41513363,"k_gelu(__half *, unsigned long long)"
41513395,41536212,"k_gemv_fp16(__half *, const __half *, const __half *, const __half *, int, int)"
41536244,41537012,"k_add(__half *, const __half *, unsigned long long)"
41537044,41539925,"k_layernorm(__half *, const __half *, const __half *, const __half *, int, int)"
41539956,41556214,"k_gemv_fp16(__half *, const __half *, const __half *, const __half *, int, int)"
41556246,41557110,"k_kv_append(__half *, __half *, const __half *, int, int)"
41557174,41615706,"k_attn_decode(__half *, const __half *, const __half *, const __half *, int, int)"
41615738,41623034,"k_gemv_fp16(__half *, const __half *, const __half *, const __half *, int, int)"
41623098,41623866,"k_add(__half *, const __half *, unsigned long long)"
41624603,41627483,"k_layernorm(__half *, const __half *, const __half *, const __half *, int, int)"
41627515,41648252,"k_gemv_fp16(__half *, const __half *, const __half *, const __half *, int, int)"
41648316,41649116,"k_gelu(__half *, unsigned long long)"
41649180,41671998,"k_gemv_fp16(__half *, const __half *, const __half *, const __half *, int, int)"
41672030,41672798,"k_add(__half *, const __half *, unsigned long long)"
41672862,41675710,"k_layernorm(__half *, const __half *, const __half *, const __half *, int, int)"
41675774,41987508,"k_gemv_fp16(__half *, const __half *, const __half *, const __half *, int, int)"
42048280,42049208,"k_embed_one(__half *, const __half *, const __half *, int, int)"
42049240,42052120,"k_layernorm(__half *, const __half *, const __half *, const __half *, int, int)"
42052152,42068376,"k_gemv_fp16(__half *, const __half *, const __half *, const __half *, int, int)"
42068377,42069274,"k_kv_append(__half *, __half *, const __half *, int, int)"
42069306,42127550,"k_attn_decode(__half *, const __half *, const __half *, const __half *, int, int)"
42127614,42134846,"k_gemv_fp16(__half *, const __half *, const __half *, const __half *, int, int)"
42134910,42135678,"k_add(__half *, const __half *, unsigned long long)"
42135710,42138591,"k_layernorm(__half *, const __half *, const __half *, const __half *, int, int)"
42138622,42159392,"k_gemv_fp16(__half *, const __half *, const __half *, const __half *, int, int)"
42159456,42160288,"k_gelu(__half *, unsigned long long)"
42160320,42183234,"k_gemv_fp16(__half *, const __half *, const __half *, const __half *, int, int)"
42183266,42184066,"k_add(__half *, const __half *, unsigned long long)"
42184098,42186978,"k_layernorm(__half *, const __half *, const __half *, const __half *, int, int)"
42187010,42203171,"k_gemv_fp16(__half *, const __half *, const __half *, const __half *, int, int)"
42203203,42204067,"k_kv_append(__half *, __half *, const __half *, int, int)"
42204099,42262471,"k_attn_decode(__half *, const __half *, const __half *, const __half *, int, int)"
42263367,42270056,"k_gemv_fp16(__half *, const __half *, const __half *, const __half *, int, int)"
42270088,42270888,"k_add(__half *, const __half *, unsigned long long)"
42270920,42273928,"k_layernorm(__half *, const __half *, const __half *, const __half *, int, int)"
42273992,42294826,"k_gemv_fp16(__half *, const __half *, const __half *, const __half *, int, int)"
42294857,42295721,"k_gelu(__half *, unsigned long long)"
42295754,42318699,"k_gemv_fp16(__half *, const __half *, const __half *, const __half *, int, int)"
42318731,42319531,"k_add(__half *, const __half *, unsigned long long)"
42319563,42322443,"k_layernorm(__half *, const __half *, const __half *, const __half *, int, int)"
42322475,42338701,"k_gemv_fp16(__half *, const __half *, const __half *, const __half *, int, int)"
42338764,42339629,"k_kv_append(__half *, __half *, const __half *, int, int)"
42339661,42397969,"k_attn_decode(__half *, const __half *, const __half *, const __half *, int, int)"
42398001,42405329,"k_gemv_fp16(__half *, const __half *, const __half *, const __half *, int, int)"
42405361,42406161,"k_add(__half *, const __half *, unsigned long long)"
42406193,42409042,"k_layernorm(__half *, const __half *, const __half *, const __half *, int, int)"
42409105,42429939,"k_gemv_fp16(__half *, const __half *, const __half *, const __half *, int, int)"
42430003,42430835,"k_gelu(__half *, unsigned long long)"
42431571,42454485,"k_gemv_fp16(__half *, const __half *, const __half *, const __half *, int, int)"
42454517,42455285,"k_add(__half *, const __half *, unsigned long long)"
42455349,42458197,"k_layernorm(__half *, const __half *, const __half *, const __half *, int, int)"
42458229,42474390,"k_gemv_fp16(__half *, const __half *, const __half *, const __half *, int, int)"
42474454,42475318,"k_kv_append(__half *, __half *, const __half *, int, int)"
42475350,42534010,"k_attn_decode(__half *, const __half *, const __half *, const __half *, int, int)"
42534074,42541467,"k_gemv_fp16(__half *, const __half *, const __half *, const __half *, int, int)"
42541499,42542299,"k_add(__half *, const __half *, unsigned long long)"
42542331,42545243,"k_layernorm(__half *, const __half *, const __half *, const __half *, int, int)"
42545275,42566044,"k_gemv_fp16(__half *, const __half *, const __half *, const __half *, int, int)"
42566108,42566908,"k_gelu(__half *, unsigned long long)"
42566973,42589758,"k_gemv_fp16(__half *, const __half *, const __half *, const __half *, int, int)"
42589790,42590558,"k_add(__half *, const __half *, unsigned long long)"
42590622,42593598,"k_layernorm(__half *, const __half *, const __half *, const __half *, int, int)"
42593631,42609824,"k_gemv_fp16(__half *, const __half *, const __half *, const __half *, int, int)"
42609888,42610752,"k_kv_append(__half *, __half *, const __half *, int, int)"
42611520,42670467,"k_attn_decode(__half *, const __half *, const __half *, const __half *, int, int)"
42670468,42677796,"k_gemv_fp16(__half *, const __half *, const __half *, const __half *, int, int)"
42677828,42678628,"k_add(__half *, const __half *, unsigned long long)"
42678661,42681637,"k_layernorm(__half *, const __half *, const __half *, const __half *, int, int)"
42681669,42702758,"k_gemv_fp16(__half *, const __half *, const __half *, const __half *, int, int)"
42702822,42703654,"k_gelu(__half *, unsigned long long)"
42703686,42726664,"k_gemv_fp16(__half *, const __half *, const __half *, const __half *, int, int)"
42726728,42727496,"k_add(__half *, const __half *, unsigned long long)"
42727528,42730408,"k_layernorm(__half *, const __half *, const __half *, const __half *, int, int)"
42730440,42746473,"k_gemv_fp16(__half *, const __half *, const __half *, const __half *, int, int)"
42746505,42747401,"k_kv_append(__half *, __half *, const __half *, int, int)"
42747433,42805965,"k_attn_decode(__half *, const __half *, const __half *, const __half *, int, int)"
42805997,42813262,"k_gemv_fp16(__half *, const __half *, const __half *, const __half *, int, int)"
42813294,42814062,"k_add(__half *, const __half *, unsigned long long)"
42814126,42817006,"k_layernorm(__half *, const __half *, const __half *, const __half *, int, int)"
42817038,42837840,"k_gemv_fp16(__half *, const __half *, const __half *, const __half *, int, int)"
42838736,42839568,"k_gelu(__half *, unsigned long long)"
42839632,42862577,"k_gemv_fp16(__half *, const __half *, const __half *, const __half *, int, int)"
42862609,42863377,"k_add(__half *, const __half *, unsigned long long)"
42863441,42866354,"k_layernorm(__half *, const __half *, const __half *, const __half *, int, int)"
42866386,42882515,"k_gemv_fp16(__half *, const __half *, const __half *, const __half *, int, int)"
42882547,42883443,"k_kv_append(__half *, __half *, const __half *, int, int)"
42883475,42942647,"k_attn_decode(__half *, const __half *, const __half *, const __half *, int, int)"
42942679,42950199,"k_gemv_fp16(__half *, const __half *, const __half *, const __half *, int, int)"
42950231,42950999,"k_add(__half *, const __half *, unsigned long long)"
42951032,42953912,"k_layernorm(__half *, const __half *, const __half *, const __half *, int, int)"
42953976,42974745,"k_gemv_fp16(__half *, const __half *, const __half *, const __half *, int, int)"
42974809,42975609,"k_gelu(__half *, unsigned long long)"
42975673,42998395,"k_gemv_fp16(__half *, const __half *, const __half *, const __half *, int, int)"
42998427,42999195,"k_add(__half *, const __half *, unsigned long long)"
42999259,43002203,"k_layernorm(__half *, const __half *, const __half *, const __half *, int, int)"
43002267,43018364,"k_gemv_fp16(__half *, const __half *, const __half *, const __half *, int, int)"
43019100,43019964,"k_kv_append(__half *, __half *, const __half *, int, int)"
43020028,43078464,"k_attn_decode(__half *, const __half *, const __half *, const __half *, int, int)"
43078528,43085793,"k_gemv_fp16(__half *, const __half *, const __half *, const __half *, int, int)"
43085825,43086625,"k_add(__half *, const __half *, unsigned long long)"
43086657,43089505,"k_layernorm(__half *, const __half *, const __half *, const __half *, int, int)"
43089569,43110467,"k_gemv_fp16(__half *, const __half *, const __half *, const __half *, int, int)"
43110499,43111331,"k_gelu(__half *, unsigned long long)"
43111363,43134276,"k_gemv_fp16(__half *, const __half *, const __half *, const __half *, int, int)"
43134308,43135109,"k_add(__half *, const __half *, unsigned long long)"
43135140,43138053,"k_layernorm(__half *, const __half *, const __half *, const __half *, int, int)"
43138117,43154406,"k_gemv_fp16(__half *, const __half *, const __half *, const __half *, int, int)"
43154438,43155334,"k_kv_append(__half *, __half *, const __half *, int, int)"
43155366,43213898,"k_attn_decode(__half *, const __half *, const __half *, const __half *, int, int)"
43213930,43221226,"k_gemv_fp16(__half *, const __half *, const __half *, const __half *, int, int)"
43221259,43222058,"k_add(__half *, const __half *, unsigned long long)"
43222059,43224907,"k_layernorm(__half *, const __half *, const __half *, const __half *, int, int)"
43225803,43246572,"k_gemv_fp16(__half *, const __half *, const __half *, const __half *, int, int)"
43246604,43247436,"k_gelu(__half *, unsigned long long)"
43247468,43270286,"k_gemv_fp16(__half *, const __half *, const __half *, const __half *, int, int)"
43270350,43271118,"k_add(__half *, const __half *, unsigned long long)"
43271150,43274094,"k_layernorm(__half *, const __half *, const __half *, const __half *, int, int)"
43274126,43290351,"k_gemv_fp16(__half *, const __half *, const __half *, const __half *, int, int)"
43290383,43291279,"k_kv_append(__half *, __half *, const __half *, int, int)"
43291311,43350036,"k_attn_decode(__half *, const __half *, const __half *, const __half *, int, int)"
43350067,43357332,"k_gemv_fp16(__half *, const __half *, const __half *, const __half *, int, int)"
43357396,43358164,"k_add(__half *, const __half *, unsigned long long)"
43358196,43361044,"k_layernorm(__half *, const __half *, const __half *, const __half *, int, int)"
43361108,43381878,"k_gemv_fp16(__half *, const __half *, const __half *, const __half *, int, int)"
43381910,43382742,"k_gelu(__half *, unsigned long long)"
43382774,43405559,"k_gemv_fp16(__half *, const __half *, const __half *, const __half *, int, int)"
43405591,43406391,"k_add(__half *, const __half *, unsigned long long)"
43406423,43409304,"k_layernorm(__half *, const __half *, const __half *, const __half *, int, int)"
43410008,43426169,"k_gemv_fp16(__half *, const __half *, const __half *, const __half *, int, int)"
43426201,43427065,"k_kv_append(__half *, __half *, const __half *, int, int)"
43427097,43485853,"k_attn_decode(__half *, const __half *, const __half *, const __half *, int, int)"
43485885,43493374,"k_gemv_fp16(__half *, const __half *, const __half *, const __half *, int, int)"
43493406,43494174,"k_add(__half *, const __half *, unsigned long long)"
43494238,43497118,"k_layernorm(__half *, const __half *, const __half *, const __half *, int, int)"
43497150,43517983,"k_gemv_fp16(__half *, const __half *, const __half *, const __half *, int, int)"
43518015,43518847,"k_gelu(__half *, unsigned long long)"
43518879,43541665,"k_gemv_fp16(__half *, const __half *, const __half *, const __half *, int, int)"
43541697,43542497,"k_add(__half *, const __half *, unsigned long long)"
43542529,43545377,"k_layernorm(__half *, const __half *, const __half *, const __half *, int, int)"
43545409,43561538,"k_gemv_fp16(__half *, const __half *, const __half *, const __half *, int, int)"
43561602,43562466,"k_kv_append(__half *, __half *, const __half *, int, int)"
43562498,43620679,"k_attn_decode(__half *, const __half *, const __half *, const __half *, int, int)"
43620710,43628039,"k_gemv_fp16(__half *, const __half *, const __half *, const __half *, int, int)"
43628071,43628871,"k_add(__half *, const __half *, unsigned long long)"
43629607,43632487,"k_layernorm(__half *, const __half *, const __half *, const __half *, int, int)"
43632519,43653289,"k_gemv_fp16(__half *, const __half *, const __half *, const __half *, int, int)"
43653353,43654185,"k_gelu(__half *, unsigned long long)"
43654217,43677226,"k_gemv_fp16(__half *, const __half *, const __half *, const __half *, int, int)"
43677259,43678026,"k_add(__half *, const __half *, unsigned long long)"
43678090,43680971,"k_layernorm(__half *, const __half *, const __half *, const __half *, int, int)"
43681003,43992384,"k_gemv_fp16(__half *, const __half *, const __half *, const __half *, int, int)"
