start_ns,end_ns,name
10348555,10349483,"k_embed_one(__half *, const __half *, const __half *, int, int)"
10349547,10352459,"k_layernorm(__half *, const __half *, const __half *, const __half *, int, int)"
10352491,10368653,"k_gemv_fp16(__half *, const __half *, const __half *, const __half *, int, int)"
10368685,10369581,"k_kv_append(__half *, __half *, const __half *, int, int)"
10369613,10478324,"k_attn_decode_ordered4(__half *, const __half *, const __half *, const __half *, int, int)"
10478356,10485653,"k_gemv_fp16(__half *, const __half *, const __half *, const __half *, int, int)"
10485717,10486517,"k_add(__half *, const __half *, unsigned long long)"
10486549,10489429,"k_layernorm(__half *, const __half *, const __half *, const __half *, int, int)"
10489461,10510422,"k_gemv_fp16(__half *, const __half *, const __half *, const __half *, int, int)"
10510454,10511318,"k_gelu(__half *, unsigned long long)"
10511351,10534264,"k_gemv_fp16(__half *, const __half *, const __half *, const __half *, int, int)"
10534296,10535096,"k_add(__half *, const __half *, unsigned long long)"
10535128,10538008,"k_layernorm(__half *, const __half *, const __half *, const __half *, int, int)"
10538040,10554233,"k_gemv_fp16(__half *, const __half *, const __half *, const __half *, int, int)"
10554265,10555161,"k_kv_append(__half *, __half *, const __half *, int, int)"
10555193,10663553,"k_attn_decode_ordered4(__half *, const __half *, const __half *, const __half *, int, int)"
10664449,10670978,"k_gemv_fp16(__half *, const __half *, const __half *, const __half *, int, int)"
10671009,10671778,"k_add(__half *, const __half *, unsigned long long)"
10671842,10674722,"k_layernorm(__half *, const __half *, const __half *, const __half *, int, int)"
10674754,10697059,"k_gemv_fp16(__half *, const __half *, const __half *, const __half *, int, int)"
10697091,10697923,"k_gelu(__half *, unsigned long long)"
10697955,10725381,"k_gemv_fp16(__half *, const __half *, const __half *, const __half *, int, int)"
10725445,10726213,"k_add(__half *, const __half *, unsigned long long)"
10726245,10729093,"k_layernorm(__half *, const __half *, const __half *, const __half *, int, int)"
10729157,10746054,"k_gemv_fp16(__half *, const __half *, const __half *, const __half *, int, int)"
10746087,10746951,"k_kv_append(__half *, __half *, const __half *, int, int)"
10746983,10855278,"k_attn_decode_ordered4(__half *, const __half *, const __half *, const __half *, int, int)"
10855342,10862671,"k_gemv_fp16(__half *, const __half *, const __half *, const __half *, int, int)"
10862735,10863503,"k_add(__half *, const __half *, unsigned long long)"
10863535,10866415,"k_layernorm(__half *, const __half *, const __half *, const __half *, int, int)"
10866479,10887280,"k_gemv_fp16(__half *, const __half *, const __half *, const __half *, int, int)"
10887312,10888144,"k_gelu(__half *, unsigned long long)"
10888816,10911698,"k_gemv_fp16(__half *, const __half *, const __half *, const __half *, int, int)"
10911730,10912530,"k_add(__half *, const __half *, unsigned long long)"
10912562,10915442,"k_layernorm(__half *, const __half *, const __half *, const __half *, int, int)"
10915474,10931923,"k_gemv_fp16(__half *, const __half *, const __half *, const __half *, int, int)"
10931955,10932819,"k_kv_append(__half *, __half *, const __half *, int, int)"
10932852,11041339,"k_attn_decode_ordered4(__half *, const __half *, const __half *, const __half *, int, int)"
11041371,11048635,"k_gemv_fp16(__half *, const __half *, const __half *, const __half *, int, int)"
11048667,11049436,"k_add(__half *, const __half *, unsigned long long)"
11049467,11052348,"k_layernorm(__half *, const __half *, const __half *, const __half *, int, int)"
11052380,11073181,"k_gemv_fp16(__half *, const __half *, const __half *, const __half *, int, int)"
11073213,11074045,"k_gelu(__half *, unsigned long long)"
11074077,11096927,"k_gemv_fp16(__half *, const __half *, const __half *, const __half *, int, int)"
11096959,11097759,"k_add(__half *, const __half *, unsigned long long)"
11097791,11100735,"k_layernorm(__half *, const __half *, const __half *, const __half *, int, int)"
11100767,11117184,"k_gemv_fp16(__half *, const __half *, const __half *, const __half *, int, int)"
11117216,11118080,"k_kv_append(__half *, __half *, const __half *, int, int)"
11118816,11227016,"k_attn_decode_ordered4(__half *, const __half *, const __half *, const __half *, int, int)"
11227048,11234472,"k_gemv_fp16(__half *, const __half *, const __half *, const __half *, int, int)"
11234504,11235304,"k_add(__half *, const __half *, unsigned long long)"
11235336,11238185,"k_layernorm(__half *, const __half *, const __half *, const __half *, int, int)"
11238248,11259082,"k_gemv_fp16(__half *, const __half *, const __half *, const __half *, int, int)"
11259114,11259978,"k_gelu(__half *, unsigned long long)"
11260010,11282731,"k_gemv_fp16(__half *, const __half *, const __half *, const __half *, int, int)"
11282764,11283564,"k_add(__half *, const __half *, unsigned long long)"
11283596,11286508,"k_layernorm(__half *, const __half *, const __half *, const __half *, int, int)"
11286540,11302893,"k_gemv_fp16(__half *, const __half *, const __half *, const __half *, int, int)"
11302925,11303789,"k_kv_append(__half *, __half *, const __half *, int, int)"
11303821,11411956,"k_attn_decode_ordered4(__half *, const __half *, const __half *, const __half *, int, int)"
11411989,11419317,"k_gemv_fp16(__half *, const __half *, const __half *, const __half *, int, int)"
11419349,11420117,"k_add(__half *, const __half *, unsigned long long)"
11420149,11423029,"k_layernorm(__half *, const __half *, const __half *, const __half *, int, int)"
11423061,11443895,"k_gemv_fp16(__half *, const __half *, const __half *, const __half *, int, int)"
11444599,11445431,"k_gelu(__half *, unsigned long long)"
11445495,11468536,"k_gemv_fp16(__half *, const __half *, const __half *, const __half *, int, int)"
11468568,11469368,"k_add(__half *, const __half *, unsigned long long)"
11469400,11472281,"k_layernorm(__half *, const __half *, const __half *, const __half *, int, int)"
11472313,11488602,"k_gemv_fp16(__half *, const __half *, const __half *, const __half *, int, int)"
11488634,11489498,"k_kv_append(__half *, __half *, const __half *, int, int)"
11489530,11597409,"k_attn_decode_ordered4(__half *, const __half *, const __half *, const __half *, int, int)"
11597441,11604674,"k_gemv_fp16(__half *, const __half *, const __half *, const __half *, int, int)"
11604738,11605506,"k_add(__half *, const __half *, unsigned long long)"
11605538,11608418,"k_layernorm(__half *, const __half *, const __half *, const __half *, int, int)"
11608450,11629187,"k_gemv_fp16(__half *, const __half *, const __half *, const __half *, int, int)"
11629219,11630051,"k_gelu(__half *, unsigned long long)"
11630116,11653157,"k_gemv_fp16(__half *, const __half *, const __half *, const __half *, int, int)"
11653189,11653957,"k_add(__half *, const __half *, unsigned long long)"
11653989,11656869,"k_layernorm(__half *, const __half *, const __half *, const __half *, int, int)"
11656901,11673063,"k_gemv_fp16(__half *, const __half *, const __half *, const __half *, int, int)"
11673831,11674695,"k_kv_append(__half *, __half *, const __half *, int, int)"
11674727,11782862,"k_attn_decode_ordered4(__half *, const __half *, const __half *, const __half *, int, int)"
11782894,11790222,"k_gemv_fp16(__half *, const __half *, const __half *, const __half *, int, int)"
11790255,11791023,"k_add(__half *, const __half *, unsigned long long)"
11791055,11793935,"k_layernorm(__half *, const __half *, const __half *, const __half *, int, int)"
11793999,11814864,"k_gemv_fp16(__half *, const __half *, const __half *, const __half *, int, int)"
11814896,11815728,"k_gelu(__half *, unsigned long long)"
11815760,11838578,"k_gemv_fp16(__half *, const __half *, const __half *, const __half *, int, int)"
11838610,11839378,"k_add(__half *, const __half *, unsigned long long)"
11839410,11842290,"k_layernorm(__half *, const __half *, const __half *, const __half *, int, int)"
11842322,11858547,"k_gemv_fp16(__half *, const __half *, const __half *, const __half *, int, int)"
11858579,11859443,"k_kv_append(__half *, __half *, const __half *, int, int)"
11859475,11967771,"k_attn_decode_ordered4(__half *, const __half *, const __half *, const __half *, int, int)"
11967803,11975131,"k_gemv_fp16(__half *, const __half *, const __half *, const __half *, int, int)"
11975163,11975931,"k_add(__half *, const __half *, unsigned long long)"
11975963,11978811,"k_layernorm(__half *, const __half *, const __half *, const __half *, int, int)"
11979516,12000413,"k_gemv_fp16(__half *, const __half *, const __half *, const __half *, int, int)"
12000445,12001277,"k_gelu(__half *, unsigned long long)"
12001309,12024127,"k_gemv_fp16(__half *, const __half *, const __half *, const __half *, int, int)"
12024191,12024959,"k_add(__half *, const __half *, unsigned long long)"
12024991,12027871,"k_layernorm(__half *, const __half *, const __half *, const __half *, int, int)"
12027903,12044416,"k_gemv_fp16(__half *, const __half *, const __half *, const __half *, int, int)"
12044448,12045312,"k_kv_append(__half *, __half *, const __half *, int, int)"
12045344,12153736,"k_attn_decode_ordered4(__half *, const __half *, const __half *, const __half *, int, int)"
12153768,12161064,"k_gemv_fp16(__half *, const __half *, const __half *, const __half *, int, int)"
12161096,12161864,"k_add(__half *, const __half *, unsigned long long)"
12161896,12164776,"k_layernorm(__half *, const __half *, const __half *, const __half *, int, int)"
12164808,12185738,"k_gemv_fp16(__half *, const __half *, const __half *, const __half *, int, int)"
12185770,12186602,"k_gelu(__half *, unsigned long long)"
12186634,12209418,"k_gemv_fp16(__half *, const __half *, const __half *, const __half *, int, int)"
12209419,12210219,"k_add(__half *, const __half *, unsigned long long)"
12210251,12213196,"k_layernorm(__half *, const __half *, const __half *, const __half *, int, int)"
12213900,12230476,"k_gemv_fp16(__half *, const __half *, const __half *, const __half *, int, int)"
12230477,12231373,"k_kv_append(__half *, __half *, const __half *, int, int)"
12231405,12339508,"k_attn_decode_ordered4(__half *, const __half *, const __half *, const __half *, int, int)"
12339540,12346645,"k_gemv_fp16(__half *, const __half *, const __half *, const __half *, int, int)"
12346677,12347477,"k_add(__half *, const __half *, unsigned long long)"
12347509,12350389,"k_layernorm(__half *, const __half *, const __half *, const __half *, int, int)"
12350421,12371254,"k_gemv_fp16(__half *, const __half *, const __half *, const __half *, int, int)"
12371318,12372151,"k_gelu(__half *, unsigned long long)"
12372183,12395000,"k_gemv_fp16(__half *, const __half *, const __half *, const __half *, int, int)"
12395032,12395800,"k_add(__half *, const __half *, unsigned long long)"
12395864,12398712,"k_layernorm(__half *, const __half *, const __half *, const __half *, int, int)"
12398744,12414938,"k_gemv_fp16(__half *, const __half *, const __half *, const __half *, int, int)"
12414969,12415833,"k_kv_append(__half *, __half *, const __half *, int, int)"
12415898,12524385,"k_attn_decode_ordered4(__half *, const __half *, const __half *, const __half *, int, int)"
12524449,12531714,"k_gemv_fp16(__half *, const __half *, const __half *, const __half *, int, int)"
12531745,12532546,"k_add(__half *, const __half *, unsigned long long)"
12533218,12536130,"k_layernorm(__half *, const __half *, const __half *, const __half *, int, int)"
12536194,12556931,"k_gemv_fp16(__half *, const __half *, const __half *, const __half *, int, int)"
12556995,12557795,"k_gelu(__half *, unsigned long long)"
12557859,12580645,"k_gemv_fp16(__half *, const __half *, const __half *, const __half *, int, int)"
12580677,12581445,"k_add(__half *, const __half *, unsigned long long)"
12581509,12584389,"k_layernorm(__half *, const __half *, const __half *, const __half *, int, int)"
12584453,12896187,"k_gemv_fp16(__half *, const __half *, const __half *, const __half *, int, int)"
13033220,13034148,"k_embed_one(__half *, const __half *, const __half *, int, int)"
13034180,13037060,"k_layernorm(__half *, const __half *, const __half *, const __half *, int, int)"
13037092,13053317,"k_gemv_fp16(__half *, const __half *, const __half *, const __half *, int, int)"
13053350,13054214,"k_kv_append(__half *, __half *, const __half *, int, int)"
13054245,13161613,"k_attn_decode_ordered4(__half *, const __half *, const __half *, const __half *, int, int)"
13161645,13168974,"k_gemv_fp16(__half *, const __half *, const __half *, const __half *, int, int)"
13169005,13169805,"k_add(__half *, const __half *, unsigned long long)"
13169838,13172718,"k_layernorm(__half *, const __half *, const __half *, const __half *, int, int)"
13172750,13193775,"k_gemv_fp16(__half *, const __half *, const __half *, const __half *, int, int)"
13193807,13194639,"k_gelu(__half *, unsigned long long)"
13194671,13217585,"k_gemv_fp16(__half *, const __half *, const __half *, const __half *, int, int)"
13217617,13218385,"k_add(__half *, const __half *, unsigned long long)"
13218449,13221297,"k_layernorm(__half *, const __half *, const __half *, const __half *, int, int)"
13221329,13237554,"k_gemv_fp16(__half *, const __half *, const __half *, const __half *, int, int)"
13237618,13238482,"k_kv_append(__half *, __half *, const __half *, int, int)"
13238514,13346554,"k_attn_decode_ordered4(__half *, const __half *, const __half *, const __half *, int, int)"
13347258,13353946,"k_gemv_fp16(__half *, const __half *, const __half *, const __half *, int, int)"
13353978,13354746,"k_add(__half *, const __half *, unsigned long long)"
13354810,13357690,"k_layernorm(__half *, const __half *, const __half *, const __half *, int, int)"
13357723,13378588,"k_gemv_fp16(__half *, const __half *, const __half *, const __half *, int, int)"
13378620,13379452,"k_gelu(__half *, unsigned long long)"
13379484,13402398,"k_gemv_fp16(__half *, const __half *, const __half *, const __half *, int, int)"
13402429,13403198,"k_add(__half *, const __half *, unsigned long long)"
13403262,13406238,"k_layernorm(__half *, const __half *, const __half *, const __half *, int, int)"
13406302,13422463,"k_gemv_fp16(__half *, const __half *, const __half *, const __half *, int, int)"
13422495,13423359,"k_kv_append(__half *, __half *, const __half *, int, int)"
13423391,13531718,"k_attn_decode_ordered4(__half *, const __half *, const __half *, const __half *, int, int)"
13531750,13539111,"k_gemv_fp16(__half *, const __half *, const __half *, const __half *, int, int)"
13539175,13539943,"k_add(__half *, const __half *, unsigned long long)"
13539975,13542855,"k_layernorm(__half *, const __half *, const __half *, const __half *, int, int)"
13542919,13563689,"k_gemv_fp16(__half *, const __half *, const __half *, const __half *, int, int)"
13563720,13564553,"k_gelu(__half *, unsigned long long)"
13565289,13588170,"k_gemv_fp16(__half *, const __half *, const __half *, const __half *, int, int)"
13588202,13589002,"k_add(__half *, const __half *, unsigned long long)"
13589034,13591978,"k_layernorm(__half *, const __half *, const __half *, const __half *, int, int)"
13592043,13608108,"k_gemv_fp16(__half *, const __half *, const __half *, const __half *, int, int)"
13608140,13609036,"k_kv_append(__half *, __half *, const __half *, int, int)"
13609068,13717171,"k_attn_decode_ordered4(__half *, const __half *, const __half *, const __half *, int, int)"
13717203,13724468,"k_gemv_fp16(__half *, const __half *, const __half *, const __half *, int, int)"
13724500,13725268,"k_add(__half *, const __half *, unsigned long long)"
13725300,13728212,"k_layernorm(__half *, const __half *, const __half *, const __half *, int, int)"
13728244,13749013,"k_gemv_fp16(__half *, const __half *, const __half *, const __half *, int, int)"
13749045,13749877,"k_gelu(__half *, unsigned long long)"
13749910,13772727,"k_gemv_fp16(__half *, const __half *, const __half *, const __half *, int, int)"
13772759,13773527,"k_add(__half *, const __half *, unsigned long long)"
13773559,13776567,"k_layernorm(__half *, const __half *, const __half *, const __half *, int, int)"
13776599,13792760,"k_gemv_fp16(__half *, const __half *, const __half *, const __half *, int, int)"
13792824,13793688,"k_kv_append(__half *, __half *, const __half *, int, int)"
13794425,13902336,"k_attn_decode_ordered4(__half *, const __half *, const __half *, const __half *, int, int)"
13902368,13909856,"k_gemv_fp16(__half *, const __half *, const __half *, const __half *, int, int)"
13909889,13910657,"k_add(__half *, const __half *, unsigned long long)"
13910688,13913665,"k_layernorm(__half *, const __half *, const __half *, const __half *, int, int)"
13913697,13934498,"k_gemv_fp16(__half *, const __half *, const __half *, const __half *, int, int)"
13934530,13935362,"k_gelu(__half *, unsigned long long)"
13935426,13958244,"k_gemv_fp16(__half *, const __half *, const __half *, const __half *, int, int)"
13958276,13959044,"k_add(__half *, const __half *, unsigned long long)"
13959076,13961956,"k_layernorm(__half *, const __half *, const __half *, const __half *, int, int)"
13962020,13978372,"k_gemv_fp16(__half *, const __half *, const __half *, const __half *, int, int)"
13978373,13979269,"k_kv_append(__half *, __half *, const __half *, int, int)"
13979301,14087213,"k_attn_decode_ordered4(__half *, const __half *, const __half *, const __half *, int, int)"
14087245,14094605,"k_gemv_fp16(__half *, const __half *, const __half *, const __half *, int, int)"
14094637,14095405,"k_add(__half *, const __half *, unsigned long long)"
14095469,14098317,"k_layernorm(__half *, const __half *, const __half *, const __half *, int, int)"
14098349,14119311,"k_gemv_fp16(__half *, const __half *, const __half *, const __half *, int, int)"
14120047,14120879,"k_gelu(__half *, unsigned long long)"
14120911,14143761,"k_gemv_fp16(__half *, const __half *, const __half *, const __half *, int, int)"
14143792,14144593,"k_add(__half *, const __half *, unsigned long long)"
14144625,14147505,"k_layernorm(__half *, const __half *, const __half *, const __half *, int, int)"
14147537,14163794,"k_gemv_fp16(__half *, const __half *, const __half *, const __half *, int, int)"
14163826,14164690,"k_kv_append(__half *, __half *, const __half *, int, int)"
14164722,14272633,"k_attn_decode_ordered4(__half *, const __half *, const __half *, const __half *, int, int)"
14272665,14279930,"k_gemv_fp16(__half *, const __half *, const __half *, const __half *, int, int)"
14279962,14280730,"k_add(__half *, const __half *, unsigned long long)"
14280762,14283706,"k_layernorm(__half *, const __half *, const __half *, const __half *, int, int)"
14283738,14304508,"k_gemv_fp16(__half *, const __half *, const __half *, const __half *, int, int)"
14304572,14305404,"k_gelu(__half *, unsigned long long)"
14305436,14328221,"k_gemv_fp16(__half *, const __half *, const __half *, const __half *, int, int)"
14328253,14329053,"k_add(__half *, const __half *, unsigned long long)"
14329085,14331966,"k_layernorm(__half *, const __half *, const __half *, const __half *, int, int)"
14331998,14348351,"k_gemv_fp16(__half *, const __half *, const __half *, const __half *, int, int)"
14349087,14349951,"k_kv_append(__half *, __half *, const __half *, int, int)"
14350015,14458150,"k_attn_decode_ordered4(__half *, const __half *, const __half *, const __half *, int, int)"
14458182,14465351,"k_gemv_fp16(__half *, const __half *, const __half *, const __half *, int, int)"
14465383,14466151,"k_add(__half *, const __half *, unsigned long long)"
14466183,14469063,"k_layernorm(__half *, const __half *, const __half *, const __half *, int, int)"
14469095,14490024,"k_gemv_fp16(__half *, const __half *, const __half *, const __half *, int, int)"
14490056,14490888,"k_gelu(__half *, unsigned long long)"
14490920,14513706,"k_gemv_fp16(__half *, const __half *, const __half *, const __half *, int, int)"
14513738,14514538,"k_add(__half *, const __half *, unsigned long long)"
14514570,14517450,"k_layernorm(__half *, const __half *, const __half *, const __half *, int, int)"
14517482,14533899,"k_gemv_fp16(__half *, const __half *, const __half *, const __half *, int, int)"
14533931,14534796,"k_kv_append(__half *, __half *, const __half *, int, int)"
14534828,14642131,"k_attn_decode_ordered4(__half *, const __half *, const __half *, const __half *, int, int)"
14642163,14649587,"k_gemv_fp16(__half *, const __half *, const __half *, const __half *, int, int)"
14649619,14650419,"k_add(__half *, const __half *, unsigned long long)"
14650452,14653300,"k_layernorm(__half *, const __half *, const __half *, const __half *, int, int)"
14653972,14674741,"k_gemv_fp16(__half *, const __half *, const __half *, const __half *, int, int)"
14674773,14675605,"k_gelu(__half *, unsigned long long)"
14675637,14698391,"k_gemv_fp16(__half *, const __half *, const __half *, const __half *, int, int)"
14698423,14699223,"k_add(__half *, const __half *, unsigned long long)"
14699255,14702103,"k_layernorm(__half *, const __half *, const __half *, const __half *, int, int)"
14702135,14718392,"k_gemv_fp16(__half *, const __half *, const __half *, const __half *, int, int)"
14718424,14719288,"k_kv_append(__half *, __half *, const __half *, int, int)"
14719320,14827456,"k_attn_decode_ordered4(__half *, const __half *, const __half *, const __half *, int, int)"
14827488,14834816,"k_gemv_fp16(__half *, const __half *, const __half *, const __half *, int, int)"
14834848,14835616,"k_add(__half *, const __half *, unsigned long long)"
14835648,14838559,"k_layernorm(__half *, const __half *, const __half *, const __half *, int, int)"
14838560,14859330,"k_gemv_fp16(__half *, const __half *, const __half *, const __half *, int, int)"
14859362,14860226,"k_gelu(__half *, unsigned long long)"
14860258,14883011,"k_gemv_fp16(__half *, const __half *, const __half *, const __half *, int, int)"
14883012,14883812,"k_add(__half *, const __half *, unsigned long long)"
14883843,14886724,"k_layernorm(__half *, const __half *, const __half *, const __half *, int, int)"
14887652,14903973,"k_gemv_fp16(__half *, const __half *, const __half *, const __half *, int, int)"
14904037,14904901,"k_kv_append(__half *, __half *, const __half *, int, int)"
14904933,15013132,"k_attn_decode_ordered4(__half *, const __half *, const __half *, const __half *, int, int)"
15013165,15020461,"k_gemv_fp16(__half *, const __half *, const __half *, const __half *, int, int)"
15020493,15021261,"k_add(__half *, const __half *, unsigned long long)"
15021325,15024205,"k_layernorm(__half *, const __half *, const __half *, const __half *, int, int)"
15024237,15045167,"k_gemv_fp16(__half *, const __half *, const __half *, const __half *, int, int)"
15045199,15046031,"k_gelu(__half *, unsigned long long)"
15046063,15068848,"k_gemv_fp16(__half *, const __half *, const __half *, const __half *, int, int)"
15068880,15069648,"k_add(__half *, const __half *, unsigned long long)"
15069712,15072592,"k_layernorm(__half *, const __half *, const __half *, const __half *, int, int)"
15072656,15088882,"k_gemv_fp16(__half *, const __half *, const __half *, const __half *, int, int)"
15088914,15089778,"k_kv_append(__half *, __half *, const __half *, int, int)"
15089842,15197785,"k_attn_decode_ordered4(__half *, const __half *, const __half *, const __half *, int, int)"
15197817,15205082,"k_gemv_fp16(__half *, const __half *, const __half *, const __half *, int, int)"
15205114,15205882,"k_add(__half *, const __half *, unsigned long long)"
15206618,15209626,"k_layernorm(__half *, const __half *, const __half *, const __half *, int, int)"
15209658,15230395,"k_gemv_fp16(__half *, const __half *, const __half *, const __half *, int, int)"
15230427,15231259,"k_gelu(__half *, unsigned long long)"
15231292,15254109,"k_gemv_fp16(__half *, const __half *, const __half *, const __half *, int, int)"
15254173,15254941,"k_add(__half *, const __half *, unsigned long long)"
15254973,15257853,"k_layernorm(__half *, const __half *, const __half *, const __half *, int, int)"
15257917,15569555,"k_gemv_fp16(__half *, const __half *, const __half *, const __half *, int, int)"
15632695,15633623,"k_embed_one(__half *, const __half *, const __half *, int, int)"
15633655,15636599,"k_layernorm(__half *, const __half *, const __half *, const __half *, int, int)"
15636663,15653016,"k_gemv_fp16(__half *, const __half *, const __half *, const __half *, int, int)"
15653049,15653913,"k_kv_append(__half *, __half *, const __half *, int, int)"
15653977,15762368,"k_attn_decode_ordered4(__half *, const __half *, const __half *, const __half *, int, int)"
15762400,15769793,"k_gemv_fp16(__half *, const __half *, const __half *, const __half *, int, int)"
15769825,15770593,"k_add(__half *, const __half *, unsigned long long)"
15770624,15773505,"k_layernorm(__half *, const __half *, const __half *, const __half *, int, int)"
15773537,15794466,"k_gemv_fp16(__half *, const __half *, const __half *, const __half *, int, int)"
15794498,15795330,"k_gelu(__half *, unsigned long long)"
15795362,15818212,"k_gemv_fp16(__half *, const __half *, const __half *, const __half *, int, int)"
15818244,15819012,"k_add(__half *, const __half *, unsigned long long)"
15819076,15821956,"k_layernorm(__half *, const __half *, const __half *, const __half *, int, int)"
15821988,15838181,"k_gemv_fp16(__half *, const __half *, const __half *, const __half *, int, int)"
15838213,15839077,"k_kv_append(__half *, __half *, const __half *, int, int)"
15839141,15947533,"k_attn_decode_ordered4(__half *, const __half *, const __half *, const __half *, int, int)"
15948397,15955117,"k_gemv_fp16(__half *, const __half *, const __half *, const __half *, int, int)"
15955149,15955917,"k_add(__half *, const __half *, unsigned long long)"
15955981,15958894,"k_layernorm(__half *, const __half *, const __half *, const __half *, int, int)"
15958926,15979855,"k_gemv_fp16(__half *, const __half *, const __half *, const __half *, int, int)"
15979887,15980719,"k_gelu(__half *, unsigned long long)"
15980751,16003632,"k_gemv_fp16(__half *, const __half *, const __half *, const __half *, int, int)"
16003665,16004433,"k_add(__half *, const __half *, unsigned long long)"
16004465,16007345,"k_layernorm(__half *, const __half *, const __half *, const __half *, int, int)"
16007377,16023634,"k_gemv_fp16(__half *, const __half *, const __half *, const __half *, int, int)"
16023666,16024562,"k_kv_append(__half *, __half *, const __half *, int, int)"
16024594,16132698,"k_attn_decode_ordered4(__half *, const __half *, const __half *, const __half *, int, int)"
16132729,16140058,"k_gemv_fp16(__half *, const __half *, const __half *, const __half *, int, int)"
16140090,16140890,"k_add(__half *, const __half *, unsigned long long)"
16140922,16143802,"k_layernorm(__half *, const __half *, const __half *, const __half *, int, int)"
16143866,16164636,"k_gemv_fp16(__half *, const __half *, const __half *, const __half *, int, int)"
16164668,16165500,"k_gelu(__half *, unsigned long long)"
16166172,16189085,"k_gemv_fp16(__half *, const __half *, const __half *, const __half *, int, int)"
16189117,16189885,"k_add(__half *, const __half *, unsigned long long)"
16189949,16192830,"k_layernorm(__half *, const __half *, const __half *, const __half *, int, int)"
16192862,16209023,"k_gemv_fp16(__half *, const __half *, const __half *, const __half *, int, int)"
16209055,16209951,"k_kv_append(__half *, __half *, const __half *, int, int)"
16209983,16318758,"k_attn_decode_ordered4(__half *, const __half *, const __half *, const __half *, int, int)"
16318790,16326023,"k_gemv_fp16(__half *, const __half *, const __half *, const __half *, int, int)"
16326055,16326823,"k_add(__half *, const __half *, unsigned long long)"
16326855,16329735,"k_layernorm(__half *, const __half *, const __half *, const __half *, int, int)"
16329767,16350569,"k_gemv_fp16(__half *, const __half *, const __half *, const __half *, int, int)"
16350600,16351433,"k_gelu(__half *, unsigned long long)"
16351465,16374250,"k_gemv_fp16(__half *, const __half *, const __half *, const __half *, int, int)"
16374282,16375082,"k_add(__half *, const __half *, unsigned long long)"
16375114,16377994,"k_layernorm(__half *, const __half *, const __half *, const __half *, int, int)"
16378026,16394186,"k_gemv_fp16(__half *, const __half *, const __half *, const __half *, int, int)"
16394187,16395084,"k_kv_append(__half *, __half *, const __half *, int, int)"
16396012,16504179,"k_attn_decode_ordered4(__half *, const __half *, const __half *, const __half *, int, int)"
16504211,16511572,"k_gemv_fp16(__half *, const __half *, const __half *, const __half *, int, int)"
16511604,16512372,"k_add(__half *, const __half *, unsigned long long)"
16512436,16515316,"k_layernorm(__half *, const __half *, const __half *, const __half *, int, int)"
16515348,16536181,"k_gemv_fp16(__half *, const __half *, const __half *, const __half *, int, int)"
16536245,16537077,"k_gelu(__half *, unsigned long long)"
16537109,16559799,"k_gemv_fp16(__half *, const __half *, const __half *, const __half *, int, int)"
16559831,16560599,"k_add(__half *, const __half *, unsigned long long)"
16560663,16563639,"k_layernorm(__half *, const __half *, const __half *, const __half *, int, int)"
16563671,16579896,"k_gemv_fp16(__half *, const __half *, const __half *, const __half *, int, int)"
16579928,16580792,"k_kv_append(__half *, __half *, const __half *, int, int)"
16580856,16689312,"k_attn_decode_ordered4(__half *, const __half *, const __half *, const __half *, int, int)"
16689344,16696736,"k_gemv_fp16(__half *, const __half *, const __half *, const __half *, int, int)"
16696768,16697536,"k_add(__half *, const __half *, unsigned long long)"
16697568,16700481,"k_layernorm(__half *, const __half *, const __half *, const __half *, int, int)"
16700513,16721346,"k_gemv_fp16(__half *, const __half *, const __half *, const __half *, int, int)"
16722082,16722914,"k_gelu(__half *, unsigned long long)"
16722946,16745828,"k_gemv_fp16(__half *, const __half *, const __half *, const __half *, int, int)"
16745860,16746628,"k_add(__half *, const __half *, unsigned long long)"
16746692,16749572,"k_layernorm(__half *, const __half *, const __half *, const __half *, int, int)"
16749604,16765861,"k_gemv_fp16(__half *, const __half *, const __half *, const __half *, int, int)"
16765893,16766757,"k_kv_append(__half *, __half *, const __half *, int, int)"
16766821,16874797,"k_attn_decode_ordered4(__half *, const __half *, const __half *, const __half *, int, int)"
16874861,16882093,"k_gemv_fp16(__half *, const __half *, const __half *, const __half *, int, int)"
16882125,16882893,"k_add(__half *, const __half *, unsigned long long)"
16882925,16885805,"k_layernorm(__half *, const __half *, const __half *, const __half *, int, int)"
16885869,16906575,"k_gemv_fp16(__half *, const __half *, const __half *, const __half *, int, int)"
16906639,16907471,"k_gelu(__half *, unsigned long long)"
16907503,16930224,"k_gemv_fp16(__half *, const __half *, const __half *, const __half *, int, int)"
16930256,16931056,"k_add(__half *, const __half *, unsigned long long)"
16931089,16933937,"k_layernorm(__half *, const __half *, const __half *, const __half *, int, int)"
16934001,16950034,"k_gemv_fp16(__half *, const __half *, const __half *, const __half *, int, int)"
16950994,16951858,"k_kv_append(__half *, __half *, const __half *, int, int)"
16951922,17059961,"k_attn_decode_ordered4(__half *, const __half *, const __half *, const __half *, int, int)"
17060025,17067290,"k_gemv_fp16(__half *, const __half *, const __half *, const __half *, int, int)"
17067354,17068122,"k_add(__half *, const __half *, unsigned long long)"
17068154,17071002,"k_layernorm(__half *, const __half *, const __half *, const __half *, int, int)"
17071066,17091963,"k_gemv_fp16(__half *, const __half *, const __half *, const __half *, int, int)"
17091996,17092827,"k_gelu(__half *, unsigned long long)"
17092892,17115645,"k_gemv_fp16(__half *, const __half *, const __half *, const __half *, int, int)"
17115677,17116445,"k_add(__half *, const __half *, unsigned long long)"
17116509,17119357,"k_layernorm(__half *, const __half *, const __half *, const __half *, int, int)"
17119421,17135615,"k_gemv_fp16(__half *, const __half *, const __half *, const __half *, int, int)"
17135647,17136543,"k_kv_append(__half *, __half *, const __half *, int, int)"
17136575,17244262,"k_attn_decode_ordered4(__half *, const __half *, const __half *, const __half *, int, int)"
17244294,17251687,"k_gemv_fp16(__half *, const __half *, const __half *, const __half *, int, int)"
17251719,17252487,"k_add(__half *, const __half *, unsigned long long)"
17252519,17255367,"k_layernorm(__half *, const __half *, const __half *, const __half *, int, int)"
17256295,17277032,"k_gemv_fp16(__half *, const __half *, const __half *, const __half *, int, int)"
17277064,17277896,"k_gelu(__half *, unsigned long long)"
17277960,17300746,"k_gemv_fp16(__half *, const __half *, const __half *, const __half *, int, int)"
17300778,17301546,"k_add(__half *, const __half *, unsigned long long)"
17301610,17304618,"k_layernorm(__half *, const __half *, const __half *, const __half *, int, int)"
17304650,17321003,"k_gemv_fp16(__half *, const __half *, const __half *, const __half *, int, int)"
17321035,17321899,"k_kv_append(__half *, __half *, const __half *, int, int)"
17321931,17430067,"k_attn_decode_ordered4(__half *, const __half *, const __half *, const __half *, int, int)"
17430099,17437363,"k_gemv_fp16(__half *, const __half *, const __half *, const __half *, int, int)"
17437395,17438195,"k_add(__half *, const __half *, unsigned long long)"
17438227,17441076,"k_layernorm(__half *, const __half *, const __half *, const __half *, int, int)"
17441108,17461941,"k_gemv_fp16(__half *, const __half *, const __half *, const __half *, int, int)"
17461973,17462805,"k_gelu(__half *, unsigned long long)"
17462837,17485591,"k_gemv_fp16(__half *, const __half *, const __half *, const __half *, int, int)"
17485623,17486391,"k_add(__half *, const __half *, unsigned long long)"
17486423,17489303,"k_layernorm(__half *, const __half *, const __half *, const __half *, int, int)"
17490199,17506328,"k_gemv_fp16(__half *, const __half *, const __half *, const __half *, int, int)"
17506360,17507224,"k_kv_append(__half *, __half *, const __half *, int, int)"
17507256,17615519,"k_attn_decode_ordered4(__half *, const __half *, const __half *, const __half *, int, int)"
17615552,17622848,"k_gemv_fp16(__half *, const __half *, const __half *, const __half *, int, int)"
17622912,17623680,"k_add(__half *, const __half *, unsigned long long)"
17623712,17626592,"k_layernorm(__half *, const __half *, const __half *, const __half *, int, int)"
17626624,17647586,"k_gemv_fp16(__half *, const __half *, const __half *, const __half *, int, int)"
17647618,17648450,"k_gelu(__half *, unsigned long long)"
17648482,17671300,"k_gemv_fp16(__half *, const __half *, const __half *, const __half *, int, int)"
17671331,17672099,"k_add(__half *, const __half *, unsigned long long)"
17672164,17675012,"k_layernorm(__half *, const __half *, const __half *, const __half *, int, int)"
17675044,17691077,"k_gemv_fp16(__half *, const __half *, const __half *, const __half *, int, int)"
17691109,17691973,"k_kv_append(__half *, __half *, const __half *, int, int)"
17692005,17800396,"k_attn_decode_ordered4(__half *, const __half *, const __half *, const __half *, int, int)"
17800428,17807725,"k_gemv_fp16(__half *, const __half *, const __half *, const __half *, int, int)"
17807757,17808525,"k_add(__half *, const __half *, unsigned long long)"
17809517,17812397,"k_layernorm(__half *, const __half *, const __half *, const __half *, int, int)"
17812429,17833199,"k_gemv_fp16(__half *, const __half *, const __half *, const __half *, int, int)"
17833231,17834063,"k_gelu(__half *, unsigned long long)"
17834095,17856912,"k_gemv_fp16(__half *, const __half *, const __half *, const __half *, int, int)"
17856944,17857744,"k_add(__half *, const __half *, unsigned long long)"
17857776,17860688,"k_layernorm(__half *, const __half *, const __half *, const __half *, int, int)"
17860721,18172294,"k_gemv_fp16(__half *, const __half *, const __half *, const __half *, int, int)"
18230282,18231242,"k_embed_one(__half *, const __half *, const __half *, int, int)"
18231274,18234122,"k_layernorm(__half *, const __half *, const __half *, const __half *, int, int)"
18234186,18250475,"k_gemv_fp16(__half *, const __half *, const __half *, const __half *, int, int)"
18250507,18251371,"k_kv_append(__half *, __half *, const __half *, int, int)"
18251403,18359475,"k_attn_decode_ordered4(__half *, const __half *, const __half *, const __half *, int, int)"
18359507,18366899,"k_gemv_fp16(__half *, const __half *, const __half *, const __half *, int, int)"
18366931,18367699,"k_add(__half *, const __half *, unsigned long long)"
18367731,18370612,"k_layernorm(__half *, const __half *, const __half *, const __half *, int, int)"
18370644,18391541,"k_gemv_fp16(__half *, const __half *, const __half *, const __half *, int, int)"
18391573,18392405,"k_gelu(__half *, unsigned long long)"
18392437,18415255,"k_gemv_fp16(__half *, const __half *, const __half *, const __half *, int, int)"
18415287,18416087,"k_add(__half *, const __half *, unsigned long long)"
18416119,18418967,"k_layernorm(__half *, const __half *, const __half *, const __half *, int, int)"
18418999,18435320,"k_gemv_fp16(__half *, const __half *, const __half *, const __half *, int, int)"
18435352,18436216,"k_kv_append(__half *, __half *, const __half *, int, int)"
18436280,18544256,"k_attn_decode_ordered4(__half *, const __half *, const __half *, const __half *, int, int)"
18544992,18551744,"k_gemv_fp16(__half *, const __half *, const __half *, const __half *, int, int)"
18551808,18552576,"k_add(__half *, const __half *, unsigned long long)"
18552608,18555552,"k_layernorm(__half *, const __half *, const __half *, const __half *, int, int)"
18555584,18576450,"k_gemv_fp16(__half *, const __half *, const __half *, const __half *, int, int)"
18576482,18577314,"k_gelu(__half *, unsigned long long)"
18577346,18600195,"k_gemv_fp16(__half *, const __half *, const __half *, const __half *, int, int)"
18600227,18601028,"k_add(__half *, const __half *, unsigned long long)"
18601091,18603940,"k_layernorm(__half *, const __half *, const __half *, const __half *, int, int)"
18603972,18620325,"k_gemv_fp16(__half *, const __half *, const __half *, const __half *, int, int)"
18620389,18621221,"k_kv_append(__half *, __half *, const __half *, int, int)"
18621285,18729260,"k_attn_decode_ordered4(__half *, const __half *, const __half *, const __half *, int, int)"
18729292,18736653,"k_gemv_fp16(__half *, const __half *, const __half *, const __half *, int, int)"
18736685,18737453,"k_add(__half *, const __half *, unsigned long long)"
18737485,18740333,"k_layernorm(__half *, const __half *, const __half *, const __half *, int, int)"
18740397,18761167,"k_gemv_fp16(__half *, const __half *, const __half *, const __half *, int, int)"
18761230,18762063,"k_gelu(__half *, unsigned long long)"
18762735,18785616,"k_gemv_fp16(__half *, const __half *, const __half *, const __half *, int, int)"
18785648,18786448,"k_add(__half *, const __half *, unsigned long long)"
18786480,18789361,"k_layernorm(__half *, const __half *, const __half *, const __half *, int, int)"
18789392,18805649,"k_gemv_fp16(__half *, const __half *, const __half *, const __half *, int, int)"
18805682,18806578,"k_kv_append(__half *, __half *, const __half *, int, int)"
18806610,18914745,"k_attn_decode_ordered4(__half *, const __half *, const __half *, const __half *, int, int)"
18914777,18922106,"k_gemv_fp16(__half *, const __half *, const __half *, const __half *, int, int)"
18922138,18922906,"k_add(__half *, const __half *, unsigned long long)"
18922938,18925818,"k_layernorm(__half *, const __half *, const __half *, const __half *, int, int)"
18925850,18946715,"k_gemv_fp16(__half *, const __half *, const __half *, const __half *, int, int)"
18946747,18947579,"k_gelu(__half *, unsigned long long)"
18947611,18970429,"k_gemv_fp16(__half *, const __half *, const __half *, const __half *, int, int)"
18970461,18971261,"k_add(__half *, const __half *, unsigned long long)"
18971293,18974173,"k_layernorm(__half *, const __half *, const __half *, const __half *, int, int)"
18974205,18990365,"k_gemv_fp16(__half *, const __half *, const __half *, const __half *, int, int)"
18990366,18991262,"k_kv_append(__half *, __half *, const __half *, int, int)"
18992191,19100486,"k_attn_decode_ordered4(__half *, const __half *, const __half *, const __half *, int, int)"
19100550,19107910,"k_gemv_fp16(__half *, const __half *, const __half *, const __half *, int, int)"
19107974,19108742,"k_add(__half *, const __half *, unsigned long long)"
19108775,19111783,"k_layernorm(__half *, const __half *, const __half *, const __half *, int, int)"
19111815,19132680,"k_gemv_fp16(__half *, const __half *, const __half *, const __half *, int, int)"
19132712,19133576,"k_gelu(__half *, unsigned long long)"
19133608,19156298,"k_gemv_fp16(__half *, const __half *, const __half *, const __half *, int, int)"
19156330,19157130,"k_add(__half *, const __half *, unsigned long long)"
19157162,19160042,"k_layernorm(__half *, const __half *, const __half *, const __half *, int, int)"
19160074,19176299,"k_gemv_fp16(__half *, const __half *, const __half *, const __half *, int, int)"
19176331,19177195,"k_kv_append(__half *, __half *, const __half *, int, int)"
19177259,19285427,"k_attn_decode_ordered4(__half *, const __half *, const __half *, const __half *, int, int)"
19285459,19292787,"k_gemv_fp16(__half *, const __half *, const __half *, const __half *, int, int)"
19292851,19293619,"k_add(__half *, const __half *, unsigned long long)"
19293651,19296531,"k_layernorm(__half *, const __half *, const __half *, const __half *, int, int)"
19296563,19317333,"k_gemv_fp16(__half *, const __half *, const __half *, const __half *, int, int)"
19318197,19319029,"k_gelu(__half *, unsigned long long)"
19319061,19341879,"k_gemv_fp16(__half *, const __half *, const __half *, const __half *, int, int)"
19341910,19342678,"k_add(__half *, const __half *, unsigned long long)"
19342743,19345623,"k_layernorm(__half *, const __half *, const __half *, const __half *, int, int)"
19345655,19362008,"k_gemv_fp16(__half *, const __half *, const __half *, const __half *, int, int)"
19362040,19362904,"k_kv_append(__half *, __half *, const __half *, int, int)"
19362968,19471391,"k_attn_decode_ordered4(__half *, const __half *, const __half *, const __half *, int, int)"
19471423,19478720,"k_gemv_fp16(__half *, const __half *, const __half *, const __half *, int, int)"
19478752,19479520,"k_add(__half *, const __half *, unsigned long long)"
19479584,19482464,"k_layernorm(__half *, const __half *, const __half *, const __half *, int, int)"
19482496,19503265,"k_gemv_fp16(__half *, const __half *, const __half *, const __half *, int, int)"
19503330,19504130,"k_gelu(__half *, unsigned long long)"
19504194,19526883,"k_gemv_fp16(__half *, const __half *, const __half *, const __half *, int, int)"
19526915,19527683,"k_add(__half *, const __half *, unsigned long long)"
19527747,19530596,"k_layernorm(__half *, const __half *, const __half *, const __half *, int, int)"
19530628,19546885,"k_gemv_fp16(__half *, const __half *, const __half *, const __half *, int, int)"
19547621,19548485,"k_kv_append(__half *, __half *, const __half *, int, int)"
19548549,19656588,"k_attn_decode_ordered4(__half *, const __half *, const __half *, const __half *, int, int)"
19656652,19663917,"k_gemv_fp16(__half *, const __half *, const __half *, const __half *, int, int)"
19663949,19664717,"k_add(__half *, const __half *, unsigned long long)"
19664781,19667629,"k_layernorm(__half *, const __half *, const __half *, const __half *, int, int)"
19667661,19688526,"k_gemv_fp16(__half *, const __half *, const __half *, const __half *, int, int)"
19688590,19689422,"k_gelu(__half *, unsigned long long)"
19689455,19712208,"k_gemv_fp16(__half *, const __half *, const __half *, const __half *, int, int)"
19712240,19713040,"k_add(__half *, const __half *, unsigned long long)"
19713072,19715984,"k_layernorm(__half *, const __half *, const __half *, const __half *, int, int)"
19716048,19732402,"k_gemv_fp16(__half *, const __half *, const __half *, const __half *, int, int)"
19732433,19733329,"k_kv_append(__half *, __half *, const __half *, int, int)"
19733362,19841145,"k_attn_decode_ordered4(__half *, const __half *, const __half *, const __half *, int, int)"
19841177,19848377,"k_gemv_fp16(__half *, const __half *, const __half *, const __half *, int, int)"
19848409,19849209,"k_add(__half *, const __half *, unsigned long long)"
19849242,19852090,"k_layernorm(__half *, const __half *, const __half *, const __half *, int, int)"
19852826,19873595,"k_gemv_fp16(__half *, const __half *, const __half *, const __half *, int, int)"
19873627,19874459,"k_gelu(__half *, unsigned long long)"
19874491,19897181,"k_gemv_fp16(__half *, const __half *, const __half *, const __half *, int, int)"
19897245,19898013,"k_add(__half *, const __half *, unsigned long long)"
19898045,19900925,"k_layernorm(__half *, const __half *, const __half *, const __half *, int, int)"
19900957,19917374,"k_gemv_fp16(__half *, const __half *, const __half *, const __half *, int, int)"
19917406,19918270,"k_kv_append(__half *, __half *, const __half *, int, int)"
19918302,20026118,"k_attn_decode_ordered4(__half *, const __half *, const __half *, const __half *, int, int)"
20026150,20033478,"k_gemv_fp16(__half *, const __half *, const __half *, const __half *, int, int)"
20033510,20034310,"k_add(__half *, const __half *, unsigned long long)"
20034342,20037222,"k_layernorm(__half *, const __half *, const __half *, const __half *, int, int)"
20037254,20058024,"k_gemv_fp16(__half *, const __half *, const __half *, const __half *, int, int)"
20058056,20058919,"k_gelu(__half *, unsigned long long)"
20058920,20081801,"k_gemv_fp16(__half *, const __half *, const __half *, const __half *, int, int)"
20081833,20082633,"k_add(__half *, const __half *, unsigned long long)"
20082666,20085546,"k_layernorm(__half *, const __half *, const __half *, const __half *, int, int)"
20086250,20103051,"k_gemv_fp16(__half *, const __half *, const __half *, const __half *, int, int)"
20103083,20103979,"k_kv_append(__half *, __half *, const __half *, int, int)"
20104011,20212370,"k_attn_decode_ordered4(__half *, const __half *, const __half *, const __half *, int, int)"
20212403,20219699,"k_gemv_fp16(__half *, const __half *, const __half *, const __half *, int, int)"
20219731,20220499,"k_add(__half *, const __half *, unsigned long long)"
20220563,20223443,"k_layernorm(__half *, const __half *, const __half *, const __half *, int, int)"
20223475,20244341,"k_gemv_fp16(__half *, const __half *, const __half *, const __half *, int, int)"
20244373,20245205,"k_gelu(__half *, unsigned long long)"
20245269,20268022,"k_gemv_fp16(__half *, const __half *, const __half *, const __half *, int, int)"
20268054,20268854,"k_add(__half *, const __half *, unsigned long long)"
20268886,20271830,"k_layernorm(__half *, const __half *, const __half *, const __half *, int, int)"
20271863,20288056,"k_gemv_fp16(__half *, const __half *, const __half *, const __half *, int, int)"
20288088,20288952,"k_kv_append(__half *, __half *, const __half *, int, int)"
20288984,20397119,"k_attn_decode_ordered4(__half *, const __half *, const __half *, const __half *, int, int)"
20397151,20404448,"k_gemv_fp16(__half *, const __half *, const __half *, const __half *, int, int)"
20404480,20405248,"k_add(__half *, const __half *, unsigned long long)"
20406176,20409024,"k_layernorm(__half *, const __half *, const __half *, const __half *, int, int)"
20409088,20429825,"k_gemv_fp16(__half *, const __half *, const __half *, const __half *, int, int)"
20429889,20430722,"k_gelu(__half *, unsigned long long)"
20430753,20453603,"k_gemv_fp16(__half *, const __half *, const __half *, const __half *, int, int)"
20453635,20454435,"k_add(__half *, const __half *, unsigned long long)"
20454467,20457379,"k_layernorm(__half *, const __half *, const __half *, const __half *, int, int)"
20457411,20769145,"k_gemv_fp16(__half *, const __half *, const __half *, const __half *, int, int)"
20827421,20828349,"k_embed_one(__half *, const __half *, const __half *, int, int)"
20828381,20831293,"k_layernorm(__half *, const __half *, const __half *, const __half *, int, int)"
20831325,20847614,"k_gemv_fp16(__half *, const __half *, const __half *, const __half *, int, int)"
20847646,20848510,"k_kv_append(__half *, __half *, const __half *, int, int)"
20848542,20956966,"k_attn_decode_ordered4(__half *, const __half *, const __half *, const __half *, int, int)"
20956998,20964358,"k_gemv_fp16(__half *, const __half *, const __half *, const __half *, int, int)"
20964390,20965158,"k_add(__half *, const __half *, unsigned long long)"
20965190,20968070,"k_layernorm(__half *, const __half *, const __half *, const __half *, int, int)"
20968103,20989000,"k_gemv_fp16(__half *, const __half *, const __half *, const __half *, int, int)"
20989032,20989864,"k_gelu(__half *, unsigned long long)"
20989896,21012714,"k_gemv_fp16(__half *, const __half *, const __half *, const __half *, int, int)"
21012745,21013546,"k_add(__half *, const __half *, unsigned long long)"
21013578,21016458,"k_layernorm(__half *, const __half *, const __half *, const __half *, int, int)"
21016490,21032779,"k_gemv_fp16(__half *, const __half *, const __half *, const __half *, int, int)"
21032811,21033707,"k_kv_append(__half *, __half *, const __half *, int, int)"
21033739,21141874,"k_attn_decode_ordered4(__half *, const __half *, const __half *, const __half *, int, int)"
21142610,21149235,"k_gemv_fp16(__half *, const __half *, const __half *, const __half *, int, int)"
21149267,21150035,"k_add(__half *, const __half *, unsigned long long)"
21150099,21152979,"k_layernorm(__half *, const __half *, const __half *, const __half *, int, int)"
21153043,21173941,"k_gemv_fp16(__half *, const __half *, const __half *, const __half *, int, int)"
21174005,21174837,"k_gelu(__half *, unsigned long long)"
21174869,21197750,"k_gemv_fp16(__half *, const __half *, const __half *, const __half *, int, int)"
21197814,21198582,"k_add(__half *, const __half *, unsigned long long)"
21198614,21201591,"k_layernorm(__half *, const __half *, const __half *, const __half *, int, int)"
21201623,21217848,"k_gemv_fp16(__half *, const __half *, const __half *, const __half *, int, int)"
21217880,21218744,"k_kv_append(__half *, __half *, const __half *, int, int)"
21218808,21326751,"k_attn_decode_ordered4(__half *, const __half *, const __half *, const __half *, int, int)"
21326783,21334240,"k_gemv_fp16(__half *, const __half *, const __half *, const __half *, int, int)"
21334272,21335040,"k_add(__half *, const __half *, unsigned long long)"
21335104,21337984,"k_layernorm(__half *, const __half *, const __half *, const __half *, int, int)"
21338016,21358785,"k_gemv_fp16(__half *, const __half *, const __half *, const __half *, int, int)"
21358817,21359649,"k_gelu(__half *, unsigned long long)"
21360354,21383171,"k_gemv_fp16(__half *, const __half *, const __half *, const __half *, int, int)"
21383235,21384003,"k_add(__half *, const __half *, unsigned long long)"
21384035,21387075,"k_layernorm(__half *, const __half *, const __half *, const __half *, int, int)"
21387107,21403268,"k_gemv_fp16(__half *, const __half *, const __half *, const __half *, int, int)"
21403300,21404164,"k_kv_append(__half *, __half *, const __half *, int, int)"
21404228,21512364,"k_attn_decode_ordered4(__half *, const __half *, const __half *, const __half *, int, int)"
21512396,21519692,"k_gemv_fp16(__half *, const __half *, const __half *, const __half *, int, int)"
21519725,21520525,"k_add(__half *, const __half *, unsigned long long)"
21520556,21523533,"k_layernorm(__half *, const __half *, const __half *, const __half *, int, int)"
21523565,21544334,"k_gemv_fp16(__half *, const __half *, const __half *, const __half *, int, int)"
21544366,21545198,"k_gelu(__half *, unsigned long long)"
21545262,21568304,"k_gemv_fp16(__half *, const __half *, const __half *, const __half *, int, int)"
21568336,21569136,"k_add(__half *, const __half *, unsigned long long)"
21569168,21572048,"k_layernorm(__half *, const __half *, const __half *, const __half *, int, int)"
21572080,21588273,"k_gemv_fp16(__half *, const __half *, const __half *, const __half *, int, int)"
21588305,21589201,"k_kv_append(__half *, __half *, const __half *, int, int)"
21590097,21697977,"k_attn_decode_ordered4(__half *, const __half *, const __half *, const __half *, int, int)"
21698009,21705401,"k_gemv_fp16(__half *, const __half *, const __half *, const __half *, int, int)"
21705433,21706201,"k_add(__half *, const __half *, unsigned long long)"
21706265,21709145,"k_layernorm(__half *, const __half *, const __half *, const __half *, int, int)"
21709178,21730075,"k_gemv_fp16(__half *, const __half *, const __half *, const __half *, int, int)"
21730107,21730939,"k_gelu(__half *, unsigned long long)"
21730971,21753693,"k_gemv_fp16(__half *, const __half *, const __half *, const __half *, int, int)"
21753724,21754525,"k_add(__half *, const __half *, unsigned long long)"
21754557,21757437,"k_layernorm(__half *, const __half *, const __half *, const __half *, int, int)"
21757469,21773662,"k_gemv_fp16(__half *, const __half *, const __half *, const __half *, int, int)"
21773694,21774558,"k_kv_append(__half *, __half *, const __half *, int, int)"
21774590,21883077,"k_attn_decode_ordered4(__half *, const __half *, const __half *, const __half *, int, int)"
21883142,21890278,"k_gemv_fp16(__half *, const __half *, const __half *, const __half *, int, int)"
21890310,21891078,"k_add(__half *, const __half *, unsigned long long)"
21891142,21893990,"k_layernorm(__half *, const __half *, const __half *, const __half *, int, int)"
21894022,21914824,"k_gemv_fp16(__half *, const __half *, const __half *, const __half *, int, int)"
21915720,21916552,"k_gelu(__half *, unsigned long long)"
21916584,21939497,"k_gemv_fp16(__half *, const __half *, const __half *, const __half *, int, int)"
21939529,21940329,"k_add(__half *, const __half *, unsigned long long)"
21940361,21943242,"k_layernorm(__half *, const __half *, const __half *, const __half *, int, int)"
21943306,21959563,"k_gemv_fp16(__half *, const __half *, const __half *, const __half *, int, int)"
21959627,21960459,"k_kv_append(__half *, __half *, const __half *, int, int)"
21960523,22068818,"k_attn_decode_ordered4(__half *, const __half *, const __half *, const __half *, int, int)"
22068882,22076243,"k_gemv_fp16(__half *, const __half *, const __half *, const __half *, int, int)"
22076275,22077043,"k_add(__half *, const __half *, unsigned long long)"
22077107,22079923,"k_layernorm(__half *, const __half *, const __half *, const __half *, int, int)"
22079987,22100724,"k_gemv_fp16(__half *, const __half *, const __half *, const __half *, int, int)"
22100757,22101588,"k_gelu(__half *, unsigned long long)"
22101621,22124438,"k_gemv_fp16(__half *, const __half *, const __half *, const __half *, int, int)"
22124470,22125238,"k_add(__half *, const __half *, unsigned long long)"
22125302,22128278,"k_layernorm(__half *, const __half *, const __half *, const __half *, int, int)"
22128342,22144535,"k_gemv_fp16(__half *, const __half *, const __half *, const __half *, int, int)"
22145239,22146103,"k_kv_append(__half *, __half *, const __half *, int, int)"
22146168,22254559,"k_attn_decode_ordered4(__half *, const __half *, const __half *, const __half *, int, int)"
22254623,22261888,"k_gemv_fp16(__half *, const __half *, const __half *, const __half *, int, int)"
22261920,22262687,"k_add(__half *, const __half *, unsigned long long)"
22262752,22265600,"k_layernorm(__half *, const __half *, const __half *, const __half *, int, int)"
22265664,22286529,"k_gemv_fp16(__half *, const __half *, const __half *, const __half *, int, int)"
22286593,22287393,"k_gelu(__half *, unsigned long long)"
22287457,22310403,"k_gemv_fp16(__half *, const __half *, const __half *, const __half *, int, int)"
22310467,22311235,"k_add(__half *, const __half *, unsigned long long)"
22311267,22314243,"k_layernorm(__half *, const __half *, const __half *, const __half *, int, int)"
22314307,22330500,"k_gemv_fp16(__half *, const __half *, const __half *, const __half *, int, int)"
22330532,22331428,"k_kv_append(__half *, __half *, const __half *, int, int)"
22331460,22439756,"k_attn_decode_ordered4(__half *, const __half *, const __half *, const __half *, int, int)"
22439788,22447084,"k_gemv_fp16(__half *, const __half *, const __half *, const __half *, int, int)"
22447116,22447884,"k_add(__half *, const __half *, unsigned long long)"
22447916,22450765,"k_layernorm(__half *, const __half *, const __half *, const __half *, int, int)"
22451501,22472270,"k_gemv_fp16(__half *, const __half *, const __half *, const __half *, int, int)"
22472302,22473134,"k_gelu(__half *, unsigned long long)"
22473166,22495888,"k_gemv_fp16(__half *, const __half *, const __half *, const __half *, int, int)"
22495920,22496720,"k_add(__half *, const __half *, unsigned long long)"
22496752,22499600,"k_layernorm(__half *, const __half *, const __half *, const __half *, int, int)"
22499664,22515889,"k_gemv_fp16(__half *, const __half *, const __half *, const __half *, int, int)"
22515921,22516785,"k_kv_append(__half *, __half *, const __half *, int, int)"
22516849,22624376,"k_attn_decode_ordered4(__half *, const __half *, const __half *, const __half *, int, int)"
22624440,22631577,"k_gemv_fp16(__half *, const __half *, const __half *, const __half *, int, int)"
22631609,22632377,"k_add(__half *, const __half *, unsigned long long)"
22632409,22635289,"k_layernorm(__half *, const __half *, const __half *, const __half *, int, int)"
22635321,22656059,"k_gemv_fp16(__half *, const __half *, const __half *, const __half *, int, int)"
22656091,22656955,"k_gelu(__half *, unsigned long long)"
22656987,22679740,"k_gemv_fp16(__half *, const __half *, const __half *, const __half *, int, int)"
22679772,22680540,"k_add(__half *, const __half *, unsigned long long)"
22680572,22683484,"k_layernorm(__half *, const __half *, const __half *, const __half *, int, int)"
22684221,22700990,"k_gemv_fp16(__half *, const __half *, const __half *, const __half *, int, int)"
22701022,22701886,"k_kv_append(__half *, __half *, const __half *, int, int)"
22701918,22810373,"k_attn_decode_ordered4(__half *, const __half *, const __half *, const __half *, int, int)"
22810405,22817798,"k_gemv_fp16(__half *, const __half *, const __half *, const __half *, int, int)"
22817830,22818598,"k_add(__half *, const __half *, unsigned long long)"
22818630,22821510,"k_layernorm(__half *, const __half *, const __half *, const __half *, int, int)"
22821542,22842376,"k_gemv_fp16(__half *, const __half *, const __half *, const __half *, int, int)"
22842407,22843240,"k_gelu(__half *, unsigned long long)"
22843271,22866153,"k_gemv_fp16(__half *, const __half *, const __half *, const __half *, int, int)"
22866185,22866953,"k_add(__half *, const __half *, unsigned long long)"
22867017,22869865,"k_layernorm(__half *, const __half *, const __half *, const __half *, int, int)"
22869897,22886347,"k_gemv_fp16(__half *, const __half *, const __half *, const __half *, int, int)"
22886410,22887275,"k_kv_append(__half *, __half *, const __half *, int, int)"
22887307,22995410,"k_attn_decode_ordered4(__half *, const __half *, const __half *, const __half *, int, int)"
22995442,23002739,"k_gemv_fp16(__half *, const __half *, const __half *, const __half *, int, int)"
23002771,23003571,"k_add(__half *, const __half *, unsigned long long)"
23004467,23007347,"k_layernorm(__half *, const __half *, const __half *, const __half *, int, int)"
23007379,23028180,"k_gemv_fp16(__half *, const __half *, const __half *, const __half *, int, int)"
23028212,23029044,"k_gelu(__half *, unsigned long long)"
23029076,23051862,"k_gemv_fp16(__half *, const __half *, const __half *, const __half *, int, int)"
23051894,23052694,"k_add(__half *, const __half *, unsigned long long)"
23052726,23055606,"k_layernorm(__half *, const __half *, const __half *, const __half *, int, int)"
23055638,23367404,"k_gemv_fp16(__half *, const __half *, const __half *, const __half *, int, int)"
23431056,23432016,"k_embed_one(__half *, const __half *, const __half *, int, int)"
23432048,23434928,"k_layernorm(__half *, const __half *, const __half *, const __half *, int, int)"
23434960,23451185,"k_gemv_fp16(__half *, const __half *, const __half *, const __half *, int, int)"
23451281,23452369,"k_kv_append(__half *, __half *, const __half *, int, int)"
23452401,23560633,"k_attn_decode_ordered4(__half *, const __half *, const __half *, const __half *, int, int)"
23560665,23567994,"k_gemv_fp16(__half *, const __half *, const __half *, const __half *, int, int)"
23568025,23568793,"k_add(__half *, const __half *, unsigned long long)"
23568858,23571738,"k_layernorm(__half *, const __half *, const __half *, const __half *, int, int)"
23571770,23592699,"k_gemv_fp16(__half *, const __half *, const __half *, const __half *, int, int)"
23592731,23593563,"k_gelu(__half *, unsigned long long)"
23593595,23616445,"k_gemv_fp16(__half *, const __half *, const __half *, const __half *, int, int)"
23616477,23617245,"k_add(__half *, const __half *, unsigned long long)"
23617277,23620157,"k_layernorm(__half *, const __half *, const __half *, const __half *, int, int)"
23620189,23636478,"k_gemv_fp16(__half *, const __half *, const __half *, const __half *, int, int)"
23636510,23637406,"k_kv_append(__half *, __half *, const __half *, int, int)"
23637438,23745894,"k_attn_decode_ordered4(__half *, const __half *, const __half *, const __half *, int, int)"
23746598,23753254,"k_gemv_fp16(__half *, const __half *, const __half *, const __half *, int, int)"
23753286,23754086,"k_add(__half *, const __half *, unsigned long long)"
23754118,23757030,"k_layernorm(__half *, const __half *, const __half *, const __half *, int, int)"
23757063,23777928,"k_gemv_fp16(__half *, const __half *, const __half *, const __half *, int, int)"
23777960,23778792,"k_gelu(__half *, unsigned long long)"
23778824,23801642,"k_gemv_fp16(__half *, const __half *, const __half *, const __half *, int, int)"
23801674,23802474,"k_add(__half *, const __half *, unsigned long long)"
23802506,23805354,"k_layernorm(__half *, const __half *, const __half *, const __half *, int, int)"
23805418,23821579,"k_gemv_fp16(__half *, const __half *, const __half *, const __half *, int, int)"
23821611,23822475,"k_kv_append(__half *, __half *, const __half *, int, int)"
23822507,23930515,"k_attn_decode_ordered4(__half *, const __half *, const __half *, const __half *, int, int)"
23930546,23937843,"k_gemv_fp16(__half *, const __half *, const __half *, const __half *, int, int)"
23937875,23938643,"k_add(__half *, const __half *, unsigned long long)"
23938707,23941555,"k_layernorm(__half *, const __half *, const __half *, const __half *, int, int)"
23941619,23962421,"k_gemv_fp16(__half *, const __half *, const __half *, const __half *, int, int)"
23962453,23963285,"k_gelu(__half *, unsigned long long)"
23963989,23986934,"k_gemv_fp16(__half *, const __half *, const __half *, const __half *, int, int)"
23986966,23987766,"k_add(__half *, const __half *, unsigned long long)"
23987798,23990647,"k_layernorm(__half *, const __half *, const __half *, const __half *, int, int)"
23990679,24007128,"k_gemv_fp16(__half *, const __half *, const __half *, const __half *, int, int)"
24007160,24008056,"k_kv_append(__half *, __half *, const __half *, int, int)"
24008088,24116223,"k_attn_decode_ordered4(__half *, const __half *, const __half *, const __half *, int, int)"
24116255,24123488,"k_gemv_fp16(__half *, const __half *, const __half *, const __half *, int, int)"
24123520,24124320,"k_add(__half *, const __half *, unsigned long long)"
24124352,24127295,"k_layernorm(__half *, const __half *, const __half *, const __half *, int, int)"
24127296,24148065,"k_gemv_fp16(__half *, const __half *, const __half *, const __half *, int, int)"
24148130,24148961,"k_gelu(__half *, unsigned long long)"
24148994,24171715,"k_gemv_fp16(__half *, const __half *, const __half *, const __half *, int, int)"
24171779,24172547,"k_add(__half *, const __half *, unsigned long long)"
24172579,24175459,"k_layernorm(__half *, const __half *, const __half *, const __half *, int, int)"
24175491,24191556,"k_gemv_fp16(__half *, const __half *, const __half *, const __half *, int, int)"
24191588,24192485,"k_kv_append(__half *, __half *, const __half *, int, int)"
24193189,24301388,"k_attn_decode_ordered4(__half *, const __half *, const __half *, const __half *, int, int)"
24301420,24308877,"k_gemv_fp16(__half *, const __half *, const __half *, const __half *, int, int)"
24308908,24309708,"k_add(__half *, const __half *, unsigned long long)"
24309741,24312749,"k_layernorm(__half *, const __half *, const __half *, const __half *, int, int)"
24312781,24333646,"k_gemv_fp16(__half *, const __half *, const __half *, const __half *, int, int)"
24333678,24334510,"k_gelu(__half *, unsigned long long)"
24334542,24357232,"k_gemv_fp16(__half *, const __half *, const __half *, const __half *, int, int)"
24357264,24358064,"k_add(__half *, const __half *, unsigned long long)"
24358096,24360976,"k_layernorm(__half *, const __half *, const __half *, const __half *, int, int)"
24361008,24377329,"k_gemv_fp16(__half *, const __half *, const __half *, const __half *, int, int)"
24377361,24378257,"k_kv_append(__half *, __half *, const __half *, int, int)"
24378289,24486617,"k_attn_decode_ordered4(__half *, const __half *, const __half *, const __half *, int, int)"
24486649,24493945,"k_gemv_fp16(__half *, const __half *, const __half *, const __half *, int, int)"
24493977,24494745,"k_add(__half *, const __half *, unsigned long long)"
24494809,24497689,"k_layernorm(__half *, const __half *, const __half *, const __half *, int, int)"
24497722,24518491,"k_gemv_fp16(__half *, const __half *, const __half *, const __half *, int, int)"
24519259,24520091,"k_gelu(__half *, unsigned long long)"
24520123,24543005,"k_gemv_fp16(__half *, const __half *, const __half *, const __half *, int, int)"
24543037,24543805,"k_add(__half *, const __half *, unsigned long long)"
24543869,24546877,"k_layernorm(__half *, const __half *, const __half *, const __half *, int, int)"
24546909,24563198,"k_gemv_fp16(__half *, const __half *, const __half *, const __half *, int, int)"
24563230,24564094,"k_kv_append(__half *, __half *, const __half *, int, int)"
24564158,24672582,"k_attn_decode_ordered4(__half *, const __half *, const __half *, const __half *, int, int)"
24672613,24679878,"k_gemv_fp16(__half *, const __half *, const __half *, const __half *, int, int)"
24679942,24680710,"k_add(__half *, const __half *, unsigned long long)"
24680742,24683622,"k_layernorm(__half *, const __half *, const __half *, const __half *, int, int)"
24683686,24704520,"k_gemv_fp16(__half *, const __half *, const __half *, const __half *, int, int)"
24704552,24705384,"k_gelu(__half *, unsigned long long)"
24705416,24728137,"k_gemv_fp16(__half *, const __half *, const __half *, const __half *, int, int)"
24728202,24728969,"k_add(__half *, const __half *, unsigned long long)"
24729001,24731882,"k_layernorm(__half *, const __half *, const __half *, const __half *, int, int)"
24731914,24748235,"k_gemv_fp16(__half *, const __half *, const __half *, const __half *, int, int)"
24749163,24750027,"k_kv_append(__half *, __half *, const __half *, int, int)"
24750059,24858610,"k_attn_decode_ordered4(__half *, const __half *, const __half *, const __half *, int, int)"
24858642,24865811,"k_gemv_fp16(__half *, const __half *, const __half *, const __half *, int, int)"
24865843,24866611,"k_add(__half *, const __half *, unsigned long long)"
24866643,24869523,"k_layernorm(__half *, const __half *, const __half *, const __half *, int, int)"
24869555,24890453,"k_gemv_fp16(__half *, const __half *, const __half *, const __half *, int, int)"
24890484,24891317,"k_gelu(__half *, unsigned long long)"
24891349,24914198,"k_gemv_fp16(__half *, const __half *, const __half *, const __half *, int, int)"
24914230,24914998,"k_add(__half *, const __half *, unsigned long long)"
24915062,24917942,"k_layernorm(__half *, const __half *, const __half *, const __half *, int, int)"
24918007,24934360,"k_gemv_fp16(__half *, const __half *, const __half *, const __half *, int, int)"
24934392,24935256,"k_kv_append(__half *, __half *, const __half *, int, int)"
24935288,25043071,"k_attn_decode_ordered4(__half *, const __half *, const __half *, const __half *, int, int)"
25043103,25050432,"k_gemv_fp16(__half *, const __half *, const __half *, const __half *, int, int)"
25050464,25051264,"k_add(__half *, const __half *, unsigned long long)"
25051296,25054240,"k_layernorm(__half *, const __half *, const __half *, const __half *, int, int)"
25055136,25075905,"k_gemv_fp16(__half *, const __half *, const __half *, const __half *, int, int)"
25075937,25076769,"k_gelu(__half *, unsigned long long)"
25076834,25099555,"k_gemv_fp16(__half *, const __half *, const __half *, const __half *, int, int)"
25099587,25100387,"k_add(__half *, const __half *, unsigned long long)"
25100419,25103299,"k_layernorm(__half *, const __half *, const __half *, const __half *, int, int)"
25103331,25119972,"k_gemv_fp16(__half *, const __half *, const __half *, const __half *, int, int)"
25120004,25120868,"k_kv_append(__half *, __half *, const __half *, int, int)"
25120900,25228972,"k_attn_decode_ordered4(__half *, const __half *, const __half *, const __half *, int, int)"
25229004,25236364,"k_gemv_fp16(__half *, const __half *, const __half *, const __half *, int, int)"
25236396,25237196,"k_add(__half *, const __half *, unsigned long long)"
25237228,25240077,"k_layernorm(__half *, const __half *, const __half *, const __half *, int, int)"
25240109,25260846,"k_gemv_fp16(__half *, const __half *, const __half *, const __half *, int, int)"
25260878,25261741,"k_gelu(__half *, unsigned long long)"
25261742,25284496,"k_gemv_fp16(__half *, const __half *, const __half *, const __half *, int, int)"
25284528,25285296,"k_add(__half *, const __half *, unsigned long long)"
25285328,25288208,"k_layernorm(__half *, const __half *, const __half *, const __half *, int, int)"
25288944,25305105,"k_gemv_fp16(__half *, const __half *, const __half *, const __half *, int, int)"
25305137,25306001,"k_kv_append(__half *, __half *, const __half *, int, int)"
25306033,25414649,"k_attn_decode_ordered4(__half *, const __half *, const __half *, const __half *, int, int)"
25414681,25421976,"k_gemv_fp16(__half *, const __half *, const __half *, const __half *, int, int)"
25421977,25422777,"k_add(__half *, const __half *, unsigned long long)"
25422809,25425689,"k_layernorm(__half *, const __half *, const __half *, const __half *, int, int)"
25425721,25446619,"k_gemv_fp16(__half *, const __half *, const __half *, const __half *, int, int)"
25446651,25447483,"k_gelu(__half *, unsigned long long)"
25447515,25470364,"k_gemv_fp16(__half *, const __half *, const __half *, const __half *, int, int)"
25470397,25471197,"k_add(__half *, const __half *, unsigned long long)"
25471228,25474109,"k_layernorm(__half *, const __half *, const __half *, const __half *, int, int)"
25474173,25490302,"k_gemv_fp16(__half *, const __half *, const __half *, const __half *, int, int)"
25490334,25491198,"k_kv_append(__half *, __half *, const __half *, int, int)"
25491262,25599237,"k_attn_decode_ordered4(__half *, const __half *, const __half *, const __half *, int, int)"
25599269,25606502,"k_gemv_fp16(__half *, const __half *, const __half *, const __half *, int, int)"
25606566,25607334,"k_add(__half *, const __half *, unsigned long long)"
25608134,25610982,"k_layernorm(__half *, const __half *, const __half *, const __half *, int, int)"
25611046,25631848,"k_gemv_fp16(__half *, const __half *, const __half *, const __half *, int, int)"
25631880,25632712,"k_gelu(__half *, unsigned long long)"
25632776,25655593,"k_gemv_fp16(__half *, const __half *, const __half *, const __half *, int, int)"
25655625,25656425,"k_add(__half *, const __half *, unsigned long long)"
25656457,25659338,"k_layernorm(__half *, const __half *, const __half *, const __half *, int, int)"
25659369,25971103,"k_gemv_fp16(__half *, const __half *, const __half *, const __half *, int, int)"
26030371,26031299,"k_embed_one(__half *, const __half *, const __half *, int, int)"
26031331,26034211,"k_layernorm(__half *, const __half *, const __half *, const __half *, int, int)"
26034243,26050564,"k_gemv_fp16(__half *, const __half *, const __half *, const __half *, int, int)"
26050565,26051461,"k_kv_append(__half *, __half *, const __half *, int, int)"
26051492,26159500,"k_attn_decode_ordered4(__half *, const __half *, const __half *, const __half *, int, int)"
26159532,26166893,"k_gemv_fp16(__half *, const __half *, const __half *, const __half *, int, int)"
26166924,26167724,"k_add(__half *, const __half *, unsigned long long)"
26167757,26170637,"k_layernorm(__half *, const __half *, const __half *, const __half *, int, int)"
26170669,26191662,"k_gemv_fp16(__half *, const __half *, const __half *, const __half *, int, int)"
26191694,26192526,"k_gelu(__half *, unsigned long long)"
26192558,26215344,"k_gemv_fp16(__half *, const __half *, const __half *, const __half *, int, int)"
26215376,26216176,"k_add(__half *, const __half *, unsigned long long)"
26216208,26219088,"k_layernorm(__half *, const __half *, const __half *, const __half *, int, int)"
26219120,26235345,"k_gemv_fp16(__half *, const __half *, const __half *, const __half *, int, int)"
26235377,26236241,"k_kv_append(__half *, __half *, const __half *, int, int)"
26236273,26344633,"k_attn_decode_ordered4(__half *, const __half *, const __half *, const __half *, int, int)"
26345401,26352057,"k_gemv_fp16(__half *, const __half *, const __half *, const __half *, int, int)"
26352089,26352857,"k_add(__half *, const __half *, unsigned long long)"
26352921,26355801,"k_layernorm(__half *, const __half *, const __half *, const __half *, int, int)"
26355834,26376827,"k_gemv_fp16(__half *, const __half *, const __half *, const __half *, int, int)"
26376859,26377691,"k_gelu(__half *, unsigned long long)"
26377755,26400605,"k_gemv_fp16(__half *, const __half *, const __half *, const __half *, int, int)"
26400636,26401405,"k_add(__half *, const __half *, unsigned long long)"
26401469,26404413,"k_layernorm(__half *, const __half *, const __half *, const __half *, int, int)"
26404445,26420606,"k_gemv_fp16(__half *, const __half *, const __half *, const __half *, int, int)"
26420638,26421502,"k_kv_append(__half *, __half *, const __half *, int, int)"
26421566,26529669,"k_attn_decode_ordered4(__half *, const __half *, const __half *, const __half *, int, int)"
26529702,26537094,"k_gemv_fp16(__half *, const __half *, const __half *, const __half *, int, int)"
26537126,26537894,"k_add(__half *, const __half *, unsigned long long)"
26537958,26540870,"k_layernorm(__half *, const __half *, const __half *, const __half *, int, int)"
26540934,26561768,"k_gemv_fp16(__half *, const __half *, const __half *, const __half *, int, int)"
26561800,26562632,"k_gelu(__half *, unsigned long long)"
26563464,26586345,"k_gemv_fp16(__half *, const __half *, const __half *, const __half *, int, int)"
26586409,26587177,"k_add(__half *, const __half *, unsigned long long)"
26587209,26590154,"k_layernorm(__half *, const __half *, const __half *, const __half *, int, int)"
26590186,26606571,"k_gemv_fp16(__half *, const __half *, const __half *, const __half *, int, int)"
26606603,26607467,"k_kv_append(__half *, __half *, const __half *, int, int)"
26607531,26715602,"k_attn_decode_ordered4(__half *, const __half *, const __half *, const __half *, int, int)"
26715634,26722899,"k_gemv_fp16(__half *, const __half *, const __half *, const __half *, int, int)"
26722931,26723731,"k_add(__half *, const __half *, unsigned long long)"
26723763,26726675,"k_layernorm(__half *, const __half *, const __half *, const __half *, int, int)"
26726707,26747539,"k_gemv_fp16(__half *, const __half *, const __half *, const __half *, int, int)"
26747540,26748373,"k_gelu(__half *, unsigned long long)"
26748437,26771190,"k_gemv_fp16(__half *, const __half *, const __half *, const __half *, int, int)"
26771222,26772022,"k_add(__half *, const __half *, unsigned long long)"
26772054,26775030,"k_layernorm(__half *, const __half *, const __half *, const __half *, int, int)"
26775094,26791480,"k_gemv_fp16(__half *, const __half *, const __half *, const __half *, int, int)"
26791511,26792407,"k_kv_append(__half *, __half *, const __half *, int, int)"
26793112,26901311,"k_attn_decode_ordered4(__half *, const __half *, const __half *, const __half *, int, int)"
26901343,26908864,"k_gemv_fp16(__half *, const __half *, const __half *, const __half *, int, int)"
26908895,26909664,"k_add(__half *, const __half *, unsigned long long)"
26909696,26912608,"k_layernorm(__half *, const __half *, const __half *, const __half *, int, int)"
26912672,26933505,"k_gemv_fp16(__half *, const __half *, const __half *, const __half *, int, int)"
26933537,26934369,"k_gelu(__half *, unsigned long long)"
26934401,26957187,"k_gemv_fp16(__half *, const __half *, const __half *, const __half *, int, int)"
26957219,26958019,"k_add(__half *, const __half *, unsigned long long)"
26958051,26960899,"k_layernorm(__half *, const __half *, const __half *, const __half *, int, int)"
26960963,26977156,"k_gemv_fp16(__half *, const __half *, const __half *, const __half *, int, int)"
26977188,26978052,"k_kv_append(__half *, __half *, const __half *, int, int)"
26978084,27086156,"k_attn_decode_ordered4(__half *, const __half *, const __half *, const __half *, int, int)"
27086188,27093548,"k_gemv_fp16(__half *, const __half *, const __half *, const __half *, int, int)"
27093580,27094380,"k_add(__half *, const __half *, unsigned long long)"
27094412,27097261,"k_layernorm(__half *, const __half *, const __half *, const __half *, int, int)"
27097325,27118126,"k_gemv_fp16(__half *, const __half *, const __half *, const __half *, int, int)"
27118862,27119694,"k_gelu(__half *, unsigned long long)"
27119726,27142576,"k_gemv_fp16(__half *, const __half *, const __half *, const __half *, int, int)"
27142640,27143408,"k_add(__half *, const __half *, unsigned long long)"
27143440,27146352,"k_layernorm(__half *, const __half *, const __half *, const __half *, int, int)"
27146384,27162641,"k_gemv_fp16(__half *, const __half *, const __half *, const __half *, int, int)"
27162705,27163569,"k_kv_append(__half *, __half *, const __half *, int, int)"
27163601,27271704,"k_attn_decode_ordered4(__half *, const __half *, const __half *, const __half *, int, int)"
27271737,27279001,"k_gemv_fp16(__half *, const __half *, const __half *, const __half *, int, int)"
27279033,27279801,"k_add(__half *, const __half *, unsigned long long)"
27279865,27282681,"k_layernorm(__half *, const __half *, const __half *, const __half *, int, int)"
27282745,27303547,"k_gemv_fp16(__half *, const __half *, const __half *, const __half *, int, int)"
27303579,27304411,"k_gelu(__half *, unsigned long long)"
27304475,27327260,"k_gemv_fp16(__half *, const __half *, const __half *, const __half *, int, int)"
27327292,27328060,"k_add(__half *, const __half *, unsigned long long)"
27328124,27330973,"k_layernorm(__half *, const __half *, const __half *, const __half *, int, int)"
27331005,27347294,"k_gemv_fp16(__half *, const __half *, const __half *, const __half *, int, int)"
27347998,27348862,"k_kv_append(__half *, __half *, const __half *, int, int)"
27348926,27457381,"k_attn_decode_ordered4(__half *, const __half *, const __half *, const __half *, int, int)"
27457445,27464774,"k_gemv_fp16(__half *, const __half *, const __half *, const __half *, int, int)"
27464838,27465606,"k_add(__half *, const __half *, unsigned long long)"
27465638,27468486,"k_layernorm(__half *, const __half *, const __half *, const __half *, int, int)"
27468550,27489415,"k_gemv_fp16(__half *, const __half *, const __half *, const __half *, int, int)"
27489448,27490279,"k_gelu(__half *, unsigned long long)"
27490312,27513065,"k_gemv_fp16(__half *, const __half *, const __half *, const __half *, int, int)"
27513097,27513865,"k_add(__half *, const __half *, unsigned long long)"
27513929,27516841,"k_layernorm(__half *, const __half *, const __half *, const __half *, int, int)"
27516873,27533034,"k_gemv_fp16(__half *, const __half *, const __half *, const __half *, int, int)"
27533067,27533931,"k_kv_append(__half *, __half *, const __half *, int, int)"
27533963,27642034,"k_attn_decode_ordered4(__half *, const __half *, const __half *, const __half *, int, int)"
27642066,27649267,"k_gemv_fp16(__half *, const __half *, const __half *, const __half *, int, int)"
27649298,27650099,"k_add(__half *, const __half *, unsigned long long)"
27650131,27652979,"k_layernorm(__half *, const __half *, const __half *, const __half *, int, int)"
27653715,27674484,"k_gemv_fp16(__half *, const __half *, const __half *, const __half *, int, int)"
27674548,27675380,"k_gelu(__half *, unsigned long long)"
27675412,27698134,"k_gemv_fp16(__half *, const __half *, const __half *, const __half *, int, int)"
27698166,27698966,"k_add(__half *, const __half *, unsigned long long)"
27698998,27701878,"k_layernorm(__half *, const __half *, const __half *, const __half *, int, int)"
27701910,27718199,"k_gemv_fp16(__half *, const __half *, const __half *, const __half *, int, int)"
27718263,27719127,"k_kv_append(__half *, __half *, const __half *, int, int)"
27719159,27827199,"k_attn_decode_ordered4(__half *, const __half *, const __half *, const __half *, int, int)"
27827263,27834655,"k_gemv_fp16(__half *, const __half *, const __half *, const __half *, int, int)"
27834687,27835455,"k_add(__half *, const __half *, unsigned long long)"
27835487,27838400,"k_layernorm(__half *, const __half *, const __half *, const __half *, int, int)"
27838432,27859361,"k_gemv_fp16(__half *, const __half *, const __half *, const __half *, int, int)"
27859393,27860225,"k_gelu(__half *, unsigned long long)"
27860257,27882979,"k_gemv_fp16(__half *, const __half *, const __half *, const __half *, int, int)"
27883011,27883779,"k_add(__half *, const __half *, unsigned long long)"
27883811,27886691,"k_layernorm(__half *, const __half *, const __half *, const __half *, int, int)"
27887427,27904324,"k_gemv_fp16(__half *, const __half *, const __half *, const __half *, int, int)"
27904356,27905220,"k_kv_append(__half *, __half *, const __half *, int, int)"
27905252,28013483,"k_attn_decode_ordered4(__half *, const __half *, const __half *, const __half *, int, int)"
28013516,28020876,"k_gemv_fp16(__half *, const __half *, const __half *, const __half *, int, int)"
28020908,28021676,"k_add(__half *, const __half *, unsigned long long)"
28021740,28024588,"k_layernorm(__half *, const __half *, const __half *, const __half *, int, int)"
28024652,28045422,"k_gemv_fp16(__half *, const __half *, const __half *, const __half *, int, int)"
28045454,28046286,"k_gelu(__half *, unsigned long long)"
28046318,28069199,"k_gemv_fp16(__half *, const __half *, const __half *, const __half *, int, int)"
28069231,28069999,"k_add(__half *, const __half *, unsigned long long)"
28070063,28072912,"k_layernorm(__half *, const __half *, const __half *, const __half *, int, int)"
28072944,28089073,"k_gemv_fp16(__half *, const __half *, const __half *, const __half *, int, int)"
28089105,28089969,"k_kv_append(__half *, __half *, const __half *, int, int)"
28090001,28198104,"k_attn_decode_ordered4(__half *, const __half *, const __half *, const __half *, int, int)"
28198136,28205433,"k_gemv_fp16(__half *, const __half *, const __half *, const __half *, int, int)"
28205465,28206233,"k_add(__half *, const __half *, unsigned long long)"
28207129,28210009,"k_layernorm(__half *, const __half *, const __half *, const __half *, int, int)"
28210041,28230875,"k_gemv_fp16(__half *, const __half *, const __half *, const __half *, int, int)"
28230907,28231739,"k_gelu(__half *, unsigned long long)"
28231771,28254652,"k_gemv_fp16(__half *, const __half *, const __half *, const __half *, int, int)"
28254716,28255484,"k_add(__half *, const __half *, unsigned long long)"
28255548,28258396,"k_layernorm(__half *, const __half *, const __half *, const __half *, int, int)"
28258460,28570322,"k_gemv_fp16(__half *, const __half *, const __half *, const __half *, int, int)"
28626966,28627894,"k_embed_one(__half *, const __half *, const __half *, int, int)"
28627926,28630806,"k_layernorm(__half *, const __half *, const __half *, const __half *, int, int)"
28630838,28647255,"k_gemv_fp16(__half *, const __half *, const __half *, const __half *, int, int)"
28647287,28648183,"k_kv_append(__half *, __half *, const __half *, int, int)"
28648215,28756383,"k_attn_decode_ordered4(__half *, const __half *, const __half *, const __half *, int, int)"
28756415,28763711,"k_gemv_fp16(__half *, const __half *, const __half *, const __half *, int, int)"
28763743,28764511,"k_add(__half *, const __half *, unsigned long long)"
28764543,28767423,"k_layernorm(__half *, const __half *, const __half *, const __half *, int, int)"
28767456,28788417,"k_gemv_fp16(__half *, const __half *, const __half *, const __half *, int, int)"
28788449,28789281,"k_gelu(__half *, unsigned long long)"
28789313,28812163,"k_gemv_fp16(__half *, const __half *, const __half *, const __half *, int, int)"
28812195,28812995,"k_add(__half *, const __half *, unsigned long long)"
28813027,28815875,"k_layernorm(__half *, const __half *, const __half *, const __half *, int, int)"
28815939,28832100,"k_gemv_fp16(__half *, const __half *, const __half *, const __half *, int, int)"
28832164,28833028,"k_kv_append(__half *, __half *, const __half *, int, int)"
28833060,28941452,"k_attn_decode_ordered4(__half *, const __half *, const __half *, const __half *, int, int)"
28942380,28949036,"k_gemv_fp16(__half *, const __half *, const __half *, const __half *, int, int)"
28949068,28949836,"k_add(__half *, const __half *, unsigned long long)"
28949868,28952780,"k_layernorm(__half *, const __half *, const __half *, const __half *, int, int)"
28952812,28973742,"k_gemv_fp16(__half *, const __half *, const __half *, const __half *, int, int)"
28973806,28974638,"k_gelu(__half *, unsigned long long)"
28974670,28997583,"k_gemv_fp16(__half *, const __half *, const __half *, const __half *, int, int)"
28997615,28998415,"k_add(__half *, const __half *, unsigned long long)"
28998447,29001360,"k_layernorm(__half *, const __half *, const __half *, const __half *, int, int)"
29001391,29017777,"k_gemv_fp16(__half *, const __half *, const __half *, const __half *, int, int)"
29017809,29018673,"k_kv_append(__half *, __half *, const __half *, int, int)"
29018705,29127000,"k_attn_decode_ordered4(__half *, const __half *, const __half *, const __half *, int, int)"
29127064,29134393,"k_gemv_fp16(__half *, const __half *, const __half *, const __half *, int, int)"
29134425,29135193,"k_add(__half *, const __half *, unsigned long long)"
29135257,29138105,"k_layernorm(__half *, const __half *, const __half *, const __half *, int, int)"
29138169,29159194,"k_gemv_fp16(__half *, const __half *, const __half *, const __half *, int, int)"
29159227,29160091,"k_gelu(__half *, unsigned long long)"
29160827,29183708,"k_gemv_fp16(__half *, const __half *, const __half *, const __half *, int, int)"
29183772,29184540,"k_add(__half *, const __half *, unsigned long long)"
29184572,29187612,"k_layernorm(__half *, const __half *, const __half *, const __half *, int, int)"
29187644,29203902,"k_gemv_fp16(__half *, const __half *, const __half *, const __half *, int, int)"
29203934,29204798,"k_kv_append(__half *, __half *, const __half *, int, int)"
29204830,29313317,"k_attn_decode_ordered4(__half *, const __half *, const __half *, const __half *, int, int)"
29313349,29320582,"k_gemv_fp16(__half *, const __half *, const __half *, const __half *, int, int)"
29320614,29321414,"k_add(__half *, const __half *, unsigned long long)"
29321446,29324358,"k_layernorm(__half *, const __half *, const __half *, const __half *, int, int)"
29324390,29345191,"k_gemv_fp16(__half *, const __half *, const __half *, const __half *, int, int)"
29345223,29346055,"k_gelu(__half *, unsigned long long)"
29346087,29369065,"k_gemv_fp16(__half *, const __half *, const __half *, const __half *, int, int)"
29369097,29369897,"k_add(__half *, const __half *, unsigned long long)"
29369929,29372809,"k_layernorm(__half *, const __half *, const __half *, const __half *, int, int)"
29372841,29389226,"k_gemv_fp16(__half *, const __half *, const __half *, const __half *, int, int)"
29389258,29390122,"k_kv_append(__half *, __half *, const __half *, int, int)"
29390890,29499026,"k_attn_decode_ordered4(__half *, const __half *, const __half *, const __half *, int, int)"
29499058,29506449,"k_gemv_fp16(__half *, const __half *, const __half *, const __half *, int, int)"
29506450,29507251,"k_add(__half *, const __half *, unsigned long long)"
29507282,29510163,"k_layernorm(__half *, const __half *, const __half *, const __half *, int, int)"
29510195,29531188,"k_gemv_fp16(__half *, const __half *, const __half *, const __half *, int, int)"
29531220,29532084,"k_gelu(__half *, unsigned long long)"
29532116,29554838,"k_gemv_fp16(__half *, const __half *, const __half *, const __half *, int, int)"
29554870,29555670,"k_add(__half *, const __half *, unsigned long long)"
29555702,29558582,"k_layernorm(__half *, const __half *, const __half *, const __half *, int, int)"
29558614,29574839,"k_gemv_fp16(__half *, const __half *, const __half *, const __half *, int, int)"
29574871,29575735,"k_kv_append(__half *, __half *, const __half *, int, int)"
29575799,29684159,"k_attn_decode_ordered4(__half *, const __half *, const __half *, const __half *, int, int)"
29684223,29691583,"k_gemv_fp16(__half *, const __half *, const __half *, const __half *, int, int)"
29691615,29692383,"k_add(__half *, const __half *, unsigned long long)"
29692447,29695295,"k_layernorm(__half *, const __half *, const __half *, const __half *, int, int)"
29695327,29716129,"k_gemv_fp16(__half *, const __half *, const __half *, const __half *, int, int)"
29716865,29717697,"k_gelu(__half *, unsigned long long)"
29717729,29740642,"k_gemv_fp16(__half *, const __half *, const __half *, const __half *, int, int)"
29740675,29741443,"k_add(__half *, const __half *, unsigned long long)"
29741507,29744355,"k_layernorm(__half *, const __half *, const __half *, const __half *, int, int)"
29744419,29760708,"k_gemv_fp16(__half *, const __half *, const __half *, const __half *, int, int)"
29760772,29761636,"k_kv_append(__half *, __half *, const __half *, int, int)"
29761668,29870379,"k_attn_decode_ordered4(__half *, const __half *, const __half *, const __half *, int, int)"
29870412,29877708,"k_gemv_fp16(__half *, const __half *, const __half *, const __half *, int, int)"
29877740,29878540,"k_add(__half *, const __half *, unsigned long long)"
29878572,29881388,"k_layernorm(__half *, const __half *, const __half *, const __half *, int, int)"
29881452,29902158,"k_gemv_fp16(__half *, const __half *, const __half *, const __half *, int, int)"
29902222,29903054,"k_gelu(__half *, unsigned long long)"
29903086,29925839,"k_gemv_fp16(__half *, const __half *, const __half *, const __half *, int, int)"
29925871,29926639,"k_add(__half *, const __half *, unsigned long long)"
29926703,29929552,"k_layernorm(__half *, const __half *, const __half *, const __half *, int, int)"
29929583,29945777,"k_gemv_fp16(__half *, const __half *, const __half *, const __half *, int, int)"
29946641,29947505,"k_kv_append(__half *, __half *, const __half *, int, int)"
29947569,30055896,"k_attn_decode_ordered4(__half *, const __half *, const __half *, const __half *, int, int)"
30055960,30063289,"k_gemv_fp16(__half *, const __half *, const __half *, const __half *, int, int)"
30063321,30064089,"k_add(__half *, const __half *, unsigned long long)"
30064121,30067001,"k_layernorm(__half *, const __half *, const __half *, const __half *, int, int)"
30067033,30087962,"k_gemv_fp16(__half *, const __half *, const __half *, const __half *, int, int)"
30087994,30088827,"k_gelu(__half *, unsigned long long)"
30088891,30111772,"k_gemv_fp16(__half *, const __half *, const __half *, const __half *, int, int)"
30111804,30112572,"k_add(__half *, const __half *, unsigned long long)"
30112636,30115484,"k_layernorm(__half *, const __half *, const __half *, const __half *, int, int)"
30115548,30131709,"k_gemv_fp16(__half *, const __half *, const __half *, const __half *, int, int)"
30131742,30132606,"k_kv_append(__half *, __half *, const __half *, int, int)"
30132638,30240997,"k_attn_decode_ordered4(__half *, const __half *, const __half *, const __half *, int, int)"
30241029,30248485,"k_gemv_fp16(__half *, const __half *, const __half *, const __half *, int, int)"
30248518,30249286,"k_add(__half *, const __half *, unsigned long long)"
30249318,30252166,"k_layernorm(__half *, const __half *, const __half *, const __half *, int, int)"
30252902,30273735,"k_gemv_fp16(__half *, const __half *, const __half *, const __half *, int, int)"
30273767,30274599,"k_gelu(__half *, unsigned long long)"
30274631,30297417,"k_gemv_fp16(__half *, const __half *, const __half *, const __half *, int, int)"
30297449,30298249,"k_add(__half *, const __half *, unsigned long long)"
30298281,30301193,"k_layernorm(__half *, const __half *, const __half *, const __half *, int, int)"
30301225,30317706,"k_gemv_fp16(__half *, const __half *, const __half *, const __half *, int, int)"
30317738,30318602,"k_kv_append(__half *, __half *, const __half *, int, int)"
30318666,30426834,"k_attn_decode_ordered4(__half *, const __half *, const __half *, const __half *, int, int)"
30426866,30434194,"k_gemv_fp16(__half *, const __half *, const __half *, const __half *, int, int)"
30434226,30435026,"k_add(__half *, const __half *, unsigned long long)"
30435058,30437906,"k_layernorm(__half *, const __half *, const __half *, const __half *, int, int)"
30437939,30458708,"k_gemv_fp16(__half *, const __half *, const __half *, const __half *, int, int)"
30458740,30459572,"k_gelu(__half *, unsigned long long)"
30459604,30482486,"k_gemv_fp16(__half *, const __half *, const __half *, const __half *, int, int)"
30482517,30483286,"k_add(__half *, const __half *, unsigned long long)"
30483318,30486198,"k_layernorm(__half *, const __half *, const __half *, const __half *, int, int)"
30486902,30503063,"k_gemv_fp16(__half *, const __half *, const __half *, const __half *, int, int)"
30503095,30503959,"k_kv_append(__half *, __half *, const __half *, int, int)"
30503991,30612287,"k_attn_decode_ordered4(__half *, const __half *, const __half *, const __half *, int, int)"
30612318,30619615,"k_gemv_fp16(__half *, const __half *, const __half *, const __half *, int, int)"
30619647,30620447,"k_add(__half *, const __half *, unsigned long long)"
30620479,30623359,"k_layernorm(__half *, const __half *, const __half *, const __half *, int, int)"
30623391,30644225,"k_gemv_fp16(__half *, const __half *, const __half *, const __half *, int, int)"
30644257,30645089,"k_gelu(__half *, unsigned long long)"
30645121,30667906,"k_gemv_fp16(__half *, const __half *, const __half *, const __half *, int, int)"
30667970,30668738,"k_add(__half *, const __half *, unsigned long long)"
30668770,30671715,"k_layernorm(__half *, const __half *, const __half *, const __half *, int, int)"
30671747,30687972,"k_gemv_fp16(__half *, const __half *, const __half *, const __half *, int, int)"
30688004,30688868,"k_kv_append(__half *, __half *, const __half *, int, int)"
30688900,30797195,"k_attn_decode_ordered4(__half *, const __half *, const __half *, const __half *, int, int)"
30797227,30804428,"k_gemv_fp16(__half *, const __half *, const __half *, const __half *, int, int)"
30804492,30805260,"k_add(__half *, const __half *, unsigned long long)"
30806124,30809004,"k_layernorm(__half *, const __half *, const __half *, const __half *, int, int)"
30809068,30829806,"k_gemv_fp16(__half *, const __half *, const __half *, const __half *, int, int)"
30829837,30830670,"k_gelu(__half *, unsigned long long)"
30830702,30853487,"k_gemv_fp16(__half *, const __half *, const __half *, const __half *, int, int)"
30853519,30854319,"k_add(__half *, const __half *, unsigned long long)"
30854351,30857231,"k_layernorm(__half *, const __half *, const __half *, const __half *, int, int)"
30857263,31168901,"k_gemv_fp16(__half *, const __half *, const __half *, const __half *, int, int)"
31214856,31215816,"k_embed_one(__half *, const __half *, const __half *, int, int)"
31215848,31218728,"k_layernorm(__half *, const __half *, const __half *, const __half *, int, int)"
31218760,31234921,"k_gemv_fp16(__half *, const __half *, const __half *, const __half *, int, int)"
31234985,31235849,"k_kv_append(__half *, __half *, const __half *, int, int)"
31235881,31344208,"k_attn_decode_ordered4(__half *, const __half *, const __half *, const __half *, int, int)"
31344209,31351601,"k_gemv_fp16(__half *, const __half *, const __half *, const __half *, int, int)"
31351634,31352402,"k_add(__half *, const __half *, unsigned long long)"
31352433,31355346,"k_layernorm(__half *, const __half *, const __half *, const __half *, int, int)"
31355378,31376275,"k_gemv_fp16(__half *, const __half *, const __half *, const __half *, int, int)"
31376307,31377171,"k_gelu(__half *, unsigned long long)"
31377203,31400053,"k_gemv_fp16(__half *, const __half *, const __half *, const __half *, int, int)"
31400117,31400885,"k_add(__half *, const __half *, unsigned long long)"
31400917,31403893,"k_layernorm(__half *, const __half *, const __half *, const __half *, int, int)"
31403925,31420213,"k_gemv_fp16(__half *, const __half *, const __half *, const __half *, int, int)"
31420214,31421110,"k_kv_append(__half *, __half *, const __half *, int, int)"
31421142,31529374,"k_attn_decode_ordered4(__half *, const __half *, const __half *, const __half *, int, int)"
31530238,31536830,"k_gemv_fp16(__half *, const __half *, const __half *, const __half *, int, int)"
31536894,31537662,"k_add(__half *, const __half *, unsigned long long)"
31537694,31540670,"k_layernorm(__half *, const __half *, const __half *, const __half *, int, int)"
31540703,31561632,"k_gemv_fp16(__half *, const __half *, const __half *, const __half *, int, int)"
31561664,31562496,"k_gelu(__half *, unsigned long long)"
31562528,31585506,"k_gemv_fp16(__half *, const __half *, const __half *, const __half *, int, int)"
31585537,31586306,"k_add(__half *, const __half *, unsigned long long)"
31586370,31589218,"k_layernorm(__half *, const __half *, const __half *, const __half *, int, int)"
31589282,31605443,"k_gemv_fp16(__half *, const __half *, const __half *, const __half *, int, int)"
31605475,31606339,"k_kv_append(__half *, __half *, const __half *, int, int)"
31606403,31714507,"k_attn_decode_ordered4(__half *, const __half *, const __half *, const __half *, int, int)"
31714538,31721995,"k_gemv_fp16(__half *, const __half *, const __half *, const __half *, int, int)"
31722027,31722795,"k_add(__half *, const __half *, unsigned long long)"
31722827,31725835,"k_layernorm(__half *, const __half *, const __half *, const __half *, int, int)"
31725867,31746605,"k_gemv_fp16(__half *, const __half *, const __half *, const __half *, int, int)"
31746669,31747501,"k_gelu(__half *, unsigned long long)"
31748237,31771086,"k_gemv_fp16(__half *, const __half *, const __half *, const __half *, int, int)"
31771118,31771918,"k_add(__half *, const __half *, unsigned long long)"
31771950,31774831,"k_layernorm(__half *, const __half *, const __half *, const __half *, int, int)"
31774863,31791216,"k_gemv_fp16(__half *, const __half *, const __half *, const __half *, int, int)"
31791248,31792144,"k_kv_append(__half *, __half *, const __half *, int, int)"
31792176,31900407,"k_attn_decode_ordered4(__half *, const __half *, const __half *, const __half *, int, int)"
31900439,31907704,"k_gemv_fp16(__half *, const __half *, const __half *, const __half *, int, int)"
31907736,31908504,"k_add(__half *, const __half *, unsigned long long)"
31908568,31911480,"k_layernorm(__half *, const __half *, const __half *, const __half *, int, int)"
31911512,31932281,"k_gemv_fp16(__half *, const __half *, const __half *, const __half *, int, int)"
31932314,31933145,"k_gelu(__half *, unsigned long long)"
31933209,31955963,"k_gemv_fp16(__half *, const __half *, const __half *, const __half *, int, int)"
31955995,31956795,"k_add(__half *, const __half *, unsigned long long)"
31956827,31959707,"k_layernorm(__half *, const __half *, const __half *, const __half *, int, int)"
31959739,31975900,"k_gemv_fp16(__half *, const __half *, const __half *, const __half *, int, int)"
31975932,31976797,"k_kv_append(__half *, __half *, const __half *, int, int)"
31977501,32085732,"k_attn_decode_ordered4(__half *, const __half *, const __half *, const __half *, int, int)"
32085764,32093156,"k_gemv_fp16(__half *, const __half *, const __half *, const __half *, int, int)"
32093157,32093957,"k_add(__half *, const __half *, unsigned long long)"
32093989,32096869,"k_layernorm(__half *, const __half *, const __half *, const __half *, int, int)"
32096933,32117702,"k_gemv_fp16(__half *, const __half *, const __half *, const __half *, int, int)"
32117734,32118566,"k_gelu(__half *, unsigned long long)"
32118598,32141288,"k_gemv_fp16(__half *, const __half *, const __half *, const __half *, int, int)"
32141320,32142120,"k_add(__half *, const __half *, unsigned long long)"
32142152,32145032,"k_layernorm(__half *, const __half *, const __half *, const __half *, int, int)"
32145064,32161321,"k_gemv_fp16(__half *, const __half *, const __half *, const __half *, int, int)"
32161353,32162217,"k_kv_append(__half *, __half *, const __half *, int, int)"
32162249,32269809,"k_attn_decode_ordered4(__half *, const __half *, const __half *, const __half *, int, int)"
32269841,32277201,"k_gemv_fp16(__half *, const __half *, const __half *, const __half *, int, int)"
32277233,32278033,"k_add(__half *, const __half *, unsigned long long)"
32278065,32280913,"k_layernorm(__half *, const __half *, const __half *, const __half *, int, int)"
32280977,32301747,"k_gemv_fp16(__half *, const __half *, const __half *, const __half *, int, int)"
32302451,32303251,"k_gelu(__half *, unsigned long long)"
32303315,32326229,"k_gemv_fp16(__half *, const __half *, const __half *, const __half *, int, int)"
32326293,32327061,"k_add(__half *, const __half *, unsigned long long)"
32327093,32330101,"k_layernorm(__half *, const __half *, const __half *, const __half *, int, int)"
32330133,32346358,"k_gemv_fp16(__half *, const __half *, const __half *, const __half *, int, int)"
32346390,32347254,"k_kv_append(__half *, __half *, const __half *, int, int)"
32347286,32455262,"k_attn_decode_ordered4(__half *, const __half *, const __half *, const __half *, int, int)"
32455293,32462558,"k_gemv_fp16(__half *, const __half *, const __half *, const __half *, int, int)"
32462590,32463358,"k_add(__half *, const __half *, unsigned long long)"
32463422,32466238,"k_layernorm(__half *, const __half *, const __half *, const __half *, int, int)"
32466302,32487072,"k_gemv_fp16(__half *, const __half *, const __half *, const __half *, int, int)"
32487104,32487936,"k_gelu(__half *, unsigned long long)"
32488000,32510721,"k_gemv_fp16(__half *, const __half *, const __half *, const __half *, int, int)"
32510753,32511521,"k_add(__half *, const __half *, unsigned long long)"
32511585,32514434,"k_layernorm(__half *, const __half *, const __half *, const __half *, int, int)"
32514466,32530627,"k_gemv_fp16(__half *, const __half *, const __half *, const __half *, int, int)"
32531331,32532195,"k_kv_append(__half *, __half *, const __half *, int, int)"
32532259,32640138,"k_attn_decode_ordered4(__half *, const __half *, const __half *, const __half *, int, int)"
32640202,32647339,"k_gemv_fp16(__half *, const __half *, const __half *, const __half *, int, int)"
32647371,32648139,"k_add(__half *, const __half *, unsigned long long)"
32648171,32651051,"k_layernorm(__half *, const __half *, const __half *, const __half *, int, int)"
32651083,32672076,"k_gemv_fp16(__half *, const __half *, const __half *, const __half *, int, int)"
32672140,32672972,"k_gelu(__half *, unsigned long long)"
32673004,32695694,"k_gemv_fp16(__half *, const __half *, const __half *, const __half *, int, int)"
32695726,32696526,"k_add(__half *, const __half *, unsigned long long)"
32696558,32699438,"k_layernorm(__half *, const __half *, const __half *, const __half *, int, int)"
32699502,32715631,"k_gemv_fp16(__half *, const __half *, const __half *, const __half *, int, int)"
32715663,32716559,"k_kv_append(__half *, __half *, const __half *, int, int)"
32716592,32824791,"k_attn_decode_ordered4(__half *, const __half *, const __half *, const __half *, int, int)"
32824823,32832151,"k_gemv_fp16(__half *, const __half *, const __half *, const __half *, int, int)"
32832215,32832983,"k_add(__half *, const __half *, unsigned long long)"
32833016,32835864,"k_layernorm(__half *, const __half *, const __half *, const __half *, int, int)"
32836632,32857497,"k_gemv_fp16(__half *, const __half *, const __half *, const __half *, int, int)"
32857529,32858361,"k_gelu(__half *, unsigned long long)"
32858393,32881115,"k_gemv_fp16(__half *, const __half *, const __half *, const __half *, int, int)"
32881147,32881915,"k_add(__half *, const __half *, unsigned long long)"
32881947,32884859,"k_layernorm(__half *, const __half *, const __half *, const __half *, int, int)"
32884891,32901308,"k_gemv_fp16(__half *, const __half *, const __half *, const __half *, int, int)"
32901340,32902204,"k_kv_append(__half *, __half *, const __half *, int, int)"
32902268,33010500,"k_attn_decode_ordered4(__half *, const __half *, const __half *, const __half *, int, int)"
33010532,33017892,"k_gemv_fp16(__half *, const __half *, const __half *, const __half *, int, int)"
33017924,33018692,"k_add(__half *, const __half *, unsigned long long)"
33018756,33021604,"k_layernorm(__half *, const __half *, const __half *, const __half *, int, int)"
33021636,33042406,"k_gemv_fp16(__half *, const __half *, const __half *, const __half *, int, int)"
33042438,33043302,"k_gelu(__half *, unsigned long long)"
33043334,33066088,"k_gemv_fp16(__half *, const __half *, const __half *, const __half *, int, int)"
33066120,33066918,"k_add(__half *, const __half *, unsigned long long)"
33066919,33069928,"k_layernorm(__half *, const __half *, const __half *, const __half *, int, int)"
33070632,33086761,"k_gemv_fp16(__half *, const __half *, const __half *, const __half *, int, int)"
33086793,33087657,"k_kv_append(__half *, __half *, const __half *, int, int)"
33087689,33195664,"k_attn_decode_ordered4(__half *, const __half *, const __half *, const __half *, int, int)"
33195696,33203057,"k_gemv_fp16(__half *, const __half *, const __half *, const __half *, int, int)"
33203121,33203889,"k_add(__half *, const __half *, unsigned long long)"
33203921,33206801,"k_layernorm(__half *, const __half *, const __half *, const __half *, int, int)"
33206865,33227667,"k_gemv_fp16(__half *, const __half *, const __half *, const __half *, int, int)"
33227699,33228531,"k_gelu(__half *, unsigned long long)"
33228563,33251508,"k_gemv_fp16(__half *, const __half *, const __half *, const __half *, int, int)"
33251540,33252308,"k_add(__half *, const __half *, unsigned long long)"
33252372,33255221,"k_layernorm(__half *, const __half *, const __half *, const __half *, int, int)"
33255252,33271414,"k_gemv_fp16(__half *, const __half *, const __half *, const __half *, int, int)"
33271446,33272310,"k_kv_append(__half *, __half *, const __half *, int, int)"
33272342,33380733,"k_attn_decode_ordered4(__half *, const __half *, const __half *, const __half *, int, int)"
33380765,33388030,"k_gemv_fp16(__half *, const __half *, const __half *, const __half *, int, int)"
33388062,33388862,"k_add(__half *, const __half *, unsigned long long)"
33389534,33392414,"k_layernorm(__half *, const __half *, const __half *, const __half *, int, int)"
33392446,33413215,"k_gemv_fp16(__half *, const __half *, const __half *, const __half *, int, int)"
33413248,33414079,"k_gelu(__half *, unsigned long long)"
33414112,33436897,"k_gemv_fp16(__half *, const __half *, const __half *, const __half *, int, int)"
33436961,33437729,"k_add(__half *, const __half *, unsigned long long)"
33437761,33440609,"k_layernorm(__half *, const __half *, const __half *, const __half *, int, int)"
33440673,33752343,"k_gemv_fp16(__half *, const __half *, const __half *, const __half *, int, int)"
33798810,33799738,"k_embed_one(__half *, const __half *, const __half *, int, int)"
33799802,33802682,"k_layernorm(__half *, const __half *, const __half *, const __half *, int, int)"
33802714,33819098,"k_gemv_fp16(__half *, const __half *, const __half *, const __half *, int, int)"
33819099,33819995,"k_kv_append(__half *, __half *, const __half *, int, int)"
33820027,33927811,"k_attn_decode_ordered4(__half *, const __half *, const __half *, const __half *, int, int)"
33927843,33935139,"k_gemv_fp16(__half *, const __half *, const __half *, const __half *, int, int)"
33935171,33935971,"k_add(__half *, const __half *, unsigned long long)"
33936003,33938884,"k_layernorm(__half *, const __half *, const __half *, const __half *, int, int)"
33938916,33959877,"k_gemv_fp16(__half *, const __half *, const __half *, const __half *, int, int)"
33959909,33960741,"k_gelu(__half *, unsigned long long)"
33960773,33983623,"k_gemv_fp16(__half *, const __half *, const __half *, const __half *, int, int)"
33983655,33984455,"k_add(__half *, const __half *, unsigned long long)"
33984487,33987335,"k_layernorm(__half *, const __half *, const __half *, const __half *, int, int)"
33987399,34003624,"k_gemv_fp16(__half *, const __half *, const __half *, const __half *, int, int)"
34003656,34004520,"k_kv_append(__half *, __half *, const __half *, int, int)"
34004552,34112592,"k_attn_decode_ordered4(__half *, const __half *, const __half *, const __half *, int, int)"
34113296,34120016,"k_gemv_fp16(__half *, const __half *, const __half *, const __half *, int, int)"
34120048,34120848,"k_add(__half *, const __half *, unsigned long long)"
34120880,34123760,"k_layernorm(__half *, const __half *, const __half *, const __half *, int, int)"
34123824,34144658,"k_gemv_fp16(__half *, const __half *, const __half *, const __half *, int, int)"
34144690,34145522,"k_gelu(__half *, unsigned long long)"
34145554,34168435,"k_gemv_fp16(__half *, const __half *, const __half *, const __half *, int, int)"
34168467,34169267,"k_add(__half *, const __half *, unsigned long long)"
34169300,34172180,"k_layernorm(__half *, const __half *, const __half *, const __half *, int, int)"
34172244,34188277,"k_gemv_fp16(__half *, const __half *, const __half *, const __half *, int, int)"
34188341,34189205,"k_kv_append(__half *, __half *, const __half *, int, int)"
34189237,34297436,"k_attn_decode_ordered4(__half *, const __half *, const __half *, const __half *, int, int)"
34297468,34304861,"k_gemv_fp16(__half *, const __half *, const __half *, const __half *, int, int)"
34304893,34305661,"k_add(__half *, const __half *, unsigned long long)"
34305725,34308669,"k_layernorm(__half *, const __half *, const __half *, const __half *, int, int)"
34308733,34329535,"k_gemv_fp16(__half *, const __half *, const __half *, const __half *, int, int)"
34329566,34330399,"k_gelu(__half *, unsigned long long)"
34331295,34354176,"k_gemv_fp16(__half *, const __half *, const __half *, const __half *, int, int)"
34354208,34354976,"k_add(__half *, const __half *, unsigned long long)"
34355008,34357888,"k_layernorm(__half *, const __half *, const __half *, const __half *, int, int)"
34357953,34374210,"k_gemv_fp16(__half *, const __half *, const __half *, const __half *, int, int)"
34374242,34375138,"k_kv_append(__half *, __half *, const __half *, int, int)"
34375170,34483401,"k_attn_decode_ordered4(__half *, const __half *, const __half *, const __half *, int, int)"
34483433,34490698,"k_gemv_fp16(__half *, const __half *, const __half *, const __half *, int, int)"
34490730,34491498,"k_add(__half *, const __half *, unsigned long long)"
34491530,34494410,"k_layernorm(__half *, const __half *, const __half *, const __half *, int, int)"
34494442,34515211,"k_gemv_fp16(__half *, const __half *, const __half *, const __half *, int, int)"
34515243,34516075,"k_gelu(__half *, unsigned long long)"
34516139,34538989,"k_gemv_fp16(__half *, const __half *, const __half *, const __half *, int, int)"
34539021,34539821,"k_add(__half *, const __half *, unsigned long long)"
34539853,34542829,"k_layernorm(__half *, const __half *, const __half *, const __half *, int, int)"
34542861,34559086,"k_gemv_fp16(__half *, const __half *, const __half *, const __half *, int, int)"
34559150,34560014,"k_kv_append(__half *, __half *, const __half *, int, int)"
34560686,34668854,"k_attn_decode_ordered4(__half *, const __half *, const __half *, const __half *, int, int)"
34668886,34676310,"k_gemv_fp16(__half *, const __half *, const __half *, const __half *, int, int)"
34676342,34677111,"k_add(__half *, const __half *, unsigned long long)"
34677142,34680151,"k_layernorm(__half *, const __half *, const __half *, const __half *, int, int)"
34680215,34700984,"k_gemv_fp16(__half *, const __half *, const __half *, const __half *, int, int)"
34701048,34701880,"k_gelu(__half *, unsigned long long)"
34701912,34724634,"k_gemv_fp16(__half *, const __half *, const __half *, const __half *, int, int)"
34724666,34725466,"k_add(__half *, const __half *, unsigned long long)"
34725498,34728410,"k_layernorm(__half *, const __half *, const __half *, const __half *, int, int)"
34728442,34744699,"k_gemv_fp16(__half *, const __half *, const __half *, const __half *, int, int)"
34744731,34745595,"k_kv_append(__half *, __half *, const __half *, int, int)"
34745627,34853987,"k_attn_decode_ordered4(__half *, const __half *, const __half *, const __half *, int, int)"
34854019,34861347,"k_gemv_fp16(__half *, const __half *, const __half *, const __half *, int, int)"
34861411,34862179,"k_add(__half *, const __half *, unsigned long long)"
34862211,34865091,"k_layernorm(__half *, const __half *, const __half *, const __half *, int, int)"
34865123,34885861,"k_gemv_fp16(__half *, const __half *, const __half *, const __half *, int, int)"
34886597,34887429,"k_gelu(__half *, unsigned long long)"
34887461,34910342,"k_gemv_fp16(__half *, const __half *, const __half *, const __half *, int, int)"
34910375,34911175,"k_add(__half *, const __half *, unsigned long long)"
34911206,34914087,"k_layernorm(__half *, const __half *, const __half *, const __half *, int, int)"
34914119,34930440,"k_gemv_fp16(__half *, const __half *, const __half *, const __half *, int, int)"
34930472,34931336,"k_kv_append(__half *, __half *, const __half *, int, int)"
34931368,35039664,"k_attn_decode_ordered4(__half *, const __half *, const __half *, const __half *, int, int)"
35039727,35046992,"k_gemv_fp16(__half *, const __half *, const __half *, const __half *, int, int)"
35047024,35047824,"k_add(__half *, const __half *, unsigned long long)"
35047856,35050704,"k_layernorm(__half *, const __half *, const __half *, const __half *, int, int)"
35050736,35071474,"k_gemv_fp16(__half *, const __half *, const __half *, const __half *, int, int)"
35071538,35072338,"k_gelu(__half *, unsigned long long)"
35072402,35095091,"k_gemv_fp16(__half *, const __half *, const __half *, const __half *, int, int)"
35095155,35095923,"k_add(__half *, const __half *, unsigned long long)"
35095955,35098835,"k_layernorm(__half *, const __half *, const __half *, const __half *, int, int)"
35098868,35115029,"k_gemv_fp16(__half *, const __half *, const __half *, const __half *, int, int)"
35115733,35116629,"k_kv_append(__half *, __half *, const __half *, int, int)"
35116661,35224924,"k_attn_decode_ordered4(__half *, const __half *, const __half *, const __half *, int, int)"
35224956,35232285,"k_gemv_fp16(__half *, const __half *, const __half *, const __half *, int, int)"
35232317,35233117,"k_add(__half *, const __half *, unsigned long long)"
35233149,35236061,"k_layernorm(__half *, const __half *, const __half *, const __half *, int, int)"
35236093,35256990,"k_gemv_fp16(__half *, const __half *, const __half *, const __half *, int, int)"
35257022,35257887,"k_gelu(__half *, unsigned long long)"
35257918,35280640,"k_gemv_fp16(__half *, const __half *, const __half *, const __half *, int, int)"
35280672,35281440,"k_add(__half *, const __half *, unsigned long long)"
35281504,35284352,"k_layernorm(__half *, const __half *, const __half *, const __half *, int, int)"
35284384,35300545,"k_gemv_fp16(__half *, const __half *, const __half *, const __half *, int, int)"
35300577,35301442,"k_kv_append(__half *, __half *, const __half *, int, int)"
35301473,35409257,"k_attn_decode_ordered4(__half *, const __half *, const __half *, const __half *, int, int)"
35409289,35416585,"k_gemv_fp16(__half *, const __half *, const __half *, const __half *, int, int)"
35416617,35417385,"k_add(__half *, const __half *, unsigned long long)"
35417418,35420266,"k_layernorm(__half *, const __half *, const __half *, const __half *, int, int)"
35421226,35441995,"k_gemv_fp16(__half *, const __half *, const __half *, const __half *, int, int)"
35442027,35442859,"k_gelu(__half *, unsigned long long)"
35442891,35465645,"k_gemv_fp16(__half *, const __half *, const __half *, const __half *, int, int)"
35465677,35466477,"k_add(__half *, const __half *, unsigned long long)"
35466509,35469389,"k_layernorm(__half *, const __half *, const __half *, const __half *, int, int)"
35469453,35485710,"k_gemv_fp16(__half *, const __half *, const __half *, const __half *, int, int)"
35485742,35486606,"k_kv_append(__half *, __half *, const __half *, int, int)"
35486638,35594742,"k_attn_decode_ordered4(__half *, const __half *, const __half *, const __half *, int, int)"
35594774,35602070,"k_gemv_fp16(__half *, const __half *, const __half *, const __half *, int, int)"
35602102,35602870,"k_add(__half *, const __half *, unsigned long long)"
35602934,35605782,"k_layernorm(__half *, const __half *, const __half *, const __half *, int, int)"
35605815,35626680,"k_gemv_fp16(__half *, const __half *, const __half *, const __half *, int, int)"
35626712,35627576,"k_gelu(__half *, unsigned long long)"
35627608,35650297,"k_gemv_fp16(__half *, const __half *, const __half *, const __half *, int, int)"
35650330,35651098,"k_add(__half *, const __half *, unsigned long long)"
35651161,35654138,"k_layernorm(__half *, const __half *, const __half *, const __half *, int, int)"
35655066,35671131,"k_gemv_fp16(__half *, const __half *, const __half *, const __half *, int, int)"
35671163,35672027,"k_kv_append(__half *, __half *, const __half *, int, int)"
35672091,35779906,"k_attn_decode_ordered4(__half *, const __half *, const __half *, const __half *, int, int)"
35779938,35787235,"k_gemv_fp16(__half *, const __half *, const __half *, const __half *, int, int)"
35787267,35788035,"k_add(__half *, const __half *, unsigned long long)"
35788099,35790979,"k_layernorm(__half *, const __half *, const __half *, const __half *, int, int)"
35791011,35811877,"k_gemv_fp16(__half *, const __half *, const __half *, const __half *, int, int)"
35811908,35812741,"k_gelu(__half *, unsigned long long)"
35812773,35835590,"k_gemv_fp16(__half *, const __half *, const __half *, const __half *, int, int)"
35835654,35836422,"k_add(__half *, const __half *, unsigned long long)"
35836454,35839335,"k_layernorm(__half *, const __half *, const __half *, const __half *, int, int)"
35839398,35855592,"k_gemv_fp16(__half *, const __half *, const __half *, const __half *, int, int)"
35855656,35856520,"k_kv_append(__half *, __half *, const __half *, int, int)"
35856552,35965071,"k_attn_decode_ordered4(__half *, const __half *, const __half *, const __half *, int, int)"
35965103,35972400,"k_gemv_fp16(__half *, const __half *, const __half *, const __half *, int, int)"
35972464,35973232,"k_add(__half *, const __half *, unsigned long long)"
35974192,35977040,"k_layernorm(__half *, const __half *, const __half *, const __half *, int, int)"
35977072,35997841,"k_gemv_fp16(__half *, const __half *, const __half *, const __half *, int, int)"
35997873,35998706,"k_gelu(__half *, unsigned long long)"
35998769,36021587,"k_gemv_fp16(__half *, const __half *, const __half *, const __half *, int, int)"
36021651,36022419,"k_add(__half *, const __half *, unsigned long long)"
36022451,36025331,"k_layernorm(__half *, const __half *, const __half *, const __half *, int, int)"
36025363,36337065,"k_gemv_fp16(__half *, const __half *, const __half *, const __half *, int, int)"
36383404,36384332,"k_embed_one(__half *, const __half *, const __half *, int, int)"
36384364,36387244,"k_layernorm(__half *, const __half *, const __half *, const __half *, int, int)"
36387276,36403373,"k_gemv_fp16(__half *, const __half *, const __half *, const __half *, int, int)"
36403405,36404269,"k_kv_append(__half *, __half *, const __half *, int, int)"
36404333,36512341,"k_attn_decode_ordered4(__half *, const __half *, const __half *, const __half *, int, int)"
36512373,36519701,"k_gemv_fp16(__half *, const __half *, const __half *, const __half *, int, int)"
36519733,36520533,"k_add(__half *, const __half *, unsigned long long)"
36520565,36523446,"k_layernorm(__half *, const __half *, const __half *, const __half *, int, int)"
36523478,36544567,"k_gemv_fp16(__half *, const __half *, const __half *, const __half *, int, int)"
36544599,36545431,"k_gelu(__half *, unsigned long long)"
36545463,36568249,"k_gemv_fp16(__half *, const __half *, const __half *, const __half *, int, int)"
36568281,36569081,"k_add(__half *, const __half *, unsigned long long)"
36569113,36572089,"k_layernorm(__half *, const __half *, const __half *, const __half *, int, int)"
36572121,36588378,"k_gemv_fp16(__half *, const __half *, const __half *, const __half *, int, int)"
36588410,36589274,"k_kv_append(__half *, __half *, const __half *, int, int)"
36589338,36697634,"k_attn_decode_ordered4(__half *, const __half *, const __half *, const __half *, int, int)"
36698530,36705186,"k_gemv_fp16(__half *, const __half *, const __half *, const __half *, int, int)"
36705218,36705986,"k_add(__half *, const __half *, unsigned long long)"
36706050,36708898,"k_layernorm(__half *, const __half *, const __half *, const __half *, int, int)"
36708962,36729764,"k_gemv_fp16(__half *, const __half *, const __half *, const __half *, int, int)"
36729796,36730628,"k_gelu(__half *, unsigned long long)"
36730692,36753573,"k_gemv_fp16(__half *, const __half *, const __half *, const __half *, int, int)"
36753606,36754406,"k_add(__half *, const __half *, unsigned long long)"
36754437,36757318,"k_layernorm(__half *, const __half *, const __half *, const __half *, int, int)"
36757350,36773543,"k_gemv_fp16(__half *, const __half *, const __half *, const __half *, int, int)"
36773607,36774471,"k_kv_append(__half *, __half *, const __half *, int, int)"
36774503,36882702,"k_attn_decode_ordered4(__half *, const __half *, const __half *, const __half *, int, int)"
36882734,36890031,"k_gemv_fp16(__half *, const __half *, const __half *, const __half *, int, int)"
36890063,36890831,"k_add(__half *, const __half *, unsigned long long)"
36890895,36893743,"k_layernorm(__half *, const __half *, const __half *, const __half *, int, int)"
36893775,36914609,"k_gemv_fp16(__half *, const __half *, const __half *, const __half *, int, int)"
36914641,36915505,"k_gelu(__half *, unsigned long long)"
36916241,36939122,"k_gemv_fp16(__half *, const __half *, const __half *, const __half *, int, int)"
36939186,36939954,"k_add(__half *, const __half *, unsigned long long)"
36939986,36942994,"k_layernorm(__half *, const __half *, const __half *, const __half *, int, int)"
36943026,36959187,"k_gemv_fp16(__half *, const __half *, const __half *, const __half *, int, int)"
36959252,36960116,"k_kv_append(__half *, __half *, const __half *, int, int)"
36960148,37068699,"k_attn_decode_ordered4(__half *, const __half *, const __half *, const __half *, int, int)"
37068731,37076028,"k_gemv_fp16(__half *, const __half *, const __half *, const __half *, int, int)"
37076060,37076828,"k_add(__half *, const __half *, unsigned long long)"
37076860,37079772,"k_layernorm(__half *, const __half *, const __half *, const __half *, int, int)"
37079804,37100605,"k_gemv_fp16(__half *, const __half *, const __half *, const __half *, int, int)"
37100637,37101501,"k_gelu(__half *, unsigned long long)"
37101533,37124318,"k_gemv_fp16(__half *, const __half *, const __half *, const __half *, int, int)"
37124319,37125119,"k_add(__half *, const __half *, unsigned long long)"
37125151,37128095,"k_layernorm(__half *, const __half *, const __half *, const __half *, int, int)"
37128127,37144288,"k_gemv_fp16(__half *, const __half *, const __half *, const __half *, int, int)"
37144320,37145184,"k_kv_append(__half *, __half *, const __half *, int, int)"
37145920,37253864,"k_attn_decode_ordered4(__half *, const __half *, const __half *, const __half *, int, int)"
37253896,37261448,"k_gemv_fp16(__half *, const __half *, const __half *, const __half *, int, int)"
37261480,37262248,"k_add(__half *, const __half *, unsigned long long)"
37262280,37265161,"k_layernorm(__half *, const __half *, const __half *, const __half *, int, int)"
37265193,37286026,"k_gemv_fp16(__half *, const __half *, const __half *, const __half *, int, int)"
37286058,37286890,"k_gelu(__half *, unsigned long long)"
37286922,37309676,"k_gemv_fp16(__half *, const __half *, const __half *, const __half *, int, int)"
37309708,37310508,"k_add(__half *, const __half *, unsigned long long)"
37310540,37313420,"k_layernorm(__half *, const __half *, const __half *, const __half *, int, int)"
37313452,37329741,"k_gemv_fp16(__half *, const __half *, const __half *, const __half *, int, int)"
37329773,37330637,"k_kv_append(__half *, __half *, const __half *, int, int)"
37330701,37438484,"k_attn_decode_ordered4(__half *, const __half *, const __half *, const __half *, int, int)"
37438517,37445877,"k_gemv_fp16(__half *, const __half *, const __half *, const __half *, int, int)"
37445909,37446677,"k_add(__half *, const __half *, unsigned long long)"
37446741,37449589,"k_layernorm(__half *, const __half *, const __half *, const __half *, int, int)"
37449621,37470487,"k_gemv_fp16(__half *, const __half *, const __half *, const __half *, int, int)"
37471159,37471991,"k_gelu(__half *, unsigned long long)"
37472055,37494936,"k_gemv_fp16(__half *, const __half *, const __half *, const __half *, int, int)"
37495000,37495769,"k_add(__half *, const __half *, unsigned long long)"
37495801,37498713,"k_layernorm(__half *, const __half *, const __half *, const __half *, int, int)"
37498745,37515066,"k_gemv_fp16(__half *, const __half *, const __half *, const __half *, int, int)"
37515098,37515962,"k_kv_append(__half *, __half *, const __half *, int, int)"
37516026,37624705,"k_attn_decode_ordered4(__half *, const __half *, const __half *, const __half *, int, int)"
37624737,37631970,"k_gemv_fp16(__half *, const __half *, const __half *, const __half *, int, int)"
37632002,37632770,"k_add(__half *, const __half *, unsigned long long)"
37632834,37635714,"k_layernorm(__half *, const __half *, const __half *, const __half *, int, int)"
37635746,37656644,"k_gemv_fp16(__half *, const __half *, const __half *, const __half *, int, int)"
37656708,37657540,"k_gelu(__half *, unsigned long long)"
37657572,37680325,"k_gemv_fp16(__half *, const __half *, const __half *, const __half *, int, int)"
37680357,37681157,"k_add(__half *, const __half *, unsigned long long)"
37681189,37684230,"k_layernorm(__half *, const __half *, const __half *, const __half *, int, int)"
37684261,37700455,"k_gemv_fp16(__half *, const __half *, const __half *, const __half *, int, int)"
37701319,37702183,"k_kv_append(__half *, __half *, const __half *, int, int)"
37702215,37810478,"k_attn_decode_ordered4(__half *, const __half *, const __half *, const __half *, int, int)"
37810510,37817807,"k_gemv_fp16(__half *, const __half *, const __half *, const __half *, int, int)"
37817839,37818607,"k_add(__half *, const __half *, unsigned long long)"
37818671,37821551,"k_layernorm(__half *, const __half *, const __half *, const __half *, int, int)"
37821583,37842416,"k_gemv_fp16(__half *, const __half *, const __half *, const __half *, int, int)"
37842480,37843312,"k_gelu(__half *, unsigned long long)"
37843345,37866066,"k_gemv_fp16(__half *, const __half *, const __half *, const __half *, int, int)"
37866130,37866898,"k_add(__half *, const __half *, unsigned long long)"
37866930,37869810,"k_layernorm(__half *, const __half *, const __half *, const __half *, int, int)"
37869842,37885844,"k_gemv_fp16(__half *, const __half *, const __half *, const __half *, int, int)"
37885875,37886770,"k_kv_append(__half *, __half *, const __half *, int, int)"
37886771,37994907,"k_attn_decode_ordered4(__half *, const __half *, const __half *, const __half *, int, int)"
37994939,38002331,"k_gemv_fp16(__half *, const __half *, const __half *, const __half *, int, int)"
38002363,38003132,"k_add(__half *, const __half *, unsigned long long)"
38003163,38006012,"k_layernorm(__half *, const __half *, const __half *, const __half *, int, int)"
38006908,38027709,"k_gemv_fp16(__half *, const __half *, const __half *, const __half *, int, int)"
38027741,38028605,"k_gelu(__half *, unsigned long long)"
38028637,38051359,"k_gemv_fp16(__half *, const __half *, const __half *, const __half *, int, int)"
38051391,38052191,"k_add(__half *, const __half *, unsigned long long)"
38052223,38055135,"k_layernorm(__half *, const __half *, const __half *, const __half *, int, int)"
38055199,38071520,"k_gemv_fp16(__half *, const __half *, const __half *, const __half *, int, int)"
38071552,38072416,"k_kv_append(__half *, __half *, const __half *, int, int)"
38072448,38180840,"k_attn_decode_ordered4(__half *, const __half *, const __half *, const __half *, int, int)"
38180872,38188168,"k_gemv_fp16(__half *, const __half *, const __half *, const __half *, int, int)"
38188200,38189000,"k_add(__half *, const __half *, unsigned long long)"
38189032,38191881,"k_layernorm(__half *, const __half *, const __half *, const __half *, int, int)"
38191912,38212682,"k_gemv_fp16(__half *, const __half *, const __half *, const __half *, int, int)"
38212714,38213577,"k_gelu(__half *, unsigned long long)"
38213578,38236330,"k_gemv_fp16(__half *, const __half *, const __half *, const __half *, int, int)"
38236331,38237131,"k_add(__half *, const __half *, unsigned long long)"
38237164,38240044,"k_layernorm(__half *, const __half *, const __half *, const __half *, int, int)"
38240940,38257165,"k_gemv_fp16(__half *, const __half *, const __half *, const __half *, int, int)"
38257197,38258093,"k_kv_append(__half *, __half *, const __half *, int, int)"
38258125,38366324,"k_attn_decode_ordered4(__half *, const __half *, const __half *, const __half *, int, int)"
38366357,38373685,"k_gemv_fp16(__half *, const __half *, const __half *, const __half *, int, int)"
38373717,38374517,"k_add(__half *, const __half *, unsigned long long)"
38374549,38377429,"k_layernorm(__half *, const __half *, const __half *, const __half *, int, int)"
38377461,38398263,"k_gemv_fp16(__half *, const __half *, const __half *, const __half *, int, int)"
38398295,38399127,"k_gelu(__half *, unsigned long long)"
38399191,38422040,"k_gemv_fp16(__half *, const __half *, const __half *, const __half *, int, int)"
38422104,38422872,"k_add(__half *, const __half *, unsigned long long)"
38422904,38425753,"k_layernorm(__half *, const __half *, const __half *, const __half *, int, int)"
38425817,38442074,"k_gemv_fp16(__half *, const __half *, const __half *, const __half *, int, int)"
38442106,38442970,"k_kv_append(__half *, __half *, const __half *, int, int)"
38443034,38551233,"k_attn_decode_ordered4(__half *, const __half *, const __half *, const __half *, int, int)"
38551265,38558594,"k_gemv_fp16(__half *, const __half *, const __half *, const __half *, int, int)"
38558626,38559394,"k_add(__half *, const __half *, unsigned long long)"
38560130,38563074,"k_layernorm(__half *, const __half *, const __half *, const __half *, int, int)"
38563138,38583843,"k_gemv_fp16(__half *, const __half *, const __half *, const __half *, int, int)"
38583875,38584707,"k_gelu(__half *, unsigned long long)"
38584772,38607653,"k_gemv_fp16(__half *, const __half *, const __half *, const __half *, int, int)"
38607685,38608485,"k_add(__half *, const __half *, unsigned long long)"
38608517,38611365,"k_layernorm(__half *, const __half *, const __half *, const __half *, int, int)"
38611429,38923099,"k_gemv_fp16(__half *, const __half *, const __half *, const __half *, int, int)"
38970910,38971838,"k_embed_one(__half *, const __half *, const __half *, int, int)"
38971870,38974750,"k_layernorm(__half *, const __half *, const __half *, const __half *, int, int)"
38974783,38991136,"k_gemv_fp16(__half *, const __half *, const __half *, const __half *, int, int)"
38991167,38992031,"k_kv_append(__half *, __half *, const __half *, int, int)"
38992064,39099911,"k_attn_decode_ordered4(__half *, const __half *, const __half *, const __half *, int, int)"
39099943,39107272,"k_gemv_fp16(__half *, const __half *, const __half *, const __half *, int, int)"
39107335,39108103,"k_add(__half *, const __half *, unsigned long long)"
39108136,39111016,"k_layernorm(__half *, const __half *, const __half *, const __half *, int, int)"
39111048,39131976,"k_gemv_fp16(__half *, const __half *, const __half *, const __half *, int, int)"
39131977,39132841,"k_gelu(__half *, unsigned long long)"
39132873,39155691,"k_gemv_fp16(__half *, const __half *, const __half *, const __half *, int, int)"
39155723,39156523,"k_add(__half *, const __half *, unsigned long long)"
39156555,39159403,"k_layernorm(__half *, const __half *, const __half *, const __half *, int, int)"
39159435,39175628,"k_gemv_fp16(__half *, const __half *, const __half *, const __half *, int, int)"
39175660,39176524,"k_kv_append(__half *, __half *, const __half *, int, int)"
39176556,39284532,"k_attn_decode_ordered4(__half *, const __half *, const __half *, const __half *, int, int)"
39285300,39291988,"k_gemv_fp16(__half *, const __half *, const __half *, const __half *, int, int)"
39292020,39292788,"k_add(__half *, const __half *, unsigned long long)"
39292820,39295765,"k_layernorm(__half *, const __half *, const __half *, const __half *, int, int)"
39295796,39316726,"k_gemv_fp16(__half *, const __half *, const __half *, const __half *, int, int)"
39316758,39317590,"k_gelu(__half *, unsigned long long)"
39317622,39340472,"k_gemv_fp16(__half *, const __half *, const __half *, const __half *, int, int)"
39340536,39341304,"k_add(__half *, const __half *, unsigned long long)"
39341336,39344216,"k_layernorm(__half *, const __half *, const __half *, const __half *, int, int)"
39344248,39360441,"k_gemv_fp16(__half *, const __half *, const __half *, const __half *, int, int)"
39360473,39361337,"k_kv_append(__half *, __half *, const __half *, int, int)"
39361401,39469056,"k_attn_decode_ordered4(__half *, const __half *, const __half *, const __half *, int, int)"
39469121,39476577,"k_gemv_fp16(__half *, const __half *, const __half *, const __half *, int, int)"
39476609,39477377,"k_add(__half *, const __half *, unsigned long long)"
39477409,39480289,"k_layernorm(__half *, const __half *, const __half *, const __half *, int, int)"
39480321,39501123,"k_gemv_fp16(__half *, const __half *, const __half *, const __half *, int, int)"
39501155,39501987,"k_gelu(__half *, unsigned long long)"
39502883,39525732,"k_gemv_fp16(__half *, const __half *, const __half *, const __half *, int, int)"
39525764,39526564,"k_add(__half *, const __half *, unsigned long long)"
39526597,39529445,"k_layernorm(__half *, const __half *, const __half *, const __half *, int, int)"
39529477,39545766,"k_gemv_fp16(__half *, const __half *, const __half *, const __half *, int, int)"
39545798,39546662,"k_kv_append(__half *, __half *, const __half *, int, int)"
39546694,39655405,"k_attn_decode_ordered4(__half *, const __half *, const __half *, const __half *, int, int)"
39655437,39662702,"k_gemv_fp16(__half *, const __half *, const __half *, const __half *, int, int)"
39662734,39663502,"k_add(__half *, const __half *, unsigned long long)"
39663534,39666446,"k_layernorm(__half *, const __half *, const __half *, const __half *, int, int)"
39666478,39687247,"k_gemv_fp16(__half *, const __half *, const __half *, const __half *, int, int)"
39687279,39688112,"k_gelu(__half *, unsigned long long)"
39688144,39711152,"k_gemv_fp16(__half *, const __half *, const __half *, const __half *, int, int)"
39711153,39711953,"k_add(__half *, const __half *, unsigned long long)"
39711985,39714865,"k_layernorm(__half *, const __half *, const __half *, const __half *, int, int)"
39714897,39731155,"k_gemv_fp16(__half *, const __half *, const __half *, const __half *, int, int)"
39731186,39732051,"k_kv_append(__half *, __half *, const __half *, int, int)"
39732755,39841082,"k_attn_decode_ordered4(__half *, const __half *, const __half *, const __half *, int, int)"
39841146,39848603,"k_gemv_fp16(__half *, const __half *, const __half *, const __half *, int, int)"
39848635,39849403,"k_add(__half *, const __half *, unsigned long long)"
39849435,39852315,"k_layernorm(__half *, const __half *, const __half *, const __half *, int, int)"
39852347,39873148,"k_gemv_fp16(__half *, const __half *, const __half *, const __half *, int, int)"
39873180,39874012,"k_gelu(__half *, unsigned long long)"
39874044,39896798,"k_gemv_fp16(__half *, const __half *, const __half *, const __half *, int, int)"
39896830,39897630,"k_add(__half *, const __half *, unsigned long long)"
39897662,39900510,"k_layernorm(__half *, const __half *, const __half *, const __half *, int, int)"
39900574,39916735,"k_gemv_fp16(__half *, const __half *, const __half *, const __half *, int, int)"
39916767,39917631,"k_kv_append(__half *, __half *, const __half *, int, int)"
39917663,40025575,"k_attn_decode_ordered4(__half *, const __half *, const __half *, const __half *, int, int)"
40025639,40032935,"k_gemv_fp16(__half *, const __half *, const __half *, const __half *, int, int)"
40032967,40033735,"k_add(__half *, const __half *, unsigned long long)"
40033767,40036647,"k_layernorm(__half *, const __half *, const __half *, const __half *, int, int)"
40036711,40057449,"k_gemv_fp16(__half *, const __half *, const __half *, const __half *, int, int)"
40058345,40059177,"k_gelu(__half *, unsigned long long)"
40059241,40082027,"k_gemv_fp16(__half *, const __half *, const __half *, const __half *, int, int)"
40082059,40082827,"k_add(__half *, const __half *, unsigned long long)"
40082891,40085771,"k_layernorm(__half *, const __half *, const __half *, const __half *, int, int)"
40085803,40102060,"k_gemv_fp16(__half *, const __half *, const __half *, const __half *, int, int)"
40102092,40102956,"k_kv_append(__half *, __half *, const __half *, int, int)"
40102988,40211219,"k_attn_decode_ordered4(__half *, const __half *, const __half *, const __half *, int, int)"
40211252,40218516,"k_gemv_fp16(__half *, const __half *, const __half *, const __half *, int, int)"
40218580,40219348,"k_add(__half *, const __half *, unsigned long long)"
40219380,40222228,"k_layernorm(__half *, const __half *, const __half *, const __half *, int, int)"
40222292,40243030,"k_gemv_fp16(__half *, const __half *, const __half *, const __half *, int, int)"
40243062,40243894,"k_gelu(__half *, unsigned long long)"
40243958,40266679,"k_gemv_fp16(__half *, const __half *, const __half *, const __half *, int, int)"
40266711,40267511,"k_add(__half *, const __half *, unsigned long long)"
40267543,40270424,"k_layernorm(__half *, const __half *, const __half *, const __half *, int, int)"
40270456,40286681,"k_gemv_fp16(__half *, const __half *, const __half *, const __half *, int, int)"
40287641,40288505,"k_kv_append(__half *, __half *, const __half *, int, int)"
40288569,40396928,"k_attn_decode_ordered4(__half *, const __half *, const __half *, const __half *, int, int)"
40396960,40404321,"k_gemv_fp16(__half *, const __half *, const __half *, const __half *, int, int)"
40404353,40405121,"k_add(__half *, const __half *, unsigned long long)"
40405185,40408033,"k_layernorm(__half *, const __half *, const __half *, const __half *, int, int)"
40408065,40429027,"k_gemv_fp16(__half *, const __half *, const __half *, const __half *, int, int)"
40429059,40429891,"k_gelu(__half *, unsigned long long)"
40429954,40452644,"k_gemv_fp16(__half *, const __half *, const __half *, const __half *, int, int)"
40452708,40453476,"k_add(__half *, const __half *, unsigned long long)"
40453540,40456420,"k_layernorm(__half *, const __half *, const __half *, const __half *, int, int)"
40456452,40472710,"k_gemv_fp16(__half *, const __half *, const __half *, const __half *, int, int)"
40472741,40473638,"k_kv_append(__half *, __half *, const __half *, int, int)"
40473670,40581581,"k_attn_decode_ordered4(__half *, const __half *, const __half *, const __half *, int, int)"
40581613,40588942,"k_gemv_fp16(__half *, const __half *, const __half *, const __half *, int, int)"
40588973,40589774,"k_add(__half *, const __half *, unsigned long long)"
40589806,40592654,"k_layernorm(__half *, const __half *, const __half *, const __half *, int, int)"
40593518,40614287,"k_gemv_fp16(__half *, const __half *, const __half *, const __half *, int, int)"
40614319,40615151,"k_gelu(__half *, unsigned long long)"
40615215,40637937,"k_gemv_fp16(__half *, const __half *, const __half *, const __half *, int, int)"
40637969,40638769,"k_add(__half *, const __half *, unsigned long long)"
40638801,40641681,"k_layernorm(__half *, const __half *, const __half *, const __half *, int, int)"
40641713,40657970,"k_gemv_fp16(__half *, const __half *, const __half *, const __half *, int, int)"
40658034,40658866,"k_kv_append(__half *, __half *, const __half *, int, int)"
40658930,40766970,"k_attn_decode_ordered4(__half *, const __half *, const __half *, const __half *, int, int)"
40767002,40774362,"k_gemv_fp16(__half *, const __half *, const __half *, const __half *, int, int)"
40774394,40775162,"k_add(__half *, const __half *, unsigned long long)"
40775194,40778074,"k_layernorm(__half *, const __half *, const __half *, const __half *, int, int)"
40778107,40798844,"k_gemv_fp16(__half *, const __half *, const __half *, const __half *, int, int)"
40798876,40799740,"k_gelu(__half *, unsigned long long)"
40799772,40822462,"k_gemv_fp16(__half *, const __half *, const __half *, const __half *, int, int)"
40822493,40823294,"k_add(__half *, const __half *, unsigned long long)"
40823326,40826206,"k_layernorm(__half *, const __half *, const __half *, const __half *, int, int)"
40826910,40843103,"k_gemv_fp16(__half *, const __half *, const __half *, const __half *, int, int)"
40843135,40843999,"k_kv_append(__half *, __half *, const __half *, int, int)"
40844031,40952423,"k_attn_decode_ordered4(__half *, const __half *, const __half *, const __half *, int, int)"
40952455,40959783,"k_gemv_fp16(__half *, const __half *, const __half *, const __half *, int, int)"
40959815,40960615,"k_add(__half *, const __half *, unsigned long long)"
40960647,40963527,"k_layernorm(__half *, const __half *, const __half *, const __half *, int, int)"
40963559,40984393,"k_gemv_fp16(__half *, const __half *, const __half *, const __half *, int, int)"
40984425,40985257,"k_gelu(__half *, unsigned long long)"
40985289,41008138,"k_gemv_fp16(__half *, const __half *, const __half *, const __half *, int, int)"
41008170,41008939,"k_add(__half *, const __half *, unsigned long long)"
41009002,41011851,"k_layernorm(__half *, const __half *, const __half *, const __half *, int, int)"
41011883,41028172,"k_gemv_fp16(__half *, const __half *, const __half *, const __half *, int, int)"
41028204,41029068,"k_kv_append(__half *, __half *, const __half *, int, int)"
41029132,41137395,"k_attn_decode_ordered4(__half *, const __half *, const __half *, const __half *, int, int)"
41137427,41144756,"k_gemv_fp16(__half *, const __half *, const __half *, const __half *, int, int)"
41144788,41145588,"k_add(__half *, const __half *, unsigned long long)"
41146292,41149172,"k_layernorm(__half *, const __half *, const __half *, const __half *, int, int)"
41149236,41169974,"k_gemv_fp16(__half *, const __half *, const __half *, const __half *, int, int)"
41170005,41170838,"k_gelu(__half *, unsigned long long)"
41170870,41193879,"k_gemv_fp16(__half *, const __half *, const __half *, const __half *, int, int)"
41193911,41194711,"k_add(__half *, const __half *, unsigned long long)"
41194743,41197655,"k_layernorm(__half *, const __half *, const __half *, const __half *, int, int)"
41197688,41509229,"k_gemv_fp16(__half *, const __half *, const __half *, const __half *, int, int)"
41552720,41553648,"k_embed_one(__half *, const __half *, const __half *, int, int)"
41553680,41556560,"k_layernorm(__half *, const __half *, const __half *, const __half *, int, int)"
41556592,41572849,"k_gemv_fp16(__half *, const __half *, const __half *, const __half *, int, int)"
41572881,41573745,"k_kv_append(__half *, __half *, const __half *, int, int)"
41573777,41682137,"k_attn_decode_ordered4(__half *, const __half *, const __half *, const __half *, int, int)"
41682169,41689465,"k_gemv_fp16(__half *, const __half *, const __half *, const __half *, int, int)"
41689497,41690297,"k_add(__half *, const __half *, unsigned long long)"
41690329,41693178,"k_layernorm(__half *, const __half *, const __half *, const __half *, int, int)"
41693242,41714139,"k_gemv_fp16(__half *, const __half *, const __half *, const __half *, int, int)"
41714171,41715003,"k_gelu(__half *, unsigned long long)"
41715035,41737885,"k_gemv_fp16(__half *, const __half *, const __half *, const __half *, int, int)"
41737917,41738717,"k_add(__half *, const __half *, unsigned long long)"
41738749,41741629,"k_layernorm(__half *, const __half *, const __half *, const __half *, int, int)"
41741661,41757758,"k_gemv_fp16(__half *, const __half *, const __half *, const __half *, int, int)"
41757822,41758686,"k_kv_append(__half *, __half *, const __half *, int, int)"
41758718,41866950,"k_attn_decode_ordered4(__half *, const __half *, const __half *, const __half *, int, int)"
41867654,41874374,"k_gemv_fp16(__half *, const __half *, const __half *, const __half *, int, int)"
41874406,41875206,"k_add(__half *, const __half *, unsigned long long)"
41875238,41878118,"k_layernorm(__half *, const __half *, const __half *, const __half *, int, int)"
41878182,41899016,"k_gemv_fp16(__half *, const __half *, const __half *, const __half *, int, int)"
41899048,41899880,"k_gelu(__half *, unsigned long long)"
41899912,41922921,"k_gemv_fp16(__half *, const __half *, const __half *, const __half *, int, int)"
41922953,41923722,"k_add(__half *, const __half *, unsigned long long)"
41923785,41926634,"k_layernorm(__half *, const __half *, const __half *, const __half *, int, int)"
41926698,41942891,"k_gemv_fp16(__half *, const __half *, const __half *, const __half *, int, int)"
41942955,41943819,"k_kv_append(__half *, __half *, const __half *, int, int)"
41943851,42051794,"k_attn_decode_ordered4(__half *, const __half *, const __half *, const __half *, int, int)"
42051826,42059187,"k_gemv_fp16(__half *, const __half *, const __half *, const __half *, int, int)"
42059219,42059987,"k_add(__half *, const __half *, unsigned long long)"
42060019,42062995,"k_layernorm(__half *, const __half *, const __half *, const __half *, int, int)"
42063059,42083828,"k_gemv_fp16(__half *, const __half *, const __half *, const __half *, int, int)"
42083861,42084725,"k_gelu(__half *, unsigned long long)"
42085365,42108214,"k_gemv_fp16(__half *, const __half *, const __half *, const __half *, int, int)"
42108246,42109046,"k_add(__half *, const __half *, unsigned long long)"
42109078,42111958,"k_layernorm(__half *, const __half *, const __half *, const __half *, int, int)"
42111959,42128183,"k_gemv_fp16(__half *, const __half *, const __half *, const __half *, int, int)"
42128247,42129112,"k_kv_append(__half *, __half *, const __half *, int, int)"
42129144,42236767,"k_attn_decode_ordered4(__half *, const __half *, const __half *, const __half *, int, int)"
42236799,42244096,"k_gemv_fp16(__half *, const __half *, const __half *, const __half *, int, int)"
42244128,42244927,"k_add(__half *, const __half *, unsigned long long)"
42244960,42247872,"k_layernorm(__half *, const __half *, const __half *, const __half *, int, int)"
42247904,42268673,"k_gemv_fp16(__half *, const __half *, const __half *, const __half *, int, int)"
42268705,42269537,"k_gelu(__half *, unsigned long long)"
42269569,42292355,"k_gemv_fp16(__half *, const __half *, const __half *, const __half *, int, int)"
42292387,42293155,"k_add(__half *, const __half *, unsigned long long)"
42293187,42296067,"k_layernorm(__half *, const __half *, const __half *, const __half *, int, int)"
42296099,42312420,"k_gemv_fp16(__half *, const __half *, const __half *, const __half *, int, int)"
42312452,42313316,"k_kv_append(__half *, __half *, const __half *, int, int)"
42314084,42421772,"k_attn_decode_ordered4(__half *, const __half *, const __half *, const __half *, int, int)"
42421804,42429228,"k_gemv_fp16(__half *, const __half *, const __half *, const __half *, int, int)"
42429260,42430060,"k_add(__half *, const __half *, unsigned long long)"
42430092,42433068,"k_layernorm(__half *, const __half *, const __half *, const __half *, int, int)"
42433101,42453902,"k_gemv_fp16(__half *, const __half *, const __half *, const __half *, int, int)"
42453934,42454798,"k_gelu(__half *, unsigned long long)"
42454830,42477520,"k_gemv_fp16(__half *, const __half *, const __half *, const __half *, int, int)"
42477583,42478352,"k_add(__half *, const __half *, unsigned long long)"
42478384,42481264,"k_layernorm(__half *, const __half *, const __half *, const __half *, int, int)"
42481296,42497457,"k_gemv_fp16(__half *, const __half *, const __half *, const __half *, int, int)"
42497489,42498353,"k_kv_append(__half *, __half *, const __half *, int, int)"
42498385,42606137,"k_attn_decode_ordered4(__half *, const __half *, const __half *, const __half *, int, int)"
42606168,42613465,"k_gemv_fp16(__half *, const __half *, const __half *, const __half *, int, int)"
42613529,42614297,"k_add(__half *, const __half *, unsigned long long)"
42614329,42617209,"k_layernorm(__half *, const __half *, const __half *, const __half *, int, int)"
42617241,42638043,"k_gemv_fp16(__half *, const __half *, const __half *, const __half *, int, int)"
42638715,42639547,"k_gelu(__half *, unsigned long long)"
42639611,42662524,"k_gemv_fp16(__half *, const __half *, const __half *, const __half *, int, int)"
42662588,42663356,"k_add(__half *, const __half *, unsigned long long)"
42663388,42666301,"k_layernorm(__half *, const __half *, const __half *, const __half *, int, int)"
42666365,42682654,"k_gemv_fp16(__half *, const __half *, const __half *, const __half *, int, int)"
42682686,42683550,"k_kv_append(__half *, __half *, const __half *, int, int)"
42683582,42791589,"k_attn_decode_ordered4(__half *, const __half *, const __half *, const __half *, int, int)"
42791653,42798950,"k_gemv_fp16(__half *, const __half *, const __half *, const __half *, int, int)"
42798982,42799750,"k_add(__half *, const __half *, unsigned long long)"
42799782,42802630,"k_layernorm(__half *, const __half *, const __half *, const __half *, int, int)"
42802662,42823495,"k_gemv_fp16(__half *, const __half *, const __half *, const __half *, int, int)"
42823527,42824360,"k_gelu(__half *, unsigned long long)"
42824424,42847113,"k_gemv_fp16(__half *, const __half *, const __half *, const __half *, int, int)"
42847177,42847945,"k_add(__half *, const __half *, unsigned long long)"
42847977,42850857,"k_layernorm(__half *, const __half *, const __half *, const __half *, int, int)"
42850889,42867082,"k_gemv_fp16(__half *, const __half *, const __half *, const __half *, int, int)"
42867819,42868683,"k_kv_append(__half *, __half *, const __half *, int, int)"
42868746,42977042,"k_attn_decode_ordered4(__half *, const __half *, const __half *, const __half *, int, int)"
42977074,42984403,"k_gemv_fp16(__half *, const __half *, const __half *, const __half *, int, int)"
42984434,42985234,"k_add(__half *, const __half *, unsigned long long)"
42985267,42988115,"k_layernorm(__half *, const __half *, const __half *, const __half *, int, int)"
42988179,43009076,"k_gemv_fp16(__half *, const __half *, const __half *, const __half *, int, int)"
43009140,43009972,"k_gelu(__half *, unsigned long long)"
43010004,43032726,"k_gemv_fp16(__half *, const __half *, const __half *, const __half *, int, int)"
43032758,43033526,"k_add(__half *, const __half *, unsigned long long)"
43033558,43036438,"k_layernorm(__half *, const __half *, const __half *, const __half *, int, int)"
43036502,43052759,"k_gemv_fp16(__half *, const __half *, const __half *, const __half *, int, int)"
43052791,43053687,"k_kv_append(__half *, __half *, const __half *, int, int)"
43053719,43161503,"k_attn_decode_ordered4(__half *, const __half *, const __half *, const __half *, int, int)"
43161567,43168831,"k_gemv_fp16(__half *, const __half *, const __half *, const __half *, int, int)"
43168863,43169663,"k_add(__half *, const __half *, unsigned long long)"
43169695,43172671,"k_layernorm(__half *, const __half *, const __half *, const __half *, int, int)"
43173600,43194369,"k_gemv_fp16(__half *, const __half *, const __half *, const __half *, int, int)"
43194401,43195233,"k_gelu(__half *, unsigned long long)"
43195265,43218019,"k_gemv_fp16(__half *, const __half *, const __half *, const __half *, int, int)"
43218051,43218851,"k_add(__half *, const __half *, unsigned long long)"
43218883,43221763,"k_layernorm(__half *, const __half *, const __half *, const __half *, int, int)"
43221795,43238340,"k_gemv_fp16(__half *, const __half *, const __half *, const __half *, int, int)"
43238372,43239236,"k_kv_append(__half *, __half *, const __half *, int, int)"
43239268,43347404,"k_attn_decode_ordered4(__half *, const __half *, const __half *, const __half *, int, int)"
43347435,43354796,"k_gemv_fp16(__half *, const __half *, const __half *, const __half *, int, int)"
43354828,43355596,"k_add(__half *, const __half *, unsigned long long)"
43355628,43358508,"k_layernorm(__half *, const __half *, const __half *, const __half *, int, int)"
43358540,43379278,"k_gemv_fp16(__half *, const __half *, const __half *, const __half *, int, int)"
43379342,43380174,"k_gelu(__half *, unsigned long long)"
43380206,43402991,"k_gemv_fp16(__half *, const __half *, const __half *, const __half *, int, int)"
43403023,43403823,"k_add(__half *, const __half *, unsigned long long)"
43403855,43406832,"k_layernorm(__half *, const __half *, const __half *, const __half *, int, int)"
43407568,43423729,"k_gemv_fp16(__half *, const __half *, const __half *, const __half *, int, int)"
43423761,43424657,"k_kv_append(__half *, __half *, const __half *, int, int)"
43424689,43532920,"k_attn_decode_ordered4(__half *, const __half *, const __half *, const __half *, int, int)"
43532952,43540281,"k_gemv_fp16(__half *, const __half *, const __half *, const __half *, int, int)"
43540345,43541113,"k_add(__half *, const __half *, unsigned long long)"
43541145,43544025,"k_layernorm(__half *, const __half *, const __half *, const __half *, int, int)"
43544057,43564890,"k_gemv_fp16(__half *, const __half *, const __half *, const __half *, int, int)"
43564923,43565754,"k_gelu(__half *, unsigned long long)"
43565818,43588636,"k_gemv_fp16(__half *, const __half *, const __half *, const __half *, int, int)"
43588668,43589468,"k_add(__half *, const __half *, unsigned long long)"
43589500,43592348,"k_layernorm(__half *, const __half *, const __half *, const __half *, int, int)"
43592380,43608574,"k_gemv_fp16(__half *, const __half *, const __half *, const __half *, int, int)"
43608638,43609469,"k_kv_append(__half *, __half *, const __half *, int, int)"
43609534,43717861,"k_attn_decode_ordered4(__half *, const __half *, const __half *, const __half *, int, int)"
43717893,43725189,"k_gemv_fp16(__half *, const __half *, const __half *, const __half *, int, int)"
43725222,43725990,"k_add(__half *, const __half *, unsigned long long)"
43726726,43729574,"k_layernorm(__half *, const __half *, const __half *, const __half *, int, int)"
43729638,43750407,"k_gemv_fp16(__half *, const __half *, const __half *, const __half *, int, int)"
43750439,43751271,"k_gelu(__half *, unsigned long long)"
43751303,43774153,"k_gemv_fp16(__half *, const __half *, const __half *, const __half *, int, int)"
43774185,43774985,"k_add(__half *, const __half *, unsigned long long)"
43775017,43777897,"k_layernorm(__half *, const __half *, const __half *, const __half *, int, int)"
43777929,44089855,"k_gemv_fp16(__half *, const __half *, const __half *, const __half *, int, int)"
44140450,44141378,"k_embed_one(__half *, const __half *, const __half *, int, int)"
44141410,44144290,"k_layernorm(__half *, const __half *, const __half *, const __half *, int, int)"
44144322,44160675,"k_gemv_fp16(__half *, const __half *, const __half *, const __half *, int, int)"
44160708,44161572,"k_kv_append(__half *, __half *, const __half *, int, int)"
44161604,44269355,"k_attn_decode_ordered4(__half *, const __half *, const __half *, const __half *, int, int)"
44269387,44276780,"k_gemv_fp16(__half *, const __half *, const __half *, const __half *, int, int)"
44276811,44277580,"k_add(__half *, const __half *, unsigned long long)"
44277611,44280492,"k_layernorm(__half *, const __half *, const __half *, const __half *, int, int)"
44280524,44301485,"k_gemv_fp16(__half *, const __half *, const __half *, const __half *, int, int)"
44301517,44302349,"k_gelu(__half *, unsigned long long)"
44302381,44325231,"k_gemv_fp16(__half *, const __half *, const __half *, const __half *, int, int)"
44325263,44326063,"k_add(__half *, const __half *, unsigned long long)"
44326095,44328943,"k_layernorm(__half *, const __half *, const __half *, const __half *, int, int)"
44329007,44345232,"k_gemv_fp16(__half *, const __half *, const __half *, const __half *, int, int)"
44345264,44346128,"k_kv_append(__half *, __half *, const __half *, int, int)"
44346160,44454008,"k_attn_decode_ordered4(__half *, const __half *, const __half *, const __half *, int, int)"
44454744,44461464,"k_gemv_fp16(__half *, const __half *, const __half *, const __half *, int, int)"
44461496,44462264,"k_add(__half *, const __half *, unsigned long long)"
44462328,44465208,"k_layernorm(__half *, const __half *, const __half *, const __half *, int, int)"
44465240,44486106,"k_gemv_fp16(__half *, const __half *, const __half *, const __half *, int, int)"
44486170,44486970,"k_gelu(__half *, unsigned long long)"
44487034,44510044,"k_gemv_fp16(__half *, const __half *, const __half *, const __half *, int, int)"
44510076,44510844,"k_add(__half *, const __half *, unsigned long long)"
44510908,44513756,"k_layernorm(__half *, const __half *, const __half *, const __half *, int, int)"
44513820,44530045,"k_gemv_fp16(__half *, const __half *, const __half *, const __half *, int, int)"
44530077,44530941,"k_kv_append(__half *, __half *, const __half *, int, int)"
44531005,44638628,"k_attn_decode_ordered4(__half *, const __half *, const __half *, const __half *, int, int)"
44638660,44646053,"k_gemv_fp16(__half *, const __half *, const __half *, const __half *, int, int)"
44646085,44646853,"k_add(__half *, const __half *, unsigned long long)"
44646917,44649765,"k_layernorm(__half *, const __half *, const __half *, const __half *, int, int)"
44649797,44670599,"k_gemv_fp16(__half *, const __half *, const __half *, const __half *, int, int)"
44670631,44671463,"k_gelu(__half *, unsigned long long)"
44672263,44695048,"k_gemv_fp16(__half *, const __half *, const __half *, const __half *, int, int)"
44695080,44695880,"k_add(__half *, const __half *, unsigned long long)"
44695912,44698760,"k_layernorm(__half *, const __half *, const __half *, const __half *, int, int)"
44698793,44715018,"k_gemv_fp16(__half *, const __half *, const __half *, const __half *, int, int)"
44715050,44715946,"k_kv_append(__half *, __half *, const __half *, int, int)"
44715978,44824401,"k_attn_decode_ordered4(__half *, const __half *, const __half *, const __half *, int, int)"
44824433,44831729,"k_gemv_fp16(__half *, const __half *, const __half *, const __half *, int, int)"
44831730,44832530,"k_add(__half *, const __half *, unsigned long long)"
44832562,44835442,"k_layernorm(__half *, const __half *, const __half *, const __half *, int, int)"
44835474,44856275,"k_gemv_fp16(__half *, const __half *, const __half *, const __half *, int, int)"
44856307,44857139,"k_gelu(__half *, unsigned long long)"
44857171,44879989,"k_gemv_fp16(__half *, const __half *, const __half *, const __half *, int, int)"
44880021,44880821,"k_add(__half *, const __half *, unsigned long long)"
44880853,44883797,"k_layernorm(__half *, const __half *, const __half *, const __half *, int, int)"
44883861,44900151,"k_gemv_fp16(__half *, const __half *, const __half *, const __half *, int, int)"
44900182,44901078,"k_kv_append(__half *, __half *, const __half *, int, int)"
44901975,45010366,"k_attn_decode_ordered4(__half *, const __half *, const __half *, const __half *, int, int)"
45010398,45017855,"k_gemv_fp16(__half *, const __half *, const __half *, const __half *, int, int)"
45017887,45018655,"k_add(__half *, const __half *, unsigned long long)"
45018686,45021567,"k_layernorm(__half *, const __half *, const __half *, const __half *, int, int)"
45021599,45042400,"k_gemv_fp16(__half *, const __half *, const __half *, const __half *, int, int)"
45042464,45043296,"k_gelu(__half *, unsigned long long)"
45043328,45066178,"k_gemv_fp16(__half *, const __half *, const __half *, const __half *, int, int)"
45066210,45066978,"k_add(__half *, const __half *, unsigned long long)"
45067042,45069921,"k_layernorm(__half *, const __half *, const __half *, const __half *, int, int)"
45069922,45086147,"k_gemv_fp16(__half *, const __half *, const __half *, const __half *, int, int)"
45086179,45087075,"k_kv_append(__half *, __half *, const __half *, int, int)"
45087107,45195403,"k_attn_decode_ordered4(__half *, const __half *, const __half *, const __half *, int, int)"
45195435,45202763,"k_gemv_fp16(__half *, const __half *, const __half *, const __half *, int, int)"
45202795,45203595,"k_add(__half *, const __half *, unsigned long long)"
45203627,45206571,"k_layernorm(__half *, const __half *, const __half *, const __half *, int, int)"
45206636,45227405,"k_gemv_fp16(__half *, const __half *, const __half *, const __half *, int, int)"
45228109,45228941,"k_gelu(__half *, unsigned long long)"
45228973,45251823,"k_gemv_fp16(__half *, const __half *, const __half *, const __half *, int, int)"
45251887,45252655,"k_add(__half *, const __half *, unsigned long long)"
45252687,45255567,"k_layernorm(__half *, const __half *, const __half *, const __half *, int, int)"
45255599,45271920,"k_gemv_fp16(__half *, const __half *, const __half *, const __half *, int, int)"
45271952,45272816,"k_kv_append(__half *, __half *, const __half *, int, int)"
45272848,45380760,"k_attn_decode_ordered4(__half *, const __half *, const __half *, const __half *, int, int)"
45380823,45387960,"k_gemv_fp16(__half *, const __half *, const __half *, const __half *, int, int)"
45387992,45388760,"k_add(__half *, const __half *, unsigned long long)"
45388824,45391640,"k_layernorm(__half *, const __half *, const __half *, const __half *, int, int)"
45391704,45412442,"k_gemv_fp16(__half *, const __half *, const __half *, const __half *, int, int)"
45412474,45413306,"k_gelu(__half *, unsigned long long)"
45413370,45436123,"k_gemv_fp16(__half *, const __half *, const __half *, const __half *, int, int)"
45436187,45436955,"k_add(__half *, const __half *, unsigned long long)"
45436987,45439868,"k_layernorm(__half *, const __half *, const __half *, const __half *, int, int)"
45439900,45456253,"k_gemv_fp16(__half *, const __half *, const __half *, const __half *, int, int)"
45457021,45457885,"k_kv_append(__half *, __half *, const __half *, int, int)"
45457917,45565668,"k_attn_decode_ordered4(__half *, const __half *, const __half *, const __half *, int, int)"
45565732,45573061,"k_gemv_fp16(__half *, const __half *, const __half *, const __half *, int, int)"
45573093,45573893,"k_add(__half *, const __half *, unsigned long long)"
45573925,45576773,"k_layernorm(__half *, const __half *, const __half *, const __half *, int, int)"
45576837,45597702,"k_gemv_fp16(__half *, const __half *, const __half *, const __half *, int, int)"
45597734,45598567,"k_gelu(__half *, unsigned long long)"
45598598,45621448,"k_gemv_fp16(__half *, const __half *, const __half *, const __half *, int, int)"
45621480,45622248,"k_add(__half *, const __half *, unsigned long long)"
45622312,45625160,"k_layernorm(__half *, const __half *, const __half *, const __half *, int, int)"
45625192,45641385,"k_gemv_fp16(__half *, const __half *, const __half *, const __half *, int, int)"
45641449,45642313,"k_kv_append(__half *, __half *, const __half *, int, int)"
45642345,45750097,"k_attn_decode_ordered4(__half *, const __half *, const __half *, const __half *, int, int)"
45750161,45757553,"k_gemv_fp16(__half *, const __half *, const __half *, const __half *, int, int)"
45757585,45758385,"k_add(__half *, const __half *, unsigned long long)"
45758418,45761298,"k_layernorm(__half *, const __half *, const __half *, const __half *, int, int)"
45762002,45782803,"k_gemv_fp16(__half *, const __half *, const __half *, const __half *, int, int)"
45782835,45783667,"k_gelu(__half *, unsigned long long)"
45783699,45806421,"k_gemv_fp16(__half *, const __half *, const __half *, const __half *, int, int)"
45806453,45807221,"k_add(__half *, const __half *, unsigned long long)"
45807253,45810261,"k_layernorm(__half *, const __half *, const __half *, const __half *, int, int)"
45810293,45826550,"k_gemv_fp16(__half *, const __half *, const __half *, const __half *, int, int)"
45826614,45827478,"k_kv_append(__half *, __half *, const __half *, int, int)"
45827510,45935742,"k_attn_decode_ordered4(__half *, const __half *, const __half *, const __half *, int, int)"
45935774,45943070,"k_gemv_fp16(__half *, const __half *, const __half *, const __half *, int, int)"
45943102,45943902,"k_add(__half *, const __half *, unsigned long long)"
45943934,45946782,"k_layernorm(__half *, const __half *, const __half *, const __half *, int, int)"
45946814,45967616,"k_gemv_fp16(__half *, const __half *, const __half *, const __half *, int, int)"
45967648,45968480,"k_gelu(__half *, unsigned long long)"
45968512,45991329,"k_gemv_fp16(__half *, const __half *, const __half *, const __half *, int, int)"
45991330,45992130,"k_add(__half *, const __half *, unsigned long long)"
45992162,45995170,"k_layernorm(__half *, const __half *, const __half *, const __half *, int, int)"
45995938,46012098,"k_gemv_fp16(__half *, const __half *, const __half *, const __half *, int, int)"
46012099,46012995,"k_kv_append(__half *, __half *, const __half *, int, int)"
46013027,46121419,"k_attn_decode_ordered4(__half *, const __half *, const __half *, const __half *, int, int)"
46121483,46128875,"k_gemv_fp16(__half *, const __half *, const __half *, const __half *, int, int)"
46128907,46129707,"k_add(__half *, const __half *, unsigned long long)"
46129739,46132619,"k_layernorm(__half *, const __half *, const __half *, const __half *, int, int)"
46132651,46153517,"k_gemv_fp16(__half *, const __half *, const __half *, const __half *, int, int)"
46153549,46154413,"k_gelu(__half *, unsigned long long)"
46154445,46177230,"k_gemv_fp16(__half *, const __half *, const __half *, const __half *, int, int)"
46177294,46178062,"k_add(__half *, const __half *, unsigned long long)"
46178094,46180975,"k_layernorm(__half *, const __half *, const __half *, const __half *, int, int)"
46181006,46197232,"k_gemv_fp16(__half *, const __half *, const __half *, const __half *, int, int)"
46197264,46198128,"k_kv_append(__half *, __half *, const __half *, int, int)"
46198192,46306743,"k_attn_decode_ordered4(__half *, const __half *, const __half *, const __half *, int, int)"
46306775,46314008,"k_gemv_fp16(__half *, const __half *, const __half *, const __half *, int, int)"
46314072,46314840,"k_add(__half *, const __half *, unsigned long long)"
46315512,46318392,"k_layernorm(__half *, const __half *, const __half *, const __half *, int, int)"
46318424,46339321,"k_gemv_fp16(__half *, const __half *, const __half *, const __half *, int, int)"
46339354,46340186,"k_gelu(__half *, unsigned long long)"
46340250,46363067,"k_gemv_fp16(__half *, const __half *, const __half *, const __half *, int, int)"
46363131,46363899,"k_add(__half *, const __half *, unsigned long long)"
46363931,46366907,"k_layernorm(__half *, const __half *, const __half *, const __half *, int, int)"
46366940,46678481,"k_gemv_fp16(__half *, const __half *, const __half *, const __half *, int, int)"
46728468,46729396,"k_embed_one(__half *, const __half *, const __half *, int, int)"
46729428,46732308,"k_layernorm(__half *, const __half *, const __half *, const __half *, int, int)"
46732341,46748598,"k_gemv_fp16(__half *, const __half *, const __half *, const __half *, int, int)"
46748630,46749526,"k_kv_append(__half *, __half *, const __half *, int, int)"
46749558,46857437,"k_attn_decode_ordered4(__half *, const __half *, const __half *, const __half *, int, int)"
46857469,46864862,"k_gemv_fp16(__half *, const __half *, const __half *, const __half *, int, int)"
46864894,46865694,"k_add(__half *, const __half *, unsigned long long)"
46865726,46868574,"k_layernorm(__half *, const __half *, const __half *, const __half *, int, int)"
46868638,46889567,"k_gemv_fp16(__half *, const __half *, const __half *, const __half *, int, int)"
46889599,46890431,"k_gelu(__half *, unsigned long long)"
46890463,46913313,"k_gemv_fp16(__half *, const __half *, const __half *, const __half *, int, int)"
46913345,46914145,"k_add(__half *, const __half *, unsigned long long)"
46914177,46917057,"k_layernorm(__half *, const __half *, const __half *, const __half *, int, int)"
46917089,46933346,"k_gemv_fp16(__half *, const __half *, const __half *, const __half *, int, int)"
46933378,46934242,"k_kv_append(__half *, __half *, const __half *, int, int)"
46934307,47042026,"k_attn_decode_ordered4(__half *, const __half *, const __half *, const __half *, int, int)"
47042922,47049610,"k_gemv_fp16(__half *, const __half *, const __half *, const __half *, int, int)"
47049642,47050442,"k_add(__half *, const __half *, unsigned long long)"
47050475,47053387,"k_layernorm(__half *, const __half *, const __half *, const __half *, int, int)"
47053451,47074380,"k_gemv_fp16(__half *, const __half *, const __half *, const __half *, int, int)"
47074412,47075244,"k_gelu(__half *, unsigned long long)"
47075276,47098190,"k_gemv_fp16(__half *, const __half *, const __half *, const __half *, int, int)"
47098222,47099022,"k_add(__half *, const __half *, unsigned long long)"
47099054,47101902,"k_layernorm(__half *, const __half *, const __half *, const __half *, int, int)"
47101966,47118223,"k_gemv_fp16(__half *, const __half *, const __half *, const __half *, int, int)"
47118255,47119119,"k_kv_append(__half *, __half *, const __half *, int, int)"
47119183,47227511,"k_attn_decode_ordered4(__half *, const __half *, const __half *, const __half *, int, int)"
47227543,47234871,"k_gemv_fp16(__half *, const __half *, const __half *, const __half *, int, int)"
47234903,47235671,"k_add(__half *, const __half *, unsigned long long)"
47235735,47238583,"k_layernorm(__half *, const __half *, const __half *, const __half *, int, int)"
47238647,47259417,"k_gemv_fp16(__half *, const __half *, const __half *, const __half *, int, int)"
47259449,47260313,"k_gelu(__half *, unsigned long long)"
47260953,47283835,"k_gemv_fp16(__half *, const __half *, const __half *, const __half *, int, int)"
47283866,47284667,"k_add(__half *, const __half *, unsigned long long)"
47284699,47287547,"k_layernorm(__half *, const __half *, const __half *, const __half *, int, int)"
47287611,47303868,"k_gemv_fp16(__half *, const __half *, const __half *, const __half *, int, int)"
47303900,47304796,"k_kv_append(__half *, __half *, const __half *, int, int)"
47304828,47413027,"k_attn_decode_ordered4(__half *, const __half *, const __half *, const __half *, int, int)"
47413059,47420164,"k_gemv_fp16(__half *, const __half *, const __half *, const __half *, int, int)"
47420196,47420996,"k_add(__half *, const __half *, unsigned long long)"
47421028,47423940,"k_layernorm(__half *, const __half *, const __half *, const __half *, int, int)"
47423972,47444774,"k_gemv_fp16(__half *, const __half *, const __half *, const __half *, int, int)"
47444806,47445638,"k_gelu(__half *, unsigned long long)"
47445670,47468423,"k_gemv_fp16(__half *, const __half *, const __half *, const __half *, int, int)"
47468455,47469255,"k_add(__half *, const __half *, unsigned long long)"
47469287,47472167,"k_layernorm(__half *, const __half *, const __half *, const __half *, int, int)"
47472200,47488521,"k_gemv_fp16(__half *, const __half *, const __half *, const __half *, int, int)"
47488553,47489417,"k_kv_append(__half *, __half *, const __half *, int, int)"
47490121,47598448,"k_attn_decode_ordered4(__half *, const __half *, const __half *, const __half *, int, int)"
47598512,47605873,"k_gemv_fp16(__half *, const __half *, const __half *, const __half *, int, int)"
47605905,47606705,"k_add(__half *, const __half *, unsigned long long)"
47606737,47609617,"k_layernorm(__half *, const __half *, const __half *, const __half *, int, int)"
47609649,47630546,"k_gemv_fp16(__half *, const __half *, const __half *, const __half *, int, int)"
47630578,47631442,"k_gelu(__half *, unsigned long long)"
47631475,47654227,"k_gemv_fp16(__half *, const __half *, const __half *, const __half *, int, int)"
47654228,47655028,"k_add(__half *, const __half *, unsigned long long)"
47655060,47657940,"k_layernorm(__half *, const __half *, const __half *, const __half *, int, int)"
47657972,47674389,"k_gemv_fp16(__half *, const __half *, const __half *, const __half *, int, int)"
47674453,47675318,"k_kv_append(__half *, __half *, const __half *, int, int)"
47675349,47783389,"k_attn_decode_ordered4(__half *, const __half *, const __half *, const __half *, int, int)"
47783421,47790717,"k_gemv_fp16(__half *, const __half *, const __half *, const __half *, int, int)"
47790781,47791550,"k_add(__half *, const __half *, unsigned long long)"
47791581,47794462,"k_layernorm(__half *, const __half *, const __half *, const __half *, int, int)"
47794494,47815231,"k_gemv_fp16(__half *, const __half *, const __half *, const __half *, int, int)"
47815935,47816767,"k_gelu(__half *, unsigned long long)"
47816799,47839681,"k_gemv_fp16(__half *, const __half *, const __half *, const __half *, int, int)"
47839713,47840513,"k_add(__half *, const __half *, unsigned long long)"
47840545,47843425,"k_layernorm(__half *, const __half *, const __half *, const __half *, int, int)"
47843489,47859682,"k_gemv_fp16(__half *, const __half *, const __half *, const __half *, int, int)"
47859714,47860578,"k_kv_append(__half *, __half *, const __half *, int, int)"
47860642,47969066,"k_attn_decode_ordered4(__half *, const __half *, const __half *, const __half *, int, int)"
47969130,47976362,"k_gemv_fp16(__half *, const __half *, const __half *, const __half *, int, int)"
47976426,47977194,"k_add(__half *, const __half *, unsigned long long)"
47977226,47980107,"k_layernorm(__half *, const __half *, const __half *, const __half *, int, int)"
47980139,48000940,"k_gemv_fp16(__half *, const __half *, const __half *, const __half *, int, int)"
48001004,48001836,"k_gelu(__half *, unsigned long long)"
48001868,48024589,"k_gemv_fp16(__half *, const __half *, const __half *, const __half *, int, int)"
48024654,48025422,"k_add(__half *, const __half *, unsigned long long)"
48025454,48028334,"k_layernorm(__half *, const __half *, const __half *, const __half *, int, int)"
48028366,48044495,"k_gemv_fp16(__half *, const __half *, const __half *, const __half *, int, int)"
48045231,48046095,"k_kv_append(__half *, __half *, const __half *, int, int)"
48046127,48154263,"k_attn_decode_ordered4(__half *, const __half *, const __half *, const __half *, int, int)"
48154326,48161463,"k_gemv_fp16(__half *, const __half *, const __half *, const __half *, int, int)"
48161495,48162295,"k_add(__half *, const __half *, unsigned long long)"
48162327,48165175,"k_layernorm(__half *, const __half *, const __half *, const __half *, int, int)"
48165239,48186073,"k_gemv_fp16(__half *, const __half *, const __half *, const __half *, int, int)"
48186137,48186969,"k_gelu(__half *, unsigned long long)"
48187001,48209818,"k_gemv_fp16(__half *, const __half *, const __half *, const __half *, int, int)"
48209850,48210618,"k_add(__half *, const __half *, unsigned long long)"
48210682,48213531,"k_layernorm(__half *, const __half *, const __half *, const __half *, int, int)"
48213594,48229756,"k_gemv_fp16(__half *, const __half *, const __half *, const __half *, int, int)"
48229788,48230652,"k_kv_append(__half *, __half *, const __half *, int, int)"
48230684,48339203,"k_attn_decode_ordered4(__half *, const __half *, const __half *, const __half *, int, int)"
48339235,48346564,"k_gemv_fp16(__half *, const __half *, const __half *, const __half *, int, int)"
48346596,48347364,"k_add(__half *, const __half *, unsigned long long)"
48347396,48350244,"k_layernorm(__half *, const __half *, const __half *, const __half *, int, int)"
48351172,48371909,"k_gemv_fp16(__half *, const __half *, const __half *, const __half *, int, int)"
48371941,48372774,"k_gelu(__half *, unsigned long long)"
48372805,48395559,"k_gemv_fp16(__half *, const __half *, const __half *, const __half *, int, int)"
48395591,48396391,"k_add(__half *, const __half *, unsigned long long)"
48396423,48399303,"k_layernorm(__half *, const __half *, const __half *, const __half *, int, int)"
48399335,48415816,"k_gemv_fp16(__half *, const __half *, const __half *, const __half *, int, int)"
48415881,48416745,"k_kv_append(__half *, __half *, const __half *, int, int)"
48416776,48525136,"k_attn_decode_ordered4(__half *, const __half *, const __half *, const __half *, int, int)"
48525168,48532625,"k_gemv_fp16(__half *, const __half *, const __half *, const __half *, int, int)"
48532657,48533425,"k_add(__half *, const __half *, unsigned long long)"
48533456,48536337,"k_layernorm(__half *, const __half *, const __half *, const __half *, int, int)"
48536369,48557170,"k_gemv_fp16(__half *, const __half *, const __half *, const __half *, int, int)"
48557202,48558066,"k_gelu(__half *, unsigned long long)"
48558098,48580819,"k_gemv_fp16(__half *, const __half *, const __half *, const __half *, int, int)"
48580820,48581620,"k_add(__half *, const __half *, unsigned long long)"
48581652,48584596,"k_layernorm(__half *, const __half *, const __half *, const __half *, int, int)"
48585524,48601717,"k_gemv_fp16(__half *, const __half *, const __half *, const __half *, int, int)"
48601749,48602645,"k_kv_append(__half *, __half *, const __half *, int, int)"
48602677,48711453,"k_attn_decode_ordered4(__half *, const __half *, const __half *, const __half *, int, int)"
48711485,48718781,"k_gemv_fp16(__half *, const __half *, const __half *, const __half *, int, int)"
48718813,48719613,"k_add(__half *, const __half *, unsigned long long)"
48719646,48722526,"k_layernorm(__half *, const __half *, const __half *, const __half *, int, int)"
48722557,48743519,"k_gemv_fp16(__half *, const __half *, const __half *, const __half *, int, int)"
48743551,48744383,"k_gelu(__half *, unsigned long long)"
48744415,48767585,"k_gemv_fp16(__half *, const __half *, const __half *, const __half *, int, int)"
48767617,48768385,"k_add(__half *, const __half *, unsigned long long)"
48768417,48771297,"k_layernorm(__half *, const __half *, const __half *, const __half *, int, int)"
48771329,48787458,"k_gemv_fp16(__half *, const __half *, const __half *, const __half *, int, int)"
48787490,48788354,"k_kv_append(__half *, __half *, const __half *, int, int)"
48788418,48896617,"k_attn_decode_ordered4(__half *, const __half *, const __half *, const __half *, int, int)"
48896682,48903946,"k_gemv_fp16(__half *, const __half *, const __half *, const __half *, int, int)"
48904010,48904778,"k_add(__half *, const __half *, unsigned long long)"
48905738,48908586,"k_layernorm(__half *, const __half *, const __half *, const __half *, int, int)"
48908651,48929516,"k_gemv_fp16(__half *, const __half *, const __half *, const __half *, int, int)"
48929548,48930380,"k_gelu(__half *, unsigned long long)"
48930444,48953582,"k_gemv_fp16(__half *, const __half *, const __half *, const __half *, int, int)"
48953614,48954414,"k_add(__half *, const __half *, unsigned long long)"
48954446,48957454,"k_layernorm(__half *, const __half *, const __half *, const __half *, int, int)"
48957486,49269731,"k_gemv_fp16(__half *, const __half *, const __half *, const __half *, int, int)"
49315271,49316231,"k_embed_one(__half *, const __half *, const __half *, int, int)"
49316262,49319143,"k_layernorm(__half *, const __half *, const __half *, const __half *, int, int)"
49319175,49335464,"k_gemv_fp16(__half *, const __half *, const __half *, const __half *, int, int)"
49335496,49336360,"k_kv_append(__half *, __half *, const __half *, int, int)"
49336392,49444399,"k_attn_decode_ordered4(__half *, const __half *, const __half *, const __half *, int, int)"
49444463,49451760,"k_gemv_fp16(__half *, const __half *, const __half *, const __half *, int, int)"
49451792,49452592,"k_add(__half *, const __half *, unsigned long long)"
49452624,49455504,"k_layernorm(__half *, const __half *, const __half *, const __half *, int, int)"
49455536,49476466,"k_gemv_fp16(__half *, const __half *, const __half *, const __half *, int, int)"
49476497,49477362,"k_gelu(__half *, unsigned long long)"
49477394,49500179,"k_gemv_fp16(__half *, const __half *, const __half *, const __half *, int, int)"
49500211,49500979,"k_add(__half *, const __half *, unsigned long long)"
49501011,49503891,"k_layernorm(__half *, const __half *, const __half *, const __half *, int, int)"
49503923,49520181,"k_gemv_fp16(__half *, const __half *, const __half *, const __half *, int, int)"
49520213,49521077,"k_kv_append(__half *, __half *, const __half *, int, int)"
49521108,49629660,"k_attn_decode_ordered4(__half *, const __half *, const __half *, const __half *, int, int)"
49630364,49637084,"k_gemv_fp16(__half *, const __half *, const __half *, const __half *, int, int)"
49637117,49637917,"k_add(__half *, const __half *, unsigned long long)"
49637949,49640893,"k_layernorm(__half *, const __half *, const __half *, const __half *, int, int)"
49640925,49661822,"k_gemv_fp16(__half *, const __half *, const __half *, const __half *, int, int)"
49661854,49662686,"k_gelu(__half *, unsigned long long)"
49662718,49685728,"k_gemv_fp16(__half *, const __half *, const __half *, const __half *, int, int)"
49685792,49686560,"k_add(__half *, const __half *, unsigned long long)"
49686592,49689472,"k_layernorm(__half *, const __half *, const __half *, const __half *, int, int)"
49689536,49705825,"k_gemv_fp16(__half *, const __half *, const __half *, const __half *, int, int)"
49705889,49706753,"k_kv_append(__half *, __half *, const __half *, int, int)"
49706785,49814793,"k_attn_decode_ordered4(__half *, const __half *, const __half *, const __half *, int, int)"
49814857,49822249,"k_gemv_fp16(__half *, const __half *, const __half *, const __half *, int, int)"
49822313,49823081,"k_add(__half *, const __half *, unsigned long long)"
49823113,49826090,"k_layernorm(__half *, const __half *, const __half *, const __half *, int, int)"
49826154,49846955,"k_gemv_fp16(__half *, const __half *, const __half *, const __half *, int, int)"
49846987,49847819,"k_gelu(__half *, unsigned long long)"
49848491,49871341,"k_gemv_fp16(__half *, const __half *, const __half *, const __half *, int, int)"
49871373,49872173,"k_add(__half *, const __half *, unsigned long long)"
49872205,49875085,"k_layernorm(__half *, const __half *, const __half *, const __half *, int, int)"
49875117,49891310,"k_gemv_fp16(__half *, const __half *, const __half *, const __half *, int, int)"
49891342,49892206,"k_kv_append(__half *, __half *, const __half *, int, int)"
49892238,50001078,"k_attn_decode_ordered4(__half *, const __half *, const __half *, const __half *, int, int)"
50001142,50008374,"k_gemv_fp16(__half *, const __half *, const __half *, const __half *, int, int)"
50008438,50009206,"k_add(__half *, const __half *, unsigned long long)"
50009238,50012118,"k_layernorm(__half *, const __half *, const __half *, const __half *, int, int)"
50012150,50032952,"k_gemv_fp16(__half *, const __half *, const __half *, const __half *, int, int)"
50032984,50033848,"k_gelu(__half *, unsigned long long)"
50033880,50056634,"k_gemv_fp16(__half *, const __half *, const __half *, const __half *, int, int)"
50056665,50057465,"k_add(__half *, const __half *, unsigned long long)"
50057498,50060378,"k_layernorm(__half *, const __half *, const __half *, const __half *, int, int)"
50060410,50076635,"k_gemv_fp16(__half *, const __half *, const __half *, const __half *, int, int)"
50076667,50077531,"k_kv_append(__half *, __half *, const __half *, int, int)"
50078235,50185954,"k_attn_decode_ordered4(__half *, const __half *, const __half *, const __half *, int, int)"
50185986,50193442,"k_gemv_fp16(__half *, const __half *, const __half *, const __half *, int, int)"
50193443,50194243,"k_add(__half *, const __half *, unsigned long long)"
50194275,50197155,"k_layernorm(__half *, const __half *, const __half *, const __half *, int, int)"
50197187,50218020,"k_gemv_fp16(__half *, const __half *, const __half *, const __half *, int, int)"
50218053,50218885,"k_gelu(__half *, unsigned long long)"
50218917,50241638,"k_gemv_fp16(__half *, const __half *, const __half *, const __half *, int, int)"
50241670,50242470,"k_add(__half *, const __half *, unsigned long long)"
50242502,50245383,"k_layernorm(__half *, const __half *, const __half *, const __half *, int, int)"
50245414,50261608,"k_gemv_fp16(__half *, const __half *, const __half *, const __half *, int, int)"
50261640,50262504,"k_kv_append(__half *, __half *, const __half *, int, int)"
50262568,50370479,"k_attn_decode_ordered4(__half *, const __half *, const __half *, const __half *, int, int)"
50370543,50377936,"k_gemv_fp16(__half *, const __half *, const __half *, const __half *, int, int)"
50377999,50378768,"k_add(__half *, const __half *, unsigned long long)"
50378800,50381648,"k_layernorm(__half *, const __half *, const __half *, const __half *, int, int)"
50381712,50402481,"k_gemv_fp16(__half *, const __half *, const __half *, const __half *, int, int)"
50403249,50404081,"k_gelu(__half *, unsigned long long)"
50404113,50427027,"k_gemv_fp16(__half *, const __half *, const __half *, const __half *, int, int)"
50427091,50427859,"k_add(__half *, const __half *, unsigned long long)"
50427891,50430835,"k_layernorm(__half *, const __half *, const __half *, const __half *, int, int)"
50430899,50447412,"k_gemv_fp16(__half *, const __half *, const __half *, const __half *, int, int)"
50447444,50448308,"k_kv_append(__half *, __half *, const __half *, int, int)"
50448340,50556604,"k_attn_decode_ordered4(__half *, const __half *, const __half *, const __half *, int, int)"
50556668,50563964,"k_gemv_fp16(__half *, const __half *, const __half *, const __half *, int, int)"
50563996,50564764,"k_add(__half *, const __half *, unsigned long long)"
50564828,50567645,"k_layernorm(__half *, const __half *, const __half *, const __half *, int, int)"
50567709,50588446,"k_gemv_fp16(__half *, const __half *, const __half *, const __half *, int, int)"
50588478,50589310,"k_gelu(__half *, unsigned long long)"
50589342,50612064,"k_gemv_fp16(__half *, const __half *, const __half *, const __half *, int, int)"
50612128,50612896,"k_add(__half *, const __half *, unsigned long long)"
50612928,50615808,"k_layernorm(__half *, const __half *, const __half *, const __half *, int, int)"
50615840,50631969,"k_gemv_fp16(__half *, const __half *, const __half *, const __half *, int, int)"
50632865,50633729,"k_kv_append(__half *, __half *, const __half *, int, int)"
50633761,50742441,"k_attn_decode_ordered4(__half *, const __half *, const __half *, const __half *, int, int)"
50742505,50749769,"k_gemv_fp16(__half *, const __half *, const __half *, const __half *, int, int)"
50749801,50750601,"k_add(__half *, const __half *, unsigned long long)"
50750633,50753481,"k_layernorm(__half *, const __half *, const __half *, const __half *, int, int)"
50753513,50774379,"k_gemv_fp16(__half *, const __half *, const __half *, const __half *, int, int)"
50774411,50775243,"k_gelu(__half *, unsigned long long)"
50775307,50798028,"k_gemv_fp16(__half *, const __half *, const __half *, const __half *, int, int)"
50798061,50798829,"k_add(__half *, const __half *, unsigned long long)"
50798893,50801805,"k_layernorm(__half *, const __half *, const __half *, const __half *, int, int)"
50801869,50818030,"k_gemv_fp16(__half *, const __half *, const __half *, const __half *, int, int)"
50818062,50818926,"k_kv_append(__half *, __half *, const __half *, int, int)"
50818958,50927125,"k_attn_decode_ordered4(__half *, const __half *, const __half *, const __half *, int, int)"
50927158,50934518,"k_gemv_fp16(__half *, const __half *, const __half *, const __half *, int, int)"
50934550,50935318,"k_add(__half *, const __half *, unsigned long long)"
50935350,50938262,"k_layernorm(__half *, const __half *, const __half *, const __half *, int, int)"
50939158,50959960,"k_gemv_fp16(__half *, const __half *, const __half *, const __half *, int, int)"
50959992,50960856,"k_gelu(__half *, unsigned long long)"
50960888,50983545,"k_gemv_fp16(__half *, const __half *, const __half *, const __half *, int, int)"
50983577,50984345,"k_add(__half *, const __half *, unsigned long long)"
50984377,50987258,"k_layernorm(__half *, const __half *, const __half *, const __half *, int, int)"
50987289,51003643,"k_gemv_fp16(__half *, const __half *, const __half *, const __half *, int, int)"
51003675,51004571,"k_kv_append(__half *, __half *, const __half *, int, int)"
51004603,51112994,"k_attn_decode_ordered4(__half *, const __half *, const __half *, const __half *, int, int)"
51113026,51120323,"k_gemv_fp16(__half *, const __half *, const __half *, const __half *, int, int)"
51120355,51121155,"k_add(__half *, const __half *, unsigned long long)"
51121187,51124035,"k_layernorm(__half *, const __half *, const __half *, const __half *, int, int)"
51124067,51144900,"k_gemv_fp16(__half *, const __half *, const __half *, const __half *, int, int)"
51144932,51145764,"k_gelu(__half *, unsigned long long)"
51145796,51168614,"k_gemv_fp16(__half *, const __half *, const __half *, const __half *, int, int)"
51168646,51169446,"k_add(__half *, const __half *, unsigned long long)"
51169478,51172422,"k_layernorm(__half *, const __half *, const __half *, const __half *, int, int)"
51173158,51189350,"k_gemv_fp16(__half *, const __half *, const __half *, const __half *, int, int)"
51189351,51190248,"k_kv_append(__half *, __half *, const __half *, int, int)"
51190279,51298799,"k_attn_decode_ordered4(__half *, const __half *, const __half *, const __half *, int, int)"
51298831,51306160,"k_gemv_fp16(__half *, const __half *, const __half *, const __half *, int, int)"
51306191,51306959,"k_add(__half *, const __half *, unsigned long long)"
51306992,51309904,"k_layernorm(__half *, const __half *, const __half *, const __half *, int, int)"
51309936,51330705,"k_gemv_fp16(__half *, const __half *, const __half *, const __half *, int, int)"
51330737,51331569,"k_gelu(__half *, unsigned long long)"
51331601,51354451,"k_gemv_fp16(__half *, const __half *, const __half *, const __half *, int, int)"
51354483,51355283,"k_add(__half *, const __half *, unsigned long long)"
51355315,51358163,"k_layernorm(__half *, const __half *, const __half *, const __half *, int, int)"
51358227,51374388,"k_gemv_fp16(__half *, const __half *, const __half *, const __half *, int, int)"
51374420,51375284,"k_kv_append(__half *, __half *, const __half *, int, int)"
51375348,51483484,"k_attn_decode_ordered4(__half *, const __half *, const __half *, const __half *, int, int)"
51483548,51490780,"k_gemv_fp16(__half *, const __half *, const __half *, const __half *, int, int)"
51490812,51491580,"k_add(__half *, const __half *, unsigned long long)"
51492412,51495292,"k_layernorm(__half *, const __half *, const __half *, const __half *, int, int)"
51495356,51516126,"k_gemv_fp16(__half *, const __half *, const __half *, const __half *, int, int)"
51516158,51516990,"k_gelu(__half *, unsigned long long)"
51517022,51539936,"k_gemv_fp16(__half *, const __half *, const __half *, const __half *, int, int)"
51540000,51540768,"k_add(__half *, const __half *, unsigned long long)"
51540832,51543680,"k_layernorm(__half *, const __half *, const __half *, const __half *, int, int)"
51543744,51855349,"k_gemv_fp16(__half *, const __half *, const __half *, const __half *, int, int)"
