start_ns,end_ns,name
12521822,12522782,"k_embed_one(__half *, const __half *, const __half *, int, int)"
12522846,12525759,"k_layernorm(__half *, const __half *, const __half *, const __half *, int, int)"
12525791,12542048,"k_gemv_fp16(__half *, const __half *, const __half *, const __half *, int, int)"
12542080,12542976,"k_kv_append(__half *, __half *, const __half *, int, int)"
12543008,12552737,"k_attn_decode(__half *, const __half *, const __half *, const __half *, int, int)"
12552769,12560065,"k_gemv_fp16(__half *, const __half *, const __half *, const __half *, int, int)"
12560129,12561153,"k_add(__half *, const __half *, unsigned long long)"
12561185,12564161,"k_layernorm(__half *, const __half *, const __half *, const __half *, int, int)"
12564193,12585123,"k_gemv_fp16(__half *, const __half *, const __half *, const __half *, int, int)"
12585155,12586019,"k_gelu(__half *, unsigned long long)"
12586051,12608900,"k_gemv_fp16(__half *, const __half *, const __half *, const __half *, int, int)"
12608933,12609733,"k_add(__half *, const __half *, unsigned long long)"
12609765,12612709,"k_layernorm(__half *, const __half *, const __half *, const __half *, int, int)"
12612741,12629030,"k_gemv_fp16(__half *, const __half *, const __half *, const __half *, int, int)"
12629062,12629958,"k_kv_append(__half *, __half *, const __half *, int, int)"
12629990,12639303,"k_attn_decode(__half *, const __half *, const __half *, const __half *, int, int)"
12640039,12646759,"k_gemv_fp16(__half *, const __half *, const __half *, const __half *, int, int)"
12646791,12647591,"k_add(__half *, const __half *, unsigned long long)"
12647623,12650568,"k_layernorm(__half *, const __half *, const __half *, const __half *, int, int)"
12650600,12671593,"k_gemv_fp16(__half *, const __half *, const __half *, const __half *, int, int)"
12671625,12672457,"k_gelu(__half *, unsigned long long)"
12672489,12697003,"k_gemv_fp16(__half *, const __half *, const __half *, const __half *, int, int)"
12697035,12697835,"k_add(__half *, const __half *, unsigned long long)"
12697867,12700779,"k_layernorm(__half *, const __half *, const __half *, const __half *, int, int)"
12700811,12720236,"k_gemv_fp16(__half *, const __half *, const __half *, const __half *, int, int)"
12720268,12721165,"k_kv_append(__half *, __half *, const __half *, int, int)"
12721196,12731213,"k_attn_decode(__half *, const __half *, const __half *, const __half *, int, int)"
12731277,12739214,"k_gemv_fp16(__half *, const __half *, const __half *, const __half *, int, int)"
12739246,12740046,"k_add(__half *, const __half *, unsigned long long)"
12740078,12743022,"k_layernorm(__half *, const __half *, const __half *, const __half *, int, int)"
12743054,12764784,"k_gemv_fp16(__half *, const __half *, const __half *, const __half *, int, int)"
12764816,12765648,"k_gelu(__half *, unsigned long long)"
12766352,12789297,"k_gemv_fp16(__half *, const __half *, const __half *, const __half *, int, int)"
12789361,12790129,"k_add(__half *, const __half *, unsigned long long)"
12790161,12793042,"k_layernorm(__half *, const __half *, const __half *, const __half *, int, int)"
12793105,12809203,"k_gemv_fp16(__half *, const __half *, const __half *, const __half *, int, int)"
12809267,12810131,"k_kv_append(__half *, __half *, const __half *, int, int)"
12810163,12819603,"k_attn_decode(__half *, const __half *, const __half *, const __half *, int, int)"
12819635,12826996,"k_gemv_fp16(__half *, const __half *, const __half *, const __half *, int, int)"
12827028,12827796,"k_add(__half *, const __half *, unsigned long long)"
12827860,12830708,"k_layernorm(__half *, const __half *, const __half *, const __half *, int, int)"
12830772,12851798,"k_gemv_fp16(__half *, const __half *, const __half *, const __half *, int, int)"
12851830,12852662,"k_gelu(__half *, unsigned long long)"
12852694,12875543,"k_gemv_fp16(__half *, const __half *, const __half *, const __half *, int, int)"
12875575,12876375,"k_add(__half *, const __half *, unsigned long long)"
12876407,12879319,"k_layernorm(__half *, const __half *, const __half *, const __half *, int, int)"
12879352,12895513,"k_gemv_fp16(__half *, const __half *, const __half *, const __half *, int, int)"
12895545,12896409,"k_kv_append(__half *, __half *, const __half *, int, int)"
12897177,12906650,"k_attn_decode(__half *, const __half *, const __half *, const __half *, int, int)"
12906681,12914010,"k_gemv_fp16(__half *, const __half *, const __half *, const __half *, int, int)"
12914042,12914810,"k_add(__half *, const __half *, unsigned long long)"
12914874,12917754,"k_layernorm(__half *, const __half *, const __half *, const __half *, int, int)"
12917786,12938748,"k_gemv_fp16(__half *, const __half *, const __half *, const __half *, int, int)"
12938812,12939644,"k_gelu(__half *, unsigned long long)"
12939676,12962525,"k_gemv_fp16(__half *, const __half *, const __half *, const __half *, int, int)"
12962558,12963357,"k_add(__half *, const __half *, unsigned long long)"
12963389,12966238,"k_layernorm(__half *, const __half *, const __half *, const __half *, int, int)"
12966270,12982463,"k_gemv_fp16(__half *, const __half *, const __half *, const __half *, int, int)"
12982495,12983359,"k_kv_append(__half *, __half *, const __half *, int, int)"
12983391,12992736,"k_attn_decode(__half *, const __half *, const __half *, const __half *, int, int)"
12992767,13000288,"k_gemv_fp16(__half *, const __half *, const __half *, const __half *, int, int)"
13000320,13001088,"k_add(__half *, const __half *, unsigned long long)"
13001152,13004000,"k_layernorm(__half *, const __half *, const __half *, const __half *, int, int)"
13004032,13024930,"k_gemv_fp16(__half *, const __half *, const __half *, const __half *, int, int)"
13025634,13026466,"k_gelu(__half *, unsigned long long)"
13026498,13049380,"k_gemv_fp16(__half *, const __half *, const __half *, const __half *, int, int)"
13049412,13050180,"k_add(__half *, const __half *, unsigned long long)"
13050244,13053124,"k_layernorm(__half *, const __half *, const __half *, const __half *, int, int)"
13053156,13069189,"k_gemv_fp16(__half *, const __half *, const __half *, const __half *, int, int)"
13069221,13070117,"k_kv_append(__half *, __half *, const __half *, int, int)"
13070149,13079526,"k_attn_decode(__half *, const __half *, const __half *, const __half *, int, int)"
13079590,13086950,"k_gemv_fp16(__half *, const __half *, const __half *, const __half *, int, int)"
13086982,13087750,"k_add(__half *, const __half *, unsigned long long)"
13087814,13090662,"k_layernorm(__half *, const __half *, const __half *, const __half *, int, int)"
13090726,13111624,"k_gemv_fp16(__half *, const __half *, const __half *, const __half *, int, int)"
13111656,13112488,"k_gelu(__half *, unsigned long long)"
13112520,13135305,"k_gemv_fp16(__half *, const __half *, const __half *, const __half *, int, int)"
13135338,13136138,"k_add(__half *, const __half *, unsigned long long)"
13136170,13139050,"k_layernorm(__half *, const __half *, const __half *, const __half *, int, int)"
13139082,13155179,"k_gemv_fp16(__half *, const __half *, const __half *, const __half *, int, int)"
13155883,13156779,"k_kv_append(__half *, __half *, const __half *, int, int)"
13156811,13166380,"k_attn_decode(__half *, const __half *, const __half *, const __half *, int, int)"
13166412,13173708,"k_gemv_fp16(__half *, const __half *, const __half *, const __half *, int, int)"
13173772,13174540,"k_add(__half *, const __half *, unsigned long long)"
13174572,13177421,"k_layernorm(__half *, const __half *, const __half *, const __half *, int, int)"
13177484,13198414,"k_gemv_fp16(__half *, const __half *, const __half *, const __half *, int, int)"
13198478,13199310,"k_gelu(__half *, unsigned long long)"
13199342,13222352,"k_gemv_fp16(__half *, const __half *, const __half *, const __half *, int, int)"
13222416,13223184,"k_add(__half *, const __half *, unsigned long long)"
13223216,13226128,"k_layernorm(__half *, const __half *, const __half *, const __half *, int, int)"
13226160,13242321,"k_gemv_fp16(__half *, const __half *, const __half *, const __half *, int, int)"
13242353,13243249,"k_kv_append(__half *, __half *, const __half *, int, int)"
13243281,13252690,"k_attn_decode(__half *, const __half *, const __half *, const __half *, int, int)"
13252722,13260242,"k_gemv_fp16(__half *, const __half *, const __half *, const __half *, int, int)"
13260274,13261042,"k_add(__half *, const __half *, unsigned long long)"
13261074,13263987,"k_layernorm(__half *, const __half *, const __half *, const __half *, int, int)"
13264883,13286132,"k_gemv_fp16(__half *, const __half *, const __half *, const __half *, int, int)"
13286164,13286996,"k_gelu(__half *, unsigned long long)"
13287028,13309782,"k_gemv_fp16(__half *, const __half *, const __half *, const __half *, int, int)"
13309814,13310582,"k_add(__half *, const __half *, unsigned long long)"
13310646,13313494,"k_layernorm(__half *, const __half *, const __half *, const __half *, int, int)"
13313526,13329655,"k_gemv_fp16(__half *, const __half *, const __half *, const __half *, int, int)"
13329687,13330551,"k_kv_append(__half *, __half *, const __half *, int, int)"
13330615,13340375,"k_attn_decode(__half *, const __half *, const __half *, const __half *, int, int)"
13340376,13347801,"k_gemv_fp16(__half *, const __half *, const __half *, const __half *, int, int)"
13347832,13348632,"k_add(__half *, const __half *, unsigned long long)"
13348665,13351609,"k_layernorm(__half *, const __half *, const __half *, const __half *, int, int)"
13351641,13372570,"k_gemv_fp16(__half *, const __half *, const __half *, const __half *, int, int)"
13372602,13373434,"k_gelu(__half *, unsigned long long)"
13373466,13396284,"k_gemv_fp16(__half *, const __half *, const __half *, const __half *, int, int)"
13396316,13397116,"k_add(__half *, const __half *, unsigned long long)"
13397148,13400092,"k_layernorm(__half *, const __half *, const __half *, const __half *, int, int)"
13400860,13416957,"k_gemv_fp16(__half *, const __half *, const __half *, const __half *, int, int)"
13416989,13417885,"k_kv_append(__half *, __half *, const __half *, int, int)"
13417917,13427710,"k_attn_decode(__half *, const __half *, const __half *, const __half *, int, int)"
13427742,13435103,"k_gemv_fp16(__half *, const __half *, const __half *, const __half *, int, int)"
13435135,13435903,"k_add(__half *, const __half *, unsigned long long)"
13435935,13438879,"k_layernorm(__half *, const __half *, const __half *, const __half *, int, int)"
13438911,13459840,"k_gemv_fp16(__half *, const __half *, const __half *, const __half *, int, int)"
13459904,13460736,"k_gelu(__half *, unsigned long long)"
13460768,13483714,"k_gemv_fp16(__half *, const __half *, const __half *, const __half *, int, int)"
13483746,13484514,"k_add(__half *, const __half *, unsigned long long)"
13484546,13487426,"k_layernorm(__half *, const __half *, const __half *, const __half *, int, int)"
13487458,13503587,"k_gemv_fp16(__half *, const __half *, const __half *, const __half *, int, int)"
13503619,13504483,"k_kv_append(__half *, __half *, const __half *, int, int)"
13504547,13514340,"k_attn_decode(__half *, const __half *, const __half *, const __half *, int, int)"
13514372,13521733,"k_gemv_fp16(__half *, const __half *, const __half *, const __half *, int, int)"
13521797,13522565,"k_add(__half *, const __half *, unsigned long long)"
13523269,13526245,"k_layernorm(__half *, const __half *, const __half *, const __half *, int, int)"
13526309,13547271,"k_gemv_fp16(__half *, const __half *, const __half *, const __half *, int, int)"
13547334,13548167,"k_gelu(__half *, unsigned long long)"
13548198,13570952,"k_gemv_fp16(__half *, const __half *, const __half *, const __half *, int, int)"
13571016,13571784,"k_add(__half *, const __half *, unsigned long long)"
13571816,13574728,"k_layernorm(__half *, const __half *, const __half *, const __half *, int, int)"
13574761,13886526,"k_gemv_fp16(__half *, const __half *, const __half *, const __half *, int, int)"
14015655,14016615,"k_embed_one(__half *, const __half *, const __half *, int, int)"
14016647,14019528,"k_layernorm(__half *, const __half *, const __half *, const __half *, int, int)"
14019560,14035721,"k_gemv_fp16(__half *, const __half *, const __half *, const __half *, int, int)"
14035753,14036617,"k_kv_append(__half *, __half *, const __half *, int, int)"
14036681,14046250,"k_attn_decode(__half *, const __half *, const __half *, const __half *, int, int)"
14046282,14053642,"k_gemv_fp16(__half *, const __half *, const __half *, const __half *, int, int)"
14053674,14054474,"k_add(__half *, const __half *, unsigned long long)"
14054506,14057386,"k_layernorm(__half *, const __half *, const __half *, const __half *, int, int)"
14057418,14078348,"k_gemv_fp16(__half *, const __half *, const __half *, const __half *, int, int)"
14078380,14079212,"k_gelu(__half *, unsigned long long)"
14079244,14102349,"k_gemv_fp16(__half *, const __half *, const __half *, const __half *, int, int)"
14102413,14103182,"k_add(__half *, const __half *, unsigned long long)"
14103213,14106094,"k_layernorm(__half *, const __half *, const __half *, const __half *, int, int)"
14106126,14122255,"k_gemv_fp16(__half *, const __half *, const __half *, const __half *, int, int)"
14122287,14123183,"k_kv_append(__half *, __half *, const __half *, int, int)"
14123215,14132592,"k_attn_decode(__half *, const __half *, const __half *, const __half *, int, int)"
14133296,14140048,"k_gemv_fp16(__half *, const __half *, const __half *, const __half *, int, int)"
14140080,14140880,"k_add(__half *, const __half *, unsigned long long)"
14140912,14143888,"k_layernorm(__half *, const __half *, const __half *, const __half *, int, int)"
14143921,14164754,"k_gemv_fp16(__half *, const __half *, const __half *, const __half *, int, int)"
14164786,14165650,"k_gelu(__half *, unsigned long long)"
14165682,14188532,"k_gemv_fp16(__half *, const __half *, const __half *, const __half *, int, int)"
14188563,14189364,"k_add(__half *, const __half *, unsigned long long)"
14189396,14192244,"k_layernorm(__half *, const __half *, const __half *, const __half *, int, int)"
14192308,14208565,"k_gemv_fp16(__half *, const __half *, const __half *, const __half *, int, int)"
14208597,14209493,"k_kv_append(__half *, __half *, const __half *, int, int)"
14209525,14219030,"k_attn_decode(__half *, const __half *, const __half *, const __half *, int, int)"
14219062,14226422,"k_gemv_fp16(__half *, const __half *, const __half *, const __half *, int, int)"
14226454,14227222,"k_add(__half *, const __half *, unsigned long long)"
14227254,14230134,"k_layernorm(__half *, const __half *, const __half *, const __half *, int, int)"
14230167,14251160,"k_gemv_fp16(__half *, const __half *, const __half *, const __half *, int, int)"
14251192,14252024,"k_gelu(__half *, unsigned long long)"
14252792,14275706,"k_gemv_fp16(__half *, const __half *, const __half *, const __half *, int, int)"
14275738,14276538,"k_add(__half *, const __half *, unsigned long long)"
14276570,14279450,"k_layernorm(__half *, const __half *, const __half *, const __half *, int, int)"
14279482,14295611,"k_gemv_fp16(__half *, const __half *, const __half *, const __half *, int, int)"
14295643,14296507,"k_kv_append(__half *, __half *, const __half *, int, int)"
14296571,14305916,"k_attn_decode(__half *, const __half *, const __half *, const __half *, int, int)"
14305948,14313244,"k_gemv_fp16(__half *, const __half *, const __half *, const __half *, int, int)"
14313276,14314045,"k_add(__half *, const __half *, unsigned long long)"
14314076,14316957,"k_layernorm(__half *, const __half *, const __half *, const __half *, int, int)"
14317021,14338046,"k_gemv_fp16(__half *, const __half *, const __half *, const __half *, int, int)"
14338078,14338910,"k_gelu(__half *, unsigned long long)"
14338942,14361760,"k_gemv_fp16(__half *, const __half *, const __half *, const __half *, int, int)"
14361792,14362592,"k_add(__half *, const __half *, unsigned long long)"
14362624,14365504,"k_layernorm(__half *, const __half *, const __half *, const __half *, int, int)"
14365536,14381921,"k_gemv_fp16(__half *, const __half *, const __half *, const __half *, int, int)"
14381953,14382817,"k_kv_append(__half *, __half *, const __half *, int, int)"
14383553,14393313,"k_attn_decode(__half *, const __half *, const __half *, const __half *, int, int)"
14393314,14400673,"k_gemv_fp16(__half *, const __half *, const __half *, const __half *, int, int)"
14400674,14401475,"k_add(__half *, const __half *, unsigned long long)"
14401507,14404387,"k_layernorm(__half *, const __half *, const __half *, const __half *, int, int)"
14404419,14425284,"k_gemv_fp16(__half *, const __half *, const __half *, const __half *, int, int)"
14425316,14426148,"k_gelu(__half *, unsigned long long)"
14426180,14449158,"k_gemv_fp16(__half *, const __half *, const __half *, const __half *, int, int)"
14449190,14449990,"k_add(__half *, const __half *, unsigned long long)"
14450022,14452902,"k_layernorm(__half *, const __half *, const __half *, const __half *, int, int)"
14452934,14469063,"k_gemv_fp16(__half *, const __half *, const __half *, const __half *, int, int)"
14469095,14469991,"k_kv_append(__half *, __half *, const __half *, int, int)"
14470023,14479336,"k_attn_decode(__half *, const __half *, const __half *, const __half *, int, int)"
14479368,14486697,"k_gemv_fp16(__half *, const __half *, const __half *, const __half *, int, int)"
14486761,14487529,"k_add(__half *, const __half *, unsigned long long)"
14487561,14490441,"k_layernorm(__half *, const __half *, const __half *, const __half *, int, int)"
14490505,14511402,"k_gemv_fp16(__half *, const __half *, const __half *, const __half *, int, int)"
14512074,14512906,"k_gelu(__half *, unsigned long long)"
14512970,14535820,"k_gemv_fp16(__half *, const __half *, const __half *, const __half *, int, int)"
14535852,14536620,"k_add(__half *, const __half *, unsigned long long)"
14536684,14539564,"k_layernorm(__half *, const __half *, const __half *, const __half *, int, int)"
14539596,14555725,"k_gemv_fp16(__half *, const __half *, const __half *, const __half *, int, int)"
14555757,14556621,"k_kv_append(__half *, __half *, const __half *, int, int)"
14556685,14566030,"k_attn_decode(__half *, const __half *, const __half *, const __half *, int, int)"
14566062,14573519,"k_gemv_fp16(__half *, const __half *, const __half *, const __half *, int, int)"
14573551,14574319,"k_add(__half *, const __half *, unsigned long long)"
14574383,14577327,"k_layernorm(__half *, const __half *, const __half *, const __half *, int, int)"
14577359,14598448,"k_gemv_fp16(__half *, const __half *, const __half *, const __half *, int, int)"
14598480,14599313,"k_gelu(__half *, unsigned long long)"
14599344,14622130,"k_gemv_fp16(__half *, const __half *, const __half *, const __half *, int, int)"
14622162,14622930,"k_add(__half *, const __half *, unsigned long long)"
14622994,14625842,"k_layernorm(__half *, const __half *, const __half *, const __half *, int, int)"
14625906,14641971,"k_gemv_fp16(__half *, const __half *, const __half *, const __half *, int, int)"
14642868,14643732,"k_kv_append(__half *, __half *, const __half *, int, int)"
14643796,14653396,"k_attn_decode(__half *, const __half *, const __half *, const __half *, int, int)"
14653428,14660693,"k_gemv_fp16(__half *, const __half *, const __half *, const __half *, int, int)"
14660757,14661525,"k_add(__half *, const __half *, unsigned long long)"
14661557,14664533,"k_layernorm(__half *, const __half *, const __half *, const __half *, int, int)"
14664565,14685526,"k_gemv_fp16(__half *, const __half *, const __half *, const __half *, int, int)"
14685559,14686391,"k_gelu(__half *, unsigned long long)"
14686423,14709432,"k_gemv_fp16(__half *, const __half *, const __half *, const __half *, int, int)"
14709464,14710232,"k_add(__half *, const __half *, unsigned long long)"
14710264,14713144,"k_layernorm(__half *, const __half *, const __half *, const __half *, int, int)"
14713209,14729402,"k_gemv_fp16(__half *, const __half *, const __half *, const __half *, int, int)"
14729434,14730330,"k_kv_append(__half *, __half *, const __half *, int, int)"
14730362,14739866,"k_attn_decode(__half *, const __half *, const __half *, const __half *, int, int)"
14739898,14747259,"k_gemv_fp16(__half *, const __half *, const __half *, const __half *, int, int)"
14747291,14748091,"k_add(__half *, const __half *, unsigned long long)"
14748123,14750971,"k_layernorm(__half *, const __half *, const __half *, const __half *, int, int)"
14751675,14772669,"k_gemv_fp16(__half *, const __half *, const __half *, const __half *, int, int)"
14772701,14773533,"k_gelu(__half *, unsigned long long)"
14773565,14796414,"k_gemv_fp16(__half *, const __half *, const __half *, const __half *, int, int)"
14796446,14797246,"k_add(__half *, const __half *, unsigned long long)"
14797278,14800158,"k_layernorm(__half *, const __half *, const __half *, const __half *, int, int)"
14800223,14816384,"k_gemv_fp16(__half *, const __half *, const __half *, const __half *, int, int)"
14816416,14817312,"k_kv_append(__half *, __half *, const __half *, int, int)"
14817344,14826848,"k_attn_decode(__half *, const __half *, const __half *, const __half *, int, int)"
14826881,14834177,"k_gemv_fp16(__half *, const __half *, const __half *, const __half *, int, int)"
14834209,14835009,"k_add(__half *, const __half *, unsigned long long)"
14835041,14837889,"k_layernorm(__half *, const __half *, const __half *, const __half *, int, int)"
14837921,14858946,"k_gemv_fp16(__half *, const __half *, const __half *, const __half *, int, int)"
14858947,14859811,"k_gelu(__half *, unsigned long long)"
14859843,14882724,"k_gemv_fp16(__half *, const __half *, const __half *, const __half *, int, int)"
14882756,14883557,"k_add(__half *, const __half *, unsigned long long)"
14883588,14886469,"k_layernorm(__half *, const __half *, const __half *, const __half *, int, int)"
14887141,14903846,"k_gemv_fp16(__half *, const __half *, const __half *, const __half *, int, int)"
14903878,14904774,"k_kv_append(__half *, __half *, const __half *, int, int)"
14904806,14914855,"k_attn_decode(__half *, const __half *, const __half *, const __half *, int, int)"
14914887,14922183,"k_gemv_fp16(__half *, const __half *, const __half *, const __half *, int, int)"
14922215,14923015,"k_add(__half *, const __half *, unsigned long long)"
14923047,14925927,"k_layernorm(__half *, const __half *, const __half *, const __half *, int, int)"
14925959,14946888,"k_gemv_fp16(__half *, const __half *, const __half *, const __half *, int, int)"
14946889,14947721,"k_gelu(__half *, unsigned long long)"
14947785,14970667,"k_gemv_fp16(__half *, const __half *, const __half *, const __half *, int, int)"
14970698,14971467,"k_add(__half *, const __half *, unsigned long long)"
14971531,14974379,"k_layernorm(__half *, const __half *, const __half *, const __half *, int, int)"
14974411,14990476,"k_gemv_fp16(__half *, const __half *, const __half *, const __half *, int, int)"
14990508,14991372,"k_kv_append(__half *, __half *, const __half *, int, int)"
14991436,15000909,"k_attn_decode(__half *, const __half *, const __half *, const __half *, int, int)"
15000941,15008365,"k_gemv_fp16(__half *, const __half *, const __half *, const __half *, int, int)"
15008397,15009165,"k_add(__half *, const __half *, unsigned long long)"
15010125,15013006,"k_layernorm(__half *, const __half *, const __half *, const __half *, int, int)"
15013037,15033967,"k_gemv_fp16(__half *, const __half *, const __half *, const __half *, int, int)"
15033999,15034831,"k_gelu(__half *, unsigned long long)"
15034863,15057649,"k_gemv_fp16(__half *, const __half *, const __half *, const __half *, int, int)"
15057681,15058449,"k_add(__half *, const __half *, unsigned long long)"
15058481,15061361,"k_layernorm(__half *, const __half *, const __half *, const __half *, int, int)"
15061393,15373255,"k_gemv_fp16(__half *, const __half *, const __half *, const __half *, int, int)"
15429931,15430859,"k_embed_one(__half *, const __half *, const __half *, int, int)"
15430891,15433803,"k_layernorm(__half *, const __half *, const __half *, const __half *, int, int)"
15433835,15450091,"k_gemv_fp16(__half *, const __half *, const __half *, const __half *, int, int)"
15450092,15450988,"k_kv_append(__half *, __half *, const __half *, int, int)"
15451020,15460365,"k_attn_decode(__half *, const __half *, const __half *, const __half *, int, int)"
15460397,15467661,"k_gemv_fp16(__half *, const __half *, const __half *, const __half *, int, int)"
15467694,15468462,"k_add(__half *, const __half *, unsigned long long)"
15468494,15471405,"k_layernorm(__half *, const __half *, const __half *, const __half *, int, int)"
15471406,15492367,"k_gemv_fp16(__half *, const __half *, const __half *, const __half *, int, int)"
15492399,15493231,"k_gelu(__half *, unsigned long long)"
15493263,15516177,"k_gemv_fp16(__half *, const __half *, const __half *, const __half *, int, int)"
15516209,15516977,"k_add(__half *, const __half *, unsigned long long)"
15517041,15519920,"k_layernorm(__half *, const __half *, const __half *, const __half *, int, int)"
15519921,15536114,"k_gemv_fp16(__half *, const __half *, const __half *, const __half *, int, int)"
15536146,15537010,"k_kv_append(__half *, __half *, const __half *, int, int)"
15537042,15546579,"k_attn_decode(__half *, const __half *, const __half *, const __half *, int, int)"
15547283,15554036,"k_gemv_fp16(__half *, const __half *, const __half *, const __half *, int, int)"
15554068,15554836,"k_add(__half *, const __half *, unsigned long long)"
15554868,15557780,"k_layernorm(__half *, const __half *, const __half *, const __half *, int, int)"
15557812,15578677,"k_gemv_fp16(__half *, const __half *, const __half *, const __half *, int, int)"
15578709,15579541,"k_gelu(__half *, unsigned long long)"
15579573,15602519,"k_gemv_fp16(__half *, const __half *, const __half *, const __half *, int, int)"
15602551,15603350,"k_add(__half *, const __half *, unsigned long long)"
15603351,15606231,"k_layernorm(__half *, const __half *, const __half *, const __half *, int, int)"
15606295,15622552,"k_gemv_fp16(__half *, const __half *, const __half *, const __half *, int, int)"
15622584,15623449,"k_kv_append(__half *, __half *, const __half *, int, int)"
15623512,15633081,"k_attn_decode(__half *, const __half *, const __half *, const __half *, int, int)"
15633113,15640602,"k_gemv_fp16(__half *, const __half *, const __half *, const __half *, int, int)"
15640634,15641402,"k_add(__half *, const __half *, unsigned long long)"
15641466,15644314,"k_layernorm(__half *, const __half *, const __half *, const __half *, int, int)"
15644346,15665532,"k_gemv_fp16(__half *, const __half *, const __half *, const __half *, int, int)"
15665563,15666427,"k_gelu(__half *, unsigned long long)"
15667131,15690109,"k_gemv_fp16(__half *, const __half *, const __half *, const __half *, int, int)"
15690141,15690941,"k_add(__half *, const __half *, unsigned long long)"
15690973,15693821,"k_layernorm(__half *, const __half *, const __half *, const __half *, int, int)"
15693853,15710207,"k_gemv_fp16(__half *, const __half *, const __half *, const __half *, int, int)"
15710239,15711135,"k_kv_append(__half *, __half *, const __half *, int, int)"
15711167,15720511,"k_attn_decode(__half *, const __half *, const __half *, const __half *, int, int)"
15720543,15727840,"k_gemv_fp16(__half *, const __half *, const __half *, const __half *, int, int)"
15727872,15728640,"k_add(__half *, const __half *, unsigned long long)"
15728704,15731584,"k_layernorm(__half *, const __half *, const __half *, const __half *, int, int)"
15731616,15752610,"k_gemv_fp16(__half *, const __half *, const __half *, const __half *, int, int)"
15752642,15753474,"k_gelu(__half *, unsigned long long)"
15753506,15776579,"k_gemv_fp16(__half *, const __half *, const __half *, const __half *, int, int)"
15776611,15777411,"k_add(__half *, const __half *, unsigned long long)"
15777443,15780387,"k_layernorm(__half *, const __half *, const __half *, const __half *, int, int)"
15780419,15796645,"k_gemv_fp16(__half *, const __half *, const __half *, const __half *, int, int)"
15796677,15797541,"k_kv_append(__half *, __half *, const __half *, int, int)"
15798309,15807654,"k_attn_decode(__half *, const __half *, const __half *, const __half *, int, int)"
15807685,15815078,"k_gemv_fp16(__half *, const __half *, const __half *, const __half *, int, int)"
15815110,15815878,"k_add(__half *, const __half *, unsigned long long)"
15815942,15818918,"k_layernorm(__half *, const __half *, const __half *, const __half *, int, int)"
15818950,15839976,"k_gemv_fp16(__half *, const __half *, const __half *, const __half *, int, int)"
15840008,15840840,"k_gelu(__half *, unsigned long long)"
15840904,15863881,"k_gemv_fp16(__half *, const __half *, const __half *, const __half *, int, int)"
15863945,15864713,"k_add(__half *, const __half *, unsigned long long)"
15864745,15867658,"k_layernorm(__half *, const __half *, const __half *, const __half *, int, int)"
15867690,15883819,"k_gemv_fp16(__half *, const __half *, const __half *, const __half *, int, int)"
15883851,15884715,"k_kv_append(__half *, __half *, const __half *, int, int)"
15884779,15894316,"k_attn_decode(__half *, const __half *, const __half *, const __half *, int, int)"
15894347,15901644,"k_gemv_fp16(__half *, const __half *, const __half *, const __half *, int, int)"
15901676,15902444,"k_add(__half *, const __half *, unsigned long long)"
15902508,15905356,"k_layernorm(__half *, const __half *, const __half *, const __half *, int, int)"
15905388,15926254,"k_gemv_fp16(__half *, const __half *, const __half *, const __half *, int, int)"
15927214,15928046,"k_gelu(__half *, unsigned long long)"
15928078,15950959,"k_gemv_fp16(__half *, const __half *, const __half *, const __half *, int, int)"
15950992,15951760,"k_add(__half *, const __half *, unsigned long long)"
15951823,15954704,"k_layernorm(__half *, const __half *, const __half *, const __half *, int, int)"
15954736,15970897,"k_gemv_fp16(__half *, const __half *, const __half *, const __half *, int, int)"
15970929,15971793,"k_kv_append(__half *, __half *, const __half *, int, int)"
15971857,15981618,"k_attn_decode(__half *, const __half *, const __half *, const __half *, int, int)"
15981650,15988978,"k_gemv_fp16(__half *, const __half *, const __half *, const __half *, int, int)"
15989010,15989778,"k_add(__half *, const __half *, unsigned long long)"
15989842,15992658,"k_layernorm(__half *, const __half *, const __half *, const __half *, int, int)"
15992723,16013684,"k_gemv_fp16(__half *, const __half *, const __half *, const __half *, int, int)"
16013716,16014548,"k_gelu(__half *, unsigned long long)"
16014580,16037334,"k_gemv_fp16(__half *, const __half *, const __half *, const __half *, int, int)"
16037366,16038166,"k_add(__half *, const __half *, unsigned long long)"
16038198,16041110,"k_layernorm(__half *, const __half *, const __half *, const __half *, int, int)"
16041142,16057399,"k_gemv_fp16(__half *, const __half *, const __half *, const __half *, int, int)"
16058263,16059127,"k_kv_append(__half *, __half *, const __half *, int, int)"
16059191,16068664,"k_attn_decode(__half *, const __half *, const __half *, const __half *, int, int)"
16068728,16075992,"k_gemv_fp16(__half *, const __half *, const __half *, const __half *, int, int)"
16076024,16076792,"k_add(__half *, const __half *, unsigned long long)"
16076856,16079705,"k_layernorm(__half *, const __half *, const __half *, const __half *, int, int)"
16079768,16100698,"k_gemv_fp16(__half *, const __half *, const __half *, const __half *, int, int)"
16100730,16101562,"k_gelu(__half *, unsigned long long)"
16101594,16124476,"k_gemv_fp16(__half *, const __half *, const __half *, const __half *, int, int)"
16124508,16125276,"k_add(__half *, const __half *, unsigned long long)"
16125340,16128220,"k_layernorm(__half *, const __half *, const __half *, const __half *, int, int)"
16128252,16144509,"k_gemv_fp16(__half *, const __half *, const __half *, const __half *, int, int)"
16144541,16145437,"k_kv_append(__half *, __half *, const __half *, int, int)"
16145469,16155038,"k_attn_decode(__half *, const __half *, const __half *, const __half *, int, int)"
16155070,16162334,"k_gemv_fp16(__half *, const __half *, const __half *, const __half *, int, int)"
16162398,16163167,"k_add(__half *, const __half *, unsigned long long)"
16163198,16166047,"k_layernorm(__half *, const __half *, const __half *, const __half *, int, int)"
16166975,16187904,"k_gemv_fp16(__half *, const __half *, const __half *, const __half *, int, int)"
16187936,16188768,"k_gelu(__half *, unsigned long long)"
16188800,16211682,"k_gemv_fp16(__half *, const __half *, const __half *, const __half *, int, int)"
16211714,16212482,"k_add(__half *, const __half *, unsigned long long)"
16212514,16215394,"k_layernorm(__half *, const __half *, const __half *, const __half *, int, int)"
16215426,16231715,"k_gemv_fp16(__half *, const __half *, const __half *, const __half *, int, int)"
16231747,16232611,"k_kv_append(__half *, __half *, const __half *, int, int)"
16232675,16241956,"k_attn_decode(__half *, const __half *, const __half *, const __half *, int, int)"
16241988,16249380,"k_gemv_fp16(__half *, const __half *, const __half *, const __half *, int, int)"
16249413,16250181,"k_add(__half *, const __half *, unsigned long long)"
16250212,16253093,"k_layernorm(__half *, const __half *, const __half *, const __half *, int, int)"
16253125,16274054,"k_gemv_fp16(__half *, const __half *, const __half *, const __half *, int, int)"
16274086,16274918,"k_gelu(__half *, unsigned long long)"
16274950,16297832,"k_gemv_fp16(__half *, const __half *, const __half *, const __half *, int, int)"
16297864,16298664,"k_add(__half *, const __half *, unsigned long long)"
16298696,16301576,"k_layernorm(__half *, const __half *, const __half *, const __half *, int, int)"
16302280,16318729,"k_gemv_fp16(__half *, const __half *, const __half *, const __half *, int, int)"
16318761,16319625,"k_kv_append(__half *, __half *, const __half *, int, int)"
16319689,16329258,"k_attn_decode(__half *, const __half *, const __half *, const __half *, int, int)"
16329290,16336587,"k_gemv_fp16(__half *, const __half *, const __half *, const __half *, int, int)"
16336619,16337387,"k_add(__half *, const __half *, unsigned long long)"
16337419,16340299,"k_layernorm(__half *, const __half *, const __half *, const __half *, int, int)"
16340331,16361292,"k_gemv_fp16(__half *, const __half *, const __half *, const __half *, int, int)"
16361324,16362156,"k_gelu(__half *, unsigned long long)"
16362188,16385198,"k_gemv_fp16(__half *, const __half *, const __half *, const __half *, int, int)"
16385230,16386030,"k_add(__half *, const __half *, unsigned long long)"
16386062,16389006,"k_layernorm(__half *, const __half *, const __half *, const __half *, int, int)"
16389038,16405168,"k_gemv_fp16(__half *, const __half *, const __half *, const __half *, int, int)"
16405199,16406095,"k_kv_append(__half *, __half *, const __half *, int, int)"
16406128,16415568,"k_attn_decode(__half *, const __half *, const __half *, const __half *, int, int)"
16415600,16422961,"k_gemv_fp16(__half *, const __half *, const __half *, const __half *, int, int)"
16422993,16423761,"k_add(__half *, const __half *, unsigned long long)"
16424497,16427345,"k_layernorm(__half *, const __half *, const __half *, const __half *, int, int)"
16427409,16448371,"k_gemv_fp16(__half *, const __half *, const __half *, const __half *, int, int)"
16448402,16449235,"k_gelu(__half *, unsigned long long)"
16449298,16472084,"k_gemv_fp16(__half *, const __half *, const __half *, const __half *, int, int)"
16472116,16472884,"k_add(__half *, const __half *, unsigned long long)"
16472948,16475796,"k_layernorm(__half *, const __half *, const __half *, const __half *, int, int)"
16475828,16787658,"k_gemv_fp16(__half *, const __half *, const __half *, const __half *, int, int)"
16843790,16844750,"k_embed_one(__half *, const __half *, const __half *, int, int)"
16844782,16847726,"k_layernorm(__half *, const __half *, const __half *, const __half *, int, int)"
16847759,16864015,"k_gemv_fp16(__half *, const __half *, const __half *, const __half *, int, int)"
16864016,16864912,"k_kv_append(__half *, __half *, const __half *, int, int)"
16864944,16874385,"k_attn_decode(__half *, const __half *, const __half *, const __half *, int, int)"
16874416,16881680,"k_gemv_fp16(__half *, const __half *, const __half *, const __half *, int, int)"
16881681,16882481,"k_add(__half *, const __half *, unsigned long long)"
16882513,16885393,"k_layernorm(__half *, const __half *, const __half *, const __half *, int, int)"
16885425,16906419,"k_gemv_fp16(__half *, const __half *, const __half *, const __half *, int, int)"
16906451,16907283,"k_gelu(__half *, unsigned long long)"
16907315,16930132,"k_gemv_fp16(__half *, const __half *, const __half *, const __half *, int, int)"
16930164,16930932,"k_add(__half *, const __half *, unsigned long long)"
16930964,16933845,"k_layernorm(__half *, const __half *, const __half *, const __half *, int, int)"
16933876,16950262,"k_gemv_fp16(__half *, const __half *, const __half *, const __half *, int, int)"
16950294,16951190,"k_kv_append(__half *, __half *, const __half *, int, int)"
16951222,16960726,"k_attn_decode(__half *, const __half *, const __half *, const __half *, int, int)"
16961847,16968567,"k_gemv_fp16(__half *, const __half *, const __half *, const __half *, int, int)"
16968599,16969399,"k_add(__half *, const __half *, unsigned long long)"
16969431,16972311,"k_layernorm(__half *, const __half *, const __half *, const __half *, int, int)"
16972343,16993177,"k_gemv_fp16(__half *, const __half *, const __half *, const __half *, int, int)"
16993209,16994041,"k_gelu(__half *, unsigned long long)"
16994073,17016986,"k_gemv_fp16(__half *, const __half *, const __half *, const __half *, int, int)"
17017019,17017819,"k_add(__half *, const __half *, unsigned long long)"
17017850,17020763,"k_layernorm(__half *, const __half *, const __half *, const __half *, int, int)"
17020795,17037020,"k_gemv_fp16(__half *, const __half *, const __half *, const __half *, int, int)"
17037052,17037948,"k_kv_append(__half *, __half *, const __half *, int, int)"
17037980,17047388,"k_attn_decode(__half *, const __half *, const __half *, const __half *, int, int)"
17047389,17054748,"k_gemv_fp16(__half *, const __half *, const __half *, const __half *, int, int)"
17054749,17055549,"k_add(__half *, const __half *, unsigned long long)"
17055581,17058461,"k_layernorm(__half *, const __half *, const __half *, const __half *, int, int)"
17058525,17079519,"k_gemv_fp16(__half *, const __half *, const __half *, const __half *, int, int)"
17079551,17080383,"k_gelu(__half *, unsigned long long)"
17081151,17104064,"k_gemv_fp16(__half *, const __half *, const __half *, const __half *, int, int)"
17104097,17104865,"k_add(__half *, const __half *, unsigned long long)"
17104929,17107777,"k_layernorm(__half *, const __half *, const __half *, const __half *, int, int)"
17107809,17124130,"k_gemv_fp16(__half *, const __half *, const __half *, const __half *, int, int)"
17124162,17125058,"k_kv_append(__half *, __half *, const __half *, int, int)"
17125090,17134723,"k_attn_decode(__half *, const __half *, const __half *, const __half *, int, int)"
17134787,17142051,"k_gemv_fp16(__half *, const __half *, const __half *, const __half *, int, int)"
17142115,17142883,"k_add(__half *, const __half *, unsigned long long)"
17142915,17145795,"k_layernorm(__half *, const __half *, const __half *, const __half *, int, int)"
17145860,17166821,"k_gemv_fp16(__half *, const __half *, const __half *, const __half *, int, int)"
17166853,17167685,"k_gelu(__half *, unsigned long long)"
17167749,17190567,"k_gemv_fp16(__half *, const __half *, const __half *, const __half *, int, int)"
17190631,17191399,"k_add(__half *, const __half *, unsigned long long)"
17191431,17194407,"k_layernorm(__half *, const __half *, const __half *, const __half *, int, int)"
17194439,17210536,"k_gemv_fp16(__half *, const __half *, const __half *, const __half *, int, int)"
17210568,17211432,"k_kv_append(__half *, __half *, const __half *, int, int)"
17212136,17221673,"k_attn_decode(__half *, const __half *, const __half *, const __half *, int, int)"
17221705,17229065,"k_gemv_fp16(__half *, const __half *, const __half *, const __half *, int, int)"
17229097,17229865,"k_add(__half *, const __half *, unsigned long long)"
17229929,17232809,"k_layernorm(__half *, const __half *, const __half *, const __half *, int, int)"
17232874,17253675,"k_gemv_fp16(__half *, const __half *, const __half *, const __half *, int, int)"
17253707,17254571,"k_gelu(__half *, unsigned long long)"
17254603,17277453,"k_gemv_fp16(__half *, const __half *, const __half *, const __half *, int, int)"
17277485,17278285,"k_add(__half *, const __half *, unsigned long long)"
17278317,17281197,"k_layernorm(__half *, const __half *, const __half *, const __half *, int, int)"
17281229,17297486,"k_gemv_fp16(__half *, const __half *, const __half *, const __half *, int, int)"
17297518,17298414,"k_kv_append(__half *, __half *, const __half *, int, int)"
17298446,17308047,"k_attn_decode(__half *, const __half *, const __half *, const __half *, int, int)"
17308079,17315375,"k_gemv_fp16(__half *, const __half *, const __half *, const __half *, int, int)"
17315407,17316175,"k_add(__half *, const __half *, unsigned long long)"
17316239,17319088,"k_layernorm(__half *, const __half *, const __half *, const __half *, int, int)"
17319152,17340081,"k_gemv_fp16(__half *, const __half *, const __half *, const __half *, int, int)"
17340785,17341617,"k_gelu(__half *, unsigned long long)"
17341649,17364467,"k_gemv_fp16(__half *, const __half *, const __half *, const __half *, int, int)"
17364499,17365267,"k_add(__half *, const __half *, unsigned long long)"
17365299,17368211,"k_layernorm(__half *, const __half *, const __half *, const __half *, int, int)"
17368243,17384436,"k_gemv_fp16(__half *, const __half *, const __half *, const __half *, int, int)"
17384468,17385332,"k_kv_append(__half *, __half *, const __half *, int, int)"
17385396,17394933,"k_attn_decode(__half *, const __half *, const __half *, const __half *, int, int)"
17394965,17402325,"k_gemv_fp16(__half *, const __half *, const __half *, const __half *, int, int)"
17402358,17403158,"k_add(__half *, const __half *, unsigned long long)"
17403189,17406070,"k_layernorm(__half *, const __half *, const __half *, const __half *, int, int)"
17406102,17426999,"k_gemv_fp16(__half *, const __half *, const __half *, const __half *, int, int)"
17427063,17427863,"k_gelu(__half *, unsigned long long)"
17427927,17450649,"k_gemv_fp16(__half *, const __half *, const __half *, const __half *, int, int)"
17450681,17451481,"k_add(__half *, const __half *, unsigned long long)"
17451513,17454425,"k_layernorm(__half *, const __half *, const __half *, const __half *, int, int)"
17454457,17470554,"k_gemv_fp16(__half *, const __half *, const __half *, const __half *, int, int)"
17471226,17472122,"k_kv_append(__half *, __half *, const __half *, int, int)"
17472155,17481755,"k_attn_decode(__half *, const __half *, const __half *, const __half *, int, int)"
17481787,17489084,"k_gemv_fp16(__half *, const __half *, const __half *, const __half *, int, int)"
17489116,17489884,"k_add(__half *, const __half *, unsigned long long)"
17489948,17492796,"k_layernorm(__half *, const __half *, const __half *, const __half *, int, int)"
17492828,17513725,"k_gemv_fp16(__half *, const __half *, const __half *, const __half *, int, int)"
17513757,17514589,"k_gelu(__half *, unsigned long long)"
17514621,17537471,"k_gemv_fp16(__half *, const __half *, const __half *, const __half *, int, int)"
17537503,17538271,"k_add(__half *, const __half *, unsigned long long)"
17538335,17541183,"k_layernorm(__half *, const __half *, const __half *, const __half *, int, int)"
17541247,17557536,"k_gemv_fp16(__half *, const __half *, const __half *, const __half *, int, int)"
17557568,17558465,"k_kv_append(__half *, __half *, const __half *, int, int)"
17558496,17568097,"k_attn_decode(__half *, const __half *, const __half *, const __half *, int, int)"
17568129,17575426,"k_gemv_fp16(__half *, const __half *, const __half *, const __half *, int, int)"
17575458,17576226,"k_add(__half *, const __half *, unsigned long long)"
17576258,17579106,"k_layernorm(__half *, const __half *, const __half *, const __half *, int, int)"
17579842,17600771,"k_gemv_fp16(__half *, const __half *, const __half *, const __half *, int, int)"
17600804,17601635,"k_gelu(__half *, unsigned long long)"
17601668,17624485,"k_gemv_fp16(__half *, const __half *, const __half *, const __half *, int, int)"
17624517,17625285,"k_add(__half *, const __half *, unsigned long long)"
17625317,17628197,"k_layernorm(__half *, const __half *, const __half *, const __half *, int, int)"
17628229,17644519,"k_gemv_fp16(__half *, const __half *, const __half *, const __half *, int, int)"
17644551,17645447,"k_kv_append(__half *, __half *, const __half *, int, int)"
17645479,17654983,"k_attn_decode(__half *, const __half *, const __half *, const __half *, int, int)"
17655015,17662376,"k_gemv_fp16(__half *, const __half *, const __half *, const __half *, int, int)"
17662408,17663176,"k_add(__half *, const __half *, unsigned long long)"
17663208,17666056,"k_layernorm(__half *, const __half *, const __half *, const __half *, int, int)"
17666088,17687018,"k_gemv_fp16(__half *, const __half *, const __half *, const __half *, int, int)"
17687050,17687913,"k_gelu(__half *, unsigned long long)"
17687914,17710699,"k_gemv_fp16(__half *, const __half *, const __half *, const __half *, int, int)"
17710731,17711531,"k_add(__half *, const __half *, unsigned long long)"
17711563,17714443,"k_layernorm(__half *, const __half *, const __half *, const __half *, int, int)"
17715372,17731501,"k_gemv_fp16(__half *, const __half *, const __half *, const __half *, int, int)"
17731533,17732429,"k_kv_append(__half *, __half *, const __half *, int, int)"
17732461,17741997,"k_attn_decode(__half *, const __half *, const __half *, const __half *, int, int)"
17742029,17749390,"k_gemv_fp16(__half *, const __half *, const __half *, const __half *, int, int)"
17749422,17750190,"k_add(__half *, const __half *, unsigned long long)"
17750222,17753102,"k_layernorm(__half *, const __half *, const __half *, const __half *, int, int)"
17753134,17774032,"k_gemv_fp16(__half *, const __half *, const __half *, const __half *, int, int)"
17774064,17774864,"k_gelu(__half *, unsigned long long)"
17774928,17797745,"k_gemv_fp16(__half *, const __half *, const __half *, const __half *, int, int)"
17797777,17798577,"k_add(__half *, const __half *, unsigned long long)"
17798609,17801490,"k_layernorm(__half *, const __half *, const __half *, const __half *, int, int)"
17801553,17817619,"k_gemv_fp16(__half *, const __half *, const __half *, const __half *, int, int)"
17817651,17818515,"k_kv_append(__half *, __half *, const __half *, int, int)"
17818579,17827987,"k_attn_decode(__half *, const __half *, const __half *, const __half *, int, int)"
17828020,17835348,"k_gemv_fp16(__half *, const __half *, const __half *, const __half *, int, int)"
17835380,17836180,"k_add(__half *, const __half *, unsigned long long)"
17836884,17839732,"k_layernorm(__half *, const __half *, const __half *, const __half *, int, int)"
17839796,17860694,"k_gemv_fp16(__half *, const __half *, const __half *, const __half *, int, int)"
17860758,17861590,"k_gelu(__half *, unsigned long long)"
17861622,17884343,"k_gemv_fp16(__half *, const __half *, const __half *, const __half *, int, int)"
17884375,17885144,"k_add(__half *, const __half *, unsigned long long)"
17885208,17888184,"k_layernorm(__half *, const __half *, const __half *, const __half *, int, int)"
17888248,18200013,"k_gemv_fp16(__half *, const __half *, const __half *, const __half *, int, int)"
18315542,18316502,"k_embed_one(__half *, const __half *, const __half *, int, int)"
18316534,18319638,"k_layernorm(__half *, const __half *, const __half *, const __half *, int, int)"
18319702,18336087,"k_gemv_fp16(__half *, const __half *, const __half *, const __half *, int, int)"
18336119,18336983,"k_kv_append(__half *, __half *, const __half *, int, int)"
18337015,18346776,"k_attn_decode(__half *, const __half *, const __half *, const __half *, int, int)"
18346808,18354072,"k_gemv_fp16(__half *, const __half *, const __half *, const __half *, int, int)"
18354104,18354904,"k_add(__half *, const __half *, unsigned long long)"
18354937,18357817,"k_layernorm(__half *, const __half *, const __half *, const __half *, int, int)"
18357849,18378810,"k_gemv_fp16(__half *, const __half *, const __half *, const __half *, int, int)"
18378842,18379674,"k_gelu(__half *, unsigned long long)"
18379706,18402588,"k_gemv_fp16(__half *, const __half *, const __half *, const __half *, int, int)"
18402620,18403419,"k_add(__half *, const __half *, unsigned long long)"
18403420,18406300,"k_layernorm(__half *, const __half *, const __half *, const __half *, int, int)"
18406364,18422589,"k_gemv_fp16(__half *, const __half *, const __half *, const __half *, int, int)"
18422621,18423485,"k_kv_append(__half *, __half *, const __half *, int, int)"
18423549,18432894,"k_attn_decode(__half *, const __half *, const __half *, const __half *, int, int)"
18433598,18440319,"k_gemv_fp16(__half *, const __half *, const __half *, const __half *, int, int)"
18440350,18441150,"k_add(__half *, const __half *, unsigned long long)"
18441183,18444159,"k_layernorm(__half *, const __half *, const __half *, const __half *, int, int)"
18444191,18465088,"k_gemv_fp16(__half *, const __half *, const __half *, const __half *, int, int)"
18465120,18465984,"k_gelu(__half *, unsigned long long)"
18466016,18488898,"k_gemv_fp16(__half *, const __half *, const __half *, const __half *, int, int)"
18488930,18489698,"k_add(__half *, const __half *, unsigned long long)"
18489730,18492610,"k_layernorm(__half *, const __half *, const __half *, const __half *, int, int)"
18492642,18509059,"k_gemv_fp16(__half *, const __half *, const __half *, const __half *, int, int)"
18509091,18509955,"k_kv_append(__half *, __half *, const __half *, int, int)"
18510019,18519427,"k_attn_decode(__half *, const __half *, const __half *, const __half *, int, int)"
18519428,18526756,"k_gemv_fp16(__half *, const __half *, const __half *, const __half *, int, int)"
18526789,18527589,"k_add(__half *, const __half *, unsigned long long)"
18527621,18530500,"k_layernorm(__half *, const __half *, const __half *, const __half *, int, int)"
18530501,18551494,"k_gemv_fp16(__half *, const __half *, const __half *, const __half *, int, int)"
18551526,18552358,"k_gelu(__half *, unsigned long long)"
18553126,18576040,"k_gemv_fp16(__half *, const __half *, const __half *, const __half *, int, int)"
18576072,18576872,"k_add(__half *, const __half *, unsigned long long)"
18576904,18579784,"k_layernorm(__half *, const __half *, const __half *, const __half *, int, int)"
18579816,18595914,"k_gemv_fp16(__half *, const __half *, const __half *, const __half *, int, int)"
18595977,18596841,"k_kv_append(__half *, __half *, const __half *, int, int)"
18596874,18606250,"k_attn_decode(__half *, const __half *, const __half *, const __half *, int, int)"
18606282,18613611,"k_gemv_fp16(__half *, const __half *, const __half *, const __half *, int, int)"
18613643,18614411,"k_add(__half *, const __half *, unsigned long long)"
18614443,18617323,"k_layernorm(__half *, const __half *, const __half *, const __half *, int, int)"
18617387,18638316,"k_gemv_fp16(__half *, const __half *, const __half *, const __half *, int, int)"
18638348,18639181,"k_gelu(__half *, unsigned long long)"
18639212,18662126,"k_gemv_fp16(__half *, const __half *, const __half *, const __half *, int, int)"
18662158,18662958,"k_add(__half *, const __half *, unsigned long long)"
18662990,18665934,"k_layernorm(__half *, const __half *, const __half *, const __half *, int, int)"
18665966,18682095,"k_gemv_fp16(__half *, const __half *, const __half *, const __half *, int, int)"
18682128,18682992,"k_kv_append(__half *, __half *, const __half *, int, int)"
18683696,18693136,"k_attn_decode(__half *, const __half *, const __half *, const __half *, int, int)"
18693168,18700593,"k_gemv_fp16(__half *, const __half *, const __half *, const __half *, int, int)"
18700625,18701393,"k_add(__half *, const __half *, unsigned long long)"
18701425,18704305,"k_layernorm(__half *, const __half *, const __half *, const __half *, int, int)"
18704337,18725202,"k_gemv_fp16(__half *, const __half *, const __half *, const __half *, int, int)"
18725235,18726066,"k_gelu(__half *, unsigned long long)"
18726099,18749012,"k_gemv_fp16(__half *, const __half *, const __half *, const __half *, int, int)"
18749044,18749844,"k_add(__half *, const __half *, unsigned long long)"
18749876,18752725,"k_layernorm(__half *, const __half *, const __half *, const __half *, int, int)"
18752788,18768886,"k_gemv_fp16(__half *, const __half *, const __half *, const __half *, int, int)"
18768918,18769782,"k_kv_append(__half *, __half *, const __half *, int, int)"
18769814,18779254,"k_attn_decode(__half *, const __half *, const __half *, const __half *, int, int)"
18779286,18786583,"k_gemv_fp16(__half *, const __half *, const __half *, const __half *, int, int)"
18786647,18787415,"k_add(__half *, const __half *, unsigned long long)"
18787447,18790295,"k_layernorm(__half *, const __half *, const __half *, const __half *, int, int)"
18790359,18811225,"k_gemv_fp16(__half *, const __half *, const __half *, const __half *, int, int)"
18812153,18812985,"k_gelu(__half *, unsigned long long)"
18813049,18835994,"k_gemv_fp16(__half *, const __half *, const __half *, const __half *, int, int)"
18836026,18836794,"k_add(__half *, const __half *, unsigned long long)"
18836858,18839739,"k_layernorm(__half *, const __half *, const __half *, const __half *, int, int)"
18839770,18855836,"k_gemv_fp16(__half *, const __half *, const __half *, const __half *, int, int)"
18855868,18856732,"k_kv_append(__half *, __half *, const __half *, int, int)"
18856796,18866237,"k_attn_decode(__half *, const __half *, const __half *, const __half *, int, int)"
18866268,18873597,"k_gemv_fp16(__half *, const __half *, const __half *, const __half *, int, int)"
18873661,18874429,"k_add(__half *, const __half *, unsigned long long)"
18874461,18877341,"k_layernorm(__half *, const __half *, const __half *, const __half *, int, int)"
18877373,18898335,"k_gemv_fp16(__half *, const __half *, const __half *, const __half *, int, int)"
18898367,18899199,"k_gelu(__half *, unsigned long long)"
18899231,18921984,"k_gemv_fp16(__half *, const __half *, const __half *, const __half *, int, int)"
18922016,18922784,"k_add(__half *, const __half *, unsigned long long)"
18922816,18925697,"k_layernorm(__half *, const __half *, const __half *, const __half *, int, int)"
18925761,18941858,"k_gemv_fp16(__half *, const __half *, const __half *, const __half *, int, int)"
18942754,18943650,"k_kv_append(__half *, __half *, const __half *, int, int)"
18943682,18953251,"k_attn_decode(__half *, const __half *, const __half *, const __half *, int, int)"
18953282,18960579,"k_gemv_fp16(__half *, const __half *, const __half *, const __half *, int, int)"
18960611,18961411,"k_add(__half *, const __half *, unsigned long long)"
18961443,18964291,"k_layernorm(__half *, const __half *, const __half *, const __half *, int, int)"
18964355,18985285,"k_gemv_fp16(__half *, const __half *, const __half *, const __half *, int, int)"
18985317,18986149,"k_gelu(__half *, unsigned long long)"
18986181,19009030,"k_gemv_fp16(__half *, const __half *, const __half *, const __half *, int, int)"
19009063,19009862,"k_add(__half *, const __half *, unsigned long long)"
19009894,19012903,"k_layernorm(__half *, const __half *, const __half *, const __half *, int, int)"
19012967,19029160,"k_gemv_fp16(__half *, const __half *, const __half *, const __half *, int, int)"
19029192,19030056,"k_kv_append(__half *, __half *, const __half *, int, int)"
19030120,19039497,"k_attn_decode(__half *, const __half *, const __half *, const __half *, int, int)"
19039529,19046857,"k_gemv_fp16(__half *, const __half *, const __half *, const __half *, int, int)"
19046889,19047689,"k_add(__half *, const __half *, unsigned long long)"
19047721,19050537,"k_layernorm(__half *, const __half *, const __half *, const __half *, int, int)"
19051241,19072139,"k_gemv_fp16(__half *, const __half *, const __half *, const __half *, int, int)"
19072171,19073003,"k_gelu(__half *, unsigned long long)"
19073035,19095917,"k_gemv_fp16(__half *, const __half *, const __half *, const __half *, int, int)"
19095949,19096717,"k_add(__half *, const __half *, unsigned long long)"
19096781,19099661,"k_layernorm(__half *, const __half *, const __half *, const __half *, int, int)"
19099725,19115822,"k_gemv_fp16(__half *, const __half *, const __half *, const __half *, int, int)"
19115886,19116750,"k_kv_append(__half *, __half *, const __half *, int, int)"
19116782,19126223,"k_attn_decode(__half *, const __half *, const __half *, const __half *, int, int)"
19126255,19133583,"k_gemv_fp16(__half *, const __half *, const __half *, const __half *, int, int)"
19133647,19134415,"k_add(__half *, const __half *, unsigned long long)"
19134447,19137295,"k_layernorm(__half *, const __half *, const __half *, const __half *, int, int)"
19137327,19158353,"k_gemv_fp16(__half *, const __half *, const __half *, const __half *, int, int)"
19158385,19159217,"k_gelu(__half *, unsigned long long)"
19159249,19182131,"k_gemv_fp16(__half *, const __half *, const __half *, const __half *, int, int)"
19182163,19182931,"k_add(__half *, const __half *, unsigned long long)"
19182963,19185971,"k_layernorm(__half *, const __half *, const __half *, const __half *, int, int)"
19186739,19203380,"k_gemv_fp16(__half *, const __half *, const __half *, const __half *, int, int)"
19203412,19204308,"k_kv_append(__half *, __half *, const __half *, int, int)"
19204340,19213652,"k_attn_decode(__half *, const __half *, const __half *, const __half *, int, int)"
19213653,19221077,"k_gemv_fp16(__half *, const __half *, const __half *, const __half *, int, int)"
19221141,19221909,"k_add(__half *, const __half *, unsigned long long)"
19221941,19224822,"k_layernorm(__half *, const __half *, const __half *, const __half *, int, int)"
19224854,19245751,"k_gemv_fp16(__half *, const __half *, const __half *, const __half *, int, int)"
19245783,19246615,"k_gelu(__half *, unsigned long long)"
19246679,19269529,"k_gemv_fp16(__half *, const __half *, const __half *, const __half *, int, int)"
19269561,19270361,"k_add(__half *, const __half *, unsigned long long)"
19270393,19273305,"k_layernorm(__half *, const __half *, const __half *, const __half *, int, int)"
19273369,19289498,"k_gemv_fp16(__half *, const __half *, const __half *, const __half *, int, int)"
19289530,19290394,"k_kv_append(__half *, __half *, const __half *, int, int)"
19290426,19300187,"k_attn_decode(__half *, const __half *, const __half *, const __half *, int, int)"
19300219,19307579,"k_gemv_fp16(__half *, const __half *, const __half *, const __half *, int, int)"
19307611,19308379,"k_add(__half *, const __half *, unsigned long long)"
19309084,19311964,"k_layernorm(__half *, const __half *, const __half *, const __half *, int, int)"
19311996,19332989,"k_gemv_fp16(__half *, const __half *, const __half *, const __half *, int, int)"
19333021,19333853,"k_gelu(__half *, unsigned long long)"
19333885,19356607,"k_gemv_fp16(__half *, const __half *, const __half *, const __half *, int, int)"
19356639,19357407,"k_add(__half *, const __half *, unsigned long long)"
19357439,19360319,"k_layernorm(__half *, const __half *, const __half *, const __half *, int, int)"
19360351,19672085,"k_gemv_fp16(__half *, const __half *, const __half *, const __half *, int, int)"
19730873,19731833,"k_embed_one(__half *, const __half *, const __half *, int, int)"
19731865,19734745,"k_layernorm(__half *, const __half *, const __half *, const __half *, int, int)"
19734778,19751035,"k_gemv_fp16(__half *, const __half *, const __half *, const __half *, int, int)"
19751067,19752155,"k_kv_append(__half *, __half *, const __half *, int, int)"
19752219,19761563,"k_attn_decode(__half *, const __half *, const __half *, const __half *, int, int)"
19761595,19768860,"k_gemv_fp16(__half *, const __half *, const __half *, const __half *, int, int)"
19768892,19769692,"k_add(__half *, const __half *, unsigned long long)"
19769724,19772604,"k_layernorm(__half *, const __half *, const __half *, const __half *, int, int)"
19772636,19793534,"k_gemv_fp16(__half *, const __half *, const __half *, const __half *, int, int)"
19793566,19794430,"k_gelu(__half *, unsigned long long)"
19794462,19817279,"k_gemv_fp16(__half *, const __half *, const __half *, const __half *, int, int)"
19817311,19818111,"k_add(__half *, const __half *, unsigned long long)"
19818143,19820992,"k_layernorm(__half *, const __half *, const __half *, const __half *, int, int)"
19821055,19837409,"k_gemv_fp16(__half *, const __half *, const __half *, const __half *, int, int)"
19837441,19838337,"k_kv_append(__half *, __half *, const __half *, int, int)"
19838369,19847809,"k_attn_decode(__half *, const __half *, const __half *, const __half *, int, int)"
19848513,19855202,"k_gemv_fp16(__half *, const __half *, const __half *, const __half *, int, int)"
19855234,19856002,"k_add(__half *, const __half *, unsigned long long)"
19856066,19858978,"k_layernorm(__half *, const __half *, const __half *, const __half *, int, int)"
19859010,19879876,"k_gemv_fp16(__half *, const __half *, const __half *, const __half *, int, int)"
19879908,19880740,"k_gelu(__half *, unsigned long long)"
19880772,19903749,"k_gemv_fp16(__half *, const __half *, const __half *, const __half *, int, int)"
19903781,19904581,"k_add(__half *, const __half *, unsigned long long)"
19904613,19907462,"k_layernorm(__half *, const __half *, const __half *, const __half *, int, int)"
19907526,19923719,"k_gemv_fp16(__half *, const __half *, const __half *, const __half *, int, int)"
19923751,19924647,"k_kv_append(__half *, __half *, const __half *, int, int)"
19924679,19934119,"k_attn_decode(__half *, const __half *, const __half *, const __half *, int, int)"
19934151,19941576,"k_gemv_fp16(__half *, const __half *, const __half *, const __half *, int, int)"
19941608,19942408,"k_add(__half *, const __half *, unsigned long long)"
19942440,19945288,"k_layernorm(__half *, const __half *, const __half *, const __half *, int, int)"
19945320,19966346,"k_gemv_fp16(__half *, const __half *, const __half *, const __half *, int, int)"
19966410,19967242,"k_gelu(__half *, unsigned long long)"
19967946,19990860,"k_gemv_fp16(__half *, const __half *, const __half *, const __half *, int, int)"
19990891,19991660,"k_add(__half *, const __half *, unsigned long long)"
19991724,19994636,"k_layernorm(__half *, const __half *, const __half *, const __half *, int, int)"
19994668,20010925,"k_gemv_fp16(__half *, const __half *, const __half *, const __half *, int, int)"
20010957,20011821,"k_kv_append(__half *, __half *, const __half *, int, int)"
20011885,20021262,"k_attn_decode(__half *, const __half *, const __half *, const __half *, int, int)"
20021294,20028590,"k_gemv_fp16(__half *, const __half *, const __half *, const __half *, int, int)"
20028622,20029422,"k_add(__half *, const __half *, unsigned long long)"
20029454,20032302,"k_layernorm(__half *, const __half *, const __half *, const __half *, int, int)"
20032366,20053328,"k_gemv_fp16(__half *, const __half *, const __half *, const __half *, int, int)"
20053360,20054192,"k_gelu(__half *, unsigned long long)"
20054224,20077106,"k_gemv_fp16(__half *, const __half *, const __half *, const __half *, int, int)"
20077137,20077938,"k_add(__half *, const __half *, unsigned long long)"
20077970,20080850,"k_layernorm(__half *, const __half *, const __half *, const __half *, int, int)"
20080882,20097011,"k_gemv_fp16(__half *, const __half *, const __half *, const __half *, int, int)"
20097043,20097939,"k_kv_append(__half *, __half *, const __half *, int, int)"
20098707,20108116,"k_attn_decode(__half *, const __half *, const __half *, const __half *, int, int)"
20108148,20115604,"k_gemv_fp16(__half *, const __half *, const __half *, const __half *, int, int)"
20115636,20116404,"k_add(__half *, const __half *, unsigned long long)"
20116436,20119317,"k_layernorm(__half *, const __half *, const __half *, const __half *, int, int)"
20119349,20140278,"k_gemv_fp16(__half *, const __half *, const __half *, const __half *, int, int)"
20140310,20141142,"k_gelu(__half *, unsigned long long)"
20141174,20164120,"k_gemv_fp16(__half *, const __half *, const __half *, const __half *, int, int)"
20164152,20164952,"k_add(__half *, const __half *, unsigned long long)"
20164984,20167832,"k_layernorm(__half *, const __half *, const __half *, const __half *, int, int)"
20167896,20183961,"k_gemv_fp16(__half *, const __half *, const __half *, const __half *, int, int)"
20184025,20184889,"k_kv_append(__half *, __half *, const __half *, int, int)"
20184921,20194362,"k_attn_decode(__half *, const __half *, const __half *, const __half *, int, int)"
20194394,20201754,"k_gemv_fp16(__half *, const __half *, const __half *, const __half *, int, int)"
20201786,20202586,"k_add(__half *, const __half *, unsigned long long)"
20202618,20205531,"k_layernorm(__half *, const __half *, const __half *, const __half *, int, int)"
20205594,20226492,"k_gemv_fp16(__half *, const __half *, const __half *, const __half *, int, int)"
20227228,20228060,"k_gelu(__half *, unsigned long long)"
20228092,20251038,"k_gemv_fp16(__half *, const __half *, const __half *, const __half *, int, int)"
20251102,20251870,"k_add(__half *, const __half *, unsigned long long)"
20251902,20254942,"k_layernorm(__half *, const __half *, const __half *, const __half *, int, int)"
20254974,20271071,"k_gemv_fp16(__half *, const __half *, const __half *, const __half *, int, int)"
20271103,20271967,"k_kv_append(__half *, __half *, const __half *, int, int)"
20272031,20281504,"k_attn_decode(__half *, const __half *, const __half *, const __half *, int, int)"
20281536,20288896,"k_gemv_fp16(__half *, const __half *, const __half *, const __half *, int, int)"
20288929,20289728,"k_add(__half *, const __half *, unsigned long long)"
20289760,20292609,"k_layernorm(__half *, const __half *, const __half *, const __half *, int, int)"
20292641,20313506,"k_gemv_fp16(__half *, const __half *, const __half *, const __half *, int, int)"
20313570,20314402,"k_gelu(__half *, unsigned long long)"
20314434,20337188,"k_gemv_fp16(__half *, const __half *, const __half *, const __half *, int, int)"
20337220,20338020,"k_add(__half *, const __half *, unsigned long long)"
20338052,20340932,"k_layernorm(__half *, const __half *, const __half *, const __half *, int, int)"
20340964,20357093,"k_gemv_fp16(__half *, const __half *, const __half *, const __half *, int, int)"
20357797,20358661,"k_kv_append(__half *, __half *, const __half *, int, int)"
20358725,20368198,"k_attn_decode(__half *, const __half *, const __half *, const __half *, int, int)"
20368262,20375526,"k_gemv_fp16(__half *, const __half *, const __half *, const __half *, int, int)"
20375559,20376326,"k_add(__half *, const __half *, unsigned long long)"
20376359,20379207,"k_layernorm(__half *, const __half *, const __half *, const __half *, int, int)"
20379271,20400136,"k_gemv_fp16(__half *, const __half *, const __half *, const __half *, int, int)"
20400200,20401000,"k_gelu(__half *, unsigned long long)"
20401064,20423978,"k_gemv_fp16(__half *, const __half *, const __half *, const __half *, int, int)"
20424042,20424810,"k_add(__half *, const __half *, unsigned long long)"
20424842,20427722,"k_layernorm(__half *, const __half *, const __half *, const __half *, int, int)"
20427754,20443883,"k_gemv_fp16(__half *, const __half *, const __half *, const __half *, int, int)"
20443915,20444811,"k_kv_append(__half *, __half *, const __half *, int, int)"
20444843,20454635,"k_attn_decode(__half *, const __half *, const __half *, const __half *, int, int)"
20454636,20461965,"k_gemv_fp16(__half *, const __half *, const __half *, const __half *, int, int)"
20461997,20462797,"k_add(__half *, const __half *, unsigned long long)"
20462829,20465677,"k_layernorm(__half *, const __half *, const __half *, const __half *, int, int)"
20466381,20487374,"k_gemv_fp16(__half *, const __half *, const __half *, const __half *, int, int)"
20487406,20488239,"k_gelu(__half *, unsigned long long)"
20488270,20511024,"k_gemv_fp16(__half *, const __half *, const __half *, const __half *, int, int)"
20511056,20511856,"k_add(__half *, const __half *, unsigned long long)"
20511888,20514800,"k_layernorm(__half *, const __half *, const __half *, const __half *, int, int)"
20514832,20530929,"k_gemv_fp16(__half *, const __half *, const __half *, const __half *, int, int)"
20530961,20531858,"k_kv_append(__half *, __half *, const __half *, int, int)"
20531890,20541330,"k_attn_decode(__half *, const __half *, const __half *, const __half *, int, int)"
20541362,20548723,"k_gemv_fp16(__half *, const __half *, const __half *, const __half *, int, int)"
20548755,20549523,"k_add(__half *, const __half *, unsigned long long)"
20549555,20552499,"k_layernorm(__half *, const __half *, const __half *, const __half *, int, int)"
20552563,20573492,"k_gemv_fp16(__half *, const __half *, const __half *, const __half *, int, int)"
20573524,20574357,"k_gelu(__half *, unsigned long long)"
20574389,20597270,"k_gemv_fp16(__half *, const __half *, const __half *, const __half *, int, int)"
20597302,20598102,"k_add(__half *, const __half *, unsigned long long)"
20598134,20600982,"k_layernorm(__half *, const __half *, const __half *, const __half *, int, int)"
20601782,20617879,"k_gemv_fp16(__half *, const __half *, const __half *, const __half *, int, int)"
20617944,20618808,"k_kv_append(__half *, __half *, const __half *, int, int)"
20618840,20628216,"k_attn_decode(__half *, const __half *, const __half *, const __half *, int, int)"
20628248,20635577,"k_gemv_fp16(__half *, const __half *, const __half *, const __half *, int, int)"
20635609,20636408,"k_add(__half *, const __half *, unsigned long long)"
20636409,20639289,"k_layernorm(__half *, const __half *, const __half *, const __half *, int, int)"
20639353,20660218,"k_gemv_fp16(__half *, const __half *, const __half *, const __half *, int, int)"
20660251,20661082,"k_gelu(__half *, unsigned long long)"
20661115,20683996,"k_gemv_fp16(__half *, const __half *, const __half *, const __half *, int, int)"
20684060,20684828,"k_add(__half *, const __half *, unsigned long long)"
20684860,20687709,"k_layernorm(__half *, const __half *, const __half *, const __half *, int, int)"
20687772,20703902,"k_gemv_fp16(__half *, const __half *, const __half *, const __half *, int, int)"
20703933,20704798,"k_kv_append(__half *, __half *, const __half *, int, int)"
20704862,20714558,"k_attn_decode(__half *, const __half *, const __half *, const __half *, int, int)"
20714590,20721919,"k_gemv_fp16(__half *, const __half *, const __half *, const __half *, int, int)"
20721983,20722751,"k_add(__half *, const __half *, unsigned long long)"
20723455,20726335,"k_layernorm(__half *, const __half *, const __half *, const __half *, int, int)"
20726367,20747233,"k_gemv_fp16(__half *, const __half *, const __half *, const __half *, int, int)"
20747297,20748129,"k_gelu(__half *, unsigned long long)"
20748161,20770914,"k_gemv_fp16(__half *, const __half *, const __half *, const __half *, int, int)"
20770946,20771714,"k_add(__half *, const __half *, unsigned long long)"
20771778,20774659,"k_layernorm(__half *, const __half *, const __half *, const __half *, int, int)"
20774690,21086328,"k_gemv_fp16(__half *, const __half *, const __half *, const __half *, int, int)"
21143549,21144477,"k_embed_one(__half *, const __half *, const __half *, int, int)"
21144509,21147389,"k_layernorm(__half *, const __half *, const __half *, const __half *, int, int)"
21147453,21163870,"k_gemv_fp16(__half *, const __half *, const __half *, const __half *, int, int)"
21163902,21164766,"k_kv_append(__half *, __half *, const __half *, int, int)"
21164798,21174303,"k_attn_decode(__half *, const __half *, const __half *, const __half *, int, int)"
21174335,21181599,"k_gemv_fp16(__half *, const __half *, const __half *, const __half *, int, int)"
21181631,21182431,"k_add(__half *, const __half *, unsigned long long)"
21182463,21185343,"k_layernorm(__half *, const __half *, const __half *, const __half *, int, int)"
21185376,21206273,"k_gemv_fp16(__half *, const __half *, const __half *, const __half *, int, int)"
21206305,21207137,"k_gelu(__half *, unsigned long long)"
21207169,21230019,"k_gemv_fp16(__half *, const __half *, const __half *, const __half *, int, int)"
21230051,21230851,"k_add(__half *, const __half *, unsigned long long)"
21230883,21233763,"k_layernorm(__half *, const __half *, const __half *, const __half *, int, int)"
21233795,21249892,"k_gemv_fp16(__half *, const __half *, const __half *, const __half *, int, int)"
21249924,21250820,"k_kv_append(__half *, __half *, const __half *, int, int)"
21250852,21260261,"k_attn_decode(__half *, const __half *, const __half *, const __half *, int, int)"
21261221,21268005,"k_gemv_fp16(__half *, const __half *, const __half *, const __half *, int, int)"
21268037,21268837,"k_add(__half *, const __half *, unsigned long long)"
21268869,21271813,"k_layernorm(__half *, const __half *, const __half *, const __half *, int, int)"
21271846,21292711,"k_gemv_fp16(__half *, const __half *, const __half *, const __half *, int, int)"
21292743,21293575,"k_gelu(__half *, unsigned long long)"
21293607,21316457,"k_gemv_fp16(__half *, const __half *, const __half *, const __half *, int, int)"
21316521,21317289,"k_add(__half *, const __half *, unsigned long long)"
21317321,21320425,"k_layernorm(__half *, const __half *, const __half *, const __half *, int, int)"
21320457,21336746,"k_gemv_fp16(__half *, const __half *, const __half *, const __half *, int, int)"
21336778,21337642,"k_kv_append(__half *, __half *, const __half *, int, int)"
21337706,21347211,"k_attn_decode(__half *, const __half *, const __half *, const __half *, int, int)"
21347275,21354571,"k_gemv_fp16(__half *, const __half *, const __half *, const __half *, int, int)"
21354603,21355403,"k_add(__half *, const __half *, unsigned long long)"
21355435,21358284,"k_layernorm(__half *, const __half *, const __half *, const __half *, int, int)"
21358316,21379405,"k_gemv_fp16(__half *, const __half *, const __half *, const __half *, int, int)"
21379437,21380269,"k_gelu(__half *, unsigned long long)"
21381133,21404047,"k_gemv_fp16(__half *, const __half *, const __half *, const __half *, int, int)"
21404079,21404879,"k_add(__half *, const __half *, unsigned long long)"
21404911,21407759,"k_layernorm(__half *, const __half *, const __half *, const __half *, int, int)"
21407823,21423920,"k_gemv_fp16(__half *, const __half *, const __half *, const __half *, int, int)"
21423984,21424848,"k_kv_append(__half *, __half *, const __half *, int, int)"
21424880,21434353,"k_attn_decode(__half *, const __half *, const __half *, const __half *, int, int)"
21434385,21441681,"k_gemv_fp16(__half *, const __half *, const __half *, const __half *, int, int)"
21441714,21442513,"k_add(__half *, const __half *, unsigned long long)"
21442546,21445522,"k_layernorm(__half *, const __half *, const __half *, const __half *, int, int)"
21445554,21466547,"k_gemv_fp16(__half *, const __half *, const __half *, const __half *, int, int)"
21466579,21467411,"k_gelu(__half *, unsigned long long)"
21467443,21490389,"k_gemv_fp16(__half *, const __half *, const __half *, const __half *, int, int)"
21490421,21491189,"k_add(__half *, const __half *, unsigned long long)"
21491253,21494101,"k_layernorm(__half *, const __half *, const __half *, const __half *, int, int)"
21494165,21510102,"k_gemv_fp16(__half *, const __half *, const __half *, const __half *, int, int)"
21510134,21510998,"k_kv_append(__half *, __half *, const __half *, int, int)"
21511767,21521207,"k_attn_decode(__half *, const __half *, const __half *, const __half *, int, int)"
21521239,21528632,"k_gemv_fp16(__half *, const __half *, const __half *, const __half *, int, int)"
21528663,21529464,"k_add(__half *, const __half *, unsigned long long)"
21529496,21532344,"k_layernorm(__half *, const __half *, const __half *, const __half *, int, int)"
21532408,21553305,"k_gemv_fp16(__half *, const __half *, const __half *, const __half *, int, int)"
21553337,21554169,"k_gelu(__half *, unsigned long long)"
21554233,21577083,"k_gemv_fp16(__half *, const __half *, const __half *, const __half *, int, int)"
21577115,21577883,"k_add(__half *, const __half *, unsigned long long)"
21577915,21580795,"k_layernorm(__half *, const __half *, const __half *, const __half *, int, int)"
21580827,21596828,"k_gemv_fp16(__half *, const __half *, const __half *, const __half *, int, int)"
21596861,21597725,"k_kv_append(__half *, __half *, const __half *, int, int)"
21597756,21607228,"k_attn_decode(__half *, const __half *, const __half *, const __half *, int, int)"
21607229,21614526,"k_gemv_fp16(__half *, const __half *, const __half *, const __half *, int, int)"
21614558,21615326,"k_add(__half *, const __half *, unsigned long long)"
21615390,21618270,"k_layernorm(__half *, const __half *, const __half *, const __half *, int, int)"
21618302,21639231,"k_gemv_fp16(__half *, const __half *, const __half *, const __half *, int, int)"
21640095,21640928,"k_gelu(__half *, unsigned long long)"
21640991,21663841,"k_gemv_fp16(__half *, const __half *, const __half *, const __half *, int, int)"
21663873,21664641,"k_add(__half *, const __half *, unsigned long long)"
21664705,21667585,"k_layernorm(__half *, const __half *, const __half *, const __half *, int, int)"
21667617,21683619,"k_gemv_fp16(__half *, const __half *, const __half *, const __half *, int, int)"
21683650,21684547,"k_kv_append(__half *, __half *, const __half *, int, int)"
21684579,21694307,"k_attn_decode(__half *, const __half *, const __half *, const __half *, int, int)"
21694339,21701668,"k_gemv_fp16(__half *, const __half *, const __half *, const __half *, int, int)"
21701700,21702500,"k_add(__half *, const __half *, unsigned long long)"
21702532,21705348,"k_layernorm(__half *, const __half *, const __half *, const __half *, int, int)"
21705412,21726470,"k_gemv_fp16(__half *, const __half *, const __half *, const __half *, int, int)"
21726501,21727334,"k_gelu(__half *, unsigned long long)"
21727365,21750183,"k_gemv_fp16(__half *, const __half *, const __half *, const __half *, int, int)"
21750215,21751015,"k_add(__half *, const __half *, unsigned long long)"
21751047,21753895,"k_layernorm(__half *, const __half *, const __half *, const __half *, int, int)"
21753959,21770056,"k_gemv_fp16(__half *, const __half *, const __half *, const __half *, int, int)"
21770729,21771593,"k_kv_append(__half *, __half *, const __half *, int, int)"
21771657,21781097,"k_attn_decode(__half *, const __half *, const __half *, const __half *, int, int)"
21781129,21788490,"k_gemv_fp16(__half *, const __half *, const __half *, const __half *, int, int)"
21788522,21789290,"k_add(__half *, const __half *, unsigned long long)"
21789322,21792362,"k_layernorm(__half *, const __half *, const __half *, const __half *, int, int)"
21792426,21813259,"k_gemv_fp16(__half *, const __half *, const __half *, const __half *, int, int)"
21813324,21814124,"k_gelu(__half *, unsigned long long)"
21814188,21837197,"k_gemv_fp16(__half *, const __half *, const __half *, const __half *, int, int)"
21837261,21838029,"k_add(__half *, const __half *, unsigned long long)"
21838061,21841069,"k_layernorm(__half *, const __half *, const __half *, const __half *, int, int)"
21841102,21857103,"k_gemv_fp16(__half *, const __half *, const __half *, const __half *, int, int)"
21857135,21858031,"k_kv_append(__half *, __half *, const __half *, int, int)"
21858063,21867663,"k_attn_decode(__half *, const __half *, const __half *, const __half *, int, int)"
21867695,21874960,"k_gemv_fp16(__half *, const __half *, const __half *, const __half *, int, int)"
21874992,21875792,"k_add(__half *, const __half *, unsigned long long)"
21875824,21878672,"k_layernorm(__half *, const __half *, const __half *, const __half *, int, int)"
21879568,21900498,"k_gemv_fp16(__half *, const __half *, const __half *, const __half *, int, int)"
21900530,21901362,"k_gelu(__half *, unsigned long long)"
21901426,21924212,"k_gemv_fp16(__half *, const __half *, const __half *, const __half *, int, int)"
21924243,21925043,"k_add(__half *, const __half *, unsigned long long)"
21925076,21927956,"k_layernorm(__half *, const __half *, const __half *, const __half *, int, int)"
21927988,21944085,"k_gemv_fp16(__half *, const __half *, const __half *, const __half *, int, int)"
21944117,21945013,"k_kv_append(__half *, __half *, const __half *, int, int)"
21945045,21954389,"k_attn_decode(__half *, const __half *, const __half *, const __half *, int, int)"
21954390,21961814,"k_gemv_fp16(__half *, const __half *, const __half *, const __half *, int, int)"
21961846,21962614,"k_add(__half *, const __half *, unsigned long long)"
21962678,21965494,"k_layernorm(__half *, const __half *, const __half *, const __half *, int, int)"
21965558,21986456,"k_gemv_fp16(__half *, const __half *, const __half *, const __half *, int, int)"
21986488,21987320,"k_gelu(__half *, unsigned long long)"
21987352,22010201,"k_gemv_fp16(__half *, const __half *, const __half *, const __half *, int, int)"
22010233,22011034,"k_add(__half *, const __half *, unsigned long long)"
22011066,22013914,"k_layernorm(__half *, const __half *, const __half *, const __half *, int, int)"
22014618,22030843,"k_gemv_fp16(__half *, const __half *, const __half *, const __half *, int, int)"
22030875,22031771,"k_kv_append(__half *, __half *, const __half *, int, int)"
22031803,22041340,"k_attn_decode(__half *, const __half *, const __half *, const __half *, int, int)"
22041372,22048700,"k_gemv_fp16(__half *, const __half *, const __half *, const __half *, int, int)"
22048732,22049500,"k_add(__half *, const __half *, unsigned long long)"
22049564,22052444,"k_layernorm(__half *, const __half *, const __half *, const __half *, int, int)"
22052476,22073501,"k_gemv_fp16(__half *, const __half *, const __half *, const __half *, int, int)"
22073502,22074334,"k_gelu(__half *, unsigned long long)"
22074398,22097216,"k_gemv_fp16(__half *, const __half *, const __half *, const __half *, int, int)"
22097280,22098048,"k_add(__half *, const __half *, unsigned long long)"
22098112,22101056,"k_layernorm(__half *, const __half *, const __half *, const __half *, int, int)"
22101088,22117281,"k_gemv_fp16(__half *, const __half *, const __half *, const __half *, int, int)"
22117345,22118209,"k_kv_append(__half *, __half *, const __half *, int, int)"
22118241,22127650,"k_attn_decode(__half *, const __half *, const __half *, const __half *, int, int)"
22127682,22135010,"k_gemv_fp16(__half *, const __half *, const __half *, const __half *, int, int)"
22135042,22135842,"k_add(__half *, const __half *, unsigned long long)"
22136546,22139394,"k_layernorm(__half *, const __half *, const __half *, const __half *, int, int)"
22139459,22160324,"k_gemv_fp16(__half *, const __half *, const __half *, const __half *, int, int)"
22160356,22161188,"k_gelu(__half *, unsigned long long)"
22161220,22183974,"k_gemv_fp16(__half *, const __half *, const __half *, const __half *, int, int)"
22184006,22184806,"k_add(__half *, const __half *, unsigned long long)"
22184838,22187750,"k_layernorm(__half *, const __half *, const __half *, const __half *, int, int)"
22187782,22499420,"k_gemv_fp16(__half *, const __half *, const __half *, const __half *, int, int)"
22557664,22558624,"k_embed_one(__half *, const __half *, const __half *, int, int)"
22558656,22561536,"k_layernorm(__half *, const __half *, const __half *, const __half *, int, int)"
22561600,22577857,"k_gemv_fp16(__half *, const __half *, const __half *, const __half *, int, int)"
22577889,22578785,"k_kv_append(__half *, __half *, const __half *, int, int)"
22578817,22588386,"k_attn_decode(__half *, const __half *, const __half *, const __half *, int, int)"
22588418,22595778,"k_gemv_fp16(__half *, const __half *, const __half *, const __half *, int, int)"
22595779,22596579,"k_add(__half *, const __half *, unsigned long long)"
22596611,22599491,"k_layernorm(__half *, const __half *, const __half *, const __half *, int, int)"
22599523,22620548,"k_gemv_fp16(__half *, const __half *, const __half *, const __half *, int, int)"
22620580,22621412,"k_gelu(__half *, unsigned long long)"
22621476,22644326,"k_gemv_fp16(__half *, const __half *, const __half *, const __half *, int, int)"
22644358,22645158,"k_add(__half *, const __half *, unsigned long long)"
22645190,22648070,"k_layernorm(__half *, const __half *, const __half *, const __half *, int, int)"
22648102,22664263,"k_gemv_fp16(__half *, const __half *, const __half *, const __half *, int, int)"
22664295,22665191,"k_kv_append(__half *, __half *, const __half *, int, int)"
22665224,22674568,"k_attn_decode(__half *, const __half *, const __half *, const __half *, int, int)"
22675240,22681960,"k_gemv_fp16(__half *, const __half *, const __half *, const __half *, int, int)"
22681961,22682761,"k_add(__half *, const __half *, unsigned long long)"
22682793,22685705,"k_layernorm(__half *, const __half *, const __half *, const __half *, int, int)"
22685737,22706634,"k_gemv_fp16(__half *, const __half *, const __half *, const __half *, int, int)"
22706666,22707499,"k_gelu(__half *, unsigned long long)"
22707530,22730539,"k_gemv_fp16(__half *, const __half *, const __half *, const __half *, int, int)"
22730540,22731340,"k_add(__half *, const __half *, unsigned long long)"
22731372,22734252,"k_layernorm(__half *, const __half *, const __half *, const __half *, int, int)"
22734284,22750510,"k_gemv_fp16(__half *, const __half *, const __half *, const __half *, int, int)"
22750541,22751437,"k_kv_append(__half *, __half *, const __half *, int, int)"
22751470,22761134,"k_attn_decode(__half *, const __half *, const __half *, const __half *, int, int)"
22761166,22768494,"k_gemv_fp16(__half *, const __half *, const __half *, const __half *, int, int)"
22768495,22769295,"k_add(__half *, const __half *, unsigned long long)"
22769327,22772207,"k_layernorm(__half *, const __half *, const __half *, const __half *, int, int)"
22772239,22793201,"k_gemv_fp16(__half *, const __half *, const __half *, const __half *, int, int)"
22793232,22794065,"k_gelu(__half *, unsigned long long)"
22794993,22817906,"k_gemv_fp16(__half *, const __half *, const __half *, const __half *, int, int)"
22817938,22818738,"k_add(__half *, const __half *, unsigned long long)"
22818770,22821619,"k_layernorm(__half *, const __half *, const __half *, const __half *, int, int)"
22821682,22837780,"k_gemv_fp16(__half *, const __half *, const __half *, const __half *, int, int)"
22837812,22838676,"k_kv_append(__half *, __half *, const __half *, int, int)"
22838740,22848308,"k_attn_decode(__half *, const __half *, const __half *, const __half *, int, int)"
22848340,22855669,"k_gemv_fp16(__half *, const __half *, const __half *, const __half *, int, int)"
22855701,22856469,"k_add(__half *, const __half *, unsigned long long)"
22856533,22859381,"k_layernorm(__half *, const __half *, const __half *, const __half *, int, int)"
22859445,22880471,"k_gemv_fp16(__half *, const __half *, const __half *, const __half *, int, int)"
22880535,22881335,"k_gelu(__half *, unsigned long long)"
22881399,22904344,"k_gemv_fp16(__half *, const __half *, const __half *, const __half *, int, int)"
22904376,22905176,"k_add(__half *, const __half *, unsigned long long)"
22905208,22908089,"k_layernorm(__half *, const __half *, const __half *, const __half *, int, int)"
22908121,22924250,"k_gemv_fp16(__half *, const __half *, const __half *, const __half *, int, int)"
22924282,22925178,"k_kv_append(__half *, __half *, const __half *, int, int)"
22926106,22935483,"k_attn_decode(__half *, const __half *, const __half *, const __half *, int, int)"
22935514,22942843,"k_gemv_fp16(__half *, const __half *, const __half *, const __half *, int, int)"
22942875,22943675,"k_add(__half *, const __half *, unsigned long long)"
22943707,22946619,"k_layernorm(__half *, const __half *, const __half *, const __half *, int, int)"
22946651,22967485,"k_gemv_fp16(__half *, const __half *, const __half *, const __half *, int, int)"
22967517,22968349,"k_gelu(__half *, unsigned long long)"
22968381,22991390,"k_gemv_fp16(__half *, const __half *, const __half *, const __half *, int, int)"
22991422,22992190,"k_add(__half *, const __half *, unsigned long long)"
22992222,22995103,"k_layernorm(__half *, const __half *, const __half *, const __half *, int, int)"
22995167,23011296,"k_gemv_fp16(__half *, const __half *, const __half *, const __half *, int, int)"
23011328,23012224,"k_kv_append(__half *, __half *, const __half *, int, int)"
23012256,23021697,"k_attn_decode(__half *, const __half *, const __half *, const __half *, int, int)"
23021729,23029121,"k_gemv_fp16(__half *, const __half *, const __half *, const __half *, int, int)"
23029185,23029953,"k_add(__half *, const __half *, unsigned long long)"
23029985,23032833,"k_layernorm(__half *, const __half *, const __half *, const __half *, int, int)"
23032897,23053859,"k_gemv_fp16(__half *, const __half *, const __half *, const __half *, int, int)"
23054755,23055587,"k_gelu(__half *, unsigned long long)"
23055619,23078629,"k_gemv_fp16(__half *, const __half *, const __half *, const __half *, int, int)"
23078661,23079429,"k_add(__half *, const __half *, unsigned long long)"
23079493,23082373,"k_layernorm(__half *, const __half *, const __half *, const __half *, int, int)"
23082405,23098534,"k_gemv_fp16(__half *, const __half *, const __half *, const __half *, int, int)"
23098566,23099462,"k_kv_append(__half *, __half *, const __half *, int, int)"
23099494,23108967,"k_attn_decode(__half *, const __half *, const __half *, const __half *, int, int)"
23108999,23116359,"k_gemv_fp16(__half *, const __half *, const __half *, const __half *, int, int)"
23116391,23117159,"k_add(__half *, const __half *, unsigned long long)"
23117191,23120039,"k_layernorm(__half *, const __half *, const __half *, const __half *, int, int)"
23120104,23141001,"k_gemv_fp16(__half *, const __half *, const __half *, const __half *, int, int)"
23141065,23141897,"k_gelu(__half *, unsigned long long)"
23141929,23164746,"k_gemv_fp16(__half *, const __half *, const __half *, const __half *, int, int)"
23164811,23165579,"k_add(__half *, const __half *, unsigned long long)"
23165643,23168491,"k_layernorm(__half *, const __half *, const __half *, const __half *, int, int)"
23168523,23184620,"k_gemv_fp16(__half *, const __half *, const __half *, const __half *, int, int)"
23185292,23186188,"k_kv_append(__half *, __half *, const __half *, int, int)"
23186220,23195693,"k_attn_decode(__half *, const __half *, const __half *, const __half *, int, int)"
23195725,23202989,"k_gemv_fp16(__half *, const __half *, const __half *, const __half *, int, int)"
23203021,23203789,"k_add(__half *, const __half *, unsigned long long)"
23203821,23206702,"k_layernorm(__half *, const __half *, const __half *, const __half *, int, int)"
23206733,23227695,"k_gemv_fp16(__half *, const __half *, const __half *, const __half *, int, int)"
23227759,23228559,"k_gelu(__half *, unsigned long long)"
23228623,23251537,"k_gemv_fp16(__half *, const __half *, const __half *, const __half *, int, int)"
23251569,23252337,"k_add(__half *, const __half *, unsigned long long)"
23252401,23255281,"k_layernorm(__half *, const __half *, const __half *, const __half *, int, int)"
23255345,23271666,"k_gemv_fp16(__half *, const __half *, const __half *, const __half *, int, int)"
23271698,23272594,"k_kv_append(__half *, __half *, const __half *, int, int)"
23272626,23282067,"k_attn_decode(__half *, const __half *, const __half *, const __half *, int, int)"
23282099,23289363,"k_gemv_fp16(__half *, const __half *, const __half *, const __half *, int, int)"
23289395,23290195,"k_add(__half *, const __half *, unsigned long long)"
23290228,23293076,"k_layernorm(__half *, const __half *, const __half *, const __half *, int, int)"
23293780,23314709,"k_gemv_fp16(__half *, const __half *, const __half *, const __half *, int, int)"
23314741,23315573,"k_gelu(__half *, unsigned long long)"
23315605,23338359,"k_gemv_fp16(__half *, const __half *, const __half *, const __half *, int, int)"
23338391,23339191,"k_add(__half *, const __half *, unsigned long long)"
23339223,23342103,"k_layernorm(__half *, const __half *, const __half *, const __half *, int, int)"
23342135,23358296,"k_gemv_fp16(__half *, const __half *, const __half *, const __half *, int, int)"
23358328,23359192,"k_kv_append(__half *, __half *, const __half *, int, int)"
23359256,23368536,"k_attn_decode(__half *, const __half *, const __half *, const __half *, int, int)"
23368537,23375897,"k_gemv_fp16(__half *, const __half *, const __half *, const __half *, int, int)"
23375961,23376730,"k_add(__half *, const __half *, unsigned long long)"
23376761,23379674,"k_layernorm(__half *, const __half *, const __half *, const __half *, int, int)"
23379706,23400571,"k_gemv_fp16(__half *, const __half *, const __half *, const __half *, int, int)"
23400603,23401435,"k_gelu(__half *, unsigned long long)"
23401467,23424317,"k_gemv_fp16(__half *, const __half *, const __half *, const __half *, int, int)"
23424349,23425149,"k_add(__half *, const __half *, unsigned long long)"
23425181,23428125,"k_layernorm(__half *, const __half *, const __half *, const __half *, int, int)"
23428893,23445054,"k_gemv_fp16(__half *, const __half *, const __half *, const __half *, int, int)"
23445086,23445982,"k_kv_append(__half *, __half *, const __half *, int, int)"
23446014,23455391,"k_attn_decode(__half *, const __half *, const __half *, const __half *, int, int)"
23455423,23462752,"k_gemv_fp16(__half *, const __half *, const __half *, const __half *, int, int)"
23462784,23463552,"k_add(__half *, const __half *, unsigned long long)"
23463584,23466464,"k_layernorm(__half *, const __half *, const __half *, const __half *, int, int)"
23466496,23487393,"k_gemv_fp16(__half *, const __half *, const __half *, const __half *, int, int)"
23487425,23488257,"k_gelu(__half *, unsigned long long)"
23488321,23511235,"k_gemv_fp16(__half *, const __half *, const __half *, const __half *, int, int)"
23511267,23512067,"k_add(__half *, const __half *, unsigned long long)"
23512099,23514947,"k_layernorm(__half *, const __half *, const __half *, const __half *, int, int)"
23515011,23531140,"k_gemv_fp16(__half *, const __half *, const __half *, const __half *, int, int)"
23531172,23532068,"k_kv_append(__half *, __half *, const __half *, int, int)"
23532100,23541445,"k_attn_decode(__half *, const __half *, const __half *, const __half *, int, int)"
23541477,23548773,"k_gemv_fp16(__half *, const __half *, const __half *, const __half *, int, int)"
23548806,23549606,"k_add(__half *, const __half *, unsigned long long)"
23550310,23553158,"k_layernorm(__half *, const __half *, const __half *, const __half *, int, int)"
23553222,23574119,"k_gemv_fp16(__half *, const __half *, const __half *, const __half *, int, int)"
23574151,23574984,"k_gelu(__half *, unsigned long long)"
23575015,23597833,"k_gemv_fp16(__half *, const __half *, const __half *, const __half *, int, int)"
23597865,23598665,"k_add(__half *, const __half *, unsigned long long)"
23598697,23601577,"k_layernorm(__half *, const __half *, const __half *, const __half *, int, int)"
23601609,23913599,"k_gemv_fp16(__half *, const __half *, const __half *, const __half *, int, int)"
24012390,24013350,"k_embed_one(__half *, const __half *, const __half *, int, int)"
24013382,24016262,"k_layernorm(__half *, const __half *, const __half *, const __half *, int, int)"
24016295,24032679,"k_gemv_fp16(__half *, const __half *, const __half *, const __half *, int, int)"
24032712,24033608,"k_kv_append(__half *, __half *, const __half *, int, int)"
24033640,24043208,"k_attn_decode(__half *, const __half *, const __half *, const __half *, int, int)"
24043240,24050505,"k_gemv_fp16(__half *, const __half *, const __half *, const __half *, int, int)"
24050537,24051337,"k_add(__half *, const __half *, unsigned long long)"
24051369,24054249,"k_layernorm(__half *, const __half *, const __half *, const __half *, int, int)"
24054281,24075211,"k_gemv_fp16(__half *, const __half *, const __half *, const __half *, int, int)"
24075243,24076075,"k_gelu(__half *, unsigned long long)"
24076107,24099052,"k_gemv_fp16(__half *, const __half *, const __half *, const __half *, int, int)"
24099084,24099883,"k_add(__half *, const __half *, unsigned long long)"
24099884,24102765,"k_layernorm(__half *, const __half *, const __half *, const __half *, int, int)"
24102797,24118990,"k_gemv_fp16(__half *, const __half *, const __half *, const __half *, int, int)"
24119054,24119918,"k_kv_append(__half *, __half *, const __half *, int, int)"
24119950,24129295,"k_attn_decode(__half *, const __half *, const __half *, const __half *, int, int)"
24129999,24136687,"k_gemv_fp16(__half *, const __half *, const __half *, const __half *, int, int)"
24136719,24137519,"k_add(__half *, const __half *, unsigned long long)"
24137551,24140463,"k_layernorm(__half *, const __half *, const __half *, const __half *, int, int)"
24140527,24161361,"k_gemv_fp16(__half *, const __half *, const __half *, const __half *, int, int)"
24161393,24162225,"k_gelu(__half *, unsigned long long)"
24162289,24185202,"k_gemv_fp16(__half *, const __half *, const __half *, const __half *, int, int)"
24185234,24186034,"k_add(__half *, const __half *, unsigned long long)"
24186066,24188947,"k_layernorm(__half *, const __half *, const __half *, const __half *, int, int)"
24188979,24205300,"k_gemv_fp16(__half *, const __half *, const __half *, const __half *, int, int)"
24205364,24206228,"k_kv_append(__half *, __half *, const __half *, int, int)"
24206292,24215797,"k_attn_decode(__half *, const __half *, const __half *, const __half *, int, int)"
24215828,24223189,"k_gemv_fp16(__half *, const __half *, const __half *, const __half *, int, int)"
24223221,24223989,"k_add(__half *, const __half *, unsigned long long)"
24224021,24226901,"k_layernorm(__half *, const __half *, const __half *, const __half *, int, int)"
24226933,24247959,"k_gemv_fp16(__half *, const __half *, const __half *, const __half *, int, int)"
24248023,24248855,"k_gelu(__half *, unsigned long long)"
24249591,24272504,"k_gemv_fp16(__half *, const __half *, const __half *, const __half *, int, int)"
24272537,24273305,"k_add(__half *, const __half *, unsigned long long)"
24273368,24276249,"k_layernorm(__half *, const __half *, const __half *, const __half *, int, int)"
24276313,24292442,"k_gemv_fp16(__half *, const __half *, const __half *, const __half *, int, int)"
24292474,24293338,"k_kv_append(__half *, __half *, const __half *, int, int)"
24293402,24302779,"k_attn_decode(__half *, const __half *, const __half *, const __half *, int, int)"
24302843,24310139,"k_gemv_fp16(__half *, const __half *, const __half *, const __half *, int, int)"
24310203,24310971,"k_add(__half *, const __half *, unsigned long long)"
24311035,24313915,"k_layernorm(__half *, const __half *, const __half *, const __half *, int, int)"
24313947,24334973,"k_gemv_fp16(__half *, const __half *, const __half *, const __half *, int, int)"
24335005,24335837,"k_gelu(__half *, unsigned long long)"
24335869,24358783,"k_gemv_fp16(__half *, const __half *, const __half *, const __half *, int, int)"
24358814,24359583,"k_add(__half *, const __half *, unsigned long long)"
24359615,24362495,"k_layernorm(__half *, const __half *, const __half *, const __half *, int, int)"
24362527,24378911,"k_gemv_fp16(__half *, const __half *, const __half *, const __half *, int, int)"
24378912,24379808,"k_kv_append(__half *, __half *, const __half *, int, int)"
24380576,24390049,"k_attn_decode(__half *, const __half *, const __half *, const __half *, int, int)"
24390081,24397441,"k_gemv_fp16(__half *, const __half *, const __half *, const __half *, int, int)"
24397473,24398241,"k_add(__half *, const __half *, unsigned long long)"
24398305,24401153,"k_layernorm(__half *, const __half *, const __half *, const __half *, int, int)"
24401186,24422147,"k_gemv_fp16(__half *, const __half *, const __half *, const __half *, int, int)"
24422179,24423011,"k_gelu(__half *, unsigned long long)"
24423075,24445925,"k_gemv_fp16(__half *, const __half *, const __half *, const __half *, int, int)"
24445957,24446757,"k_add(__half *, const __half *, unsigned long long)"
24446789,24449669,"k_layernorm(__half *, const __half *, const __half *, const __half *, int, int)"
24449701,24465894,"k_gemv_fp16(__half *, const __half *, const __half *, const __half *, int, int)"
24465926,24466822,"k_kv_append(__half *, __half *, const __half *, int, int)"
24466854,24476167,"k_attn_decode(__half *, const __half *, const __half *, const __half *, int, int)"
24476199,24483527,"k_gemv_fp16(__half *, const __half *, const __half *, const __half *, int, int)"
24483591,24484359,"k_add(__half *, const __half *, unsigned long long)"
24484391,24487272,"k_layernorm(__half *, const __half *, const __half *, const __half *, int, int)"
24487304,24508233,"k_gemv_fp16(__half *, const __half *, const __half *, const __half *, int, int)"
24508905,24509737,"k_gelu(__half *, unsigned long long)"
24509801,24532779,"k_gemv_fp16(__half *, const __half *, const __half *, const __half *, int, int)"
24532843,24533611,"k_add(__half *, const __half *, unsigned long long)"
24533643,24536555,"k_layernorm(__half *, const __half *, const __half *, const __half *, int, int)"
24536587,24552812,"k_gemv_fp16(__half *, const __half *, const __half *, const __half *, int, int)"
24552876,24553740,"k_kv_append(__half *, __half *, const __half *, int, int)"
24553772,24563085,"k_attn_decode(__half *, const __half *, const __half *, const __half *, int, int)"
24563149,24570445,"k_gemv_fp16(__half *, const __half *, const __half *, const __half *, int, int)"
24570477,24571245,"k_add(__half *, const __half *, unsigned long long)"
24571277,24574126,"k_layernorm(__half *, const __half *, const __half *, const __half *, int, int)"
24574158,24595087,"k_gemv_fp16(__half *, const __half *, const __half *, const __half *, int, int)"
24595151,24595983,"k_gelu(__half *, unsigned long long)"
24596015,24618897,"k_gemv_fp16(__half *, const __half *, const __half *, const __half *, int, int)"
24618929,24619697,"k_add(__half *, const __half *, unsigned long long)"
24619761,24622609,"k_layernorm(__half *, const __half *, const __half *, const __half *, int, int)"
24622673,24638738,"k_gemv_fp16(__half *, const __half *, const __half *, const __half *, int, int)"
24639474,24640338,"k_kv_append(__half *, __half *, const __half *, int, int)"
24640402,24649811,"k_attn_decode(__half *, const __half *, const __half *, const __half *, int, int)"
24649843,24657076,"k_gemv_fp16(__half *, const __half *, const __half *, const __half *, int, int)"
24657139,24657908,"k_add(__half *, const __half *, unsigned long long)"
24657940,24660820,"k_layernorm(__half *, const __half *, const __half *, const __half *, int, int)"
24660852,24681781,"k_gemv_fp16(__half *, const __half *, const __half *, const __half *, int, int)"
24681813,24682645,"k_gelu(__half *, unsigned long long)"
24682677,24705847,"k_gemv_fp16(__half *, const __half *, const __half *, const __half *, int, int)"
24705879,24706647,"k_add(__half *, const __half *, unsigned long long)"
24706711,24709591,"k_layernorm(__half *, const __half *, const __half *, const __half *, int, int)"
24709623,24725784,"k_gemv_fp16(__half *, const __half *, const __half *, const __half *, int, int)"
24725816,24726712,"k_kv_append(__half *, __half *, const __half *, int, int)"
24726744,24736153,"k_attn_decode(__half *, const __half *, const __half *, const __half *, int, int)"
24736185,24743514,"k_gemv_fp16(__half *, const __half *, const __half *, const __half *, int, int)"
24743578,24744346,"k_add(__half *, const __half *, unsigned long long)"
24744378,24747226,"k_layernorm(__half *, const __half *, const __half *, const __half *, int, int)"
24747962,24768923,"k_gemv_fp16(__half *, const __half *, const __half *, const __half *, int, int)"
24768955,24769787,"k_gelu(__half *, unsigned long long)"
24769819,24792605,"k_gemv_fp16(__half *, const __half *, const __half *, const __half *, int, int)"
24792637,24793437,"k_add(__half *, const __half *, unsigned long long)"
24793469,24796317,"k_layernorm(__half *, const __half *, const __half *, const __half *, int, int)"
24796349,24812510,"k_gemv_fp16(__half *, const __half *, const __half *, const __half *, int, int)"
24812511,24813406,"k_kv_append(__half *, __half *, const __half *, int, int)"
24813438,24822847,"k_attn_decode(__half *, const __half *, const __half *, const __half *, int, int)"
24822879,24830240,"k_gemv_fp16(__half *, const __half *, const __half *, const __half *, int, int)"
24830272,24831040,"k_add(__half *, const __half *, unsigned long long)"
24831104,24833920,"k_layernorm(__half *, const __half *, const __half *, const __half *, int, int)"
24833984,24854881,"k_gemv_fp16(__half *, const __half *, const __half *, const __half *, int, int)"
24854913,24855745,"k_gelu(__half *, unsigned long long)"
24855777,24878595,"k_gemv_fp16(__half *, const __half *, const __half *, const __half *, int, int)"
24878627,24879395,"k_add(__half *, const __half *, unsigned long long)"
24879459,24882339,"k_layernorm(__half *, const __half *, const __half *, const __half *, int, int)"
24883268,24899365,"k_gemv_fp16(__half *, const __half *, const __half *, const __half *, int, int)"
24899396,24900293,"k_kv_append(__half *, __half *, const __half *, int, int)"
24900325,24909637,"k_attn_decode(__half *, const __half *, const __half *, const __half *, int, int)"
24909669,24916998,"k_gemv_fp16(__half *, const __half *, const __half *, const __half *, int, int)"
24917030,24917830,"k_add(__half *, const __half *, unsigned long long)"
24917862,24920838,"k_layernorm(__half *, const __half *, const __half *, const __half *, int, int)"
24920870,24941768,"k_gemv_fp16(__half *, const __half *, const __half *, const __half *, int, int)"
24941831,24942664,"k_gelu(__half *, unsigned long long)"
24942696,24965545,"k_gemv_fp16(__half *, const __half *, const __half *, const __half *, int, int)"
24965577,24966377,"k_add(__half *, const __half *, unsigned long long)"
24966409,24969257,"k_layernorm(__half *, const __half *, const __half *, const __half *, int, int)"
24969322,24985387,"k_gemv_fp16(__half *, const __half *, const __half *, const __half *, int, int)"
24985419,24986315,"k_kv_append(__half *, __half *, const __half *, int, int)"
24986347,24995819,"k_attn_decode(__half *, const __half *, const __half *, const __half *, int, int)"
24995883,25003180,"k_gemv_fp16(__half *, const __half *, const __half *, const __half *, int, int)"
25003244,25004012,"k_add(__half *, const __half *, unsigned long long)"
25004748,25007596,"k_layernorm(__half *, const __half *, const __half *, const __half *, int, int)"
25007660,25028622,"k_gemv_fp16(__half *, const __half *, const __half *, const __half *, int, int)"
25028654,25029486,"k_gelu(__half *, unsigned long long)"
25029518,25052399,"k_gemv_fp16(__half *, const __half *, const __half *, const __half *, int, int)"
25052431,25053231,"k_add(__half *, const __half *, unsigned long long)"
25053263,25056144,"k_layernorm(__half *, const __half *, const __half *, const __half *, int, int)"
25056176,25367845,"k_gemv_fp16(__half *, const __half *, const __half *, const __half *, int, int)"
25428810,25429738,"k_embed_one(__half *, const __half *, const __half *, int, int)"
25429770,25432682,"k_layernorm(__half *, const __half *, const __half *, const __half *, int, int)"
25432714,25448779,"k_gemv_fp16(__half *, const __half *, const __half *, const __half *, int, int)"
25448811,25449867,"k_kv_append(__half *, __half *, const __half *, int, int)"
25449899,25459404,"k_attn_decode(__half *, const __half *, const __half *, const __half *, int, int)"
25459436,25466668,"k_gemv_fp16(__half *, const __half *, const __half *, const __half *, int, int)"
25466701,25467500,"k_add(__half *, const __half *, unsigned long long)"
25467501,25470413,"k_layernorm(__half *, const __half *, const __half *, const __half *, int, int)"
25470445,25491406,"k_gemv_fp16(__half *, const __half *, const __half *, const __half *, int, int)"
25491438,25492302,"k_gelu(__half *, unsigned long long)"
25492334,25515216,"k_gemv_fp16(__half *, const __half *, const __half *, const __half *, int, int)"
25515248,25516048,"k_add(__half *, const __half *, unsigned long long)"
25516080,25518928,"k_layernorm(__half *, const __half *, const __half *, const __half *, int, int)"
25518992,25535153,"k_gemv_fp16(__half *, const __half *, const __half *, const __half *, int, int)"
25535185,25536081,"k_kv_append(__half *, __half *, const __half *, int, int)"
25536113,25545490,"k_attn_decode(__half *, const __half *, const __half *, const __half *, int, int)"
25546386,25553106,"k_gemv_fp16(__half *, const __half *, const __half *, const __half *, int, int)"
25553107,25553907,"k_add(__half *, const __half *, unsigned long long)"
25553938,25556851,"k_layernorm(__half *, const __half *, const __half *, const __half *, int, int)"
25556883,25577748,"k_gemv_fp16(__half *, const __half *, const __half *, const __half *, int, int)"
25577780,25578612,"k_gelu(__half *, unsigned long long)"
25578644,25601558,"k_gemv_fp16(__half *, const __half *, const __half *, const __half *, int, int)"
25601590,25602389,"k_add(__half *, const __half *, unsigned long long)"
25602390,25605270,"k_layernorm(__half *, const __half *, const __half *, const __half *, int, int)"
25605302,25621687,"k_gemv_fp16(__half *, const __half *, const __half *, const __half *, int, int)"
25621719,25622583,"k_kv_append(__half *, __half *, const __half *, int, int)"
25622648,25632024,"k_attn_decode(__half *, const __half *, const __half *, const __half *, int, int)"
25632056,25639353,"k_gemv_fp16(__half *, const __half *, const __half *, const __half *, int, int)"
25639417,25640185,"k_add(__half *, const __half *, unsigned long long)"
25640217,25643097,"k_layernorm(__half *, const __half *, const __half *, const __half *, int, int)"
25643161,25664090,"k_gemv_fp16(__half *, const __half *, const __half *, const __half *, int, int)"
25664122,25664986,"k_gelu(__half *, unsigned long long)"
25665722,25688604,"k_gemv_fp16(__half *, const __half *, const __half *, const __half *, int, int)"
25688636,25689404,"k_add(__half *, const __half *, unsigned long long)"
25689468,25692316,"k_layernorm(__half *, const __half *, const __half *, const __half *, int, int)"
25692348,25708477,"k_gemv_fp16(__half *, const __half *, const __half *, const __half *, int, int)"
25708509,25709373,"k_kv_append(__half *, __half *, const __half *, int, int)"
25709437,25718782,"k_attn_decode(__half *, const __half *, const __half *, const __half *, int, int)"
25718814,25726143,"k_gemv_fp16(__half *, const __half *, const __half *, const __half *, int, int)"
25726175,25726975,"k_add(__half *, const __half *, unsigned long long)"
25727007,25729919,"k_layernorm(__half *, const __half *, const __half *, const __half *, int, int)"
25729951,25750945,"k_gemv_fp16(__half *, const __half *, const __half *, const __half *, int, int)"
25750976,25751809,"k_gelu(__half *, unsigned long long)"
25751840,25774690,"k_gemv_fp16(__half *, const __half *, const __half *, const __half *, int, int)"
25774722,25775522,"k_add(__half *, const __half *, unsigned long long)"
25775554,25778434,"k_layernorm(__half *, const __half *, const __half *, const __half *, int, int)"
25778466,25794755,"k_gemv_fp16(__half *, const __half *, const __half *, const __half *, int, int)"
25794756,25795652,"k_kv_append(__half *, __half *, const __half *, int, int)"
25796388,25805796,"k_attn_decode(__half *, const __half *, const __half *, const __half *, int, int)"
25805828,25813157,"k_gemv_fp16(__half *, const __half *, const __half *, const __half *, int, int)"
25813189,25813989,"k_add(__half *, const __half *, unsigned long long)"
25814021,25816901,"k_layernorm(__half *, const __half *, const __half *, const __half *, int, int)"
25816933,25837799,"k_gemv_fp16(__half *, const __half *, const __half *, const __half *, int, int)"
25837830,25838663,"k_gelu(__half *, unsigned long long)"
25838727,25861672,"k_gemv_fp16(__half *, const __half *, const __half *, const __half *, int, int)"
25861704,25862472,"k_add(__half *, const __half *, unsigned long long)"
25862536,25865544,"k_layernorm(__half *, const __half *, const __half *, const __half *, int, int)"
25865576,25881706,"k_gemv_fp16(__half *, const __half *, const __half *, const __half *, int, int)"
25881738,25882634,"k_kv_append(__half *, __half *, const __half *, int, int)"
25882666,25892170,"k_attn_decode(__half *, const __half *, const __half *, const __half *, int, int)"
25892202,25899467,"k_gemv_fp16(__half *, const __half *, const __half *, const __half *, int, int)"
25899499,25900299,"k_add(__half *, const __half *, unsigned long long)"
25900331,25903179,"k_layernorm(__half *, const __half *, const __half *, const __half *, int, int)"
25903211,25924077,"k_gemv_fp16(__half *, const __half *, const __half *, const __half *, int, int)"
25924813,25925645,"k_gelu(__half *, unsigned long long)"
25925677,25948526,"k_gemv_fp16(__half *, const __half *, const __half *, const __half *, int, int)"
25948558,25949358,"k_add(__half *, const __half *, unsigned long long)"
25949390,25952271,"k_layernorm(__half *, const __half *, const __half *, const __half *, int, int)"
25952302,25968432,"k_gemv_fp16(__half *, const __half *, const __half *, const __half *, int, int)"
25968464,25969328,"k_kv_append(__half *, __half *, const __half *, int, int)"
25969392,25978865,"k_attn_decode(__half *, const __half *, const __half *, const __half *, int, int)"
25978896,25986225,"k_gemv_fp16(__half *, const __half *, const __half *, const __half *, int, int)"
25986257,25987057,"k_add(__half *, const __half *, unsigned long long)"
25987089,25989905,"k_layernorm(__half *, const __half *, const __half *, const __half *, int, int)"
25989969,26010995,"k_gemv_fp16(__half *, const __half *, const __half *, const __half *, int, int)"
26011027,26011859,"k_gelu(__half *, unsigned long long)"
26011891,26034644,"k_gemv_fp16(__half *, const __half *, const __half *, const __half *, int, int)"
26034676,26035445,"k_add(__half *, const __half *, unsigned long long)"
26035508,26038356,"k_layernorm(__half *, const __half *, const __half *, const __half *, int, int)"
26038421,26054518,"k_gemv_fp16(__half *, const __half *, const __half *, const __half *, int, int)"
26055222,26056118,"k_kv_append(__half *, __half *, const __half *, int, int)"
26056150,26065783,"k_attn_decode(__half *, const __half *, const __half *, const __half *, int, int)"
26065814,26073079,"k_gemv_fp16(__half *, const __half *, const __half *, const __half *, int, int)"
26073143,26073911,"k_add(__half *, const __half *, unsigned long long)"
26073943,26076823,"k_layernorm(__half *, const __half *, const __half *, const __half *, int, int)"
26076887,26097785,"k_gemv_fp16(__half *, const __half *, const __half *, const __half *, int, int)"
26097817,26098617,"k_gelu(__half *, unsigned long long)"
26098681,26121499,"k_gemv_fp16(__half *, const __half *, const __half *, const __half *, int, int)"
26121530,26122299,"k_add(__half *, const __half *, unsigned long long)"
26122330,26125243,"k_layernorm(__half *, const __half *, const __half *, const __half *, int, int)"
26125275,26141596,"k_gemv_fp16(__half *, const __half *, const __half *, const __half *, int, int)"
26141628,26142524,"k_kv_append(__half *, __half *, const __half *, int, int)"
26142556,26152189,"k_attn_decode(__half *, const __half *, const __half *, const __half *, int, int)"
26152221,26159485,"k_gemv_fp16(__half *, const __half *, const __half *, const __half *, int, int)"
26159517,26160317,"k_add(__half *, const __half *, unsigned long long)"
26160349,26163197,"k_layernorm(__half *, const __half *, const __half *, const __half *, int, int)"
26163933,26184959,"k_gemv_fp16(__half *, const __half *, const __half *, const __half *, int, int)"
26184991,26185823,"k_gelu(__half *, unsigned long long)"
26185855,26208640,"k_gemv_fp16(__half *, const __half *, const __half *, const __half *, int, int)"
26208673,26209441,"k_add(__half *, const __half *, unsigned long long)"
26209505,26212385,"k_layernorm(__half *, const __half *, const __half *, const __half *, int, int)"
26212417,26228546,"k_gemv_fp16(__half *, const __half *, const __half *, const __half *, int, int)"
26228578,26229474,"k_kv_append(__half *, __half *, const __half *, int, int)"
26229506,26238915,"k_attn_decode(__half *, const __half *, const __half *, const __half *, int, int)"
26238947,26246274,"k_gemv_fp16(__half *, const __half *, const __half *, const __half *, int, int)"
26246275,26247075,"k_add(__half *, const __half *, unsigned long long)"
26247107,26249956,"k_layernorm(__half *, const __half *, const __half *, const __half *, int, int)"
26249988,26270885,"k_gemv_fp16(__half *, const __half *, const __half *, const __half *, int, int)"
26270917,26271749,"k_gelu(__half *, unsigned long long)"
26271781,26294631,"k_gemv_fp16(__half *, const __half *, const __half *, const __half *, int, int)"
26294663,26295431,"k_add(__half *, const __half *, unsigned long long)"
26295463,26298343,"k_layernorm(__half *, const __half *, const __half *, const __half *, int, int)"
26299111,26315496,"k_gemv_fp16(__half *, const __half *, const __half *, const __half *, int, int)"
26315528,26316424,"k_kv_append(__half *, __half *, const __half *, int, int)"
26316456,26325801,"k_attn_decode(__half *, const __half *, const __half *, const __half *, int, int)"
26325865,26333160,"k_gemv_fp16(__half *, const __half *, const __half *, const __half *, int, int)"
26333161,26333961,"k_add(__half *, const __half *, unsigned long long)"
26333993,26336874,"k_layernorm(__half *, const __half *, const __half *, const __half *, int, int)"
26336906,26357867,"k_gemv_fp16(__half *, const __half *, const __half *, const __half *, int, int)"
26357899,26358731,"k_gelu(__half *, unsigned long long)"
26358763,26381613,"k_gemv_fp16(__half *, const __half *, const __half *, const __half *, int, int)"
26381645,26382445,"k_add(__half *, const __half *, unsigned long long)"
26382477,26385325,"k_layernorm(__half *, const __half *, const __half *, const __half *, int, int)"
26385389,26401454,"k_gemv_fp16(__half *, const __half *, const __half *, const __half *, int, int)"
26401486,26402350,"k_kv_append(__half *, __half *, const __half *, int, int)"
26402414,26411823,"k_attn_decode(__half *, const __half *, const __half *, const __half *, int, int)"
26411887,26419216,"k_gemv_fp16(__half *, const __half *, const __half *, const __half *, int, int)"
26419247,26420047,"k_add(__half *, const __half *, unsigned long long)"
26420751,26423600,"k_layernorm(__half *, const __half *, const __half *, const __half *, int, int)"
26423664,26444593,"k_gemv_fp16(__half *, const __half *, const __half *, const __half *, int, int)"
26444625,26445457,"k_gelu(__half *, unsigned long long)"
26445489,26468211,"k_gemv_fp16(__half *, const __half *, const __half *, const __half *, int, int)"
26468243,26469011,"k_add(__half *, const __half *, unsigned long long)"
26469075,26471987,"k_layernorm(__half *, const __half *, const __half *, const __half *, int, int)"
26472019,26783625,"k_gemv_fp16(__half *, const __half *, const __half *, const __half *, int, int)"
26861774,26862767,"k_embed_one(__half *, const __half *, const __half *, int, int)"
26862799,26865679,"k_layernorm(__half *, const __half *, const __half *, const __half *, int, int)"
26865711,26882127,"k_gemv_fp16(__half *, const __half *, const __half *, const __half *, int, int)"
26882128,26883024,"k_kv_append(__half *, __half *, const __half *, int, int)"
26883056,26892529,"k_attn_decode(__half *, const __half *, const __half *, const __half *, int, int)"
26892561,26899825,"k_gemv_fp16(__half *, const __half *, const __half *, const __half *, int, int)"
26899857,26900657,"k_add(__half *, const __half *, unsigned long long)"
26900689,26903697,"k_layernorm(__half *, const __half *, const __half *, const __half *, int, int)"
26903730,26924691,"k_gemv_fp16(__half *, const __half *, const __half *, const __half *, int, int)"
26924723,26925555,"k_gelu(__half *, unsigned long long)"
26925587,26948437,"k_gemv_fp16(__half *, const __half *, const __half *, const __half *, int, int)"
26948469,26949237,"k_add(__half *, const __half *, unsigned long long)"
26949269,26952213,"k_layernorm(__half *, const __half *, const __half *, const __half *, int, int)"
26952277,26968502,"k_gemv_fp16(__half *, const __half *, const __half *, const __half *, int, int)"
26968534,26969430,"k_kv_append(__half *, __half *, const __half *, int, int)"
26969462,26978807,"k_attn_decode(__half *, const __half *, const __half *, const __half *, int, int)"
26979735,26986391,"k_gemv_fp16(__half *, const __half *, const __half *, const __half *, int, int)"
26986455,26987223,"k_add(__half *, const __half *, unsigned long long)"
26987255,26990167,"k_layernorm(__half *, const __half *, const __half *, const __half *, int, int)"
26990200,27011033,"k_gemv_fp16(__half *, const __half *, const __half *, const __half *, int, int)"
27011065,27011897,"k_gelu(__half *, unsigned long long)"
27011961,27034843,"k_gemv_fp16(__half *, const __half *, const __half *, const __half *, int, int)"
27034875,27035643,"k_add(__half *, const __half *, unsigned long long)"
27035675,27038555,"k_layernorm(__half *, const __half *, const __half *, const __half *, int, int)"
27038587,27054780,"k_gemv_fp16(__half *, const __half *, const __half *, const __half *, int, int)"
27054812,27055676,"k_kv_append(__half *, __half *, const __half *, int, int)"
27055740,27065149,"k_attn_decode(__half *, const __half *, const __half *, const __half *, int, int)"
27065181,27072509,"k_gemv_fp16(__half *, const __half *, const __half *, const __half *, int, int)"
27072541,27073309,"k_add(__half *, const __half *, unsigned long long)"
27073341,27076221,"k_layernorm(__half *, const __half *, const __half *, const __half *, int, int)"
27076254,27097183,"k_gemv_fp16(__half *, const __half *, const __half *, const __half *, int, int)"
27097215,27098047,"k_gelu(__half *, unsigned long long)"
27098783,27121697,"k_gemv_fp16(__half *, const __half *, const __half *, const __half *, int, int)"
27121729,27122529,"k_add(__half *, const __half *, unsigned long long)"
27122561,27125409,"k_layernorm(__half *, const __half *, const __half *, const __half *, int, int)"
27125441,27141570,"k_gemv_fp16(__half *, const __half *, const __half *, const __half *, int, int)"
27141602,27142498,"k_kv_append(__half *, __half *, const __half *, int, int)"
27142530,27152355,"k_attn_decode(__half *, const __half *, const __half *, const __half *, int, int)"
27152387,27159779,"k_gemv_fp16(__half *, const __half *, const __half *, const __half *, int, int)"
27159843,27160611,"k_add(__half *, const __half *, unsigned long long)"
27160643,27163524,"k_layernorm(__half *, const __half *, const __half *, const __half *, int, int)"
27163556,27184517,"k_gemv_fp16(__half *, const __half *, const __half *, const __half *, int, int)"
27184581,27185381,"k_gelu(__half *, unsigned long long)"
27185445,27208359,"k_gemv_fp16(__half *, const __half *, const __half *, const __half *, int, int)"
27208391,27209191,"k_add(__half *, const __half *, unsigned long long)"
27209223,27212167,"k_layernorm(__half *, const __half *, const __half *, const __half *, int, int)"
27212199,27228264,"k_gemv_fp16(__half *, const __half *, const __half *, const __half *, int, int)"
27228296,27229192,"k_kv_append(__half *, __half *, const __half *, int, int)"
27229864,27239241,"k_attn_decode(__half *, const __half *, const __half *, const __half *, int, int)"
27239273,27246634,"k_gemv_fp16(__half *, const __half *, const __half *, const __half *, int, int)"
27246666,27247434,"k_add(__half *, const __half *, unsigned long long)"
27247465,27250378,"k_layernorm(__half *, const __half *, const __half *, const __half *, int, int)"
27250410,27271307,"k_gemv_fp16(__half *, const __half *, const __half *, const __half *, int, int)"
27271339,27272171,"k_gelu(__half *, unsigned long long)"
27272203,27295085,"k_gemv_fp16(__half *, const __half *, const __half *, const __half *, int, int)"
27295117,27295917,"k_add(__half *, const __half *, unsigned long long)"
27295949,27298829,"k_layernorm(__half *, const __half *, const __half *, const __half *, int, int)"
27298861,27315246,"k_gemv_fp16(__half *, const __half *, const __half *, const __half *, int, int)"
27315278,27316175,"k_kv_append(__half *, __half *, const __half *, int, int)"
27316206,27325551,"k_attn_decode(__half *, const __half *, const __half *, const __half *, int, int)"
27325583,27332848,"k_gemv_fp16(__half *, const __half *, const __half *, const __half *, int, int)"
27332880,27333648,"k_add(__half *, const __half *, unsigned long long)"
27333712,27336528,"k_layernorm(__half *, const __half *, const __half *, const __half *, int, int)"
27336592,27357521,"k_gemv_fp16(__half *, const __half *, const __half *, const __half *, int, int)"
27358225,27359057,"k_gelu(__half *, unsigned long long)"
27359089,27381939,"k_gemv_fp16(__half *, const __half *, const __half *, const __half *, int, int)"
27381971,27382771,"k_add(__half *, const __half *, unsigned long long)"
27382803,27385683,"k_layernorm(__half *, const __half *, const __half *, const __half *, int, int)"
27385715,27401844,"k_gemv_fp16(__half *, const __half *, const __half *, const __half *, int, int)"
27401877,27402773,"k_kv_append(__half *, __half *, const __half *, int, int)"
27402804,27412501,"k_attn_decode(__half *, const __half *, const __half *, const __half *, int, int)"
27412533,27419862,"k_gemv_fp16(__half *, const __half *, const __half *, const __half *, int, int)"
27419894,27420694,"k_add(__half *, const __half *, unsigned long long)"
27420726,27423574,"k_layernorm(__half *, const __half *, const __half *, const __half *, int, int)"
27423638,27444599,"k_gemv_fp16(__half *, const __half *, const __half *, const __half *, int, int)"
27444631,27445463,"k_gelu(__half *, unsigned long long)"
27445496,27468313,"k_gemv_fp16(__half *, const __half *, const __half *, const __half *, int, int)"
27468345,27469113,"k_add(__half *, const __half *, unsigned long long)"
27469177,27472249,"k_layernorm(__half *, const __half *, const __half *, const __half *, int, int)"
27472281,27488539,"k_gemv_fp16(__half *, const __half *, const __half *, const __half *, int, int)"
27489435,27490299,"k_kv_append(__half *, __half *, const __half *, int, int)"
27490363,27499899,"k_attn_decode(__half *, const __half *, const __half *, const __half *, int, int)"
27499931,27507228,"k_gemv_fp16(__half *, const __half *, const __half *, const __half *, int, int)"
27507260,27508028,"k_add(__half *, const __half *, unsigned long long)"
27508060,27510940,"k_layernorm(__half *, const __half *, const __half *, const __half *, int, int)"
27510972,27531838,"k_gemv_fp16(__half *, const __half *, const __half *, const __half *, int, int)"
27531902,27532734,"k_gelu(__half *, unsigned long long)"
27532766,27555647,"k_gemv_fp16(__half *, const __half *, const __half *, const __half *, int, int)"
27555679,27556447,"k_add(__half *, const __half *, unsigned long long)"
27556479,27559392,"k_layernorm(__half *, const __half *, const __half *, const __half *, int, int)"
27559423,27575553,"k_gemv_fp16(__half *, const __half *, const __half *, const __half *, int, int)"
27575585,27576481,"k_kv_append(__half *, __half *, const __half *, int, int)"
27576513,27585825,"k_attn_decode(__half *, const __half *, const __half *, const __half *, int, int)"
27585889,27593122,"k_gemv_fp16(__half *, const __half *, const __half *, const __half *, int, int)"
27593186,27593954,"k_add(__half *, const __half *, unsigned long long)"
27593986,27596834,"k_layernorm(__half *, const __half *, const __half *, const __half *, int, int)"
27597730,27618660,"k_gemv_fp16(__half *, const __half *, const __half *, const __half *, int, int)"
27618692,27619524,"k_gelu(__half *, unsigned long long)"
27619556,27642341,"k_gemv_fp16(__half *, const __half *, const __half *, const __half *, int, int)"
27642373,27643141,"k_add(__half *, const __half *, unsigned long long)"
27643205,27646086,"k_layernorm(__half *, const __half *, const __half *, const __half *, int, int)"
27646118,27662215,"k_gemv_fp16(__half *, const __half *, const __half *, const __half *, int, int)"
27662247,27663143,"k_kv_append(__half *, __half *, const __half *, int, int)"
27663175,27672488,"k_attn_decode(__half *, const __half *, const __half *, const __half *, int, int)"
27672519,27679848,"k_gemv_fp16(__half *, const __half *, const __half *, const __half *, int, int)"
27679880,27680680,"k_add(__half *, const __half *, unsigned long long)"
27680712,27683560,"k_layernorm(__half *, const __half *, const __half *, const __half *, int, int)"
27683592,27704554,"k_gemv_fp16(__half *, const __half *, const __half *, const __half *, int, int)"
27704586,27705418,"k_gelu(__half *, unsigned long long)"
27705450,27728267,"k_gemv_fp16(__half *, const __half *, const __half *, const __half *, int, int)"
27728299,27729068,"k_add(__half *, const __half *, unsigned long long)"
27729131,27732012,"k_layernorm(__half *, const __half *, const __half *, const __half *, int, int)"
27732908,27749037,"k_gemv_fp16(__half *, const __half *, const __half *, const __half *, int, int)"
27749069,27749965,"k_kv_append(__half *, __half *, const __half *, int, int)"
27749997,27759533,"k_attn_decode(__half *, const __half *, const __half *, const __half *, int, int)"
27759566,27766894,"k_gemv_fp16(__half *, const __half *, const __half *, const __half *, int, int)"
27766926,27767726,"k_add(__half *, const __half *, unsigned long long)"
27767758,27770703,"k_layernorm(__half *, const __half *, const __half *, const __half *, int, int)"
27770734,27791663,"k_gemv_fp16(__half *, const __half *, const __half *, const __half *, int, int)"
27791664,27792496,"k_gelu(__half *, unsigned long long)"
27792560,27815474,"k_gemv_fp16(__half *, const __half *, const __half *, const __half *, int, int)"
27815505,27816274,"k_add(__half *, const __half *, unsigned long long)"
27816338,27819218,"k_layernorm(__half *, const __half *, const __half *, const __half *, int, int)"
27819282,27835379,"k_gemv_fp16(__half *, const __half *, const __half *, const __half *, int, int)"
27835411,27836275,"k_kv_append(__half *, __half *, const __half *, int, int)"
27836339,27846100,"k_attn_decode(__half *, const __half *, const __half *, const __half *, int, int)"
27846164,27853460,"k_gemv_fp16(__half *, const __half *, const __half *, const __half *, int, int)"
27853492,27854292,"k_add(__half *, const __half *, unsigned long long)"
27855028,27857877,"k_layernorm(__half *, const __half *, const __half *, const __half *, int, int)"
27857909,27878806,"k_gemv_fp16(__half *, const __half *, const __half *, const __half *, int, int)"
27878838,27879670,"k_gelu(__half *, unsigned long long)"
27879734,27902456,"k_gemv_fp16(__half *, const __half *, const __half *, const __half *, int, int)"
27902520,27903288,"k_add(__half *, const __half *, unsigned long long)"
27903320,27906232,"k_layernorm(__half *, const __half *, const __half *, const __half *, int, int)"
27906264,28218446,"k_gemv_fp16(__half *, const __half *, const __half *, const __half *, int, int)"
28279058,28279986,"k_embed_one(__half *, const __half *, const __half *, int, int)"
28280018,28282898,"k_layernorm(__half *, const __half *, const __half *, const __half *, int, int)"
28282930,28299155,"k_gemv_fp16(__half *, const __half *, const __half *, const __half *, int, int)"
28299188,28300052,"k_kv_append(__half *, __half *, const __half *, int, int)"
28300084,28309460,"k_attn_decode(__half *, const __half *, const __half *, const __half *, int, int)"
28309492,28316757,"k_gemv_fp16(__half *, const __half *, const __half *, const __half *, int, int)"
28316789,28317589,"k_add(__half *, const __half *, unsigned long long)"
28317621,28320469,"k_layernorm(__half *, const __half *, const __half *, const __half *, int, int)"
28320501,28341558,"k_gemv_fp16(__half *, const __half *, const __half *, const __half *, int, int)"
28341590,28342423,"k_gelu(__half *, unsigned long long)"
28342487,28365304,"k_gemv_fp16(__half *, const __half *, const __half *, const __half *, int, int)"
28365368,28366136,"k_add(__half *, const __half *, unsigned long long)"
28366168,28369048,"k_layernorm(__half *, const __half *, const __half *, const __half *, int, int)"
28369081,28385242,"k_gemv_fp16(__half *, const __half *, const __half *, const __half *, int, int)"
28385274,28386138,"k_kv_append(__half *, __half *, const __half *, int, int)"
28386202,28395738,"k_attn_decode(__half *, const __half *, const __half *, const __half *, int, int)"
28397050,28403771,"k_gemv_fp16(__half *, const __half *, const __half *, const __half *, int, int)"
28403803,28404603,"k_add(__half *, const __half *, unsigned long long)"
28404635,28407675,"k_layernorm(__half *, const __half *, const __half *, const __half *, int, int)"
28407707,28428669,"k_gemv_fp16(__half *, const __half *, const __half *, const __half *, int, int)"
28428701,28429533,"k_gelu(__half *, unsigned long long)"
28429597,28452542,"k_gemv_fp16(__half *, const __half *, const __half *, const __half *, int, int)"
28452574,28453374,"k_add(__half *, const __half *, unsigned long long)"
28453406,28456383,"k_layernorm(__half *, const __half *, const __half *, const __half *, int, int)"
28456415,28472736,"k_gemv_fp16(__half *, const __half *, const __half *, const __half *, int, int)"
28472768,28473664,"k_kv_append(__half *, __half *, const __half *, int, int)"
28473696,28483041,"k_attn_decode(__half *, const __half *, const __half *, const __half *, int, int)"
28483072,28490401,"k_gemv_fp16(__half *, const __half *, const __half *, const __half *, int, int)"
28490433,28491201,"k_add(__half *, const __half *, unsigned long long)"
28491233,28494113,"k_layernorm(__half *, const __half *, const __half *, const __half *, int, int)"
28494145,28515075,"k_gemv_fp16(__half *, const __half *, const __half *, const __half *, int, int)"
28515139,28515971,"k_gelu(__half *, unsigned long long)"
28516675,28539621,"k_gemv_fp16(__half *, const __half *, const __half *, const __half *, int, int)"
28539652,28540452,"k_add(__half *, const __half *, unsigned long long)"
28540485,28543461,"k_layernorm(__half *, const __half *, const __half *, const __half *, int, int)"
28543493,28559462,"k_gemv_fp16(__half *, const __half *, const __half *, const __half *, int, int)"
28559494,28560358,"k_kv_append(__half *, __half *, const __half *, int, int)"
28560422,28569735,"k_attn_decode(__half *, const __half *, const __half *, const __half *, int, int)"
28569799,28577095,"k_gemv_fp16(__half *, const __half *, const __half *, const __half *, int, int)"
28577127,28577895,"k_add(__half *, const __half *, unsigned long long)"
28577959,28580839,"k_layernorm(__half *, const __half *, const __half *, const __half *, int, int)"
28580903,28601897,"k_gemv_fp16(__half *, const __half *, const __half *, const __half *, int, int)"
28601929,28602729,"k_gelu(__half *, unsigned long long)"
28602793,28625706,"k_gemv_fp16(__half *, const __half *, const __half *, const __half *, int, int)"
28625738,28626539,"k_add(__half *, const __half *, unsigned long long)"
28626571,28629483,"k_layernorm(__half *, const __half *, const __half *, const __half *, int, int)"
28629515,28645644,"k_gemv_fp16(__half *, const __half *, const __half *, const __half *, int, int)"
28645676,28646572,"k_kv_append(__half *, __half *, const __half *, int, int)"
28647276,28657036,"k_attn_decode(__half *, const __half *, const __half *, const __half *, int, int)"
28657037,28664461,"k_gemv_fp16(__half *, const __half *, const __half *, const __half *, int, int)"
28664493,28665261,"k_add(__half *, const __half *, unsigned long long)"
28665293,28668237,"k_layernorm(__half *, const __half *, const __half *, const __half *, int, int)"
28668270,28689327,"k_gemv_fp16(__half *, const __half *, const __half *, const __half *, int, int)"
28689359,28690191,"k_gelu(__half *, unsigned long long)"
28690223,28713393,"k_gemv_fp16(__half *, const __half *, const __half *, const __half *, int, int)"
28713425,28714225,"k_add(__half *, const __half *, unsigned long long)"
28714257,28717137,"k_layernorm(__half *, const __half *, const __half *, const __half *, int, int)"
28717169,28733362,"k_gemv_fp16(__half *, const __half *, const __half *, const __half *, int, int)"
28733394,28734258,"k_kv_append(__half *, __half *, const __half *, int, int)"
28734322,28743699,"k_attn_decode(__half *, const __half *, const __half *, const __half *, int, int)"
28743731,28751027,"k_gemv_fp16(__half *, const __half *, const __half *, const __half *, int, int)"
28751091,28751859,"k_add(__half *, const __half *, unsigned long long)"
28751891,28754740,"k_layernorm(__half *, const __half *, const __half *, const __half *, int, int)"
28754803,28775733,"k_gemv_fp16(__half *, const __half *, const __half *, const __half *, int, int)"
28776405,28777237,"k_gelu(__half *, unsigned long long)"
28777301,28800439,"k_gemv_fp16(__half *, const __half *, const __half *, const __half *, int, int)"
28800503,28801271,"k_add(__half *, const __half *, unsigned long long)"
28801303,28804183,"k_layernorm(__half *, const __half *, const __half *, const __half *, int, int)"
28804247,28820344,"k_gemv_fp16(__half *, const __half *, const __half *, const __half *, int, int)"
28820408,28821272,"k_kv_append(__half *, __half *, const __half *, int, int)"
28821336,28830809,"k_attn_decode(__half *, const __half *, const __half *, const __half *, int, int)"
28830841,28838489,"k_gemv_fp16(__half *, const __half *, const __half *, const __half *, int, int)"
28838554,28839322,"k_add(__half *, const __half *, unsigned long long)"
28839354,28842266,"k_layernorm(__half *, const __half *, const __half *, const __half *, int, int)"
28842330,28863547,"k_gemv_fp16(__half *, const __half *, const __half *, const __half *, int, int)"
28863579,28864411,"k_gelu(__half *, unsigned long long)"
28864443,28887421,"k_gemv_fp16(__half *, const __half *, const __half *, const __half *, int, int)"
28887453,28888253,"k_add(__half *, const __half *, unsigned long long)"
28888285,28891165,"k_layernorm(__half *, const __half *, const __half *, const __half *, int, int)"
28891197,28907326,"k_gemv_fp16(__half *, const __half *, const __half *, const __half *, int, int)"
28908030,28908926,"k_kv_append(__half *, __half *, const __half *, int, int)"
28908958,28918591,"k_attn_decode(__half *, const __half *, const __half *, const __half *, int, int)"
28918623,28925791,"k_gemv_fp16(__half *, const __half *, const __half *, const __half *, int, int)"
28925824,28926624,"k_add(__half *, const __half *, unsigned long long)"
28926656,28929504,"k_layernorm(__half *, const __half *, const __half *, const __half *, int, int)"
28929568,28950497,"k_gemv_fp16(__half *, const __half *, const __half *, const __half *, int, int)"
28950529,28951361,"k_gelu(__half *, unsigned long long)"
28951393,28974275,"k_gemv_fp16(__half *, const __half *, const __half *, const __half *, int, int)"
28974307,28975075,"k_add(__half *, const __half *, unsigned long long)"
28975107,28978083,"k_layernorm(__half *, const __half *, const __half *, const __half *, int, int)"
28978115,28994340,"k_gemv_fp16(__half *, const __half *, const __half *, const __half *, int, int)"
28994404,28995269,"k_kv_append(__half *, __half *, const __half *, int, int)"
28995301,29004709,"k_attn_decode(__half *, const __half *, const __half *, const __half *, int, int)"
29004741,29012038,"k_gemv_fp16(__half *, const __half *, const __half *, const __half *, int, int)"
29012070,29012870,"k_add(__half *, const __half *, unsigned long long)"
29012902,29015750,"k_layernorm(__half *, const __half *, const __half *, const __half *, int, int)"
29016422,29037352,"k_gemv_fp16(__half *, const __half *, const __half *, const __half *, int, int)"
29037383,29038247,"k_gelu(__half *, unsigned long long)"
29038279,29061001,"k_gemv_fp16(__half *, const __half *, const __half *, const __half *, int, int)"
29061065,29061833,"k_add(__half *, const __half *, unsigned long long)"
29061865,29064745,"k_layernorm(__half *, const __half *, const __half *, const __half *, int, int)"
29064809,29080938,"k_gemv_fp16(__half *, const __half *, const __half *, const __half *, int, int)"
29080971,29081835,"k_kv_append(__half *, __half *, const __half *, int, int)"
29081898,29091371,"k_attn_decode(__half *, const __half *, const __half *, const __half *, int, int)"
29091403,29098700,"k_gemv_fp16(__half *, const __half *, const __half *, const __half *, int, int)"
29098732,29099532,"k_add(__half *, const __half *, unsigned long long)"
29099564,29102412,"k_layernorm(__half *, const __half *, const __half *, const __half *, int, int)"
29102444,29123342,"k_gemv_fp16(__half *, const __half *, const __half *, const __half *, int, int)"
29123373,29124206,"k_gelu(__half *, unsigned long long)"
29124237,29147023,"k_gemv_fp16(__half *, const __half *, const __half *, const __half *, int, int)"
29147055,29147823,"k_add(__half *, const __half *, unsigned long long)"
29147855,29150735,"k_layernorm(__half *, const __half *, const __half *, const __half *, int, int)"
29151535,29168145,"k_gemv_fp16(__half *, const __half *, const __half *, const __half *, int, int)"
29168177,29169041,"k_kv_append(__half *, __half *, const __half *, int, int)"
29169073,29178640,"k_attn_decode(__half *, const __half *, const __half *, const __half *, int, int)"
29178641,29186066,"k_gemv_fp16(__half *, const __half *, const __half *, const __half *, int, int)"
29186098,29186897,"k_add(__half *, const __half *, unsigned long long)"
29186898,29189778,"k_layernorm(__half *, const __half *, const __half *, const __half *, int, int)"
29189842,29210772,"k_gemv_fp16(__half *, const __half *, const __half *, const __half *, int, int)"
29210804,29211636,"k_gelu(__half *, unsigned long long)"
29211668,29234517,"k_gemv_fp16(__half *, const __half *, const __half *, const __half *, int, int)"
29234581,29235349,"k_add(__half *, const __half *, unsigned long long)"
29235381,29238262,"k_layernorm(__half *, const __half *, const __half *, const __half *, int, int)"
29238294,29254583,"k_gemv_fp16(__half *, const __half *, const __half *, const __half *, int, int)"
29254615,29255511,"k_kv_append(__half *, __half *, const __half *, int, int)"
29255543,29264983,"k_attn_decode(__half *, const __half *, const __half *, const __half *, int, int)"
29265016,29272248,"k_gemv_fp16(__half *, const __half *, const __half *, const __half *, int, int)"
29272280,29273080,"k_add(__half *, const __half *, unsigned long long)"
29273816,29276664,"k_layernorm(__half *, const __half *, const __half *, const __half *, int, int)"
29276728,29297594,"k_gemv_fp16(__half *, const __half *, const __half *, const __half *, int, int)"
29297626,29298458,"k_gelu(__half *, unsigned long long)"
29298490,29321243,"k_gemv_fp16(__half *, const __half *, const __half *, const __half *, int, int)"
29321275,29322075,"k_add(__half *, const __half *, unsigned long long)"
29322108,29325148,"k_layernorm(__half *, const __half *, const __half *, const __half *, int, int)"
29325180,29636786,"k_gemv_fp16(__half *, const __half *, const __half *, const __half *, int, int)"
29693270,29694230,"k_embed_one(__half *, const __half *, const __half *, int, int)"
29694294,29697174,"k_layernorm(__half *, const __half *, const __half *, const __half *, int, int)"
29697206,29713399,"k_gemv_fp16(__half *, const __half *, const __half *, const __half *, int, int)"
29713431,29714295,"k_kv_append(__half *, __half *, const __half *, int, int)"
29714327,29723768,"k_attn_decode(__half *, const __half *, const __half *, const __half *, int, int)"
29723800,29731032,"k_gemv_fp16(__half *, const __half *, const __half *, const __half *, int, int)"
29731096,29731864,"k_add(__half *, const __half *, unsigned long long)"
29731896,29734776,"k_layernorm(__half *, const __half *, const __half *, const __half *, int, int)"
29734808,29755770,"k_gemv_fp16(__half *, const __half *, const __half *, const __half *, int, int)"
29755802,29756634,"k_gelu(__half *, unsigned long long)"
29756666,29779580,"k_gemv_fp16(__half *, const __half *, const __half *, const __half *, int, int)"
29779612,29780412,"k_add(__half *, const __half *, unsigned long long)"
29780444,29783516,"k_layernorm(__half *, const __half *, const __half *, const __half *, int, int)"
29783580,29799837,"k_gemv_fp16(__half *, const __half *, const __half *, const __half *, int, int)"
29799869,29800765,"k_kv_append(__half *, __half *, const __half *, int, int)"
29800797,29810142,"k_attn_decode(__half *, const __half *, const __half *, const __half *, int, int)"
29810878,29817598,"k_gemv_fp16(__half *, const __half *, const __half *, const __half *, int, int)"
29817630,29818430,"k_add(__half *, const __half *, unsigned long long)"
29818462,29821407,"k_layernorm(__half *, const __half *, const __half *, const __half *, int, int)"
29821438,29842368,"k_gemv_fp16(__half *, const __half *, const __half *, const __half *, int, int)"
29842400,29843295,"k_gelu(__half *, unsigned long long)"
29843296,29866466,"k_gemv_fp16(__half *, const __half *, const __half *, const __half *, int, int)"
29866498,29867266,"k_add(__half *, const __half *, unsigned long long)"
29867298,29870210,"k_layernorm(__half *, const __half *, const __half *, const __half *, int, int)"
29870242,29886435,"k_gemv_fp16(__half *, const __half *, const __half *, const __half *, int, int)"
29886467,29887331,"k_kv_append(__half *, __half *, const __half *, int, int)"
29887395,29896772,"k_attn_decode(__half *, const __half *, const __half *, const __half *, int, int)"
29896804,29904132,"k_gemv_fp16(__half *, const __half *, const __half *, const __half *, int, int)"
29904164,29904932,"k_add(__half *, const __half *, unsigned long long)"
29904996,29907877,"k_layernorm(__half *, const __half *, const __half *, const __half *, int, int)"
29907909,29928902,"k_gemv_fp16(__half *, const __half *, const __half *, const __half *, int, int)"
29928934,29929766,"k_gelu(__half *, unsigned long long)"
29930534,29953448,"k_gemv_fp16(__half *, const __half *, const __half *, const __half *, int, int)"
29953480,29954248,"k_add(__half *, const __half *, unsigned long long)"
29954312,29957160,"k_layernorm(__half *, const __half *, const __half *, const __half *, int, int)"
29957224,29973289,"k_gemv_fp16(__half *, const __half *, const __half *, const __half *, int, int)"
29973353,29974217,"k_kv_append(__half *, __half *, const __half *, int, int)"
29974249,29984010,"k_attn_decode(__half *, const __half *, const __half *, const __half *, int, int)"
29984042,29991339,"k_gemv_fp16(__half *, const __half *, const __half *, const __half *, int, int)"
29991402,29992170,"k_add(__half *, const __half *, unsigned long long)"
29992235,29995083,"k_layernorm(__half *, const __half *, const __half *, const __half *, int, int)"
29995115,30016076,"k_gemv_fp16(__half *, const __half *, const __half *, const __half *, int, int)"
30016108,30016940,"k_gelu(__half *, unsigned long long)"
30016972,30039822,"k_gemv_fp16(__half *, const __half *, const __half *, const __half *, int, int)"
30039854,30040622,"k_add(__half *, const __half *, unsigned long long)"
30040686,30043534,"k_layernorm(__half *, const __half *, const __half *, const __half *, int, int)"
30043598,30059823,"k_gemv_fp16(__half *, const __half *, const __half *, const __half *, int, int)"
30059855,30060719,"k_kv_append(__half *, __half *, const __half *, int, int)"
30061488,30070800,"k_attn_decode(__half *, const __half *, const __half *, const __half *, int, int)"
30070832,30078161,"k_gemv_fp16(__half *, const __half *, const __half *, const __half *, int, int)"
30078193,30078993,"k_add(__half *, const __half *, unsigned long long)"
30079025,30082097,"k_layernorm(__half *, const __half *, const __half *, const __half *, int, int)"
30082129,30103026,"k_gemv_fp16(__half *, const __half *, const __half *, const __half *, int, int)"
30103058,30103890,"k_gelu(__half *, unsigned long long)"
30103922,30126836,"k_gemv_fp16(__half *, const __half *, const __half *, const __half *, int, int)"
30126868,30127667,"k_add(__half *, const __half *, unsigned long long)"
30127668,30130548,"k_layernorm(__half *, const __half *, const __half *, const __half *, int, int)"
30130612,30146709,"k_gemv_fp16(__half *, const __half *, const __half *, const __half *, int, int)"
30146741,30147605,"k_kv_append(__half *, __half *, const __half *, int, int)"
30147638,30157366,"k_attn_decode(__half *, const __half *, const __half *, const __half *, int, int)"
30157398,30164695,"k_gemv_fp16(__half *, const __half *, const __half *, const __half *, int, int)"
30164759,30165527,"k_add(__half *, const __half *, unsigned long long)"
30165559,30168439,"k_layernorm(__half *, const __half *, const __half *, const __half *, int, int)"
30168503,30189336,"k_gemv_fp16(__half *, const __half *, const __half *, const __half *, int, int)"
30190041,30190872,"k_gelu(__half *, unsigned long long)"
30190905,30213786,"k_gemv_fp16(__half *, const __half *, const __half *, const __half *, int, int)"
30213818,30214586,"k_add(__half *, const __half *, unsigned long long)"
30214650,30217530,"k_layernorm(__half *, const __half *, const __half *, const __half *, int, int)"
30217562,30233723,"k_gemv_fp16(__half *, const __half *, const __half *, const __half *, int, int)"
30233756,30234620,"k_kv_append(__half *, __half *, const __half *, int, int)"
30234683,30244060,"k_attn_decode(__half *, const __half *, const __half *, const __half *, int, int)"
30244092,30251389,"k_gemv_fp16(__half *, const __half *, const __half *, const __half *, int, int)"
30251421,30252189,"k_add(__half *, const __half *, unsigned long long)"
30252253,30255101,"k_layernorm(__half *, const __half *, const __half *, const __half *, int, int)"
30255165,30276191,"k_gemv_fp16(__half *, const __half *, const __half *, const __half *, int, int)"
30276255,30277055,"k_gelu(__half *, unsigned long long)"
30277119,30300064,"k_gemv_fp16(__half *, const __half *, const __half *, const __half *, int, int)"
30300096,30300896,"k_add(__half *, const __half *, unsigned long long)"
30300928,30303872,"k_layernorm(__half *, const __half *, const __half *, const __half *, int, int)"
30303937,30320290,"k_gemv_fp16(__half *, const __half *, const __half *, const __half *, int, int)"
30321026,30321890,"k_kv_append(__half *, __half *, const __half *, int, int)"
30321954,30331426,"k_attn_decode(__half *, const __half *, const __half *, const __half *, int, int)"
30331490,30338755,"k_gemv_fp16(__half *, const __half *, const __half *, const __half *, int, int)"
30338787,30339555,"k_add(__half *, const __half *, unsigned long long)"
30339619,30342467,"k_layernorm(__half *, const __half *, const __half *, const __half *, int, int)"
30342499,30363461,"k_gemv_fp16(__half *, const __half *, const __half *, const __half *, int, int)"
30363493,30364325,"k_gelu(__half *, unsigned long long)"
30364357,30387206,"k_gemv_fp16(__half *, const __half *, const __half *, const __half *, int, int)"
30387238,30388006,"k_add(__half *, const __half *, unsigned long long)"
30388070,30390919,"k_layernorm(__half *, const __half *, const __half *, const __half *, int, int)"
30390983,30407176,"k_gemv_fp16(__half *, const __half *, const __half *, const __half *, int, int)"
30407208,30408104,"k_kv_append(__half *, __half *, const __half *, int, int)"
30408136,30417512,"k_attn_decode(__half *, const __half *, const __half *, const __half *, int, int)"
30417545,30424809,"k_gemv_fp16(__half *, const __half *, const __half *, const __half *, int, int)"
30424873,30425641,"k_add(__half *, const __half *, unsigned long long)"
30425673,30428553,"k_layernorm(__half *, const __half *, const __half *, const __half *, int, int)"
30429225,30450155,"k_gemv_fp16(__half *, const __half *, const __half *, const __half *, int, int)"
30450187,30451019,"k_gelu(__half *, unsigned long long)"
30451083,30473868,"k_gemv_fp16(__half *, const __half *, const __half *, const __half *, int, int)"
30473900,30474668,"k_add(__half *, const __half *, unsigned long long)"
30474733,30477581,"k_layernorm(__half *, const __half *, const __half *, const __half *, int, int)"
30477645,30493870,"k_gemv_fp16(__half *, const __half *, const __half *, const __half *, int, int)"
30493902,30494798,"k_kv_append(__half *, __half *, const __half *, int, int)"
30494830,30504367,"k_attn_decode(__half *, const __half *, const __half *, const __half *, int, int)"
30504399,30511695,"k_gemv_fp16(__half *, const __half *, const __half *, const __half *, int, int)"
30511759,30512527,"k_add(__half *, const __half *, unsigned long long)"
30512559,30515439,"k_layernorm(__half *, const __half *, const __half *, const __half *, int, int)"
30515471,30536433,"k_gemv_fp16(__half *, const __half *, const __half *, const __half *, int, int)"
30536465,30537297,"k_gelu(__half *, unsigned long long)"
30537329,30560146,"k_gemv_fp16(__half *, const __half *, const __half *, const __half *, int, int)"
30560179,30560979,"k_add(__half *, const __half *, unsigned long long)"
30561010,30563923,"k_layernorm(__half *, const __half *, const __half *, const __half *, int, int)"
30564659,30581044,"k_gemv_fp16(__half *, const __half *, const __half *, const __half *, int, int)"
30581076,30581972,"k_kv_append(__half *, __half *, const __half *, int, int)"
30582004,30591349,"k_attn_decode(__half *, const __half *, const __half *, const __half *, int, int)"
30591381,30598709,"k_gemv_fp16(__half *, const __half *, const __half *, const __half *, int, int)"
30598741,30599541,"k_add(__half *, const __half *, unsigned long long)"
30599573,30602453,"k_layernorm(__half *, const __half *, const __half *, const __half *, int, int)"
30602485,30623383,"k_gemv_fp16(__half *, const __half *, const __half *, const __half *, int, int)"
30623415,30624247,"k_gelu(__half *, unsigned long long)"
30624279,30647161,"k_gemv_fp16(__half *, const __half *, const __half *, const __half *, int, int)"
30647193,30647993,"k_add(__half *, const __half *, unsigned long long)"
30648025,30650873,"k_layernorm(__half *, const __half *, const __half *, const __half *, int, int)"
30650905,30666970,"k_gemv_fp16(__half *, const __half *, const __half *, const __half *, int, int)"
30667002,30667898,"k_kv_append(__half *, __half *, const __half *, int, int)"
30667930,30677243,"k_attn_decode(__half *, const __half *, const __half *, const __half *, int, int)"
30677275,30684571,"k_gemv_fp16(__half *, const __half *, const __half *, const __half *, int, int)"
30684635,30685403,"k_add(__half *, const __half *, unsigned long long)"
30686107,30688988,"k_layernorm(__half *, const __half *, const __half *, const __half *, int, int)"
30689020,30709981,"k_gemv_fp16(__half *, const __half *, const __half *, const __half *, int, int)"
30710013,30710845,"k_gelu(__half *, unsigned long long)"
30710877,30733599,"k_gemv_fp16(__half *, const __half *, const __half *, const __half *, int, int)"
30733631,30734399,"k_add(__half *, const __half *, unsigned long long)"
30734463,30737311,"k_layernorm(__half *, const __half *, const __half *, const __half *, int, int)"
30737343,31048917,"k_gemv_fp16(__half *, const __half *, const __half *, const __half *, int, int)"
31162333,31163293,"k_embed_one(__half *, const __half *, const __half *, int, int)"
31163325,31166237,"k_layernorm(__half *, const __half *, const __half *, const __half *, int, int)"
31166269,31182590,"k_gemv_fp16(__half *, const __half *, const __half *, const __half *, int, int)"
31182622,31183518,"k_kv_append(__half *, __half *, const __half *, int, int)"
31183550,31192927,"k_attn_decode(__half *, const __half *, const __half *, const __half *, int, int)"
31192959,31200223,"k_gemv_fp16(__half *, const __half *, const __half *, const __half *, int, int)"
31200255,31201023,"k_add(__half *, const __half *, unsigned long long)"
31201088,31203967,"k_layernorm(__half *, const __half *, const __half *, const __half *, int, int)"
31203968,31224865,"k_gemv_fp16(__half *, const __half *, const __half *, const __half *, int, int)"
31224897,31225729,"k_gelu(__half *, unsigned long long)"
31225761,31248611,"k_gemv_fp16(__half *, const __half *, const __half *, const __half *, int, int)"
31248643,31249443,"k_add(__half *, const __half *, unsigned long long)"
31249475,31252323,"k_layernorm(__half *, const __half *, const __half *, const __half *, int, int)"
31252387,31268612,"k_gemv_fp16(__half *, const __half *, const __half *, const __half *, int, int)"
31268676,31269540,"k_kv_append(__half *, __half *, const __half *, int, int)"
31269572,31279013,"k_attn_decode(__half *, const __half *, const __half *, const __half *, int, int)"
31279685,31286406,"k_gemv_fp16(__half *, const __half *, const __half *, const __half *, int, int)"
31286438,31287206,"k_add(__half *, const __half *, unsigned long long)"
31287270,31290182,"k_layernorm(__half *, const __half *, const __half *, const __half *, int, int)"
31290214,31311143,"k_gemv_fp16(__half *, const __half *, const __half *, const __half *, int, int)"
31311175,31312007,"k_gelu(__half *, unsigned long long)"
31312039,31334921,"k_gemv_fp16(__half *, const __half *, const __half *, const __half *, int, int)"
31334953,31335753,"k_add(__half *, const __half *, unsigned long long)"
31335785,31338665,"k_layernorm(__half *, const __half *, const __half *, const __half *, int, int)"
31338697,31354922,"k_gemv_fp16(__half *, const __half *, const __half *, const __half *, int, int)"
31354954,31355850,"k_kv_append(__half *, __half *, const __half *, int, int)"
31355882,31365803,"k_attn_decode(__half *, const __half *, const __half *, const __half *, int, int)"
31365835,31373164,"k_gemv_fp16(__half *, const __half *, const __half *, const __half *, int, int)"
31373196,31373964,"k_add(__half *, const __half *, unsigned long long)"
31373996,31376972,"k_layernorm(__half *, const __half *, const __half *, const __half *, int, int)"
31377004,31397965,"k_gemv_fp16(__half *, const __half *, const __half *, const __half *, int, int)"
31398030,31398861,"k_gelu(__half *, unsigned long long)"
31399725,31422639,"k_gemv_fp16(__half *, const __half *, const __half *, const __half *, int, int)"
31422703,31423471,"k_add(__half *, const __half *, unsigned long long)"
31423535,31426479,"k_layernorm(__half *, const __half *, const __half *, const __half *, int, int)"
31426511,31442641,"k_gemv_fp16(__half *, const __half *, const __half *, const __half *, int, int)"
31442672,31443569,"k_kv_append(__half *, __half *, const __half *, int, int)"
31443601,31453009,"k_attn_decode(__half *, const __half *, const __half *, const __half *, int, int)"
31453041,31460338,"k_gemv_fp16(__half *, const __half *, const __half *, const __half *, int, int)"
31460402,31461170,"k_add(__half *, const __half *, unsigned long long)"
31461234,31464082,"k_layernorm(__half *, const __half *, const __half *, const __half *, int, int)"
31464146,31485108,"k_gemv_fp16(__half *, const __half *, const __half *, const __half *, int, int)"
31485140,31485940,"k_gelu(__half *, unsigned long long)"
31486004,31508853,"k_gemv_fp16(__half *, const __half *, const __half *, const __half *, int, int)"
31508885,31509653,"k_add(__half *, const __half *, unsigned long long)"
31509717,31512598,"k_layernorm(__half *, const __half *, const __half *, const __half *, int, int)"
31512629,31528726,"k_gemv_fp16(__half *, const __half *, const __half *, const __half *, int, int)"
31528759,31529655,"k_kv_append(__half *, __half *, const __half *, int, int)"
31530327,31539703,"k_attn_decode(__half *, const __half *, const __half *, const __half *, int, int)"
31539735,31547063,"k_gemv_fp16(__half *, const __half *, const __half *, const __half *, int, int)"
31547064,31547864,"k_add(__half *, const __half *, unsigned long long)"
31547896,31550808,"k_layernorm(__half *, const __half *, const __half *, const __half *, int, int)"
31550840,31571706,"k_gemv_fp16(__half *, const __half *, const __half *, const __half *, int, int)"
31571770,31572602,"k_gelu(__half *, unsigned long long)"
31572634,31595547,"k_gemv_fp16(__half *, const __half *, const __half *, const __half *, int, int)"
31595579,31596379,"k_add(__half *, const __half *, unsigned long long)"
31596411,31599291,"k_layernorm(__half *, const __half *, const __half *, const __half *, int, int)"
31599324,31615421,"k_gemv_fp16(__half *, const __half *, const __half *, const __half *, int, int)"
31615453,31616349,"k_kv_append(__half *, __half *, const __half *, int, int)"
31616381,31625789,"k_attn_decode(__half *, const __half *, const __half *, const __half *, int, int)"
31625821,31633118,"k_gemv_fp16(__half *, const __half *, const __half *, const __half *, int, int)"
31633182,31633950,"k_add(__half *, const __half *, unsigned long long)"
31633982,31636830,"k_layernorm(__half *, const __half *, const __half *, const __half *, int, int)"
31636894,31657792,"k_gemv_fp16(__half *, const __half *, const __half *, const __half *, int, int)"
31658496,31659328,"k_gelu(__half *, unsigned long long)"
31659360,31682209,"k_gemv_fp16(__half *, const __half *, const __half *, const __half *, int, int)"
31682241,31683009,"k_add(__half *, const __half *, unsigned long long)"
31683073,31685954,"k_layernorm(__half *, const __half *, const __half *, const __half *, int, int)"
31685986,31702083,"k_gemv_fp16(__half *, const __half *, const __half *, const __half *, int, int)"
31702115,31702979,"k_kv_append(__half *, __half *, const __half *, int, int)"
31703043,31712356,"k_attn_decode(__half *, const __half *, const __half *, const __half *, int, int)"
31712420,31719780,"k_gemv_fp16(__half *, const __half *, const __half *, const __half *, int, int)"
31719812,31720580,"k_add(__half *, const __half *, unsigned long long)"
31720644,31723492,"k_layernorm(__half *, const __half *, const __half *, const __half *, int, int)"
31723556,31744518,"k_gemv_fp16(__half *, const __half *, const __half *, const __half *, int, int)"
31744582,31745414,"k_gelu(__half *, unsigned long long)"
31745446,31768167,"k_gemv_fp16(__half *, const __half *, const __half *, const __half *, int, int)"
31768199,31768999,"k_add(__half *, const __half *, unsigned long long)"
31769032,31771880,"k_layernorm(__half *, const __half *, const __half *, const __half *, int, int)"
31771944,31788073,"k_gemv_fp16(__half *, const __half *, const __half *, const __half *, int, int)"
31788937,31789801,"k_kv_append(__half *, __half *, const __half *, int, int)"
31789865,31799338,"k_attn_decode(__half *, const __half *, const __half *, const __half *, int, int)"
31799370,31806666,"k_gemv_fp16(__half *, const __half *, const __half *, const __half *, int, int)"
31806698,31807466,"k_add(__half *, const __half *, unsigned long long)"
31807498,31810346,"k_layernorm(__half *, const __half *, const __half *, const __half *, int, int)"
31810410,31831276,"k_gemv_fp16(__half *, const __half *, const __half *, const __half *, int, int)"
31831308,31832140,"k_gelu(__half *, unsigned long long)"
31832172,31854990,"k_gemv_fp16(__half *, const __half *, const __half *, const __half *, int, int)"
31855021,31855821,"k_add(__half *, const __half *, unsigned long long)"
31855854,31858734,"k_layernorm(__half *, const __half *, const __half *, const __half *, int, int)"
31858798,31875055,"k_gemv_fp16(__half *, const __half *, const __half *, const __half *, int, int)"
31875087,31875983,"k_kv_append(__half *, __half *, const __half *, int, int)"
31876015,31885840,"k_attn_decode(__half *, const __half *, const __half *, const __half *, int, int)"
31885872,31893168,"k_gemv_fp16(__half *, const __half *, const __half *, const __half *, int, int)"
31893200,31894000,"k_add(__half *, const __half *, unsigned long long)"
31894032,31897008,"k_layernorm(__half *, const __half *, const __half *, const __half *, int, int)"
31897745,31918706,"k_gemv_fp16(__half *, const __half *, const __half *, const __half *, int, int)"
31918738,31919602,"k_gelu(__half *, unsigned long long)"
31919634,31942452,"k_gemv_fp16(__half *, const __half *, const __half *, const __half *, int, int)"
31942484,31943252,"k_add(__half *, const __half *, unsigned long long)"
31943284,31946164,"k_layernorm(__half *, const __half *, const __half *, const __half *, int, int)"
31946196,31962325,"k_gemv_fp16(__half *, const __half *, const __half *, const __half *, int, int)"
31962357,31963253,"k_kv_append(__half *, __half *, const __half *, int, int)"
31963285,31972726,"k_attn_decode(__half *, const __half *, const __half *, const __half *, int, int)"
31972758,31980086,"k_gemv_fp16(__half *, const __half *, const __half *, const __half *, int, int)"
31980118,31980918,"k_add(__half *, const __half *, unsigned long long)"
31980950,31983799,"k_layernorm(__half *, const __half *, const __half *, const __half *, int, int)"
31983831,32004760,"k_gemv_fp16(__half *, const __half *, const __half *, const __half *, int, int)"
32004792,32005624,"k_gelu(__half *, unsigned long long)"
32005656,32028442,"k_gemv_fp16(__half *, const __half *, const __half *, const __half *, int, int)"
32028474,32029274,"k_add(__half *, const __half *, unsigned long long)"
32029306,32032154,"k_layernorm(__half *, const __half *, const __half *, const __half *, int, int)"
32033114,32049211,"k_gemv_fp16(__half *, const __half *, const __half *, const __half *, int, int)"
32049243,32050107,"k_kv_append(__half *, __half *, const __half *, int, int)"
32050139,32059708,"k_attn_decode(__half *, const __half *, const __half *, const __half *, int, int)"
32059740,32067036,"k_gemv_fp16(__half *, const __half *, const __half *, const __half *, int, int)"
32067068,32067869,"k_add(__half *, const __half *, unsigned long long)"
32067900,32070781,"k_layernorm(__half *, const __half *, const __half *, const __half *, int, int)"
32070813,32091742,"k_gemv_fp16(__half *, const __half *, const __half *, const __half *, int, int)"
32091774,32092606,"k_gelu(__half *, unsigned long long)"
32092670,32115520,"k_gemv_fp16(__half *, const __half *, const __half *, const __half *, int, int)"
32115584,32116352,"k_add(__half *, const __half *, unsigned long long)"
32116384,32119264,"k_layernorm(__half *, const __half *, const __half *, const __half *, int, int)"
32119296,32135393,"k_gemv_fp16(__half *, const __half *, const __half *, const __half *, int, int)"
32135457,32136321,"k_kv_append(__half *, __half *, const __half *, int, int)"
32136385,32145762,"k_attn_decode(__half *, const __half *, const __half *, const __half *, int, int)"
32145794,32153154,"k_gemv_fp16(__half *, const __half *, const __half *, const __half *, int, int)"
32153219,32153987,"k_add(__half *, const __half *, unsigned long long)"
32154691,32157571,"k_layernorm(__half *, const __half *, const __half *, const __half *, int, int)"
32157603,32178564,"k_gemv_fp16(__half *, const __half *, const __half *, const __half *, int, int)"
32178628,32179460,"k_gelu(__half *, unsigned long long)"
32179492,32202310,"k_gemv_fp16(__half *, const __half *, const __half *, const __half *, int, int)"
32202342,32203142,"k_add(__half *, const __half *, unsigned long long)"
32203174,32206150,"k_layernorm(__half *, const __half *, const __half *, const __half *, int, int)"
32206182,32517852,"k_gemv_fp16(__half *, const __half *, const __half *, const __half *, int, int)"
32606594,32607554,"k_embed_one(__half *, const __half *, const __half *, int, int)"
32607586,32610467,"k_layernorm(__half *, const __half *, const __half *, const __half *, int, int)"
32610499,32626724,"k_gemv_fp16(__half *, const __half *, const __half *, const __half *, int, int)"
32626756,32627620,"k_kv_append(__half *, __half *, const __half *, int, int)"
32627652,32637059,"k_attn_decode(__half *, const __half *, const __half *, const __half *, int, int)"
32637060,32644453,"k_gemv_fp16(__half *, const __half *, const __half *, const __half *, int, int)"
32644485,32645285,"k_add(__half *, const __half *, unsigned long long)"
32645317,32648197,"k_layernorm(__half *, const __half *, const __half *, const __half *, int, int)"
32648229,32669127,"k_gemv_fp16(__half *, const __half *, const __half *, const __half *, int, int)"
32669159,32669991,"k_gelu(__half *, unsigned long long)"
32670023,32692872,"k_gemv_fp16(__half *, const __half *, const __half *, const __half *, int, int)"
32692904,32693705,"k_add(__half *, const __half *, unsigned long long)"
32693736,32696585,"k_layernorm(__half *, const __half *, const __half *, const __half *, int, int)"
32696617,32712874,"k_gemv_fp16(__half *, const __half *, const __half *, const __half *, int, int)"
32712906,32713802,"k_kv_append(__half *, __half *, const __half *, int, int)"
32713834,32723562,"k_attn_decode(__half *, const __half *, const __half *, const __half *, int, int)"
32724395,32731083,"k_gemv_fp16(__half *, const __half *, const __half *, const __half *, int, int)"
32731147,32731915,"k_add(__half *, const __half *, unsigned long long)"
32731947,32734891,"k_layernorm(__half *, const __half *, const __half *, const __half *, int, int)"
32734923,32755821,"k_gemv_fp16(__half *, const __half *, const __half *, const __half *, int, int)"
32755853,32756685,"k_gelu(__half *, unsigned long long)"
32756717,32779759,"k_gemv_fp16(__half *, const __half *, const __half *, const __half *, int, int)"
32779791,32780559,"k_add(__half *, const __half *, unsigned long long)"
32780590,32783471,"k_layernorm(__half *, const __half *, const __half *, const __half *, int, int)"
32783503,32799696,"k_gemv_fp16(__half *, const __half *, const __half *, const __half *, int, int)"
32799728,32800624,"k_kv_append(__half *, __half *, const __half *, int, int)"
32800656,32810001,"k_attn_decode(__half *, const __half *, const __half *, const __half *, int, int)"
32810033,32817521,"k_gemv_fp16(__half *, const __half *, const __half *, const __half *, int, int)"
32817553,32818353,"k_add(__half *, const __half *, unsigned long long)"
32818385,32821265,"k_layernorm(__half *, const __half *, const __half *, const __half *, int, int)"
32821297,32842291,"k_gemv_fp16(__half *, const __half *, const __half *, const __half *, int, int)"
32842323,32843155,"k_gelu(__half *, unsigned long long)"
32843859,32866805,"k_gemv_fp16(__half *, const __half *, const __half *, const __half *, int, int)"
32866837,32867637,"k_add(__half *, const __half *, unsigned long long)"
32867669,32870645,"k_layernorm(__half *, const __half *, const __half *, const __half *, int, int)"
32870677,32886806,"k_gemv_fp16(__half *, const __half *, const __half *, const __half *, int, int)"
32886870,32887734,"k_kv_append(__half *, __half *, const __half *, int, int)"
32887766,32897271,"k_attn_decode(__half *, const __half *, const __half *, const __half *, int, int)"
32897303,32904631,"k_gemv_fp16(__half *, const __half *, const __half *, const __half *, int, int)"
32904663,32905431,"k_add(__half *, const __half *, unsigned long long)"
32905495,32908344,"k_layernorm(__half *, const __half *, const __half *, const __half *, int, int)"
32908408,32929369,"k_gemv_fp16(__half *, const __half *, const __half *, const __half *, int, int)"
32929433,32930233,"k_gelu(__half *, unsigned long long)"
32930297,32953147,"k_gemv_fp16(__half *, const __half *, const __half *, const __half *, int, int)"
32953211,32953979,"k_add(__half *, const __half *, unsigned long long)"
32954011,32956987,"k_layernorm(__half *, const __half *, const __half *, const __half *, int, int)"
32957019,32973308,"k_gemv_fp16(__half *, const __half *, const __half *, const __half *, int, int)"
32973340,32974204,"k_kv_append(__half *, __half *, const __half *, int, int)"
32975164,32984733,"k_attn_decode(__half *, const __half *, const __half *, const __half *, int, int)"
32984765,32992189,"k_gemv_fp16(__half *, const __half *, const __half *, const __half *, int, int)"
32992222,32992990,"k_add(__half *, const __half *, unsigned long long)"
32993021,32995902,"k_layernorm(__half *, const __half *, const __half *, const __half *, int, int)"
32995934,33016927,"k_gemv_fp16(__half *, const __half *, const __half *, const __half *, int, int)"
33016991,33017823,"k_gelu(__half *, unsigned long long)"
33017855,33040769,"k_gemv_fp16(__half *, const __half *, const __half *, const __half *, int, int)"
33040801,33041601,"k_add(__half *, const __half *, unsigned long long)"
33041633,33044513,"k_layernorm(__half *, const __half *, const __half *, const __half *, int, int)"
33044545,33060706,"k_gemv_fp16(__half *, const __half *, const __half *, const __half *, int, int)"
33060738,33061602,"k_kv_append(__half *, __half *, const __half *, int, int)"
33061634,33071042,"k_attn_decode(__half *, const __half *, const __half *, const __half *, int, int)"
33071043,33078372,"k_gemv_fp16(__half *, const __half *, const __half *, const __half *, int, int)"
33078403,33079171,"k_add(__half *, const __half *, unsigned long long)"
33079236,33082180,"k_layernorm(__half *, const __half *, const __half *, const __half *, int, int)"
33082212,33103269,"k_gemv_fp16(__half *, const __half *, const __half *, const __half *, int, int)"
33104165,33104997,"k_gelu(__half *, unsigned long long)"
33105061,33128039,"k_gemv_fp16(__half *, const __half *, const __half *, const __half *, int, int)"
33128071,33128871,"k_add(__half *, const __half *, unsigned long long)"
33128903,33131783,"k_layernorm(__half *, const __half *, const __half *, const __half *, int, int)"
33131815,33147977,"k_gemv_fp16(__half *, const __half *, const __half *, const __half *, int, int)"
33148040,33148904,"k_kv_append(__half *, __half *, const __half *, int, int)"
33148937,33158345,"k_attn_decode(__half *, const __half *, const __half *, const __half *, int, int)"
33158377,33165834,"k_gemv_fp16(__half *, const __half *, const __half *, const __half *, int, int)"
33165866,33166634,"k_add(__half *, const __half *, unsigned long long)"
33166698,33169546,"k_layernorm(__half *, const __half *, const __half *, const __half *, int, int)"
33169578,33190603,"k_gemv_fp16(__half *, const __half *, const __half *, const __half *, int, int)"
33190635,33191467,"k_gelu(__half *, unsigned long long)"
33191499,33214253,"k_gemv_fp16(__half *, const __half *, const __half *, const __half *, int, int)"
33214285,33215085,"k_add(__half *, const __half *, unsigned long long)"
33215117,33217997,"k_layernorm(__half *, const __half *, const __half *, const __half *, int, int)"
33218029,33234158,"k_gemv_fp16(__half *, const __half *, const __half *, const __half *, int, int)"
33234862,33235726,"k_kv_append(__half *, __half *, const __half *, int, int)"
33235791,33245231,"k_attn_decode(__half *, const __half *, const __half *, const __half *, int, int)"
33245263,33252688,"k_gemv_fp16(__half *, const __half *, const __half *, const __half *, int, int)"
33252752,33253520,"k_add(__half *, const __half *, unsigned long long)"
33253552,33256528,"k_layernorm(__half *, const __half *, const __half *, const __half *, int, int)"
33256560,33277457,"k_gemv_fp16(__half *, const __half *, const __half *, const __half *, int, int)"
33277490,33278321,"k_gelu(__half *, unsigned long long)"
33278354,33301299,"k_gemv_fp16(__half *, const __half *, const __half *, const __half *, int, int)"
33301331,33302131,"k_add(__half *, const __half *, unsigned long long)"
33302163,33305011,"k_layernorm(__half *, const __half *, const __half *, const __half *, int, int)"
33305075,33321300,"k_gemv_fp16(__half *, const __half *, const __half *, const __half *, int, int)"
33321301,33322197,"k_kv_append(__half *, __half *, const __half *, int, int)"
33322229,33331669,"k_attn_decode(__half *, const __half *, const __half *, const __half *, int, int)"
33331701,33338998,"k_gemv_fp16(__half *, const __half *, const __half *, const __half *, int, int)"
33339030,33339829,"k_add(__half *, const __half *, unsigned long long)"
33339830,33342710,"k_layernorm(__half *, const __half *, const __half *, const __half *, int, int)"
33343446,33364408,"k_gemv_fp16(__half *, const __half *, const __half *, const __half *, int, int)"
33364472,33365304,"k_gelu(__half *, unsigned long long)"
33365336,33388089,"k_gemv_fp16(__half *, const __half *, const __half *, const __half *, int, int)"
33388121,33388889,"k_add(__half *, const __half *, unsigned long long)"
33388953,33391833,"k_layernorm(__half *, const __half *, const __half *, const __half *, int, int)"
33391866,33407963,"k_gemv_fp16(__half *, const __half *, const __half *, const __half *, int, int)"
33407995,33408859,"k_kv_append(__half *, __half *, const __half *, int, int)"
33408891,33418298,"k_attn_decode(__half *, const __half *, const __half *, const __half *, int, int)"
33418299,33425628,"k_gemv_fp16(__half *, const __half *, const __half *, const __half *, int, int)"
33425660,33426460,"k_add(__half *, const __half *, unsigned long long)"
33426492,33429340,"k_layernorm(__half *, const __half *, const __half *, const __half *, int, int)"
33429372,33450302,"k_gemv_fp16(__half *, const __half *, const __half *, const __half *, int, int)"
33450334,33451166,"k_gelu(__half *, unsigned long long)"
33451198,33474047,"k_gemv_fp16(__half *, const __half *, const __half *, const __half *, int, int)"
33474079,33474847,"k_add(__half *, const __half *, unsigned long long)"
33474911,33477760,"k_layernorm(__half *, const __half *, const __half *, const __half *, int, int)"
33478688,33495425,"k_gemv_fp16(__half *, const __half *, const __half *, const __half *, int, int)"
33495489,33496353,"k_kv_append(__half *, __half *, const __half *, int, int)"
33496385,33505889,"k_attn_decode(__half *, const __half *, const __half *, const __half *, int, int)"
33505922,33513346,"k_gemv_fp16(__half *, const __half *, const __half *, const __half *, int, int)"
33513378,33514146,"k_add(__half *, const __half *, unsigned long long)"
33514210,33517058,"k_layernorm(__half *, const __half *, const __half *, const __half *, int, int)"
33517122,33538052,"k_gemv_fp16(__half *, const __half *, const __half *, const __half *, int, int)"
33538084,33538916,"k_gelu(__half *, unsigned long long)"
33538948,33561861,"k_gemv_fp16(__half *, const __half *, const __half *, const __half *, int, int)"
33561894,33562694,"k_add(__half *, const __half *, unsigned long long)"
33562725,33565606,"k_layernorm(__half *, const __half *, const __half *, const __half *, int, int)"
33565670,33581735,"k_gemv_fp16(__half *, const __half *, const __half *, const __half *, int, int)"
33581767,33582663,"k_kv_append(__half *, __half *, const __half *, int, int)"
33582695,33592200,"k_attn_decode(__half *, const __half *, const __half *, const __half *, int, int)"
33592232,33599560,"k_gemv_fp16(__half *, const __half *, const __half *, const __half *, int, int)"
33599592,33600392,"k_add(__half *, const __half *, unsigned long long)"
33601320,33604200,"k_layernorm(__half *, const __half *, const __half *, const __half *, int, int)"
33604233,33625162,"k_gemv_fp16(__half *, const __half *, const __half *, const __half *, int, int)"
33625226,33626058,"k_gelu(__half *, unsigned long long)"
33626090,33648844,"k_gemv_fp16(__half *, const __half *, const __half *, const __half *, int, int)"
33648875,33649644,"k_add(__half *, const __half *, unsigned long long)"
33649676,33652620,"k_layernorm(__half *, const __half *, const __half *, const __half *, int, int)"
33652652,33964354,"k_gemv_fp16(__half *, const __half *, const __half *, const __half *, int, int)"
34068617,34069545,"k_embed_one(__half *, const __half *, const __half *, int, int)"
34069577,34072489,"k_layernorm(__half *, const __half *, const __half *, const __half *, int, int)"
34072521,34088683,"k_gemv_fp16(__half *, const __half *, const __half *, const __half *, int, int)"
34088714,34089611,"k_kv_append(__half *, __half *, const __half *, int, int)"
34089643,34099115,"k_attn_decode(__half *, const __half *, const __half *, const __half *, int, int)"
34099179,34106412,"k_gemv_fp16(__half *, const __half *, const __half *, const __half *, int, int)"
34106444,34107244,"k_add(__half *, const __half *, unsigned long long)"
34107276,34110156,"k_layernorm(__half *, const __half *, const __half *, const __half *, int, int)"
34110188,34131117,"k_gemv_fp16(__half *, const __half *, const __half *, const __half *, int, int)"
34131182,34132014,"k_gelu(__half *, unsigned long long)"
34132046,34154831,"k_gemv_fp16(__half *, const __half *, const __half *, const __half *, int, int)"
34154863,34155631,"k_add(__half *, const __half *, unsigned long long)"
34155663,34158544,"k_layernorm(__half *, const __half *, const __half *, const __half *, int, int)"
34158575,34174865,"k_gemv_fp16(__half *, const __half *, const __half *, const __half *, int, int)"
34174897,34175793,"k_kv_append(__half *, __half *, const __half *, int, int)"
34175825,34185393,"k_attn_decode(__half *, const __half *, const __half *, const __half *, int, int)"
34186129,34192850,"k_gemv_fp16(__half *, const __half *, const __half *, const __half *, int, int)"
34192882,34193682,"k_add(__half *, const __half *, unsigned long long)"
34193714,34196594,"k_layernorm(__half *, const __half *, const __half *, const __half *, int, int)"
34196626,34217556,"k_gemv_fp16(__half *, const __half *, const __half *, const __half *, int, int)"
34217588,34218420,"k_gelu(__half *, unsigned long long)"
34218452,34241365,"k_gemv_fp16(__half *, const __half *, const __half *, const __half *, int, int)"
34241397,34242197,"k_add(__half *, const __half *, unsigned long long)"
34242229,34245077,"k_layernorm(__half *, const __half *, const __half *, const __half *, int, int)"
34245142,34261366,"k_gemv_fp16(__half *, const __half *, const __half *, const __half *, int, int)"
34261367,34262263,"k_kv_append(__half *, __half *, const __half *, int, int)"
34262295,34271799,"k_attn_decode(__half *, const __half *, const __half *, const __half *, int, int)"
34271831,34279288,"k_gemv_fp16(__half *, const __half *, const __half *, const __half *, int, int)"
34279352,34280120,"k_add(__half *, const __half *, unsigned long long)"
34280152,34283128,"k_layernorm(__half *, const __half *, const __half *, const __half *, int, int)"
34283160,34304090,"k_gemv_fp16(__half *, const __half *, const __half *, const __half *, int, int)"
34304122,34304986,"k_gelu(__half *, unsigned long long)"
34305722,34328635,"k_gemv_fp16(__half *, const __half *, const __half *, const __half *, int, int)"
34328668,34329467,"k_add(__half *, const __half *, unsigned long long)"
34329499,34332348,"k_layernorm(__half *, const __half *, const __half *, const __half *, int, int)"
34332412,34348541,"k_gemv_fp16(__half *, const __half *, const __half *, const __half *, int, int)"
34348605,34349469,"k_kv_append(__half *, __half *, const __half *, int, int)"
34349533,34358846,"k_attn_decode(__half *, const __half *, const __half *, const __half *, int, int)"
34358877,34366174,"k_gemv_fp16(__half *, const __half *, const __half *, const __half *, int, int)"
34366206,34367006,"k_add(__half *, const __half *, unsigned long long)"
34367038,34369918,"k_layernorm(__half *, const __half *, const __half *, const __half *, int, int)"
34369950,34390976,"k_gemv_fp16(__half *, const __half *, const __half *, const __half *, int, int)"
34391008,34391840,"k_gelu(__half *, unsigned long long)"
34391872,34414785,"k_gemv_fp16(__half *, const __half *, const __half *, const __half *, int, int)"
34414818,34415586,"k_add(__half *, const __half *, unsigned long long)"
34415650,34418498,"k_layernorm(__half *, const __half *, const __half *, const __half *, int, int)"
34418562,34434722,"k_gemv_fp16(__half *, const __half *, const __half *, const __half *, int, int)"
34434723,34435619,"k_kv_append(__half *, __half *, const __half *, int, int)"
34436323,34445764,"k_attn_decode(__half *, const __half *, const __half *, const __half *, int, int)"
34445796,34453156,"k_gemv_fp16(__half *, const __half *, const __half *, const __half *, int, int)"
34453188,34453988,"k_add(__half *, const __half *, unsigned long long)"
34454020,34456900,"k_layernorm(__half *, const __half *, const __half *, const __half *, int, int)"
34456932,34477798,"k_gemv_fp16(__half *, const __half *, const __half *, const __half *, int, int)"
34477830,34478662,"k_gelu(__half *, unsigned long long)"
34478726,34501576,"k_gemv_fp16(__half *, const __half *, const __half *, const __half *, int, int)"
34501607,34502408,"k_add(__half *, const __half *, unsigned long long)"
34502440,34505320,"k_layernorm(__half *, const __half *, const __half *, const __half *, int, int)"
34505352,34521449,"k_gemv_fp16(__half *, const __half *, const __half *, const __half *, int, int)"
34521513,34522377,"k_kv_append(__half *, __half *, const __half *, int, int)"
34522441,34532138,"k_attn_decode(__half *, const __half *, const __half *, const __half *, int, int)"
34532170,34539498,"k_gemv_fp16(__half *, const __half *, const __half *, const __half *, int, int)"
34539530,34540330,"k_add(__half *, const __half *, unsigned long long)"
34540362,34543210,"k_layernorm(__half *, const __half *, const __half *, const __half *, int, int)"
34543242,34564172,"k_gemv_fp16(__half *, const __half *, const __half *, const __half *, int, int)"
34564844,34565676,"k_gelu(__half *, unsigned long long)"
34565740,34588622,"k_gemv_fp16(__half *, const __half *, const __half *, const __half *, int, int)"
34588654,34589422,"k_add(__half *, const __half *, unsigned long long)"
34589454,34592398,"k_layernorm(__half *, const __half *, const __half *, const __half *, int, int)"
34592430,34608527,"k_gemv_fp16(__half *, const __half *, const __half *, const __half *, int, int)"
34608559,34609423,"k_kv_append(__half *, __half *, const __half *, int, int)"
34609487,34618800,"k_attn_decode(__half *, const __half *, const __half *, const __half *, int, int)"
34618864,34626192,"k_gemv_fp16(__half *, const __half *, const __half *, const __half *, int, int)"
34626224,34627024,"k_add(__half *, const __half *, unsigned long long)"
34627056,34629873,"k_layernorm(__half *, const __half *, const __half *, const __half *, int, int)"
34629937,34650834,"k_gemv_fp16(__half *, const __half *, const __half *, const __half *, int, int)"
34650866,34651698,"k_gelu(__half *, unsigned long long)"
34651762,34674516,"k_gemv_fp16(__half *, const __half *, const __half *, const __half *, int, int)"
34674548,34675316,"k_add(__half *, const __half *, unsigned long long)"
34675380,34678228,"k_layernorm(__half *, const __half *, const __half *, const __half *, int, int)"
34678292,34694293,"k_gemv_fp16(__half *, const __half *, const __half *, const __half *, int, int)"
34694997,34695861,"k_kv_append(__half *, __half *, const __half *, int, int)"
34695925,34705462,"k_attn_decode(__half *, const __half *, const __half *, const __half *, int, int)"
34705526,34712790,"k_gemv_fp16(__half *, const __half *, const __half *, const __half *, int, int)"
34712822,34713622,"k_add(__half *, const __half *, unsigned long long)"
34713655,34716503,"k_layernorm(__half *, const __half *, const __half *, const __half *, int, int)"
34716567,34737464,"k_gemv_fp16(__half *, const __half *, const __half *, const __half *, int, int)"
34737528,34738360,"k_gelu(__half *, unsigned long long)"
34738392,34761210,"k_gemv_fp16(__half *, const __half *, const __half *, const __half *, int, int)"
34761274,34762042,"k_add(__half *, const __half *, unsigned long long)"
34762074,34764954,"k_layernorm(__half *, const __half *, const __half *, const __half *, int, int)"
34764986,34781243,"k_gemv_fp16(__half *, const __half *, const __half *, const __half *, int, int)"
34781275,34782171,"k_kv_append(__half *, __half *, const __half *, int, int)"
34782203,34791612,"k_attn_decode(__half *, const __half *, const __half *, const __half *, int, int)"
34791644,34798909,"k_gemv_fp16(__half *, const __half *, const __half *, const __half *, int, int)"
34798940,34799709,"k_add(__half *, const __half *, unsigned long long)"
34799740,34802589,"k_layernorm(__half *, const __half *, const __half *, const __half *, int, int)"
34803325,34824254,"k_gemv_fp16(__half *, const __half *, const __half *, const __half *, int, int)"
34824286,34825118,"k_gelu(__half *, unsigned long long)"
34825150,34847936,"k_gemv_fp16(__half *, const __half *, const __half *, const __half *, int, int)"
34847968,34848768,"k_add(__half *, const __half *, unsigned long long)"
34848800,34851680,"k_layernorm(__half *, const __half *, const __half *, const __half *, int, int)"
34851712,34867841,"k_gemv_fp16(__half *, const __half *, const __half *, const __half *, int, int)"
34867873,34868769,"k_kv_append(__half *, __half *, const __half *, int, int)"
34868801,34878178,"k_attn_decode(__half *, const __half *, const __half *, const __half *, int, int)"
34878210,34885571,"k_gemv_fp16(__half *, const __half *, const __half *, const __half *, int, int)"
34885603,34886371,"k_add(__half *, const __half *, unsigned long long)"
34886403,34889283,"k_layernorm(__half *, const __half *, const __half *, const __half *, int, int)"
34889315,34910244,"k_gemv_fp16(__half *, const __half *, const __half *, const __half *, int, int)"
34910276,34911108,"k_gelu(__half *, unsigned long long)"
34911140,34933958,"k_gemv_fp16(__half *, const __half *, const __half *, const __half *, int, int)"
34933990,34934790,"k_add(__half *, const __half *, unsigned long long)"
34934822,34937702,"k_layernorm(__half *, const __half *, const __half *, const __half *, int, int)"
34938438,34955239,"k_gemv_fp16(__half *, const __half *, const __half *, const __half *, int, int)"
34955304,34956168,"k_kv_append(__half *, __half *, const __half *, int, int)"
34956199,34965768,"k_attn_decode(__half *, const __half *, const __half *, const __half *, int, int)"
34965800,34973097,"k_gemv_fp16(__half *, const __half *, const __half *, const __half *, int, int)"
34973129,34973897,"k_add(__half *, const __half *, unsigned long long)"
34973961,34976809,"k_layernorm(__half *, const __half *, const __half *, const __half *, int, int)"
34976873,34997770,"k_gemv_fp16(__half *, const __half *, const __half *, const __half *, int, int)"
34997803,34998634,"k_gelu(__half *, unsigned long long)"
34998667,35021580,"k_gemv_fp16(__half *, const __half *, const __half *, const __half *, int, int)"
35021612,35022412,"k_add(__half *, const __half *, unsigned long long)"
35022444,35025292,"k_layernorm(__half *, const __half *, const __half *, const __half *, int, int)"
35025324,35041454,"k_gemv_fp16(__half *, const __half *, const __half *, const __half *, int, int)"
35041485,35042349,"k_kv_append(__half *, __half *, const __half *, int, int)"
35042414,35051822,"k_attn_decode(__half *, const __half *, const __half *, const __half *, int, int)"
35051854,35059183,"k_gemv_fp16(__half *, const __half *, const __half *, const __half *, int, int)"
35059215,35060015,"k_add(__half *, const __half *, unsigned long long)"
35060751,35063599,"k_layernorm(__half *, const __half *, const __half *, const __half *, int, int)"
35063663,35084561,"k_gemv_fp16(__half *, const __half *, const __half *, const __half *, int, int)"
35084592,35085425,"k_gelu(__half *, unsigned long long)"
35085457,35108146,"k_gemv_fp16(__half *, const __half *, const __half *, const __half *, int, int)"
35108178,35108978,"k_add(__half *, const __half *, unsigned long long)"
35109010,35111890,"k_layernorm(__half *, const __half *, const __half *, const __half *, int, int)"
35111923,35423496,"k_gemv_fp16(__half *, const __half *, const __half *, const __half *, int, int)"
