timestamp, name, driver_version, pstate, clocks.current.sm [MHz], clocks.current.memory [MHz], temperature.gpu, power.draw [W], utilization.gpu [%]
2026/10/05 17:10:31.133, NVIDIA GeForce RTX 4060 Laptop GPU, 561.09, P8, 210 MHz, 405 MHz, 45, 1.83 W, 0 %
2026/10/05 17:10:31.340, NVIDIA GeForce RTX 4060 Laptop GPU, 561.09, P8, 210 MHz, 405 MHz, 45, 1.92 W, 0 %
2026/10/05 17:10:31.546, NVIDIA GeForce RTX 4060 Laptop GPU, 561.09, P8, 210 MHz, 405 MHz, 45, 1.95 W, 0 %
2026/10/05 17:10:31.753, NVIDIA GeForce RTX 4060 Laptop GPU, 561.09, P8, 210 MHz, 405 MHz, 45, 1.97 W, 0 %
2026/10/05 17:10:31.960, NVIDIA GeForce RTX 4060 Laptop GPU, 561.09, P0, 2250 MHz, 8000 MHz, 45, 2.00 W, 0 %
2026/10/05 17:10:32.182, NVIDIA GeForce RTX 4060 Laptop GPU, 561.09, P0, 2610 MHz, 8000 MHz, 45, 7.81 W, 62 %
2026/10/05 17:10:32.419, NVIDIA GeForce RTX 4060 Laptop GPU, 561.09, P0, 2610 MHz, 8000 MHz, 50, 16.79 W, 86 %
2026/10/05 17:10:32.642, NVIDIA GeForce RTX 4060 Laptop GPU, 561.09, P0, 2610 MHz, 8000 MHz, 50, 46.60 W, 80 %
2026/10/05 17:10:32.864, NVIDIA GeForce RTX 4060 Laptop GPU, 561.09, P0, 2610 MHz, 8000 MHz, 50, 47.83 W, 83 %
2026/10/05 17:10:33.070, NVIDIA GeForce RTX 4060 Laptop GPU, 561.09, P0, 2610 MHz, 8000 MHz, 51, 48.34 W, 85 %
2026/10/05 17:10:33.276, NVIDIA GeForce RTX 4060 Laptop GPU, 561.09, P0, 2610 MHz, 8000 MHz, 51, 47.57 W, 84 %
2026/10/05 17:10:33.482, NVIDIA GeForce RTX 4060 Laptop GPU, 561.09, P0, 2610 MHz, 8000 MHz, 51, 48.35 W, 85 %
2026/10/05 17:10:33.703, NVIDIA GeForce RTX 4060 Laptop GPU, 561.09, P0, 2610 MHz, 8000 MHz, 51, 48.26 W, 84 %
2026/10/05 17:10:33.924, NVIDIA GeForce RTX 4060 Laptop GPU, 561.09, P0, 2610 MHz, 8000 MHz, 51, 56.22 W, 87 %
2026/10/05 17:10:34.146, NVIDIA GeForce RTX 4060 Laptop GPU, 561.09, P0, 2610 MHz, 8000 MHz, 51, 56.22 W, 98 %
2026/10/05 17:10:34.352, NVIDIA GeForce RTX 4060 Laptop GPU, 561.09, P0, 2610 MHz, 8000 MHz, 55, 56.30 W, 99 %
2026/10/05 17:10:34.558, NVIDIA GeForce RTX 4060 Laptop GPU, 561.09, P0, 2610 MHz, 8000 MHz, 55, 56.30 W, 99 %
2026/10/05 17:10:34.763, NVIDIA GeForce RTX 4060 Laptop GPU, 561.09, P0, 2610 MHz, 8000 MHz, 55, 56.28 W, 99 %
2026/10/05 17:10:34.968, NVIDIA GeForce RTX 4060 Laptop GPU, 561.09, P0, 2610 MHz, 8000 MHz, 55, 56.27 W, 98 %
2026/10/05 17:10:35.189, NVIDIA GeForce RTX 4060 Laptop GPU, 561.09, P0, 2610 MHz, 8000 MHz, 55, 56.35 W, 99 %
2026/10/05 17:10:35.411, NVIDIA GeForce RTX 4060 Laptop GPU, 561.09, P0, 2610 MHz, 8000 MHz, 55, 56.35 W, 98 %
2026/10/05 17:10:35.617, NVIDIA GeForce RTX 4060 Laptop GPU, 561.09, P0, 2610 MHz, 8000 MHz, 55, 56.40 W, 99 %
2026/10/05 17:10:35.822, NVIDIA GeForce RTX 4060 Laptop GPU, 561.09, P0, 2610 MHz, 8000 MHz, 55, 56.44 W, 98 %
2026/10/05 17:10:36.059, NVIDIA GeForce RTX 4060 Laptop GPU, 561.09, P0, 2610 MHz, 8000 MHz, 55, 56.52 W, 99 %
2026/10/05 17:10:36.265, NVIDIA GeForce RTX 4060 Laptop GPU, 561.09, P0, 2610 MHz, 8000 MHz, 55, 56.53 W, 99 %
2026/10/05 17:10:36.487, NVIDIA GeForce RTX 4060 Laptop GPU, 561.09, P0, 2610 MHz, 8000 MHz, 55, 56.53 W, 98 %
2026/10/05 17:10:36.692, NVIDIA GeForce RTX 4060 Laptop GPU, 561.09, P0, 2610 MHz, 8000 MHz, 55, 56.55 W, 99 %
2026/10/05 17:10:36.898, NVIDIA GeForce RTX 4060 Laptop GPU, 561.09, P0, 2610 MHz, 8000 MHz, 56, 56.57 W, 99 %
2026/10/05 17:10:37.103, NVIDIA GeForce RTX 4060 Laptop GPU, 561.09, P0, 2610 MHz, 8000 MHz, 56, 56.53 W, 98 %
2026/10/05 17:10:37.325, NVIDIA GeForce RTX 4060 Laptop GPU, 561.09, P0, 2610 MHz, 8000 MHz, 56, 56.55 W, 99 %
2026/10/05 17:10:37.530, NVIDIA GeForce RTX 4060 Laptop GPU, 561.09, P0, 2610 MHz, 8000 MHz, 56, 56.57 W, 99 %
2026/10/05 17:10:37.751, NVIDIA GeForce RTX 4060 Laptop GPU, 561.09, P0, 2610 MHz, 8000 MHz, 56, 56.59 W, 98 %
2026/10/05 17:10:37.956, NVIDIA GeForce RTX 4060 Laptop GPU, 561.09, P0, 2610 MHz, 8000 MHz, 56, 56.59 W, 99 %
2026/10/05 17:10:38.162, NVIDIA GeForce RTX 4060 Laptop GPU, 561.09, P0, 2610 MHz, 8000 MHz, 56, 56.63 W, 98 %
2026/10/05 17:10:38.368, NVIDIA GeForce RTX 4060 Laptop GPU, 561.09, P0, 2610 MHz, 8000 MHz, 56, 56.63 W, 99 %
2026/10/05 17:10:38.574, NVIDIA GeForce RTX 4060 Laptop GPU, 561.09, P0, 2610 MHz, 8000 MHz, 56, 56.64 W, 99 %
2026/10/05 17:10:38.779, NVIDIA GeForce RTX 4060 Laptop GPU, 561.09, P0, 2610 MHz, 8000 MHz, 56, 56.70 W, 98 %
2026/10/05 17:10:39.017, NVIDIA GeForce RTX 4060 Laptop GPU, 561.09, P0, 2610 MHz, 8000 MHz, 56, 56.75 W, 99 %
2026/10/05 17:10:39.222, NVIDIA GeForce RTX 4060 Laptop GPU, 561.09, P0, 2610 MHz, 8000 MHz, 56, 56.75 W, 99 %
2026/10/05 17:10:39.428, NVIDIA GeForce RTX 4060 Laptop GPU, 561.09, P0, 2610 MHz, 8000 MHz, 56, 56.75 W, 99 %
2026/10/05 17:10:39.650, NVIDIA GeForce RTX 4060 Laptop GPU, 561.09, P0, 2610 MHz, 8000 MHz, 56, 56.77 W, 99 %
2026/10/05 17:10:39.855, NVIDIA GeForce RTX 4060 Laptop GPU, 561.09, P0, 2610 MHz, 8000 MHz, 56, 56.83 W, 99 %
2026/10/05 17:10:40.061, NVIDIA GeForce RTX 4060 Laptop GPU, 561.09, P0, 2610 MHz, 8000 MHz, 57, 56.91 W, 99 %
2026/10/05 17:10:40.282, NVIDIA GeForce RTX 4060 Laptop GPU, 561.09, P0, 2610 MHz, 8000 MHz, 57, 56.96 W, 99 %
2026/10/05 17:10:40.503, NVIDIA GeForce RTX 4060 Laptop GPU, 561.09, P0, 2610 MHz, 8000 MHz, 57, 56.82 W, 99 %
2026/10/05 17:10:40.709, NVIDIA GeForce RTX 4060 Laptop GPU, 561.09, P0, 2610 MHz, 8000 MHz, 57, 56.75 W, 99 %
2026/10/05 17:10:40.930, NVIDIA GeForce RTX 4060 Laptop GPU, 561.09, P0, 2610 MHz, 8000 MHz, 57, 57.01 W, 98 %
2026/10/05 17:10:41.136, NVIDIA GeForce RTX 4060 Laptop GPU, 561.09, P0, 2610 MHz, 8000 MHz, 57, 56.77 W, 99 %
2026/10/05 17:10:41.342, NVIDIA GeForce RTX 4060 Laptop GPU, 561.09, P0, 2610 MHz, 8000 MHz, 57, 56.70 W, 99 %
2026/10/05 17:10:41.548, NVIDIA GeForce RTX 4060 Laptop GPU, 561.09, P0, 2610 MHz, 8000 MHz, 57, 56.70 W, 98 %
2026/10/05 17:10:41.752, NVIDIA GeForce RTX 4060 Laptop GPU, 561.09, P0, 2610 MHz, 8000 MHz, 57, 56.60 W, 99 %
2026/10/05 17:10:41.958, NVIDIA GeForce RTX 4060 Laptop GPU, 561.09, P0, 2610 MHz, 8000 MHz, 57, 57.15 W, 98 %
2026/10/05 17:10:42.179, NVIDIA GeForce RTX 4060 Laptop GPU, 561.09, P0, 2610 MHz, 8000 MHz, 57, 57.02 W, 99 %
2026/10/05 17:10:42.401, NVIDIA GeForce RTX 4060 Laptop GPU, 561.09, P0, 2610 MHz, 8000 MHz, 57, 56.76 W, 99 %
2026/10/05 17:10:42.607, NVIDIA GeForce RTX 4060 Laptop GPU, 561.09, P0, 2610 MHz, 8000 MHz, 57, 56.40 W, 100 %
2026/10/05 17:10:43.367, NVIDIA GeForce RTX 4060 Laptop GPU, 561.09, P0, 2610 MHz, 8000 MHz, 58, 55.56 W, 100 %
2026/10/05 17:10:43.573, NVIDIA GeForce RTX 4060 Laptop GPU, 561.09, P0, 2610 MHz, 8000 MHz, 58, 55.35 W, 100 %
2026/10/05 17:10:43.780, NVIDIA GeForce RTX 4060 Laptop GPU, 561.09, P0, 2610 MHz, 8000 MHz, 58, 55.31 W, 100 %
2026/10/05 17:10:44.002, NVIDIA GeForce RTX 4060 Laptop GPU, 561.09, P0, 2610 MHz, 8000 MHz, 58, 55.31 W, 100 %
2026/10/05 17:10:44.209, NVIDIA GeForce RTX 4060 Laptop GPU, 561.09, P0, 2610 MHz, 8000 MHz, 58, 55.34 W, 100 %
2026/10/05 17:10:44.415, NVIDIA GeForce RTX 4060 Laptop GPU, 561.09, P0, 2610 MHz, 8000 MHz, 58, 55.35 W, 100 %
2026/10/05 17:10:44.621, NVIDIA GeForce RTX 4060 Laptop GPU, 561.09, P0, 2610 MHz, 8000 MHz, 58, 55.44 W, 100 %
2026/10/05 17:10:44.827, NVIDIA GeForce RTX 4060 Laptop GPU, 561.09, P0, 2610 MHz, 8000 MHz, 58, 55.47 W, 100 %
2026/10/05 17:10:45.050, NVIDIA GeForce RTX 4060 Laptop GPU, 561.09, P0, 2610 MHz, 8000 MHz, 58, 55.42 W, 100 %
2026/10/05 17:10:45.257, NVIDIA GeForce RTX 4060 Laptop GPU, 561.09, P0, 2610 MHz, 8000 MHz, 58, 55.53 W, 100 %
2026/10/05 17:10:45.463, NVIDIA GeForce RTX 4060 Laptop GPU, 561.09, P0, 2610 MHz, 8000 MHz, 58, 55.47 W, 100 %
2026/10/05 17:10:45.669, NVIDIA GeForce RTX 4060 Laptop GPU, 561.09, P0, 2610 MHz, 8000 MHz, 58, 55.46 W, 100 %
2026/10/05 17:10:45.876, NVIDIA GeForce RTX 4060 Laptop GPU, 561.09, P0, 2610 MHz, 8000 MHz, 58, 55.57 W, 99 %
2026/10/05 17:10:46.097, NVIDIA GeForce RTX 4060 Laptop GPU, 561.09, P0, 2610 MHz, 8000 MHz, 58, 55.63 W, 100 %
2026/10/05 17:10:46.303, NVIDIA GeForce RTX 4060 Laptop GPU, 561.09, P0, 2610 MHz, 8000 MHz, 58, 55.53 W, 100 %
2026/10/05 17:10:46.525, NVIDIA GeForce RTX 4060 Laptop GPU, 561.09, P0, 2610 MHz, 8000 MHz, 58, 55.80 W, 100 %
2026/10/05 17:10:46.747, NVIDIA GeForce RTX 4060 Laptop GPU, 561.09, P0, 2610 MHz, 8000 MHz, 58, 55.48 W, 100 %
2026/10/05 17:10:46.954, NVIDIA GeForce RTX 4060 Laptop GPU, 561.09, P0, 2610 MHz, 8000 MHz, 58, 55.44 W, 100 %
2026/10/05 17:10:47.160, NVIDIA GeForce RTX 4060 Laptop GPU, 561.09, P0, 2610 MHz, 8000 MHz, 59, 55.26 W, 100 %
2026/10/05 17:10:47.367, NVIDIA GeForce RTX 4060 Laptop GPU, 561.09, P0, 2610 MHz, 8000 MHz, 59, 55.46 W, 100 %
2026/10/05 17:10:47.572, NVIDIA GeForce RTX 4060 Laptop GPU, 561.09, P0, 2610 MHz, 8000 MHz, 59, 55.42 W, 100 %
2026/10/05 17:10:47.779, NVIDIA GeForce RTX 4060 Laptop GPU, 561.09, P0, 2610 MHz, 8000 MHz, 59, 55.41 W, 100 %
2026/10/05 17:10:48.001, NVIDIA GeForce RTX 4060 Laptop GPU, 561.09, P0, 2610 MHz, 8000 MHz, 59, 55.44 W, 100 %
2026/10/05 17:10:48.207, NVIDIA GeForce RTX 4060 Laptop GPU, 561.09, P0, 2610 MHz, 8000 MHz, 59, 55.46 W, 100 %
2026/10/05 17:10:48.414, NVIDIA GeForce RTX 4060 Laptop GPU, 561.09, P0, 2610 MHz, 8000 MHz, 59, 55.50 W, 100 %
2026/10/05 17:10:48.621, NVIDIA GeForce RTX 4060 Laptop GPU, 561.09, P0, 2610 MHz, 8000 MHz, 59, 55.50 W, 100 %
2026/10/05 17:10:48.826, NVIDIA GeForce RTX 4060 Laptop GPU, 561.09, P0, 2610 MHz, 8000 MHz, 59, 55.51 W, 100 %
2026/10/05 17:10:49.032, NVIDIA GeForce RTX 4060 Laptop GPU, 561.09, P0, 2610 MHz, 8000 MHz, 59, 55.49 W, 100 %
2026/10/05 17:10:49.239, NVIDIA GeForce RTX 4060 Laptop GPU, 561.09, P0, 2610 MHz, 8000 MHz, 59, 55.51 W, 100 %
2026/10/05 17:10:49.445, NVIDIA GeForce RTX 4060 Laptop GPU, 561.09, P0, 2610 MHz, 8000 MHz, 59, 55.50 W, 100 %
2026/10/05 17:10:49.651, NVIDIA GeForce RTX 4060 Laptop GPU, 561.09, P0, 2610 MHz, 8000 MHz, 59, 55.48 W, 100 %
2026/10/05 17:10:49.857, NVIDIA GeForce RTX 4060 Laptop GPU, 561.09, P0, 2610 MHz, 8000 MHz, 59, 55.46 W, 100 %
2026/10/05 17:10:50.064, NVIDIA GeForce RTX 4060 Laptop GPU, 561.09, P0, 2610 MHz, 8000 MHz, 59, 55.48 W, 100 %
2026/10/05 17:10:50.270, NVIDIA GeForce RTX 4060 Laptop GPU, 561.09, P0, 2610 MHz, 8000 MHz, 59, 55.45 W, 99 %
2026/10/05 17:10:50.476, NVIDIA GeForce RTX 4060 Laptop GPU, 561.09, P0, 2610 MHz, 8000 MHz, 59, 55.46 W, 100 %
2026/10/05 17:10:50.682, NVIDIA GeForce RTX 4060 Laptop GPU, 561.09, P0, 2610 MHz, 8000 MHz, 59, 55.46 W, 100 %
2026/10/05 17:10:50.888, NVIDIA GeForce RTX 4060 Laptop GPU, 561.09, P0, 2610 MHz, 8000 MHz, 59, 55.49 W, 100 %
2026/10/05 17:10:51.094, NVIDIA GeForce RTX 4060 Laptop GPU, 561.09, P0, 2610 MHz, 8000 MHz, 59, 55.50 W, 100 %
2026/10/05 17:10:51.301, NVIDIA GeForce RTX 4060 Laptop GPU, 561.09, P0, 2610 MHz, 8000 MHz, 59, 55.51 W, 100 %
2026/10/05 17:10:51.507, NVIDIA GeForce RTX 4060 Laptop GPU, 561.09, P0, 2610 MHz, 8000 MHz, 59, 55.52 W, 100 %
2026/10/05 17:10:51.713, NVIDIA GeForce RTX 4060 Laptop GPU, 561.09, P0, 2610 MHz, 8000 MHz, 59, 55.51 W, 100 %
2026/10/05 17:10:51.920, NVIDIA GeForce RTX 4060 Laptop GPU, 561.09, P0, 2610 MHz, 8000 MHz, 59, 55.52 W, 100 %
2026/10/05 17:10:52.126, NVIDIA GeForce RTX 4060 Laptop GPU, 561.09, P0, 2610 MHz, 8000 MHz, 59, 55.54 W, 100 %
2026/10/05 17:10:52.332, NVIDIA GeForce RTX 4060 Laptop GPU, 561.09, P0, 2610 MHz, 8000 MHz, 59, 55.58 W, 100 %
2026/10/05 17:10:52.538, NVIDIA GeForce RTX 4060 Laptop GPU, 561.09, P0, 2610 MHz, 8000 MHz, 59, 55.62 W, 100 %
2026/10/05 17:10:52.745, NVIDIA GeForce RTX 4060 Laptop GPU, 561.09, P0, 2610 MHz, 8000 MHz, 59, 55.65 W, 100 %
2026/10/05 17:10:52.950, NVIDIA GeForce RTX 4060 Laptop GPU, 561.09, P0, 2610 MHz, 8000 MHz, 59, 55.67 W, 100 %
2026/10/05 17:10:53.156, NVIDIA GeForce RTX 4060 Laptop GPU, 561.09, P0, 2610 MHz, 8000 MHz, 59, 55.69 W, 100 %
2026/10/05 17:10:53.363, NVIDIA GeForce RTX 4060 Laptop GPU, 561.09, P0, 2610 MHz, 8000 MHz, 59, 55.70 W, 100 %
2026/10/05 17:10:54.425, NVIDIA GeForce RTX 4060 Laptop GPU, 561.09, P0, 2595 MHz, 8000 MHz, 59, 55.59 W, 100 %
2026/10/05 17:10:54.631, NVIDIA GeForce RTX 4060 Laptop GPU, 561.09, P0, 2595 MHz, 8000 MHz, 59, 55.57 W, 100 %
2026/10/05 17:10:54.838, NVIDIA GeForce RTX 4060 Laptop GPU, 561.09, P0, 2595 MHz, 8000 MHz, 59, 55.52 W, 100 %
2026/10/05 17:10:55.055, NVIDIA GeForce RTX 4060 Laptop GPU, 561.09, P0, 2595 MHz, 8000 MHz, 59, 55.49 W, 100 %
2026/10/05 17:10:55.261, NVIDIA GeForce RTX 4060 Laptop GPU, 561.09, P0, 2595 MHz, 8000 MHz, 59, 55.46 W, 100 %
2026/10/05 17:10:55.468, NVIDIA GeForce RTX 4060 Laptop GPU, 561.09, P0, 2595 MHz, 8000 MHz, 59, 55.37 W, 100 %
2026/10/05 17:10:55.674, NVIDIA GeForce RTX 4060 Laptop GPU, 561.09, P0, 2595 MHz, 8000 MHz, 59, 55.32 W, 100 %
2026/10/05 17:10:55.896, NVIDIA GeForce RTX 4060 Laptop GPU, 561.09, P0, 2595 MHz, 8000 MHz, 59, 55.45 W, 100 %
2026/10/05 17:10:56.103, NVIDIA GeForce RTX 4060 Laptop GPU, 561.09, P0, 2595 MHz, 8000 MHz, 59, 55.40 W, 100 %
2026/10/05 17:10:56.309, NVIDIA GeForce RTX 4060 Laptop GPU, 561.09, P0, 2595 MHz, 8000 MHz, 59, 55.41 W, 100 %
2026/10/05 17:10:56.515, NVIDIA GeForce RTX 4060 Laptop GPU, 561.09, P0, 2595 MHz, 8000 MHz, 59, 55.41 W, 100 %
2026/10/05 17:10:56.722, NVIDIA GeForce RTX 4060 Laptop GPU, 561.09, P0, 2595 MHz, 8000 MHz, 59, 55.40 W, 100 %
2026/10/05 17:10:56.929, NVIDIA GeForce RTX 4060 Laptop GPU, 561.09, P0, 2595 MHz, 8000 MHz, 59, 55.39 W, 100 %
2026/10/05 17:10:57.135, NVIDIA GeForce RTX 4060 Laptop GPU, 561.09, P0, 2595 MHz, 8000 MHz, 59, 55.37 W, 100 %
2026/10/05 17:10:57.341, NVIDIA GeForce RTX 4060 Laptop GPU, 561.09, P0, 2595 MHz, 8000 MHz, 59, 55.37 W, 99 %
2026/10/05 17:10:57.546, NVIDIA GeForce RTX 4060 Laptop GPU, 561.09, P0, 2595 MHz, 8000 MHz, 59, 55.36 W, 100 %
2026/10/05 17:10:57.753, NVIDIA GeForce RTX 4060 Laptop GPU, 561.09, P0, 2595 MHz, 8000 MHz, 59, 55.37 W, 100 %
2026/10/05 17:10:57.959, NVIDIA GeForce RTX 4060 Laptop GPU, 561.09, P0, 2595 MHz, 8000 MHz, 59, 55.37 W, 100 %
2026/10/05 17:10:58.166, NVIDIA GeForce RTX 4060 Laptop GPU, 561.09, P0, 2595 MHz, 8000 MHz, 60, 55.36 W, 100 %
2026/10/05 17:10:58.372, NVIDIA GeForce RTX 4060 Laptop GPU, 561.09, P0, 2595 MHz, 8000 MHz, 60, 55.40 W, 99 %
2026/10/05 17:10:58.579, NVIDIA GeForce RTX 4060 Laptop GPU, 561.09, P0, 2595 MHz, 8000 MHz, 60, 55.41 W, 100 %
2026/10/05 17:10:58.802, NVIDIA GeForce RTX 4060 Laptop GPU, 561.09, P0, 2595 MHz, 8000 MHz, 59, 55.40 W, 100 %
2026/10/05 17:10:59.008, NVIDIA GeForce RTX 4060 Laptop GPU, 561.09, P0, 2595 MHz, 8000 MHz, 59, 55.43 W, 100 %
2026/10/05 17:10:59.214, NVIDIA GeForce RTX 4060 Laptop GPU, 561.09, P0, 2595 MHz, 8000 MHz, 59, 55.47 W, 100 %
2026/10/05 17:10:59.422, NVIDIA GeForce RTX 4060 Laptop GPU, 561.09, P0, 2595 MHz, 8000 MHz, 60, 55.47 W, 100 %
2026/10/05 17:10:59.627, NVIDIA GeForce RTX 4060 Laptop GPU, 561.09, P0, 2595 MHz, 8000 MHz, 60, 55.46 W, 100 %
2026/10/05 17:10:59.834, NVIDIA GeForce RTX 4060 Laptop GPU, 561.09, P0, 2595 MHz, 8000 MHz, 60, 55.46 W, 100 %
2026/10/05 17:11:00.040, NVIDIA GeForce RTX 4060 Laptop GPU, 561.09, P0, 2595 MHz, 8000 MHz, 59, 55.48 W, 100 %
2026/10/05 17:11:00.255, NVIDIA GeForce RTX 4060 Laptop GPU, 561.09, P0, 2595 MHz, 8000 MHz, 59, 55.51 W, 100 %
2026/10/05 17:11:00.462, NVIDIA GeForce RTX 4060 Laptop GPU, 561.09, P0, 2595 MHz, 8000 MHz, 59, 55.52 W, 100 %
2026/10/05 17:11:00.668, NVIDIA GeForce RTX 4060 Laptop GPU, 561.09, P0, 2595 MHz, 8000 MHz, 60, 55.51 W, 100 %
2026/10/05 17:11:00.874, NVIDIA GeForce RTX 4060 Laptop GPU, 561.09, P0, 2595 MHz, 8000 MHz, 60, 55.52 W, 100 %
2026/10/05 17:11:01.081, NVIDIA GeForce RTX 4060 Laptop GPU, 561.09, P0, 2595 MHz, 8000 MHz, 60, 55.53 W, 100 %
2026/10/05 17:11:01.287, NVIDIA GeForce RTX 4060 Laptop GPU, 561.09, P0, 2595 MHz, 8000 MHz, 60, 55.52 W, 100 %
2026/10/05 17:11:01.494, NVIDIA GeForce RTX 4060 Laptop GPU, 561.09, P0, 2595 MHz, 8000 MHz, 60, 55.51 W, 100 %
2026/10/05 17:11:01.700, NVIDIA GeForce RTX 4060 Laptop GPU, 561.09, P0, 2595 MHz, 8000 MHz, 60, 55.54 W, 100 %
2026/10/05 17:11:01.907, NVIDIA GeForce RTX 4060 Laptop GPU, 561.09, P0, 2595 MHz, 8000 MHz, 60, 55.55 W, 100 %
2026/10/05 17:11:02.114, NVIDIA GeForce RTX 4060 Laptop GPU, 561.09, P0, 2595 MHz, 8000 MHz, 60, 55.55 W, 100 %
2026/10/05 17:11:02.321, NVIDIA GeForce RTX 4060 Laptop GPU, 561.09, P0, 2595 MHz, 8000 MHz, 60, 55.54 W, 100 %
2026/10/05 17:11:02.527, NVIDIA GeForce RTX 4060 Laptop GPU, 561.09, P0, 2595 MHz, 8000 MHz, 60, 55.57 W, 100 %
2026/10/05 17:11:02.734, NVIDIA GeForce RTX 4060 Laptop GPU, 561.09, P0, 2595 MHz, 8000 MHz, 60, 55.56 W, 100 %
2026/10/05 17:11:02.940, NVIDIA GeForce RTX 4060 Laptop GPU, 561.09, P0, 2595 MHz, 8000 MHz, 60, 55.57 W, 100 %
2026/10/05 17:11:03.147, NVIDIA GeForce RTX 4060 Laptop GPU, 561.09, P0, 2595 MHz, 8000 MHz, 60, 55.56 W, 100 %
2026/10/05 17:11:03.353, NVIDIA GeForce RTX 4060 Laptop GPU, 561.09, P0, 2595 MHz, 8000 MHz, 60, 55.57 W, 100 %
2026/10/05 17:11:03.623, NVIDIA GeForce RTX 4060 Laptop GPU, 561.09, P0, 2595 MHz, 8000 MHz, 60, 55.64 W, 100 %
2026/10/05 17:11:03.830, NVIDIA GeForce RTX 4060 Laptop GPU, 561.09, P0, 2595 MHz, 8000 MHz, 60, 55.63 W, 100 %
2026/10/05 17:11:04.037, NVIDIA GeForce RTX 4060 Laptop GPU, 561.09, P0, 2595 MHz, 8000 MHz, 60, 55.61 W, 100 %
2026/10/05 17:11:04.243, NVIDIA GeForce RTX 4060 Laptop GPU, 561.09, P0, 2595 MHz, 8000 MHz, 60, 55.60 W, 99 %
2026/10/05 17:11:04.450, NVIDIA GeForce RTX 4060 Laptop GPU, 561.09, P0, 2595 MHz, 8000 MHz, 60, 55.60 W, 100 %
2026/10/05 17:11:04.657, NVIDIA GeForce RTX 4060 Laptop GPU, 561.09, P0, 2595 MHz, 8000 MHz, 60, 55.54 W, 100 %
2026/10/05 17:11:04.863, NVIDIA GeForce RTX 4060 Laptop GPU, 561.09, P0, 2595 MHz, 8000 MHz, 60, 55.54 W, 100 %
2026/10/05 17:11:05.070, NVIDIA GeForce RTX 4060 Laptop GPU, 561.09, P0, 2595 MHz, 8000 MHz, 60, 55.54 W, 100 %
2026/10/05 17:11:05.276, NVIDIA GeForce RTX 4060 Laptop GPU, 561.09, P0, 2595 MHz, 8000 MHz, 60, 55.58 W, 100 %
2026/10/05 17:11:05.483, NVIDIA GeForce RTX 4060 Laptop GPU, 561.09, P0, 2595 MHz, 8000 MHz, 60, 55.58 W, 100 %
2026/10/05 17:11:05.689, NVIDIA GeForce RTX 4060 Laptop GPU, 561.09, P0, 2595 MHz, 8000 MHz, 60, 55.58 W, 100 %
2026/10/05 17:11:05.895, NVIDIA GeForce RTX 4060 Laptop GPU, 561.09, P0, 2595 MHz, 8000 MHz, 60, 55.58 W, 100 %
2026/10/05 17:11:06.101, NVIDIA GeForce RTX 4060 Laptop GPU, 561.09, P0, 2595 MHz, 8000 MHz, 60, 55.60 W, 100 %
2026/10/05 17:11:06.307, NVIDIA GeForce RTX 4060 Laptop GPU, 561.09, P0, 2595 MHz, 8000 MHz, 60, 55.58 W, 99 %
2026/10/05 17:11:06.513, NVIDIA GeForce RTX 4060 Laptop GPU, 561.09, P0, 2595 MHz, 8000 MHz, 60, 55.58 W, 100 %
2026/10/05 17:11:06.720, NVIDIA GeForce RTX 4060 Laptop GPU, 561.09, P0, 2595 MHz, 8000 MHz, 60, 55.56 W, 100 %
2026/10/05 17:11:06.926, NVIDIA GeForce RTX 4060 Laptop GPU, 561.09, P0, 2595 MHz, 8000 MHz, 60, 55.58 W, 100 %
2026/10/05 17:11:07.132, NVIDIA GeForce RTX 4060 Laptop GPU, 561.09, P0, 2595 MHz, 8000 MHz, 60, 55.57 W, 100 %
2026/10/05 17:11:07.339, NVIDIA GeForce RTX 4060 Laptop GPU, 561.09, P0, 2595 MHz, 8000 MHz, 60, 55.58 W, 100 %
2026/10/05 17:11:07.546, NVIDIA GeForce RTX 4060 Laptop GPU, 561.09, P0, 2595 MHz, 8000 MHz, 60, 55.57 W, 100 %
2026/10/05 17:11:07.753, NVIDIA GeForce RTX 4060 Laptop GPU, 561.09, P0, 2595 MHz, 8000 MHz, 60, 55.59 W, 100 %
2026/10/05 17:11:07.959, NVIDIA GeForce RTX 4060 Laptop GPU, 561.09, P0, 2595 MHz, 8000 MHz, 60, 55.59 W, 100 %
2026/10/05 17:11:08.165, NVIDIA GeForce RTX 4060 Laptop GPU, 561.09, P0, 2595 MHz, 8000 MHz, 60, 55.60 W, 100 %
2026/10/05 17:11:08.372, NVIDIA GeForce RTX 4060 Laptop GPU, 561.09, P0, 2595 MHz, 8000 MHz, 60, 55.61 W, 100 %
2026/10/05 17:11:08.577, NVIDIA GeForce RTX 4060 Laptop GPU, 561.09, P0, 2595 MHz, 8000 MHz, 60, 55.63 W, 100 %
2026/10/05 17:11:08.800, NVIDIA GeForce RTX 4060 Laptop GPU, 561.09, P0, 2595 MHz, 8000 MHz, 60, 55.64 W, 100 %
2026/10/05 17:11:09.007, NVIDIA GeForce RTX 4060 Laptop GPU, 561.09, P0, 2595 MHz, 8000 MHz, 60, 55.64 W, 100 %
2026/10/05 17:11:09.214, NVIDIA GeForce RTX 4060 Laptop GPU, 561.09, P0, 2595 MHz, 8000 MHz, 60, 55.63 W, 100 %
2026/10/05 17:11:09.421, NVIDIA GeForce RTX 4060 Laptop GPU, 561.09, P0, 2595 MHz, 8000 MHz, 60, 55.59 W, 99 %
2026/10/05 17:11:09.643, NVIDIA GeForce RTX 4060 Laptop GPU, 561.09, P0, 2595 MHz, 8000 MHz, 60, 55.60 W, 100 %
2026/10/05 17:11:09.849, NVIDIA GeForce RTX 4060 Laptop GPU, 561.09, P0, 2595 MHz, 8000 MHz, 60, 55.59 W, 100 %
2026/10/05 17:11:10.055, NVIDIA GeForce RTX 4060 Laptop GPU, 561.09, P0, 2595 MHz, 8000 MHz, 60, 55.61 W, 100 %
2026/10/05 17:11:10.261, NVIDIA GeForce RTX 4060 Laptop GPU, 561.09, P0, 2595 MHz, 8000 MHz, 60, 55.61 W, 100 %
2026/10/05 17:11:10.467, NVIDIA GeForce RTX 4060 Laptop GPU, 561.09, P0, 2595 MHz, 8000 MHz, 60, 55.69 W, 100 %
2026/10/05 17:11:10.689, NVIDIA GeForce RTX 4060 Laptop GPU, 561.09, P0, 2595 MHz, 8000 MHz, 60, 55.69 W, 100 %
2026/10/05 17:11:10.895, NVIDIA GeForce RTX 4060 Laptop GPU, 561.09, P0, 2595 MHz, 8000 MHz, 60, 55.69 W, 100 %
2026/10/05 17:11:11.102, NVIDIA GeForce RTX 4060 Laptop GPU, 561.09, P0, 2595 MHz, 8000 MHz, 60, 55.67 W, 100 %
2026/10/05 17:11:11.307, NVIDIA GeForce RTX 4060 Laptop GPU, 561.09, P0, 2595 MHz, 8000 MHz, 60, 55.69 W, 100 %
2026/10/05 17:11:11.514, NVIDIA GeForce RTX 4060 Laptop GPU, 561.09, P0, 2595 MHz, 8000 MHz, 60, 55.69 W, 100 %
2026/10/05 17:11:11.721, NVIDIA GeForce RTX 4060 Laptop GPU, 561.09, P0, 2595 MHz, 8000 MHz, 60, 55.70 W, 100 %
2026/10/05 17:11:11.928, NVIDIA GeForce RTX 4060 Laptop GPU, 561.09, P0, 2595 MHz, 8000 MHz, 60, 55.74 W, 100 %
2026/10/05 17:11:12.135, NVIDIA GeForce RTX 4060 Laptop GPU, 561.09, P0, 2595 MHz, 8000 MHz, 60, 55.80 W, 100 %
2026/10/05 17:11:12.341, NVIDIA GeForce RTX 4060 Laptop GPU, 561.09, P0, 2595 MHz, 8000 MHz, 60, 55.82 W, 100 %
2026/10/05 17:11:12.548, NVIDIA GeForce RTX 4060 Laptop GPU, 561.09, P0, 2595 MHz, 8000 MHz, 60, 55.86 W, 100 %
2026/10/05 17:11:12.754, NVIDIA GeForce RTX 4060 Laptop GPU, 561.09, P0, 2595 MHz, 8000 MHz, 60, 55.90 W, 100 %
2026/10/05 17:11:12.961, NVIDIA GeForce RTX 4060 Laptop GPU, 561.09, P0, 2595 MHz, 8000 MHz, 60, 55.92 W, 100 %
2026/10/05 17:11:13.167, NVIDIA GeForce RTX 4060 Laptop GPU, 561.09, P0, 2595 MHz, 8000 MHz, 60, 55.92 W, 100 %
2026/10/05 17:11:13.373, NVIDIA GeForce RTX 4060 Laptop GPU, 561.09, P0, 2595 MHz, 8000 MHz, 60, 55.94 W, 100 %
2026/10/05 17:11:13.596, NVIDIA GeForce RTX 4060 Laptop GPU, 561.09, P0, 2595 MHz, 8000 MHz, 60, 55.97 W, 100 %
2026/10/05 17:11:13.802, NVIDIA GeForce RTX 4060 Laptop GPU, 561.09, P0, 2595 MHz, 8000 MHz, 60, 55.94 W, 100 %
2026/10/05 17:11:14.008, NVIDIA GeForce RTX 4060 Laptop GPU, 561.09, P0, 2595 MHz, 8000 MHz, 60, 55.97 W, 100 %
2026/10/05 17:11:14.215, NVIDIA GeForce RTX 4060 Laptop GPU, 561.09, P0, 2595 MHz, 8000 MHz, 60, 55.97 W, 100 %
2026/10/05 17:11:14.423, NVIDIA GeForce RTX 4060 Laptop GPU, 561.09, P0, 2595 MHz, 8000 MHz, 60, 55.95 W, 100 %
2026/10/05 17:11:14.629, NVIDIA GeForce RTX 4060 Laptop GPU, 561.09, P0, 2595 MHz, 8000 MHz, 60, 55.95 W, 100 %
2026/10/05 17:11:14.836, NVIDIA GeForce RTX 4060 Laptop GPU, 561.09, P0, 2595 MHz, 8000 MHz, 60, 55.94 W, 100 %
2026/10/05 17:11:15.042, NVIDIA GeForce RTX 4060 Laptop GPU, 561.09, P0, 2595 MHz, 8000 MHz, 60, 55.92 W, 100 %
2026/10/05 17:11:15.248, NVIDIA GeForce RTX 4060 Laptop GPU, 561.09, P0, 2595 MHz, 8000 MHz, 60, 55.93 W, 100 %
2026/10/05 17:11:15.455, NVIDIA GeForce RTX 4060 Laptop GPU, 561.09, P0, 2595 MHz, 8000 MHz, 60, 55.94 W, 100 %
2026/10/05 17:11:15.661, NVIDIA GeForce RTX 4060 Laptop GPU, 561.09, P0, 2595 MHz, 8000 MHz, 60, 55.91 W, 100 %
2026/10/05 17:11:15.867, NVIDIA GeForce RTX 4060 Laptop GPU, 561.09, P0, 2595 MHz, 8000 MHz, 60, 55.94 W, 100 %
2026/10/05 17:11:16.075, NVIDIA GeForce RTX 4060 Laptop GPU, 561.09, P0, 2595 MHz, 8000 MHz, 60, 55.96 W, 100 %
2026/10/05 17:11:16.280, NVIDIA GeForce RTX 4060 Laptop GPU, 561.09, P0, 2595 MHz, 8000 MHz, 60, 55.97 W, 100 %
2026/10/05 17:11:16.487, NVIDIA GeForce RTX 4060 Laptop GPU, 561.09, P0, 2595 MHz, 8000 MHz, 60, 55.94 W, 100 %
2026/10/05 17:11:16.693, NVIDIA GeForce RTX 4060 Laptop GPU, 561.09, P0, 2595 MHz, 8000 MHz, 61, 55.98 W, 100 %
2026/10/05 17:11:16.899, NVIDIA GeForce RTX 4060 Laptop GPU, 561.09, P0, 2595 MHz, 8000 MHz, 61, 55.97 W, 100 %
2026/10/05 17:11:17.106, NVIDIA GeForce RTX 4060 Laptop GPU, 561.09, P0, 2595 MHz, 8000 MHz, 61, 55.95 W, 100 %
2026/10/05 17:11:17.312, NVIDIA GeForce RTX 4060 Laptop GPU, 561.09, P0, 2595 MHz, 8000 MHz, 61, 55.97 W, 100 %
2026/10/05 17:11:17.519, NVIDIA GeForce RTX 4060 Laptop GPU, 561.09, P0, 2595 MHz, 8000 MHz, 61, 55.96 W, 100 %
2026/10/05 17:11:17.727, NVIDIA GeForce RTX 4060 Laptop GPU, 561.09, P0, 2595 MHz, 8000 MHz, 61, 55.95 W, 100 %
2026/10/05 17:11:17.933, NVIDIA GeForce RTX 4060 Laptop GPU, 561.09, P0, 2595 MHz, 8000 MHz, 61, 55.95 W, 100 %
2026/10/05 17:11:18.140, NVIDIA GeForce RTX 4060 Laptop GPU, 561.09, P0, 2595 MHz, 8000 MHz, 61, 55.95 W, 100 %
2026/10/05 17:11:18.347, NVIDIA GeForce RTX 4060 Laptop GPU, 561.09, P0, 2595 MHz, 8000 MHz, 61, 55.92 W, 100 %
2026/10/05 17:11:18.554, NVIDIA GeForce RTX 4060 Laptop GPU, 561.09, P0, 2595 MHz, 8000 MHz, 61, 55.94 W, 100 %
2026/10/05 17:11:18.760, NVIDIA GeForce RTX 4060 Laptop GPU, 561.09, P0, 2595 MHz, 8000 MHz, 61, 55.95 W, 100 %
2026/10/05 17:11:18.967, NVIDIA GeForce RTX 4060 Laptop GPU, 561.09, P0, 2595 MHz, 8000 MHz, 61, 55.97 W, 100 %
2026/10/05 17:11:19.174, NVIDIA GeForce RTX 4060 Laptop GPU, 561.09, P0, 2595 MHz, 8000 MHz, 60, 55.94 W, 100 %
2026/10/05 17:11:19.396, NVIDIA GeForce RTX 4060 Laptop GPU, 561.09, P0, 2595 MHz, 8000 MHz, 60, 55.99 W, 100 %
2026/10/05 17:11:19.603, NVIDIA GeForce RTX 4060 Laptop GPU, 561.09, P0, 2595 MHz, 8000 MHz, 60, 56.00 W, 100 %
2026/10/05 17:11:19.810, NVIDIA GeForce RTX 4060 Laptop GPU, 561.09, P0, 2595 MHz, 8000 MHz, 61, 56.00 W, 100 %
2026/10/05 17:11:20.017, NVIDIA GeForce RTX 4060 Laptop GPU, 561.09, P0, 2595 MHz, 8000 MHz, 61, 56.02 W, 100 %
2026/10/05 17:11:20.223, NVIDIA GeForce RTX 4060 Laptop GPU, 561.09, P0, 2595 MHz, 8000 MHz, 61, 56.02 W, 100 %
2026/10/05 17:11:20.429, NVIDIA GeForce RTX 4060 Laptop GPU, 561.09, P0, 2595 MHz, 8000 MHz, 61, 56.00 W, 100 %
2026/10/05 17:11:20.651, NVIDIA GeForce RTX 4060 Laptop GPU, 561.09, P0, 2595 MHz, 8000 MHz, 61, 56.01 W, 100 %
2026/10/05 17:11:20.857, NVIDIA GeForce RTX 4060 Laptop GPU, 561.09, P0, 2595 MHz, 8000 MHz, 61, 56.02 W, 100 %
2026/10/05 17:11:21.064, NVIDIA GeForce RTX 4060 Laptop GPU, 561.09, P0, 2595 MHz, 8000 MHz, 61, 56.02 W, 100 %
2026/10/05 17:11:21.271, NVIDIA GeForce RTX 4060 Laptop GPU, 561.09, P0, 2595 MHz, 8000 MHz, 61, 56.00 W, 100 %
2026/10/05 17:11:21.477, NVIDIA GeForce RTX 4060 Laptop GPU, 561.09, P0, 2595 MHz, 8000 MHz, 61, 56.00 W, 100 %
2026/10/05 17:11:21.684, NVIDIA GeForce RTX 4060 Laptop GPU, 561.09, P0, 2595 MHz, 8000 MHz, 61, 56.00 W, 100 %
2026/10/05 17:11:21.890, NVIDIA GeForce RTX 4060 Laptop GPU, 561.09, P0, 2595 MHz, 8000 MHz, 61, 55.96 W, 100 %
2026/10/05 17:11:22.097, NVIDIA GeForce RTX 4060 Laptop GPU, 561.09, P0, 2595 MHz, 8000 MHz, 61, 55.98 W, 100 %
2026/10/05 17:11:22.303, NVIDIA GeForce RTX 4060 Laptop GPU, 561.09, P0, 2595 MHz, 8000 MHz, 61, 55.99 W, 100 %
2026/10/05 17:11:22.510, NVIDIA GeForce RTX 4060 Laptop GPU, 561.09, P0, 2595 MHz, 8000 MHz, 61, 55.99 W, 100 %
2026/10/05 17:11:22.716, NVIDIA GeForce RTX 4060 Laptop GPU, 561.09, P0, 2595 MHz, 8000 MHz, 61, 56.03 W, 100 %
2026/10/05 17:11:22.922, NVIDIA GeForce RTX 4060 Laptop GPU, 561.09, P0, 2595 MHz, 8000 MHz, 61, 56.06 W, 100 %
2026/10/05 17:11:23.129, NVIDIA GeForce RTX 4060 Laptop GPU, 561.09, P0, 2595 MHz, 8000 MHz, 61, 56.07 W, 100 %
2026/10/05 17:11:23.335, NVIDIA GeForce RTX 4060 Laptop GPU, 561.09, P0, 2595 MHz, 8000 MHz, 61, 56.10 W, 100 %
2026/10/05 17:11:23.542, NVIDIA GeForce RTX 4060 Laptop GPU, 561.09, P0, 2595 MHz, 8000 MHz, 61, 56.12 W, 100 %
2026/10/05 17:11:23.748, NVIDIA GeForce RTX 4060 Laptop GPU, 561.09, P0, 2595 MHz, 8000 MHz, 61, 56.10 W, 100 %
2026/10/05 17:11:23.954, NVIDIA GeForce RTX 4060 Laptop GPU, 561.09, P0, 2595 MHz, 8000 MHz, 61, 56.13 W, 100 %
2026/10/05 17:11:24.160, NVIDIA GeForce RTX 4060 Laptop GPU, 561.09, P0, 2595 MHz, 8000 MHz, 61, 56.12 W, 100 %
2026/10/05 17:11:24.366, NVIDIA GeForce RTX 4060 Laptop GPU, 561.09, P0, 2595 MHz, 8000 MHz, 61, 56.14 W, 100 %
2026/10/05 17:11:24.573, NVIDIA GeForce RTX 4060 Laptop GPU, 561.09, P0, 2595 MHz, 8000 MHz, 61, 56.11 W, 100 %
2026/10/05 17:11:24.795, NVIDIA GeForce RTX 4060 Laptop GPU, 561.09, P0, 2595 MHz, 8000 MHz, 61, 56.15 W, 100 %
2026/10/05 17:11:25.001, NVIDIA GeForce RTX 4060 Laptop GPU, 561.09, P0, 2595 MHz, 8000 MHz, 61, 56.20 W, 100 %
2026/10/05 17:11:25.208, NVIDIA GeForce RTX 4060 Laptop GPU, 561.09, P0, 2595 MHz, 8000 MHz, 61, 56.14 W, 100 %
2026/10/05 17:11:25.415, NVIDIA GeForce RTX 4060 Laptop GPU, 561.09, P0, 2595 MHz, 8000 MHz, 61, 56.13 W, 100 %
2026/10/05 17:11:25.622, NVIDIA GeForce RTX 4060 Laptop GPU, 561.09, P0, 2595 MHz, 8000 MHz, 61, 56.14 W, 100 %
2026/10/05 17:11:25.844, NVIDIA GeForce RTX 4060 Laptop GPU, 561.09, P0, 2595 MHz, 8000 MHz, 61, 56.14 W, 100 %
2026/10/05 17:11:26.051, NVIDIA GeForce RTX 4060 Laptop GPU, 561.09, P0, 2595 MHz, 8000 MHz, 61, 56.12 W, 100 %
2026/10/05 17:11:26.257, NVIDIA GeForce RTX 4060 Laptop GPU, 561.09, P0, 2595 MHz, 8000 MHz, 61, 56.15 W, 100 %
2026/10/05 17:11:26.463, NVIDIA GeForce RTX 4060 Laptop GPU, 561.09, P0, 2595 MHz, 8000 MHz, 61, 56.09 W, 100 %
2026/10/05 17:11:26.670, NVIDIA GeForce RTX 4060 Laptop GPU, 561.09, P0, 2595 MHz, 8000 MHz, 61, 56.11 W, 100 %
2026/10/05 17:11:26.892, NVIDIA GeForce RTX 4060 Laptop GPU, 561.09, P0, 2595 MHz, 8000 MHz, 61, 56.11 W, 100 %
2026/10/05 17:11:27.100, NVIDIA GeForce RTX 4060 Laptop GPU, 561.09, P0, 2595 MHz, 8000 MHz, 61, 56.12 W, 100 %
2026/10/05 17:11:27.306, NVIDIA GeForce RTX 4060 Laptop GPU, 561.09, P0, 2595 MHz, 8000 MHz, 61, 56.09 W, 100 %
2026/10/05 17:11:27.513, NVIDIA GeForce RTX 4060 Laptop GPU, 561.09, P0, 2595 MHz, 8000 MHz, 61, 56.14 W, 100 %
2026/10/05 17:11:27.720, NVIDIA GeForce RTX 4060 Laptop GPU, 561.09, P0, 2595 MHz, 8000 MHz, 61, 56.15 W, 100 %
2026/10/05 17:11:27.926, NVIDIA GeForce RTX 4060 Laptop GPU, 561.09, P0, 2595 MHz, 8000 MHz, 61, 56.13 W, 100 %
2026/10/05 17:11:28.133, NVIDIA GeForce RTX 4060 Laptop GPU, 561.09, P0, 2595 MHz, 8000 MHz, 61, 56.15 W, 100 %
2026/10/05 17:11:28.339, NVIDIA GeForce RTX 4060 Laptop GPU, 561.09, P0, 2595 MHz, 8000 MHz, 61, 56.15 W, 100 %
2026/10/05 17:11:28.545, NVIDIA GeForce RTX 4060 Laptop GPU, 561.09, P0, 2595 MHz, 8000 MHz, 61, 56.14 W, 100 %
2026/10/05 17:11:28.752, NVIDIA GeForce RTX 4060 Laptop GPU, 561.09, P0, 2595 MHz, 8000 MHz, 61, 56.15 W, 100 %
2026/10/05 17:11:28.959, NVIDIA GeForce RTX 4060 Laptop GPU, 561.09, P0, 2595 MHz, 8000 MHz, 61, 56.16 W, 100 %
2026/10/05 17:11:29.165, NVIDIA GeForce RTX 4060 Laptop GPU, 561.09, P0, 2595 MHz, 8000 MHz, 61, 56.18 W, 100 %
2026/10/05 17:11:29.387, NVIDIA GeForce RTX 4060 Laptop GPU, 561.09, P0, 2595 MHz, 8000 MHz, 61, 56.18 W, 100 %
2026/10/05 17:11:29.594, NVIDIA GeForce RTX 4060 Laptop GPU, 561.09, P0, 2595 MHz, 8000 MHz, 61, 56.18 W, 100 %
2026/10/05 17:11:29.800, NVIDIA GeForce RTX 4060 Laptop GPU, 561.09, P0, 2595 MHz, 8000 MHz, 61, 56.18 W, 100 %
2026/10/05 17:11:30.007, NVIDIA GeForce RTX 4060 Laptop GPU, 561.09, P0, 2595 MHz, 8000 MHz, 61, 56.14 W, 100 %
2026/10/05 17:11:30.214, NVIDIA GeForce RTX 4060 Laptop GPU, 561.09, P0, 2595 MHz, 8000 MHz, 61, 56.17 W, 100 %
2026/10/05 17:11:30.420, NVIDIA GeForce RTX 4060 Laptop GPU, 561.09, P0, 2595 MHz, 8000 MHz, 61, 56.14 W, 100 %
2026/10/05 17:11:30.627, NVIDIA GeForce RTX 4060 Laptop GPU, 561.09, P0, 2595 MHz, 8000 MHz, 61, 56.13 W, 100 %
2026/10/05 17:11:30.833, NVIDIA GeForce RTX 4060 Laptop GPU, 561.09, P0, 2595 MHz, 8000 MHz, 61, 56.18 W, 100 %
2026/10/05 17:11:31.038, NVIDIA GeForce RTX 4060 Laptop GPU, 561.09, P0, 2595 MHz, 8000 MHz, 61, 56.23 W, 100 %
2026/10/05 17:11:31.245, NVIDIA GeForce RTX 4060 Laptop GPU, 561.09, P0, 2595 MHz, 8000 MHz, 61, 56.23 W, 100 %
2026/10/05 17:11:31.452, NVIDIA GeForce RTX 4060 Laptop GPU, 561.09, P0, 2595 MHz, 8000 MHz, 61, 56.25 W, 100 %
2026/10/05 17:11:31.658, NVIDIA GeForce RTX 4060 Laptop GPU, 561.09, P0, 2595 MHz, 8000 MHz, 61, 56.26 W, 100 %
2026/10/05 17:11:31.865, NVIDIA GeForce RTX 4060 Laptop GPU, 561.09, P0, 2595 MHz, 8000 MHz, 61, 56.24 W, 100 %
2026/10/05 17:11:32.072, NVIDIA GeForce RTX 4060 Laptop GPU, 561.09, P0, 2595 MHz, 8000 MHz, 61, 56.19 W, 100 %
2026/10/05 17:11:32.278, NVIDIA GeForce RTX 4060 Laptop GPU, 561.09, P0, 2595 MHz, 8000 MHz, 61, 56.19 W, 100 %
2026/10/05 17:11:32.485, NVIDIA GeForce RTX 4060 Laptop GPU, 561.09, P0, 2595 MHz, 8000 MHz, 61, 56.19 W, 100 %
2026/10/05 17:11:32.691, NVIDIA GeForce RTX 4060 Laptop GPU, 561.09, P0, 2595 MHz, 8000 MHz, 61, 56.17 W, 100 %
2026/10/05 17:11:32.897, NVIDIA GeForce RTX 4060 Laptop GPU, 561.09, P0, 2595 MHz, 8000 MHz, 61, 56.20 W, 100 %
2026/10/05 17:11:33.104, NVIDIA GeForce RTX 4060 Laptop GPU, 561.09, P0, 2595 MHz, 8000 MHz, 61, 56.21 W, 100 %
2026/10/05 17:11:33.310, NVIDIA GeForce RTX 4060 Laptop GPU, 561.09, P0, 2595 MHz, 8000 MHz, 61, 56.20 W, 100 %
2026/10/05 17:11:33.516, NVIDIA GeForce RTX 4060 Laptop GPU, 561.09, P0, 2595 MHz, 8000 MHz, 61, 56.23 W, 100 %
2026/10/05 17:11:33.723, NVIDIA GeForce RTX 4060 Laptop GPU, 561.09, P0, 2595 MHz, 8000 MHz, 61, 56.23 W, 100 %
2026/10/05 17:11:33.929, NVIDIA GeForce RTX 4060 Laptop GPU, 561.09, P0, 2595 MHz, 8000 MHz, 61, 56.19 W, 100 %
2026/10/05 17:11:34.135, NVIDIA GeForce RTX 4060 Laptop GPU, 561.09, P0, 2595 MHz, 8000 MHz, 61, 56.19 W, 99 %
2026/10/05 17:11:34.341, NVIDIA GeForce RTX 4060 Laptop GPU, 561.09, P0, 2595 MHz, 8000 MHz, 61, 56.19 W, 100 %
2026/10/05 17:11:34.547, NVIDIA GeForce RTX 4060 Laptop GPU, 561.09, P0, 2595 MHz, 8000 MHz, 61, 56.16 W, 100 %
2026/10/05 17:11:34.754, NVIDIA GeForce RTX 4060 Laptop GPU, 561.09, P0, 2595 MHz, 8000 MHz, 61, 56.19 W, 100 %
2026/10/05 17:11:34.961, NVIDIA GeForce RTX 4060 Laptop GPU, 561.09, P0, 2595 MHz, 8000 MHz, 61, 56.18 W, 100 %
2026/10/05 17:11:35.167, NVIDIA GeForce RTX 4060 Laptop GPU, 561.09, P0, 2595 MHz, 8000 MHz, 61, 56.21 W, 100 %
2026/10/05 17:11:35.390, NVIDIA GeForce RTX 4060 Laptop GPU, 561.09, P0, 2595 MHz, 8000 MHz, 61, 56.21 W, 100 %
2026/10/05 17:11:35.596, NVIDIA GeForce RTX 4060 Laptop GPU, 561.09, P0, 2595 MHz, 8000 MHz, 61, 56.22 W, 100 %
2026/10/05 17:11:35.803, NVIDIA GeForce RTX 4060 Laptop GPU, 561.09, P0, 2595 MHz, 8000 MHz, 61, 56.22 W, 100 %
2026/10/05 17:11:36.010, NVIDIA GeForce RTX 4060 Laptop GPU, 561.09, P0, 2595 MHz, 8000 MHz, 61, 56.21 W, 100 %
2026/10/05 17:11:36.215, NVIDIA GeForce RTX 4060 Laptop GPU, 561.09, P0, 2595 MHz, 8000 MHz, 61, 56.23 W, 100 %
2026/10/05 17:11:36.421, NVIDIA GeForce RTX 4060 Laptop GPU, 561.09, P0, 2595 MHz, 8000 MHz, 61, 56.22 W, 100 %
2026/10/05 17:11:36.627, NVIDIA GeForce RTX 4060 Laptop GPU, 561.09, P0, 2595 MHz, 8000 MHz, 61, 56.22 W, 100 %
2026/10/05 17:11:36.833, NVIDIA GeForce RTX 4060 Laptop GPU, 561.09, P0, 2595 MHz, 8000 MHz, 61, 56.23 W, 100 %
2026/10/05 17:11:37.040, NVIDIA GeForce RTX 4060 Laptop GPU, 561.09, P0, 2595 MHz, 8000 MHz, 61, 56.23 W, 100 %
2026/10/05 17:11:37.246, NVIDIA GeForce RTX 4060 Laptop GPU, 561.09, P0, 2595 MHz, 8000 MHz, 61, 56.21 W, 100 %
2026/10/05 17:11:37.453, NVIDIA GeForce RTX 4060 Laptop GPU, 561.09, P0, 2595 MHz, 8000 MHz, 61, 56.23 W, 100 %
2026/10/05 17:11:37.660, NVIDIA GeForce RTX 4060 Laptop GPU, 561.09, P0, 2595 MHz, 8000 MHz, 61, 56.22 W, 100 %
2026/10/05 17:11:37.867, NVIDIA GeForce RTX 4060 Laptop GPU, 561.09, P0, 2595 MHz, 8000 MHz, 61, 56.20 W, 100 %
2026/10/05 17:11:38.073, NVIDIA GeForce RTX 4060 Laptop GPU, 561.09, P0, 2595 MHz, 8000 MHz, 61, 56.18 W, 100 %
2026/10/05 17:11:38.279, NVIDIA GeForce RTX 4060 Laptop GPU, 561.09, P0, 2595 MHz, 8000 MHz, 61, 56.21 W, 100 %
2026/10/05 17:11:38.486, NVIDIA GeForce RTX 4060 Laptop GPU, 561.09, P0, 2595 MHz, 8000 MHz, 61, 56.21 W, 100 %
2026/10/05 17:11:38.693, NVIDIA GeForce RTX 4060 Laptop GPU, 561.09, P0, 2595 MHz, 8000 MHz, 61, 56.20 W, 100 %
2026/10/05 17:11:38.899, NVIDIA GeForce RTX 4060 Laptop GPU, 561.09, P0, 2595 MHz, 8000 MHz, 61, 56.22 W, 100 %
2026/10/05 17:11:39.106, NVIDIA GeForce RTX 4060 Laptop GPU, 561.09, P0, 2595 MHz, 8000 MHz, 61, 56.25 W, 100 %
2026/10/05 17:11:39.312, NVIDIA GeForce RTX 4060 Laptop GPU, 561.09, P0, 2595 MHz, 8000 MHz, 61, 56.25 W, 100 %
2026/10/05 17:11:39.519, NVIDIA GeForce RTX 4060 Laptop GPU, 561.09, P0, 2595 MHz, 8000 MHz, 61, 56.26 W, 100 %
2026/10/05 17:11:39.725, NVIDIA GeForce RTX 4060 Laptop GPU, 561.09, P0, 2595 MHz, 8000 MHz, 61, 56.28 W, 100 %
2026/10/05 17:11:39.946, NVIDIA GeForce RTX 4060 Laptop GPU, 561.09, P0, 2595 MHz, 8000 MHz, 61, 56.26 W, 100 %
2026/10/05 17:11:40.152, NVIDIA GeForce RTX 4060 Laptop GPU, 561.09, P0, 2595 MHz, 8000 MHz, 61, 56.29 W, 100 %
2026/10/05 17:11:40.358, NVIDIA GeForce RTX 4060 Laptop GPU, 561.09, P0, 2595 MHz, 8000 MHz, 61, 56.29 W, 100 %
2026/10/05 17:11:40.566, NVIDIA GeForce RTX 4060 Laptop GPU, 561.09, P0, 2595 MHz, 8000 MHz, 61, 56.26 W, 100 %
2026/10/05 17:11:40.788, NVIDIA GeForce RTX 4060 Laptop GPU, 561.09, P0, 2595 MHz, 8000 MHz, 61, 56.24 W, 100 %
2026/10/05 17:11:40.994, NVIDIA GeForce RTX 4060 Laptop GPU, 561.09, P0, 2595 MHz, 8000 MHz, 61, 56.26 W, 100 %
2026/10/05 17:11:41.201, NVIDIA GeForce RTX 4060 Laptop GPU, 561.09, P0, 2595 MHz, 8000 MHz, 61, 56.26 W, 100 %
2026/10/05 17:11:41.407, NVIDIA GeForce RTX 4060 Laptop GPU, 561.09, P0, 2595 MHz, 8000 MHz, 61, 56.24 W, 100 %
2026/10/05 17:11:41.615, NVIDIA GeForce RTX 4060 Laptop GPU, 561.09, P0, 2595 MHz, 8000 MHz, 62, 56.27 W, 100 %
2026/10/05 17:11:41.836, NVIDIA GeForce RTX 4060 Laptop GPU, 561.09, P0, 2595 MHz, 8000 MHz, 62, 56.27 W, 100 %
2026/10/05 17:11:42.042, NVIDIA GeForce RTX 4060 Laptop GPU, 561.09, P0, 2595 MHz, 8000 MHz, 62, 56.25 W, 100 %
2026/10/05 17:11:42.249, NVIDIA GeForce RTX 4060 Laptop GPU, 561.09, P0, 2595 MHz, 8000 MHz, 62, 56.27 W, 100 %
2026/10/05 17:11:42.456, NVIDIA GeForce RTX 4060 Laptop GPU, 561.09, P0, 2595 MHz, 8000 MHz, 62, 56.27 W, 100 %
2026/10/05 17:11:42.662, NVIDIA GeForce RTX 4060 Laptop GPU, 561.09, P0, 2595 MHz, 8000 MHz, 62, 56.28 W, 100 %
2026/10/05 17:11:42.870, NVIDIA GeForce RTX 4060 Laptop GPU, 561.09, P0, 2595 MHz, 8000 MHz, 62, 56.27 W, 100 %
2026/10/05 17:11:43.076, NVIDIA GeForce RTX 4060 Laptop GPU, 561.09, P0, 2595 MHz, 8000 MHz, 62, 56.29 W, 100 %
2026/10/05 17:11:43.282, NVIDIA GeForce RTX 4060 Laptop GPU, 561.09, P0, 2595 MHz, 8000 MHz, 62, 56.29 W, 100 %
2026/10/05 17:11:43.488, NVIDIA GeForce RTX 4060 Laptop GPU, 561.09, P0, 2595 MHz, 8000 MHz, 61, 56.27 W, 100 %
2026/10/05 17:11:43.695, NVIDIA GeForce RTX 4060 Laptop GPU, 561.09, P0, 2595 MHz, 8000 MHz, 61, 56.30 W, 100 %
2026/10/05 17:11:43.902, NVIDIA GeForce RTX 4060 Laptop GPU, 561.09, P0, 2595 MHz, 8000 MHz, 61, 56.30 W, 100 %
2026/10/05 17:11:44.108, NVIDIA GeForce RTX 4060 Laptop GPU, 561.09, P0, 2595 MHz, 8000 MHz, 62, 56.28 W, 100 %
2026/10/05 17:11:44.313, NVIDIA GeForce RTX 4060 Laptop GPU, 561.09, P0, 2595 MHz, 8000 MHz, 62, 56.29 W, 100 %
2026/10/05 17:11:44.519, NVIDIA GeForce RTX 4060 Laptop GPU, 561.09, P0, 2595 MHz, 8000 MHz, 62, 56.30 W, 100 %
2026/10/05 17:11:44.726, NVIDIA GeForce RTX 4060 Laptop GPU, 561.09, P0, 2595 MHz, 8000 MHz, 62, 56.29 W, 100 %
2026/10/05 17:11:44.932, NVIDIA GeForce RTX 4060 Laptop GPU, 561.09, P0, 2595 MHz, 8000 MHz, 62, 56.30 W, 100 %
2026/10/05 17:11:45.139, NVIDIA GeForce RTX 4060 Laptop GPU, 561.09, P0, 2595 MHz, 8000 MHz, 62, 56.30 W, 100 %
2026/10/05 17:11:45.346, NVIDIA GeForce RTX 4060 Laptop GPU, 561.09, P0, 2595 MHz, 8000 MHz, 62, 56.28 W, 100 %
2026/10/05 17:11:45.552, NVIDIA GeForce RTX 4060 Laptop GPU, 561.09, P0, 2595 MHz, 8000 MHz, 62, 56.30 W, 100 %
2026/10/05 17:11:45.759, NVIDIA GeForce RTX 4060 Laptop GPU, 561.09, P0, 2595 MHz, 8000 MHz, 62, 56.28 W, 100 %
2026/10/05 17:11:45.966, NVIDIA GeForce RTX 4060 Laptop GPU, 561.09, P0, 2595 MHz, 8000 MHz, 62, 56.28 W, 100 %
2026/10/05 17:11:46.188, NVIDIA GeForce RTX 4060 Laptop GPU, 561.09, P0, 2595 MHz, 8000 MHz, 62, 56.27 W, 100 %
2026/10/05 17:11:46.394, NVIDIA GeForce RTX 4060 Laptop GPU, 561.09, P0, 2595 MHz, 8000 MHz, 62, 56.29 W, 100 %
2026/10/05 17:11:46.601, NVIDIA GeForce RTX 4060 Laptop GPU, 561.09, P0, 2595 MHz, 8000 MHz, 62, 56.29 W, 100 %
2026/10/05 17:11:46.807, NVIDIA GeForce RTX 4060 Laptop GPU, 561.09, P0, 2595 MHz, 8000 MHz, 62, 56.28 W, 100 %
2026/10/05 17:11:47.013, NVIDIA GeForce RTX 4060 Laptop GPU, 561.09, P0, 2595 MHz, 8000 MHz, 62, 56.29 W, 100 %
2026/10/05 17:11:47.220, NVIDIA GeForce RTX 4060 Laptop GPU, 561.09, P0, 2595 MHz, 8000 MHz, 62, 56.28 W, 100 %
2026/10/05 17:11:47.426, NVIDIA GeForce RTX 4060 Laptop GPU, 561.09, P0, 2595 MHz, 8000 MHz, 62, 56.28 W, 100 %
2026/10/05 17:11:47.632, NVIDIA GeForce RTX 4060 Laptop GPU, 561.09, P0, 2595 MHz, 8000 MHz, 62, 56.28 W, 100 %
2026/10/05 17:11:47.838, NVIDIA GeForce RTX 4060 Laptop GPU, 561.09, P0, 2595 MHz, 8000 MHz, 62, 56.27 W, 100 %
2026/10/05 17:11:48.044, NVIDIA GeForce RTX 4060 Laptop GPU, 561.09, P0, 2595 MHz, 8000 MHz, 62, 56.24 W, 100 %
2026/10/05 17:11:48.250, NVIDIA GeForce RTX 4060 Laptop GPU, 561.09, P0, 2595 MHz, 8000 MHz, 62, 56.27 W, 100 %
2026/10/05 17:11:48.456, NVIDIA GeForce RTX 4060 Laptop GPU, 561.09, P0, 2595 MHz, 8000 MHz, 62, 56.28 W, 100 %
2026/10/05 17:11:48.663, NVIDIA GeForce RTX 4060 Laptop GPU, 561.09, P0, 2595 MHz, 8000 MHz, 62, 56.25 W, 99 %
2026/10/05 17:11:48.869, NVIDIA GeForce RTX 4060 Laptop GPU, 561.09, P0, 2595 MHz, 8000 MHz, 62, 56.24 W, 100 %
2026/10/05 17:11:49.076, NVIDIA GeForce RTX 4060 Laptop GPU, 561.09, P0, 2595 MHz, 8000 MHz, 62, 56.26 W, 100 %
2026/10/05 17:11:49.282, NVIDIA GeForce RTX 4060 Laptop GPU, 561.09, P0, 2595 MHz, 8000 MHz, 62, 56.26 W, 100 %
2026/10/05 17:11:49.489, NVIDIA GeForce RTX 4060 Laptop GPU, 561.09, P0, 2595 MHz, 8000 MHz, 62, 56.25 W, 100 %
2026/10/05 17:11:49.695, NVIDIA GeForce RTX 4060 Laptop GPU, 561.09, P0, 2595 MHz, 8000 MHz, 62, 56.29 W, 100 %
2026/10/05 17:11:49.901, NVIDIA GeForce RTX 4060 Laptop GPU, 561.09, P0, 2595 MHz, 8000 MHz, 62, 56.30 W, 100 %
2026/10/05 17:11:50.123, NVIDIA GeForce RTX 4060 Laptop GPU, 561.09, P0, 2595 MHz, 8000 MHz, 62, 56.28 W, 100 %
2026/10/05 17:11:50.329, NVIDIA GeForce RTX 4060 Laptop GPU, 561.09, P0, 2595 MHz, 8000 MHz, 62, 56.29 W, 100 %
2026/10/05 17:11:50.536, NVIDIA GeForce RTX 4060 Laptop GPU, 561.09, P0, 2595 MHz, 8000 MHz, 62, 56.28 W, 100 %
2026/10/05 17:11:50.743, NVIDIA GeForce RTX 4060 Laptop GPU, 561.09, P0, 2595 MHz, 8000 MHz, 62, 56.28 W, 100 %
2026/10/05 17:11:50.949, NVIDIA GeForce RTX 4060 Laptop GPU, 561.09, P0, 2595 MHz, 8000 MHz, 62, 56.30 W, 100 %
2026/10/05 17:11:51.156, NVIDIA GeForce RTX 4060 Laptop GPU, 561.09, P0, 2595 MHz, 8000 MHz, 62, 56.31 W, 100 %
2026/10/05 17:11:51.362, NVIDIA GeForce RTX 4060 Laptop GPU, 561.09, P0, 2595 MHz, 8000 MHz, 62, 56.32 W, 100 %
2026/10/05 17:11:51.584, NVIDIA GeForce RTX 4060 Laptop GPU, 561.09, P0, 2595 MHz, 8000 MHz, 62, 56.33 W, 100 %
2026/10/05 17:11:51.791, NVIDIA GeForce RTX 4060 Laptop GPU, 561.09, P0, 2595 MHz, 8000 MHz, 62, 56.34 W, 100 %
2026/10/05 17:11:51.997, NVIDIA GeForce RTX 4060 Laptop GPU, 561.09, P0, 2595 MHz, 8000 MHz, 62, 56.33 W, 100 %
2026/10/05 17:11:52.203, NVIDIA GeForce RTX 4060 Laptop GPU, 561.09, P0, 2595 MHz, 8000 MHz, 62, 56.32 W, 100 %
2026/10/05 17:11:52.410, NVIDIA GeForce RTX 4060 Laptop GPU, 561.09, P0, 2595 MHz, 8000 MHz, 62, 56.33 W, 100 %
2026/10/05 17:11:52.616, NVIDIA GeForce RTX 4060 Laptop GPU, 561.09, P0, 2595 MHz, 8000 MHz, 62, 56.34 W, 100 %
2026/10/05 17:11:52.822, NVIDIA GeForce RTX 4060 Laptop GPU, 561.09, P0, 2595 MHz, 8000 MHz, 62, 56.34 W, 100 %
2026/10/05 17:11:53.029, NVIDIA GeForce RTX 4060 Laptop GPU, 561.09, P0, 2595 MHz, 8000 MHz, 62, 56.36 W, 100 %
2026/10/05 17:11:53.236, NVIDIA GeForce RTX 4060 Laptop GPU, 561.09, P0, 2595 MHz, 8000 MHz, 62, 56.36 W, 100 %
2026/10/05 17:11:53.442, NVIDIA GeForce RTX 4060 Laptop GPU, 561.09, P0, 2595 MHz, 8000 MHz, 62, 56.35 W, 100 %
2026/10/05 17:11:53.648, NVIDIA GeForce RTX 4060 Laptop GPU, 561.09, P0, 2595 MHz, 8000 MHz, 62, 56.38 W, 100 %
2026/10/05 17:11:53.855, NVIDIA GeForce RTX 4060 Laptop GPU, 561.09, P0, 2595 MHz, 8000 MHz, 62, 56.39 W, 100 %
2026/10/05 17:11:54.061, NVIDIA GeForce RTX 4060 Laptop GPU, 561.09, P0, 2595 MHz, 8000 MHz, 62, 56.39 W, 100 %
2026/10/05 17:11:54.283, NVIDIA GeForce RTX 4060 Laptop GPU, 561.09, P0, 2595 MHz, 8000 MHz, 62, 56.38 W, 100 %
2026/10/05 17:11:54.490, NVIDIA GeForce RTX 4060 Laptop GPU, 561.09, P0, 2595 MHz, 8000 MHz, 62, 56.35 W, 100 %
2026/10/05 17:11:54.697, NVIDIA GeForce RTX 4060 Laptop GPU, 561.09, P0, 2595 MHz, 8000 MHz, 62, 56.41 W, 100 %
2026/10/05 17:11:54.903, NVIDIA GeForce RTX 4060 Laptop GPU, 561.09, P0, 2595 MHz, 8000 MHz, 62, 56.44 W, 100 %
2026/10/05 17:11:55.111, NVIDIA GeForce RTX 4060 Laptop GPU, 561.09, P0, 2595 MHz, 8000 MHz, 62, 56.41 W, 100 %
2026/10/05 17:11:55.317, NVIDIA GeForce RTX 4060 Laptop GPU, 561.09, P0, 2595 MHz, 8000 MHz, 62, 56.33 W, 100 %
2026/10/05 17:11:55.523, NVIDIA GeForce RTX 4060 Laptop GPU, 561.09, P0, 2595 MHz, 8000 MHz, 62, 56.30 W, 100 %
2026/10/05 17:11:55.731, NVIDIA GeForce RTX 4060 Laptop GPU, 561.09, P0, 2595 MHz, 8000 MHz, 62, 56.27 W, 100 %
2026/10/05 17:11:55.937, NVIDIA GeForce RTX 4060 Laptop GPU, 561.09, P0, 2595 MHz, 8000 MHz, 62, 56.36 W, 100 %
2026/10/05 17:11:56.143, NVIDIA GeForce RTX 4060 Laptop GPU, 561.09, P0, 2595 MHz, 8000 MHz, 62, 56.30 W, 100 %
2026/10/05 17:11:56.349, NVIDIA GeForce RTX 4060 Laptop GPU, 561.09, P0, 2595 MHz, 8000 MHz, 62, 56.33 W, 100 %
2026/10/05 17:11:56.556, NVIDIA GeForce RTX 4060 Laptop GPU, 561.09, P0, 2595 MHz, 8000 MHz, 62, 56.36 W, 100 %
2026/10/05 17:11:56.778, NVIDIA GeForce RTX 4060 Laptop GPU, 561.09, P0, 2595 MHz, 8000 MHz, 62, 56.38 W, 100 %
2026/10/05 17:11:56.984, NVIDIA GeForce RTX 4060 Laptop GPU, 561.09, P0, 2595 MHz, 8000 MHz, 62, 56.34 W, 100 %
2026/10/05 17:11:57.191, NVIDIA GeForce RTX 4060 Laptop GPU, 561.09, P0, 2595 MHz, 8000 MHz, 62, 56.38 W, 100 %
2026/10/05 17:11:57.398, NVIDIA GeForce RTX 4060 Laptop GPU, 561.09, P0, 2595 MHz, 8000 MHz, 62, 56.37 W, 100 %
2026/10/05 17:11:57.604, NVIDIA GeForce RTX 4060 Laptop GPU, 561.09, P0, 2595 MHz, 8000 MHz, 62, 56.36 W, 100 %
2026/10/05 17:11:57.810, NVIDIA GeForce RTX 4060 Laptop GPU, 561.09, P0, 2595 MHz, 8000 MHz, 62, 56.38 W, 100 %
2026/10/05 17:11:58.032, NVIDIA GeForce RTX 4060 Laptop GPU, 561.09, P0, 2595 MHz, 8000 MHz, 62, 56.39 W, 100 %
2026/10/05 17:11:58.238, NVIDIA GeForce RTX 4060 Laptop GPU, 561.09, P0, 2595 MHz, 8000 MHz, 62, 56.36 W, 100 %
2026/10/05 17:11:58.445, NVIDIA GeForce RTX 4060 Laptop GPU, 561.09, P0, 2595 MHz, 8000 MHz, 62, 56.38 W, 100 %
2026/10/05 17:11:58.652, NVIDIA GeForce RTX 4060 Laptop GPU, 561.09, P0, 2595 MHz, 8000 MHz, 62, 56.38 W, 100 %
2026/10/05 17:11:58.859, NVIDIA GeForce RTX 4060 Laptop GPU, 561.09, P0, 2595 MHz, 8000 MHz, 62, 56.38 W, 100 %
2026/10/05 17:11:59.065, NVIDIA GeForce RTX 4060 Laptop GPU, 561.09, P0, 2595 MHz, 8000 MHz, 62, 56.36 W, 100 %
2026/10/05 17:11:59.271, NVIDIA GeForce RTX 4060 Laptop GPU, 561.09, P0, 2595 MHz, 8000 MHz, 62, 56.39 W, 100 %
2026/10/05 17:11:59.478, NVIDIA GeForce RTX 4060 Laptop GPU, 561.09, P0, 2595 MHz, 8000 MHz, 62, 56.39 W, 100 %
2026/10/05 17:11:59.685, NVIDIA GeForce RTX 4060 Laptop GPU, 561.09, P0, 2595 MHz, 8000 MHz, 62, 56.37 W, 100 %
2026/10/05 17:11:59.892, NVIDIA GeForce RTX 4060 Laptop GPU, 561.09, P0, 2595 MHz, 8000 MHz, 62, 56.37 W, 100 %
2026/10/05 17:12:00.105, NVIDIA GeForce RTX 4060 Laptop GPU, 561.09, P0, 2595 MHz, 8000 MHz, 62, 56.37 W, 100 %
2026/10/05 17:12:00.314, NVIDIA GeForce RTX 4060 Laptop GPU, 561.09, P0, 2595 MHz, 8000 MHz, 62, 56.37 W, 100 %
2026/10/05 17:12:00.537, NVIDIA GeForce RTX 4060 Laptop GPU, 561.09, P0, 2595 MHz, 8000 MHz, 62, 56.38 W, 100 %
2026/10/05 17:12:00.743, NVIDIA GeForce RTX 4060 Laptop GPU, 561.09, P0, 2595 MHz, 8000 MHz, 62, 56.37 W, 100 %
2026/10/05 17:12:00.949, NVIDIA GeForce RTX 4060 Laptop GPU, 561.09, P0, 2595 MHz, 8000 MHz, 62, 56.37 W, 100 %
2026/10/05 17:12:01.156, NVIDIA GeForce RTX 4060 Laptop GPU, 561.09, P0, 2595 MHz, 8000 MHz, 62, 56.34 W, 100 %
2026/10/05 17:12:01.362, NVIDIA GeForce RTX 4060 Laptop GPU, 561.09, P0, 2595 MHz, 8000 MHz, 62, 56.34 W, 100 %
2026/10/05 17:12:01.585, NVIDIA GeForce RTX 4060 Laptop GPU, 561.09, P0, 2595 MHz, 8000 MHz, 62, 56.34 W, 100 %
2026/10/05 17:12:01.791, NVIDIA GeForce RTX 4060 Laptop GPU, 561.09, P0, 2595 MHz, 8000 MHz, 62, 56.33 W, 100 %
2026/10/05 17:12:01.997, NVIDIA GeForce RTX 4060 Laptop GPU, 561.09, P0, 2595 MHz, 8000 MHz, 62, 56.35 W, 100 %
2026/10/05 17:12:02.203, NVIDIA GeForce RTX 4060 Laptop GPU, 561.09, P0, 2595 MHz, 8000 MHz, 62, 56.36 W, 100 %
2026/10/05 17:12:02.409, NVIDIA GeForce RTX 4060 Laptop GPU, 561.09, P0, 2595 MHz, 8000 MHz, 62, 56.34 W, 100 %
2026/10/05 17:12:02.632, NVIDIA GeForce RTX 4060 Laptop GPU, 561.09, P0, 2595 MHz, 8000 MHz, 62, 56.37 W, 100 %
2026/10/05 17:12:02.838, NVIDIA GeForce RTX 4060 Laptop GPU, 561.09, P0, 2595 MHz, 8000 MHz, 62, 56.38 W, 100 %
2026/10/05 17:12:03.045, NVIDIA GeForce RTX 4060 Laptop GPU, 561.09, P0, 2595 MHz, 8000 MHz, 62, 56.37 W, 100 %
2026/10/05 17:12:03.252, NVIDIA GeForce RTX 4060 Laptop GPU, 561.09, P0, 2595 MHz, 8000 MHz, 62, 56.37 W, 100 %
2026/10/05 17:12:03.458, NVIDIA GeForce RTX 4060 Laptop GPU, 561.09, P0, 2595 MHz, 8000 MHz, 62, 56.38 W, 100 %
2026/10/05 17:12:03.665, NVIDIA GeForce RTX 4060 Laptop GPU, 561.09, P0, 2595 MHz, 8000 MHz, 62, 56.38 W, 100 %
2026/10/05 17:12:03.872, NVIDIA GeForce RTX 4060 Laptop GPU, 561.09, P0, 2595 MHz, 8000 MHz, 62, 56.37 W, 100 %
2026/10/05 17:12:04.078, NVIDIA GeForce RTX 4060 Laptop GPU, 561.09, P0, 2595 MHz, 8000 MHz, 62, 56.39 W, 100 %
2026/10/05 17:12:04.283, NVIDIA GeForce RTX 4060 Laptop GPU, 561.09, P0, 2595 MHz, 8000 MHz, 62, 56.40 W, 100 %
2026/10/05 17:12:04.489, NVIDIA GeForce RTX 4060 Laptop GPU, 561.09, P0, 2595 MHz, 8000 MHz, 62, 56.40 W, 100 %
2026/10/05 17:12:04.696, NVIDIA GeForce RTX 4060 Laptop GPU, 561.09, P0, 2595 MHz, 8000 MHz, 62, 56.41 W, 100 %
2026/10/05 17:12:04.902, NVIDIA GeForce RTX 4060 Laptop GPU, 561.09, P0, 2595 MHz, 8000 MHz, 62, 56.42 W, 100 %
2026/10/05 17:12:05.109, NVIDIA GeForce RTX 4060 Laptop GPU, 561.09, P0, 2595 MHz, 8000 MHz, 62, 56.40 W, 100 %
2026/10/05 17:12:05.330, NVIDIA GeForce RTX 4060 Laptop GPU, 561.09, P0, 2595 MHz, 8000 MHz, 62, 56.43 W, 100 %
2026/10/05 17:12:05.553, NVIDIA GeForce RTX 4060 Laptop GPU, 561.09, P0, 2595 MHz, 8000 MHz, 62, 56.44 W, 100 %
2026/10/05 17:12:05.775, NVIDIA GeForce RTX 4060 Laptop GPU, 561.09, P0, 2595 MHz, 8000 MHz, 62, 56.41 W, 100 %
2026/10/05 17:12:05.981, NVIDIA GeForce RTX 4060 Laptop GPU, 561.09, P0, 2595 MHz, 8000 MHz, 62, 56.38 W, 100 %
2026/10/05 17:12:06.189, NVIDIA GeForce RTX 4060 Laptop GPU, 561.09, P0, 2595 MHz, 8000 MHz, 62, 56.40 W, 100 %
2026/10/05 17:12:06.395, NVIDIA GeForce RTX 4060 Laptop GPU, 561.09, P0, 2595 MHz, 8000 MHz, 62, 56.38 W, 100 %
2026/10/05 17:12:06.602, NVIDIA GeForce RTX 4060 Laptop GPU, 561.09, P0, 2595 MHz, 8000 MHz, 62, 56.36 W, 100 %
2026/10/05 17:12:06.809, NVIDIA GeForce RTX 4060 Laptop GPU, 561.09, P0, 2595 MHz, 8000 MHz, 62, 56.39 W, 100 %
2026/10/05 17:12:07.031, NVIDIA GeForce RTX 4060 Laptop GPU, 561.09, P0, 2595 MHz, 8000 MHz, 62, 56.41 W, 100 %
2026/10/05 17:12:07.254, NVIDIA GeForce RTX 4060 Laptop GPU, 561.09, P0, 2595 MHz, 8000 MHz, 62, 56.38 W, 100 %
2026/10/05 17:12:07.476, NVIDIA GeForce RTX 4060 Laptop GPU, 561.09, P0, 2595 MHz, 8000 MHz, 62, 56.39 W, 100 %
2026/10/05 17:12:07.683, NVIDIA GeForce RTX 4060 Laptop GPU, 561.09, P0, 2595 MHz, 8000 MHz, 62, 56.41 W, 100 %
2026/10/05 17:12:07.890, NVIDIA GeForce RTX 4060 Laptop GPU, 561.09, P0, 2595 MHz, 8000 MHz, 62, 56.41 W, 100 %
2026/10/05 17:12:08.112, NVIDIA GeForce RTX 4060 Laptop GPU, 561.09, P0, 2595 MHz, 8000 MHz, 62, 56.40 W, 100 %
2026/10/05 17:12:08.334, NVIDIA GeForce RTX 4060 Laptop GPU, 561.09, P0, 2595 MHz, 8000 MHz, 62, 56.44 W, 100 %
2026/10/05 17:12:08.541, NVIDIA GeForce RTX 4060 Laptop GPU, 561.09, P0, 2595 MHz, 8000 MHz, 62, 56.42 W, 100 %
2026/10/05 17:12:08.747, NVIDIA GeForce RTX 4060 Laptop GPU, 561.09, P0, 2595 MHz, 8000 MHz, 62, 56.42 W, 100 %
2026/10/05 17:12:08.953, NVIDIA GeForce RTX 4060 Laptop GPU, 561.09, P0, 2595 MHz, 8000 MHz, 62, 56.43 W, 100 %
2026/10/05 17:12:09.161, NVIDIA GeForce RTX 4060 Laptop GPU, 561.09, P0, 2595 MHz, 8000 MHz, 62, 56.43 W, 100 %
2026/10/05 17:12:09.384, NVIDIA GeForce RTX 4060 Laptop GPU, 561.09, P0, 2595 MHz, 8000 MHz, 62, 56.42 W, 100 %
2026/10/05 17:12:09.591, NVIDIA GeForce RTX 4060 Laptop GPU, 561.09, P0, 2595 MHz, 8000 MHz, 62, 56.42 W, 100 %
2026/10/05 17:12:09.797, NVIDIA GeForce RTX 4060 Laptop GPU, 561.09, P0, 2595 MHz, 8000 MHz, 62, 56.42 W, 100 %
2026/10/05 17:12:10.003, NVIDIA GeForce RTX 4060 Laptop GPU, 561.09, P0, 2595 MHz, 8000 MHz, 62, 56.42 W, 100 %
2026/10/05 17:12:10.209, NVIDIA GeForce RTX 4060 Laptop GPU, 561.09, P0, 2595 MHz, 8000 MHz, 62, 56.41 W, 100 %
2026/10/05 17:12:10.432, NVIDIA GeForce RTX 4060 Laptop GPU, 561.09, P0, 2595 MHz, 8000 MHz, 62, 56.42 W, 100 %
2026/10/05 17:12:10.638, NVIDIA GeForce RTX 4060 Laptop GPU, 561.09, P0, 2595 MHz, 8000 MHz, 62, 56.43 W, 100 %
2026/10/05 17:12:10.844, NVIDIA GeForce RTX 4060 Laptop GPU, 561.09, P0, 2595 MHz, 8000 MHz, 62, 56.31 W, 100 %
2026/10/05 17:12:11.049, NVIDIA GeForce RTX 4060 Laptop GPU, 561.09, P0, 2595 MHz, 8000 MHz, 59, 55.33 W, 100 %
2026/10/05 17:12:11.255, NVIDIA GeForce RTX 4060 Laptop GPU, 561.09, P0, 2595 MHz, 8000 MHz, 59, 53.89 W, 99 %
2026/10/05 17:12:11.460, NVIDIA GeForce RTX 4060 Laptop GPU, 561.09, P0, 2595 MHz, 8000 MHz, 59, 53.01 W, 100 %
2026/10/05 17:12:11.665, NVIDIA GeForce RTX 4060 Laptop GPU, 561.09, P0, 2595 MHz, 8000 MHz, 59, 51.94 W, 100 %
2026/10/05 17:12:11.871, NVIDIA GeForce RTX 4060 Laptop GPU, 561.09, P0, 2595 MHz, 8000 MHz, 59, 51.29 W, 99 %
2026/10/05 17:12:12.077, NVIDIA GeForce RTX 4060 Laptop GPU, 561.09, P0, 2595 MHz, 8000 MHz, 59, 51.17 W, 100 %
2026/10/05 17:12:12.283, NVIDIA GeForce RTX 4060 Laptop GPU, 561.09, P0, 2595 MHz, 8000 MHz, 59, 51.38 W, 100 %
2026/10/05 17:12:12.488, NVIDIA GeForce RTX 4060 Laptop GPU, 561.09, P0, 2595 MHz, 8000 MHz, 59, 51.27 W, 100 %
2026/10/05 17:12:12.693, NVIDIA GeForce RTX 4060 Laptop GPU, 561.09, P0, 2595 MHz, 8000 MHz, 59, 51.29 W, 100 %
2026/10/05 17:12:12.899, NVIDIA GeForce RTX 4060 Laptop GPU, 561.09, P0, 2595 MHz, 8000 MHz, 59, 51.41 W, 100 %
2026/10/05 17:12:13.105, NVIDIA GeForce RTX 4060 Laptop GPU, 561.09, P0, 2595 MHz, 8000 MHz, 59, 51.17 W, 99 %
2026/10/05 17:12:13.310, NVIDIA GeForce RTX 4060 Laptop GPU, 561.09, P0, 2595 MHz, 8000 MHz, 59, 51.35 W, 100 %
2026/10/05 17:12:13.532, NVIDIA GeForce RTX 4060 Laptop GPU, 561.09, P0, 2595 MHz, 8000 MHz, 58, 51.22 W, 100 %
2026/10/05 17:12:13.753, NVIDIA GeForce RTX 4060 Laptop GPU, 561.09, P0, 2595 MHz, 8000 MHz, 58, 51.35 W, 100 %
2026/10/05 17:12:13.959, NVIDIA GeForce RTX 4060 Laptop GPU, 561.09, P0, 2595 MHz, 8000 MHz, 58, 51.21 W, 99 %
2026/10/05 17:12:14.180, NVIDIA GeForce RTX 4060 Laptop GPU, 561.09, P0, 2595 MHz, 8000 MHz, 59, 51.28 W, 100 %
2026/10/05 17:12:14.386, NVIDIA GeForce RTX 4060 Laptop GPU, 561.09, P0, 2595 MHz, 8000 MHz, 59, 51.39 W, 99 %
2026/10/05 17:12:14.591, NVIDIA GeForce RTX 4060 Laptop GPU, 561.09, P0, 2595 MHz, 8000 MHz, 59, 51.18 W, 100 %
2026/10/05 17:12:14.796, NVIDIA GeForce RTX 4060 Laptop GPU, 561.09, P0, 2595 MHz, 8000 MHz, 59, 51.36 W, 99 %
2026/10/05 17:12:15.002, NVIDIA GeForce RTX 4060 Laptop GPU, 561.09, P0, 2595 MHz, 8000 MHz, 59, 51.22 W, 100 %
2026/10/05 17:12:15.207, NVIDIA GeForce RTX 4060 Laptop GPU, 561.09, P0, 2595 MHz, 8000 MHz, 59, 51.28 W, 100 %
2026/10/05 17:12:15.429, NVIDIA GeForce RTX 4060 Laptop GPU, 561.09, P0, 2595 MHz, 8000 MHz, 58, 51.36 W, 100 %
2026/10/05 17:12:15.650, NVIDIA GeForce RTX 4060 Laptop GPU, 561.09, P0, 2595 MHz, 8000 MHz, 58, 51.15 W, 100 %
2026/10/05 17:12:15.855, NVIDIA GeForce RTX 4060 Laptop GPU, 561.09, P0, 2595 MHz, 8000 MHz, 58, 51.38 W, 100 %
2026/10/05 17:12:16.060, NVIDIA GeForce RTX 4060 Laptop GPU, 561.09, P0, 2595 MHz, 8000 MHz, 59, 51.17 W, 100 %
2026/10/05 17:12:16.265, NVIDIA GeForce RTX 4060 Laptop GPU, 561.09, P0, 2595 MHz, 8000 MHz, 59, 51.33 W, 99 %
2026/10/05 17:12:16.470, NVIDIA GeForce RTX 4060 Laptop GPU, 561.09, P0, 2595 MHz, 8000 MHz, 59, 51.22 W, 99 %
2026/10/05 17:12:16.690, NVIDIA GeForce RTX 4060 Laptop GPU, 561.09, P0, 2595 MHz, 8000 MHz, 58, 51.26 W, 99 %
2026/10/05 17:12:16.897, NVIDIA GeForce RTX 4060 Laptop GPU, 561.09, P0, 2595 MHz, 8000 MHz, 58, 51.36 W, 100 %
2026/10/05 17:12:17.103, NVIDIA GeForce RTX 4060 Laptop GPU, 561.09, P0, 2595 MHz, 8000 MHz, 58, 51.12 W, 100 %
2026/10/05 17:12:17.308, NVIDIA GeForce RTX 4060 Laptop GPU, 561.09, P0, 2595 MHz, 8000 MHz, 58, 51.33 W, 99 %
2026/10/05 17:12:17.529, NVIDIA GeForce RTX 4060 Laptop GPU, 561.09, P0, 2595 MHz, 8000 MHz, 58, 51.22 W, 100 %
2026/10/05 17:12:17.750, NVIDIA GeForce RTX 4060 Laptop GPU, 561.09, P0, 2595 MHz, 8000 MHz, 58, 51.29 W, 99 %
2026/10/05 17:12:17.971, NVIDIA GeForce RTX 4060 Laptop GPU, 561.09, P0, 2595 MHz, 8000 MHz, 58, 51.22 W, 100 %
2026/10/05 17:12:18.177, NVIDIA GeForce RTX 4060 Laptop GPU, 561.09, P0, 2595 MHz, 8000 MHz, 58, 51.28 W, 99 %
2026/10/05 17:12:18.382, NVIDIA GeForce RTX 4060 Laptop GPU, 561.09, P0, 2595 MHz, 8000 MHz, 58, 51.37 W, 100 %
2026/10/05 17:12:18.588, NVIDIA GeForce RTX 4060 Laptop GPU, 561.09, P0, 2595 MHz, 8000 MHz, 58, 51.12 W, 99 %
2026/10/05 17:12:18.809, NVIDIA GeForce RTX 4060 Laptop GPU, 561.09, P0, 2595 MHz, 8000 MHz, 58, 51.33 W, 100 %
2026/10/05 17:12:19.030, NVIDIA GeForce RTX 4060 Laptop GPU, 561.09, P0, 2595 MHz, 8000 MHz, 58, 51.19 W, 100 %
2026/10/05 17:12:19.237, NVIDIA GeForce RTX 4060 Laptop GPU, 561.09, P0, 2595 MHz, 8000 MHz, 59, 51.27 W, 100 %
2026/10/05 17:12:19.442, NVIDIA GeForce RTX 4060 Laptop GPU, 561.09, P0, 2595 MHz, 8000 MHz, 59, 51.38 W, 100 %
2026/10/05 17:12:19.648, NVIDIA GeForce RTX 4060 Laptop GPU, 561.09, P0, 2595 MHz, 8000 MHz, 59, 51.16 W, 99 %
2026/10/05 17:12:19.853, NVIDIA GeForce RTX 4060 Laptop GPU, 561.09, P0, 2595 MHz, 8000 MHz, 59, 51.38 W, 100 %
2026/10/05 17:12:20.058, NVIDIA GeForce RTX 4060 Laptop GPU, 561.09, P0, 2595 MHz, 8000 MHz, 59, 51.15 W, 100 %
2026/10/05 17:12:20.264, NVIDIA GeForce RTX 4060 Laptop GPU, 561.09, P0, 2595 MHz, 8000 MHz, 59, 51.35 W, 100 %
2026/10/05 17:12:20.470, NVIDIA GeForce RTX 4060 Laptop GPU, 561.09, P0, 2595 MHz, 8000 MHz, 58, 51.20 W, 100 %
2026/10/05 17:12:20.676, NVIDIA GeForce RTX 4060 Laptop GPU, 561.09, P0, 2595 MHz, 8000 MHz, 58, 51.29 W, 99 %
2026/10/05 17:12:20.882, NVIDIA GeForce RTX 4060 Laptop GPU, 561.09, P0, 2595 MHz, 8000 MHz, 58, 51.35 W, 99 %
2026/10/05 17:12:21.089, NVIDIA GeForce RTX 4060 Laptop GPU, 561.09, P0, 2595 MHz, 8000 MHz, 58, 51.12 W, 100 %
2026/10/05 17:12:21.309, NVIDIA GeForce RTX 4060 Laptop GPU, 561.09, P0, 2595 MHz, 8000 MHz, 58, 51.33 W, 100 %
2026/10/05 17:12:21.530, NVIDIA GeForce RTX 4060 Laptop GPU, 561.09, P0, 2595 MHz, 8000 MHz, 58, 51.22 W, 100 %
2026/10/05 17:12:21.735, NVIDIA GeForce RTX 4060 Laptop GPU, 561.09, P0, 2595 MHz, 8000 MHz, 59, 51.26 W, 100 %
2026/10/05 17:12:21.941, NVIDIA GeForce RTX 4060 Laptop GPU, 561.09, P0, 2595 MHz, 8000 MHz, 59, 51.38 W, 100 %
2026/10/05 17:12:22.146, NVIDIA GeForce RTX 4060 Laptop GPU, 561.09, P0, 2595 MHz, 8000 MHz, 59, 47.92 W, 100 %
2026/10/05 17:12:22.352, NVIDIA GeForce RTX 4060 Laptop GPU, 561.09, P0, 2595 MHz, 8000 MHz, 58, 51.87 W, 99 %
2026/10/05 17:12:22.573, NVIDIA GeForce RTX 4060 Laptop GPU, 561.09, P0, 2595 MHz, 8000 MHz, 58, 51.13 W, 99 %
2026/10/05 17:12:22.779, NVIDIA GeForce RTX 4060 Laptop GPU, 561.09, P0, 2595 MHz, 8000 MHz, 58, 53.22 W, 99 %
2026/10/05 17:12:22.983, NVIDIA GeForce RTX 4060 Laptop GPU, 561.09, P0, 2595 MHz, 8000 MHz, 58, 51.51 W, 100 %
2026/10/05 17:12:23.189, NVIDIA GeForce RTX 4060 Laptop GPU, 561.09, P0, 2595 MHz, 8000 MHz, 58, 51.69 W, 100 %
2026/10/05 17:12:23.394, NVIDIA GeForce RTX 4060 Laptop GPU, 561.09, P0, 2595 MHz, 8000 MHz, 58, 52.07 W, 99 %
2026/10/05 17:12:23.600, NVIDIA GeForce RTX 4060 Laptop GPU, 561.09, P0, 2595 MHz, 8000 MHz, 59, 50.96 W, 100 %
2026/10/05 17:12:23.822, NVIDIA GeForce RTX 4060 Laptop GPU, 561.09, P0, 2595 MHz, 8000 MHz, 59, 52.36 W, 100 %
2026/10/05 17:12:24.043, NVIDIA GeForce RTX 4060 Laptop GPU, 561.09, P0, 2595 MHz, 8000 MHz, 59, 50.91 W, 100 %
2026/10/05 17:12:24.264, NVIDIA GeForce RTX 4060 Laptop GPU, 561.09, P0, 2595 MHz, 8000 MHz, 58, 52.00 W, 99 %
2026/10/05 17:12:24.486, NVIDIA GeForce RTX 4060 Laptop GPU, 561.09, P0, 2595 MHz, 8000 MHz, 58, 51.50 W, 99 %
2026/10/05 17:12:24.709, NVIDIA GeForce RTX 4060 Laptop GPU, 561.09, P0, 2595 MHz, 8000 MHz, 58, 51.60 W, 100 %
2026/10/05 17:12:24.930, NVIDIA GeForce RTX 4060 Laptop GPU, 561.09, P0, 2595 MHz, 8000 MHz, 58, 52.53 W, 99 %
2026/10/05 17:12:25.152, NVIDIA GeForce RTX 4060 Laptop GPU, 561.09, P0, 2595 MHz, 8000 MHz, 58, 54.45 W, 100 %
2026/10/05 17:12:25.372, NVIDIA GeForce RTX 4060 Laptop GPU, 561.09, P0, 2595 MHz, 8000 MHz, 58, 49.11 W, 100 %
2026/10/05 17:12:25.594, NVIDIA GeForce RTX 4060 Laptop GPU, 561.09, P0, 2595 MHz, 8000 MHz, 59, 52.13 W, 99 %
2026/10/05 17:12:25.816, NVIDIA GeForce RTX 4060 Laptop GPU, 561.09, P0, 2595 MHz, 8000 MHz, 59, 49.08 W, 100 %
2026/10/05 17:12:26.037, NVIDIA GeForce RTX 4060 Laptop GPU, 561.09, P0, 2595 MHz, 8000 MHz, 59, 52.40 W, 100 %
2026/10/05 17:12:26.259, NVIDIA GeForce RTX 4060 Laptop GPU, 561.09, P0, 2595 MHz, 8000 MHz, 58, 50.46 W, 99 %
2026/10/05 17:12:26.465, NVIDIA GeForce RTX 4060 Laptop GPU, 561.09, P0, 2595 MHz, 8000 MHz, 58, 52.54 W, 100 %
2026/10/05 17:12:26.671, NVIDIA GeForce RTX 4060 Laptop GPU, 561.09, P0, 2595 MHz, 8000 MHz, 58, 50.70 W, 100 %
2026/10/05 17:12:26.877, NVIDIA GeForce RTX 4060 Laptop GPU, 561.09, P0, 2595 MHz, 8000 MHz, 58, 48.42 W, 100 %
2026/10/05 17:12:27.083, NVIDIA GeForce RTX 4060 Laptop GPU, 561.09, P0, 2595 MHz, 8000 MHz, 58, 50.39 W, 100 %
2026/10/05 17:12:27.289, NVIDIA GeForce RTX 4060 Laptop GPU, 561.09, P0, 2595 MHz, 8000 MHz, 58, 49.19 W, 100 %
2026/10/05 17:12:27.494, NVIDIA GeForce RTX 4060 Laptop GPU, 561.09, P0, 2595 MHz, 8000 MHz, 59, 50.58 W, 100 %
2026/10/05 17:12:27.699, NVIDIA GeForce RTX 4060 Laptop GPU, 561.09, P0, 2595 MHz, 8000 MHz, 59, 49.87 W, 100 %
2026/10/05 17:12:27.904, NVIDIA GeForce RTX 4060 Laptop GPU, 561.09, P0, 2595 MHz, 8000 MHz, 59, 51.34 W, 100 %
2026/10/05 17:12:28.125, NVIDIA GeForce RTX 4060 Laptop GPU, 561.09, P0, 2595 MHz, 8000 MHz, 59, 50.92 W, 100 %
2026/10/05 17:12:28.347, NVIDIA GeForce RTX 4060 Laptop GPU, 561.09, P0, 2595 MHz, 8000 MHz, 59, 51.19 W, 100 %
2026/10/05 17:12:28.552, NVIDIA GeForce RTX 4060 Laptop GPU, 561.09, P0, 2595 MHz, 8000 MHz, 59, 51.00 W, 100 %
2026/10/05 17:12:28.774, NVIDIA GeForce RTX 4060 Laptop GPU, 561.09, P0, 2595 MHz, 8000 MHz, 58, 51.08 W, 100 %
2026/10/05 17:12:28.980, NVIDIA GeForce RTX 4060 Laptop GPU, 561.09, P0, 2595 MHz, 8000 MHz, 58, 50.97 W, 100 %
2026/10/05 17:12:29.187, NVIDIA GeForce RTX 4060 Laptop GPU, 561.09, P0, 2595 MHz, 8000 MHz, 58, 51.08 W, 100 %
2026/10/05 17:12:29.393, NVIDIA GeForce RTX 4060 Laptop GPU, 561.09, P0, 2595 MHz, 8000 MHz, 59, 50.93 W, 99 %
2026/10/05 17:12:29.599, NVIDIA GeForce RTX 4060 Laptop GPU, 561.09, P0, 2595 MHz, 8000 MHz, 59, 51.05 W, 100 %
2026/10/05 17:12:29.805, NVIDIA GeForce RTX 4060 Laptop GPU, 561.09, P0, 2595 MHz, 8000 MHz, 59, 50.94 W, 100 %
2026/10/05 17:12:30.011, NVIDIA GeForce RTX 4060 Laptop GPU, 561.09, P0, 2595 MHz, 8000 MHz, 59, 51.04 W, 100 %
2026/10/05 17:12:30.215, NVIDIA GeForce RTX 4060 Laptop GPU, 561.09, P0, 2595 MHz, 8000 MHz, 59, 50.98 W, 100 %
2026/10/05 17:12:30.421, NVIDIA GeForce RTX 4060 Laptop GPU, 561.09, P0, 2595 MHz, 8000 MHz, 59, 51.03 W, 99 %
2026/10/05 17:12:30.627, NVIDIA GeForce RTX 4060 Laptop GPU, 561.09, P0, 2595 MHz, 8000 MHz, 58, 50.99 W, 99 %
2026/10/05 17:12:30.832, NVIDIA GeForce RTX 4060 Laptop GPU, 561.09, P0, 2595 MHz, 8000 MHz, 58, 50.98 W, 99 %
2026/10/05 17:12:31.039, NVIDIA GeForce RTX 4060 Laptop GPU, 561.09, P0, 2595 MHz, 8000 MHz, 58, 51.07 W, 100 %
2026/10/05 17:12:31.245, NVIDIA GeForce RTX 4060 Laptop GPU, 561.09, P0, 2595 MHz, 8000 MHz, 59, 50.99 W, 100 %
2026/10/05 17:12:31.466, NVIDIA GeForce RTX 4060 Laptop GPU, 561.09, P0, 2595 MHz, 8000 MHz, 59, 51.07 W, 100 %
2026/10/05 17:12:31.673, NVIDIA GeForce RTX 4060 Laptop GPU, 561.09, P0, 2595 MHz, 8000 MHz, 59, 50.99 W, 100 %
2026/10/05 17:12:31.878, NVIDIA GeForce RTX 4060 Laptop GPU, 561.09, P0, 2595 MHz, 8000 MHz, 59, 51.05 W, 100 %
2026/10/05 17:12:32.082, NVIDIA GeForce RTX 4060 Laptop GPU, 561.09, P0, 2595 MHz, 8000 MHz, 59, 50.95 W, 99 %
2026/10/05 17:12:32.288, NVIDIA GeForce RTX 4060 Laptop GPU, 561.09, P0, 2595 MHz, 8000 MHz, 59, 51.00 W, 100 %
2026/10/05 17:12:32.493, NVIDIA GeForce RTX 4060 Laptop GPU, 561.09, P0, 2595 MHz, 8000 MHz, 59, 51.00 W, 100 %
2026/10/05 17:12:32.699, NVIDIA GeForce RTX 4060 Laptop GPU, 561.09, P0, 2595 MHz, 8000 MHz, 59, 50.96 W, 100 %
2026/10/05 17:12:32.920, NVIDIA GeForce RTX 4060 Laptop GPU, 561.09, P0, 2595 MHz, 8000 MHz, 59, 51.07 W, 100 %
2026/10/05 17:12:33.125, NVIDIA GeForce RTX 4060 Laptop GPU, 561.09, P0, 2595 MHz, 8000 MHz, 59, 51.00 W, 100 %
2026/10/05 17:12:33.347, NVIDIA GeForce RTX 4060 Laptop GPU, 561.09, P0, 2595 MHz, 8000 MHz, 59, 51.12 W, 100 %
2026/10/05 17:12:33.568, NVIDIA GeForce RTX 4060 Laptop GPU, 561.09, P0, 2595 MHz, 8000 MHz, 59, 51.05 W, 100 %
2026/10/05 17:12:33.774, NVIDIA GeForce RTX 4060 Laptop GPU, 561.09, P0, 2595 MHz, 8000 MHz, 59, 50.88 W, 99 %
2026/10/05 17:12:33.980, NVIDIA GeForce RTX 4060 Laptop GPU, 561.09, P0, 2595 MHz, 8000 MHz, 59, 50.91 W, 99 %
2026/10/05 17:12:34.186, NVIDIA GeForce RTX 4060 Laptop GPU, 561.09, P0, 2595 MHz, 8000 MHz, 59, 50.93 W, 100 %
2026/10/05 17:12:34.408, NVIDIA GeForce RTX 4060 Laptop GPU, 561.09, P0, 2595 MHz, 8000 MHz, 59, 50.91 W, 99 %
2026/10/05 17:12:34.630, NVIDIA GeForce RTX 4060 Laptop GPU, 561.09, P0, 2595 MHz, 8000 MHz, 59, 50.87 W, 100 %
2026/10/05 17:12:34.835, NVIDIA GeForce RTX 4060 Laptop GPU, 561.09, P0, 2595 MHz, 8000 MHz, 59, 50.96 W, 100 %
2026/10/05 17:12:35.041, NVIDIA GeForce RTX 4060 Laptop GPU, 561.09, P0, 2595 MHz, 8000 MHz, 59, 50.92 W, 99 %
2026/10/05 17:12:35.248, NVIDIA GeForce RTX 4060 Laptop GPU, 561.09, P0, 2595 MHz, 8000 MHz, 59, 51.03 W, 100 %
2026/10/05 17:12:35.469, NVIDIA GeForce RTX 4060 Laptop GPU, 561.09, P0, 2595 MHz, 8000 MHz, 59, 50.94 W, 100 %
2026/10/05 17:12:35.675, NVIDIA GeForce RTX 4060 Laptop GPU, 561.09, P0, 2595 MHz, 8000 MHz, 59, 50.98 W, 100 %
2026/10/05 17:12:35.880, NVIDIA GeForce RTX 4060 Laptop GPU, 561.09, P0, 2595 MHz, 8000 MHz, 59, 50.91 W, 99 %
2026/10/05 17:12:36.086, NVIDIA GeForce RTX 4060 Laptop GPU, 561.09, P0, 2595 MHz, 8000 MHz, 59, 50.93 W, 99 %
2026/10/05 17:12:36.292, NVIDIA GeForce RTX 4060 Laptop GPU, 561.09, P0, 2595 MHz, 8000 MHz, 59, 51.00 W, 100 %
2026/10/05 17:12:36.497, NVIDIA GeForce RTX 4060 Laptop GPU, 561.09, P0, 2595 MHz, 8000 MHz, 59, 50.94 W, 100 %
2026/10/05 17:12:36.702, NVIDIA GeForce RTX 4060 Laptop GPU, 561.09, P0, 2595 MHz, 8000 MHz, 59, 51.03 W, 100 %
2026/10/05 17:12:36.924, NVIDIA GeForce RTX 4060 Laptop GPU, 561.09, P0, 2595 MHz, 8000 MHz, 59, 50.81 W, 100 %
2026/10/05 17:12:37.145, NVIDIA GeForce RTX 4060 Laptop GPU, 561.09, P0, 2595 MHz, 8000 MHz, 59, 51.05 W, 99 %
2026/10/05 17:12:37.350, NVIDIA GeForce RTX 4060 Laptop GPU, 561.09, P0, 2595 MHz, 8000 MHz, 59, 50.92 W, 99 %
2026/10/05 17:12:37.571, NVIDIA GeForce RTX 4060 Laptop GPU, 561.09, P0, 2595 MHz, 8000 MHz, 59, 50.97 W, 99 %
2026/10/05 17:12:37.778, NVIDIA GeForce RTX 4060 Laptop GPU, 561.09, P0, 2595 MHz, 8000 MHz, 59, 50.92 W, 100 %
2026/10/05 17:12:37.983, NVIDIA GeForce RTX 4060 Laptop GPU, 561.09, P0, 2595 MHz, 8000 MHz, 59, 50.95 W, 100 %
2026/10/05 17:12:38.189, NVIDIA GeForce RTX 4060 Laptop GPU, 561.09, P0, 2595 MHz, 8000 MHz, 59, 51.00 W, 100 %
2026/10/05 17:12:38.394, NVIDIA GeForce RTX 4060 Laptop GPU, 561.09, P0, 2595 MHz, 8000 MHz, 59, 50.95 W, 100 %
2026/10/05 17:12:38.599, NVIDIA GeForce RTX 4060 Laptop GPU, 561.09, P0, 2595 MHz, 8000 MHz, 59, 51.04 W, 100 %
2026/10/05 17:12:38.805, NVIDIA GeForce RTX 4060 Laptop GPU, 561.09, P0, 2595 MHz, 8000 MHz, 58, 50.94 W, 100 %
2026/10/05 17:12:39.027, NVIDIA GeForce RTX 4060 Laptop GPU, 561.09, P0, 2595 MHz, 8000 MHz, 58, 51.23 W, 100 %
2026/10/05 17:12:39.232, NVIDIA GeForce RTX 4060 Laptop GPU, 561.09, P0, 2595 MHz, 8000 MHz, 58, 50.93 W, 100 %
2026/10/05 17:12:39.438, NVIDIA GeForce RTX 4060 Laptop GPU, 561.09, P0, 2595 MHz, 8000 MHz, 58, 51.07 W, 100 %
2026/10/05 17:12:39.643, NVIDIA GeForce RTX 4060 Laptop GPU, 561.09, P0, 2595 MHz, 8000 MHz, 58, 50.97 W, 100 %
2026/10/05 17:12:39.865, NVIDIA GeForce RTX 4060 Laptop GPU, 561.09, P0, 2595 MHz, 8000 MHz, 58, 50.97 W, 99 %
2026/10/05 17:12:40.070, NVIDIA GeForce RTX 4060 Laptop GPU, 561.09, P0, 2595 MHz, 8000 MHz, 60, 52.06 W, 100 %
2026/10/05 17:12:40.276, NVIDIA GeForce RTX 4060 Laptop GPU, 561.09, P0, 2595 MHz, 8000 MHz, 60, 53.96 W, 95 %
2026/10/05 17:12:40.480, NVIDIA GeForce RTX 4060 Laptop GPU, 561.09, P0, 2595 MHz, 8000 MHz, 60, 55.68 W, 96 %
2026/10/05 17:12:40.702, NVIDIA GeForce RTX 4060 Laptop GPU, 561.09, P0, 2595 MHz, 8000 MHz, 60, 57.60 W, 95 %
2026/10/05 17:12:40.923, NVIDIA GeForce RTX 4060 Laptop GPU, 561.09, P0, 2595 MHz, 8000 MHz, 60, 59.39 W, 96 %
2026/10/05 17:12:41.127, NVIDIA GeForce RTX 4060 Laptop GPU, 561.09, P0, 2595 MHz, 8000 MHz, 60, 60.89 W, 94 %
2026/10/05 17:12:41.348, NVIDIA GeForce RTX 4060 Laptop GPU, 561.09, P0, 2595 MHz, 8000 MHz, 61, 60.95 W, 94 %
2026/10/05 17:12:41.569, NVIDIA GeForce RTX 4060 Laptop GPU, 561.09, P0, 2595 MHz, 8000 MHz, 61, 60.86 W, 94 %
2026/10/05 17:12:41.774, NVIDIA GeForce RTX 4060 Laptop GPU, 561.09, P0, 2595 MHz, 8000 MHz, 61, 60.85 W, 95 %
2026/10/05 17:12:41.978, NVIDIA GeForce RTX 4060 Laptop GPU, 561.09, P0, 2595 MHz, 8000 MHz, 60, 60.78 W, 95 %
2026/10/05 17:12:42.182, NVIDIA GeForce RTX 4060 Laptop GPU, 561.09, P0, 2595 MHz, 8000 MHz, 60, 60.87 W, 94 %
2026/10/05 17:12:42.386, NVIDIA GeForce RTX 4060 Laptop GPU, 561.09, P0, 2595 MHz, 8000 MHz, 60, 60.76 W, 94 %
2026/10/05 17:12:42.605, NVIDIA GeForce RTX 4060 Laptop GPU, 561.09, P0, 2595 MHz, 8000 MHz, 61, 60.81 W, 94 %
2026/10/05 17:12:42.827, NVIDIA GeForce RTX 4060 Laptop GPU, 561.09, P0, 2595 MHz, 8000 MHz, 61, 60.78 W, 94 %
2026/10/05 17:12:43.032, NVIDIA GeForce RTX 4060 Laptop GPU, 561.09, P0, 2595 MHz, 8000 MHz, 61, 60.63 W, 94 %
2026/10/05 17:12:43.237, NVIDIA GeForce RTX 4060 Laptop GPU, 561.09, P0, 2595 MHz, 8000 MHz, 61, 60.72 W, 95 %
2026/10/05 17:12:43.442, NVIDIA GeForce RTX 4060 Laptop GPU, 561.09, P0, 2595 MHz, 8000 MHz, 61, 60.66 W, 94 %
2026/10/05 17:12:43.646, NVIDIA GeForce RTX 4060 Laptop GPU, 561.09, P0, 2595 MHz, 8000 MHz, 61, 60.77 W, 94 %
2026/10/05 17:12:43.867, NVIDIA GeForce RTX 4060 Laptop GPU, 561.09, P0, 2595 MHz, 8000 MHz, 61, 60.74 W, 94 %
2026/10/05 17:12:44.088, NVIDIA GeForce RTX 4060 Laptop GPU, 561.09, P0, 2595 MHz, 8000 MHz, 61, 60.91 W, 95 %
2026/10/05 17:12:44.292, NVIDIA GeForce RTX 4060 Laptop GPU, 561.09, P0, 2595 MHz, 8000 MHz, 61, 60.76 W, 94 %
2026/10/05 17:12:44.497, NVIDIA GeForce RTX 4060 Laptop GPU, 561.09, P0, 2595 MHz, 8000 MHz, 61, 60.87 W, 94 %
2026/10/05 17:12:44.717, NVIDIA GeForce RTX 4060 Laptop GPU, 561.09, P0, 2595 MHz, 8000 MHz, 61, 60.79 W, 95 %
2026/10/05 17:12:44.922, NVIDIA GeForce RTX 4060 Laptop GPU, 561.09, P0, 2595 MHz, 8000 MHz, 61, 60.83 W, 94 %
2026/10/05 17:12:45.142, NVIDIA GeForce RTX 4060 Laptop GPU, 561.09, P0, 2595 MHz, 8000 MHz, 61, 60.90 W, 95 %
2026/10/05 17:12:45.363, NVIDIA GeForce RTX 4060 Laptop GPU, 561.09, P0, 2595 MHz, 8000 MHz, 61, 61.06 W, 95 %
2026/10/05 17:12:45.567, NVIDIA GeForce RTX 4060 Laptop GPU, 561.09, P0, 2595 MHz, 8000 MHz, 61, 61.09 W, 95 %
2026/10/05 17:12:45.773, NVIDIA GeForce RTX 4060 Laptop GPU, 561.09, P0, 2595 MHz, 8000 MHz, 61, 61.22 W, 95 %
2026/10/05 17:12:45.978, NVIDIA GeForce RTX 4060 Laptop GPU, 561.09, P0, 2595 MHz, 8000 MHz, 61, 61.25 W, 95 %
2026/10/05 17:12:46.183, NVIDIA GeForce RTX 4060 Laptop GPU, 561.09, P0, 2595 MHz, 8000 MHz, 61, 61.26 W, 95 %
2026/10/05 17:12:46.403, NVIDIA GeForce RTX 4060 Laptop GPU, 561.09, P0, 2595 MHz, 8000 MHz, 61, 61.13 W, 93 %
2026/10/05 17:12:46.625, NVIDIA GeForce RTX 4060 Laptop GPU, 561.09, P0, 2595 MHz, 8000 MHz, 61, 61.12 W, 95 %
2026/10/05 17:12:46.845, NVIDIA GeForce RTX 4060 Laptop GPU, 561.09, P0, 2595 MHz, 8000 MHz, 61, 61.01 W, 94 %
2026/10/05 17:12:47.065, NVIDIA GeForce RTX 4060 Laptop GPU, 561.09, P0, 2595 MHz, 8000 MHz, 61, 61.07 W, 95 %
2026/10/05 17:12:47.286, NVIDIA GeForce RTX 4060 Laptop GPU, 561.09, P0, 2595 MHz, 8000 MHz, 61, 60.93 W, 94 %
2026/10/05 17:12:47.491, NVIDIA GeForce RTX 4060 Laptop GPU, 561.09, P0, 2595 MHz, 8000 MHz, 61, 61.05 W, 94 %
2026/10/05 17:12:47.696, NVIDIA GeForce RTX 4060 Laptop GPU, 561.09, P0, 2595 MHz, 8000 MHz, 61, 60.95 W, 94 %
2026/10/05 17:12:47.915, NVIDIA GeForce RTX 4060 Laptop GPU, 561.09, P0, 2595 MHz, 8000 MHz, 61, 61.11 W, 94 %
2026/10/05 17:12:48.121, NVIDIA GeForce RTX 4060 Laptop GPU, 561.09, P0, 2595 MHz, 8000 MHz, 61, 60.55 W, 96 %
2026/10/05 17:12:48.326, NVIDIA GeForce RTX 4060 Laptop GPU, 561.09, P0, 2595 MHz, 8000 MHz, 61, 60.66 W, 99 %
2026/10/05 17:12:48.532, NVIDIA GeForce RTX 4060 Laptop GPU, 561.09, P0, 2595 MHz, 8000 MHz, 61, 60.77 W, 99 %
2026/10/05 17:12:48.737, NVIDIA GeForce RTX 4060 Laptop GPU, 561.09, P0, 2595 MHz, 8000 MHz, 61, 60.75 W, 99 %
2026/10/05 17:12:48.943, NVIDIA GeForce RTX 4060 Laptop GPU, 561.09, P0, 2595 MHz, 8000 MHz, 61, 60.88 W, 99 %
2026/10/05 17:12:49.165, NVIDIA GeForce RTX 4060 Laptop GPU, 561.09, P0, 2595 MHz, 8000 MHz, 61, 61.32 W, 98 %
2026/10/05 17:12:49.385, NVIDIA GeForce RTX 4060 Laptop GPU, 561.09, P0, 2595 MHz, 8000 MHz, 61, 61.20 W, 98 %
2026/10/05 17:12:49.590, NVIDIA GeForce RTX 4060 Laptop GPU, 561.09, P0, 2595 MHz, 8000 MHz, 61, 61.12 W, 98 %
2026/10/05 17:12:49.795, NVIDIA GeForce RTX 4060 Laptop GPU, 561.09, P0, 2595 MHz, 8000 MHz, 61, 61.18 W, 99 %
2026/10/05 17:12:50.000, NVIDIA GeForce RTX 4060 Laptop GPU, 561.09, P0, 2595 MHz, 8000 MHz, 61, 61.11 W, 99 %
2026/10/05 17:12:50.220, NVIDIA GeForce RTX 4060 Laptop GPU, 561.09, P0, 2595 MHz, 8000 MHz, 61, 61.16 W, 99 %
2026/10/05 17:12:50.441, NVIDIA GeForce RTX 4060 Laptop GPU, 561.09, P0, 2595 MHz, 8000 MHz, 61, 61.27 W, 99 %
2026/10/05 17:12:50.646, NVIDIA GeForce RTX 4060 Laptop GPU, 561.09, P0, 2595 MHz, 8000 MHz, 61, 61.38 W, 99 %
2026/10/05 17:12:50.867, NVIDIA GeForce RTX 4060 Laptop GPU, 561.09, P0, 2595 MHz, 8000 MHz, 61, 61.39 W, 99 %
2026/10/05 17:12:51.071, NVIDIA GeForce RTX 4060 Laptop GPU, 561.09, P0, 2595 MHz, 8000 MHz, 61, 61.47 W, 99 %
2026/10/05 17:12:51.277, NVIDIA GeForce RTX 4060 Laptop GPU, 561.09, P0, 2595 MHz, 8000 MHz, 61, 61.42 W, 99 %
2026/10/05 17:12:51.497, NVIDIA GeForce RTX 4060 Laptop GPU, 561.09, P0, 2595 MHz, 8000 MHz, 61, 61.33 W, 98 %
2026/10/05 17:12:51.718, NVIDIA GeForce RTX 4060 Laptop GPU, 561.09, P0, 2595 MHz, 8000 MHz, 61, 61.26 W, 98 %
2026/10/05 17:12:51.922, NVIDIA GeForce RTX 4060 Laptop GPU, 561.09, P0, 2595 MHz, 8000 MHz, 61, 61.25 W, 98 %
2026/10/05 17:12:52.128, NVIDIA GeForce RTX 4060 Laptop GPU, 561.09, P0, 2595 MHz, 8000 MHz, 61, 61.17 W, 99 %
2026/10/05 17:12:52.333, NVIDIA GeForce RTX 4060 Laptop GPU, 561.09, P0, 2595 MHz, 8000 MHz, 61, 61.16 W, 99 %
2026/10/05 17:12:52.538, NVIDIA GeForce RTX 4060 Laptop GPU, 561.09, P0, 2595 MHz, 8000 MHz, 61, 61.28 W, 99 %
2026/10/05 17:12:52.742, NVIDIA GeForce RTX 4060 Laptop GPU, 561.09, P0, 2595 MHz, 8000 MHz, 61, 61.36 W, 99 %
2026/10/05 17:12:52.948, NVIDIA GeForce RTX 4060 Laptop GPU, 561.09, P0, 2595 MHz, 8000 MHz, 61, 61.65 W, 99 %
2026/10/05 17:12:53.184, NVIDIA GeForce RTX 4060 Laptop GPU, 561.09, P0, 2595 MHz, 8000 MHz, 61, 61.89 W, 99 %
2026/10/05 17:12:53.405, NVIDIA GeForce RTX 4060 Laptop GPU, 561.09, P0, 2595 MHz, 8000 MHz, 61, 61.15 W, 99 %
2026/10/05 17:12:53.626, NVIDIA GeForce RTX 4060 Laptop GPU, 561.09, P0, 2595 MHz, 8000 MHz, 61, 61.88 W, 99 %
2026/10/05 17:12:53.847, NVIDIA GeForce RTX 4060 Laptop GPU, 561.09, P0, 2595 MHz, 8000 MHz, 61, 61.47 W, 99 %
2026/10/05 17:12:54.052, NVIDIA GeForce RTX 4060 Laptop GPU, 561.09, P0, 2595 MHz, 8000 MHz, 61, 61.09 W, 98 %
2026/10/05 17:12:54.272, NVIDIA GeForce RTX 4060 Laptop GPU, 561.09, P0, 2595 MHz, 8000 MHz, 61, 61.31 W, 98 %
2026/10/05 17:12:54.493, NVIDIA GeForce RTX 4060 Laptop GPU, 561.09, P0, 2595 MHz, 8000 MHz, 61, 61.54 W, 98 %
2026/10/05 17:12:54.698, NVIDIA GeForce RTX 4060 Laptop GPU, 561.09, P0, 2595 MHz, 8000 MHz, 62, 61.38 W, 98 %
2026/10/05 17:12:54.918, NVIDIA GeForce RTX 4060 Laptop GPU, 561.09, P0, 2595 MHz, 8000 MHz, 62, 61.88 W, 99 %
2026/10/05 17:12:55.123, NVIDIA GeForce RTX 4060 Laptop GPU, 561.09, P0, 2595 MHz, 8000 MHz, 62, 61.56 W, 98 %
2026/10/05 17:12:55.327, NVIDIA GeForce RTX 4060 Laptop GPU, 561.09, P0, 2595 MHz, 8000 MHz, 62, 61.58 W, 99 %
2026/10/05 17:12:55.531, NVIDIA GeForce RTX 4060 Laptop GPU, 561.09, P0, 2595 MHz, 8000 MHz, 62, 61.47 W, 98 %
2026/10/05 17:12:55.736, NVIDIA GeForce RTX 4060 Laptop GPU, 561.09, P0, 2595 MHz, 8000 MHz, 62, 61.96 W, 98 %
2026/10/05 17:12:55.941, NVIDIA GeForce RTX 4060 Laptop GPU, 561.09, P0, 2595 MHz, 8000 MHz, 62, 61.88 W, 98 %
2026/10/05 17:12:56.161, NVIDIA GeForce RTX 4060 Laptop GPU, 561.09, P0, 2595 MHz, 8000 MHz, 62, 61.45 W, 98 %
2026/10/05 17:12:56.367, NVIDIA GeForce RTX 4060 Laptop GPU, 561.09, P0, 2595 MHz, 8000 MHz, 62, 55.34 W, 86 %
2026/10/05 17:12:56.573, NVIDIA GeForce RTX 4060 Laptop GPU, 561.09, P0, 2595 MHz, 8000 MHz, 61, 50.88 W, 80 %
2026/10/05 17:12:56.795, NVIDIA GeForce RTX 4060 Laptop GPU, 561.09, P0, 2595 MHz, 8000 MHz, 61, 52.13 W, 82 %
2026/10/05 17:12:57.016, NVIDIA GeForce RTX 4060 Laptop GPU, 561.09, P0, 2595 MHz, 8000 MHz, 61, 51.49 W, 81 %
2026/10/05 17:12:57.222, NVIDIA GeForce RTX 4060 Laptop GPU, 561.09, P0, 2595 MHz, 8000 MHz, 60, 48.36 W, 79 %
2026/10/05 17:12:57.444, NVIDIA GeForce RTX 4060 Laptop GPU, 561.09, P0, 2595 MHz, 8000 MHz, 60, 48.91 W, 81 %
2026/10/05 17:12:57.650, NVIDIA GeForce RTX 4060 Laptop GPU, 561.09, P0, 2595 MHz, 8000 MHz, 60, 50.06 W, 76 %
2026/10/05 17:12:57.856, NVIDIA GeForce RTX 4060 Laptop GPU, 561.09, P0, 2595 MHz, 8000 MHz, 61, 53.76 W, 80 %
2026/10/05 17:12:58.078, NVIDIA GeForce RTX 4060 Laptop GPU, 561.09, P0, 2595 MHz, 8000 MHz, 61, 50.61 W, 81 %
2026/10/05 17:12:58.300, NVIDIA GeForce RTX 4060 Laptop GPU, 561.09, P0, 2595 MHz, 8000 MHz, 61, 51.26 W, 81 %
2026/10/05 17:12:58.507, NVIDIA GeForce RTX 4060 Laptop GPU, 561.09, P0, 2595 MHz, 8000 MHz, 60, 51.31 W, 79 %
2026/10/05 17:12:58.713, NVIDIA GeForce RTX 4060 Laptop GPU, 561.09, P0, 2595 MHz, 8000 MHz, 60, 51.92 W, 81 %
2026/10/05 17:12:58.935, NVIDIA GeForce RTX 4060 Laptop GPU, 561.09, P0, 2595 MHz, 8000 MHz, 60, 50.35 W, 81 %
2026/10/05 17:12:59.157, NVIDIA GeForce RTX 4060 Laptop GPU, 561.09, P0, 2595 MHz, 8000 MHz, 61, 49.53 W, 79 %
2026/10/05 17:12:59.380, NVIDIA GeForce RTX 4060 Laptop GPU, 561.09, P0, 2595 MHz, 8000 MHz, 61, 50.11 W, 80 %
2026/10/05 17:12:59.586, NVIDIA GeForce RTX 4060 Laptop GPU, 561.09, P0, 2595 MHz, 8000 MHz, 61, 53.77 W, 80 %
2026/10/05 17:12:59.808, NVIDIA GeForce RTX 4060 Laptop GPU, 561.09, P0, 2595 MHz, 8000 MHz, 60, 50.30 W, 79 %
2026/10/05 17:13:00.030, NVIDIA GeForce RTX 4060 Laptop GPU, 561.09, P0, 2595 MHz, 8000 MHz, 60, 51.21 W, 79 %
2026/10/05 17:13:00.238, NVIDIA GeForce RTX 4060 Laptop GPU, 561.09, P0, 2595 MHz, 8000 MHz, 60, 50.94 W, 79 %
2026/10/05 17:13:00.442, NVIDIA GeForce RTX 4060 Laptop GPU, 561.09, P0, 2595 MHz, 8000 MHz, 60, 50.55 W, 78 %
2026/10/05 17:13:00.665, NVIDIA GeForce RTX 4060 Laptop GPU, 561.09, P0, 2595 MHz, 8000 MHz, 60, 50.51 W, 78 %
2026/10/05 17:13:00.872, NVIDIA GeForce RTX 4060 Laptop GPU, 561.09, P0, 2595 MHz, 8000 MHz, 60, 49.88 W, 77 %
2026/10/05 17:13:01.093, NVIDIA GeForce RTX 4060 Laptop GPU, 561.09, P0, 2595 MHz, 8000 MHz, 61, 50.42 W, 78 %
2026/10/05 17:13:01.315, NVIDIA GeForce RTX 4060 Laptop GPU, 561.09, P0, 2595 MHz, 8000 MHz, 61, 51.40 W, 81 %
2026/10/05 17:13:01.521, NVIDIA GeForce RTX 4060 Laptop GPU, 561.09, P0, 2595 MHz, 8000 MHz, 61, 51.10 W, 81 %
2026/10/05 17:13:01.728, NVIDIA GeForce RTX 4060 Laptop GPU, 561.09, P0, 2595 MHz, 8000 MHz, 60, 52.34 W, 80 %
2026/10/05 17:13:01.951, NVIDIA GeForce RTX 4060 Laptop GPU, 561.09, P0, 2595 MHz, 8000 MHz, 60, 50.39 W, 79 %
2026/10/05 17:13:02.172, NVIDIA GeForce RTX 4060 Laptop GPU, 561.09, P0, 2595 MHz, 8000 MHz, 60, 50.21 W, 80 %
2026/10/05 17:13:02.394, NVIDIA GeForce RTX 4060 Laptop GPU, 561.09, P0, 2595 MHz, 8000 MHz, 61, 51.30 W, 80 %
2026/10/05 17:13:02.617, NVIDIA GeForce RTX 4060 Laptop GPU, 561.09, P0, 2595 MHz, 8000 MHz, 61, 49.82 W, 80 %
2026/10/05 17:13:02.839, NVIDIA GeForce RTX 4060 Laptop GPU, 561.09, P0, 2595 MHz, 8000 MHz, 61, 50.72 W, 80 %
2026/10/05 17:13:03.061, NVIDIA GeForce RTX 4060 Laptop GPU, 561.09, P0, 2595 MHz, 8000 MHz, 60, 49.42 W, 80 %
2026/10/05 17:13:03.283, NVIDIA GeForce RTX 4060 Laptop GPU, 561.09, P0, 2595 MHz, 8000 MHz, 60, 51.38 W, 79 %
2026/10/05 17:13:03.488, NVIDIA GeForce RTX 4060 Laptop GPU, 561.09, P0, 2595 MHz, 8000 MHz, 60, 51.56 W, 80 %
2026/10/05 17:13:03.709, NVIDIA GeForce RTX 4060 Laptop GPU, 561.09, P0, 2595 MHz, 8000 MHz, 60, 49.73 W, 80 %
2026/10/05 17:13:03.930, NVIDIA GeForce RTX 4060 Laptop GPU, 561.09, P0, 2595 MHz, 8000 MHz, 60, 49.89 W, 79 %
2026/10/05 17:13:04.136, NVIDIA GeForce RTX 4060 Laptop GPU, 561.09, P0, 2595 MHz, 8000 MHz, 60, 50.31 W, 75 %
2026/10/05 17:13:04.358, NVIDIA GeForce RTX 4060 Laptop GPU, 561.09, P0, 2595 MHz, 8000 MHz, 61, 48.77 W, 78 %
2026/10/05 17:13:04.580, NVIDIA GeForce RTX 4060 Laptop GPU, 561.09, P0, 2595 MHz, 8000 MHz, 61, 51.67 W, 80 %
2026/10/05 17:13:04.801, NVIDIA GeForce RTX 4060 Laptop GPU, 561.09, P0, 2595 MHz, 8000 MHz, 61, 48.99 W, 80 %
2026/10/05 17:13:05.007, NVIDIA GeForce RTX 4060 Laptop GPU, 561.09, P0, 2595 MHz, 8000 MHz, 61, 55.88 W, 79 %
2026/10/05 17:13:05.228, NVIDIA GeForce RTX 4060 Laptop GPU, 561.09, P0, 2595 MHz, 8000 MHz, 61, 50.51 W, 79 %
2026/10/05 17:13:05.449, NVIDIA GeForce RTX 4060 Laptop GPU, 561.09, P0, 2595 MHz, 8000 MHz, 61, 49.11 W, 81 %
2026/10/05 17:13:05.656, NVIDIA GeForce RTX 4060 Laptop GPU, 561.09, P0, 2595 MHz, 8000 MHz, 60, 50.72 W, 76 %
2026/10/05 17:13:05.864, NVIDIA GeForce RTX 4060 Laptop GPU, 561.09, P0, 2595 MHz, 8000 MHz, 60, 50.74 W, 80 %
2026/10/05 17:13:06.086, NVIDIA GeForce RTX 4060 Laptop GPU, 561.09, P0, 2595 MHz, 8000 MHz, 60, 50.75 W, 79 %
2026/10/05 17:13:06.308, NVIDIA GeForce RTX 4060 Laptop GPU, 561.09, P0, 2595 MHz, 8000 MHz, 61, 50.96 W, 81 %
2026/10/05 17:13:06.530, NVIDIA GeForce RTX 4060 Laptop GPU, 561.09, P0, 2595 MHz, 8000 MHz, 61, 50.88 W, 82 %
2026/10/05 17:13:06.752, NVIDIA GeForce RTX 4060 Laptop GPU, 561.09, P0, 2595 MHz, 8000 MHz, 61, 50.87 W, 80 %
2026/10/05 17:13:06.973, NVIDIA GeForce RTX 4060 Laptop GPU, 561.09, P0, 2595 MHz, 8000 MHz, 61, 50.88 W, 80 %
2026/10/05 17:13:07.180, NVIDIA GeForce RTX 4060 Laptop GPU, 561.09, P0, 2595 MHz, 8000 MHz, 61, 50.84 W, 80 %
2026/10/05 17:13:07.387, NVIDIA GeForce RTX 4060 Laptop GPU, 561.09, P0, 2595 MHz, 8000 MHz, 61, 50.63 W, 78 %
2026/10/05 17:13:07.609, NVIDIA GeForce RTX 4060 Laptop GPU, 561.09, P0, 2595 MHz, 8000 MHz, 61, 50.71 W, 81 %
2026/10/05 17:13:07.831, NVIDIA GeForce RTX 4060 Laptop GPU, 561.09, P0, 2595 MHz, 8000 MHz, 61, 50.57 W, 79 %
2026/10/05 17:13:08.037, NVIDIA GeForce RTX 4060 Laptop GPU, 561.09, P0, 2595 MHz, 8000 MHz, 60, 47.75 W, 78 %
2026/10/05 17:13:08.259, NVIDIA GeForce RTX 4060 Laptop GPU, 561.09, P0, 2595 MHz, 8000 MHz, 60, 51.13 W, 75 %
2026/10/05 17:13:08.481, NVIDIA GeForce RTX 4060 Laptop GPU, 561.09, P0, 2595 MHz, 8000 MHz, 60, 48.99 W, 78 %
2026/10/05 17:13:09.655, NVIDIA GeForce RTX 4060 Laptop GPU, 561.09, P0, 2595 MHz, 8000 MHz, 60, 49.79 W, 75 %
2026/10/05 17:13:09.877, NVIDIA GeForce RTX 4060 Laptop GPU, 561.09, P0, 2595 MHz, 8000 MHz, 60, 50.24 W, 79 %
2026/10/05 17:13:10.082, NVIDIA GeForce RTX 4060 Laptop GPU, 561.09, P0, 2595 MHz, 8000 MHz, 60, 49.54 W, 80 %
2026/10/05 17:13:10.289, NVIDIA GeForce RTX 4060 Laptop GPU, 561.09, P0, 2595 MHz, 8000 MHz, 61, 52.01 W, 78 %
2026/10/05 17:13:10.511, NVIDIA GeForce RTX 4060 Laptop GPU, 561.09, P0, 2595 MHz, 8000 MHz, 61, 50.21 W, 81 %
2026/10/05 17:13:10.732, NVIDIA GeForce RTX 4060 Laptop GPU, 561.09, P0, 2595 MHz, 8000 MHz, 61, 51.44 W, 80 %
2026/10/05 17:13:10.955, NVIDIA GeForce RTX 4060 Laptop GPU, 561.09, P0, 2595 MHz, 8000 MHz, 61, 52.19 W, 88 %
2026/10/05 17:13:11.192, NVIDIA GeForce RTX 4060 Laptop GPU, 561.09, P0, 2595 MHz, 8000 MHz, 61, 51.98 W, 91 %
2026/10/05 17:13:11.412, NVIDIA GeForce RTX 4060 Laptop GPU, 561.09, P0, 2595 MHz, 8000 MHz, 61, 52.51 W, 90 %
2026/10/05 17:13:11.632, NVIDIA GeForce RTX 4060 Laptop GPU, 561.09, P0, 2595 MHz, 8000 MHz, 61, 50.23 W, 90 %
2026/10/05 17:13:11.853, NVIDIA GeForce RTX 4060 Laptop GPU, 561.09, P0, 2595 MHz, 8000 MHz, 61, 52.81 W, 92 %
2026/10/05 17:13:12.059, NVIDIA GeForce RTX 4060 Laptop GPU, 561.09, P0, 2595 MHz, 8000 MHz, 61, 52.56 W, 89 %
2026/10/05 17:13:12.265, NVIDIA GeForce RTX 4060 Laptop GPU, 561.09, P0, 2595 MHz, 8000 MHz, 61, 52.12 W, 90 %
2026/10/05 17:13:12.486, NVIDIA GeForce RTX 4060 Laptop GPU, 561.09, P0, 2595 MHz, 8000 MHz, 61, 52.32 W, 91 %
2026/10/05 17:13:12.692, NVIDIA GeForce RTX 4060 Laptop GPU, 561.09, P0, 2595 MHz, 8000 MHz, 61, 52.23 W, 89 %
2026/10/05 17:13:12.913, NVIDIA GeForce RTX 4060 Laptop GPU, 561.09, P0, 2595 MHz, 8000 MHz, 61, 52.22 W, 92 %
2026/10/05 17:13:13.136, NVIDIA GeForce RTX 4060 Laptop GPU, 561.09, P0, 2595 MHz, 8000 MHz, 61, 51.63 W, 90 %
2026/10/05 17:13:13.342, NVIDIA GeForce RTX 4060 Laptop GPU, 561.09, P0, 2595 MHz, 8000 MHz, 61, 52.76 W, 91 %
2026/10/05 17:13:13.579, NVIDIA GeForce RTX 4060 Laptop GPU, 561.09, P0, 2595 MHz, 8000 MHz, 61, 51.86 W, 88 %
2026/10/05 17:13:13.785, NVIDIA GeForce RTX 4060 Laptop GPU, 561.09, P0, 2595 MHz, 8000 MHz, 61, 52.74 W, 91 %
2026/10/05 17:13:13.990, NVIDIA GeForce RTX 4060 Laptop GPU, 561.09, P0, 2595 MHz, 8000 MHz, 61, 51.89 W, 87 %
2026/10/05 17:13:14.212, NVIDIA GeForce RTX 4060 Laptop GPU, 561.09, P0, 2595 MHz, 8000 MHz, 61, 51.43 W, 89 %
2026/10/05 17:13:14.433, NVIDIA GeForce RTX 4060 Laptop GPU, 561.09, P0, 2595 MHz, 8000 MHz, 61, 52.12 W, 91 %
2026/10/05 17:13:14.654, NVIDIA GeForce RTX 4060 Laptop GPU, 561.09, P0, 2595 MHz, 8000 MHz, 61, 51.75 W, 86 %
2026/10/05 17:13:14.874, NVIDIA GeForce RTX 4060 Laptop GPU, 561.09, P0, 2595 MHz, 8000 MHz, 61, 51.75 W, 89 %
2026/10/05 17:13:15.096, NVIDIA GeForce RTX 4060 Laptop GPU, 561.09, P0, 2595 MHz, 8000 MHz, 61, 50.85 W, 88 %
2026/10/05 17:13:15.301, NVIDIA GeForce RTX 4060 Laptop GPU, 561.09, P0, 2595 MHz, 8000 MHz, 61, 52.57 W, 88 %
2026/10/05 17:13:15.507, NVIDIA GeForce RTX 4060 Laptop GPU, 561.09, P0, 2595 MHz, 8000 MHz, 61, 51.27 W, 88 %
2026/10/05 17:13:15.729, NVIDIA GeForce RTX 4060 Laptop GPU, 561.09, P0, 2595 MHz, 8000 MHz, 61, 51.20 W, 89 %
2026/10/05 17:13:15.950, NVIDIA GeForce RTX 4060 Laptop GPU, 561.09, P0, 2595 MHz, 8000 MHz, 61, 51.48 W, 89 %
2026/10/05 17:13:16.172, NVIDIA GeForce RTX 4060 Laptop GPU, 561.09, P0, 2595 MHz, 8000 MHz, 61, 51.77 W, 91 %
2026/10/05 17:13:16.395, NVIDIA GeForce RTX 4060 Laptop GPU, 561.09, P0, 2595 MHz, 8000 MHz, 61, 49.40 W, 89 %
2026/10/05 17:13:16.616, NVIDIA GeForce RTX 4060 Laptop GPU, 561.09, P0, 2595 MHz, 8000 MHz, 61, 52.44 W, 91 %
2026/10/05 17:13:16.821, NVIDIA GeForce RTX 4060 Laptop GPU, 561.09, P0, 2595 MHz, 8000 MHz, 61, 52.49 W, 91 %
2026/10/05 17:13:17.027, NVIDIA GeForce RTX 4060 Laptop GPU, 561.09, P0, 2595 MHz, 8000 MHz, 61, 51.89 W, 89 %
2026/10/05 17:13:17.233, NVIDIA GeForce RTX 4060 Laptop GPU, 561.09, P0, 2595 MHz, 8000 MHz, 61, 51.50 W, 90 %
2026/10/05 17:13:17.440, NVIDIA GeForce RTX 4060 Laptop GPU, 561.09, P0, 2595 MHz, 8000 MHz, 61, 54.70 W, 90 %
2026/10/05 17:13:17.662, NVIDIA GeForce RTX 4060 Laptop GPU, 561.09, P0, 2595 MHz, 8000 MHz, 61, 51.50 W, 90 %
2026/10/05 17:13:17.868, NVIDIA GeForce RTX 4060 Laptop GPU, 561.09, P0, 2595 MHz, 8000 MHz, 61, 51.62 W, 88 %
2026/10/05 17:13:18.074, NVIDIA GeForce RTX 4060 Laptop GPU, 561.09, P0, 2595 MHz, 8000 MHz, 61, 52.13 W, 90 %
2026/10/05 17:13:18.278, NVIDIA GeForce RTX 4060 Laptop GPU, 561.09, P0, 2595 MHz, 8000 MHz, 61, 51.07 W, 90 %
2026/10/05 17:13:18.500, NVIDIA GeForce RTX 4060 Laptop GPU, 561.09, P0, 2595 MHz, 8000 MHz, 61, 52.11 W, 89 %
2026/10/05 17:13:18.705, NVIDIA GeForce RTX 4060 Laptop GPU, 561.09, P0, 2595 MHz, 8000 MHz, 61, 51.17 W, 89 %
2026/10/05 17:13:18.927, NVIDIA GeForce RTX 4060 Laptop GPU, 561.09, P0, 2595 MHz, 8000 MHz, 61, 51.94 W, 88 %
2026/10/05 17:13:19.149, NVIDIA GeForce RTX 4060 Laptop GPU, 561.09, P0, 2595 MHz, 8000 MHz, 61, 51.03 W, 87 %
2026/10/05 17:13:19.371, NVIDIA GeForce RTX 4060 Laptop GPU, 561.09, P0, 2595 MHz, 8000 MHz, 61, 51.72 W, 89 %
2026/10/05 17:13:19.703, NVIDIA GeForce RTX 4060 Laptop GPU, 561.09, P0, 2595 MHz, 8000 MHz, 61, 51.18 W, 88 %
2026/10/05 17:13:19.908, NVIDIA GeForce RTX 4060 Laptop GPU, 561.09, P0, 2595 MHz, 8000 MHz, 61, 51.65 W, 89 %
2026/10/05 17:13:20.114, NVIDIA GeForce RTX 4060 Laptop GPU, 561.09, P0, 2595 MHz, 8000 MHz, 61, 53.25 W, 89 %
2026/10/05 17:13:20.333, NVIDIA GeForce RTX 4060 Laptop GPU, 561.09, P0, 2595 MHz, 8000 MHz, 61, 52.31 W, 90 %
2026/10/05 17:13:20.555, NVIDIA GeForce RTX 4060 Laptop GPU, 561.09, P0, 2595 MHz, 8000 MHz, 61, 52.09 W, 90 %
2026/10/05 17:13:20.775, NVIDIA GeForce RTX 4060 Laptop GPU, 561.09, P0, 2595 MHz, 8000 MHz, 61, 53.56 W, 90 %
2026/10/05 17:13:20.981, NVIDIA GeForce RTX 4060 Laptop GPU, 561.09, P0, 2595 MHz, 8000 MHz, 61, 51.62 W, 89 %
2026/10/05 17:13:21.187, NVIDIA GeForce RTX 4060 Laptop GPU, 561.09, P0, 2595 MHz, 8000 MHz, 61, 51.80 W, 89 %
2026/10/05 17:13:21.408, NVIDIA GeForce RTX 4060 Laptop GPU, 561.09, P0, 2595 MHz, 8000 MHz, 61, 52.27 W, 90 %
2026/10/05 17:13:21.614, NVIDIA GeForce RTX 4060 Laptop GPU, 561.09, P0, 2595 MHz, 8000 MHz, 61, 51.01 W, 88 %
2026/10/05 17:13:21.835, NVIDIA GeForce RTX 4060 Laptop GPU, 561.09, P0, 2595 MHz, 8000 MHz, 61, 51.32 W, 90 %
2026/10/05 17:13:22.056, NVIDIA GeForce RTX 4060 Laptop GPU, 561.09, P0, 2595 MHz, 8000 MHz, 61, 54.80 W, 88 %
2026/10/05 17:13:22.279, NVIDIA GeForce RTX 4060 Laptop GPU, 561.09, P0, 2595 MHz, 8000 MHz, 61, 52.30 W, 89 %
2026/10/05 17:13:22.485, NVIDIA GeForce RTX 4060 Laptop GPU, 561.09, P0, 2595 MHz, 8000 MHz, 61, 52.28 W, 91 %
2026/10/05 17:13:22.691, NVIDIA GeForce RTX 4060 Laptop GPU, 561.09, P0, 2595 MHz, 8000 MHz, 61, 51.96 W, 88 %
2026/10/05 17:13:22.913, NVIDIA GeForce RTX 4060 Laptop GPU, 561.09, P0, 2595 MHz, 8000 MHz, 61, 51.89 W, 88 %
2026/10/05 17:13:23.118, NVIDIA GeForce RTX 4060 Laptop GPU, 561.09, P0, 2595 MHz, 8000 MHz, 61, 51.89 W, 91 %
2026/10/05 17:13:23.340, NVIDIA GeForce RTX 4060 Laptop GPU, 561.09, P0, 2595 MHz, 8000 MHz, 61, 52.15 W, 90 %
2026/10/05 17:13:25.287, NVIDIA GeForce RTX 4060 Laptop GPU, 561.09, P0, 2595 MHz, 8000 MHz, 61, 51.19 W, 91 %
2026/10/05 17:13:25.508, NVIDIA GeForce RTX 4060 Laptop GPU, 561.09, P0, 2595 MHz, 8000 MHz, 61, 53.20 W, 89 %
2026/10/05 17:13:25.715, NVIDIA GeForce RTX 4060 Laptop GPU, 561.09, P0, 2595 MHz, 8000 MHz, 61, 52.12 W, 91 %
2026/10/05 17:13:25.920, NVIDIA GeForce RTX 4060 Laptop GPU, 561.09, P0, 2595 MHz, 8000 MHz, 61, 52.67 W, 91 %
2026/10/05 17:13:26.143, NVIDIA GeForce RTX 4060 Laptop GPU, 561.09, P0, 2595 MHz, 8000 MHz, 61, 52.42 W, 92 %
2026/10/05 17:13:26.365, NVIDIA GeForce RTX 4060 Laptop GPU, 561.09, P0, 2595 MHz, 8000 MHz, 61, 55.98 W, 100 %
2026/10/05 17:13:26.586, NVIDIA GeForce RTX 4060 Laptop GPU, 561.09, P0, 2595 MHz, 8000 MHz, 61, 52.36 W, 97 %
2026/10/05 17:13:26.806, NVIDIA GeForce RTX 4060 Laptop GPU, 561.09, P0, 2595 MHz, 8000 MHz, 61, 52.56 W, 97 %
2026/10/05 17:13:27.011, NVIDIA GeForce RTX 4060 Laptop GPU, 561.09, P0, 2595 MHz, 8000 MHz, 61, 51.50 W, 96 %
2026/10/05 17:13:27.231, NVIDIA GeForce RTX 4060 Laptop GPU, 561.09, P0, 2595 MHz, 8000 MHz, 61, 51.51 W, 97 %
2026/10/05 17:13:27.453, NVIDIA GeForce RTX 4060 Laptop GPU, 561.09, P0, 2595 MHz, 8000 MHz, 61, 52.34 W, 96 %
2026/10/05 17:13:27.658, NVIDIA GeForce RTX 4060 Laptop GPU, 561.09, P0, 2595 MHz, 8000 MHz, 61, 52.21 W, 96 %
2026/10/05 17:13:27.863, NVIDIA GeForce RTX 4060 Laptop GPU, 561.09, P0, 2595 MHz, 8000 MHz, 61, 52.18 W, 97 %
2026/10/05 17:13:28.084, NVIDIA GeForce RTX 4060 Laptop GPU, 561.09, P0, 2595 MHz, 8000 MHz, 61, 52.56 W, 96 %
2026/10/05 17:13:28.289, NVIDIA GeForce RTX 4060 Laptop GPU, 561.09, P0, 2595 MHz, 8000 MHz, 61, 52.02 W, 96 %
2026/10/05 17:13:28.509, NVIDIA GeForce RTX 4060 Laptop GPU, 561.09, P0, 2595 MHz, 8000 MHz, 61, 53.57 W, 96 %
2026/10/05 17:13:28.729, NVIDIA GeForce RTX 4060 Laptop GPU, 561.09, P0, 2595 MHz, 8000 MHz, 61, 52.34 W, 97 %
2026/10/05 17:13:28.997, NVIDIA GeForce RTX 4060 Laptop GPU, 561.09, P0, 2595 MHz, 8000 MHz, 61, 52.15 W, 96 %
2026/10/05 17:13:29.217, NVIDIA GeForce RTX 4060 Laptop GPU, 561.09, P0, 2595 MHz, 8000 MHz, 61, 52.20 W, 97 %
2026/10/05 17:13:29.437, NVIDIA GeForce RTX 4060 Laptop GPU, 561.09, P0, 2595 MHz, 8000 MHz, 61, 51.62 W, 96 %
2026/10/05 17:13:29.657, NVIDIA GeForce RTX 4060 Laptop GPU, 561.09, P0, 2595 MHz, 8000 MHz, 61, 52.13 W, 96 %
2026/10/05 17:13:29.862, NVIDIA GeForce RTX 4060 Laptop GPU, 561.09, P0, 2595 MHz, 8000 MHz, 61, 52.07 W, 95 %
2026/10/05 17:13:30.067, NVIDIA GeForce RTX 4060 Laptop GPU, 561.09, P0, 2595 MHz, 8000 MHz, 61, 52.10 W, 97 %
2026/10/05 17:13:30.287, NVIDIA GeForce RTX 4060 Laptop GPU, 561.09, P0, 2595 MHz, 8000 MHz, 61, 52.15 W, 96 %
2026/10/05 17:13:30.508, NVIDIA GeForce RTX 4060 Laptop GPU, 561.09, P0, 2595 MHz, 8000 MHz, 61, 52.33 W, 96 %
2026/10/05 17:13:30.713, NVIDIA GeForce RTX 4060 Laptop GPU, 561.09, P0, 2595 MHz, 8000 MHz, 61, 52.34 W, 96 %
2026/10/05 17:13:30.917, NVIDIA GeForce RTX 4060 Laptop GPU, 561.09, P0, 2595 MHz, 8000 MHz, 61, 51.88 W, 95 %
2026/10/05 17:13:31.138, NVIDIA GeForce RTX 4060 Laptop GPU, 561.09, P0, 2595 MHz, 8000 MHz, 61, 52.04 W, 96 %
2026/10/05 17:13:31.374, NVIDIA GeForce RTX 4060 Laptop GPU, 561.09, P0, 2595 MHz, 8000 MHz, 61, 52.28 W, 97 %
2026/10/05 17:13:31.579, NVIDIA GeForce RTX 4060 Laptop GPU, 561.09, P0, 2595 MHz, 8000 MHz, 61, 52.14 W, 96 %
2026/10/05 17:13:31.784, NVIDIA GeForce RTX 4060 Laptop GPU, 561.09, P0, 2595 MHz, 8000 MHz, 61, 50.40 W, 96 %
2026/10/05 17:13:31.988, NVIDIA GeForce RTX 4060 Laptop GPU, 561.09, P0, 2595 MHz, 8000 MHz, 61, 52.19 W, 96 %
2026/10/05 17:13:32.209, NVIDIA GeForce RTX 4060 Laptop GPU, 561.09, P0, 2595 MHz, 8000 MHz, 61, 52.14 W, 97 %
2026/10/05 17:13:32.429, NVIDIA GeForce RTX 4060 Laptop GPU, 561.09, P0, 2595 MHz, 8000 MHz, 61, 52.06 W, 95 %
2026/10/05 17:13:32.634, NVIDIA GeForce RTX 4060 Laptop GPU, 561.09, P0, 2595 MHz, 8000 MHz, 61, 52.02 W, 96 %
2026/10/05 17:13:32.855, NVIDIA GeForce RTX 4060 Laptop GPU, 561.09, P0, 2595 MHz, 8000 MHz, 61, 52.02 W, 95 %
2026/10/05 17:13:33.074, NVIDIA GeForce RTX 4060 Laptop GPU, 561.09, P0, 2595 MHz, 8000 MHz, 61, 52.22 W, 97 %
2026/10/05 17:13:33.295, NVIDIA GeForce RTX 4060 Laptop GPU, 561.09, P0, 2595 MHz, 8000 MHz, 61, 52.09 W, 96 %
2026/10/05 17:13:33.516, NVIDIA GeForce RTX 4060 Laptop GPU, 561.09, P0, 2595 MHz, 8000 MHz, 61, 51.98 W, 97 %
2026/10/05 17:13:33.721, NVIDIA GeForce RTX 4060 Laptop GPU, 561.09, P0, 2595 MHz, 8000 MHz, 61, 52.85 W, 94 %
2026/10/05 17:13:33.926, NVIDIA GeForce RTX 4060 Laptop GPU, 561.09, P0, 2595 MHz, 8000 MHz, 61, 52.08 W, 96 %
2026/10/05 17:13:34.130, NVIDIA GeForce RTX 4060 Laptop GPU, 561.09, P0, 2595 MHz, 8000 MHz, 61, 52.15 W, 96 %
2026/10/05 17:13:34.335, NVIDIA GeForce RTX 4060 Laptop GPU, 561.09, P0, 2595 MHz, 8000 MHz, 61, 52.66 W, 97 %
2026/10/05 17:13:34.572, NVIDIA GeForce RTX 4060 Laptop GPU, 561.09, P0, 2595 MHz, 8000 MHz, 61, 53.24 W, 96 %
2026/10/05 17:13:34.778, NVIDIA GeForce RTX 4060 Laptop GPU, 561.09, P0, 2595 MHz, 8000 MHz, 61, 51.33 W, 96 %
2026/10/05 17:13:35.000, NVIDIA GeForce RTX 4060 Laptop GPU, 561.09, P0, 2595 MHz, 8000 MHz, 61, 52.43 W, 96 %
2026/10/05 17:13:35.220, NVIDIA GeForce RTX 4060 Laptop GPU, 561.09, P0, 2595 MHz, 8000 MHz, 61, 53.43 W, 97 %
2026/10/05 17:13:35.440, NVIDIA GeForce RTX 4060 Laptop GPU, 561.09, P0, 2595 MHz, 8000 MHz, 61, 52.00 W, 96 %
2026/10/05 17:13:35.644, NVIDIA GeForce RTX 4060 Laptop GPU, 561.09, P0, 2595 MHz, 8000 MHz, 61, 52.07 W, 97 %
2026/10/05 17:13:35.848, NVIDIA GeForce RTX 4060 Laptop GPU, 561.09, P0, 2595 MHz, 8000 MHz, 61, 52.36 W, 96 %
2026/10/05 17:13:36.053, NVIDIA GeForce RTX 4060 Laptop GPU, 561.09, P0, 2595 MHz, 8000 MHz, 61, 52.32 W, 96 %
2026/10/05 17:13:36.259, NVIDIA GeForce RTX 4060 Laptop GPU, 561.09, P0, 2595 MHz, 8000 MHz, 61, 51.52 W, 97 %
2026/10/05 17:13:36.479, NVIDIA GeForce RTX 4060 Laptop GPU, 561.09, P0, 2595 MHz, 8000 MHz, 61, 51.97 W, 95 %
2026/10/05 17:13:36.700, NVIDIA GeForce RTX 4060 Laptop GPU, 561.09, P0, 2595 MHz, 8000 MHz, 61, 53.67 W, 97 %
2026/10/05 17:13:36.905, NVIDIA GeForce RTX 4060 Laptop GPU, 561.09, P0, 2595 MHz, 8000 MHz, 61, 51.39 W, 96 %
2026/10/05 17:13:37.124, NVIDIA GeForce RTX 4060 Laptop GPU, 561.09, P0, 2595 MHz, 8000 MHz, 61, 51.68 W, 94 %
2026/10/05 17:13:37.329, NVIDIA GeForce RTX 4060 Laptop GPU, 561.09, P0, 2595 MHz, 8000 MHz, 61, 51.67 W, 96 %
2026/10/05 17:13:37.550, NVIDIA GeForce RTX 4060 Laptop GPU, 561.09, P0, 2595 MHz, 8000 MHz, 61, 53.79 W, 97 %
2026/10/05 17:13:37.770, NVIDIA GeForce RTX 4060 Laptop GPU, 561.09, P0, 2595 MHz, 8000 MHz, 61, 52.84 W, 97 %
2026/10/05 17:13:37.990, NVIDIA GeForce RTX 4060 Laptop GPU, 561.09, P0, 2595 MHz, 8000 MHz, 61, 52.97 W, 96 %
2026/10/05 17:13:38.195, NVIDIA GeForce RTX 4060 Laptop GPU, 561.09, P0, 2595 MHz, 8000 MHz, 61, 51.95 W, 96 %
2026/10/05 17:13:38.400, NVIDIA GeForce RTX 4060 Laptop GPU, 561.09, P0, 2595 MHz, 8000 MHz, 61, 52.47 W, 97 %
2026/10/05 17:13:38.620, NVIDIA GeForce RTX 4060 Laptop GPU, 561.09, P0, 2595 MHz, 8000 MHz, 61, 51.70 W, 97 %
2026/10/05 17:13:38.825, NVIDIA GeForce RTX 4060 Laptop GPU, 561.09, P0, 2595 MHz, 8000 MHz, 61, 52.77 W, 97 %
2026/10/05 17:13:39.030, NVIDIA GeForce RTX 4060 Laptop GPU, 561.09, P0, 2595 MHz, 8000 MHz, 61, 52.19 W, 96 %
2026/10/05 17:13:39.251, NVIDIA GeForce RTX 4060 Laptop GPU, 561.09, P0, 2595 MHz, 8000 MHz, 61, 52.27 W, 97 %
2026/10/05 17:13:39.456, NVIDIA GeForce RTX 4060 Laptop GPU, 561.09, P0, 2595 MHz, 8000 MHz, 61, 52.29 W, 97 %
2026/10/05 17:13:39.660, NVIDIA GeForce RTX 4060 Laptop GPU, 561.09, P0, 2595 MHz, 8000 MHz, 61, 52.27 W, 96 %
2026/10/05 17:13:39.881, NVIDIA GeForce RTX 4060 Laptop GPU, 561.09, P0, 2595 MHz, 8000 MHz, 61, 51.74 W, 96 %
2026/10/05 17:13:40.101, NVIDIA GeForce RTX 4060 Laptop GPU, 561.09, P0, 2595 MHz, 8000 MHz, 61, 52.22 W, 96 %
2026/10/05 17:13:40.321, NVIDIA GeForce RTX 4060 Laptop GPU, 561.09, P0, 2595 MHz, 8000 MHz, 61, 51.84 W, 96 %
2026/10/05 17:13:40.526, NVIDIA GeForce RTX 4060 Laptop GPU, 561.09, P0, 2595 MHz, 8000 MHz, 61, 52.16 W, 95 %
2026/10/05 17:13:40.747, NVIDIA GeForce RTX 4060 Laptop GPU, 561.09, P0, 2595 MHz, 8000 MHz, 61, 51.71 W, 97 %
2026/10/05 17:13:40.967, NVIDIA GeForce RTX 4060 Laptop GPU, 561.09, P0, 2595 MHz, 8000 MHz, 61, 52.08 W, 97 %
2026/10/05 17:13:41.172, NVIDIA GeForce RTX 4060 Laptop GPU, 561.09, P0, 2595 MHz, 8000 MHz, 61, 51.38 W, 96 %
2026/10/05 17:13:41.376, NVIDIA GeForce RTX 4060 Laptop GPU, 561.09, P0, 2595 MHz, 8000 MHz, 61, 52.13 W, 96 %
2026/10/05 17:13:41.581, NVIDIA GeForce RTX 4060 Laptop GPU, 561.09, P0, 2595 MHz, 8000 MHz, 61, 52.20 W, 97 %
2026/10/05 17:13:41.802, NVIDIA GeForce RTX 4060 Laptop GPU, 561.09, P0, 2595 MHz, 8000 MHz, 61, 52.19 W, 96 %
2026/10/05 17:13:42.007, NVIDIA GeForce RTX 4060 Laptop GPU, 561.09, P0, 2595 MHz, 8000 MHz, 61, 52.26 W, 98 %
2026/10/05 17:13:42.227, NVIDIA GeForce RTX 4060 Laptop GPU, 561.09, P0, 2595 MHz, 8000 MHz, 61, 52.29 W, 96 %
2026/10/05 17:13:42.448, NVIDIA GeForce RTX 4060 Laptop GPU, 561.09, P0, 2595 MHz, 8000 MHz, 61, 52.26 W, 96 %
2026/10/05 17:13:42.653, NVIDIA GeForce RTX 4060 Laptop GPU, 561.09, P0, 2595 MHz, 8000 MHz, 61, 51.69 W, 97 %
2026/10/05 17:13:42.875, NVIDIA GeForce RTX 4060 Laptop GPU, 561.09, P0, 2595 MHz, 8000 MHz, 61, 52.12 W, 97 %
2026/10/05 17:13:43.096, NVIDIA GeForce RTX 4060 Laptop GPU, 561.09, P0, 2595 MHz, 8000 MHz, 61, 52.10 W, 95 %
2026/10/05 17:13:43.300, NVIDIA GeForce RTX 4060 Laptop GPU, 561.09, P0, 2595 MHz, 8000 MHz, 61, 52.30 W, 97 %
2026/10/05 17:13:43.506, NVIDIA GeForce RTX 4060 Laptop GPU, 561.09, P0, 2595 MHz, 8000 MHz, 62, 53.93 W, 97 %
2026/10/05 17:13:43.728, NVIDIA GeForce RTX 4060 Laptop GPU, 561.09, P0, 2595 MHz, 8000 MHz, 62, 53.99 W, 86 %
2026/10/05 17:13:43.950, NVIDIA GeForce RTX 4060 Laptop GPU, 561.09, P0, 2595 MHz, 8000 MHz, 62, 54.13 W, 87 %
2026/10/05 17:13:44.156, NVIDIA GeForce RTX 4060 Laptop GPU, 561.09, P0, 2595 MHz, 8000 MHz, 62, 54.42 W, 89 %
2026/10/05 17:13:44.378, NVIDIA GeForce RTX 4060 Laptop GPU, 561.09, P0, 2595 MHz, 8000 MHz, 62, 54.60 W, 87 %
2026/10/05 17:13:44.584, NVIDIA GeForce RTX 4060 Laptop GPU, 561.09, P0, 2595 MHz, 8000 MHz, 62, 54.11 W, 83 %
2026/10/05 17:13:44.805, NVIDIA GeForce RTX 4060 Laptop GPU, 561.09, P0, 2595 MHz, 8000 MHz, 62, 54.71 W, 85 %
2026/10/05 17:13:45.027, NVIDIA GeForce RTX 4060 Laptop GPU, 561.09, P0, 2595 MHz, 8000 MHz, 62, 55.26 W, 88 %
2026/10/05 17:13:45.234, NVIDIA GeForce RTX 4060 Laptop GPU, 561.09, P0, 2595 MHz, 8000 MHz, 62, 54.63 W, 85 %
2026/10/05 17:13:45.440, NVIDIA GeForce RTX 4060 Laptop GPU, 561.09, P0, 2595 MHz, 8000 MHz, 62, 55.59 W, 88 %
2026/10/05 17:13:45.662, NVIDIA GeForce RTX 4060 Laptop GPU, 561.09, P0, 2595 MHz, 8000 MHz, 62, 55.47 W, 89 %
2026/10/05 17:13:45.868, NVIDIA GeForce RTX 4060 Laptop GPU, 561.09, P0, 2595 MHz, 8000 MHz, 62, 55.12 W, 87 %
2026/10/05 17:13:46.075, NVIDIA GeForce RTX 4060 Laptop GPU, 561.09, P0, 2595 MHz, 8000 MHz, 62, 55.18 W, 91 %
2026/10/05 17:13:46.281, NVIDIA GeForce RTX 4060 Laptop GPU, 561.09, P0, 2595 MHz, 8000 MHz, 62, 54.76 W, 85 %
2026/10/05 17:13:46.504, NVIDIA GeForce RTX 4060 Laptop GPU, 561.09, P0, 2595 MHz, 8000 MHz, 62, 55.43 W, 87 %
2026/10/05 17:13:46.711, NVIDIA GeForce RTX 4060 Laptop GPU, 561.09, P0, 2595 MHz, 8000 MHz, 62, 53.74 W, 85 %
2026/10/05 17:13:46.917, NVIDIA GeForce RTX 4060 Laptop GPU, 561.09, P0, 2595 MHz, 8000 MHz, 62, 53.74 W, 87 %
2026/10/05 17:13:47.138, NVIDIA GeForce RTX 4060 Laptop GPU, 561.09, P0, 2595 MHz, 8000 MHz, 62, 53.79 W, 82 %
2026/10/05 17:13:47.374, NVIDIA GeForce RTX 4060 Laptop GPU, 561.09, P0, 2595 MHz, 8000 MHz, 62, 53.29 W, 84 %
2026/10/05 17:13:47.596, NVIDIA GeForce RTX 4060 Laptop GPU, 561.09, P0, 2595 MHz, 8000 MHz, 62, 53.64 W, 85 %
2026/10/05 17:13:47.802, NVIDIA GeForce RTX 4060 Laptop GPU, 561.09, P0, 2595 MHz, 8000 MHz, 62, 53.97 W, 87 %
2026/10/05 17:13:48.008, NVIDIA GeForce RTX 4060 Laptop GPU, 561.09, P0, 2595 MHz, 8000 MHz, 62, 55.74 W, 87 %
2026/10/05 17:13:48.231, NVIDIA GeForce RTX 4060 Laptop GPU, 561.09, P0, 2595 MHz, 8000 MHz, 62, 54.57 W, 86 %
2026/10/05 17:13:48.437, NVIDIA GeForce RTX 4060 Laptop GPU, 561.09, P0, 2595 MHz, 8000 MHz, 62, 59.69 W, 87 %
2026/10/05 17:13:48.658, NVIDIA GeForce RTX 4060 Laptop GPU, 561.09, P0, 2595 MHz, 8000 MHz, 62, 54.31 W, 86 %
2026/10/05 17:13:48.865, NVIDIA GeForce RTX 4060 Laptop GPU, 561.09, P0, 2595 MHz, 8000 MHz, 62, 54.22 W, 86 %
2026/10/05 17:13:49.087, NVIDIA GeForce RTX 4060 Laptop GPU, 561.09, P0, 2595 MHz, 8000 MHz, 62, 52.56 W, 89 %
2026/10/05 17:13:49.308, NVIDIA GeForce RTX 4060 Laptop GPU, 561.09, P0, 2595 MHz, 8000 MHz, 62, 55.53 W, 84 %
2026/10/05 17:13:49.530, NVIDIA GeForce RTX 4060 Laptop GPU, 561.09, P0, 2595 MHz, 8000 MHz, 62, 52.89 W, 86 %
2026/10/05 17:13:49.735, NVIDIA GeForce RTX 4060 Laptop GPU, 561.09, P0, 2595 MHz, 8000 MHz, 62, 53.35 W, 85 %
2026/10/05 17:13:49.957, NVIDIA GeForce RTX 4060 Laptop GPU, 561.09, P0, 2595 MHz, 8000 MHz, 62, 53.58 W, 86 %
2026/10/05 17:13:50.178, NVIDIA GeForce RTX 4060 Laptop GPU, 561.09, P0, 2595 MHz, 8000 MHz, 62, 55.29 W, 88 %
2026/10/05 17:13:50.401, NVIDIA GeForce RTX 4060 Laptop GPU, 561.09, P0, 2595 MHz, 8000 MHz, 62, 54.23 W, 84 %
2026/10/05 17:13:50.607, NVIDIA GeForce RTX 4060 Laptop GPU, 561.09, P0, 2595 MHz, 8000 MHz, 62, 54.87 W, 88 %
2026/10/05 17:13:50.827, NVIDIA GeForce RTX 4060 Laptop GPU, 561.09, P0, 2595 MHz, 8000 MHz, 62, 54.95 W, 88 %
2026/10/05 17:13:51.049, NVIDIA GeForce RTX 4060 Laptop GPU, 561.09, P0, 2595 MHz, 8000 MHz, 62, 48.58 W, 74 %
2026/10/05 17:13:51.272, NVIDIA GeForce RTX 4060 Laptop GPU, 561.09, P0, 2595 MHz, 8000 MHz, 61, 47.49 W, 74 %
2026/10/05 17:13:51.494, NVIDIA GeForce RTX 4060 Laptop GPU, 561.09, P0, 2595 MHz, 8000 MHz, 61, 48.60 W, 72 %
2026/10/05 17:13:51.715, NVIDIA GeForce RTX 4060 Laptop GPU, 561.09, P0, 2595 MHz, 8000 MHz, 61, 49.36 W, 74 %
2026/10/05 17:13:51.936, NVIDIA GeForce RTX 4060 Laptop GPU, 561.09, P0, 2595 MHz, 8000 MHz, 62, 47.59 W, 71 %
2026/10/05 17:13:52.158, NVIDIA GeForce RTX 4060 Laptop GPU, 561.09, P0, 2595 MHz, 8000 MHz, 62, 47.81 W, 74 %
2026/10/05 17:13:52.380, NVIDIA GeForce RTX 4060 Laptop GPU, 561.09, P0, 2595 MHz, 8000 MHz, 62, 47.57 W, 72 %
2026/10/05 17:13:52.586, NVIDIA GeForce RTX 4060 Laptop GPU, 561.09, P0, 2595 MHz, 8000 MHz, 61, 47.62 W, 73 %
2026/10/05 17:13:52.808, NVIDIA GeForce RTX 4060 Laptop GPU, 561.09, P0, 2595 MHz, 8000 MHz, 61, 47.82 W, 74 %
2026/10/05 17:13:53.013, NVIDIA GeForce RTX 4060 Laptop GPU, 561.09, P0, 2595 MHz, 8000 MHz, 61, 47.58 W, 72 %
2026/10/05 17:13:53.235, NVIDIA GeForce RTX 4060 Laptop GPU, 561.09, P0, 2595 MHz, 8000 MHz, 61, 47.06 W, 74 %
2026/10/05 17:13:53.456, NVIDIA GeForce RTX 4060 Laptop GPU, 561.09, P0, 2595 MHz, 8000 MHz, 61, 47.15 W, 73 %
2026/10/05 17:13:53.678, NVIDIA GeForce RTX 4060 Laptop GPU, 561.09, P0, 2595 MHz, 8000 MHz, 61, 47.56 W, 73 %
2026/10/05 17:13:53.900, NVIDIA GeForce RTX 4060 Laptop GPU, 561.09, P0, 2595 MHz, 8000 MHz, 61, 47.43 W, 75 %
2026/10/05 17:13:54.121, NVIDIA GeForce RTX 4060 Laptop GPU, 561.09, P0, 2595 MHz, 8000 MHz, 61, 47.49 W, 72 %
2026/10/05 17:13:54.328, NVIDIA GeForce RTX 4060 Laptop GPU, 561.09, P0, 2595 MHz, 8000 MHz, 61, 47.02 W, 73 %
2026/10/05 17:13:54.566, NVIDIA GeForce RTX 4060 Laptop GPU, 561.09, P0, 2595 MHz, 8000 MHz, 61, 47.81 W, 74 %
2026/10/05 17:13:54.788, NVIDIA GeForce RTX 4060 Laptop GPU, 561.09, P0, 2595 MHz, 8000 MHz, 61, 47.70 W, 73 %
2026/10/05 17:13:54.995, NVIDIA GeForce RTX 4060 Laptop GPU, 561.09, P0, 2595 MHz, 8000 MHz, 61, 47.53 W, 72 %
2026/10/05 17:13:55.200, NVIDIA GeForce RTX 4060 Laptop GPU, 561.09, P0, 2595 MHz, 8000 MHz, 61, 47.61 W, 73 %
2026/10/05 17:13:55.423, NVIDIA GeForce RTX 4060 Laptop GPU, 561.09, P0, 2595 MHz, 8000 MHz, 61, 47.52 W, 72 %
2026/10/05 17:13:55.629, NVIDIA GeForce RTX 4060 Laptop GPU, 561.09, P0, 2595 MHz, 8000 MHz, 61, 47.47 W, 72 %
2026/10/05 17:13:55.852, NVIDIA GeForce RTX 4060 Laptop GPU, 561.09, P0, 2595 MHz, 8000 MHz, 61, 46.44 W, 73 %
2026/10/05 17:13:56.075, NVIDIA GeForce RTX 4060 Laptop GPU, 561.09, P0, 2595 MHz, 8000 MHz, 61, 47.36 W, 73 %
2026/10/05 17:13:56.281, NVIDIA GeForce RTX 4060 Laptop GPU, 561.09, P0, 2595 MHz, 8000 MHz, 61, 47.94 W, 72 %
2026/10/05 17:13:56.503, NVIDIA GeForce RTX 4060 Laptop GPU, 561.09, P0, 2595 MHz, 8000 MHz, 61, 47.44 W, 73 %
2026/10/05 17:13:56.709, NVIDIA GeForce RTX 4060 Laptop GPU, 561.09, P0, 2595 MHz, 8000 MHz, 61, 47.40 W, 74 %
2026/10/05 17:13:56.915, NVIDIA GeForce RTX 4060 Laptop GPU, 561.09, P0, 2595 MHz, 8000 MHz, 61, 47.71 W, 73 %
2026/10/05 17:13:57.137, NVIDIA GeForce RTX 4060 Laptop GPU, 561.09, P0, 2595 MHz, 8000 MHz, 62, 47.31 W, 73 %
2026/10/05 17:13:57.358, NVIDIA GeForce RTX 4060 Laptop GPU, 561.09, P0, 2595 MHz, 8000 MHz, 62, 47.07 W, 74 %
2026/10/05 17:13:57.581, NVIDIA GeForce RTX 4060 Laptop GPU, 561.09, P0, 2595 MHz, 8000 MHz, 62, 47.56 W, 73 %
2026/10/05 17:13:57.803, NVIDIA GeForce RTX 4060 Laptop GPU, 561.09, P0, 2595 MHz, 8000 MHz, 63, 47.62 W, 74 %
2026/10/05 17:13:58.008, NVIDIA GeForce RTX 4060 Laptop GPU, 561.09, P0, 2595 MHz, 8000 MHz, 63, 51.86 W, 92 %
2026/10/05 17:13:58.229, NVIDIA GeForce RTX 4060 Laptop GPU, 561.09, P0, 2595 MHz, 8000 MHz, 63, 53.49 W, 94 %
2026/10/05 17:13:58.450, NVIDIA GeForce RTX 4060 Laptop GPU, 561.09, P0, 2595 MHz, 8000 MHz, 62, 54.11 W, 95 %
2026/10/05 17:13:58.671, NVIDIA GeForce RTX 4060 Laptop GPU, 561.09, P0, 2595 MHz, 8000 MHz, 62, 54.43 W, 93 %
2026/10/05 17:13:58.876, NVIDIA GeForce RTX 4060 Laptop GPU, 561.09, P0, 2595 MHz, 8000 MHz, 62, 54.96 W, 92 %
2026/10/05 17:13:59.097, NVIDIA GeForce RTX 4060 Laptop GPU, 561.09, P0, 2595 MHz, 8000 MHz, 62, 55.22 W, 95 %
2026/10/05 17:13:59.318, NVIDIA GeForce RTX 4060 Laptop GPU, 561.09, P0, 2595 MHz, 8000 MHz, 62, 54.95 W, 95 %
2026/10/05 17:13:59.524, NVIDIA GeForce RTX 4060 Laptop GPU, 561.09, P0, 2595 MHz, 8000 MHz, 62, 54.83 W, 92 %
2026/10/05 17:13:59.729, NVIDIA GeForce RTX 4060 Laptop GPU, 561.09, P0, 2595 MHz, 8000 MHz, 62, 54.84 W, 95 %
2026/10/05 17:13:59.966, NVIDIA GeForce RTX 4060 Laptop GPU, 561.09, P0, 2595 MHz, 8000 MHz, 62, 55.09 W, 96 %
2026/10/05 17:14:00.183, NVIDIA GeForce RTX 4060 Laptop GPU, 561.09, P0, 2595 MHz, 8000 MHz, 62, 54.58 W, 94 %
2026/10/05 17:14:00.401, NVIDIA GeForce RTX 4060 Laptop GPU, 561.09, P0, 2595 MHz, 8000 MHz, 62, 54.49 W, 94 %
2026/10/05 17:14:00.607, NVIDIA GeForce RTX 4060 Laptop GPU, 561.09, P0, 2595 MHz, 8000 MHz, 62, 54.47 W, 93 %
2026/10/05 17:14:00.813, NVIDIA GeForce RTX 4060 Laptop GPU, 561.09, P0, 2595 MHz, 8000 MHz, 62, 54.41 W, 93 %
2026/10/05 17:14:01.034, NVIDIA GeForce RTX 4060 Laptop GPU, 561.09, P0, 2595 MHz, 8000 MHz, 62, 54.75 W, 95 %
2026/10/05 17:14:01.258, NVIDIA GeForce RTX 4060 Laptop GPU, 561.09, P0, 2595 MHz, 8000 MHz, 62, 54.63 W, 95 %
2026/10/05 17:14:01.477, NVIDIA GeForce RTX 4060 Laptop GPU, 561.09, P0, 2595 MHz, 8000 MHz, 62, 55.41 W, 92 %
2026/10/05 17:14:01.683, NVIDIA GeForce RTX 4060 Laptop GPU, 561.09, P0, 2595 MHz, 8000 MHz, 62, 55.27 W, 95 %
2026/10/05 17:14:01.904, NVIDIA GeForce RTX 4060 Laptop GPU, 561.09, P0, 2595 MHz, 8000 MHz, 62, 55.10 W, 95 %
2026/10/05 17:14:02.110, NVIDIA GeForce RTX 4060 Laptop GPU, 561.09, P0, 2595 MHz, 8000 MHz, 62, 54.40 W, 94 %
2026/10/05 17:14:02.331, NVIDIA GeForce RTX 4060 Laptop GPU, 561.09, P0, 2595 MHz, 8000 MHz, 62, 54.84 W, 95 %
2026/10/05 17:14:02.552, NVIDIA GeForce RTX 4060 Laptop GPU, 561.09, P0, 2595 MHz, 8000 MHz, 62, 54.89 W, 94 %
2026/10/05 17:14:02.758, NVIDIA GeForce RTX 4060 Laptop GPU, 561.09, P0, 2595 MHz, 8000 MHz, 62, 54.47 W, 95 %
2026/10/05 17:14:02.964, NVIDIA GeForce RTX 4060 Laptop GPU, 561.09, P0, 2595 MHz, 8000 MHz, 62, 54.13 W, 91 %
2026/10/05 17:14:03.186, NVIDIA GeForce RTX 4060 Laptop GPU, 561.09, P0, 2595 MHz, 8000 MHz, 62, 54.31 W, 94 %
2026/10/05 17:14:03.408, NVIDIA GeForce RTX 4060 Laptop GPU, 561.09, P0, 2595 MHz, 8000 MHz, 62, 54.19 W, 93 %
2026/10/05 17:14:03.614, NVIDIA GeForce RTX 4060 Laptop GPU, 561.09, P0, 2595 MHz, 8000 MHz, 62, 54.97 W, 95 %
2026/10/05 17:14:03.835, NVIDIA GeForce RTX 4060 Laptop GPU, 561.09, P0, 2595 MHz, 8000 MHz, 62, 55.03 W, 94 %
2026/10/05 17:14:04.057, NVIDIA GeForce RTX 4060 Laptop GPU, 561.09, P0, 2595 MHz, 8000 MHz, 62, 54.90 W, 96 %
2026/10/05 17:14:04.262, NVIDIA GeForce RTX 4060 Laptop GPU, 561.09, P0, 2595 MHz, 8000 MHz, 62, 54.62 W, 92 %
2026/10/05 17:14:04.468, NVIDIA GeForce RTX 4060 Laptop GPU, 561.09, P0, 2595 MHz, 8000 MHz, 62, 54.66 W, 95 %
2026/10/05 17:14:04.673, NVIDIA GeForce RTX 4060 Laptop GPU, 561.09, P0, 2595 MHz, 8000 MHz, 62, 54.65 W, 92 %
2026/10/05 17:14:04.879, NVIDIA GeForce RTX 4060 Laptop GPU, 561.09, P0, 2595 MHz, 8000 MHz, 62, 54.74 W, 95 %
2026/10/05 17:14:05.098, NVIDIA GeForce RTX 4060 Laptop GPU, 561.09, P0, 2595 MHz, 8000 MHz, 62, 54.71 W, 94 %
2026/10/05 17:14:05.303, NVIDIA GeForce RTX 4060 Laptop GPU, 561.09, P0, 2595 MHz, 8000 MHz, 62, 54.93 W, 95 %
2026/10/05 17:14:05.524, NVIDIA GeForce RTX 4060 Laptop GPU, 561.09, P0, 2595 MHz, 8000 MHz, 62, 55.09 W, 95 %
2026/10/05 17:14:05.745, NVIDIA GeForce RTX 4060 Laptop GPU, 561.09, P0, 2595 MHz, 8000 MHz, 62, 54.03 W, 92 %
2026/10/05 17:14:05.966, NVIDIA GeForce RTX 4060 Laptop GPU, 561.09, P0, 2595 MHz, 8000 MHz, 62, 52.54 W, 89 %
2026/10/05 17:14:06.186, NVIDIA GeForce RTX 4060 Laptop GPU, 561.09, P0, 2595 MHz, 8000 MHz, 62, 51.30 W, 85 %
2026/10/05 17:14:06.408, NVIDIA GeForce RTX 4060 Laptop GPU, 561.09, P0, 2595 MHz, 8000 MHz, 62, 49.11 W, 83 %
2026/10/05 17:14:06.629, NVIDIA GeForce RTX 4060 Laptop GPU, 561.09, P0, 2595 MHz, 8000 MHz, 62, 47.93 W, 84 %
2026/10/05 17:14:06.834, NVIDIA GeForce RTX 4060 Laptop GPU, 561.09, P0, 2595 MHz, 8000 MHz, 62, 47.92 W, 83 %
2026/10/05 17:14:07.056, NVIDIA GeForce RTX 4060 Laptop GPU, 561.09, P0, 2595 MHz, 8000 MHz, 62, 48.32 W, 82 %
2026/10/05 17:14:07.262, NVIDIA GeForce RTX 4060 Laptop GPU, 561.09, P0, 2595 MHz, 8000 MHz, 62, 48.55 W, 82 %
2026/10/05 17:14:07.484, NVIDIA GeForce RTX 4060 Laptop GPU, 561.09, P0, 2595 MHz, 8000 MHz, 62, 48.42 W, 84 %
2026/10/05 17:14:07.705, NVIDIA GeForce RTX 4060 Laptop GPU, 561.09, P0, 2595 MHz, 8000 MHz, 62, 50.28 W, 81 %
2026/10/05 17:14:07.926, NVIDIA GeForce RTX 4060 Laptop GPU, 561.09, P0, 2595 MHz, 8000 MHz, 62, 48.42 W, 82 %
2026/10/05 17:14:08.164, NVIDIA GeForce RTX 4060 Laptop GPU, 561.09, P0, 2595 MHz, 8000 MHz, 62, 48.63 W, 84 %
2026/10/05 17:14:08.369, NVIDIA GeForce RTX 4060 Laptop GPU, 561.09, P0, 2595 MHz, 8000 MHz, 62, 48.40 W, 82 %
2026/10/05 17:14:08.575, NVIDIA GeForce RTX 4060 Laptop GPU, 561.09, P0, 2595 MHz, 8000 MHz, 62, 48.99 W, 84 %
2026/10/05 17:14:08.797, NVIDIA GeForce RTX 4060 Laptop GPU, 561.09, P0, 2595 MHz, 8000 MHz, 62, 48.76 W, 83 %
2026/10/05 17:14:09.019, NVIDIA GeForce RTX 4060 Laptop GPU, 561.09, P0, 2595 MHz, 8000 MHz, 62, 48.13 W, 82 %
2026/10/05 17:14:09.224, NVIDIA GeForce RTX 4060 Laptop GPU, 561.09, P0, 2595 MHz, 8000 MHz, 61, 48.30 W, 82 %
2026/10/05 17:14:09.446, NVIDIA GeForce RTX 4060 Laptop GPU, 561.09, P0, 2595 MHz, 8000 MHz, 61, 48.37 W, 82 %
2026/10/05 17:14:09.653, NVIDIA GeForce RTX 4060 Laptop GPU, 561.09, P0, 2595 MHz, 8000 MHz, 61, 48.51 W, 83 %
2026/10/05 17:14:09.859, NVIDIA GeForce RTX 4060 Laptop GPU, 561.09, P0, 2595 MHz, 8000 MHz, 62, 48.45 W, 82 %
2026/10/05 17:14:10.081, NVIDIA GeForce RTX 4060 Laptop GPU, 561.09, P0, 2595 MHz, 8000 MHz, 62, 48.55 W, 83 %
2026/10/05 17:14:10.286, NVIDIA GeForce RTX 4060 Laptop GPU, 561.09, P0, 2595 MHz, 8000 MHz, 62, 48.66 W, 84 %
2026/10/05 17:14:10.493, NVIDIA GeForce RTX 4060 Laptop GPU, 561.09, P0, 2595 MHz, 8000 MHz, 61, 48.76 W, 84 %
2026/10/05 17:14:10.714, NVIDIA GeForce RTX 4060 Laptop GPU, 561.09, P0, 2595 MHz, 8000 MHz, 61, 48.76 W, 84 %
2026/10/05 17:14:10.920, NVIDIA GeForce RTX 4060 Laptop GPU, 561.09, P0, 2595 MHz, 8000 MHz, 61, 48.81 W, 82 %
2026/10/05 17:14:11.127, NVIDIA GeForce RTX 4060 Laptop GPU, 561.09, P0, 2595 MHz, 8000 MHz, 62, 48.78 W, 83 %
2026/10/05 17:14:11.365, NVIDIA GeForce RTX 4060 Laptop GPU, 561.09, P0, 2595 MHz, 8000 MHz, 62, 48.80 W, 83 %
2026/10/05 17:14:11.570, NVIDIA GeForce RTX 4060 Laptop GPU, 561.09, P0, 2595 MHz, 8000 MHz, 62, 48.71 W, 83 %
2026/10/05 17:14:11.777, NVIDIA GeForce RTX 4060 Laptop GPU, 561.09, P0, 2595 MHz, 8000 MHz, 61, 48.67 W, 82 %
2026/10/05 17:14:11.999, NVIDIA GeForce RTX 4060 Laptop GPU, 561.09, P0, 2595 MHz, 8000 MHz, 61, 48.85 W, 85 %
2026/10/05 17:14:12.221, NVIDIA GeForce RTX 4060 Laptop GPU, 561.09, P0, 2595 MHz, 8000 MHz, 61, 48.77 W, 83 %
2026/10/05 17:14:12.442, NVIDIA GeForce RTX 4060 Laptop GPU, 561.09, P0, 2595 MHz, 8000 MHz, 61, 48.76 W, 83 %
2026/10/05 17:14:12.664, NVIDIA GeForce RTX 4060 Laptop GPU, 561.09, P0, 2595 MHz, 8000 MHz, 61, 48.73 W, 83 %
2026/10/05 17:14:12.885, NVIDIA GeForce RTX 4060 Laptop GPU, 561.09, P0, 2595 MHz, 8000 MHz, 61, 48.78 W, 83 %
2026/10/05 17:14:13.091, NVIDIA GeForce RTX 4060 Laptop GPU, 561.09, P0, 2595 MHz, 8000 MHz, 61, 48.71 W, 82 %
2026/10/05 17:14:13.312, NVIDIA GeForce RTX 4060 Laptop GPU, 561.09, P0, 2595 MHz, 8000 MHz, 61, 48.65 W, 84 %
2026/10/05 17:14:13.519, NVIDIA GeForce RTX 4060 Laptop GPU, 561.09, P0, 2595 MHz, 8000 MHz, 61, 49.61 W, 84 %
2026/10/05 17:14:13.771, NVIDIA GeForce RTX 4060 Laptop GPU, 561.09, P0, 2595 MHz, 8000 MHz, 62, 51.23 W, 98 %
2026/10/05 17:14:13.991, NVIDIA GeForce RTX 4060 Laptop GPU, 561.09, P0, 2595 MHz, 8000 MHz, 62, 52.10 W, 97 %
2026/10/05 17:14:14.196, NVIDIA GeForce RTX 4060 Laptop GPU, 561.09, P0, 2595 MHz, 8000 MHz, 62, 52.95 W, 98 %
2026/10/05 17:14:14.400, NVIDIA GeForce RTX 4060 Laptop GPU, 561.09, P0, 2595 MHz, 8000 MHz, 62, 53.97 W, 98 %
2026/10/05 17:14:14.605, NVIDIA GeForce RTX 4060 Laptop GPU, 561.09, P0, 2595 MHz, 8000 MHz, 62, 53.85 W, 97 %
2026/10/05 17:14:14.811, NVIDIA GeForce RTX 4060 Laptop GPU, 561.09, P0, 2595 MHz, 8000 MHz, 62, 53.58 W, 97 %
2026/10/05 17:14:15.016, NVIDIA GeForce RTX 4060 Laptop GPU, 561.09, P0, 2595 MHz, 8000 MHz, 62, 53.58 W, 97 %
2026/10/05 17:14:15.221, NVIDIA GeForce RTX 4060 Laptop GPU, 561.09, P0, 2595 MHz, 8000 MHz, 62, 53.61 W, 98 %
2026/10/05 17:14:15.442, NVIDIA GeForce RTX 4060 Laptop GPU, 561.09, P0, 2595 MHz, 8000 MHz, 62, 53.51 W, 97 %
2026/10/05 17:14:15.646, NVIDIA GeForce RTX 4060 Laptop GPU, 561.09, P0, 2595 MHz, 8000 MHz, 62, 53.50 W, 97 %
2026/10/05 17:14:15.867, NVIDIA GeForce RTX 4060 Laptop GPU, 561.09, P0, 2595 MHz, 8000 MHz, 62, 53.46 W, 97 %
2026/10/05 17:14:16.072, NVIDIA GeForce RTX 4060 Laptop GPU, 561.09, P0, 2595 MHz, 8000 MHz, 62, 53.49 W, 97 %
2026/10/05 17:14:16.276, NVIDIA GeForce RTX 4060 Laptop GPU, 561.09, P0, 2595 MHz, 8000 MHz, 62, 53.40 W, 97 %
2026/10/05 17:14:16.497, NVIDIA GeForce RTX 4060 Laptop GPU, 561.09, P0, 2595 MHz, 8000 MHz, 62, 53.41 W, 97 %
2026/10/05 17:14:16.702, NVIDIA GeForce RTX 4060 Laptop GPU, 561.09, P0, 2595 MHz, 8000 MHz, 62, 53.42 W, 97 %
2026/10/05 17:14:16.907, NVIDIA GeForce RTX 4060 Laptop GPU, 561.09, P0, 2595 MHz, 8000 MHz, 62, 53.51 W, 98 %
2026/10/05 17:14:17.127, NVIDIA GeForce RTX 4060 Laptop GPU, 561.09, P0, 2595 MHz, 8000 MHz, 62, 53.51 W, 97 %
2026/10/05 17:14:17.347, NVIDIA GeForce RTX 4060 Laptop GPU, 561.09, P0, 2595 MHz, 8000 MHz, 62, 53.53 W, 97 %
2026/10/05 17:14:17.567, NVIDIA GeForce RTX 4060 Laptop GPU, 561.09, P0, 2595 MHz, 8000 MHz, 62, 53.57 W, 97 %
2026/10/05 17:14:17.788, NVIDIA GeForce RTX 4060 Laptop GPU, 561.09, P0, 2595 MHz, 8000 MHz, 62, 53.60 W, 98 %
2026/10/05 17:14:18.008, NVIDIA GeForce RTX 4060 Laptop GPU, 561.09, P0, 2595 MHz, 8000 MHz, 62, 53.51 W, 97 %
2026/10/05 17:14:18.229, NVIDIA GeForce RTX 4060 Laptop GPU, 561.09, P0, 2595 MHz, 8000 MHz, 62, 53.55 W, 98 %
2026/10/05 17:14:18.449, NVIDIA GeForce RTX 4060 Laptop GPU, 561.09, P0, 2595 MHz, 8000 MHz, 62, 53.61 W, 98 %
2026/10/05 17:14:18.669, NVIDIA GeForce RTX 4060 Laptop GPU, 561.09, P0, 2595 MHz, 8000 MHz, 62, 53.62 W, 98 %
2026/10/05 17:14:18.889, NVIDIA GeForce RTX 4060 Laptop GPU, 561.09, P0, 2595 MHz, 8000 MHz, 62, 53.53 W, 97 %
2026/10/05 17:14:19.109, NVIDIA GeForce RTX 4060 Laptop GPU, 561.09, P0, 2595 MHz, 8000 MHz, 62, 53.53 W, 97 %
2026/10/05 17:14:19.315, NVIDIA GeForce RTX 4060 Laptop GPU, 561.09, P0, 2595 MHz, 8000 MHz, 62, 53.52 W, 98 %
2026/10/05 17:14:19.520, NVIDIA GeForce RTX 4060 Laptop GPU, 561.09, P0, 2595 MHz, 8000 MHz, 62, 53.52 W, 97 %
2026/10/05 17:14:19.740, NVIDIA GeForce RTX 4060 Laptop GPU, 561.09, P0, 2595 MHz, 8000 MHz, 62, 53.50 W, 98 %
2026/10/05 17:14:19.945, NVIDIA GeForce RTX 4060 Laptop GPU, 561.09, P0, 2595 MHz, 8000 MHz, 62, 53.55 W, 97 %
2026/10/05 17:14:20.165, NVIDIA GeForce RTX 4060 Laptop GPU, 561.09, P0, 2595 MHz, 8000 MHz, 62, 53.64 W, 98 %
2026/10/05 17:14:20.386, NVIDIA GeForce RTX 4060 Laptop GPU, 561.09, P0, 2595 MHz, 8000 MHz, 62, 53.67 W, 98 %
2026/10/05 17:14:20.591, NVIDIA GeForce RTX 4060 Laptop GPU, 561.09, P0, 2595 MHz, 8000 MHz, 62, 53.62 W, 97 %
2026/10/05 17:14:20.795, NVIDIA GeForce RTX 4060 Laptop GPU, 561.09, P0, 2595 MHz, 8000 MHz, 62, 53.54 W, 96 %
2026/10/05 17:14:21.000, NVIDIA GeForce RTX 4060 Laptop GPU, 561.09, P0, 2595 MHz, 8000 MHz, 62, 53.58 W, 98 %
2026/10/05 17:14:21.204, NVIDIA GeForce RTX 4060 Laptop GPU, 561.09, P0, 2595 MHz, 8000 MHz, 62, 53.61 W, 99 %
2026/10/05 17:14:21.409, NVIDIA GeForce RTX 4060 Laptop GPU, 561.09, P0, 2595 MHz, 8000 MHz, 62, 53.58 W, 98 %
2026/10/05 17:14:21.629, NVIDIA GeForce RTX 4060 Laptop GPU, 561.09, P0, 2595 MHz, 8000 MHz, 62, 53.55 W, 97 %
2026/10/05 17:14:21.834, NVIDIA GeForce RTX 4060 Laptop GPU, 561.09, P0, 2595 MHz, 8000 MHz, 62, 53.60 W, 98 %
2026/10/05 17:14:22.054, NVIDIA GeForce RTX 4060 Laptop GPU, 561.09, P0, 2595 MHz, 8000 MHz, 62, 53.62 W, 97 %
2026/10/05 17:14:22.275, NVIDIA GeForce RTX 4060 Laptop GPU, 561.09, P0, 2595 MHz, 8000 MHz, 62, 53.56 W, 97 %
2026/10/05 17:14:22.495, NVIDIA GeForce RTX 4060 Laptop GPU, 561.09, P0, 2595 MHz, 8000 MHz, 62, 53.50 W, 98 %
2026/10/05 17:14:22.699, NVIDIA GeForce RTX 4060 Laptop GPU, 561.09, P0, 2595 MHz, 8000 MHz, 61, 53.31 W, 97 %
2026/10/05 17:14:22.920, NVIDIA GeForce RTX 4060 Laptop GPU, 561.09, P0, 2595 MHz, 8000 MHz, 61, 52.44 W, 95 %
2026/10/05 17:14:23.125, NVIDIA GeForce RTX 4060 Laptop GPU, 561.09, P0, 2595 MHz, 8000 MHz, 61, 51.78 W, 94 %
2026/10/05 17:14:23.346, NVIDIA GeForce RTX 4060 Laptop GPU, 561.09, P0, 2595 MHz, 8000 MHz, 61, 51.21 W, 95 %
2026/10/05 17:14:23.567, NVIDIA GeForce RTX 4060 Laptop GPU, 561.09, P0, 2595 MHz, 8000 MHz, 61, 50.66 W, 95 %
2026/10/05 17:14:23.787, NVIDIA GeForce RTX 4060 Laptop GPU, 561.09, P0, 2595 MHz, 8000 MHz, 61, 50.30 W, 95 %
2026/10/05 17:14:24.008, NVIDIA GeForce RTX 4060 Laptop GPU, 561.09, P0, 2595 MHz, 8000 MHz, 61, 50.17 W, 93 %
2026/10/05 17:14:24.228, NVIDIA GeForce RTX 4060 Laptop GPU, 561.09, P0, 2595 MHz, 8000 MHz, 61, 50.44 W, 95 %
2026/10/05 17:14:24.449, NVIDIA GeForce RTX 4060 Laptop GPU, 561.09, P0, 2595 MHz, 8000 MHz, 61, 50.92 W, 96 %
2026/10/05 17:14:24.670, NVIDIA GeForce RTX 4060 Laptop GPU, 561.09, P0, 2595 MHz, 8000 MHz, 61, 49.64 W, 95 %
2026/10/05 17:14:24.875, NVIDIA GeForce RTX 4060 Laptop GPU, 561.09, P0, 2595 MHz, 8000 MHz, 61, 49.73 W, 93 %
2026/10/05 17:14:25.095, NVIDIA GeForce RTX 4060 Laptop GPU, 561.09, P0, 2595 MHz, 8000 MHz, 61, 49.83 W, 95 %
2026/10/05 17:14:25.316, NVIDIA GeForce RTX 4060 Laptop GPU, 561.09, P0, 2595 MHz, 8000 MHz, 61, 50.20 W, 94 %
2026/10/05 17:14:25.523, NVIDIA GeForce RTX 4060 Laptop GPU, 561.09, P0, 2595 MHz, 8000 MHz, 61, 50.82 W, 94 %
2026/10/05 17:14:25.758, NVIDIA GeForce RTX 4060 Laptop GPU, 561.09, P0, 2595 MHz, 8000 MHz, 61, 50.09 W, 95 %
2026/10/05 17:14:25.979, NVIDIA GeForce RTX 4060 Laptop GPU, 561.09, P0, 2595 MHz, 8000 MHz, 61, 50.10 W, 94 %
2026/10/05 17:14:26.200, NVIDIA GeForce RTX 4060 Laptop GPU, 561.09, P0, 2595 MHz, 8000 MHz, 61, 50.12 W, 95 %
2026/10/05 17:14:26.406, NVIDIA GeForce RTX 4060 Laptop GPU, 561.09, P0, 2595 MHz, 8000 MHz, 61, 50.10 W, 95 %
2026/10/05 17:14:26.612, NVIDIA GeForce RTX 4060 Laptop GPU, 561.09, P0, 2595 MHz, 8000 MHz, 61, 50.01 W, 92 %
2026/10/05 17:14:26.818, NVIDIA GeForce RTX 4060 Laptop GPU, 561.09, P0, 2595 MHz, 8000 MHz, 61, 50.16 W, 95 %
2026/10/05 17:14:27.039, NVIDIA GeForce RTX 4060 Laptop GPU, 561.09, P0, 2595 MHz, 8000 MHz, 61, 50.10 W, 94 %
2026/10/05 17:14:27.259, NVIDIA GeForce RTX 4060 Laptop GPU, 561.09, P0, 2595 MHz, 8000 MHz, 61, 50.16 W, 95 %
2026/10/05 17:14:27.464, NVIDIA GeForce RTX 4060 Laptop GPU, 561.09, P0, 2595 MHz, 8000 MHz, 61, 50.17 W, 94 %
2026/10/05 17:14:27.669, NVIDIA GeForce RTX 4060 Laptop GPU, 561.09, P0, 2595 MHz, 8000 MHz, 61, 50.20 W, 95 %
2026/10/05 17:14:27.890, NVIDIA GeForce RTX 4060 Laptop GPU, 561.09, P0, 2595 MHz, 8000 MHz, 61, 50.14 W, 95 %
2026/10/05 17:14:28.095, NVIDIA GeForce RTX 4060 Laptop GPU, 561.09, P0, 2595 MHz, 8000 MHz, 61, 50.17 W, 94 %
2026/10/05 17:14:28.300, NVIDIA GeForce RTX 4060 Laptop GPU, 561.09, P0, 2595 MHz, 8000 MHz, 61, 50.24 W, 95 %
2026/10/05 17:14:28.504, NVIDIA GeForce RTX 4060 Laptop GPU, 561.09, P0, 2595 MHz, 8000 MHz, 61, 50.30 W, 96 %
2026/10/05 17:14:28.709, NVIDIA GeForce RTX 4060 Laptop GPU, 561.09, P0, 2595 MHz, 8000 MHz, 61, 50.34 W, 95 %
2026/10/05 17:14:28.914, NVIDIA GeForce RTX 4060 Laptop GPU, 561.09, P0, 2595 MHz, 8000 MHz, 61, 50.39 W, 96 %
2026/10/05 17:14:29.118, NVIDIA GeForce RTX 4060 Laptop GPU, 561.09, P0, 2595 MHz, 8000 MHz, 61, 50.47 W, 95 %
2026/10/05 17:14:29.339, NVIDIA GeForce RTX 4060 Laptop GPU, 561.09, P0, 2595 MHz, 8000 MHz, 61, 50.36 W, 94 %
2026/10/05 17:14:29.560, NVIDIA GeForce RTX 4060 Laptop GPU, 561.09, P0, 2595 MHz, 8000 MHz, 61, 50.24 W, 93 %
2026/10/05 17:14:29.765, NVIDIA GeForce RTX 4060 Laptop GPU, 561.09, P0, 2595 MHz, 8000 MHz, 61, 50.15 W, 93 %
2026/10/05 17:14:29.986, NVIDIA GeForce RTX 4060 Laptop GPU, 561.09, P0, 2595 MHz, 8000 MHz, 61, 50.08 W, 94 %
2026/10/05 17:14:30.206, NVIDIA GeForce RTX 4060 Laptop GPU, 561.09, P0, 2595 MHz, 8000 MHz, 61, 49.94 W, 92 %
2026/10/05 17:14:30.427, NVIDIA GeForce RTX 4060 Laptop GPU, 561.09, P0, 2595 MHz, 8000 MHz, 61, 49.95 W, 94 %
