metadata,stream,per-thread
[kv] plan: 12 layers x 2 (K,V) x 12 heads x 1024 pos x 64 dim x fp16 = 37.7 MB
[kv] arena = ONE contiguous alloc; VRAM free 7194/8585 MB -> headroom 7157 MB after cache
[kv] decode KV traffic = 36.9 KB per token of context (2*L*H*D*2B); at ctx=512 -> 18.9 MB/step
[kv] plan: 12 layers x 2 (K,V) x 12 heads x 1024 pos x 64 dim x fp16 = 37.7 MB
[kv] arena = ONE contiguous alloc; VRAM free 7133/8585 MB -> headroom 7096 MB after cache
[kv] decode KV traffic = 36.9 KB per token of context (2*L*H*D*2B); at ctx=512 -> 18.9 MB/step
metadata,experiment,phase22_ordered4
metadata,backend,gemv
metadata,samples_per_condition,256
sample,experiment,policy,ctx,pos,rep,token,event_ms,wall_ms,enqueue_ms,update_ms
sample,setup,process_cold,128,128,-1,0,0.328900000,1.478700000,0.749400000,0.126600000
sample,fixed_single,original,128,128,0,284,1.352704048,1.362700000,0.048000000,0.007100000
sample,fixed_single,ordered4,128,128,0,284,1.423359990,1.433300000,0.043400000,0.005500000
sample,fixed_single,ordered4_fixed_diagnostic,128,128,0,284,1.419263959,1.429200000,0.038700000,0.000000000
sample,fixed_single,ordered4,128,128,1,284,1.423359990,1.432600000,0.046900000,0.005900000
sample,fixed_single,original,128,128,1,284,1.349632025,1.358100000,0.046500000,0.005500000
sample,fixed_single,ordered4_fixed_diagnostic,128,128,1,284,1.417215943,1.425400000,0.032800000,0.000000000
sample,fixed_single,original,128,128,2,284,1.348608017,1.356400000,0.039300000,0.005500000
sample,fixed_single,ordered4,128,128,2,284,1.421311975,1.428800000,0.039300000,0.005500000
sample,fixed_single,ordered4_fixed_diagnostic,128,128,2,284,1.416192055,1.424000000,0.032100000,0.000000000
sample,fixed_single,ordered4,128,128,3,284,1.422335982,1.430600000,0.039100000,0.005500000
sample,fixed_single,original,128,128,3,284,1.349503994,1.357200000,0.040100000,0.005400000
sample,fixed_single,ordered4_fixed_diagnostic,128,128,3,284,1.418239951,1.425700000,0.034100000,0.000000000
sample,fixed_single,original,128,128,4,284,1.348608017,1.356600000,0.039200000,0.005400000
sample,fixed_single,ordered4,128,128,4,284,1.425408006,1.434800000,0.041600000,0.005700000
sample,fixed_single,ordered4_fixed_diagnostic,128,128,4,284,1.419263959,1.429900000,0.037700000,0.000000000
sample,fixed_single,ordered4,128,128,5,284,1.422335982,1.431900000,0.042900000,0.005700000
sample,fixed_single,original,128,128,5,284,1.351680040,1.360600000,0.042900000,0.006000000
sample,fixed_single,ordered4_fixed_diagnostic,128,128,5,284,1.417215943,1.426300000,0.036100000,0.000000000
sample,fixed_single,original,128,128,6,284,1.351680040,1.362000000,0.043600000,0.005900000
sample,fixed_single,ordered4,128,128,6,284,1.424383998,1.434800000,0.045300000,0.005700000
sample,fixed_single,ordered4_fixed_diagnostic,128,128,6,284,1.419263959,1.428600000,0.036200000,0.000000000
sample,fixed_single,ordered4,128,128,7,284,1.421311975,1.431200000,0.042900000,0.005400000
sample,fixed_single,original,128,128,7,284,1.350656033,1.358900000,0.043000000,0.005500000
sample,fixed_single,ordered4_fixed_diagnostic,128,128,7,284,1.418239951,1.428900000,0.038500000,0.000000000
sample,fixed_single,original,128,128,8,284,1.353728056,1.366600000,0.044500000,0.006200000
sample,fixed_single,ordered4,128,128,8,284,1.426432014,1.437400000,0.043100000,0.007100000
sample,fixed_single,ordered4_fixed_diagnostic,128,128,8,284,1.418239951,1.430800000,0.045500000,0.000000000
sample,fixed_single,ordered4,128,128,9,284,1.436671972,1.449700000,0.056800000,0.006500000
sample,fixed_single,original,128,128,9,284,1.350656033,1.359200000,0.046100000,0.006100000
sample,fixed_single,ordered4_fixed_diagnostic,128,128,9,284,1.418239951,1.427600000,0.037600000,0.000000000
sample,fixed_single,original,128,128,10,284,1.350656033,1.359100000,0.045500000,0.005500000
sample,fixed_single,ordered4,128,128,10,284,1.422335982,1.431100000,0.042800000,0.005600000
sample,fixed_single,ordered4_fixed_diagnostic,128,128,10,284,1.419263959,1.428800000,0.037600000,0.000000000
sample,fixed_single,ordered4,128,128,11,284,1.423359990,1.432600000,0.043100000,0.005500000
sample,fixed_single,original,128,128,11,284,1.351680040,1.361400000,0.044800000,0.005500000
sample,fixed_single,ordered4_fixed_diagnostic,128,128,11,284,1.417215943,1.426900000,0.036900000,0.000000000
sample,fixed_single,original,128,128,12,284,1.349632025,1.358700000,0.045600000,0.005500000
sample,fixed_single,ordered4,128,128,12,284,1.423359990,1.432800000,0.045900000,0.005400000
sample,fixed_single,ordered4_fixed_diagnostic,128,128,12,284,1.417215943,1.427500000,0.037200000,0.000000000
sample,fixed_single,ordered4,128,128,13,284,1.420287967,1.429300000,0.043100000,0.005400000
sample,fixed_single,original,128,128,13,284,1.349632025,1.357200000,0.038500000,0.005500000
sample,fixed_single,ordered4_fixed_diagnostic,128,128,13,284,1.417183995,1.424900000,0.033100000,0.000000000
sample,fixed_single,original,128,128,14,284,1.349632025,1.357100000,0.037200000,0.005300000
sample,fixed_single,ordered4,128,128,14,284,1.421311975,1.429300000,0.038000000,0.005400000
sample,fixed_single,ordered4_fixed_diagnostic,128,128,14,284,1.417215943,1.426200000,0.032400000,0.000000000
sample,fixed_single,ordered4,128,128,15,284,1.423359990,1.432500000,0.042900000,0.005700000
sample,fixed_single,original,128,128,15,284,1.349632025,1.359100000,0.044700000,0.005500000
sample,fixed_single,ordered4_fixed_diagnostic,128,128,15,284,1.418239951,1.427500000,0.037400000,0.000000000
sample,fixed_single,original,128,128,16,284,1.350656033,1.360500000,0.044700000,0.005400000
sample,fixed_single,ordered4,128,128,16,284,1.422335982,1.431500000,0.045700000,0.005500000
sample,fixed_single,ordered4_fixed_diagnostic,128,128,16,284,1.418239951,1.427700000,0.036900000,0.000000000
sample,fixed_single,ordered4,128,128,17,284,1.424383998,1.433000000,0.044300000,0.005500000
sample,fixed_single,original,128,128,17,284,1.348608017,1.356800000,0.036800000,0.005400000
sample,fixed_single,ordered4_fixed_diagnostic,128,128,17,284,1.419232011,1.426700000,0.033000000,0.000000000
sample,fixed_single,original,128,128,18,284,1.348608017,1.356800000,0.040100000,0.005400000
sample,fixed_single,ordered4,128,128,18,284,1.422207952,1.429600000,0.039700000,0.005500000
sample,fixed_single,ordered4_fixed_diagnostic,128,128,18,284,1.418239951,1.425600000,0.031600000,0.000000000
sample,fixed_single,ordered4,128,128,19,284,1.422335982,1.431000000,0.040500000,0.005400000
sample,fixed_single,original,128,128,19,284,1.418239951,1.436300000,0.523400000,0.047200000
sample,fixed_single,ordered4_fixed_diagnostic,128,128,19,284,1.430400014,1.449700000,0.068000000,0.000000000
sample,fixed_single,original,128,128,20,284,1.349311948,1.356200000,0.037100000,0.005400000
sample,fixed_single,ordered4,128,128,20,284,1.422335982,1.430900000,0.037000000,0.005500000
sample,fixed_single,ordered4_fixed_diagnostic,128,128,20,284,1.418239951,1.427700000,0.035700000,0.000000000
sample,fixed_single,ordered4,128,128,21,284,1.423359990,1.432900000,0.043800000,0.005500000
sample,fixed_single,original,128,128,21,284,1.349632025,1.360300000,0.041700000,0.005500000
sample,fixed_single,ordered4_fixed_diagnostic,128,128,21,284,1.417215943,1.426600000,0.035800000,0.000000000
sample,fixed_single,original,128,128,22,284,1.350656033,1.359600000,0.042900000,0.005500000
sample,fixed_single,ordered4,128,128,22,284,1.423359990,1.433400000,0.041700000,0.005400000
sample,fixed_single,ordered4_fixed_diagnostic,128,128,22,284,1.416192055,1.426300000,0.036600000,0.000000000
sample,fixed_single,ordered4,128,128,23,284,1.423359990,1.432300000,0.043000000,0.006500000
sample,fixed_single,original,128,128,23,284,1.349632025,1.359000000,0.042700000,0.006400000
sample,fixed_single,ordered4_fixed_diagnostic,128,128,23,284,1.417215943,1.426300000,0.035700000,0.000000000
sample,fixed_single,original,128,128,24,284,1.349632025,1.359000000,0.042700000,0.005300000
sample,fixed_single,ordered4,128,128,24,284,1.421311975,1.430500000,0.043800000,0.005600000
sample,fixed_single,ordered4_fixed_diagnostic,128,128,24,284,1.417215943,1.426800000,0.035900000,0.000000000
sample,fixed_single,ordered4,128,128,25,284,1.422335982,1.431400000,0.042800000,0.005500000
sample,fixed_single,original,128,128,25,284,1.351680040,1.358800000,0.039200000,0.005400000
sample,fixed_single,ordered4_fixed_diagnostic,128,128,25,284,1.417215943,1.425100000,0.032300000,0.000000000
sample,fixed_single,original,128,128,26,284,1.348608017,1.356700000,0.037700000,0.005300000
sample,fixed_single,ordered4,128,128,26,284,1.422335982,1.430000000,0.037900000,0.005600000
sample,fixed_single,ordered4_fixed_diagnostic,128,128,26,284,1.416192055,1.424700000,0.032600000,0.000000000
sample,fixed_single,ordered4,128,128,27,284,1.424383998,1.431900000,0.038900000,0.005500000
sample,fixed_single,original,128,128,27,284,1.349632025,1.357500000,0.038400000,0.005400000
sample,fixed_single,ordered4_fixed_diagnostic,128,128,27,284,1.418239951,1.425800000,0.032400000,0.000000000
sample,fixed_single,original,128,128,28,284,1.348575950,1.356500000,0.039200000,0.005400000
sample,fixed_single,ordered4,128,128,28,284,1.422335982,1.430300000,0.039000000,0.005500000
sample,fixed_single,ordered4_fixed_diagnostic,128,128,28,284,1.417215943,1.425400000,0.032800000,0.000000000
sample,fixed_single,ordered4,128,128,29,284,1.421311975,1.429100000,0.038700000,0.005400000
sample,fixed_single,original,128,128,29,284,1.350656033,1.357800000,0.039000000,0.005500000
sample,fixed_single,ordered4_fixed_diagnostic,128,128,29,284,1.415168047,1.423100000,0.031900000,0.000000000
sample,fixed_single,original,128,128,30,284,1.350656033,1.358500000,0.038200000,0.005400000
sample,fixed_single,ordered4,128,128,30,284,1.423359990,1.432100000,0.049500000,0.005500000
sample,fixed_single,ordered4_fixed_diagnostic,128,128,30,284,1.445888042,1.471200000,0.380800000,0.000000000
sample,fixed_single,ordered4,128,128,31,284,1.423359990,1.430200000,0.047400000,0.005400000
sample,fixed_single,original,128,128,31,284,1.351583958,1.358500000,0.038300000,0.005400000
sample,fixed_single,ordered4_fixed_diagnostic,128,128,31,284,1.421311975,1.429700000,0.032600000,0.000000000
sample,fixed_single,original,128,128,32,284,1.349632025,1.358900000,0.042700000,0.005300000
sample,fixed_single,ordered4,128,128,32,284,1.424383998,1.432900000,0.043000000,0.005800000
sample,fixed_single,ordered4_fixed_diagnostic,128,128,32,284,1.417215943,1.425700000,0.035700000,0.000000000
sample,fixed_single,ordered4,128,128,33,284,1.422335982,1.431900000,0.045400000,0.005300000
sample,fixed_single,original,128,128,33,284,1.350656033,1.359600000,0.040800000,0.005500000
sample,fixed_single,ordered4_fixed_diagnostic,128,128,33,284,1.417215943,1.426500000,0.037600000,0.000000000
sample,fixed_single,original,128,128,34,284,1.350656033,1.359400000,0.042200000,0.006000000
sample,fixed_single,ordered4,128,128,34,284,1.424383998,1.433000000,0.039700000,0.006600000
sample,fixed_single,ordered4_fixed_diagnostic,128,128,34,284,1.418239951,1.425900000,0.032400000,0.000000000
sample,fixed_single,ordered4,128,128,35,284,1.423359990,1.431500000,0.039100000,0.005400000
sample,fixed_single,original,128,128,35,284,1.349632025,1.357400000,0.039300000,0.005300000
sample,fixed_single,ordered4_fixed_diagnostic,128,128,35,284,1.416192055,1.424000000,0.032400000,0.000000000
sample,fixed_single,original,128,128,36,284,1.350496054,1.357400000,0.039000000,0.005400000
sample,fixed_single,ordered4,128,128,36,284,1.423359990,1.431100000,0.039200000,0.005400000
sample,fixed_single,ordered4_fixed_diagnostic,128,128,36,284,1.416192055,1.424300000,0.032200000,0.000000000
sample,fixed_single,ordered4,128,128,37,284,1.421311975,1.429100000,0.039000000,0.005600000
sample,fixed_single,original,128,128,37,284,1.348608017,1.356200000,0.037400000,0.005400000
sample,fixed_single,ordered4_fixed_diagnostic,128,128,37,284,1.419263959,1.427200000,0.030100000,0.000000000
sample,fixed_single,original,128,128,38,284,1.347584009,1.356000000,0.038400000,0.005400000
sample,fixed_single,ordered4,128,128,38,284,1.423359990,1.430700000,0.038900000,0.005700000
sample,fixed_single,ordered4_fixed_diagnostic,128,128,38,284,1.416192055,1.424100000,0.032200000,0.000000000
sample,fixed_single,ordered4,128,128,39,284,1.420287967,1.428100000,0.038600000,0.005400000
sample,fixed_single,original,128,128,39,284,1.350656033,1.358400000,0.038800000,0.005400000
sample,fixed_single,ordered4_fixed_diagnostic,128,128,39,284,1.419263959,1.426300000,0.032200000,0.000000000
sample,fixed_single,original,128,128,40,284,1.348608017,1.356700000,0.038700000,0.005400000
sample,fixed_single,ordered4,128,128,40,284,1.422335982,1.430400000,0.038800000,0.005600000
sample,fixed_single,ordered4_fixed_diagnostic,128,128,40,284,1.418239951,1.425500000,0.032500000,0.000000000
sample,fixed_single,ordered4,128,128,41,284,1.425408006,1.432100000,0.049100000,0.005400000
sample,fixed_single,original,128,128,41,284,1.349632025,1.357400000,0.038900000,0.005500000
sample,fixed_single,ordered4_fixed_diagnostic,128,128,41,284,1.417215943,1.426800000,0.032700000,0.000000000
sample,fixed_single,original,128,128,42,284,1.456128001,1.483600000,0.336100000,0.046900000
sample,fixed_single,ordered4,128,128,42,284,1.423359990,1.431200000,0.039200000,0.005700000
sample,fixed_single,ordered4_fixed_diagnostic,128,128,42,284,1.417215943,1.424000000,0.030600000,0.000000000
sample,fixed_single,ordered4,128,128,43,284,1.422335982,1.429900000,0.039300000,0.005400000
sample,fixed_single,original,128,128,43,284,1.349632025,1.358100000,0.036900000,0.005400000
sample,fixed_single,ordered4_fixed_diagnostic,128,128,43,284,1.417215943,1.427200000,0.039100000,0.000000000
sample,fixed_single,original,128,128,44,284,1.349632025,1.358500000,0.042900000,0.005300000
sample,fixed_single,ordered4,128,128,44,284,1.423359990,1.432200000,0.043000000,0.005600000
sample,fixed_single,ordered4_fixed_diagnostic,128,128,44,284,1.418239951,1.427100000,0.037100000,0.000000000
sample,fixed_single,ordered4,128,128,45,284,1.425408006,1.441900000,0.041100000,0.005700000
sample,fixed_single,original,128,128,45,284,1.378304005,1.408500000,0.082100000,0.020100000
sample,fixed_single,ordered4_fixed_diagnostic,128,128,45,284,1.436671972,1.445400000,0.058700000,0.000000000
sample,fixed_single,original,128,128,46,284,1.352704048,1.362700000,0.044200000,0.006900000
sample,fixed_single,ordered4,128,128,46,284,1.445888042,1.455100000,0.063800000,0.020400000
sample,fixed_single,ordered4_fixed_diagnostic,128,128,46,284,1.416192055,1.425200000,0.036600000,0.000000000
sample,fixed_single,ordered4,128,128,47,284,1.424383998,1.435900000,0.046700000,0.005800000
sample,fixed_single,original,128,128,47,284,1.350656033,1.359500000,0.044600000,0.005800000
sample,fixed_single,ordered4_fixed_diagnostic,128,128,47,284,1.416192055,1.426200000,0.037500000,0.000000000
sample,fixed_single,original,128,128,48,284,1.348608017,1.357600000,0.044200000,0.005300000
sample,fixed_single,ordered4,128,128,48,284,1.422335982,1.431000000,0.044300000,0.005600000
sample,fixed_single,ordered4_fixed_diagnostic,128,128,48,284,1.417215943,1.427100000,0.038700000,0.000000000
sample,fixed_single,ordered4,128,128,49,284,1.424383998,1.432600000,0.039300000,0.005500000
sample,fixed_single,original,128,128,49,284,1.348479986,1.355700000,0.039700000,0.005300000
sample,fixed_single,ordered4_fixed_diagnostic,128,128,49,284,1.417215943,1.424700000,0.032800000,0.000000000
sample,fixed_single,original,128,128,50,284,1.347584009,1.355800000,0.040000000,0.005300000
sample,fixed_single,ordered4,128,128,50,284,1.423359990,1.431500000,0.038900000,0.005600000
sample,fixed_single,ordered4_fixed_diagnostic,128,128,50,284,1.418239951,1.425300000,0.032800000,0.000000000
sample,fixed_single,ordered4,128,128,51,284,1.422335982,1.430500000,0.039100000,0.005500000
sample,fixed_single,original,128,128,51,284,1.350656033,1.358500000,0.039700000,0.005500000
sample,fixed_single,ordered4_fixed_diagnostic,128,128,51,284,1.416192055,1.430200000,0.035700000,0.000000000
sample,fixed_single,original,128,128,52,284,1.350559950,1.357400000,0.040900000,0.005400000
sample,fixed_single,ordered4,128,128,52,284,1.423264027,1.431100000,0.038600000,0.005600000
sample,fixed_single,ordered4_fixed_diagnostic,128,128,52,284,1.417215943,1.425400000,0.032300000,0.000000000
sample,fixed_single,ordered4,128,128,53,284,1.424383998,1.432800000,0.038800000,0.006100000
sample,fixed_single,original,128,128,53,284,1.350656033,1.360000000,0.042200000,0.006000000
sample,fixed_single,ordered4_fixed_diagnostic,128,128,53,284,1.418239951,1.427800000,0.035900000,0.000000000
sample,fixed_single,original,128,128,54,284,1.350656033,1.359700000,0.041800000,0.005400000
sample,fixed_single,ordered4,128,128,54,284,1.423359990,1.432300000,0.043200000,0.005500000
sample,fixed_single,ordered4_fixed_diagnostic,128,128,54,284,1.418239951,1.427900000,0.035900000,0.000000000
sample,fixed_single,ordered4,128,128,55,284,1.422335982,1.432000000,0.042600000,0.005500000
sample,fixed_single,original,128,128,55,284,1.350656033,1.359700000,0.041100000,0.005500000
sample,fixed_single,ordered4_fixed_diagnostic,128,128,55,284,1.417215943,1.427400000,0.037400000,0.000000000
sample,fixed_single,original,128,128,56,284,1.352704048,1.363100000,0.044800000,0.005900000
sample,fixed_single,ordered4,128,128,56,284,1.425408006,1.434800000,0.043900000,0.006300000
sample,fixed_single,ordered4_fixed_diagnostic,128,128,56,284,1.417215943,1.426600000,0.039400000,0.000000000
sample,fixed_single,ordered4,128,128,57,284,1.422335982,1.432400000,0.044600000,0.005500000
sample,fixed_single,original,128,128,57,284,1.349632025,1.359200000,0.049500000,0.005400000
sample,fixed_single,ordered4_fixed_diagnostic,128,128,57,284,1.416192055,1.426500000,0.037400000,0.000000000
sample,fixed_single,original,128,128,58,284,1.349632025,1.359200000,0.043700000,0.005300000
sample,fixed_single,ordered4,128,128,58,284,1.422335982,1.431700000,0.044100000,0.005700000
sample,fixed_single,ordered4_fixed_diagnostic,128,128,58,284,1.417215943,1.426900000,0.036500000,0.000000000
sample,fixed_single,ordered4,128,128,59,284,1.421311975,1.431400000,0.043500000,0.005500000
sample,fixed_single,original,128,128,59,284,1.348608017,1.357600000,0.044100000,0.005300000
sample,fixed_single,ordered4_fixed_diagnostic,128,128,59,284,1.417215943,1.424800000,0.033700000,0.000000000
sample,fixed_single,original,128,128,60,284,1.348608017,1.357100000,0.040600000,0.005600000
sample,fixed_single,ordered4,128,128,60,284,1.423359990,1.430800000,0.039700000,0.005800000
sample,fixed_single,ordered4_fixed_diagnostic,128,128,60,284,1.416192055,1.424200000,0.032000000,0.000000000
sample,fixed_single,ordered4,128,128,61,284,1.423295975,1.430900000,0.039200000,0.005400000
sample,fixed_single,original,128,128,61,284,1.349632025,1.356800000,0.038700000,0.005400000
sample,fixed_single,ordered4_fixed_diagnostic,128,128,61,284,1.416192055,1.423800000,0.032800000,0.000000000
sample,fixed_single,original,128,128,62,284,1.348544002,1.356200000,0.038800000,0.005400000
sample,fixed_single,ordered4,128,128,62,284,1.423359990,1.430400000,0.039300000,0.005600000
sample,fixed_single,ordered4_fixed_diagnostic,128,128,62,284,1.417215943,1.425500000,0.032000000,0.000000000
sample,fixed_single,ordered4,128,128,63,284,1.424224019,1.431300000,0.038800000,0.005500000
sample,fixed_single,original,128,128,63,284,1.349632025,1.357800000,0.038000000,0.005400000
sample,fixed_single,ordered4_fixed_diagnostic,128,128,63,284,1.418143988,1.425200000,0.032000000,0.000000000
sample,fixed_single,original,128,128,64,284,1.349632025,1.358900000,0.038600000,0.005600000
sample,fixed_single,ordered4,128,128,64,284,1.527807951,1.553600000,0.322700000,0.047600000
sample,fixed_single,ordered4_fixed_diagnostic,128,128,64,284,1.418239951,1.426500000,0.033300000,0.000000000
sample,fixed_single,ordered4,128,128,65,284,1.422335982,1.431600000,0.042100000,0.005500000
sample,fixed_single,original,128,128,65,284,1.349632025,1.359400000,0.042600000,0.005600000
sample,fixed_single,ordered4_fixed_diagnostic,128,128,65,284,1.416192055,1.426100000,0.035500000,0.000000000
sample,fixed_single,original,128,128,66,284,1.349632025,1.360500000,0.044700000,0.005900000
sample,fixed_single,ordered4,128,128,66,284,1.424383998,1.434300000,0.043300000,0.006100000
sample,fixed_single,ordered4_fixed_diagnostic,128,128,66,284,1.418239951,1.426700000,0.036300000,0.000000000
sample,fixed_single,ordered4,128,128,67,284,1.423359990,1.431700000,0.041400000,0.005600000
sample,fixed_single,original,128,128,67,284,1.349472046,1.357000000,0.040500000,0.005700000
sample,fixed_single,ordered4_fixed_diagnostic,128,128,67,284,1.416192055,1.424800000,0.031900000,0.000000000
sample,fixed_single,original,128,128,68,284,1.353728056,1.361700000,0.038200000,0.005700000
sample,fixed_single,ordered4,128,128,68,284,1.420287967,1.428700000,0.039500000,0.005500000
sample,fixed_single,ordered4_fixed_diagnostic,128,128,68,284,1.416192055,1.423600000,0.032300000,0.000000000
sample,fixed_single,ordered4,128,128,69,284,1.423359990,1.431300000,0.038500000,0.005500000
sample,fixed_single,original,128,128,69,284,1.350623965,1.357900000,0.039200000,0.005600000
sample,fixed_single,ordered4_fixed_diagnostic,128,128,69,284,1.417215943,1.425500000,0.033200000,0.000000000
sample,fixed_single,original,128,128,70,284,1.348608017,1.357200000,0.038900000,0.005300000
sample,fixed_single,ordered4,128,128,70,284,1.423359990,1.430900000,0.038400000,0.005600000
sample,fixed_single,ordered4_fixed_diagnostic,128,128,70,284,1.417215943,1.425400000,0.033500000,0.000000000
sample,fixed_single,ordered4,128,128,71,284,1.422335982,1.430400000,0.038100000,0.005600000
sample,fixed_single,original,128,128,71,284,1.349632025,1.358700000,0.038700000,0.005800000
sample,fixed_single,ordered4_fixed_diagnostic,128,128,71,284,1.418239951,1.427100000,0.032400000,0.000000000
sample,fixed_single,original,128,128,72,284,1.352704048,1.362200000,0.039500000,0.006100000
sample,fixed_single,ordered4,128,128,72,284,1.423359990,1.434100000,0.046700000,0.007200000
sample,fixed_single,ordered4_fixed_diagnostic,128,128,72,284,1.418239951,1.428700000,0.036100000,0.000000000
sample,fixed_single,ordered4,128,128,73,284,1.424383998,1.435200000,0.044100000,0.006200000
sample,fixed_single,original,128,128,73,284,1.353728056,1.364600000,0.048400000,0.007500000
sample,fixed_single,ordered4_fixed_diagnostic,128,128,73,284,1.419263959,1.430800000,0.040600000,0.000000000
sample,fixed_single,original,128,128,74,284,1.352704048,1.363800000,0.047800000,0.007100000
sample,fixed_single,ordered4,128,128,74,284,1.426432014,1.436300000,0.045300000,0.007200000
sample,fixed_single,ordered4_fixed_diagnostic,128,128,74,284,1.418239951,1.428900000,0.038000000,0.000000000
sample,fixed_single,ordered4,128,128,75,284,1.425408006,1.434800000,0.047500000,0.006500000
sample,fixed_single,original,128,128,75,284,1.360895991,1.372200000,0.061400000,0.010600000
sample,fixed_single,ordered4_fixed_diagnostic,128,128,75,284,1.421311975,1.432100000,0.039100000,0.000000000
sample,fixed_single,original,128,128,76,284,1.353728056,1.365500000,0.052300000,0.007600000
sample,fixed_single,ordered4,128,128,76,284,1.431552052,1.441700000,0.053400000,0.012100000
sample,fixed_single,ordered4_fixed_diagnostic,128,128,76,284,1.418239951,1.428200000,0.039400000,0.000000000
sample,fixed_single,ordered4,128,128,77,284,1.424383998,1.433000000,0.043800000,0.005600000
sample,fixed_single,original,128,128,77,284,1.352704048,1.362500000,0.045900000,0.006900000
sample,fixed_single,ordered4_fixed_diagnostic,128,128,77,284,1.419263959,1.428600000,0.040200000,0.000000000
sample,fixed_single,original,128,128,78,284,1.350656033,1.360900000,0.043300000,0.005500000
sample,fixed_single,ordered4,128,128,78,284,1.424383998,1.434400000,0.047000000,0.007000000
sample,fixed_single,ordered4_fixed_diagnostic,128,128,78,284,1.420287967,1.431500000,0.041200000,0.000000000
sample,fixed_single,ordered4,128,128,79,284,1.428480029,1.437800000,0.045800000,0.008500000
sample,fixed_single,original,128,128,79,284,1.355775952,1.366300000,0.050200000,0.008500000
sample,fixed_single,ordered4_fixed_diagnostic,128,128,79,284,1.419263959,1.429600000,0.041000000,0.000000000
sample,fixed_single,original,128,128,80,284,1.351680040,1.360700000,0.044900000,0.005900000
sample,fixed_single,ordered4,128,128,80,284,1.423359990,1.433700000,0.044800000,0.006100000
sample,fixed_single,ordered4_fixed_diagnostic,128,128,80,284,1.417215943,1.426700000,0.036900000,0.000000000
sample,fixed_single,ordered4,128,128,81,284,1.423359990,1.433400000,0.045300000,0.005800000
sample,fixed_single,original,128,128,81,284,1.350656033,1.360100000,0.044800000,0.006100000
sample,fixed_single,ordered4_fixed_diagnostic,128,128,81,284,1.417215943,1.424900000,0.032900000,0.000000000
sample,fixed_single,original,128,128,82,284,1.350656033,1.358100000,0.036900000,0.005700000
sample,fixed_single,ordered4,128,128,82,284,1.424383998,1.433200000,0.042400000,0.006200000
sample,fixed_single,ordered4_fixed_diagnostic,128,128,82,284,1.418239951,1.426200000,0.032300000,0.000000000
sample,fixed_single,ordered4,128,128,83,284,1.424383998,1.433900000,0.038800000,0.005600000
sample,fixed_single,original,128,128,83,284,1.351680040,1.359800000,0.039300000,0.005700000
sample,fixed_single,ordered4_fixed_diagnostic,128,128,83,284,1.416192055,1.425600000,0.036900000,0.000000000
sample,fixed_single,original,128,128,84,284,1.350656033,1.360100000,0.043500000,0.006400000
sample,fixed_single,ordered4,128,128,84,284,1.424383998,1.433000000,0.042400000,0.005800000
sample,fixed_single,ordered4_fixed_diagnostic,128,128,84,284,1.417215943,1.426300000,0.037600000,0.000000000
sample,fixed_single,ordered4,128,128,85,284,1.422335982,1.432000000,0.045800000,0.005700000
sample,fixed_single,original,128,128,85,284,1.350656033,1.359400000,0.045200000,0.006200000
sample,fixed_single,ordered4_fixed_diagnostic,128,128,85,284,1.418239951,1.426700000,0.037900000,0.000000000
sample,fixed_single,original,128,128,86,284,1.349632025,1.359900000,0.039500000,0.005500000
sample,fixed_single,ordered4,128,128,86,284,1.453055978,1.486400000,0.078000000,0.017900000
sample,fixed_single,ordered4_fixed_diagnostic,128,128,86,284,1.486847997,1.557700000,0.275600000,0.000000000
sample,fixed_single,ordered4,128,128,87,284,1.438719988,1.451500000,0.064600000,0.012900000
sample,fixed_single,original,128,128,87,284,1.372159958,1.386600000,0.073100000,0.017100000
sample,fixed_single,ordered4_fixed_diagnostic,128,128,87,284,1.427456021,1.449200000,0.061300000,0.000000000
sample,fixed_single,original,128,128,88,284,1.371135950,1.390600000,0.079200000,0.017000000
sample,fixed_single,ordered4,128,128,88,284,1.457152009,1.477000000,0.098100000,0.022400000
sample,fixed_single,ordered4_fixed_diagnostic,128,128,88,284,1.425408006,1.443800000,0.054600000,0.000000000
sample,fixed_single,ordered4,128,128,89,284,1.443840027,1.462200000,0.071600000,0.015500000
sample,fixed_single,original,128,128,89,284,1.371135950,1.387500000,0.066800000,0.012000000
sample,fixed_single,ordered4_fixed_diagnostic,128,128,89,284,1.423359990,1.436800000,0.108300000,0.000000000
sample,fixed_single,original,128,128,90,284,1.384448051,1.405700000,0.102800000,0.021100000
sample,fixed_single,ordered4,128,128,90,284,1.459200025,1.482100000,0.099100000,0.021700000
sample,fixed_single,ordered4_fixed_diagnostic,128,128,90,284,1.449983954,1.473200000,0.091100000,0.000000000
sample,fixed_single,ordered4,128,128,91,284,1.436671972,1.451300000,0.050500000,0.010200000
sample,fixed_single,original,128,128,91,284,1.358847976,1.368100000,0.058900000,0.011300000
sample,fixed_single,ordered4_fixed_diagnostic,128,128,91,284,1.419263959,1.427900000,0.045200000,0.000000000
sample,fixed_single,original,128,128,92,284,1.356799960,1.365200000,0.055700000,0.008700000
sample,fixed_single,ordered4,128,128,92,284,1.427327991,1.435700000,0.053100000,0.008700000
sample,fixed_single,ordered4_fixed_diagnostic,128,128,92,284,1.419263959,1.428100000,0.043600000,0.000000000
sample,fixed_single,ordered4,128,128,93,284,1.428480029,1.437800000,0.078800000,0.008200000
sample,fixed_single,original,128,128,93,284,1.384448051,1.401100000,0.095900000,0.017500000
sample,fixed_single,ordered4_fixed_diagnostic,128,128,93,284,1.421311975,1.430400000,0.050000000,0.000000000
sample,fixed_single,original,128,128,94,284,1.355775952,1.365300000,0.076100000,0.010500000
sample,fixed_single,ordered4,128,128,94,284,1.428480029,1.438000000,0.056100000,0.010600000
sample,fixed_single,ordered4_fixed_diagnostic,128,128,94,284,1.421216011,1.434800000,0.038800000,0.000000000
sample,fixed_single,ordered4,128,128,95,284,1.432575941,1.442000000,0.058800000,0.011700000
sample,fixed_single,original,128,128,95,284,1.355775952,1.376000000,0.056400000,0.009700000
sample,fixed_single,ordered4_fixed_diagnostic,128,128,95,284,1.430528045,1.456600000,0.067400000,0.000000000
sample,fixed_single,original,128,128,96,284,1.364959955,1.382000000,0.061600000,0.012900000
sample,fixed_single,ordered4,128,128,96,284,1.434623957,1.449000000,0.048900000,0.008900000
sample,fixed_single,ordered4_fixed_diagnostic,128,128,96,284,1.419263959,1.428800000,0.046100000,0.000000000
sample,fixed_single,ordered4,128,128,97,284,1.438719988,1.455200000,0.081000000,0.011300000
sample,fixed_single,original,128,128,97,284,1.368031979,1.383700000,0.067400000,0.015000000
sample,fixed_single,ordered4_fixed_diagnostic,128,128,97,284,1.420287967,1.430200000,0.049400000,0.000000000
sample,fixed_single,original,128,128,98,284,1.357823968,1.372500000,0.059500000,0.009100000
sample,fixed_single,ordered4,128,128,98,284,1.433599949,1.445200000,0.066400000,0.015600000
sample,fixed_single,ordered4_fixed_diagnostic,128,128,98,284,1.418239951,1.429700000,0.048400000,0.000000000
sample,fixed_single,ordered4,128,128,99,284,1.445888042,1.462000000,0.075900000,0.016100000
sample,fixed_single,original,128,128,99,284,1.358847976,1.370300000,0.090400000,0.012600000
sample,fixed_single,ordered4_fixed_diagnostic,128,128,99,284,1.422335982,1.431800000,0.049400000,0.000000000
sample,fixed_single,original,128,128,100,284,1.354751945,1.365300000,0.061500000,0.008900000
sample,fixed_single,ordered4,128,128,100,284,1.429504037,1.440600000,0.087900000,0.010200000
sample,fixed_single,ordered4_fixed_diagnostic,128,128,100,284,1.426432014,1.442500000,0.059300000,0.000000000
sample,fixed_single,ordered4,128,128,101,284,1.447936058,1.467000000,0.078400000,0.016900000
sample,fixed_single,original,128,128,101,284,1.378304005,1.401900000,0.074800000,0.024800000
sample,fixed_single,ordered4_fixed_diagnostic,128,128,101,284,1.424383998,1.437100000,0.058100000,0.000000000
sample,fixed_single,original,128,128,102,284,1.382400036,1.402100000,0.094600000,0.020600000
sample,fixed_single,ordered4,128,128,102,284,1.442816019,1.453900000,0.073800000,0.019800000
sample,fixed_single,ordered4_fixed_diagnostic,128,128,102,284,1.420287967,1.430500000,0.045600000,0.000000000
sample,fixed_single,ordered4,128,128,103,284,1.427456021,1.438400000,0.055300000,0.008300000
sample,fixed_single,original,128,128,103,284,1.358847976,1.372200000,0.065000000,0.011300000
sample,fixed_single,ordered4_fixed_diagnostic,128,128,103,284,1.419263959,1.430400000,0.048600000,0.000000000
sample,fixed_single,original,128,128,104,284,1.351680040,1.362000000,0.051800000,0.007000000
sample,fixed_single,ordered4,128,128,104,284,1.464319944,1.483600000,0.089800000,0.020200000
sample,fixed_single,ordered4_fixed_diagnostic,128,128,104,284,1.422335982,1.435000000,0.068800000,0.000000000
sample,fixed_single,ordered4,128,128,105,284,1.428480029,1.438100000,0.055700000,0.008800000
sample,fixed_single,original,128,128,105,284,1.355775952,1.369500000,0.058100000,0.010100000
sample,fixed_single,ordered4_fixed_diagnostic,128,128,105,284,1.419263959,1.430100000,0.044200000,0.000000000
sample,fixed_single,original,128,128,106,284,1.351680040,1.361400000,0.052100000,0.006900000
sample,fixed_single,ordered4,128,128,106,284,1.424383998,1.435200000,0.053200000,0.007300000
sample,fixed_single,ordered4_fixed_diagnostic,128,128,106,284,1.419263959,1.428800000,0.043400000,0.000000000
sample,fixed_single,ordered4,128,128,107,284,1.426432014,1.436600000,0.049300000,0.007000000
sample,fixed_single,original,128,128,107,284,1.351680040,1.361100000,0.052400000,0.006900000
sample,fixed_single,ordered4_fixed_diagnostic,128,128,107,284,1.417215943,1.425500000,0.039600000,0.000000000
sample,fixed_single,original,128,128,108,284,1.352704048,1.364200000,0.049800000,0.007300000
sample,fixed_single,ordered4,128,128,108,284,1.432575941,1.449600000,0.055500000,0.010900000
sample,fixed_single,ordered4_fixed_diagnostic,128,128,108,284,1.419136047,1.428100000,0.051000000,0.000000000
sample,fixed_single,ordered4,128,128,109,284,1.440768003,1.455300000,0.068600000,0.013200000
sample,fixed_single,original,128,128,109,284,1.357823968,1.367900000,0.081400000,0.011800000
sample,fixed_single,ordered4_fixed_diagnostic,128,128,109,284,1.418239951,1.427700000,0.043500000,0.000000000
sample,fixed_single,original,128,128,110,284,1.353728056,1.363800000,0.050200000,0.007100000
sample,fixed_single,ordered4,128,128,110,284,1.428480029,1.438300000,0.053000000,0.008000000
sample,fixed_single,ordered4_fixed_diagnostic,128,128,110,284,1.417215943,1.427800000,0.042800000,0.000000000
sample,fixed_single,ordered4,128,128,111,284,1.424383998,1.434600000,0.049300000,0.007000000
sample,fixed_single,original,128,128,111,284,1.353728056,1.363000000,0.051800000,0.007800000
sample,fixed_single,ordered4_fixed_diagnostic,128,128,111,284,1.419263959,1.429600000,0.042500000,0.000000000
sample,fixed_single,original,128,128,112,284,1.363968015,1.379800000,0.064000000,0.009500000
sample,fixed_single,ordered4,128,128,112,284,1.427456021,1.437500000,0.072700000,0.008100000
sample,fixed_single,ordered4_fixed_diagnostic,128,128,112,284,1.419263959,1.429000000,0.047300000,0.000000000
sample,fixed_single,ordered4,128,128,113,284,1.426432014,1.436400000,0.053800000,0.007100000
sample,fixed_single,original,128,128,113,284,1.354751945,1.364600000,0.054000000,0.007500000
sample,fixed_single,ordered4_fixed_diagnostic,128,128,113,284,1.419263959,1.429300000,0.051100000,0.000000000
sample,fixed_single,original,128,128,114,284,1.352704048,1.362700000,0.053600000,0.007100000
sample,fixed_single,ordered4,128,128,114,284,1.425408006,1.435800000,0.053200000,0.007200000
sample,fixed_single,ordered4_fixed_diagnostic,128,128,114,284,1.418239951,1.426100000,0.041600000,0.000000000
sample,fixed_single,ordered4,128,128,115,284,1.426432014,1.434500000,0.064900000,0.007000000
sample,fixed_single,original,128,128,115,284,1.351680040,1.359500000,0.072600000,0.006900000
sample,fixed_single,ordered4_fixed_diagnostic,128,128,115,284,1.421311975,1.434400000,0.043800000,0.000000000
sample,fixed_single,original,128,128,116,284,1.355744004,1.363700000,0.075600000,0.008900000
sample,fixed_single,ordered4,128,128,116,284,1.427456021,1.436900000,0.053400000,0.007700000
sample,fixed_single,ordered4_fixed_diagnostic,128,128,116,284,1.420287967,1.430600000,0.045000000,0.000000000
sample,fixed_single,ordered4,128,128,117,284,1.425408006,1.435100000,0.051900000,0.006900000
sample,fixed_single,original,128,128,117,284,1.353728056,1.363800000,0.052500000,0.007200000
sample,fixed_single,ordered4_fixed_diagnostic,128,128,117,284,1.418239951,1.428400000,0.044800000,0.000000000
sample,fixed_single,original,128,128,118,284,1.352704048,1.363000000,0.052100000,0.007100000
sample,fixed_single,ordered4,128,128,118,284,1.424383998,1.433800000,0.052400000,0.006900000
sample,fixed_single,ordered4_fixed_diagnostic,128,128,118,284,1.416192055,1.424600000,0.040500000,0.000000000
sample,fixed_single,ordered4,128,128,119,284,1.426432014,1.435000000,0.049500000,0.007000000
sample,fixed_single,original,128,128,119,284,1.364992023,1.389000000,0.092800000,0.014000000
sample,fixed_single,ordered4_fixed_diagnostic,128,128,119,284,1.479488015,1.546500000,0.314000000,0.000000000
sample,fixed_single,original,128,128,120,284,1.358592033,1.367300000,0.055800000,0.011200000
sample,fixed_single,ordered4,128,128,120,284,1.437695980,1.452100000,0.063700000,0.011100000
sample,fixed_single,ordered4_fixed_diagnostic,128,128,120,284,1.418239951,1.428900000,0.043100000,0.000000000
sample,fixed_single,ordered4,128,128,121,284,1.427456021,1.437000000,0.049500000,0.007400000
sample,fixed_single,original,128,128,121,284,1.354751945,1.364100000,0.053600000,0.008000000
sample,fixed_single,ordered4_fixed_diagnostic,128,128,121,284,1.417215943,1.427800000,0.042900000,0.000000000
sample,fixed_single,original,128,128,122,284,1.353728056,1.363300000,0.052400000,0.007400000
sample,fixed_single,ordered4,128,128,122,284,1.426432014,1.436000000,0.051700000,0.007100000
sample,fixed_single,ordered4_fixed_diagnostic,128,128,122,284,1.418239951,1.428600000,0.043200000,0.000000000
sample,fixed_single,ordered4,128,128,123,284,1.440768003,1.461500000,0.075400000,0.014400000
sample,fixed_single,original,128,128,123,284,1.370111942,1.392500000,0.076900000,0.017900000
sample,fixed_single,ordered4_fixed_diagnostic,128,128,123,284,1.421311975,1.432100000,0.054500000,0.000000000
sample,fixed_single,original,128,128,124,284,1.352704048,1.362400000,0.053100000,0.007200000
sample,fixed_single,ordered4,128,128,124,284,1.430528045,1.440200000,0.076300000,0.010600000
sample,fixed_single,ordered4_fixed_diagnostic,128,128,124,284,1.420287967,1.431400000,0.047000000,0.000000000
sample,fixed_single,ordered4,128,128,125,284,1.427456021,1.436500000,0.052900000,0.007700000
sample,fixed_single,original,128,128,125,284,1.351680040,1.362400000,0.053200000,0.007900000
sample,fixed_single,ordered4_fixed_diagnostic,128,128,125,284,1.418239951,1.429400000,0.044000000,0.000000000
sample,fixed_single,original,128,128,126,284,1.353728056,1.363000000,0.051800000,0.007200000
sample,fixed_single,ordered4,128,128,126,284,1.425408006,1.435700000,0.052500000,0.007400000
sample,fixed_single,ordered4_fixed_diagnostic,128,128,126,284,1.424383998,1.438100000,0.078200000,0.000000000
sample,fixed_single,ordered4,128,128,127,284,1.427456021,1.436900000,0.056800000,0.009500000
sample,fixed_single,original,128,128,127,284,1.353728056,1.364600000,0.053100000,0.007800000
sample,fixed_single,ordered4_fixed_diagnostic,128,128,127,284,1.418239951,1.428800000,0.044700000,0.000000000
sample,fixed_single,original,128,128,128,284,1.351680040,1.362000000,0.060600000,0.006700000
sample,fixed_single,ordered4,128,128,128,284,1.425408006,1.435300000,0.053300000,0.007200000
sample,fixed_single,ordered4_fixed_diagnostic,128,128,128,284,1.417215943,1.428100000,0.043400000,0.000000000
sample,fixed_single,ordered4,128,128,129,284,1.426432014,1.436700000,0.052700000,0.007400000
sample,fixed_single,original,128,128,129,284,1.352704048,1.362400000,0.053700000,0.007000000
sample,fixed_single,ordered4_fixed_diagnostic,128,128,129,284,1.418239951,1.428600000,0.045300000,0.000000000
sample,fixed_single,original,128,128,130,284,1.352704048,1.361800000,0.051800000,0.006600000
sample,fixed_single,ordered4,128,128,130,284,1.445888042,1.464200000,0.081800000,0.015600000
sample,fixed_single,ordered4_fixed_diagnostic,128,128,130,284,1.426432014,1.450100000,0.056100000,0.000000000
sample,fixed_single,ordered4,128,128,131,284,1.455103993,1.468200000,0.088800000,0.025700000
sample,fixed_single,original,128,128,131,284,1.375231981,1.392100000,0.083300000,0.017700000
sample,fixed_single,ordered4_fixed_diagnostic,128,128,131,284,1.424383998,1.440600000,0.051600000,0.000000000
sample,fixed_single,original,128,128,132,284,1.358847976,1.368800000,0.058500000,0.011800000
sample,fixed_single,ordered4,128,128,132,284,1.427456021,1.436700000,0.053500000,0.009200000
sample,fixed_single,ordered4_fixed_diagnostic,128,128,132,284,1.417215943,1.428300000,0.044400000,0.000000000
sample,fixed_single,ordered4,128,128,133,284,1.426432014,1.435800000,0.052300000,0.007300000
sample,fixed_single,original,128,128,133,284,1.352704048,1.362400000,0.053500000,0.007000000
sample,fixed_single,ordered4_fixed_diagnostic,128,128,133,284,1.419263959,1.429100000,0.044500000,0.000000000
sample,fixed_single,original,128,128,134,284,1.364992023,1.381400000,0.064700000,0.010000000
sample,fixed_single,ordered4,128,128,134,284,1.431552052,1.443800000,0.058200000,0.010400000
sample,fixed_single,ordered4_fixed_diagnostic,128,128,134,284,1.419263959,1.431300000,0.046300000,0.000000000
sample,fixed_single,ordered4,128,128,135,284,1.431552052,1.444000000,0.057400000,0.009800000
sample,fixed_single,original,128,128,135,284,1.358847976,1.369700000,0.084300000,0.010200000
sample,fixed_single,ordered4_fixed_diagnostic,128,128,135,284,1.420287967,1.433300000,0.047800000,0.000000000
sample,fixed_single,original,128,128,136,284,1.357823968,1.368200000,0.075700000,0.009800000
sample,fixed_single,ordered4,128,128,136,284,1.430528045,1.440400000,0.057000000,0.010600000
sample,fixed_single,ordered4_fixed_diagnostic,128,128,136,284,1.419263959,1.429500000,0.057700000,0.000000000
sample,fixed_single,ordered4,128,128,137,284,1.425408006,1.433500000,0.047500000,0.007100000
sample,fixed_single,original,128,128,137,284,1.352512002,1.360700000,0.046400000,0.006800000
sample,fixed_single,ordered4_fixed_diagnostic,128,128,137,284,1.422335982,1.435800000,0.043900000,0.000000000
sample,fixed_single,original,128,128,138,284,1.355648041,1.363900000,0.076800000,0.009100000
sample,fixed_single,ordered4,128,128,138,284,1.427456021,1.435600000,0.047700000,0.008100000
sample,fixed_single,ordered4_fixed_diagnostic,128,128,138,284,1.421311975,1.430200000,0.041600000,0.000000000
sample,fixed_single,ordered4,128,128,139,284,1.425376058,1.433600000,0.047400000,0.007300000
sample,fixed_single,original,128,128,139,284,1.351680040,1.359700000,0.047200000,0.007100000
sample,fixed_single,ordered4_fixed_diagnostic,128,128,139,284,1.417215943,1.425500000,0.039600000,0.000000000
sample,fixed_single,original,128,128,140,284,1.351680040,1.360100000,0.047500000,0.006700000
sample,fixed_single,ordered4,128,128,140,284,1.425408006,1.433600000,0.047600000,0.007100000
sample,fixed_single,ordered4_fixed_diagnostic,128,128,140,284,1.418239951,1.427000000,0.040000000,0.000000000
sample,fixed_single,ordered4,128,128,141,284,1.424383998,1.433100000,0.045500000,0.006900000
sample,fixed_single,original,128,128,141,284,1.371135950,1.389900000,0.081100000,0.013500000
sample,fixed_single,ordered4_fixed_diagnostic,128,128,141,284,1.434527993,1.455200000,0.054500000,0.000000000
sample,fixed_single,original,128,128,142,284,1.483775973,1.517900000,0.448900000,0.081300000
sample,fixed_single,ordered4,128,128,142,284,1.436671972,1.447200000,0.068900000,0.016600000
sample,fixed_single,ordered4_fixed_diagnostic,128,128,142,284,1.418239951,1.429400000,0.043000000,0.000000000
sample,fixed_single,ordered4,128,128,143,284,1.444864035,1.461400000,0.079500000,0.012100000
sample,fixed_single,original,128,128,143,284,1.360895991,1.371000000,0.088800000,0.012200000
sample,fixed_single,ordered4_fixed_diagnostic,128,128,143,284,1.418239951,1.428700000,0.045200000,0.000000000
sample,fixed_single,original,128,128,144,284,1.352704048,1.362300000,0.052700000,0.006900000
sample,fixed_single,ordered4,128,128,144,284,1.428480029,1.438800000,0.053800000,0.007800000
sample,fixed_single,ordered4_fixed_diagnostic,128,128,144,284,1.419263959,1.434500000,0.050300000,0.000000000
sample,fixed_single,ordered4,128,128,145,284,1.432575941,1.447100000,0.081700000,0.009700000
sample,fixed_single,original,128,128,145,284,1.352704048,1.362800000,0.053400000,0.007900000
sample,fixed_single,ordered4_fixed_diagnostic,128,128,145,284,1.419263959,1.428700000,0.044800000,0.000000000
sample,fixed_single,original,128,128,146,284,1.352704048,1.362800000,0.053100000,0.006700000
sample,fixed_single,ordered4,128,128,146,284,1.425408006,1.436500000,0.052500000,0.007400000
sample,fixed_single,ordered4_fixed_diagnostic,128,128,146,284,1.418239951,1.427800000,0.043700000,0.000000000
sample,fixed_single,ordered4,128,128,147,284,1.425408006,1.434700000,0.052400000,0.007300000
sample,fixed_single,original,128,128,147,284,1.352704048,1.363100000,0.053100000,0.006900000
sample,fixed_single,ordered4_fixed_diagnostic,128,128,147,284,1.418239951,1.428200000,0.044700000,0.000000000
sample,fixed_single,original,128,128,148,284,1.352704048,1.363000000,0.052600000,0.007000000
sample,fixed_single,ordered4,128,128,148,284,1.425408006,1.439700000,0.051900000,0.007100000
sample,fixed_single,ordered4_fixed_diagnostic,128,128,148,284,1.425408006,1.438400000,0.052900000,0.000000000
sample,fixed_single,ordered4,128,128,149,284,1.435647964,1.450700000,0.056100000,0.011500000
sample,fixed_single,original,128,128,149,284,1.357823968,1.366800000,0.060700000,0.009700000
sample,fixed_single,ordered4_fixed_diagnostic,128,128,149,284,1.417215943,1.426200000,0.039000000,0.000000000
sample,fixed_single,original,128,128,150,284,1.352704048,1.360500000,0.044700000,0.006900000
sample,fixed_single,ordered4,128,128,150,284,1.428480029,1.439400000,0.076600000,0.009300000
sample,fixed_single,ordered4_fixed_diagnostic,128,128,150,284,1.420287967,1.430300000,0.047200000,0.000000000
sample,fixed_single,ordered4,128,128,151,284,1.425408006,1.435200000,0.049400000,0.007100000
sample,fixed_single,original,128,128,151,284,1.355775952,1.365400000,0.053600000,0.008900000
sample,fixed_single,ordered4_fixed_diagnostic,128,128,151,284,1.418239951,1.428600000,0.043900000,0.000000000
sample,fixed_single,original,128,128,152,284,1.351680040,1.362200000,0.051400000,0.007200000
sample,fixed_single,ordered4,128,128,152,284,1.426432014,1.441200000,0.052100000,0.007500000
sample,fixed_single,ordered4_fixed_diagnostic,128,128,152,284,1.444864035,1.465500000,0.083400000,0.000000000
sample,fixed_single,ordered4,128,128,153,284,1.444864035,1.455600000,0.070000000,0.020100000
sample,fixed_single,original,128,128,153,284,1.358847976,1.368200000,0.080700000,0.012500000
sample,fixed_single,ordered4_fixed_diagnostic,128,128,153,284,1.419263959,1.429500000,0.044600000,0.000000000
sample,fixed_single,original,128,128,154,284,1.354751945,1.364100000,0.052300000,0.006800000
sample,fixed_single,ordered4,128,128,154,284,1.428480029,1.438000000,0.054600000,0.007500000
sample,fixed_single,ordered4_fixed_diagnostic,128,128,154,284,1.419263959,1.430200000,0.049800000,0.000000000
sample,fixed_single,ordered4,128,128,155,284,1.425408006,1.435300000,0.052700000,0.006900000
sample,fixed_single,original,128,128,155,284,1.352704048,1.363400000,0.053400000,0.006900000
sample,fixed_single,ordered4_fixed_diagnostic,128,128,155,284,1.419263959,1.428600000,0.044000000,0.000000000
sample,fixed_single,original,128,128,156,284,1.354751945,1.364700000,0.053800000,0.007100000
sample,fixed_single,ordered4,128,128,156,284,1.438719988,1.454400000,0.067100000,0.011300000
sample,fixed_single,ordered4_fixed_diagnostic,128,128,156,284,1.419263959,1.430700000,0.047300000,0.000000000
sample,fixed_single,ordered4,128,128,157,284,1.428480029,1.437800000,0.053900000,0.008000000
sample,fixed_single,original,128,128,157,284,1.356799960,1.367000000,0.075700000,0.009000000
sample,fixed_single,ordered4_fixed_diagnostic,128,128,157,284,1.419263959,1.428800000,0.045200000,0.000000000
sample,fixed_single,original,128,128,158,284,1.354751945,1.367900000,0.054600000,0.007200000
sample,fixed_single,ordered4,128,128,158,284,1.425408006,1.436700000,0.053000000,0.007700000
sample,fixed_single,ordered4_fixed_diagnostic,128,128,158,284,1.419263959,1.428800000,0.043700000,0.000000000
sample,fixed_single,ordered4,128,128,159,284,1.425408006,1.433300000,0.056500000,0.007100000
sample,fixed_single,original,128,128,159,284,1.352704048,1.360700000,0.050000000,0.007100000
sample,fixed_single,ordered4_fixed_diagnostic,128,128,159,284,1.418079972,1.426500000,0.040800000,0.000000000
sample,fixed_single,original,128,128,160,284,1.362944007,1.375700000,0.057800000,0.009500000
sample,fixed_single,ordered4,128,128,160,284,1.426432014,1.435200000,0.049000000,0.007700000
sample,fixed_single,ordered4_fixed_diagnostic,128,128,160,284,1.418239951,1.426500000,0.039600000,0.000000000
sample,fixed_single,ordered4,128,128,161,284,1.426432014,1.434100000,0.046900000,0.006900000
sample,fixed_single,original,128,128,161,284,1.352704048,1.361500000,0.048100000,0.006900000
sample,fixed_single,ordered4_fixed_diagnostic,128,128,161,284,1.417215943,1.425600000,0.039500000,0.000000000
sample,fixed_single,original,128,128,162,284,1.352704048,1.361900000,0.047500000,0.006900000
sample,fixed_single,ordered4,128,128,162,284,1.425408006,1.434700000,0.047200000,0.007000000
sample,fixed_single,ordered4_fixed_diagnostic,128,128,162,284,1.417215943,1.426100000,0.047100000,0.000000000
sample,fixed_single,ordered4,128,128,163,284,1.426432014,1.434600000,0.048600000,0.006900000
sample,fixed_single,original,128,128,163,284,1.351680040,1.361000000,0.049000000,0.006900000
sample,fixed_single,ordered4_fixed_diagnostic,128,128,163,284,1.426432014,1.444800000,0.057700000,0.000000000
sample,fixed_single,original,128,128,164,284,1.363968015,1.384800000,0.060500000,0.011200000
sample,fixed_single,ordered4,128,128,164,284,1.441792011,1.454100000,0.085800000,0.014100000
sample,fixed_single,ordered4_fixed_diagnostic,128,128,164,284,1.421311975,1.432500000,0.050300000,0.000000000
sample,fixed_single,ordered4,128,128,165,284,1.429504037,1.439500000,0.055200000,0.009200000
sample,fixed_single,original,128,128,165,284,1.353728056,1.363300000,0.053200000,0.008400000
sample,fixed_single,ordered4_fixed_diagnostic,128,128,165,284,1.419263959,1.429300000,0.044000000,0.000000000
sample,fixed_single,original,128,128,166,284,1.354751945,1.367100000,0.073600000,0.007200000
sample,fixed_single,ordered4,128,128,166,284,1.428480029,1.437600000,0.054200000,0.008200000
sample,fixed_single,ordered4_fixed_diagnostic,128,128,166,284,1.418239951,1.428700000,0.045100000,0.000000000
sample,fixed_single,ordered4,128,128,167,284,1.426432014,1.437000000,0.054600000,0.007500000
sample,fixed_single,original,128,128,167,284,1.364992023,1.380400000,0.069500000,0.010300000
sample,fixed_single,ordered4_fixed_diagnostic,128,128,167,284,1.421311975,1.430900000,0.056000000,0.000000000
sample,fixed_single,original,128,128,168,284,1.352704048,1.361400000,0.052800000,0.007400000
sample,fixed_single,ordered4,128,128,168,284,1.426432014,1.435000000,0.047900000,0.007900000
sample,fixed_single,ordered4_fixed_diagnostic,128,128,168,284,1.418239951,1.426600000,0.039000000,0.000000000
sample,fixed_single,ordered4,128,128,169,284,1.424383998,1.433000000,0.047600000,0.007100000
sample,fixed_single,original,128,128,169,284,1.351647973,1.360000000,0.047900000,0.006900000
sample,fixed_single,ordered4_fixed_diagnostic,128,128,169,284,1.418208003,1.426400000,0.039200000,0.000000000
sample,fixed_single,original,128,128,170,284,1.351680040,1.359700000,0.045900000,0.006900000
sample,fixed_single,ordered4,128,128,170,284,1.425408006,1.433800000,0.047600000,0.007100000
sample,fixed_single,ordered4_fixed_diagnostic,128,128,170,284,1.419263959,1.427300000,0.038800000,0.000000000
sample,fixed_single,ordered4,128,128,171,284,1.435647964,1.448400000,0.057800000,0.009600000
sample,fixed_single,original,128,128,171,284,1.353728056,1.362400000,0.048200000,0.007700000
sample,fixed_single,ordered4_fixed_diagnostic,128,128,171,284,1.418239951,1.426900000,0.039500000,0.000000000
sample,fixed_single,original,128,128,172,284,1.353728056,1.363000000,0.052000000,0.007000000
sample,fixed_single,ordered4,128,128,172,284,1.425408006,1.435800000,0.053600000,0.007900000
sample,fixed_single,ordered4_fixed_diagnostic,128,128,172,284,1.419263959,1.429700000,0.044500000,0.000000000
sample,fixed_single,ordered4,128,128,173,284,1.426432014,1.436100000,0.052400000,0.007100000
sample,fixed_single,original,128,128,173,284,1.352704048,1.363000000,0.052900000,0.007000000
sample,fixed_single,ordered4_fixed_diagnostic,128,128,173,284,1.419263959,1.428600000,0.044300000,0.000000000
sample,fixed_single,original,128,128,174,284,1.351680040,1.360300000,0.047300000,0.006800000
sample,fixed_single,ordered4,128,128,174,284,1.427456021,1.437800000,0.071200000,0.009600000
sample,fixed_single,ordered4_fixed_diagnostic,128,128,174,284,1.418239951,1.435000000,0.048200000,0.000000000
sample,fixed_single,ordered4,128,128,175,284,1.573887944,1.650200000,0.386500000,0.071400000
sample,fixed_single,original,128,128,175,284,1.353728056,1.361600000,0.068000000,0.008500000
sample,fixed_single,ordered4_fixed_diagnostic,128,128,175,284,1.419263959,1.428000000,0.039900000,0.000000000
sample,fixed_single,original,128,128,176,284,1.363968015,1.378400000,0.064300000,0.010300000
sample,fixed_single,ordered4,128,128,176,284,1.428480029,1.438700000,0.052500000,0.008700000
sample,fixed_single,ordered4_fixed_diagnostic,128,128,176,284,1.418239951,1.428800000,0.043900000,0.000000000
sample,fixed_single,ordered4,128,128,177,284,1.424383998,1.435100000,0.049300000,0.007100000
sample,fixed_single,original,128,128,177,284,1.355775952,1.366400000,0.056000000,0.008500000
sample,fixed_single,ordered4_fixed_diagnostic,128,128,177,284,1.418239951,1.427800000,0.043300000,0.000000000
sample,fixed_single,original,128,128,178,284,1.351680040,1.361900000,0.050400000,0.007100000
sample,fixed_single,ordered4,128,128,178,284,1.435647964,1.450000000,0.061700000,0.009900000
sample,fixed_single,ordered4_fixed_diagnostic,128,128,178,284,1.418176055,1.426500000,0.039200000,0.000000000
sample,fixed_single,ordered4,128,128,179,284,1.427423954,1.434900000,0.047300000,0.007300000
sample,fixed_single,original,128,128,179,284,1.351487994,1.359200000,0.048400000,0.007400000
sample,fixed_single,ordered4_fixed_diagnostic,128,128,179,284,1.419167995,1.427000000,0.038700000,0.000000000
sample,fixed_single,original,128,128,180,284,1.352704048,1.361600000,0.048400000,0.006900000
sample,fixed_single,ordered4,128,128,180,284,1.424383998,1.432800000,0.047600000,0.007100000
sample,fixed_single,ordered4_fixed_diagnostic,128,128,180,284,1.417215943,1.426300000,0.039600000,0.000000000
sample,fixed_single,ordered4,128,128,181,284,1.426272035,1.434400000,0.047500000,0.007100000
sample,fixed_single,original,128,128,181,284,1.352704048,1.360800000,0.047300000,0.007000000
sample,fixed_single,ordered4_fixed_diagnostic,128,128,181,284,1.418176055,1.426500000,0.038700000,0.000000000
sample,fixed_single,original,128,128,182,284,1.371135950,1.385800000,0.072200000,0.020100000
sample,fixed_single,ordered4,128,128,182,284,1.435487986,1.443700000,0.057100000,0.008300000
sample,fixed_single,ordered4_fixed_diagnostic,128,128,182,284,1.419167995,1.427000000,0.038900000,0.000000000
sample,fixed_single,ordered4,128,128,183,284,1.427456021,1.436100000,0.048900000,0.007500000
sample,fixed_single,original,128,128,183,284,1.371135950,1.386400000,0.076700000,0.015700000
sample,fixed_single,ordered4_fixed_diagnostic,128,128,183,284,1.421311975,1.435400000,0.063000000,0.000000000
sample,fixed_single,original,128,128,184,284,1.355775952,1.363900000,0.070900000,0.010100000
sample,fixed_single,ordered4,128,128,184,284,1.426432014,1.435000000,0.048700000,0.008200000
sample,fixed_single,ordered4_fixed_diagnostic,128,128,184,284,1.417215943,1.425800000,0.038900000,0.000000000
sample,fixed_single,ordered4,128,128,185,284,1.426303983,1.433900000,0.047300000,0.007000000
sample,fixed_single,original,128,128,185,284,1.352704048,1.360500000,0.050000000,0.006900000
sample,fixed_single,ordered4_fixed_diagnostic,128,128,185,284,1.419263959,1.428700000,0.038400000,0.000000000
sample,fixed_single,original,128,128,186,284,1.361919999,1.378800000,0.056000000,0.011000000
sample,fixed_single,ordered4,128,128,186,284,1.506304026,1.531700000,0.185100000,0.055900000
sample,fixed_single,ordered4_fixed_diagnostic,128,128,186,284,1.418239951,1.426400000,0.037800000,0.000000000
sample,fixed_single,ordered4,128,128,187,284,1.426112056,1.434000000,0.045400000,0.007200000
sample,fixed_single,original,128,128,187,284,1.363968015,1.377100000,0.056600000,0.010300000
sample,fixed_single,ordered4_fixed_diagnostic,128,128,187,284,1.420287967,1.430800000,0.047700000,0.000000000
sample,fixed_single,original,128,128,188,284,1.354751945,1.364600000,0.053300000,0.007300000
sample,fixed_single,ordered4,128,128,188,284,1.427456021,1.436800000,0.052800000,0.007600000
sample,fixed_single,ordered4_fixed_diagnostic,128,128,188,284,1.419263959,1.429400000,0.042700000,0.000000000
sample,fixed_single,ordered4,128,128,189,284,1.428480029,1.438100000,0.055400000,0.008200000
sample,fixed_single,original,128,128,189,284,1.352704048,1.363000000,0.051800000,0.007100000
sample,fixed_single,ordered4_fixed_diagnostic,128,128,189,284,1.424383998,1.443500000,0.055800000,0.000000000
sample,fixed_single,original,128,128,190,284,1.377279997,1.390600000,0.086200000,0.020700000
sample,fixed_single,ordered4,128,128,190,284,1.446912050,1.462700000,0.079900000,0.020600000
sample,fixed_single,ordered4_fixed_diagnostic,128,128,190,284,1.445888042,1.463400000,0.078300000,0.000000000
sample,fixed_single,ordered4,128,128,191,284,1.429504037,1.439300000,0.080500000,0.010100000
sample,fixed_single,original,128,128,191,284,1.360895991,1.371200000,0.061100000,0.012100000
sample,fixed_single,ordered4_fixed_diagnostic,128,128,191,284,1.419263959,1.429900000,0.047800000,0.000000000
sample,fixed_single,original,128,128,192,284,1.353728056,1.363000000,0.052500000,0.007300000
sample,fixed_single,ordered4,128,128,192,284,1.426432014,1.436200000,0.060400000,0.007800000
sample,fixed_single,ordered4_fixed_diagnostic,128,128,192,284,1.421311975,1.431000000,0.044800000,0.000000000
sample,fixed_single,ordered4,128,128,193,284,1.427456021,1.437500000,0.053800000,0.007600000
sample,fixed_single,original,128,128,193,284,1.364992023,1.380600000,0.065200000,0.010800000
sample,fixed_single,ordered4_fixed_diagnostic,128,128,193,284,1.418239951,1.446800000,0.045100000,0.000000000
sample,fixed_single,original,128,128,194,284,1.374207973,1.391300000,0.074200000,0.019100000
sample,fixed_single,ordered4,128,128,194,284,1.440768003,1.452000000,0.061600000,0.010800000
sample,fixed_single,ordered4_fixed_diagnostic,128,128,194,284,1.420287967,1.429200000,0.043700000,0.000000000
sample,fixed_single,ordered4,128,128,195,284,1.427456021,1.436000000,0.047500000,0.007500000
sample,fixed_single,original,128,128,195,284,1.352704048,1.362000000,0.051100000,0.008200000
sample,fixed_single,ordered4_fixed_diagnostic,128,128,195,284,1.421311975,1.432400000,0.052000000,0.000000000
sample,fixed_single,original,128,128,196,284,1.356799960,1.366600000,0.050900000,0.009300000
sample,fixed_single,ordered4,128,128,196,284,1.436671972,1.446600000,0.054900000,0.009300000
sample,fixed_single,ordered4_fixed_diagnostic,128,128,196,284,1.419072032,1.427000000,0.038700000,0.000000000
sample,fixed_single,ordered4,128,128,197,284,1.436511993,1.453600000,0.056900000,0.010600000
sample,fixed_single,original,128,128,197,284,1.368064046,1.383700000,0.088500000,0.012600000
sample,fixed_single,ordered4_fixed_diagnostic,128,128,197,284,1.419263959,1.428800000,0.045000000,0.000000000
sample,fixed_single,original,128,128,198,284,1.353728056,1.362800000,0.052000000,0.007100000
sample,fixed_single,ordered4,128,128,198,284,1.427456021,1.437300000,0.053700000,0.008600000
sample,fixed_single,ordered4_fixed_diagnostic,128,128,198,284,1.421311975,1.433500000,0.045400000,0.000000000
sample,fixed_single,ordered4,128,128,199,284,1.428480029,1.438400000,0.059700000,0.008500000
sample,fixed_single,original,128,128,199,284,1.352704048,1.362400000,0.053200000,0.007000000
sample,fixed_single,ordered4_fixed_diagnostic,128,128,199,284,1.420287967,1.430600000,0.043800000,0.000000000
sample,fixed_single,original,128,128,200,284,1.362944007,1.377200000,0.062300000,0.009400000
sample,fixed_single,ordered4,128,128,200,284,1.426432014,1.436500000,0.056200000,0.008200000
sample,fixed_single,ordered4_fixed_diagnostic,128,128,200,284,1.424383998,1.438500000,0.048900000,0.000000000
sample,fixed_single,ordered4,128,128,201,284,1.429504037,1.439700000,0.074900000,0.009300000
sample,fixed_single,original,128,128,201,284,1.353728056,1.363400000,0.052400000,0.007500000
sample,fixed_single,ordered4_fixed_diagnostic,128,128,201,284,1.423359990,1.436500000,0.047800000,0.000000000
sample,fixed_single,original,128,128,202,284,1.354751945,1.364400000,0.056200000,0.008800000
sample,fixed_single,ordered4,128,128,202,284,1.426432014,1.434700000,0.048400000,0.007700000
sample,fixed_single,ordered4_fixed_diagnostic,128,128,202,284,1.433599949,1.442100000,0.039900000,0.000000000
sample,fixed_single,ordered4,128,128,203,284,1.425408006,1.436100000,0.052700000,0.007400000
sample,fixed_single,original,128,128,203,284,1.353728056,1.363400000,0.052600000,0.007300000
sample,fixed_single,ordered4_fixed_diagnostic,128,128,203,284,1.419263959,1.429200000,0.045000000,0.000000000
sample,fixed_single,original,128,128,204,284,1.353728056,1.363600000,0.051900000,0.006900000
sample,fixed_single,ordered4,128,128,204,284,1.431552052,1.444300000,0.060400000,0.009900000
sample,fixed_single,ordered4_fixed_diagnostic,128,128,204,284,1.423359990,1.437500000,0.054900000,0.000000000
sample,fixed_single,ordered4,128,128,205,284,1.440768003,1.461000000,0.097800000,0.016000000
sample,fixed_single,original,128,128,205,284,1.380352020,1.396300000,0.090400000,0.021700000
sample,fixed_single,ordered4_fixed_diagnostic,128,128,205,284,1.422335982,1.433900000,0.053100000,0.000000000
sample,fixed_single,original,128,128,206,284,1.366016030,1.379700000,0.071700000,0.011600000
sample,fixed_single,ordered4,128,128,206,284,1.435647964,1.450800000,0.062300000,0.013500000
sample,fixed_single,ordered4_fixed_diagnostic,128,128,206,284,1.418239951,1.428100000,0.045100000,0.000000000
sample,fixed_single,ordered4,128,128,207,284,1.430528045,1.443900000,0.092500000,0.008800000
sample,fixed_single,original,128,128,207,284,1.372159958,1.383100000,0.059700000,0.010400000
sample,fixed_single,ordered4_fixed_diagnostic,128,128,207,284,1.418239951,1.428300000,0.044300000,0.000000000
sample,fixed_single,original,128,128,208,284,1.367040038,1.391700000,0.078600000,0.015700000
sample,fixed_single,ordered4,128,128,208,284,1.460224032,1.485700000,0.098100000,0.026500000
sample,fixed_single,ordered4_fixed_diagnostic,128,128,208,284,1.426432014,1.446800000,0.059700000,0.000000000
sample,fixed_single,ordered4,128,128,209,284,1.443840027,1.453900000,0.073500000,0.016800000
sample,fixed_single,original,128,128,209,284,1.376255989,1.386500000,0.085500000,0.026300000
sample,fixed_single,ordered4_fixed_diagnostic,128,128,209,284,1.419263959,1.429900000,0.049200000,0.000000000
sample,fixed_single,original,128,128,210,284,1.356799960,1.366800000,0.081500000,0.008600000
sample,fixed_single,ordered4,128,128,210,284,1.427456021,1.437300000,0.054000000,0.007800000
sample,fixed_single,ordered4_fixed_diagnostic,128,128,210,284,1.417215943,1.427600000,0.043500000,0.000000000
sample,fixed_single,ordered4,128,128,211,284,1.425408006,1.435400000,0.054200000,0.007100000
sample,fixed_single,original,128,128,211,284,1.351680040,1.362300000,0.052200000,0.006800000
sample,fixed_single,ordered4_fixed_diagnostic,128,128,211,284,1.422335982,1.435500000,0.048100000,0.000000000
sample,fixed_single,original,128,128,212,284,1.355775952,1.366000000,0.055800000,0.009400000
sample,fixed_single,ordered4,128,128,212,284,1.426432014,1.437300000,0.053600000,0.008800000
sample,fixed_single,ordered4_fixed_diagnostic,128,128,212,284,1.419263959,1.429900000,0.044400000,0.000000000
sample,fixed_single,ordered4,128,128,213,284,1.433599949,1.446400000,0.058500000,0.009200000
sample,fixed_single,original,128,128,213,284,1.353728056,1.364500000,0.058200000,0.008700000
sample,fixed_single,ordered4_fixed_diagnostic,128,128,213,284,1.420287967,1.430100000,0.044700000,0.000000000
sample,fixed_single,original,128,128,214,284,1.352704048,1.362600000,0.052600000,0.006900000
sample,fixed_single,ordered4,128,128,214,284,1.427456021,1.438300000,0.052900000,0.007700000
sample,fixed_single,ordered4_fixed_diagnostic,128,128,214,284,1.418239951,1.428500000,0.044800000,0.000000000
sample,fixed_single,ordered4,128,128,215,284,1.432575941,1.442600000,0.059700000,0.007100000
sample,fixed_single,original,128,128,215,284,1.375231981,1.396100000,0.085200000,0.015300000
sample,fixed_single,ordered4_fixed_diagnostic,128,128,215,284,1.426432014,1.445600000,0.051700000,0.000000000
sample,fixed_single,original,128,128,216,284,1.367040038,1.387400000,0.064000000,0.013900000
sample,fixed_single,ordered4,128,128,216,284,1.434623957,1.443400000,0.057900000,0.010500000
sample,fixed_single,ordered4_fixed_diagnostic,128,128,216,284,1.418239951,1.426600000,0.039400000,0.000000000
sample,fixed_single,ordered4,128,128,217,284,1.435647964,1.445300000,0.075500000,0.011400000
sample,fixed_single,original,128,128,217,284,1.362944007,1.376200000,0.071600000,0.011900000
sample,fixed_single,ordered4_fixed_diagnostic,128,128,217,284,1.418239951,1.428400000,0.045900000,0.000000000
sample,fixed_single,original,128,128,218,284,1.352704048,1.363100000,0.075700000,0.007200000
sample,fixed_single,ordered4,128,128,218,284,1.428480029,1.439200000,0.054200000,0.009600000
sample,fixed_single,ordered4_fixed_diagnostic,128,128,218,284,1.419263959,1.430400000,0.043900000,0.000000000
sample,fixed_single,ordered4,128,128,219,284,1.451007962,1.468900000,0.087700000,0.018300000
sample,fixed_single,original,128,128,219,284,1.376255989,1.396100000,0.083800000,0.016600000
sample,fixed_single,ordered4_fixed_diagnostic,128,128,219,284,1.422335982,1.435100000,0.054000000,0.000000000
sample,fixed_single,original,128,128,220,284,1.369088054,1.383100000,0.079800000,0.015600000
sample,fixed_single,ordered4,128,128,220,284,1.441792011,1.452800000,0.075900000,0.017600000
sample,fixed_single,ordered4_fixed_diagnostic,128,128,220,284,1.420287967,1.433000000,0.051900000,0.000000000
sample,fixed_single,ordered4,128,128,221,284,1.431552052,1.445100000,0.060600000,0.011100000
sample,fixed_single,original,128,128,221,284,1.375231981,1.392200000,0.091700000,0.019100000
sample,fixed_single,ordered4_fixed_diagnostic,128,128,221,284,1.422335982,1.434100000,0.055000000,0.000000000
sample,fixed_single,original,128,128,222,284,1.373183966,1.388000000,0.082400000,0.015700000
sample,fixed_single,ordered4,128,128,222,284,1.441792011,1.463900000,0.070000000,0.017000000
sample,fixed_single,ordered4_fixed_diagnostic,128,128,222,284,1.425408006,1.441800000,0.057300000,0.000000000
sample,fixed_single,ordered4,128,128,223,284,1.441792011,1.453700000,0.073800000,0.012800000
sample,fixed_single,original,128,128,223,284,1.374207973,1.391400000,0.078700000,0.017200000
sample,fixed_single,ordered4_fixed_diagnostic,128,128,223,284,1.420287967,1.432900000,0.055700000,0.000000000
sample,fixed_single,original,128,128,224,284,1.358847976,1.370400000,0.061900000,0.010700000
sample,fixed_single,ordered4,128,128,224,284,1.432575941,1.444100000,0.063500000,0.012100000
sample,fixed_single,ordered4_fixed_diagnostic,128,128,224,284,1.433599949,1.454700000,0.077300000,0.000000000
sample,fixed_single,ordered4,128,128,225,284,1.439743996,1.455700000,0.067700000,0.013500000
sample,fixed_single,original,128,128,225,284,1.368064046,1.380600000,0.075700000,0.014500000
sample,fixed_single,ordered4_fixed_diagnostic,128,128,225,284,1.417215943,1.427400000,0.042300000,0.000000000
sample,fixed_single,original,128,128,226,284,1.355775952,1.366400000,0.059200000,0.008900000
sample,fixed_single,ordered4,128,128,226,284,1.438719988,1.453700000,0.066500000,0.011800000
sample,fixed_single,ordered4_fixed_diagnostic,128,128,226,284,1.419263959,1.429200000,0.046200000,0.000000000
sample,fixed_single,ordered4,128,128,227,284,1.426432014,1.436100000,0.053300000,0.007500000
sample,fixed_single,original,128,128,227,284,1.360895991,1.369900000,0.054100000,0.008100000
sample,fixed_single,ordered4_fixed_diagnostic,128,128,227,284,1.419199944,1.427200000,0.041700000,0.000000000
sample,fixed_single,original,128,128,228,284,1.353728056,1.362300000,0.046800000,0.006700000
sample,fixed_single,ordered4,128,128,228,284,1.427456021,1.436200000,0.047300000,0.007000000
sample,fixed_single,ordered4_fixed_diagnostic,128,128,228,284,1.417215943,1.426400000,0.041200000,0.000000000
sample,fixed_single,ordered4,128,128,229,284,1.426432014,1.434600000,0.047200000,0.007000000
sample,fixed_single,original,128,128,229,284,1.352704048,1.361200000,0.047100000,0.006900000
sample,fixed_single,ordered4_fixed_diagnostic,128,128,229,284,1.419263959,1.428200000,0.039600000,0.000000000
sample,fixed_single,original,128,128,230,284,1.375167966,1.395500000,0.075300000,0.017000000
sample,fixed_single,ordered4,128,128,230,284,1.437407970,1.454400000,0.087700000,0.012200000
sample,fixed_single,ordered4_fixed_diagnostic,128,128,230,284,1.449920058,1.475900000,0.097500000,0.000000000
sample,fixed_single,ordered4,128,128,231,284,1.427456021,1.434900000,0.063600000,0.007600000
sample,fixed_single,original,128,128,231,284,1.364992023,1.378200000,0.058900000,0.011500000
sample,fixed_single,ordered4_fixed_diagnostic,128,128,231,284,1.419263959,1.429800000,0.049900000,0.000000000
sample,fixed_single,original,128,128,232,284,1.355775952,1.365200000,0.051900000,0.006900000
sample,fixed_single,ordered4,128,128,232,284,1.429504037,1.440800000,0.055400000,0.008200000
sample,fixed_single,ordered4_fixed_diagnostic,128,128,232,284,1.420287967,1.432400000,0.058000000,0.000000000
sample,fixed_single,ordered4,128,128,233,284,1.429504037,1.441200000,0.074000000,0.008600000
sample,fixed_single,original,128,128,233,284,1.354751945,1.366400000,0.078400000,0.008500000
sample,fixed_single,ordered4_fixed_diagnostic,128,128,233,284,1.427456021,1.445600000,0.050900000,0.000000000
sample,fixed_single,original,128,128,234,284,1.356735945,1.365200000,0.052600000,0.009700000
sample,fixed_single,ordered4,128,128,234,284,1.428480029,1.438700000,0.049500000,0.008700000
sample,fixed_single,ordered4_fixed_diagnostic,128,128,234,284,1.423359990,1.436800000,0.068000000,0.000000000
sample,fixed_single,ordered4,128,128,235,284,1.430495977,1.439300000,0.050000000,0.009600000
sample,fixed_single,original,128,128,235,284,1.355775952,1.364400000,0.049600000,0.008600000
sample,fixed_single,ordered4_fixed_diagnostic,128,128,235,284,1.420287967,1.429000000,0.043800000,0.000000000
sample,fixed_single,original,128,128,236,284,1.352640033,1.360700000,0.047300000,0.007500000
sample,fixed_single,ordered4,128,128,236,284,1.425408006,1.434100000,0.047800000,0.007900000
sample,fixed_single,ordered4_fixed_diagnostic,128,128,236,284,1.418239951,1.426800000,0.039600000,0.000000000
sample,fixed_single,ordered4,128,128,237,284,1.427456021,1.441400000,0.052100000,0.007600000
sample,fixed_single,original,128,128,237,284,1.363968015,1.377500000,0.058200000,0.009700000
sample,fixed_single,ordered4_fixed_diagnostic,128,128,237,284,1.419263959,1.427400000,0.040300000,0.000000000
sample,fixed_single,original,128,128,238,284,1.353728056,1.361400000,0.046600000,0.007100000
sample,fixed_single,ordered4,128,128,238,284,1.426432014,1.434600000,0.047100000,0.007500000
sample,fixed_single,ordered4_fixed_diagnostic,128,128,238,284,1.417215943,1.425700000,0.039500000,0.000000000
sample,fixed_single,ordered4,128,128,239,284,1.425408006,1.433800000,0.047200000,0.007300000
sample,fixed_single,original,128,128,239,284,1.351680040,1.360300000,0.047500000,0.006900000
sample,fixed_single,ordered4_fixed_diagnostic,128,128,239,284,1.417215943,1.426000000,0.054100000,0.000000000
sample,fixed_single,original,128,128,240,284,1.353695989,1.363000000,0.050000000,0.008300000
sample,fixed_single,ordered4,128,128,240,284,1.427327991,1.435700000,0.048500000,0.007800000
sample,fixed_single,ordered4_fixed_diagnostic,128,128,240,284,1.418239951,1.439000000,0.038300000,0.000000000
sample,fixed_single,ordered4,128,128,241,284,1.452031970,1.482700000,0.092200000,0.015600000
sample,fixed_single,original,128,128,241,284,1.364992023,1.378900000,0.064800000,0.012200000
sample,fixed_single,ordered4_fixed_diagnostic,128,128,241,284,1.448959947,1.476300000,0.254200000,0.000000000
sample,fixed_single,original,128,128,242,284,1.367040038,1.377700000,0.063100000,0.013100000
sample,fixed_single,ordered4,128,128,242,284,1.438719988,1.451800000,0.072500000,0.013300000
sample,fixed_single,ordered4_fixed_diagnostic,128,128,242,284,1.429504037,1.442900000,0.069200000,0.000000000
sample,fixed_single,ordered4,128,128,243,284,1.431552052,1.441800000,0.084600000,0.011500000
sample,fixed_single,original,128,128,243,284,1.353728056,1.364300000,0.054400000,0.009800000
sample,fixed_single,ordered4_fixed_diagnostic,128,128,243,284,1.417215943,1.427800000,0.043700000,0.000000000
sample,fixed_single,original,128,128,244,284,1.355775952,1.368900000,0.054700000,0.008400000
sample,fixed_single,ordered4,128,128,244,284,1.427456021,1.438100000,0.073900000,0.008200000
sample,fixed_single,ordered4_fixed_diagnostic,128,128,244,284,1.419263959,1.429600000,0.053400000,0.000000000
sample,fixed_single,ordered4,128,128,245,284,1.440768003,1.462900000,0.062300000,0.013300000
sample,fixed_single,original,128,128,245,284,1.374143958,1.390900000,0.069200000,0.016000000
sample,fixed_single,ordered4_fixed_diagnostic,128,128,245,284,1.420287967,1.429100000,0.042200000,0.000000000
sample,fixed_single,original,128,128,246,284,1.357823968,1.368700000,0.053300000,0.008800000
sample,fixed_single,ordered4,128,128,246,284,1.434623957,1.444800000,0.056300000,0.011300000
sample,fixed_single,ordered4_fixed_diagnostic,128,128,246,284,1.420287967,1.428000000,0.040600000,0.000000000
sample,fixed_single,ordered4,128,128,247,284,1.425408006,1.434100000,0.046800000,0.007200000
sample,fixed_single,original,128,128,247,284,1.352704048,1.360900000,0.047400000,0.007400000
sample,fixed_single,ordered4_fixed_diagnostic,128,128,247,284,1.418079972,1.426600000,0.040700000,0.000000000
sample,fixed_single,original,128,128,248,284,1.350656033,1.359100000,0.046000000,0.007000000
sample,fixed_single,ordered4,128,128,248,284,1.426432014,1.435000000,0.046700000,0.007100000
sample,fixed_single,ordered4_fixed_diagnostic,128,128,248,284,1.423359990,1.436700000,0.047300000,0.000000000
sample,fixed_single,ordered4,128,128,249,284,1.428480029,1.436300000,0.049200000,0.009400000
sample,fixed_single,original,128,128,249,284,1.352512002,1.360600000,0.056000000,0.007600000
sample,fixed_single,ordered4_fixed_diagnostic,128,128,249,284,1.417215943,1.426600000,0.038400000,0.000000000
sample,fixed_single,original,128,128,250,284,1.373183966,1.390400000,0.074300000,0.016000000
sample,fixed_single,ordered4,128,128,250,284,1.442816019,1.458600000,0.073800000,0.014000000
sample,fixed_single,ordered4_fixed_diagnostic,128,128,250,284,1.418239951,1.429400000,0.045100000,0.000000000
sample,fixed_single,ordered4,128,128,251,284,1.428480029,1.439700000,0.066000000,0.007700000
sample,fixed_single,original,128,128,251,284,1.370111942,1.390800000,0.071500000,0.017700000
sample,fixed_single,ordered4_fixed_diagnostic,128,128,251,284,1.421311975,1.432700000,0.056700000,0.000000000
sample,fixed_single,original,128,128,252,284,1.355775952,1.367500000,0.057300000,0.008800000
sample,fixed_single,ordered4,128,128,252,284,1.430528045,1.442400000,0.081500000,0.011100000
sample,fixed_single,ordered4_fixed_diagnostic,128,128,252,284,1.425408006,1.442100000,0.057400000,0.000000000
sample,fixed_single,ordered4,128,128,253,284,1.425408006,1.434800000,0.046400000,0.007800000
sample,fixed_single,original,128,128,253,284,1.368064046,1.384000000,0.067100000,0.010700000
sample,fixed_single,ordered4_fixed_diagnostic,128,128,253,284,1.427456021,1.450200000,0.076300000,0.000000000
sample,fixed_single,original,128,128,254,284,1.378304005,1.403700000,0.085600000,0.018800000
sample,fixed_single,ordered4,128,128,254,284,1.473536015,1.500500000,0.121700000,0.035800000
sample,fixed_single,ordered4_fixed_diagnostic,128,128,254,284,1.426432014,1.448700000,0.066000000,0.000000000
sample,fixed_single,ordered4,128,128,255,284,1.444864035,1.463800000,0.082900000,0.019500000
sample,fixed_single,original,128,128,255,284,1.383424044,1.400300000,0.095000000,0.022800000
sample,fixed_single,ordered4_fixed_diagnostic,128,128,255,284,1.424383998,1.441000000,0.053800000,0.000000000
sample,fixed_batch16,original,128,128,0,284,1.343744040,1.345587500,0.048043750,0.000000000
sample,fixed_batch16,ordered4,128,128,0,284,1.416501999,1.417631250,0.041100000,0.000000000
sample,fixed_batch16,ordered4,128,128,1,284,1.417088032,1.418668750,0.049718750,0.000000000
sample,fixed_batch16,original,128,128,1,284,1.344128013,1.347025000,0.051675000,0.000000000
sample,fixed_batch16,original,128,128,2,284,1.345983982,1.348675000,0.062668750,0.000000000
sample,fixed_batch16,ordered4,128,128,2,284,1.416960001,1.418462500,0.043731250,0.000000000
sample,fixed_batch16,ordered4,128,128,3,284,1.417024016,1.418525000,0.049493750,0.000000000
sample,fixed_batch16,original,128,128,3,284,1.343744040,1.344825000,0.042612500,0.000000000
sample,fixed_batch16,original,128,128,4,284,1.344192028,1.346106250,0.134918750,0.000000000
sample,fixed_batch16,ordered4,128,128,4,284,1.418303967,1.420331250,0.055518750,0.000000000
sample,fixed_batch16,ordered4,128,128,5,284,1.415743947,1.416812500,0.045593750,0.000000000
sample,fixed_batch16,original,128,128,5,284,1.345343947,1.347512500,0.050800000,0.000000000
sample,fixed_batch16,original,128,128,6,284,1.342911959,1.344737500,0.042150000,0.000000000
sample,fixed_batch16,ordered4,128,128,6,284,1.420863986,1.425193750,0.078106250,0.000000000
sample,fixed_batch16,ordered4,128,128,7,284,1.416895986,1.419500000,0.044450000,0.000000000
sample,fixed_batch16,original,128,128,7,284,1.347584009,1.350775000,0.062456250,0.000000000
sample,fixed_batch16,original,128,128,8,284,1.343487978,1.345925000,0.042681250,0.000000000
sample,fixed_batch16,ordered4,128,128,8,284,1.418815970,1.421612500,0.054250000,0.000000000
sample,fixed_batch16,ordered4,128,128,9,284,1.416831970,1.418418750,0.047493750,0.000000000
sample,fixed_batch16,original,128,128,9,284,1.344768047,1.347031250,0.052131250,0.000000000
sample,fixed_batch16,original,128,128,10,284,1.342656016,1.343756250,0.038118750,0.000000000
sample,fixed_batch16,ordered4,128,128,10,284,1.416432023,1.417556250,0.038768750,0.000000000
sample,fixed_batch16,ordered4,128,128,11,284,1.415423989,1.416887500,0.037206250,0.000000000
sample,fixed_batch16,original,128,128,11,284,1.349568009,1.355356250,0.053900000,0.000000000
sample,fixed_batch16,original,128,128,12,284,1.343487978,1.345443750,0.045143750,0.000000000
sample,fixed_batch16,ordered4,128,128,12,284,1.418431997,1.419743750,0.059818750,0.000000000
sample,fixed_batch16,ordered4,128,128,13,284,1.418239951,1.420637500,0.052981250,0.000000000
sample,fixed_batch16,original,128,128,13,284,1.342975974,1.344212500,0.039881250,0.000000000
sample,fixed_batch16,original,128,128,14,284,1.344831944,1.346425000,0.044856250,0.000000000
sample,fixed_batch16,ordered4,128,128,14,284,1.416960001,1.418250000,0.038037500,0.000000000
sample,fixed_batch16,ordered4,128,128,15,284,1.417664051,1.420662500,0.050581250,0.000000000
sample,fixed_batch16,original,128,128,15,284,1.344704032,1.346462500,0.050887500,0.000000000
sample,fixed_batch16,original,128,128,16,284,1.344447970,1.346400000,0.049068750,0.000000000
sample,fixed_batch16,ordered4,128,128,16,284,1.417343974,1.418662500,0.044631250,0.000000000
sample,fixed_batch16,ordered4,128,128,17,284,1.417024016,1.418593750,0.046962500,0.000000000
sample,fixed_batch16,original,128,128,17,284,1.343808055,1.344981250,0.044825000,0.000000000
sample,fixed_batch16,original,128,128,18,284,1.342527986,1.343862500,0.042175000,0.000000000
sample,fixed_batch16,ordered4,128,128,18,284,1.416447997,1.417556250,0.038262500,0.000000000
sample,fixed_batch16,ordered4,128,128,19,284,1.416767955,1.418412500,0.047143750,0.000000000
sample,fixed_batch16,original,128,128,19,284,1.344704032,1.347387500,0.053631250,0.000000000
sample,fixed_batch16,original,128,128,20,284,1.343232036,1.345387500,0.048306250,0.000000000
sample,fixed_batch16,ordered4,128,128,20,284,1.417855978,1.419937500,0.049481250,0.000000000
sample,fixed_batch16,ordered4,128,128,21,284,1.415680051,1.416693750,0.038487500,0.000000000
sample,fixed_batch16,original,128,128,21,284,1.343423963,1.345131250,0.040168750,0.000000000
sample,fixed_batch16,original,128,128,22,284,1.344831944,1.347581250,0.049156250,0.000000000
sample,fixed_batch16,ordered4,128,128,22,284,1.418688059,1.421881250,0.065737500,0.000000000
sample,fixed_batch16,ordered4,128,128,23,284,1.417024016,1.419743750,0.041481250,0.000000000
sample,fixed_batch16,original,128,128,23,284,1.345216036,1.348556250,0.055718750,0.000000000
sample,fixed_batch16,original,128,128,24,284,1.344892025,1.348243750,0.059193750,0.000000000
sample,fixed_batch16,ordered4,128,128,24,284,1.417407990,1.420631250,0.048043750,0.000000000
sample,fixed_batch16,ordered4,128,128,25,284,1.419072032,1.422812500,0.064231250,0.000000000
sample,fixed_batch16,original,128,128,25,284,1.345152020,1.348887500,0.052581250,0.000000000
sample,fixed_batch16,original,128,128,26,284,1.345023990,1.347943750,0.070525000,0.000000000
sample,fixed_batch16,ordered4,128,128,26,284,1.417600036,1.420706250,0.067156250,0.000000000
sample,fixed_batch16,ordered4,128,128,27,284,1.418560028,1.422587500,0.070225000,0.000000000
sample,fixed_batch16,original,128,128,27,284,1.344831944,1.348087500,0.063731250,0.000000000
sample,fixed_batch16,original,128,128,28,284,1.346112013,1.350400000,0.075431250,0.000000000
sample,fixed_batch16,ordered4,128,128,28,284,1.416767955,1.419406250,0.055531250,0.000000000
sample,fixed_batch16,ordered4,128,128,29,284,1.418112040,1.421050000,0.048606250,0.000000000
sample,fixed_batch16,original,128,128,29,284,1.343930006,1.346475000,0.042118750,0.000000000
sample,fixed_batch16,original,128,128,30,284,1.344192028,1.347181250,0.050393750,0.000000000
sample,fixed_batch16,ordered4,128,128,30,284,1.419584036,1.423400000,0.054562500,0.000000000
sample,fixed_batch16,ordered4,128,128,31,284,1.422528028,1.426093750,0.078931250,0.000000000
sample,fixed_batch16,original,128,128,31,284,1.345407963,1.349037500,0.054368750,0.000000000
sample,fixed_batch16,original,128,128,32,284,1.345152020,1.347893750,0.051018750,0.000000000
sample,fixed_batch16,ordered4,128,128,32,284,1.417397976,1.420218750,0.049350000,0.000000000
sample,fixed_batch16,ordered4,128,128,33,284,1.417215943,1.420193750,0.056068750,0.000000000
sample,fixed_batch16,original,128,128,33,284,1.343927979,1.346525000,0.052737500,0.000000000
sample,fixed_batch16,original,128,128,34,284,1.343744040,1.346387500,0.044287500,0.000000000
sample,fixed_batch16,ordered4,128,128,34,284,1.418048024,1.421781250,0.050593750,0.000000000
sample,fixed_batch16,ordered4,128,128,35,284,1.417783976,1.420450000,0.045906250,0.000000000
sample,fixed_batch16,original,128,128,35,284,1.344640017,1.347937500,0.057018750,0.000000000
sample,fixed_batch16,original,128,128,36,284,1.343808055,1.346606250,0.045687500,0.000000000
sample,fixed_batch16,ordered4,128,128,36,284,1.418303967,1.421543750,0.051456250,0.000000000
sample,fixed_batch16,ordered4,128,128,37,284,1.419263959,1.422825000,0.054256250,0.000000000
sample,fixed_batch16,original,128,128,37,284,1.346624017,1.350250000,0.067718750,0.000000000
sample,fixed_batch16,original,128,128,38,284,1.343680024,1.346381250,0.045537500,0.000000000
sample,fixed_batch16,ordered4,128,128,38,284,1.417791963,1.421562500,0.060450000,0.000000000
sample,fixed_batch16,ordered4,128,128,39,284,1.418431997,1.425406250,0.043556250,0.000000000
sample,fixed_batch16,original,128,128,39,284,1.343808055,1.346775000,0.050475000,0.000000000
sample,fixed_batch16,original,128,128,40,284,1.345023990,1.348593750,0.069687500,0.000000000
sample,fixed_batch16,ordered4,128,128,40,284,1.419903994,1.423950000,0.083231250,0.000000000
sample,fixed_batch16,ordered4,128,128,41,284,1.418048024,1.421156250,0.064400000,0.000000000
sample,fixed_batch16,original,128,128,41,284,1.347007990,1.351131250,0.069350000,0.000000000
sample,fixed_batch16,original,128,128,42,284,1.346431971,1.349593750,0.060356250,0.000000000
sample,fixed_batch16,ordered4,128,128,42,284,1.420672059,1.434156250,0.066618750,0.000000000
sample,fixed_batch16,ordered4,128,128,43,284,1.418624043,1.422275000,0.055756250,0.000000000
sample,fixed_batch16,original,128,128,43,284,1.346495986,1.349962500,0.073012500,0.000000000
sample,fixed_batch16,original,128,128,44,284,1.344256043,1.347043750,0.059881250,0.000000000
sample,fixed_batch16,ordered4,128,128,44,284,1.420992017,1.426175000,0.079525000,0.000000000
sample,fixed_batch16,ordered4,128,128,45,284,1.420223951,1.424375000,0.078587500,0.000000000
sample,fixed_batch16,original,128,128,45,284,1.346176028,1.350137500,0.066818750,0.000000000
sample,fixed_batch16,original,128,128,46,284,1.345471978,1.348693750,0.065356250,0.000000000
sample,fixed_batch16,ordered4,128,128,46,284,1.420096040,1.423150000,0.058543750,0.000000000
sample,fixed_batch16,ordered4,128,128,47,284,1.417343974,1.420137500,0.044443750,0.000000000
sample,fixed_batch16,original,128,128,47,284,1.345144033,1.348562500,0.046025000,0.000000000
sample,fixed_batch16,original,128,128,48,284,1.343871951,1.346293750,0.044868750,0.000000000
sample,fixed_batch16,ordered4,128,128,48,284,1.417664051,1.420700000,0.045856250,0.000000000
sample,fixed_batch16,ordered4,128,128,49,284,1.419263959,1.423018750,0.064487500,0.000000000
sample,fixed_batch16,original,128,128,49,284,1.344895959,1.348125000,0.062612500,0.000000000
sample,fixed_single,original,512,512,0,837,1.631232023,1.643300000,0.077100000,0.023000000
sample,fixed_single,ordered4,512,512,0,837,1.918912053,1.931100000,0.063900000,0.019000000
sample,fixed_single,ordered4_fixed_diagnostic,512,512,0,837,1.915904045,1.931000000,0.062900000,0.000000000
sample,fixed_single,ordered4,512,512,1,837,1.911808014,1.921700000,0.058900000,0.011200000
sample,fixed_single,original,512,512,1,837,1.622015953,1.634300000,0.063100000,0.013500000
sample,fixed_single,ordered4_fixed_diagnostic,512,512,1,837,5.113855839,5.128600000,0.085800000,0.000000000
sample,fixed_single,original,512,512,2,837,1.598464012,2.042800000,0.059600000,0.014800000
sample,fixed_single,ordered4,512,512,2,837,1.937407970,1.961500000,0.100900000,0.025800000
sample,fixed_single,ordered4_fixed_diagnostic,512,512,2,837,1.903615952,1.923200000,0.060200000,0.000000000
sample,fixed_single,ordered4,512,512,3,837,1.917951941,1.932700000,0.086100000,0.019300000
sample,fixed_single,original,512,512,3,837,1.627135992,1.638500000,0.073100000,0.019800000
sample,fixed_single,ordered4_fixed_diagnostic,512,512,3,837,1.897472024,1.908900000,0.042900000,0.000000000
sample,fixed_single,original,512,512,4,837,1.614848018,1.627900000,0.058400000,0.011400000
sample,fixed_single,ordered4,512,512,4,837,1.918975949,1.938200000,0.063500000,0.017200000
sample,fixed_single,ordered4_fixed_diagnostic,512,512,4,837,1.900544047,1.910800000,0.043000000,0.000000000
sample,fixed_single,ordered4,512,512,5,837,1.915711999,1.928200000,0.058300000,0.010400000
sample,fixed_single,original,512,512,5,837,1.623039961,1.634500000,0.066500000,0.017100000
sample,fixed_single,ordered4_fixed_diagnostic,512,512,5,837,1.898496032,1.907500000,0.042700000,0.000000000
sample,fixed_single,original,512,512,6,837,1.614848018,1.625300000,0.055500000,0.009200000
sample,fixed_single,ordered4,512,512,6,837,1.913696051,1.923600000,0.074500000,0.013000000
sample,fixed_single,ordered4_fixed_diagnostic,512,512,6,837,1.897472024,1.909300000,0.043300000,0.000000000
sample,fixed_single,ordered4,512,512,7,837,1.927039981,1.947500000,0.086000000,0.018100000
sample,fixed_single,original,512,512,7,837,1.635328054,1.662400000,0.072100000,0.022200000
sample,fixed_single,ordered4_fixed_diagnostic,512,512,7,837,1.912832022,1.951700000,0.081400000,0.000000000
sample,fixed_single,original,512,512,8,837,1.841151953,1.860300000,0.130100000,0.044300000
sample,fixed_single,ordered4,512,512,8,837,2.154495955,2.192600000,0.120400000,0.044500000
sample,fixed_single,ordered4_fixed_diagnostic,512,512,8,837,1.900544047,1.914100000,0.054600000,0.000000000
sample,fixed_single,ordered4,512,512,9,837,1.930240035,1.944800000,0.085400000,0.024000000
sample,fixed_single,original,512,512,9,837,1.638399959,1.656300000,0.092300000,0.027100000
sample,fixed_single,ordered4_fixed_diagnostic,512,512,9,837,1.904639959,1.925200000,0.069500000,0.000000000
sample,fixed_single,original,512,512,10,837,1.650688052,1.682500000,0.108400000,0.033600000
sample,fixed_single,ordered4,512,512,10,837,1.929216027,1.957100000,0.073400000,0.023700000
sample,fixed_single,ordered4_fixed_diagnostic,512,512,10,837,1.906687975,1.932300000,0.053800000,0.000000000
sample,fixed_single,ordered4,512,512,11,837,1.942528009,1.966000000,0.098300000,0.030800000
sample,fixed_single,original,512,512,11,837,1.638399959,1.653500000,0.095600000,0.028400000
sample,fixed_single,ordered4_fixed_diagnostic,512,512,11,837,1.899456024,1.915000000,0.076500000,0.000000000
sample,fixed_single,original,512,512,12,837,1.651711941,1.673000000,0.115000000,0.034800000
sample,fixed_single,ordered4,512,512,12,837,1.956863999,1.975200000,0.122000000,0.046600000
sample,fixed_single,ordered4_fixed_diagnostic,512,512,12,837,1.899520040,1.913100000,0.047300000,0.000000000
sample,fixed_single,ordered4,512,512,13,837,1.922016025,1.933800000,0.066400000,0.019500000
sample,fixed_single,original,512,512,13,837,1.638399959,1.654400000,0.093600000,0.027300000
sample,fixed_single,ordered4_fixed_diagnostic,512,512,13,837,1.906687975,1.938800000,0.064800000,0.000000000
sample,fixed_single,original,512,512,14,837,1.638399959,1.655800000,0.112500000,0.027000000
sample,fixed_single,ordered4,512,512,14,837,1.958912015,1.983400000,0.121700000,0.044000000
sample,fixed_single,ordered4_fixed_diagnostic,512,512,14,837,1.902591944,1.920400000,0.061000000,0.000000000
sample,fixed_single,ordered4,512,512,15,837,1.939455986,1.958100000,0.102400000,0.025300000
sample,fixed_single,original,512,512,15,837,1.637248039,1.652800000,0.091200000,0.024400000
sample,fixed_single,ordered4_fixed_diagnostic,512,512,15,837,1.903615952,1.930300000,0.051500000,0.000000000
sample,fixed_single,original,512,512,16,837,1.634304047,1.652000000,0.087700000,0.026300000
sample,fixed_single,ordered4,512,512,16,837,1.928192019,1.939600000,0.067500000,0.017800000
sample,fixed_single,ordered4_fixed_diagnostic,512,512,16,837,1.898496032,1.910800000,0.051900000,0.000000000
sample,fixed_single,ordered4,512,512,17,837,1.916928053,1.930200000,0.068500000,0.013600000
sample,fixed_single,original,512,512,17,837,1.629184008,1.642900000,0.084400000,0.024400000
sample,fixed_single,ordered4_fixed_diagnostic,512,512,17,837,1.899520040,1.912200000,0.050200000,0.000000000
sample,fixed_single,original,512,512,18,837,1.619968057,1.637700000,0.068500000,0.013100000
sample,fixed_single,ordered4,512,512,18,837,1.924095988,1.939900000,0.086700000,0.018300000
sample,fixed_single,ordered4_fixed_diagnostic,512,512,18,837,1.903615952,1.922100000,0.054100000,0.000000000
sample,fixed_single,ordered4,512,512,19,837,1.907711983,1.918200000,0.051900000,0.009900000
sample,fixed_single,original,512,512,19,837,1.629184008,1.643000000,0.084100000,0.021600000
sample,fixed_single,ordered4_fixed_diagnostic,512,512,19,837,1.905663967,1.926700000,0.067900000,0.000000000
sample,fixed_single,original,512,512,20,837,1.634112000,1.650700000,0.086600000,0.023500000
sample,fixed_single,ordered4,512,512,20,837,1.939455986,1.957000000,0.104500000,0.032700000
sample,fixed_single,ordered4_fixed_diagnostic,512,512,20,837,1.904639959,1.923000000,0.068800000,0.000000000
sample,fixed_single,ordered4,512,512,21,837,1.942528009,1.964400000,0.103100000,0.030700000
sample,fixed_single,original,512,512,21,837,1.655807972,1.676100000,0.126300000,0.041500000
sample,fixed_single,ordered4_fixed_diagnostic,512,512,21,837,1.912832022,1.926400000,0.070300000,0.000000000
sample,fixed_single,original,512,512,22,837,1.634304047,1.657400000,0.089300000,0.023300000
sample,fixed_single,ordered4,512,512,22,837,1.931264043,1.945600000,0.088000000,0.024400000
sample,fixed_single,ordered4_fixed_diagnostic,512,512,22,837,1.928192019,1.953900000,0.127000000,0.000000000
sample,fixed_single,ordered4,512,512,23,837,1.930112004,1.947700000,0.079200000,0.024700000
sample,fixed_single,original,512,512,23,837,1.632256031,1.646200000,0.081900000,0.023800000
sample,fixed_single,ordered4_fixed_diagnostic,512,512,23,837,1.897439957,1.909800000,0.042900000,0.000000000
sample,fixed_single,original,512,512,24,837,1.634304047,1.661200000,0.108000000,0.017100000
sample,fixed_single,ordered4,512,512,24,837,1.937407970,1.968900000,0.116000000,0.029700000
sample,fixed_single,ordered4_fixed_diagnostic,512,512,24,837,1.912832022,1.961400000,0.083900000,0.000000000
sample,fixed_single,ordered4,512,512,25,837,1.933312058,1.954500000,0.074700000,0.023600000
sample,fixed_single,original,512,512,25,837,1.639423966,1.662800000,0.085600000,0.025900000
sample,fixed_single,ordered4_fixed_diagnostic,512,512,25,837,1.904639959,1.931000000,0.053800000,0.000000000
sample,fixed_single,original,512,512,26,837,1.656831980,1.692200000,0.112100000,0.036100000
sample,fixed_single,ordered4,512,512,26,837,1.930240035,1.946600000,0.077800000,0.022700000
sample,fixed_single,ordered4_fixed_diagnostic,512,512,26,837,1.898496032,1.909700000,0.041000000,0.000000000
sample,fixed_single,ordered4,512,512,27,837,1.929216027,1.949400000,0.085200000,0.021200000
sample,fixed_single,original,512,512,27,837,1.626111984,1.637200000,0.068700000,0.019400000
sample,fixed_single,ordered4_fixed_diagnostic,512,512,27,837,1.896448016,1.911000000,0.042400000,0.000000000
sample,fixed_single,original,512,512,28,837,1.620991945,1.650500000,0.063400000,0.014900000
sample,fixed_single,ordered4,512,512,28,837,1.917951941,1.927900000,0.065800000,0.016000000
sample,fixed_single,ordered4_fixed_diagnostic,512,512,28,837,1.896448016,1.907300000,0.042400000,0.000000000
sample,fixed_single,ordered4,512,512,29,837,1.904608011,1.913400000,0.049500000,0.008500000
sample,fixed_single,original,512,512,29,837,1.610751987,1.620900000,0.085200000,0.010700000
sample,fixed_single,ordered4_fixed_diagnostic,512,512,29,837,1.903615952,1.918100000,0.066400000,0.000000000
sample,fixed_single,original,512,512,30,837,1.632256031,1.663600000,0.090700000,0.019800000
sample,fixed_single,ordered4,512,512,30,837,1.933312058,1.977500000,0.088400000,0.024800000
sample,fixed_single,ordered4_fixed_diagnostic,512,512,30,837,1.903552055,1.919500000,0.058200000,0.000000000
sample,fixed_single,ordered4,512,512,31,837,1.936383963,2.011000000,0.077500000,0.021800000
sample,fixed_single,original,512,512,31,837,1.698815942,1.723000000,0.236100000,0.066600000
sample,fixed_single,ordered4_fixed_diagnostic,512,512,31,837,1.908671975,1.932000000,0.064500000,0.000000000
sample,fixed_single,original,512,512,32,837,1.633280039,1.647000000,0.081400000,0.022200000
sample,fixed_single,ordered4,512,512,32,837,1.922047973,1.935200000,0.073400000,0.018800000
sample,fixed_single,ordered4_fixed_diagnostic,512,512,32,837,1.924095988,1.989600000,0.125800000,0.000000000
sample,fixed_single,ordered4,512,512,33,837,2.072576046,2.154200000,0.393300000,0.086900000
sample,fixed_single,original,512,512,33,837,1.642495990,1.660500000,0.098900000,0.030200000
sample,fixed_single,ordered4_fixed_diagnostic,512,512,33,837,1.903488040,1.918600000,0.067900000,0.000000000
sample,fixed_single,original,512,512,34,837,1.638399959,1.653600000,0.094600000,0.029100000
sample,fixed_single,ordered4,512,512,34,837,1.932288051,1.946500000,0.088800000,0.027700000
sample,fixed_single,ordered4_fixed_diagnostic,512,512,34,837,1.901568055,1.916100000,0.056900000,0.000000000
sample,fixed_single,ordered4,512,512,35,837,1.926144004,1.940500000,0.081500000,0.023500000
sample,fixed_single,original,512,512,35,837,1.653759956,1.669900000,0.111200000,0.041300000
sample,fixed_single,ordered4_fixed_diagnostic,512,512,35,837,1.901440024,1.914600000,0.060300000,0.000000000
sample,fixed_single,original,512,512,36,837,1.633087993,1.645800000,0.085300000,0.024700000
sample,fixed_single,ordered4,512,512,36,837,1.929216027,1.942800000,0.085000000,0.025400000
sample,fixed_single,ordered4_fixed_diagnostic,512,512,36,837,1.900544047,1.915900000,0.059900000,0.000000000
sample,fixed_single,ordered4,512,512,37,837,1.930240035,1.946200000,0.091600000,0.022800000
sample,fixed_single,original,512,512,37,837,1.637375951,1.652100000,0.095900000,0.027800000
sample,fixed_single,ordered4_fixed_diagnostic,512,512,37,837,1.899520040,1.915200000,0.057600000,0.000000000
sample,fixed_single,original,512,512,38,837,1.623039961,1.639400000,0.080000000,0.016100000
sample,fixed_single,ordered4,512,512,38,837,1.924095988,1.940500000,0.083100000,0.018700000
sample,fixed_single,ordered4_fixed_diagnostic,512,512,38,837,1.901568055,1.916800000,0.058300000,0.000000000
sample,fixed_single,ordered4,512,512,39,837,1.918975949,1.933800000,0.080000000,0.016100000
sample,fixed_single,original,512,512,39,837,1.624063969,1.638600000,0.083100000,0.017300000
sample,fixed_single,ordered4_fixed_diagnostic,512,512,39,837,1.901568055,1.916400000,0.059200000,0.000000000
sample,fixed_single,original,512,512,40,837,1.624063969,1.638200000,0.079200000,0.017400000
sample,fixed_single,ordered4,512,512,40,837,1.922047973,1.934700000,0.100100000,0.015500000
sample,fixed_single,ordered4_fixed_diagnostic,512,512,40,837,1.900544047,1.912300000,0.078000000,0.000000000
sample,fixed_single,ordered4,512,512,41,837,1.920928001,1.935100000,0.076400000,0.016700000
sample,fixed_single,original,512,512,41,837,1.638399959,1.663800000,0.091600000,0.024100000
sample,fixed_single,ordered4_fixed_diagnostic,512,512,41,837,1.900544047,1.914600000,0.059700000,0.000000000
sample,fixed_single,original,512,512,42,837,1.624063969,1.640700000,0.084600000,0.018100000
sample,fixed_single,ordered4,512,512,42,837,1.923071980,1.943000000,0.112800000,0.021600000
sample,fixed_single,ordered4_fixed_diagnostic,512,512,42,837,1.900544047,1.915300000,0.060300000,0.000000000
sample,fixed_single,ordered4,512,512,43,837,1.919999957,1.933900000,0.080400000,0.015500000
sample,fixed_single,original,512,512,43,837,1.622015953,1.635500000,0.079500000,0.018100000
sample,fixed_single,ordered4_fixed_diagnostic,512,512,43,837,1.901568055,1.916800000,0.090200000,0.000000000
sample,fixed_single,original,512,512,44,837,1.633280039,1.652100000,0.093300000,0.020500000
sample,fixed_single,ordered4,512,512,44,837,1.931264043,1.951000000,0.095600000,0.023000000
sample,fixed_single,ordered4_fixed_diagnostic,512,512,44,837,1.903615952,1.920900000,0.064600000,0.000000000
sample,fixed_single,ordered4,512,512,45,837,1.931264043,1.948000000,0.092500000,0.022500000
sample,fixed_single,original,512,512,45,837,1.642495990,1.659200000,0.106100000,0.031500000
sample,fixed_single,ordered4_fixed_diagnostic,512,512,45,837,1.899520040,1.916400000,0.072900000,0.000000000
sample,fixed_single,original,512,512,46,837,1.636351943,1.653400000,0.098200000,0.023500000
sample,fixed_single,ordered4,512,512,46,837,1.939455986,1.954300000,0.103600000,0.030400000
sample,fixed_single,ordered4_fixed_diagnostic,512,512,46,837,1.901568055,1.920400000,0.066400000,0.000000000
sample,fixed_single,ordered4,512,512,47,837,1.932288051,1.951300000,0.089700000,0.023700000
sample,fixed_single,original,512,512,47,837,1.643519998,1.666100000,0.100500000,0.027300000
sample,fixed_single,ordered4_fixed_diagnostic,512,512,47,837,1.906687975,1.921300000,0.063400000,0.000000000
sample,fixed_single,original,512,512,48,837,1.631232023,1.645000000,0.083800000,0.022500000
sample,fixed_single,ordered4,512,512,48,837,1.929216027,1.943000000,0.084700000,0.025000000
sample,fixed_single,ordered4_fixed_diagnostic,512,512,48,837,1.899520040,1.913100000,0.070400000,0.000000000
sample,fixed_single,ordered4,512,512,49,837,1.926079988,1.939400000,0.080700000,0.020200000
sample,fixed_single,original,512,512,49,837,1.631232023,1.644200000,0.086500000,0.023700000
sample,fixed_single,ordered4_fixed_diagnostic,512,512,49,837,1.916928053,1.934900000,0.073600000,0.000000000
sample,fixed_single,original,512,512,50,837,1.689599991,1.718400000,0.157400000,0.064500000
sample,fixed_single,ordered4,512,512,50,837,1.950719953,1.967600000,0.118000000,0.042600000
sample,fixed_single,ordered4_fixed_diagnostic,512,512,50,837,1.912832022,1.930100000,0.071200000,0.000000000
sample,fixed_single,ordered4,512,512,51,837,1.938431978,1.957500000,0.104300000,0.031900000
sample,fixed_single,original,512,512,51,837,1.653759956,1.669400000,0.126000000,0.041200000
sample,fixed_single,ordered4_fixed_diagnostic,512,512,51,837,1.901568055,1.918200000,0.093900000,0.000000000
sample,fixed_single,original,512,512,52,837,1.637375951,1.654900000,0.102400000,0.026100000
sample,fixed_single,ordered4,512,512,52,837,1.932288051,1.948400000,0.101600000,0.025700000
sample,fixed_single,ordered4_fixed_diagnostic,512,512,52,837,1.901568055,1.919300000,0.068500000,0.000000000
sample,fixed_single,ordered4,512,512,53,837,1.928192019,1.947300000,0.095800000,0.021000000
sample,fixed_single,original,512,512,53,837,1.641471982,1.660100000,0.111700000,0.031500000
sample,fixed_single,ordered4_fixed_diagnostic,512,512,53,837,1.900544047,1.916100000,0.090600000,0.000000000
sample,fixed_single,original,512,512,54,837,1.626111984,1.642200000,0.081900000,0.019300000
sample,fixed_single,ordered4,512,512,54,837,1.924095988,1.938800000,0.087900000,0.018400000
sample,fixed_single,ordered4_fixed_diagnostic,512,512,54,837,1.902591944,1.918100000,0.080000000,0.000000000
sample,fixed_single,ordered4,512,512,55,837,1.923071980,1.937400000,0.078200000,0.016500000
sample,fixed_single,original,512,512,55,837,1.629184008,1.645300000,0.080900000,0.019600000
sample,fixed_single,ordered4_fixed_diagnostic,512,512,55,837,1.902591944,1.917400000,0.059600000,0.000000000
sample,fixed_single,original,512,512,56,837,1.636351943,1.654000000,0.102400000,0.028000000
sample,fixed_single,ordered4,512,512,56,837,1.943552017,1.958000000,0.109200000,0.038000000
sample,fixed_single,ordered4_fixed_diagnostic,512,512,56,837,1.900544047,1.916800000,0.080600000,0.000000000
sample,fixed_single,ordered4,512,512,57,837,1.939455986,1.958800000,0.102000000,0.032800000
sample,fixed_single,original,512,512,57,837,1.647616029,1.668700000,0.113000000,0.033400000
sample,fixed_single,ordered4_fixed_diagnostic,512,512,57,837,1.908735991,1.924300000,0.067200000,0.000000000
sample,fixed_single,original,512,512,58,837,1.638399959,1.656100000,0.098700000,0.026700000
sample,fixed_single,ordered4,512,512,58,837,1.942528009,1.962300000,0.110300000,0.036400000
sample,fixed_single,ordered4_fixed_diagnostic,512,512,58,837,1.902591944,1.920700000,0.092300000,0.000000000
sample,fixed_single,ordered4,512,512,59,837,1.936383963,1.953200000,0.098500000,0.030600000
sample,fixed_single,original,512,512,59,837,1.642495990,1.658400000,0.107900000,0.033200000
sample,fixed_single,ordered4_fixed_diagnostic,512,512,59,837,1.900544047,1.917100000,0.062700000,0.000000000
sample,fixed_single,original,512,512,60,837,1.634304047,1.650800000,0.092900000,0.025200000
sample,fixed_single,ordered4,512,512,60,837,1.936383963,1.952400000,0.106800000,0.030700000
sample,fixed_single,ordered4_fixed_diagnostic,512,512,60,837,1.902591944,1.917200000,0.089600000,0.000000000
sample,fixed_single,ordered4,512,512,61,837,1.931264043,1.949700000,0.104200000,0.022300000
sample,fixed_single,original,512,512,61,837,1.642495990,1.660100000,0.110600000,0.031100000
sample,fixed_single,ordered4_fixed_diagnostic,512,512,61,837,1.903615952,1.920600000,0.069300000,0.000000000
sample,fixed_single,original,512,512,62,837,1.634304047,1.648000000,0.103800000,0.024700000
sample,fixed_single,ordered4,512,512,62,837,1.931264043,1.948100000,0.103700000,0.023300000
sample,fixed_single,ordered4_fixed_diagnostic,512,512,62,837,1.903615952,1.922900000,0.069300000,0.000000000
sample,fixed_single,ordered4,512,512,63,837,1.947648048,1.972500000,0.119600000,0.032900000
sample,fixed_single,original,512,512,63,837,1.661952019,1.686700000,0.140500000,0.045900000
sample,fixed_single,ordered4_fixed_diagnostic,512,512,63,837,1.904639959,1.924900000,0.083100000,0.000000000
sample,fixed_single,original,512,512,64,837,1.636351943,1.651300000,0.096500000,0.024900000
sample,fixed_single,ordered4,512,512,64,837,1.937407970,1.953300000,0.101700000,0.028400000
sample,fixed_single,ordered4_fixed_diagnostic,512,512,64,837,1.902431965,1.918100000,0.090300000,0.000000000
sample,fixed_single,ordered4,512,512,65,837,1.929216027,1.943400000,0.082800000,0.024200000
sample,fixed_single,original,512,512,65,837,1.655807972,1.689400000,0.121200000,0.041600000
sample,fixed_single,ordered4_fixed_diagnostic,512,512,65,837,1.901568055,1.914100000,0.072200000,0.000000000
sample,fixed_single,original,512,512,66,837,1.645568013,1.668700000,0.108400000,0.034800000
sample,fixed_single,ordered4,512,512,66,837,1.938431978,1.955400000,0.100800000,0.035600000
sample,fixed_single,ordered4_fixed_diagnostic,512,512,66,837,1.899520040,1.919600000,0.056400000,0.000000000
sample,fixed_single,ordered4,512,512,67,837,1.935359955,1.959500000,0.105200000,0.032600000
sample,fixed_single,original,512,512,67,837,1.634304047,1.647600000,0.091800000,0.026700000
sample,fixed_single,ordered4_fixed_diagnostic,512,512,67,837,1.903488040,1.918800000,0.073500000,0.000000000
sample,fixed_single,original,512,512,68,837,1.647616029,1.665700000,0.113400000,0.034800000
sample,fixed_single,ordered4,512,512,68,837,1.946624041,1.963400000,0.110200000,0.040100000
sample,fixed_single,ordered4_fixed_diagnostic,512,512,68,837,1.902591944,1.919200000,0.059700000,0.000000000
sample,fixed_single,ordered4,512,512,69,837,1.924095988,1.938500000,0.084100000,0.020700000
sample,fixed_single,original,512,512,69,837,1.637375951,1.654100000,0.097600000,0.028100000
sample,fixed_single,ordered4_fixed_diagnostic,512,512,69,837,1.903615952,1.917300000,0.059500000,0.000000000
sample,fixed_single,original,512,512,70,837,1.622015953,1.633400000,0.072400000,0.015200000
sample,fixed_single,ordered4,512,512,70,837,1.919999957,1.931300000,0.072000000,0.016300000
sample,fixed_single,ordered4_fixed_diagnostic,512,512,70,837,1.900544047,1.911900000,0.054400000,0.000000000
sample,fixed_single,ordered4,512,512,71,837,1.919999957,1.932300000,0.071700000,0.014700000
sample,fixed_single,original,512,512,71,837,1.623039961,1.636100000,0.075000000,0.016400000
sample,fixed_single,ordered4_fixed_diagnostic,512,512,71,837,1.901568055,1.913200000,0.061600000,0.000000000
sample,fixed_single,original,512,512,72,837,1.622015953,1.634700000,0.072300000,0.015200000
sample,fixed_single,ordered4,512,512,72,837,1.927168012,1.941700000,0.080900000,0.017900000
sample,fixed_single,ordered4_fixed_diagnostic,512,512,72,837,1.906687975,1.920500000,0.059400000,0.000000000
sample,fixed_single,ordered4,512,512,73,837,1.923071980,1.936200000,0.074300000,0.016100000
sample,fixed_single,original,512,512,73,837,1.622848034,1.635600000,0.092200000,0.018500000
sample,fixed_single,ordered4_fixed_diagnostic,512,512,73,837,1.900447965,1.912100000,0.052800000,0.000000000
sample,fixed_single,original,512,512,74,837,1.624063969,1.635900000,0.079100000,0.015300000
sample,fixed_single,ordered4,512,512,74,837,1.921023965,1.931900000,0.072500000,0.015900000
sample,fixed_single,ordered4_fixed_diagnostic,512,512,74,837,1.899520040,1.912100000,0.052600000,0.000000000
sample,fixed_single,ordered4,512,512,75,837,1.918975949,1.933100000,0.072100000,0.015000000
sample,fixed_single,original,512,512,75,837,1.633280039,1.650700000,0.085700000,0.022700000
sample,fixed_single,ordered4_fixed_diagnostic,512,512,75,837,1.903615952,1.915000000,0.057200000,0.000000000
sample,fixed_single,original,512,512,76,837,1.630208015,1.645700000,0.082000000,0.019800000
sample,fixed_single,ordered4,512,512,76,837,1.941344023,1.963400000,0.098900000,0.030900000
sample,fixed_single,ordered4_fixed_diagnostic,512,512,76,837,1.906687975,1.930200000,0.069800000,0.000000000
sample,fixed_single,ordered4,512,512,77,837,1.934335947,1.951400000,0.096800000,0.026500000
sample,fixed_single,original,512,512,77,837,1.661952019,1.690300000,0.132800000,0.049200000
sample,fixed_single,ordered4_fixed_diagnostic,512,512,77,837,1.901568055,1.918200000,0.082900000,0.000000000
sample,fixed_single,original,512,512,78,837,1.639423966,1.657700000,0.101200000,0.027000000
sample,fixed_single,ordered4,512,512,78,837,1.933312058,1.948500000,0.098500000,0.027700000
sample,fixed_single,ordered4_fixed_diagnostic,512,512,78,837,1.901568055,1.917200000,0.061300000,0.000000000
sample,fixed_single,ordered4,512,512,79,837,1.924095988,1.939100000,0.085900000,0.020100000
sample,fixed_single,original,512,512,79,837,1.637375951,1.651000000,0.095600000,0.026200000
sample,fixed_single,ordered4_fixed_diagnostic,512,512,79,837,1.902591944,1.919000000,0.060900000,0.000000000
sample,fixed_single,original,512,512,80,837,1.627135992,1.643800000,0.105300000,0.020700000
sample,fixed_single,ordered4,512,512,80,837,1.922047973,1.935200000,0.081300000,0.017100000
sample,fixed_single,ordered4_fixed_diagnostic,512,512,80,837,1.900544047,1.915200000,0.080100000,0.000000000
sample,fixed_single,ordered4,512,512,81,837,1.926144004,1.940900000,0.084900000,0.019500000
sample,fixed_single,original,512,512,81,837,1.635328054,1.652100000,0.091300000,0.026900000
sample,fixed_single,ordered4_fixed_diagnostic,512,512,81,837,1.900544047,1.917200000,0.059300000,0.000000000
sample,fixed_single,original,512,512,82,837,1.636351943,1.650800000,0.091600000,0.027000000
sample,fixed_single,ordered4,512,512,82,837,1.930240035,1.943800000,0.086100000,0.024500000
sample,fixed_single,ordered4_fixed_diagnostic,512,512,82,837,1.899520040,1.914900000,0.053700000,0.000000000
sample,fixed_single,ordered4,512,512,83,837,1.931264043,1.952100000,0.085800000,0.023200000
sample,fixed_single,original,512,512,83,837,1.637375951,1.651500000,0.093600000,0.029700000
sample,fixed_single,ordered4_fixed_diagnostic,512,512,83,837,1.902591944,1.918600000,0.080200000,0.000000000
sample,fixed_single,original,512,512,84,837,1.637375951,1.654100000,0.108600000,0.026600000
sample,fixed_single,ordered4,512,512,84,837,1.944576025,1.959000000,0.129500000,0.037200000
sample,fixed_single,ordered4_fixed_diagnostic,512,512,84,837,1.902591944,1.917100000,0.062700000,0.000000000
sample,fixed_single,ordered4,512,512,85,837,1.928192019,1.946000000,0.089800000,0.024200000
sample,fixed_single,original,512,512,85,837,1.646592021,1.662800000,0.114500000,0.036900000
sample,fixed_single,ordered4_fixed_diagnostic,512,512,85,837,1.900544047,1.917300000,0.060200000,0.000000000
sample,fixed_single,original,512,512,86,837,1.635328054,1.652400000,0.098100000,0.024800000
sample,fixed_single,ordered4,512,512,86,837,1.935359955,1.949400000,0.100300000,0.028500000
sample,fixed_single,ordered4_fixed_diagnostic,512,512,86,837,1.903615952,1.921900000,0.058400000,0.000000000
sample,fixed_single,ordered4,512,512,87,837,1.935168028,1.952800000,0.090900000,0.027900000
sample,fixed_single,original,512,512,87,837,1.640192032,1.656700000,0.095500000,0.028900000
sample,fixed_single,ordered4_fixed_diagnostic,512,512,87,837,1.902591944,1.918000000,0.083100000,0.000000000
sample,fixed_single,original,512,512,88,837,1.635328054,1.653100000,0.093000000,0.026300000
sample,fixed_single,ordered4,512,512,88,837,1.932160020,1.946000000,0.088800000,0.026400000
sample,fixed_single,ordered4_fixed_diagnostic,512,512,88,837,1.900544047,1.916000000,0.073900000,0.000000000
sample,fixed_single,ordered4,512,512,89,837,1.945600033,1.957700000,0.105300000,0.021300000
sample,fixed_single,original,512,512,89,837,1.637375951,1.650900000,0.091900000,0.027200000
sample,fixed_single,ordered4_fixed_diagnostic,512,512,89,837,1.900544047,1.914900000,0.073500000,0.000000000
sample,fixed_single,original,512,512,90,837,1.630208015,1.645000000,0.084500000,0.022700000
sample,fixed_single,ordered4,512,512,90,837,1.926144004,1.939000000,0.081800000,0.023300000
sample,fixed_single,ordered4_fixed_diagnostic,512,512,90,837,1.900480032,1.914100000,0.075600000,0.000000000
sample,fixed_single,ordered4,512,512,91,837,1.932288051,1.952600000,0.090600000,0.023200000
sample,fixed_single,original,512,512,91,837,1.642495990,1.659300000,0.106000000,0.029900000
sample,fixed_single,ordered4_fixed_diagnostic,512,512,91,837,1.901568055,1.915800000,0.063600000,0.000000000
sample,fixed_single,original,512,512,92,837,1.624063969,1.652600000,0.082700000,0.020300000
sample,fixed_single,ordered4,512,512,92,837,1.936383963,1.953100000,0.100700000,0.026600000
sample,fixed_single,ordered4_fixed_diagnostic,512,512,92,837,1.918975949,1.933000000,0.070700000,0.000000000
sample,fixed_single,ordered4,512,512,93,837,1.928192019,1.942200000,0.105800000,0.022400000
sample,fixed_single,original,512,512,93,837,1.642495990,1.674000000,0.134200000,0.051300000
sample,fixed_single,ordered4_fixed_diagnostic,512,512,93,837,1.903615952,1.919300000,0.085400000,0.000000000
sample,fixed_single,original,512,512,94,837,1.629184008,1.646100000,0.087800000,0.023000000
sample,fixed_single,ordered4,512,512,94,837,1.933312058,1.949900000,0.096200000,0.027600000
sample,fixed_single,ordered4_fixed_diagnostic,512,512,94,837,1.905663967,1.923000000,0.073000000,0.000000000
sample,fixed_single,ordered4,512,512,95,837,1.933312058,1.950300000,0.098600000,0.026300000
sample,fixed_single,original,512,512,95,837,1.630208015,1.646000000,0.115100000,0.024300000
sample,fixed_single,ordered4_fixed_diagnostic,512,512,95,837,1.901568055,1.916700000,0.080000000,0.000000000
sample,fixed_single,original,512,512,96,837,1.642495990,1.661600000,0.108700000,0.030500000
sample,fixed_single,ordered4,512,512,96,837,1.929216027,1.943700000,0.093300000,0.025000000
sample,fixed_single,ordered4_fixed_diagnostic,512,512,96,837,1.905663967,1.923500000,0.069300000,0.000000000
sample,fixed_single,ordered4,512,512,97,837,1.936383963,1.953000000,0.097400000,0.028500000
sample,fixed_single,original,512,512,97,837,1.656607985,1.673200000,0.112300000,0.032400000
sample,fixed_single,ordered4_fixed_diagnostic,512,512,97,837,1.923071980,1.937200000,0.076100000,0.000000000
sample,fixed_single,original,512,512,98,837,1.632256031,1.648900000,0.084600000,0.021900000
sample,fixed_single,ordered4,512,512,98,837,1.928096056,1.940700000,0.086300000,0.023900000
sample,fixed_single,ordered4_fixed_diagnostic,512,512,98,837,1.902591944,1.915000000,0.055300000,0.000000000
sample,fixed_single,ordered4,512,512,99,837,1.922047973,1.936500000,0.080200000,0.017200000
sample,fixed_single,original,512,512,99,837,1.630208015,1.645400000,0.090000000,0.022100000
sample,fixed_single,ordered4_fixed_diagnostic,512,512,99,837,1.902591944,1.916500000,0.080900000,0.000000000
sample,fixed_single,original,512,512,100,837,1.624063969,1.637800000,0.078000000,0.014600000
sample,fixed_single,ordered4,512,512,100,837,1.919999957,1.933900000,0.091100000,0.016400000
sample,fixed_single,ordered4_fixed_diagnostic,512,512,100,837,1.902591944,1.921900000,0.087200000,0.000000000
sample,fixed_single,ordered4,512,512,101,837,1.933312058,1.951300000,0.093000000,0.024300000
sample,fixed_single,original,512,512,101,837,1.639423966,1.654400000,0.101200000,0.028900000
sample,fixed_single,ordered4_fixed_diagnostic,512,512,101,837,1.905663967,1.923800000,0.091000000,0.000000000
sample,fixed_single,original,512,512,102,837,1.633280039,1.647400000,0.105200000,0.024300000
sample,fixed_single,ordered4,512,512,102,837,1.929216027,1.943400000,0.087800000,0.022400000
sample,fixed_single,ordered4_fixed_diagnostic,512,512,102,837,1.899520040,1.915000000,0.081000000,0.000000000
sample,fixed_single,ordered4,512,512,103,837,1.921023965,1.934300000,0.079800000,0.016000000
sample,fixed_single,original,512,512,103,837,1.627135992,1.642600000,0.082300000,0.017900000
sample,fixed_single,ordered4_fixed_diagnostic,512,512,103,837,1.906687975,1.926300000,0.069500000,0.000000000
sample,fixed_single,original,512,512,104,837,1.626111984,1.641300000,0.083500000,0.016700000
sample,fixed_single,ordered4,512,512,104,837,1.922047973,1.935700000,0.083500000,0.017800000
sample,fixed_single,ordered4_fixed_diagnostic,512,512,104,837,1.901568055,1.916100000,0.072000000,0.000000000
sample,fixed_single,ordered4,512,512,105,837,1.917951941,1.930300000,0.074200000,0.014600000
sample,fixed_single,original,512,512,105,837,1.627135992,1.640400000,0.084200000,0.017500000
sample,fixed_single,ordered4_fixed_diagnostic,512,512,105,837,1.901568055,1.913200000,0.053700000,0.000000000
sample,fixed_single,original,512,512,106,837,1.622015953,1.634700000,0.072900000,0.015300000
sample,fixed_single,ordered4,512,512,106,837,1.916928053,1.930500000,0.103900000,0.014800000
sample,fixed_single,ordered4_fixed_diagnostic,512,512,106,837,1.903615952,1.923400000,0.062800000,0.000000000
sample,fixed_single,ordered4,512,512,107,837,1.937407970,1.953800000,0.102500000,0.024500000
sample,fixed_single,original,512,512,107,837,1.643519998,1.661200000,0.107600000,0.033500000
sample,fixed_single,ordered4_fixed_diagnostic,512,512,107,837,1.901568055,1.917900000,0.082300000,0.000000000
sample,fixed_single,original,512,512,108,837,1.631232023,1.654300000,0.093000000,0.023600000
sample,fixed_single,ordered4,512,512,108,837,1.934335947,1.949900000,0.102800000,0.028500000
sample,fixed_single,ordered4_fixed_diagnostic,512,512,108,837,1.899520040,1.914900000,0.059200000,0.000000000
sample,fixed_single,ordered4,512,512,109,837,1.921023965,1.935100000,0.079200000,0.015600000
sample,fixed_single,original,512,512,109,837,1.626111984,1.641100000,0.078700000,0.018300000
sample,fixed_single,ordered4_fixed_diagnostic,512,512,109,837,1.903488040,1.916400000,0.067400000,0.000000000
sample,fixed_single,original,512,512,110,837,1.629184008,1.643200000,0.088300000,0.017600000
sample,fixed_single,ordered4,512,512,110,837,1.936383963,1.954700000,0.098700000,0.025800000
sample,fixed_single,ordered4_fixed_diagnostic,512,512,110,837,1.898496032,1.912600000,0.057900000,0.000000000
sample,fixed_single,ordered4,512,512,111,837,1.922047973,1.938300000,0.082800000,0.017100000
sample,fixed_single,original,512,512,111,837,1.627135992,1.642400000,0.089000000,0.019500000
sample,fixed_single,ordered4_fixed_diagnostic,512,512,111,837,1.900544047,1.914900000,0.082700000,0.000000000
sample,fixed_single,original,512,512,112,837,1.624063969,1.638500000,0.080700000,0.015600000
sample,fixed_single,ordered4,512,512,112,837,1.925119996,1.939300000,0.087500000,0.018800000
sample,fixed_single,ordered4_fixed_diagnostic,512,512,112,837,1.899520040,1.915400000,0.058900000,0.000000000
sample,fixed_single,ordered4,512,512,113,837,1.923071980,1.937800000,0.080700000,0.015600000
sample,fixed_single,original,512,512,113,837,1.627135992,1.640400000,0.083700000,0.019300000
sample,fixed_single,ordered4_fixed_diagnostic,512,512,113,837,1.900544047,1.912100000,0.070100000,0.000000000
sample,fixed_single,original,512,512,114,837,1.620831966,1.632100000,0.074200000,0.014800000
sample,fixed_single,ordered4,512,512,114,837,1.916928053,1.929700000,0.072000000,0.014800000
sample,fixed_single,ordered4_fixed_diagnostic,512,512,114,837,1.901568055,1.914300000,0.053600000,0.000000000
sample,fixed_single,ordered4,512,512,115,837,1.921023965,1.934900000,0.073600000,0.015700000
sample,fixed_single,original,512,512,115,837,1.623039961,1.636300000,0.074200000,0.015800000
sample,fixed_single,ordered4_fixed_diagnostic,512,512,115,837,1.901568055,1.914200000,0.053300000,0.000000000
sample,fixed_single,original,512,512,116,837,1.624063969,1.639800000,0.079500000,0.015600000
sample,fixed_single,ordered4,512,512,116,837,1.922047973,1.937200000,0.083800000,0.017000000
sample,fixed_single,ordered4_fixed_diagnostic,512,512,116,837,1.902591944,1.917300000,0.086900000,0.000000000
sample,fixed_single,ordered4,512,512,117,837,1.921023965,1.935800000,0.081600000,0.016500000
sample,fixed_single,original,512,512,117,837,1.624063969,1.638600000,0.082000000,0.016900000
sample,fixed_single,ordered4_fixed_diagnostic,512,512,117,837,1.899520040,1.916500000,0.057900000,0.000000000
sample,fixed_single,original,512,512,118,837,1.623039961,1.642500000,0.074400000,0.017900000
sample,fixed_single,ordered4,512,512,118,837,2.074624062,2.123600000,0.560300000,0.101800000
sample,fixed_single,ordered4_fixed_diagnostic,512,512,118,837,1.901568055,1.916100000,0.068700000,0.000000000
sample,fixed_single,ordered4,512,512,119,837,1.941504002,1.955500000,0.100000000,0.016100000
sample,fixed_single,original,512,512,119,837,1.630208015,1.645800000,0.097400000,0.020500000
sample,fixed_single,ordered4_fixed_diagnostic,512,512,119,837,1.900544047,1.914500000,0.089600000,0.000000000
sample,fixed_single,original,512,512,120,837,1.625087976,1.641400000,0.081400000,0.016200000
sample,fixed_single,ordered4,512,512,120,837,1.923071980,1.939100000,0.086200000,0.017800000
sample,fixed_single,ordered4_fixed_diagnostic,512,512,120,837,1.899520040,1.917500000,0.080800000,0.000000000
sample,fixed_single,ordered4,512,512,121,837,1.923071980,1.937200000,0.082500000,0.015700000
sample,fixed_single,original,512,512,121,837,1.626111984,1.642400000,0.086000000,0.018000000
sample,fixed_single,ordered4_fixed_diagnostic,512,512,121,837,1.900544047,1.914200000,0.090100000,0.000000000
sample,fixed_single,original,512,512,122,837,1.620991945,1.633000000,0.097800000,0.015000000
sample,fixed_single,ordered4,512,512,122,837,1.924031973,1.945700000,0.080300000,0.014600000
sample,fixed_single,ordered4_fixed_diagnostic,512,512,122,837,1.900544047,1.917500000,0.085700000,0.000000000
sample,fixed_single,ordered4,512,512,123,837,1.942528009,1.968200000,0.096200000,0.021900000
sample,fixed_single,original,512,512,123,837,1.643519998,1.659800000,0.107100000,0.022200000
sample,fixed_single,ordered4_fixed_diagnostic,512,512,123,837,1.901568055,1.920700000,0.069900000,0.000000000
sample,fixed_single,original,512,512,124,837,1.632256031,1.647600000,0.092000000,0.022200000
sample,fixed_single,ordered4,512,512,124,837,1.926144004,1.939800000,0.089900000,0.020900000
sample,fixed_single,ordered4_fixed_diagnostic,512,512,124,837,1.899520040,1.913300000,0.061300000,0.000000000
sample,fixed_single,ordered4,512,512,125,837,1.916928053,1.930400000,0.072500000,0.015200000
sample,fixed_single,original,512,512,125,837,1.623039961,1.635600000,0.074300000,0.015500000
sample,fixed_single,ordered4_fixed_diagnostic,512,512,125,837,1.899520040,1.913000000,0.053700000,0.000000000
sample,fixed_single,original,512,512,126,837,1.622015953,1.635000000,0.074200000,0.014900000
sample,fixed_single,ordered4,512,512,126,837,1.917951941,1.933200000,0.074300000,0.015200000
sample,fixed_single,ordered4_fixed_diagnostic,512,512,126,837,1.903615952,1.917700000,0.086600000,0.000000000
sample,fixed_single,ordered4,512,512,127,837,1.934335947,1.957000000,0.097800000,0.024200000
sample,fixed_single,original,512,512,127,837,1.632256031,1.646000000,0.108200000,0.023000000
sample,fixed_single,ordered4_fixed_diagnostic,512,512,127,837,1.902591944,1.916200000,0.061800000,0.000000000
sample,fixed_single,original,512,512,128,837,1.630208015,1.647200000,0.096000000,0.019500000
sample,fixed_single,ordered4,512,512,128,837,1.921023965,1.935500000,0.084900000,0.018900000
sample,fixed_single,ordered4_fixed_diagnostic,512,512,128,837,1.898496032,1.913400000,0.057900000,0.000000000
sample,fixed_single,ordered4,512,512,129,837,1.923071980,1.938100000,0.082100000,0.016000000
sample,fixed_single,original,512,512,129,837,1.631232023,1.650700000,0.090100000,0.019800000
sample,fixed_single,ordered4_fixed_diagnostic,512,512,129,837,1.900544047,1.924100000,0.085300000,0.000000000
sample,fixed_single,original,512,512,130,837,1.626111984,1.650900000,0.085500000,0.018100000
sample,fixed_single,ordered4,512,512,130,837,1.925119996,1.938000000,0.080600000,0.019600000
sample,fixed_single,ordered4_fixed_diagnostic,512,512,130,837,1.901568055,1.916700000,0.058800000,0.000000000
sample,fixed_single,ordered4,512,512,131,837,1.921023965,1.933900000,0.075300000,0.016900000
sample,fixed_single,original,512,512,131,837,1.624063969,1.636100000,0.088300000,0.017400000
sample,fixed_single,ordered4_fixed_diagnostic,512,512,131,837,1.897472024,1.910200000,0.054300000,0.000000000
sample,fixed_single,original,512,512,132,837,1.615872025,1.629800000,0.068700000,0.014700000
sample,fixed_single,ordered4,512,512,132,837,1.917951941,1.932000000,0.076100000,0.015900000
sample,fixed_single,ordered4_fixed_diagnostic,512,512,132,837,1.900544047,1.913000000,0.079200000,0.000000000
sample,fixed_single,ordered4,512,512,133,837,1.917951941,1.935300000,0.088000000,0.015500000
sample,fixed_single,original,512,512,133,837,1.623039961,1.636400000,0.078100000,0.016900000
sample,fixed_single,ordered4_fixed_diagnostic,512,512,133,837,1.901568055,1.914500000,0.054300000,0.000000000
sample,fixed_single,original,512,512,134,837,1.616896033,1.630600000,0.069300000,0.015400000
sample,fixed_single,ordered4,512,512,134,837,1.918975949,1.931400000,0.074900000,0.015700000
sample,fixed_single,ordered4_fixed_diagnostic,512,512,134,837,1.902591944,1.915100000,0.078200000,0.000000000
sample,fixed_single,ordered4,512,512,135,837,1.919999957,1.935800000,0.081200000,0.015700000
sample,fixed_single,original,512,512,135,837,1.831936002,1.875000000,0.514200000,0.158500000
sample,fixed_single,ordered4_fixed_diagnostic,512,512,135,837,1.902591944,1.915600000,0.060800000,0.000000000
sample,fixed_single,original,512,512,136,837,1.628160000,1.643800000,0.084600000,0.019200000
sample,fixed_single,ordered4,512,512,136,837,1.928192019,1.942300000,0.087700000,0.022200000
sample,fixed_single,ordered4_fixed_diagnostic,512,512,136,837,1.903615952,1.919000000,0.058100000,0.000000000
sample,fixed_single,ordered4,512,512,137,837,1.925119996,1.938100000,0.089500000,0.018400000
sample,fixed_single,original,512,512,137,837,1.622015953,1.633900000,0.072900000,0.015900000
sample,fixed_single,ordered4_fixed_diagnostic,512,512,137,837,1.900544047,1.912900000,0.053400000,0.000000000
sample,fixed_single,original,512,512,138,837,1.633280039,1.651400000,0.089400000,0.020900000
sample,fixed_single,ordered4,512,512,138,837,1.938431978,1.953300000,0.106200000,0.029900000
sample,fixed_single,ordered4_fixed_diagnostic,512,512,138,837,1.901568055,1.918700000,0.087600000,0.000000000
sample,fixed_single,ordered4,512,512,139,837,1.925119996,1.942200000,0.083900000,0.021100000
sample,fixed_single,original,512,512,139,837,1.635328054,1.648700000,0.092200000,0.024400000
sample,fixed_single,ordered4_fixed_diagnostic,512,512,139,837,1.916928053,1.936200000,0.064000000,0.000000000
sample,fixed_single,original,512,512,140,837,1.626111984,1.639400000,0.091100000,0.017600000
sample,fixed_single,ordered4,512,512,140,837,1.922047973,1.935400000,0.081100000,0.017700000
sample,fixed_single,ordered4_fixed_diagnostic,512,512,140,837,1.902591944,1.916100000,0.052900000,0.000000000
sample,fixed_single,ordered4,512,512,141,837,1.923071980,1.935500000,0.082000000,0.016900000
sample,fixed_single,original,512,512,141,837,1.625087976,1.637900000,0.087800000,0.017600000
sample,fixed_single,ordered4_fixed_diagnostic,512,512,141,837,1.899487972,1.911800000,0.058300000,0.000000000
sample,fixed_single,original,512,512,142,837,1.624063969,1.637600000,0.081200000,0.016700000
sample,fixed_single,ordered4,512,512,142,837,1.919999957,1.933700000,0.077900000,0.015500000
sample,fixed_single,ordered4_fixed_diagnostic,512,512,142,837,1.901568055,1.915900000,0.057400000,0.000000000
sample,fixed_single,ordered4,512,512,143,837,1.921023965,1.936700000,0.078300000,0.015800000
sample,fixed_single,original,512,512,143,837,1.627135992,1.643500000,0.083800000,0.018200000
sample,fixed_single,ordered4_fixed_diagnostic,512,512,143,837,1.905663967,1.927100000,0.071500000,0.000000000
sample,fixed_single,original,512,512,144,837,1.646592021,1.667400000,0.118600000,0.033200000
sample,fixed_single,ordered4,512,512,144,837,1.945600033,1.963100000,0.124900000,0.032800000
sample,fixed_single,ordered4_fixed_diagnostic,512,512,144,837,1.903615952,1.921300000,0.070600000,0.000000000
sample,fixed_single,ordered4,512,512,145,837,1.933312058,1.956100000,0.099300000,0.023500000
sample,fixed_single,original,512,512,145,837,1.643519998,1.659400000,0.114400000,0.033900000
sample,fixed_single,ordered4_fixed_diagnostic,512,512,145,837,1.899520040,1.914400000,0.089500000,0.000000000
sample,fixed_single,original,512,512,146,837,1.625087976,1.638400000,0.080000000,0.015100000
sample,fixed_single,ordered4,512,512,146,837,1.917951941,1.932100000,0.078200000,0.017400000
sample,fixed_single,ordered4_fixed_diagnostic,512,512,146,837,1.904639959,1.923900000,0.064600000,0.000000000
sample,fixed_single,ordered4,512,512,147,837,1.924095988,1.941000000,0.085200000,0.017700000
sample,fixed_single,original,512,512,147,837,1.627135992,1.641400000,0.083300000,0.017500000
sample,fixed_single,ordered4_fixed_diagnostic,512,512,147,837,1.899520040,1.913200000,0.061200000,0.000000000
sample,fixed_single,original,512,512,148,837,1.623039961,1.636000000,0.080000000,0.015900000
sample,fixed_single,ordered4,512,512,148,837,1.931264043,1.944800000,0.088600000,0.026000000
sample,fixed_single,ordered4_fixed_diagnostic,512,512,148,837,1.909759998,1.922800000,0.070000000,0.000000000
sample,fixed_single,ordered4,512,512,149,837,1.930240035,1.945000000,0.091800000,0.014700000
sample,fixed_single,original,512,512,149,837,1.623039961,1.637000000,0.075700000,0.016800000
sample,fixed_single,ordered4_fixed_diagnostic,512,512,149,837,1.900544047,1.913000000,0.054500000,0.000000000
sample,fixed_single,original,512,512,150,837,1.625023961,1.639100000,0.075100000,0.015900000
sample,fixed_single,ordered4,512,512,150,837,1.924095988,1.936100000,0.076300000,0.017200000
sample,fixed_single,ordered4_fixed_diagnostic,512,512,150,837,1.899520040,1.911700000,0.052900000,0.000000000
sample,fixed_single,ordered4,512,512,151,837,1.919839978,1.932500000,0.072700000,0.015800000
sample,fixed_single,original,512,512,151,837,1.625087976,1.637400000,0.075200000,0.016100000
sample,fixed_single,ordered4_fixed_diagnostic,512,512,151,837,1.898496032,1.910700000,0.056000000,0.000000000
sample,fixed_single,original,512,512,152,837,1.624063969,1.637700000,0.075100000,0.015200000
sample,fixed_single,ordered4,512,512,152,837,1.923903942,1.938500000,0.075700000,0.017500000
sample,fixed_single,ordered4_fixed_diagnostic,512,512,152,837,1.898496032,1.910800000,0.055000000,0.000000000
sample,fixed_single,ordered4,512,512,153,837,1.919872046,1.932100000,0.071400000,0.015000000
sample,fixed_single,original,512,512,153,837,1.637375951,1.651500000,0.099000000,0.020200000
sample,fixed_single,ordered4_fixed_diagnostic,512,512,153,837,1.902591944,1.929700000,0.060400000,0.000000000
sample,fixed_single,original,512,512,154,837,1.631232023,1.647600000,0.089500000,0.019400000
sample,fixed_single,ordered4,512,512,154,837,1.922047973,1.935600000,0.085000000,0.018300000
sample,fixed_single,ordered4_fixed_diagnostic,512,512,154,837,1.900544047,1.914600000,0.065100000,0.000000000
sample,fixed_single,ordered4,512,512,155,837,1.922047973,1.936900000,0.082700000,0.015500000
sample,fixed_single,original,512,512,155,837,1.622015953,1.634400000,0.073000000,0.016200000
sample,fixed_single,ordered4_fixed_diagnostic,512,512,155,837,1.900480032,1.911800000,0.053300000,0.000000000
sample,fixed_single,original,512,512,156,837,1.619968057,1.632000000,0.074100000,0.014900000
sample,fixed_single,ordered4,512,512,156,837,1.919999957,1.931800000,0.074200000,0.015700000
sample,fixed_single,ordered4_fixed_diagnostic,512,512,156,837,1.901504040,1.913200000,0.051500000,0.000000000
sample,fixed_single,ordered4,512,512,157,837,1.913856030,1.926400000,0.071800000,0.014600000
sample,fixed_single,original,512,512,157,837,1.623039961,1.635100000,0.073300000,0.015800000
sample,fixed_single,ordered4_fixed_diagnostic,512,512,157,837,1.899487972,1.911400000,0.072500000,0.000000000
sample,fixed_single,original,512,512,158,837,1.628160000,1.646700000,0.084900000,0.019600000
sample,fixed_single,ordered4,512,512,158,837,1.931264043,1.954500000,0.092600000,0.024500000
sample,fixed_single,ordered4_fixed_diagnostic,512,512,158,837,1.901568055,1.913800000,0.063400000,0.000000000
sample,fixed_single,ordered4,512,512,159,837,1.932288051,1.946600000,0.088200000,0.022400000
sample,fixed_single,original,512,512,159,837,1.644544005,1.661200000,0.108200000,0.033300000
sample,fixed_single,ordered4_fixed_diagnostic,512,512,159,837,1.900544047,1.914600000,0.062000000,0.000000000
sample,fixed_single,original,512,512,160,837,1.627135992,1.643600000,0.090100000,0.018700000
sample,fixed_single,ordered4,512,512,160,837,1.924095988,1.940300000,0.081600000,0.018900000
sample,fixed_single,ordered4_fixed_diagnostic,512,512,160,837,1.901568055,1.919900000,0.061600000,0.000000000
sample,fixed_single,ordered4,512,512,161,837,1.930240035,1.945800000,0.087700000,0.024300000
sample,fixed_single,original,512,512,161,837,1.633280039,1.650400000,0.095300000,0.022600000
sample,fixed_single,ordered4_fixed_diagnostic,512,512,161,837,1.901568055,1.917900000,0.066900000,0.000000000
sample,fixed_single,original,512,512,162,837,1.627135992,1.644500000,0.086200000,0.019500000
sample,fixed_single,ordered4,512,512,162,837,1.924095988,1.938400000,0.086200000,0.020700000
sample,fixed_single,ordered4_fixed_diagnostic,512,512,162,837,1.898496032,1.913500000,0.058200000,0.000000000
sample,fixed_single,ordered4,512,512,163,837,1.921023965,1.935600000,0.080700000,0.016000000
sample,fixed_single,original,512,512,163,837,1.625087976,1.640100000,0.091800000,0.019400000
sample,fixed_single,ordered4_fixed_diagnostic,512,512,163,837,1.901568055,1.918200000,0.062200000,0.000000000
sample,fixed_single,original,512,512,164,837,1.630208015,1.645200000,0.086700000,0.019900000
sample,fixed_single,ordered4,512,512,164,837,1.922047973,1.936800000,0.090000000,0.019800000
sample,fixed_single,ordered4_fixed_diagnostic,512,512,164,837,1.901568055,1.916400000,0.088200000,0.000000000
sample,fixed_single,ordered4,512,512,165,837,1.919999957,1.933900000,0.073500000,0.015500000
sample,fixed_single,original,512,512,165,837,1.622015953,1.634200000,0.072500000,0.015000000
sample,fixed_single,ordered4_fixed_diagnostic,512,512,165,837,1.899520040,1.912300000,0.052200000,0.000000000
sample,fixed_single,original,512,512,166,837,1.624063969,1.636100000,0.072600000,0.014700000
sample,fixed_single,ordered4,512,512,166,837,1.917951941,1.929900000,0.102400000,0.015300000
sample,fixed_single,ordered4_fixed_diagnostic,512,512,166,837,1.900544047,1.912500000,0.053100000,0.000000000
sample,fixed_single,ordered4,512,512,167,837,1.917951941,1.931400000,0.076800000,0.015200000
sample,fixed_single,original,512,512,167,837,1.622015953,1.633400000,0.073400000,0.015400000
sample,fixed_single,ordered4_fixed_diagnostic,512,512,167,837,1.900416017,1.912700000,0.053200000,0.000000000
sample,fixed_single,original,512,512,168,837,1.620895982,1.633400000,0.073500000,0.014600000
sample,fixed_single,ordered4,512,512,168,837,1.918975949,1.930900000,0.072700000,0.014700000
sample,fixed_single,ordered4_fixed_diagnostic,512,512,168,837,1.900383949,1.912600000,0.053100000,0.000000000
sample,fixed_single,ordered4,512,512,169,837,1.917824030,1.930200000,0.072400000,0.014500000
sample,fixed_single,original,512,512,169,837,1.630208015,1.648900000,0.105200000,0.019800000
sample,fixed_single,ordered4_fixed_diagnostic,512,512,169,837,1.906687975,1.934300000,0.077300000,0.000000000
sample,fixed_single,original,512,512,170,837,1.636351943,1.651400000,0.095800000,0.025600000
sample,fixed_single,ordered4,512,512,170,837,1.933312058,1.949300000,0.097300000,0.029900000
sample,fixed_single,ordered4_fixed_diagnostic,512,512,170,837,1.899520040,1.914800000,0.059300000,0.000000000
sample,fixed_single,ordered4,512,512,171,837,1.923071980,1.937900000,0.090500000,0.018800000
sample,fixed_single,original,512,512,171,837,1.627135992,1.640200000,0.084600000,0.018700000
sample,fixed_single,ordered4_fixed_diagnostic,512,512,171,837,1.900544047,1.914600000,0.058400000,0.000000000
sample,fixed_single,original,512,512,172,837,1.626111984,1.641900000,0.088000000,0.016800000
sample,fixed_single,ordered4,512,512,172,837,1.922047973,1.939200000,0.083200000,0.019000000
sample,fixed_single,ordered4_fixed_diagnostic,512,512,172,837,1.902591944,1.916000000,0.059200000,0.000000000
sample,fixed_single,ordered4,512,512,173,837,1.917951941,1.930600000,0.070500000,0.014900000
sample,fixed_single,original,512,512,173,837,1.620991945,1.633200000,0.072100000,0.015700000
sample,fixed_single,ordered4_fixed_diagnostic,512,512,173,837,1.902591944,1.914600000,0.071600000,0.000000000
sample,fixed_single,original,512,512,174,837,1.624063969,1.636700000,0.070000000,0.014900000
sample,fixed_single,ordered4,512,512,174,837,1.920959949,1.932500000,0.072200000,0.015200000
sample,fixed_single,ordered4_fixed_diagnostic,512,512,174,837,1.904639959,1.919500000,0.062800000,0.000000000
sample,fixed_single,ordered4,512,512,175,837,1.922047973,1.934800000,0.074000000,0.016900000
sample,fixed_single,original,512,512,175,837,1.626111984,1.639700000,0.076500000,0.017700000
sample,fixed_single,ordered4_fixed_diagnostic,512,512,175,837,1.900544047,1.912600000,0.056000000,0.000000000
sample,fixed_single,original,512,512,176,837,1.622015953,1.635300000,0.073300000,0.015600000
sample,fixed_single,ordered4,512,512,176,837,1.917824030,1.929900000,0.072800000,0.015100000
sample,fixed_single,ordered4_fixed_diagnostic,512,512,176,837,1.901568055,1.914200000,0.078900000,0.000000000
sample,fixed_single,ordered4,512,512,177,837,1.918975949,1.930000000,0.074100000,0.015400000
sample,fixed_single,original,512,512,177,837,1.622015953,1.634200000,0.090900000,0.015200000
sample,fixed_single,ordered4_fixed_diagnostic,512,512,177,837,1.899520040,1.911300000,0.053900000,0.000000000
sample,fixed_single,original,512,512,178,837,1.624063969,1.640200000,0.074300000,0.016700000
sample,fixed_single,ordered4,512,512,178,837,1.930240035,1.945900000,0.095000000,0.022900000
sample,fixed_single,ordered4_fixed_diagnostic,512,512,178,837,1.901568055,1.918600000,0.083100000,0.000000000
sample,fixed_single,ordered4,512,512,179,837,1.922047973,1.937200000,0.080600000,0.016800000
sample,fixed_single,original,512,512,179,837,1.630208015,1.644400000,0.086700000,0.022100000
sample,fixed_single,ordered4_fixed_diagnostic,512,512,179,837,1.900544047,1.915200000,0.086100000,0.000000000
sample,fixed_single,original,512,512,180,837,1.623039961,1.637900000,0.080600000,0.015800000
sample,fixed_single,ordered4,512,512,180,837,1.925119996,1.939100000,0.085000000,0.018500000
sample,fixed_single,ordered4_fixed_diagnostic,512,512,180,837,1.900544047,1.917400000,0.059000000,0.000000000
sample,fixed_single,ordered4,512,512,181,837,1.941504002,1.974100000,0.089600000,0.028300000
sample,fixed_single,original,512,512,181,837,1.631232023,1.643400000,0.088200000,0.022900000
sample,fixed_single,ordered4_fixed_diagnostic,512,512,181,837,1.900544047,1.911200000,0.050700000,0.000000000
sample,fixed_single,original,512,512,182,837,1.614848018,1.627500000,0.065400000,0.011200000
sample,fixed_single,ordered4,512,512,182,837,1.916928053,1.927700000,0.068400000,0.013900000
sample,fixed_single,ordered4_fixed_diagnostic,512,512,182,837,1.899520040,1.912400000,0.047100000,0.000000000
sample,fixed_single,ordered4,512,512,183,837,1.911808014,1.923200000,0.058400000,0.009300000
sample,fixed_single,original,512,512,183,837,1.612800002,1.625800000,0.059200000,0.011100000
sample,fixed_single,ordered4_fixed_diagnostic,512,512,183,837,1.906687975,1.926500000,0.064500000,0.000000000
sample,fixed_single,original,512,512,184,837,1.624063969,1.649300000,0.072000000,0.017400000
sample,fixed_single,ordered4,512,512,184,837,1.919999957,1.932500000,0.076300000,0.016000000
sample,fixed_single,ordered4_fixed_diagnostic,512,512,184,837,1.900544047,1.914500000,0.072100000,0.000000000
sample,fixed_single,ordered4,512,512,185,837,1.919999957,1.934200000,0.076900000,0.015000000
sample,fixed_single,original,512,512,185,837,1.630208015,1.645500000,0.090500000,0.019300000
sample,fixed_single,ordered4_fixed_diagnostic,512,512,185,837,1.899520040,1.914800000,0.057600000,0.000000000
sample,fixed_single,original,512,512,186,837,1.626111984,1.640200000,0.081100000,0.016400000
sample,fixed_single,ordered4,512,512,186,837,1.922047973,1.937200000,0.080600000,0.016700000
sample,fixed_single,ordered4_fixed_diagnostic,512,512,186,837,1.903615952,1.924300000,0.061000000,0.000000000
sample,fixed_single,ordered4,512,512,187,837,1.921023965,1.939000000,0.078200000,0.017900000
sample,fixed_single,original,512,512,187,837,1.629184008,1.647000000,0.086400000,0.022300000
sample,fixed_single,ordered4_fixed_diagnostic,512,512,187,837,1.914880037,1.928500000,0.071600000,0.000000000
sample,fixed_single,original,512,512,188,837,1.625087976,1.637000000,0.069000000,0.013100000
sample,fixed_single,ordered4,512,512,188,837,1.912832022,1.924500000,0.065600000,0.015700000
sample,fixed_single,ordered4_fixed_diagnostic,512,512,188,837,1.898496032,1.912300000,0.053600000,0.000000000
sample,fixed_single,ordered4,512,512,189,837,1.912832022,1.924600000,0.060500000,0.011800000
sample,fixed_single,original,512,512,189,837,1.614848018,1.627500000,0.062200000,0.012400000
sample,fixed_single,ordered4_fixed_diagnostic,512,512,189,837,1.900544047,1.911500000,0.048100000,0.000000000
sample,fixed_single,original,512,512,190,837,1.610751987,1.622900000,0.081200000,0.010500000
sample,fixed_single,ordered4,512,512,190,837,1.907711983,1.920900000,0.080900000,0.011300000
sample,fixed_single,ordered4_fixed_diagnostic,512,512,190,837,1.900544047,1.916900000,0.051200000,0.000000000
sample,fixed_single,ordered4,512,512,191,837,1.916928053,1.924900000,0.058900000,0.010500000
sample,fixed_single,original,512,512,191,837,1.607679963,1.617400000,0.050800000,0.008700000
sample,fixed_single,ordered4_fixed_diagnostic,512,512,191,837,1.897472024,1.906900000,0.039600000,0.000000000
sample,fixed_single,original,512,512,192,837,1.618944049,1.633000000,0.059200000,0.010500000
sample,fixed_single,ordered4,512,512,192,837,1.912832022,1.922900000,0.057700000,0.011400000
sample,fixed_single,ordered4_fixed_diagnostic,512,512,192,837,1.895424008,1.907400000,0.040900000,0.000000000
sample,fixed_single,ordered4,512,512,193,837,1.932288051,1.962400000,0.080500000,0.017900000
sample,fixed_single,original,512,512,193,837,1.635328054,1.648400000,0.089300000,0.025600000
sample,fixed_single,ordered4_fixed_diagnostic,512,512,193,837,1.898496032,1.910800000,0.052900000,0.000000000
sample,fixed_single,original,512,512,194,837,1.624063969,1.646500000,0.079800000,0.016000000
sample,fixed_single,ordered4,512,512,194,837,1.927168012,1.941700000,0.084700000,0.020300000
sample,fixed_single,ordered4_fixed_diagnostic,512,512,194,837,1.898496032,1.911900000,0.055000000,0.000000000
sample,fixed_single,ordered4,512,512,195,837,1.910784006,1.923000000,0.061800000,0.010400000
sample,fixed_single,original,512,512,195,837,1.620991945,1.633100000,0.075400000,0.016300000
sample,fixed_single,ordered4_fixed_diagnostic,512,512,195,837,1.897472024,1.909800000,0.048800000,0.000000000
sample,fixed_single,original,512,512,196,837,1.613824010,1.626400000,0.060000000,0.010800000
sample,fixed_single,ordered4,512,512,196,837,1.912832022,1.924300000,0.060300000,0.013000000
sample,fixed_single,ordered4_fixed_diagnostic,512,512,196,837,1.899520040,1.910200000,0.049100000,0.000000000
sample,fixed_single,ordered4,512,512,197,837,1.906687975,1.915700000,0.070000000,0.008300000
sample,fixed_single,original,512,512,197,837,1.608703971,1.618200000,0.066400000,0.008600000
sample,fixed_single,ordered4_fixed_diagnostic,512,512,197,837,1.896255970,1.906000000,0.046500000,0.000000000
sample,fixed_single,original,512,512,198,837,1.615775943,1.626400000,0.055900000,0.010000000
sample,fixed_single,ordered4,512,512,198,837,1.906687975,1.916200000,0.076500000,0.009400000
sample,fixed_single,ordered4_fixed_diagnostic,512,512,198,837,1.895424008,1.904900000,0.039900000,0.000000000
sample,fixed_single,ordered4,512,512,199,837,1.905663967,1.915000000,0.068500000,0.008600000
sample,fixed_single,original,512,512,199,837,1.608672023,1.617400000,0.048200000,0.008400000
sample,fixed_single,ordered4_fixed_diagnostic,512,512,199,837,1.896448016,1.906200000,0.039500000,0.000000000
sample,fixed_single,original,512,512,200,837,1.607552052,1.615800000,0.049400000,0.007900000
sample,fixed_single,ordered4,512,512,200,837,1.906687975,1.915500000,0.069700000,0.009700000
sample,fixed_single,ordered4_fixed_diagnostic,512,512,200,837,1.899520040,1.912700000,0.040400000,0.000000000
sample,fixed_single,ordered4,512,512,201,837,1.933248043,1.965000000,0.081500000,0.018700000
sample,fixed_single,original,512,512,201,837,1.637375951,1.656200000,0.094000000,0.027300000
sample,fixed_single,ordered4_fixed_diagnostic,512,512,201,837,1.931264043,1.960200000,0.097200000,0.000000000
sample,fixed_single,original,512,512,202,837,1.633280039,1.648700000,0.093000000,0.024300000
sample,fixed_single,ordered4,512,512,202,837,1.926144004,1.938500000,0.079700000,0.024000000
sample,fixed_single,ordered4_fixed_diagnostic,512,512,202,837,1.898496032,1.910800000,0.048300000,0.000000000
sample,fixed_single,ordered4,512,512,203,837,1.916928053,1.929400000,0.071200000,0.013200000
sample,fixed_single,original,512,512,203,837,1.614848018,1.628600000,0.062000000,0.012400000
sample,fixed_single,ordered4_fixed_diagnostic,512,512,203,837,1.906687975,1.932800000,0.056600000,0.000000000
sample,fixed_single,original,512,512,204,837,1.622015953,1.633900000,0.069000000,0.014500000
sample,fixed_single,ordered4,512,512,204,837,1.917951941,1.928800000,0.064500000,0.012800000
sample,fixed_single,ordered4_fixed_diagnostic,512,512,204,837,1.897472024,1.909600000,0.045200000,0.000000000
sample,fixed_single,ordered4,512,512,205,837,1.905663967,1.916400000,0.055600000,0.008900000
sample,fixed_single,original,512,512,205,837,1.612800002,1.623300000,0.059100000,0.011300000
sample,fixed_single,ordered4_fixed_diagnostic,512,512,205,837,1.896415949,1.905100000,0.039200000,0.000000000
sample,fixed_single,original,512,512,206,837,1.606655955,1.615800000,0.049800000,0.008100000
sample,fixed_single,ordered4,512,512,206,837,1.904639959,1.913800000,0.049600000,0.009100000
sample,fixed_single,ordered4_fixed_diagnostic,512,512,206,837,1.901568055,1.916400000,0.047100000,0.000000000
sample,fixed_single,ordered4,512,512,207,837,1.915904045,1.925400000,0.058900000,0.012500000
sample,fixed_single,original,512,512,207,837,1.616896033,1.626400000,0.063300000,0.010700000
sample,fixed_single,ordered4_fixed_diagnostic,512,512,207,837,1.896384001,1.905500000,0.040800000,0.000000000
sample,fixed_single,original,512,512,208,837,1.608639956,1.617300000,0.047500000,0.007800000
sample,fixed_single,ordered4,512,512,208,837,1.905663967,1.914200000,0.050600000,0.008200000
sample,fixed_single,ordered4_fixed_diagnostic,512,512,208,837,1.894400001,1.904400000,0.038200000,0.000000000
sample,fixed_single,ordered4,512,512,209,837,1.912832022,1.922500000,0.053500000,0.008300000
sample,fixed_single,original,512,512,209,837,1.629184008,1.644700000,0.078900000,0.015300000
sample,fixed_single,ordered4_fixed_diagnostic,512,512,209,837,1.900544047,1.915100000,0.043800000,0.000000000
sample,fixed_single,original,512,512,210,837,1.623039961,1.635700000,0.070700000,0.015800000
sample,fixed_single,ordered4,512,512,210,837,1.919999957,1.930700000,0.071400000,0.018200000
sample,fixed_single,ordered4_fixed_diagnostic,512,512,210,837,1.898496032,1.913000000,0.063000000,0.000000000
sample,fixed_single,ordered4,512,512,211,837,1.910784006,1.923700000,0.058200000,0.010300000
sample,fixed_single,original,512,512,211,837,1.615872025,1.627400000,0.063100000,0.013100000
sample,fixed_single,ordered4_fixed_diagnostic,512,512,211,837,1.898496032,1.910900000,0.048400000,0.000000000
sample,fixed_single,original,512,512,212,837,1.611775994,1.624500000,0.060700000,0.009300000
sample,fixed_single,ordered4,512,512,212,837,1.924095988,1.949700000,0.080500000,0.016500000
sample,fixed_single,ordered4_fixed_diagnostic,512,512,212,837,1.900544047,1.912800000,0.050300000,0.000000000
sample,fixed_single,ordered4,512,512,213,837,1.913856030,1.926500000,0.072700000,0.012000000
sample,fixed_single,original,512,512,213,837,1.616799951,1.626100000,0.060200000,0.013400000
sample,fixed_single,ordered4_fixed_diagnostic,512,512,213,837,1.896255970,1.905100000,0.040900000,0.000000000
sample,fixed_single,original,512,512,214,837,1.610751987,1.620200000,0.080500000,0.009500000
sample,fixed_single,ordered4,512,512,214,837,1.906687975,1.916100000,0.049900000,0.009300000
sample,fixed_single,ordered4_fixed_diagnostic,512,512,214,837,1.897472024,1.906500000,0.041100000,0.000000000
sample,fixed_single,ordered4,512,512,215,837,1.907520056,1.918500000,0.049900000,0.009400000
sample,fixed_single,original,512,512,215,837,1.622015953,1.646200000,0.063400000,0.014600000
sample,fixed_single,ordered4_fixed_diagnostic,512,512,215,837,1.896448016,1.905500000,0.044900000,0.000000000
sample,fixed_single,original,512,512,216,837,1.607679963,1.618600000,0.055400000,0.009800000
sample,fixed_single,ordered4,512,512,216,837,1.908704042,1.918400000,0.056900000,0.011300000
sample,fixed_single,ordered4_fixed_diagnostic,512,512,216,837,1.897472024,1.908700000,0.042500000,0.000000000
sample,fixed_single,ordered4,512,512,217,837,1.927168012,1.948900000,0.080700000,0.019700000
sample,fixed_single,original,512,512,217,837,1.631232023,1.646200000,0.088100000,0.020000000
sample,fixed_single,ordered4_fixed_diagnostic,512,512,217,837,1.900544047,1.914000000,0.060200000,0.000000000
sample,fixed_single,original,512,512,218,837,1.626111984,1.641000000,0.078000000,0.016500000
sample,fixed_single,ordered4,512,512,218,837,1.940479994,1.977200000,0.102800000,0.031100000
sample,fixed_single,ordered4_fixed_diagnostic,512,512,218,837,1.901568055,1.917100000,0.068000000,0.000000000
sample,fixed_single,ordered4,512,512,219,837,1.923071980,1.938400000,0.081300000,0.017200000
sample,fixed_single,original,512,512,219,837,1.638399959,1.655000000,0.099800000,0.028100000
sample,fixed_single,ordered4_fixed_diagnostic,512,512,219,837,1.898496032,1.912800000,0.065100000,0.000000000
sample,fixed_single,original,512,512,220,837,1.624063969,1.637700000,0.082800000,0.016700000
sample,fixed_single,ordered4,512,512,220,837,1.919999957,1.934400000,0.080600000,0.016800000
sample,fixed_single,ordered4_fixed_diagnostic,512,512,220,837,1.900544047,1.915600000,0.088300000,0.000000000
sample,fixed_single,ordered4,512,512,221,837,1.924095988,1.941200000,0.086100000,0.016300000
sample,fixed_single,original,512,512,221,837,1.629184008,1.644700000,0.093100000,0.019900000
sample,fixed_single,ordered4_fixed_diagnostic,512,512,221,837,1.915904045,1.931500000,0.080200000,0.000000000
sample,fixed_single,original,512,512,222,837,1.620991945,1.634800000,0.091600000,0.015400000
sample,fixed_single,ordered4,512,512,222,837,1.917951941,1.930200000,0.073300000,0.014900000
sample,fixed_single,ordered4_fixed_diagnostic,512,512,222,837,1.901407957,1.915300000,0.071800000,0.000000000
sample,fixed_single,ordered4,512,512,223,837,1.921023965,1.934900000,0.081000000,0.016000000
sample,fixed_single,original,512,512,223,837,1.626111984,1.641400000,0.083400000,0.017500000
sample,fixed_single,ordered4_fixed_diagnostic,512,512,223,837,1.899520040,1.915100000,0.058800000,0.000000000
sample,fixed_single,original,512,512,224,837,1.624063969,1.638200000,0.082800000,0.016600000
sample,fixed_single,ordered4,512,512,224,837,1.921023965,1.936100000,0.079500000,0.016900000
sample,fixed_single,ordered4_fixed_diagnostic,512,512,224,837,1.901568055,1.915900000,0.059300000,0.000000000
sample,fixed_single,ordered4,512,512,225,837,1.921023965,1.935100000,0.082200000,0.016800000
sample,fixed_single,original,512,512,225,837,1.626016021,1.637700000,0.073000000,0.015900000
sample,fixed_single,ordered4_fixed_diagnostic,512,512,225,837,1.900544047,1.913900000,0.052400000,0.000000000
sample,fixed_single,original,512,512,226,837,1.622015953,1.634600000,0.074600000,0.015100000
sample,fixed_single,ordered4,512,512,226,837,1.917951941,1.930800000,0.071800000,0.014400000
sample,fixed_single,ordered4_fixed_diagnostic,512,512,226,837,1.902591944,1.922400000,0.057600000,0.000000000
sample,fixed_single,ordered4,512,512,227,837,1.953791976,1.988400000,0.131000000,0.027600000
sample,fixed_single,original,512,512,227,837,1.650688052,1.668200000,0.116800000,0.037400000
sample,fixed_single,ordered4_fixed_diagnostic,512,512,227,837,1.900544047,1.914000000,0.065400000,0.000000000
sample,fixed_single,original,512,512,228,837,1.628160000,1.642100000,0.086300000,0.019200000
sample,fixed_single,ordered4,512,512,228,837,1.927168012,1.940600000,0.090500000,0.024600000
sample,fixed_single,ordered4_fixed_diagnostic,512,512,228,837,1.903615952,1.916700000,0.061200000,0.000000000
sample,fixed_single,ordered4,512,512,229,837,1.922047973,1.935400000,0.080200000,0.016100000
sample,fixed_single,original,512,512,229,837,1.625087976,1.639400000,0.082800000,0.018100000
sample,fixed_single,ordered4_fixed_diagnostic,512,512,229,837,1.907711983,1.928800000,0.077000000,0.000000000
sample,fixed_single,original,512,512,230,837,1.641471982,1.660500000,0.111000000,0.029900000
sample,fixed_single,ordered4,512,512,230,837,1.937407970,1.953000000,0.101600000,0.032000000
sample,fixed_single,ordered4_fixed_diagnostic,512,512,230,837,1.902591944,1.919500000,0.100500000,0.000000000
sample,fixed_single,ordered4,512,512,231,837,1.922047973,1.937400000,0.082500000,0.018400000
sample,fixed_single,original,512,512,231,837,1.632256031,1.647600000,0.091500000,0.023800000
sample,fixed_single,ordered4_fixed_diagnostic,512,512,231,837,1.900544047,1.915800000,0.062000000,0.000000000
sample,fixed_single,original,512,512,232,837,1.624063969,1.638100000,0.079400000,0.016100000
sample,fixed_single,ordered4,512,512,232,837,1.924095988,1.939900000,0.082200000,0.018300000
sample,fixed_single,ordered4_fixed_diagnostic,512,512,232,837,1.901568055,1.917300000,0.086500000,0.000000000
sample,fixed_single,ordered4,512,512,233,837,1.919999957,1.935400000,0.077000000,0.016400000
sample,fixed_single,original,512,512,233,837,1.627135992,1.642100000,0.085800000,0.018800000
sample,fixed_single,ordered4_fixed_diagnostic,512,512,233,837,1.901568055,1.915600000,0.060400000,0.000000000
sample,fixed_single,original,512,512,234,837,1.625087976,1.639800000,0.079200000,0.015700000
sample,fixed_single,ordered4,512,512,234,837,1.921023965,1.934300000,0.082500000,0.016100000
sample,fixed_single,ordered4_fixed_diagnostic,512,512,234,837,1.901568055,1.915500000,0.059700000,0.000000000
sample,fixed_single,ordered4,512,512,235,837,1.921023965,1.936200000,0.079800000,0.015500000
sample,fixed_single,original,512,512,235,837,1.628160000,1.647800000,0.091500000,0.020000000
sample,fixed_single,ordered4_fixed_diagnostic,512,512,235,837,1.906687975,1.922600000,0.072800000,0.000000000
sample,fixed_single,original,512,512,236,837,1.637375951,1.653400000,0.102400000,0.026300000
sample,fixed_single,ordered4,512,512,236,837,1.939455986,1.954700000,0.107400000,0.033100000
sample,fixed_single,ordered4_fixed_diagnostic,512,512,236,837,1.901568055,1.915900000,0.086100000,0.000000000
sample,fixed_single,ordered4,512,512,237,837,1.924095988,1.939200000,0.082400000,0.017700000
sample,fixed_single,original,512,512,237,837,1.636351943,1.649900000,0.092100000,0.019600000
sample,fixed_single,ordered4_fixed_diagnostic,512,512,237,837,1.897472024,1.912600000,0.058500000,0.000000000
sample,fixed_single,original,512,512,238,837,1.629184008,1.648300000,0.086100000,0.018700000
sample,fixed_single,ordered4,512,512,238,837,1.924095988,1.939400000,0.094200000,0.020400000
sample,fixed_single,ordered4_fixed_diagnostic,512,512,238,837,1.900544047,1.915500000,0.087400000,0.000000000
sample,fixed_single,ordered4,512,512,239,837,1.921023965,1.936000000,0.078200000,0.015600000
sample,fixed_single,original,512,512,239,837,1.626111984,1.641200000,0.079700000,0.016600000
sample,fixed_single,ordered4_fixed_diagnostic,512,512,239,837,1.902591944,1.913700000,0.053100000,0.000000000
sample,fixed_single,original,512,512,240,837,1.620991945,1.635000000,0.072200000,0.014800000
sample,fixed_single,ordered4,512,512,240,837,1.922943950,1.934500000,0.076500000,0.019400000
sample,fixed_single,ordered4_fixed_diagnostic,512,512,240,837,1.899456024,1.911400000,0.052000000,0.000000000
sample,fixed_single,ordered4,512,512,241,837,1.924095988,1.938500000,0.084000000,0.017800000
sample,fixed_single,original,512,512,241,837,1.625087976,1.637000000,0.077400000,0.017500000
sample,fixed_single,ordered4_fixed_diagnostic,512,512,241,837,1.899487972,1.912000000,0.052500000,0.000000000
sample,fixed_single,original,512,512,242,837,1.632256031,1.645000000,0.083500000,0.015200000
sample,fixed_single,ordered4,512,512,242,837,1.926144004,1.943200000,0.080900000,0.018300000
sample,fixed_single,ordered4_fixed_diagnostic,512,512,242,837,1.899520040,1.912600000,0.052000000,0.000000000
sample,fixed_single,ordered4,512,512,243,837,1.918975949,1.931400000,0.073600000,0.014200000
sample,fixed_single,original,512,512,243,837,1.625087976,1.636800000,0.071200000,0.015300000
sample,fixed_single,ordered4_fixed_diagnostic,512,512,243,837,1.893375993,1.937300000,0.065900000,0.000000000
sample,fixed_single,original,512,512,244,837,1.633280039,1.652000000,0.095600000,0.025500000
sample,fixed_single,ordered4,512,512,244,837,1.938431978,1.968000000,0.102300000,0.033200000
sample,fixed_single,ordered4_fixed_diagnostic,512,512,244,837,1.903615952,1.925300000,0.061600000,0.000000000
sample,fixed_single,ordered4,512,512,245,837,1.926144004,1.941200000,0.089600000,0.020300000
sample,fixed_single,original,512,512,245,837,1.630208015,1.644200000,0.096900000,0.022200000
sample,fixed_single,ordered4_fixed_diagnostic,512,512,245,837,1.901568055,1.917100000,0.059000000,0.000000000
sample,fixed_single,original,512,512,246,837,1.624063969,1.639500000,0.087000000,0.014900000
sample,fixed_single,ordered4,512,512,246,837,1.919999957,1.933400000,0.084200000,0.015600000
sample,fixed_single,ordered4_fixed_diagnostic,512,512,246,837,1.903615952,1.918100000,0.058300000,0.000000000
sample,fixed_single,ordered4,512,512,247,837,1.916928053,1.931300000,0.073800000,0.015200000
sample,fixed_single,original,512,512,247,837,1.626111984,1.640000000,0.084300000,0.017500000
sample,fixed_single,ordered4_fixed_diagnostic,512,512,247,837,1.900544047,1.914900000,0.058400000,0.000000000
sample,fixed_single,original,512,512,248,837,1.625087976,1.639700000,0.081900000,0.018000000
sample,fixed_single,ordered4,512,512,248,837,1.923071980,1.937300000,0.086100000,0.018600000
sample,fixed_single,ordered4_fixed_diagnostic,512,512,248,837,1.903615952,1.917700000,0.081800000,0.000000000
sample,fixed_single,ordered4,512,512,249,837,1.916928053,1.931900000,0.080800000,0.014700000
sample,fixed_single,original,512,512,249,837,1.623039961,1.636100000,0.079300000,0.015700000
sample,fixed_single,ordered4_fixed_diagnostic,512,512,249,837,1.903488040,1.918900000,0.060400000,0.000000000
sample,fixed_single,original,512,512,250,837,1.632256031,1.648200000,0.089500000,0.020900000
sample,fixed_single,ordered4,512,512,250,837,1.933312058,1.950300000,0.093400000,0.025700000
sample,fixed_single,ordered4_fixed_diagnostic,512,512,250,837,1.902591944,1.915900000,0.056500000,0.000000000
sample,fixed_single,ordered4,512,512,251,837,1.923071980,1.939300000,0.084500000,0.017000000
sample,fixed_single,original,512,512,251,837,1.647616029,1.662200000,0.111000000,0.030000000
sample,fixed_single,ordered4_fixed_diagnostic,512,512,251,837,1.900544047,1.915000000,0.087700000,0.000000000
sample,fixed_single,original,512,512,252,837,1.624063969,1.641600000,0.081600000,0.016900000
sample,fixed_single,ordered4,512,512,252,837,1.927168012,1.957400000,0.087300000,0.019500000
sample,fixed_single,ordered4_fixed_diagnostic,512,512,252,837,1.905663967,1.926800000,0.072100000,0.000000000
sample,fixed_single,ordered4,512,512,253,837,1.934335947,1.954800000,0.100600000,0.024700000
sample,fixed_single,original,512,512,253,837,1.647616029,1.665100000,0.120400000,0.035100000
sample,fixed_single,ordered4_fixed_diagnostic,512,512,253,837,1.904639959,1.920400000,0.067900000,0.000000000
sample,fixed_single,original,512,512,254,837,1.634304047,1.649800000,0.096800000,0.022900000
sample,fixed_single,ordered4,512,512,254,837,1.931264043,1.947600000,0.100400000,0.026900000
sample,fixed_single,ordered4_fixed_diagnostic,512,512,254,837,1.905663967,1.922400000,0.072500000,0.000000000
sample,fixed_single,ordered4,512,512,255,837,1.926144004,1.943100000,0.093900000,0.022000000
sample,fixed_single,original,512,512,255,837,1.637375951,1.655400000,0.099600000,0.025300000
sample,fixed_single,ordered4_fixed_diagnostic,512,512,255,837,1.901568055,1.916800000,0.071000000,0.000000000
sample,fixed_batch16,original,512,512,0,837,1.600767970,1.604206250,0.068493750,0.000000000
sample,fixed_batch16,ordered4,512,512,0,837,1.895104051,1.897018750,0.054387500,0.000000000
sample,fixed_batch16,ordered4,512,512,1,837,1.895552039,1.898175000,0.054118750,0.000000000
sample,fixed_batch16,original,512,512,1,837,1.600640059,1.604731250,0.069856250,0.000000000
sample,fixed_batch16,original,512,512,2,837,1.600064039,1.603781250,0.050362500,0.000000000
sample,fixed_batch16,ordered4,512,512,2,837,1.896128058,1.899737500,0.050475000,0.000000000
sample,fixed_batch16,ordered4,512,512,3,837,1.894580007,1.896218750,0.038243750,0.000000000
sample,fixed_batch16,original,512,512,3,837,1.597558022,1.600443750,0.039050000,0.000000000
sample,fixed_batch16,original,512,512,4,837,1.600576043,1.604212500,0.067837500,0.000000000
sample,fixed_batch16,ordered4,512,512,4,837,1.896703959,1.900212500,0.050381250,0.000000000
sample,fixed_batch16,ordered4,512,512,5,837,1.895871997,1.899150000,0.051625000,0.000000000
sample,fixed_batch16,original,512,512,5,837,1.597749949,1.600181250,0.039343750,0.000000000
sample,fixed_batch16,original,512,512,6,837,1.598464012,1.601156250,0.045887500,0.000000000
sample,fixed_batch16,ordered4,512,512,6,837,1.894847989,1.897143750,0.039931250,0.000000000
sample,fixed_batch16,ordered4,512,512,7,837,1.894783974,1.897381250,0.039431250,0.000000000
sample,fixed_batch16,original,512,512,7,837,1.599359989,1.602400000,0.049600000,0.000000000
sample,fixed_batch16,original,512,512,8,837,1.598912001,1.601668750,0.054437500,0.000000000
sample,fixed_batch16,ordered4,512,512,8,837,1.898432016,1.902218750,0.066762500,0.000000000
sample,fixed_batch16,ordered4,512,512,9,837,1.894655943,1.896425000,0.053818750,0.000000000
sample,fixed_batch16,original,512,512,9,837,1.599231958,1.602300000,0.054137500,0.000000000
sample,fixed_batch16,original,512,512,10,837,1.601024032,1.604443750,0.073656250,0.000000000
sample,fixed_batch16,ordered4,512,512,10,837,1.897600055,1.901306250,0.068012500,0.000000000
sample,fixed_batch16,ordered4,512,512,11,837,1.898368001,1.902031250,0.067925000,0.000000000
sample,fixed_batch16,original,512,512,11,837,1.598459959,1.600787500,0.055512500,0.000000000
sample,fixed_batch16,original,512,512,12,837,1.598335981,1.600906250,0.058575000,0.000000000
sample,fixed_batch16,ordered4,512,512,12,837,1.896191955,1.898993750,0.056143750,0.000000000
sample,fixed_batch16,ordered4,512,512,13,837,1.897215962,1.901093750,0.071537500,0.000000000
sample,fixed_batch16,original,512,512,13,837,1.599488020,1.602700000,0.054743750,0.000000000
sample,fixed_batch16,original,512,512,14,837,1.596992016,1.598875000,0.048537500,0.000000000
sample,fixed_batch16,ordered4,512,512,14,837,1.896639943,1.900531250,0.055612500,0.000000000
sample,fixed_batch16,ordered4,512,512,15,837,1.897600055,1.902056250,0.076112500,0.000000000
sample,fixed_batch16,original,512,512,15,837,1.599936008,1.603181250,0.063331250,0.000000000
sample,fixed_batch16,original,512,512,16,837,1.598783970,1.601050000,0.057687500,0.000000000
sample,fixed_batch16,ordered4,512,512,16,837,1.894655943,1.896268750,0.050562500,0.000000000
sample,fixed_batch16,ordered4,512,512,17,837,1.896896005,1.902568750,0.061437500,0.000000000
sample,fixed_batch16,original,512,512,17,837,1.598904014,1.601056250,0.056493750,0.000000000
sample,fixed_batch16,original,512,512,18,837,1.598976016,1.601556250,0.060475000,0.000000000
sample,fixed_batch16,ordered4,512,512,18,837,1.896831989,1.899056250,0.061412500,0.000000000
sample,fixed_batch16,ordered4,512,512,19,837,1.894912004,1.896675000,0.048981250,0.000000000
sample,fixed_batch16,original,512,512,19,837,1.600319982,1.603262500,0.057618750,0.000000000
sample,fixed_batch16,original,512,512,20,837,1.600960016,1.605218750,0.072375000,0.000000000
sample,fixed_batch16,ordered4,512,512,20,837,1.894207954,1.896943750,0.039731250,0.000000000
sample,fixed_batch16,ordered4,512,512,21,837,1.894976020,1.897656250,0.039562500,0.000000000
sample,fixed_batch16,original,512,512,21,837,1.602303982,1.607275000,0.069256250,0.000000000
sample,fixed_batch16,original,512,512,22,837,1.600128055,1.603375000,0.063675000,0.000000000
sample,fixed_batch16,ordered4,512,512,22,837,1.896639943,1.898393750,0.060518750,0.000000000
sample,fixed_batch16,ordered4,512,512,23,837,1.894655943,1.896256250,0.049175000,0.000000000
sample,fixed_batch16,original,512,512,23,837,1.599807978,1.602881250,0.063525000,0.000000000
sample,fixed_batch16,original,512,512,24,837,1.603135943,1.607687500,0.075012500,0.000000000
sample,fixed_batch16,ordered4,512,512,24,837,1.896059990,1.899431250,0.053731250,0.000000000
sample,fixed_batch16,ordered4,512,512,25,837,1.898368001,1.902543750,0.063981250,0.000000000
sample,fixed_batch16,original,512,512,25,837,1.599295974,1.602881250,0.049943750,0.000000000
sample,fixed_batch16,original,512,512,26,837,1.597887993,1.600081250,0.044200000,0.000000000
sample,fixed_batch16,ordered4,512,512,26,837,1.894080043,1.895337500,0.041143750,0.000000000
sample,fixed_batch16,ordered4,512,512,27,837,1.894464016,1.896025000,0.038206250,0.000000000
sample,fixed_batch16,original,512,512,27,837,1.598464012,1.600062500,0.042056250,0.000000000
sample,fixed_batch16,original,512,512,28,837,1.597568035,1.599075000,0.041143750,0.000000000
sample,fixed_batch16,ordered4,512,512,28,837,1.895936012,1.898693750,0.054462500,0.000000000
sample,fixed_batch16,ordered4,512,512,29,837,1.892992020,1.894268750,0.046037500,0.000000000
sample,fixed_batch16,original,512,512,29,837,1.597759962,1.599787500,0.039956250,0.000000000
sample,fixed_batch16,original,512,512,30,837,1.598399997,1.600431250,0.048612500,0.000000000
sample,fixed_batch16,ordered4,512,512,30,837,1.894655943,1.896237500,0.043381250,0.000000000
sample,fixed_batch16,ordered4,512,512,31,837,1.896255970,1.899025000,0.052443750,0.000000000
sample,fixed_batch16,original,512,512,31,837,1.598271966,1.599437500,0.048025000,0.000000000
sample,fixed_batch16,original,512,512,32,837,1.597504020,1.599131250,0.050956250,0.000000000
sample,fixed_batch16,ordered4,512,512,32,837,1.894400001,1.896200000,0.058756250,0.000000000
sample,fixed_batch16,ordered4,512,512,33,837,1.895104051,1.897631250,0.055412500,0.000000000
sample,fixed_batch16,original,512,512,33,837,1.598976016,1.600525000,0.048306250,0.000000000
sample,fixed_batch16,original,512,512,34,837,1.596153975,1.597362500,0.036031250,0.000000000
sample,fixed_batch16,ordered4,512,512,34,837,1.895679951,1.898450000,0.047775000,0.000000000
sample,fixed_batch16,ordered4,512,512,35,837,1.896576047,1.899350000,0.050675000,0.000000000
sample,fixed_batch16,original,512,512,35,837,1.597311974,1.598631250,0.037768750,0.000000000
sample,fixed_batch16,original,512,512,36,837,1.598080039,1.599712500,0.043437500,0.000000000
sample,fixed_batch16,ordered4,512,512,36,837,1.893759966,1.894881250,0.038837500,0.000000000
sample,fixed_batch16,ordered4,512,512,37,837,1.894976020,1.896737500,0.042012500,0.000000000
sample,fixed_batch16,original,512,512,37,837,1.597504020,1.600093750,0.041656250,0.000000000
sample,fixed_batch16,original,512,512,38,837,1.599040031,1.601475000,0.042468750,0.000000000
sample,fixed_batch16,ordered4,512,512,38,837,1.896448016,1.898868750,0.048637500,0.000000000
sample,fixed_batch16,ordered4,512,512,39,837,1.894783974,1.896800000,0.045887500,0.000000000
sample,fixed_batch16,original,512,512,39,837,1.599616051,1.602875000,0.049575000,0.000000000
sample,fixed_batch16,original,512,512,40,837,1.600383997,1.604168750,0.064537500,0.000000000
sample,fixed_batch16,ordered4,512,512,40,837,1.894016027,1.895425000,0.038293750,0.000000000
sample,fixed_batch16,ordered4,512,512,41,837,1.895424008,1.897775000,0.045012500,0.000000000
sample,fixed_batch16,original,512,512,41,837,1.598335981,1.599781250,0.041662500,0.000000000
sample,fixed_batch16,original,512,512,42,837,1.598144054,1.600387500,0.046768750,0.000000000
sample,fixed_batch16,ordered4,512,512,42,837,1.894400001,1.895787500,0.038068750,0.000000000
sample,fixed_batch16,ordered4,512,512,43,837,1.895807981,1.898643750,0.047062500,0.000000000
sample,fixed_batch16,original,512,512,43,837,1.598912001,1.601331250,0.047431250,0.000000000
sample,fixed_batch16,original,512,512,44,837,1.597440004,1.599750000,0.038587500,0.000000000
sample,fixed_batch16,ordered4,512,512,44,837,1.895552039,1.897993750,0.045725000,0.000000000
sample,fixed_batch16,ordered4,512,512,45,837,1.896191955,1.899143750,0.048462500,0.000000000
sample,fixed_batch16,original,512,512,45,837,1.599424005,1.602218750,0.045000000,0.000000000
sample,fixed_batch16,original,512,512,46,837,1.597632051,1.599243750,0.049543750,0.000000000
sample,fixed_batch16,ordered4,512,512,46,837,1.894144058,1.895218750,0.038162500,0.000000000
sample,fixed_batch16,ordered4,512,512,47,837,1.895488024,1.897881250,0.045118750,0.000000000
sample,fixed_batch16,original,512,512,47,837,1.597823977,1.599325000,0.038437500,0.000000000
sample,fixed_batch16,original,512,512,48,837,1.596992016,1.598575000,0.037987500,0.000000000
sample,fixed_batch16,ordered4,512,512,48,837,1.897279978,1.899306250,0.049743750,0.000000000
sample,fixed_batch16,ordered4,512,512,49,837,1.895936012,1.898350000,0.050375000,0.000000000
sample,fixed_batch16,original,512,512,49,837,1.599807978,1.602293750,0.061875000,0.000000000
sample,fixed_single,original,1023,1023,0,383,1.948672056,1.958700000,0.060000000,0.013100000
sample,fixed_single,ordered4,1023,1023,0,383,2.551808119,2.564200000,0.075500000,0.016500000
sample,fixed_single,ordered4_fixed_diagnostic,1023,1023,0,383,2.528255939,2.538500000,0.055000000,0.000000000
sample,fixed_single,ordered4,1023,1023,1,383,2.536448002,2.546200000,0.054400000,0.007700000
sample,fixed_single,original,1023,1023,1,383,1.942528009,1.952700000,0.054000000,0.008100000
sample,fixed_single,ordered4_fixed_diagnostic,1023,1023,1,383,2.536448002,2.558200000,0.066600000,0.000000000
sample,fixed_single,original,1023,1023,2,383,1.969151974,2.000900000,0.094700000,0.020700000
sample,fixed_single,ordered4,1023,1023,2,383,2.549760103,2.560400000,0.074300000,0.017100000
sample,fixed_single,ordered4_fixed_diagnostic,1023,1023,2,383,2.529279947,2.540300000,0.050700000,0.000000000
sample,fixed_single,ordered4,1023,1023,3,383,2.549760103,2.564800000,0.067100000,0.012500000
sample,fixed_single,original,1023,1023,3,383,1.945600033,1.956500000,0.099300000,0.010700000
sample,fixed_single,ordered4_fixed_diagnostic,1023,1023,3,383,2.529279947,2.539600000,0.050800000,0.000000000
sample,fixed_single,original,1023,1023,4,383,1.950719953,1.966000000,0.066900000,0.009800000
sample,fixed_single,ordered4,1023,1023,4,383,2.538496017,2.549000000,0.058200000,0.008300000
sample,fixed_single,ordered4_fixed_diagnostic,1023,1023,4,383,2.528255939,2.538900000,0.048500000,0.000000000
sample,fixed_single,ordered4,1023,1023,5,383,2.535423994,2.546000000,0.054300000,0.007800000
sample,fixed_single,original,1023,1023,5,383,1.943552017,1.953300000,0.053600000,0.007500000
sample,fixed_single,ordered4_fixed_diagnostic,1023,1023,5,383,2.529279947,2.540000000,0.049000000,0.000000000
sample,fixed_single,original,1023,1023,6,383,1.939455986,1.948800000,0.051200000,0.006900000
sample,fixed_single,ordered4,1023,1023,6,383,2.541568041,2.555000000,0.052700000,0.009800000
sample,fixed_single,ordered4_fixed_diagnostic,1023,1023,6,383,2.528255939,2.538100000,0.040600000,0.000000000
sample,fixed_single,ordered4,1023,1023,7,383,2.541568041,2.555600000,0.055500000,0.008800000
sample,fixed_single,original,1023,1023,7,383,1.942528009,1.951100000,0.048400000,0.008100000
sample,fixed_single,ordered4_fixed_diagnostic,1023,1023,7,383,2.527231932,2.536400000,0.039600000,0.000000000
sample,fixed_single,original,1023,1023,8,383,1.940479994,1.949500000,0.049100000,0.007300000
sample,fixed_single,ordered4,1023,1023,8,383,2.535423994,2.545600000,0.065300000,0.007300000
sample,fixed_single,ordered4_fixed_diagnostic,1023,1023,8,383,2.535423994,2.552600000,0.045000000,0.000000000
sample,fixed_single,ordered4,1023,1023,9,383,2.544640064,2.559100000,0.061600000,0.013400000
sample,fixed_single,original,1023,1023,9,383,1.946624041,1.956700000,0.082000000,0.011300000
sample,fixed_single,ordered4_fixed_diagnostic,1023,1023,9,383,2.529279947,2.539100000,0.045200000,0.000000000
sample,fixed_single,original,1023,1023,10,383,1.941504002,1.951800000,0.051800000,0.007100000
sample,fixed_single,ordered4,1023,1023,10,383,2.536448002,2.546300000,0.051800000,0.007800000
sample,fixed_single,ordered4_fixed_diagnostic,1023,1023,10,383,2.534399986,2.548800000,0.047000000,0.000000000
sample,fixed_single,ordered4,1023,1023,11,383,2.541568041,2.550800000,0.074500000,0.009500000
sample,fixed_single,original,1023,1023,11,383,1.940479994,1.949400000,0.047700000,0.007500000
sample,fixed_single,ordered4_fixed_diagnostic,1023,1023,11,383,2.526175976,2.534300000,0.040100000,0.000000000
sample,fixed_single,original,1023,1023,12,383,1.942368031,1.950500000,0.048400000,0.008300000
sample,fixed_single,ordered4,1023,1023,12,383,2.535423994,2.544600000,0.047600000,0.007400000
sample,fixed_single,ordered4_fixed_diagnostic,1023,1023,12,383,2.528255939,2.536600000,0.040000000,0.000000000
sample,fixed_single,ordered4,1023,1023,13,383,2.545664072,2.558700000,0.057100000,0.009700000
sample,fixed_single,original,1023,1023,13,383,1.941504002,1.950400000,0.047700000,0.007400000
sample,fixed_single,ordered4_fixed_diagnostic,1023,1023,13,383,2.527199984,2.536000000,0.039900000,0.000000000
sample,fixed_single,original,1023,1023,14,383,1.938431978,1.947000000,0.047200000,0.006900000
sample,fixed_single,ordered4,1023,1023,14,383,2.535423994,2.544300000,0.047300000,0.007500000
sample,fixed_single,ordered4_fixed_diagnostic,1023,1023,14,383,2.530303955,2.539400000,0.045200000,0.000000000
sample,fixed_single,ordered4,1023,1023,15,383,2.537472010,2.555700000,0.048200000,0.007500000
sample,fixed_single,original,1023,1023,15,383,2.100224018,2.182300000,0.383400000,0.075400000
sample,fixed_single,ordered4_fixed_diagnostic,1023,1023,15,383,2.533375978,2.548500000,0.057300000,0.000000000
sample,fixed_single,original,1023,1023,16,383,1.944576025,1.954200000,0.058800000,0.010900000
sample,fixed_single,ordered4,1023,1023,16,383,2.550784111,2.561800000,0.070500000,0.018300000
sample,fixed_single,ordered4_fixed_diagnostic,1023,1023,16,383,2.532351971,2.545200000,0.050300000,0.000000000
sample,fixed_single,ordered4,1023,1023,17,383,2.541568041,2.551700000,0.058000000,0.012500000
sample,fixed_single,original,1023,1023,17,383,1.953791976,1.968800000,0.067700000,0.010700000
sample,fixed_single,ordered4_fixed_diagnostic,1023,1023,17,383,2.531327963,2.541300000,0.052300000,0.000000000
sample,fixed_single,original,1023,1023,18,383,1.941504002,1.951100000,0.052300000,0.007200000
sample,fixed_single,ordered4,1023,1023,18,383,2.537472010,2.547900000,0.053900000,0.009000000
sample,fixed_single,ordered4_fixed_diagnostic,1023,1023,18,383,2.527231932,2.537500000,0.046900000,0.000000000
sample,fixed_single,ordered4,1023,1023,19,383,2.539520025,2.549400000,0.052800000,0.009900000
sample,fixed_single,original,1023,1023,19,383,1.947648048,1.957100000,0.056600000,0.011500000
sample,fixed_single,ordered4_fixed_diagnostic,1023,1023,19,383,2.529279947,2.542100000,0.047200000,0.000000000
sample,fixed_single,original,1023,1023,20,383,1.955839992,1.965800000,0.065100000,0.014400000
sample,fixed_single,ordered4,1023,1023,20,383,2.539520025,2.548700000,0.054800000,0.010000000
sample,fixed_single,ordered4_fixed_diagnostic,1023,1023,20,383,2.528255939,2.537700000,0.044300000,0.000000000
sample,fixed_single,ordered4,1023,1023,21,383,2.536448002,2.545300000,0.071700000,0.008600000
sample,fixed_single,original,1023,1023,21,383,1.941375971,1.951000000,0.055800000,0.008600000
sample,fixed_single,ordered4_fixed_diagnostic,1023,1023,21,383,2.529279947,2.543600000,0.044500000,0.000000000
sample,fixed_single,original,1023,1023,22,383,1.971199989,2.004700000,0.109100000,0.022400000
sample,fixed_single,ordered4,1023,1023,22,383,2.569216013,2.589500000,0.099500000,0.027800000
sample,fixed_single,ordered4_fixed_diagnostic,1023,1023,22,383,2.536448002,2.557100000,0.057500000,0.000000000
sample,fixed_single,ordered4,1023,1023,23,383,2.555903912,2.565500000,0.078300000,0.017900000
sample,fixed_single,original,1023,1023,23,383,1.954815984,1.965300000,0.094400000,0.016800000
sample,fixed_single,ordered4_fixed_diagnostic,1023,1023,23,383,2.533375978,2.546400000,0.052500000,0.000000000
sample,fixed_single,original,1023,1023,24,383,1.941504002,1.952800000,0.053800000,0.007700000
sample,fixed_single,ordered4,1023,1023,24,383,2.558975935,2.582200000,0.078500000,0.015200000
sample,fixed_single,ordered4_fixed_diagnostic,1023,1023,24,383,2.532351971,2.549200000,0.059200000,0.000000000
sample,fixed_single,ordered4,1023,1023,25,383,2.568192005,2.584000000,0.092200000,0.018400000
sample,fixed_single,original,1023,1023,25,383,1.971199989,1.985200000,0.094200000,0.027100000
sample,fixed_single,ordered4_fixed_diagnostic,1023,1023,25,383,2.529279947,2.541200000,0.054200000,0.000000000
sample,fixed_single,original,1023,1023,26,383,1.946624041,1.957200000,0.098300000,0.010300000
sample,fixed_single,ordered4,1023,1023,26,383,2.561023951,2.579100000,0.084700000,0.020200000
sample,fixed_single,ordered4_fixed_diagnostic,1023,1023,26,383,2.529279947,2.540500000,0.048100000,0.000000000
sample,fixed_single,ordered4,1023,1023,27,383,2.546688080,2.564600000,0.073500000,0.014700000
sample,fixed_single,original,1023,1023,27,383,1.984511971,2.018800000,0.109800000,0.034800000
sample,fixed_single,ordered4_fixed_diagnostic,1023,1023,27,383,2.553855896,2.572200000,0.079700000,0.000000000
sample,fixed_single,original,1023,1023,28,383,1.965055943,1.976600000,0.082700000,0.022900000
sample,fixed_single,ordered4,1023,1023,28,383,2.554879904,2.567000000,0.071900000,0.019000000
sample,fixed_single,ordered4_fixed_diagnostic,1023,1023,28,383,2.535423994,2.547800000,0.048700000,0.000000000
sample,fixed_single,ordered4,1023,1023,29,383,2.545664072,2.554600000,0.055700000,0.012100000
sample,fixed_single,original,1023,1023,29,383,1.968127966,1.979900000,0.093600000,0.024800000
sample,fixed_single,ordered4_fixed_diagnostic,1023,1023,29,383,2.535423994,2.549700000,0.090500000,0.000000000
sample,fixed_single,original,1023,1023,30,383,1.950719953,1.959100000,0.060800000,0.011600000
sample,fixed_single,ordered4,1023,1023,30,383,2.551808119,2.565000000,0.069300000,0.017800000
sample,fixed_single,ordered4_fixed_diagnostic,1023,1023,30,383,2.537472010,2.565100000,0.056900000,0.000000000
sample,fixed_single,ordered4,1023,1023,31,383,2.574336052,2.586600000,0.090500000,0.036200000
sample,fixed_single,original,1023,1023,31,383,1.974272013,1.990400000,0.091000000,0.025400000
sample,fixed_single,ordered4_fixed_diagnostic,1023,1023,31,383,2.529279947,2.539500000,0.046300000,0.000000000
sample,fixed_single,original,1023,1023,32,383,1.957888007,1.974700000,0.070200000,0.014400000
sample,fixed_single,ordered4,1023,1023,32,383,2.563071966,2.582300000,0.078600000,0.021900000
sample,fixed_single,ordered4_fixed_diagnostic,1023,1023,32,383,2.525183916,2.535700000,0.039100000,0.000000000
sample,fixed_single,ordered4,1023,1023,33,383,2.564095974,2.585700000,0.079700000,0.021200000
sample,fixed_single,original,1023,1023,33,383,1.957888007,1.968000000,0.074100000,0.019800000
sample,fixed_single,ordered4_fixed_diagnostic,1023,1023,33,383,2.529184103,2.538900000,0.046900000,0.000000000
sample,fixed_single,original,1023,1023,34,383,1.952767968,1.960800000,0.064300000,0.012800000
sample,fixed_single,ordered4,1023,1023,34,383,2.543391943,2.553200000,0.054100000,0.014000000
sample,fixed_single,ordered4_fixed_diagnostic,1023,1023,34,383,2.531327963,2.543600000,0.054000000,0.000000000
sample,fixed_single,ordered4,1023,1023,35,383,2.565119982,2.581400000,0.089100000,0.023300000
sample,fixed_single,original,1023,1023,35,383,1.967103958,1.981300000,0.089700000,0.023900000
sample,fixed_single,ordered4_fixed_diagnostic,1023,1023,35,383,2.530015945,2.538900000,0.063600000,0.000000000
sample,fixed_single,original,1023,1023,36,383,1.946624041,1.957000000,0.063300000,0.011900000
sample,fixed_single,ordered4,1023,1023,36,383,2.557951927,2.568400000,0.078200000,0.025300000
sample,fixed_single,ordered4_fixed_diagnostic,1023,1023,36,383,2.535232067,2.548900000,0.066000000,0.000000000
sample,fixed_single,ordered4,1023,1023,37,383,2.579456091,2.595000000,0.100300000,0.042200000
sample,fixed_single,original,1023,1023,37,383,1.977120042,1.996300000,0.098400000,0.029100000
sample,fixed_single,ordered4_fixed_diagnostic,1023,1023,37,383,2.535423994,2.551500000,0.051700000,0.000000000
sample,fixed_single,original,1023,1023,38,383,1.972223997,1.988400000,0.087000000,0.025200000
sample,fixed_single,ordered4,1023,1023,38,383,2.561023951,2.575700000,0.078400000,0.021100000
sample,fixed_single,ordered4_fixed_diagnostic,1023,1023,38,383,2.530303955,2.538700000,0.041300000,0.000000000
sample,fixed_single,ordered4,1023,1023,39,383,2.556927919,2.572900000,0.073400000,0.019700000
sample,fixed_single,original,1023,1023,39,383,1.954815984,1.963100000,0.063800000,0.015900000
sample,fixed_single,ordered4_fixed_diagnostic,1023,1023,39,383,2.529247999,2.537600000,0.040200000,0.000000000
sample,fixed_single,original,1023,1023,40,383,1.942463994,1.949900000,0.046800000,0.007800000
sample,fixed_single,ordered4,1023,1023,40,383,2.539423943,2.548000000,0.050200000,0.010600000
sample,fixed_single,ordered4_fixed_diagnostic,1023,1023,40,383,2.531327963,2.542600000,0.050800000,0.000000000
sample,fixed_single,ordered4,1023,1023,41,383,2.543616056,2.553700000,0.063900000,0.013700000
sample,fixed_single,original,1023,1023,41,383,1.950719953,1.961400000,0.065900000,0.014700000
sample,fixed_single,ordered4_fixed_diagnostic,1023,1023,41,383,2.532351971,2.543500000,0.054100000,0.000000000
sample,fixed_single,original,1023,1023,42,383,1.957888007,1.968200000,0.077700000,0.016200000
sample,fixed_single,ordered4,1023,1023,42,383,2.547712088,2.566000000,0.067500000,0.015300000
sample,fixed_single,ordered4_fixed_diagnostic,1023,1023,42,383,2.548736095,2.588800000,0.080000000,0.000000000
sample,fixed_single,ordered4,1023,1023,43,383,2.563071966,2.579900000,0.077200000,0.023400000
sample,fixed_single,original,1023,1023,43,383,1.964032054,1.976200000,0.081700000,0.021500000
sample,fixed_single,ordered4_fixed_diagnostic,1023,1023,43,383,2.529279947,2.539000000,0.048300000,0.000000000
sample,fixed_single,original,1023,1023,44,383,1.955839992,1.968400000,0.074500000,0.015700000
sample,fixed_single,ordered4,1023,1023,44,383,2.586623907,2.607300000,0.102400000,0.043700000
sample,fixed_single,ordered4_fixed_diagnostic,1023,1023,44,383,2.536288023,2.554600000,0.058300000,0.000000000
sample,fixed_single,ordered4,1023,1023,45,383,2.560895920,2.572400000,0.075900000,0.024400000
sample,fixed_single,original,1023,1023,45,383,1.956863999,1.967000000,0.067300000,0.019200000
sample,fixed_single,ordered4_fixed_diagnostic,1023,1023,45,383,2.531327963,2.544400000,0.054800000,0.000000000
sample,fixed_single,original,1023,1023,46,383,1.972223997,1.987600000,0.097500000,0.022100000
sample,fixed_single,ordered4,1023,1023,46,383,2.547712088,2.557800000,0.062100000,0.017200000
sample,fixed_single,ordered4_fixed_diagnostic,1023,1023,46,383,2.536448002,2.554800000,0.076000000,0.000000000
sample,fixed_single,ordered4,1023,1023,47,383,2.548736095,2.558800000,0.059000000,0.012900000
sample,fixed_single,original,1023,1023,47,383,1.966079950,1.980600000,0.087700000,0.024000000
sample,fixed_single,ordered4_fixed_diagnostic,1023,1023,47,383,2.536448002,2.558900000,0.077800000,0.000000000
sample,fixed_single,original,1023,1023,48,383,1.967103958,1.981800000,0.085400000,0.026300000
sample,fixed_single,ordered4,1023,1023,48,383,2.553855896,2.565700000,0.073200000,0.019700000
sample,fixed_single,ordered4_fixed_diagnostic,1023,1023,48,383,2.531327963,2.539600000,0.039100000,0.000000000
sample,fixed_single,ordered4,1023,1023,49,383,2.542592049,2.553200000,0.061800000,0.011300000
sample,fixed_single,original,1023,1023,49,383,1.974272013,1.990900000,0.093400000,0.025800000
sample,fixed_single,ordered4_fixed_diagnostic,1023,1023,49,383,2.530303955,2.542100000,0.054100000,0.000000000
sample,fixed_single,original,1023,1023,50,383,1.948672056,1.960100000,0.067300000,0.012400000
sample,fixed_single,ordered4,1023,1023,50,383,2.559999943,2.570600000,0.080900000,0.024800000
sample,fixed_single,ordered4_fixed_diagnostic,1023,1023,50,383,2.529279947,2.539200000,0.047900000,0.000000000
sample,fixed_single,ordered4,1023,1023,51,383,2.541568041,2.554900000,0.066000000,0.011800000
sample,fixed_single,original,1023,1023,51,383,1.980416059,2.002300000,0.100800000,0.022800000
sample,fixed_single,ordered4_fixed_diagnostic,1023,1023,51,383,2.536448002,2.556100000,0.057800000,0.000000000
sample,fixed_single,original,1023,1023,52,383,1.960960031,1.970900000,0.076000000,0.020600000
sample,fixed_single,ordered4,1023,1023,52,383,2.546688080,2.555500000,0.056900000,0.016900000
sample,fixed_single,ordered4_fixed_diagnostic,1023,1023,52,383,2.539520025,2.558900000,0.086100000,0.000000000
sample,fixed_single,ordered4,1023,1023,53,383,2.551808119,2.568100000,0.095200000,0.020000000
sample,fixed_single,original,1023,1023,53,383,1.967103958,1.982900000,0.075400000,0.021900000
sample,fixed_single,ordered4_fixed_diagnostic,1023,1023,53,383,2.533375978,2.548700000,0.055100000,0.000000000
sample,fixed_single,original,1023,1023,54,383,1.954815984,1.963900000,0.066100000,0.016600000
sample,fixed_single,ordered4,1023,1023,54,383,2.552831888,2.562400000,0.070100000,0.018600000
sample,fixed_single,ordered4_fixed_diagnostic,1023,1023,54,383,2.530303955,2.538900000,0.043100000,0.000000000
sample,fixed_single,ordered4,1023,1023,55,383,2.537472010,2.546600000,0.047800000,0.009400000
sample,fixed_single,original,1023,1023,55,383,1.960960031,1.974600000,0.072900000,0.015000000
sample,fixed_single,ordered4_fixed_diagnostic,1023,1023,55,383,2.530143976,2.538100000,0.041700000,0.000000000
sample,fixed_single,original,1023,1023,56,383,1.955839992,1.970300000,0.068000000,0.013500000
sample,fixed_single,ordered4,1023,1023,56,383,2.551775932,2.560600000,0.064000000,0.016700000
sample,fixed_single,ordered4_fixed_diagnostic,1023,1023,56,383,2.530272007,2.538900000,0.039800000,0.000000000
sample,fixed_single,ordered4,1023,1023,57,383,2.540544033,2.549500000,0.055700000,0.010100000
sample,fixed_single,original,1023,1023,57,383,1.949695945,1.958300000,0.060000000,0.010900000
sample,fixed_single,ordered4_fixed_diagnostic,1023,1023,57,383,2.526207924,2.535000000,0.041500000,0.000000000
sample,fixed_single,original,1023,1023,58,383,1.941504002,1.949600000,0.063100000,0.007700000
sample,fixed_single,ordered4,1023,1023,58,383,2.538496017,2.550300000,0.047100000,0.009300000
sample,fixed_single,ordered4_fixed_diagnostic,1023,1023,58,383,2.540544033,2.576700000,0.066800000,0.000000000
sample,fixed_single,ordered4,1023,1023,59,383,2.568192005,2.581800000,0.092400000,0.035400000
sample,fixed_single,original,1023,1023,59,383,1.985535979,2.007000000,0.112500000,0.038000000
sample,fixed_single,ordered4_fixed_diagnostic,1023,1023,59,383,2.530303955,2.542700000,0.059600000,0.000000000
sample,fixed_single,original,1023,1023,60,383,1.947648048,1.957800000,0.059300000,0.011600000
sample,fixed_single,ordered4,1023,1023,60,383,2.565119982,2.574600000,0.109500000,0.031700000
sample,fixed_single,ordered4_fixed_diagnostic,1023,1023,60,383,2.530303955,2.541300000,0.049800000,0.000000000
sample,fixed_single,ordered4,1023,1023,61,383,2.549760103,2.560400000,0.067500000,0.019500000
sample,fixed_single,original,1023,1023,61,383,1.961984038,1.973500000,0.087700000,0.022100000
sample,fixed_single,ordered4_fixed_diagnostic,1023,1023,61,383,2.528255939,2.538600000,0.045700000,0.000000000
sample,fixed_single,original,1023,1023,62,383,1.958912015,1.974500000,0.075600000,0.013900000
sample,fixed_single,ordered4,1023,1023,62,383,2.551808119,2.562500000,0.071100000,0.017500000
sample,fixed_single,ordered4_fixed_diagnostic,1023,1023,62,383,2.529279947,2.537800000,0.045200000,0.000000000
sample,fixed_single,ordered4,1023,1023,63,383,2.539520025,2.551700000,0.065700000,0.010200000
sample,fixed_single,original,1023,1023,63,383,1.950719953,1.961500000,0.070100000,0.015000000
sample,fixed_single,ordered4_fixed_diagnostic,1023,1023,63,383,2.530303955,2.543600000,0.047600000,0.000000000
sample,fixed_single,original,1023,1023,64,383,1.991680026,2.033400000,0.131300000,0.032900000
sample,fixed_single,ordered4,1023,1023,64,383,2.584575891,2.597400000,0.130900000,0.044400000
sample,fixed_single,ordered4_fixed_diagnostic,1023,1023,64,383,2.532160044,2.541000000,0.047800000,0.000000000
sample,fixed_single,ordered4,1023,1023,65,383,2.557951927,2.568400000,0.076000000,0.023500000
sample,fixed_single,original,1023,1023,65,383,1.975296021,1.987000000,0.102500000,0.032900000
sample,fixed_single,ordered4_fixed_diagnostic,1023,1023,65,383,2.535423994,2.551200000,0.053500000,0.000000000
sample,fixed_single,original,1023,1023,66,383,1.947648048,1.958200000,0.062700000,0.012700000
sample,fixed_single,ordered4,1023,1023,66,383,2.566143990,2.577500000,0.085200000,0.023600000
sample,fixed_single,ordered4_fixed_diagnostic,1023,1023,66,383,2.531327963,2.540500000,0.041600000,0.000000000
sample,fixed_single,ordered4,1023,1023,67,383,2.540544033,2.552500000,0.055800000,0.010100000
sample,fixed_single,original,1023,1023,67,383,1.964032054,1.979600000,0.082700000,0.017700000
sample,fixed_single,ordered4_fixed_diagnostic,1023,1023,67,383,2.532351971,2.543600000,0.052800000,0.000000000
sample,fixed_single,original,1023,1023,68,383,1.946624041,1.957300000,0.083800000,0.010700000
sample,fixed_single,ordered4,1023,1023,68,383,2.569216013,2.586000000,0.091900000,0.028100000
sample,fixed_single,ordered4_fixed_diagnostic,1023,1023,68,383,2.531327963,2.543900000,0.047200000,0.000000000
sample,fixed_single,ordered4,1023,1023,69,383,2.571264029,2.596100000,0.103100000,0.026000000
sample,fixed_single,original,1023,1023,69,383,1.977344036,1.997800000,0.106700000,0.035300000
sample,fixed_single,ordered4_fixed_diagnostic,1023,1023,69,383,2.539520025,2.557300000,0.063400000,0.000000000
sample,fixed_single,original,1023,1023,70,383,1.968127966,1.979300000,0.085600000,0.026000000
sample,fixed_single,ordered4,1023,1023,70,383,2.568192005,2.580300000,0.086600000,0.032500000
sample,fixed_single,ordered4_fixed_diagnostic,1023,1023,70,383,2.537472010,2.561900000,0.053800000,0.000000000
sample,fixed_single,ordered4,1023,1023,71,383,2.551808119,2.562000000,0.063900000,0.018100000
sample,fixed_single,original,1023,1023,71,383,1.959936023,1.971300000,0.076500000,0.020000000
sample,fixed_single,ordered4_fixed_diagnostic,1023,1023,71,383,2.530303955,2.540400000,0.047400000,0.000000000
sample,fixed_single,original,1023,1023,72,383,1.948575974,1.956800000,0.055800000,0.010600000
sample,fixed_single,ordered4,1023,1023,72,383,2.556927919,2.571000000,0.074700000,0.017000000
sample,fixed_single,ordered4_fixed_diagnostic,1023,1023,72,383,2.528255939,2.537800000,0.040100000,0.000000000
sample,fixed_single,ordered4,1023,1023,73,383,2.546655893,2.560100000,0.059100000,0.013500000
sample,fixed_single,original,1023,1023,73,383,1.958912015,1.972600000,0.067200000,0.016400000
sample,fixed_single,ordered4_fixed_diagnostic,1023,1023,73,383,2.529279947,2.539600000,0.050200000,0.000000000
sample,fixed_single,original,1023,1023,74,383,1.979392052,2.028400000,0.104300000,0.026300000
sample,fixed_single,ordered4,1023,1023,74,383,2.587552071,2.609900000,0.132000000,0.048100000
sample,fixed_single,ordered4_fixed_diagnostic,1023,1023,74,383,2.535423994,2.554000000,0.048800000,0.000000000
sample,fixed_single,ordered4,1023,1023,75,383,2.553855896,2.564300000,0.070400000,0.020900000
sample,fixed_single,original,1023,1023,75,383,1.974272013,1.994900000,0.096900000,0.024000000
sample,fixed_single,ordered4_fixed_diagnostic,1023,1023,75,383,2.531327963,2.545100000,0.050600000,0.000000000
sample,fixed_single,original,1023,1023,76,383,1.967103958,1.982800000,0.088900000,0.024800000
sample,fixed_single,ordered4,1023,1023,76,383,2.574336052,2.592200000,0.096500000,0.034400000
sample,fixed_single,ordered4_fixed_diagnostic,1023,1023,76,383,2.536448002,2.556100000,0.063100000,0.000000000
sample,fixed_single,ordered4,1023,1023,77,383,2.556927919,2.568000000,0.080300000,0.021100000
sample,fixed_single,original,1023,1023,77,383,1.976320028,1.994700000,0.111100000,0.029300000
sample,fixed_single,ordered4_fixed_diagnostic,1023,1023,77,383,2.540544033,2.555000000,0.057100000,0.000000000
sample,fixed_single,original,1023,1023,78,383,1.949695945,1.959400000,0.060600000,0.014300000
sample,fixed_single,ordered4,1023,1023,78,383,2.563071966,2.577100000,0.078300000,0.020200000
sample,fixed_single,ordered4_fixed_diagnostic,1023,1023,78,383,2.529279947,2.537900000,0.040200000,0.000000000
sample,fixed_single,ordered4,1023,1023,79,383,2.548736095,2.561000000,0.070700000,0.014200000
sample,fixed_single,original,1023,1023,79,383,1.979392052,2.006200000,0.105300000,0.032400000
sample,fixed_single,ordered4_fixed_diagnostic,1023,1023,79,383,2.536448002,2.555300000,0.060100000,0.000000000
sample,fixed_single,original,1023,1023,80,383,1.960960031,1.971400000,0.074900000,0.020300000
sample,fixed_single,ordered4,1023,1023,80,383,2.568192005,2.584500000,0.097100000,0.029400000
sample,fixed_single,ordered4_fixed_diagnostic,1023,1023,80,383,2.538496017,2.560100000,0.060700000,0.000000000
sample,fixed_single,ordered4,1023,1023,81,383,2.558975935,2.574200000,0.076100000,0.024200000
sample,fixed_single,original,1023,1023,81,383,1.975296021,1.985800000,0.100500000,0.033800000
sample,fixed_single,ordered4_fixed_diagnostic,1023,1023,81,383,2.531327963,2.541500000,0.046600000,0.000000000
sample,fixed_single,original,1023,1023,82,383,1.945600033,1.955900000,0.058600000,0.011500000
sample,fixed_single,ordered4,1023,1023,82,383,2.547712088,2.558100000,0.081600000,0.016800000
sample,fixed_single,ordered4_fixed_diagnostic,1023,1023,82,383,2.533375978,2.552100000,0.055500000,0.000000000
sample,fixed_single,ordered4,1023,1023,83,383,2.545664072,2.555700000,0.064300000,0.015400000
sample,fixed_single,original,1023,1023,83,383,1.963008046,1.973200000,0.083200000,0.021900000
sample,fixed_single,ordered4_fixed_diagnostic,1023,1023,83,383,2.528255939,2.540800000,0.047700000,0.000000000
sample,fixed_single,original,1023,1023,84,383,1.972223997,2.001800000,0.103200000,0.026200000
sample,fixed_single,ordered4,1023,1023,84,383,2.588671923,2.626800000,0.126900000,0.039400000
sample,fixed_single,ordered4_fixed_diagnostic,1023,1023,84,383,2.538496017,2.551500000,0.055300000,0.000000000
sample,fixed_single,ordered4,1023,1023,85,383,2.564095974,2.583300000,0.090900000,0.022400000
sample,fixed_single,original,1023,1023,85,383,1.960960031,1.971300000,0.076600000,0.020100000
sample,fixed_single,ordered4_fixed_diagnostic,1023,1023,85,383,2.531327963,2.542200000,0.066700000,0.000000000
sample,fixed_single,original,1023,1023,86,383,1.963008046,1.980100000,0.106000000,0.021300000
sample,fixed_single,ordered4,1023,1023,86,383,2.563071966,2.574600000,0.090200000,0.029600000
sample,fixed_single,ordered4_fixed_diagnostic,1023,1023,86,383,2.529279947,2.540000000,0.048000000,0.000000000
sample,fixed_single,ordered4,1023,1023,87,383,2.535423994,2.545400000,0.049400000,0.008200000
sample,fixed_single,original,1023,1023,87,383,1.972223997,1.994900000,0.095500000,0.023700000
sample,fixed_single,ordered4_fixed_diagnostic,1023,1023,87,383,2.539520025,2.567200000,0.053700000,0.000000000
sample,fixed_single,original,1023,1023,88,383,1.991680026,2.010000000,0.119200000,0.040200000
sample,fixed_single,ordered4,1023,1023,88,383,2.569216013,2.591400000,0.089900000,0.034200000
sample,fixed_single,ordered4_fixed_diagnostic,1023,1023,88,383,2.531327963,2.543600000,0.049600000,0.000000000
sample,fixed_single,ordered4,1023,1023,89,383,2.549760103,2.559900000,0.061000000,0.013400000
sample,fixed_single,original,1023,1023,89,383,1.953791976,1.962200000,0.065000000,0.018100000
sample,fixed_single,ordered4_fixed_diagnostic,1023,1023,89,383,2.529088020,2.539600000,0.043600000,0.000000000
sample,fixed_single,original,1023,1023,90,383,1.965055943,1.987200000,0.076300000,0.019000000
sample,fixed_single,ordered4,1023,1023,90,383,2.567167997,2.581600000,0.099200000,0.031800000
sample,fixed_single,ordered4_fixed_diagnostic,1023,1023,90,383,2.530303955,2.542300000,0.050600000,0.000000000
sample,fixed_single,ordered4,1023,1023,91,383,2.554879904,2.571500000,0.079400000,0.016200000
sample,fixed_single,original,1023,1023,91,383,1.950719953,1.961400000,0.069200000,0.013700000
sample,fixed_single,ordered4_fixed_diagnostic,1023,1023,91,383,2.530303955,2.543300000,0.051800000,0.000000000
sample,fixed_single,original,1023,1023,92,383,1.959936023,1.979900000,0.075500000,0.016500000
sample,fixed_single,ordered4,1023,1023,92,383,2.557951927,2.569400000,0.080400000,0.020000000
sample,fixed_single,ordered4_fixed_diagnostic,1023,1023,92,383,2.530303955,2.542700000,0.051200000,0.000000000
sample,fixed_single,ordered4,1023,1023,93,383,2.540544033,2.550500000,0.057900000,0.009900000
sample,fixed_single,original,1023,1023,93,383,1.953791976,1.969100000,0.067700000,0.012800000
sample,fixed_single,ordered4_fixed_diagnostic,1023,1023,93,383,2.529279947,2.540900000,0.046900000,0.000000000
sample,fixed_single,original,1023,1023,94,383,1.944576025,1.954100000,0.054000000,0.007500000
sample,fixed_single,ordered4,1023,1023,94,383,2.547712088,2.562100000,0.061300000,0.010500000
sample,fixed_single,ordered4_fixed_diagnostic,1023,1023,94,383,2.528255939,2.538500000,0.044600000,0.000000000
sample,fixed_single,ordered4,1023,1023,95,383,2.551808119,2.573200000,0.073900000,0.013200000
sample,fixed_single,original,1023,1023,95,383,1.972223997,1.999400000,0.097300000,0.023000000
sample,fixed_single,ordered4_fixed_diagnostic,1023,1023,95,383,2.533375978,2.547100000,0.057300000,0.000000000
sample,fixed_single,original,1023,1023,96,383,1.968127966,1.985700000,0.088700000,0.018200000
sample,fixed_single,ordered4,1023,1023,96,383,2.557951927,2.568500000,0.083300000,0.028200000
sample,fixed_single,ordered4_fixed_diagnostic,1023,1023,96,383,2.529279947,2.543400000,0.063600000,0.000000000
sample,fixed_single,ordered4,1023,1023,97,383,2.571264029,2.604400000,0.103600000,0.027300000
sample,fixed_single,original,1023,1023,97,383,1.972223997,1.993300000,0.098200000,0.020600000
sample,fixed_single,ordered4_fixed_diagnostic,1023,1023,97,383,2.538496017,2.560600000,0.120500000,0.000000000
sample,fixed_single,original,1023,1023,98,383,1.958912015,1.978500000,0.082100000,0.017900000
sample,fixed_single,ordered4,1023,1023,98,383,2.566143990,2.588300000,0.100200000,0.020100000
sample,fixed_single,ordered4_fixed_diagnostic,1023,1023,98,383,2.538496017,2.560600000,0.062000000,0.000000000
sample,fixed_single,ordered4,1023,1023,99,383,2.565119982,2.585400000,0.093200000,0.020400000
sample,fixed_single,original,1023,1023,99,383,1.961984038,1.979600000,0.087400000,0.020600000
sample,fixed_single,ordered4_fixed_diagnostic,1023,1023,99,383,2.534399986,2.551600000,0.060500000,0.000000000
sample,fixed_single,original,1023,1023,100,383,1.958912015,1.977500000,0.080300000,0.017800000
sample,fixed_single,ordered4,1023,1023,100,383,2.576384068,2.599300000,0.115500000,0.028700000
sample,fixed_single,ordered4_fixed_diagnostic,1023,1023,100,383,2.538496017,2.565000000,0.073400000,0.000000000
sample,fixed_single,ordered4,1023,1023,101,383,2.576384068,2.600500000,0.114700000,0.033300000
sample,fixed_single,original,1023,1023,101,383,1.988608003,2.009800000,0.128300000,0.038600000
sample,fixed_single,ordered4_fixed_diagnostic,1023,1023,101,383,2.534399986,2.552700000,0.065500000,0.000000000
sample,fixed_single,original,1023,1023,102,383,1.973248005,1.994500000,0.106000000,0.027500000
sample,fixed_single,ordered4,1023,1023,102,383,2.576384068,2.596800000,0.110000000,0.035200000
sample,fixed_single,ordered4_fixed_diagnostic,1023,1023,102,383,2.538496017,2.558900000,0.066700000,0.000000000
sample,fixed_single,ordered4,1023,1023,103,383,2.568192005,2.586700000,0.099600000,0.027100000
sample,fixed_single,original,1023,1023,103,383,1.974272013,1.994600000,0.108300000,0.028500000
sample,fixed_single,ordered4_fixed_diagnostic,1023,1023,103,383,2.532351971,2.547500000,0.073400000,0.000000000
sample,fixed_single,original,1023,1023,104,383,1.955839992,1.969700000,0.073000000,0.017000000
sample,fixed_single,ordered4,1023,1023,104,383,2.563071966,2.578900000,0.087100000,0.019200000
sample,fixed_single,ordered4_fixed_diagnostic,1023,1023,104,383,2.533375978,2.548800000,0.055400000,0.000000000
sample,fixed_single,ordered4,1023,1023,105,383,2.566143990,2.607700000,0.090000000,0.022100000
sample,fixed_single,original,1023,1023,105,383,1.983487964,2.005200000,0.115900000,0.035200000
sample,fixed_single,ordered4_fixed_diagnostic,1023,1023,105,383,2.537472010,2.553900000,0.066000000,0.000000000
sample,fixed_single,original,1023,1023,106,383,1.983487964,2.008700000,0.111800000,0.030300000
sample,fixed_single,ordered4,1023,1023,106,383,2.576384068,2.595800000,0.106500000,0.033400000
sample,fixed_single,ordered4_fixed_diagnostic,1023,1023,106,383,2.561023951,2.583300000,0.090300000,0.000000000
sample,fixed_single,ordered4,1023,1023,107,383,2.568192005,2.587600000,0.095600000,0.020500000
sample,fixed_single,original,1023,1023,107,383,1.979392052,2.001700000,0.109800000,0.030300000
sample,fixed_single,ordered4_fixed_diagnostic,1023,1023,107,383,2.535423994,2.554600000,0.061800000,0.000000000
sample,fixed_single,original,1023,1023,108,383,1.959776044,1.976800000,0.076100000,0.016600000
sample,fixed_single,ordered4,1023,1023,108,383,2.559999943,2.581000000,0.083600000,0.017900000
sample,fixed_single,ordered4_fixed_diagnostic,1023,1023,108,383,2.534303904,2.554700000,0.059300000,0.000000000
sample,fixed_single,ordered4,1023,1023,109,383,2.561023951,2.580800000,0.084800000,0.018200000
sample,fixed_single,original,1023,1023,109,383,1.977344036,1.996000000,0.096800000,0.020900000
sample,fixed_single,ordered4_fixed_diagnostic,1023,1023,109,383,2.536448002,2.556100000,0.060700000,0.000000000
sample,fixed_single,original,1023,1023,110,383,1.963008046,1.981900000,0.081800000,0.015800000
sample,fixed_single,ordered4,1023,1023,110,383,2.562047958,2.579900000,0.089300000,0.018600000
sample,fixed_single,ordered4_fixed_diagnostic,1023,1023,110,383,2.534399986,2.554500000,0.067500000,0.000000000
sample,fixed_single,ordered4,1023,1023,111,383,2.550784111,2.572000000,0.064900000,0.015300000
sample,fixed_single,original,1023,1023,111,383,1.952576041,1.963000000,0.062000000,0.013300000
sample,fixed_single,ordered4_fixed_diagnostic,1023,1023,111,383,2.537472010,2.560100000,0.063100000,0.000000000
sample,fixed_single,original,1023,1023,112,383,1.955808043,1.967700000,0.089300000,0.018700000
sample,fixed_single,ordered4,1023,1023,112,383,2.547712088,2.557500000,0.061200000,0.014100000
sample,fixed_single,ordered4_fixed_diagnostic,1023,1023,112,383,2.527231932,2.536900000,0.040700000,0.000000000
sample,fixed_single,ordered4,1023,1023,113,383,2.545664072,2.560600000,0.062700000,0.011600000
sample,fixed_single,original,1023,1023,113,383,1.946624041,1.956000000,0.057900000,0.010600000
sample,fixed_single,ordered4_fixed_diagnostic,1023,1023,113,383,2.529279947,2.543700000,0.046700000,0.000000000
sample,fixed_single,original,1023,1023,114,383,1.978368044,2.002200000,0.098900000,0.029600000
sample,fixed_single,ordered4,1023,1023,114,383,2.544640064,2.556300000,0.073000000,0.014000000
sample,fixed_single,ordered4_fixed_diagnostic,1023,1023,114,383,2.532351971,2.544100000,0.053800000,0.000000000
sample,fixed_single,ordered4,1023,1023,115,383,2.538496017,2.548900000,0.056000000,0.009200000
sample,fixed_single,original,1023,1023,115,383,1.942528009,1.953500000,0.080000000,0.008800000
sample,fixed_single,ordered4_fixed_diagnostic,1023,1023,115,383,2.528255939,2.538300000,0.045600000,0.000000000
sample,fixed_single,original,1023,1023,116,383,1.951743960,1.967200000,0.064100000,0.009400000
sample,fixed_single,ordered4,1023,1023,116,383,2.543616056,2.554300000,0.064200000,0.009800000
sample,fixed_single,ordered4_fixed_diagnostic,1023,1023,116,383,2.529279947,2.538500000,0.046300000,0.000000000
sample,fixed_single,ordered4,1023,1023,117,383,2.534399986,2.542800000,0.070400000,0.007300000
sample,fixed_single,original,1023,1023,117,383,1.940479994,1.948900000,0.047600000,0.007100000
sample,fixed_single,ordered4_fixed_diagnostic,1023,1023,117,383,2.528255939,2.537300000,0.041000000,0.000000000
sample,fixed_single,original,1023,1023,118,383,1.940479994,1.949400000,0.068600000,0.006800000
sample,fixed_single,ordered4,1023,1023,118,383,2.554879904,2.572400000,0.075000000,0.014800000
sample,fixed_single,ordered4_fixed_diagnostic,1023,1023,118,383,2.533375978,2.548500000,0.046700000,0.000000000
sample,fixed_single,ordered4,1023,1023,119,383,2.547712088,2.563500000,0.064300000,0.011300000
sample,fixed_single,original,1023,1023,119,383,1.942528009,1.953200000,0.056900000,0.009800000
sample,fixed_single,ordered4_fixed_diagnostic,1023,1023,119,383,2.528255939,2.538100000,0.049500000,0.000000000
sample,fixed_single,original,1023,1023,120,383,1.941504002,1.951200000,0.053100000,0.007300000
sample,fixed_single,ordered4,1023,1023,120,383,2.538496017,2.548000000,0.052100000,0.007600000
sample,fixed_single,ordered4_fixed_diagnostic,1023,1023,120,383,2.533375978,2.547200000,0.048600000,0.000000000
sample,fixed_single,ordered4,1023,1023,121,383,2.539520025,2.549500000,0.056000000,0.009300000
sample,fixed_single,original,1023,1023,121,383,1.941344023,1.949200000,0.048200000,0.007400000
sample,fixed_single,ordered4_fixed_diagnostic,1023,1023,121,383,2.527231932,2.535800000,0.039200000,0.000000000
sample,fixed_single,original,1023,1023,122,383,1.941504002,1.950000000,0.047300000,0.007000000
sample,fixed_single,ordered4,1023,1023,122,383,2.536448002,2.544700000,0.047500000,0.007300000
sample,fixed_single,ordered4_fixed_diagnostic,1023,1023,122,383,2.531232119,2.539900000,0.052000000,0.000000000
sample,fixed_single,ordered4,1023,1023,123,383,2.547647953,2.557200000,0.057700000,0.009700000
sample,fixed_single,original,1023,1023,123,383,1.941504002,1.950400000,0.048000000,0.007400000
sample,fixed_single,ordered4_fixed_diagnostic,1023,1023,123,383,2.529279947,2.538500000,0.048500000,0.000000000
sample,fixed_single,original,1023,1023,124,383,1.941504002,1.950800000,0.047900000,0.006900000
sample,fixed_single,ordered4,1023,1023,124,383,2.537440062,2.545800000,0.047800000,0.007300000
sample,fixed_single,ordered4_fixed_diagnostic,1023,1023,124,383,2.527231932,2.537400000,0.039200000,0.000000000
sample,fixed_single,ordered4,1023,1023,125,383,2.557951927,2.574800000,0.078700000,0.015400000
sample,fixed_single,original,1023,1023,125,383,1.955744028,1.973300000,0.066300000,0.014900000
sample,fixed_single,ordered4_fixed_diagnostic,1023,1023,125,383,2.532351971,2.562100000,0.075800000,0.000000000
sample,fixed_single,original,1023,1023,126,383,1.952767968,1.966100000,0.068600000,0.012600000
sample,fixed_single,ordered4,1023,1023,126,383,2.541568041,2.551600000,0.060500000,0.012600000
sample,fixed_single,ordered4_fixed_diagnostic,1023,1023,126,383,2.530303955,2.540500000,0.045100000,0.000000000
sample,fixed_single,ordered4,1023,1023,127,383,2.536448002,2.546600000,0.054300000,0.007700000
sample,fixed_single,original,1023,1023,127,383,1.952767968,1.968200000,0.068500000,0.010200000
sample,fixed_single,ordered4_fixed_diagnostic,1023,1023,127,383,2.531327963,2.541100000,0.046100000,0.000000000
sample,fixed_single,original,1023,1023,128,383,1.939455986,1.949900000,0.053100000,0.007500000
sample,fixed_single,ordered4,1023,1023,128,383,2.537472010,2.548000000,0.054100000,0.008200000
sample,fixed_single,ordered4_fixed_diagnostic,1023,1023,128,383,2.527231932,2.535600000,0.040400000,0.000000000
sample,fixed_single,ordered4,1023,1023,129,383,2.535423994,2.543600000,0.048500000,0.007300000
sample,fixed_single,original,1023,1023,129,383,1.940479994,1.949300000,0.059700000,0.007100000
sample,fixed_single,ordered4_fixed_diagnostic,1023,1023,129,383,2.533216000,2.548400000,0.060700000,0.000000000
sample,fixed_single,original,1023,1023,130,383,1.957888007,1.968600000,0.064500000,0.014600000
sample,fixed_single,ordered4,1023,1023,130,383,2.554879904,2.567000000,0.075200000,0.019600000
sample,fixed_single,ordered4_fixed_diagnostic,1023,1023,130,383,2.526207924,2.537000000,0.043200000,0.000000000
sample,fixed_single,ordered4,1023,1023,131,383,2.539520025,2.549700000,0.053200000,0.007900000
sample,fixed_single,original,1023,1023,131,383,1.942528009,1.952600000,0.054500000,0.008100000
sample,fixed_single,ordered4_fixed_diagnostic,1023,1023,131,383,2.530303955,2.543500000,0.054000000,0.000000000
sample,fixed_single,original,1023,1023,132,383,1.966079950,1.984300000,0.075900000,0.015800000
sample,fixed_single,ordered4,1023,1023,132,383,2.543616056,2.555100000,0.063400000,0.014500000
sample,fixed_single,ordered4_fixed_diagnostic,1023,1023,132,383,2.529279947,2.540600000,0.053100000,0.000000000
sample,fixed_single,ordered4,1023,1023,133,383,2.536448002,2.546000000,0.053100000,0.007400000
sample,fixed_single,original,1023,1023,133,383,1.942528009,1.952700000,0.057900000,0.007800000
sample,fixed_single,ordered4_fixed_diagnostic,1023,1023,133,383,2.528255939,2.538500000,0.047000000,0.000000000
sample,fixed_single,original,1023,1023,134,383,1.951743960,1.965400000,0.064000000,0.009100000
sample,fixed_single,ordered4,1023,1023,134,383,2.538496017,2.549100000,0.055000000,0.008100000
sample,fixed_single,ordered4_fixed_diagnostic,1023,1023,134,383,2.528255939,2.539100000,0.044600000,0.000000000
sample,fixed_single,ordered4,1023,1023,135,383,2.535423994,2.544800000,0.052100000,0.007600000
sample,fixed_single,original,1023,1023,135,383,1.940479994,1.951300000,0.066000000,0.007000000
sample,fixed_single,ordered4_fixed_diagnostic,1023,1023,135,383,2.528192043,2.536400000,0.039700000,0.000000000
sample,fixed_single,original,1023,1023,136,383,1.942528009,1.950500000,0.048700000,0.007100000
sample,fixed_single,ordered4,1023,1023,136,383,2.544640064,2.557800000,0.058400000,0.009500000
sample,fixed_single,ordered4_fixed_diagnostic,1023,1023,136,383,2.530272007,2.538600000,0.039800000,0.000000000
sample,fixed_single,ordered4,1023,1023,137,383,2.535264015,2.543300000,0.047700000,0.007500000
sample,fixed_single,original,1023,1023,137,383,1.939455986,1.948800000,0.047900000,0.007400000
sample,fixed_single,ordered4_fixed_diagnostic,1023,1023,137,383,2.528127909,2.535900000,0.039500000,0.000000000
sample,fixed_single,original,1023,1023,138,383,1.940479994,1.949100000,0.047800000,0.007200000
sample,fixed_single,ordered4,1023,1023,138,383,2.536256075,2.545900000,0.047300000,0.007300000
sample,fixed_single,ordered4_fixed_diagnostic,1023,1023,138,383,2.538496017,2.556300000,0.060800000,0.000000000
sample,fixed_single,ordered4,1023,1023,139,383,2.553855896,2.566100000,0.078100000,0.016500000
sample,fixed_single,original,1023,1023,139,383,1.957888007,1.972400000,0.095100000,0.017600000
sample,fixed_single,ordered4_fixed_diagnostic,1023,1023,139,383,2.529279947,2.540100000,0.048700000,0.000000000
sample,fixed_single,original,1023,1023,140,383,1.942528009,1.953300000,0.078200000,0.009300000
sample,fixed_single,ordered4,1023,1023,140,383,2.538496017,2.549000000,0.078300000,0.010300000
sample,fixed_single,ordered4_fixed_diagnostic,1023,1023,140,383,2.533375978,2.548300000,0.049000000,0.000000000
sample,fixed_single,ordered4,1023,1023,141,383,2.540544033,2.550000000,0.075500000,0.009600000
sample,fixed_single,original,1023,1023,141,383,1.940479994,1.950500000,0.053200000,0.007600000
sample,fixed_single,ordered4_fixed_diagnostic,1023,1023,141,383,2.528255939,2.539300000,0.045200000,0.000000000
sample,fixed_single,original,1023,1023,142,383,1.940479994,1.950100000,0.053500000,0.007000000
sample,fixed_single,ordered4,1023,1023,142,383,2.538496017,2.547800000,0.063300000,0.008000000
sample,fixed_single,ordered4_fixed_diagnostic,1023,1023,142,383,2.527231932,2.537700000,0.044400000,0.000000000
sample,fixed_single,ordered4,1023,1023,143,383,2.547712088,2.563000000,0.065000000,0.010400000
sample,fixed_single,original,1023,1023,143,383,1.941504002,1.952300000,0.054400000,0.007900000
sample,fixed_single,ordered4_fixed_diagnostic,1023,1023,143,383,2.530303955,2.540400000,0.045100000,0.000000000
sample,fixed_single,original,1023,1023,144,383,1.942528009,1.953000000,0.052700000,0.006700000
sample,fixed_single,ordered4,1023,1023,144,383,2.536448002,2.545900000,0.053700000,0.007200000
sample,fixed_single,ordered4_fixed_diagnostic,1023,1023,144,383,2.529279947,2.538300000,0.039600000,0.000000000
sample,fixed_single,ordered4,1023,1023,145,383,2.535423994,2.544900000,0.049100000,0.007300000
sample,fixed_single,original,1023,1023,145,383,1.950688004,1.968300000,0.056800000,0.011100000
sample,fixed_single,ordered4_fixed_diagnostic,1023,1023,145,383,2.532351971,2.547800000,0.049600000,0.000000000
sample,fixed_single,original,1023,1023,146,383,1.943552017,1.954000000,0.080000000,0.010400000
sample,fixed_single,ordered4,1023,1023,146,383,2.538496017,2.548600000,0.085600000,0.010900000
sample,fixed_single,ordered4_fixed_diagnostic,1023,1023,146,383,2.530303955,2.539600000,0.044100000,0.000000000
sample,fixed_single,ordered4,1023,1023,147,383,2.537472010,2.547200000,0.052000000,0.007100000
sample,fixed_single,original,1023,1023,147,383,1.942368031,1.950700000,0.052500000,0.007000000
sample,fixed_single,ordered4_fixed_diagnostic,1023,1023,147,383,2.529216051,2.537900000,0.042600000,0.000000000
sample,fixed_single,original,1023,1023,148,383,1.942528009,1.950900000,0.047800000,0.007900000
sample,fixed_single,ordered4,1023,1023,148,383,2.537472010,2.545800000,0.047100000,0.007700000
sample,fixed_single,ordered4_fixed_diagnostic,1023,1023,148,383,2.527231932,2.535700000,0.039600000,0.000000000
sample,fixed_single,ordered4,1023,1023,149,383,2.536448002,2.544500000,0.047400000,0.007400000
sample,fixed_single,original,1023,1023,149,383,1.941504002,1.950200000,0.046200000,0.007100000
sample,fixed_single,ordered4_fixed_diagnostic,1023,1023,149,383,2.535423994,2.552100000,0.051300000,0.000000000
sample,fixed_single,original,1023,1023,150,383,1.943392038,1.951500000,0.069400000,0.009500000
sample,fixed_single,ordered4,1023,1023,150,383,2.536448002,2.545600000,0.048500000,0.008000000
sample,fixed_single,ordered4_fixed_diagnostic,1023,1023,150,383,2.527231932,2.536600000,0.039300000,0.000000000
sample,fixed_single,ordered4,1023,1023,151,383,2.536448002,2.545100000,0.047600000,0.007000000
sample,fixed_single,original,1023,1023,151,383,1.940479994,1.949600000,0.047100000,0.007100000
sample,fixed_single,ordered4_fixed_diagnostic,1023,1023,151,383,2.529279947,2.539000000,0.038700000,0.000000000
sample,fixed_single,original,1023,1023,152,383,1.977344036,1.996300000,0.096400000,0.016300000
sample,fixed_single,ordered4,1023,1023,152,383,2.553855896,2.569600000,0.111500000,0.016800000
sample,fixed_single,ordered4_fixed_diagnostic,1023,1023,152,383,2.529279947,2.538100000,0.042400000,0.000000000
sample,fixed_single,ordered4,1023,1023,153,383,2.535423994,2.546000000,0.051500000,0.008600000
sample,fixed_single,original,1023,1023,153,383,1.943552017,1.953500000,0.054000000,0.009300000
sample,fixed_single,ordered4_fixed_diagnostic,1023,1023,153,383,2.528255939,2.537000000,0.043200000,0.000000000
sample,fixed_single,original,1023,1023,154,383,1.943552017,1.953800000,0.051900000,0.007200000
sample,fixed_single,ordered4,1023,1023,154,383,2.557951927,2.581700000,0.087500000,0.019500000
sample,fixed_single,ordered4_fixed_diagnostic,1023,1023,154,383,2.531327963,2.543300000,0.048100000,0.000000000
sample,fixed_single,ordered4,1023,1023,155,383,2.540544033,2.551200000,0.056700000,0.010400000
sample,fixed_single,original,1023,1023,155,383,1.956863999,1.967100000,0.075000000,0.017200000
sample,fixed_single,ordered4_fixed_diagnostic,1023,1023,155,383,2.529279947,2.539500000,0.046100000,0.000000000
sample,fixed_single,original,1023,1023,156,383,1.941504002,1.952000000,0.052800000,0.007400000
sample,fixed_single,ordered4,1023,1023,156,383,2.536448002,2.546700000,0.052500000,0.007300000
sample,fixed_single,ordered4_fixed_diagnostic,1023,1023,156,383,2.531327963,2.545800000,0.049600000,0.000000000
sample,fixed_single,ordered4,1023,1023,157,383,2.538496017,2.548000000,0.056200000,0.009400000
sample,fixed_single,original,1023,1023,157,383,1.942528009,1.951500000,0.048200000,0.007700000
sample,fixed_single,ordered4_fixed_diagnostic,1023,1023,157,383,2.528255939,2.537700000,0.039700000,0.000000000
sample,fixed_single,original,1023,1023,158,383,1.941504002,1.949900000,0.048800000,0.006900000
sample,fixed_single,ordered4,1023,1023,158,383,2.535423994,2.543800000,0.050000000,0.007400000
sample,fixed_single,ordered4_fixed_diagnostic,1023,1023,158,383,2.536448002,2.559300000,0.051600000,0.000000000
sample,fixed_single,ordered4,1023,1023,159,383,2.544575930,2.559700000,0.056000000,0.011700000
sample,fixed_single,original,1023,1023,159,383,1.953791976,1.967700000,0.068700000,0.012500000
sample,fixed_single,ordered4_fixed_diagnostic,1023,1023,159,383,2.527231932,2.537100000,0.046100000,0.000000000
sample,fixed_single,original,1023,1023,160,383,1.944576025,1.954500000,0.058200000,0.007800000
sample,fixed_single,ordered4,1023,1023,160,383,2.536448002,2.547100000,0.053100000,0.008200000
sample,fixed_single,ordered4_fixed_diagnostic,1023,1023,160,383,2.530303955,2.540800000,0.045700000,0.000000000
sample,fixed_single,ordered4,1023,1023,161,383,2.547712088,2.564400000,0.063400000,0.011600000
sample,fixed_single,original,1023,1023,161,383,1.944576025,1.953500000,0.057500000,0.009700000
sample,fixed_single,ordered4_fixed_diagnostic,1023,1023,161,383,2.530303955,2.539600000,0.039300000,0.000000000
sample,fixed_single,original,1023,1023,162,383,1.940479994,1.950200000,0.052900000,0.006800000
sample,fixed_single,ordered4,1023,1023,162,383,2.535423994,2.545100000,0.054000000,0.007200000
sample,fixed_single,ordered4_fixed_diagnostic,1023,1023,162,383,2.526207924,2.537500000,0.044300000,0.000000000
sample,fixed_single,ordered4,1023,1023,163,383,2.538496017,2.548200000,0.051000000,0.007500000
sample,fixed_single,original,1023,1023,163,383,1.945600033,1.958400000,0.057000000,0.008800000
sample,fixed_single,ordered4_fixed_diagnostic,1023,1023,163,383,2.527231932,2.536500000,0.040300000,0.000000000
sample,fixed_single,original,1023,1023,164,383,1.940448046,1.948500000,0.047600000,0.007000000
sample,fixed_single,ordered4,1023,1023,164,383,2.536448002,2.544700000,0.047800000,0.008100000
sample,fixed_single,ordered4_fixed_diagnostic,1023,1023,164,383,2.529279947,2.538400000,0.039700000,0.000000000
sample,fixed_single,ordered4,1023,1023,165,383,2.536448002,2.544700000,0.067700000,0.007100000
sample,fixed_single,original,1023,1023,165,383,1.940479994,1.959800000,0.073100000,0.006900000
sample,fixed_single,ordered4_fixed_diagnostic,1023,1023,165,383,2.665184021,2.746800000,0.436500000,0.000000000
sample,fixed_single,original,1023,1023,166,383,1.977344036,1.996500000,0.113400000,0.030700000
sample,fixed_single,ordered4,1023,1023,166,383,2.555903912,2.567700000,0.090100000,0.021600000
sample,fixed_single,ordered4_fixed_diagnostic,1023,1023,166,383,2.527231932,2.537200000,0.046800000,0.000000000
sample,fixed_single,ordered4,1023,1023,167,383,2.539520025,2.551500000,0.090300000,0.009300000
sample,fixed_single,original,1023,1023,167,383,1.943552017,1.954700000,0.056100000,0.010800000
sample,fixed_single,ordered4_fixed_diagnostic,1023,1023,167,383,2.539520025,2.559900000,0.060700000,0.000000000
sample,fixed_single,original,1023,1023,168,383,1.971199989,1.991900000,0.093700000,0.023800000
sample,fixed_single,ordered4,1023,1023,168,383,2.553855896,2.565000000,0.079500000,0.021100000
sample,fixed_single,ordered4_fixed_diagnostic,1023,1023,168,383,2.530303955,2.540100000,0.041900000,0.000000000
sample,fixed_single,ordered4,1023,1023,169,383,2.539520025,2.550200000,0.078100000,0.010100000
sample,fixed_single,original,1023,1023,169,383,1.942528009,1.952700000,0.057900000,0.009500000
sample,fixed_single,ordered4_fixed_diagnostic,1023,1023,169,383,2.531327963,2.543200000,0.045900000,0.000000000
sample,fixed_single,original,1023,1023,170,383,1.961984038,1.983500000,0.081400000,0.016300000
sample,fixed_single,ordered4,1023,1023,170,383,2.564095974,2.600000000,0.090900000,0.021600000
sample,fixed_single,ordered4_fixed_diagnostic,1023,1023,170,383,2.534399986,2.552300000,0.060800000,0.000000000
sample,fixed_single,ordered4,1023,1023,171,383,2.549760103,2.564500000,0.068800000,0.012900000
sample,fixed_single,original,1023,1023,171,383,1.954815984,1.965200000,0.069000000,0.013800000
sample,fixed_single,ordered4_fixed_diagnostic,1023,1023,171,383,2.529184103,2.537100000,0.039500000,0.000000000
sample,fixed_single,original,1023,1023,172,383,1.940479994,1.951000000,0.049100000,0.007000000
sample,fixed_single,ordered4,1023,1023,172,383,2.547712088,2.566500000,0.083500000,0.012300000
sample,fixed_single,ordered4_fixed_diagnostic,1023,1023,172,383,2.529279947,2.540000000,0.045300000,0.000000000
sample,fixed_single,ordered4,1023,1023,173,383,2.548736095,2.565000000,0.063400000,0.010600000
sample,fixed_single,original,1023,1023,173,383,1.954815984,1.964900000,0.068100000,0.015700000
sample,fixed_single,ordered4_fixed_diagnostic,1023,1023,173,383,2.527231932,2.538800000,0.043800000,0.000000000
sample,fixed_single,original,1023,1023,174,383,1.944576025,1.954400000,0.054700000,0.007600000
sample,fixed_single,ordered4,1023,1023,174,383,2.559999943,2.582200000,0.089200000,0.012900000
sample,fixed_single,ordered4_fixed_diagnostic,1023,1023,174,383,2.528255939,2.538200000,0.045900000,0.000000000
sample,fixed_single,ordered4,1023,1023,175,383,2.539520025,2.549000000,0.056700000,0.008600000
sample,fixed_single,original,1023,1023,175,383,1.940479994,1.949000000,0.049300000,0.008200000
sample,fixed_single,ordered4_fixed_diagnostic,1023,1023,175,383,2.528255939,2.536700000,0.040200000,0.000000000
sample,fixed_single,original,1023,1023,176,383,1.939455986,1.948100000,0.047900000,0.006800000
sample,fixed_single,ordered4,1023,1023,176,383,2.534399986,2.543300000,0.052100000,0.007300000
sample,fixed_single,ordered4_fixed_diagnostic,1023,1023,176,383,2.532351971,2.546100000,0.068800000,0.000000000
sample,fixed_single,ordered4,1023,1023,177,383,2.539520025,2.548200000,0.049400000,0.009600000
sample,fixed_single,original,1023,1023,177,383,1.942528009,1.950700000,0.067300000,0.007300000
sample,fixed_single,ordered4_fixed_diagnostic,1023,1023,177,383,2.530303955,2.539100000,0.039300000,0.000000000
sample,fixed_single,original,1023,1023,178,383,1.941472054,1.950000000,0.045600000,0.007000000
sample,fixed_single,ordered4,1023,1023,178,383,2.536448002,2.546100000,0.053000000,0.007200000
sample,fixed_single,ordered4_fixed_diagnostic,1023,1023,178,383,2.530303955,2.542000000,0.043300000,0.000000000
sample,fixed_single,ordered4,1023,1023,179,383,2.549760103,2.569600000,0.066500000,0.012700000
sample,fixed_single,original,1023,1023,179,383,1.947648048,1.958500000,0.061700000,0.011400000
sample,fixed_single,ordered4_fixed_diagnostic,1023,1023,179,383,2.529279947,2.540500000,0.045200000,0.000000000
sample,fixed_single,original,1023,1023,180,383,1.951743960,1.970900000,0.065500000,0.013000000
sample,fixed_single,ordered4,1023,1023,180,383,2.542592049,2.555000000,0.063300000,0.011900000
sample,fixed_single,ordered4_fixed_diagnostic,1023,1023,180,383,2.532351971,2.542400000,0.046100000,0.000000000
sample,fixed_single,ordered4,1023,1023,181,383,2.540544033,2.552400000,0.055000000,0.009300000
sample,fixed_single,original,1023,1023,181,383,1.944576025,1.954300000,0.085700000,0.009600000
sample,fixed_single,ordered4_fixed_diagnostic,1023,1023,181,383,2.529279947,2.538900000,0.045200000,0.000000000
sample,fixed_single,original,1023,1023,182,383,1.940479994,1.948800000,0.048300000,0.007400000
sample,fixed_single,ordered4,1023,1023,182,383,2.536448002,2.545900000,0.051000000,0.008300000
sample,fixed_single,ordered4_fixed_diagnostic,1023,1023,182,383,2.531327963,2.541300000,0.041400000,0.000000000
sample,fixed_single,ordered4,1023,1023,183,383,2.536448002,2.546200000,0.069100000,0.009100000
sample,fixed_single,original,1023,1023,183,383,1.959936023,1.976600000,0.070100000,0.013700000
sample,fixed_single,ordered4_fixed_diagnostic,1023,1023,183,383,2.532351971,2.544700000,0.052800000,0.000000000
sample,fixed_single,original,1023,1023,184,383,1.954815984,1.968600000,0.069500000,0.014400000
sample,fixed_single,ordered4,1023,1023,184,383,2.558975935,2.574900000,0.080900000,0.024400000
sample,fixed_single,ordered4_fixed_diagnostic,1023,1023,184,383,2.550784111,2.610900000,0.093500000,0.000000000
sample,fixed_single,ordered4,1023,1023,185,383,2.582528114,2.601600000,0.108100000,0.037000000
sample,fixed_single,original,1023,1023,185,383,1.975296021,1.987700000,0.102800000,0.034500000
sample,fixed_single,ordered4_fixed_diagnostic,1023,1023,185,383,2.530303955,2.541000000,0.051200000,0.000000000
sample,fixed_single,original,1023,1023,186,383,1.953791976,1.965600000,0.073500000,0.013900000
sample,fixed_single,ordered4,1023,1023,186,383,2.557951927,2.569100000,0.079200000,0.022300000
sample,fixed_single,ordered4_fixed_diagnostic,1023,1023,186,383,2.530303955,2.564400000,0.054700000,0.000000000
sample,fixed_single,ordered4,1023,1023,187,383,2.536448002,2.547600000,0.051200000,0.008200000
sample,fixed_single,original,1023,1023,187,383,1.943552017,1.953600000,0.085000000,0.009800000
sample,fixed_single,ordered4_fixed_diagnostic,1023,1023,187,383,2.530303955,2.540700000,0.045900000,0.000000000
sample,fixed_single,original,1023,1023,188,383,1.949695945,1.960700000,0.065200000,0.013900000
sample,fixed_single,ordered4,1023,1023,188,383,2.546688080,2.557300000,0.066600000,0.016000000
sample,fixed_single,ordered4_fixed_diagnostic,1023,1023,188,383,2.535423994,2.553700000,0.059100000,0.000000000
sample,fixed_single,ordered4,1023,1023,189,383,2.558975935,2.569700000,0.081400000,0.019200000
sample,fixed_single,original,1023,1023,189,383,1.956863999,1.971700000,0.078500000,0.019500000
sample,fixed_single,ordered4_fixed_diagnostic,1023,1023,189,383,2.541568041,2.566200000,0.079100000,0.000000000
sample,fixed_single,original,1023,1023,190,383,1.968127966,1.987900000,0.082500000,0.021600000
sample,fixed_single,ordered4,1023,1023,190,383,2.552831888,2.562200000,0.072400000,0.019500000
sample,fixed_single,ordered4_fixed_diagnostic,1023,1023,190,383,2.533375978,2.544300000,0.056400000,0.000000000
sample,fixed_single,ordered4,1023,1023,191,383,2.549760103,2.561400000,0.065200000,0.015500000
sample,fixed_single,original,1023,1023,191,383,1.971199989,1.987900000,0.094900000,0.025600000
sample,fixed_single,ordered4_fixed_diagnostic,1023,1023,191,383,2.529279947,2.540600000,0.052600000,0.000000000
sample,fixed_single,original,1023,1023,192,383,1.971199989,1.988300000,0.089800000,0.024400000
sample,fixed_single,ordered4,1023,1023,192,383,2.556864023,2.566800000,0.079600000,0.024400000
sample,fixed_single,ordered4_fixed_diagnostic,1023,1023,192,383,2.532351971,2.542100000,0.044400000,0.000000000
sample,fixed_single,ordered4,1023,1023,193,383,2.551808119,2.564600000,0.064700000,0.012800000
sample,fixed_single,original,1023,1023,193,383,1.945600033,1.955400000,0.054900000,0.011500000
sample,fixed_single,ordered4_fixed_diagnostic,1023,1023,193,383,2.530303955,2.546400000,0.051600000,0.000000000
sample,fixed_single,original,1023,1023,194,383,1.976256013,2.009200000,0.095000000,0.026900000
sample,fixed_single,ordered4,1023,1023,194,383,2.565119982,2.578600000,0.087200000,0.029200000
sample,fixed_single,ordered4_fixed_diagnostic,1023,1023,194,383,2.532351971,2.547500000,0.054900000,0.000000000
sample,fixed_single,ordered4,1023,1023,195,383,2.577408075,2.612800000,0.106000000,0.032300000
sample,fixed_single,original,1023,1023,195,383,1.976320028,2.003000000,0.099200000,0.027300000
sample,fixed_single,ordered4_fixed_diagnostic,1023,1023,195,383,2.531327963,2.541600000,0.053100000,0.000000000
sample,fixed_single,original,1023,1023,196,383,1.955839992,1.968600000,0.078000000,0.018200000
sample,fixed_single,ordered4,1023,1023,196,383,2.548736095,2.558500000,0.061700000,0.017200000
sample,fixed_single,ordered4_fixed_diagnostic,1023,1023,196,383,2.528255939,2.538300000,0.038700000,0.000000000
sample,fixed_single,ordered4,1023,1023,197,383,2.557951927,2.573700000,0.079900000,0.017600000
sample,fixed_single,original,1023,1023,197,383,1.961984038,1.979700000,0.074100000,0.017400000
sample,fixed_single,ordered4_fixed_diagnostic,1023,1023,197,383,2.533375978,2.542900000,0.048600000,0.000000000
sample,fixed_single,original,1023,1023,198,383,1.948672056,1.959200000,0.095000000,0.012300000
sample,fixed_single,ordered4,1023,1023,198,383,2.550784111,2.560200000,0.064100000,0.015800000
sample,fixed_single,ordered4_fixed_diagnostic,1023,1023,198,383,2.530303955,2.540600000,0.050500000,0.000000000
sample,fixed_single,ordered4,1023,1023,199,383,2.546688080,2.561700000,0.064500000,0.013100000
sample,fixed_single,original,1023,1023,199,383,1.958912015,1.969700000,0.072600000,0.015600000
sample,fixed_single,ordered4_fixed_diagnostic,1023,1023,199,383,2.529279947,2.545100000,0.051800000,0.000000000
sample,fixed_single,original,1023,1023,200,383,1.977280021,2.010800000,0.108800000,0.028300000
sample,fixed_single,ordered4,1023,1023,200,383,2.562047958,2.580400000,0.075200000,0.022100000
sample,fixed_single,ordered4_fixed_diagnostic,1023,1023,200,383,2.547712088,2.567000000,0.063800000,0.000000000
sample,fixed_single,ordered4,1023,1023,201,383,2.553855896,2.563000000,0.067400000,0.017200000
sample,fixed_single,original,1023,1023,201,383,1.963008046,1.972300000,0.079800000,0.023000000
sample,fixed_single,ordered4_fixed_diagnostic,1023,1023,201,383,2.530303955,2.538800000,0.043300000,0.000000000
sample,fixed_single,original,1023,1023,202,383,1.942528009,1.952100000,0.049600000,0.008900000
sample,fixed_single,ordered4,1023,1023,202,383,2.547712088,2.561600000,0.085300000,0.015100000
sample,fixed_single,ordered4_fixed_diagnostic,1023,1023,202,383,2.528192043,2.537300000,0.039300000,0.000000000
sample,fixed_single,ordered4,1023,1023,203,383,2.552831888,2.563400000,0.070700000,0.012200000
sample,fixed_single,original,1023,1023,203,383,1.963008046,1.981600000,0.074100000,0.017600000
sample,fixed_single,ordered4_fixed_diagnostic,1023,1023,203,383,2.530303955,2.539000000,0.046200000,0.000000000
sample,fixed_single,original,1023,1023,204,383,1.946624041,1.957200000,0.062100000,0.011000000
sample,fixed_single,ordered4,1023,1023,204,383,2.546688080,2.555400000,0.061300000,0.014500000
sample,fixed_single,ordered4_fixed_diagnostic,1023,1023,204,383,2.528255939,2.537300000,0.038600000,0.000000000
sample,fixed_single,ordered4,1023,1023,205,383,2.537472010,2.546100000,0.046900000,0.008100000
sample,fixed_single,original,1023,1023,205,383,1.965055943,1.985700000,0.084500000,0.018900000
sample,fixed_single,ordered4_fixed_diagnostic,1023,1023,205,383,2.537472010,2.560500000,0.064100000,0.000000000
sample,fixed_single,original,1023,1023,206,383,1.977344036,1.988500000,0.101500000,0.033500000
sample,fixed_single,ordered4,1023,1023,206,383,2.576384068,2.587900000,0.101300000,0.042900000
sample,fixed_single,ordered4_fixed_diagnostic,1023,1023,206,383,2.529279947,2.539000000,0.045700000,0.000000000
sample,fixed_single,ordered4,1023,1023,207,383,2.538496017,2.546700000,0.073300000,0.008600000
sample,fixed_single,original,1023,1023,207,383,1.968127966,1.983700000,0.081400000,0.017400000
sample,fixed_single,ordered4_fixed_diagnostic,1023,1023,207,383,2.529279947,2.538300000,0.044600000,0.000000000
sample,fixed_single,original,1023,1023,208,383,1.944576025,1.955000000,0.049500000,0.009500000
sample,fixed_single,ordered4,1023,1023,208,383,2.558975935,2.575800000,0.066400000,0.020500000
sample,fixed_single,ordered4_fixed_diagnostic,1023,1023,208,383,2.537280083,2.557900000,0.048600000,0.000000000
sample,fixed_single,ordered4,1023,1023,209,383,2.566112041,2.584800000,0.085200000,0.025600000
sample,fixed_single,original,1023,1023,209,383,1.963008046,1.976600000,0.077400000,0.021600000
sample,fixed_single,ordered4_fixed_diagnostic,1023,1023,209,383,2.531327963,2.544400000,0.067400000,0.000000000
sample,fixed_single,original,1023,1023,210,383,1.964895964,1.978600000,0.078700000,0.018900000
sample,fixed_single,ordered4,1023,1023,210,383,2.546688080,2.555200000,0.060300000,0.015700000
sample,fixed_single,ordered4_fixed_diagnostic,1023,1023,210,383,2.536351919,2.550500000,0.063700000,0.000000000
sample,fixed_single,ordered4,1023,1023,211,383,2.561023951,2.586700000,0.072100000,0.021700000
sample,fixed_single,original,1023,1023,211,383,1.961984038,1.976600000,0.075100000,0.022600000
sample,fixed_single,ordered4_fixed_diagnostic,1023,1023,211,383,2.532351971,2.541700000,0.053800000,0.000000000
sample,fixed_single,original,1023,1023,212,383,1.942528009,1.950300000,0.049400000,0.008600000
sample,fixed_single,ordered4,1023,1023,212,383,2.555903912,2.565300000,0.067000000,0.018000000
sample,fixed_single,ordered4_fixed_diagnostic,1023,1023,212,383,2.533087969,2.546100000,0.049600000,0.000000000
sample,fixed_single,ordered4,1023,1023,213,383,2.541568041,2.549700000,0.053600000,0.012300000
sample,fixed_single,original,1023,1023,213,383,1.951743960,1.960200000,0.060800000,0.012400000
sample,fixed_single,ordered4_fixed_diagnostic,1023,1023,213,383,2.530303955,2.540600000,0.050200000,0.000000000
sample,fixed_single,original,1023,1023,214,383,1.951743960,1.962500000,0.064800000,0.012600000
sample,fixed_single,ordered4,1023,1023,214,383,2.548736095,2.562000000,0.082800000,0.014500000
sample,fixed_single,ordered4_fixed_diagnostic,1023,1023,214,383,2.534399986,2.549500000,0.055800000,0.000000000
sample,fixed_single,ordered4,1023,1023,215,383,2.554879904,2.567000000,0.075100000,0.017600000
sample,fixed_single,original,1023,1023,215,383,1.972223997,1.992200000,0.098400000,0.027500000
sample,fixed_single,ordered4_fixed_diagnostic,1023,1023,215,383,2.529279947,2.540600000,0.050800000,0.000000000
sample,fixed_single,original,1023,1023,216,383,1.967103958,1.989100000,0.097000000,0.019600000
sample,fixed_single,ordered4,1023,1023,216,383,2.573312044,2.588100000,0.096700000,0.035300000
sample,fixed_single,ordered4_fixed_diagnostic,1023,1023,216,383,2.530303955,2.541300000,0.051500000,0.000000000
sample,fixed_single,ordered4,1023,1023,217,383,2.563071966,2.583300000,0.086600000,0.023000000
sample,fixed_single,original,1023,1023,217,383,1.981439948,1.999800000,0.103900000,0.034300000
sample,fixed_single,ordered4_fixed_diagnostic,1023,1023,217,383,2.530303955,2.539200000,0.046400000,0.000000000
sample,fixed_single,original,1023,1023,218,383,1.945600033,1.956300000,0.061000000,0.009200000
sample,fixed_single,ordered4,1023,1023,218,383,2.561023951,2.577000000,0.079500000,0.022900000
sample,fixed_single,ordered4_fixed_diagnostic,1023,1023,218,383,2.532351971,2.545300000,0.048100000,0.000000000
sample,fixed_single,ordered4,1023,1023,219,383,2.552831888,2.564800000,0.068500000,0.013800000
sample,fixed_single,original,1023,1023,219,383,1.956863999,1.969300000,0.095700000,0.019600000
sample,fixed_single,ordered4_fixed_diagnostic,1023,1023,219,383,2.530303955,2.544200000,0.046300000,0.000000000
sample,fixed_single,original,1023,1023,220,383,1.956863999,1.970800000,0.070400000,0.015200000
sample,fixed_single,ordered4,1023,1023,220,383,2.561023951,2.578500000,0.081300000,0.019600000
sample,fixed_single,ordered4_fixed_diagnostic,1023,1023,220,383,2.533184052,2.549400000,0.048200000,0.000000000
sample,fixed_single,ordered4,1023,1023,221,383,2.575360060,2.592700000,0.109700000,0.028100000
sample,fixed_single,original,1023,1023,221,383,1.970175982,1.994900000,0.087200000,0.024000000
sample,fixed_single,ordered4_fixed_diagnostic,1023,1023,221,383,2.535327911,2.552300000,0.054700000,0.000000000
sample,fixed_single,original,1023,1023,222,383,1.963008046,1.975400000,0.079800000,0.023000000
sample,fixed_single,ordered4,1023,1023,222,383,2.575360060,2.614700000,0.108200000,0.031500000
sample,fixed_single,ordered4_fixed_diagnostic,1023,1023,222,383,2.544640064,2.585800000,0.085900000,0.000000000
sample,fixed_single,ordered4,1023,1023,223,383,2.567167997,2.583600000,0.086300000,0.026600000
sample,fixed_single,original,1023,1023,223,383,1.964032054,1.977400000,0.081500000,0.023700000
sample,fixed_single,ordered4_fixed_diagnostic,1023,1023,223,383,2.541536093,2.571300000,0.072400000,0.000000000
sample,fixed_single,original,1023,1023,224,383,1.973248005,2.006100000,0.090400000,0.027200000
sample,fixed_single,ordered4,1023,1023,224,383,2.579263926,2.603500000,0.108900000,0.031600000
sample,fixed_single,ordered4_fixed_diagnostic,1023,1023,224,383,2.541568041,2.573500000,0.069700000,0.000000000
sample,fixed_single,ordered4,1023,1023,225,383,2.582528114,2.616500000,0.129600000,0.028400000
sample,fixed_single,original,1023,1023,225,383,1.980416059,2.019900000,0.095000000,0.029200000
sample,fixed_single,ordered4_fixed_diagnostic,1023,1023,225,383,2.554879904,2.576200000,0.074900000,0.000000000
sample,fixed_single,original,1023,1023,226,383,1.974272013,2.005200000,0.090000000,0.026800000
sample,fixed_single,ordered4,1023,1023,226,383,2.576319933,2.596500000,0.112500000,0.032800000
sample,fixed_single,ordered4_fixed_diagnostic,1023,1023,226,383,2.534399986,2.552000000,0.053600000,0.000000000
sample,fixed_single,ordered4,1023,1023,227,383,2.569216013,2.594300000,0.075900000,0.024700000
sample,fixed_single,original,1023,1023,227,383,1.988512039,2.012300000,0.120600000,0.031900000
sample,fixed_single,ordered4_fixed_diagnostic,1023,1023,227,383,2.544640064,2.572300000,0.080100000,0.000000000
sample,fixed_single,original,1023,1023,228,383,1.977056026,2.012100000,0.092500000,0.028700000
sample,fixed_single,ordered4,1023,1023,228,383,2.571264029,2.590800000,0.092100000,0.025500000
sample,fixed_single,ordered4_fixed_diagnostic,1023,1023,228,383,2.540544033,2.579000000,0.081200000,0.000000000
sample,fixed_single,ordered4,1023,1023,229,383,2.567167997,2.598400000,0.083600000,0.024900000
sample,fixed_single,original,1023,1023,229,383,1.973248005,1.997300000,0.092400000,0.024800000
sample,fixed_single,ordered4_fixed_diagnostic,1023,1023,229,383,2.536448002,2.554300000,0.060100000,0.000000000
sample,fixed_single,original,1023,1023,230,383,1.958912015,1.967800000,0.073000000,0.021100000
sample,fixed_single,ordered4,1023,1023,230,383,2.553760052,2.562500000,0.072100000,0.019200000
sample,fixed_single,ordered4_fixed_diagnostic,1023,1023,230,383,2.528255939,2.543200000,0.046200000,0.000000000
sample,fixed_single,ordered4,1023,1023,231,383,2.573312044,2.610300000,0.104900000,0.030500000
sample,fixed_single,original,1023,1023,231,383,2.001919985,2.029800000,0.148500000,0.044300000
sample,fixed_single,ordered4_fixed_diagnostic,1023,1023,231,383,2.538496017,2.561200000,0.078600000,0.000000000
sample,fixed_single,original,1023,1023,232,383,2.015232086,2.052300000,0.145900000,0.051200000
sample,fixed_single,ordered4,1023,1023,232,383,2.557951927,2.572200000,0.077100000,0.021200000
sample,fixed_single,ordered4_fixed_diagnostic,1023,1023,232,383,2.539520025,2.565700000,0.059200000,0.000000000
sample,fixed_single,ordered4,1023,1023,233,383,2.568192005,2.589400000,0.092200000,0.027200000
sample,fixed_single,original,1023,1023,233,383,1.966048002,1.975300000,0.084100000,0.021600000
sample,fixed_single,ordered4_fixed_diagnostic,1023,1023,233,383,2.534399986,2.551300000,0.072400000,0.000000000
sample,fixed_single,original,1023,1023,234,383,1.972159982,2.001400000,0.087100000,0.024900000
sample,fixed_single,ordered4,1023,1023,234,383,2.554879904,2.567300000,0.076000000,0.021500000
sample,fixed_single,ordered4_fixed_diagnostic,1023,1023,234,383,2.536448002,2.554800000,0.053400000,0.000000000
sample,fixed_single,ordered4,1023,1023,235,383,2.582528114,2.603200000,0.111400000,0.037600000
sample,fixed_single,original,1023,1023,235,383,1.987583995,2.021800000,0.114800000,0.036600000
sample,fixed_single,ordered4_fixed_diagnostic,1023,1023,235,383,2.546688080,2.557700000,0.053100000,0.000000000
sample,fixed_single,original,1023,1023,236,383,1.968127966,1.983200000,0.094100000,0.026400000
sample,fixed_single,ordered4,1023,1023,236,383,2.568192005,2.580600000,0.093800000,0.034300000
sample,fixed_single,ordered4_fixed_diagnostic,1023,1023,236,383,2.532351971,2.545300000,0.046800000,0.000000000
sample,fixed_single,ordered4,1023,1023,237,383,3.079168081,3.102000000,0.076300000,0.015600000
sample,fixed_single,original,1023,1023,237,383,1.973248005,1.989400000,0.080300000,0.019000000
sample,fixed_single,ordered4_fixed_diagnostic,1023,1023,237,383,2.556927919,2.590400000,0.082800000,0.000000000
sample,fixed_single,original,1023,1023,238,383,1.978080034,2.004800000,0.087000000,0.026200000
sample,fixed_single,ordered4,1023,1023,238,383,2.549472094,2.563100000,0.094200000,0.019400000
sample,fixed_single,ordered4_fixed_diagnostic,1023,1023,238,383,2.541568041,2.574400000,0.057900000,0.000000000
sample,fixed_single,ordered4,1023,1023,239,383,2.570240021,2.583600000,0.093700000,0.035300000
sample,fixed_single,original,1023,1023,239,383,1.977344036,1.989200000,0.112300000,0.034600000
sample,fixed_single,ordered4_fixed_diagnostic,1023,1023,239,383,2.532351971,2.544500000,0.059700000,0.000000000
sample,fixed_single,original,1023,1023,240,383,1.957888007,1.972100000,0.078100000,0.018000000
sample,fixed_single,ordered4,1023,1023,240,383,7.269375801,7.314900000,0.118600000,0.043400000
sample,fixed_single,ordered4_fixed_diagnostic,1023,1023,240,383,2.588671923,2.684300000,0.091900000,0.000000000
sample,fixed_single,ordered4,1023,1023,241,383,3.289088011,3.304400000,0.128000000,0.041900000
sample,fixed_single,original,1023,1023,241,383,2.690047979,2.708700000,0.114100000,0.037600000
sample,fixed_single,ordered4_fixed_diagnostic,1023,1023,241,383,2.857984066,2.874500000,0.051800000,0.000000000
sample,fixed_single,original,1023,1023,242,383,2.555903912,2.654000000,0.128500000,0.042100000
sample,fixed_single,ordered4,1023,1023,242,383,3.183615923,3.200000000,0.108800000,0.035200000
sample,fixed_single,ordered4_fixed_diagnostic,1023,1023,242,383,3.133440018,3.251800000,0.077100000,0.000000000
sample,fixed_single,ordered4,1023,1023,243,383,3.655679941,3.768600000,0.108800000,0.044100000
sample,fixed_single,original,1023,1023,243,383,2.571264029,2.687300000,0.108500000,0.035500000
sample,fixed_single,ordered4_fixed_diagnostic,1023,1023,243,383,3.106816053,3.234300000,0.057400000,0.000000000
sample,fixed_single,original,1023,1023,244,383,2.015232086,2.062000000,0.153800000,0.054500000
sample,fixed_single,ordered4,1023,1023,244,383,2.562047958,2.579200000,0.087000000,0.025400000
sample,fixed_single,ordered4_fixed_diagnostic,1023,1023,244,383,2.700288057,2.725300000,0.070800000,0.000000000
sample,fixed_single,ordered4,1023,1023,245,383,2.558975935,2.666300000,0.093300000,0.030800000
sample,fixed_single,original,1023,1023,245,383,1.972223997,1.994500000,0.107400000,0.025200000
sample,fixed_single,ordered4_fixed_diagnostic,1023,1023,245,383,2.541568041,2.573700000,0.079800000,0.000000000
sample,fixed_single,original,1023,1023,246,383,1.973248005,1.986600000,0.106000000,0.033600000
sample,fixed_single,ordered4,1023,1023,246,383,2.616319895,2.641900000,0.153800000,0.050000000
sample,fixed_single,ordered4_fixed_diagnostic,1023,1023,246,383,2.528255939,2.756800000,0.049500000,0.000000000
sample,fixed_single,ordered4,1023,1023,247,383,2.671616077,2.725300000,0.247700000,0.098100000
sample,fixed_single,original,1023,1023,247,383,1.979392052,2.002600000,0.135700000,0.035700000
sample,fixed_single,ordered4_fixed_diagnostic,1023,1023,247,383,2.531327963,2.543900000,0.060400000,0.000000000
sample,fixed_single,original,1023,1023,248,383,1.973248005,1.998500000,0.102500000,0.023600000
sample,fixed_single,ordered4,1023,1023,248,383,2.561023951,2.596300000,0.085200000,0.024000000
sample,fixed_single,ordered4_fixed_diagnostic,1023,1023,248,383,2.546688080,2.586800000,0.066700000,0.000000000
sample,fixed_single,ordered4,1023,1023,249,383,2.576384068,2.620300000,0.094000000,0.030500000
sample,fixed_single,original,1023,1023,249,383,2.020351887,2.070000000,0.167400000,0.056500000
sample,fixed_single,ordered4_fixed_diagnostic,1023,1023,249,383,2.552831888,2.603800000,0.099400000,0.000000000
sample,fixed_single,original,1023,1023,250,383,1.990656018,2.029000000,0.112600000,0.032300000
sample,fixed_single,ordered4,1023,1023,250,383,2.593728065,2.631900000,0.120100000,0.037500000
sample,fixed_single,ordered4_fixed_diagnostic,1023,1023,250,383,2.546688080,2.591900000,0.075100000,0.000000000
sample,fixed_single,ordered4,1023,1023,251,383,2.594815969,2.644700000,0.108900000,0.039200000
sample,fixed_single,original,1023,1023,251,383,1.976320028,2.009400000,0.093200000,0.026600000
sample,fixed_single,ordered4_fixed_diagnostic,1023,1023,251,383,2.538496017,2.557300000,0.061600000,0.000000000
sample,fixed_single,original,1023,1023,252,383,1.966079950,1.986000000,0.081100000,0.023800000
sample,fixed_single,ordered4,1023,1023,252,383,2.553855896,2.565400000,0.072200000,0.018600000
sample,fixed_single,ordered4_fixed_diagnostic,1023,1023,252,383,2.541568041,2.572700000,0.056200000,0.000000000
sample,fixed_single,ordered4,1023,1023,253,383,2.566143990,2.590200000,0.082800000,0.027200000
sample,fixed_single,original,1023,1023,253,383,1.972223997,1.986200000,0.095900000,0.031100000
sample,fixed_single,ordered4_fixed_diagnostic,1023,1023,253,383,2.531327963,2.543200000,0.054100000,0.000000000
sample,fixed_single,original,1023,1023,254,383,1.951743960,1.962300000,0.066500000,0.013300000
sample,fixed_single,ordered4,1023,1023,254,383,2.553855896,2.564500000,0.073000000,0.022400000
sample,fixed_single,ordered4_fixed_diagnostic,1023,1023,254,383,2.531327963,2.544100000,0.046700000,0.000000000
sample,fixed_single,ordered4,1023,1023,255,383,2.574336052,2.597600000,0.094700000,0.029500000
sample,fixed_single,original,1023,1023,255,383,1.979392052,1.995300000,0.097600000,0.030400000
sample,fixed_single,ordered4_fixed_diagnostic,1023,1023,255,383,2.531327963,2.542700000,0.053200000,0.000000000
sample,fixed_batch16,original,1023,1023,0,383,1.936128020,1.941268750,0.072118750,0.000000000
sample,fixed_batch16,ordered4,1023,1023,0,383,2.527872086,2.531125000,0.064887500,0.000000000
sample,fixed_batch16,ordered4,1023,1023,1,383,2.529151917,2.532431250,0.053268750,0.000000000
sample,fixed_batch16,original,1023,1023,1,383,1.935232043,1.938143750,0.102518750,0.000000000
sample,fixed_batch16,original,1023,1023,2,383,1.932096004,1.935200000,0.055956250,0.000000000
sample,fixed_batch16,ordered4,1023,1023,2,383,2.530175924,2.534687500,0.069100000,0.000000000
sample,fixed_batch16,ordered4,1023,1023,3,383,2.529344082,2.533818750,0.069168750,0.000000000
sample,fixed_batch16,original,1023,1023,3,383,1.933951974,1.938756250,0.054650000,0.000000000
sample,fixed_batch16,original,1023,1023,4,383,1.931702018,1.934662500,0.039581250,0.000000000
sample,fixed_batch16,ordered4,1023,1023,4,383,2.529536009,2.533543750,0.056912500,0.000000000
sample,fixed_batch16,ordered4,1023,1023,5,383,2.528831959,2.533550000,0.058893750,0.000000000
sample,fixed_batch16,original,1023,1023,5,383,1.935487986,1.939893750,0.071287500,0.000000000
sample,fixed_batch16,original,1023,1023,6,383,1.933439970,1.937937500,0.050456250,0.000000000
sample,fixed_batch16,ordered4,1023,1023,6,383,2.527548075,2.530606250,0.057912500,0.000000000
sample,fixed_batch16,ordered4,1023,1023,7,383,2.528251886,2.531037500,0.042562500,0.000000000
sample,fixed_batch16,original,1023,1023,7,383,1.933823943,1.937050000,0.063050000,0.000000000
sample,fixed_batch16,original,1023,1023,8,383,1.933823943,1.937793750,0.048987500,0.000000000
sample,fixed_batch16,ordered4,1023,1023,8,383,2.528896093,2.532831250,0.059981250,0.000000000
sample,fixed_batch16,ordered4,1023,1023,9,383,2.530112028,2.534050000,0.074925000,0.000000000
sample,fixed_batch16,original,1023,1023,9,383,1.933312058,1.936668750,0.055900000,0.000000000
sample,fixed_batch16,original,1023,1023,10,383,1.935999990,1.940268750,0.068237500,0.000000000
sample,fixed_batch16,ordered4,1023,1023,10,383,2.528000116,2.532293750,0.060806250,0.000000000
sample,fixed_batch16,ordered4,1023,1023,11,383,2.528640032,2.532862500,0.058775000,0.000000000
sample,fixed_batch16,original,1023,1023,11,383,1.932736039,1.936275000,0.056868750,0.000000000
sample,fixed_batch16,original,1023,1023,12,383,1.931519985,1.934381250,0.040868750,0.000000000
sample,fixed_batch16,ordered4,1023,1023,12,383,2.528448105,2.531881250,0.049218750,0.000000000
sample,fixed_batch16,ordered4,1023,1023,13,383,2.528831959,2.532525000,0.054075000,0.000000000
sample,fixed_batch16,original,1023,1023,13,383,1.932863951,1.936543750,0.044618750,0.000000000
sample,fixed_batch16,original,1023,1023,14,383,1.935168028,1.939656250,0.067912500,0.000000000
sample,fixed_batch16,ordered4,1023,1023,14,383,2.528000116,2.532887500,0.074456250,0.000000000
sample,fixed_batch16,ordered4,1023,1023,15,383,2.528831959,2.532343750,0.069831250,0.000000000
sample,fixed_batch16,original,1023,1023,15,383,1.936383963,1.939950000,0.064631250,0.000000000
sample,fixed_batch16,original,1023,1023,16,383,1.933696032,1.937037500,0.056543750,0.000000000
sample,fixed_batch16,ordered4,1023,1023,16,383,2.530623913,2.535025000,0.079950000,0.000000000
sample,fixed_batch16,ordered4,1023,1023,17,383,2.529023886,2.533468750,0.072487500,0.000000000
sample,fixed_batch16,original,1023,1023,17,383,1.933501959,1.936768750,0.060312500,0.000000000
sample,fixed_batch16,original,1023,1023,18,383,1.935232043,1.939200000,0.068537500,0.000000000
sample,fixed_batch16,ordered4,1023,1023,18,383,2.527679920,2.530850000,0.045437500,0.000000000
sample,fixed_batch16,ordered4,1023,1023,19,383,2.530431986,2.535143750,0.068262500,0.000000000
sample,fixed_batch16,original,1023,1023,19,383,1.934208035,1.937937500,0.057606250,0.000000000
sample,fixed_batch16,original,1023,1023,20,383,1.932850003,1.936368750,0.054000000,0.000000000
sample,fixed_batch16,ordered4,1023,1023,20,383,2.529472113,2.535037500,0.056787500,0.000000000
sample,fixed_batch16,ordered4,1023,1023,21,383,2.529472113,2.533681250,0.055281250,0.000000000
sample,fixed_batch16,original,1023,1023,21,383,1.935680032,1.940162500,0.068843750,0.000000000
sample,fixed_batch16,original,1023,1023,22,383,1.933696032,1.937681250,0.054725000,0.000000000
sample,fixed_batch16,ordered4,1023,1023,22,383,2.530431986,2.535268750,0.073881250,0.000000000
sample,fixed_batch16,ordered4,1023,1023,23,383,2.530047894,2.534856250,0.073912500,0.000000000
sample,fixed_batch16,original,1023,1023,23,383,1.934144020,1.937875000,0.057556250,0.000000000
sample,fixed_batch16,original,1023,1023,24,383,1.932857990,1.936043750,0.045162500,0.000000000
sample,fixed_batch16,ordered4,1023,1023,24,383,2.530047894,2.534268750,0.068943750,0.000000000
sample,fixed_batch16,ordered4,1023,1023,25,383,2.528759956,2.531731250,0.063737500,0.000000000
sample,fixed_batch16,original,1023,1023,25,383,1.932927966,1.935925000,0.056837500,0.000000000
sample,fixed_batch16,original,1023,1023,26,383,1.933375955,1.936443750,0.056356250,0.000000000
sample,fixed_batch16,ordered4,1023,1023,26,383,2.528768063,2.532050000,0.056862500,0.000000000
sample,fixed_batch16,ordered4,1023,1023,27,383,2.531837940,2.536193750,0.076137500,0.000000000
sample,fixed_batch16,original,1023,1023,27,383,1.933312058,1.937112500,0.062600000,0.000000000
sample,fixed_batch16,original,1023,1023,28,383,1.932031989,1.935062500,0.046412500,0.000000000
sample,fixed_batch16,ordered4,1023,1023,28,383,2.530175924,2.535043750,0.068081250,0.000000000
sample,fixed_batch16,ordered4,1023,1023,29,383,2.530303955,2.534693750,0.070650000,0.000000000
sample,fixed_batch16,original,1023,1023,29,383,1.934911966,1.939400000,0.054881250,0.000000000
sample,fixed_batch16,original,1023,1023,30,383,1.932160020,1.935056250,0.049668750,0.000000000
sample,fixed_batch16,ordered4,1023,1023,30,383,2.530368090,2.535431250,0.051000000,0.000000000
sample,fixed_batch16,ordered4,1023,1023,31,383,2.530431986,2.534906250,0.064287500,0.000000000
sample,fixed_batch16,original,1023,1023,31,383,1.934784055,1.938900000,0.067275000,0.000000000
sample,fixed_batch16,original,1023,1023,32,383,1.933503985,1.936631250,0.062331250,0.000000000
sample,fixed_batch16,ordered4,1023,1023,32,383,2.528575897,2.532256250,0.052037500,0.000000000
sample,fixed_batch16,ordered4,1023,1023,33,383,2.529151917,2.533112500,0.052393750,0.000000000
sample,fixed_batch16,original,1023,1023,33,383,1.934975982,1.939143750,0.065662500,0.000000000
sample,fixed_batch16,original,1023,1023,34,383,1.932672024,1.936343750,0.125437500,0.000000000
sample,fixed_batch16,ordered4,1023,1023,34,383,2.530175924,2.534993750,0.067525000,0.000000000
sample,fixed_batch16,ordered4,1023,1023,35,383,2.529151917,2.533100000,0.055118750,0.000000000
sample,fixed_batch16,original,1023,1023,35,383,1.935104012,1.939862500,0.073443750,0.000000000
sample,fixed_batch16,original,1023,1023,36,383,1.935552001,1.939943750,0.066587500,0.000000000
sample,fixed_batch16,ordered4,1023,1023,36,383,2.528187990,2.531681250,0.054125000,0.000000000
sample,fixed_batch16,ordered4,1023,1023,37,383,2.529088020,2.533300000,0.054350000,0.000000000
sample,fixed_batch16,original,1023,1023,37,383,1.934080005,1.939293750,0.053368750,0.000000000
sample,fixed_batch16,original,1023,1023,38,383,1.936128020,1.940475000,0.140075000,0.000000000
sample,fixed_batch16,ordered4,1023,1023,38,383,2.528448105,2.531581250,0.053600000,0.000000000
sample,fixed_batch16,ordered4,1023,1023,39,383,2.528320074,2.531756250,0.054831250,0.000000000
sample,fixed_batch16,original,1023,1023,39,383,1.935296059,1.939356250,0.064737500,0.000000000
sample,fixed_batch16,original,1023,1023,40,383,1.932863951,1.936318750,0.055887500,0.000000000
sample,fixed_batch16,ordered4,1023,1023,40,383,2.529279947,2.533231250,0.059081250,0.000000000
sample,fixed_batch16,ordered4,1023,1023,41,383,2.528703928,2.532237500,0.055668750,0.000000000
sample,fixed_batch16,original,1023,1023,41,383,1.934720039,1.939012500,0.065275000,0.000000000
sample,fixed_batch16,original,1023,1023,42,383,1.935359955,1.939231250,0.068425000,0.000000000
sample,fixed_batch16,ordered4,1023,1023,42,383,2.527231932,2.530531250,0.048543750,0.000000000
sample,fixed_batch16,ordered4,1023,1023,43,383,2.529023886,2.534112500,0.052918750,0.000000000
sample,fixed_batch16,original,1023,1023,43,383,1.935935974,1.940268750,0.078481250,0.000000000
sample,fixed_batch16,original,1023,1023,44,383,1.934144020,1.938206250,0.059325000,0.000000000
sample,fixed_batch16,ordered4,1023,1023,44,383,2.527296066,2.530137500,0.037643750,0.000000000
sample,fixed_batch16,ordered4,1023,1023,45,383,2.529023886,2.532612500,0.050831250,0.000000000
sample,fixed_batch16,original,1023,1023,45,383,1.935232043,1.939475000,0.078525000,0.000000000
sample,fixed_batch16,original,1023,1023,46,383,1.936256051,1.940806250,0.078568750,0.000000000
sample,fixed_batch16,ordered4,1023,1023,46,383,2.528575897,2.531656250,0.057368750,0.000000000
sample,fixed_batch16,ordered4,1023,1023,47,383,2.528448105,2.531556250,0.062587500,0.000000000
sample,fixed_batch16,original,1023,1023,47,383,1.932991982,1.936337500,0.052300000,0.000000000
sample,fixed_batch16,original,1023,1023,48,383,1.935039997,1.939487500,0.074437500,0.000000000
sample,fixed_batch16,ordered4,1023,1023,48,383,2.528372049,2.531812500,0.065993750,0.000000000
sample,fixed_batch16,ordered4,1023,1023,49,383,2.528127909,2.531700000,0.051418750,0.000000000
sample,fixed_batch16,original,1023,1023,49,383,1.933887959,1.937725000,0.050256250,0.000000000
sample,advancing_forward,original,128,128,0,284,1.374207973,1.405500000,0.066900000,0.017500000
sample,advancing_forward,original,128,129,0,257,1.366016030,1.374300000,0.054900000,0.011000000
sample,advancing_forward,original,128,130,0,614,1.378304005,1.388800000,0.061900000,0.016200000
sample,advancing_forward,original,128,131,0,878,1.391615987,1.411000000,0.087600000,0.026800000
sample,advancing_forward,original,128,132,0,289,1.407999992,1.429700000,0.115900000,0.035500000
sample,advancing_forward,original,128,133,0,19775,1.394623995,1.413400000,0.088300000,0.020700000
sample,advancing_forward,original,128,134,0,656,1.404927969,1.428500000,0.101800000,0.030000000
sample,advancing_forward,original,128,135,0,39599,1.378304005,1.394800000,0.096600000,0.018200000
sample,advancing_forward,original,128,136,0,1122,1.391615987,1.407600000,0.091400000,0.024300000
sample,advancing_forward,original,128,137,0,291,1.385472059,1.400400000,0.073200000,0.017500000
sample,advancing_forward,original,128,138,0,37346,1.382400036,1.397500000,0.062800000,0.013100000
sample,advancing_forward,original,128,139,0,764,1.398784041,1.418400000,0.103900000,0.024800000
sample,advancing_forward,original,128,140,0,8074,1.415168047,1.437100000,0.109100000,0.041100000
sample,advancing_forward,original,128,141,0,20272,1.404927969,1.427800000,0.094000000,0.024700000
sample,advancing_forward,original,128,142,0,9106,1.396736026,1.415800000,0.083400000,0.019600000
sample,advancing_forward,original,128,143,0,3876,1.408992052,1.432800000,0.109400000,0.032600000
sample,advancing_forward,ordered4,128,128,0,284,1.440768003,1.457900000,0.059700000,0.014200000
sample,advancing_forward,ordered4,128,129,0,257,1.439743996,1.450900000,0.083300000,0.011100000
sample,advancing_forward,ordered4,128,130,0,614,1.439743996,1.450000000,0.056700000,0.011000000
sample,advancing_forward,ordered4,128,131,0,878,1.439743996,1.449800000,0.058900000,0.011900000
sample,advancing_forward,ordered4,128,132,0,289,1.439743996,1.448300000,0.051700000,0.011200000
sample,advancing_forward,ordered4,128,133,0,19775,1.443840027,1.454200000,0.052700000,0.011600000
sample,advancing_forward,ordered4,128,134,0,656,1.454079986,1.473100000,0.066200000,0.016300000
sample,advancing_forward,ordered4,128,135,0,39599,1.469439983,1.490000000,0.100900000,0.026300000
sample,advancing_forward,ordered4,128,136,0,1122,1.472512007,1.494600000,0.098500000,0.025200000
sample,advancing_forward,ordered4,128,137,0,291,1.474560022,1.495200000,0.102500000,0.024100000
sample,advancing_forward,ordered4,128,138,0,37346,1.477632046,1.501200000,0.094000000,0.025700000
sample,advancing_forward,ordered4,128,139,0,764,1.464319944,1.483300000,0.083100000,0.020900000
sample,advancing_forward,ordered4,128,140,0,8074,1.463296056,1.480500000,0.075300000,0.019500000
sample,advancing_forward,ordered4,128,141,0,20272,1.473536015,1.489600000,0.083600000,0.020600000
sample,advancing_forward,ordered4,128,142,0,9106,1.481727958,1.501100000,0.092700000,0.022900000
sample,advancing_forward,ordered4,128,143,0,3876,1.469439983,1.486300000,0.079500000,0.021200000
sample,advancing_forward,ordered4,128,128,1,284,1.490847945,1.519600000,0.126900000,0.044600000
sample,advancing_forward,ordered4,128,129,1,257,1.592128038,1.645100000,0.343800000,0.109800000
sample,advancing_forward,ordered4,128,130,1,614,1.469439983,1.486300000,0.120500000,0.023400000
sample,advancing_forward,ordered4,128,131,1,878,1.455103993,1.475200000,0.082600000,0.020700000
sample,advancing_forward,ordered4,128,132,1,289,1.454079986,1.465400000,0.076100000,0.014000000
sample,advancing_forward,ordered4,128,133,1,19775,1.447936058,1.458600000,0.065600000,0.013100000
sample,advancing_forward,ordered4,128,134,1,656,1.456128001,1.467500000,0.074100000,0.013700000
sample,advancing_forward,ordered4,128,135,1,39599,1.459200025,1.475500000,0.079300000,0.017400000
sample,advancing_forward,ordered4,128,136,1,1122,1.447936058,1.458400000,0.066900000,0.013000000
sample,advancing_forward,ordered4,128,137,1,291,1.451007962,1.462300000,0.064400000,0.012500000
sample,advancing_forward,ordered4,128,138,1,37346,1.466367960,1.480200000,0.079400000,0.017600000
sample,advancing_forward,ordered4,128,139,1,764,1.462272048,1.477600000,0.078900000,0.015200000
sample,advancing_forward,ordered4,128,140,1,8074,1.461248040,1.475300000,0.075000000,0.015400000
sample,advancing_forward,ordered4,128,141,1,20272,1.465343952,1.477400000,0.071400000,0.014600000
sample,advancing_forward,ordered4,128,142,1,9106,1.461248040,1.474300000,0.078300000,0.013400000
sample,advancing_forward,ordered4,128,143,1,3876,1.470463991,1.490300000,0.079500000,0.017700000
sample,advancing_forward,original,128,128,1,284,1.380352020,1.399500000,0.084600000,0.020400000
sample,advancing_forward,original,128,129,1,257,1.370111942,1.381500000,0.068400000,0.013300000
sample,advancing_forward,original,128,130,1,614,1.409024000,1.425700000,0.125200000,0.032900000
sample,advancing_forward,original,128,131,1,878,1.385472059,1.404700000,0.077700000,0.019100000
sample,advancing_forward,original,128,132,1,289,1.375231981,1.392900000,0.064100000,0.014500000
sample,advancing_forward,original,128,133,1,19775,1.402879953,1.415300000,0.114900000,0.014200000
sample,advancing_forward,original,128,134,1,656,1.386495948,1.404900000,0.087000000,0.019500000
sample,advancing_forward,original,128,135,1,39599,1.385472059,1.406000000,0.082800000,0.020000000
sample,advancing_forward,original,128,136,1,1122,1.384448051,1.403500000,0.082100000,0.018300000
sample,advancing_forward,original,128,137,1,291,1.382400036,1.397000000,0.075100000,0.015500000
sample,advancing_forward,original,128,138,1,37346,1.389567971,1.407900000,0.077200000,0.019000000
sample,advancing_forward,original,128,139,1,764,1.376255989,1.387600000,0.069400000,0.013200000
sample,advancing_forward,original,128,140,1,8074,1.403903961,1.423100000,0.114600000,0.026000000
sample,advancing_forward,original,128,141,1,20272,1.393664002,1.414100000,0.081100000,0.021000000
sample,advancing_forward,original,128,142,1,9106,1.383424044,1.394200000,0.067300000,0.012600000
sample,advancing_forward,original,128,143,1,3876,1.374207973,1.386300000,0.067400000,0.013200000
sample,advancing_forward,original,128,128,2,284,1.358847976,1.368200000,0.052600000,0.011300000
sample,advancing_forward,original,128,129,2,257,1.366016030,1.375800000,0.057800000,0.011400000
sample,advancing_forward,original,128,130,2,614,1.377279997,1.391600000,0.063100000,0.014100000
sample,advancing_forward,original,128,131,2,878,1.363872051,1.372800000,0.051500000,0.011100000
sample,advancing_forward,original,128,132,2,289,1.366943955,1.376400000,0.051800000,0.011200000
sample,advancing_forward,original,128,133,2,19775,1.373183966,1.385200000,0.055300000,0.011000000
sample,advancing_forward,original,128,134,2,656,1.378272057,1.388300000,0.058000000,0.013000000
sample,advancing_forward,original,128,135,2,39599,1.363968015,1.374100000,0.070900000,0.010700000
sample,advancing_forward,original,128,136,2,1122,1.387519956,1.406700000,0.073900000,0.018400000
sample,advancing_forward,original,128,137,2,291,1.379328012,1.389300000,0.059400000,0.012900000
sample,advancing_forward,original,128,138,2,37346,1.394688010,1.415700000,0.075700000,0.021700000
sample,advancing_forward,original,128,139,2,764,1.397760034,1.417400000,0.089700000,0.025800000
sample,advancing_forward,original,128,140,2,8074,1.383424044,1.397200000,0.063500000,0.014200000
sample,advancing_forward,original,128,141,2,20272,1.400832057,1.418400000,0.092700000,0.024300000
sample,advancing_forward,original,128,142,2,9106,1.395712018,1.412500000,0.068100000,0.017300000
sample,advancing_forward,original,128,143,2,3876,1.391615987,1.407000000,0.073400000,0.022600000
sample,advancing_forward,ordered4,128,128,2,284,1.436671972,1.451000000,0.057300000,0.013900000
sample,advancing_forward,ordered4,128,129,2,257,1.446912050,1.457800000,0.066100000,0.013300000
sample,advancing_forward,ordered4,128,130,2,614,1.453055978,1.465300000,0.069300000,0.017900000
sample,advancing_forward,ordered4,128,131,2,878,1.438719988,1.447500000,0.053100000,0.012400000
sample,advancing_forward,ordered4,128,132,2,289,1.440768003,1.449200000,0.050700000,0.010600000
sample,advancing_forward,ordered4,128,133,2,19775,1.443840027,1.452700000,0.053300000,0.011600000
sample,advancing_forward,ordered4,128,134,2,656,1.442720056,1.451200000,0.050800000,0.010500000
sample,advancing_forward,ordered4,128,135,2,39599,1.442687988,1.450400000,0.051600000,0.010900000
sample,advancing_forward,ordered4,128,136,2,1122,1.442816019,1.452600000,0.051700000,0.011100000
sample,advancing_forward,ordered4,128,137,2,291,1.472512007,1.491400000,0.090700000,0.023400000
sample,advancing_forward,ordered4,128,138,2,37346,1.488896012,1.513800000,0.103300000,0.037000000
sample,advancing_forward,ordered4,128,139,2,764,1.626111984,1.685100000,0.538500000,0.108400000
sample,advancing_forward,ordered4,128,140,2,8074,1.470463991,1.483600000,0.100300000,0.024100000
sample,advancing_forward,ordered4,128,141,2,20272,1.463296056,1.474200000,0.072400000,0.015500000
sample,advancing_forward,ordered4,128,142,2,9106,1.459200025,1.469700000,0.067200000,0.013000000
sample,advancing_forward,ordered4,128,143,2,3876,1.457152009,1.467400000,0.064700000,0.012500000
sample,advancing_forward,ordered4,128,128,3,284,1.441792011,1.453800000,0.072000000,0.013400000
sample,advancing_forward,ordered4,128,129,3,257,1.477632046,1.502500000,0.112700000,0.032700000
sample,advancing_forward,ordered4,128,130,3,614,1.466367960,1.489600000,0.093200000,0.023300000
sample,advancing_forward,ordered4,128,131,3,878,1.452031970,1.468800000,0.077300000,0.017900000
sample,advancing_forward,ordered4,128,132,3,289,1.443840027,1.455400000,0.068200000,0.014200000
sample,advancing_forward,ordered4,128,133,3,19775,1.481727958,1.502600000,0.119200000,0.034800000
sample,advancing_forward,ordered4,128,134,3,656,1.459200025,1.471400000,0.079700000,0.018500000
sample,advancing_forward,ordered4,128,135,3,39599,1.445888042,1.457300000,0.067700000,0.014400000
sample,advancing_forward,ordered4,128,136,3,1122,1.446912050,1.458000000,0.064600000,0.013100000
sample,advancing_forward,ordered4,128,137,3,291,1.446912050,1.460300000,0.060500000,0.010900000
sample,advancing_forward,ordered4,128,138,3,37346,1.457152009,1.472500000,0.064400000,0.013300000
sample,advancing_forward,ordered4,128,139,3,764,1.461248040,1.478100000,0.071000000,0.016200000
sample,advancing_forward,ordered4,128,140,3,8074,1.457152009,1.467700000,0.064700000,0.011800000
sample,advancing_forward,ordered4,128,141,3,20272,1.454079986,1.464600000,0.085500000,0.011000000
sample,advancing_forward,ordered4,128,142,3,9106,1.457152009,1.466600000,0.055800000,0.010900000
sample,advancing_forward,ordered4,128,143,3,3876,1.457152009,1.467300000,0.058300000,0.012700000
sample,advancing_forward,original,128,128,3,284,1.357823968,1.367500000,0.083200000,0.010800000
sample,advancing_forward,original,128,129,3,257,1.366016030,1.375900000,0.083700000,0.010300000
sample,advancing_forward,original,128,130,3,614,1.369088054,1.378900000,0.079400000,0.010500000
sample,advancing_forward,original,128,131,3,878,1.364992023,1.378300000,0.058500000,0.011600000
sample,advancing_forward,original,128,132,3,289,1.400832057,1.424000000,0.108400000,0.031000000
sample,advancing_forward,original,128,133,3,19775,1.390591979,1.407100000,0.092800000,0.022300000
sample,advancing_forward,original,128,134,3,656,1.382400036,1.397400000,0.066900000,0.015500000
sample,advancing_forward,original,128,135,3,39599,1.367040038,1.379000000,0.058400000,0.011300000
sample,advancing_forward,original,128,136,3,1122,1.376255989,1.391100000,0.064500000,0.012500000
sample,advancing_forward,original,128,137,3,291,1.370111942,1.379800000,0.055900000,0.010900000
sample,advancing_forward,original,128,138,3,37346,1.373183966,1.382700000,0.055600000,0.010600000
sample,advancing_forward,original,128,139,3,764,1.371135950,1.380400000,0.076700000,0.010100000
sample,advancing_forward,original,128,140,3,8074,1.372159958,1.381800000,0.056900000,0.010800000
sample,advancing_forward,original,128,141,3,20272,1.382400036,1.391800000,0.062900000,0.013400000
sample,advancing_forward,original,128,142,3,9106,1.378304005,1.387800000,0.062700000,0.011100000
sample,advancing_forward,original,128,143,3,3876,1.377279997,1.388700000,0.056500000,0.011900000
sample,advancing_forward,original,128,128,4,284,1.391615987,1.413500000,0.098900000,0.028900000
sample,advancing_forward,original,128,129,4,257,1.374207973,1.385400000,0.069100000,0.013800000
sample,advancing_forward,original,128,130,4,614,1.370111942,1.383000000,0.063300000,0.011500000
sample,advancing_forward,original,128,131,4,878,1.363968015,1.375600000,0.057700000,0.010900000
sample,advancing_forward,original,128,132,4,289,1.373183966,1.385400000,0.065700000,0.013200000
sample,advancing_forward,original,128,133,4,19775,1.373183966,1.384200000,0.063200000,0.012200000
sample,advancing_forward,original,128,134,4,656,1.375231981,1.388100000,0.058700000,0.011700000
sample,advancing_forward,original,128,135,4,39599,1.369088054,1.381500000,0.059300000,0.012600000
sample,advancing_forward,original,128,136,4,1122,1.371135950,1.384000000,0.060200000,0.012100000
sample,advancing_forward,original,128,137,4,291,1.416192055,1.441800000,0.118900000,0.032800000
sample,advancing_forward,original,128,138,4,37346,1.412096024,1.444800000,0.097100000,0.034100000
sample,advancing_forward,original,128,139,4,764,1.420287967,1.452600000,0.113100000,0.035200000
sample,advancing_forward,original,128,140,4,8074,1.414144039,1.437300000,0.107800000,0.036400000
sample,advancing_forward,original,128,141,4,20272,1.415168047,1.438700000,0.102400000,0.034900000
sample,advancing_forward,original,128,142,4,9106,1.416095972,1.449600000,0.095100000,0.035800000
sample,advancing_forward,original,128,143,4,3876,1.406975985,1.430000000,0.093900000,0.038300000
sample,advancing_forward,ordered4,128,128,4,284,1.468415976,1.488800000,0.103300000,0.029600000
sample,advancing_forward,ordered4,128,129,4,257,1.448959947,1.467400000,0.081800000,0.015600000
sample,advancing_forward,ordered4,128,130,4,614,1.443840027,1.452600000,0.057200000,0.011200000
sample,advancing_forward,ordered4,128,131,4,878,1.435647964,1.444800000,0.051400000,0.010700000
sample,advancing_forward,ordered4,128,132,4,289,1.451007962,1.466800000,0.068400000,0.018200000
sample,advancing_forward,ordered4,128,133,4,19775,1.454079986,1.471800000,0.070100000,0.015100000
sample,advancing_forward,ordered4,128,134,4,656,1.444864035,1.456100000,0.058700000,0.011100000
sample,advancing_forward,ordered4,128,135,4,39599,1.442816019,1.454100000,0.080400000,0.010500000
sample,advancing_forward,ordered4,128,136,4,1122,1.444864035,1.455700000,0.059300000,0.011500000
sample,advancing_forward,ordered4,128,137,4,291,1.451007962,1.461700000,0.059800000,0.011900000
sample,advancing_forward,ordered4,128,138,4,37346,1.458176017,1.467500000,0.062500000,0.011000000
sample,advancing_forward,ordered4,128,139,4,764,1.449983954,1.460500000,0.083800000,0.010800000
sample,advancing_forward,ordered4,128,140,4,8074,1.470463991,1.487500000,0.092600000,0.023300000
sample,advancing_forward,ordered4,128,141,4,20272,1.482751966,1.498000000,0.081100000,0.034700000
sample,advancing_forward,ordered4,128,142,4,9106,1.456128001,1.464700000,0.065000000,0.011500000
sample,advancing_forward,ordered4,128,143,4,3876,1.455103993,1.464500000,0.067300000,0.012700000
sample,advancing_forward,ordered4,128,128,5,284,1.431552052,1.440700000,0.050500000,0.010900000
sample,advancing_forward,ordered4,128,129,5,257,1.437695980,1.446500000,0.051900000,0.011400000
sample,advancing_forward,ordered4,128,130,5,614,1.440575957,1.448500000,0.071100000,0.010900000
sample,advancing_forward,ordered4,128,131,5,878,1.438719988,1.446800000,0.070700000,0.010600000
sample,advancing_forward,ordered4,128,132,5,289,1.437695980,1.449100000,0.071400000,0.011000000
sample,advancing_forward,ordered4,128,133,5,19775,1.460224032,1.481000000,0.103800000,0.022300000
sample,advancing_forward,ordered4,128,134,5,656,1.666048050,1.693900000,0.406600000,0.074900000
sample,advancing_forward,ordered4,128,135,5,39599,1.451007962,1.462500000,0.063300000,0.012300000
sample,advancing_forward,ordered4,128,136,5,1122,1.458176017,1.476800000,0.069800000,0.017500000
sample,advancing_forward,ordered4,128,137,5,291,1.457152009,1.469300000,0.066400000,0.013800000
sample,advancing_forward,ordered4,128,138,5,37346,1.452031970,1.463000000,0.079500000,0.011000000
sample,advancing_forward,ordered4,128,139,5,764,1.449983954,1.460600000,0.057400000,0.011200000
sample,advancing_forward,ordered4,128,140,5,8074,1.453055978,1.463500000,0.058800000,0.011600000
sample,advancing_forward,ordered4,128,141,5,20272,1.465343952,1.475100000,0.068300000,0.014700000
sample,advancing_forward,ordered4,128,142,5,9106,1.456128001,1.466500000,0.079600000,0.010600000
sample,advancing_forward,ordered4,128,143,5,3876,1.477632046,1.498000000,0.079900000,0.024000000
sample,advancing_forward,original,128,128,5,284,1.394688010,1.415700000,0.093400000,0.034800000
sample,advancing_forward,original,128,129,5,257,1.394688010,1.415700000,0.092600000,0.025800000
sample,advancing_forward,original,128,130,5,614,1.379328012,1.388500000,0.071200000,0.018700000
sample,advancing_forward,original,128,131,5,878,1.368064046,1.376200000,0.061100000,0.012100000
sample,advancing_forward,original,128,132,5,289,1.371039987,1.380100000,0.055400000,0.010900000
sample,advancing_forward,original,128,133,5,19775,1.369088054,1.379500000,0.055200000,0.010600000
sample,advancing_forward,original,128,134,5,656,1.372159958,1.384600000,0.058600000,0.011900000
sample,advancing_forward,original,128,135,5,39599,1.369088054,1.380900000,0.059200000,0.011900000
sample,advancing_forward,original,128,136,5,1122,1.382400036,1.398000000,0.070300000,0.016300000
sample,advancing_forward,original,128,137,5,291,1.397760034,1.440100000,0.088200000,0.023800000
sample,advancing_forward,original,128,138,5,37346,1.418239951,1.441300000,0.124300000,0.045500000
sample,advancing_forward,original,128,139,5,764,1.384448051,1.404000000,0.074700000,0.018100000
sample,advancing_forward,original,128,140,5,8074,1.374207973,1.385700000,0.059000000,0.011600000
sample,advancing_forward,original,128,141,5,20272,1.374207973,1.385700000,0.058200000,0.012000000
sample,advancing_forward,original,128,142,5,9106,1.379328012,1.392400000,0.058100000,0.012300000
sample,advancing_forward,original,128,143,5,3876,1.375231981,1.385800000,0.062000000,0.011100000
sample,advancing_forward,original,128,128,6,284,1.388543963,1.404900000,0.094300000,0.025500000
sample,advancing_forward,original,128,129,6,257,1.386399984,1.405100000,0.091800000,0.019600000
sample,advancing_forward,original,128,130,6,614,1.389567971,1.404300000,0.083500000,0.026000000
sample,advancing_forward,original,128,131,6,878,1.367040038,1.377800000,0.063500000,0.013000000
sample,advancing_forward,original,128,132,6,289,1.367040038,1.378500000,0.061000000,0.011900000
sample,advancing_forward,original,128,133,6,19775,1.371135950,1.381700000,0.060300000,0.011500000
sample,advancing_forward,original,128,134,6,656,1.373183966,1.382700000,0.086500000,0.011300000
sample,advancing_forward,original,128,135,6,39599,1.363968015,1.374400000,0.078900000,0.010700000
sample,advancing_forward,original,128,136,6,1122,1.367040038,1.376700000,0.079700000,0.010800000
sample,advancing_forward,original,128,137,6,291,1.382400036,1.395300000,0.061800000,0.014500000
sample,advancing_forward,original,128,138,6,37346,1.381247997,1.391900000,0.061500000,0.014000000
sample,advancing_forward,original,128,139,6,764,1.386495948,1.401500000,0.068700000,0.017500000
sample,advancing_forward,original,128,140,6,8074,1.378304005,1.396200000,0.058800000,0.012800000
sample,advancing_forward,original,128,141,6,20272,1.382400036,1.393200000,0.058900000,0.013800000
sample,advancing_forward,original,128,142,6,9106,1.377279997,1.386300000,0.052200000,0.011500000
sample,advancing_forward,original,128,143,6,3876,1.370111942,1.380600000,0.057500000,0.011300000
sample,advancing_forward,ordered4,128,128,6,284,1.429504037,1.437600000,0.071000000,0.010600000
sample,advancing_forward,ordered4,128,129,6,257,1.437695980,1.445800000,0.052000000,0.010700000
sample,advancing_forward,ordered4,128,130,6,614,1.441792011,1.449900000,0.051900000,0.011500000
sample,advancing_forward,ordered4,128,131,6,878,1.436671972,1.446000000,0.070500000,0.010400000
sample,advancing_forward,ordered4,128,132,6,289,1.457152009,1.472900000,0.067800000,0.017900000
sample,advancing_forward,ordered4,128,133,6,19775,1.447936058,1.458200000,0.056800000,0.011300000
sample,advancing_forward,ordered4,128,134,6,656,1.461120009,1.481600000,0.068000000,0.017600000
sample,advancing_forward,ordered4,128,135,6,39599,1.441792011,1.451100000,0.064900000,0.010900000
sample,advancing_forward,ordered4,128,136,6,1122,1.443807960,1.452300000,0.051500000,0.010900000
sample,advancing_forward,ordered4,128,137,6,291,1.448959947,1.457000000,0.050700000,0.010500000
sample,advancing_forward,ordered4,128,138,6,37346,1.456032038,1.464900000,0.056100000,0.012300000
sample,advancing_forward,ordered4,128,139,6,764,1.446912050,1.455200000,0.051800000,0.010900000
sample,advancing_forward,ordered4,128,140,6,8074,1.449983954,1.458400000,0.051200000,0.011000000
sample,advancing_forward,ordered4,128,141,6,20272,1.452031970,1.460000000,0.050800000,0.010600000
sample,advancing_forward,ordered4,128,142,6,9106,1.461248040,1.471800000,0.057200000,0.012400000
sample,advancing_forward,ordered4,128,143,6,3876,1.476480007,1.497900000,0.081500000,0.022700000
sample,advancing_forward,ordered4,128,128,7,284,1.430528045,1.439300000,0.071500000,0.010900000
sample,advancing_forward,ordered4,128,129,7,257,1.449983954,1.463700000,0.063700000,0.015000000
sample,advancing_forward,ordered4,128,130,7,614,1.440768003,1.449200000,0.053600000,0.011700000
sample,advancing_forward,ordered4,128,131,7,878,1.444864035,1.454200000,0.059700000,0.012200000
sample,advancing_forward,ordered4,128,132,7,289,1.442623973,1.450100000,0.054100000,0.011300000
sample,advancing_forward,ordered4,128,133,7,19775,1.442816019,1.451300000,0.050900000,0.011100000
sample,advancing_forward,ordered4,128,134,7,656,1.443743944,1.455000000,0.051500000,0.011000000
sample,advancing_forward,ordered4,128,135,7,39599,1.470304012,1.497900000,0.089500000,0.024400000
sample,advancing_forward,ordered4,128,136,7,1122,1.643455982,1.720000000,0.446800000,0.115700000
sample,advancing_forward,ordered4,128,137,7,291,1.448863983,1.457100000,0.054000000,0.011600000
sample,advancing_forward,ordered4,128,138,7,37346,1.449728012,1.457900000,0.050900000,0.010600000
sample,advancing_forward,ordered4,128,139,7,764,1.456128001,1.466500000,0.059200000,0.012300000
sample,advancing_forward,ordered4,128,140,7,8074,1.451007962,1.461600000,0.056100000,0.011600000
sample,advancing_forward,ordered4,128,141,7,20272,1.453055978,1.462700000,0.079900000,0.011300000
sample,advancing_forward,ordered4,128,142,7,9106,1.458176017,1.468500000,0.057900000,0.011200000
sample,advancing_forward,ordered4,128,143,7,3876,1.454079986,1.464700000,0.057200000,0.011400000
sample,advancing_forward,original,128,128,7,284,1.372159958,1.387200000,0.067000000,0.018800000
sample,advancing_forward,original,128,129,7,257,1.363968015,1.374900000,0.059100000,0.010900000
sample,advancing_forward,original,128,130,7,614,1.367040038,1.378000000,0.079800000,0.010700000
sample,advancing_forward,original,128,131,7,878,1.367040038,1.379800000,0.060000000,0.012800000
sample,advancing_forward,original,128,132,7,289,1.372159958,1.390500000,0.068500000,0.015300000
sample,advancing_forward,original,128,133,7,19775,1.384448051,1.403700000,0.086300000,0.018600000
sample,advancing_forward,original,128,134,7,656,1.378304005,1.397800000,0.072100000,0.015000000
sample,advancing_forward,original,128,135,7,39599,1.364992023,1.377300000,0.058100000,0.011700000
sample,advancing_forward,original,128,136,7,1122,1.377279997,1.390400000,0.067300000,0.013300000
sample,advancing_forward,original,128,137,7,291,1.379328012,1.389900000,0.063800000,0.012100000
sample,advancing_forward,original,128,138,7,37346,1.393664002,1.406600000,0.065600000,0.014800000
sample,advancing_forward,original,128,139,7,764,1.378304005,1.390200000,0.065400000,0.013300000
sample,advancing_forward,original,128,140,7,8074,1.375231981,1.385100000,0.051900000,0.011100000
sample,advancing_forward,original,128,141,7,20272,1.389567971,1.402800000,0.066500000,0.015100000
sample,advancing_forward,original,128,142,7,9106,1.380352020,1.393800000,0.054500000,0.011100000
sample,advancing_forward,original,128,143,7,3876,1.391615987,1.423100000,0.076700000,0.019600000
sample,advancing_forward,original,128,128,8,284,1.357823968,1.368100000,0.058300000,0.010800000
sample,advancing_forward,original,128,129,8,257,1.364992023,1.375100000,0.079900000,0.010500000
sample,advancing_forward,original,128,130,8,614,1.382400036,1.398400000,0.071300000,0.017100000
sample,advancing_forward,original,128,131,8,878,1.377279997,1.393500000,0.074100000,0.015500000
sample,advancing_forward,original,128,132,8,289,1.412096024,1.422000000,0.105300000,0.054300000
sample,advancing_forward,original,128,133,8,19775,1.369088054,1.382300000,0.057100000,0.010600000
sample,advancing_forward,original,128,134,8,656,1.391615987,1.415900000,0.081600000,0.019600000
sample,advancing_forward,original,128,135,8,39599,1.391615987,1.410100000,0.083400000,0.025500000
sample,advancing_forward,original,128,136,8,1122,1.370111942,1.379900000,0.060500000,0.011400000
sample,advancing_forward,original,128,137,8,291,1.378304005,1.388500000,0.064500000,0.012100000
sample,advancing_forward,original,128,138,8,37346,1.381376028,1.393600000,0.071500000,0.014000000
sample,advancing_forward,original,128,139,8,764,1.377279997,1.388700000,0.068100000,0.015400000
sample,advancing_forward,original,128,140,8,8074,1.376255989,1.385900000,0.064100000,0.012500000
sample,advancing_forward,original,128,141,8,20272,1.392639995,1.405200000,0.126400000,0.018600000
sample,advancing_forward,original,128,142,8,9106,1.391615987,1.410900000,0.066000000,0.018700000
sample,advancing_forward,original,128,143,8,3876,1.395712018,1.416800000,0.084600000,0.021700000
sample,advancing_forward,ordered4,128,128,8,284,1.433599949,1.444900000,0.067000000,0.013100000
sample,advancing_forward,ordered4,128,129,8,257,1.441792011,1.453000000,0.066100000,0.012500000
sample,advancing_forward,ordered4,128,130,8,614,1.449983954,1.461500000,0.068200000,0.013500000
sample,advancing_forward,ordered4,128,131,8,878,1.446784019,1.456600000,0.077500000,0.012900000
sample,advancing_forward,ordered4,128,132,8,289,1.447936058,1.457000000,0.067200000,0.013700000
sample,advancing_forward,ordered4,128,133,8,19775,1.449983954,1.459700000,0.058100000,0.011600000
sample,advancing_forward,ordered4,128,134,8,656,1.452960014,1.463400000,0.059700000,0.014100000
sample,advancing_forward,ordered4,128,135,8,39599,1.440768003,1.450000000,0.050900000,0.010500000
sample,advancing_forward,ordered4,128,136,8,1122,1.445888042,1.453900000,0.051800000,0.011100000
sample,advancing_forward,ordered4,128,137,8,291,1.447936058,1.455900000,0.051200000,0.011100000
sample,advancing_forward,ordered4,128,138,8,37346,1.449856043,1.457700000,0.050500000,0.010600000
sample,advancing_forward,ordered4,128,139,8,764,1.446912050,1.455400000,0.071100000,0.010500000
sample,advancing_forward,ordered4,128,140,8,8074,1.448959947,1.458000000,0.051400000,0.011300000
sample,advancing_forward,ordered4,128,141,8,20272,1.451871991,1.459600000,0.050900000,0.010600000
sample,advancing_forward,ordered4,128,142,8,9106,1.455103993,1.462900000,0.050900000,0.010800000
sample,advancing_forward,ordered4,128,143,8,3876,1.454079986,1.462500000,0.051400000,0.010900000
sample,advancing_forward,ordered4,128,128,9,284,1.490911961,1.536900000,0.162700000,0.058800000
sample,advancing_forward,ordered4,128,129,9,257,1.481727958,1.496900000,0.131000000,0.048400000
sample,advancing_forward,ordered4,128,130,9,614,1.465343952,1.485100000,0.081300000,0.020900000
sample,advancing_forward,ordered4,128,131,9,878,1.442816019,1.452000000,0.060900000,0.013300000
sample,advancing_forward,ordered4,128,132,9,289,1.437695980,1.446200000,0.050900000,0.010800000
sample,advancing_forward,ordered4,128,133,9,19775,1.441792011,1.450500000,0.050400000,0.010600000
sample,advancing_forward,ordered4,128,134,9,656,1.444767952,1.452800000,0.070700000,0.010400000
sample,advancing_forward,ordered4,128,135,9,39599,1.441792011,1.450300000,0.071000000,0.010700000
sample,advancing_forward,ordered4,128,136,9,1122,1.456128001,1.470800000,0.063300000,0.014800000
sample,advancing_forward,ordered4,128,137,9,291,1.459200025,1.475200000,0.063000000,0.017200000
sample,advancing_forward,ordered4,128,138,9,37346,1.459200025,1.469400000,0.060200000,0.013700000
sample,advancing_forward,ordered4,128,139,9,764,1.447936058,1.458200000,0.079500000,0.010900000
sample,advancing_forward,ordered4,128,140,9,8074,1.463296056,1.475400000,0.069500000,0.018300000
sample,advancing_forward,ordered4,128,141,9,20272,1.456128001,1.466500000,0.058800000,0.010900000
sample,advancing_forward,ordered4,128,142,9,9106,1.458176017,1.468700000,0.058700000,0.011500000
sample,advancing_forward,ordered4,128,143,9,3876,1.454079986,1.464800000,0.056800000,0.010700000
sample,advancing_forward,original,128,128,9,284,1.386495948,1.414500000,0.089800000,0.026800000
sample,advancing_forward,original,128,129,9,257,1.564671993,1.635600000,0.446600000,0.117700000
sample,advancing_forward,original,128,130,9,614,1.372159958,1.380200000,0.056500000,0.011000000
sample,advancing_forward,original,128,131,9,878,1.382240057,1.392800000,0.108300000,0.019300000
sample,advancing_forward,original,128,132,9,289,1.374079943,1.383100000,0.058300000,0.014100000
sample,advancing_forward,original,128,133,9,19775,1.370111942,1.380600000,0.055300000,0.010400000
sample,advancing_forward,original,128,134,9,656,1.370111942,1.380900000,0.075200000,0.010600000
sample,advancing_forward,original,128,135,9,39599,1.362944007,1.373000000,0.076000000,0.010500000
sample,advancing_forward,original,128,136,9,1122,1.367040038,1.377100000,0.080200000,0.011100000
sample,advancing_forward,original,128,137,9,291,1.372159958,1.382700000,0.066300000,0.012400000
sample,advancing_forward,original,128,138,9,37346,1.377279997,1.387000000,0.088700000,0.012000000
sample,advancing_forward,original,128,139,9,764,1.397760034,1.415500000,0.099800000,0.024400000
sample,advancing_forward,original,128,140,9,8074,1.404927969,1.422700000,0.099200000,0.028600000
sample,advancing_forward,original,128,141,9,20272,1.387519956,1.400100000,0.071500000,0.015600000
sample,advancing_forward,original,128,142,9,9106,1.380352020,1.391000000,0.056200000,0.010800000
sample,advancing_forward,original,128,143,9,3876,1.369088054,1.378800000,0.057000000,0.010300000
sample,advancing_forward,original,128,128,10,284,1.360895991,1.372000000,0.066400000,0.012300000
sample,advancing_forward,original,128,129,10,257,1.388543963,1.402000000,0.115200000,0.024700000
sample,advancing_forward,original,128,130,10,614,1.388543963,1.406100000,0.081900000,0.018900000
sample,advancing_forward,original,128,131,10,878,1.383424044,1.399000000,0.083000000,0.018700000
sample,advancing_forward,original,128,132,10,289,1.369088054,1.380100000,0.066300000,0.013500000
sample,advancing_forward,original,128,133,10,19775,1.374207973,1.384300000,0.067300000,0.012700000
sample,advancing_forward,original,128,134,10,656,1.376255989,1.387200000,0.069900000,0.012500000
sample,advancing_forward,original,128,135,10,39599,1.367040038,1.377600000,0.094400000,0.012800000
sample,advancing_forward,original,128,136,10,1122,1.371135950,1.380800000,0.066000000,0.012900000
sample,advancing_forward,original,128,137,10,291,1.372159958,1.386000000,0.060900000,0.012900000
sample,advancing_forward,original,128,138,10,37346,1.402879953,1.423400000,0.085000000,0.022600000
sample,advancing_forward,original,128,139,10,764,1.392608047,1.410500000,0.077700000,0.020100000
sample,advancing_forward,original,128,140,10,8074,1.378304005,1.388100000,0.063600000,0.013300000
sample,advancing_forward,original,128,141,10,20272,1.383424044,1.392400000,0.063400000,0.012500000
sample,advancing_forward,original,128,142,10,9106,1.397760034,1.412500000,0.103900000,0.020800000
sample,advancing_forward,original,128,143,10,3876,1.384448051,1.395100000,0.072300000,0.018400000
sample,advancing_forward,ordered4,128,128,10,284,1.441792011,1.451500000,0.070200000,0.013200000
sample,advancing_forward,ordered4,128,129,10,257,1.444864035,1.453700000,0.064100000,0.013300000
sample,advancing_forward,ordered4,128,130,10,614,1.442816019,1.452000000,0.069100000,0.012800000
sample,advancing_forward,ordered4,128,131,10,878,1.437695980,1.445600000,0.052600000,0.010300000
sample,advancing_forward,ordered4,128,132,10,289,1.438719988,1.447700000,0.051100000,0.011000000
sample,advancing_forward,ordered4,128,133,10,19775,1.440768003,1.449200000,0.050000000,0.010800000
sample,advancing_forward,ordered4,128,134,10,656,1.459040046,1.473100000,0.065800000,0.015500000
sample,advancing_forward,ordered4,128,135,10,39599,1.451007962,1.461600000,0.061100000,0.014400000
sample,advancing_forward,ordered4,128,136,10,1122,1.445888042,1.454400000,0.054500000,0.012600000
sample,advancing_forward,ordered4,128,137,10,291,1.446912050,1.456000000,0.050400000,0.010400000
sample,advancing_forward,ordered4,128,138,10,37346,1.448959947,1.460100000,0.075000000,0.010900000
sample,advancing_forward,ordered4,128,139,10,764,1.448959947,1.458900000,0.078100000,0.010700000
sample,advancing_forward,ordered4,128,140,10,8074,1.453055978,1.464000000,0.059400000,0.012600000
sample,advancing_forward,ordered4,128,141,10,20272,1.466367960,1.478800000,0.075900000,0.012800000
sample,advancing_forward,ordered4,128,142,10,9106,1.455103993,1.466000000,0.078700000,0.010400000
sample,advancing_forward,ordered4,128,143,10,3876,1.456128001,1.466600000,0.066400000,0.012700000
sample,advancing_forward,ordered4,128,128,11,284,1.430528045,1.440100000,0.052100000,0.010900000
sample,advancing_forward,ordered4,128,129,11,257,1.438719988,1.447500000,0.051600000,0.011100000
sample,advancing_forward,ordered4,128,130,11,614,1.440768003,1.451300000,0.079000000,0.010500000
sample,advancing_forward,ordered4,128,131,11,878,1.439743996,1.451400000,0.059700000,0.012000000
sample,advancing_forward,ordered4,128,132,11,289,1.442816019,1.453800000,0.060300000,0.012800000
sample,advancing_forward,ordered4,128,133,11,19775,1.445888042,1.455700000,0.059700000,0.012500000
sample,advancing_forward,ordered4,128,134,11,656,1.448959947,1.458500000,0.057300000,0.011200000
sample,advancing_forward,ordered4,128,135,11,39599,1.444864035,1.456500000,0.063100000,0.012400000
sample,advancing_forward,ordered4,128,136,11,1122,1.460224032,1.474500000,0.071700000,0.014300000
sample,advancing_forward,ordered4,128,137,11,291,1.455103993,1.472200000,0.064300000,0.014500000
sample,advancing_forward,ordered4,128,138,11,37346,1.491968036,1.518700000,0.109600000,0.033900000
sample,advancing_forward,ordered4,128,139,11,764,1.478656054,1.506600000,0.108500000,0.028500000
sample,advancing_forward,ordered4,128,140,11,8074,1.615872025,1.666900000,0.411500000,0.108700000
sample,advancing_forward,ordered4,128,141,11,20272,1.457152009,1.473100000,0.063100000,0.013100000
sample,advancing_forward,ordered4,128,142,11,9106,1.462272048,1.475500000,0.066400000,0.014600000
sample,advancing_forward,ordered4,128,143,11,3876,1.459200025,1.468500000,0.059200000,0.012200000
sample,advancing_forward,original,128,128,11,284,1.357823968,1.366400000,0.052500000,0.010600000
sample,advancing_forward,original,128,129,11,257,1.362944007,1.371500000,0.052100000,0.010200000
sample,advancing_forward,original,128,130,11,614,1.367007971,1.377000000,0.052000000,0.010200000
sample,advancing_forward,original,128,131,11,878,1.383424044,1.400300000,0.072100000,0.020400000
sample,advancing_forward,original,128,132,11,289,1.366880059,1.375200000,0.072500000,0.010900000
sample,advancing_forward,original,128,133,11,19775,1.369088054,1.379100000,0.079300000,0.010600000
sample,advancing_forward,original,128,134,11,656,1.376255989,1.386500000,0.066500000,0.012300000
sample,advancing_forward,original,128,135,11,39599,1.369088054,1.379800000,0.090900000,0.012900000
sample,advancing_forward,original,128,136,11,1122,1.370111942,1.381600000,0.065200000,0.012900000
sample,advancing_forward,original,128,137,11,291,1.374207973,1.385300000,0.064600000,0.012500000
sample,advancing_forward,original,128,138,11,37346,1.377279997,1.388200000,0.065000000,0.012800000
sample,advancing_forward,original,128,139,11,764,1.374207973,1.387900000,0.068400000,0.012500000
sample,advancing_forward,original,128,140,11,8074,1.389567971,1.412700000,0.073000000,0.018200000
sample,advancing_forward,original,128,141,11,20272,1.399808049,1.418400000,0.143000000,0.024900000
sample,advancing_forward,original,128,142,11,9106,1.401855946,1.415000000,0.084700000,0.027200000
sample,advancing_forward,original,128,143,11,3876,1.377279997,1.390500000,0.069400000,0.013400000
sample,advancing_forward,original,128,128,12,284,1.388607979,1.406400000,0.096500000,0.025300000
sample,advancing_forward,original,128,129,12,257,1.377279997,1.395500000,0.065700000,0.017700000
sample,advancing_forward,original,128,130,12,614,1.404927969,1.428400000,0.112900000,0.031500000
sample,advancing_forward,original,128,131,12,878,1.381376028,1.398000000,0.076600000,0.019100000
sample,advancing_forward,original,128,132,12,289,1.396736026,1.412700000,0.087200000,0.029500000
sample,advancing_forward,original,128,133,12,19775,1.387519956,1.407700000,0.110800000,0.022100000
sample,advancing_forward,original,128,134,12,656,1.407999992,1.431700000,0.127000000,0.031100000
sample,advancing_forward,original,128,135,12,39599,1.384448051,1.421600000,0.066600000,0.021800000
sample,advancing_forward,original,128,136,12,1122,1.377279997,1.388500000,0.066100000,0.013300000
sample,advancing_forward,original,128,137,12,291,1.412096024,1.436000000,0.106200000,0.033000000
sample,advancing_forward,original,128,138,12,37346,1.386495948,1.402900000,0.068500000,0.015100000
sample,advancing_forward,original,128,139,12,764,1.383424044,1.397700000,0.073400000,0.014300000
sample,advancing_forward,original,128,140,12,8074,1.398784041,1.420200000,0.091500000,0.021100000
sample,advancing_forward,original,128,141,12,20272,1.412096024,1.431500000,0.122300000,0.030000000
sample,advancing_forward,original,128,142,12,9106,1.393664002,1.410500000,0.072400000,0.020100000
sample,advancing_forward,original,128,143,12,3876,1.387519956,1.402800000,0.075100000,0.018300000
sample,advancing_forward,ordered4,128,128,12,284,1.437695980,1.450100000,0.067200000,0.013000000
sample,advancing_forward,ordered4,128,129,12,257,1.444864035,1.455500000,0.064400000,0.013200000
sample,advancing_forward,ordered4,128,130,12,614,1.449983954,1.460800000,0.076200000,0.013800000
sample,advancing_forward,ordered4,128,131,12,878,1.445888042,1.459600000,0.070100000,0.013500000
sample,advancing_forward,ordered4,128,132,12,289,1.459200025,1.475600000,0.074300000,0.021700000
sample,advancing_forward,ordered4,128,133,12,19775,1.445888042,1.455600000,0.055500000,0.011400000
sample,advancing_forward,ordered4,128,134,12,656,1.448959947,1.460500000,0.056800000,0.011400000
sample,advancing_forward,ordered4,128,135,12,39599,1.447936058,1.461900000,0.058500000,0.014700000
sample,advancing_forward,ordered4,128,136,12,1122,1.444671988,1.454000000,0.052300000,0.011600000
sample,advancing_forward,ordered4,128,137,12,291,1.453055978,1.463800000,0.059300000,0.012800000
sample,advancing_forward,ordered4,128,138,12,37346,1.456128001,1.466300000,0.058900000,0.012600000
sample,advancing_forward,ordered4,128,139,12,764,1.448959947,1.458200000,0.054200000,0.012400000
sample,advancing_forward,ordered4,128,140,12,8074,1.450976014,1.460000000,0.054300000,0.012100000
sample,advancing_forward,ordered4,128,141,12,20272,1.453055978,1.462000000,0.052600000,0.011600000
sample,advancing_forward,ordered4,128,142,12,9106,1.455072045,1.464100000,0.050700000,0.010900000
sample,advancing_forward,ordered4,128,143,12,3876,1.471392035,1.489600000,0.073600000,0.020700000
sample,advancing_forward,ordered4,128,128,13,284,1.431552052,1.440700000,0.051600000,0.010900000
sample,advancing_forward,ordered4,128,129,13,257,1.454079986,1.468800000,0.076900000,0.018300000
sample,advancing_forward,ordered4,128,130,13,614,1.452031970,1.463800000,0.067000000,0.017300000
sample,advancing_forward,ordered4,128,131,13,878,1.442816019,1.453300000,0.058600000,0.012600000
sample,advancing_forward,ordered4,128,132,13,289,1.461055994,1.478100000,0.078800000,0.023900000
sample,advancing_forward,ordered4,128,133,13,19775,1.445888042,1.455800000,0.076400000,0.012300000
sample,advancing_forward,ordered4,128,134,13,656,1.446912050,1.457100000,0.060300000,0.012200000
sample,advancing_forward,ordered4,128,135,13,39599,1.443840027,1.453800000,0.058400000,0.011200000
sample,advancing_forward,ordered4,128,136,13,1122,1.453055978,1.463000000,0.065200000,0.012800000
sample,advancing_forward,ordered4,128,137,13,291,1.445888042,1.456000000,0.086300000,0.010600000
sample,advancing_forward,ordered4,128,138,13,37346,1.452031970,1.462500000,0.084900000,0.010500000
sample,advancing_forward,ordered4,128,139,13,764,1.449983954,1.460700000,0.059800000,0.012000000
sample,advancing_forward,ordered4,128,140,13,8074,1.484799981,1.500200000,0.128700000,0.024500000
sample,advancing_forward,ordered4,128,141,13,20272,1.492895961,1.511500000,0.096100000,0.027100000
sample,advancing_forward,ordered4,128,142,13,9106,1.473536015,1.487600000,0.075100000,0.018800000
sample,advancing_forward,ordered4,128,143,13,3876,1.456128001,1.467700000,0.061100000,0.012300000
sample,advancing_forward,original,128,128,13,284,1.356799960,1.364700000,0.069500000,0.010300000
sample,advancing_forward,original,128,129,13,257,1.361919999,1.370600000,0.058600000,0.009900000
sample,advancing_forward,original,128,130,13,614,1.367040038,1.375800000,0.050500000,0.010500000
sample,advancing_forward,original,128,131,13,878,1.362944007,1.372400000,0.082500000,0.010200000
sample,advancing_forward,original,128,132,13,289,1.367040038,1.377900000,0.055600000,0.010700000
sample,advancing_forward,original,128,133,13,19775,1.399808049,1.418400000,0.129400000,0.027400000
sample,advancing_forward,original,128,134,13,656,1.433599949,1.478000000,0.145600000,0.054700000
sample,advancing_forward,original,128,135,13,39599,1.530879974,1.626500000,0.417800000,0.113200000
sample,advancing_forward,original,128,136,13,1122,1.369088054,1.381200000,0.066700000,0.011200000
sample,advancing_forward,original,128,137,13,291,1.406975985,1.432900000,0.111200000,0.031400000
sample,advancing_forward,original,128,138,13,37346,1.385472059,1.401000000,0.073800000,0.016500000
sample,advancing_forward,original,128,139,13,764,1.379328012,1.391600000,0.077500000,0.013200000
sample,advancing_forward,original,128,140,13,8074,1.383424044,1.395700000,0.076500000,0.014400000
sample,advancing_forward,original,128,141,13,20272,1.384448051,1.396400000,0.073100000,0.013400000
sample,advancing_forward,original,128,142,13,9106,1.387519956,1.402300000,0.080100000,0.014600000
sample,advancing_forward,original,128,143,13,3876,1.376255989,1.386800000,0.067300000,0.012600000
sample,advancing_forward,original,128,128,14,284,1.364992023,1.375000000,0.064700000,0.012200000
sample,advancing_forward,original,128,129,14,257,1.364992023,1.374800000,0.057800000,0.010500000
sample,advancing_forward,original,128,130,14,614,1.366016030,1.376300000,0.059000000,0.010400000
sample,advancing_forward,original,128,131,14,878,1.363968015,1.385500000,0.056900000,0.010900000
sample,advancing_forward,original,128,132,14,289,1.390591979,1.413600000,0.088300000,0.026700000
sample,advancing_forward,original,128,133,14,19775,1.368064046,1.379100000,0.059000000,0.010500000
sample,advancing_forward,original,128,134,14,656,1.372159958,1.381600000,0.058400000,0.010900000
sample,advancing_forward,original,128,135,14,39599,1.366016030,1.379100000,0.058700000,0.011000000
sample,advancing_forward,original,128,136,14,1122,1.371135950,1.389900000,0.061200000,0.013600000
sample,advancing_forward,original,128,137,14,291,1.410048008,1.432300000,0.113100000,0.034400000
sample,advancing_forward,original,128,138,14,37346,1.414144039,1.437500000,0.099100000,0.035100000
sample,advancing_forward,original,128,139,14,764,1.377279997,1.388900000,0.063700000,0.011200000
sample,advancing_forward,original,128,140,14,8074,1.375231981,1.387300000,0.060800000,0.012700000
sample,advancing_forward,original,128,141,14,20272,1.376255989,1.386400000,0.053400000,0.012200000
sample,advancing_forward,original,128,142,14,9106,1.390591979,1.402100000,0.065200000,0.018500000
sample,advancing_forward,original,128,143,14,3876,1.376255989,1.386600000,0.058800000,0.013600000
sample,advancing_forward,ordered4,128,128,14,284,1.436671972,1.445800000,0.064200000,0.012200000
sample,advancing_forward,ordered4,128,129,14,257,1.444831967,1.454200000,0.059800000,0.012300000
sample,advancing_forward,ordered4,128,130,14,614,1.455072045,1.469000000,0.077500000,0.018200000
sample,advancing_forward,ordered4,128,131,14,878,1.445888042,1.457900000,0.064700000,0.012800000
sample,advancing_forward,ordered4,128,132,14,289,1.445888042,1.456100000,0.056900000,0.011300000
sample,advancing_forward,ordered4,128,133,14,19775,1.445888042,1.455700000,0.057000000,0.011600000
sample,advancing_forward,ordered4,128,134,14,656,1.448959947,1.457900000,0.054700000,0.012300000
sample,advancing_forward,ordered4,128,135,14,39599,1.445824027,1.454900000,0.053900000,0.012100000
sample,advancing_forward,ordered4,128,136,14,1122,1.445888042,1.454500000,0.053600000,0.011400000
sample,advancing_forward,ordered4,128,137,14,291,1.454079986,1.464200000,0.057800000,0.012000000
sample,advancing_forward,ordered4,128,138,14,37346,1.475584030,1.497000000,0.080000000,0.024500000
sample,advancing_forward,ordered4,128,139,14,764,1.460127950,1.474800000,0.064600000,0.014000000
sample,advancing_forward,ordered4,128,140,14,8074,1.454079986,1.465000000,0.057300000,0.012100000
sample,advancing_forward,ordered4,128,141,14,20272,1.460224032,1.473700000,0.060900000,0.015700000
sample,advancing_forward,ordered4,128,142,14,9106,1.458176017,1.468200000,0.057000000,0.012700000
sample,advancing_forward,ordered4,128,143,14,3876,1.462272048,1.471800000,0.059200000,0.012200000
sample,advancing_forward,ordered4,128,128,15,284,1.430528045,1.440800000,0.080200000,0.010800000
sample,advancing_forward,ordered4,128,129,15,257,1.436671972,1.445400000,0.050300000,0.010800000
sample,advancing_forward,ordered4,128,130,15,614,1.438719988,1.447700000,0.051100000,0.011200000
sample,advancing_forward,ordered4,128,131,15,878,1.437695980,1.446500000,0.052600000,0.011400000
sample,advancing_forward,ordered4,128,132,15,289,1.437695980,1.447600000,0.051800000,0.010900000
sample,advancing_forward,ordered4,128,133,15,19775,1.474560022,1.498900000,0.087400000,0.028700000
sample,advancing_forward,ordered4,128,134,15,656,1.449983954,1.461000000,0.058600000,0.012800000
sample,advancing_forward,ordered4,128,135,15,39599,1.468415976,1.489600000,0.081500000,0.025400000
sample,advancing_forward,ordered4,128,136,15,1122,1.442816019,1.451500000,0.066100000,0.011400000
sample,advancing_forward,ordered4,128,137,15,291,1.448959947,1.459400000,0.058700000,0.010500000
sample,advancing_forward,ordered4,128,138,15,37346,1.451007962,1.461400000,0.059300000,0.011200000
sample,advancing_forward,ordered4,128,139,15,764,1.451007962,1.462300000,0.059700000,0.012600000
sample,advancing_forward,ordered4,128,140,15,8074,1.451007962,1.462300000,0.057400000,0.011100000
sample,advancing_forward,ordered4,128,141,15,20272,1.454079986,1.465300000,0.057100000,0.011200000
sample,advancing_forward,ordered4,128,142,15,9106,1.458176017,1.468000000,0.058800000,0.012000000
sample,advancing_forward,ordered4,128,143,15,3876,1.460224032,1.473300000,0.067900000,0.011600000
sample,advancing_forward,original,128,128,15,284,1.364992023,1.381300000,0.059100000,0.013900000
sample,advancing_forward,original,128,129,15,257,1.397727966,1.420200000,0.088400000,0.028200000
sample,advancing_forward,original,128,130,15,614,1.373088002,1.382200000,0.058300000,0.011600000
sample,advancing_forward,original,128,131,15,878,1.363968015,1.372700000,0.052500000,0.011600000
sample,advancing_forward,original,128,132,15,289,1.366816044,1.375100000,0.052100000,0.011200000
sample,advancing_forward,original,128,133,15,19775,1.370111942,1.378700000,0.051400000,0.010700000
sample,advancing_forward,original,128,134,15,656,1.371135950,1.379200000,0.052800000,0.010600000
sample,advancing_forward,original,128,135,15,39599,1.364992023,1.373100000,0.070700000,0.010500000
sample,advancing_forward,original,128,136,15,1122,1.367040038,1.376200000,0.079500000,0.010600000
sample,advancing_forward,original,128,137,15,291,1.402879953,1.426400000,0.096000000,0.029400000
sample,advancing_forward,original,128,138,15,37346,1.583104014,1.642600000,0.463100000,0.122700000
sample,advancing_forward,original,128,139,15,764,1.374112010,1.382500000,0.054500000,0.011800000
sample,advancing_forward,original,128,140,15,8074,1.373983979,1.382800000,0.051600000,0.011100000
sample,advancing_forward,original,128,141,15,20272,1.388543963,1.404400000,0.065700000,0.018600000
sample,advancing_forward,original,128,142,15,9106,1.380352020,1.390900000,0.058400000,0.011100000
sample,advancing_forward,original,128,143,15,3876,1.370111942,1.379900000,0.058300000,0.010500000
sample,advancing_forward,original,512,512,0,837,1.613631964,1.623400000,0.053600000,0.012000000
sample,advancing_forward,original,512,513,0,290,1.624063969,1.636000000,0.057300000,0.012600000
sample,advancing_forward,original,512,514,0,460,1.619968057,1.627900000,0.070300000,0.010500000
sample,advancing_forward,original,512,515,0,307,1.625087976,1.634400000,0.057500000,0.012200000
sample,advancing_forward,original,512,516,0,12606,1.619871974,1.628400000,0.051800000,0.010900000
sample,advancing_forward,original,512,517,0,32455,1.624063969,1.632800000,0.051000000,0.010700000
sample,advancing_forward,original,512,518,0,837,1.645568013,1.661900000,0.079100000,0.020600000
sample,advancing_forward,original,512,519,0,3584,1.651711941,1.675100000,0.084300000,0.025800000
sample,advancing_forward,original,512,520,0,45456,1.630208015,1.642400000,0.063900000,0.012600000
sample,advancing_forward,original,512,521,0,389,1.646592021,1.665200000,0.083400000,0.021100000
sample,advancing_forward,original,512,522,0,7485,1.630208015,1.640600000,0.082900000,0.011100000
sample,advancing_forward,original,512,523,0,284,1.628160000,1.638200000,0.080900000,0.010300000
sample,advancing_forward,original,512,524,0,3051,1.630208015,1.641600000,0.061100000,0.011600000
sample,advancing_forward,original,512,525,0,287,1.632256031,1.642200000,0.079100000,0.010700000
sample,advancing_forward,original,512,526,0,262,1.638399959,1.647600000,0.061100000,0.014600000
sample,advancing_forward,original,512,527,0,4295,1.626111984,1.635900000,0.079200000,0.010500000
sample,advancing_forward,ordered4,512,512,0,837,1.911808014,1.923100000,0.059300000,0.011000000
sample,advancing_forward,ordered4,512,513,0,290,1.918975949,1.929500000,0.080000000,0.010500000
sample,advancing_forward,ordered4,512,514,0,460,1.918975949,1.930600000,0.056400000,0.011300000
sample,advancing_forward,ordered4,512,515,0,307,1.917951941,1.928200000,0.079500000,0.010700000
sample,advancing_forward,ordered4,512,516,0,12606,1.947648048,1.971200000,0.094300000,0.024300000
sample,advancing_forward,ordered4,512,517,0,32455,1.937407970,1.956600000,0.073900000,0.019100000
sample,advancing_forward,ordered4,512,518,0,837,1.926144004,1.936800000,0.060400000,0.012000000
sample,advancing_forward,ordered4,512,519,0,3584,1.921023965,1.931800000,0.079000000,0.010800000
sample,advancing_forward,ordered4,512,520,0,45456,1.926144004,1.937700000,0.058900000,0.011500000
sample,advancing_forward,ordered4,512,521,0,389,1.929216027,1.940300000,0.058200000,0.011700000
sample,advancing_forward,ordered4,512,522,0,7485,1.931264043,1.942300000,0.057600000,0.011200000
sample,advancing_forward,ordered4,512,523,0,284,1.927168012,1.937700000,0.056300000,0.010900000
sample,advancing_forward,ordered4,512,524,0,3051,1.953791976,1.968400000,0.083600000,0.020300000
sample,advancing_forward,ordered4,512,525,0,287,1.934335947,1.946400000,0.059100000,0.012000000
sample,advancing_forward,ordered4,512,526,0,262,1.940479994,1.956900000,0.062600000,0.014100000
sample,advancing_forward,ordered4,512,527,0,4295,1.931264043,1.941100000,0.079000000,0.010700000
sample,advancing_forward,ordered4,512,512,1,837,1.947487950,1.968400000,0.088800000,0.032200000
sample,advancing_forward,ordered4,512,513,1,290,2.096096039,2.155500000,0.430000000,0.105600000
sample,advancing_forward,ordered4,512,514,1,460,1.926144004,1.936200000,0.055900000,0.011900000
sample,advancing_forward,ordered4,512,515,1,307,1.928192019,1.942100000,0.087700000,0.016600000
sample,advancing_forward,ordered4,512,516,1,12606,1.919999957,1.930400000,0.086800000,0.011500000
sample,advancing_forward,ordered4,512,517,1,32455,1.922047973,1.932200000,0.056800000,0.011000000
sample,advancing_forward,ordered4,512,518,1,837,1.924095988,1.934300000,0.080000000,0.010800000
sample,advancing_forward,ordered4,512,519,1,3584,1.921023965,1.932600000,0.079300000,0.010800000
sample,advancing_forward,ordered4,512,520,1,45456,1.957888007,1.977500000,0.104700000,0.028900000
sample,advancing_forward,ordered4,512,521,1,389,1.949695945,1.968900000,0.080500000,0.020900000
sample,advancing_forward,ordered4,512,522,1,7485,1.933312058,1.944900000,0.067500000,0.013600000
sample,advancing_forward,ordered4,512,523,1,284,1.929216027,1.940000000,0.067600000,0.012900000
sample,advancing_forward,ordered4,512,524,1,3051,1.933312058,1.943500000,0.068600000,0.013100000
sample,advancing_forward,ordered4,512,525,1,287,1.934335947,1.945000000,0.067000000,0.012400000
sample,advancing_forward,ordered4,512,526,1,262,1.938431978,1.948400000,0.089100000,0.012400000
sample,advancing_forward,ordered4,512,527,1,4295,1.936383963,1.947600000,0.064500000,0.012400000
sample,advancing_forward,original,512,512,1,837,1.614848018,1.630400000,0.063800000,0.011200000
sample,advancing_forward,original,512,513,1,290,1.648640037,1.671600000,0.096100000,0.023600000
sample,advancing_forward,original,512,514,1,460,1.635328054,1.653400000,0.087800000,0.019600000
sample,advancing_forward,original,512,515,1,307,1.642495990,1.659300000,0.101100000,0.022700000
sample,advancing_forward,original,512,516,1,12606,1.648640037,1.665200000,0.100400000,0.024800000
sample,advancing_forward,original,512,517,1,32455,1.643519998,1.658900000,0.085500000,0.018500000
sample,advancing_forward,original,512,518,1,837,1.645568013,1.662600000,0.084600000,0.021800000
sample,advancing_forward,original,512,519,1,3584,1.637375951,1.654300000,0.085600000,0.020200000
sample,advancing_forward,original,512,520,1,45456,1.647616029,1.664000000,0.105100000,0.019400000
sample,advancing_forward,original,512,521,1,389,1.662976027,1.682700000,0.111800000,0.029700000
sample,advancing_forward,original,512,522,1,7485,1.649664044,1.666300000,0.087200000,0.021500000
sample,advancing_forward,original,512,523,1,284,1.642495990,1.662700000,0.086500000,0.023800000
sample,advancing_forward,original,512,524,1,3051,1.649664044,1.666100000,0.091000000,0.022100000
sample,advancing_forward,original,512,525,1,287,1.648512006,1.663000000,0.103100000,0.022300000
sample,advancing_forward,original,512,526,1,262,1.649664044,1.664400000,0.088300000,0.020000000
sample,advancing_forward,original,512,527,1,4295,1.651711941,1.669000000,0.086300000,0.024800000
sample,advancing_forward,original,512,512,2,837,1.623039961,1.638300000,0.068000000,0.016600000
sample,advancing_forward,original,512,513,2,290,1.620991945,1.631000000,0.057100000,0.011000000
sample,advancing_forward,original,512,514,2,460,1.620991945,1.631300000,0.079100000,0.010500000
sample,advancing_forward,original,512,515,2,307,1.617920041,1.628200000,0.078400000,0.010600000
sample,advancing_forward,original,512,516,2,12606,1.620991945,1.632700000,0.078600000,0.010500000
sample,advancing_forward,original,512,517,2,32455,1.657855988,1.680200000,0.100300000,0.027600000
sample,advancing_forward,original,512,518,2,837,1.648640037,1.667200000,0.085000000,0.021000000
sample,advancing_forward,original,512,519,2,3584,1.620991945,1.631500000,0.063200000,0.011400000
sample,advancing_forward,original,512,520,2,45456,1.633280039,1.644300000,0.072300000,0.013700000
sample,advancing_forward,original,512,521,2,389,1.629184008,1.638200000,0.057400000,0.010700000
sample,advancing_forward,original,512,522,2,7485,1.629184008,1.638700000,0.080600000,0.010800000
sample,advancing_forward,original,512,523,2,284,1.627135992,1.638300000,0.060000000,0.011200000
sample,advancing_forward,original,512,524,2,3051,1.629184008,1.638800000,0.081200000,0.010300000
sample,advancing_forward,original,512,525,2,287,1.631232023,1.641100000,0.057400000,0.010300000
sample,advancing_forward,original,512,526,2,262,1.646592021,1.659900000,0.069900000,0.014500000
sample,advancing_forward,original,512,527,2,4295,1.628160000,1.637200000,0.065600000,0.012400000
sample,advancing_forward,ordered4,512,512,2,837,1.913856030,1.922900000,0.081800000,0.010800000
sample,advancing_forward,ordered4,512,513,2,290,1.918975949,1.928700000,0.070100000,0.010800000
sample,advancing_forward,ordered4,512,514,2,460,1.919999957,1.930400000,0.080200000,0.010600000
sample,advancing_forward,ordered4,512,515,2,307,1.934335947,1.950600000,0.077900000,0.017900000
sample,advancing_forward,ordered4,512,516,2,12606,1.932288051,1.942400000,0.074900000,0.018000000
sample,advancing_forward,ordered4,512,517,2,32455,1.926144004,1.936100000,0.084100000,0.012200000
sample,advancing_forward,ordered4,512,518,2,837,1.927168012,1.937300000,0.076300000,0.012500000
sample,advancing_forward,ordered4,512,519,2,3584,1.921023965,1.930800000,0.057800000,0.010800000
sample,advancing_forward,ordered4,512,520,2,45456,1.932288051,1.942100000,0.070000000,0.016500000
sample,advancing_forward,ordered4,512,521,2,389,1.926112056,1.934400000,0.051900000,0.010500000
sample,advancing_forward,ordered4,512,522,2,7485,1.929216027,1.938100000,0.052100000,0.010700000
sample,advancing_forward,ordered4,512,523,2,284,1.939455986,1.952300000,0.064200000,0.015300000
sample,advancing_forward,ordered4,512,524,2,3051,1.927168012,1.935700000,0.053300000,0.011100000
sample,advancing_forward,ordered4,512,525,2,287,1.931264043,1.939700000,0.051200000,0.010600000
sample,advancing_forward,ordered4,512,526,2,262,1.933312058,1.941600000,0.051300000,0.010400000
sample,advancing_forward,ordered4,512,527,2,4295,1.929216027,1.937100000,0.051900000,0.010800000
sample,advancing_forward,ordered4,512,512,3,837,1.911808014,1.921000000,0.078300000,0.010900000
sample,advancing_forward,ordered4,512,513,3,290,1.917951941,1.928700000,0.055000000,0.010700000
sample,advancing_forward,ordered4,512,514,3,460,1.950719953,1.969800000,0.111600000,0.030900000
sample,advancing_forward,ordered4,512,515,3,307,1.935359955,1.951900000,0.084300000,0.021400000
sample,advancing_forward,ordered4,512,516,3,12606,1.918975949,1.929700000,0.059900000,0.010800000
sample,advancing_forward,ordered4,512,517,3,32455,1.923071980,1.933300000,0.057900000,0.010700000
sample,advancing_forward,ordered4,512,518,3,837,1.927168012,1.937100000,0.058600000,0.011200000
sample,advancing_forward,ordered4,512,519,3,3584,1.922047973,1.931400000,0.080800000,0.010800000
sample,advancing_forward,ordered4,512,520,3,45456,1.923071980,1.932800000,0.080200000,0.010700000
sample,advancing_forward,ordered4,512,521,3,389,1.927168012,1.938000000,0.058000000,0.011100000
sample,advancing_forward,ordered4,512,522,3,7485,1.951743960,1.967900000,0.092300000,0.018500000
sample,advancing_forward,ordered4,512,523,3,284,1.931264043,1.943900000,0.060600000,0.011800000
sample,advancing_forward,ordered4,512,524,3,3051,1.933312058,1.943500000,0.066600000,0.012600000
sample,advancing_forward,ordered4,512,525,3,287,1.931264043,1.941500000,0.082300000,0.010700000
sample,advancing_forward,ordered4,512,526,3,262,1.933312058,1.945800000,0.081600000,0.010600000
sample,advancing_forward,ordered4,512,527,3,4295,1.931264043,1.941100000,0.059100000,0.010300000
sample,advancing_forward,original,512,512,3,837,1.629184008,1.642400000,0.084800000,0.014900000
sample,advancing_forward,original,512,513,3,290,1.623039961,1.632600000,0.058500000,0.011300000
sample,advancing_forward,original,512,514,3,460,1.623039961,1.632400000,0.058900000,0.010700000
sample,advancing_forward,original,512,515,3,307,1.620991945,1.630200000,0.058600000,0.010400000
sample,advancing_forward,original,512,516,3,12606,1.620991945,1.630700000,0.057000000,0.010300000
sample,advancing_forward,original,512,517,3,32455,1.625087976,1.634000000,0.057100000,0.010800000
sample,advancing_forward,original,512,518,3,837,1.625087976,1.632900000,0.052000000,0.010600000
sample,advancing_forward,original,512,519,3,3584,1.620991945,1.628600000,0.051700000,0.010300000
sample,advancing_forward,original,512,520,3,45456,1.620991945,1.630300000,0.052000000,0.010500000
sample,advancing_forward,original,512,521,3,389,1.638399959,1.652800000,0.065000000,0.014900000
sample,advancing_forward,original,512,522,3,7485,1.635328054,1.645200000,0.062700000,0.013100000
sample,advancing_forward,original,512,523,3,284,1.624992013,1.632400000,0.055200000,0.010500000
sample,advancing_forward,original,512,524,3,3051,1.627135992,1.634700000,0.051500000,0.010300000
sample,advancing_forward,original,512,525,3,287,1.633280039,1.641600000,0.052100000,0.010500000
sample,advancing_forward,original,512,526,3,262,1.633183956,1.641400000,0.050900000,0.010400000
sample,advancing_forward,original,512,527,3,4295,1.630208015,1.638100000,0.056100000,0.010500000
sample,advancing_forward,original,512,512,4,837,1.640447974,1.659400000,0.092700000,0.024500000
sample,advancing_forward,original,512,513,4,290,1.641471982,1.658100000,0.090800000,0.020900000
sample,advancing_forward,original,512,514,4,460,1.640447974,1.657500000,0.086400000,0.020100000
sample,advancing_forward,original,512,515,4,307,1.638399959,1.654400000,0.091100000,0.021100000
sample,advancing_forward,original,512,516,4,12606,1.644544005,1.660100000,0.089600000,0.021600000
sample,advancing_forward,original,512,517,4,32455,1.635328054,1.646100000,0.071800000,0.014400000
sample,advancing_forward,original,512,518,4,837,1.632256031,1.642800000,0.083100000,0.013200000
sample,advancing_forward,original,512,519,4,3584,1.624063969,1.634500000,0.063100000,0.012200000
sample,advancing_forward,original,512,520,4,45456,1.624063969,1.634600000,0.065900000,0.012100000
sample,advancing_forward,original,512,521,4,389,1.624063969,1.634700000,0.079400000,0.010600000
sample,advancing_forward,original,512,522,4,7485,1.641471982,1.656700000,0.070800000,0.015700000
sample,advancing_forward,original,512,523,4,284,1.634304047,1.643300000,0.066000000,0.015700000
sample,advancing_forward,original,512,524,4,3051,1.627135992,1.635800000,0.072000000,0.010400000
sample,advancing_forward,original,512,525,4,287,1.630208015,1.638400000,0.071400000,0.010400000
sample,advancing_forward,original,512,526,4,262,1.634271979,1.643300000,0.052100000,0.011300000
sample,advancing_forward,original,512,527,4,4295,1.624063969,1.632200000,0.052100000,0.010500000
sample,advancing_forward,ordered4,512,512,4,837,1.912832022,1.923100000,0.081000000,0.011700000
sample,advancing_forward,ordered4,512,513,4,290,1.916928053,1.927700000,0.084700000,0.010500000
sample,advancing_forward,ordered4,512,514,4,460,1.919999957,1.929600000,0.080400000,0.010600000
sample,advancing_forward,ordered4,512,515,4,307,1.915904045,1.926000000,0.080400000,0.010500000
sample,advancing_forward,ordered4,512,516,4,12606,1.918975949,1.930800000,0.079600000,0.010300000
sample,advancing_forward,ordered4,512,517,4,32455,1.960960031,1.983900000,0.110700000,0.030900000
sample,advancing_forward,ordered4,512,518,4,837,1.934335947,1.948600000,0.074300000,0.015200000
sample,advancing_forward,ordered4,512,519,4,3584,1.939455986,1.960400000,0.083900000,0.022100000
sample,advancing_forward,ordered4,512,520,4,45456,1.924095988,1.935400000,0.072800000,0.012700000
sample,advancing_forward,ordered4,512,521,4,389,1.928192019,1.939300000,0.059200000,0.010600000
sample,advancing_forward,ordered4,512,522,4,7485,1.936383963,1.947500000,0.066500000,0.012100000
sample,advancing_forward,ordered4,512,523,4,284,1.928192019,1.937500000,0.081500000,0.010900000
sample,advancing_forward,ordered4,512,524,4,3051,1.930240035,1.940400000,0.081600000,0.010700000
sample,advancing_forward,ordered4,512,525,4,287,1.946624041,1.959100000,0.081900000,0.015800000
sample,advancing_forward,ordered4,512,526,4,262,1.935359955,1.945100000,0.057900000,0.011100000
sample,advancing_forward,ordered4,512,527,4,4295,1.933312058,1.943500000,0.057000000,0.010700000
sample,advancing_forward,ordered4,512,512,5,837,1.910784006,1.919400000,0.071900000,0.010500000
sample,advancing_forward,ordered4,512,513,5,290,1.918975949,1.927400000,0.075900000,0.010500000
sample,advancing_forward,ordered4,512,514,5,460,1.955839992,1.975300000,0.110000000,0.030600000
sample,advancing_forward,ordered4,512,515,5,307,1.927168012,1.936200000,0.067400000,0.015500000
sample,advancing_forward,ordered4,512,516,5,12606,1.919808030,1.927800000,0.051400000,0.010800000
sample,advancing_forward,ordered4,512,517,5,32455,1.941504002,1.954700000,0.074600000,0.015700000
sample,advancing_forward,ordered4,512,518,5,837,1.925119996,1.934900000,0.057000000,0.011100000
sample,advancing_forward,ordered4,512,519,5,3584,1.923071980,1.933300000,0.079400000,0.010800000
sample,advancing_forward,ordered4,512,520,5,45456,1.925119996,1.936100000,0.057100000,0.011100000
sample,advancing_forward,ordered4,512,521,5,389,1.927168012,1.936700000,0.078000000,0.010800000
sample,advancing_forward,ordered4,512,522,5,7485,1.940415978,1.953300000,0.065700000,0.014700000
sample,advancing_forward,ordered4,512,523,5,284,1.927168012,1.936400000,0.053200000,0.011000000
sample,advancing_forward,ordered4,512,524,5,3051,1.927999973,1.936000000,0.071000000,0.010600000
sample,advancing_forward,ordered4,512,525,5,287,1.932288051,1.941000000,0.071700000,0.010900000
sample,advancing_forward,ordered4,512,526,5,262,1.934208035,1.942500000,0.071700000,0.010700000
sample,advancing_forward,ordered4,512,527,5,4295,1.930240035,1.939300000,0.051200000,0.010500000
sample,advancing_forward,original,512,512,5,837,1.905663967,2.105100000,0.617600000,0.183900000
sample,advancing_forward,original,512,513,5,290,1.634304047,1.653100000,0.090600000,0.018400000
sample,advancing_forward,original,512,514,5,460,1.624063969,1.633800000,0.060200000,0.010800000
sample,advancing_forward,original,512,515,5,307,1.618944049,1.629900000,0.078900000,0.010700000
sample,advancing_forward,original,512,516,5,12606,1.626111984,1.642500000,0.065000000,0.011900000
sample,advancing_forward,original,512,517,5,32455,1.633280039,1.645100000,0.071300000,0.012700000
sample,advancing_forward,original,512,518,5,837,1.626111984,1.636300000,0.081000000,0.010500000
sample,advancing_forward,original,512,519,5,3584,1.620991945,1.630800000,0.080700000,0.010500000
sample,advancing_forward,original,512,520,5,45456,1.626111984,1.637600000,0.058700000,0.012200000
sample,advancing_forward,original,512,521,5,389,1.650688052,1.668900000,0.091100000,0.023300000
sample,advancing_forward,original,512,522,5,7485,1.644544005,1.659600000,0.072100000,0.016300000
sample,advancing_forward,original,512,523,5,284,1.626111984,1.635800000,0.081800000,0.010800000
sample,advancing_forward,original,512,524,5,3051,1.633280039,1.643700000,0.064200000,0.013200000
sample,advancing_forward,original,512,525,5,287,1.631232023,1.640800000,0.080400000,0.010600000
sample,advancing_forward,original,512,526,5,262,1.633280039,1.642800000,0.084100000,0.010100000
sample,advancing_forward,original,512,527,5,4295,1.624063969,1.633500000,0.056500000,0.010100000
sample,advancing_forward,original,512,512,6,837,1.629184008,1.647900000,0.113100000,0.020300000
sample,advancing_forward,original,512,513,6,290,1.625087976,1.637500000,0.065700000,0.012600000
sample,advancing_forward,original,512,514,6,460,1.633280039,1.648700000,0.071200000,0.016400000
sample,advancing_forward,original,512,515,6,307,1.623039961,1.634100000,0.067100000,0.012500000
sample,advancing_forward,original,512,516,6,12606,1.623039961,1.632700000,0.081100000,0.010500000
sample,advancing_forward,original,512,517,6,32455,1.625087976,1.635100000,0.058400000,0.010400000
sample,advancing_forward,original,512,518,6,837,1.628160000,1.638500000,0.057700000,0.011000000
sample,advancing_forward,original,512,519,6,3584,1.624063969,1.634400000,0.063500000,0.012100000
sample,advancing_forward,original,512,520,6,45456,1.623039961,1.633600000,0.080600000,0.010500000
sample,advancing_forward,original,512,521,6,389,1.654783964,1.673100000,0.099200000,0.022500000
sample,advancing_forward,original,512,522,6,7485,1.644544005,1.666000000,0.104600000,0.019800000
sample,advancing_forward,original,512,523,6,284,1.628160000,1.638200000,0.058800000,0.010700000
sample,advancing_forward,original,512,524,6,3051,1.628160000,1.638500000,0.079300000,0.010900000
sample,advancing_forward,original,512,525,6,287,1.631232023,1.641500000,0.080400000,0.010700000
sample,advancing_forward,original,512,526,6,262,1.634304047,1.644300000,0.080500000,0.010300000
sample,advancing_forward,original,512,527,6,4295,1.626111984,1.635100000,0.058500000,0.010700000
sample,advancing_forward,ordered4,512,512,6,837,1.922047973,1.931400000,0.068300000,0.013500000
sample,advancing_forward,ordered4,512,513,6,290,1.917951941,1.927900000,0.080200000,0.010900000
sample,advancing_forward,ordered4,512,514,6,460,1.918975949,1.930100000,0.084500000,0.010400000
sample,advancing_forward,ordered4,512,515,6,307,1.931264043,1.949400000,0.072200000,0.018100000
sample,advancing_forward,ordered4,512,516,6,12606,1.917951941,1.928300000,0.081300000,0.010800000
sample,advancing_forward,ordered4,512,517,6,32455,1.922047973,1.937300000,0.057800000,0.010700000
sample,advancing_forward,ordered4,512,518,6,837,1.951743960,1.963300000,0.098500000,0.030100000
sample,advancing_forward,ordered4,512,519,6,3584,1.924095988,1.934300000,0.058300000,0.011600000
sample,advancing_forward,ordered4,512,520,6,45456,1.924095988,1.934100000,0.080400000,0.010700000
sample,advancing_forward,ordered4,512,521,6,389,1.928192019,1.938400000,0.066400000,0.011600000
sample,advancing_forward,ordered4,512,522,6,7485,1.930240035,1.940900000,0.079800000,0.010900000
sample,advancing_forward,ordered4,512,523,6,284,1.925119996,1.935400000,0.076600000,0.010200000
sample,advancing_forward,ordered4,512,524,6,3051,1.929216027,1.939400000,0.080100000,0.011300000
sample,advancing_forward,ordered4,512,525,6,287,1.932288051,1.941600000,0.077200000,0.010400000
sample,advancing_forward,ordered4,512,526,6,262,1.935359955,1.945000000,0.071800000,0.010500000
sample,advancing_forward,ordered4,512,527,6,4295,1.965055943,1.985800000,0.103700000,0.025800000
sample,advancing_forward,ordered4,512,512,7,837,1.912832022,1.922600000,0.056400000,0.011100000
sample,advancing_forward,ordered4,512,513,7,290,1.922047973,1.932500000,0.064700000,0.013000000
sample,advancing_forward,ordered4,512,514,7,460,1.918975949,1.929300000,0.078600000,0.010500000
sample,advancing_forward,ordered4,512,515,7,307,1.934335947,1.947000000,0.070900000,0.015700000
sample,advancing_forward,ordered4,512,516,7,12606,1.920896053,1.928500000,0.051700000,0.010900000
sample,advancing_forward,ordered4,512,517,7,32455,1.922047973,1.930400000,0.051400000,0.010700000
sample,advancing_forward,ordered4,512,518,7,837,1.922880054,1.931300000,0.071500000,0.010400000
sample,advancing_forward,ordered4,512,519,7,3584,1.923007965,1.931400000,0.070700000,0.010700000
sample,advancing_forward,ordered4,512,520,7,45456,1.923071980,1.931800000,0.070900000,0.010600000
sample,advancing_forward,ordered4,512,521,7,389,1.927168012,1.935800000,0.070500000,0.010600000
sample,advancing_forward,ordered4,512,522,7,7485,1.927168012,1.936100000,0.071100000,0.010600000
sample,advancing_forward,ordered4,512,523,7,284,1.927168012,1.937700000,0.057100000,0.010200000
sample,advancing_forward,ordered4,512,524,7,3051,1.946624041,1.964600000,0.079100000,0.018700000
sample,advancing_forward,ordered4,512,525,7,287,1.935359955,1.946000000,0.060800000,0.012200000
sample,advancing_forward,ordered4,512,526,7,262,1.933312058,1.943600000,0.080900000,0.010900000
sample,advancing_forward,ordered4,512,527,7,4295,1.932288051,1.942700000,0.056700000,0.010700000
sample,advancing_forward,original,512,512,7,837,1.617920041,1.628500000,0.064400000,0.013700000
sample,advancing_forward,original,512,513,7,290,1.619968057,1.629900000,0.080900000,0.010700000
sample,advancing_forward,original,512,514,7,460,1.636351943,1.650800000,0.070300000,0.015600000
sample,advancing_forward,original,512,515,7,307,1.619968057,1.628000000,0.052600000,0.010900000
sample,advancing_forward,original,512,516,7,12606,1.619968057,1.629200000,0.072900000,0.010500000
sample,advancing_forward,original,512,517,7,32455,1.625087976,1.634900000,0.079200000,0.010800000
sample,advancing_forward,original,512,518,7,837,1.627135992,1.637300000,0.077200000,0.010500000
sample,advancing_forward,original,512,519,7,3584,1.620991945,1.630700000,0.080400000,0.011000000
sample,advancing_forward,original,512,520,7,45456,1.620991945,1.630800000,0.080600000,0.010700000
sample,advancing_forward,original,512,521,7,389,1.628160000,1.637800000,0.079700000,0.010700000
sample,advancing_forward,original,512,522,7,7485,1.628160000,1.637900000,0.084400000,0.010400000
sample,advancing_forward,original,512,523,7,284,1.636351943,1.650000000,0.065400000,0.015300000
sample,advancing_forward,original,512,524,7,3051,1.640447974,1.653900000,0.075100000,0.015300000
sample,advancing_forward,original,512,525,7,287,1.637375951,1.647900000,0.071400000,0.014900000
sample,advancing_forward,original,512,526,7,262,1.638399959,1.648700000,0.060100000,0.011800000
sample,advancing_forward,original,512,527,7,4295,1.636351943,1.647700000,0.070000000,0.014200000
sample,advancing_forward,original,512,512,8,837,1.614848018,1.624300000,0.079100000,0.010900000
sample,advancing_forward,original,512,513,8,290,1.619968057,1.630300000,0.079200000,0.010500000
sample,advancing_forward,original,512,514,8,460,1.637375951,1.652500000,0.077400000,0.015800000
sample,advancing_forward,original,512,515,8,307,1.620991945,1.631200000,0.058300000,0.010900000
sample,advancing_forward,original,512,516,8,12606,1.619968057,1.629300000,0.079800000,0.010500000
sample,advancing_forward,original,512,517,8,32455,1.622015953,1.630300000,0.051500000,0.010300000
sample,advancing_forward,original,512,518,8,837,1.626111984,1.634800000,0.052200000,0.010400000
sample,advancing_forward,original,512,519,8,3584,1.619968057,1.627800000,0.052500000,0.010500000
sample,advancing_forward,original,512,520,8,45456,1.624063969,1.632500000,0.051700000,0.010300000
sample,advancing_forward,original,512,521,8,389,1.629184008,1.637400000,0.052000000,0.010400000
sample,advancing_forward,original,512,522,8,7485,1.628160000,1.636500000,0.071600000,0.010300000
sample,advancing_forward,original,512,523,8,284,1.629184008,1.641700000,0.050800000,0.010500000
sample,advancing_forward,original,512,524,8,3051,1.639423966,1.652900000,0.067900000,0.014500000
sample,advancing_forward,original,512,525,8,287,1.631232023,1.639600000,0.051700000,0.010700000
sample,advancing_forward,original,512,526,8,262,1.633280039,1.641400000,0.052000000,0.010700000
sample,advancing_forward,original,512,527,8,4295,1.626111984,1.633800000,0.051500000,0.010600000
sample,advancing_forward,ordered4,512,512,8,837,1.912832022,1.922100000,0.080900000,0.011100000
sample,advancing_forward,ordered4,512,513,8,290,1.931264043,1.946000000,0.070700000,0.014800000
sample,advancing_forward,ordered4,512,514,8,460,1.919999957,1.929000000,0.082000000,0.011400000
sample,advancing_forward,ordered4,512,515,8,307,1.917951941,1.928000000,0.080500000,0.010600000
sample,advancing_forward,ordered4,512,516,8,12606,1.918975949,1.927900000,0.085800000,0.010500000
sample,advancing_forward,ordered4,512,517,8,32455,1.923071980,1.931800000,0.052000000,0.010400000
sample,advancing_forward,ordered4,512,518,8,837,1.925119996,1.932700000,0.072700000,0.010600000
sample,advancing_forward,ordered4,512,519,8,3584,1.921023965,1.929700000,0.071700000,0.010500000
sample,advancing_forward,ordered4,512,520,8,45456,1.924095988,1.932100000,0.071600000,0.010600000
sample,advancing_forward,ordered4,512,521,8,389,1.928192019,1.936400000,0.071600000,0.010400000
sample,advancing_forward,ordered4,512,522,8,7485,1.936383963,1.950200000,0.054600000,0.013200000
sample,advancing_forward,ordered4,512,523,8,284,1.941504002,1.950800000,0.064900000,0.015000000
sample,advancing_forward,ordered4,512,524,8,3051,1.934335947,1.943800000,0.060700000,0.013100000
sample,advancing_forward,ordered4,512,525,8,287,1.930240035,1.940200000,0.056400000,0.010300000
sample,advancing_forward,ordered4,512,526,8,262,1.935359955,1.945100000,0.082200000,0.011300000
sample,advancing_forward,ordered4,512,527,8,4295,1.931264043,1.941000000,0.079000000,0.010600000
sample,advancing_forward,ordered4,512,512,9,837,1.909631968,1.917700000,0.052600000,0.010900000
sample,advancing_forward,ordered4,512,513,9,290,1.915904045,1.923700000,0.051700000,0.010600000
sample,advancing_forward,ordered4,512,514,9,460,1.921023965,1.928800000,0.052200000,0.010800000
sample,advancing_forward,ordered4,512,515,9,307,1.917951941,1.926200000,0.059200000,0.010400000
sample,advancing_forward,ordered4,512,516,9,12606,1.919968009,1.927700000,0.051600000,0.010500000
sample,advancing_forward,ordered4,512,517,9,32455,1.923071980,1.931100000,0.052200000,0.010400000
sample,advancing_forward,ordered4,512,518,9,837,1.924095988,1.933000000,0.051600000,0.010600000
sample,advancing_forward,ordered4,512,519,9,3584,1.934239984,1.947100000,0.064000000,0.015100000
sample,advancing_forward,ordered4,512,520,9,45456,1.924095988,1.932600000,0.053200000,0.011100000
sample,advancing_forward,ordered4,512,521,9,389,1.926144004,1.933700000,0.053600000,0.010800000
sample,advancing_forward,ordered4,512,522,9,7485,1.937407970,1.946600000,0.056500000,0.010800000
sample,advancing_forward,ordered4,512,523,9,284,1.924095988,1.933200000,0.074800000,0.010400000
sample,advancing_forward,ordered4,512,524,9,3051,1.927168012,1.935800000,0.071500000,0.010700000
sample,advancing_forward,ordered4,512,525,9,287,1.932288051,1.939900000,0.050100000,0.010500000
sample,advancing_forward,ordered4,512,526,9,262,1.935359955,1.944300000,0.071700000,0.010400000
sample,advancing_forward,ordered4,512,527,9,4295,1.954751968,1.969700000,0.080700000,0.021600000
sample,advancing_forward,original,512,512,9,837,1.613824010,1.622400000,0.072000000,0.010900000
sample,advancing_forward,original,512,513,9,290,1.620991945,1.628900000,0.050800000,0.010400000
sample,advancing_forward,original,512,514,9,460,1.619968057,1.628200000,0.077200000,0.010400000
sample,advancing_forward,original,512,515,9,307,1.622015953,1.630000000,0.057200000,0.011900000
sample,advancing_forward,original,512,516,9,12606,1.620864034,1.628800000,0.070700000,0.010200000
sample,advancing_forward,original,512,517,9,32455,1.632256031,1.643400000,0.060900000,0.013500000
sample,advancing_forward,original,512,518,9,837,1.641471982,1.650600000,0.069900000,0.019200000
sample,advancing_forward,original,512,519,9,3584,1.620991945,1.628300000,0.071200000,0.010500000
sample,advancing_forward,original,512,520,9,45456,1.620991945,1.629600000,0.049500000,0.010100000
sample,advancing_forward,original,512,521,9,389,1.626111984,1.634800000,0.071000000,0.010700000
sample,advancing_forward,original,512,522,9,7485,1.634304047,1.642800000,0.056800000,0.011200000
sample,advancing_forward,original,512,523,9,284,1.628160000,1.638500000,0.071600000,0.012600000
sample,advancing_forward,original,512,524,9,3051,1.627135992,1.637100000,0.082400000,0.010400000
sample,advancing_forward,original,512,525,9,287,1.629184008,1.639800000,0.075900000,0.010200000
sample,advancing_forward,original,512,526,9,262,1.635328054,1.646700000,0.062800000,0.012600000
sample,advancing_forward,original,512,527,9,4295,1.658879995,1.691600000,0.108400000,0.028400000
sample,advancing_forward,original,512,512,10,837,1.614848018,1.624500000,0.081400000,0.010600000
sample,advancing_forward,original,512,513,10,290,1.623039961,1.633000000,0.059400000,0.010800000
sample,advancing_forward,original,512,514,10,460,1.619968057,1.630500000,0.080200000,0.010300000
sample,advancing_forward,original,512,515,10,307,1.617920041,1.628100000,0.080700000,0.010400000
sample,advancing_forward,original,512,516,10,12606,1.623039961,1.632700000,0.062800000,0.012200000
sample,advancing_forward,original,512,517,10,32455,1.626111984,1.635300000,0.058400000,0.010400000
sample,advancing_forward,original,512,518,10,837,1.640447974,1.654300000,0.070500000,0.015000000
sample,advancing_forward,original,512,519,10,3584,1.622015953,1.632200000,0.086500000,0.010400000
sample,advancing_forward,original,512,520,10,45456,1.623039961,1.632600000,0.080000000,0.010400000
sample,advancing_forward,original,512,521,10,389,1.626111984,1.635200000,0.057100000,0.010300000
sample,advancing_forward,original,512,522,10,7485,1.628160000,1.635900000,0.071100000,0.010200000
sample,advancing_forward,original,512,523,10,284,1.625087976,1.633300000,0.052400000,0.010200000
sample,advancing_forward,original,512,524,10,3051,1.629184008,1.637700000,0.052500000,0.010300000
sample,advancing_forward,original,512,525,10,287,1.633280039,1.642900000,0.081500000,0.010200000
sample,advancing_forward,original,512,526,10,262,1.633280039,1.643300000,0.092800000,0.010000000
sample,advancing_forward,original,512,527,10,4295,1.648640037,1.678300000,0.088100000,0.024100000
sample,advancing_forward,ordered4,512,512,10,837,1.913856030,1.923700000,0.058100000,0.010700000
sample,advancing_forward,ordered4,512,513,10,290,1.918975949,1.928900000,0.062600000,0.010400000
sample,advancing_forward,ordered4,512,514,10,460,1.927168012,1.937000000,0.064800000,0.014100000
sample,advancing_forward,ordered4,512,515,10,307,1.919999957,1.929500000,0.057700000,0.010900000
sample,advancing_forward,ordered4,512,516,10,12606,1.939455986,1.957400000,0.092000000,0.019700000
sample,advancing_forward,ordered4,512,517,10,32455,1.947648048,1.969800000,0.085400000,0.022800000
sample,advancing_forward,ordered4,512,518,10,837,1.936383963,1.949800000,0.066600000,0.015800000
sample,advancing_forward,ordered4,512,519,10,3584,1.923967957,1.931600000,0.053000000,0.011100000
sample,advancing_forward,ordered4,512,520,10,45456,1.925119996,1.934000000,0.053400000,0.011300000
sample,advancing_forward,ordered4,512,521,10,389,1.928192019,1.936500000,0.051500000,0.010700000
sample,advancing_forward,ordered4,512,522,10,7485,1.929216027,1.937300000,0.052200000,0.010600000
sample,advancing_forward,ordered4,512,523,10,284,1.926144004,1.934600000,0.070500000,0.010500000
sample,advancing_forward,ordered4,512,524,10,3051,1.929216027,1.938800000,0.070900000,0.010700000
sample,advancing_forward,ordered4,512,525,10,287,1.950719953,1.969200000,0.079100000,0.018200000
sample,advancing_forward,ordered4,512,526,10,262,1.949695945,1.964600000,0.076600000,0.017400000
sample,advancing_forward,ordered4,512,527,10,4295,1.932288051,1.942800000,0.057000000,0.010900000
sample,advancing_forward,ordered4,512,512,11,837,1.911808014,1.921900000,0.059600000,0.011000000
sample,advancing_forward,ordered4,512,513,11,290,1.917951941,1.930900000,0.062000000,0.010800000
sample,advancing_forward,ordered4,512,514,11,460,1.937407970,1.953400000,0.086500000,0.017700000
sample,advancing_forward,ordered4,512,515,11,307,1.921023965,1.930900000,0.059300000,0.011300000
sample,advancing_forward,ordered4,512,516,11,12606,1.917951941,1.928700000,0.080600000,0.010500000
sample,advancing_forward,ordered4,512,517,11,32455,1.923071980,1.933300000,0.057900000,0.010500000
sample,advancing_forward,ordered4,512,518,11,837,1.925119996,1.934800000,0.076400000,0.010700000
sample,advancing_forward,ordered4,512,519,11,3584,1.920992017,1.928900000,0.072100000,0.010600000
sample,advancing_forward,ordered4,512,520,11,45456,1.922047973,1.930700000,0.072000000,0.010600000
sample,advancing_forward,ordered4,512,521,11,389,1.928192019,1.937200000,0.052200000,0.010600000
sample,advancing_forward,ordered4,512,522,11,7485,1.946624041,1.963800000,0.068200000,0.017400000
sample,advancing_forward,ordered4,512,523,11,284,1.929216027,1.940500000,0.063700000,0.012900000
sample,advancing_forward,ordered4,512,524,11,3051,1.941504002,1.956500000,0.069300000,0.016200000
sample,advancing_forward,ordered4,512,525,11,287,1.932288051,1.942000000,0.078900000,0.010700000
sample,advancing_forward,ordered4,512,526,11,262,1.933312058,1.943400000,0.075700000,0.010300000
sample,advancing_forward,ordered4,512,527,11,4295,1.934335947,1.944200000,0.057300000,0.011100000
sample,advancing_forward,original,512,512,11,837,1.611775994,1.622000000,0.079500000,0.010800000
sample,advancing_forward,original,512,513,11,290,1.623039961,1.633200000,0.079700000,0.010400000
sample,advancing_forward,original,512,514,11,460,1.622015953,1.632700000,0.078800000,0.010600000
sample,advancing_forward,original,512,515,11,307,1.619968057,1.630100000,0.075400000,0.010400000
sample,advancing_forward,original,512,516,11,12606,1.622015953,1.631800000,0.075200000,0.010400000
sample,advancing_forward,original,512,517,11,32455,1.625087976,1.634600000,0.078100000,0.010400000
sample,advancing_forward,original,512,518,11,837,1.641471982,1.655400000,0.071900000,0.014100000
sample,advancing_forward,original,512,519,11,3584,1.624063969,1.633100000,0.056900000,0.011100000
sample,advancing_forward,original,512,520,11,45456,1.623039961,1.633500000,0.060400000,0.010500000
sample,advancing_forward,original,512,521,11,389,1.630208015,1.640600000,0.074500000,0.011300000
sample,advancing_forward,original,512,522,11,7485,1.629184008,1.639000000,0.056000000,0.010500000
sample,advancing_forward,original,512,523,11,284,1.626111984,1.635200000,0.055500000,0.010500000
sample,advancing_forward,original,512,524,11,3051,1.628160000,1.637900000,0.056100000,0.010600000
sample,advancing_forward,original,512,525,11,287,1.629184008,1.639400000,0.056300000,0.010200000
sample,advancing_forward,original,512,526,11,262,1.632256031,1.642500000,0.055500000,0.010200000
sample,advancing_forward,original,512,527,11,4295,1.624063969,1.635600000,0.055000000,0.010500000
sample,advancing_forward,original,512,512,12,837,1.687551975,1.702800000,0.136600000,0.016500000
sample,advancing_forward,original,512,513,12,290,1.623039961,1.633000000,0.061200000,0.010900000
sample,advancing_forward,original,512,514,12,460,1.622015953,1.631700000,0.081200000,0.010500000
sample,advancing_forward,original,512,515,12,307,1.618944049,1.629900000,0.081300000,0.010500000
sample,advancing_forward,original,512,516,12,12606,1.624063969,1.635800000,0.065400000,0.013000000
sample,advancing_forward,original,512,517,12,32455,1.626111984,1.634900000,0.056600000,0.010600000
sample,advancing_forward,original,512,518,12,837,1.627135992,1.636600000,0.085600000,0.010500000
sample,advancing_forward,original,512,519,12,3584,1.633280039,1.646800000,0.070000000,0.017900000
sample,advancing_forward,original,512,520,12,45456,1.624063969,1.634000000,0.080200000,0.010600000
sample,advancing_forward,original,512,521,12,389,1.630208015,1.639000000,0.088200000,0.010500000
sample,advancing_forward,original,512,522,12,7485,1.627135992,1.636400000,0.080600000,0.010700000
sample,advancing_forward,original,512,523,12,284,1.627135992,1.636600000,0.080500000,0.010400000
sample,advancing_forward,original,512,524,12,3051,1.629184008,1.638500000,0.080000000,0.010700000
sample,advancing_forward,original,512,525,12,287,1.629055977,1.637800000,0.076500000,0.010300000
sample,advancing_forward,original,512,526,12,262,1.632256031,1.640800000,0.051600000,0.010400000
sample,advancing_forward,original,512,527,12,4295,1.625087976,1.634500000,0.051400000,0.010300000
sample,advancing_forward,ordered4,512,512,12,837,1.909759998,1.920900000,0.079800000,0.010600000
sample,advancing_forward,ordered4,512,513,12,290,1.934335947,1.950300000,0.072600000,0.017300000
sample,advancing_forward,ordered4,512,514,12,460,1.919999957,1.930000000,0.078900000,0.010800000
sample,advancing_forward,ordered4,512,515,12,307,1.917951941,1.927300000,0.079200000,0.010900000
sample,advancing_forward,ordered4,512,516,12,12606,1.919999957,1.931300000,0.085900000,0.012500000
sample,advancing_forward,ordered4,512,517,12,32455,1.935359955,1.949800000,0.069900000,0.015400000
sample,advancing_forward,ordered4,512,518,12,837,1.926144004,1.936200000,0.080300000,0.010900000
sample,advancing_forward,ordered4,512,519,12,3584,1.922047973,1.932300000,0.079800000,0.010300000
sample,advancing_forward,ordered4,512,520,12,45456,1.925119996,1.934300000,0.080000000,0.010700000
sample,advancing_forward,ordered4,512,521,12,389,1.928192019,1.936400000,0.071500000,0.010400000
sample,advancing_forward,ordered4,512,522,12,7485,1.928192019,1.937500000,0.071900000,0.010600000
sample,advancing_forward,ordered4,512,523,12,284,1.927039981,1.935500000,0.071800000,0.010400000
sample,advancing_forward,ordered4,512,524,12,3051,1.927168012,1.936200000,0.072100000,0.010200000
sample,advancing_forward,ordered4,512,525,12,287,1.942528009,1.954800000,0.063000000,0.014400000
sample,advancing_forward,ordered4,512,526,12,262,1.933312058,1.941700000,0.052500000,0.010900000
sample,advancing_forward,ordered4,512,527,12,4295,1.932160020,1.939800000,0.052000000,0.010600000
sample,advancing_forward,ordered4,512,512,13,837,1.911808014,1.921400000,0.080000000,0.010600000
sample,advancing_forward,ordered4,512,513,13,290,1.916928053,1.927600000,0.056300000,0.011000000
sample,advancing_forward,ordered4,512,514,13,460,1.924095988,1.934200000,0.075400000,0.011400000
sample,advancing_forward,ordered4,512,515,13,307,1.918975949,1.928200000,0.058900000,0.012600000
sample,advancing_forward,ordered4,512,516,13,12606,1.916928053,1.925500000,0.071400000,0.010900000
sample,advancing_forward,ordered4,512,517,13,32455,1.923071980,1.931300000,0.051300000,0.010700000
sample,advancing_forward,ordered4,512,518,13,837,1.924095988,1.932400000,0.071600000,0.010800000
sample,advancing_forward,ordered4,512,519,13,3584,1.921023965,1.929200000,0.071400000,0.010500000
sample,advancing_forward,ordered4,512,520,13,45456,1.924095988,1.932300000,0.055100000,0.010600000
sample,advancing_forward,ordered4,512,521,13,389,1.925119996,1.933500000,0.070900000,0.010400000
sample,advancing_forward,ordered4,512,522,13,7485,1.928032041,1.937600000,0.070800000,0.010500000
sample,advancing_forward,ordered4,512,523,13,284,1.946624041,1.965700000,0.073500000,0.018700000
sample,advancing_forward,ordered4,512,524,13,3051,1.930240035,1.939100000,0.054000000,0.011400000
sample,advancing_forward,ordered4,512,525,13,287,1.931264043,1.939300000,0.050900000,0.010800000
sample,advancing_forward,ordered4,512,526,13,262,1.933312058,1.942200000,0.071300000,0.010700000
sample,advancing_forward,ordered4,512,527,13,4295,1.936383963,1.946800000,0.057300000,0.012000000
sample,advancing_forward,original,512,512,13,837,1.630208015,1.644700000,0.070900000,0.015600000
sample,advancing_forward,original,512,513,13,290,1.630208015,1.638600000,0.061700000,0.013300000
sample,advancing_forward,original,512,514,13,460,1.624063969,1.633600000,0.062500000,0.012200000
sample,advancing_forward,original,512,515,13,307,1.616896033,1.625800000,0.072000000,0.010400000
sample,advancing_forward,original,512,516,13,12606,1.620991945,1.629200000,0.071500000,0.010600000
sample,advancing_forward,original,512,517,13,32455,1.625087976,1.632900000,0.071800000,0.010100000
sample,advancing_forward,original,512,518,13,837,1.627135992,1.636300000,0.058300000,0.011900000
sample,advancing_forward,original,512,519,13,3584,1.618944049,1.627000000,0.051400000,0.010400000
sample,advancing_forward,original,512,520,13,45456,1.622015953,1.630800000,0.071600000,0.010600000
sample,advancing_forward,original,512,521,13,389,1.627135992,1.636100000,0.122300000,0.010500000
sample,advancing_forward,original,512,522,13,7485,1.640447974,1.650600000,0.071300000,0.015100000
sample,advancing_forward,original,512,523,13,284,1.626111984,1.636800000,0.057900000,0.011100000
sample,advancing_forward,original,512,524,13,3051,1.631232023,1.643000000,0.079700000,0.011000000
sample,advancing_forward,original,512,525,13,287,1.631232023,1.641500000,0.075600000,0.010500000
sample,advancing_forward,original,512,526,13,262,1.635328054,1.645400000,0.076000000,0.010400000
sample,advancing_forward,original,512,527,13,4295,1.625087976,1.634700000,0.087000000,0.010400000
sample,advancing_forward,original,512,512,14,837,1.651711941,1.666900000,0.100700000,0.026900000
sample,advancing_forward,original,512,513,14,290,1.628160000,1.639500000,0.067700000,0.011900000
sample,advancing_forward,original,512,514,14,460,1.623039961,1.632700000,0.058800000,0.010700000
sample,advancing_forward,original,512,515,14,307,1.622015953,1.631800000,0.058300000,0.011500000
sample,advancing_forward,original,512,516,14,12606,1.622015953,1.630800000,0.080700000,0.010300000
sample,advancing_forward,original,512,517,14,32455,1.626111984,1.635400000,0.079600000,0.010500000
sample,advancing_forward,original,512,518,14,837,1.626111984,1.636300000,0.080800000,0.010400000
sample,advancing_forward,original,512,519,14,3584,1.624063969,1.633400000,0.080300000,0.010500000
sample,advancing_forward,original,512,520,14,45456,1.624063969,1.633100000,0.080400000,0.010300000
sample,advancing_forward,original,512,521,14,389,1.627135992,1.636600000,0.079400000,0.010500000
sample,advancing_forward,original,512,522,14,7485,1.639423966,1.653900000,0.068400000,0.015500000
sample,advancing_forward,original,512,523,14,284,1.642495990,1.657900000,0.074300000,0.018800000
sample,advancing_forward,original,512,524,14,3051,1.637375951,1.646000000,0.065400000,0.013800000
sample,advancing_forward,original,512,525,14,287,1.632256031,1.639800000,0.051300000,0.010600000
sample,advancing_forward,original,512,526,14,262,1.639423966,1.648700000,0.058400000,0.012300000
sample,advancing_forward,original,512,527,14,4295,1.633280039,1.642700000,0.063400000,0.013100000
sample,advancing_forward,ordered4,512,512,14,837,1.939455986,1.958000000,0.107700000,0.022900000
sample,advancing_forward,ordered4,512,513,14,290,1.940479994,1.956500000,0.088400000,0.022400000
sample,advancing_forward,ordered4,512,514,14,460,1.937407970,1.954000000,0.078100000,0.018000000
sample,advancing_forward,ordered4,512,515,14,307,1.933312058,1.945500000,0.075900000,0.018900000
sample,advancing_forward,ordered4,512,516,14,12606,1.923071980,1.932400000,0.057600000,0.011600000
sample,advancing_forward,ordered4,512,517,14,32455,1.925119996,1.933000000,0.057500000,0.010900000
sample,advancing_forward,ordered4,512,518,14,837,1.924095988,1.932700000,0.050300000,0.010400000
sample,advancing_forward,ordered4,512,519,14,3584,1.921023965,1.929700000,0.051500000,0.010700000
sample,advancing_forward,ordered4,512,520,14,45456,1.927168012,1.936600000,0.057600000,0.011600000
sample,advancing_forward,ordered4,512,521,14,389,1.926144004,1.934300000,0.051800000,0.010900000
sample,advancing_forward,ordered4,512,522,14,7485,1.930240035,1.938700000,0.051000000,0.010400000
sample,advancing_forward,ordered4,512,523,14,284,1.926144004,1.934600000,0.050900000,0.010300000
sample,advancing_forward,ordered4,512,524,14,3051,1.929119945,1.937500000,0.051200000,0.010500000
sample,advancing_forward,ordered4,512,525,14,287,1.931264043,1.940600000,0.051600000,0.010700000
sample,advancing_forward,ordered4,512,526,14,262,1.933151960,1.941700000,0.051200000,0.010600000
sample,advancing_forward,ordered4,512,527,14,4295,1.929216027,1.937500000,0.051100000,0.010500000
sample,advancing_forward,ordered4,512,512,15,837,1.909759998,1.919200000,0.080000000,0.010600000
sample,advancing_forward,ordered4,512,513,15,290,1.925119996,1.946400000,0.066100000,0.013100000
sample,advancing_forward,ordered4,512,514,15,460,1.925119996,1.935800000,0.065100000,0.012300000
sample,advancing_forward,ordered4,512,515,15,307,1.917951941,1.928200000,0.086400000,0.010500000
sample,advancing_forward,ordered4,512,516,15,12606,1.918975949,1.928600000,0.091600000,0.010200000
sample,advancing_forward,ordered4,512,517,15,32455,1.957888007,1.973700000,0.101200000,0.030000000
sample,advancing_forward,ordered4,512,518,15,837,1.960960031,1.995400000,0.090100000,0.029300000
sample,advancing_forward,ordered4,512,519,15,3584,1.944576025,1.963200000,0.078800000,0.021000000
sample,advancing_forward,ordered4,512,520,15,45456,1.927168012,1.937200000,0.057500000,0.013300000
sample,advancing_forward,ordered4,512,521,15,389,1.932288051,1.941900000,0.059700000,0.011000000
sample,advancing_forward,ordered4,512,522,15,7485,1.930240035,1.940300000,0.055500000,0.010500000
sample,advancing_forward,ordered4,512,523,15,284,1.928192019,1.939100000,0.057000000,0.010900000
sample,advancing_forward,ordered4,512,524,15,3051,1.929216027,1.938700000,0.055700000,0.010800000
sample,advancing_forward,ordered4,512,525,15,287,1.933312058,1.944600000,0.056000000,0.010600000
sample,advancing_forward,ordered4,512,526,15,262,1.977344036,1.997700000,0.106600000,0.043500000
sample,advancing_forward,ordered4,512,527,15,4295,1.951743960,1.966200000,0.081400000,0.022700000
sample,advancing_forward,original,512,512,15,837,1.626111984,1.637700000,0.073200000,0.014000000
sample,advancing_forward,original,512,513,15,290,1.631232023,1.646200000,0.067000000,0.014000000
sample,advancing_forward,original,512,514,15,460,1.629184008,1.642400000,0.063000000,0.012200000
sample,advancing_forward,original,512,515,15,307,1.647616029,1.673400000,0.096500000,0.023400000
sample,advancing_forward,original,512,516,15,12606,1.654783964,1.680700000,0.103600000,0.030000000
sample,advancing_forward,original,512,517,15,32455,1.648640037,1.668300000,0.095800000,0.027300000
sample,advancing_forward,original,512,518,15,837,1.643519998,1.659100000,0.073600000,0.017300000
sample,advancing_forward,original,512,519,15,3584,1.624063969,1.633700000,0.054200000,0.011900000
sample,advancing_forward,original,512,520,15,45456,1.629184008,1.639900000,0.056300000,0.011900000
sample,advancing_forward,original,512,521,15,389,1.629184008,1.641600000,0.060600000,0.013500000
sample,advancing_forward,original,512,522,15,7485,1.637375951,1.651600000,0.069000000,0.013100000
sample,advancing_forward,original,512,523,15,284,1.635328054,1.647800000,0.066900000,0.013400000
sample,advancing_forward,original,512,524,15,3051,1.637375951,1.657600000,0.068700000,0.013600000
sample,advancing_forward,original,512,525,15,287,1.668095946,1.695500000,0.107100000,0.030200000
sample,advancing_forward,original,512,526,15,262,1.658879995,1.689300000,0.090200000,0.026500000
sample,advancing_forward,original,512,527,15,4295,1.664000034,1.689900000,0.114000000,0.033800000
sample,advancing_forward,original,1007,1007,0,837,1.947648048,1.955900000,0.056500000,0.010800000
sample,advancing_forward,original,1007,1008,0,290,1.944576025,1.952700000,0.052100000,0.010400000
sample,advancing_forward,original,1007,1009,0,1863,1.945600033,1.954300000,0.051700000,0.010200000
sample,advancing_forward,original,1007,1010,0,691,1.961984038,1.975100000,0.065100000,0.015000000
sample,advancing_forward,original,1007,1011,0,262,1.944576025,1.955000000,0.058800000,0.010800000
sample,advancing_forward,original,1007,1012,0,5093,1.947648048,1.957600000,0.066900000,0.010700000
sample,advancing_forward,original,1007,1013,0,2488,1.950719953,1.960000000,0.056400000,0.010500000
sample,advancing_forward,original,1007,1014,0,12,1.952767968,1.961500000,0.055400000,0.010300000
sample,advancing_forward,original,1007,1015,0,31,1.946624041,1.955200000,0.056000000,0.011000000
sample,advancing_forward,original,1007,1016,0,7421,1.953791976,1.962400000,0.056500000,0.010600000
sample,advancing_forward,original,1007,1017,0,7051,1.949695945,1.958000000,0.050800000,0.010300000
sample,advancing_forward,original,1007,1018,0,286,1.952767968,1.965000000,0.054700000,0.010500000
sample,advancing_forward,original,1007,1019,0,262,2.183167934,2.340800000,0.461900000,0.121800000
sample,advancing_forward,original,1007,1020,0,2619,1.954815984,1.963500000,0.059100000,0.012600000
sample,advancing_forward,original,1007,1021,0,6896,1.954815984,1.964000000,0.051200000,0.010600000
sample,advancing_forward,original,1007,1022,0,764,1.973248005,1.987100000,0.070500000,0.017700000
sample,advancing_forward,ordered4,1007,1007,0,837,2.721791983,2.802400000,0.449300000,0.114100000
sample,advancing_forward,ordered4,1007,1008,0,290,2.536351919,2.545300000,0.064200000,0.013200000
sample,advancing_forward,ordered4,1007,1009,0,1863,2.532351971,2.543000000,0.078900000,0.010800000
sample,advancing_forward,ordered4,1007,1010,0,691,2.537472010,2.547400000,0.057100000,0.011300000
sample,advancing_forward,ordered4,1007,1011,0,262,2.532351971,2.541700000,0.075500000,0.010500000
sample,advancing_forward,ordered4,1007,1012,0,5093,2.538367987,2.549700000,0.054400000,0.013500000
sample,advancing_forward,ordered4,1007,1013,0,2488,2.582528114,2.602700000,0.105400000,0.035900000
sample,advancing_forward,ordered4,1007,1014,0,12,2.543584108,2.553100000,0.061900000,0.011600000
sample,advancing_forward,ordered4,1007,1015,0,31,2.539520025,2.550300000,0.065700000,0.012300000
sample,advancing_forward,ordered4,1007,1016,0,7421,2.538496017,2.549300000,0.064300000,0.010900000
sample,advancing_forward,ordered4,1007,1017,0,7051,2.541568041,2.551200000,0.079900000,0.011200000
sample,advancing_forward,ordered4,1007,1018,0,286,2.544640064,2.554500000,0.081200000,0.010800000
sample,advancing_forward,ordered4,1007,1019,0,262,2.557951927,2.573000000,0.071800000,0.016700000
sample,advancing_forward,ordered4,1007,1020,0,2619,2.546688080,2.556000000,0.059400000,0.012000000
sample,advancing_forward,ordered4,1007,1021,0,6896,2.544640064,2.553200000,0.071600000,0.010800000
sample,advancing_forward,ordered4,1007,1022,0,764,2.551808119,2.561000000,0.056900000,0.011300000
sample,advancing_forward,ordered4,1007,1007,1,837,2.529279947,2.538900000,0.058300000,0.010900000
sample,advancing_forward,ordered4,1007,1008,1,290,2.528255939,2.539000000,0.080100000,0.010500000
sample,advancing_forward,ordered4,1007,1009,1,1863,2.533375978,2.543200000,0.079300000,0.010500000
sample,advancing_forward,ordered4,1007,1010,1,691,2.534399986,2.544300000,0.079400000,0.010400000
sample,advancing_forward,ordered4,1007,1011,1,262,2.530303955,2.541700000,0.062100000,0.010500000
sample,advancing_forward,ordered4,1007,1012,1,5093,2.548736095,2.569100000,0.073800000,0.019600000
sample,advancing_forward,ordered4,1007,1013,1,2488,2.537472010,2.547300000,0.059700000,0.010800000
sample,advancing_forward,ordered4,1007,1014,1,12,2.540544033,2.550400000,0.080400000,0.010600000
sample,advancing_forward,ordered4,1007,1015,1,31,2.550784111,2.566400000,0.072500000,0.017200000
sample,advancing_forward,ordered4,1007,1016,1,7421,2.540544033,2.550700000,0.059900000,0.011200000
sample,advancing_forward,ordered4,1007,1017,1,7051,2.542592049,2.553800000,0.059500000,0.011100000
sample,advancing_forward,ordered4,1007,1018,1,286,2.575360060,2.599300000,0.101200000,0.025600000
sample,advancing_forward,ordered4,1007,1019,1,262,2.552831888,2.569900000,0.105300000,0.017000000
sample,advancing_forward,ordered4,1007,1020,1,2619,2.543616056,2.553900000,0.060000000,0.011200000
sample,advancing_forward,ordered4,1007,1021,1,6896,2.545664072,2.556400000,0.057600000,0.010500000
sample,advancing_forward,ordered4,1007,1022,1,764,2.549760103,2.560000000,0.060000000,0.011100000
sample,advancing_forward,original,1007,1007,1,837,1.946624041,1.957900000,0.065300000,0.011700000
sample,advancing_forward,original,1007,1008,1,290,1.943552017,1.953400000,0.061800000,0.011000000
sample,advancing_forward,original,1007,1009,1,1863,1.953791976,1.964900000,0.078700000,0.011300000
sample,advancing_forward,original,1007,1010,1,691,1.949695945,1.960000000,0.059900000,0.010700000
sample,advancing_forward,original,1007,1011,1,262,1.944576025,1.955500000,0.080200000,0.010200000
sample,advancing_forward,original,1007,1012,1,5093,1.969151974,1.983000000,0.070200000,0.013300000
sample,advancing_forward,original,1007,1013,1,2488,1.971199989,1.993200000,0.112400000,0.022900000
sample,advancing_forward,original,1007,1014,1,12,1.959936023,1.969400000,0.065700000,0.013000000
sample,advancing_forward,original,1007,1015,1,31,1.948672056,1.958300000,0.059700000,0.012200000
sample,advancing_forward,original,1007,1016,1,7421,1.946624041,1.955000000,0.052500000,0.010400000
sample,advancing_forward,original,1007,1017,1,7051,1.949695945,1.958300000,0.053300000,0.010600000
sample,advancing_forward,original,1007,1018,1,286,1.952767968,1.960500000,0.071200000,0.010100000
sample,advancing_forward,original,1007,1019,1,262,1.949695945,1.958700000,0.071000000,0.010100000
sample,advancing_forward,original,1007,1020,1,2619,1.950688004,1.959700000,0.071300000,0.010200000
sample,advancing_forward,original,1007,1021,1,6896,1.983487964,2.001200000,0.088400000,0.024300000
sample,advancing_forward,original,1007,1022,1,764,1.966079950,1.979900000,0.061400000,0.016000000
sample,advancing_forward,original,1007,1007,2,837,1.941504002,1.949700000,0.070900000,0.010500000
sample,advancing_forward,original,1007,1008,2,290,1.943552017,1.951800000,0.070900000,0.010700000
sample,advancing_forward,original,1007,1009,2,1863,1.945600033,1.954700000,0.056000000,0.010700000
sample,advancing_forward,original,1007,1010,2,691,1.967103958,1.992900000,0.071000000,0.019300000
sample,advancing_forward,original,1007,1011,2,262,2.158591986,2.257400000,0.453600000,0.120000000
sample,advancing_forward,original,1007,1012,2,5093,1.960960031,1.974700000,0.063000000,0.016100000
sample,advancing_forward,original,1007,1013,2,2488,1.951743960,1.961700000,0.056900000,0.010900000
sample,advancing_forward,original,1007,1014,2,12,1.953791976,1.963100000,0.079100000,0.010500000
sample,advancing_forward,original,1007,1015,2,31,1.947648048,1.957200000,0.057700000,0.011000000
sample,advancing_forward,original,1007,1016,2,7421,1.947648048,1.957400000,0.083200000,0.010600000
sample,advancing_forward,original,1007,1017,2,7051,1.952767968,1.962000000,0.081900000,0.010600000
sample,advancing_forward,original,1007,1018,2,286,1.977344036,1.995500000,0.082400000,0.022000000
sample,advancing_forward,original,1007,1019,2,262,1.973248005,1.999600000,0.076900000,0.022500000
sample,advancing_forward,original,1007,1020,2,2619,1.969151974,1.984000000,0.081000000,0.019000000
sample,advancing_forward,original,1007,1021,2,6896,1.964032054,1.975600000,0.070700000,0.012900000
sample,advancing_forward,original,1007,1022,2,764,1.965055943,1.975200000,0.068400000,0.012300000
sample,advancing_forward,ordered4,1007,1007,2,837,2.528255939,2.536300000,0.052800000,0.011400000
sample,advancing_forward,ordered4,1007,1008,2,290,2.529279947,2.538000000,0.051900000,0.010900000
sample,advancing_forward,ordered4,1007,1009,2,1863,2.533375978,2.541900000,0.070500000,0.010500000
sample,advancing_forward,ordered4,1007,1010,2,691,2.534399986,2.543000000,0.071200000,0.010500000
sample,advancing_forward,ordered4,1007,1011,2,262,2.531327963,2.539800000,0.070900000,0.010700000
sample,advancing_forward,ordered4,1007,1012,2,5093,2.542592049,2.557900000,0.061000000,0.015100000
sample,advancing_forward,ordered4,1007,1013,2,2488,2.547712088,2.563100000,0.064100000,0.017300000
sample,advancing_forward,ordered4,1007,1014,2,12,2.554879904,2.567900000,0.071500000,0.016000000
sample,advancing_forward,ordered4,1007,1015,2,31,2.535423994,2.546000000,0.067600000,0.010800000
sample,advancing_forward,ordered4,1007,1016,2,7421,2.536448002,2.546500000,0.079500000,0.010400000
sample,advancing_forward,ordered4,1007,1017,2,7051,2.542592049,2.552600000,0.079300000,0.011100000
sample,advancing_forward,ordered4,1007,1018,2,286,2.544640064,2.555400000,0.111800000,0.010800000
sample,advancing_forward,ordered4,1007,1019,2,262,2.554879904,2.567200000,0.069900000,0.017300000
sample,advancing_forward,ordered4,1007,1020,2,2619,2.544640064,2.554500000,0.056800000,0.011100000
sample,advancing_forward,ordered4,1007,1021,2,6896,2.547712088,2.557900000,0.053200000,0.013100000
sample,advancing_forward,ordered4,1007,1022,2,764,2.546688080,2.555300000,0.051300000,0.010700000
sample,advancing_forward,ordered4,1007,1007,3,837,2.531327963,2.542500000,0.063900000,0.011900000
sample,advancing_forward,ordered4,1007,1008,3,290,2.528255939,2.539200000,0.081000000,0.010600000
sample,advancing_forward,ordered4,1007,1009,3,1863,2.532351971,2.543500000,0.057400000,0.011000000
sample,advancing_forward,ordered4,1007,1010,3,691,2.534399986,2.544000000,0.080800000,0.010500000
sample,advancing_forward,ordered4,1007,1011,3,262,2.546688080,2.561400000,0.074700000,0.016500000
sample,advancing_forward,ordered4,1007,1012,3,5093,2.534399986,2.543200000,0.052300000,0.010800000
sample,advancing_forward,ordered4,1007,1013,3,2488,2.535423994,2.544700000,0.071800000,0.010600000
sample,advancing_forward,ordered4,1007,1014,3,12,2.540447950,2.549000000,0.052300000,0.010700000
sample,advancing_forward,ordered4,1007,1015,3,31,2.539520025,2.547900000,0.057300000,0.010600000
sample,advancing_forward,ordered4,1007,1016,3,7421,2.537472010,2.546200000,0.051800000,0.010700000
sample,advancing_forward,ordered4,1007,1017,3,7051,2.540544033,2.551300000,0.083600000,0.010600000
sample,advancing_forward,ordered4,1007,1018,3,286,2.556927919,2.575300000,0.098800000,0.017700000
sample,advancing_forward,ordered4,1007,1019,3,262,2.554879904,2.570000000,0.071100000,0.016500000
sample,advancing_forward,ordered4,1007,1020,3,2619,2.543616056,2.553400000,0.085200000,0.011100000
sample,advancing_forward,ordered4,1007,1021,3,6896,2.547712088,2.556800000,0.080600000,0.011000000
sample,advancing_forward,ordered4,1007,1022,3,764,2.547712088,2.557900000,0.079500000,0.010600000
sample,advancing_forward,original,1007,1007,3,837,1.941504002,1.951500000,0.079200000,0.010800000
sample,advancing_forward,original,1007,1008,3,290,1.943552017,1.953700000,0.056600000,0.011100000
sample,advancing_forward,original,1007,1009,3,1863,1.945600033,1.956100000,0.083100000,0.010500000
sample,advancing_forward,original,1007,1010,3,691,1.948672056,1.958200000,0.076200000,0.010600000
sample,advancing_forward,original,1007,1011,3,262,1.944576025,1.953800000,0.082000000,0.010300000
sample,advancing_forward,original,1007,1012,3,5093,1.960960031,1.978200000,0.072500000,0.015300000
sample,advancing_forward,original,1007,1013,3,2488,1.964032054,1.983700000,0.081800000,0.018900000
sample,advancing_forward,original,1007,1014,3,12,1.954815984,1.964400000,0.083600000,0.010900000
sample,advancing_forward,original,1007,1015,3,31,1.946624041,1.957800000,0.082200000,0.010500000
sample,advancing_forward,original,1007,1016,3,7421,1.948672056,1.959200000,0.087200000,0.010400000
sample,advancing_forward,original,1007,1017,3,7051,1.951743960,1.961500000,0.111100000,0.010300000
sample,advancing_forward,original,1007,1018,3,286,1.956863999,1.967700000,0.065900000,0.012600000
sample,advancing_forward,original,1007,1019,3,262,1.949695945,1.960500000,0.080900000,0.010500000
sample,advancing_forward,original,1007,1020,3,2619,1.970175982,1.985700000,0.079700000,0.019200000
sample,advancing_forward,original,1007,1021,3,6896,1.957888007,1.968100000,0.063100000,0.012100000
sample,advancing_forward,original,1007,1022,3,764,1.958912015,1.968200000,0.079900000,0.010600000
sample,advancing_forward,original,1007,1007,4,837,1.945472002,1.953900000,0.053800000,0.010900000
sample,advancing_forward,original,1007,1008,4,290,1.955839992,1.969800000,0.063400000,0.016000000
sample,advancing_forward,original,1007,1009,4,1863,1.946624041,1.955800000,0.051800000,0.010700000
sample,advancing_forward,original,1007,1010,4,691,1.946624041,1.955900000,0.055700000,0.010400000
sample,advancing_forward,original,1007,1011,4,262,1.945600033,1.956100000,0.057100000,0.011000000
sample,advancing_forward,original,1007,1012,4,5093,1.951743960,1.961100000,0.060600000,0.012000000
sample,advancing_forward,original,1007,1013,4,2488,1.949695945,1.959300000,0.055200000,0.010300000
sample,advancing_forward,original,1007,1014,4,12,1.967103958,1.981300000,0.077300000,0.014600000
sample,advancing_forward,original,1007,1015,4,31,1.955839992,1.971100000,0.087300000,0.017000000
sample,advancing_forward,original,1007,1016,4,7421,1.946624041,1.955700000,0.052000000,0.010800000
sample,advancing_forward,original,1007,1017,4,7051,1.947648048,1.956600000,0.053600000,0.010900000
sample,advancing_forward,original,1007,1018,4,286,1.952767968,1.960900000,0.071100000,0.010500000
sample,advancing_forward,original,1007,1019,4,262,1.949695945,1.957000000,0.071000000,0.010100000
sample,advancing_forward,original,1007,1020,4,2619,1.953791976,1.962500000,0.053300000,0.010500000
sample,advancing_forward,original,1007,1021,4,6896,1.953791976,1.965200000,0.071500000,0.010200000
sample,advancing_forward,original,1007,1022,4,764,1.984511971,2.004700000,0.091800000,0.023000000
sample,advancing_forward,ordered4,1007,1007,4,837,2.531327963,2.540900000,0.059700000,0.011000000
sample,advancing_forward,ordered4,1007,1008,4,290,2.528255939,2.538300000,0.057300000,0.010400000
sample,advancing_forward,ordered4,1007,1009,4,1863,2.545664072,2.560600000,0.070500000,0.014900000
sample,advancing_forward,ordered4,1007,1010,4,691,2.536448002,2.546500000,0.058600000,0.011300000
sample,advancing_forward,ordered4,1007,1011,4,262,2.533375978,2.543600000,0.080600000,0.010700000
sample,advancing_forward,ordered4,1007,1012,4,5093,2.533375978,2.543100000,0.057700000,0.010800000
sample,advancing_forward,ordered4,1007,1013,4,2488,2.536448002,2.545100000,0.052000000,0.010600000
sample,advancing_forward,ordered4,1007,1014,4,12,2.539520025,2.547800000,0.052500000,0.010500000
sample,advancing_forward,ordered4,1007,1015,4,31,2.548736095,2.567100000,0.081800000,0.016600000
sample,advancing_forward,ordered4,1007,1016,4,7421,2.547712088,2.562700000,0.065900000,0.015600000
sample,advancing_forward,ordered4,1007,1017,4,7051,2.542592049,2.552500000,0.057100000,0.011100000
sample,advancing_forward,ordered4,1007,1018,4,286,2.543616056,2.552900000,0.078300000,0.010700000
sample,advancing_forward,ordered4,1007,1019,4,262,2.542592049,2.552500000,0.079000000,0.010800000
sample,advancing_forward,ordered4,1007,1020,4,2619,2.543616056,2.553200000,0.079000000,0.010600000
sample,advancing_forward,ordered4,1007,1021,4,6896,2.562047958,2.577600000,0.076000000,0.017500000
sample,advancing_forward,ordered4,1007,1022,4,764,2.548736095,2.558500000,0.058500000,0.011000000
sample,advancing_forward,ordered4,1007,1007,5,837,2.557951927,2.591600000,0.083800000,0.022600000
sample,advancing_forward,ordered4,1007,1008,5,290,2.571264029,2.598900000,0.109400000,0.031000000
sample,advancing_forward,ordered4,1007,1009,5,1863,2.540544033,2.551900000,0.075900000,0.014000000
sample,advancing_forward,ordered4,1007,1010,5,691,2.536448002,2.547200000,0.082900000,0.010800000
sample,advancing_forward,ordered4,1007,1011,5,262,2.534399986,2.544400000,0.058200000,0.010600000
sample,advancing_forward,ordered4,1007,1012,5,5093,2.533375978,2.544600000,0.059200000,0.011000000
sample,advancing_forward,ordered4,1007,1013,5,2488,2.537472010,2.546700000,0.080500000,0.010500000
sample,advancing_forward,ordered4,1007,1014,5,12,2.550784111,2.564700000,0.067700000,0.016400000
sample,advancing_forward,ordered4,1007,1015,5,31,2.535423994,2.544000000,0.053300000,0.010900000
sample,advancing_forward,ordered4,1007,1016,5,7421,2.537472010,2.545100000,0.052100000,0.011000000
sample,advancing_forward,ordered4,1007,1017,5,7051,2.539520025,2.548700000,0.072300000,0.010500000
sample,advancing_forward,ordered4,1007,1018,5,286,2.541568041,2.550200000,0.071800000,0.010300000
sample,advancing_forward,ordered4,1007,1019,5,262,2.538496017,2.548400000,0.071900000,0.010600000
sample,advancing_forward,ordered4,1007,1020,5,2619,2.554719925,2.572300000,0.065100000,0.017100000
sample,advancing_forward,ordered4,1007,1021,5,6896,2.555903912,2.571400000,0.069300000,0.017200000
sample,advancing_forward,ordered4,1007,1022,5,764,2.548736095,2.557800000,0.057000000,0.011300000
sample,advancing_forward,original,1007,1007,5,837,1.966079950,1.984700000,0.090200000,0.023800000
sample,advancing_forward,original,1007,1008,5,290,1.955839992,1.972800000,0.095500000,0.018600000
sample,advancing_forward,original,1007,1009,5,1863,1.950719953,1.959800000,0.064000000,0.010900000
sample,advancing_forward,original,1007,1010,5,691,1.946624041,1.957100000,0.055600000,0.010500000
sample,advancing_forward,original,1007,1011,5,262,1.946624041,1.957000000,0.056900000,0.011100000
sample,advancing_forward,original,1007,1012,5,5093,1.946624041,1.955800000,0.056400000,0.010300000
sample,advancing_forward,original,1007,1013,5,2488,1.949695945,1.959000000,0.079300000,0.010500000
sample,advancing_forward,original,1007,1014,5,12,1.950719953,1.959200000,0.070100000,0.010100000
sample,advancing_forward,original,1007,1015,5,31,1.974272013,1.992500000,0.089200000,0.024100000
sample,advancing_forward,original,1007,1016,5,7421,1.968127966,1.985400000,0.078500000,0.019400000
sample,advancing_forward,original,1007,1017,5,7051,1.954815984,1.964500000,0.085400000,0.012400000
sample,advancing_forward,original,1007,1018,5,286,1.954815984,1.964100000,0.081300000,0.010300000
sample,advancing_forward,original,1007,1019,5,262,1.950719953,1.960400000,0.080000000,0.010500000
sample,advancing_forward,original,1007,1020,5,2619,1.953791976,1.963400000,0.060200000,0.011400000
sample,advancing_forward,original,1007,1021,5,6896,1.956863999,1.966100000,0.083700000,0.010500000
sample,advancing_forward,original,1007,1022,5,764,1.957888007,1.966600000,0.052600000,0.010200000
sample,advancing_forward,original,1007,1007,6,837,1.942528009,1.952700000,0.057700000,0.010400000
sample,advancing_forward,original,1007,1008,6,290,1.946624041,1.956300000,0.058400000,0.011100000
sample,advancing_forward,original,1007,1009,6,1863,1.947648048,1.957900000,0.058100000,0.010700000
sample,advancing_forward,original,1007,1010,6,691,1.950719953,1.960800000,0.079600000,0.010700000
sample,advancing_forward,original,1007,1011,6,262,1.959936023,1.974500000,0.072000000,0.015500000
sample,advancing_forward,original,1007,1012,6,5093,1.948672056,1.958400000,0.058300000,0.010800000
sample,advancing_forward,original,1007,1013,6,2488,1.951743960,1.961200000,0.083700000,0.010300000
sample,advancing_forward,original,1007,1014,6,12,1.951743960,1.961600000,0.076500000,0.010100000
sample,advancing_forward,original,1007,1015,6,31,1.947648048,1.956000000,0.072000000,0.010400000
sample,advancing_forward,original,1007,1016,6,7421,1.945600033,1.953700000,0.075700000,0.010300000
sample,advancing_forward,original,1007,1017,6,7051,1.951743960,1.960300000,0.071300000,0.010300000
sample,advancing_forward,original,1007,1018,6,286,1.954815984,1.963300000,0.070900000,0.010600000
sample,advancing_forward,original,1007,1019,6,262,1.950719953,1.961300000,0.105600000,0.010500000
sample,advancing_forward,original,1007,1020,6,2619,1.975296021,1.994700000,0.080400000,0.022500000
sample,advancing_forward,original,1007,1021,6,6896,1.955839992,1.965900000,0.057200000,0.010800000
sample,advancing_forward,original,1007,1022,6,764,1.957888007,1.967300000,0.055600000,0.010400000
sample,advancing_forward,ordered4,1007,1007,6,837,2.725888014,2.806600000,0.529900000,0.116500000
sample,advancing_forward,ordered4,1007,1008,6,290,2.533375978,2.541900000,0.057400000,0.011000000
sample,advancing_forward,ordered4,1007,1009,6,1863,2.548736095,2.562600000,0.070700000,0.017200000
sample,advancing_forward,ordered4,1007,1010,6,691,2.535423994,2.545600000,0.079700000,0.010800000
sample,advancing_forward,ordered4,1007,1011,6,262,2.532351971,2.542200000,0.058400000,0.011300000
sample,advancing_forward,ordered4,1007,1012,6,5093,2.533375978,2.543600000,0.056300000,0.010700000
sample,advancing_forward,ordered4,1007,1013,6,2488,2.551808119,2.570700000,0.066500000,0.017900000
sample,advancing_forward,ordered4,1007,1014,6,12,2.548736095,2.559600000,0.067600000,0.011900000
sample,advancing_forward,ordered4,1007,1015,6,31,2.538496017,2.548600000,0.056300000,0.010800000
sample,advancing_forward,ordered4,1007,1016,6,7421,2.539520025,2.550700000,0.058400000,0.011300000
sample,advancing_forward,ordered4,1007,1017,6,7051,2.542592049,2.551900000,0.078600000,0.010700000
sample,advancing_forward,ordered4,1007,1018,6,286,2.548736095,2.559900000,0.058700000,0.013000000
sample,advancing_forward,ordered4,1007,1019,6,262,2.557951927,2.573300000,0.068600000,0.015500000
sample,advancing_forward,ordered4,1007,1020,6,2619,2.543616056,2.554100000,0.057800000,0.010900000
sample,advancing_forward,ordered4,1007,1021,6,6896,2.546688080,2.557200000,0.078600000,0.010900000
sample,advancing_forward,ordered4,1007,1022,6,764,2.547712088,2.557600000,0.077800000,0.010400000
sample,advancing_forward,ordered4,1007,1007,7,837,2.525183916,2.533800000,0.051800000,0.010600000
sample,advancing_forward,ordered4,1007,1008,7,290,2.529279947,2.537900000,0.051600000,0.010200000
sample,advancing_forward,ordered4,1007,1009,7,1863,2.535423994,2.543500000,0.053000000,0.010800000
sample,advancing_forward,ordered4,1007,1010,7,691,2.532351971,2.540600000,0.071200000,0.010500000
sample,advancing_forward,ordered4,1007,1011,7,262,2.565119982,2.589500000,0.102700000,0.028700000
sample,advancing_forward,ordered4,1007,1012,7,5093,2.658303976,2.726500000,0.167300000,0.100500000
sample,advancing_forward,ordered4,1007,1013,7,2488,2.569216013,2.584100000,0.105000000,0.023600000
sample,advancing_forward,ordered4,1007,1014,7,12,2.543616056,2.553100000,0.060500000,0.011900000
sample,advancing_forward,ordered4,1007,1015,7,31,2.538496017,2.549400000,0.057900000,0.010600000
sample,advancing_forward,ordered4,1007,1016,7,7421,2.543616056,2.553100000,0.065600000,0.012900000
sample,advancing_forward,ordered4,1007,1017,7,7051,2.542592049,2.555000000,0.055500000,0.010900000
sample,advancing_forward,ordered4,1007,1018,7,286,2.599936008,2.628300000,0.135100000,0.048800000
sample,advancing_forward,ordered4,1007,1019,7,262,2.548736095,2.558900000,0.069600000,0.012900000
sample,advancing_forward,ordered4,1007,1020,7,2619,2.541568041,2.551900000,0.058000000,0.010800000
sample,advancing_forward,ordered4,1007,1021,7,6896,2.547712088,2.557900000,0.058800000,0.011600000
sample,advancing_forward,ordered4,1007,1022,7,764,2.550784111,2.561800000,0.058200000,0.010800000
sample,advancing_forward,original,1007,1007,7,837,1.963008046,1.980800000,0.086100000,0.020500000
sample,advancing_forward,original,1007,1008,7,290,1.950719953,1.961800000,0.072100000,0.012900000
sample,advancing_forward,original,1007,1009,7,1863,1.948672056,1.958900000,0.065700000,0.010300000
sample,advancing_forward,original,1007,1010,7,691,1.948672056,1.958500000,0.058400000,0.011300000
sample,advancing_forward,original,1007,1011,7,262,1.945600033,1.956300000,0.057900000,0.010600000
sample,advancing_forward,original,1007,1012,7,5093,1.945600033,1.956700000,0.058100000,0.010500000
sample,advancing_forward,original,1007,1013,7,2488,1.952767968,1.963000000,0.088000000,0.010900000
sample,advancing_forward,original,1007,1014,7,12,1.953791976,1.963400000,0.057400000,0.010700000
sample,advancing_forward,original,1007,1015,7,31,1.945600033,1.956100000,0.079200000,0.010900000
sample,advancing_forward,original,1007,1016,7,7421,1.949695945,1.959100000,0.056700000,0.010500000
sample,advancing_forward,original,1007,1017,7,7051,1.949695945,1.959500000,0.057700000,0.010600000
sample,advancing_forward,original,1007,1018,7,286,1.957888007,1.966900000,0.061300000,0.010200000
sample,advancing_forward,original,1007,1019,7,262,1.952767968,1.961700000,0.057400000,0.010200000
sample,advancing_forward,original,1007,1020,7,2619,1.954815984,1.966000000,0.063400000,0.011800000
sample,advancing_forward,original,1007,1021,7,6896,1.977344036,1.994100000,0.076300000,0.018900000
sample,advancing_forward,original,1007,1022,7,764,1.964032054,1.976800000,0.062800000,0.013500000
sample,advancing_forward,original,1007,1007,8,837,1.941504002,1.952000000,0.057900000,0.010500000
sample,advancing_forward,original,1007,1008,8,290,1.948672056,1.958400000,0.065400000,0.014100000
sample,advancing_forward,original,1007,1009,8,1863,1.944576025,1.952900000,0.059300000,0.010300000
sample,advancing_forward,original,1007,1010,8,691,1.953791976,1.963000000,0.057400000,0.011700000
sample,advancing_forward,original,1007,1011,8,262,1.947648048,1.956700000,0.052100000,0.010600000
sample,advancing_forward,original,1007,1012,8,5093,1.946624041,1.954900000,0.051100000,0.010500000
sample,advancing_forward,original,1007,1013,8,2488,1.952767968,1.961600000,0.050500000,0.010200000
sample,advancing_forward,original,1007,1014,8,12,1.951712012,1.959600000,0.051000000,0.010200000
sample,advancing_forward,original,1007,1015,8,31,1.944576025,1.953200000,0.050600000,0.010100000
sample,advancing_forward,original,1007,1016,8,7421,1.947615981,1.955900000,0.053100000,0.010600000
sample,advancing_forward,original,1007,1017,8,7051,1.951743960,1.961100000,0.050900000,0.010300000
sample,advancing_forward,original,1007,1018,8,286,1.985504031,2.004800000,0.082600000,0.028700000
sample,advancing_forward,original,1007,1019,8,262,1.971199989,1.995400000,0.068300000,0.018500000
sample,advancing_forward,original,1007,1020,8,2619,1.969151974,1.982400000,0.070000000,0.017800000
sample,advancing_forward,original,1007,1021,8,6896,1.959936023,1.968800000,0.056600000,0.011000000
sample,advancing_forward,original,1007,1022,8,764,1.957888007,1.967500000,0.079100000,0.010900000
sample,advancing_forward,ordered4,1007,1007,8,837,2.529279947,2.539100000,0.057400000,0.011000000
sample,advancing_forward,ordered4,1007,1008,8,290,2.530303955,2.541000000,0.055600000,0.010700000
sample,advancing_forward,ordered4,1007,1009,8,1863,2.550784111,2.565600000,0.089700000,0.017900000
sample,advancing_forward,ordered4,1007,1010,8,691,2.535423994,2.545900000,0.080100000,0.010800000
sample,advancing_forward,ordered4,1007,1011,8,262,2.536448002,2.547000000,0.062900000,0.013200000
sample,advancing_forward,ordered4,1007,1012,8,5093,2.548736095,2.563600000,0.072100000,0.015800000
sample,advancing_forward,ordered4,1007,1013,8,2488,2.536448002,2.545800000,0.058100000,0.011100000
sample,advancing_forward,ordered4,1007,1014,8,12,2.539520025,2.549900000,0.084200000,0.010700000
sample,advancing_forward,ordered4,1007,1015,8,31,2.536448002,2.545900000,0.079900000,0.010800000
sample,advancing_forward,ordered4,1007,1016,8,7421,2.536448002,2.546700000,0.079800000,0.010300000
sample,advancing_forward,ordered4,1007,1017,8,7051,2.541568041,2.551500000,0.080300000,0.010700000
sample,advancing_forward,ordered4,1007,1018,8,286,2.550784111,2.562000000,0.073100000,0.012200000
sample,advancing_forward,ordered4,1007,1019,8,262,2.540544033,2.548800000,0.052100000,0.010800000
sample,advancing_forward,ordered4,1007,1020,8,2619,2.541568041,2.549800000,0.051900000,0.010500000
sample,advancing_forward,ordered4,1007,1021,8,6896,2.548736095,2.557900000,0.058200000,0.010400000
sample,advancing_forward,ordered4,1007,1022,8,764,2.546688080,2.556900000,0.059300000,0.010500000
sample,advancing_forward,ordered4,1007,1007,9,837,2.526207924,2.536100000,0.051600000,0.010700000
sample,advancing_forward,ordered4,1007,1008,9,290,2.542592049,2.556200000,0.065800000,0.018100000
sample,advancing_forward,ordered4,1007,1009,9,1863,2.532351971,2.540800000,0.051600000,0.010700000
sample,advancing_forward,ordered4,1007,1010,9,691,2.533375978,2.543800000,0.051300000,0.010600000
sample,advancing_forward,ordered4,1007,1011,9,262,2.552831888,2.568700000,0.070900000,0.018100000
sample,advancing_forward,ordered4,1007,1012,9,5093,2.538496017,2.546600000,0.055400000,0.011200000
sample,advancing_forward,ordered4,1007,1013,9,2488,2.548736095,2.563100000,0.066000000,0.016200000
sample,advancing_forward,ordered4,1007,1014,9,12,2.544640064,2.554200000,0.062000000,0.011000000
sample,advancing_forward,ordered4,1007,1015,9,31,2.535423994,2.546800000,0.055600000,0.010600000
sample,advancing_forward,ordered4,1007,1016,9,7421,2.544640064,2.559100000,0.066700000,0.015700000
sample,advancing_forward,ordered4,1007,1017,9,7051,2.554879904,2.568800000,0.066900000,0.015500000
sample,advancing_forward,ordered4,1007,1018,9,286,2.547712088,2.555900000,0.058600000,0.012200000
sample,advancing_forward,ordered4,1007,1019,9,262,2.545664072,2.554300000,0.056700000,0.010800000
sample,advancing_forward,ordered4,1007,1020,9,2619,2.545599937,2.554200000,0.057000000,0.011000000
sample,advancing_forward,ordered4,1007,1021,9,6896,2.546623945,2.554400000,0.050600000,0.010700000
sample,advancing_forward,ordered4,1007,1022,9,764,2.549599886,2.557900000,0.051800000,0.010600000
sample,advancing_forward,original,1007,1007,9,837,1.941504002,1.949400000,0.051200000,0.010600000
sample,advancing_forward,original,1007,1008,9,290,1.942528009,1.950500000,0.059600000,0.010300000
sample,advancing_forward,original,1007,1009,9,1863,1.945600033,1.954100000,0.051400000,0.010400000
sample,advancing_forward,original,1007,1010,9,691,1.947648048,1.955800000,0.051500000,0.010700000
sample,advancing_forward,original,1007,1011,9,262,1.943552017,1.952900000,0.052000000,0.010600000
sample,advancing_forward,original,1007,1012,9,5093,1.959776044,1.974200000,0.065200000,0.015200000
sample,advancing_forward,original,1007,1013,9,2488,1.966079950,1.981800000,0.069400000,0.017200000
sample,advancing_forward,original,1007,1014,9,12,1.954815984,1.964500000,0.057400000,0.010800000
sample,advancing_forward,original,1007,1015,9,31,1.946624041,1.955900000,0.055900000,0.010400000
sample,advancing_forward,original,1007,1016,9,7421,1.948672056,1.958500000,0.055300000,0.010700000
sample,advancing_forward,original,1007,1017,9,7051,1.951743960,1.960700000,0.055400000,0.010400000
sample,advancing_forward,original,1007,1018,9,286,1.956863999,1.966100000,0.055700000,0.010200000
sample,advancing_forward,original,1007,1019,9,262,1.950719953,1.959900000,0.051000000,0.010300000
sample,advancing_forward,original,1007,1020,9,2619,1.972223997,2.044200000,0.103300000,0.024900000
sample,advancing_forward,original,1007,1021,9,6896,2.164736032,2.258500000,0.442400000,0.116800000
sample,advancing_forward,original,1007,1022,9,764,1.972223997,1.986800000,0.065700000,0.016100000
sample,advancing_forward,original,1007,1007,10,837,1.943552017,1.952900000,0.058100000,0.012600000
sample,advancing_forward,original,1007,1008,10,290,1.944576025,1.955800000,0.078100000,0.010500000
sample,advancing_forward,original,1007,1009,10,1863,1.980416059,2.005600000,0.102600000,0.029700000
sample,advancing_forward,original,1007,1010,10,691,1.972223997,1.992400000,0.081500000,0.019500000
sample,advancing_forward,original,1007,1011,10,262,1.956863999,1.974000000,0.072800000,0.017400000
sample,advancing_forward,original,1007,1012,10,5093,1.948672056,1.959100000,0.060000000,0.011000000
sample,advancing_forward,original,1007,1013,10,2488,1.963008046,1.978200000,0.072900000,0.016300000
sample,advancing_forward,original,1007,1014,10,12,1.951743960,1.961600000,0.079700000,0.010500000
sample,advancing_forward,original,1007,1015,10,31,1.947648048,1.957400000,0.084800000,0.010400000
sample,advancing_forward,original,1007,1016,10,7421,1.948672056,1.959100000,0.068800000,0.011100000
sample,advancing_forward,original,1007,1017,10,7051,1.967103958,1.980500000,0.092500000,0.014600000
sample,advancing_forward,original,1007,1018,10,286,1.953791976,1.964600000,0.080500000,0.010800000
sample,advancing_forward,original,1007,1019,10,262,1.950719953,1.960500000,0.080400000,0.010700000
sample,advancing_forward,original,1007,1020,10,2619,1.954815984,1.964500000,0.092500000,0.011800000
sample,advancing_forward,original,1007,1021,10,6896,1.954815984,1.964600000,0.059000000,0.010300000
sample,advancing_forward,original,1007,1022,10,764,1.958912015,1.968600000,0.057400000,0.010700000
sample,advancing_forward,ordered4,1007,1007,10,837,2.562047958,2.589000000,0.106600000,0.027700000
sample,advancing_forward,ordered4,1007,1008,10,290,2.546688080,2.565800000,0.078700000,0.018400000
sample,advancing_forward,ordered4,1007,1009,10,1863,2.535423994,2.545200000,0.061800000,0.011300000
sample,advancing_forward,ordered4,1007,1010,10,691,2.537472010,2.548800000,0.060700000,0.011900000
sample,advancing_forward,ordered4,1007,1011,10,262,2.543616056,2.558000000,0.065400000,0.015300000
sample,advancing_forward,ordered4,1007,1012,10,5093,2.545664072,2.561400000,0.092000000,0.018800000
sample,advancing_forward,ordered4,1007,1013,10,2488,2.545664072,2.555200000,0.060700000,0.013100000
sample,advancing_forward,ordered4,1007,1014,10,12,2.538496017,2.549000000,0.085000000,0.010600000
sample,advancing_forward,ordered4,1007,1015,10,31,2.539520025,2.549800000,0.058600000,0.011600000
sample,advancing_forward,ordered4,1007,1016,10,7421,2.540544033,2.550300000,0.055700000,0.010800000
sample,advancing_forward,ordered4,1007,1017,10,7051,2.540544033,2.553000000,0.079200000,0.010600000
sample,advancing_forward,ordered4,1007,1018,10,286,2.562911987,2.579800000,0.071000000,0.018800000
sample,advancing_forward,ordered4,1007,1019,10,262,2.541568041,2.551900000,0.056100000,0.011000000
sample,advancing_forward,ordered4,1007,1020,10,2619,2.557951927,2.574400000,0.077700000,0.017800000
sample,advancing_forward,ordered4,1007,1021,10,6896,2.546688080,2.556500000,0.080900000,0.011000000
sample,advancing_forward,ordered4,1007,1022,10,764,2.549760103,2.559700000,0.057900000,0.011100000
sample,advancing_forward,ordered4,1007,1007,11,837,2.530303955,2.541300000,0.059900000,0.011000000
sample,advancing_forward,ordered4,1007,1008,11,290,2.532351971,2.548100000,0.059900000,0.011400000
sample,advancing_forward,ordered4,1007,1009,11,1863,2.550784111,2.571500000,0.081000000,0.017400000
sample,advancing_forward,ordered4,1007,1010,11,691,2.556927919,2.579200000,0.083400000,0.020400000
sample,advancing_forward,ordered4,1007,1011,11,262,2.542592049,2.560900000,0.074700000,0.017600000
sample,advancing_forward,ordered4,1007,1012,11,5093,2.534399986,2.544300000,0.059400000,0.010900000
sample,advancing_forward,ordered4,1007,1013,11,2488,2.539520025,2.548600000,0.060900000,0.010900000
sample,advancing_forward,ordered4,1007,1014,11,12,2.538496017,2.550300000,0.071600000,0.010600000
sample,advancing_forward,ordered4,1007,1015,11,31,2.547712088,2.564000000,0.064100000,0.016600000
sample,advancing_forward,ordered4,1007,1016,11,7421,2.556927919,2.574400000,0.069700000,0.017800000
sample,advancing_forward,ordered4,1007,1017,11,7051,2.552831888,2.564200000,0.069500000,0.016700000
sample,advancing_forward,ordered4,1007,1018,11,286,2.549760103,2.558700000,0.062200000,0.011400000
sample,advancing_forward,ordered4,1007,1019,11,262,2.542592049,2.552000000,0.080200000,0.010800000
sample,advancing_forward,ordered4,1007,1020,11,2619,2.542592049,2.553100000,0.058200000,0.011200000
sample,advancing_forward,ordered4,1007,1021,11,6896,2.543616056,2.555500000,0.084800000,0.010500000
sample,advancing_forward,ordered4,1007,1022,11,764,2.574336052,2.596200000,0.121700000,0.023800000
sample,advancing_forward,original,1007,1007,11,837,1.974272013,1.997500000,0.108900000,0.028000000
sample,advancing_forward,original,1007,1008,11,290,1.977344036,1.997700000,0.102900000,0.024700000
sample,advancing_forward,original,1007,1009,11,1863,1.972223997,1.995200000,0.088200000,0.020700000
sample,advancing_forward,original,1007,1010,11,691,1.980416059,2.001500000,0.133400000,0.030500000
sample,advancing_forward,original,1007,1011,11,262,1.967103958,1.987800000,0.083400000,0.019500000
sample,advancing_forward,original,1007,1012,11,5093,1.969151974,1.990300000,0.108600000,0.020700000
sample,advancing_forward,original,1007,1013,11,2488,1.969151974,1.986100000,0.076000000,0.018400000
sample,advancing_forward,original,1007,1014,11,12,1.979392052,1.997200000,0.086900000,0.018600000
sample,advancing_forward,original,1007,1015,11,31,1.966079950,1.984000000,0.077200000,0.019100000
sample,advancing_forward,original,1007,1016,11,7421,1.967103958,1.986000000,0.088200000,0.018900000
sample,advancing_forward,original,1007,1017,11,7051,1.971040010,1.990300000,0.079500000,0.020300000
sample,advancing_forward,original,1007,1018,11,286,1.971199989,1.987500000,0.077700000,0.019300000
sample,advancing_forward,original,1007,1019,11,262,1.976320028,1.992900000,0.103000000,0.025200000
sample,advancing_forward,original,1007,1020,11,2619,1.966079950,1.979400000,0.072500000,0.018400000
sample,advancing_forward,original,1007,1021,11,6896,1.990656018,2.007500000,0.106500000,0.030500000
sample,advancing_forward,original,1007,1022,11,764,1.967103958,1.977400000,0.068400000,0.015600000
sample,advancing_forward,original,1007,1007,12,837,1.942528009,1.951700000,0.054300000,0.011400000
sample,advancing_forward,original,1007,1008,12,290,1.947648048,1.956200000,0.056600000,0.010900000
sample,advancing_forward,original,1007,1009,12,1863,1.957888007,1.968900000,0.065300000,0.014000000
sample,advancing_forward,original,1007,1010,12,691,1.955839992,1.965800000,0.066700000,0.012300000
sample,advancing_forward,original,1007,1011,12,262,1.947648048,1.958000000,0.057900000,0.010900000
sample,advancing_forward,original,1007,1012,12,5093,1.955839992,1.968800000,0.066400000,0.014500000
sample,advancing_forward,original,1007,1013,12,2488,1.980416059,2.000800000,0.101800000,0.027100000
sample,advancing_forward,original,1007,1014,12,12,1.964032054,1.980500000,0.069400000,0.016800000
sample,advancing_forward,original,1007,1015,12,31,1.969151974,1.988800000,0.084300000,0.023600000
sample,advancing_forward,original,1007,1016,12,7421,1.953791976,1.966000000,0.067000000,0.012900000
sample,advancing_forward,original,1007,1017,12,7051,1.959936023,1.971600000,0.067700000,0.013200000
sample,advancing_forward,original,1007,1018,12,286,1.956863999,1.969800000,0.061500000,0.011500000
sample,advancing_forward,original,1007,1019,12,262,1.967103958,1.988600000,0.076100000,0.019800000
sample,advancing_forward,original,1007,1020,12,2619,1.957888007,1.967900000,0.057700000,0.012400000
sample,advancing_forward,original,1007,1021,12,6896,1.968127966,1.982700000,0.072700000,0.015300000
sample,advancing_forward,original,1007,1022,12,764,1.967103958,1.979900000,0.094900000,0.014500000
sample,advancing_forward,ordered4,1007,1007,12,837,2.554879904,2.576100000,0.099800000,0.023700000
sample,advancing_forward,ordered4,1007,1008,12,290,2.548736095,2.565400000,0.079600000,0.020600000
sample,advancing_forward,ordered4,1007,1009,12,1863,2.535423994,2.547400000,0.066800000,0.011800000
sample,advancing_forward,ordered4,1007,1010,12,691,2.537472010,2.549400000,0.061200000,0.011000000
sample,advancing_forward,ordered4,1007,1011,12,262,2.531327963,2.541500000,0.082000000,0.010400000
sample,advancing_forward,ordered4,1007,1012,12,5093,2.536448002,2.547900000,0.058100000,0.011300000
sample,advancing_forward,ordered4,1007,1013,12,2488,2.549760103,2.565200000,0.069600000,0.014500000
sample,advancing_forward,ordered4,1007,1014,12,12,2.552831888,2.565900000,0.067700000,0.014600000
sample,advancing_forward,ordered4,1007,1015,12,31,2.537472010,2.547700000,0.080100000,0.010700000
sample,advancing_forward,ordered4,1007,1016,12,7421,2.539520025,2.548400000,0.080000000,0.010300000
sample,advancing_forward,ordered4,1007,1017,12,7051,2.539520025,2.549100000,0.052000000,0.011100000
sample,advancing_forward,ordered4,1007,1018,12,286,2.543616056,2.552900000,0.070800000,0.010800000
sample,advancing_forward,ordered4,1007,1019,12,262,2.541568041,2.554900000,0.051300000,0.011100000
sample,advancing_forward,ordered4,1007,1020,12,2619,2.570240021,2.603800000,0.114400000,0.024700000
sample,advancing_forward,ordered4,1007,1021,12,6896,2.562047958,2.582400000,0.078500000,0.018300000
sample,advancing_forward,ordered4,1007,1022,12,764,2.548736095,2.559400000,0.060700000,0.010800000
sample,advancing_forward,ordered4,1007,1007,13,837,2.540544033,2.550000000,0.069200000,0.014400000
sample,advancing_forward,ordered4,1007,1008,13,290,2.531327963,2.540900000,0.060000000,0.011500000
sample,advancing_forward,ordered4,1007,1009,13,1863,2.533375978,2.544600000,0.072200000,0.011400000
sample,advancing_forward,ordered4,1007,1010,13,691,2.534399986,2.545100000,0.056400000,0.010400000
sample,advancing_forward,ordered4,1007,1011,13,262,2.552831888,2.570900000,0.083100000,0.021400000
sample,advancing_forward,ordered4,1007,1012,13,5093,2.548608065,2.562000000,0.067600000,0.016700000
sample,advancing_forward,ordered4,1007,1013,13,2488,2.538496017,2.549100000,0.053700000,0.011700000
sample,advancing_forward,ordered4,1007,1014,13,12,2.557951927,2.575600000,0.071600000,0.021500000
sample,advancing_forward,ordered4,1007,1015,13,31,2.543616056,2.552300000,0.057000000,0.011300000
sample,advancing_forward,ordered4,1007,1016,13,7421,2.541568041,2.550300000,0.056900000,0.011100000
sample,advancing_forward,ordered4,1007,1017,13,7051,2.545664072,2.555300000,0.061200000,0.010900000
sample,advancing_forward,ordered4,1007,1018,13,286,2.549695969,2.558100000,0.057400000,0.012700000
sample,advancing_forward,ordered4,1007,1019,13,262,2.540544033,2.550100000,0.051400000,0.011300000
sample,advancing_forward,ordered4,1007,1020,13,2619,2.544480085,2.553100000,0.051300000,0.010600000
sample,advancing_forward,ordered4,1007,1021,13,6896,2.545536041,2.554000000,0.070700000,0.010900000
sample,advancing_forward,ordered4,1007,1022,13,764,2.548736095,2.557000000,0.070800000,0.010900000
sample,advancing_forward,original,1007,1007,13,837,1.953791976,1.963600000,0.068200000,0.017300000
sample,advancing_forward,original,1007,1008,13,290,1.953791976,1.969300000,0.071100000,0.016400000
sample,advancing_forward,original,1007,1009,13,1863,1.982463956,2.015500000,0.103600000,0.032100000
sample,advancing_forward,original,1007,1010,13,691,1.967103958,1.987200000,0.084900000,0.020100000
sample,advancing_forward,original,1007,1011,13,262,1.967103958,1.989700000,0.086900000,0.021700000
sample,advancing_forward,original,1007,1012,13,5093,1.965055943,1.987000000,0.084200000,0.019300000
sample,advancing_forward,original,1007,1013,13,2488,1.982463956,2.012000000,0.103600000,0.028800000
sample,advancing_forward,original,1007,1014,13,12,1.983487964,2.017600000,0.102600000,0.029300000
sample,advancing_forward,original,1007,1015,13,31,1.989632010,2.012200000,0.127800000,0.033700000
sample,advancing_forward,original,1007,1016,13,7421,1.971199989,1.988900000,0.084800000,0.020800000
sample,advancing_forward,original,1007,1017,13,7051,1.958912015,1.971300000,0.066100000,0.013600000
sample,advancing_forward,original,1007,1018,13,286,1.961984038,1.975600000,0.069600000,0.013100000
sample,advancing_forward,original,1007,1019,13,262,1.955839992,1.972700000,0.069800000,0.014300000
sample,advancing_forward,original,1007,1020,13,2619,1.999871969,2.031500000,0.123000000,0.038600000
sample,advancing_forward,original,1007,1021,13,6896,1.982463956,2.005300000,0.094700000,0.023700000
sample,advancing_forward,original,1007,1022,13,764,1.985535979,2.010000000,0.095100000,0.024400000
sample,advancing_forward,original,1007,1007,14,837,1.974272013,1.993400000,0.110400000,0.027900000
sample,advancing_forward,original,1007,1008,14,290,1.974272013,1.992900000,0.103800000,0.027100000
sample,advancing_forward,original,1007,1009,14,1863,1.979392052,2.002000000,0.106300000,0.026500000
sample,advancing_forward,original,1007,1010,14,691,1.986559987,2.009700000,0.114400000,0.030500000
sample,advancing_forward,original,1007,1011,14,262,1.978368044,1.996900000,0.113700000,0.028000000
sample,advancing_forward,original,1007,1012,14,5093,1.985535979,2.007500000,0.111200000,0.029600000
sample,advancing_forward,original,1007,1013,14,2488,1.986559987,2.006500000,0.115200000,0.030400000
sample,advancing_forward,original,1007,1014,14,12,1.976320028,1.990500000,0.092200000,0.023500000
sample,advancing_forward,original,1007,1015,14,31,1.972223997,1.989200000,0.090800000,0.025000000
sample,advancing_forward,original,1007,1016,14,7421,1.992704034,2.026100000,0.109800000,0.035100000
sample,advancing_forward,original,1007,1017,14,7051,1.984511971,2.005300000,0.092300000,0.028300000
sample,advancing_forward,original,1007,1018,14,286,1.971199989,1.989200000,0.078100000,0.018400000
sample,advancing_forward,original,1007,1019,14,262,1.973248005,1.996900000,0.083600000,0.020500000
sample,advancing_forward,original,1007,1020,14,2619,2.018304110,2.065900000,0.159000000,0.053800000
sample,advancing_forward,original,1007,1021,14,6896,2.009088039,2.046200000,0.125700000,0.047100000
sample,advancing_forward,original,1007,1022,14,764,2.054143906,2.069600000,0.088000000,0.015700000
sample,advancing_forward,ordered4,1007,1007,14,837,2.554816008,2.577200000,0.096700000,0.024300000
sample,advancing_forward,ordered4,1007,1008,14,290,2.559999943,2.585500000,0.094000000,0.030200000
sample,advancing_forward,ordered4,1007,1009,14,1863,2.600960016,2.634700000,0.146600000,0.059100000
sample,advancing_forward,ordered4,1007,1010,14,691,2.563071966,2.590700000,0.079600000,0.024800000
sample,advancing_forward,ordered4,1007,1011,14,262,2.564095974,2.615000000,0.090800000,0.030600000
sample,advancing_forward,ordered4,1007,1012,14,5093,2.552831888,2.574700000,0.071000000,0.020500000
sample,advancing_forward,ordered4,1007,1013,14,2488,2.592767954,2.632000000,0.147000000,0.043200000
sample,advancing_forward,ordered4,1007,1014,14,12,2.579456091,2.604100000,0.120300000,0.035200000
sample,advancing_forward,ordered4,1007,1015,14,31,2.579456091,2.607200000,0.104500000,0.038200000
sample,advancing_forward,ordered4,1007,1016,14,7421,2.584575891,2.610300000,0.110600000,0.038900000
sample,advancing_forward,ordered4,1007,1017,14,7051,2.611200094,2.656300000,0.151300000,0.053600000
sample,advancing_forward,ordered4,1007,1018,14,286,2.585599899,2.619100000,0.102400000,0.036500000
sample,advancing_forward,ordered4,1007,1019,14,262,2.575360060,2.662200000,0.090700000,0.032200000
sample,advancing_forward,ordered4,1007,1020,14,2619,2.661375999,2.701200000,0.194800000,0.055100000
sample,advancing_forward,ordered4,1007,1021,14,6896,2.597887993,2.631000000,0.113700000,0.046000000
sample,advancing_forward,ordered4,1007,1022,14,764,2.609152079,2.647300000,0.124300000,0.050500000
sample,advancing_forward,ordered4,1007,1007,15,837,2.530303955,2.541500000,0.067800000,0.013000000
sample,advancing_forward,ordered4,1007,1008,15,290,2.534399986,2.545200000,0.067400000,0.013000000
sample,advancing_forward,ordered4,1007,1009,15,1863,2.537472010,2.549300000,0.082000000,0.012400000
sample,advancing_forward,ordered4,1007,1010,15,691,2.567104101,2.589000000,0.100800000,0.029800000
sample,advancing_forward,ordered4,1007,1011,15,262,2.550784111,2.569700000,0.083200000,0.023000000
sample,advancing_forward,ordered4,1007,1012,15,5093,2.537472010,2.549200000,0.069700000,0.012800000
sample,advancing_forward,ordered4,1007,1013,15,2488,2.557951927,2.574100000,0.084400000,0.020700000
sample,advancing_forward,ordered4,1007,1014,15,12,2.542592049,2.553700000,0.068100000,0.012800000
sample,advancing_forward,ordered4,1007,1015,15,31,2.540544033,2.552000000,0.067300000,0.012800000
sample,advancing_forward,ordered4,1007,1016,15,7421,2.556927919,2.574100000,0.084100000,0.017500000
sample,advancing_forward,ordered4,1007,1017,15,7051,2.546688080,2.558100000,0.067200000,0.012500000
sample,advancing_forward,ordered4,1007,1018,15,286,2.573312044,2.591800000,0.103400000,0.025700000
sample,advancing_forward,ordered4,1007,1019,15,262,2.568160057,2.584000000,0.093100000,0.025800000
sample,advancing_forward,ordered4,1007,1020,15,2619,2.556927919,2.569900000,0.071100000,0.017400000
sample,advancing_forward,ordered4,1007,1021,15,6896,2.548736095,2.558300000,0.059400000,0.012600000
sample,advancing_forward,ordered4,1007,1022,15,764,2.584575891,2.594700000,0.096200000,0.038200000
sample,advancing_forward,original,1007,1007,15,837,1.943552017,1.953800000,0.061700000,0.010600000
sample,advancing_forward,original,1007,1008,15,290,1.942528009,1.953700000,0.079800000,0.010200000
sample,advancing_forward,original,1007,1009,15,1863,1.944576025,1.955100000,0.058500000,0.010800000
sample,advancing_forward,original,1007,1010,15,691,1.954815984,1.964800000,0.092000000,0.013500000
sample,advancing_forward,original,1007,1011,15,262,1.957888007,1.972700000,0.070500000,0.014500000
sample,advancing_forward,original,1007,1012,15,5093,1.948672056,1.957700000,0.058300000,0.011000000
sample,advancing_forward,original,1007,1013,15,2488,1.952767968,1.961900000,0.080100000,0.010500000
sample,advancing_forward,original,1007,1014,15,12,1.952767968,1.962000000,0.079600000,0.010200000
sample,advancing_forward,original,1007,1015,15,31,1.946560025,1.954900000,0.072200000,0.010700000
sample,advancing_forward,original,1007,1016,15,7421,1.948672056,1.956900000,0.050800000,0.010200000
sample,advancing_forward,original,1007,1017,15,7051,1.948672056,1.957700000,0.069900000,0.010200000
sample,advancing_forward,original,1007,1018,15,286,1.952767968,1.962900000,0.072000000,0.010500000
sample,advancing_forward,original,1007,1019,15,262,1.967103958,1.987400000,0.074300000,0.017500000
sample,advancing_forward,original,1007,1020,15,2619,1.966079950,1.975300000,0.060300000,0.012300000
sample,advancing_forward,original,1007,1021,15,6896,1.956863999,1.966500000,0.056600000,0.010600000
sample,advancing_forward,original,1007,1022,15,764,1.975296021,1.990800000,0.076100000,0.017500000
sample,forward_host,original,128,128,0,284,1.363327980,1.435500000,0.054100000,0.011500000
sample,forward_host,original,128,129,0,257,1.365056038,1.413600000,0.053400000,0.010600000
sample,forward_host,original,128,130,0,614,1.367424011,1.415800000,0.072800000,0.010500000
sample,forward_host,original,128,131,0,878,1.364063978,1.411900000,0.052800000,0.010400000
sample,forward_host,original,128,132,0,289,1.367136002,1.414600000,0.052900000,0.010500000
sample,forward_host,original,128,133,0,19775,1.370303988,1.418700000,0.053600000,0.010300000
sample,forward_host,original,128,134,0,656,1.371968031,1.420200000,0.073700000,0.010500000
sample,forward_host,original,128,135,0,39599,1.365728021,1.437500000,0.053000000,0.010500000
sample,forward_host,original,128,136,0,1122,1.391744018,1.446300000,0.070800000,0.021700000
sample,forward_host,original,128,137,0,291,1.374879956,1.422800000,0.074300000,0.011200000
sample,forward_host,original,128,138,0,37346,1.375072002,1.424300000,0.084100000,0.010800000
sample,forward_host,original,128,139,0,764,1.372704029,1.420100000,0.052900000,0.010500000
sample,forward_host,original,128,140,0,8074,1.372256041,1.420200000,0.071300000,0.010400000
sample,forward_host,original,128,141,0,20272,1.375776052,1.425900000,0.093400000,0.010300000
sample,forward_host,original,128,142,0,9106,1.380607963,1.428200000,0.059300000,0.012100000
sample,forward_host,original,128,143,0,3876,1.371584058,1.430300000,0.068500000,0.010800000
sample,forward_host,ordered4,128,128,0,284,1.430976033,1.491400000,0.052000000,0.010700000
sample,forward_host,ordered4,128,129,0,257,1.459264040,1.514000000,0.070900000,0.023500000
sample,forward_host,ordered4,128,130,0,614,1.441568017,1.489300000,0.087100000,0.010900000
sample,forward_host,ordered4,128,131,0,878,1.438431978,1.491500000,0.051400000,0.010900000
sample,forward_host,ordered4,128,132,0,289,1.440384030,1.495500000,0.056600000,0.010700000
sample,forward_host,ordered4,128,133,0,19775,1.447391987,1.505900000,0.058700000,0.012000000
sample,forward_host,ordered4,128,134,0,656,1.450431943,1.504400000,0.088000000,0.012400000
sample,forward_host,ordered4,128,135,0,39599,1.445472002,1.499700000,0.058900000,0.010700000
sample,forward_host,ordered4,128,136,0,1122,1.448063970,1.504300000,0.082200000,0.011100000
sample,forward_host,ordered4,128,137,0,291,1.450240016,1.522400000,0.061800000,0.012000000
sample,forward_host,ordered4,128,138,0,37346,1.452927947,1.504200000,0.071700000,0.010500000
sample,forward_host,ordered4,128,139,0,764,1.472223997,1.517700000,0.098500000,0.012200000
sample,forward_host,ordered4,128,140,0,8074,1.603103995,1.663800000,0.402000000,0.081900000
sample,forward_host,ordered4,128,141,0,20272,1.459200025,1.509900000,0.057200000,0.011800000
sample,forward_host,ordered4,128,142,0,9106,1.467615962,1.524700000,0.103700000,0.013400000
sample,forward_host,ordered4,128,143,0,3876,1.457535982,1.516500000,0.061800000,0.012400000
sample,forward_host,ordered4,128,128,1,284,1.431360006,1.487300000,0.061900000,0.010700000
sample,forward_host,ordered4,128,129,1,257,1.443488002,1.498000000,0.090700000,0.012500000
sample,forward_host,ordered4,128,130,1,614,1.441984057,1.511800000,0.080600000,0.010600000
sample,forward_host,ordered4,128,131,1,878,1.463647962,1.541800000,0.089800000,0.024100000
sample,forward_host,ordered4,128,132,1,289,1.474272013,1.543800000,0.108400000,0.030000000
sample,forward_host,ordered4,128,133,1,19775,1.455711961,1.511000000,0.075900000,0.013200000
sample,forward_host,ordered4,128,134,1,656,1.446496010,1.504400000,0.080200000,0.011100000
sample,forward_host,ordered4,128,135,1,39599,1.461887956,1.524600000,0.077000000,0.018700000
sample,forward_host,ordered4,128,136,1,1122,1.449056029,1.504500000,0.094500000,0.012900000
sample,forward_host,ordered4,128,137,1,291,1.450847983,1.505700000,0.060600000,0.011200000
sample,forward_host,ordered4,128,138,1,37346,1.451967955,1.506900000,0.083200000,0.010500000
sample,forward_host,ordered4,128,139,1,764,1.451295972,1.507400000,0.082700000,0.011700000
sample,forward_host,ordered4,128,140,1,8074,1.454687953,1.511700000,0.064500000,0.012300000
sample,forward_host,ordered4,128,141,1,20272,1.456480026,1.527700000,0.087800000,0.012200000
sample,forward_host,ordered4,128,142,1,9106,1.481119990,1.555400000,0.107200000,0.026100000
sample,forward_host,ordered4,128,143,1,3876,1.465952039,1.522700000,0.067300000,0.013900000
sample,forward_host,original,128,128,1,284,1.371232033,1.422200000,0.068800000,0.016900000
sample,forward_host,original,128,129,1,257,1.368736029,1.422500000,0.056600000,0.010600000
sample,forward_host,original,128,130,1,614,1.370015979,1.423800000,0.080900000,0.010600000
sample,forward_host,original,128,131,1,878,1.365440011,1.422100000,0.081800000,0.010600000
sample,forward_host,original,128,132,1,289,1.368607998,1.423300000,0.087700000,0.011600000
sample,forward_host,original,128,133,1,19775,1.370880008,1.444800000,0.081500000,0.010200000
sample,forward_host,original,128,134,1,656,1.392959952,1.457900000,0.075500000,0.021600000
sample,forward_host,original,128,135,1,39599,1.397184014,1.460200000,0.098400000,0.026900000
sample,forward_host,original,128,136,1,1122,1.385823965,1.445500000,0.081400000,0.019100000
sample,forward_host,original,128,137,1,291,1.388416052,1.446900000,0.081700000,0.018300000
sample,forward_host,original,128,138,1,37346,1.385856032,1.446400000,0.068200000,0.014500000
sample,forward_host,original,128,139,1,764,1.374047995,1.428100000,0.078300000,0.010800000
sample,forward_host,original,128,140,1,8074,1.374624014,1.429300000,0.065400000,0.010500000
sample,forward_host,original,128,141,1,20272,1.379647970,1.441400000,0.082800000,0.011600000
sample,forward_host,original,128,142,1,9106,1.378592014,1.431800000,0.056600000,0.010200000
sample,forward_host,original,128,143,1,3876,1.371423960,1.426600000,0.077200000,0.010300000
sample,forward_host,original,128,128,2,284,1.359423995,1.417300000,0.058300000,0.010600000
sample,forward_host,original,128,129,2,257,1.379263997,1.438100000,0.071400000,0.017500000
sample,forward_host,original,128,130,2,614,1.370208025,1.425300000,0.090100000,0.012400000
sample,forward_host,original,128,131,2,878,1.364192009,1.422000000,0.079300000,0.011100000
sample,forward_host,original,128,132,2,289,1.370208025,1.426700000,0.089800000,0.012500000
sample,forward_host,original,128,133,2,19775,1.373311996,1.427900000,0.059200000,0.012200000
sample,forward_host,original,128,134,2,656,1.371935964,1.427100000,0.076500000,0.010700000
sample,forward_host,original,128,135,2,39599,1.365888000,1.420300000,0.082000000,0.010400000
sample,forward_host,original,128,136,2,1122,1.368896008,1.435800000,0.059700000,0.010600000
sample,forward_host,original,128,137,2,291,1.386240005,1.447100000,0.070900000,0.020700000
sample,forward_host,original,128,138,2,37346,1.377920032,1.433500000,0.065600000,0.012800000
sample,forward_host,original,128,139,2,764,1.372511983,1.426600000,0.058400000,0.011100000
sample,forward_host,original,128,140,2,8074,1.374976039,1.428900000,0.059800000,0.010600000
sample,forward_host,original,128,141,2,20272,1.377536058,1.427200000,0.077200000,0.010400000
sample,forward_host,original,128,142,2,9106,1.379744053,1.430600000,0.052900000,0.010700000
sample,forward_host,original,128,143,2,3876,1.372416019,1.421100000,0.058800000,0.011900000
sample,forward_host,ordered4,128,128,2,284,1.432800055,1.481000000,0.053500000,0.010700000
sample,forward_host,ordered4,128,129,2,257,1.437983990,1.498200000,0.069000000,0.010400000
sample,forward_host,ordered4,128,130,2,614,1.466303945,1.523400000,0.076200000,0.025000000
sample,forward_host,ordered4,128,131,2,878,1.444000006,1.496100000,0.082800000,0.013000000
sample,forward_host,ordered4,128,132,2,289,1.439872026,1.488200000,0.071900000,0.011100000
sample,forward_host,ordered4,128,133,2,19775,1.441311955,1.488900000,0.071800000,0.010700000
sample,forward_host,ordered4,128,134,2,656,1.444640040,1.494100000,0.069000000,0.011100000
sample,forward_host,ordered4,128,135,2,39599,1.449471951,1.497300000,0.089600000,0.015400000
sample,forward_host,ordered4,128,136,2,1122,1.444959998,1.493700000,0.071500000,0.010700000
sample,forward_host,ordered4,128,137,2,291,1.459264040,1.509400000,0.062200000,0.015100000
sample,forward_host,ordered4,128,138,2,37346,1.452576041,1.501200000,0.078800000,0.012200000
sample,forward_host,ordered4,128,139,2,764,1.449471951,1.507100000,0.053100000,0.010600000
sample,forward_host,ordered4,128,140,2,8074,1.474591970,1.632400000,0.074100000,0.023700000
sample,forward_host,ordered4,128,141,2,20272,1.635167956,1.737600000,0.427100000,0.108900000
sample,forward_host,ordered4,128,142,2,9106,1.497056007,1.542500000,0.104500000,0.019200000
sample,forward_host,ordered4,128,143,2,3876,1.466976047,1.520500000,0.063300000,0.017200000
sample,forward_host,ordered4,128,128,3,284,1.445440054,1.493700000,0.073500000,0.018000000
sample,forward_host,ordered4,128,129,3,257,1.439167976,1.489000000,0.074500000,0.010700000
sample,forward_host,ordered4,128,130,3,614,1.441951990,1.489300000,0.074800000,0.010900000
sample,forward_host,ordered4,128,131,3,878,1.443776011,1.515100000,0.060200000,0.011700000
sample,forward_host,ordered4,128,132,3,289,1.470880032,1.528600000,0.086400000,0.029700000
sample,forward_host,ordered4,128,133,3,19775,1.455392003,1.513300000,0.065900000,0.016300000
sample,forward_host,ordered4,128,134,3,656,1.450592041,1.517700000,0.088500000,0.013100000
sample,forward_host,ordered4,128,135,3,39599,1.455839992,1.515600000,0.071200000,0.017200000
sample,forward_host,ordered4,128,136,3,1122,1.449408054,1.503900000,0.061600000,0.011300000
sample,forward_host,ordered4,128,137,3,291,1.450623989,1.505000000,0.060000000,0.010700000
sample,forward_host,ordered4,128,138,3,37346,1.454144001,1.511600000,0.064200000,0.010600000
sample,forward_host,ordered4,128,139,3,764,1.453439951,1.516400000,0.068200000,0.013200000
sample,forward_host,ordered4,128,140,3,8074,1.453151941,1.506900000,0.063100000,0.012300000
sample,forward_host,ordered4,128,141,3,20272,1.456383944,1.527200000,0.081600000,0.011200000
sample,forward_host,ordered4,128,142,3,9106,1.478432059,1.555300000,0.101100000,0.020200000
sample,forward_host,ordered4,128,143,3,3876,1.468832016,1.525500000,0.071300000,0.016300000
sample,forward_host,original,128,128,3,284,1.366688013,1.414200000,0.061600000,0.014400000
sample,forward_host,original,128,129,3,257,1.366912007,1.418000000,0.055700000,0.010400000
sample,forward_host,original,128,130,3,614,1.368991971,1.420600000,0.066900000,0.010600000
sample,forward_host,original,128,131,3,878,1.364416003,1.416400000,0.056200000,0.010800000
sample,forward_host,original,128,132,3,289,1.369696021,1.421100000,0.060200000,0.011400000
sample,forward_host,original,128,133,3,19775,1.369567990,1.449900000,0.056100000,0.010600000
sample,forward_host,original,128,134,3,656,1.396672010,1.458400000,0.085000000,0.019900000
sample,forward_host,original,128,135,3,39599,1.371263981,1.423500000,0.084400000,0.012600000
sample,forward_host,original,128,136,3,1122,1.377760053,1.436600000,0.058600000,0.012800000
sample,forward_host,original,128,137,3,291,1.390367985,1.450400000,0.087800000,0.015600000
sample,forward_host,original,128,138,3,37346,1.376799941,1.425600000,0.053700000,0.011100000
sample,forward_host,original,128,139,3,764,1.373247981,1.421900000,0.072800000,0.011400000
sample,forward_host,original,128,140,3,8074,1.373631954,1.421400000,0.068600000,0.010700000
sample,forward_host,original,128,141,3,20272,1.379040003,1.428900000,0.068900000,0.010700000
sample,forward_host,original,128,142,3,9106,1.381760001,1.430700000,0.057800000,0.012200000
sample,forward_host,original,128,143,3,3876,1.372895956,1.422200000,0.052600000,0.010400000
sample,forward_host,original,128,128,4,284,1.360383987,1.415200000,0.061600000,0.011300000
sample,forward_host,original,128,129,4,257,1.368512034,1.425400000,0.079000000,0.010600000
sample,forward_host,original,128,130,4,614,1.373280048,1.428800000,0.067100000,0.012500000
sample,forward_host,original,128,131,4,878,1.367328048,1.421500000,0.058300000,0.010500000
sample,forward_host,original,128,132,4,289,1.368288040,1.428000000,0.060800000,0.010800000
sample,forward_host,original,128,133,4,19775,1.369951963,1.418200000,0.052700000,0.010600000
sample,forward_host,original,128,134,4,656,1.372416019,1.420600000,0.054100000,0.010800000
sample,forward_host,original,128,135,4,39599,1.366240025,1.416700000,0.073900000,0.010600000
sample,forward_host,original,128,136,4,1122,1.370784044,1.419000000,0.081200000,0.011900000
sample,forward_host,original,128,137,4,291,1.370272040,1.450700000,0.069100000,0.010300000
sample,forward_host,original,128,138,4,37346,1.401216030,1.458400000,0.076400000,0.025900000
sample,forward_host,original,128,139,4,764,1.376031995,1.425200000,0.082200000,0.012500000
sample,forward_host,original,128,140,4,8074,1.373343945,1.421700000,0.051700000,0.010400000
sample,forward_host,original,128,141,4,20272,1.378368020,1.427000000,0.075800000,0.010700000
sample,forward_host,original,128,142,4,9106,1.378527999,1.426200000,0.051900000,0.010900000
sample,forward_host,original,128,143,4,3876,1.371616006,1.490200000,0.051200000,0.010200000
sample,forward_host,ordered4,128,128,4,284,1.432736039,1.486400000,0.058000000,0.010700000
sample,forward_host,ordered4,128,129,4,257,1.439872026,1.494600000,0.077200000,0.011100000
sample,forward_host,ordered4,128,130,4,614,1.442783952,1.505400000,0.080200000,0.010500000
sample,forward_host,ordered4,128,131,4,878,1.472192049,1.528700000,0.089300000,0.031600000
sample,forward_host,ordered4,128,132,4,289,1.445536017,1.493600000,0.082700000,0.012600000
sample,forward_host,ordered4,128,133,4,19775,1.443680048,1.491500000,0.071700000,0.010700000
sample,forward_host,ordered4,128,134,4,656,1.444383979,1.493100000,0.053800000,0.010900000
sample,forward_host,ordered4,128,135,4,39599,1.450335979,1.499900000,0.086100000,0.018100000
sample,forward_host,ordered4,128,136,4,1122,1.444512010,1.493000000,0.053800000,0.010200000
sample,forward_host,ordered4,128,137,4,291,1.448959947,1.496700000,0.052200000,0.011000000
sample,forward_host,ordered4,128,138,4,37346,1.449440002,1.498000000,0.052000000,0.010500000
sample,forward_host,ordered4,128,139,4,764,1.447711945,1.501400000,0.054500000,0.010700000
sample,forward_host,ordered4,128,140,4,8074,1.450623989,1.548000000,0.076100000,0.010800000
sample,forward_host,ordered4,128,141,4,20272,1.483711958,1.560500000,0.089100000,0.027700000
sample,forward_host,ordered4,128,142,4,9106,1.479936004,1.552900000,0.080900000,0.022900000
sample,forward_host,ordered4,128,143,4,3876,1.462975979,1.517800000,0.069200000,0.014300000
sample,forward_host,ordered4,128,128,5,284,1.430176020,1.477800000,0.073100000,0.010700000
sample,forward_host,ordered4,128,129,5,257,1.438879967,1.487300000,0.052800000,0.010700000
sample,forward_host,ordered4,128,130,5,614,1.443135977,1.491800000,0.072700000,0.010700000
sample,forward_host,ordered4,128,131,5,878,1.440575957,1.491700000,0.075400000,0.010700000
sample,forward_host,ordered4,128,132,5,289,1.444192052,1.510300000,0.064100000,0.012400000
sample,forward_host,ordered4,128,133,5,19775,1.470111966,1.653700000,0.089300000,0.026300000
sample,forward_host,ordered4,128,134,5,656,1.642079949,1.751100000,0.513000000,0.115500000
sample,forward_host,ordered4,128,135,5,39599,1.460064054,1.516900000,0.070400000,0.017200000
sample,forward_host,ordered4,128,136,5,1122,1.447584033,1.505500000,0.077500000,0.011100000
sample,forward_host,ordered4,128,137,5,291,1.449023962,1.502000000,0.055700000,0.010700000
sample,forward_host,ordered4,128,138,5,37346,1.449952006,1.506200000,0.063100000,0.010700000
sample,forward_host,ordered4,128,139,5,764,1.451776028,1.505000000,0.058900000,0.011600000
sample,forward_host,ordered4,128,140,5,8074,1.451200008,1.507400000,0.056900000,0.010600000
sample,forward_host,ordered4,128,141,5,20272,1.455584049,1.514200000,0.056000000,0.010400000
sample,forward_host,ordered4,128,142,5,9106,1.458431959,1.527300000,0.064300000,0.010500000
sample,forward_host,ordered4,128,143,5,3876,1.479040027,1.535900000,0.087800000,0.023500000
sample,forward_host,original,128,128,5,284,1.381216049,1.436800000,0.082800000,0.022700000
sample,forward_host,original,128,129,5,257,1.368736029,1.431300000,0.059700000,0.011100000
sample,forward_host,original,128,130,5,614,1.369632006,1.423000000,0.055500000,0.010700000
sample,forward_host,original,128,131,5,878,1.366816044,1.419300000,0.056700000,0.010600000
sample,forward_host,original,128,132,5,289,1.367712021,1.421800000,0.058200000,0.011300000
sample,forward_host,original,128,133,5,19775,1.373376012,1.425200000,0.061700000,0.012200000
sample,forward_host,original,128,134,5,656,1.372959971,1.425100000,0.058000000,0.010400000
sample,forward_host,original,128,135,5,39599,1.366976023,1.458900000,0.058000000,0.010500000
sample,forward_host,original,128,136,5,1122,1.397727966,1.467400000,0.112500000,0.028800000
sample,forward_host,original,128,137,5,291,1.384063959,1.438200000,0.074300000,0.015400000
sample,forward_host,original,128,138,5,37346,1.377056003,1.429900000,0.060300000,0.010800000
sample,forward_host,original,128,139,5,764,1.372735977,1.427100000,0.079600000,0.010600000
sample,forward_host,original,128,140,5,8074,1.374591947,1.426200000,0.061500000,0.010400000
sample,forward_host,original,128,141,5,20272,1.377375960,1.428900000,0.079400000,0.010700000
sample,forward_host,original,128,142,5,9106,1.380543947,1.431700000,0.058900000,0.010500000
sample,forward_host,original,128,143,5,3876,1.371584058,1.423500000,0.059200000,0.010400000
sample,forward_host,original,128,128,6,284,1.358144045,1.437000000,0.062600000,0.010500000
sample,forward_host,original,128,129,6,257,1.390015960,1.453300000,0.077700000,0.027400000
sample,forward_host,original,128,130,6,614,1.369824052,1.424000000,0.055500000,0.012200000
sample,forward_host,original,128,131,6,878,1.367712021,1.424200000,0.080700000,0.011600000
sample,forward_host,original,128,132,6,289,1.367167950,1.422400000,0.056800000,0.010500000
sample,forward_host,original,128,133,6,19775,1.369279981,1.435700000,0.056600000,0.010600000
sample,forward_host,original,128,134,6,656,1.376767993,1.434600000,0.071300000,0.012300000
sample,forward_host,original,128,135,6,39599,1.369184017,1.423700000,0.087500000,0.012300000
sample,forward_host,original,128,136,6,1122,1.367359996,1.422000000,0.057200000,0.010500000
sample,forward_host,original,128,137,6,291,1.372671962,1.426500000,0.076000000,0.010200000
sample,forward_host,original,128,138,6,37346,1.375519991,1.424200000,0.059900000,0.010600000
sample,forward_host,original,128,139,6,764,1.370623946,1.436600000,0.052500000,0.010500000
sample,forward_host,original,128,140,6,8074,1.397408009,1.470100000,0.076600000,0.022200000
sample,forward_host,original,128,141,6,20272,1.385472059,1.438700000,0.065700000,0.014700000
sample,forward_host,original,128,142,6,9106,1.396672010,1.444700000,0.073200000,0.015100000
sample,forward_host,original,128,143,6,3876,1.376767993,1.426600000,0.057400000,0.012200000
sample,forward_host,ordered4,128,128,6,284,1.433503985,1.493700000,0.090300000,0.012100000
sample,forward_host,ordered4,128,129,6,257,1.484544039,1.553000000,0.121300000,0.037300000
sample,forward_host,ordered4,128,130,6,614,1.483008027,1.547400000,0.108900000,0.030600000
sample,forward_host,ordered4,128,131,6,878,1.452448010,1.514900000,0.073700000,0.017800000
sample,forward_host,ordered4,128,132,6,289,1.458719969,1.512400000,0.070400000,0.018200000
sample,forward_host,ordered4,128,133,6,19775,1.443776011,1.492300000,0.053600000,0.011100000
sample,forward_host,ordered4,128,134,6,656,1.446720004,1.495000000,0.073500000,0.010800000
sample,forward_host,ordered4,128,135,6,39599,1.442016006,1.491800000,0.053900000,0.010600000
sample,forward_host,ordered4,128,136,6,1122,1.465664029,1.519900000,0.081500000,0.019900000
sample,forward_host,ordered4,128,137,6,291,1.450719953,1.504100000,0.059200000,0.012800000
sample,forward_host,ordered4,128,138,6,37346,1.452512026,1.509100000,0.057400000,0.010900000
sample,forward_host,ordered4,128,139,6,764,1.450176001,1.504800000,0.074900000,0.010700000
sample,forward_host,ordered4,128,140,6,8074,1.465247989,1.523100000,0.069300000,0.015400000
sample,forward_host,ordered4,128,141,6,20272,1.456895947,1.510300000,0.077700000,0.011100000
sample,forward_host,ordered4,128,142,6,9106,1.457695961,1.528700000,0.056700000,0.010700000
sample,forward_host,ordered4,128,143,6,3876,1.504127979,1.682200000,0.109200000,0.024800000
sample,forward_host,ordered4,128,128,7,284,1.433024049,1.481400000,0.075400000,0.010900000
sample,forward_host,ordered4,128,129,7,257,1.441087961,1.489500000,0.052000000,0.010900000
sample,forward_host,ordered4,128,130,7,614,1.440960050,1.491100000,0.069000000,0.010700000
sample,forward_host,ordered4,128,131,7,878,1.454048038,1.508200000,0.067400000,0.018900000
sample,forward_host,ordered4,128,132,7,289,1.443711996,1.491500000,0.081700000,0.012600000
sample,forward_host,ordered4,128,133,7,19775,1.444671988,1.541100000,0.074300000,0.010900000
sample,forward_host,ordered4,128,134,7,656,1.460064054,1.520800000,0.065400000,0.016600000
sample,forward_host,ordered4,128,135,7,39599,1.455935955,1.514100000,0.067300000,0.016600000
sample,forward_host,ordered4,128,136,7,1122,1.462560058,1.519600000,0.078100000,0.014900000
sample,forward_host,ordered4,128,137,7,291,1.470656037,1.529000000,0.092800000,0.022000000
sample,forward_host,ordered4,128,138,7,37346,1.460448027,1.518200000,0.065700000,0.014500000
sample,forward_host,ordered4,128,139,7,764,1.466879964,1.527200000,0.074100000,0.017000000
sample,forward_host,ordered4,128,140,7,8074,1.460255980,1.516900000,0.067300000,0.014400000
sample,forward_host,ordered4,128,141,7,20272,1.455168009,1.509500000,0.077400000,0.011000000
sample,forward_host,ordered4,128,142,7,9106,1.458912015,1.518700000,0.077200000,0.010600000
sample,forward_host,ordered4,128,143,7,3876,1.460960031,1.519200000,0.063100000,0.012200000
sample,forward_host,original,128,128,7,284,1.377503991,1.434800000,0.074700000,0.018800000
sample,forward_host,original,128,129,7,257,1.385759950,1.448500000,0.082000000,0.019400000
sample,forward_host,original,128,130,7,614,1.373888016,1.426900000,0.064900000,0.013100000
sample,forward_host,original,128,131,7,878,1.364608049,1.422600000,0.058300000,0.010500000
sample,forward_host,original,128,132,7,289,1.370720029,1.435400000,0.092400000,0.013100000
sample,forward_host,original,128,133,7,19775,1.372447968,1.426700000,0.091200000,0.011900000
sample,forward_host,original,128,134,7,656,1.378080010,1.433100000,0.064700000,0.013600000
sample,forward_host,original,128,135,7,39599,1.365216017,1.423200000,0.059200000,0.010800000
sample,forward_host,original,128,136,7,1122,1.391968012,1.447600000,0.080400000,0.026900000
sample,forward_host,original,128,137,7,291,1.372383952,1.433100000,0.061600000,0.010400000
sample,forward_host,original,128,138,7,37346,1.410527945,1.483400000,0.101600000,0.029200000
sample,forward_host,original,128,139,7,764,1.396479964,1.463100000,0.089300000,0.022200000
sample,forward_host,original,128,140,7,8074,1.393087983,1.452900000,0.081700000,0.018700000
sample,forward_host,original,128,141,7,20272,1.392447948,1.458500000,0.075000000,0.016700000
sample,forward_host,original,128,142,7,9106,1.402976036,1.460000000,0.094000000,0.021700000
sample,forward_host,original,128,143,7,3876,1.384575963,1.440900000,0.069600000,0.014700000
sample,forward_host,original,128,128,8,284,1.371935964,1.429500000,0.086700000,0.015200000
sample,forward_host,original,128,129,8,257,1.365983963,1.438400000,0.078500000,0.010800000
sample,forward_host,original,128,130,8,614,1.389088035,1.454200000,0.078300000,0.020900000
sample,forward_host,original,128,131,8,878,1.371327996,1.426600000,0.066100000,0.012800000
sample,forward_host,original,128,132,8,289,1.367071986,1.421600000,0.077600000,0.010600000
sample,forward_host,original,128,133,8,19775,1.369951963,1.424900000,0.082200000,0.010500000
sample,forward_host,original,128,134,8,656,1.375264049,1.431200000,0.058900000,0.010700000
sample,forward_host,original,128,135,8,39599,1.383136034,1.441300000,0.082000000,0.019600000
sample,forward_host,original,128,136,8,1122,1.371008039,1.420600000,0.060700000,0.010900000
sample,forward_host,original,128,137,8,291,1.371999979,1.421400000,0.074000000,0.010500000
sample,forward_host,original,128,138,8,37346,1.387583971,1.439000000,0.067300000,0.017700000
sample,forward_host,original,128,139,8,764,1.372607946,1.420700000,0.073500000,0.010600000
sample,forward_host,original,128,140,8,8074,1.372320056,1.432700000,0.051900000,0.010400000
sample,forward_host,original,128,141,8,20272,1.398303986,1.453500000,0.072000000,0.023800000
sample,forward_host,original,128,142,8,9106,1.382240057,1.437400000,0.061800000,0.010900000
sample,forward_host,original,128,143,8,3876,1.385696054,1.443000000,0.069700000,0.016600000
sample,forward_host,ordered4,128,128,8,284,1.445152044,1.495100000,0.066700000,0.018300000
sample,forward_host,ordered4,128,129,8,257,1.441727996,1.487800000,0.059500000,0.012400000
sample,forward_host,ordered4,128,130,8,614,1.440672040,1.487300000,0.054700000,0.010600000
sample,forward_host,ordered4,128,131,8,878,1.454624057,1.506400000,0.069000000,0.018800000
sample,forward_host,ordered4,128,132,8,289,1.450656056,1.499600000,0.066000000,0.013000000
sample,forward_host,ordered4,128,133,8,19775,1.444576025,1.507400000,0.057900000,0.011000000
sample,forward_host,ordered4,128,134,8,656,1.462784052,1.523000000,0.073300000,0.019100000
sample,forward_host,ordered4,128,135,8,39599,1.460896015,1.519000000,0.077100000,0.021000000
sample,forward_host,ordered4,128,136,8,1122,1.460384011,1.513600000,0.072400000,0.018100000
sample,forward_host,ordered4,128,137,8,291,1.459936023,1.518200000,0.083200000,0.016600000
sample,forward_host,ordered4,128,138,8,37346,1.453215957,1.507100000,0.081000000,0.011300000
sample,forward_host,ordered4,128,139,8,764,1.453888059,1.513500000,0.064100000,0.012500000
sample,forward_host,ordered4,128,140,8,8074,1.462592006,1.520200000,0.074700000,0.014800000
sample,forward_host,ordered4,128,141,8,20272,1.454175949,1.508300000,0.058700000,0.010400000
sample,forward_host,ordered4,128,142,8,9106,1.457792044,1.512500000,0.059800000,0.010900000
sample,forward_host,ordered4,128,143,8,3876,1.467839956,1.542100000,0.069900000,0.014600000
sample,forward_host,ordered4,128,128,9,284,1.433120012,1.482100000,0.075800000,0.011400000
sample,forward_host,ordered4,128,129,9,257,1.450623989,1.503900000,0.065800000,0.015200000
sample,forward_host,ordered4,128,130,9,614,1.445343971,1.493900000,0.063900000,0.012700000
sample,forward_host,ordered4,128,131,9,878,1.439936042,1.488600000,0.073400000,0.010500000
sample,forward_host,ordered4,128,132,9,289,1.450016022,1.500300000,0.060700000,0.013200000
sample,forward_host,ordered4,128,133,9,19775,1.444928050,1.492900000,0.073400000,0.011400000
sample,forward_host,ordered4,128,134,9,656,1.447391987,1.495400000,0.052100000,0.011000000
sample,forward_host,ordered4,128,135,9,39599,1.443552017,1.503600000,0.053300000,0.010800000
sample,forward_host,ordered4,128,136,9,1122,1.471168041,1.649000000,0.085800000,0.025700000
sample,forward_host,ordered4,128,137,9,291,1.612128019,1.708600000,0.408000000,0.103200000
sample,forward_host,ordered4,128,138,9,37346,1.463583946,1.548900000,0.068400000,0.015000000
sample,forward_host,ordered4,128,139,9,764,1.470271945,1.525400000,0.111800000,0.018900000
sample,forward_host,ordered4,128,140,9,8074,1.465600014,1.525400000,0.073200000,0.017400000
sample,forward_host,ordered4,128,141,9,20272,1.457087994,1.511200000,0.058500000,0.010900000
sample,forward_host,ordered4,128,142,9,9106,1.456992030,1.514000000,0.076900000,0.011100000
sample,forward_host,ordered4,128,143,9,3876,1.483647943,1.542200000,0.085200000,0.028400000
sample,forward_host,original,128,128,9,284,1.385472059,1.552400000,0.094800000,0.024600000
sample,forward_host,original,128,129,9,257,1.565119982,1.678200000,0.451700000,0.119500000
sample,forward_host,original,128,130,9,614,1.369600058,1.418800000,0.059300000,0.012900000
sample,forward_host,original,128,131,9,878,1.380576015,1.434000000,0.073100000,0.018200000
sample,forward_host,original,128,132,9,289,1.383424044,1.438200000,0.068400000,0.016700000
sample,forward_host,original,128,133,9,19775,1.374016047,1.423900000,0.061000000,0.012600000
sample,forward_host,original,128,134,9,656,1.371999979,1.425100000,0.079700000,0.010800000
sample,forward_host,original,128,135,9,39599,1.366752028,1.420700000,0.056800000,0.010700000
sample,forward_host,original,128,136,9,1122,1.376543999,1.432400000,0.063000000,0.013100000
sample,forward_host,original,128,137,9,291,1.372831941,1.427200000,0.082400000,0.011800000
sample,forward_host,original,128,138,9,37346,1.373280048,1.447500000,0.075600000,0.010700000
sample,forward_host,original,128,139,9,764,1.397663951,1.459500000,0.078500000,0.023400000
sample,forward_host,original,128,140,9,8074,1.382367969,1.435300000,0.069300000,0.014300000
sample,forward_host,original,128,141,9,20272,1.378751993,1.427100000,0.082500000,0.012600000
sample,forward_host,original,128,142,9,9106,1.379168034,1.427000000,0.069200000,0.010600000
sample,forward_host,original,128,143,9,3876,1.370687962,1.419900000,0.073100000,0.010600000
sample,forward_host,original,128,128,10,284,1.362112045,1.416500000,0.063300000,0.012100000
sample,forward_host,original,128,129,10,257,1.365983963,1.421300000,0.080800000,0.010400000
sample,forward_host,original,128,130,10,614,1.370208025,1.426400000,0.061000000,0.011800000
sample,forward_host,original,128,131,10,878,1.365535975,1.443000000,0.059000000,0.010600000
sample,forward_host,original,128,132,10,289,1.400223970,1.471800000,0.102900000,0.024700000
sample,forward_host,original,128,133,10,19775,1.397920012,1.460700000,0.087400000,0.022500000
sample,forward_host,original,128,134,10,656,1.377279997,1.430800000,0.056000000,0.012400000
sample,forward_host,original,128,135,10,39599,1.366592050,1.420000000,0.069200000,0.010900000
sample,forward_host,original,128,136,10,1122,1.370175958,1.423500000,0.056800000,0.010900000
sample,forward_host,original,128,137,10,291,1.373152018,1.499000000,0.080400000,0.010500000
sample,forward_host,original,128,138,10,37346,1.382719994,1.437900000,0.065300000,0.011000000
sample,forward_host,original,128,139,10,764,1.372992039,1.427300000,0.079700000,0.011500000
sample,forward_host,original,128,140,10,8074,1.373568058,1.430200000,0.057400000,0.010500000
sample,forward_host,original,128,141,10,20272,1.384096026,1.440500000,0.062000000,0.011500000
sample,forward_host,original,128,142,10,9106,1.382015944,1.445600000,0.061400000,0.012100000
sample,forward_host,original,128,143,10,3876,1.385375977,1.437600000,0.071500000,0.016700000
sample,forward_host,ordered4,128,128,10,284,1.433312058,1.481600000,0.081900000,0.012700000
sample,forward_host,ordered4,128,129,10,257,1.439679980,1.489000000,0.073400000,0.010800000
sample,forward_host,ordered4,128,130,10,614,1.443456054,1.492400000,0.054500000,0.011200000
sample,forward_host,ordered4,128,131,10,878,1.444128036,1.492900000,0.058300000,0.012300000
sample,forward_host,ordered4,128,132,10,289,1.439103961,1.487600000,0.068700000,0.010600000
sample,forward_host,ordered4,128,133,10,19775,1.444991946,1.493500000,0.053800000,0.011800000
sample,forward_host,ordered4,128,134,10,656,1.446431994,1.528100000,0.069200000,0.010600000
sample,forward_host,ordered4,128,135,10,39599,1.467488050,1.529600000,0.074300000,0.020800000
sample,forward_host,ordered4,128,136,10,1122,1.448447943,1.497200000,0.083300000,0.013000000
sample,forward_host,ordered4,128,137,10,291,1.449023962,1.497600000,0.072200000,0.010600000
sample,forward_host,ordered4,128,138,10,37346,1.451295972,1.499900000,0.051600000,0.010800000
sample,forward_host,ordered4,128,139,10,764,1.452288032,1.500200000,0.075100000,0.011300000
sample,forward_host,ordered4,128,140,10,8074,1.448992014,1.498100000,0.068500000,0.010500000
sample,forward_host,ordered4,128,141,10,20272,1.467136025,1.518500000,0.063900000,0.015200000
sample,forward_host,ordered4,128,142,10,9106,1.457695961,1.506200000,0.072200000,0.011400000
sample,forward_host,ordered4,128,143,10,3876,1.455135942,1.505600000,0.074100000,0.011000000
sample,forward_host,ordered4,128,128,11,284,1.450207949,1.513800000,0.072200000,0.020500000
sample,forward_host,ordered4,128,129,11,257,1.457504034,1.512400000,0.063800000,0.019700000
sample,forward_host,ordered4,128,130,11,614,1.442304015,1.487500000,0.054700000,0.011400000
sample,forward_host,ordered4,128,131,11,878,1.437664032,1.517500000,0.068600000,0.011000000
sample,forward_host,ordered4,128,132,11,289,1.461920023,1.523300000,0.082200000,0.020300000
sample,forward_host,ordered4,128,133,11,19775,1.445343971,1.499100000,0.058100000,0.011200000
sample,forward_host,ordered4,128,134,11,656,1.447391987,1.502200000,0.080100000,0.010700000
sample,forward_host,ordered4,128,135,11,39599,1.443616033,1.498100000,0.056800000,0.010700000
sample,forward_host,ordered4,128,136,11,1122,1.447615981,1.504800000,0.059000000,0.012100000
sample,forward_host,ordered4,128,137,11,291,1.465247989,1.541200000,0.074200000,0.016400000
sample,forward_host,ordered4,128,138,11,37346,1.482975960,1.569900000,0.111400000,0.025700000
sample,forward_host,ordered4,128,139,11,764,1.461472034,1.522100000,0.071200000,0.015300000
sample,forward_host,ordered4,128,140,11,8074,1.469439983,1.530700000,0.080500000,0.018100000
sample,forward_host,ordered4,128,141,11,20272,1.458367944,1.514700000,0.098500000,0.011800000
sample,forward_host,ordered4,128,142,11,9106,1.470016003,1.527500000,0.072000000,0.015700000
sample,forward_host,ordered4,128,143,11,3876,1.456928015,1.514700000,0.060200000,0.011000000
sample,forward_host,original,128,128,11,284,1.359359980,1.405600000,0.071100000,0.010700000
sample,forward_host,original,128,129,11,257,1.367712021,1.443500000,0.072200000,0.011500000
sample,forward_host,original,128,130,11,614,1.407295942,1.580600000,0.105400000,0.035000000
sample,forward_host,original,128,131,11,878,1.519711971,1.605300000,0.404800000,0.100200000
sample,forward_host,original,128,132,11,289,1.369600058,1.420200000,0.082100000,0.013200000
sample,forward_host,original,128,133,11,19775,1.393375993,1.454900000,0.078000000,0.023000000
sample,forward_host,original,128,134,11,656,1.372959971,1.428100000,0.082000000,0.011000000
sample,forward_host,original,128,135,11,39599,1.366976023,1.421300000,0.057000000,0.010500000
sample,forward_host,original,128,136,11,1122,1.382207990,1.438600000,0.068200000,0.014900000
sample,forward_host,original,128,137,11,291,1.374848008,1.429800000,0.073400000,0.012100000
sample,forward_host,original,128,138,11,37346,1.376896024,1.432000000,0.079400000,0.010700000
sample,forward_host,original,128,139,11,764,1.387392044,1.440900000,0.072000000,0.016100000
sample,forward_host,original,128,140,11,8074,1.376991987,1.441300000,0.074600000,0.011000000
sample,forward_host,original,128,141,11,20272,1.383263946,1.435800000,0.077300000,0.013100000
sample,forward_host,original,128,142,11,9106,1.392127991,1.442800000,0.068000000,0.015000000
sample,forward_host,original,128,143,11,3876,1.371840000,1.419400000,0.053600000,0.011200000
sample,forward_host,original,128,128,12,284,1.363487959,1.418100000,0.088800000,0.012500000
sample,forward_host,original,128,129,12,257,1.366335988,1.419900000,0.057000000,0.010400000
sample,forward_host,original,128,130,12,614,1.368319988,1.423000000,0.079500000,0.011100000
sample,forward_host,original,128,131,12,878,1.371135950,1.427100000,0.063900000,0.012800000
sample,forward_host,original,128,132,12,289,1.367743969,1.435900000,0.077900000,0.010600000
sample,forward_host,original,128,133,12,19775,1.408383965,1.494800000,0.102600000,0.033300000
sample,forward_host,original,128,134,12,656,1.393247962,1.457000000,0.074300000,0.020800000
sample,forward_host,original,128,135,12,39599,1.378047943,1.432800000,0.078900000,0.015900000
sample,forward_host,original,128,136,12,1122,1.370591998,1.424400000,0.057000000,0.010900000
sample,forward_host,original,128,137,12,291,1.372256041,1.428700000,0.055700000,0.010400000
sample,forward_host,original,128,138,12,37346,1.378496051,1.436100000,0.087300000,0.011900000
sample,forward_host,original,128,139,12,764,1.375136018,1.431700000,0.090300000,0.013200000
sample,forward_host,original,128,140,12,8074,1.394880056,1.454400000,0.084900000,0.020800000
sample,forward_host,original,128,141,12,20272,1.386783957,1.444500000,0.068700000,0.015000000
sample,forward_host,original,128,142,12,9106,1.382784009,1.437800000,0.122900000,0.012200000
sample,forward_host,original,128,143,12,3876,1.374079943,1.448000000,0.082000000,0.011300000
sample,forward_host,ordered4,128,128,12,284,1.450976014,1.512100000,0.073200000,0.018700000
sample,forward_host,ordered4,128,129,12,257,1.457440019,1.518900000,0.081700000,0.019300000
sample,forward_host,ordered4,128,130,12,614,1.444064021,1.510400000,0.072300000,0.012600000
sample,forward_host,ordered4,128,131,12,878,1.476415992,1.546300000,0.097100000,0.028600000
sample,forward_host,ordered4,128,132,12,289,1.480224013,1.539500000,0.110800000,0.030800000
sample,forward_host,ordered4,128,133,12,19775,1.453760028,1.502000000,0.063100000,0.015100000
sample,forward_host,ordered4,128,134,12,656,1.446208000,1.507900000,0.052600000,0.010900000
sample,forward_host,ordered4,128,135,12,39599,1.451583982,1.500800000,0.057900000,0.013900000
sample,forward_host,ordered4,128,136,12,1122,1.453824043,1.504800000,0.061000000,0.013800000
sample,forward_host,ordered4,128,137,12,291,1.451071978,1.499900000,0.052800000,0.011000000
sample,forward_host,ordered4,128,138,12,37346,1.460576057,1.536000000,0.061400000,0.013200000
sample,forward_host,ordered4,128,139,12,764,1.468863964,1.535500000,0.079800000,0.019500000
sample,forward_host,ordered4,128,140,12,8074,1.474303961,1.540900000,0.114600000,0.023700000
sample,forward_host,ordered4,128,141,12,20272,1.469215989,1.523500000,0.086500000,0.015900000
sample,forward_host,ordered4,128,142,12,9106,1.459360003,1.578900000,0.082200000,0.011200000
sample,forward_host,ordered4,128,143,12,3876,1.494207978,1.568700000,0.109100000,0.029200000
sample,forward_host,ordered4,128,128,13,284,1.433408022,1.497600000,0.080300000,0.012200000
sample,forward_host,ordered4,128,129,13,257,1.459007978,1.528300000,0.084300000,0.019700000
sample,forward_host,ordered4,128,130,13,614,1.462368011,1.522000000,0.079200000,0.023600000
sample,forward_host,ordered4,128,131,13,878,1.441087961,1.501400000,0.058200000,0.011600000
sample,forward_host,ordered4,128,132,13,289,1.461503983,1.520900000,0.087200000,0.017300000
sample,forward_host,ordered4,128,133,13,19775,1.452960014,1.509400000,0.073300000,0.013900000
sample,forward_host,ordered4,128,134,13,656,1.463071942,1.520600000,0.104600000,0.016500000
sample,forward_host,ordered4,128,135,13,39599,1.458943963,1.517000000,0.079300000,0.020600000
sample,forward_host,ordered4,128,136,13,1122,1.449408054,1.504900000,0.064800000,0.013100000
sample,forward_host,ordered4,128,137,13,291,1.459743977,1.520600000,0.069100000,0.013700000
sample,forward_host,ordered4,128,138,13,37346,1.453184009,1.506900000,0.085200000,0.010800000
sample,forward_host,ordered4,128,139,13,764,1.455872059,1.514400000,0.086800000,0.014800000
sample,forward_host,ordered4,128,140,13,8074,1.471456051,1.533100000,0.081600000,0.019200000
sample,forward_host,ordered4,128,141,13,20272,1.455808043,1.516000000,0.082400000,0.011200000
sample,forward_host,ordered4,128,142,13,9106,1.458464026,1.513500000,0.063000000,0.011900000
sample,forward_host,ordered4,128,143,13,3876,1.464447975,1.521600000,0.065900000,0.015000000
sample,forward_host,original,128,128,13,284,1.369151950,1.423500000,0.070800000,0.014900000
sample,forward_host,original,128,129,13,257,1.369088054,1.423500000,0.061200000,0.010500000
sample,forward_host,original,128,130,13,614,1.366080046,1.422000000,0.058400000,0.010400000
sample,forward_host,original,128,131,13,878,1.376160026,1.459300000,0.071500000,0.017400000
sample,forward_host,original,128,132,13,289,1.407487988,1.486000000,0.098100000,0.022000000
sample,forward_host,original,128,133,13,19775,1.378527999,1.434600000,0.072100000,0.013200000
sample,forward_host,original,128,134,13,656,1.379744053,1.436000000,0.065800000,0.013500000
sample,forward_host,original,128,135,13,39599,1.366240025,1.414900000,0.081500000,0.010200000
sample,forward_host,original,128,136,13,1122,1.366655946,1.415400000,0.054200000,0.010600000
sample,forward_host,original,128,137,13,291,1.389343977,1.443200000,0.067700000,0.015700000
sample,forward_host,original,128,138,13,37346,1.377024055,1.426800000,0.060500000,0.012600000
sample,forward_host,original,128,139,13,764,1.382400036,1.431900000,0.065300000,0.012800000
sample,forward_host,original,128,140,13,8074,1.373631954,1.421300000,0.072100000,0.010500000
sample,forward_host,original,128,141,13,20272,1.377120018,1.424800000,0.053300000,0.010600000
sample,forward_host,original,128,142,13,9106,1.386080027,1.445000000,0.061500000,0.012300000
sample,forward_host,original,128,143,13,3876,1.385856032,1.433400000,0.070800000,0.013500000
sample,forward_host,original,128,128,14,284,1.372831941,1.427600000,0.081100000,0.017600000
sample,forward_host,original,128,129,14,257,1.388064027,1.442300000,0.100700000,0.022300000
sample,forward_host,original,128,130,14,614,1.378335953,1.429000000,0.065800000,0.014700000
sample,forward_host,original,128,131,14,878,1.366816044,1.415900000,0.080800000,0.012200000
sample,forward_host,original,128,132,14,289,1.381247997,1.432800000,0.067800000,0.017800000
sample,forward_host,original,128,133,14,19775,1.370368004,1.418500000,0.051300000,0.010700000
sample,forward_host,original,128,134,14,656,1.372032046,1.419800000,0.054200000,0.010600000
sample,forward_host,original,128,135,14,39599,1.367679954,1.428100000,0.071500000,0.010600000
sample,forward_host,original,128,136,14,1122,1.391872048,1.446600000,0.072000000,0.021100000
sample,forward_host,original,128,137,14,291,1.374528050,1.421900000,0.053900000,0.011200000
sample,forward_host,original,128,138,14,37346,1.374304056,1.421900000,0.091900000,0.010400000
sample,forward_host,original,128,139,14,764,1.372192025,1.419300000,0.068900000,0.010700000
sample,forward_host,original,128,140,14,8074,1.372831941,1.419900000,0.071900000,0.010300000
sample,forward_host,original,128,141,14,20272,1.377727985,1.424700000,0.071900000,0.010200000
sample,forward_host,original,128,142,14,9106,1.380031943,1.428300000,0.071600000,0.010900000
sample,forward_host,original,128,143,14,3876,1.384639978,1.437000000,0.064900000,0.016600000
sample,forward_host,ordered4,128,128,14,284,1.445952058,1.527600000,0.096200000,0.016000000
sample,forward_host,ordered4,128,129,14,257,1.475775957,1.547300000,0.085800000,0.025800000
sample,forward_host,ordered4,128,130,14,614,1.456447959,1.515800000,0.068800000,0.018000000
sample,forward_host,ordered4,128,131,14,878,1.461215973,1.518000000,0.080300000,0.018800000
sample,forward_host,ordered4,128,132,14,289,1.439648032,1.486100000,0.053600000,0.011500000
sample,forward_host,ordered4,128,133,14,19775,1.447520018,1.494000000,0.055900000,0.010700000
sample,forward_host,ordered4,128,134,14,656,1.456480026,1.507500000,0.061900000,0.014500000
sample,forward_host,ordered4,128,135,14,39599,1.447903991,1.493600000,0.063000000,0.013500000
sample,forward_host,ordered4,128,136,14,1122,1.444831967,1.490500000,0.070000000,0.010500000
sample,forward_host,ordered4,128,137,14,291,1.448384047,1.495000000,0.051900000,0.010800000
sample,forward_host,ordered4,128,138,14,37346,1.464287996,1.546200000,0.064000000,0.015500000
sample,forward_host,ordered4,128,139,14,764,1.476544023,1.544100000,0.089500000,0.024100000
sample,forward_host,ordered4,128,140,14,8074,1.461951971,1.519200000,0.068900000,0.015100000
sample,forward_host,ordered4,128,141,14,20272,1.459071994,1.512900000,0.088900000,0.012500000
sample,forward_host,ordered4,128,142,14,9106,1.457344055,1.514100000,0.076000000,0.010900000
sample,forward_host,ordered4,128,143,14,3876,1.515807986,1.627300000,0.143000000,0.024400000
sample,forward_host,ordered4,128,128,15,284,1.437247992,1.496300000,0.091500000,0.012400000
sample,forward_host,ordered4,128,129,15,257,1.493728042,1.564000000,0.149800000,0.038900000
sample,forward_host,ordered4,128,130,15,614,1.487295985,1.574700000,0.118200000,0.036500000
sample,forward_host,ordered4,128,131,15,878,1.468287945,1.545200000,0.087200000,0.027300000
sample,forward_host,ordered4,128,132,15,289,1.470271945,1.679400000,0.098000000,0.026700000
sample,forward_host,ordered4,128,133,15,19775,1.641471982,1.718000000,0.424100000,0.135200000
sample,forward_host,ordered4,128,134,15,656,1.455744028,1.510700000,0.072700000,0.013700000
sample,forward_host,ordered4,128,135,15,39599,1.446720004,1.503500000,0.061200000,0.010500000
sample,forward_host,ordered4,128,136,15,1122,1.479135990,1.538400000,0.099400000,0.030000000
sample,forward_host,ordered4,128,137,15,291,1.452800035,1.505600000,0.061300000,0.012400000
sample,forward_host,ordered4,128,138,15,37346,1.452991962,1.500300000,0.082000000,0.011000000
sample,forward_host,ordered4,128,139,15,764,1.471264005,1.531200000,0.079700000,0.021800000
sample,forward_host,ordered4,128,140,15,8074,1.454496026,1.541300000,0.061400000,0.011900000
sample,forward_host,ordered4,128,141,15,20272,1.472383976,1.534500000,0.073900000,0.019800000
sample,forward_host,ordered4,128,142,15,9106,1.472704053,1.533600000,0.075100000,0.018700000
sample,forward_host,ordered4,128,143,15,3876,1.468000054,1.527400000,0.075900000,0.016700000
sample,forward_host,original,128,128,15,284,1.386911988,1.453800000,0.095000000,0.026000000
sample,forward_host,original,128,129,15,257,1.373056054,1.430600000,0.070500000,0.014200000
sample,forward_host,original,128,130,15,614,1.381664038,1.439200000,0.072400000,0.014900000
sample,forward_host,original,128,131,15,878,1.385087967,1.444200000,0.090700000,0.020800000
sample,forward_host,original,128,132,15,289,1.380671978,1.434600000,0.071600000,0.019400000
sample,forward_host,original,128,133,15,19775,1.370239973,1.439000000,0.062000000,0.011100000
sample,forward_host,original,128,134,15,656,1.388576031,1.444600000,0.079600000,0.019000000
sample,forward_host,original,128,135,15,39599,1.367616057,1.421300000,0.083200000,0.010400000
sample,forward_host,original,128,136,15,1122,1.368543983,1.424900000,0.080100000,0.010400000
sample,forward_host,original,128,137,15,291,1.387743950,1.445800000,0.072800000,0.016500000
sample,forward_host,original,128,138,15,37346,1.382976055,1.442900000,0.061500000,0.010700000
sample,forward_host,original,128,139,15,764,1.376096010,1.429200000,0.059400000,0.010400000
sample,forward_host,original,128,140,15,8074,1.376384020,1.429300000,0.056900000,0.010300000
sample,forward_host,original,128,141,15,20272,1.379071951,1.435100000,0.077400000,0.011000000
sample,forward_host,original,128,142,15,9106,1.380831957,1.438100000,0.058000000,0.010800000
sample,forward_host,original,128,143,15,3876,1.371904016,1.420400000,0.077200000,0.010500000
sample,forward_host,original,512,512,0,837,1.616063952,1.721100000,0.061500000,0.010500000
sample,forward_host,original,512,513,0,290,1.642495990,1.702500000,0.111600000,0.026100000
sample,forward_host,original,512,514,0,460,1.694079995,1.752800000,0.147700000,0.060900000
sample,forward_host,original,512,515,0,307,1.639359951,1.694800000,0.081200000,0.018000000
sample,forward_host,original,512,516,0,12606,1.627328038,1.680900000,0.067700000,0.011100000
sample,forward_host,original,512,517,0,32455,1.625983953,1.677500000,0.063200000,0.010400000
sample,forward_host,original,512,518,0,837,1.646752000,1.697200000,0.076300000,0.018000000
sample,forward_host,original,512,519,0,3584,1.625695944,1.671700000,0.058600000,0.011100000
sample,forward_host,original,512,520,0,45456,1.626016021,1.671900000,0.055700000,0.010700000
sample,forward_host,original,512,521,0,389,1.638527989,1.689000000,0.063100000,0.015900000
sample,forward_host,original,512,522,0,7485,1.631327987,1.687800000,0.057900000,0.010600000
sample,forward_host,original,512,523,0,284,1.644544005,1.695300000,0.070600000,0.022300000
sample,forward_host,original,512,524,0,3051,1.632416010,1.680000000,0.057500000,0.011900000
sample,forward_host,original,512,525,0,287,1.635872006,1.683100000,0.053900000,0.011800000
sample,forward_host,original,512,526,0,262,1.642719984,1.694700000,0.060500000,0.013700000
sample,forward_host,original,512,527,0,4295,1.629472017,1.676500000,0.057400000,0.011400000
sample,forward_host,ordered4,512,512,0,837,1.928928018,1.986300000,0.082100000,0.022200000
sample,forward_host,ordered4,512,513,0,290,1.931360006,1.986600000,0.072800000,0.015800000
sample,forward_host,ordered4,512,514,0,460,1.925503969,1.983100000,0.065200000,0.010900000
sample,forward_host,ordered4,512,515,0,307,1.934559941,1.993400000,0.077600000,0.017300000
sample,forward_host,ordered4,512,516,0,12606,1.924736023,1.972200000,0.064200000,0.010800000
sample,forward_host,ordered4,512,517,0,32455,1.922656059,1.968400000,0.055200000,0.010700000
sample,forward_host,ordered4,512,518,0,837,1.924512029,1.970800000,0.052200000,0.010500000
sample,forward_host,ordered4,512,519,0,3584,1.931455970,1.999700000,0.064500000,0.014500000
sample,forward_host,ordered4,512,520,0,45456,1.953215957,2.030400000,0.092500000,0.026200000
sample,forward_host,ordered4,512,521,0,389,1.939360023,1.994200000,0.059500000,0.015300000
sample,forward_host,ordered4,512,522,0,7485,1.938240051,1.986900000,0.064500000,0.013600000
sample,forward_host,ordered4,512,523,0,284,1.946560025,2.006600000,0.076000000,0.019500000
sample,forward_host,ordered4,512,524,0,3051,1.936287999,1.995700000,0.066400000,0.012300000
sample,forward_host,ordered4,512,525,0,287,1.959455967,2.019900000,0.097000000,0.025400000
sample,forward_host,ordered4,512,526,0,262,1.942975998,2.002300000,0.070400000,0.014500000
sample,forward_host,ordered4,512,527,0,4295,1.947775960,2.040300000,0.077300000,0.017500000
sample,forward_host,ordered4,512,512,1,837,1.926975965,1.977500000,0.073800000,0.018500000
sample,forward_host,ordered4,512,513,1,290,1.918303967,1.967600000,0.061000000,0.010600000
sample,forward_host,ordered4,512,514,1,460,1.919711947,1.971400000,0.106100000,0.010700000
sample,forward_host,ordered4,512,515,1,307,1.917312026,1.994500000,0.060500000,0.012400000
sample,forward_host,ordered4,512,516,1,12606,1.934880018,1.986200000,0.069000000,0.020600000
sample,forward_host,ordered4,512,517,1,32455,1.925088048,1.978000000,0.059100000,0.012800000
sample,forward_host,ordered4,512,518,1,837,1.925439954,1.979100000,0.059200000,0.010700000
sample,forward_host,ordered4,512,519,1,3584,1.923903942,1.978100000,0.079600000,0.010500000
sample,forward_host,ordered4,512,520,1,45456,1.947903991,2.005700000,0.082700000,0.024300000
sample,forward_host,ordered4,512,521,1,389,1.954687953,2.014500000,0.090800000,0.027000000
sample,forward_host,ordered4,512,522,1,7485,1.933823943,1.983200000,0.062300000,0.010900000
sample,forward_host,ordered4,512,523,1,284,1.942111969,2.010600000,0.066900000,0.015100000
sample,forward_host,ordered4,512,524,1,3051,1.962303996,2.138200000,0.091400000,0.027400000
sample,forward_host,ordered4,512,525,1,287,2.217600107,2.347100000,0.591900000,0.175100000
sample,forward_host,ordered4,512,526,1,262,1.968768001,2.057200000,0.101800000,0.027900000
sample,forward_host,ordered4,512,527,1,4295,1.959903955,2.021500000,0.105300000,0.028200000
sample,forward_host,original,512,512,1,837,1.634783983,1.740300000,0.092200000,0.024300000
sample,forward_host,original,512,513,1,290,1.673535943,1.752300000,0.151500000,0.034100000
sample,forward_host,original,512,514,1,460,1.649888039,1.718100000,0.092400000,0.027400000
sample,forward_host,original,512,515,1,307,1.672191978,1.781700000,0.138500000,0.044300000
sample,forward_host,original,512,516,1,12606,1.660127997,1.783500000,0.119500000,0.034900000
sample,forward_host,original,512,517,1,32455,1.650751948,1.716200000,0.099300000,0.024200000
sample,forward_host,original,512,518,1,837,1.651903987,1.715000000,0.090800000,0.020200000
sample,forward_host,original,512,519,1,3584,1.625023961,1.677700000,0.065500000,0.011500000
sample,forward_host,original,512,520,1,45456,1.627104044,1.679100000,0.062200000,0.011700000
sample,forward_host,original,512,521,1,389,1.631103992,1.720000000,0.061800000,0.010500000
sample,forward_host,original,512,522,1,7485,1.665951967,1.746100000,0.105500000,0.024800000
sample,forward_host,original,512,523,1,284,1.655135989,1.723200000,0.095500000,0.021800000
sample,forward_host,original,512,524,1,3051,1.642528057,1.702000000,0.078200000,0.017300000
sample,forward_host,original,512,525,1,287,1.654432058,1.715800000,0.081400000,0.019400000
sample,forward_host,original,512,526,1,262,1.639935970,1.698000000,0.074800000,0.014200000
sample,forward_host,original,512,527,1,4295,1.664064050,1.737600000,0.118700000,0.033500000
sample,forward_host,original,512,512,2,837,1.631615996,1.692300000,0.073300000,0.018900000
sample,forward_host,original,512,513,2,290,1.633728027,1.686000000,0.084300000,0.017000000
sample,forward_host,original,512,514,2,460,1.628960013,1.676100000,0.063200000,0.012900000
sample,forward_host,original,512,515,2,307,1.633376002,1.685000000,0.069400000,0.017100000
sample,forward_host,original,512,516,2,12606,1.624032021,1.674900000,0.053400000,0.011000000
sample,forward_host,original,512,517,2,32455,1.630463958,1.679000000,0.054700000,0.010200000
sample,forward_host,original,512,518,2,837,1.630815983,1.675600000,0.054900000,0.010200000
sample,forward_host,original,512,519,2,3584,1.621984005,1.668100000,0.053900000,0.010600000
sample,forward_host,original,512,520,2,45456,1.627871990,1.713900000,0.053500000,0.010400000
sample,forward_host,original,512,521,2,389,1.646783948,1.804100000,0.071200000,0.019200000
sample,forward_host,original,512,522,2,7485,1.801887989,1.896500000,0.409900000,0.105500000
sample,forward_host,original,512,523,2,284,1.630624056,1.679200000,0.055000000,0.011400000
sample,forward_host,original,512,524,2,3051,1.644832015,1.702200000,0.067100000,0.016800000
sample,forward_host,original,512,525,2,287,1.635903955,1.688200000,0.060200000,0.010700000
sample,forward_host,original,512,526,2,262,1.632480025,1.684300000,0.055800000,0.010200000
sample,forward_host,original,512,527,2,4295,1.627616048,1.685100000,0.060900000,0.010500000
sample,forward_host,ordered4,512,512,2,837,1.932191968,1.988700000,0.082100000,0.023200000
sample,forward_host,ordered4,512,513,2,290,1.943904042,2.006300000,0.090700000,0.025600000
sample,forward_host,ordered4,512,514,2,460,1.939584017,2.001500000,0.091400000,0.023600000
sample,forward_host,ordered4,512,515,2,307,1.933599949,2.001600000,0.086100000,0.020200000
sample,forward_host,ordered4,512,516,2,12606,1.942368031,2.000300000,0.087800000,0.022000000
sample,forward_host,ordered4,512,517,2,32455,1.940224051,2.001500000,0.085900000,0.020800000
sample,forward_host,ordered4,512,518,2,837,1.948415995,2.043100000,0.090500000,0.025700000
sample,forward_host,ordered4,512,519,2,3584,1.944447994,2.027400000,0.118000000,0.025400000
sample,forward_host,ordered4,512,520,2,45456,1.954336047,2.014500000,0.111300000,0.025000000
sample,forward_host,ordered4,512,521,2,389,1.958016038,2.018700000,0.098700000,0.032100000
sample,forward_host,ordered4,512,522,2,7485,1.970144033,2.031800000,0.108400000,0.041900000
sample,forward_host,ordered4,512,523,2,284,1.952448010,2.011500000,0.097200000,0.025500000
sample,forward_host,ordered4,512,524,2,3051,1.948415995,2.007600000,0.088900000,0.022400000
sample,forward_host,ordered4,512,525,2,287,1.953215957,2.012600000,0.090600000,0.023500000
sample,forward_host,ordered4,512,526,2,262,1.953536034,2.030000000,0.087600000,0.021400000
sample,forward_host,ordered4,512,527,2,4295,1.961184025,2.043800000,0.097500000,0.027200000
sample,forward_host,ordered4,512,512,3,837,1.924000025,1.975200000,0.064500000,0.018200000
sample,forward_host,ordered4,512,513,3,290,1.917951941,1.967500000,0.052200000,0.011000000
sample,forward_host,ordered4,512,514,3,460,1.919648051,1.996800000,0.050700000,0.010600000
sample,forward_host,ordered4,512,515,3,307,1.955551982,2.037500000,0.102600000,0.028400000
sample,forward_host,ordered4,512,516,3,12606,1.930464029,2.000300000,0.087700000,0.016500000
sample,forward_host,ordered4,512,517,3,32455,1.939648032,2.004100000,0.082500000,0.019300000
sample,forward_host,ordered4,512,518,3,837,1.929888010,1.995500000,0.063700000,0.012000000
sample,forward_host,ordered4,512,519,3,3584,1.935199976,2.001600000,0.101800000,0.018200000
sample,forward_host,ordered4,512,520,3,45456,1.934335947,1.992900000,0.075000000,0.013100000
sample,forward_host,ordered4,512,521,3,389,1.934911966,1.991100000,0.064900000,0.011500000
sample,forward_host,ordered4,512,522,3,7485,1.932639956,2.007700000,0.060100000,0.011800000
sample,forward_host,ordered4,512,523,3,284,1.946239948,2.007400000,0.077800000,0.021600000
sample,forward_host,ordered4,512,524,3,3051,1.953888059,2.015800000,0.081600000,0.022100000
sample,forward_host,ordered4,512,525,3,287,1.941696048,1.994800000,0.068600000,0.013500000
sample,forward_host,ordered4,512,526,3,262,1.937247992,1.986900000,0.074800000,0.011400000
sample,forward_host,ordered4,512,527,3,4295,1.930879951,1.979900000,0.072400000,0.010700000
sample,forward_host,original,512,512,3,837,1.635872006,1.776000000,0.085000000,0.021300000
sample,forward_host,original,512,513,3,290,1.915040016,2.052600000,0.586600000,0.175300000
sample,forward_host,original,512,514,3,460,1.648159981,1.698900000,0.090000000,0.024700000
sample,forward_host,original,512,515,3,307,1.628895998,1.682000000,0.060300000,0.014900000
sample,forward_host,original,512,516,3,12606,1.644896030,1.700800000,0.081500000,0.028700000
sample,forward_host,original,512,517,3,32455,1.630911946,1.683300000,0.060300000,0.011100000
sample,forward_host,original,512,518,3,837,1.631647944,1.693000000,0.063300000,0.010500000
sample,forward_host,original,512,519,3,3584,1.623872042,1.687300000,0.061400000,0.011000000
sample,forward_host,original,512,520,3,45456,1.647647977,1.753300000,0.099700000,0.021500000
sample,forward_host,original,512,521,3,389,1.650912046,1.703500000,0.076500000,0.024000000
sample,forward_host,original,512,522,3,7485,1.632096052,1.678600000,0.054500000,0.010900000
sample,forward_host,original,512,523,3,284,1.630272031,1.675800000,0.054800000,0.010400000
sample,forward_host,original,512,524,3,3051,1.631072044,1.679400000,0.053600000,0.010300000
sample,forward_host,original,512,525,3,287,1.632223964,1.686000000,0.053000000,0.010300000
sample,forward_host,original,512,526,3,262,1.636863947,1.683400000,0.052500000,0.010300000
sample,forward_host,original,512,527,3,4295,1.634847999,1.682600000,0.059700000,0.013400000
sample,forward_host,original,512,512,4,837,1.637503982,1.718400000,0.097700000,0.024900000
sample,forward_host,original,512,513,4,290,1.645311952,1.707000000,0.098400000,0.025200000
sample,forward_host,original,512,514,4,460,1.639551997,1.697100000,0.091600000,0.020300000
sample,forward_host,original,512,515,4,307,1.638175964,1.697100000,0.086300000,0.021000000
sample,forward_host,original,512,516,4,12606,1.638751984,1.699600000,0.086400000,0.021700000
sample,forward_host,original,512,517,4,32455,1.648095965,1.706700000,0.096300000,0.024200000
sample,forward_host,original,512,518,4,837,1.649248004,1.707900000,0.087500000,0.022300000
sample,forward_host,original,512,519,4,3584,1.639135957,1.725900000,0.085600000,0.020700000
sample,forward_host,original,512,520,4,45456,1.655200005,1.718400000,0.097600000,0.032100000
sample,forward_host,original,512,521,4,389,1.654911995,1.713500000,0.094900000,0.029400000
sample,forward_host,original,512,522,4,7485,1.646783948,1.710100000,0.087000000,0.021100000
sample,forward_host,original,512,523,4,284,1.647104025,1.721000000,0.089900000,0.021800000
sample,forward_host,original,512,524,4,3051,1.657503963,1.707700000,0.101700000,0.030600000
sample,forward_host,original,512,525,4,287,1.654016018,1.712800000,0.095900000,0.024500000
sample,forward_host,original,512,526,4,262,1.651839972,1.748200000,0.085800000,0.020800000
sample,forward_host,original,512,527,4,4295,1.646880031,1.709300000,0.090000000,0.022700000
sample,forward_host,ordered4,512,512,4,837,1.914559960,1.970000000,0.062400000,0.011700000
sample,forward_host,ordered4,512,513,4,290,1.919520020,1.975500000,0.059800000,0.010700000
sample,forward_host,ordered4,512,514,4,460,1.930624008,1.982200000,0.069500000,0.016800000
sample,forward_host,ordered4,512,515,4,307,1.923616052,1.974000000,0.060700000,0.016300000
sample,forward_host,ordered4,512,516,4,12606,1.926911950,1.974700000,0.061000000,0.015800000
sample,forward_host,ordered4,512,517,4,32455,1.930240035,1.996900000,0.059100000,0.014000000
sample,forward_host,ordered4,512,518,4,837,1.950335979,2.013200000,0.088700000,0.022900000
sample,forward_host,ordered4,512,519,4,3584,1.937183976,1.992600000,0.066600000,0.015900000
sample,forward_host,ordered4,512,520,4,45456,1.922943950,1.973400000,0.074700000,0.011600000
sample,forward_host,ordered4,512,521,4,389,1.928928018,1.986800000,0.073200000,0.011000000
sample,forward_host,ordered4,512,522,4,7485,1.947327971,1.999300000,0.077200000,0.021200000
sample,forward_host,ordered4,512,523,4,284,1.928928018,1.979600000,0.074300000,0.011200000
sample,forward_host,ordered4,512,524,4,3051,1.943135977,1.994400000,0.065600000,0.018300000
sample,forward_host,ordered4,512,525,4,287,1.932479978,1.998000000,0.071300000,0.010800000
sample,forward_host,ordered4,512,526,4,262,1.950335979,2.033100000,0.067700000,0.016700000
sample,forward_host,ordered4,512,527,4,4295,2.104896069,2.207700000,0.420900000,0.107200000
sample,forward_host,ordered4,512,512,5,837,1.911936045,1.966400000,0.062800000,0.011000000
sample,forward_host,ordered4,512,513,5,290,1.919808030,2.002600000,0.060100000,0.010400000
sample,forward_host,ordered4,512,514,5,460,1.940703988,2.015000000,0.084700000,0.023800000
sample,forward_host,ordered4,512,515,5,307,1.918048024,1.971500000,0.055300000,0.011600000
sample,forward_host,ordered4,512,516,5,12606,1.921311975,1.970800000,0.070500000,0.011200000
sample,forward_host,ordered4,512,517,5,32455,1.923007965,1.972400000,0.069500000,0.010700000
sample,forward_host,ordered4,512,518,5,837,1.936607957,1.990900000,0.065800000,0.014800000
sample,forward_host,ordered4,512,519,5,3584,1.923616052,1.974400000,0.052600000,0.011200000
sample,forward_host,ordered4,512,520,5,45456,1.931424022,1.983000000,0.061200000,0.013600000
sample,forward_host,ordered4,512,521,5,389,1.927103996,1.996900000,0.072300000,0.011500000
sample,forward_host,ordered4,512,522,5,7485,1.959679961,2.035000000,0.095000000,0.024000000
sample,forward_host,ordered4,512,523,5,284,1.950368047,2.015700000,0.080200000,0.021200000
sample,forward_host,ordered4,512,524,5,3051,1.934911966,1.989800000,0.061000000,0.012900000
sample,forward_host,ordered4,512,525,5,287,1.933984041,1.995000000,0.088300000,0.011700000
sample,forward_host,ordered4,512,526,5,262,1.952095985,2.018100000,0.079300000,0.020800000
sample,forward_host,ordered4,512,527,5,4295,1.941823959,2.000300000,0.067700000,0.012700000
sample,forward_host,original,512,512,5,837,1.634016037,1.685700000,0.083500000,0.025400000
sample,forward_host,original,512,513,5,290,1.639520049,1.690500000,0.079700000,0.021400000
sample,forward_host,original,512,514,5,460,1.641855955,1.718100000,0.081600000,0.022500000
sample,forward_host,original,512,515,5,307,1.642176032,1.694100000,0.089500000,0.022300000
sample,forward_host,original,512,516,5,12606,1.644032001,1.694400000,0.083600000,0.025700000
sample,forward_host,original,512,517,5,32455,1.645568013,1.696200000,0.081400000,0.023800000
sample,forward_host,original,512,518,5,837,1.647295952,1.698500000,0.081000000,0.021600000
sample,forward_host,original,512,519,5,3584,1.641983986,1.753700000,0.084200000,0.025200000
sample,forward_host,original,512,520,5,45456,1.641440034,1.705500000,0.082900000,0.024500000
sample,forward_host,original,512,521,5,389,1.721343994,1.774100000,0.418000000,0.042200000
sample,forward_host,original,512,522,5,7485,1.646271944,1.699600000,0.078200000,0.023500000
sample,forward_host,original,512,523,5,284,1.647071958,1.701500000,0.083500000,0.022500000
sample,forward_host,original,512,524,5,3051,1.647680044,1.706400000,0.085300000,0.020300000
sample,forward_host,original,512,525,5,287,1.652511954,1.713100000,0.088500000,0.023700000
sample,forward_host,original,512,526,5,262,1.657024026,1.716300000,0.090800000,0.025100000
sample,forward_host,original,512,527,5,4295,1.646944046,1.705400000,0.089500000,0.024700000
sample,forward_host,original,512,512,6,837,1.630911946,1.692000000,0.084800000,0.020800000
sample,forward_host,original,512,513,6,290,1.644448042,1.698200000,0.091400000,0.025100000
sample,forward_host,original,512,514,6,460,1.640864015,1.693400000,0.080800000,0.021100000
sample,forward_host,original,512,515,6,307,1.641600013,1.694800000,0.084500000,0.025200000
sample,forward_host,original,512,516,6,12606,1.645120025,1.698700000,0.084300000,0.024700000
sample,forward_host,original,512,517,6,32455,1.647199988,1.699500000,0.090800000,0.025900000
sample,forward_host,original,512,518,6,837,1.644448042,1.695100000,0.079600000,0.020900000
sample,forward_host,original,512,519,6,3584,1.639935970,1.716700000,0.080500000,0.021200000
sample,forward_host,original,512,520,6,45456,1.648704052,1.713300000,0.094000000,0.026700000
sample,forward_host,original,512,521,6,389,1.648255944,1.714000000,0.090400000,0.022600000
sample,forward_host,original,512,522,6,7485,1.654528022,1.729900000,0.092800000,0.022800000
sample,forward_host,original,512,523,6,284,1.666079998,1.725000000,0.118300000,0.040000000
sample,forward_host,original,512,524,6,3051,1.646975994,1.705500000,0.086500000,0.021900000
sample,forward_host,original,512,525,6,287,1.650400043,1.710000000,0.085500000,0.021100000
sample,forward_host,original,512,526,6,262,1.651424050,1.710000000,0.085200000,0.020700000
sample,forward_host,original,512,527,6,4295,1.644127965,1.703800000,0.085900000,0.021500000
sample,forward_host,ordered4,512,512,6,837,1.934175968,1.987100000,0.083700000,0.024900000
sample,forward_host,ordered4,512,513,6,290,1.939327955,1.990900000,0.081900000,0.023400000
sample,forward_host,ordered4,512,514,6,460,1.942975998,1.996400000,0.084400000,0.024900000
sample,forward_host,ordered4,512,515,6,307,1.944767952,2.000200000,0.090600000,0.027200000
sample,forward_host,ordered4,512,516,6,12606,1.943776011,2.048100000,0.087800000,0.025700000
sample,forward_host,ordered4,512,517,6,32455,1.944671988,2.265500000,0.083900000,0.021700000
sample,forward_host,ordered4,512,518,6,837,2.168256044,2.268400000,0.499200000,0.176700000
sample,forward_host,ordered4,512,519,6,3584,1.941023946,1.994900000,0.079100000,0.021900000
sample,forward_host,ordered4,512,520,6,45456,1.947968006,2.000900000,0.085700000,0.021400000
sample,forward_host,ordered4,512,521,6,389,1.946336031,2.007000000,0.080500000,0.021900000
sample,forward_host,ordered4,512,522,6,7485,1.951040030,2.011700000,0.094300000,0.024200000
sample,forward_host,ordered4,512,523,6,284,1.949408054,2.007500000,0.090100000,0.025100000
sample,forward_host,ordered4,512,524,6,3051,1.945215940,2.005100000,0.085100000,0.021100000
sample,forward_host,ordered4,512,525,6,287,1.956511974,2.011900000,0.096100000,0.024800000
sample,forward_host,ordered4,512,526,6,262,1.950847983,2.002900000,0.079400000,0.021400000
sample,forward_host,ordered4,512,527,6,4295,1.952927947,2.010700000,0.081600000,0.021800000
sample,forward_host,ordered4,512,512,7,837,1.922880054,1.986000000,0.071500000,0.014300000
sample,forward_host,ordered4,512,513,7,290,1.939967990,2.007300000,0.089800000,0.019000000
sample,forward_host,ordered4,512,514,7,460,1.925279975,1.979800000,0.064800000,0.011300000
sample,forward_host,ordered4,512,515,7,307,1.942816019,2.002000000,0.096900000,0.021700000
sample,forward_host,ordered4,512,516,7,12606,1.929344058,1.981500000,0.069500000,0.014300000
sample,forward_host,ordered4,512,517,7,32455,1.926175952,1.997600000,0.060900000,0.010900000
sample,forward_host,ordered4,512,518,7,837,1.962015986,2.023400000,0.105000000,0.036400000
sample,forward_host,ordered4,512,519,7,3584,1.939072013,2.001300000,0.076500000,0.018200000
sample,forward_host,ordered4,512,520,7,45456,1.936671972,1.992500000,0.072200000,0.014100000
sample,forward_host,ordered4,512,521,7,389,1.931328058,1.994400000,0.061800000,0.011300000
sample,forward_host,ordered4,512,522,7,7485,1.956223965,2.013200000,0.096200000,0.025100000
sample,forward_host,ordered4,512,523,7,284,1.938591957,1.992300000,0.070300000,0.014900000
sample,forward_host,ordered4,512,524,7,3051,1.933439970,1.998300000,0.060700000,0.011000000
sample,forward_host,ordered4,512,525,7,287,1.942816019,2.001200000,0.068600000,0.015300000
sample,forward_host,ordered4,512,526,7,262,1.950495958,2.007800000,0.077500000,0.017000000
sample,forward_host,ordered4,512,527,7,4295,1.935840011,1.995400000,0.062300000,0.011400000
sample,forward_host,original,512,512,7,837,1.618239999,1.673300000,0.064400000,0.011200000
sample,forward_host,original,512,513,7,290,1.622784019,1.679300000,0.059000000,0.010700000
sample,forward_host,original,512,514,7,460,1.639551997,1.698300000,0.084300000,0.017400000
sample,forward_host,original,512,515,7,307,1.621536016,1.698000000,0.084900000,0.011300000
sample,forward_host,original,512,516,7,12606,1.639935970,1.705500000,0.076900000,0.021600000
sample,forward_host,original,512,517,7,32455,1.630303979,1.687400000,0.064900000,0.010800000
sample,forward_host,original,512,518,7,837,1.630303979,1.684000000,0.061300000,0.011400000
sample,forward_host,original,512,519,7,3584,1.626176000,1.685900000,0.056100000,0.010900000
sample,forward_host,original,512,520,7,45456,1.636672020,1.689500000,0.065600000,0.016300000
sample,forward_host,original,512,521,7,389,1.627871990,1.677500000,0.056800000,0.010900000
sample,forward_host,original,512,522,7,7485,1.629376054,1.681300000,0.073600000,0.010400000
sample,forward_host,original,512,523,7,284,1.627871990,1.678600000,0.058400000,0.011900000
sample,forward_host,original,512,524,7,3051,1.629152060,1.702900000,0.051400000,0.010400000
sample,forward_host,original,512,525,7,287,1.639935970,1.698300000,0.074300000,0.017100000
sample,forward_host,original,512,526,7,262,1.651072025,1.708500000,0.084700000,0.018300000
sample,forward_host,original,512,527,7,4295,1.634783983,1.689600000,0.076300000,0.014800000
sample,forward_host,original,512,512,8,837,1.641376019,1.700900000,0.091600000,0.025600000
sample,forward_host,original,512,513,8,290,1.629439950,1.683000000,0.074900000,0.014700000
sample,forward_host,original,512,514,8,460,1.626623988,1.703400000,0.067600000,0.010700000
sample,forward_host,original,512,515,8,307,1.647840023,1.708400000,0.085200000,0.028000000
sample,forward_host,original,512,516,8,12606,1.626495957,1.681500000,0.067600000,0.012800000
sample,forward_host,original,512,517,8,32455,1.626080036,1.680100000,0.065600000,0.010400000
sample,forward_host,original,512,518,8,837,1.629055977,1.708000000,0.058900000,0.011000000
sample,forward_host,original,512,519,8,3584,1.621760011,1.671500000,0.052300000,0.010600000
sample,forward_host,original,512,520,8,45456,1.635615945,1.685800000,0.066300000,0.016800000
sample,forward_host,original,512,521,8,389,1.626335979,1.672900000,0.052200000,0.010700000
sample,forward_host,original,512,522,8,7485,1.629472017,1.676100000,0.051600000,0.010700000
sample,forward_host,original,512,523,8,284,1.627007961,1.674500000,0.053200000,0.010700000
sample,forward_host,original,512,524,8,3051,1.627231956,1.691600000,0.070600000,0.010600000
sample,forward_host,original,512,525,8,287,1.652832031,1.751000000,0.077100000,0.023800000
sample,forward_host,original,512,526,8,262,1.655104041,1.723000000,0.086500000,0.022800000
sample,forward_host,original,512,527,8,4295,1.670815945,1.737000000,0.123100000,0.036300000
sample,forward_host,ordered4,512,512,8,837,1.928768039,1.987100000,0.087400000,0.021800000
sample,forward_host,ordered4,512,513,8,290,1.937855959,2.021100000,0.087400000,0.022000000
sample,forward_host,ordered4,512,514,8,460,1.957440019,2.019400000,0.108500000,0.034400000
sample,forward_host,ordered4,512,515,8,307,1.941184044,1.997100000,0.088800000,0.024500000
sample,forward_host,ordered4,512,516,8,12606,1.946943998,2.011700000,0.096900000,0.029300000
sample,forward_host,ordered4,512,517,8,32455,1.949856043,2.005000000,0.095100000,0.028100000
sample,forward_host,ordered4,512,518,8,837,1.951519966,2.012600000,0.093800000,0.026100000
sample,forward_host,ordered4,512,519,8,3584,1.941056013,1.993500000,0.080200000,0.021500000
sample,forward_host,ordered4,512,520,8,45456,1.943743944,1.996600000,0.081300000,0.022400000
sample,forward_host,ordered4,512,521,8,389,1.945376039,2.013100000,0.080700000,0.021400000
sample,forward_host,ordered4,512,522,8,7485,1.959552050,2.004400000,0.089300000,0.029700000
sample,forward_host,ordered4,512,523,8,284,1.947487950,2.000700000,0.080300000,0.021300000
sample,forward_host,ordered4,512,524,8,3051,1.949056029,2.001500000,0.081800000,0.022400000
sample,forward_host,ordered4,512,525,8,287,1.949632049,2.002600000,0.080600000,0.021800000
sample,forward_host,ordered4,512,526,8,262,1.952352047,2.005900000,0.082400000,0.022400000
sample,forward_host,ordered4,512,527,8,4295,1.950623989,2.002600000,0.080000000,0.021700000
sample,forward_host,ordered4,512,512,9,837,1.932543993,1.986300000,0.082800000,0.022400000
sample,forward_host,ordered4,512,513,9,290,1.936768055,1.989500000,0.083100000,0.022000000
sample,forward_host,ordered4,512,514,9,460,1.939072013,1.992200000,0.081800000,0.021800000
sample,forward_host,ordered4,512,515,9,307,1.939072013,1.993100000,0.082800000,0.022400000
sample,forward_host,ordered4,512,516,9,12606,1.943168044,1.996700000,0.091400000,0.024900000
sample,forward_host,ordered4,512,517,9,32455,1.941535950,2.010800000,0.082200000,0.022200000
sample,forward_host,ordered4,512,518,9,837,1.951616049,2.011500000,0.088200000,0.028700000
sample,forward_host,ordered4,512,519,9,3584,1.930112004,1.987300000,0.067300000,0.013900000
sample,forward_host,ordered4,512,520,9,45456,1.923264027,1.975000000,0.079700000,0.011400000
sample,forward_host,ordered4,512,521,9,389,1.928192019,1.983300000,0.072800000,0.011000000
sample,forward_host,ordered4,512,522,9,7485,1.947615981,2.009900000,0.075900000,0.019200000
sample,forward_host,ordered4,512,523,9,284,1.930143952,1.987400000,0.060100000,0.011900000
sample,forward_host,ordered4,512,524,9,3051,1.928159952,1.985200000,0.084200000,0.011800000
sample,forward_host,ordered4,512,525,9,287,1.937088013,2.017700000,0.061100000,0.012400000
sample,forward_host,ordered4,512,526,9,262,1.968479991,2.045800000,0.102800000,0.027900000
sample,forward_host,ordered4,512,527,9,4295,1.952864051,2.018100000,0.083500000,0.020400000
sample,forward_host,original,512,512,9,837,1.617215991,1.677700000,0.071100000,0.011100000
sample,forward_host,original,512,513,9,290,1.651487947,1.717500000,0.076200000,0.011100000
sample,forward_host,original,512,514,9,460,1.623167992,1.678000000,0.056200000,0.010200000
sample,forward_host,original,512,515,9,307,1.620319963,1.691200000,0.080600000,0.010400000
sample,forward_host,original,512,516,9,12606,1.644191980,1.704300000,0.077000000,0.020500000
sample,forward_host,original,512,517,9,32455,1.632256031,1.714600000,0.061700000,0.010700000
sample,forward_host,original,512,518,9,837,1.627552032,1.671800000,0.059600000,0.010600000
sample,forward_host,original,512,519,9,3584,1.639808059,1.690700000,0.079100000,0.015300000
sample,forward_host,original,512,520,9,45456,1.622879982,1.671100000,0.052400000,0.010800000
sample,forward_host,original,512,521,9,389,1.629408002,1.675200000,0.055400000,0.010400000
sample,forward_host,original,512,522,9,7485,1.628960013,1.674900000,0.051000000,0.010400000
sample,forward_host,original,512,523,9,284,1.632704020,1.680300000,0.059700000,0.012500000
sample,forward_host,original,512,524,9,3051,1.634080052,1.698300000,0.059800000,0.015600000
sample,forward_host,original,512,525,9,287,1.662688017,1.843900000,0.090400000,0.025200000
sample,forward_host,original,512,526,9,262,1.854848027,1.985600000,0.458300000,0.115800000
sample,forward_host,original,512,527,9,4295,1.638975978,1.689900000,0.069900000,0.020000000
sample,forward_host,original,512,512,10,837,1.619776011,1.674600000,0.067500000,0.012200000
sample,forward_host,original,512,513,10,290,1.620864034,1.675600000,0.079400000,0.010400000
sample,forward_host,original,512,514,10,460,1.633568048,1.723400000,0.068700000,0.013800000
sample,forward_host,original,512,515,10,307,1.637727976,1.715300000,0.082900000,0.020200000
sample,forward_host,original,512,516,10,12606,1.627392054,1.685500000,0.091900000,0.013200000
sample,forward_host,original,512,517,10,32455,1.629760027,1.676000000,0.081800000,0.012400000
sample,forward_host,original,512,518,10,837,1.625280023,1.674100000,0.052300000,0.010600000
sample,forward_host,original,512,519,10,3584,1.627071977,1.682700000,0.058500000,0.012000000
sample,forward_host,original,512,520,10,45456,1.649119973,1.710000000,0.086200000,0.022800000
sample,forward_host,original,512,521,10,389,1.641343951,1.701400000,0.071600000,0.019400000
sample,forward_host,original,512,522,10,7485,1.633504033,1.687800000,0.059700000,0.011800000
sample,forward_host,original,512,523,10,284,1.627264023,1.701100000,0.077100000,0.010900000
sample,forward_host,original,512,524,10,3051,1.653120041,1.736200000,0.091200000,0.022600000
sample,forward_host,original,512,525,10,287,1.649503946,1.714300000,0.078700000,0.017900000
sample,forward_host,original,512,526,10,262,1.637920022,1.686100000,0.096000000,0.013600000
sample,forward_host,original,512,527,10,4295,1.629663944,1.686600000,0.065800000,0.013300000
sample,forward_host,ordered4,512,512,10,837,1.912608027,1.961100000,0.057900000,0.010800000
sample,forward_host,ordered4,512,513,10,290,1.920480013,1.980500000,0.074100000,0.010900000
sample,forward_host,ordered4,512,514,10,460,1.941535950,1.996000000,0.073400000,0.024200000
sample,forward_host,ordered4,512,515,10,307,1.933536053,1.992300000,0.084500000,0.016900000
sample,forward_host,ordered4,512,516,10,12606,1.923743963,1.998300000,0.060500000,0.011400000
sample,forward_host,ordered4,512,517,10,32455,1.936992049,1.997000000,0.091600000,0.021200000
sample,forward_host,ordered4,512,518,10,837,1.939231992,1.997800000,0.072300000,0.018700000
sample,forward_host,ordered4,512,519,10,3584,1.927551985,1.982900000,0.060100000,0.011400000
sample,forward_host,ordered4,512,520,10,45456,1.944447994,1.997700000,0.073400000,0.019100000
sample,forward_host,ordered4,512,521,10,389,1.968960047,2.112800000,0.098700000,0.015500000
sample,forward_host,ordered4,512,522,10,7485,2.144543886,2.222800000,0.504100000,0.145300000
sample,forward_host,ordered4,512,523,10,284,1.953984022,1.998200000,0.090300000,0.022800000
sample,forward_host,ordered4,512,524,10,3051,1.947615981,1.992500000,0.083400000,0.020800000
sample,forward_host,ordered4,512,525,10,287,1.943071961,1.988300000,0.076200000,0.016900000
sample,forward_host,ordered4,512,526,10,262,1.947520018,1.992300000,0.079500000,0.017600000
sample,forward_host,ordered4,512,527,10,4295,1.944640040,1.992000000,0.077200000,0.017100000
sample,forward_host,ordered4,512,512,11,837,1.934048057,1.992300000,0.073400000,0.023400000
sample,forward_host,ordered4,512,513,11,290,1.958528042,2.020100000,0.103100000,0.020300000
sample,forward_host,ordered4,512,514,11,460,1.923167944,1.986500000,0.060000000,0.011300000
sample,forward_host,ordered4,512,515,11,307,1.945536017,2.007800000,0.087300000,0.027700000
sample,forward_host,ordered4,512,516,11,12606,1.928480029,2.028700000,0.072000000,0.015100000
sample,forward_host,ordered4,512,517,11,32455,1.923743963,1.991900000,0.062500000,0.011300000
sample,forward_host,ordered4,512,518,11,837,1.929056048,1.985400000,0.091800000,0.013600000
sample,forward_host,ordered4,512,519,11,3584,1.921375990,1.996900000,0.082600000,0.011000000
sample,forward_host,ordered4,512,520,11,45456,1.942463994,2.013900000,0.076100000,0.021000000
sample,forward_host,ordered4,512,521,11,389,1.982143998,2.047500000,0.123900000,0.031400000
sample,forward_host,ordered4,512,522,11,7485,1.945024014,2.013600000,0.079700000,0.019000000
sample,forward_host,ordered4,512,523,11,284,1.937504053,1.996500000,0.065200000,0.013900000
sample,forward_host,ordered4,512,524,11,3051,1.932415962,2.003400000,0.083900000,0.012700000
sample,forward_host,ordered4,512,525,11,287,1.932479978,1.981000000,0.052200000,0.011100000
sample,forward_host,ordered4,512,526,11,262,1.946143985,2.005400000,0.064600000,0.014900000
sample,forward_host,ordered4,512,527,11,4295,1.934656024,2.024300000,0.057200000,0.011300000
sample,forward_host,original,512,512,11,837,1.614943981,1.669300000,0.057700000,0.011300000
sample,forward_host,original,512,513,11,290,1.622079968,1.677500000,0.058200000,0.010900000
sample,forward_host,original,512,514,11,460,1.632032037,1.688400000,0.073600000,0.013800000
sample,forward_host,original,512,515,11,307,1.650496006,1.711900000,0.094100000,0.027900000
sample,forward_host,original,512,516,11,12606,1.626592040,1.680500000,0.064500000,0.011500000
sample,forward_host,original,512,517,11,32455,1.625792027,1.678800000,0.058500000,0.010300000
sample,forward_host,original,512,518,11,837,1.629984021,1.695800000,0.083900000,0.011200000
sample,forward_host,original,512,519,11,3584,1.645151973,1.710500000,0.079600000,0.022400000
sample,forward_host,original,512,520,11,45456,1.644575953,1.704700000,0.079600000,0.021300000
sample,forward_host,original,512,521,11,389,1.628095984,1.683500000,0.082600000,0.010600000
sample,forward_host,original,512,522,11,7485,1.648671985,1.704100000,0.077100000,0.010800000
sample,forward_host,original,512,523,11,284,1.640447974,1.696300000,0.073600000,0.017500000
sample,forward_host,original,512,524,11,3051,1.631968021,1.685300000,0.081600000,0.011000000
sample,forward_host,original,512,525,11,287,1.632895947,1.683400000,0.082400000,0.010100000
sample,forward_host,original,512,526,11,262,1.646911979,1.697700000,0.068200000,0.018100000
sample,forward_host,original,512,527,11,4295,1.625151992,1.697100000,0.053500000,0.010500000
sample,forward_host,original,512,512,12,837,1.649824023,1.717400000,0.100200000,0.029000000
sample,forward_host,original,512,513,12,290,1.624191999,1.678500000,0.063700000,0.011500000
sample,forward_host,original,512,514,12,460,1.639071941,1.703200000,0.078500000,0.014400000
sample,forward_host,original,512,515,12,307,1.629055977,1.686700000,0.073500000,0.013900000
sample,forward_host,original,512,516,12,12606,1.623711944,1.677700000,0.067400000,0.012500000
sample,forward_host,original,512,517,12,32455,1.635712028,1.741000000,0.067900000,0.013200000
sample,forward_host,original,512,518,12,837,1.643360019,1.705200000,0.070100000,0.015100000
sample,forward_host,original,512,519,12,3584,1.641535997,1.691400000,0.082800000,0.019700000
sample,forward_host,original,512,520,12,45456,1.649503946,1.715400000,0.094400000,0.024900000
sample,forward_host,original,512,521,12,389,1.644287944,1.699500000,0.081700000,0.015900000
sample,forward_host,original,512,522,12,7485,1.640352011,1.689600000,0.064200000,0.015400000
sample,forward_host,original,512,523,12,284,1.637408018,1.688500000,0.064700000,0.014700000
sample,forward_host,original,512,524,12,3051,1.628991961,1.677400000,0.073700000,0.011300000
sample,forward_host,original,512,525,12,287,1.640511990,1.690100000,0.062100000,0.013500000
sample,forward_host,original,512,526,12,262,1.632096052,1.680000000,0.072700000,0.010800000
sample,forward_host,original,512,527,12,4295,1.624447942,1.684900000,0.051900000,0.010700000
sample,forward_host,ordered4,512,512,12,837,1.938207984,1.997100000,0.094200000,0.026500000
sample,forward_host,ordered4,512,513,12,290,1.918944001,1.973900000,0.064400000,0.011100000
sample,forward_host,ordered4,512,514,12,460,1.920928001,1.975500000,0.082600000,0.010900000
sample,forward_host,ordered4,512,515,12,307,1.933344007,1.988700000,0.074200000,0.019800000
sample,forward_host,ordered4,512,516,12,12606,1.919679999,1.987500000,0.058600000,0.010700000
sample,forward_host,ordered4,512,517,12,32455,1.949151993,2.011900000,0.080800000,0.023100000
sample,forward_host,ordered4,512,518,12,837,1.926815987,1.984100000,0.059200000,0.011400000
sample,forward_host,ordered4,512,519,12,3584,1.936352015,1.994400000,0.072200000,0.015900000
sample,forward_host,ordered4,512,520,12,45456,1.922431946,1.979200000,0.083200000,0.011400000
sample,forward_host,ordered4,512,521,12,389,1.942656040,2.000100000,0.071400000,0.014900000
sample,forward_host,ordered4,512,522,12,7485,1.930400014,1.990800000,0.077100000,0.010500000
sample,forward_host,ordered4,512,523,12,284,1.937952042,1.994200000,0.065700000,0.012500000
sample,forward_host,ordered4,512,524,12,3051,1.928928018,1.995400000,0.078100000,0.011000000
sample,forward_host,ordered4,512,525,12,287,1.951295972,2.006300000,0.077700000,0.022000000
sample,forward_host,ordered4,512,526,12,262,1.935520053,1.984600000,0.054400000,0.011300000
sample,forward_host,ordered4,512,527,12,4295,1.944224000,1.995800000,0.064400000,0.015300000
sample,forward_host,ordered4,512,512,13,837,1.913759947,2.060700000,0.062700000,0.011400000
sample,forward_host,ordered4,512,513,13,290,1.942720056,2.003800000,0.082400000,0.022100000
sample,forward_host,ordered4,512,514,13,460,1.922752023,1.976700000,0.062600000,0.011100000
sample,forward_host,ordered4,512,515,13,307,1.916288018,1.971100000,0.059200000,0.010800000
sample,forward_host,ordered4,512,516,13,12606,1.920223951,1.975000000,0.083300000,0.010900000
sample,forward_host,ordered4,512,517,13,32455,1.927168012,1.984700000,0.065100000,0.013100000
sample,forward_host,ordered4,512,518,13,837,1.942495942,1.994600000,0.094300000,0.017700000
sample,forward_host,ordered4,512,519,13,3584,1.929407954,1.979300000,0.062300000,0.014500000
sample,forward_host,ordered4,512,520,13,45456,1.923424006,1.984200000,0.073600000,0.010800000
sample,forward_host,ordered4,512,521,13,389,1.947103977,2.001400000,0.071400000,0.021100000
sample,forward_host,ordered4,512,522,13,7485,1.930112004,1.979000000,0.054500000,0.011200000
sample,forward_host,ordered4,512,523,13,284,1.948735952,1.999300000,0.086800000,0.021200000
sample,forward_host,ordered4,512,524,13,3051,1.938048005,1.988600000,0.063100000,0.014700000
sample,forward_host,ordered4,512,525,13,287,1.931391954,1.980300000,0.053000000,0.011100000
sample,forward_host,ordered4,512,526,13,262,1.943935990,1.995900000,0.062500000,0.014600000
sample,forward_host,ordered4,512,527,13,4295,1.933632016,1.986500000,0.052700000,0.011100000
sample,forward_host,original,512,512,13,837,1.631839991,1.706400000,0.078000000,0.018200000
sample,forward_host,original,512,513,13,290,1.619840026,1.668600000,0.055400000,0.011100000
sample,forward_host,original,512,514,13,460,1.622336030,1.670500000,0.053900000,0.010700000
sample,forward_host,original,512,515,13,307,1.619743943,1.668200000,0.053000000,0.010700000
sample,forward_host,original,512,516,13,12606,1.634879947,1.686700000,0.065700000,0.015800000
sample,forward_host,original,512,517,13,32455,1.632192016,1.681500000,0.061500000,0.013600000
sample,forward_host,original,512,518,13,837,1.626816034,1.688500000,0.074100000,0.010900000
sample,forward_host,original,512,519,13,3584,1.641567945,1.687000000,0.071900000,0.022400000
sample,forward_host,original,512,520,13,45456,1.623936057,1.672500000,0.053700000,0.011900000
sample,forward_host,original,512,521,13,389,1.627040029,1.674800000,0.051700000,0.010900000
sample,forward_host,original,512,522,13,7485,1.628415942,1.676600000,0.072600000,0.010800000
sample,forward_host,original,512,523,13,284,1.624608040,1.672900000,0.072100000,0.010400000
sample,forward_host,original,512,524,13,3051,1.649824023,1.698700000,0.087600000,0.018400000
sample,forward_host,original,512,525,13,287,1.639456034,1.689000000,0.059300000,0.013800000
sample,forward_host,original,512,526,13,262,1.632096052,1.680900000,0.072600000,0.010700000
sample,forward_host,original,512,527,13,4295,1.636512041,1.687500000,0.063400000,0.014600000
sample,forward_host,original,512,512,14,837,1.614976048,1.670100000,0.059900000,0.010800000
sample,forward_host,original,512,513,14,290,1.635424018,1.692900000,0.072500000,0.017100000
sample,forward_host,original,512,514,14,460,1.631327987,1.718000000,0.068400000,0.011000000
sample,forward_host,original,512,515,14,307,1.635743976,1.694700000,0.079900000,0.017400000
sample,forward_host,original,512,516,14,12606,1.624160051,1.678600000,0.062000000,0.011100000
sample,forward_host,original,512,517,14,32455,1.624320030,1.679600000,0.067500000,0.010500000
sample,forward_host,original,512,518,14,837,1.642591953,1.711300000,0.076100000,0.019800000
sample,forward_host,original,512,519,14,3584,1.638272047,1.696600000,0.078200000,0.023800000
sample,forward_host,original,512,520,14,45456,1.638335943,1.691100000,0.075700000,0.015800000
sample,forward_host,original,512,521,14,389,1.626304030,1.674700000,0.052900000,0.010800000
sample,forward_host,original,512,522,14,7485,1.628512025,1.676300000,0.072300000,0.010300000
sample,forward_host,original,512,523,14,284,1.626688004,1.674700000,0.054400000,0.010300000
sample,forward_host,original,512,524,14,3051,1.626976013,1.674900000,0.072600000,0.010200000
sample,forward_host,original,512,525,14,287,1.633056045,1.684000000,0.053700000,0.011400000
sample,forward_host,original,512,526,14,262,1.654559970,1.707100000,0.094100000,0.021400000
sample,forward_host,original,512,527,14,4295,1.637920022,1.723200000,0.072500000,0.017800000
sample,forward_host,ordered4,512,512,14,837,1.921247959,1.976000000,0.076300000,0.011400000
sample,forward_host,ordered4,512,513,14,290,1.933887959,1.989900000,0.084600000,0.017300000
sample,forward_host,ordered4,512,514,14,460,1.923424006,1.986000000,0.067200000,0.011600000
sample,forward_host,ordered4,512,515,14,307,1.918431997,1.968300000,0.118100000,0.010900000
sample,forward_host,ordered4,512,516,14,12606,1.931391954,2.010000000,0.067700000,0.017200000
sample,forward_host,ordered4,512,517,14,32455,1.941215992,2.007200000,0.064900000,0.024200000
sample,forward_host,ordered4,512,518,14,837,1.944864035,2.004000000,0.081200000,0.017500000
sample,forward_host,ordered4,512,519,14,3584,1.927199960,1.981900000,0.062700000,0.013300000
sample,forward_host,ordered4,512,520,14,45456,1.923648000,1.982900000,0.057200000,0.010700000
sample,forward_host,ordered4,512,521,14,389,1.953855991,2.015800000,0.083700000,0.023000000
sample,forward_host,ordered4,512,522,14,7485,1.933536053,1.988800000,0.061100000,0.011500000
sample,forward_host,ordered4,512,523,14,284,1.928096056,1.985600000,0.060100000,0.010700000
sample,forward_host,ordered4,512,524,14,3051,1.950176001,2.023200000,0.082000000,0.018200000
sample,forward_host,ordered4,512,525,14,287,1.977471948,2.049000000,0.138800000,0.026900000
sample,forward_host,ordered4,512,526,14,262,1.937824011,1.994600000,0.068300000,0.012500000
sample,forward_host,ordered4,512,527,14,4295,1.946815968,2.008000000,0.082300000,0.018900000
sample,forward_host,ordered4,512,512,15,837,1.912799954,1.974000000,0.055800000,0.011100000
sample,forward_host,ordered4,512,513,15,290,1.941727996,1.994400000,0.080900000,0.024600000
sample,forward_host,ordered4,512,514,15,460,1.925279975,1.974000000,0.055900000,0.011100000
sample,forward_host,ordered4,512,515,15,307,1.918815970,1.967100000,0.074700000,0.011100000
sample,forward_host,ordered4,512,516,15,12606,1.921664000,1.974400000,0.054500000,0.010800000
sample,forward_host,ordered4,512,517,15,32455,1.925472021,1.979600000,0.057900000,0.010900000
sample,forward_host,ordered4,512,518,15,837,1.940000057,1.996700000,0.071900000,0.018200000
sample,forward_host,ordered4,512,519,15,3584,1.924448013,1.981800000,0.061200000,0.011100000
sample,forward_host,ordered4,512,520,15,45456,1.930016041,2.001200000,0.067300000,0.013100000
sample,forward_host,ordered4,512,521,15,389,1.944031954,2.022500000,0.070100000,0.018300000
sample,forward_host,ordered4,512,522,15,7485,1.951679945,2.013300000,0.082000000,0.020200000
sample,forward_host,ordered4,512,523,15,284,1.928640008,1.982300000,0.083200000,0.011500000
sample,forward_host,ordered4,512,524,15,3051,1.931679964,1.987100000,0.081400000,0.011800000
sample,forward_host,ordered4,512,525,15,287,1.933727980,1.989500000,0.058800000,0.011800000
sample,forward_host,ordered4,512,526,15,262,1.947520018,2.005700000,0.072400000,0.015600000
sample,forward_host,ordered4,512,527,15,4295,1.933184028,1.989400000,0.081100000,0.011100000
sample,forward_host,original,512,512,15,837,1.628960013,1.683400000,0.088800000,0.017700000
sample,forward_host,original,512,513,15,290,1.631935954,1.696200000,0.071600000,0.016800000
sample,forward_host,original,512,514,15,460,1.624096036,1.680000000,0.060300000,0.010300000
sample,forward_host,original,512,515,15,307,1.634207964,1.690800000,0.070700000,0.015800000
sample,forward_host,original,512,516,15,12606,1.624223948,1.673600000,0.081400000,0.012800000
sample,forward_host,original,512,517,15,32455,1.623711944,1.674300000,0.052000000,0.010500000
sample,forward_host,original,512,518,15,837,1.639487982,1.697100000,0.064100000,0.014600000
sample,forward_host,original,512,519,15,3584,1.649664044,1.704700000,0.084900000,0.025200000
sample,forward_host,original,512,520,15,45456,1.650400043,1.714700000,0.086800000,0.025000000
sample,forward_host,original,512,521,15,389,1.643391967,1.707200000,0.076500000,0.017200000
sample,forward_host,original,512,522,15,7485,1.659904003,1.723100000,0.099600000,0.026800000
sample,forward_host,original,512,523,15,284,1.640128016,1.694900000,0.084800000,0.014900000
sample,forward_host,original,512,524,15,3051,1.629791975,1.687400000,0.083700000,0.010700000
sample,forward_host,original,512,525,15,287,1.631839991,1.685300000,0.066200000,0.011200000
sample,forward_host,original,512,526,15,262,1.634847999,1.688200000,0.059500000,0.010600000
sample,forward_host,original,512,527,15,4295,1.626943946,1.683500000,0.060000000,0.010600000
sample,forward_host,original,1007,1007,0,837,1.975584030,2.034000000,0.101100000,0.033500000
sample,forward_host,original,1007,1008,0,290,1.968512058,2.027600000,0.106000000,0.025000000
sample,forward_host,original,1007,1009,0,1863,1.956992030,2.012900000,0.073700000,0.015200000
sample,forward_host,original,1007,1010,0,691,1.950271964,2.005100000,0.063200000,0.011700000
sample,forward_host,original,1007,1011,0,262,1.947263956,2.002900000,0.059900000,0.010500000
sample,forward_host,original,1007,1012,0,5093,1.958367944,2.055700000,0.070600000,0.013700000
sample,forward_host,original,1007,1013,0,2488,1.976544023,2.067600000,0.080600000,0.021300000
sample,forward_host,original,1007,1014,0,12,1.969056010,2.033100000,0.077800000,0.017600000
sample,forward_host,original,1007,1015,0,31,1.958943963,2.019000000,0.076600000,0.015200000
sample,forward_host,original,1007,1016,0,7421,1.968672037,2.032800000,0.078500000,0.019800000
sample,forward_host,original,1007,1017,0,7051,1.964895964,2.023400000,0.071400000,0.015400000
sample,forward_host,original,1007,1018,0,286,1.954784036,2.012300000,0.083900000,0.010900000
sample,forward_host,original,1007,1019,0,262,1.960512042,2.018900000,0.069100000,0.013900000
sample,forward_host,original,1007,1020,0,2619,1.969151974,2.049000000,0.074000000,0.016500000
sample,forward_host,original,1007,1021,0,6896,1.978847980,2.041400000,0.078700000,0.022100000
sample,forward_host,original,1007,1022,0,764,1.974176049,2.033700000,0.073400000,0.016200000
sample,forward_host,ordered4,1007,1007,0,837,2.530623913,2.587600000,0.063500000,0.011100000
sample,forward_host,ordered4,1007,1008,0,290,2.586783886,2.650400000,0.115000000,0.018900000
sample,forward_host,ordered4,1007,1009,0,1863,2.555583954,2.622400000,0.088900000,0.022800000
sample,forward_host,ordered4,1007,1010,0,691,2.572160006,2.640600000,0.111400000,0.029100000
sample,forward_host,ordered4,1007,1011,0,262,2.550528049,2.613500000,0.080000000,0.019400000
sample,forward_host,ordered4,1007,1012,0,5093,2.539040089,2.596400000,0.086700000,0.012400000
sample,forward_host,ordered4,1007,1013,0,2488,2.540447950,2.597200000,0.062500000,0.012000000
sample,forward_host,ordered4,1007,1014,0,12,2.556096077,2.629400000,0.074800000,0.016600000
sample,forward_host,ordered4,1007,1015,0,31,2.554143906,2.613500000,0.075400000,0.020600000
sample,forward_host,ordered4,1007,1016,0,7421,2.543711901,2.599800000,0.063900000,0.011900000
sample,forward_host,ordered4,1007,1017,0,7051,2.544831991,2.601000000,0.077500000,0.010500000
sample,forward_host,ordered4,1007,1018,0,286,2.553184032,2.616600000,0.068700000,0.013700000
sample,forward_host,ordered4,1007,1019,0,262,2.541599989,2.596500000,0.059700000,0.010700000
sample,forward_host,ordered4,1007,1020,0,2619,2.555903912,2.634400000,0.071100000,0.014800000
sample,forward_host,ordered4,1007,1021,0,6896,2.585983992,2.661000000,0.108700000,0.032100000
sample,forward_host,ordered4,1007,1022,0,764,2.563359976,2.622100000,0.082500000,0.018600000
sample,forward_host,ordered4,1007,1007,1,837,2.546367884,2.618300000,0.072500000,0.019300000
sample,forward_host,ordered4,1007,1008,1,290,2.543296099,2.602100000,0.080100000,0.017700000
sample,forward_host,ordered4,1007,1009,1,1863,2.543071985,2.598200000,0.067200000,0.013900000
sample,forward_host,ordered4,1007,1010,1,691,2.538592100,2.594600000,0.064000000,0.012100000
sample,forward_host,ordered4,1007,1011,1,262,2.543584108,2.605700000,0.072900000,0.015800000
sample,forward_host,ordered4,1007,1012,1,5093,2.546015978,2.613900000,0.072200000,0.013200000
sample,forward_host,ordered4,1007,1013,1,2488,2.563967943,2.626100000,0.083000000,0.024100000
sample,forward_host,ordered4,1007,1014,1,12,2.552544117,2.610300000,0.073500000,0.016000000
sample,forward_host,ordered4,1007,1015,1,31,2.538048029,2.588200000,0.098000000,0.010900000
sample,forward_host,ordered4,1007,1016,1,7421,2.548480034,2.602700000,0.060800000,0.013700000
sample,forward_host,ordered4,1007,1017,1,7051,2.550175905,2.605500000,0.069200000,0.013000000
sample,forward_host,ordered4,1007,1018,1,286,2.544831991,2.610000000,0.082000000,0.011100000
sample,forward_host,ordered4,1007,1019,1,262,2.562655926,2.636900000,0.078400000,0.022800000
sample,forward_host,ordered4,1007,1020,1,2619,2.544447899,2.598000000,0.060800000,0.010800000
sample,forward_host,ordered4,1007,1021,1,6896,2.545471907,2.595100000,0.058600000,0.010800000
sample,forward_host,ordered4,1007,1022,1,764,2.547168016,2.595100000,0.052600000,0.010600000
sample,forward_host,original,1007,1007,1,837,1.946048021,2.001500000,0.084100000,0.010600000
sample,forward_host,original,1007,1008,1,290,1.967136025,2.026500000,0.084100000,0.023800000
sample,forward_host,original,1007,1009,1,1863,1.948863983,1.999700000,0.064500000,0.011500000
sample,forward_host,original,1007,1010,1,691,1.963840008,2.015500000,0.069400000,0.018600000
sample,forward_host,original,1007,1011,1,262,1.945824027,1.994900000,0.076300000,0.011100000
sample,forward_host,original,1007,1012,1,5093,1.961567998,2.017700000,0.066600000,0.017900000
sample,forward_host,original,1007,1013,1,2488,1.962368011,2.049100000,0.067800000,0.014600000
sample,forward_host,original,1007,1014,1,12,1.986624002,2.058100000,0.087600000,0.024700000
sample,forward_host,original,1007,1015,1,31,1.965952039,2.025000000,0.076100000,0.018800000
sample,forward_host,original,1007,1016,1,7421,1.950240016,2.010100000,0.081600000,0.011000000
sample,forward_host,original,1007,1017,1,7051,1.972128034,2.032500000,0.077100000,0.019100000
sample,forward_host,original,1007,1018,1,286,1.954367995,2.009300000,0.079100000,0.011000000
sample,forward_host,original,1007,1019,1,262,1.949887991,2.004700000,0.081800000,0.010600000
sample,forward_host,original,1007,1020,1,2619,1.951647997,2.006500000,0.078800000,0.011100000
sample,forward_host,original,1007,1021,1,6896,1.970175982,2.041300000,0.072600000,0.015200000
sample,forward_host,original,1007,1022,1,764,1.979679942,2.038900000,0.076100000,0.019700000
sample,forward_host,original,1007,1007,2,837,1.961791992,2.023500000,0.080800000,0.020600000
sample,forward_host,original,1007,1008,2,290,1.952543974,2.009400000,0.069900000,0.012800000
sample,forward_host,original,1007,1009,2,1863,1.955935955,2.025700000,0.070800000,0.017000000
sample,forward_host,original,1007,1010,2,691,1.978240013,2.067100000,0.097400000,0.026900000
sample,forward_host,original,1007,1011,2,262,1.994528055,2.068000000,0.127400000,0.038200000
sample,forward_host,original,1007,1012,2,5093,1.957247972,2.018500000,0.069000000,0.013400000
sample,forward_host,original,1007,1013,2,2488,1.961087942,2.017500000,0.071200000,0.014500000
sample,forward_host,original,1007,1014,2,12,1.959648013,2.013000000,0.065100000,0.013000000
sample,forward_host,original,1007,1015,2,31,1.948608041,2.009000000,0.059500000,0.010600000
sample,forward_host,original,1007,1016,2,7421,1.956799984,2.010400000,0.063500000,0.011500000
sample,forward_host,original,1007,1017,2,7051,1.952767968,2.015200000,0.058400000,0.010900000
sample,forward_host,original,1007,1018,2,286,1.972095966,2.025300000,0.072500000,0.021700000
sample,forward_host,original,1007,1019,2,262,1.950719953,1.999400000,0.075400000,0.011100000
sample,forward_host,original,1007,1020,2,2619,1.951007962,1.999000000,0.052300000,0.010500000
sample,forward_host,original,1007,1021,2,6896,1.954432011,2.004000000,0.054000000,0.010600000
sample,forward_host,original,1007,1022,2,764,1.959712029,2.008000000,0.073600000,0.010500000
sample,forward_host,ordered4,1007,1007,2,837,2.549247980,2.608400000,0.079200000,0.021000000
sample,forward_host,ordered4,1007,1008,2,290,2.535968065,2.585900000,0.064500000,0.011400000
sample,forward_host,ordered4,1007,1009,2,1863,2.532416105,2.582000000,0.075400000,0.010600000
sample,forward_host,ordered4,1007,1010,2,691,2.533632040,2.597900000,0.076600000,0.011000000
sample,forward_host,ordered4,1007,1011,2,262,2.554496050,2.616300000,0.073700000,0.023600000
sample,forward_host,ordered4,1007,1012,2,5093,2.550463915,2.613500000,0.074400000,0.020300000
sample,forward_host,ordered4,1007,1013,2,2488,2.560960054,2.621500000,0.078600000,0.020900000
sample,forward_host,ordered4,1007,1014,2,12,2.541919947,2.597300000,0.061200000,0.011300000
sample,forward_host,ordered4,1007,1015,2,31,2.544672012,2.599300000,0.064700000,0.011800000
sample,forward_host,ordered4,1007,1016,2,7421,2.543391943,2.623300000,0.059700000,0.010800000
sample,forward_host,ordered4,1007,1017,2,7051,2.571072102,2.634300000,0.097900000,0.025600000
sample,forward_host,ordered4,1007,1018,2,286,2.561952114,2.621200000,0.076000000,0.019700000
sample,forward_host,ordered4,1007,1019,2,262,2.543456078,2.597300000,0.066400000,0.011200000
sample,forward_host,ordered4,1007,1020,2,2619,2.560640097,2.619000000,0.076300000,0.019300000
sample,forward_host,ordered4,1007,1021,2,6896,2.549247980,2.604600000,0.063600000,0.011200000
sample,forward_host,ordered4,1007,1022,2,764,2.552128077,2.634700000,0.060300000,0.010900000
sample,forward_host,ordered4,1007,1007,3,837,2.529664040,2.575200000,0.057200000,0.011000000
sample,forward_host,ordered4,1007,1008,3,290,2.530719995,2.589300000,0.070600000,0.010800000
sample,forward_host,ordered4,1007,1009,3,1863,2.553728104,2.607600000,0.073200000,0.024600000
sample,forward_host,ordered4,1007,1010,3,691,2.546528101,2.596700000,0.068100000,0.018100000
sample,forward_host,ordered4,1007,1011,3,262,2.543040037,2.594500000,0.068200000,0.018700000
sample,forward_host,ordered4,1007,1012,3,5093,2.533024073,2.580900000,0.054700000,0.011400000
sample,forward_host,ordered4,1007,1013,3,2488,2.538912058,2.586500000,0.074500000,0.010800000
sample,forward_host,ordered4,1007,1014,3,12,2.538496017,2.614600000,0.052500000,0.010800000
sample,forward_host,ordered4,1007,1015,3,31,2.559551954,2.622200000,0.074500000,0.021200000
sample,forward_host,ordered4,1007,1016,3,7421,2.556576014,2.620400000,0.075200000,0.019900000
sample,forward_host,ordered4,1007,1017,3,7051,2.556832075,2.616100000,0.081300000,0.017700000
sample,forward_host,ordered4,1007,1018,3,286,2.545311928,2.601200000,0.083400000,0.011500000
sample,forward_host,ordered4,1007,1019,3,262,2.550559998,2.607500000,0.068700000,0.013600000
sample,forward_host,ordered4,1007,1020,3,2619,2.544735909,2.599700000,0.084300000,0.011700000
sample,forward_host,ordered4,1007,1021,3,6896,2.550112009,2.605200000,0.065400000,0.012100000
sample,forward_host,ordered4,1007,1022,3,764,2.566207886,2.626000000,0.074100000,0.016300000
sample,forward_host,original,1007,1007,3,837,1.940191984,2.017200000,0.071600000,0.010700000
sample,forward_host,original,1007,1008,3,290,1.945631981,2.017900000,0.083700000,0.010600000
sample,forward_host,original,1007,1009,3,1863,2.011104107,2.089400000,0.138600000,0.052500000
sample,forward_host,original,1007,1010,3,691,1.959200025,2.054500000,0.069100000,0.014300000
sample,forward_host,original,1007,1011,3,262,1.992671967,2.087700000,0.122100000,0.039100000
sample,forward_host,original,1007,1012,3,5093,1.949983954,1.998700000,0.087100000,0.013500000
sample,forward_host,original,1007,1013,3,2488,1.959776044,2.045700000,0.064500000,0.015500000
sample,forward_host,original,1007,1014,3,12,1.977887988,2.046800000,0.090400000,0.026200000
sample,forward_host,original,1007,1015,3,31,1.951392055,2.002500000,0.062900000,0.013900000
sample,forward_host,original,1007,1016,3,7421,1.963487983,2.054900000,0.062600000,0.017300000
sample,forward_host,original,1007,1017,3,7051,1.958655953,2.028300000,0.068400000,0.013100000
sample,forward_host,original,1007,1018,3,286,1.987648010,2.044300000,0.113400000,0.030600000
sample,forward_host,original,1007,1019,3,262,1.971199989,2.039600000,0.072700000,0.018600000
sample,forward_host,original,1007,1020,3,2619,1.967424035,2.022000000,0.093200000,0.018200000
sample,forward_host,original,1007,1021,3,6896,1.958400011,2.002900000,0.082300000,0.013300000
sample,forward_host,original,1007,1022,3,764,1.959648013,2.039400000,0.071600000,0.010700000
sample,forward_host,original,1007,1007,4,837,1.960415959,2.038800000,0.081500000,0.020600000
sample,forward_host,original,1007,1008,4,290,1.989536047,2.044800000,0.118400000,0.038200000
sample,forward_host,original,1007,1009,4,1863,2.002592087,2.055700000,0.130400000,0.047300000
sample,forward_host,original,1007,1010,4,691,1.975424051,2.038500000,0.085500000,0.026500000
sample,forward_host,original,1007,1011,4,262,1.984799981,2.035400000,0.114900000,0.033100000
sample,forward_host,original,1007,1012,4,5093,2.027071953,2.082600000,0.140400000,0.060900000
sample,forward_host,original,1007,1013,4,2488,1.963999987,2.044400000,0.074800000,0.017000000
sample,forward_host,original,1007,1014,4,12,1.987648010,2.042800000,0.109900000,0.031600000
sample,forward_host,original,1007,1015,4,31,1.968863964,2.016800000,0.084800000,0.022700000
sample,forward_host,original,1007,1016,4,7421,1.957664013,2.024800000,0.064500000,0.015100000
sample,forward_host,original,1007,1017,4,7051,1.977408051,2.029300000,0.086900000,0.024000000
sample,forward_host,original,1007,1018,4,286,1.957247972,2.009000000,0.055400000,0.011100000
sample,forward_host,original,1007,1019,4,262,1.950688004,2.031100000,0.060400000,0.011300000
sample,forward_host,original,1007,1020,4,2619,1.978976011,2.050800000,0.108200000,0.023200000
sample,forward_host,original,1007,1021,4,6896,1.976287961,2.024700000,0.089000000,0.021700000
sample,forward_host,original,1007,1022,4,764,1.957056046,2.032900000,0.052300000,0.011000000
sample,forward_host,ordered4,1007,1007,4,837,2.574815989,2.644500000,0.114300000,0.037500000
sample,forward_host,ordered4,1007,1008,4,290,2.541791916,2.599100000,0.078300000,0.014200000
sample,forward_host,ordered4,1007,1009,4,1863,2.561728001,2.635400000,0.093700000,0.027600000
sample,forward_host,ordered4,1007,1010,4,691,2.542176008,2.602600000,0.059200000,0.013300000
sample,forward_host,ordered4,1007,1011,4,262,2.561120033,2.615300000,0.090500000,0.027900000
sample,forward_host,ordered4,1007,1012,4,5093,2.539007902,2.617900000,0.062500000,0.011800000
sample,forward_host,ordered4,1007,1013,4,2488,2.573215961,2.639000000,0.104300000,0.034600000
sample,forward_host,ordered4,1007,1014,4,12,2.553119898,2.619300000,0.083000000,0.017600000
sample,forward_host,ordered4,1007,1015,4,31,2.563807964,2.628300000,0.091000000,0.028600000
sample,forward_host,ordered4,1007,1016,4,7421,2.546303988,2.608200000,0.069600000,0.013600000
sample,forward_host,ordered4,1007,1017,4,7051,2.566591978,2.641300000,0.089000000,0.024500000
sample,forward_host,ordered4,1007,1018,4,286,2.566015959,2.630500000,0.108400000,0.023000000
sample,forward_host,ordered4,1007,1019,4,262,2.562688112,2.629200000,0.084800000,0.020300000
sample,forward_host,ordered4,1007,1020,4,2619,2.555200100,2.616200000,0.078400000,0.016200000
sample,forward_host,ordered4,1007,1021,4,6896,2.562304020,2.623400000,0.083600000,0.017600000
sample,forward_host,ordered4,1007,1022,4,764,2.550559998,2.652600000,0.065800000,0.012600000
sample,forward_host,ordered4,1007,1007,5,837,2.527424097,2.577100000,0.074800000,0.010600000
sample,forward_host,ordered4,1007,1008,5,290,2.541568041,2.603600000,0.065800000,0.016400000
sample,forward_host,ordered4,1007,1009,5,1863,2.550623894,2.604300000,0.069200000,0.022300000
sample,forward_host,ordered4,1007,1010,5,691,2.549855947,2.603500000,0.076800000,0.015500000
sample,forward_host,ordered4,1007,1011,5,262,2.531264067,2.580100000,0.056400000,0.011500000
sample,forward_host,ordered4,1007,1012,5,5093,2.531552076,2.584700000,0.073400000,0.010600000
sample,forward_host,ordered4,1007,1013,5,2488,2.561408043,2.619800000,0.081000000,0.025800000
sample,forward_host,ordered4,1007,1014,5,12,2.543296099,2.640100000,0.060800000,0.011300000
sample,forward_host,ordered4,1007,1015,5,31,2.562304020,2.756100000,0.080700000,0.022700000
sample,forward_host,ordered4,1007,1016,5,7421,2.779232025,2.933500000,0.550900000,0.170200000
sample,forward_host,ordered4,1007,1017,5,7051,2.569823980,2.630400000,0.083200000,0.019400000
sample,forward_host,ordered4,1007,1018,5,286,2.548288107,2.604000000,0.085500000,0.011600000
sample,forward_host,ordered4,1007,1019,5,262,2.544640064,2.600100000,0.068800000,0.013000000
sample,forward_host,ordered4,1007,1020,5,2619,2.544928074,2.618900000,0.062300000,0.011100000
sample,forward_host,ordered4,1007,1021,5,6896,2.563103914,2.639300000,0.076200000,0.017700000
sample,forward_host,ordered4,1007,1022,5,764,2.554464102,2.602800000,0.063500000,0.011400000
sample,forward_host,original,1007,1007,5,837,1.959552050,2.039300000,0.079900000,0.018300000
sample,forward_host,original,1007,1008,5,290,1.959136009,2.018200000,0.082100000,0.020200000
sample,forward_host,original,1007,1009,5,1863,1.952800035,2.009100000,0.072000000,0.012400000
sample,forward_host,original,1007,1010,5,691,1.959872007,2.035200000,0.070200000,0.014400000
sample,forward_host,original,1007,1011,5,262,1.971840024,2.037600000,0.092400000,0.023100000
sample,forward_host,original,1007,1012,5,5093,1.952479959,2.008300000,0.112800000,0.013600000
sample,forward_host,original,1007,1013,5,2488,1.969696045,2.035000000,0.076000000,0.018800000
sample,forward_host,original,1007,1014,5,12,1.976575971,2.047400000,0.090400000,0.022600000
sample,forward_host,original,1007,1015,5,31,1.969087958,2.036200000,0.099900000,0.016200000
sample,forward_host,original,1007,1016,5,7421,1.965055943,2.051400000,0.078700000,0.020400000
sample,forward_host,original,1007,1017,5,7051,1.988479972,2.067600000,0.103500000,0.029100000
sample,forward_host,original,1007,1018,5,286,1.962399960,2.018500000,0.071800000,0.014000000
sample,forward_host,original,1007,1019,5,262,1.953696012,2.025100000,0.059800000,0.010700000
sample,forward_host,original,1007,1020,5,2619,1.975968003,2.048900000,0.092600000,0.023400000
sample,forward_host,original,1007,1021,5,6896,1.989344001,2.055400000,0.101800000,0.029600000
sample,forward_host,original,1007,1022,5,764,1.970944047,2.032100000,0.075400000,0.015300000
sample,forward_host,original,1007,1007,6,837,1.970783949,2.044300000,0.092500000,0.032400000
sample,forward_host,original,1007,1008,6,290,1.942944050,1.999900000,0.086500000,0.010900000
sample,forward_host,original,1007,1009,6,1863,1.947232008,2.029000000,0.060700000,0.010200000
sample,forward_host,original,1007,1010,6,691,1.955039978,2.027300000,0.087600000,0.011300000
sample,forward_host,original,1007,1011,6,262,1.973279953,2.040700000,0.087400000,0.024700000
sample,forward_host,original,1007,1012,6,5093,1.948351979,2.005800000,0.061800000,0.011000000
sample,forward_host,original,1007,1013,6,2488,1.952640057,2.010100000,0.083600000,0.010600000
sample,forward_host,original,1007,1014,6,12,1.952895999,2.008400000,0.058200000,0.010400000
sample,forward_host,original,1007,1015,6,31,1.946591973,2.003500000,0.081900000,0.010400000
sample,forward_host,original,1007,1016,6,7421,1.962656021,2.020500000,0.084100000,0.014200000
sample,forward_host,original,1007,1017,6,7051,1.950207949,2.004100000,0.059100000,0.010600000
sample,forward_host,original,1007,1018,6,286,1.954975963,2.125700000,0.058000000,0.010500000
sample,forward_host,original,1007,1019,6,262,1.967872024,2.035400000,0.073800000,0.018100000
sample,forward_host,original,1007,1020,6,2619,1.954591990,2.009000000,0.078700000,0.010600000
sample,forward_host,original,1007,1021,6,6896,1.957823992,2.015300000,0.057200000,0.010700000
sample,forward_host,original,1007,1022,6,764,1.971487999,2.026000000,0.072000000,0.015800000
sample,forward_host,ordered4,1007,1007,6,837,2.530719995,2.608100000,0.057900000,0.012200000
sample,forward_host,ordered4,1007,1008,6,290,2.573184013,2.652400000,0.115200000,0.036700000
sample,forward_host,ordered4,1007,1009,6,1863,2.554303885,2.743500000,0.081100000,0.020700000
sample,forward_host,ordered4,1007,1010,6,691,2.537568092,2.602000000,0.068500000,0.012200000
sample,forward_host,ordered4,1007,1011,6,262,2.537024021,2.594500000,0.068400000,0.012700000
sample,forward_host,ordered4,1007,1012,6,5093,2.539839983,2.606800000,0.064800000,0.013500000
sample,forward_host,ordered4,1007,1013,6,2488,2.575839996,2.664000000,0.105000000,0.034600000
sample,forward_host,ordered4,1007,1014,6,12,2.569983959,2.650200000,0.085400000,0.029300000
sample,forward_host,ordered4,1007,1015,6,31,2.572864056,2.638600000,0.096000000,0.031400000
sample,forward_host,ordered4,1007,1016,6,7421,2.556767941,2.632000000,0.076100000,0.021500000
sample,forward_host,ordered4,1007,1017,6,7051,2.574208021,2.631400000,0.097400000,0.029000000
sample,forward_host,ordered4,1007,1018,6,286,2.555135965,2.616800000,0.067900000,0.015900000
sample,forward_host,ordered4,1007,1019,6,262,2.571487904,2.638700000,0.095500000,0.027900000
sample,forward_host,ordered4,1007,1020,6,2619,2.559616089,2.614000000,0.076900000,0.023400000
sample,forward_host,ordered4,1007,1021,6,6896,2.563807964,2.648900000,0.075600000,0.018900000
sample,forward_host,ordered4,1007,1022,6,764,2.576256037,2.642600000,0.097800000,0.027100000
sample,forward_host,ordered4,1007,1007,7,837,2.537568092,2.597600000,0.069800000,0.014500000
sample,forward_host,ordered4,1007,1008,7,290,2.536351919,2.594900000,0.065000000,0.015200000
sample,forward_host,ordered4,1007,1009,7,1863,2.534624100,2.593200000,0.087700000,0.010400000
sample,forward_host,ordered4,1007,1010,7,691,2.545792103,2.604400000,0.068500000,0.014200000
sample,forward_host,ordered4,1007,1011,7,262,2.533567905,2.609200000,0.082100000,0.011000000
sample,forward_host,ordered4,1007,1012,7,5093,2.582400084,2.667100000,0.123700000,0.038600000
sample,forward_host,ordered4,1007,1013,7,2488,2.576927900,2.661100000,0.108500000,0.036400000
sample,forward_host,ordered4,1007,1014,7,12,2.568416119,2.635600000,0.082800000,0.025300000
sample,forward_host,ordered4,1007,1015,7,31,2.547008038,2.650700000,0.063200000,0.016200000
sample,forward_host,ordered4,1007,1016,7,7421,2.562272072,2.624200000,0.092900000,0.022800000
sample,forward_host,ordered4,1007,1017,7,7051,2.582848072,2.647700000,0.099800000,0.035800000
sample,forward_host,ordered4,1007,1018,7,286,2.547071934,2.599100000,0.054700000,0.011800000
sample,forward_host,ordered4,1007,1019,7,262,2.549088001,2.606600000,0.063000000,0.014700000
sample,forward_host,ordered4,1007,1020,7,2619,2.547071934,2.607700000,0.061400000,0.012600000
sample,forward_host,ordered4,1007,1021,7,6896,2.574752092,2.643500000,0.090600000,0.024400000
sample,forward_host,ordered4,1007,1022,7,764,2.569632053,2.644100000,0.077700000,0.020300000
sample,forward_host,original,1007,1007,7,837,1.942047954,2.001800000,0.086200000,0.010700000
sample,forward_host,original,1007,1008,7,290,1.963199973,2.028100000,0.079700000,0.016700000
sample,forward_host,original,1007,1009,7,1863,1.952288032,2.007000000,0.071800000,0.014000000
sample,forward_host,original,1007,1010,7,691,1.949952006,2.007500000,0.061500000,0.010900000
sample,forward_host,original,1007,1011,7,262,1.948384047,2.021900000,0.068500000,0.012400000
sample,forward_host,original,1007,1012,7,5093,1.950176001,2.006500000,0.059500000,0.011100000
sample,forward_host,original,1007,1013,7,2488,1.951167941,2.003700000,0.059700000,0.010900000
sample,forward_host,original,1007,1014,7,12,1.956640005,2.015200000,0.059300000,0.012300000
sample,forward_host,original,1007,1015,7,31,1.960991979,2.019400000,0.067300000,0.017400000
sample,forward_host,original,1007,1016,7,7421,1.970368028,2.029000000,0.077800000,0.020400000
sample,forward_host,original,1007,1017,7,7051,1.956256032,2.006900000,0.060600000,0.013000000
sample,forward_host,original,1007,1018,7,286,1.956192017,2.005500000,0.072500000,0.010400000
sample,forward_host,original,1007,1019,7,262,1.954527974,2.071100000,0.079700000,0.012600000
sample,forward_host,original,1007,1020,7,2619,1.992480040,2.070000000,0.099800000,0.032700000
sample,forward_host,original,1007,1021,7,6896,1.978528023,2.044500000,0.090600000,0.022400000
sample,forward_host,original,1007,1022,7,764,1.967424035,2.033400000,0.075900000,0.014100000
sample,forward_host,original,1007,1007,8,837,1.947008014,2.002400000,0.087000000,0.012100000
sample,forward_host,original,1007,1008,8,290,1.943680048,1.994300000,0.078300000,0.010800000
sample,forward_host,original,1007,1009,8,1863,1.956447959,2.013400000,0.061300000,0.013500000
sample,forward_host,original,1007,1010,8,691,1.950592041,1.999100000,0.055600000,0.011500000
sample,forward_host,original,1007,1011,8,262,1.946655989,1.996000000,0.051600000,0.010400000
sample,forward_host,original,1007,1012,8,5093,1.961024046,2.053400000,0.066200000,0.016500000
sample,forward_host,original,1007,1013,8,2488,1.984447956,2.067100000,0.099900000,0.027300000
sample,forward_host,original,1007,1014,8,12,1.976287961,2.039600000,0.084900000,0.020600000
sample,forward_host,original,1007,1015,8,31,1.946912050,2.004800000,0.078300000,0.011200000
sample,forward_host,original,1007,1016,8,7421,1.957792044,2.020300000,0.066200000,0.011100000
sample,forward_host,original,1007,1017,8,7051,1.962592006,2.020100000,0.076500000,0.016000000
sample,forward_host,original,1007,1018,8,286,1.955839992,2.010600000,0.078900000,0.010800000
sample,forward_host,original,1007,1019,8,262,1.953279972,2.010100000,0.058100000,0.010500000
sample,forward_host,original,1007,1020,8,2619,1.967072010,2.050300000,0.073700000,0.014900000
sample,forward_host,original,1007,1021,8,6896,1.983008027,2.060800000,0.093300000,0.024300000
sample,forward_host,original,1007,1022,8,764,1.975103974,2.035500000,0.080400000,0.018700000
sample,forward_host,ordered4,1007,1007,8,837,2.587712049,2.676300000,0.137100000,0.049700000
sample,forward_host,ordered4,1007,1008,8,290,2.565184116,2.639200000,0.096300000,0.033900000
sample,forward_host,ordered4,1007,1009,8,1863,2.585920095,2.666700000,0.121600000,0.043300000
sample,forward_host,ordered4,1007,1010,8,691,2.592544079,2.661600000,0.133800000,0.047900000
sample,forward_host,ordered4,1007,1011,8,262,2.549184084,2.605500000,0.073900000,0.019400000
sample,forward_host,ordered4,1007,1012,8,5093,2.543040037,2.600400000,0.061500000,0.015500000
sample,forward_host,ordered4,1007,1013,8,2488,2.542783976,2.600600000,0.067200000,0.013200000
sample,forward_host,ordered4,1007,1014,8,12,2.542399883,2.599700000,0.063300000,0.012700000
sample,forward_host,ordered4,1007,1015,8,31,2.563584089,2.638300000,0.094900000,0.029600000
sample,forward_host,ordered4,1007,1016,8,7421,2.592607975,2.691900000,0.133600000,0.044800000
sample,forward_host,ordered4,1007,1017,8,7051,2.592159986,2.656800000,0.118600000,0.040600000
sample,forward_host,ordered4,1007,1018,8,286,2.549472094,2.607300000,0.058900000,0.013000000
sample,forward_host,ordered4,1007,1019,8,262,2.564352036,2.624400000,0.087700000,0.025600000
sample,forward_host,ordered4,1007,1020,8,2619,2.545216084,2.604000000,0.061900000,0.011500000
sample,forward_host,ordered4,1007,1021,8,6896,2.568511963,2.653800000,0.085900000,0.024500000
sample,forward_host,ordered4,1007,1022,8,764,2.589632034,2.677300000,0.112100000,0.036800000
sample,forward_host,ordered4,1007,1007,9,837,2.540640116,2.601300000,0.076300000,0.013500000
sample,forward_host,ordered4,1007,1008,9,290,2.555999994,2.624200000,0.101900000,0.024400000
sample,forward_host,ordered4,1007,1009,9,1863,2.547168016,2.627000000,0.072800000,0.017100000
sample,forward_host,ordered4,1007,1010,9,691,2.550048113,2.618200000,0.074900000,0.017600000
sample,forward_host,ordered4,1007,1011,9,262,2.537184000,2.627700000,0.061300000,0.011400000
sample,forward_host,ordered4,1007,1012,9,5093,2.555680037,2.615200000,0.085600000,0.022300000
sample,forward_host,ordered4,1007,1013,9,2488,2.539839983,2.595600000,0.061400000,0.011100000
sample,forward_host,ordered4,1007,1014,9,12,2.540640116,2.596700000,0.091700000,0.010400000
sample,forward_host,ordered4,1007,1015,9,31,2.549279928,2.622600000,0.070000000,0.014900000
sample,forward_host,ordered4,1007,1016,9,7421,2.565984011,2.643800000,0.092300000,0.024500000
sample,forward_host,ordered4,1007,1017,9,7051,2.558847904,2.614600000,0.069700000,0.016600000
sample,forward_host,ordered4,1007,1018,9,286,2.556960106,2.608700000,0.057500000,0.011700000
sample,forward_host,ordered4,1007,1019,9,262,2.552223921,2.602400000,0.067500000,0.015400000
sample,forward_host,ordered4,1007,1020,9,2619,2.543296099,2.595100000,0.074700000,0.011100000
sample,forward_host,ordered4,1007,1021,9,6896,2.556447983,2.906800000,0.068100000,0.016000000
sample,forward_host,ordered4,1007,1022,9,764,2.754336119,2.943800000,0.450100000,0.125100000
sample,forward_host,original,1007,1007,9,837,1.946720004,2.009800000,0.064500000,0.013100000
sample,forward_host,original,1007,1008,9,290,1.945888042,2.007400000,0.090800000,0.012200000
sample,forward_host,original,1007,1009,9,1863,1.953215957,2.032000000,0.068300000,0.013500000
sample,forward_host,original,1007,1010,9,691,1.955520034,2.017500000,0.069600000,0.015100000
sample,forward_host,original,1007,1011,9,262,1.948927999,2.009500000,0.090500000,0.013500000
sample,forward_host,original,1007,1012,9,5093,1.975775957,2.059400000,0.092600000,0.026600000
sample,forward_host,original,1007,1013,9,2488,1.980960011,2.046300000,0.103500000,0.027900000
sample,forward_host,original,1007,1014,9,12,1.974336028,2.031200000,0.079700000,0.021500000
sample,forward_host,original,1007,1015,9,31,1.950304031,2.007900000,0.079500000,0.013300000
sample,forward_host,original,1007,1016,9,7421,1.952191949,2.017000000,0.074800000,0.011700000
sample,forward_host,original,1007,1017,9,7051,1.981536031,2.075400000,0.087500000,0.026700000
sample,forward_host,original,1007,1018,9,286,1.958879948,2.021800000,0.082800000,0.013400000
sample,forward_host,original,1007,1019,9,262,1.993504047,2.073000000,0.119500000,0.035500000
sample,forward_host,original,1007,1020,9,2619,1.981824040,2.046800000,0.096100000,0.027900000
sample,forward_host,original,1007,1021,9,6896,1.960384011,2.043200000,0.074000000,0.012600000
sample,forward_host,original,1007,1022,9,764,1.973855972,2.037400000,0.070200000,0.014800000
sample,forward_host,original,1007,1007,10,837,1.986271977,2.058800000,0.110600000,0.035100000
sample,forward_host,original,1007,1008,10,290,1.946463943,2.044400000,0.089100000,0.012200000
sample,forward_host,original,1007,1009,10,1863,1.948511958,2.008000000,0.064900000,0.010600000
sample,forward_host,original,1007,1010,10,691,1.961120009,2.020300000,0.079600000,0.016400000
sample,forward_host,original,1007,1011,10,262,1.944319963,1.995800000,0.081400000,0.010600000
sample,forward_host,original,1007,1012,10,5093,1.946975946,2.002400000,0.072700000,0.010600000
sample,forward_host,original,1007,1013,10,2488,1.970592022,2.028200000,0.076100000,0.019600000
sample,forward_host,original,1007,1014,10,12,1.965280056,2.017400000,0.064900000,0.015800000
sample,forward_host,original,1007,1015,10,31,1.950464010,2.001700000,0.078900000,0.010400000
sample,forward_host,original,1007,1016,10,7421,1.957728028,2.014000000,0.070100000,0.014400000
sample,forward_host,original,1007,1017,10,7051,1.984032035,2.052000000,0.092500000,0.028000000
sample,forward_host,original,1007,1018,10,286,1.969535947,2.065700000,0.079100000,0.018400000
sample,forward_host,original,1007,1019,10,262,1.981152058,2.067200000,0.093100000,0.026500000
sample,forward_host,original,1007,1020,10,2619,1.963840008,2.025800000,0.076000000,0.015700000
sample,forward_host,original,1007,1021,10,6896,1.959391952,2.021100000,0.063300000,0.011300000
sample,forward_host,original,1007,1022,10,764,1.992895961,2.065300000,0.095600000,0.028900000
sample,forward_host,ordered4,1007,1007,10,837,2.529887915,2.588300000,0.064500000,0.012600000
sample,forward_host,ordered4,1007,1008,10,290,2.536544085,2.594200000,0.074200000,0.014600000
sample,forward_host,ordered4,1007,1009,10,1863,2.535360098,2.591000000,0.061900000,0.010800000
sample,forward_host,ordered4,1007,1010,10,691,2.536992073,2.592500000,0.067200000,0.013700000
sample,forward_host,ordered4,1007,1011,10,262,2.535903931,2.625200000,0.061900000,0.011000000
sample,forward_host,ordered4,1007,1012,10,5093,2.577280045,2.643200000,0.113000000,0.038800000
sample,forward_host,ordered4,1007,1013,10,2488,2.542783976,2.618900000,0.066100000,0.013400000
sample,forward_host,ordered4,1007,1014,10,12,2.570111990,2.641300000,0.092900000,0.023800000
sample,forward_host,ordered4,1007,1015,10,31,2.540735960,2.596900000,0.074200000,0.012000000
sample,forward_host,ordered4,1007,1016,10,7421,2.539360046,2.598000000,0.063100000,0.011000000
sample,forward_host,ordered4,1007,1017,10,7051,2.557215929,2.614900000,0.081200000,0.016000000
sample,forward_host,ordered4,1007,1018,10,286,2.547456026,2.604800000,0.079100000,0.010700000
sample,forward_host,ordered4,1007,1019,10,262,2.559967995,2.642400000,0.078900000,0.023100000
sample,forward_host,ordered4,1007,1020,10,2619,2.569216013,2.646600000,0.089100000,0.025100000
sample,forward_host,ordered4,1007,1021,10,6896,2.561952114,2.624200000,0.084700000,0.015800000
sample,forward_host,ordered4,1007,1022,10,764,2.574111938,2.637700000,0.092400000,0.024300000
sample,forward_host,ordered4,1007,1007,11,837,2.552767992,2.613000000,0.100600000,0.025700000
sample,forward_host,ordered4,1007,1008,11,290,2.557215929,2.622100000,0.089800000,0.025400000
sample,forward_host,ordered4,1007,1009,11,1863,2.569504023,2.632400000,0.097400000,0.035700000
sample,forward_host,ordered4,1007,1010,11,691,2.541311979,2.597500000,0.066700000,0.012100000
sample,forward_host,ordered4,1007,1011,11,262,2.548255920,2.627100000,0.077600000,0.016400000
sample,forward_host,ordered4,1007,1012,11,5093,2.558336020,2.622100000,0.085900000,0.023100000
sample,forward_host,ordered4,1007,1013,11,2488,2.558271885,2.625500000,0.085200000,0.020000000
sample,forward_host,ordered4,1007,1014,11,12,2.560703993,2.620500000,0.089800000,0.017500000
sample,forward_host,ordered4,1007,1015,11,31,2.552831888,2.611600000,0.076400000,0.017100000
sample,forward_host,ordered4,1007,1016,11,7421,2.547487974,2.608100000,0.070500000,0.013300000
sample,forward_host,ordered4,1007,1017,11,7051,2.558784008,2.637400000,0.084100000,0.019800000
sample,forward_host,ordered4,1007,1018,11,286,2.559360027,2.618200000,0.072500000,0.019800000
sample,forward_host,ordered4,1007,1019,11,262,2.561471939,2.620200000,0.078500000,0.022000000
sample,forward_host,ordered4,1007,1020,11,2619,2.544800043,2.599100000,0.061100000,0.010900000
sample,forward_host,ordered4,1007,1021,11,6896,2.564575911,2.618000000,0.074400000,0.019100000
sample,forward_host,ordered4,1007,1022,11,764,2.547616005,2.605300000,0.054900000,0.011500000
sample,forward_host,original,1007,1007,11,837,1.956223965,2.021300000,0.091800000,0.016200000
sample,forward_host,original,1007,1008,11,290,1.954591990,2.012800000,0.071800000,0.018400000
sample,forward_host,original,1007,1009,11,1863,1.951167941,2.062000000,0.083600000,0.013000000
sample,forward_host,original,1007,1010,11,691,1.978559971,2.198100000,0.112500000,0.024000000
sample,forward_host,original,1007,1011,11,262,2.236223936,2.425000000,0.613300000,0.191400000
sample,forward_host,original,1007,1012,11,5093,1.982048035,2.045900000,0.105000000,0.033100000
sample,forward_host,original,1007,1013,11,2488,1.999199986,2.077400000,0.118800000,0.043900000
sample,forward_host,original,1007,1014,11,12,1.984256029,2.049100000,0.098700000,0.029000000
sample,forward_host,original,1007,1015,11,31,1.952319980,2.011000000,0.099900000,0.013900000
sample,forward_host,original,1007,1016,11,7421,1.965695977,2.029400000,0.074900000,0.016500000
sample,forward_host,original,1007,1017,11,7051,1.976160049,2.041200000,0.084400000,0.022500000
sample,forward_host,original,1007,1018,11,286,1.964704037,2.022100000,0.072900000,0.015600000
sample,forward_host,original,1007,1019,11,262,1.955103993,2.013000000,0.084700000,0.011900000
sample,forward_host,original,1007,1020,11,2619,1.954687953,2.017300000,0.084300000,0.011100000
sample,forward_host,original,1007,1021,11,6896,1.957888007,2.014200000,0.059100000,0.011400000
sample,forward_host,original,1007,1022,11,764,1.968000054,2.026100000,0.068300000,0.013600000
sample,forward_host,original,1007,1007,12,837,1.958943963,2.030800000,0.074300000,0.022200000
sample,forward_host,original,1007,1008,12,290,1.963583946,2.022300000,0.072600000,0.021000000
sample,forward_host,original,1007,1009,12,1863,1.957344055,2.117100000,0.060700000,0.014100000
sample,forward_host,original,1007,1010,12,691,1.990751982,2.078900000,0.098600000,0.038800000
sample,forward_host,original,1007,1011,12,262,1.975103974,2.099500000,0.086200000,0.026400000
sample,forward_host,original,1007,1012,12,5093,1.986847997,2.059000000,0.098900000,0.036900000
sample,forward_host,original,1007,1013,12,2488,1.968320012,2.048200000,0.071700000,0.019000000
sample,forward_host,original,1007,1014,12,12,1.983423948,2.063400000,0.090600000,0.030200000
sample,forward_host,original,1007,1015,12,31,1.987583995,2.072900000,0.101500000,0.035500000
sample,forward_host,original,1007,1016,12,7421,2.005408049,2.107800000,0.123800000,0.046100000
sample,forward_host,original,1007,1017,12,7051,1.991008043,2.100700000,0.109100000,0.034000000
sample,forward_host,original,1007,1018,12,286,1.996672034,2.061500000,0.103500000,0.037100000
sample,forward_host,original,1007,1019,12,262,1.958624005,2.011300000,0.061600000,0.015100000
sample,forward_host,original,1007,1020,12,2619,1.970111966,2.024000000,0.072400000,0.018800000
sample,forward_host,original,1007,1021,12,6896,1.986431956,2.046400000,0.095300000,0.028000000
sample,forward_host,original,1007,1022,12,764,1.977952003,2.030600000,0.074800000,0.020500000
sample,forward_host,ordered4,1007,1007,12,837,2.531104088,2.589300000,0.066300000,0.013800000
sample,forward_host,ordered4,1007,1008,12,290,2.534176111,2.590200000,0.070800000,0.013500000
sample,forward_host,ordered4,1007,1009,12,1863,2.531296015,2.619300000,0.064100000,0.010800000
sample,forward_host,ordered4,1007,1010,12,691,2.595040083,2.680300000,0.148000000,0.048400000
sample,forward_host,ordered4,1007,1011,12,262,2.547039986,2.624800000,0.078700000,0.018100000
sample,forward_host,ordered4,1007,1012,12,5093,2.572576046,2.639400000,0.104200000,0.035200000
sample,forward_host,ordered4,1007,1013,12,2488,2.538144112,2.673300000,0.056000000,0.011600000
sample,forward_host,ordered4,1007,1014,12,12,2.565216064,2.628900000,0.081600000,0.020900000
sample,forward_host,ordered4,1007,1015,12,31,2.536992073,2.596700000,0.085900000,0.011500000
sample,forward_host,ordered4,1007,1016,12,7421,2.557055950,2.618000000,0.076700000,0.018500000
sample,forward_host,ordered4,1007,1017,12,7051,2.549376011,2.607500000,0.070800000,0.013400000
sample,forward_host,ordered4,1007,1018,12,286,2.556319952,2.612900000,0.069400000,0.014700000
sample,forward_host,ordered4,1007,1019,12,262,2.544447899,2.599000000,0.083300000,0.011400000
sample,forward_host,ordered4,1007,1020,12,2619,2.544768095,2.601500000,0.058700000,0.010800000
sample,forward_host,ordered4,1007,1021,12,6896,2.553535938,2.624600000,0.064000000,0.012300000
sample,forward_host,ordered4,1007,1022,12,764,2.560800076,2.616600000,0.070500000,0.020500000
sample,forward_host,ordered4,1007,1007,13,837,2.529952049,2.582000000,0.053600000,0.010700000
sample,forward_host,ordered4,1007,1008,13,290,2.580447912,2.663600000,0.114800000,0.042500000
sample,forward_host,ordered4,1007,1009,13,1863,2.584991932,2.688000000,0.135400000,0.044900000
sample,forward_host,ordered4,1007,1010,13,691,2.560767889,2.628700000,0.098000000,0.025200000
sample,forward_host,ordered4,1007,1011,13,262,2.556639910,2.621900000,0.090100000,0.025300000
sample,forward_host,ordered4,1007,1012,13,5093,2.549439907,2.607900000,0.084800000,0.017300000
sample,forward_host,ordered4,1007,1013,13,2488,2.540575981,2.621300000,0.063600000,0.011600000
sample,forward_host,ordered4,1007,1014,13,12,2.554111958,2.628700000,0.072800000,0.014200000
sample,forward_host,ordered4,1007,1015,13,31,2.561120033,2.627400000,0.084800000,0.020000000
sample,forward_host,ordered4,1007,1016,13,7421,2.546783924,2.602300000,0.065300000,0.011400000
sample,forward_host,ordered4,1007,1017,13,7051,2.546560049,2.596600000,0.078700000,0.012200000
sample,forward_host,ordered4,1007,1018,13,286,2.542016029,2.592500000,0.075200000,0.010700000
sample,forward_host,ordered4,1007,1019,13,262,2.552927971,2.605300000,0.066200000,0.015300000
sample,forward_host,ordered4,1007,1020,13,2619,2.554016113,2.617200000,0.064800000,0.014800000
sample,forward_host,ordered4,1007,1021,13,6896,2.573632002,2.642300000,0.088100000,0.024000000
sample,forward_host,ordered4,1007,1022,13,764,2.575007915,2.644100000,0.102700000,0.023100000
sample,forward_host,original,1007,1007,13,837,1.957023978,2.019100000,0.098500000,0.018400000
sample,forward_host,original,1007,1008,13,290,1.947679996,2.007900000,0.064300000,0.011100000
sample,forward_host,original,1007,1009,13,1863,1.951392055,2.007500000,0.093100000,0.012400000
sample,forward_host,original,1007,1010,13,691,1.952767968,2.011000000,0.065000000,0.012200000
sample,forward_host,original,1007,1011,13,262,1.944959998,2.030300000,0.059700000,0.010500000
sample,forward_host,original,1007,1012,13,5093,1.953472018,2.010500000,0.062000000,0.013200000
sample,forward_host,original,1007,1013,13,2488,1.952128053,2.007500000,0.084600000,0.010700000
sample,forward_host,original,1007,1014,13,12,1.950304031,2.007500000,0.083200000,0.010400000
sample,forward_host,original,1007,1015,13,31,1.946143985,2.005100000,0.061200000,0.010700000
sample,forward_host,original,1007,1016,13,7421,1.966048002,2.023500000,0.076000000,0.016800000
sample,forward_host,original,1007,1017,13,7051,1.972192049,2.036200000,0.072700000,0.019800000
sample,forward_host,original,1007,1018,13,286,1.961663961,2.041500000,0.086600000,0.015500000
sample,forward_host,original,1007,1019,13,262,1.995551944,2.071800000,0.115600000,0.034300000
sample,forward_host,original,1007,1020,13,2619,1.999935985,2.073700000,0.108700000,0.038000000
sample,forward_host,original,1007,1021,13,6896,1.977311969,2.056800000,0.091300000,0.023500000
sample,forward_host,original,1007,1022,13,764,1.988672018,2.052500000,0.095500000,0.027400000
sample,forward_host,original,1007,1007,14,837,1.955487967,2.013400000,0.078600000,0.016700000
sample,forward_host,original,1007,1008,14,290,1.949311972,2.011400000,0.070900000,0.011800000
sample,forward_host,original,1007,1009,14,1863,1.961984038,2.021600000,0.081500000,0.015800000
sample,forward_host,original,1007,1010,14,691,1.970944047,2.037100000,0.091000000,0.020600000
sample,forward_host,original,1007,1011,14,262,1.948415995,2.015000000,0.063000000,0.011100000
sample,forward_host,original,1007,1012,14,5093,1.969023943,2.043000000,0.088400000,0.021500000
sample,forward_host,original,1007,1013,14,2488,2.007040024,2.088800000,0.158200000,0.043200000
sample,forward_host,original,1007,1014,14,12,1.970335960,2.034400000,0.086000000,0.018200000
sample,forward_host,original,1007,1015,14,31,1.981631994,2.046000000,0.100000000,0.028700000
sample,forward_host,original,1007,1016,14,7421,1.964895964,2.027600000,0.079800000,0.018100000
sample,forward_host,original,1007,1017,14,7051,1.952767968,2.010500000,0.065000000,0.011000000
sample,forward_host,original,1007,1018,14,286,1.962368011,2.023100000,0.067800000,0.012500000
sample,forward_host,original,1007,1019,14,262,1.959712029,2.034100000,0.072600000,0.012700000
sample,forward_host,original,1007,1020,14,2619,1.958816051,2.017700000,0.075200000,0.014100000
sample,forward_host,original,1007,1021,14,6896,1.960000038,2.018100000,0.063800000,0.012000000
sample,forward_host,original,1007,1022,14,764,1.963392019,2.049400000,0.066500000,0.012700000
sample,forward_host,ordered4,1007,1007,14,837,2.551264048,2.611800000,0.091100000,0.020700000
sample,forward_host,ordered4,1007,1008,14,290,2.563872099,2.649300000,0.102300000,0.028200000
sample,forward_host,ordered4,1007,1009,14,1863,2.558144093,2.660000000,0.093500000,0.025000000
sample,forward_host,ordered4,1007,1010,14,691,2.569600105,2.629200000,0.107300000,0.030600000
sample,forward_host,ordered4,1007,1011,14,262,2.560287952,2.623800000,0.089000000,0.024800000
sample,forward_host,ordered4,1007,1012,14,5093,2.564543962,2.663500000,0.092700000,0.024800000
sample,forward_host,ordered4,1007,1013,14,2488,2.668416023,2.773900000,0.232000000,0.105200000
sample,forward_host,ordered4,1007,1014,14,12,2.591840029,2.670800000,0.143200000,0.043900000
sample,forward_host,ordered4,1007,1015,14,31,2.573280096,2.650800000,0.106500000,0.029300000
sample,forward_host,ordered4,1007,1016,14,7421,2.570656061,2.641100000,0.097600000,0.026900000
sample,forward_host,ordered4,1007,1017,14,7051,2.584928036,2.690700000,0.119400000,0.032700000
sample,forward_host,ordered4,1007,1018,14,286,2.598112106,2.679500000,0.126900000,0.041800000
sample,forward_host,ordered4,1007,1019,14,262,2.597824097,2.684000000,0.132500000,0.041400000
sample,forward_host,ordered4,1007,1020,14,2619,2.571424007,2.640900000,0.088900000,0.024700000
sample,forward_host,ordered4,1007,1021,14,6896,2.572736025,2.640000000,0.090700000,0.023900000
sample,forward_host,ordered4,1007,1022,14,764,2.561120033,2.621300000,0.073300000,0.018100000
sample,forward_host,ordered4,1007,1007,15,837,2.529536009,2.604800000,0.080900000,0.010300000
sample,forward_host,ordered4,1007,1008,15,290,2.558336020,2.627000000,0.081500000,0.028500000
sample,forward_host,ordered4,1007,1009,15,1863,2.547264099,2.605600000,0.070700000,0.016000000
sample,forward_host,ordered4,1007,1010,15,691,2.536000013,2.592000000,0.078700000,0.011200000
sample,forward_host,ordered4,1007,1011,15,262,2.534656048,2.589100000,0.078500000,0.011100000
sample,forward_host,ordered4,1007,1012,15,5093,2.546240091,2.605700000,0.068100000,0.015000000
sample,forward_host,ordered4,1007,1013,15,2488,2.538271904,2.605900000,0.058200000,0.011000000
sample,forward_host,ordered4,1007,1014,15,12,2.550431967,2.620200000,0.069500000,0.015600000
sample,forward_host,ordered4,1007,1015,15,31,2.540096045,2.591400000,0.060100000,0.011200000
sample,forward_host,ordered4,1007,1016,15,7421,2.553503990,2.607000000,0.067200000,0.015600000
sample,forward_host,ordered4,1007,1017,15,7051,2.541152000,2.589900000,0.075100000,0.011300000
sample,forward_host,ordered4,1007,1018,15,286,2.544415951,2.592700000,0.054000000,0.010700000
sample,forward_host,ordered4,1007,1019,15,262,2.538912058,2.597300000,0.073400000,0.010400000
sample,forward_host,ordered4,1007,1020,15,2619,2.562495947,2.617000000,0.083500000,0.023100000
sample,forward_host,ordered4,1007,1021,15,6896,2.548448086,2.596200000,0.075300000,0.011200000
sample,forward_host,ordered4,1007,1022,15,764,2.547168016,2.595900000,0.073400000,0.010900000
sample,forward_host,original,1007,1007,15,837,1.951936007,2.006400000,0.068700000,0.012800000
sample,forward_host,original,1007,1008,15,290,1.961760044,2.041100000,0.074300000,0.019000000
sample,forward_host,original,1007,1009,15,1863,1.979488015,2.063100000,0.094000000,0.029800000
sample,forward_host,original,1007,1010,15,691,1.966815948,2.032000000,0.076700000,0.018000000
sample,forward_host,original,1007,1011,15,262,1.951167941,2.006700000,0.067800000,0.013000000
sample,forward_host,original,1007,1012,15,5093,1.955263972,2.011600000,0.067100000,0.011000000
sample,forward_host,original,1007,1013,15,2488,1.965600014,2.024600000,0.074300000,0.016700000
sample,forward_host,original,1007,1014,15,12,1.955935955,2.010900000,0.064800000,0.011500000
sample,forward_host,original,1007,1015,15,31,1.950431943,2.031100000,0.061400000,0.011000000
sample,forward_host,original,1007,1016,15,7421,1.962944031,2.020200000,0.069600000,0.022000000
sample,forward_host,original,1007,1017,15,7051,1.962208033,2.019000000,0.069300000,0.013600000
sample,forward_host,original,1007,1018,15,286,1.967839956,2.024600000,0.072000000,0.016800000
sample,forward_host,original,1007,1019,15,262,1.959615946,2.010700000,0.066700000,0.014200000
sample,forward_host,original,1007,1020,15,2619,1.960415959,2.010000000,0.061800000,0.012900000
sample,forward_host,original,1007,1021,15,6896,1.956351995,2.004700000,0.055100000,0.010800000
sample,forward_host,original,1007,1022,15,764,1.966752052,2.015700000,0.061500000,0.011500000
sample,generation,original,128,128,0,764,1.383039951,1.618400000,0.094100000,0.027500000
sample,generation,original,128,129,0,383,1.370911956,1.581500000,0.065500000,0.014300000
sample,generation,original,128,130,0,9653,1.392799973,1.615400000,0.084200000,0.025500000
sample,generation,original,128,131,0,25834,1.368864059,1.590900000,0.063300000,0.013800000
sample,generation,original,128,132,0,287,1.373152018,1.862700000,0.069300000,0.013700000
sample,generation,original,128,133,0,262,1.374655962,1.587800000,0.092500000,0.013100000
sample,generation,original,128,134,0,6076,1.375808001,1.611000000,0.060700000,0.012600000
sample,generation,original,128,135,0,290,1.378880024,1.567100000,0.072300000,0.017100000
sample,generation,original,128,136,0,389,1.384768009,1.577700000,0.073300000,0.018100000
sample,generation,original,128,137,0,8104,1.372831941,1.554300000,0.053600000,0.011000000
sample,generation,original,128,138,0,287,1.375648022,1.619100000,0.053500000,0.010600000
sample,generation,original,128,139,0,262,1.395679951,1.595200000,0.086300000,0.024900000
sample,generation,original,128,140,0,1280,1.391167998,1.594000000,0.072800000,0.019700000
sample,generation,original,128,141,0,9151,1.386528015,1.868100000,0.072500000,0.016100000
sample,generation,original,128,142,0,13,1.389791965,1.864900000,0.075200000,0.017200000
sample,generation,original,128,143,0,383,1.382367969,1.748900000,0.098500000,0.019400000
sample,generation,ordered4,128,128,0,764,1.433951974,1.877100000,0.060300000,0.010600000
sample,generation,ordered4,128,129,0,383,1.456608057,1.659000000,0.074500000,0.019100000
sample,generation,ordered4,128,130,0,9653,1.462175965,1.655700000,0.081900000,0.022000000
sample,generation,ordered4,128,131,0,25834,1.439231992,1.940900000,0.060800000,0.011100000
sample,generation,ordered4,128,132,0,287,1.442271948,1.941100000,0.058700000,0.010600000
sample,generation,ordered4,128,133,0,262,1.447487950,1.628800000,0.058800000,0.011000000
sample,generation,ordered4,128,134,0,6076,1.445024014,1.945100000,0.060400000,0.010900000
sample,generation,ordered4,128,135,0,290,1.442752004,1.930800000,0.059500000,0.010600000
sample,generation,ordered4,128,136,0,389,1.446784019,1.938900000,0.059400000,0.010500000
sample,generation,ordered4,128,137,0,8104,1.451104045,1.937900000,0.058800000,0.010500000
sample,generation,ordered4,128,138,0,287,1.452191949,1.639800000,0.058000000,0.010700000
sample,generation,ordered4,128,139,0,262,1.447199941,1.928700000,0.057000000,0.010600000
sample,generation,ordered4,128,140,0,1280,1.450304031,1.660200000,0.057800000,0.010600000
sample,generation,ordered4,128,141,0,9151,1.461312056,1.956400000,0.065000000,0.014500000
sample,generation,ordered4,128,142,0,13,1.458719969,2.145600000,0.059500000,0.010700000
sample,generation,ordered4,128,143,0,383,1.458176017,1.956700000,0.064400000,0.012600000
sample,generation,ordered4,128,128,1,764,1.433887959,1.931300000,0.059600000,0.011300000
sample,generation,ordered4,128,129,1,383,1.488351941,2.082900000,0.116000000,0.048000000
sample,generation,ordered4,128,130,1,9653,1.454079986,1.714600000,0.080500000,0.017900000
sample,generation,ordered4,128,131,1,25834,1.453343987,2.069400000,0.079200000,0.018100000
sample,generation,ordered4,128,132,1,287,1.462208033,1.964400000,0.088700000,0.023000000
sample,generation,ordered4,128,133,1,262,1.473760009,1.982900000,0.102300000,0.027800000
sample,generation,ordered4,128,134,1,6076,1.449759960,1.953400000,0.061900000,0.012900000
sample,generation,ordered4,128,135,1,290,1.443807960,1.633400000,0.060900000,0.011600000
sample,generation,ordered4,128,136,1,389,1.445407987,1.946400000,0.058300000,0.010900000
sample,generation,ordered4,128,137,1,8104,1.448063970,1.945900000,0.057700000,0.010700000
sample,generation,ordered4,128,138,1,287,1.461824059,1.966300000,0.067600000,0.015300000
sample,generation,ordered4,128,139,1,262,1.451583982,1.945300000,0.057600000,0.010800000
sample,generation,ordered4,128,140,1,1280,1.472831964,1.963000000,0.085800000,0.020400000
sample,generation,ordered4,128,141,1,9151,1.459807992,1.670000000,0.070200000,0.014200000
sample,generation,ordered4,128,142,1,13,1.460479975,1.670000000,0.060300000,0.012800000
sample,generation,ordered4,128,143,1,383,1.456735969,1.645000000,0.062800000,0.012500000
sample,generation,original,128,128,1,764,1.363680005,1.912700000,0.065100000,0.014000000
sample,generation,original,128,129,1,383,1.372416019,1.588900000,0.068900000,0.014500000
sample,generation,original,128,130,1,9653,1.373376012,1.833200000,0.067500000,0.012500000
sample,generation,original,128,131,1,25834,1.374079943,1.816500000,0.078500000,0.016100000
sample,generation,original,128,132,1,287,1.384960055,1.727200000,0.075500000,0.020200000
sample,generation,original,128,133,1,262,1.371135950,1.549400000,0.057800000,0.011800000
sample,generation,original,128,134,1,6076,1.374240041,1.556700000,0.052400000,0.010900000
sample,generation,original,128,135,1,290,1.365599990,1.547300000,0.052400000,0.010600000
sample,generation,original,128,136,1,389,1.368288040,1.598300000,0.051900000,0.010500000
sample,generation,original,128,137,1,8104,1.393952012,1.584100000,0.072200000,0.024400000
sample,generation,original,128,138,1,287,1.375743985,1.560400000,0.052700000,0.011100000
sample,generation,original,128,139,1,262,1.373888016,1.560300000,0.053800000,0.011300000
sample,generation,original,128,140,1,1280,1.375424027,1.609200000,0.053800000,0.010800000
sample,generation,original,128,141,1,9151,1.412032008,1.608000000,0.094900000,0.025300000
sample,generation,original,128,142,1,13,1.395583987,1.600600000,0.068700000,0.017700000
sample,generation,original,128,143,1,383,1.384992003,1.955000000,0.123900000,0.018400000
sample,generation,original,128,128,2,764,1.363360047,1.867200000,0.066300000,0.011800000
sample,generation,original,128,129,2,383,1.366880059,1.557500000,0.060900000,0.010700000
sample,generation,original,128,130,2,9653,1.376384020,1.596400000,0.093300000,0.016100000
sample,generation,original,128,131,2,25834,1.386911988,1.589300000,0.082800000,0.019900000
sample,generation,original,128,132,2,287,1.365599990,1.873400000,0.060200000,0.010700000
sample,generation,original,128,133,2,262,1.371840000,1.911000000,0.067200000,0.010800000
sample,generation,original,128,134,2,6076,1.376127958,1.870700000,0.067600000,0.012400000
sample,generation,original,128,135,2,290,1.367200017,1.869600000,0.062200000,0.011000000
sample,generation,original,128,136,2,389,1.369567990,1.565700000,0.058900000,0.010500000
sample,generation,original,128,137,2,8104,1.382688046,1.879100000,0.072100000,0.015800000
sample,generation,original,128,138,2,287,1.386976004,1.943900000,0.079500000,0.016400000
sample,generation,original,128,139,2,262,1.384927988,1.879000000,0.075500000,0.018200000
sample,generation,original,128,140,2,1280,1.403872013,1.904900000,0.088300000,0.016600000
sample,generation,original,128,141,2,9151,1.395071983,1.939000000,0.102500000,0.015000000
sample,generation,original,128,142,2,13,1.420735955,1.651900000,0.096200000,0.024500000
sample,generation,original,128,143,2,383,1.379552007,1.597500000,0.066100000,0.015900000
sample,generation,ordered4,128,128,2,764,1.454015970,1.676700000,0.068800000,0.014200000
sample,generation,ordered4,128,129,2,383,1.454624057,1.964500000,0.108100000,0.023200000
sample,generation,ordered4,128,130,2,9653,1.445407987,1.671000000,0.063000000,0.011700000
sample,generation,ordered4,128,131,2,25834,1.441375971,1.948100000,0.067200000,0.012600000
sample,generation,ordered4,128,132,2,287,1.463647962,1.684600000,0.088000000,0.023100000
sample,generation,ordered4,128,133,2,262,1.447808027,1.942000000,0.068600000,0.013100000
sample,generation,ordered4,128,134,2,6076,1.465535998,1.950000000,0.093900000,0.021200000
sample,generation,ordered4,128,135,2,290,1.470656037,1.993500000,0.087300000,0.026000000
sample,generation,ordered4,128,136,2,389,1.455135942,1.765200000,0.077400000,0.014400000
sample,generation,ordered4,128,137,2,8104,1.501216054,1.805500000,0.158200000,0.041200000
sample,generation,ordered4,128,138,2,287,1.474079967,1.662200000,0.084200000,0.023600000
sample,generation,ordered4,128,139,2,262,1.458367944,1.647300000,0.062800000,0.015900000
sample,generation,ordered4,128,140,2,1280,1.451616049,2.030600000,0.060200000,0.012000000
sample,generation,ordered4,128,141,2,9151,1.462272048,1.829500000,0.072500000,0.014000000
sample,generation,ordered4,128,142,2,13,1.457344055,1.649300000,0.056200000,0.011100000
sample,generation,ordered4,128,143,2,383,1.454656005,1.671500000,0.058100000,0.010900000
sample,generation,ordered4,128,128,3,764,1.455135942,1.948800000,0.087000000,0.024400000
sample,generation,ordered4,128,129,3,383,1.443007946,1.921600000,0.065000000,0.012700000
sample,generation,ordered4,128,130,3,9653,1.444288015,1.655600000,0.061100000,0.010900000
sample,generation,ordered4,128,131,3,25834,1.444831967,1.946100000,0.068600000,0.014200000
sample,generation,ordered4,128,132,3,287,1.442687988,2.007700000,0.060100000,0.011500000
sample,generation,ordered4,128,133,3,262,1.451647997,1.666500000,0.069000000,0.014500000
sample,generation,ordered4,128,134,3,6076,1.447487950,1.641800000,0.065500000,0.012500000
sample,generation,ordered4,128,135,3,290,1.443168044,1.920300000,0.057200000,0.010600000
sample,generation,ordered4,128,136,3,389,1.447391987,1.797200000,0.059400000,0.010600000
sample,generation,ordered4,128,137,3,8104,1.476927996,1.979200000,0.099200000,0.028700000
sample,generation,ordered4,128,138,3,287,1.479135990,1.976300000,0.090000000,0.025300000
sample,generation,ordered4,128,139,3,262,1.453536034,1.774000000,0.059900000,0.011800000
sample,generation,ordered4,128,140,3,1280,1.478080034,1.963800000,0.098800000,0.024000000
sample,generation,ordered4,128,141,3,9151,1.464095950,1.678300000,0.071500000,0.016100000
sample,generation,ordered4,128,142,3,13,1.468224049,1.659600000,0.070900000,0.015700000
sample,generation,ordered4,128,143,3,383,1.455199957,1.960600000,0.059900000,0.011300000
sample,generation,original,128,128,3,764,1.362784028,1.563300000,0.068800000,0.013100000
sample,generation,original,128,129,3,383,1.368639946,1.659700000,0.061100000,0.011700000
sample,generation,original,128,130,3,9653,1.405951977,1.847700000,0.125700000,0.036800000
sample,generation,original,128,131,3,25834,1.422368050,1.974300000,0.165600000,0.045500000
sample,generation,original,128,132,3,287,1.381952047,1.884800000,0.082300000,0.020800000
sample,generation,original,128,133,3,262,1.376479983,1.924900000,0.069800000,0.013400000
sample,generation,original,128,134,3,6076,1.382688046,1.884000000,0.095800000,0.015900000
sample,generation,original,128,135,3,290,1.369408011,1.849300000,0.060700000,0.010500000
sample,generation,original,128,136,3,389,1.370432019,1.580700000,0.057800000,0.010600000
sample,generation,original,128,137,3,8104,1.391263962,1.612200000,0.078400000,0.019000000
sample,generation,original,128,138,3,287,1.378208041,1.882500000,0.069200000,0.013000000
sample,generation,original,128,139,3,262,1.372063994,1.562400000,0.058100000,0.010900000
sample,generation,original,128,140,3,1280,1.374464035,1.559900000,0.058700000,0.011300000
sample,generation,original,128,141,3,9151,1.379328012,1.567100000,0.061400000,0.011800000
sample,generation,original,128,142,3,13,1.379583955,1.630400000,0.052900000,0.010800000
sample,generation,original,128,143,3,383,1.391744018,1.576000000,0.082600000,0.021800000
sample,generation,original,128,128,4,764,1.360800028,1.864200000,0.059200000,0.010600000
sample,generation,original,128,129,4,383,1.365344048,1.860600000,0.058100000,0.010300000
sample,generation,original,128,130,4,9653,1.369215965,1.863700000,0.059000000,0.010500000
sample,generation,original,128,131,4,25834,1.406816006,1.895800000,0.101600000,0.035800000
sample,generation,original,128,132,4,287,1.375167966,1.904500000,0.070300000,0.016200000
sample,generation,original,128,133,4,262,1.376063943,1.567200000,0.065700000,0.012600000
sample,generation,original,128,134,4,6076,1.374431968,1.863300000,0.067500000,0.011600000
sample,generation,original,128,135,4,290,1.385599971,1.909400000,0.086300000,0.021700000
sample,generation,original,128,136,4,389,1.384224057,1.889200000,0.094800000,0.021900000
sample,generation,original,128,137,4,8104,1.380671978,1.894100000,0.067200000,0.015500000
sample,generation,original,128,138,4,287,1.377951980,1.570000000,0.061700000,0.011700000
sample,generation,original,128,139,4,262,1.371423960,1.873600000,0.058700000,0.010500000
sample,generation,original,128,140,4,1280,1.374879956,1.846800000,0.059100000,0.010400000
sample,generation,original,128,141,4,9151,1.391680002,1.893900000,0.100500000,0.019500000
sample,generation,original,128,142,4,13,1.385120034,1.888200000,0.063200000,0.013200000
sample,generation,original,128,143,4,383,1.371680021,1.654700000,0.059100000,0.010500000
sample,generation,ordered4,128,128,4,764,1.470080018,1.675400000,0.109400000,0.036000000
sample,generation,ordered4,128,129,4,383,1.441823959,1.920600000,0.061900000,0.011300000
sample,generation,ordered4,128,130,4,9653,1.448223948,1.991200000,0.069200000,0.017200000
sample,generation,ordered4,128,131,4,25834,1.448672056,1.638500000,0.073600000,0.018500000
sample,generation,ordered4,128,132,4,287,1.440479994,1.708700000,0.062100000,0.010900000
sample,generation,ordered4,128,133,4,262,1.459615946,1.939900000,0.074300000,0.020800000
sample,generation,ordered4,128,134,4,6076,1.447551966,1.965700000,0.059000000,0.011400000
sample,generation,ordered4,128,135,4,290,1.454048038,1.650200000,0.090800000,0.015900000
sample,generation,ordered4,128,136,4,389,1.447327971,1.963800000,0.060700000,0.011800000
sample,generation,ordered4,128,137,4,8104,1.451776028,1.800800000,0.059000000,0.011000000
sample,generation,ordered4,128,138,4,287,1.465888023,1.849700000,0.073500000,0.017800000
sample,generation,ordered4,128,139,4,262,1.475136042,2.016900000,0.088200000,0.023600000
sample,generation,ordered4,128,140,4,1280,1.456128001,1.649800000,0.067600000,0.013700000
sample,generation,ordered4,128,141,4,9151,1.466560006,1.985200000,0.099200000,0.017600000
sample,generation,ordered4,128,142,4,13,1.470047951,1.976200000,0.077400000,0.017100000
sample,generation,ordered4,128,143,4,383,1.457311988,1.931200000,0.059900000,0.011000000
sample,generation,ordered4,128,128,5,764,1.462975979,2.001800000,0.103800000,0.028200000
sample,generation,ordered4,128,129,5,383,1.469984055,1.691800000,0.096300000,0.027600000
sample,generation,ordered4,128,130,5,9653,1.454720020,1.672200000,0.078600000,0.017600000
sample,generation,ordered4,128,131,5,25834,1.441408038,1.649400000,0.060400000,0.011400000
sample,generation,ordered4,128,132,5,287,1.458400011,1.962200000,0.081900000,0.019900000
sample,generation,ordered4,128,133,5,262,1.446784019,1.944400000,0.062900000,0.011500000
sample,generation,ordered4,128,134,5,6076,1.447199941,1.945300000,0.059600000,0.011100000
sample,generation,ordered4,128,135,5,290,1.452031970,1.955700000,0.088600000,0.014900000
sample,generation,ordered4,128,136,5,389,1.445343971,1.635200000,0.060100000,0.011200000
sample,generation,ordered4,128,137,5,8104,1.450528026,1.638900000,0.058700000,0.010700000
sample,generation,ordered4,128,138,5,287,1.453151941,1.669700000,0.058900000,0.010800000
sample,generation,ordered4,128,139,5,262,1.451328039,1.639100000,0.063600000,0.012300000
sample,generation,ordered4,128,140,5,1280,1.477792025,1.671200000,0.070600000,0.016500000
sample,generation,ordered4,128,141,5,9151,1.455935955,1.642000000,0.059400000,0.011300000
sample,generation,ordered4,128,142,5,13,1.458559990,1.955500000,0.058900000,0.011200000
sample,generation,ordered4,128,143,5,383,1.455551982,1.667400000,0.058400000,0.010900000
sample,generation,original,128,128,5,764,1.361279964,1.827900000,0.063600000,0.011900000
sample,generation,original,128,129,5,383,1.370687962,1.829200000,0.062400000,0.012600000
sample,generation,original,128,130,5,9653,1.368607998,1.558300000,0.059900000,0.011900000
sample,generation,original,128,131,5,25834,1.365375996,1.556600000,0.061300000,0.011200000
sample,generation,original,128,132,5,287,1.384448051,1.867800000,0.073800000,0.019800000
sample,generation,original,128,133,5,262,1.392287970,1.910800000,0.086800000,0.023200000
sample,generation,original,128,134,5,6076,1.377056003,1.881000000,0.066700000,0.012500000
sample,generation,original,128,135,5,290,1.367104053,1.869100000,0.058200000,0.010600000
sample,generation,original,128,136,5,389,1.378239989,1.890800000,0.068100000,0.015800000
sample,generation,original,128,137,5,8104,1.373311996,1.563600000,0.059600000,0.011000000
sample,generation,original,128,138,5,287,1.376127958,1.565400000,0.058100000,0.010700000
sample,generation,original,128,139,5,262,1.372799993,1.893000000,0.058500000,0.011000000
sample,generation,original,128,140,5,1280,1.377375960,1.573400000,0.064700000,0.012300000
sample,generation,original,128,141,5,9151,1.392416000,1.591000000,0.071000000,0.018100000
sample,generation,original,128,142,5,13,1.380576015,1.882400000,0.059600000,0.011100000
sample,generation,original,128,143,5,383,1.372768044,1.694700000,0.058000000,0.010700000
sample,generation,original,128,128,6,764,1.360416055,1.546800000,0.061800000,0.011800000
sample,generation,original,128,129,6,383,1.367712021,1.806700000,0.057500000,0.010900000
sample,generation,original,128,130,6,9653,1.413696051,1.943800000,0.140300000,0.037200000
sample,generation,original,128,131,6,25834,1.410207987,1.959400000,0.117400000,0.038800000
sample,generation,original,128,132,6,287,1.369696021,1.567200000,0.064700000,0.012100000
sample,generation,original,128,133,6,262,1.372575998,1.825200000,0.061300000,0.011800000
sample,generation,original,128,134,6,6076,1.397024035,1.975800000,0.104400000,0.024700000
sample,generation,original,128,135,6,290,1.373535991,1.879900000,0.075200000,0.015400000
sample,generation,original,128,136,6,389,1.371808052,1.847800000,0.063100000,0.011000000
sample,generation,original,128,137,6,8104,1.382495999,1.587000000,0.071200000,0.015900000
sample,generation,original,128,138,6,287,1.375615954,1.870900000,0.061200000,0.011000000
sample,generation,original,128,139,6,262,1.371327996,1.874900000,0.060000000,0.010600000
sample,generation,original,128,140,6,1280,1.375519991,1.561200000,0.061900000,0.010900000
sample,generation,original,128,141,6,9151,1.376639962,1.876300000,0.060700000,0.011100000
sample,generation,original,128,142,6,13,1.380671978,1.882800000,0.058900000,0.010500000
sample,generation,original,128,143,6,383,1.369856000,1.871800000,0.059300000,0.010700000
sample,generation,ordered4,128,128,6,764,1.431391954,1.640700000,0.052400000,0.011100000
sample,generation,ordered4,128,129,6,383,1.459295988,1.975900000,0.076300000,0.020600000
sample,generation,ordered4,128,130,6,9653,1.446367979,1.648400000,0.066900000,0.013400000
sample,generation,ordered4,128,131,6,25834,1.441727996,1.657300000,0.060200000,0.011200000
sample,generation,ordered4,128,132,6,287,1.453408003,1.944300000,0.069400000,0.021600000
sample,generation,ordered4,128,133,6,262,1.443647981,1.921000000,0.068400000,0.010500000
sample,generation,ordered4,128,134,6,6076,1.492416024,1.902400000,0.108200000,0.040700000
sample,generation,ordered4,128,135,6,290,1.487648010,1.715000000,0.104900000,0.033900000
sample,generation,ordered4,128,136,6,389,1.457856059,1.950700000,0.077600000,0.018800000
sample,generation,ordered4,128,137,6,8104,1.490463972,1.715700000,0.123900000,0.031800000
sample,generation,ordered4,128,138,6,287,1.476672053,1.693400000,0.084200000,0.025400000
sample,generation,ordered4,128,139,6,262,1.457280040,1.805100000,0.083300000,0.015500000
sample,generation,ordered4,128,140,6,1280,1.458719969,1.684300000,0.064100000,0.014900000
sample,generation,ordered4,128,141,6,9151,1.461536050,1.667200000,0.065900000,0.015200000
sample,generation,ordered4,128,142,6,13,1.464223981,1.653900000,0.060000000,0.013500000
sample,generation,ordered4,128,143,6,383,1.455392003,1.926400000,0.060200000,0.012100000
sample,generation,ordered4,128,128,7,764,1.446079969,1.675900000,0.081100000,0.018800000
sample,generation,ordered4,128,129,7,383,1.454175949,1.982100000,0.103300000,0.020400000
sample,generation,ordered4,128,130,7,9653,1.465247989,1.958800000,0.094400000,0.025400000
sample,generation,ordered4,128,131,7,25834,1.452640057,1.927400000,0.104000000,0.018900000
sample,generation,ordered4,128,132,7,287,1.447008014,1.952600000,0.066400000,0.014400000
sample,generation,ordered4,128,133,7,262,1.447808027,1.962200000,0.060400000,0.012100000
sample,generation,ordered4,128,134,7,6076,1.460000038,1.684200000,0.071700000,0.017600000
sample,generation,ordered4,128,135,7,290,1.448480010,1.972700000,0.065500000,0.014600000
sample,generation,ordered4,128,136,7,389,1.444959998,1.899400000,0.058400000,0.011100000
sample,generation,ordered4,128,137,7,8104,1.467872024,1.960500000,0.081600000,0.022300000
sample,generation,ordered4,128,138,7,287,1.464800000,1.658400000,0.099600000,0.019400000
sample,generation,ordered4,128,139,7,262,1.452160001,1.656000000,0.060400000,0.012200000
sample,generation,ordered4,128,140,7,1280,1.452000022,1.980700000,0.061100000,0.012000000
sample,generation,ordered4,128,141,7,9151,1.458335996,1.905000000,0.068200000,0.013600000
sample,generation,ordered4,128,142,7,13,1.468639970,1.974000000,0.091200000,0.016600000
sample,generation,ordered4,128,143,7,383,1.462720037,1.969000000,0.063600000,0.013800000
sample,generation,original,128,128,7,764,1.376672029,1.603800000,0.081100000,0.023300000
sample,generation,original,128,129,7,383,1.381952047,1.893600000,0.075900000,0.019000000
sample,generation,original,128,130,7,9653,1.368512034,1.795800000,0.059600000,0.011200000
sample,generation,original,128,131,7,25834,1.400447965,1.925000000,0.118100000,0.031900000
sample,generation,original,128,132,7,287,1.385856032,1.890100000,0.081500000,0.022000000
sample,generation,original,128,133,7,262,1.372640014,1.847200000,0.062800000,0.011300000
sample,generation,original,128,134,7,6076,1.395231962,1.965600000,0.090300000,0.022900000
sample,generation,original,128,135,7,290,1.400320053,1.666200000,0.118400000,0.029100000
sample,generation,original,128,136,7,389,1.389919996,1.594800000,0.095900000,0.022700000
sample,generation,original,128,137,7,8104,1.382336020,1.584100000,0.069800000,0.015300000
sample,generation,original,128,138,7,287,1.375103951,1.870400000,0.058300000,0.010900000
sample,generation,original,128,139,7,262,1.372607946,1.864400000,0.059300000,0.011000000
sample,generation,original,128,140,7,1280,1.374495983,1.876900000,0.072600000,0.010400000
sample,generation,original,128,141,7,9151,1.383903980,1.888500000,0.065200000,0.014800000
sample,generation,original,128,142,7,13,1.380928040,1.578400000,0.058100000,0.010900000
sample,generation,original,128,143,7,383,1.379232049,1.881500000,0.064900000,0.014300000
sample,generation,original,128,128,8,764,1.369856000,1.583500000,0.068400000,0.017000000
sample,generation,original,128,129,8,383,1.377215981,1.566700000,0.094400000,0.015700000
sample,generation,original,128,130,8,9653,1.369920015,1.557000000,0.060500000,0.011000000
sample,generation,original,128,131,8,25834,1.363487959,1.771400000,0.058900000,0.010300000
sample,generation,original,128,132,8,287,1.374624014,1.595200000,0.069500000,0.015000000
sample,generation,original,128,133,8,262,1.375743985,1.822500000,0.070700000,0.015100000
sample,generation,original,128,134,8,6076,1.430688024,1.933100000,0.135100000,0.049700000
sample,generation,original,128,135,8,290,1.400832057,1.606300000,0.100200000,0.030200000
sample,generation,original,128,136,8,389,1.373023987,1.561900000,0.064900000,0.012700000
sample,generation,original,128,137,8,8104,1.374400020,1.888900000,0.063300000,0.012200000
sample,generation,original,128,138,8,287,1.393440008,1.890800000,0.105300000,0.022500000
sample,generation,original,128,139,8,262,1.405472040,1.644400000,0.102000000,0.029000000
sample,generation,original,128,140,8,1280,1.379199982,1.969100000,0.067500000,0.013200000
sample,generation,original,128,141,8,9151,1.382112026,1.831900000,0.066400000,0.012200000
sample,generation,original,128,142,8,13,1.391584039,1.611000000,0.069700000,0.016200000
sample,generation,original,128,143,8,383,1.389855981,1.869700000,0.084200000,0.021600000
sample,generation,ordered4,128,128,8,764,1.435680032,1.628300000,0.063300000,0.011100000
sample,generation,ordered4,128,129,8,383,1.443552017,1.929900000,0.064200000,0.012200000
sample,generation,ordered4,128,130,8,9653,1.448351979,1.864600000,0.080000000,0.014600000
sample,generation,ordered4,128,131,8,25834,1.461472034,1.925400000,0.086500000,0.022000000
sample,generation,ordered4,128,132,8,287,1.447872043,1.658000000,0.068300000,0.011600000
sample,generation,ordered4,128,133,8,262,1.445152044,1.659400000,0.060100000,0.012600000
sample,generation,ordered4,128,134,8,6076,1.466591954,1.957000000,0.085000000,0.021600000
sample,generation,ordered4,128,135,8,290,1.454527974,1.691000000,0.087900000,0.016000000
sample,generation,ordered4,128,136,8,389,1.473407984,1.687400000,0.082500000,0.018900000
sample,generation,ordered4,128,137,8,8104,1.454079986,1.662100000,0.065700000,0.013200000
sample,generation,ordered4,128,138,8,287,1.465664029,1.932600000,0.077900000,0.019100000
sample,generation,ordered4,128,139,8,262,1.459967971,1.770100000,0.069800000,0.016700000
sample,generation,ordered4,128,140,8,1280,1.478080034,1.679900000,0.080200000,0.022300000
sample,generation,ordered4,128,141,8,9151,1.464768052,1.671100000,0.080300000,0.018400000
sample,generation,ordered4,128,142,8,13,1.459488034,1.960400000,0.060700000,0.011500000
sample,generation,ordered4,128,143,8,383,1.476063967,1.669900000,0.105700000,0.014600000
sample,generation,ordered4,128,128,9,764,1.439264059,1.654600000,0.070800000,0.015600000
sample,generation,ordered4,128,129,9,383,1.446112037,1.652900000,0.065600000,0.015800000
sample,generation,ordered4,128,130,9,9653,1.445919991,1.661800000,0.061400000,0.013100000
sample,generation,ordered4,128,131,9,25834,1.447999954,1.666900000,0.067200000,0.016500000
sample,generation,ordered4,128,132,9,287,1.449823976,1.686900000,0.090100000,0.016600000
sample,generation,ordered4,128,133,9,262,1.449983954,1.661400000,0.067500000,0.015800000
sample,generation,ordered4,128,134,9,6076,1.451295972,1.967600000,0.063800000,0.012700000
sample,generation,ordered4,128,135,9,290,1.449952006,1.928500000,0.071000000,0.014500000
sample,generation,ordered4,128,136,9,389,1.470175982,2.032600000,0.087800000,0.023600000
sample,generation,ordered4,128,137,9,8104,1.454432011,1.936400000,0.070400000,0.014300000
sample,generation,ordered4,128,138,9,287,1.468672037,1.983800000,0.083900000,0.020900000
sample,generation,ordered4,128,139,9,262,1.470783949,2.023200000,0.085500000,0.020300000
sample,generation,ordered4,128,140,9,1280,1.487807989,1.691300000,0.112400000,0.030300000
sample,generation,ordered4,128,141,9,9151,1.468703985,1.972400000,0.087400000,0.018300000
sample,generation,ordered4,128,142,9,13,1.464128017,1.953900000,0.075200000,0.015000000
sample,generation,ordered4,128,143,9,383,1.500735998,1.967800000,0.107200000,0.027000000
sample,generation,original,128,128,9,764,1.370432019,1.856100000,0.075200000,0.017000000
sample,generation,original,128,129,9,383,1.401823997,1.915800000,0.103700000,0.034600000
sample,generation,original,128,130,9,9653,1.373311996,1.563300000,0.063600000,0.012000000
sample,generation,original,128,131,9,25834,1.378272057,1.711100000,0.074200000,0.017500000
sample,generation,original,128,132,9,287,1.380192041,1.923200000,0.074300000,0.018100000
sample,generation,original,128,133,9,262,1.375488043,1.566700000,0.067500000,0.013300000
sample,generation,original,128,134,9,6076,1.373919964,1.896600000,0.059100000,0.010800000
sample,generation,original,128,135,9,290,1.368703961,1.768800000,0.072900000,0.012700000
sample,generation,original,128,136,9,389,1.425215960,1.970200000,0.127200000,0.035600000
sample,generation,original,128,137,9,8104,1.381471992,1.577000000,0.073700000,0.014900000
sample,generation,original,128,138,9,287,1.374176025,1.780700000,0.061100000,0.010500000
sample,generation,original,128,139,9,262,1.422016025,1.814900000,0.139900000,0.039000000
sample,generation,original,128,140,9,1280,1.413056016,1.670000000,0.093000000,0.029700000
sample,generation,original,128,141,9,9151,1.400192022,1.613500000,0.080300000,0.025700000
sample,generation,original,128,142,9,13,1.404736042,1.745700000,0.101300000,0.024100000
sample,generation,original,128,143,9,383,1.403807998,1.656900000,0.089100000,0.030400000
sample,generation,original,128,128,10,764,1.388960004,1.625100000,0.090100000,0.031600000
sample,generation,original,128,129,10,383,1.400928020,1.636500000,0.093900000,0.033800000
sample,generation,original,128,130,10,9653,1.404703975,1.621600000,0.091200000,0.035200000
sample,generation,original,128,131,10,25834,1.412736058,1.653800000,0.111400000,0.041000000
sample,generation,original,128,132,10,287,1.403936028,1.621100000,0.096700000,0.033500000
sample,generation,original,128,133,10,262,1.403040051,1.649300000,0.101400000,0.031600000
sample,generation,original,128,134,10,6076,1.419360042,1.645300000,0.108300000,0.041800000
sample,generation,original,128,135,10,290,1.375743985,1.578900000,0.068200000,0.017100000
sample,generation,original,128,136,10,389,1.371999979,1.553000000,0.065200000,0.012800000
sample,generation,original,128,137,10,8104,1.375040054,1.580800000,0.051900000,0.011000000
sample,generation,original,128,138,10,287,1.397503972,1.608100000,0.076800000,0.022900000
sample,generation,original,128,139,10,262,1.374304056,1.555700000,0.060600000,0.013000000
sample,generation,original,128,140,10,1280,1.374112010,1.568100000,0.051900000,0.010500000
sample,generation,original,128,141,10,9151,1.381376028,1.638800000,0.064100000,0.013100000
sample,generation,original,128,142,10,13,1.423424006,1.938200000,0.115100000,0.038100000
sample,generation,original,128,143,10,383,1.376960039,1.873300000,0.064700000,0.012600000
sample,generation,ordered4,128,128,10,764,1.432512045,1.923100000,0.052500000,0.011200000
sample,generation,ordered4,128,129,10,383,1.482432008,1.813000000,0.108100000,0.038500000
sample,generation,ordered4,128,130,10,9653,1.445727944,1.625200000,0.063000000,0.013700000
sample,generation,ordered4,128,131,10,25834,1.438688040,1.626900000,0.055200000,0.011700000
sample,generation,ordered4,128,132,10,287,1.447327971,2.010300000,0.068100000,0.013600000
sample,generation,ordered4,128,133,10,262,1.480991960,1.843200000,0.101100000,0.024600000
sample,generation,ordered4,128,134,10,6076,1.449568033,1.753900000,0.056200000,0.012200000
sample,generation,ordered4,128,135,10,290,1.450880051,1.844400000,0.070100000,0.013600000
sample,generation,ordered4,128,136,10,389,1.494912028,1.695400000,0.120000000,0.041100000
sample,generation,ordered4,128,137,10,8104,1.467007995,1.651900000,0.072000000,0.020700000
sample,generation,ordered4,128,138,10,287,1.454879999,1.965600000,0.135600000,0.011700000
sample,generation,ordered4,128,139,10,262,1.473024011,1.896000000,0.085700000,0.023600000
sample,generation,ordered4,128,140,10,1280,1.453920007,1.633100000,0.057600000,0.011900000
sample,generation,ordered4,128,141,10,9151,1.454527974,1.810000000,0.052100000,0.010800000
sample,generation,ordered4,128,142,10,13,1.468415976,2.075500000,0.076500000,0.016200000
sample,generation,ordered4,128,143,10,383,1.494624019,1.690900000,0.096900000,0.024900000
sample,generation,ordered4,128,128,11,764,1.440127969,1.627500000,0.079100000,0.015500000
sample,generation,ordered4,128,129,11,383,1.441120028,1.660900000,0.059300000,0.011500000
sample,generation,ordered4,128,130,11,9653,1.454624057,1.931300000,0.078800000,0.019100000
sample,generation,ordered4,128,131,11,25834,1.509824038,1.703100000,0.131100000,0.019500000
sample,generation,ordered4,128,132,11,287,1.444640040,1.924700000,0.058200000,0.014200000
sample,generation,ordered4,128,133,11,262,1.581055999,2.133100000,0.206500000,0.139800000
sample,generation,ordered4,128,134,11,6076,1.455103993,1.838000000,0.067700000,0.015500000
sample,generation,ordered4,128,135,11,290,1.445727944,1.987200000,0.054600000,0.012100000
sample,generation,ordered4,128,136,11,389,1.462751985,1.860800000,0.080500000,0.019900000
sample,generation,ordered4,128,137,11,8104,1.452095985,1.642000000,0.061600000,0.013100000
sample,generation,ordered4,128,138,11,287,1.453376055,1.914500000,0.060700000,0.011300000
sample,generation,ordered4,128,139,11,262,1.453472018,2.011800000,0.081600000,0.013300000
sample,generation,ordered4,128,140,11,1280,1.464223981,1.964700000,0.102000000,0.020100000
sample,generation,ordered4,128,141,11,9151,1.455935955,1.645900000,0.059700000,0.011100000
sample,generation,ordered4,128,142,11,13,1.459936023,1.889200000,0.059400000,0.011400000
sample,generation,ordered4,128,143,11,383,1.497920036,2.021500000,0.125600000,0.035100000
sample,generation,original,128,128,11,764,1.366912007,1.861900000,0.071700000,0.015200000
sample,generation,original,128,129,11,383,1.369120002,1.872000000,0.060000000,0.011200000
sample,generation,original,128,130,11,9653,1.370975971,1.560500000,0.059300000,0.010700000
sample,generation,original,128,131,11,25834,1.366976023,1.867100000,0.058000000,0.010300000
sample,generation,original,128,132,11,287,1.372480035,1.900300000,0.067500000,0.013600000
sample,generation,original,128,133,11,262,1.395967960,1.932400000,0.090300000,0.023900000
sample,generation,original,128,134,11,6076,1.382943988,1.963700000,0.072200000,0.015900000
sample,generation,original,128,135,11,290,1.370496035,1.600500000,0.063900000,0.012400000
sample,generation,original,128,136,11,389,1.382527947,1.850900000,0.077200000,0.016900000
sample,generation,original,128,137,11,8104,1.376255989,1.562400000,0.066100000,0.012900000
sample,generation,original,128,138,11,287,1.375776052,1.608000000,0.058300000,0.011000000
sample,generation,original,128,139,11,262,1.395455956,1.839300000,0.083600000,0.019000000
sample,generation,original,128,140,11,1280,1.402559996,1.971100000,0.102800000,0.025700000
sample,generation,original,128,141,11,9151,1.389855981,1.898600000,0.101100000,0.018700000
sample,generation,original,128,142,11,13,1.381055951,1.874600000,0.068300000,0.010700000
sample,generation,original,128,143,11,383,1.384735942,1.929400000,0.078600000,0.021200000
sample,generation,original,128,128,12,764,1.362336040,1.832500000,0.059600000,0.010900000
sample,generation,original,128,129,12,383,1.368927956,1.562100000,0.076200000,0.012800000
sample,generation,original,128,130,12,9653,1.367359996,1.660400000,0.057900000,0.010600000
sample,generation,original,128,131,12,25834,1.375903964,1.857400000,0.069300000,0.017100000
sample,generation,original,128,132,12,287,1.367743969,1.590900000,0.059800000,0.010800000
sample,generation,original,128,133,12,262,1.374912024,1.814500000,0.069600000,0.014200000
sample,generation,original,128,134,12,6076,1.396352053,1.824700000,0.096200000,0.025300000
sample,generation,original,128,135,12,290,1.398527980,1.924000000,0.116100000,0.029100000
sample,generation,original,128,136,12,389,1.394271970,1.919900000,0.093100000,0.024300000
sample,generation,original,128,137,12,8104,1.380159974,1.880600000,0.078700000,0.015700000
sample,generation,original,128,138,12,287,1.375808001,1.594800000,0.059900000,0.010900000
sample,generation,original,128,139,12,262,1.387071967,1.948300000,0.099000000,0.016700000
sample,generation,original,128,140,12,1280,1.397600055,1.596100000,0.085200000,0.021900000
sample,generation,original,128,141,12,9151,1.382112026,1.885400000,0.064100000,0.012600000
sample,generation,original,128,142,12,13,1.380895972,1.589900000,0.060900000,0.011100000
sample,generation,original,128,143,12,383,1.375712037,1.780700000,0.064100000,0.012300000
sample,generation,ordered4,128,128,12,764,1.450111985,1.830500000,0.083600000,0.021200000
sample,generation,ordered4,128,129,12,383,1.446560025,1.979700000,0.072600000,0.014800000
sample,generation,ordered4,128,130,12,9653,1.464511991,1.969100000,0.091400000,0.024200000
sample,generation,ordered4,128,131,12,25834,1.451359987,1.955700000,0.074200000,0.016500000
sample,generation,ordered4,128,132,12,287,1.443807960,1.698600000,0.063400000,0.011600000
sample,generation,ordered4,128,133,12,262,1.459424019,1.849200000,0.093900000,0.023000000
sample,generation,ordered4,128,134,12,6076,1.455775976,1.735100000,0.063000000,0.016500000
sample,generation,ordered4,128,135,12,290,1.444383979,1.946600000,0.053400000,0.011200000
sample,generation,ordered4,128,136,12,389,1.470496058,1.681400000,0.083200000,0.016600000
sample,generation,ordered4,128,137,12,8104,1.449920058,1.630600000,0.059900000,0.012900000
sample,generation,ordered4,128,138,12,287,1.452960014,1.641200000,0.051500000,0.010900000
sample,generation,ordered4,128,139,12,262,1.450304031,1.984700000,0.058000000,0.011100000
sample,generation,ordered4,128,140,12,1280,1.544543982,1.795700000,0.210300000,0.069300000
sample,generation,ordered4,128,141,12,9151,1.513407946,1.684100000,0.130500000,0.038400000
sample,generation,ordered4,128,142,12,13,1.471935987,1.701700000,0.063300000,0.018000000
sample,generation,ordered4,128,143,12,383,1.482143998,1.695100000,0.089600000,0.026400000
sample,generation,ordered4,128,128,13,764,1.455423951,1.671200000,0.081600000,0.023700000
sample,generation,ordered4,128,129,13,383,1.451679945,1.669000000,0.068000000,0.018600000
sample,generation,ordered4,128,130,13,9653,1.460703969,1.678600000,0.080100000,0.022500000
sample,generation,ordered4,128,131,13,25834,1.445119977,1.628700000,0.065300000,0.014900000
sample,generation,ordered4,128,132,13,287,1.440960050,1.659600000,0.052900000,0.010900000
sample,generation,ordered4,128,133,13,262,1.446463943,1.759700000,0.061100000,0.012400000
sample,generation,ordered4,128,134,13,6076,1.468000054,1.677000000,0.073900000,0.015900000
sample,generation,ordered4,128,135,13,290,1.445567966,1.644000000,0.059700000,0.013300000
sample,generation,ordered4,128,136,13,389,1.445855975,1.930400000,0.056500000,0.011000000
sample,generation,ordered4,128,137,13,8104,1.473407984,2.044700000,0.088100000,0.025700000
sample,generation,ordered4,128,138,13,287,1.457568049,1.655100000,0.073400000,0.015200000
sample,generation,ordered4,128,139,13,262,1.451104045,1.899400000,0.061500000,0.011300000
sample,generation,ordered4,128,140,13,1280,1.474176049,1.955300000,0.084300000,0.021400000
sample,generation,ordered4,128,141,13,9151,1.467488050,1.688100000,0.103200000,0.018300000
sample,generation,ordered4,128,142,13,13,1.458624005,1.643300000,0.054900000,0.011800000
sample,generation,ordered4,128,143,13,383,1.457728028,1.719500000,0.054100000,0.012100000
sample,generation,original,128,128,13,764,1.398656011,1.638700000,0.121100000,0.036500000
sample,generation,original,128,129,13,383,1.423583984,1.706400000,0.134100000,0.046300000
sample,generation,original,128,130,13,9653,1.399775982,1.607700000,0.089400000,0.032500000
sample,generation,original,128,131,13,25834,1.390944004,1.611500000,0.093700000,0.026800000
sample,generation,original,128,132,13,287,1.386816025,1.608400000,0.080400000,0.022500000
sample,generation,original,128,133,13,262,1.377472043,1.556700000,0.080500000,0.016000000
sample,generation,original,128,134,13,6076,1.374047995,1.560400000,0.052700000,0.010900000
sample,generation,original,128,135,13,290,1.388095975,1.605000000,0.069300000,0.022400000
sample,generation,original,128,136,13,389,1.377727985,1.564000000,0.066400000,0.016300000
sample,generation,original,128,137,13,8104,1.371680021,1.559400000,0.053000000,0.010800000
sample,generation,original,128,138,13,287,1.375040054,1.587700000,0.058200000,0.010800000
sample,generation,original,128,139,13,262,1.404351950,1.626400000,0.100000000,0.029100000
sample,generation,original,128,140,13,1280,1.399999976,1.587700000,0.082400000,0.023700000
sample,generation,original,128,141,13,9151,1.379935980,1.572300000,0.055800000,0.011900000
sample,generation,original,128,142,13,13,1.388831973,1.630400000,0.062900000,0.015600000
sample,generation,original,128,143,13,383,1.381376028,1.601500000,0.090800000,0.017800000
sample,generation,original,128,128,14,764,1.368991971,1.626900000,0.069800000,0.016600000
sample,generation,original,128,129,14,383,1.375872016,1.642500000,0.071700000,0.017100000
sample,generation,original,128,130,14,9653,1.381952047,1.651400000,0.076800000,0.020800000
sample,generation,original,128,131,14,25834,1.376512051,1.637200000,0.071200000,0.018200000
sample,generation,original,128,132,14,287,1.378496051,1.633700000,0.069700000,0.016400000
sample,generation,original,128,133,14,262,1.381088018,1.689200000,0.076300000,0.016500000
sample,generation,original,128,134,14,6076,1.395967960,1.714100000,0.095100000,0.025900000
sample,generation,original,128,135,14,290,1.403712034,1.607400000,0.107700000,0.034800000
sample,generation,original,128,136,14,389,1.389183998,1.597800000,0.072200000,0.020800000
sample,generation,original,128,137,14,8104,1.412896037,1.636200000,0.105400000,0.035700000
sample,generation,original,128,138,14,287,1.381600022,1.584000000,0.066200000,0.015200000
sample,generation,original,128,139,14,262,1.375712037,1.564700000,0.060000000,0.013000000
sample,generation,original,128,140,14,1280,1.375584006,1.842100000,0.057700000,0.011300000
sample,generation,original,128,141,14,9151,1.390112042,1.785500000,0.099600000,0.018600000
sample,generation,original,128,142,14,13,1.382879972,1.597400000,0.064500000,0.012600000
sample,generation,original,128,143,14,383,1.373664021,1.839200000,0.072300000,0.013000000
sample,generation,ordered4,128,128,14,764,1.447456002,1.966600000,0.098100000,0.018100000
sample,generation,ordered4,128,129,14,383,1.443647981,1.950000000,0.069200000,0.012600000
sample,generation,ordered4,128,130,14,9653,1.440287948,1.654100000,0.058800000,0.011000000
sample,generation,ordered4,128,131,14,25834,1.449440002,1.668000000,0.093000000,0.016000000
sample,generation,ordered4,128,132,14,287,1.449887991,1.954000000,0.072500000,0.015800000
sample,generation,ordered4,128,133,14,262,1.445727944,1.939600000,0.061900000,0.011000000
sample,generation,ordered4,128,134,14,6076,1.446943998,1.907700000,0.057800000,0.010900000
sample,generation,ordered4,128,135,14,290,1.474207997,1.693800000,0.093100000,0.028000000
sample,generation,ordered4,128,136,14,389,1.451104045,1.931800000,0.070600000,0.014100000
sample,generation,ordered4,128,137,14,8104,1.451679945,1.923800000,0.063000000,0.011100000
sample,generation,ordered4,128,138,14,287,1.479936004,1.968700000,0.106000000,0.028800000
sample,generation,ordered4,128,139,14,262,1.475136042,1.690600000,0.084500000,0.024400000
sample,generation,ordered4,128,140,14,1280,1.454496026,1.693400000,0.065600000,0.012000000
sample,generation,ordered4,128,141,14,9151,1.480224013,1.791300000,0.092700000,0.024300000
sample,generation,ordered4,128,142,14,13,1.464223981,1.962400000,0.073900000,0.014900000
sample,generation,ordered4,128,143,14,383,1.454687953,1.965200000,0.060300000,0.010700000
sample,generation,ordered4,128,128,15,764,1.489120007,1.726900000,0.124600000,0.045600000
sample,generation,ordered4,128,129,15,383,1.463968039,1.947700000,0.094500000,0.024800000
sample,generation,ordered4,128,130,15,9653,1.454336047,1.674600000,0.093600000,0.017600000
sample,generation,ordered4,128,131,15,25834,1.465824008,1.683700000,0.086300000,0.025200000
sample,generation,ordered4,128,132,15,287,1.449183941,1.662300000,0.083600000,0.015600000
sample,generation,ordered4,128,133,15,262,1.451071978,2.047100000,0.063800000,0.014300000
sample,generation,ordered4,128,134,15,6076,1.479295969,1.707900000,0.106400000,0.028600000
sample,generation,ordered4,128,135,15,290,1.451519966,1.656900000,0.091200000,0.017200000
sample,generation,ordered4,128,136,15,389,1.457695961,1.663400000,0.073200000,0.018300000
sample,generation,ordered4,128,137,15,8104,1.453760028,1.672700000,0.064000000,0.014900000
sample,generation,ordered4,128,138,15,287,1.461279988,1.669700000,0.099200000,0.018500000
sample,generation,ordered4,128,139,15,262,1.457152009,1.773700000,0.065200000,0.017300000
sample,generation,ordered4,128,140,15,1280,1.496703982,1.729300000,0.116400000,0.039500000
sample,generation,ordered4,128,141,15,9151,1.491840005,1.746700000,0.098200000,0.031100000
sample,generation,ordered4,128,142,15,13,1.501119971,1.720000000,0.104700000,0.037800000
sample,generation,ordered4,128,143,15,383,1.464032054,1.675500000,0.068800000,0.018100000
sample,generation,original,128,128,15,764,1.367807984,1.638300000,0.073000000,0.016700000
sample,generation,original,128,129,15,383,1.410848022,1.638500000,0.108900000,0.036000000
sample,generation,original,128,130,15,9653,1.393728018,1.614200000,0.089000000,0.025800000
sample,generation,original,128,131,15,25834,1.373792052,1.563200000,0.067400000,0.017200000
sample,generation,original,128,132,15,287,1.371199965,1.566800000,0.056800000,0.012100000
sample,generation,original,128,133,15,262,1.397791982,1.619900000,0.082700000,0.027000000
sample,generation,original,128,134,15,6076,1.374464035,1.556400000,0.054500000,0.011800000
sample,generation,original,128,135,15,290,1.366943955,1.593300000,0.052600000,0.010700000
sample,generation,original,128,136,15,389,1.368767977,1.560600000,0.054700000,0.010500000
sample,generation,original,128,137,15,8104,1.390143991,1.571600000,0.064300000,0.013400000
sample,generation,original,128,138,15,287,1.375264049,1.561400000,0.051000000,0.010600000
sample,generation,original,128,139,15,262,1.372735977,1.617700000,0.056800000,0.010800000
sample,generation,original,128,140,15,1280,1.401407957,2.000600000,0.095100000,0.026800000
sample,generation,original,128,141,15,9151,1.409312010,1.689800000,0.096500000,0.030800000
sample,generation,original,128,142,15,13,1.407008052,1.608700000,0.099400000,0.026700000
sample,generation,original,128,143,15,383,1.375808001,1.885000000,0.063700000,0.014300000
sample,generation,original,512,512,0,558,1.611904025,1.946100000,0.058400000,0.011000000
sample,generation,original,512,513,0,272,1.672031999,2.251600000,0.116700000,0.037100000
sample,generation,original,512,514,0,837,1.629055977,1.937000000,0.074600000,0.014400000
sample,generation,original,512,515,0,351,1.622048020,1.918400000,0.070400000,0.010500000
sample,generation,original,512,516,0,257,1.633695960,2.159800000,0.094900000,0.017800000
sample,generation,original,512,517,0,1767,1.627712011,2.129400000,0.070600000,0.012800000
sample,generation,original,512,518,0,4129,1.626080036,2.115500000,0.059400000,0.010600000
sample,generation,original,512,519,0,510,1.629567981,1.853300000,0.067500000,0.014300000
sample,generation,original,512,520,0,284,1.624415994,2.096600000,0.066300000,0.012500000
sample,generation,original,512,521,0,3126,1.635071993,1.842100000,0.065000000,0.014700000
sample,generation,original,512,522,0,1247,1.628831983,2.132000000,0.060400000,0.011000000
sample,generation,original,512,523,0,38813,1.628960013,2.133100000,0.064300000,0.012100000
sample,generation,original,512,524,0,411,1.628224015,1.880600000,0.059200000,0.010400000
sample,generation,original,512,525,0,357,1.644896030,2.131000000,0.072000000,0.018800000
sample,generation,original,512,526,0,1987,1.645599961,1.842000000,0.093600000,0.016600000
sample,generation,original,512,527,0,287,1.627967954,2.199600000,0.062800000,0.012100000
sample,generation,ordered4,512,512,0,558,1.915583968,2.410900000,0.061500000,0.011300000
sample,generation,ordered4,512,513,0,272,1.928480029,2.434100000,0.092400000,0.016000000
sample,generation,ordered4,512,514,0,837,1.923167944,2.425400000,0.059700000,0.011400000
sample,generation,ordered4,512,515,0,351,1.923040032,2.413300000,0.063100000,0.013100000
sample,generation,ordered4,512,516,0,257,1.929087996,2.435000000,0.087700000,0.014800000
sample,generation,ordered4,512,517,0,1767,1.922495961,2.446600000,0.059400000,0.010900000
sample,generation,ordered4,512,518,0,4129,1.928864002,2.427900000,0.067000000,0.013100000
sample,generation,ordered4,512,519,0,510,1.942047954,2.488200000,0.075000000,0.013600000
sample,generation,ordered4,512,520,0,284,1.954239964,2.543300000,0.110400000,0.027500000
sample,generation,ordered4,512,521,0,3126,1.941920042,2.451100000,0.077200000,0.018900000
sample,generation,ordered4,512,522,0,1247,1.929504037,2.343500000,0.065700000,0.011000000
sample,generation,ordered4,512,523,0,38813,1.940608025,2.451900000,0.073000000,0.016900000
sample,generation,ordered4,512,524,0,411,1.928959966,2.238200000,0.060000000,0.011400000
sample,generation,ordered4,512,525,0,357,1.946079969,2.446100000,0.070800000,0.016300000
sample,generation,ordered4,512,526,0,1987,1.946655989,2.444400000,0.072900000,0.016100000
sample,generation,ordered4,512,527,0,287,1.939007998,2.436900000,0.066200000,0.012300000
sample,generation,ordered4,512,512,1,558,1.926272035,2.122200000,0.076400000,0.018500000
sample,generation,ordered4,512,513,1,272,1.920480013,2.404500000,0.063800000,0.012300000
sample,generation,ordered4,512,514,1,837,1.938719988,2.139100000,0.087900000,0.021500000
sample,generation,ordered4,512,515,1,351,1.931872010,2.121900000,0.067900000,0.018300000
sample,generation,ordered4,512,516,1,257,1.921344042,2.117200000,0.059000000,0.011500000
sample,generation,ordered4,512,517,1,1767,1.923359990,2.435400000,0.061100000,0.012200000
sample,generation,ordered4,512,518,1,4129,1.928351998,2.427500000,0.063200000,0.011900000
sample,generation,ordered4,512,519,1,510,1.924512029,2.404000000,0.059200000,0.010900000
sample,generation,ordered4,512,520,1,284,1.929216027,2.409000000,0.065600000,0.014500000
sample,generation,ordered4,512,521,1,3126,1.936768055,2.133800000,0.068900000,0.015700000
sample,generation,ordered4,512,522,1,1247,1.931103945,2.452200000,0.057600000,0.011800000
sample,generation,ordered4,512,523,1,38813,1.954911947,2.160900000,0.094900000,0.025000000
sample,generation,ordered4,512,524,1,411,1.931103945,2.380800000,0.060600000,0.011600000
sample,generation,ordered4,512,525,1,357,1.941632032,2.139700000,0.063000000,0.014400000
sample,generation,ordered4,512,526,1,1987,1.937440038,2.447200000,0.061100000,0.011600000
sample,generation,ordered4,512,527,1,287,1.934111953,2.411900000,0.060600000,0.010700000
sample,generation,original,512,512,1,558,1.616127968,1.800100000,0.055000000,0.011400000
sample,generation,original,512,513,1,272,1.621472001,1.802700000,0.054100000,0.011400000
sample,generation,original,512,514,1,837,1.632928014,1.827200000,0.063800000,0.016000000
sample,generation,original,512,515,1,351,1.623424053,1.830900000,0.059400000,0.011300000
sample,generation,original,512,516,1,257,1.644832015,2.159900000,0.084600000,0.016600000
sample,generation,original,512,517,1,1767,1.644320011,2.186600000,0.079700000,0.021100000
sample,generation,original,512,518,1,4129,1.628448009,2.091900000,0.063600000,0.012100000
sample,generation,original,512,519,1,510,1.641919971,1.909300000,0.108500000,0.022800000
sample,generation,original,512,520,1,284,1.647007942,2.194700000,0.089500000,0.023800000
sample,generation,original,512,521,1,3126,1.627840042,1.948600000,0.065100000,0.011400000
sample,generation,original,512,522,1,1247,1.639520049,1.866000000,0.093100000,0.015900000
sample,generation,original,512,523,1,38813,1.631456017,2.133700000,0.068600000,0.013000000
sample,generation,original,512,524,1,411,1.629152060,2.094700000,0.058500000,0.010600000
sample,generation,original,512,525,1,357,1.644608021,2.150000000,0.070000000,0.015900000
sample,generation,original,512,526,1,1987,1.636127949,2.153600000,0.060200000,0.011400000
sample,generation,original,512,527,1,287,1.630815983,1.859700000,0.067800000,0.013700000
sample,generation,original,512,512,2,558,1.613759995,2.128800000,0.058200000,0.011500000
sample,generation,original,512,513,2,272,1.628128052,2.136800000,0.069700000,0.014800000
sample,generation,original,512,514,2,837,1.624799967,1.911200000,0.059400000,0.010500000
sample,generation,original,512,515,2,351,1.641280055,2.117100000,0.095900000,0.020800000
sample,generation,original,512,516,2,257,1.653120041,2.236200000,0.099200000,0.032300000
sample,generation,original,512,517,2,1767,1.653983951,1.855900000,0.095700000,0.029100000
sample,generation,original,512,518,2,4129,1.630720019,1.827200000,0.067800000,0.011700000
sample,generation,original,512,519,2,510,1.633568048,2.141400000,0.073300000,0.016700000
sample,generation,original,512,520,2,284,1.626016021,1.816800000,0.062800000,0.011600000
sample,generation,original,512,521,2,3126,1.626752019,2.104400000,0.058500000,0.010700000
sample,generation,original,512,522,2,1247,1.628160000,2.161500000,0.058900000,0.010400000
sample,generation,original,512,523,2,38813,1.640831947,2.151700000,0.075700000,0.018000000
sample,generation,original,512,524,2,411,1.637536049,1.834900000,0.076800000,0.014900000
sample,generation,original,512,525,2,357,1.639999986,2.173900000,0.074500000,0.015100000
sample,generation,original,512,526,2,1987,1.637824059,2.143200000,0.077100000,0.013200000
sample,generation,original,512,527,2,287,1.626528025,2.032100000,0.058900000,0.010800000
sample,generation,ordered4,512,512,2,558,1.956159949,2.470500000,0.115100000,0.039500000
sample,generation,ordered4,512,513,2,272,1.924064040,2.419900000,0.067000000,0.013000000
sample,generation,ordered4,512,514,2,837,1.969535947,2.486900000,0.120600000,0.040800000
sample,generation,ordered4,512,515,2,351,1.921535969,2.111000000,0.065500000,0.013300000
sample,generation,ordered4,512,516,2,257,1.927744031,2.416000000,0.072800000,0.015500000
sample,generation,ordered4,512,517,2,1767,1.945984006,2.640700000,0.092700000,0.024500000
sample,generation,ordered4,512,518,2,4129,1.939712048,2.398300000,0.082000000,0.017600000
sample,generation,ordered4,512,519,2,510,1.948351979,2.457700000,0.094700000,0.025000000
sample,generation,ordered4,512,520,2,284,1.930240035,2.439300000,0.067600000,0.012700000
sample,generation,ordered4,512,521,2,3126,1.932863951,2.421000000,0.067200000,0.012800000
sample,generation,ordered4,512,522,2,1247,1.935328007,2.436100000,0.073100000,0.013100000
sample,generation,ordered4,512,523,2,38813,1.935263991,2.434400000,0.067000000,0.017100000
sample,generation,ordered4,512,524,2,411,1.994367957,2.341700000,0.180700000,0.043800000
sample,generation,ordered4,512,525,2,357,1.985152006,2.273700000,0.127600000,0.044400000
sample,generation,ordered4,512,526,2,1987,1.995679975,2.381600000,0.128500000,0.052300000
sample,generation,ordered4,512,527,2,287,1.993567944,2.327700000,0.139800000,0.050200000
sample,generation,ordered4,512,512,3,558,1.926687956,2.383200000,0.109000000,0.018700000
sample,generation,ordered4,512,513,3,272,1.954399943,2.340700000,0.113500000,0.032000000
sample,generation,ordered4,512,514,3,837,1.929535985,2.143000000,0.070600000,0.016600000
sample,generation,ordered4,512,515,3,351,1.921823978,2.356300000,0.061500000,0.013400000
sample,generation,ordered4,512,516,3,257,1.940224051,2.457000000,0.079300000,0.020000000
sample,generation,ordered4,512,517,3,1767,1.922623992,2.522700000,0.062900000,0.011400000
sample,generation,ordered4,512,518,3,4129,1.942911983,2.141100000,0.082300000,0.020200000
sample,generation,ordered4,512,519,3,510,1.925151944,2.425000000,0.063900000,0.011100000
sample,generation,ordered4,512,520,3,284,1.925055981,2.434400000,0.059500000,0.011500000
sample,generation,ordered4,512,521,3,3126,1.934880018,2.126600000,0.070300000,0.014300000
sample,generation,ordered4,512,522,3,1247,1.941568017,2.139200000,0.090600000,0.016300000
sample,generation,ordered4,512,523,3,38813,1.928735971,2.471900000,0.063400000,0.011100000
sample,generation,ordered4,512,524,3,411,1.942975998,2.453400000,0.079600000,0.018300000
sample,generation,ordered4,512,525,3,357,1.934911966,2.406200000,0.061900000,0.011200000
sample,generation,ordered4,512,526,3,1987,1.943392038,2.162600000,0.072400000,0.016500000
sample,generation,ordered4,512,527,3,287,1.937631965,2.443600000,0.070300000,0.014300000
sample,generation,original,512,512,3,558,1.618752003,2.120700000,0.066900000,0.011500000
sample,generation,original,512,513,3,272,1.623551965,2.125900000,0.065800000,0.010700000
sample,generation,original,512,514,3,837,1.632383943,2.183900000,0.073100000,0.015900000
sample,generation,original,512,515,3,351,1.621760011,2.125700000,0.063700000,0.011800000
sample,generation,original,512,516,3,257,1.622591972,1.859800000,0.063800000,0.010300000
sample,generation,original,512,517,3,1767,1.654559970,1.876100000,0.094200000,0.025100000
sample,generation,original,512,518,3,4129,1.633376002,1.847700000,0.106000000,0.015000000
sample,generation,original,512,519,3,510,1.625823975,2.122900000,0.070200000,0.013700000
sample,generation,original,512,520,3,284,1.632063985,2.110800000,0.073200000,0.015700000
sample,generation,original,512,521,3,3126,1.681983948,2.062900000,0.112300000,0.050100000
sample,generation,original,512,522,3,1247,1.634400010,1.819400000,0.061400000,0.012900000
sample,generation,original,512,523,3,38813,1.627712011,2.121900000,0.060500000,0.010900000
sample,generation,original,512,524,3,411,1.658048034,2.262100000,0.088000000,0.031500000
sample,generation,original,512,525,3,357,1.635167956,1.864500000,0.063100000,0.012900000
sample,generation,original,512,526,3,1987,1.637375951,2.130800000,0.071200000,0.012600000
sample,generation,original,512,527,3,287,1.630048037,2.133600000,0.063900000,0.011200000
sample,generation,original,512,512,4,558,1.616575956,1.814400000,0.057400000,0.012500000
sample,generation,original,512,513,4,272,1.641183972,1.892100000,0.074700000,0.022300000
sample,generation,original,512,514,4,837,1.665184021,1.969200000,0.103500000,0.036200000
sample,generation,original,512,515,4,351,1.662400007,1.971400000,0.105200000,0.037900000
sample,generation,original,512,516,4,257,1.677279949,1.949100000,0.123100000,0.046800000
sample,generation,original,512,517,4,1767,1.662688017,2.146900000,0.112100000,0.034800000
sample,generation,original,512,518,4,4129,1.642271996,2.042400000,0.081900000,0.021500000
sample,generation,original,512,519,4,510,1.656224012,2.146500000,0.100600000,0.029900000
sample,generation,original,512,520,4,284,1.628383994,1.922900000,0.078600000,0.014100000
sample,generation,original,512,521,4,3126,1.664736032,2.174800000,0.111200000,0.034000000
sample,generation,original,512,522,4,1247,1.660799980,2.080100000,0.101200000,0.029300000
sample,generation,original,512,523,4,38813,1.647295952,2.111700000,0.083300000,0.022700000
sample,generation,original,512,524,4,411,1.633919954,2.133500000,0.071600000,0.013900000
sample,generation,original,512,525,4,357,1.637663960,2.137400000,0.069400000,0.014700000
sample,generation,original,512,526,4,1987,1.637856007,2.152700000,0.064600000,0.012500000
sample,generation,original,512,527,4,287,1.627519965,1.817100000,0.062200000,0.011600000
sample,generation,ordered4,512,512,4,558,1.927263975,2.453100000,0.082700000,0.020800000
sample,generation,ordered4,512,513,4,272,1.930624008,2.125500000,0.073300000,0.017400000
sample,generation,ordered4,512,514,4,837,1.922080040,2.159200000,0.063500000,0.012200000
sample,generation,ordered4,512,515,4,351,1.945536017,2.459500000,0.091400000,0.025400000
sample,generation,ordered4,512,516,4,257,1.921375990,2.419600000,0.063900000,0.012600000
sample,generation,ordered4,512,517,4,1767,1.923135996,2.279300000,0.060500000,0.010800000
sample,generation,ordered4,512,518,4,4129,1.929535985,2.202000000,0.057700000,0.013400000
sample,generation,ordered4,512,519,4,510,1.924128056,2.107000000,0.052600000,0.011000000
sample,generation,ordered4,512,520,4,284,1.930879951,2.118000000,0.079800000,0.014600000
sample,generation,ordered4,512,521,4,3126,1.928480029,2.155100000,0.054400000,0.011100000
sample,generation,ordered4,512,522,4,1247,1.931007981,2.116900000,0.056100000,0.012800000
sample,generation,ordered4,512,523,4,38813,1.931807995,2.117000000,0.058500000,0.013700000
sample,generation,ordered4,512,524,4,411,1.930816054,2.112700000,0.054400000,0.011900000
sample,generation,ordered4,512,525,4,357,1.930752039,2.111200000,0.053000000,0.011000000
sample,generation,ordered4,512,526,4,1987,1.934175968,2.115500000,0.051300000,0.010700000
sample,generation,ordered4,512,527,4,287,1.935328007,2.123500000,0.064100000,0.013600000
sample,generation,ordered4,512,512,5,558,1.914656043,2.104600000,0.061300000,0.011600000
sample,generation,ordered4,512,513,5,272,1.923743963,2.440600000,0.061900000,0.012200000
sample,generation,ordered4,512,514,5,837,1.921664000,2.275600000,0.060700000,0.011200000
sample,generation,ordered4,512,515,5,351,1.921664000,2.275700000,0.056500000,0.015000000
sample,generation,ordered4,512,516,5,257,1.917791963,2.271800000,0.052000000,0.010800000
sample,generation,ordered4,512,517,5,1767,1.923840046,2.112900000,0.052800000,0.011100000
sample,generation,ordered4,512,518,5,4129,1.933632016,2.122800000,0.081000000,0.015300000
sample,generation,ordered4,512,519,5,510,1.928895950,2.114000000,0.059600000,0.013900000
sample,generation,ordered4,512,520,5,284,1.924896002,2.108300000,0.052500000,0.011100000
sample,generation,ordered4,512,521,5,3126,1.937376022,2.125400000,0.059800000,0.014600000
sample,generation,ordered4,512,522,5,1247,1.931200027,2.113200000,0.054200000,0.011200000
sample,generation,ordered4,512,523,5,38813,1.927008033,2.108600000,0.052200000,0.010900000
sample,generation,ordered4,512,524,5,411,1.932255983,2.240100000,0.057800000,0.013300000
sample,generation,ordered4,512,525,5,357,1.964032054,3.025200000,0.095800000,0.029400000
sample,generation,ordered4,512,526,5,1987,1.951328039,2.137900000,0.073100000,0.021000000
sample,generation,ordered4,512,527,5,287,1.932767987,2.145200000,0.053900000,0.011100000
sample,generation,original,512,512,5,558,1.660768032,2.121300000,0.107500000,0.044800000
sample,generation,original,512,513,5,272,1.625632048,1.817400000,0.070600000,0.015000000
sample,generation,original,512,514,5,837,1.629951954,1.815700000,0.081700000,0.016200000
sample,generation,original,512,515,5,351,1.622207999,1.809800000,0.053800000,0.011500000
sample,generation,original,512,516,5,257,1.624639988,1.953400000,0.060000000,0.012100000
sample,generation,original,512,517,5,1767,1.646368027,2.111400000,0.082200000,0.023500000
sample,generation,original,512,518,5,4129,1.632320046,1.984800000,0.066100000,0.013600000
sample,generation,original,512,519,5,510,1.629791975,1.850000000,0.072700000,0.015500000
sample,generation,original,512,520,5,284,1.633504033,2.006800000,0.074600000,0.018200000
sample,generation,original,512,521,5,3126,1.630208015,1.812700000,0.061700000,0.012800000
sample,generation,original,512,522,5,1247,1.629727960,1.834800000,0.053800000,0.011400000
sample,generation,original,512,523,5,38813,1.641504049,1.832900000,0.069000000,0.019300000
sample,generation,original,512,524,5,411,1.628960013,1.811500000,0.053900000,0.011100000
sample,generation,original,512,525,5,357,1.634080052,1.816900000,0.053400000,0.011200000
sample,generation,original,512,526,5,1987,1.634495974,1.832700000,0.055400000,0.011200000
sample,generation,original,512,527,5,287,1.643808007,1.846500000,0.072200000,0.022100000
sample,generation,original,512,512,6,558,1.614848018,1.830300000,0.051900000,0.011200000
sample,generation,original,512,513,6,272,1.658112049,1.865400000,0.094900000,0.035000000
sample,generation,original,512,514,6,837,1.630784035,1.963400000,0.066100000,0.016300000
sample,generation,original,512,515,6,351,1.621600032,1.848100000,0.059800000,0.011100000
sample,generation,original,512,516,6,257,1.643808007,1.871300000,0.083000000,0.023000000
sample,generation,original,512,517,6,1767,1.631680012,1.861300000,0.077100000,0.014700000
sample,generation,original,512,518,6,4129,1.631456017,1.855800000,0.070200000,0.013000000
sample,generation,original,512,519,6,510,1.638432026,2.127100000,0.081700000,0.020600000
sample,generation,original,512,520,6,284,1.627840042,1.849900000,0.071900000,0.013300000
sample,generation,original,512,521,6,3126,1.631935954,2.139500000,0.069700000,0.013700000
sample,generation,original,512,522,6,1247,1.637951970,2.135100000,0.074200000,0.015100000
sample,generation,original,512,523,6,38813,1.810112000,2.037300000,0.250700000,0.178700000
sample,generation,original,512,524,6,411,1.638399959,1.928800000,0.090400000,0.018800000
sample,generation,original,512,525,6,357,1.663519979,1.971500000,0.118800000,0.029700000
sample,generation,original,512,526,6,1987,1.669056058,1.890100000,0.119700000,0.033600000
sample,generation,original,512,527,6,287,1.647007942,1.894000000,0.082700000,0.024500000
sample,generation,ordered4,512,512,6,558,1.914528012,2.115100000,0.068100000,0.011300000
sample,generation,ordered4,512,513,6,272,1.941023946,2.143400000,0.083300000,0.021900000
sample,generation,ordered4,512,514,6,837,1.921375990,2.378700000,0.065300000,0.011400000
sample,generation,ordered4,512,515,6,351,1.921151996,2.106900000,0.063100000,0.011200000
sample,generation,ordered4,512,516,6,257,1.919872046,2.408900000,0.058200000,0.010600000
sample,generation,ordered4,512,517,6,1767,1.939264059,2.455500000,0.075300000,0.018800000
sample,generation,ordered4,512,518,6,4129,1.934880018,2.133100000,0.067200000,0.015200000
sample,generation,ordered4,512,519,6,510,1.934048057,2.492700000,0.082300000,0.017800000
sample,generation,ordered4,512,520,6,284,1.932639956,2.396800000,0.073400000,0.017200000
sample,generation,ordered4,512,521,6,3126,1.929183960,2.381400000,0.061900000,0.011200000
sample,generation,ordered4,512,522,6,1247,1.934175968,2.391800000,0.065600000,0.012000000
sample,generation,ordered4,512,523,6,38813,1.942463994,2.170900000,0.076300000,0.018600000
sample,generation,ordered4,512,524,6,411,1.950559974,2.178800000,0.079400000,0.021100000
sample,generation,ordered4,512,525,6,357,1.937631965,2.171800000,0.067200000,0.014800000
sample,generation,ordered4,512,526,6,1987,1.957823992,2.174700000,0.085600000,0.023200000
sample,generation,ordered4,512,527,6,287,1.941951990,2.168500000,0.090900000,0.017400000
sample,generation,ordered4,512,512,7,558,1.924160004,2.118300000,0.092700000,0.020700000
sample,generation,ordered4,512,513,7,272,1.933632016,2.151800000,0.073300000,0.014900000
sample,generation,ordered4,512,514,7,837,1.929247975,2.136200000,0.064700000,0.015800000
sample,generation,ordered4,512,515,7,351,1.923135996,2.110700000,0.062500000,0.013700000
sample,generation,ordered4,512,516,7,257,1.942752004,2.203400000,0.076900000,0.025400000
sample,generation,ordered4,512,517,7,1767,1.970816016,2.169900000,0.106800000,0.038300000
sample,generation,ordered4,512,518,7,4129,1.968255997,2.184800000,0.100400000,0.037600000
sample,generation,ordered4,512,519,7,510,1.963904023,2.158400000,0.096100000,0.032600000
sample,generation,ordered4,512,520,7,284,1.948032022,2.409100000,0.083200000,0.027900000
sample,generation,ordered4,512,521,7,3126,1.952864051,2.137600000,0.090400000,0.026800000
sample,generation,ordered4,512,522,7,1247,1.934335947,2.123500000,0.058500000,0.014100000
sample,generation,ordered4,512,523,7,38813,1.946815968,2.586800000,0.074900000,0.024000000
sample,generation,ordered4,512,524,7,411,2.012032032,2.284600000,0.152300000,0.061100000
sample,generation,ordered4,512,525,7,357,2.028768063,2.230300000,0.159000000,0.077900000
sample,generation,ordered4,512,526,7,1987,1.979264021,2.206000000,0.097300000,0.038600000
sample,generation,ordered4,512,527,7,287,1.969823956,2.186300000,0.097900000,0.035700000
sample,generation,original,512,512,7,558,1.627264023,2.184200000,0.077400000,0.019300000
sample,generation,original,512,513,7,272,1.630720019,2.130000000,0.076600000,0.016400000
sample,generation,original,512,514,7,837,1.624351978,2.079800000,0.068500000,0.010700000
sample,generation,original,512,515,7,351,1.627104044,2.131200000,0.077900000,0.015400000
sample,generation,original,512,516,7,257,1.629408002,1.822600000,0.069100000,0.015400000
sample,generation,original,512,517,7,1767,1.624127984,1.822500000,0.059100000,0.011100000
sample,generation,original,512,518,7,4129,1.645472050,2.145600000,0.113900000,0.020000000
sample,generation,original,512,519,7,510,1.644703984,1.869000000,0.112900000,0.025600000
sample,generation,original,512,520,7,284,1.626271963,2.156000000,0.070500000,0.012900000
sample,generation,original,512,521,7,3126,1.652287960,1.873200000,0.095400000,0.022200000
sample,generation,original,512,522,7,1247,1.636639953,2.142300000,0.075000000,0.014900000
sample,generation,original,512,523,7,38813,1.629472017,1.837700000,0.066000000,0.011600000
sample,generation,original,512,524,7,411,1.649088025,2.175500000,0.076400000,0.019300000
sample,generation,original,512,525,7,357,1.648959994,2.203900000,0.084300000,0.019500000
sample,generation,original,512,526,7,1987,1.638272047,2.105800000,0.069700000,0.012700000
sample,generation,original,512,527,7,287,1.636863947,2.166600000,0.094400000,0.017500000
sample,generation,original,512,512,8,558,1.644032001,1.847300000,0.092500000,0.029400000
sample,generation,original,512,513,8,272,1.639968038,2.138300000,0.082900000,0.020500000
sample,generation,original,512,514,8,837,1.666687965,2.198800000,0.120900000,0.035500000
sample,generation,original,512,515,8,351,1.661792040,1.894600000,0.111800000,0.036100000
sample,generation,original,512,516,8,257,1.627488017,1.851200000,0.064400000,0.014300000
sample,generation,original,512,517,8,1767,1.633183956,2.022200000,0.074300000,0.016800000
sample,generation,original,512,518,8,4129,1.632416010,2.181800000,0.073100000,0.013900000
sample,generation,original,512,519,8,510,1.626495957,1.817000000,0.069200000,0.013100000
sample,generation,original,512,520,8,284,1.626080036,2.071900000,0.062300000,0.010700000
sample,generation,original,512,521,8,3126,1.641088009,2.131300000,0.099700000,0.017000000
sample,generation,original,512,522,8,1247,1.662271976,1.911600000,0.099600000,0.029300000
sample,generation,original,512,523,8,38813,1.634240031,1.848700000,0.069200000,0.016100000
sample,generation,original,512,524,8,411,1.647840023,1.865400000,0.070300000,0.022100000
sample,generation,original,512,525,8,357,1.654752016,1.850800000,0.083000000,0.024900000
sample,generation,original,512,526,8,1987,1.635071993,2.056300000,0.055600000,0.011600000
sample,generation,original,512,527,8,287,1.637312055,1.899800000,0.112400000,0.017200000
sample,generation,ordered4,512,512,8,558,1.935904026,2.417700000,0.090300000,0.024900000
sample,generation,ordered4,512,513,8,272,1.925408006,2.352000000,0.067700000,0.013300000
sample,generation,ordered4,512,514,8,837,1.955423951,2.206700000,0.098800000,0.029600000
sample,generation,ordered4,512,515,8,351,1.942752004,2.417300000,0.089200000,0.024100000
sample,generation,ordered4,512,516,8,257,1.938848019,2.389000000,0.082400000,0.020900000
sample,generation,ordered4,512,517,8,1767,1.948223948,2.466400000,0.090600000,0.025000000
sample,generation,ordered4,512,518,8,4129,1.944543958,2.455900000,0.082700000,0.020300000
sample,generation,ordered4,512,519,8,510,1.925151944,2.121700000,0.064200000,0.011500000
sample,generation,ordered4,512,520,8,284,1.923807979,2.175000000,0.060700000,0.010800000
sample,generation,ordered4,512,521,8,3126,1.953824043,2.168900000,0.100500000,0.024800000
sample,generation,ordered4,512,522,8,1247,1.949471951,2.167500000,0.075900000,0.020800000
sample,generation,ordered4,512,523,8,38813,1.933215976,2.136800000,0.084300000,0.014700000
sample,generation,ordered4,512,524,8,411,1.930879951,2.108700000,0.071600000,0.013000000
sample,generation,ordered4,512,525,8,357,1.952160001,2.142500000,0.071400000,0.019300000
sample,generation,ordered4,512,526,8,1987,1.936704040,2.118300000,0.056800000,0.011500000
sample,generation,ordered4,512,527,8,287,1.938048005,2.121300000,0.060800000,0.014600000
sample,generation,ordered4,512,512,9,558,1.911615968,2.101200000,0.054900000,0.011400000
sample,generation,ordered4,512,513,9,272,1.918975949,2.100000000,0.053100000,0.011000000
sample,generation,ordered4,512,514,9,837,1.921183944,2.104200000,0.051800000,0.010800000
sample,generation,ordered4,512,515,9,351,1.916095972,2.098600000,0.052800000,0.010900000
sample,generation,ordered4,512,516,9,257,1.920704007,2.162400000,0.053700000,0.011000000
sample,generation,ordered4,512,517,9,1767,1.951583982,2.440200000,0.079700000,0.021100000
sample,generation,ordered4,512,518,9,4129,1.947711945,2.472500000,0.086600000,0.023900000
sample,generation,ordered4,512,519,9,510,1.932960033,2.420600000,0.076500000,0.017400000
sample,generation,ordered4,512,520,9,284,1.927135944,2.163200000,0.061700000,0.010900000
sample,generation,ordered4,512,521,9,3126,1.936928034,2.133700000,0.063900000,0.016300000
sample,generation,ordered4,512,522,9,1247,1.935168028,2.126500000,0.063600000,0.014100000
sample,generation,ordered4,512,523,9,38813,1.927103996,2.244500000,0.057100000,0.010900000
sample,generation,ordered4,512,524,9,411,1.982336044,2.508100000,0.137200000,0.034600000
sample,generation,ordered4,512,525,9,357,1.960832000,2.164000000,0.088600000,0.023900000
sample,generation,ordered4,512,526,9,1987,1.937088013,2.415300000,0.064000000,0.012500000
sample,generation,ordered4,512,527,9,287,1.957695961,2.212000000,0.088900000,0.024000000
sample,generation,original,512,512,9,558,1.666336060,2.160700000,0.127300000,0.046300000
sample,generation,original,512,513,9,272,1.656672001,2.120700000,0.108400000,0.031200000
sample,generation,original,512,514,9,837,1.629248023,2.135300000,0.067700000,0.014600000
sample,generation,original,512,515,9,351,1.621472001,1.812200000,0.062900000,0.011200000
sample,generation,original,512,516,9,257,1.625663996,2.147800000,0.062500000,0.011700000
sample,generation,original,512,517,9,1767,1.651839972,2.147800000,0.092400000,0.029200000
sample,generation,original,512,518,9,4129,1.639999986,2.143900000,0.078300000,0.017500000
sample,generation,original,512,519,9,510,1.623360038,1.807300000,0.060700000,0.010800000
sample,generation,original,512,520,9,284,1.621984005,1.825600000,0.052200000,0.010500000
sample,generation,original,512,521,9,3126,1.630751967,1.817100000,0.059800000,0.012500000
sample,generation,original,512,522,9,1247,1.632480025,1.815700000,0.052100000,0.010500000
sample,generation,original,512,523,9,38813,1.626719952,1.847000000,0.052800000,0.010800000
sample,generation,original,512,524,9,411,1.653408051,2.209000000,0.079900000,0.024500000
sample,generation,original,512,525,9,357,1.655552030,2.170300000,0.092900000,0.024000000
sample,generation,original,512,526,9,1987,1.636224031,1.829500000,0.063800000,0.011200000
sample,generation,original,512,527,9,287,1.657951951,2.222500000,0.098600000,0.028300000
sample,generation,original,512,512,10,558,1.631296039,2.151600000,0.086100000,0.022800000
sample,generation,original,512,513,10,272,1.668959975,2.220200000,0.119600000,0.040600000
sample,generation,original,512,514,10,837,1.633056045,2.183800000,0.078600000,0.017200000
sample,generation,original,512,515,10,351,1.624223948,2.122200000,0.073500000,0.012800000
sample,generation,original,512,516,10,257,1.621664047,2.128000000,0.060600000,0.010500000
sample,generation,original,512,517,10,1767,1.637408018,2.144600000,0.080200000,0.018600000
sample,generation,original,512,518,10,4129,1.628703952,2.128300000,0.063800000,0.010700000
sample,generation,original,512,519,10,510,1.623167992,2.040500000,0.059300000,0.010800000
sample,generation,original,512,520,10,284,1.636448026,2.047300000,0.070400000,0.015400000
sample,generation,original,512,521,10,3126,1.647040009,1.860600000,0.078100000,0.022200000
sample,generation,original,512,522,10,1247,1.633823991,1.853200000,0.056100000,0.012400000
sample,generation,original,512,523,10,38813,1.628736019,1.824900000,0.063000000,0.012300000
sample,generation,original,512,524,10,411,1.630656004,2.119500000,0.058200000,0.010500000
sample,generation,original,512,525,10,357,1.632992029,2.134400000,0.059200000,0.010800000
sample,generation,original,512,526,10,1987,1.637439966,2.139400000,0.059000000,0.011400000
sample,generation,original,512,527,10,287,1.625280023,2.105100000,0.057600000,0.010400000
sample,generation,ordered4,512,512,10,558,1.916128039,2.410600000,0.071400000,0.014200000
sample,generation,ordered4,512,513,10,272,1.985216022,2.496800000,0.085900000,0.019500000
sample,generation,ordered4,512,514,10,837,1.935296059,2.448500000,0.077900000,0.018100000
sample,generation,ordered4,512,515,10,351,1.920608044,2.446800000,0.066300000,0.011300000
sample,generation,ordered4,512,516,10,257,1.933791995,2.440600000,0.070500000,0.014400000
sample,generation,ordered4,512,517,10,1767,1.922399998,2.179400000,0.060700000,0.010900000
sample,generation,ordered4,512,518,10,4129,1.931295991,2.161500000,0.061500000,0.014800000
sample,generation,ordered4,512,519,10,510,1.933760047,2.124100000,0.069000000,0.017700000
sample,generation,ordered4,512,520,10,284,1.927711964,2.114600000,0.055400000,0.011700000
sample,generation,ordered4,512,521,10,3126,1.927263975,2.110100000,0.053700000,0.010700000
sample,generation,ordered4,512,522,10,1247,1.936032057,2.126000000,0.080000000,0.014900000
sample,generation,ordered4,512,523,10,38813,1.928832054,2.165200000,0.054500000,0.011600000
sample,generation,ordered4,512,524,10,411,1.957888007,2.177700000,0.086600000,0.026200000
sample,generation,ordered4,512,525,10,357,1.954656005,2.163900000,0.080800000,0.023300000
sample,generation,ordered4,512,526,10,1987,1.936447978,2.485000000,0.064200000,0.012200000
sample,generation,ordered4,512,527,10,287,1.953408003,2.156100000,0.089100000,0.023500000
sample,generation,ordered4,512,512,11,558,1.932703972,2.410900000,0.084200000,0.025000000
sample,generation,ordered4,512,513,11,272,1.933087945,2.126600000,0.062700000,0.011700000
sample,generation,ordered4,512,514,11,837,1.921087980,2.105200000,0.053600000,0.011000000
sample,generation,ordered4,512,515,11,351,1.920063972,2.102600000,0.052300000,0.011000000
sample,generation,ordered4,512,516,11,257,1.925824046,2.112200000,0.059600000,0.014700000
sample,generation,ordered4,512,517,11,1767,1.921887994,2.100500000,0.053400000,0.011300000
sample,generation,ordered4,512,518,11,4129,1.927775979,2.110100000,0.053300000,0.011200000
sample,generation,ordered4,512,519,11,510,1.920287967,2.106500000,0.076800000,0.010900000
sample,generation,ordered4,512,520,11,284,1.943711996,2.127500000,0.068300000,0.016500000
sample,generation,ordered4,512,521,11,3126,1.928864002,2.110000000,0.054000000,0.011200000
sample,generation,ordered4,512,522,11,1247,1.928383946,2.112100000,0.059100000,0.010900000
sample,generation,ordered4,512,523,11,38813,1.937343955,2.125300000,0.060600000,0.015700000
sample,generation,ordered4,512,524,11,411,1.931967974,2.115500000,0.053800000,0.011400000
sample,generation,ordered4,512,525,11,357,1.934720039,2.121700000,0.055900000,0.014200000
sample,generation,ordered4,512,526,11,1987,1.939936042,2.210400000,0.058600000,0.013500000
sample,generation,ordered4,512,527,11,287,1.950623989,2.238500000,0.074700000,0.019200000
sample,generation,original,512,512,11,558,1.629824042,1.847500000,0.075100000,0.019100000
sample,generation,original,512,513,11,272,1.629343987,1.812700000,0.064500000,0.015200000
sample,generation,original,512,514,11,837,1.623008013,1.820800000,0.053200000,0.010800000
sample,generation,original,512,515,11,351,1.625408053,1.841500000,0.079300000,0.015700000
sample,generation,original,512,516,11,257,1.624544024,1.889600000,0.054000000,0.011200000
sample,generation,original,512,517,11,1767,1.650239944,2.203100000,0.084700000,0.027100000
sample,generation,original,512,518,11,4129,1.637536049,2.143600000,0.075300000,0.016100000
sample,generation,original,512,519,11,510,1.625504017,2.212200000,0.060300000,0.010900000
sample,generation,original,512,520,11,284,1.662495971,2.172500000,0.119600000,0.035300000
sample,generation,original,512,521,11,3126,1.631711960,2.136900000,0.064900000,0.011800000
sample,generation,original,512,522,11,1247,1.638463974,1.827100000,0.068500000,0.015200000
sample,generation,original,512,523,11,38813,1.629055977,2.092400000,0.061200000,0.011100000
sample,generation,original,512,524,11,411,1.637344003,2.205600000,0.091100000,0.015800000
sample,generation,original,512,525,11,357,1.653599977,2.214300000,0.091400000,0.023600000
sample,generation,original,512,526,11,1987,1.675071955,2.165600000,0.123900000,0.038200000
sample,generation,original,512,527,11,287,1.657888055,2.204900000,0.099600000,0.029400000
sample,generation,original,512,512,12,558,1.616287947,1.831000000,0.064200000,0.010800000
sample,generation,original,512,513,12,272,1.640480042,2.149500000,0.085200000,0.022300000
sample,generation,original,512,514,12,837,1.624544024,1.814300000,0.063700000,0.011000000
sample,generation,original,512,515,12,351,1.619519949,1.896900000,0.057600000,0.010300000
sample,generation,original,512,516,12,257,1.644160032,1.870200000,0.082900000,0.021300000
sample,generation,original,512,517,12,1767,1.628991961,2.128800000,0.066200000,0.013100000
sample,generation,original,512,518,12,4129,1.628767967,1.817700000,0.061300000,0.010800000
sample,generation,original,512,519,12,510,1.622367978,2.155900000,0.059700000,0.010500000
sample,generation,original,512,520,12,284,1.625568032,2.125300000,0.065300000,0.012500000
sample,generation,original,512,521,12,3126,1.626943946,2.123300000,0.057400000,0.010200000
sample,generation,original,512,522,12,1247,1.638847947,1.830100000,0.064900000,0.014200000
sample,generation,original,512,523,12,38813,1.625344038,1.829200000,0.057700000,0.010900000
sample,generation,original,512,524,12,411,1.635743976,2.165400000,0.065900000,0.015400000
sample,generation,original,512,525,12,357,1.642112017,2.004400000,0.090300000,0.016200000
sample,generation,original,512,526,12,1987,1.633759975,1.816800000,0.057900000,0.011200000
sample,generation,original,512,527,12,287,1.623936057,1.806700000,0.052100000,0.010700000
sample,generation,ordered4,512,512,12,558,1.912415981,2.266700000,0.054600000,0.011100000
sample,generation,ordered4,512,513,12,272,1.917407990,2.112700000,0.052900000,0.010600000
sample,generation,ordered4,512,514,12,837,1.931712031,2.120500000,0.063700000,0.016700000
sample,generation,ordered4,512,515,12,351,1.920639992,2.104900000,0.054000000,0.011000000
sample,generation,ordered4,512,516,12,257,1.925984025,2.110200000,0.058500000,0.013600000
sample,generation,ordered4,512,517,12,1767,1.922528028,2.104700000,0.052300000,0.010900000
sample,generation,ordered4,512,518,12,4129,1.923455954,2.106900000,0.052300000,0.011300000
sample,generation,ordered4,512,519,12,510,1.921919942,2.104700000,0.051800000,0.010900000
sample,generation,ordered4,512,520,12,284,1.920992017,2.151300000,0.051500000,0.010600000
sample,generation,ordered4,512,521,12,3126,1.943711996,3.005100000,0.074500000,0.017700000
sample,generation,ordered4,512,522,12,1247,2.107327938,2.361400000,0.235200000,0.100000000
sample,generation,ordered4,512,523,12,38813,1.928223968,2.137800000,0.052700000,0.011400000
sample,generation,ordered4,512,524,12,411,1.936352015,2.126300000,0.063800000,0.015400000
sample,generation,ordered4,512,525,12,357,1.933439970,2.120200000,0.057700000,0.011400000
sample,generation,ordered4,512,526,12,1987,1.936032057,2.126700000,0.057400000,0.010800000
sample,generation,ordered4,512,527,12,287,1.939839959,2.467800000,0.063500000,0.014200000
sample,generation,ordered4,512,512,13,558,1.953984022,2.465900000,0.150200000,0.038800000
sample,generation,ordered4,512,513,13,272,1.934208035,2.368500000,0.081300000,0.021800000
sample,generation,ordered4,512,514,13,837,1.970208049,2.428900000,0.121300000,0.041300000
sample,generation,ordered4,512,515,13,351,1.960255980,2.177100000,0.114100000,0.031900000
sample,generation,ordered4,512,516,13,257,1.925951958,2.351700000,0.066600000,0.016300000
sample,generation,ordered4,512,517,13,1767,1.954336047,2.194000000,0.098300000,0.033200000
sample,generation,ordered4,512,518,13,4129,1.930304050,2.416500000,0.070000000,0.013500000
sample,generation,ordered4,512,519,13,510,1.942463994,2.453400000,0.082000000,0.021800000
sample,generation,ordered4,512,520,13,284,1.927327991,2.407900000,0.064200000,0.012000000
sample,generation,ordered4,512,521,13,3126,1.927135944,2.121900000,0.059000000,0.010800000
sample,generation,ordered4,512,522,13,1247,1.935711980,2.435500000,0.061600000,0.012700000
sample,generation,ordered4,512,523,13,38813,1.927168012,2.433200000,0.060400000,0.011100000
sample,generation,ordered4,512,524,13,411,1.926656008,2.421800000,0.058500000,0.010500000
sample,generation,ordered4,512,525,13,357,1.931040049,2.183400000,0.057100000,0.010600000
sample,generation,ordered4,512,526,13,1987,1.983392000,2.223900000,0.103500000,0.030500000
sample,generation,ordered4,512,527,13,287,1.955872059,2.177500000,0.084000000,0.022800000
sample,generation,original,512,512,13,558,1.649471998,2.165800000,0.104100000,0.031800000
sample,generation,original,512,513,13,272,1.624160051,1.811600000,0.070800000,0.011300000
sample,generation,original,512,514,13,837,1.623775959,1.909000000,0.059800000,0.010600000
sample,generation,original,512,515,13,351,1.659551978,2.263300000,0.114000000,0.034300000
sample,generation,original,512,516,13,257,1.652672052,1.850200000,0.109500000,0.029200000
sample,generation,original,512,517,13,1767,1.627743959,2.100200000,0.065100000,0.012300000
sample,generation,original,512,518,13,4129,1.633983970,2.137800000,0.069000000,0.014800000
sample,generation,original,512,519,13,510,1.619456053,2.125100000,0.061200000,0.010900000
sample,generation,original,512,520,13,284,1.623200059,1.813300000,0.058300000,0.010400000
sample,generation,original,512,521,13,3126,1.629696012,1.818900000,0.066700000,0.011700000
sample,generation,original,512,522,13,1247,1.628800035,1.821500000,0.070500000,0.010400000
sample,generation,original,512,523,13,38813,1.648959994,2.150600000,0.077500000,0.016200000
sample,generation,original,512,524,13,411,1.628895998,1.817200000,0.062600000,0.011000000
sample,generation,original,512,525,13,357,1.630975962,1.830600000,0.057500000,0.010700000
sample,generation,original,512,526,13,1987,1.635424018,2.135500000,0.058200000,0.011000000
sample,generation,original,512,527,13,287,1.624927998,2.128200000,0.058000000,0.010800000
sample,generation,original,512,512,14,558,1.618111968,2.197300000,0.071000000,0.013400000
sample,generation,original,512,513,14,272,1.663712025,2.138100000,0.114000000,0.039000000
sample,generation,original,512,514,14,837,1.641247988,1.863600000,0.088900000,0.022900000
sample,generation,original,512,515,14,351,1.622751951,1.840100000,0.063900000,0.014400000
sample,generation,original,512,516,14,257,1.636639953,1.851100000,0.071500000,0.018800000
sample,generation,original,512,517,14,1767,1.627392054,1.823000000,0.061700000,0.013000000
sample,generation,original,512,518,14,4129,1.630175948,2.137200000,0.065600000,0.012100000
sample,generation,original,512,519,14,510,1.657343984,2.003700000,0.116100000,0.031400000
sample,generation,original,512,520,14,284,1.666079998,1.897900000,0.119400000,0.037500000
sample,generation,original,512,521,14,3126,1.650591969,1.881000000,0.082300000,0.024700000
sample,generation,original,512,522,14,1247,1.650975943,1.958200000,0.089300000,0.024700000
sample,generation,original,512,523,14,38813,1.685312033,1.914900000,0.134900000,0.048900000
sample,generation,original,512,524,14,411,1.649791956,1.896400000,0.082900000,0.025500000
sample,generation,original,512,525,14,357,1.670815945,1.887400000,0.105500000,0.024400000
sample,generation,original,512,526,14,1987,1.657855988,1.859400000,0.082500000,0.025100000
sample,generation,original,512,527,14,287,1.632992029,1.827500000,0.065900000,0.012900000
sample,generation,ordered4,512,512,14,558,1.931136012,2.135400000,0.114100000,0.022700000
sample,generation,ordered4,512,513,14,272,1.929344058,2.126200000,0.094500000,0.017500000
sample,generation,ordered4,512,514,14,837,1.922495961,2.428500000,0.062700000,0.011300000
sample,generation,ordered4,512,515,14,351,1.919072032,2.124500000,0.061300000,0.011900000
sample,generation,ordered4,512,516,14,257,1.926560044,2.162600000,0.069100000,0.015200000
sample,generation,ordered4,512,517,14,1767,1.941792011,2.445700000,0.092000000,0.022800000
sample,generation,ordered4,512,518,14,4129,1.936671972,2.438100000,0.099500000,0.021500000
sample,generation,ordered4,512,519,14,510,1.925151944,2.116900000,0.060000000,0.011000000
sample,generation,ordered4,512,520,14,284,1.928416014,2.432100000,0.063400000,0.013200000
sample,generation,ordered4,512,521,14,3126,1.929504037,2.118100000,0.059000000,0.011100000
sample,generation,ordered4,512,522,14,1247,1.930047989,2.298100000,0.059400000,0.010600000
sample,generation,ordered4,512,523,14,38813,1.938367963,2.122800000,0.061000000,0.015000000
sample,generation,ordered4,512,524,14,411,1.926784039,2.109800000,0.053300000,0.010800000
sample,generation,ordered4,512,525,14,357,1.930080056,2.112500000,0.053900000,0.010800000
sample,generation,ordered4,512,526,14,1987,1.934527993,2.116700000,0.052500000,0.010900000
sample,generation,ordered4,512,527,14,287,1.931648016,2.113200000,0.051800000,0.010700000
sample,generation,ordered4,512,512,15,558,1.911743999,2.411700000,0.063500000,0.010700000
sample,generation,ordered4,512,513,15,272,1.926944017,2.467800000,0.070200000,0.014700000
sample,generation,ordered4,512,514,15,837,1.923903942,2.428700000,0.069400000,0.012900000
sample,generation,ordered4,512,515,15,351,1.917984009,2.466800000,0.058800000,0.010700000
sample,generation,ordered4,512,516,15,257,1.943711996,2.364100000,0.096300000,0.024200000
sample,generation,ordered4,512,517,15,1767,1.933408022,2.129700000,0.069900000,0.016300000
sample,generation,ordered4,512,518,15,4129,1.926336050,2.431400000,0.060800000,0.011500000
sample,generation,ordered4,512,519,15,510,1.921504021,2.424600000,0.060600000,0.010600000
sample,generation,ordered4,512,520,15,284,1.924736023,2.434400000,0.058800000,0.010400000
sample,generation,ordered4,512,521,15,3126,1.930431962,2.427100000,0.064100000,0.011700000
sample,generation,ordered4,512,522,15,1247,1.942080021,2.140600000,0.072700000,0.012600000
sample,generation,ordered4,512,523,15,38813,1.926239967,2.451900000,0.058500000,0.011200000
sample,generation,ordered4,512,524,15,411,1.942271948,2.306000000,0.098400000,0.017200000
sample,generation,ordered4,512,525,15,357,1.933312058,2.210500000,0.054200000,0.011300000
sample,generation,ordered4,512,526,15,1987,1.938591957,2.142100000,0.056900000,0.013600000
sample,generation,ordered4,512,527,15,287,1.931743979,2.119500000,0.066100000,0.012800000
sample,generation,original,512,512,15,558,1.615967989,2.092900000,0.063500000,0.012300000
sample,generation,original,512,513,15,272,1.631615996,2.137300000,0.082500000,0.016900000
sample,generation,original,512,514,15,837,1.644448042,2.113500000,0.074800000,0.018500000
sample,generation,original,512,515,15,351,1.654816031,2.174600000,0.109200000,0.030100000
sample,generation,original,512,516,15,257,1.629920006,2.134700000,0.068600000,0.015700000
sample,generation,original,512,517,15,1767,1.628960013,1.818900000,0.061900000,0.011200000
sample,generation,original,512,518,15,4129,1.627071977,2.143700000,0.059900000,0.011500000
sample,generation,original,512,519,15,510,1.629791975,2.136700000,0.071900000,0.015500000
sample,generation,original,512,520,15,284,1.623487949,1.816100000,0.058200000,0.010700000
sample,generation,original,512,521,15,3126,1.628703952,2.146900000,0.058300000,0.011200000
sample,generation,original,512,522,15,1247,1.630848050,1.914700000,0.064600000,0.012800000
sample,generation,original,512,523,15,38813,1.636576056,1.838300000,0.086100000,0.015900000
sample,generation,original,512,524,15,411,1.631360054,2.134300000,0.059600000,0.011100000
sample,generation,original,512,525,15,357,1.632959962,2.133000000,0.058200000,0.010700000
sample,generation,original,512,526,15,1987,1.634752035,1.819300000,0.057800000,0.010500000
sample,generation,original,512,527,15,287,1.626399994,1.979700000,0.052200000,0.010600000
sample,generation,original,1007,1007,0,9106,1.951871991,2.452500000,0.073700000,0.015000000
sample,generation,original,1007,1008,0,3876,1.945215940,2.256900000,0.061800000,0.011700000
sample,generation,original,1007,1009,0,385,1.955775976,2.414800000,0.090400000,0.015500000
sample,generation,original,1007,1010,0,318,1.960863948,2.147700000,0.062900000,0.015200000
sample,generation,original,1007,1011,0,1043,1.946208000,2.126900000,0.053900000,0.011200000
sample,generation,original,1007,1012,0,287,1.953791976,2.135200000,0.057100000,0.013000000
sample,generation,original,1007,1013,0,262,1.951359987,2.299200000,0.052400000,0.010700000
sample,generation,original,1007,1014,0,2258,1.960672021,2.178500000,0.066300000,0.014500000
sample,generation,original,1007,1015,0,10596,1.951359987,2.448800000,0.066800000,0.013300000
sample,generation,original,1007,1016,0,10692,1.956320047,2.450000000,0.069700000,0.014000000
sample,generation,original,1007,1017,0,422,1.974015951,2.217600000,0.090800000,0.022800000
sample,generation,original,1007,1018,0,262,1.961215973,2.151700000,0.066900000,0.015600000
sample,generation,original,1007,1019,0,10183,1.951040030,2.140700000,0.058700000,0.010500000
sample,generation,original,1007,1020,0,19517,1.954560041,2.413700000,0.057800000,0.010500000
sample,generation,original,1007,1021,0,6896,1.961120009,2.148900000,0.061600000,0.013300000
sample,generation,original,1007,1022,0,284,1.961951971,2.426400000,0.061300000,0.011900000
sample,generation,ordered4,1007,1007,0,9106,2.528032064,2.762100000,0.055000000,0.011000000
sample,generation,ordered4,1007,1008,0,3876,2.542623997,2.736900000,0.068200000,0.017400000
sample,generation,ordered4,1007,1009,0,385,2.536128044,3.047500000,0.059600000,0.011300000
sample,generation,ordered4,1007,1010,0,318,2.547775984,3.059500000,0.098700000,0.016200000
sample,generation,ordered4,1007,1011,0,1043,2.531359911,3.038700000,0.059100000,0.011600000
sample,generation,ordered4,1007,1012,0,287,2.543071985,2.907400000,0.065400000,0.014100000
sample,generation,ordered4,1007,1013,0,262,2.537024021,2.858700000,0.052700000,0.010900000
sample,generation,ordered4,1007,1014,0,2258,2.536672115,2.718500000,0.051700000,0.010700000
sample,generation,ordered4,1007,1015,0,10596,2.535135984,2.766500000,0.052400000,0.010900000
sample,generation,ordered4,1007,1016,0,10692,2.555936098,2.751300000,0.079600000,0.020200000
sample,generation,ordered4,1007,1017,0,422,2.552095890,2.742500000,0.082100000,0.015700000
sample,generation,ordered4,1007,1018,0,262,2.544800043,2.755400000,0.054800000,0.011700000
sample,generation,ordered4,1007,1019,0,10183,2.551487923,2.756800000,0.092800000,0.017300000
sample,generation,ordered4,1007,1020,0,19517,2.542335987,2.756000000,0.058600000,0.011000000
sample,generation,ordered4,1007,1021,0,6896,2.561088085,3.091900000,0.090800000,0.020300000
sample,generation,ordered4,1007,1022,0,284,2.566431999,3.137800000,0.075700000,0.018800000
sample,generation,ordered4,1007,1007,1,9106,2.547935963,3.080400000,0.086700000,0.019500000
sample,generation,ordered4,1007,1008,1,3876,2.540447950,3.043000000,0.073700000,0.015900000
sample,generation,ordered4,1007,1009,1,385,2.533920050,3.017100000,0.063200000,0.011500000
sample,generation,ordered4,1007,1010,1,318,2.550112009,2.797300000,0.071700000,0.017400000
sample,generation,ordered4,1007,1011,1,1043,2.534303904,2.781400000,0.060200000,0.011900000
sample,generation,ordered4,1007,1012,1,287,2.545664072,2.748100000,0.076200000,0.016800000
sample,generation,ordered4,1007,1013,1,262,2.584959984,2.817900000,0.135800000,0.037400000
sample,generation,ordered4,1007,1014,1,2258,2.559200048,2.784600000,0.076200000,0.020200000
sample,generation,ordered4,1007,1015,1,10596,2.546367884,2.761700000,0.068300000,0.015900000
sample,generation,ordered4,1007,1016,1,10692,2.568032026,2.764400000,0.083600000,0.025700000
sample,generation,ordered4,1007,1017,1,422,2.545952082,2.843800000,0.064500000,0.013800000
sample,generation,ordered4,1007,1018,1,262,2.605792046,3.049600000,0.126300000,0.053600000
sample,generation,ordered4,1007,1019,1,10183,2.551327944,2.752400000,0.070400000,0.015800000
sample,generation,ordered4,1007,1020,1,19517,2.575423956,3.096800000,0.096700000,0.031000000
sample,generation,ordered4,1007,1021,1,6896,2.561919928,3.067900000,0.077200000,0.020600000
sample,generation,ordered4,1007,1022,1,284,2.560863972,3.065700000,0.070800000,0.016900000
sample,generation,original,1007,1007,1,9106,1.942175984,2.135200000,0.060500000,0.010900000
sample,generation,original,1007,1008,1,3876,1.954432011,2.468200000,0.071100000,0.017400000
sample,generation,original,1007,1009,1,385,1.948223948,2.223800000,0.063800000,0.011100000
sample,generation,original,1007,1010,1,318,1.980128050,2.551000000,0.099800000,0.030000000
sample,generation,original,1007,1011,1,1043,1.965216041,2.486300000,0.088700000,0.022400000
sample,generation,original,1007,1012,1,287,1.947199941,2.161600000,0.062400000,0.011100000
sample,generation,original,1007,1013,1,262,1.960351944,2.476800000,0.073800000,0.015900000
sample,generation,original,1007,1014,1,2258,1.953503966,2.428100000,0.061200000,0.010500000
sample,generation,original,1007,1015,1,10596,1.948768020,2.452700000,0.060100000,0.011600000
sample,generation,original,1007,1016,1,10692,1.960832000,2.160700000,0.072600000,0.011700000
sample,generation,original,1007,1017,1,422,1.952960014,2.414200000,0.059500000,0.011300000
sample,generation,original,1007,1018,1,262,1.953055978,2.462200000,0.058800000,0.010400000
sample,generation,original,1007,1019,1,10183,1.950752020,2.140500000,0.057800000,0.010700000
sample,generation,original,1007,1020,1,19517,1.952864051,2.166000000,0.058100000,0.010500000
sample,generation,original,1007,1021,1,6896,1.983680010,2.212300000,0.090800000,0.022100000
sample,generation,original,1007,1022,1,284,1.965312004,2.179000000,0.063500000,0.015400000
sample,generation,original,1007,1007,2,9106,1.997568011,2.691400000,0.115000000,0.050500000
sample,generation,original,1007,1008,2,3876,1.946239948,2.120500000,0.057600000,0.012400000
sample,generation,original,1007,1009,2,385,1.948320031,2.134000000,0.053200000,0.010900000
sample,generation,original,1007,1010,2,318,1.967936039,2.165300000,0.074200000,0.021800000
sample,generation,original,1007,1011,2,1043,1.948192000,2.137000000,0.059900000,0.011400000
sample,generation,original,1007,1012,2,287,1.946815968,2.134900000,0.057200000,0.010500000
sample,generation,original,1007,1013,2,262,1.952319980,2.478600000,0.061200000,0.011200000
sample,generation,original,1007,1014,2,2258,1.975872040,2.171300000,0.084200000,0.023200000
sample,generation,original,1007,1015,2,10596,1.949151993,2.328900000,0.056600000,0.011100000
sample,generation,original,1007,1016,2,10692,1.956128001,2.145600000,0.060600000,0.014000000
sample,generation,original,1007,1017,2,422,1.952160001,2.138100000,0.052100000,0.010600000
sample,generation,original,1007,1018,2,262,1.956287980,2.138600000,0.053100000,0.011400000
sample,generation,original,1007,1019,2,10183,1.950911999,2.133100000,0.051600000,0.010800000
sample,generation,original,1007,1020,2,19517,1.950111985,2.204200000,0.058500000,0.010500000
sample,generation,original,1007,1021,2,6896,1.980128050,2.195400000,0.090200000,0.024600000
sample,generation,original,1007,1022,2,284,1.975424051,2.174300000,0.074300000,0.019800000
sample,generation,ordered4,1007,1007,2,9106,2.582047939,3.105100000,0.129600000,0.031700000
sample,generation,ordered4,1007,1008,2,3876,2.553344011,3.079700000,0.088500000,0.026400000
sample,generation,ordered4,1007,1009,2,385,2.551359892,3.069500000,0.079300000,0.020700000
sample,generation,ordered4,1007,1010,2,318,2.537472010,2.729500000,0.064100000,0.011600000
sample,generation,ordered4,1007,1011,2,1043,2.550976038,2.748700000,0.090800000,0.018500000
sample,generation,ordered4,1007,1012,2,287,2.537152052,2.729700000,0.062300000,0.012000000
sample,generation,ordered4,1007,1013,2,262,2.547616005,2.919500000,0.091800000,0.016700000
sample,generation,ordered4,1007,1014,2,2258,2.538559914,2.912900000,0.054200000,0.011100000
sample,generation,ordered4,1007,1015,2,10596,2.538752079,2.748700000,0.054000000,0.011300000
sample,generation,ordered4,1007,1016,2,10692,2.562432051,2.774000000,0.077300000,0.025200000
sample,generation,ordered4,1007,1017,2,422,2.547552109,2.740100000,0.060400000,0.014700000
sample,generation,ordered4,1007,1018,2,262,2.547744036,2.737800000,0.059000000,0.011700000
sample,generation,ordered4,1007,1019,2,10183,2.540800095,2.729100000,0.057800000,0.010800000
sample,generation,ordered4,1007,1020,2,19517,2.541568041,2.753300000,0.056700000,0.010900000
sample,generation,ordered4,1007,1021,2,6896,2.548896074,3.786100000,0.059700000,0.013200000
sample,generation,ordered4,1007,1022,2,284,2.700351954,3.314800000,0.204400000,0.109900000
sample,generation,ordered4,1007,1007,3,9106,2.528736115,2.890200000,0.063800000,0.010900000
sample,generation,ordered4,1007,1008,3,3876,2.543967962,2.910500000,0.064800000,0.016500000
sample,generation,ordered4,1007,1009,3,385,2.534368038,2.728400000,0.055700000,0.011300000
sample,generation,ordered4,1007,1010,3,318,2.547487974,2.742000000,0.065100000,0.016600000
sample,generation,ordered4,1007,1011,3,1043,2.536639929,2.730800000,0.061500000,0.013100000
sample,generation,ordered4,1007,1012,3,287,2.537503958,2.717300000,0.066100000,0.012800000
sample,generation,ordered4,1007,1013,3,262,2.544640064,2.733900000,0.061300000,0.014800000
sample,generation,ordered4,1007,1014,3,2258,2.540832043,2.721900000,0.053100000,0.011400000
sample,generation,ordered4,1007,1015,3,10596,2.532128096,2.839800000,0.052400000,0.010800000
sample,generation,ordered4,1007,1016,3,10692,2.570431948,2.759400000,0.095600000,0.031400000
sample,generation,ordered4,1007,1017,3,422,2.546272039,2.738500000,0.057300000,0.013500000
sample,generation,ordered4,1007,1018,3,262,2.570015907,2.760900000,0.090400000,0.024500000
sample,generation,ordered4,1007,1019,3,10183,2.549119949,2.740300000,0.066300000,0.015400000
sample,generation,ordered4,1007,1020,3,19517,2.541696072,2.732700000,0.057700000,0.011200000
sample,generation,ordered4,1007,1021,3,6896,2.552448034,2.940600000,0.065000000,0.014300000
sample,generation,ordered4,1007,1022,3,284,2.559936047,2.752400000,0.065300000,0.016700000
sample,generation,original,1007,1007,3,9106,1.976768017,2.393900000,0.102400000,0.032800000
sample,generation,original,1007,1008,3,3876,1.946431994,2.162700000,0.065400000,0.012000000
sample,generation,original,1007,1009,3,385,1.970368028,2.454000000,0.093500000,0.027000000
sample,generation,original,1007,1010,3,318,1.962272048,2.467500000,0.081900000,0.018400000
sample,generation,original,1007,1011,3,1043,1.952095985,2.464700000,0.069000000,0.014700000
sample,generation,original,1007,1012,3,287,1.948959947,2.461700000,0.060500000,0.010900000
sample,generation,original,1007,1013,3,262,1.963487983,2.166700000,0.073000000,0.018000000
sample,generation,original,1007,1014,3,2258,1.952703953,2.438400000,0.061200000,0.011400000
sample,generation,original,1007,1015,3,10596,1.962816000,2.197500000,0.080500000,0.017400000
sample,generation,original,1007,1016,3,10692,1.952191949,2.179400000,0.064200000,0.013000000
sample,generation,original,1007,1017,3,422,1.956544042,2.321600000,0.067700000,0.012700000
sample,generation,original,1007,1018,3,262,1.960703969,2.237500000,0.060200000,0.013800000
sample,generation,original,1007,1019,3,10183,1.949887991,2.186600000,0.053500000,0.010800000
sample,generation,original,1007,1020,3,19517,1.952864051,2.136100000,0.054600000,0.011200000
sample,generation,original,1007,1021,3,6896,1.954911947,2.170300000,0.053700000,0.011000000
sample,generation,original,1007,1022,3,284,1.969087958,2.179600000,0.061900000,0.015500000
sample,generation,original,1007,1007,4,9106,1.958848000,2.142800000,0.073200000,0.022200000
sample,generation,original,1007,1008,4,3876,1.955360055,2.146300000,0.054700000,0.011900000
sample,generation,original,1007,1009,4,385,1.971232057,2.453700000,0.089400000,0.026400000
sample,generation,original,1007,1010,4,318,1.951359987,2.222600000,0.063500000,0.011800000
sample,generation,original,1007,1011,4,1043,1.976608038,2.176900000,0.096000000,0.027900000
sample,generation,original,1007,1012,4,287,1.952767968,2.215400000,0.064900000,0.013200000
sample,generation,original,1007,1013,4,262,1.980991960,2.454300000,0.092400000,0.028100000
sample,generation,original,1007,1014,4,2258,2.013823986,2.482900000,0.131200000,0.051800000
sample,generation,original,1007,1015,4,10596,2.007711887,2.343700000,0.141600000,0.042300000
sample,generation,original,1007,1016,4,10692,1.987872005,2.470800000,0.098900000,0.034600000
sample,generation,original,1007,1017,4,422,1.965983987,2.192700000,0.081400000,0.018300000
sample,generation,original,1007,1018,4,262,1.962880015,2.186900000,0.076400000,0.017700000
sample,generation,original,1007,1019,4,10183,1.960319996,2.456800000,0.078900000,0.018400000
sample,generation,original,1007,1020,4,19517,2.024800062,2.275200000,0.161500000,0.059400000
sample,generation,original,1007,1021,4,6896,2.000159979,2.239800000,0.109700000,0.039300000
sample,generation,original,1007,1022,4,284,1.991968036,2.191100000,0.094700000,0.032100000
sample,generation,ordered4,1007,1007,4,9106,2.531680107,2.719800000,0.057400000,0.014000000
sample,generation,ordered4,1007,1008,4,3876,2.562720060,3.029200000,0.095700000,0.030900000
sample,generation,ordered4,1007,1009,4,385,2.537888050,2.729800000,0.063900000,0.013000000
sample,generation,ordered4,1007,1010,4,318,2.538975954,2.747600000,0.061000000,0.011800000
sample,generation,ordered4,1007,1011,4,1043,2.532383919,2.725000000,0.063000000,0.012700000
sample,generation,ordered4,1007,1012,4,287,2.550143957,2.770700000,0.069200000,0.019600000
sample,generation,ordered4,1007,1013,4,262,2.564224005,2.925700000,0.084300000,0.025400000
sample,generation,ordered4,1007,1014,4,2258,2.581919909,2.780800000,0.110500000,0.036200000
sample,generation,ordered4,1007,1015,4,10596,2.551487923,2.746500000,0.071500000,0.019800000
sample,generation,ordered4,1007,1016,4,10692,2.561376095,2.788800000,0.079000000,0.024500000
sample,generation,ordered4,1007,1017,4,422,2.572544098,3.050500000,0.090700000,0.028700000
sample,generation,ordered4,1007,1018,4,262,2.569664001,2.763200000,0.084300000,0.028400000
sample,generation,ordered4,1007,1019,4,10183,2.545887947,2.812700000,0.057500000,0.013900000
sample,generation,ordered4,1007,1020,4,19517,2.583967924,3.079900000,0.113800000,0.035600000
sample,generation,ordered4,1007,1021,4,6896,2.608511925,2.878000000,0.133800000,0.049600000
sample,generation,ordered4,1007,1022,4,284,2.591072083,2.789300000,0.101700000,0.039300000
sample,generation,ordered4,1007,1007,5,9106,2.561471939,3.025200000,0.102300000,0.033900000
sample,generation,ordered4,1007,1008,5,3876,2.535487890,2.887500000,0.071400000,0.014700000
sample,generation,ordered4,1007,1009,5,385,2.582943916,3.058300000,0.116400000,0.043600000
sample,generation,ordered4,1007,1010,5,318,2.573312044,2.800700000,0.105700000,0.036800000
sample,generation,ordered4,1007,1011,5,1043,2.560735941,2.771900000,0.085900000,0.027000000
sample,generation,ordered4,1007,1012,5,287,2.564448118,2.836900000,0.089200000,0.030000000
sample,generation,ordered4,1007,1013,5,262,2.598464012,2.803100000,0.139500000,0.050200000
sample,generation,ordered4,1007,1014,5,2258,2.563296080,2.758700000,0.089800000,0.024900000
sample,generation,ordered4,1007,1015,5,10596,2.546528101,2.734900000,0.082800000,0.015900000
sample,generation,ordered4,1007,1016,5,10692,2.558432102,2.774900000,0.073900000,0.021200000
sample,generation,ordered4,1007,1017,5,422,2.584896088,2.786600000,0.096600000,0.035400000
sample,generation,ordered4,1007,1018,5,262,2.561151981,2.755800000,0.071700000,0.020100000
sample,generation,ordered4,1007,1019,5,10183,2.556864023,2.735000000,0.071300000,0.019100000
sample,generation,ordered4,1007,1020,5,19517,2.548703909,2.719300000,0.063800000,0.012400000
sample,generation,ordered4,1007,1021,5,6896,2.560928106,2.747200000,0.068200000,0.018500000
sample,generation,ordered4,1007,1022,5,284,2.553024054,2.753900000,0.116500000,0.014700000
sample,generation,original,1007,1007,5,9106,1.961984038,2.155300000,0.077000000,0.020600000
sample,generation,original,1007,1008,5,3876,1.945279956,2.149600000,0.054300000,0.011500000
sample,generation,original,1007,1009,5,385,1.959264040,2.212400000,0.066800000,0.018000000
sample,generation,original,1007,1010,5,318,1.998528004,2.204000000,0.119500000,0.040900000
sample,generation,original,1007,1011,5,1043,1.965983987,2.157100000,0.077200000,0.024400000
sample,generation,original,1007,1012,5,287,1.952895999,2.161600000,0.060600000,0.014500000
sample,generation,original,1007,1013,5,262,1.979359984,2.214000000,0.086200000,0.028000000
sample,generation,original,1007,1014,5,2258,1.968000054,2.416900000,0.069300000,0.019900000
sample,generation,original,1007,1015,5,10596,1.955232024,2.230900000,0.066500000,0.014800000
sample,generation,original,1007,1016,5,10692,2.020031929,2.510700000,0.158200000,0.056300000
sample,generation,original,1007,1017,5,422,1.990175962,2.421600000,0.108500000,0.034700000
sample,generation,original,1007,1018,5,262,1.989599943,2.460200000,0.106900000,0.029600000
sample,generation,original,1007,1019,5,10183,1.955680013,2.434100000,0.065300000,0.013400000
sample,generation,original,1007,1020,5,19517,1.956511974,2.146500000,0.063400000,0.012000000
sample,generation,original,1007,1021,5,6896,1.962911963,2.156000000,0.069400000,0.015400000
sample,generation,original,1007,1022,5,284,1.960991979,2.434700000,0.063700000,0.012500000
sample,generation,original,1007,1007,6,9106,1.954432011,2.267900000,0.081800000,0.019400000
sample,generation,original,1007,1008,6,3876,1.979807973,2.387900000,0.102600000,0.030900000
sample,generation,original,1007,1009,6,385,1.982399940,2.225900000,0.118400000,0.026200000
sample,generation,original,1007,1010,6,318,1.983392000,2.493900000,0.100500000,0.029200000
sample,generation,original,1007,1011,6,1043,1.975679994,2.209700000,0.099200000,0.026800000
sample,generation,original,1007,1012,6,287,1.954496026,2.176100000,0.071800000,0.014300000
sample,generation,original,1007,1013,6,262,1.969951987,2.223600000,0.086100000,0.020300000
sample,generation,original,1007,1014,6,2258,2.014944077,2.251500000,0.153200000,0.059300000
sample,generation,original,1007,1015,6,10596,1.986688018,2.276400000,0.109700000,0.036900000
sample,generation,original,1007,1016,6,10692,1.975167990,2.200300000,0.090200000,0.025600000
sample,generation,original,1007,1017,6,422,1.969599962,2.190700000,0.076900000,0.021000000
sample,generation,original,1007,1018,6,262,1.976799965,2.301000000,0.079800000,0.021600000
sample,generation,original,1007,1019,6,10183,1.988927960,2.214700000,0.112100000,0.035400000
sample,generation,original,1007,1020,6,19517,1.977792025,2.324300000,0.085300000,0.025300000
sample,generation,original,1007,1021,6,6896,2.007231951,2.656000000,0.130300000,0.043200000
sample,generation,original,1007,1022,6,284,2.038336039,2.274300000,0.154000000,0.061400000
sample,generation,ordered4,1007,1007,6,9106,2.560384035,2.809600000,0.100400000,0.027500000
sample,generation,ordered4,1007,1008,6,3876,2.564032078,2.757500000,0.104900000,0.030000000
sample,generation,ordered4,1007,1009,6,385,2.549983978,2.745700000,0.069500000,0.017600000
sample,generation,ordered4,1007,1010,6,318,2.535968065,2.804500000,0.055900000,0.011700000
sample,generation,ordered4,1007,1011,6,1043,2.568288088,2.783500000,0.095400000,0.033500000
sample,generation,ordered4,1007,1012,6,287,2.544991970,2.742100000,0.072200000,0.020600000
sample,generation,ordered4,1007,1013,6,262,2.549855947,2.743700000,0.067400000,0.016300000
sample,generation,ordered4,1007,1014,6,2258,2.542239904,2.733300000,0.065300000,0.011900000
sample,generation,ordered4,1007,1015,6,10596,2.540767908,2.732000000,0.059900000,0.011700000
sample,generation,ordered4,1007,1016,6,10692,2.537087917,2.736000000,0.057300000,0.010800000
sample,generation,ordered4,1007,1017,6,422,2.558847904,2.754900000,0.069200000,0.019900000
sample,generation,ordered4,1007,1018,6,262,2.546463966,2.741100000,0.054800000,0.011500000
sample,generation,ordered4,1007,1019,6,10183,2.549344063,2.732000000,0.060900000,0.015100000
sample,generation,ordered4,1007,1020,6,19517,2.543551922,2.726500000,0.054000000,0.011300000
sample,generation,ordered4,1007,1021,6,6896,2.559999943,3.052600000,0.069100000,0.020600000
sample,generation,ordered4,1007,1022,6,284,2.561439991,2.767900000,0.077700000,0.017600000
sample,generation,ordered4,1007,1007,7,9106,2.537888050,3.019700000,0.069500000,0.015100000
sample,generation,ordered4,1007,1008,7,3876,2.539583921,2.772300000,0.062400000,0.015800000
sample,generation,ordered4,1007,1009,7,385,2.534496069,2.784100000,0.054500000,0.011300000
sample,generation,ordered4,1007,1010,7,318,2.549344063,2.750600000,0.071600000,0.018300000
sample,generation,ordered4,1007,1011,7,1043,2.534879923,3.082500000,0.061500000,0.012600000
sample,generation,ordered4,1007,1012,7,287,2.534912109,3.046300000,0.059700000,0.012000000
sample,generation,ordered4,1007,1013,7,262,2.536607981,2.732900000,0.058300000,0.010700000
sample,generation,ordered4,1007,1014,7,2258,2.541183949,2.911800000,0.059000000,0.011300000
sample,generation,ordered4,1007,1015,7,10596,2.534847975,2.753500000,0.052000000,0.010300000
sample,generation,ordered4,1007,1016,7,10692,2.571487904,3.075900000,0.090800000,0.029800000
sample,generation,ordered4,1007,1017,7,422,2.573760033,2.798600000,0.095900000,0.028500000
sample,generation,ordered4,1007,1018,7,262,2.573983908,3.104600000,0.099900000,0.026300000
sample,generation,ordered4,1007,1019,7,10183,2.555200100,2.749400000,0.076400000,0.016800000
sample,generation,ordered4,1007,1020,7,19517,2.543904066,3.124000000,0.061400000,0.011300000
sample,generation,ordered4,1007,1021,7,6896,2.564415932,3.082100000,0.080700000,0.019200000
sample,generation,ordered4,1007,1022,7,284,2.549727917,3.063200000,0.061000000,0.011700000
sample,generation,original,1007,1007,7,9106,1.983680010,2.211800000,0.105400000,0.039200000
sample,generation,original,1007,1008,7,3876,1.975263953,2.477900000,0.091900000,0.030500000
sample,generation,original,1007,1009,7,385,1.983647943,2.260500000,0.115100000,0.032000000
sample,generation,original,1007,1010,7,318,1.982399940,2.159200000,0.094600000,0.030800000
sample,generation,original,1007,1011,7,1043,1.964128017,2.187200000,0.068900000,0.023300000
sample,generation,original,1007,1012,7,287,1.973024011,2.209800000,0.085800000,0.026200000
sample,generation,original,1007,1013,7,262,1.981024027,2.256200000,0.090300000,0.027000000
sample,generation,original,1007,1014,7,2258,2.018143892,2.193200000,0.123500000,0.055300000
sample,generation,original,1007,1015,7,10596,1.966112018,2.179600000,0.069300000,0.024600000
sample,generation,original,1007,1016,7,10692,1.960927963,2.169300000,0.072600000,0.018500000
sample,generation,original,1007,1017,7,422,1.978368044,2.167100000,0.087600000,0.027600000
sample,generation,original,1007,1018,7,262,1.957728028,2.145400000,0.057200000,0.013500000
sample,generation,original,1007,1019,7,10183,1.954144001,2.163800000,0.059000000,0.010800000
sample,generation,original,1007,1020,7,19517,1.965600014,2.426200000,0.072500000,0.017800000
sample,generation,original,1007,1021,7,6896,1.960543990,2.177600000,0.061500000,0.013000000
sample,generation,original,1007,1022,7,284,1.984032035,2.298900000,0.080500000,0.019600000
sample,generation,original,1007,1007,8,9106,1.951936007,2.441200000,0.066800000,0.015200000
sample,generation,original,1007,1008,8,3876,1.947775960,2.141200000,0.059800000,0.011600000
sample,generation,original,1007,1009,8,385,1.947711945,2.140200000,0.058000000,0.010700000
sample,generation,original,1007,1010,8,318,1.948704004,2.455100000,0.058100000,0.010700000
sample,generation,original,1007,1011,8,1043,1.945183992,2.167900000,0.057800000,0.010400000
sample,generation,original,1007,1012,8,287,1.971264005,2.504500000,0.107700000,0.020600000
sample,generation,original,1007,1013,8,262,1.950592041,2.463700000,0.059900000,0.011500000
sample,generation,original,1007,1014,8,2258,1.953408003,2.463700000,0.057400000,0.010600000
sample,generation,original,1007,1015,8,10596,1.945407987,2.454800000,0.057800000,0.010500000
sample,generation,original,1007,1016,8,10692,1.949504018,2.337500000,0.058900000,0.010600000
sample,generation,original,1007,1017,8,422,1.965440035,2.157100000,0.069000000,0.017800000
sample,generation,original,1007,1018,8,262,1.955199957,2.279500000,0.053900000,0.011300000
sample,generation,original,1007,1019,8,10183,1.974943995,2.206200000,0.084200000,0.025100000
sample,generation,original,1007,1020,8,19517,1.981567979,2.205300000,0.094100000,0.026500000
sample,generation,original,1007,1021,8,6896,1.967103958,2.540100000,0.084200000,0.018200000
sample,generation,original,1007,1022,8,284,1.970144033,2.167400000,0.094700000,0.017000000
sample,generation,ordered4,1007,1007,8,9106,2.530656099,3.035300000,0.057900000,0.012200000
sample,generation,ordered4,1007,1008,8,3876,2.561151981,2.754800000,0.091300000,0.027800000
sample,generation,ordered4,1007,1009,8,385,2.537983894,3.052300000,0.062500000,0.011800000
sample,generation,ordered4,1007,1010,8,318,2.540416002,3.093600000,0.066100000,0.013700000
sample,generation,ordered4,1007,1011,8,1043,2.565279961,2.773700000,0.097100000,0.028200000
sample,generation,ordered4,1007,1012,8,287,2.539936066,2.731400000,0.064000000,0.012900000
sample,generation,ordered4,1007,1013,8,262,2.551136017,2.744800000,0.096100000,0.017400000
sample,generation,ordered4,1007,1014,8,2258,2.539232016,3.058700000,0.059700000,0.011400000
sample,generation,ordered4,1007,1015,8,10596,2.535968065,3.028400000,0.058000000,0.010900000
sample,generation,ordered4,1007,1016,8,10692,2.559583902,3.094600000,0.080500000,0.022500000
sample,generation,ordered4,1007,1017,8,422,2.560480118,2.756300000,0.077800000,0.019800000
sample,generation,ordered4,1007,1018,8,262,2.543872118,3.057300000,0.060800000,0.011400000
sample,generation,ordered4,1007,1019,8,10183,2.546047926,2.911000000,0.064400000,0.014000000
sample,generation,ordered4,1007,1020,8,19517,2.543648005,2.736700000,0.055000000,0.011000000
sample,generation,ordered4,1007,1021,8,6896,2.549024105,2.758900000,0.056000000,0.011600000
sample,generation,ordered4,1007,1022,8,284,2.551840067,2.800600000,0.062900000,0.014500000
sample,generation,ordered4,1007,1007,9,9106,2.589567900,2.838700000,0.135500000,0.052200000
sample,generation,ordered4,1007,1008,9,3876,2.555295944,2.849100000,0.086300000,0.026200000
sample,generation,ordered4,1007,1009,9,385,2.604959965,2.795700000,0.157100000,0.050100000
sample,generation,ordered4,1007,1010,9,318,2.565536022,2.795100000,0.083200000,0.030600000
sample,generation,ordered4,1007,1011,9,1043,2.572927952,2.784200000,0.104600000,0.042700000
sample,generation,ordered4,1007,1012,9,287,2.570463896,2.805100000,0.099200000,0.034400000
sample,generation,ordered4,1007,1013,9,262,2.555903912,2.778000000,0.074600000,0.020400000
sample,generation,ordered4,1007,1014,9,2258,2.558527946,2.759500000,0.080500000,0.022800000
sample,generation,ordered4,1007,1015,9,10596,2.551647902,2.829200000,0.066200000,0.016300000
sample,generation,ordered4,1007,1016,9,10692,2.543519974,2.738600000,0.065400000,0.014400000
sample,generation,ordered4,1007,1017,9,422,2.552288055,2.822200000,0.092200000,0.016400000
sample,generation,ordered4,1007,1018,9,262,2.560224056,3.059600000,0.087700000,0.021400000
sample,generation,ordered4,1007,1019,9,10183,2.566080093,2.763000000,0.082400000,0.022300000
sample,generation,ordered4,1007,1020,9,19517,2.552767992,3.071100000,0.094700000,0.017100000
sample,generation,ordered4,1007,1021,9,6896,2.559904099,2.751600000,0.093600000,0.016600000
sample,generation,ordered4,1007,1022,9,284,2.555263996,3.073400000,0.065900000,0.014100000
sample,generation,original,1007,1007,9,9106,1.946943998,2.466500000,0.070800000,0.013400000
sample,generation,original,1007,1008,9,3876,1.959840059,2.481700000,0.079600000,0.019400000
sample,generation,original,1007,1009,9,385,1.952960014,2.428300000,0.069600000,0.013700000
sample,generation,original,1007,1010,9,318,1.962432027,2.486500000,0.096900000,0.017500000
sample,generation,original,1007,1011,9,1043,1.958688021,2.158000000,0.073500000,0.016600000
sample,generation,original,1007,1012,9,287,1.952095985,2.344400000,0.063200000,0.011400000
sample,generation,original,1007,1013,9,262,1.960543990,2.160300000,0.092600000,0.016300000
sample,generation,original,1007,1014,9,2258,1.954527974,2.471400000,0.059900000,0.010900000
sample,generation,original,1007,1015,9,10596,1.952319980,2.316300000,0.064200000,0.013200000
sample,generation,original,1007,1016,9,10692,1.947999954,2.192600000,0.057200000,0.011000000
sample,generation,original,1007,1017,9,422,1.964159966,2.165600000,0.069600000,0.018000000
sample,generation,original,1007,1018,9,262,1.965055943,2.157200000,0.062500000,0.015500000
sample,generation,original,1007,1019,9,10183,1.953408003,2.153200000,0.053600000,0.011200000
sample,generation,original,1007,1020,9,19517,1.955775976,2.141700000,0.057100000,0.013800000
sample,generation,original,1007,1021,9,6896,1.957728028,2.140300000,0.054400000,0.011000000
sample,generation,original,1007,1022,9,284,1.958047986,2.144900000,0.051400000,0.010300000
sample,generation,original,1007,1007,10,9106,1.943871975,2.230000000,0.052800000,0.010800000
sample,generation,original,1007,1008,10,3876,1.986207962,2.189300000,0.108500000,0.037900000
sample,generation,original,1007,1009,10,385,1.976160049,2.177300000,0.083300000,0.027500000
sample,generation,original,1007,1010,10,318,1.954015970,2.475800000,0.064400000,0.013000000
sample,generation,original,1007,1011,10,1043,1.951488018,2.438800000,0.066000000,0.013500000
sample,generation,original,1007,1012,10,287,1.948639989,2.430400000,0.061400000,0.011200000
sample,generation,original,1007,1013,10,262,1.954175949,2.465600000,0.063100000,0.011200000
sample,generation,original,1007,1014,10,2258,1.960127950,2.429400000,0.069900000,0.015000000
sample,generation,original,1007,1015,10,10596,1.974143982,2.183700000,0.093200000,0.025400000
sample,generation,original,1007,1016,10,10692,1.955680013,2.449900000,0.076000000,0.015300000
sample,generation,original,1007,1017,10,422,2.007584095,2.533000000,0.123800000,0.036900000
sample,generation,original,1007,1018,10,262,1.979168057,2.490400000,0.094800000,0.028100000
sample,generation,original,1007,1019,10,10183,1.973664045,2.204800000,0.089600000,0.026100000
sample,generation,original,1007,1020,10,19517,1.994688034,2.580000000,0.114800000,0.034600000
sample,generation,original,1007,1021,10,6896,1.994016051,2.413200000,0.105100000,0.032900000
sample,generation,original,1007,1022,10,284,2.037408113,2.554200000,0.165400000,0.063600000
sample,generation,ordered4,1007,1007,10,9106,2.527744055,2.706600000,0.052100000,0.010900000
sample,generation,ordered4,1007,1008,10,3876,2.529855967,2.863600000,0.051400000,0.010600000
sample,generation,ordered4,1007,1009,10,385,2.629856110,2.933700000,0.229700000,0.085700000
sample,generation,ordered4,1007,1010,10,318,2.555680037,2.755400000,0.085700000,0.020800000
sample,generation,ordered4,1007,1011,10,1043,2.536416054,3.040600000,0.063000000,0.012800000
sample,generation,ordered4,1007,1012,10,287,2.538624048,3.100100000,0.061700000,0.011300000
sample,generation,ordered4,1007,1013,10,262,2.543744087,2.900300000,0.069900000,0.013300000
sample,generation,ordered4,1007,1014,10,2258,2.560031891,3.138600000,0.073500000,0.012300000
sample,generation,ordered4,1007,1015,10,10596,2.540832043,2.731900000,0.062700000,0.011800000
sample,generation,ordered4,1007,1016,10,10692,2.538111925,2.729200000,0.068000000,0.010700000
sample,generation,ordered4,1007,1017,10,422,2.544192076,2.756000000,0.060300000,0.012300000
sample,generation,ordered4,1007,1018,10,262,2.548799992,2.731900000,0.061100000,0.013100000
sample,generation,ordered4,1007,1019,10,10183,2.541856050,2.736000000,0.054000000,0.011800000
sample,generation,ordered4,1007,1020,10,19517,2.551487923,2.745000000,0.059700000,0.015200000
sample,generation,ordered4,1007,1021,10,6896,2.548255920,2.727100000,0.056200000,0.013100000
sample,generation,ordered4,1007,1022,10,284,2.548063993,2.729500000,0.052600000,0.011200000
sample,generation,ordered4,1007,1007,11,9106,2.527424097,2.709800000,0.053300000,0.010700000
sample,generation,ordered4,1007,1008,11,3876,2.529184103,2.745700000,0.054300000,0.010800000
sample,generation,ordered4,1007,1009,11,385,2.555520058,2.951100000,0.078400000,0.022900000
sample,generation,ordered4,1007,1010,11,318,2.556288004,3.070400000,0.072900000,0.022300000
sample,generation,ordered4,1007,1011,11,1043,2.569952011,3.077800000,0.104700000,0.033700000
sample,generation,ordered4,1007,1012,11,287,2.541088104,3.040000000,0.068100000,0.013300000
sample,generation,ordered4,1007,1013,11,262,2.540767908,2.731500000,0.065800000,0.012900000
sample,generation,ordered4,1007,1014,11,2258,2.543936014,3.046200000,0.063500000,0.011800000
sample,generation,ordered4,1007,1015,11,10596,2.537663937,3.051500000,0.059900000,0.011400000
sample,generation,ordered4,1007,1016,11,10692,2.552063942,2.744000000,0.072700000,0.018700000
sample,generation,ordered4,1007,1017,11,422,2.543584108,2.725900000,0.053100000,0.011300000
sample,generation,ordered4,1007,1018,11,262,2.549760103,2.755700000,0.056300000,0.015700000
sample,generation,ordered4,1007,1019,11,10183,2.571775913,2.737500000,0.091400000,0.022600000
sample,generation,ordered4,1007,1020,11,19517,2.561248064,2.802900000,0.067900000,0.019800000
sample,generation,ordered4,1007,1021,11,6896,2.575392008,2.788900000,0.084400000,0.026800000
sample,generation,ordered4,1007,1022,11,284,2.586783886,3.109700000,0.105400000,0.037200000
sample,generation,original,1007,1007,11,9106,1.943968058,2.421900000,0.053600000,0.011800000
sample,generation,original,1007,1008,11,3876,1.944031954,2.136000000,0.058600000,0.010600000
sample,generation,original,1007,1009,11,385,1.946879983,2.444300000,0.060500000,0.011300000
sample,generation,original,1007,1010,11,318,1.961536050,2.370700000,0.080700000,0.015700000
sample,generation,original,1007,1011,11,1043,1.948799968,2.141800000,0.062300000,0.013200000
sample,generation,original,1007,1012,11,287,1.948480010,2.135500000,0.060300000,0.012100000
sample,generation,original,1007,1013,11,262,1.949023962,2.134800000,0.051800000,0.010800000
sample,generation,original,1007,1014,11,2258,1.951840043,2.134700000,0.053500000,0.010700000
sample,generation,original,1007,1015,11,10596,1.946496010,2.132700000,0.051600000,0.010500000
sample,generation,original,1007,1016,11,10692,1.949280024,2.130800000,0.052500000,0.010600000
sample,generation,original,1007,1017,11,422,1.952160001,2.162800000,0.057300000,0.010800000
sample,generation,original,1007,1018,11,262,1.992511988,2.404800000,0.091500000,0.032800000
sample,generation,original,1007,1019,11,10183,1.956223965,2.158500000,0.066300000,0.013000000
sample,generation,original,1007,1020,11,19517,1.960703969,2.438700000,0.067500000,0.015300000
sample,generation,original,1007,1021,11,6896,1.960288048,2.153600000,0.065900000,0.012100000
sample,generation,original,1007,1022,11,284,1.962847948,2.160800000,0.062400000,0.012000000
sample,generation,original,1007,1007,12,9106,1.971647978,2.273500000,0.096700000,0.027700000
sample,generation,original,1007,1008,12,3876,1.969984055,2.256900000,0.093400000,0.025900000
sample,generation,original,1007,1009,12,385,1.971071959,2.281600000,0.086800000,0.024100000
sample,generation,original,1007,1010,12,318,1.967936039,2.257100000,0.083300000,0.022100000
sample,generation,original,1007,1011,12,1043,1.965535998,2.224900000,0.080500000,0.021000000
sample,generation,original,1007,1012,12,287,1.973343968,2.269600000,0.095600000,0.025100000
sample,generation,original,1007,1013,12,262,1.973024011,2.266000000,0.083200000,0.023200000
sample,generation,original,1007,1014,12,2258,1.973824024,2.311000000,0.086000000,0.023400000
sample,generation,original,1007,1015,12,10596,1.969439983,2.265900000,0.088700000,0.024800000
sample,generation,original,1007,1016,12,10692,1.969599962,2.236600000,0.088200000,0.021500000
sample,generation,original,1007,1017,12,422,1.966271996,2.476900000,0.074900000,0.019600000
sample,generation,original,1007,1018,12,262,1.956096053,2.308600000,0.059500000,0.011300000
sample,generation,original,1007,1019,12,10183,1.984992027,2.284700000,0.101400000,0.031500000
sample,generation,original,1007,1020,12,19517,1.974048018,2.284200000,0.099900000,0.023100000
sample,generation,original,1007,1021,12,6896,1.979712009,2.297600000,0.091300000,0.023400000
sample,generation,original,1007,1022,12,284,1.985311985,2.322000000,0.103100000,0.025200000
sample,generation,ordered4,1007,1007,12,9106,2.544895887,2.836700000,0.081400000,0.021300000
sample,generation,ordered4,1007,1008,12,3876,2.547904015,2.853000000,0.079900000,0.020500000
sample,generation,ordered4,1007,1009,12,385,2.551680088,2.862400000,0.080500000,0.021800000
sample,generation,ordered4,1007,1010,12,318,2.553728104,2.902900000,0.084300000,0.023700000
sample,generation,ordered4,1007,1011,12,1043,2.552927971,2.896300000,0.097500000,0.024600000
sample,generation,ordered4,1007,1012,12,287,2.555039883,2.901700000,0.091600000,0.024300000
sample,generation,ordered4,1007,1013,12,262,2.577375889,2.919700000,0.093100000,0.024600000
sample,generation,ordered4,1007,1014,12,2258,2.562175989,2.909200000,0.091600000,0.023800000
sample,generation,ordered4,1007,1015,12,10596,2.561088085,4.014600000,0.098600000,0.025300000
sample,generation,ordered4,1007,1016,12,10692,2.581919909,2.936100000,0.114400000,0.039200000
sample,generation,ordered4,1007,1017,12,422,2.569184065,2.928500000,0.096000000,0.028500000
sample,generation,ordered4,1007,1018,12,262,2.574464083,2.930200000,0.109300000,0.031000000
sample,generation,ordered4,1007,1019,12,10183,2.565248013,2.963600000,0.108200000,0.026900000
sample,generation,ordered4,1007,1020,12,19517,2.566143990,2.984700000,0.101300000,0.026000000
sample,generation,ordered4,1007,1021,12,6896,2.602400064,3.017400000,0.139000000,0.044900000
sample,generation,ordered4,1007,1022,12,284,2.598432064,2.987800000,0.124900000,0.035600000
sample,generation,ordered4,1007,1007,13,9106,2.602720022,2.924800000,0.143000000,0.057300000
sample,generation,ordered4,1007,1008,13,3876,2.724832058,2.977700000,0.286500000,0.051100000
sample,generation,ordered4,1007,1009,13,385,2.601151943,2.872100000,0.135600000,0.054500000
sample,generation,ordered4,1007,1010,13,318,2.582976103,2.812300000,0.105700000,0.041600000
sample,generation,ordered4,1007,1011,13,1043,2.597887993,2.796200000,0.119000000,0.053500000
sample,generation,ordered4,1007,1012,13,287,2.603008032,2.842600000,0.158500000,0.053200000
sample,generation,ordered4,1007,1013,13,262,2.605664015,2.876700000,0.137400000,0.054300000
sample,generation,ordered4,1007,1014,13,2258,2.604320049,2.886300000,0.130500000,0.050100000
sample,generation,ordered4,1007,1015,13,10596,2.634527922,2.968100000,0.180000000,0.070700000
sample,generation,ordered4,1007,1016,13,10692,2.619904041,2.924600000,0.151800000,0.058700000
sample,generation,ordered4,1007,1017,13,422,2.619872093,2.866900000,0.158500000,0.065500000
sample,generation,ordered4,1007,1018,13,262,2.615488052,2.986400000,0.137100000,0.054100000
sample,generation,ordered4,1007,1019,13,10183,2.600672007,2.871100000,0.121400000,0.050000000
sample,generation,ordered4,1007,1020,13,19517,2.582112074,2.846500000,0.099200000,0.034400000
sample,generation,ordered4,1007,1021,13,6896,2.588416100,2.814400000,0.112100000,0.038600000
sample,generation,ordered4,1007,1022,13,284,2.579936028,2.812700000,0.090400000,0.027900000
sample,generation,original,1007,1007,13,9106,1.965919971,2.247900000,0.096200000,0.027200000
sample,generation,original,1007,1008,13,3876,1.980000019,2.267500000,0.109500000,0.033000000
sample,generation,original,1007,1009,13,385,1.979135990,2.275000000,0.106500000,0.030000000
sample,generation,original,1007,1010,13,318,1.990784049,2.249100000,0.116500000,0.037400000
sample,generation,original,1007,1011,13,1043,1.975775957,2.262400000,0.098400000,0.029800000
sample,generation,original,1007,1012,13,287,1.996415973,2.353800000,0.116000000,0.035600000
sample,generation,original,1007,1013,13,262,1.998528004,2.297900000,0.120400000,0.043300000
sample,generation,original,1007,1014,13,2258,1.970080018,2.489200000,0.080900000,0.021100000
sample,generation,original,1007,1015,13,10596,1.983392000,2.356900000,0.114800000,0.033300000
sample,generation,original,1007,1016,13,10692,1.993855953,2.347000000,0.117800000,0.039700000
sample,generation,original,1007,1017,13,422,1.995776057,2.349600000,0.117000000,0.042600000
sample,generation,original,1007,1018,13,262,2.010720015,2.361300000,0.129900000,0.047200000
sample,generation,original,1007,1019,13,10183,1.975487947,2.343400000,0.097000000,0.028900000
sample,generation,original,1007,1020,13,19517,1.989791989,2.288700000,0.103900000,0.032800000
sample,generation,original,1007,1021,13,6896,1.973952055,2.276000000,0.079600000,0.021500000
sample,generation,original,1007,1022,13,284,1.977344036,2.344200000,0.086700000,0.023000000
sample,generation,original,1007,1007,14,9106,1.967327952,2.320800000,0.092100000,0.026200000
sample,generation,original,1007,1008,14,3876,1.972704053,2.361700000,0.099500000,0.027300000
sample,generation,original,1007,1009,14,385,1.973695993,2.274100000,0.098100000,0.028200000
sample,generation,original,1007,1010,14,318,1.963807940,2.284000000,0.076900000,0.020300000
sample,generation,original,1007,1011,14,1043,1.961951971,2.343300000,0.084600000,0.021000000
sample,generation,original,1007,1012,14,287,1.963359952,2.298800000,0.088900000,0.021800000
sample,generation,original,1007,1013,14,262,1.963616014,2.287500000,0.084800000,0.020800000
sample,generation,original,1007,1014,14,2258,1.968672037,2.322800000,0.084300000,0.021100000
sample,generation,original,1007,1015,14,10596,1.964064002,2.370400000,0.085000000,0.021300000
sample,generation,original,1007,1016,14,10692,1.974975944,2.347600000,0.102100000,0.026800000
sample,generation,original,1007,1017,14,422,1.997856021,2.345700000,0.130900000,0.042400000
sample,generation,original,1007,1018,14,262,1.976544023,2.306700000,0.093700000,0.025900000
sample,generation,original,1007,1019,14,10183,1.978240013,2.346100000,0.098000000,0.026000000
sample,generation,original,1007,1020,14,19517,1.975232005,2.267400000,0.090100000,0.025400000
sample,generation,original,1007,1021,14,6896,1.971776009,2.307900000,0.078700000,0.020800000
sample,generation,original,1007,1022,14,284,1.979359984,2.375500000,0.090500000,0.021900000
sample,generation,ordered4,1007,1007,14,9106,2.569152117,2.896700000,0.116500000,0.034500000
sample,generation,ordered4,1007,1008,14,3876,2.552767992,2.897700000,0.116700000,0.024800000
sample,generation,ordered4,1007,1009,14,385,2.594464064,2.917800000,0.160700000,0.047400000
sample,generation,ordered4,1007,1010,14,318,2.576607943,2.927700000,0.115800000,0.036500000
sample,generation,ordered4,1007,1011,14,1043,2.570336103,2.859900000,0.102500000,0.031400000
sample,generation,ordered4,1007,1012,14,287,2.572992086,2.779700000,0.103300000,0.031400000
sample,generation,ordered4,1007,1013,14,262,2.563071966,2.907900000,0.081000000,0.025200000
sample,generation,ordered4,1007,1014,14,2258,2.580287933,2.844400000,0.110900000,0.034100000
sample,generation,ordered4,1007,1015,14,10596,2.563807964,2.815800000,0.083100000,0.024500000
sample,generation,ordered4,1007,1016,14,10692,2.570336103,2.791300000,0.097500000,0.029800000
sample,generation,ordered4,1007,1017,14,422,2.574944019,2.806900000,0.096000000,0.027300000
sample,generation,ordered4,1007,1018,14,262,2.573600054,2.796100000,0.090200000,0.027300000
sample,generation,ordered4,1007,1019,14,10183,2.562239885,2.887800000,0.078500000,0.022400000
sample,generation,ordered4,1007,1020,14,19517,2.587199926,2.873400000,0.113500000,0.037400000
sample,generation,ordered4,1007,1021,14,6896,2.581792116,3.002200000,0.111500000,0.032000000
sample,generation,ordered4,1007,1022,14,284,2.602880001,2.888800000,0.131000000,0.046200000
sample,generation,ordered4,1007,1007,15,9106,2.564703941,2.946800000,0.116500000,0.036000000
sample,generation,ordered4,1007,1008,15,3876,2.560096025,2.918200000,0.114000000,0.032300000
sample,generation,ordered4,1007,1009,15,385,2.558815956,2.953900000,0.101700000,0.026500000
sample,generation,ordered4,1007,1010,15,318,2.561280012,2.906600000,0.098400000,0.026200000
sample,generation,ordered4,1007,1011,15,1043,2.555999994,2.920900000,0.093600000,0.024400000
sample,generation,ordered4,1007,1012,15,287,2.555936098,2.957000000,0.093200000,0.024300000
sample,generation,ordered4,1007,1013,15,262,2.562911987,2.929500000,0.106200000,0.028700000
sample,generation,ordered4,1007,1014,15,2258,2.571775913,2.982600000,0.104900000,0.028200000
sample,generation,ordered4,1007,1015,15,10596,2.564320087,2.929600000,0.100300000,0.027600000
sample,generation,ordered4,1007,1016,15,10692,2.562943935,2.987600000,0.099000000,0.027000000
sample,generation,ordered4,1007,1017,15,422,2.571424007,2.929000000,0.106800000,0.028400000
sample,generation,ordered4,1007,1018,15,262,2.565439939,3.021100000,0.098900000,0.025400000
sample,generation,ordered4,1007,1019,15,10183,2.579744101,2.961300000,0.115300000,0.035000000
sample,generation,ordered4,1007,1020,15,19517,2.572351933,2.957200000,0.105500000,0.030100000
sample,generation,ordered4,1007,1021,15,6896,2.575232029,2.925800000,0.101200000,0.028200000
sample,generation,ordered4,1007,1022,15,284,2.573343992,2.961800000,0.105000000,0.027600000
sample,generation,original,1007,1007,15,9106,1.973248005,2.352500000,0.117500000,0.027100000
sample,generation,original,1007,1008,15,3876,1.961663961,2.353400000,0.087700000,0.022500000
sample,generation,original,1007,1009,15,385,2.000832081,2.346000000,0.144100000,0.042000000
sample,generation,original,1007,1010,15,318,1.978880048,2.285300000,0.100800000,0.031400000
sample,generation,original,1007,1011,15,1043,1.963583946,2.415300000,0.117200000,0.028300000
sample,generation,original,1007,1012,15,287,1.975615978,2.268600000,0.098900000,0.029500000
sample,generation,original,1007,1013,15,262,1.972064018,2.314200000,0.100400000,0.025000000
sample,generation,original,1007,1014,15,2258,2.016383886,2.483700000,0.141600000,0.053800000
sample,generation,original,1007,1015,15,10596,1.984351993,2.279600000,0.114300000,0.037500000
sample,generation,original,1007,1016,15,10692,1.976832032,2.324200000,0.094100000,0.028800000
sample,generation,original,1007,1017,15,422,2.000159979,2.305900000,0.127500000,0.044700000
sample,generation,original,1007,1018,15,262,1.973919988,2.278200000,0.084400000,0.025700000
sample,generation,original,1007,1019,15,10183,1.995551944,2.443200000,0.108800000,0.030700000
sample,generation,original,1007,1020,15,19517,1.988800049,2.358000000,0.124500000,0.038500000
sample,generation,original,1007,1021,15,6896,1.978464007,2.410300000,0.097600000,0.025900000
sample,generation,original,1007,1022,15,284,2.003743887,2.410100000,0.126800000,0.036900000
sample,setup,first_series,128,128,0,0,0.271400000,1.090900000,0.502400000,0.245400000
sample,first_replay,ordered4,128,128,0,284,1.462272048,1.477900000,0.107900000,0.026600000
sample,setup,warm,128,128,1,0,0.211000000,0.702300000,0.302400000,0.118800000
sample,first_replay,ordered4,128,128,1,284,1.451007962,1.464200000,0.098500000,0.024600000
sample,setup,warm,128,128,2,0,0.131200000,0.540700000,0.227700000,0.125600000
sample,first_replay,ordered4,128,128,2,284,1.446912050,1.458300000,0.135800000,0.021100000
sample,setup,warm,128,128,3,0,0.131200000,0.636500000,0.321100000,0.128400000
sample,first_replay,ordered4,128,128,3,284,1.450976014,1.460300000,0.079600000,0.022000000
sample,setup,warm,128,128,4,0,0.152600000,0.583400000,0.259000000,0.104400000
sample,first_replay,ordered4,128,128,4,284,1.451007962,1.462200000,0.080600000,0.020600000
sample,setup,warm,128,128,5,0,0.127100000,0.533800000,0.221700000,0.127400000
sample,first_replay,ordered4,128,128,5,284,1.445888042,1.455600000,0.096700000,0.020800000
sample,setup,warm,128,128,6,0,0.125800000,0.619000000,0.265600000,0.171800000
sample,first_replay,ordered4,128,128,6,284,1.453055978,1.465400000,0.087400000,0.020900000
sample,setup,warm,128,128,7,0,0.150800000,0.709100000,0.325500000,0.166600000
sample,first_replay,ordered4,128,128,7,284,1.453055978,1.467400000,0.096000000,0.024100000
sample,setup,warm,128,128,8,0,0.148200000,0.566500000,0.232300000,0.130700000
sample,first_replay,ordered4,128,128,8,284,1.447936058,1.459900000,0.167000000,0.020400000
sample,setup,warm,128,128,9,0,0.146100000,0.644600000,0.267100000,0.173100000
sample,first_replay,ordered4,128,128,9,284,1.456128001,1.469200000,0.116100000,0.025100000
sample,setup,warm,128,128,10,0,0.153500000,0.690400000,0.289000000,0.182000000
sample,first_replay,ordered4,128,128,10,284,1.453055978,1.464300000,0.087000000,0.021900000
sample,setup,warm,128,128,11,0,0.129600000,0.682700000,0.331300000,0.164000000
sample,first_replay,ordered4,128,128,11,284,1.449983954,1.462200000,0.117900000,0.021700000
sample,setup,warm,128,128,12,0,0.199600000,0.722200000,0.309400000,0.139000000
sample,first_replay,ordered4,128,128,12,284,1.460224032,1.472900000,0.099500000,0.023900000
sample,setup,warm,128,128,13,0,0.127700000,0.556900000,0.227400000,0.145800000
sample,first_replay,ordered4,128,128,13,284,1.449983954,1.462800000,0.085000000,0.020700000
sample,setup,warm,128,128,14,0,0.137200000,0.633800000,0.270200000,0.168000000
sample,first_replay,ordered4,128,128,14,284,1.445888042,1.458800000,0.086600000,0.021500000
sample,setup,warm,128,128,15,0,0.173600000,0.714400000,0.344200000,0.136300000
sample,first_replay,ordered4,128,128,15,284,1.447936058,1.487900000,0.083100000,0.020500000
sample,setup,warm,128,128,16,0,0.151200000,0.620000000,0.275700000,0.132900000
sample,first_replay,ordered4,128,128,16,284,1.448959947,1.493600000,0.083100000,0.021200000
sample,setup,warm,128,128,17,0,0.203600000,0.825300000,0.384800000,0.158300000
sample,first_replay,ordered4,128,128,17,284,1.478656054,1.492200000,0.126800000,0.043500000
sample,setup,warm,128,128,18,0,0.198600000,0.824700000,0.358100000,0.194800000
sample,first_replay,ordered4,128,128,18,284,1.452031970,1.463900000,0.086400000,0.021600000
sample,setup,warm,128,128,19,0,0.169100000,0.865600000,0.464600000,0.173600000
sample,first_replay,ordered4,128,128,19,284,1.452031970,1.472500000,0.090400000,0.023600000
sample,setup,warm,128,128,20,0,0.208100000,0.672600000,0.276800000,0.118700000
sample,first_replay,ordered4,128,128,20,284,1.449983954,1.460900000,0.116800000,0.023900000
sample,setup,warm,128,128,21,0,0.131900000,0.511100000,0.219400000,0.103000000
sample,first_replay,ordered4,128,128,21,284,1.449983954,1.460100000,0.078100000,0.020400000
sample,setup,warm,128,128,22,0,0.132700000,0.724900000,0.285000000,0.248800000
sample,first_replay,ordered4,128,128,22,284,1.455103993,1.469900000,0.114000000,0.026300000
sample,setup,warm,128,128,23,0,0.176500000,0.846500000,0.430800000,0.169200000
sample,first_replay,ordered4,128,128,23,284,1.447936058,1.457500000,0.083500000,0.021900000
sample,setup,warm,128,128,24,0,0.133000000,0.538800000,0.244900000,0.103700000
sample,first_replay,ordered4,128,128,24,284,1.449983954,1.494800000,0.077500000,0.022500000
sample,setup,warm,128,128,25,0,0.198200000,0.786400000,0.355600000,0.160900000
sample,first_replay,ordered4,128,128,25,284,1.451007962,1.465500000,0.088300000,0.021400000
sample,setup,warm,128,128,26,0,0.137600000,0.630300000,0.275000000,0.159700000
sample,first_replay,ordered4,128,128,26,284,1.445888042,1.458500000,0.084000000,0.020500000
sample,setup,warm,128,128,27,0,0.132200000,0.621200000,0.277800000,0.153700000
sample,first_replay,ordered4,128,128,27,284,1.456128001,1.470100000,0.091800000,0.020400000
sample,setup,warm,128,128,28,0,0.178300000,0.748300000,0.326900000,0.172400000
sample,first_replay,ordered4,128,128,28,284,1.459200025,1.472500000,0.099500000,0.025100000
sample,setup,warm,128,128,29,0,0.135500000,0.565400000,0.246600000,0.127000000
sample,first_replay,ordered4,128,128,29,284,1.456128001,1.468200000,0.088900000,0.020900000
sample,setup,warm,128,128,30,0,0.129400000,0.614800000,0.289300000,0.139800000
sample,first_replay,ordered4,128,128,30,284,1.462272048,1.475200000,0.109700000,0.024700000
sample,prefill_control,original,512,512,0,0,108.035072327,108.053700000,0.000000000,0.000000000
sample,head_control,original,512,512,0,0,0.338943988,0.341000000,0.000000000,0.000000000
sample,prefill_control,ordered4,512,512,0,0,108.071937561,108.092900000,0.000000000,0.000000000
sample,head_control,ordered4,512,512,0,0,0.363519996,0.367800000,0.000000000,0.000000000
sample,prefill_control,ordered4,512,512,1,0,108.083198547,108.100700000,0.000000000,0.000000000
sample,head_control,ordered4,512,512,1,0,0.346112013,0.349300000,0.000000000,0.000000000
sample,prefill_control,original,512,512,1,0,108.039169312,108.058600000,0.000000000,0.000000000
sample,head_control,original,512,512,1,0,0.344063997,0.348100000,0.000000000,0.000000000
sample,prefill_control,original,512,512,2,0,108.058624268,108.080200000,0.000000000,0.000000000
sample,head_control,original,512,512,2,0,0.348159999,0.350900000,0.000000000,0.000000000
sample,prefill_control,ordered4,512,512,2,0,108.097534180,108.115700000,0.000000000,0.000000000
sample,head_control,ordered4,512,512,2,0,0.345088005,0.348600000,0.000000000,0.000000000
sample,prefill_control,ordered4,512,512,3,0,108.028930664,108.048800000,0.000000000,0.000000000
sample,head_control,ordered4,512,512,3,0,0.345088005,0.348600000,0.000000000,0.000000000
sample,prefill_control,original,512,512,3,0,108.116989136,108.136600000,0.000000000,0.000000000
sample,head_control,original,512,512,3,0,0.345088005,0.348600000,0.000000000,0.000000000
sample,prefill_control,original,512,512,4,0,108.077056885,108.098100000,0.000000000,0.000000000
sample,head_control,original,512,512,4,0,0.345088005,0.348800000,0.000000000,0.000000000
sample,prefill_control,ordered4,512,512,4,0,108.071937561,108.093300000,0.000000000,0.000000000
sample,head_control,ordered4,512,512,4,0,0.346112013,0.350000000,0.000000000,0.000000000
sample,prefill_control,ordered4,512,512,5,0,108.019714355,108.035900000,0.000000000,0.000000000
sample,head_control,ordered4,512,512,5,0,0.343039989,0.346500000,0.000000000,0.000000000
sample,prefill_control,original,512,512,5,0,107.958274841,107.977200000,0.000000000,0.000000000
sample,head_control,original,512,512,5,0,0.342016011,0.346400000,0.000000000,0.000000000
sample,prefill_control,original,512,512,6,0,107.932670593,107.954400000,0.000000000,0.000000000
sample,head_control,original,512,512,6,0,0.345088005,0.348400000,0.000000000,0.000000000
sample,prefill_control,ordered4,512,512,6,0,107.914237976,107.932200000,0.000000000,0.000000000
sample,head_control,ordered4,512,512,6,0,0.350208014,0.352000000,0.000000000,0.000000000
sample,prefill_control,ordered4,512,512,7,0,107.932670593,107.954100000,0.000000000,0.000000000
sample,head_control,ordered4,512,512,7,0,0.346112013,0.349700000,0.000000000,0.000000000
sample,prefill_control,original,512,512,7,0,107.931648254,107.948600000,0.000000000,0.000000000
sample,head_control,original,512,512,7,0,0.337920010,0.340800000,0.000000000,0.000000000
sample,prefill_control,original,512,512,8,0,107.927551270,107.942500000,0.000000000,0.000000000
sample,head_control,original,512,512,8,0,0.345088005,0.348700000,0.000000000,0.000000000
sample,prefill_control,ordered4,512,512,8,0,107.969535828,107.991200000,0.000000000,0.000000000
sample,head_control,ordered4,512,512,8,0,0.350208014,0.353000000,0.000000000,0.000000000
sample,prefill_control,ordered4,512,512,9,0,107.952125549,107.969300000,0.000000000,0.000000000
sample,head_control,ordered4,512,512,9,0,0.345088005,0.349100000,0.000000000,0.000000000
sample,prefill_control,original,512,512,9,0,107.972732544,107.988800000,0.000000000,0.000000000
sample,head_control,original,512,512,9,0,0.339967996,0.342100000,0.000000000,0.000000000
sample,prefill_control,original,512,512,10,0,107.921409607,107.941400000,0.000000000,0.000000000
sample,head_control,original,512,512,10,0,0.345088005,0.348600000,0.000000000,0.000000000
sample,prefill_control,ordered4,512,512,10,0,107.950080872,107.972100000,0.000000000,0.000000000
sample,head_control,ordered4,512,512,10,0,0.345088005,0.349200000,0.000000000,0.000000000
sample,prefill_control,ordered4,512,512,11,0,107.967491150,107.987800000,0.000000000,0.000000000
sample,head_control,ordered4,512,512,11,0,0.346112013,0.350000000,0.000000000,0.000000000
sample,prefill_control,original,512,512,11,0,107.966461182,107.996700000,0.000000000,0.000000000
sample,head_control,original,512,512,11,0,0.350208014,0.353000000,0.000000000,0.000000000
sample,prefill_control,original,512,512,12,0,108.023811340,108.044600000,0.000000000,0.000000000
sample,head_control,original,512,512,12,0,0.347135991,0.350200000,0.000000000,0.000000000
sample,prefill_control,ordered4,512,512,12,0,107.949058533,107.970400000,0.000000000,0.000000000
sample,head_control,ordered4,512,512,12,0,0.345088005,0.348600000,0.000000000,0.000000000
sample,prefill_control,ordered4,512,512,13,0,107.981826782,108.002900000,0.000000000,0.000000000
sample,head_control,ordered4,512,512,13,0,0.350208014,0.352900000,0.000000000,0.000000000
sample,prefill_control,original,512,512,13,0,108.040191650,108.060200000,0.000000000,0.000000000
sample,head_control,original,512,512,13,0,0.346112013,0.349900000,0.000000000,0.000000000
sample,prefill_control,original,512,512,14,0,108.090370178,108.110800000,0.000000000,0.000000000
sample,head_control,original,512,512,14,0,0.345088005,0.348400000,0.000000000,0.000000000
sample,prefill_control,ordered4,512,512,14,0,108.002304077,108.019500000,0.000000000,0.000000000
sample,head_control,ordered4,512,512,14,0,0.333824009,0.335900000,0.000000000,0.000000000
sample,prefill_control,ordered4,512,512,15,0,108.060668945,108.080400000,0.000000000,0.000000000
sample,head_control,ordered4,512,512,15,0,0.344063997,0.347100000,0.000000000,0.000000000
sample,prefill_control,original,512,512,15,0,108.047363281,108.063700000,0.000000000,0.000000000
sample,head_control,original,512,512,15,0,0.334784001,0.336500000,0.000000000,0.000000000
sample,prefill_control,original,512,512,16,0,108.063743591,108.082900000,0.000000000,0.000000000
sample,head_control,original,512,512,16,0,0.345088005,0.348800000,0.000000000,0.000000000
sample,prefill_control,ordered4,512,512,16,0,108.100608826,108.122400000,0.000000000,0.000000000
sample,head_control,ordered4,512,512,16,0,0.353280008,0.356800000,0.000000000,0.000000000
sample,prefill_control,ordered4,512,512,17,0,108.023811340,108.040300000,0.000000000,0.000000000
sample,head_control,ordered4,512,512,17,0,0.337920010,0.341400000,0.000000000,0.000000000
sample,prefill_control,original,512,512,17,0,108.057601929,108.076800000,0.000000000,0.000000000
sample,head_control,original,512,512,17,0,0.348159999,0.350400000,0.000000000,0.000000000
sample,prefill_control,original,512,512,18,0,108.039169312,108.058500000,0.000000000,0.000000000
sample,head_control,original,512,512,18,0,0.346112013,0.349900000,0.000000000,0.000000000
sample,prefill_control,ordered4,512,512,18,0,108.092414856,108.110900000,0.000000000,0.000000000
sample,head_control,ordered4,512,512,18,0,0.345088005,0.348000000,0.000000000,0.000000000
sample,prefill_control,ordered4,512,512,19,0,108.051452637,108.068300000,0.000000000,0.000000000
sample,head_control,ordered4,512,512,19,0,0.338656008,0.340500000,0.000000000,0.000000000
sample,prefill_control,original,512,512,19,0,107.997406006,108.013100000,0.000000000,0.000000000
sample,head_control,original,512,512,19,0,0.336896002,0.339700000,0.000000000,0.000000000
sample,prefill_control,original,512,512,20,0,108.036094666,108.054900000,0.000000000,0.000000000
sample,head_control,original,512,512,20,0,0.345088005,0.348800000,0.000000000,0.000000000
sample,prefill_control,ordered4,512,512,20,0,108.052482605,108.069900000,0.000000000,0.000000000
sample,head_control,ordered4,512,512,20,0,0.335871994,0.338800000,0.000000000,0.000000000
sample,prefill_control,ordered4,512,512,21,0,108.090370178,108.109600000,0.000000000,0.000000000
sample,head_control,ordered4,512,512,21,0,0.352256000,0.355900000,0.000000000,0.000000000
sample,prefill_control,original,512,512,21,0,108.104705811,108.127500000,0.000000000,0.000000000
sample,head_control,original,512,512,21,0,0.366591990,0.370000000,0.000000000,0.000000000
sample,prefill_control,original,512,512,22,0,108.102653503,108.124100000,0.000000000,0.000000000
sample,head_control,original,512,512,22,0,0.358399987,0.363200000,0.000000000,0.000000000
sample,prefill_control,ordered4,512,512,22,0,108.069885254,108.086600000,0.000000000,0.000000000
sample,head_control,ordered4,512,512,22,0,0.353087991,0.355500000,0.000000000,0.000000000
sample,prefill_control,ordered4,512,512,23,0,108.111839294,108.126200000,0.000000000,0.000000000
sample,head_control,ordered4,512,512,23,0,0.343039989,0.346000000,0.000000000,0.000000000
sample,prefill_control,original,512,512,23,0,108.105728149,108.121100000,0.000000000,0.000000000
sample,head_control,original,512,512,23,0,0.333759993,0.336800000,0.000000000,0.000000000
sample,prefill_control,original,512,512,24,0,108.115966797,108.137700000,0.000000000,0.000000000
sample,head_control,original,512,512,24,0,0.354303986,0.358200000,0.000000000,0.000000000
sample,prefill_control,ordered4,512,512,24,0,108.084220886,108.105000000,0.000000000,0.000000000
sample,head_control,ordered4,512,512,24,0,0.344063997,0.347400000,0.000000000,0.000000000
sample,prefill_control,ordered4,512,512,25,0,108.069885254,108.087900000,0.000000000,0.000000000
sample,head_control,ordered4,512,512,25,0,0.336896002,0.338500000,0.000000000,0.000000000
sample,prefill_control,original,512,512,25,0,108.042205811,108.063500000,0.000000000,0.000000000
sample,head_control,original,512,512,25,0,0.346112013,0.349700000,0.000000000,0.000000000
sample,prefill_control,original,512,512,26,0,108.042236328,108.063000000,0.000000000,0.000000000
sample,head_control,original,512,512,26,0,0.352256000,0.356200000,0.000000000,0.000000000
sample,prefill_control,ordered4,512,512,26,0,108.106750488,108.132100000,0.000000000,0.000000000
sample,head_control,ordered4,512,512,26,0,0.353280008,0.357300000,0.000000000,0.000000000
sample,prefill_control,ordered4,512,512,27,0,108.022781372,108.043300000,0.000000000,0.000000000
sample,head_control,ordered4,512,512,27,0,0.347135991,0.350700000,0.000000000,0.000000000
sample,prefill_control,original,512,512,27,0,108.045310974,108.065000000,0.000000000,0.000000000
sample,head_control,original,512,512,27,0,0.345088005,0.349000000,0.000000000,0.000000000
sample,prefill_control,original,512,512,28,0,108.037117004,108.057700000,0.000000000,0.000000000
sample,head_control,original,512,512,28,0,0.346112013,0.350100000,0.000000000,0.000000000
sample,prefill_control,ordered4,512,512,28,0,108.029953003,108.047000000,0.000000000,0.000000000
sample,head_control,ordered4,512,512,28,0,0.345088005,0.348600000,0.000000000,0.000000000
sample,prefill_control,ordered4,512,512,29,0,108.077056885,108.095000000,0.000000000,0.000000000
sample,head_control,ordered4,512,512,29,0,0.345088005,0.349100000,0.000000000,0.000000000
sample,prefill_control,original,512,512,29,0,108.078079224,108.098800000,0.000000000,0.000000000
sample,head_control,original,512,512,29,0,0.345088005,0.348500000,0.000000000,0.000000000
