start_ns,end_ns,name
12223230,12224190,"k_embed_one(__half *, const __half *, const __half *, int, int)"
12224222,12227199,"k_layernorm(__half *, const __half *, const __half *, const __half *, int, int)"
12227231,12243424,"k_gemv_fp16(__half *, const __half *, const __half *, const __half *, int, int)"
12243456,12244352,"k_kv_append(__half *, __half *, const __half *, int, int)"
12244384,12260097,"k_attn_decode_ordered4(__half *, const __half *, const __half *, const __half *, int, int)"
12260129,12267458,"k_gemv_fp16(__half *, const __half *, const __half *, const __half *, int, int)"
12267489,12268289,"k_add(__half *, const __half *, unsigned long long)"
12268322,12271202,"k_layernorm(__half *, const __half *, const __half *, const __half *, int, int)"
12271266,12292195,"k_gemv_fp16(__half *, const __half *, const __half *, const __half *, int, int)"
12292227,12293059,"k_gelu(__half *, unsigned long long)"
12293091,12316005,"k_gemv_fp16(__half *, const __half *, const __half *, const __half *, int, int)"
12316037,12316805,"k_add(__half *, const __half *, unsigned long long)"
12316837,12319717,"k_layernorm(__half *, const __half *, const __half *, const __half *, int, int)"
12319749,12336038,"k_gemv_fp16(__half *, const __half *, const __half *, const __half *, int, int)"
12336070,12336934,"k_kv_append(__half *, __half *, const __half *, int, int)"
12336966,12352551,"k_attn_decode_ordered4(__half *, const __half *, const __half *, const __half *, int, int)"
12353288,12359944,"k_gemv_fp16(__half *, const __half *, const __half *, const __half *, int, int)"
12359976,12360744,"k_add(__half *, const __half *, unsigned long long)"
12360808,12363720,"k_layernorm(__half *, const __half *, const __half *, const __half *, int, int)"
12363752,12384746,"k_gemv_fp16(__half *, const __half *, const __half *, const __half *, int, int)"
12384810,12385610,"k_gelu(__half *, unsigned long long)"
12385674,12409931,"k_gemv_fp16(__half *, const __half *, const __half *, const __half *, int, int)"
12409964,12410732,"k_add(__half *, const __half *, unsigned long long)"
12410795,12413772,"k_layernorm(__half *, const __half *, const __half *, const __half *, int, int)"
12413804,12433357,"k_gemv_fp16(__half *, const __half *, const __half *, const __half *, int, int)"
12433389,12434253,"k_kv_append(__half *, __half *, const __half *, int, int)"
12434285,12451183,"k_attn_decode_ordered4(__half *, const __half *, const __half *, const __half *, int, int)"
12451214,12459375,"k_gemv_fp16(__half *, const __half *, const __half *, const __half *, int, int)"
12459439,12460207,"k_add(__half *, const __half *, unsigned long long)"
12460239,12463119,"k_layernorm(__half *, const __half *, const __half *, const __half *, int, int)"
12463151,12485073,"k_gemv_fp16(__half *, const __half *, const __half *, const __half *, int, int)"
12485105,12485937,"k_gelu(__half *, unsigned long long)"
12486641,12509586,"k_gemv_fp16(__half *, const __half *, const __half *, const __half *, int, int)"
12509619,12510387,"k_add(__half *, const __half *, unsigned long long)"
12510450,12513331,"k_layernorm(__half *, const __half *, const __half *, const __half *, int, int)"
12513363,12529524,"k_gemv_fp16(__half *, const __half *, const __half *, const __half *, int, int)"
12529556,12530420,"k_kv_append(__half *, __half *, const __half *, int, int)"
12530484,12545941,"k_attn_decode_ordered4(__half *, const __half *, const __half *, const __half *, int, int)"
12545973,12553270,"k_gemv_fp16(__half *, const __half *, const __half *, const __half *, int, int)"
12553302,12554070,"k_add(__half *, const __half *, unsigned long long)"
12554102,12556982,"k_layernorm(__half *, const __half *, const __half *, const __half *, int, int)"
12557046,12578007,"k_gemv_fp16(__half *, const __half *, const __half *, const __half *, int, int)"
12578039,12578871,"k_gelu(__half *, unsigned long long)"
12578903,12601689,"k_gemv_fp16(__half *, const __half *, const __half *, const __half *, int, int)"
12601753,12602521,"k_add(__half *, const __half *, unsigned long long)"
12602553,12605433,"k_layernorm(__half *, const __half *, const __half *, const __half *, int, int)"
12605465,12621691,"k_gemv_fp16(__half *, const __half *, const __half *, const __half *, int, int)"
12621722,12622587,"k_kv_append(__half *, __half *, const __half *, int, int)"
12623419,12638972,"k_attn_decode_ordered4(__half *, const __half *, const __half *, const __half *, int, int)"
12639004,12646300,"k_gemv_fp16(__half *, const __half *, const __half *, const __half *, int, int)"
12646364,12647132,"k_add(__half *, const __half *, unsigned long long)"
12647164,12650045,"k_layernorm(__half *, const __half *, const __half *, const __half *, int, int)"
12650076,12671070,"k_gemv_fp16(__half *, const __half *, const __half *, const __half *, int, int)"
12671102,12671934,"k_gelu(__half *, unsigned long long)"
12671998,12694880,"k_gemv_fp16(__half *, const __half *, const __half *, const __half *, int, int)"
12694912,12695712,"k_add(__half *, const __half *, unsigned long long)"
12695744,12698624,"k_layernorm(__half *, const __half *, const __half *, const __half *, int, int)"
12698656,12714913,"k_gemv_fp16(__half *, const __half *, const __half *, const __half *, int, int)"
12714945,12715809,"k_kv_append(__half *, __half *, const __half *, int, int)"
12715841,12731362,"k_attn_decode_ordered4(__half *, const __half *, const __half *, const __half *, int, int)"
12731394,12738723,"k_gemv_fp16(__half *, const __half *, const __half *, const __half *, int, int)"
12738787,12739555,"k_add(__half *, const __half *, unsigned long long)"
12739587,12742435,"k_layernorm(__half *, const __half *, const __half *, const __half *, int, int)"
12742499,12763524,"k_gemv_fp16(__half *, const __half *, const __half *, const __half *, int, int)"
12764356,12765220,"k_gelu(__half *, unsigned long long)"
12765253,12788166,"k_gemv_fp16(__half *, const __half *, const __half *, const __half *, int, int)"
12788198,12788998,"k_add(__half *, const __half *, unsigned long long)"
12789030,12791910,"k_layernorm(__half *, const __half *, const __half *, const __half *, int, int)"
12791943,12808136,"k_gemv_fp16(__half *, const __half *, const __half *, const __half *, int, int)"
12808167,12809031,"k_kv_append(__half *, __half *, const __half *, int, int)"
12809064,12824713,"k_attn_decode_ordered4(__half *, const __half *, const __half *, const __half *, int, int)"
12824745,12832073,"k_gemv_fp16(__half *, const __half *, const __half *, const __half *, int, int)"
12832105,12832873,"k_add(__half *, const __half *, unsigned long long)"
12832905,12835786,"k_layernorm(__half *, const __half *, const __half *, const __half *, int, int)"
12835817,12856747,"k_gemv_fp16(__half *, const __half *, const __half *, const __half *, int, int)"
12856811,12857643,"k_gelu(__half *, unsigned long long)"
12857675,12880621,"k_gemv_fp16(__half *, const __half *, const __half *, const __half *, int, int)"
12880653,12881421,"k_add(__half *, const __half *, unsigned long long)"
12881485,12884365,"k_layernorm(__half *, const __half *, const __half *, const __half *, int, int)"
12884397,12900558,"k_gemv_fp16(__half *, const __half *, const __half *, const __half *, int, int)"
12901326,12902190,"k_kv_append(__half *, __half *, const __half *, int, int)"
12902254,12917903,"k_attn_decode_ordered4(__half *, const __half *, const __half *, const __half *, int, int)"
12917967,12925296,"k_gemv_fp16(__half *, const __half *, const __half *, const __half *, int, int)"
12925360,12926128,"k_add(__half *, const __half *, unsigned long long)"
12926160,12929008,"k_layernorm(__half *, const __half *, const __half *, const __half *, int, int)"
12929072,12949905,"k_gemv_fp16(__half *, const __half *, const __half *, const __half *, int, int)"
12949938,12950770,"k_gelu(__half *, unsigned long long)"
12950834,12973811,"k_gemv_fp16(__half *, const __half *, const __half *, const __half *, int, int)"
12973875,12974643,"k_add(__half *, const __half *, unsigned long long)"
12974675,12977555,"k_layernorm(__half *, const __half *, const __half *, const __half *, int, int)"
12977588,12994037,"k_gemv_fp16(__half *, const __half *, const __half *, const __half *, int, int)"
12994069,12994965,"k_kv_append(__half *, __half *, const __half *, int, int)"
12994997,13010390,"k_attn_decode_ordered4(__half *, const __half *, const __half *, const __half *, int, int)"
13010422,13017750,"k_gemv_fp16(__half *, const __half *, const __half *, const __half *, int, int)"
13017782,13018582,"k_add(__half *, const __half *, unsigned long long)"
13018614,13021431,"k_layernorm(__half *, const __half *, const __half *, const __half *, int, int)"
13022167,13043160,"k_gemv_fp16(__half *, const __half *, const __half *, const __half *, int, int)"
13043192,13044024,"k_gelu(__half *, unsigned long long)"
13044056,13066810,"k_gemv_fp16(__half *, const __half *, const __half *, const __half *, int, int)"
13066842,13067642,"k_add(__half *, const __half *, unsigned long long)"
13067674,13070586,"k_layernorm(__half *, const __half *, const __half *, const __half *, int, int)"
13070618,13086811,"k_gemv_fp16(__half *, const __half *, const __half *, const __half *, int, int)"
13086843,13087739,"k_kv_append(__half *, __half *, const __half *, int, int)"
13087771,13103356,"k_attn_decode_ordered4(__half *, const __half *, const __half *, const __half *, int, int)"
13103388,13110717,"k_gemv_fp16(__half *, const __half *, const __half *, const __half *, int, int)"
13110749,13111549,"k_add(__half *, const __half *, unsigned long long)"
13111581,13114429,"k_layernorm(__half *, const __half *, const __half *, const __half *, int, int)"
13114461,13135519,"k_gemv_fp16(__half *, const __half *, const __half *, const __half *, int, int)"
13135551,13136383,"k_gelu(__half *, unsigned long long)"
13136447,13159200,"k_gemv_fp16(__half *, const __half *, const __half *, const __half *, int, int)"
13159232,13160032,"k_add(__half *, const __half *, unsigned long long)"
13160064,13163008,"k_layernorm(__half *, const __half *, const __half *, const __half *, int, int)"
13163777,13180385,"k_gemv_fp16(__half *, const __half *, const __half *, const __half *, int, int)"
13180386,13181282,"k_kv_append(__half *, __half *, const __half *, int, int)"
13181314,13197027,"k_attn_decode_ordered4(__half *, const __half *, const __half *, const __half *, int, int)"
13197059,13204387,"k_gemv_fp16(__half *, const __half *, const __half *, const __half *, int, int)"
13204419,13205220,"k_add(__half *, const __half *, unsigned long long)"
13205251,13208132,"k_layernorm(__half *, const __half *, const __half *, const __half *, int, int)"
13208164,13229028,"k_gemv_fp16(__half *, const __half *, const __half *, const __half *, int, int)"
13229029,13229893,"k_gelu(__half *, unsigned long long)"
13229925,13252775,"k_gemv_fp16(__half *, const __half *, const __half *, const __half *, int, int)"
13252807,13253575,"k_add(__half *, const __half *, unsigned long long)"
13253639,13256583,"k_layernorm(__half *, const __half *, const __half *, const __half *, int, int)"
13256615,13273160,"k_gemv_fp16(__half *, const __half *, const __half *, const __half *, int, int)"
13273224,13274056,"k_kv_append(__half *, __half *, const __half *, int, int)"
13274120,13289930,"k_attn_decode_ordered4(__half *, const __half *, const __half *, const __half *, int, int)"
13289961,13297226,"k_gemv_fp16(__half *, const __half *, const __half *, const __half *, int, int)"
13297290,13298058,"k_add(__half *, const __half *, unsigned long long)"
13298922,13301802,"k_layernorm(__half *, const __half *, const __half *, const __half *, int, int)"
13301866,13322988,"k_gemv_fp16(__half *, const __half *, const __half *, const __half *, int, int)"
13323020,13323852,"k_gelu(__half *, unsigned long long)"
13323884,13346669,"k_gemv_fp16(__half *, const __half *, const __half *, const __half *, int, int)"
13346733,13347502,"k_add(__half *, const __half *, unsigned long long)"
13347566,13350414,"k_layernorm(__half *, const __half *, const __half *, const __half *, int, int)"
13350446,13662436,"k_gemv_fp16(__half *, const __half *, const __half *, const __half *, int, int)"
13905493,13906453,"k_embed_one(__half *, const __half *, const __half *, int, int)"
13906485,13909365,"k_layernorm(__half *, const __half *, const __half *, const __half *, int, int)"
13909397,13925622,"k_gemv_fp16(__half *, const __half *, const __half *, const __half *, int, int)"
13925654,13926550,"k_kv_append(__half *, __half *, const __half *, int, int)"
13926582,13942296,"k_attn_decode_ordered4(__half *, const __half *, const __half *, const __half *, int, int)"
13942327,13949624,"k_gemv_fp16(__half *, const __half *, const __half *, const __half *, int, int)"
13949656,13950456,"k_add(__half *, const __half *, unsigned long long)"
13950488,13953368,"k_layernorm(__half *, const __half *, const __half *, const __half *, int, int)"
13953400,13974234,"k_gemv_fp16(__half *, const __half *, const __half *, const __half *, int, int)"
13974266,13975098,"k_gelu(__half *, unsigned long long)"
13975130,13998011,"k_gemv_fp16(__half *, const __half *, const __half *, const __half *, int, int)"
13998043,13998811,"k_add(__half *, const __half *, unsigned long long)"
13998875,14001756,"k_layernorm(__half *, const __half *, const __half *, const __half *, int, int)"
14001820,14017981,"k_gemv_fp16(__half *, const __half *, const __half *, const __half *, int, int)"
14018013,14018909,"k_kv_append(__half *, __half *, const __half *, int, int)"
14018941,14035038,"k_attn_decode_ordered4(__half *, const __half *, const __half *, const __half *, int, int)"
14035806,14042463,"k_gemv_fp16(__half *, const __half *, const __half *, const __half *, int, int)"
14042494,14043263,"k_add(__half *, const __half *, unsigned long long)"
14043327,14046207,"k_layernorm(__half *, const __half *, const __half *, const __half *, int, int)"
14046239,14067168,"k_gemv_fp16(__half *, const __half *, const __half *, const __half *, int, int)"
14067232,14068032,"k_gelu(__half *, unsigned long long)"
14068096,14090850,"k_gemv_fp16(__half *, const __half *, const __half *, const __half *, int, int)"
14090882,14091682,"k_add(__half *, const __half *, unsigned long long)"
14091714,14094562,"k_layernorm(__half *, const __half *, const __half *, const __half *, int, int)"
14094626,14110787,"k_gemv_fp16(__half *, const __half *, const __half *, const __half *, int, int)"
14110851,14111715,"k_kv_append(__half *, __half *, const __half *, int, int)"
14111747,14127525,"k_attn_decode_ordered4(__half *, const __half *, const __half *, const __half *, int, int)"
14127556,14134949,"k_gemv_fp16(__half *, const __half *, const __half *, const __half *, int, int)"
14134981,14135749,"k_add(__half *, const __half *, unsigned long long)"
14135813,14138693,"k_layernorm(__half *, const __half *, const __half *, const __half *, int, int)"
14138757,14159783,"k_gemv_fp16(__half *, const __half *, const __half *, const __half *, int, int)"
14159815,14160647,"k_gelu(__half *, unsigned long long)"
14161351,14184297,"k_gemv_fp16(__half *, const __half *, const __half *, const __half *, int, int)"
14184328,14185097,"k_add(__half *, const __half *, unsigned long long)"
14185161,14188041,"k_layernorm(__half *, const __half *, const __half *, const __half *, int, int)"
14188073,14204394,"k_gemv_fp16(__half *, const __half *, const __half *, const __half *, int, int)"
14204426,14205290,"k_kv_append(__half *, __half *, const __half *, int, int)"
14205322,14221099,"k_attn_decode_ordered4(__half *, const __half *, const __half *, const __half *, int, int)"
14221131,14228396,"k_gemv_fp16(__half *, const __half *, const __half *, const __half *, int, int)"
14228428,14229227,"k_add(__half *, const __half *, unsigned long long)"
14229228,14232236,"k_layernorm(__half *, const __half *, const __half *, const __half *, int, int)"
14232268,14253293,"k_gemv_fp16(__half *, const __half *, const __half *, const __half *, int, int)"
14253325,14254157,"k_gelu(__half *, unsigned long long)"
14254190,14277007,"k_gemv_fp16(__half *, const __half *, const __half *, const __half *, int, int)"
14277039,14277839,"k_add(__half *, const __half *, unsigned long long)"
14277871,14280751,"k_layernorm(__half *, const __half *, const __half *, const __half *, int, int)"
14280783,14297040,"k_gemv_fp16(__half *, const __half *, const __half *, const __half *, int, int)"
14297104,14297968,"k_kv_append(__half *, __half *, const __half *, int, int)"
14298705,14314066,"k_attn_decode_ordered4(__half *, const __half *, const __half *, const __half *, int, int)"
14314098,14321458,"k_gemv_fp16(__half *, const __half *, const __half *, const __half *, int, int)"
14321490,14322290,"k_add(__half *, const __half *, unsigned long long)"
14322322,14325266,"k_layernorm(__half *, const __half *, const __half *, const __half *, int, int)"
14325298,14346324,"k_gemv_fp16(__half *, const __half *, const __half *, const __half *, int, int)"
14346356,14347188,"k_gelu(__half *, unsigned long long)"
14347220,14370070,"k_gemv_fp16(__half *, const __half *, const __half *, const __half *, int, int)"
14370102,14370870,"k_add(__half *, const __half *, unsigned long long)"
14370934,14373782,"k_layernorm(__half *, const __half *, const __half *, const __half *, int, int)"
14373814,14390135,"k_gemv_fp16(__half *, const __half *, const __half *, const __half *, int, int)"
14390199,14391063,"k_kv_append(__half *, __half *, const __half *, int, int)"
14391095,14406776,"k_attn_decode_ordered4(__half *, const __half *, const __half *, const __half *, int, int)"
14406808,14414201,"k_gemv_fp16(__half *, const __half *, const __half *, const __half *, int, int)"
14414233,14415001,"k_add(__half *, const __half *, unsigned long long)"
14415033,14418009,"k_layernorm(__half *, const __half *, const __half *, const __half *, int, int)"
14418041,14438971,"k_gemv_fp16(__half *, const __half *, const __half *, const __half *, int, int)"
14439866,14440699,"k_gelu(__half *, unsigned long long)"
14440763,14463580,"k_gemv_fp16(__half *, const __half *, const __half *, const __half *, int, int)"
14463612,14464380,"k_add(__half *, const __half *, unsigned long long)"
14464444,14467292,"k_layernorm(__half *, const __half *, const __half *, const __half *, int, int)"
14467356,14483517,"k_gemv_fp16(__half *, const __half *, const __half *, const __half *, int, int)"
14483582,14484414,"k_kv_append(__half *, __half *, const __half *, int, int)"
14484478,14500095,"k_attn_decode_ordered4(__half *, const __half *, const __half *, const __half *, int, int)"
14500127,14507455,"k_gemv_fp16(__half *, const __half *, const __half *, const __half *, int, int)"
14507487,14508255,"k_add(__half *, const __half *, unsigned long long)"
14508287,14511200,"k_layernorm(__half *, const __half *, const __half *, const __half *, int, int)"
14511232,14532257,"k_gemv_fp16(__half *, const __half *, const __half *, const __half *, int, int)"
14532321,14533121,"k_gelu(__half *, unsigned long long)"
14533185,14556003,"k_gemv_fp16(__half *, const __half *, const __half *, const __half *, int, int)"
14556035,14556835,"k_add(__half *, const __half *, unsigned long long)"
14556867,14559747,"k_layernorm(__half *, const __half *, const __half *, const __half *, int, int)"
14559779,14575876,"k_gemv_fp16(__half *, const __half *, const __half *, const __half *, int, int)"
14576612,14577476,"k_kv_append(__half *, __half *, const __half *, int, int)"
14577540,14593349,"k_attn_decode_ordered4(__half *, const __half *, const __half *, const __half *, int, int)"
14593381,14600774,"k_gemv_fp16(__half *, const __half *, const __half *, const __half *, int, int)"
14600806,14601606,"k_add(__half *, const __half *, unsigned long long)"
14601638,14604550,"k_layernorm(__half *, const __half *, const __half *, const __half *, int, int)"
14604582,14625480,"k_gemv_fp16(__half *, const __half *, const __half *, const __half *, int, int)"
14625511,14626344,"k_gelu(__half *, unsigned long long)"
14626408,14649321,"k_gemv_fp16(__half *, const __half *, const __half *, const __half *, int, int)"
14649353,14650153,"k_add(__half *, const __half *, unsigned long long)"
14650185,14653065,"k_layernorm(__half *, const __half *, const __half *, const __half *, int, int)"
14653097,14669259,"k_gemv_fp16(__half *, const __half *, const __half *, const __half *, int, int)"
14669291,14670187,"k_kv_append(__half *, __half *, const __half *, int, int)"
14670219,14685804,"k_attn_decode_ordered4(__half *, const __half *, const __half *, const __half *, int, int)"
14685868,14693323,"k_gemv_fp16(__half *, const __half *, const __half *, const __half *, int, int)"
14693324,14694124,"k_add(__half *, const __half *, unsigned long long)"
14694156,14697005,"k_layernorm(__half *, const __half *, const __half *, const __half *, int, int)"
14697741,14718766,"k_gemv_fp16(__half *, const __half *, const __half *, const __half *, int, int)"
14718798,14719662,"k_gelu(__half *, unsigned long long)"
14719694,14742480,"k_gemv_fp16(__half *, const __half *, const __half *, const __half *, int, int)"
14742512,14743312,"k_add(__half *, const __half *, unsigned long long)"
14743344,14746256,"k_layernorm(__half *, const __half *, const __half *, const __half *, int, int)"
14746288,14762417,"k_gemv_fp16(__half *, const __half *, const __half *, const __half *, int, int)"
14762449,14763313,"k_kv_append(__half *, __half *, const __half *, int, int)"
14763377,14778866,"k_attn_decode_ordered4(__half *, const __half *, const __half *, const __half *, int, int)"
14778898,14786386,"k_gemv_fp16(__half *, const __half *, const __half *, const __half *, int, int)"
14786387,14787187,"k_add(__half *, const __half *, unsigned long long)"
14787219,14790099,"k_layernorm(__half *, const __half *, const __half *, const __half *, int, int)"
14790131,14811093,"k_gemv_fp16(__half *, const __half *, const __half *, const __half *, int, int)"
14811125,14811989,"k_gelu(__half *, unsigned long long)"
14812021,14834806,"k_gemv_fp16(__half *, const __half *, const __half *, const __half *, int, int)"
14834838,14835638,"k_add(__half *, const __half *, unsigned long long)"
14835670,14838679,"k_layernorm(__half *, const __half *, const __half *, const __half *, int, int)"
14839383,14855383,"k_gemv_fp16(__half *, const __half *, const __half *, const __half *, int, int)"
14855384,14856280,"k_kv_append(__half *, __half *, const __half *, int, int)"
14856312,14872089,"k_attn_decode_ordered4(__half *, const __half *, const __half *, const __half *, int, int)"
14872121,14879481,"k_gemv_fp16(__half *, const __half *, const __half *, const __half *, int, int)"
14879513,14880281,"k_add(__half *, const __half *, unsigned long long)"
14880346,14883226,"k_layernorm(__half *, const __half *, const __half *, const __half *, int, int)"
14883258,14904091,"k_gemv_fp16(__half *, const __half *, const __half *, const __half *, int, int)"
14904123,14904955,"k_gelu(__half *, unsigned long long)"
14904987,14927741,"k_gemv_fp16(__half *, const __half *, const __half *, const __half *, int, int)"
14927805,14928573,"k_add(__half *, const __half *, unsigned long long)"
14928605,14931485,"k_layernorm(__half *, const __half *, const __half *, const __half *, int, int)"
14931517,14947646,"k_gemv_fp16(__half *, const __half *, const __half *, const __half *, int, int)"
14947678,14948542,"k_kv_append(__half *, __half *, const __half *, int, int)"
14948606,14964511,"k_attn_decode_ordered4(__half *, const __half *, const __half *, const __half *, int, int)"
14964576,14971872,"k_gemv_fp16(__half *, const __half *, const __half *, const __half *, int, int)"
14971904,14972672,"k_add(__half *, const __half *, unsigned long long)"
14973376,14976288,"k_layernorm(__half *, const __half *, const __half *, const __half *, int, int)"
14976352,14997218,"k_gemv_fp16(__half *, const __half *, const __half *, const __half *, int, int)"
14997250,14998082,"k_gelu(__half *, unsigned long long)"
14998114,15020932,"k_gemv_fp16(__half *, const __half *, const __half *, const __half *, int, int)"
15020995,15021763,"k_add(__half *, const __half *, unsigned long long)"
15021796,15024708,"k_layernorm(__half *, const __half *, const __half *, const __half *, int, int)"
15024740,15336634,"k_gemv_fp16(__half *, const __half *, const __half *, const __half *, int, int)"
15396286,15397278,"k_embed_one(__half *, const __half *, const __half *, int, int)"
15397310,15400190,"k_layernorm(__half *, const __half *, const __half *, const __half *, int, int)"
15400222,15416575,"k_gemv_fp16(__half *, const __half *, const __half *, const __half *, int, int)"
15416607,15417471,"k_kv_append(__half *, __half *, const __half *, int, int)"
15417535,15433312,"k_attn_decode_ordered4(__half *, const __half *, const __half *, const __half *, int, int)"
15433345,15440641,"k_gemv_fp16(__half *, const __half *, const __half *, const __half *, int, int)"
15440673,15441473,"k_add(__half *, const __half *, unsigned long long)"
15441505,15444385,"k_layernorm(__half *, const __half *, const __half *, const __half *, int, int)"
15444417,15465250,"k_gemv_fp16(__half *, const __half *, const __half *, const __half *, int, int)"
15465251,15466115,"k_gelu(__half *, unsigned long long)"
15466147,15488964,"k_gemv_fp16(__half *, const __half *, const __half *, const __half *, int, int)"
15488996,15489795,"k_add(__half *, const __half *, unsigned long long)"
15489796,15492741,"k_layernorm(__half *, const __half *, const __half *, const __half *, int, int)"
15492773,15508934,"k_gemv_fp16(__half *, const __half *, const __half *, const __half *, int, int)"
15508966,15509862,"k_kv_append(__half *, __half *, const __half *, int, int)"
15509894,15525543,"k_attn_decode_ordered4(__half *, const __half *, const __half *, const __half *, int, int)"
15526311,15533031,"k_gemv_fp16(__half *, const __half *, const __half *, const __half *, int, int)"
15533064,15533864,"k_add(__half *, const __half *, unsigned long long)"
15533895,15536776,"k_layernorm(__half *, const __half *, const __half *, const __half *, int, int)"
15536840,15557769,"k_gemv_fp16(__half *, const __half *, const __half *, const __half *, int, int)"
15557801,15558665,"k_gelu(__half *, unsigned long long)"
15558697,15581483,"k_gemv_fp16(__half *, const __half *, const __half *, const __half *, int, int)"
15581547,15582315,"k_add(__half *, const __half *, unsigned long long)"
15582347,15585227,"k_layernorm(__half *, const __half *, const __half *, const __half *, int, int)"
15585259,15601516,"k_gemv_fp16(__half *, const __half *, const __half *, const __half *, int, int)"
15601548,15602412,"k_kv_append(__half *, __half *, const __half *, int, int)"
15602476,15618286,"k_attn_decode_ordered4(__half *, const __half *, const __half *, const __half *, int, int)"
15618317,15625678,"k_gemv_fp16(__half *, const __half *, const __half *, const __half *, int, int)"
15625710,15626478,"k_add(__half *, const __half *, unsigned long long)"
15626542,15629486,"k_layernorm(__half *, const __half *, const __half *, const __half *, int, int)"
15629518,15650576,"k_gemv_fp16(__half *, const __half *, const __half *, const __half *, int, int)"
15650608,15651440,"k_gelu(__half *, unsigned long long)"
15652144,15675058,"k_gemv_fp16(__half *, const __half *, const __half *, const __half *, int, int)"
15675089,15675889,"k_add(__half *, const __half *, unsigned long long)"
15675922,15678834,"k_layernorm(__half *, const __half *, const __half *, const __half *, int, int)"
15678866,15695059,"k_gemv_fp16(__half *, const __half *, const __half *, const __half *, int, int)"
15695091,15695955,"k_kv_append(__half *, __half *, const __half *, int, int)"
15695987,15711572,"k_attn_decode_ordered4(__half *, const __half *, const __half *, const __half *, int, int)"
15711604,15718869,"k_gemv_fp16(__half *, const __half *, const __half *, const __half *, int, int)"
15718933,15719701,"k_add(__half *, const __half *, unsigned long long)"
15719733,15722709,"k_layernorm(__half *, const __half *, const __half *, const __half *, int, int)"
15722741,15743990,"k_gemv_fp16(__half *, const __half *, const __half *, const __half *, int, int)"
15744022,15744886,"k_gelu(__half *, unsigned long long)"
15744918,15767735,"k_gemv_fp16(__half *, const __half *, const __half *, const __half *, int, int)"
15767736,15768536,"k_add(__half *, const __half *, unsigned long long)"
15768568,15771448,"k_layernorm(__half *, const __half *, const __half *, const __half *, int, int)"
15771480,15787865,"k_gemv_fp16(__half *, const __half *, const __half *, const __half *, int, int)"
15787929,15788794,"k_kv_append(__half *, __half *, const __half *, int, int)"
15789498,15805019,"k_attn_decode_ordered4(__half *, const __half *, const __half *, const __half *, int, int)"
15805051,15812411,"k_gemv_fp16(__half *, const __half *, const __half *, const __half *, int, int)"
15812443,15813243,"k_add(__half *, const __half *, unsigned long long)"
15813275,15816155,"k_layernorm(__half *, const __half *, const __half *, const __half *, int, int)"
15816187,15837213,"k_gemv_fp16(__half *, const __half *, const __half *, const __half *, int, int)"
15837245,15838077,"k_gelu(__half *, unsigned long long)"
15838109,15861054,"k_gemv_fp16(__half *, const __half *, const __half *, const __half *, int, int)"
15861055,15861855,"k_add(__half *, const __half *, unsigned long long)"
15861887,15864767,"k_layernorm(__half *, const __half *, const __half *, const __half *, int, int)"
15864799,15880960,"k_gemv_fp16(__half *, const __half *, const __half *, const __half *, int, int)"
15880992,15881856,"k_kv_append(__half *, __half *, const __half *, int, int)"
15881888,15897569,"k_attn_decode_ordered4(__half *, const __half *, const __half *, const __half *, int, int)"
15897601,15904930,"k_gemv_fp16(__half *, const __half *, const __half *, const __half *, int, int)"
15904962,15905730,"k_add(__half *, const __half *, unsigned long long)"
15905762,15908642,"k_layernorm(__half *, const __half *, const __half *, const __half *, int, int)"
15908674,15929571,"k_gemv_fp16(__half *, const __half *, const __half *, const __half *, int, int)"
15930244,15931108,"k_gelu(__half *, unsigned long long)"
15931140,15954053,"k_gemv_fp16(__half *, const __half *, const __half *, const __half *, int, int)"
15954117,15954885,"k_add(__half *, const __half *, unsigned long long)"
15954949,15957829,"k_layernorm(__half *, const __half *, const __half *, const __half *, int, int)"
15957861,15973927,"k_gemv_fp16(__half *, const __half *, const __half *, const __half *, int, int)"
15973959,15974823,"k_kv_append(__half *, __half *, const __half *, int, int)"
15974887,15990599,"k_attn_decode_ordered4(__half *, const __half *, const __half *, const __half *, int, int)"
15990600,15997960,"k_gemv_fp16(__half *, const __half *, const __half *, const __half *, int, int)"
15997992,15998760,"k_add(__half *, const __half *, unsigned long long)"
15998824,16001672,"k_layernorm(__half *, const __half *, const __half *, const __half *, int, int)"
16001705,16022634,"k_gemv_fp16(__half *, const __half *, const __half *, const __half *, int, int)"
16022698,16023530,"k_gelu(__half *, unsigned long long)"
16023562,16046380,"k_gemv_fp16(__half *, const __half *, const __half *, const __half *, int, int)"
16046412,16047180,"k_add(__half *, const __half *, unsigned long long)"
16047244,16050124,"k_layernorm(__half *, const __half *, const __half *, const __half *, int, int)"
16050188,16066477,"k_gemv_fp16(__half *, const __half *, const __half *, const __half *, int, int)"
16067245,16068109,"k_kv_append(__half *, __half *, const __half *, int, int)"
16068173,16083694,"k_attn_decode_ordered4(__half *, const __half *, const __half *, const __half *, int, int)"
16083726,16091151,"k_gemv_fp16(__half *, const __half *, const __half *, const __half *, int, int)"
16091183,16091951,"k_add(__half *, const __half *, unsigned long long)"
16092015,16094863,"k_layernorm(__half *, const __half *, const __half *, const __half *, int, int)"
16094927,16115856,"k_gemv_fp16(__half *, const __half *, const __half *, const __half *, int, int)"
16115889,16116720,"k_gelu(__half *, unsigned long long)"
16116785,16139794,"k_gemv_fp16(__half *, const __half *, const __half *, const __half *, int, int)"
16139826,16140594,"k_add(__half *, const __half *, unsigned long long)"
16140658,16143506,"k_layernorm(__half *, const __half *, const __half *, const __half *, int, int)"
16143539,16159732,"k_gemv_fp16(__half *, const __half *, const __half *, const __half *, int, int)"
16159764,16160628,"k_kv_append(__half *, __half *, const __half *, int, int)"
16160660,16176309,"k_attn_decode_ordered4(__half *, const __half *, const __half *, const __half *, int, int)"
16176341,16183637,"k_gemv_fp16(__half *, const __half *, const __half *, const __half *, int, int)"
16183669,16184469,"k_add(__half *, const __half *, unsigned long long)"
16184501,16187317,"k_layernorm(__half *, const __half *, const __half *, const __half *, int, int)"
16188054,16209014,"k_gemv_fp16(__half *, const __half *, const __half *, const __half *, int, int)"
16209015,16209879,"k_gelu(__half *, unsigned long long)"
16209911,16232665,"k_gemv_fp16(__half *, const __half *, const __half *, const __half *, int, int)"
16232697,16233497,"k_add(__half *, const __half *, unsigned long long)"
16233529,16236409,"k_layernorm(__half *, const __half *, const __half *, const __half *, int, int)"
16236441,16252410,"k_gemv_fp16(__half *, const __half *, const __half *, const __half *, int, int)"
16252442,16253306,"k_kv_append(__half *, __half *, const __half *, int, int)"
16253370,16269019,"k_attn_decode_ordered4(__half *, const __half *, const __half *, const __half *, int, int)"
16269051,16276444,"k_gemv_fp16(__half *, const __half *, const __half *, const __half *, int, int)"
16276476,16277276,"k_add(__half *, const __half *, unsigned long long)"
16277308,16280220,"k_layernorm(__half *, const __half *, const __half *, const __half *, int, int)"
16280252,16301182,"k_gemv_fp16(__half *, const __half *, const __half *, const __half *, int, int)"
16301246,16302078,"k_gelu(__half *, unsigned long long)"
16302110,16324831,"k_gemv_fp16(__half *, const __half *, const __half *, const __half *, int, int)"
16324863,16325663,"k_add(__half *, const __half *, unsigned long long)"
16325695,16328640,"k_layernorm(__half *, const __half *, const __half *, const __half *, int, int)"
16329376,16346017,"k_gemv_fp16(__half *, const __half *, const __half *, const __half *, int, int)"
16346049,16346913,"k_kv_append(__half *, __half *, const __half *, int, int)"
16346945,16362594,"k_attn_decode_ordered4(__half *, const __half *, const __half *, const __half *, int, int)"
16362626,16369922,"k_gemv_fp16(__half *, const __half *, const __half *, const __half *, int, int)"
16369986,16370755,"k_add(__half *, const __half *, unsigned long long)"
16370786,16373731,"k_layernorm(__half *, const __half *, const __half *, const __half *, int, int)"
16373763,16394756,"k_gemv_fp16(__half *, const __half *, const __half *, const __half *, int, int)"
16394788,16395620,"k_gelu(__half *, unsigned long long)"
16395652,16418470,"k_gemv_fp16(__half *, const __half *, const __half *, const __half *, int, int)"
16418502,16419302,"k_add(__half *, const __half *, unsigned long long)"
16419334,16422182,"k_layernorm(__half *, const __half *, const __half *, const __half *, int, int)"
16422214,16438407,"k_gemv_fp16(__half *, const __half *, const __half *, const __half *, int, int)"
16438439,16439303,"k_kv_append(__half *, __half *, const __half *, int, int)"
16439367,16454856,"k_attn_decode_ordered4(__half *, const __half *, const __half *, const __half *, int, int)"
16454888,16462153,"k_gemv_fp16(__half *, const __half *, const __half *, const __half *, int, int)"
16462185,16462985,"k_add(__half *, const __half *, unsigned long long)"
16463721,16466633,"k_layernorm(__half *, const __half *, const __half *, const __half *, int, int)"
16466697,16487595,"k_gemv_fp16(__half *, const __half *, const __half *, const __half *, int, int)"
16487627,16488459,"k_gelu(__half *, unsigned long long)"
16488523,16511212,"k_gemv_fp16(__half *, const __half *, const __half *, const __half *, int, int)"
16511244,16512012,"k_add(__half *, const __half *, unsigned long long)"
16512045,16514925,"k_layernorm(__half *, const __half *, const __half *, const __half *, int, int)"
16514957,16826595,"k_gemv_fp16(__half *, const __half *, const __half *, const __half *, int, int)"
16891559,16892487,"k_embed_one(__half *, const __half *, const __half *, int, int)"
16892519,16895400,"k_layernorm(__half *, const __half *, const __half *, const __half *, int, int)"
16895431,16911753,"k_gemv_fp16(__half *, const __half *, const __half *, const __half *, int, int)"
16911785,16912681,"k_kv_append(__half *, __half *, const __half *, int, int)"
16912713,16928554,"k_attn_decode_ordered4(__half *, const __half *, const __half *, const __half *, int, int)"
16928586,16935754,"k_gemv_fp16(__half *, const __half *, const __half *, const __half *, int, int)"
16935818,16936586,"k_add(__half *, const __half *, unsigned long long)"
16936618,16939499,"k_layernorm(__half *, const __half *, const __half *, const __half *, int, int)"
16939530,16960364,"k_gemv_fp16(__half *, const __half *, const __half *, const __half *, int, int)"
16960428,16961260,"k_gelu(__half *, unsigned long long)"
16961292,16984142,"k_gemv_fp16(__half *, const __half *, const __half *, const __half *, int, int)"
16984174,16984942,"k_add(__half *, const __half *, unsigned long long)"
16985006,16987854,"k_layernorm(__half *, const __half *, const __half *, const __half *, int, int)"
16987886,17004143,"k_gemv_fp16(__half *, const __half *, const __half *, const __half *, int, int)"
17004175,17005039,"k_kv_append(__half *, __half *, const __half *, int, int)"
17005071,17020720,"k_attn_decode_ordered4(__half *, const __half *, const __half *, const __half *, int, int)"
17021392,17028017,"k_gemv_fp16(__half *, const __half *, const __half *, const __half *, int, int)"
17028081,17028849,"k_add(__half *, const __half *, unsigned long long)"
17028881,17031761,"k_layernorm(__half *, const __half *, const __half *, const __half *, int, int)"
17031793,17052723,"k_gemv_fp16(__half *, const __half *, const __half *, const __half *, int, int)"
17052787,17053619,"k_gelu(__half *, unsigned long long)"
17053651,17076404,"k_gemv_fp16(__half *, const __half *, const __half *, const __half *, int, int)"
17076436,17077236,"k_add(__half *, const __half *, unsigned long long)"
17077268,17080116,"k_layernorm(__half *, const __half *, const __half *, const __half *, int, int)"
17080181,17096374,"k_gemv_fp16(__half *, const __half *, const __half *, const __half *, int, int)"
17096438,17097302,"k_kv_append(__half *, __half *, const __half *, int, int)"
17097334,17113463,"k_attn_decode_ordered4(__half *, const __half *, const __half *, const __half *, int, int)"
17113495,17120887,"k_gemv_fp16(__half *, const __half *, const __half *, const __half *, int, int)"
17120951,17121719,"k_add(__half *, const __half *, unsigned long long)"
17121751,17124600,"k_layernorm(__half *, const __half *, const __half *, const __half *, int, int)"
17124664,17145657,"k_gemv_fp16(__half *, const __half *, const __half *, const __half *, int, int)"
17145689,17146553,"k_gelu(__half *, unsigned long long)"
17147225,17170107,"k_gemv_fp16(__half *, const __half *, const __half *, const __half *, int, int)"
17170139,17170939,"k_add(__half *, const __half *, unsigned long long)"
17170971,17173915,"k_layernorm(__half *, const __half *, const __half *, const __half *, int, int)"
17173947,17190172,"k_gemv_fp16(__half *, const __half *, const __half *, const __half *, int, int)"
17190204,17191068,"k_kv_append(__half *, __half *, const __half *, int, int)"
17191100,17206749,"k_attn_decode_ordered4(__half *, const __half *, const __half *, const __half *, int, int)"
17206781,17214077,"k_gemv_fp16(__half *, const __half *, const __half *, const __half *, int, int)"
17214078,17214878,"k_add(__half *, const __half *, unsigned long long)"
17214910,17217918,"k_layernorm(__half *, const __half *, const __half *, const __half *, int, int)"
17217950,17238880,"k_gemv_fp16(__half *, const __half *, const __half *, const __half *, int, int)"
17238912,17239744,"k_gelu(__half *, unsigned long long)"
17239776,17262529,"k_gemv_fp16(__half *, const __half *, const __half *, const __half *, int, int)"
17262561,17263329,"k_add(__half *, const __half *, unsigned long long)"
17263393,17266274,"k_layernorm(__half *, const __half *, const __half *, const __half *, int, int)"
17266306,17282498,"k_gemv_fp16(__half *, const __half *, const __half *, const __half *, int, int)"
17282499,17283395,"k_kv_append(__half *, __half *, const __half *, int, int)"
17284099,17299652,"k_attn_decode_ordered4(__half *, const __half *, const __half *, const __half *, int, int)"
17299684,17307012,"k_gemv_fp16(__half *, const __half *, const __half *, const __half *, int, int)"
17307044,17307844,"k_add(__half *, const __half *, unsigned long long)"
17307877,17310757,"k_layernorm(__half *, const __half *, const __half *, const __half *, int, int)"
17310789,17331750,"k_gemv_fp16(__half *, const __half *, const __half *, const __half *, int, int)"
17331782,17332614,"k_gelu(__half *, unsigned long long)"
17332678,17355496,"k_gemv_fp16(__half *, const __half *, const __half *, const __half *, int, int)"
17355560,17356328,"k_add(__half *, const __half *, unsigned long long)"
17356360,17359240,"k_layernorm(__half *, const __half *, const __half *, const __half *, int, int)"
17359272,17375593,"k_gemv_fp16(__half *, const __half *, const __half *, const __half *, int, int)"
17375625,17376489,"k_kv_append(__half *, __half *, const __half *, int, int)"
17376521,17392202,"k_attn_decode_ordered4(__half *, const __half *, const __half *, const __half *, int, int)"
17392235,17399563,"k_gemv_fp16(__half *, const __half *, const __half *, const __half *, int, int)"
17399627,17400395,"k_add(__half *, const __half *, unsigned long long)"
17400427,17403371,"k_layernorm(__half *, const __half *, const __half *, const __half *, int, int)"
17403403,17424365,"k_gemv_fp16(__half *, const __half *, const __half *, const __half *, int, int)"
17425101,17425933,"k_gelu(__half *, unsigned long long)"
17425997,17448943,"k_gemv_fp16(__half *, const __half *, const __half *, const __half *, int, int)"
17448974,17449742,"k_add(__half *, const __half *, unsigned long long)"
17449807,17452687,"k_layernorm(__half *, const __half *, const __half *, const __half *, int, int)"
17452719,17468880,"k_gemv_fp16(__half *, const __half *, const __half *, const __half *, int, int)"
17468912,17469776,"k_kv_append(__half *, __half *, const __half *, int, int)"
17469808,17485457,"k_attn_decode_ordered4(__half *, const __half *, const __half *, const __half *, int, int)"
17485489,17492818,"k_gemv_fp16(__half *, const __half *, const __half *, const __half *, int, int)"
17492881,17493650,"k_add(__half *, const __half *, unsigned long long)"
17493682,17496626,"k_layernorm(__half *, const __half *, const __half *, const __half *, int, int)"
17496690,17517587,"k_gemv_fp16(__half *, const __half *, const __half *, const __half *, int, int)"
17517619,17518451,"k_gelu(__half *, unsigned long long)"
17518515,17541365,"k_gemv_fp16(__half *, const __half *, const __half *, const __half *, int, int)"
17541397,17542165,"k_add(__half *, const __half *, unsigned long long)"
17542229,17545109,"k_layernorm(__half *, const __half *, const __half *, const __half *, int, int)"
17545141,17561238,"k_gemv_fp16(__half *, const __half *, const __half *, const __half *, int, int)"
17562102,17562966,"k_kv_append(__half *, __half *, const __half *, int, int)"
17563030,17578712,"k_attn_decode_ordered4(__half *, const __half *, const __half *, const __half *, int, int)"
17578776,17586136,"k_gemv_fp16(__half *, const __half *, const __half *, const __half *, int, int)"
17586168,17586936,"k_add(__half *, const __half *, unsigned long long)"
17587000,17589912,"k_layernorm(__half *, const __half *, const __half *, const __half *, int, int)"
17589976,17610842,"k_gemv_fp16(__half *, const __half *, const __half *, const __half *, int, int)"
17610906,17611738,"k_gelu(__half *, unsigned long long)"
17611770,17634588,"k_gemv_fp16(__half *, const __half *, const __half *, const __half *, int, int)"
17634652,17635420,"k_add(__half *, const __half *, unsigned long long)"
17635452,17638396,"k_layernorm(__half *, const __half *, const __half *, const __half *, int, int)"
17638460,17654621,"k_gemv_fp16(__half *, const __half *, const __half *, const __half *, int, int)"
17654653,17655517,"k_kv_append(__half *, __half *, const __half *, int, int)"
17655581,17671229,"k_attn_decode_ordered4(__half *, const __half *, const __half *, const __half *, int, int)"
17671230,17678687,"k_gemv_fp16(__half *, const __half *, const __half *, const __half *, int, int)"
17678719,17679519,"k_add(__half *, const __half *, unsigned long long)"
17679551,17682367,"k_layernorm(__half *, const __half *, const __half *, const __half *, int, int)"
17683295,17704288,"k_gemv_fp16(__half *, const __half *, const __half *, const __half *, int, int)"
17704352,17705185,"k_gelu(__half *, unsigned long long)"
17705216,17727938,"k_gemv_fp16(__half *, const __half *, const __half *, const __half *, int, int)"
17727970,17728770,"k_add(__half *, const __half *, unsigned long long)"
17728802,17731682,"k_layernorm(__half *, const __half *, const __half *, const __half *, int, int)"
17731714,17747940,"k_gemv_fp16(__half *, const __half *, const __half *, const __half *, int, int)"
17748003,17748867,"k_kv_append(__half *, __half *, const __half *, int, int)"
17748900,17764453,"k_attn_decode_ordered4(__half *, const __half *, const __half *, const __half *, int, int)"
17764485,17771813,"k_gemv_fp16(__half *, const __half *, const __half *, const __half *, int, int)"
17771845,17772645,"k_add(__half *, const __half *, unsigned long long)"
17772677,17775526,"k_layernorm(__half *, const __half *, const __half *, const __half *, int, int)"
17775557,17796487,"k_gemv_fp16(__half *, const __half *, const __half *, const __half *, int, int)"
17796519,17797351,"k_gelu(__half *, unsigned long long)"
17797383,17820200,"k_gemv_fp16(__half *, const __half *, const __half *, const __half *, int, int)"
17820201,17821001,"k_add(__half *, const __half *, unsigned long long)"
17821033,17824041,"k_layernorm(__half *, const __half *, const __half *, const __half *, int, int)"
17825001,17841162,"k_gemv_fp16(__half *, const __half *, const __half *, const __half *, int, int)"
17841194,17842058,"k_kv_append(__half *, __half *, const __half *, int, int)"
17842122,17857770,"k_attn_decode_ordered4(__half *, const __half *, const __half *, const __half *, int, int)"
17857771,17865132,"k_gemv_fp16(__half *, const __half *, const __half *, const __half *, int, int)"
17865164,17865964,"k_add(__half *, const __half *, unsigned long long)"
17865996,17868940,"k_layernorm(__half *, const __half *, const __half *, const __half *, int, int)"
17868972,17889934,"k_gemv_fp16(__half *, const __half *, const __half *, const __half *, int, int)"
17889966,17890829,"k_gelu(__half *, unsigned long long)"
17890830,17913711,"k_gemv_fp16(__half *, const __half *, const __half *, const __half *, int, int)"
17913775,17914543,"k_add(__half *, const __half *, unsigned long long)"
17914575,17917424,"k_layernorm(__half *, const __half *, const __half *, const __half *, int, int)"
17917487,17933585,"k_gemv_fp16(__half *, const __half *, const __half *, const __half *, int, int)"
17933617,17934481,"k_kv_append(__half *, __half *, const __half *, int, int)"
17934545,17949938,"k_attn_decode_ordered4(__half *, const __half *, const __half *, const __half *, int, int)"
17949970,17957266,"k_gemv_fp16(__half *, const __half *, const __half *, const __half *, int, int)"
17957298,17958066,"k_add(__half *, const __half *, unsigned long long)"
17958738,17961651,"k_layernorm(__half *, const __half *, const __half *, const __half *, int, int)"
17961714,17982612,"k_gemv_fp16(__half *, const __half *, const __half *, const __half *, int, int)"
17982676,17983476,"k_gelu(__half *, unsigned long long)"
17983540,18006486,"k_gemv_fp16(__half *, const __half *, const __half *, const __half *, int, int)"
18006518,18007286,"k_add(__half *, const __half *, unsigned long long)"
18007350,18010230,"k_layernorm(__half *, const __half *, const __half *, const __half *, int, int)"
18010262,18322060,"k_gemv_fp16(__half *, const __half *, const __half *, const __half *, int, int)"
18382256,18383184,"k_embed_one(__half *, const __half *, const __half *, int, int)"
18383216,18386097,"k_layernorm(__half *, const __half *, const __half *, const __half *, int, int)"
18386128,18402546,"k_gemv_fp16(__half *, const __half *, const __half *, const __half *, int, int)"
18402578,18403442,"k_kv_append(__half *, __half *, const __half *, int, int)"
18403506,18418995,"k_attn_decode_ordered4(__half *, const __half *, const __half *, const __half *, int, int)"
18419027,18426291,"k_gemv_fp16(__half *, const __half *, const __half *, const __half *, int, int)"
18426355,18427123,"k_add(__half *, const __half *, unsigned long long)"
18427155,18430035,"k_layernorm(__half *, const __half *, const __half *, const __half *, int, int)"
18430068,18450965,"k_gemv_fp16(__half *, const __half *, const __half *, const __half *, int, int)"
18450997,18451829,"k_gelu(__half *, unsigned long long)"
18451861,18474775,"k_gemv_fp16(__half *, const __half *, const __half *, const __half *, int, int)"
18474807,18475607,"k_add(__half *, const __half *, unsigned long long)"
18475639,18478519,"k_layernorm(__half *, const __half *, const __half *, const __half *, int, int)"
18478583,18494712,"k_gemv_fp16(__half *, const __half *, const __half *, const __half *, int, int)"
18494744,18495640,"k_kv_append(__half *, __half *, const __half *, int, int)"
18495672,18511449,"k_attn_decode_ordered4(__half *, const __half *, const __half *, const __half *, int, int)"
18512153,18518778,"k_gemv_fp16(__half *, const __half *, const __half *, const __half *, int, int)"
18518810,18519578,"k_add(__half *, const __half *, unsigned long long)"
18519642,18522522,"k_layernorm(__half *, const __half *, const __half *, const __half *, int, int)"
18522554,18543548,"k_gemv_fp16(__half *, const __half *, const __half *, const __half *, int, int)"
18543580,18544412,"k_gelu(__half *, unsigned long long)"
18544444,18567261,"k_gemv_fp16(__half *, const __half *, const __half *, const __half *, int, int)"
18567293,18568093,"k_add(__half *, const __half *, unsigned long long)"
18568125,18571005,"k_layernorm(__half *, const __half *, const __half *, const __half *, int, int)"
18571038,18587199,"k_gemv_fp16(__half *, const __half *, const __half *, const __half *, int, int)"
18587231,18588095,"k_kv_append(__half *, __half *, const __half *, int, int)"
18588159,18603968,"k_attn_decode_ordered4(__half *, const __half *, const __half *, const __half *, int, int)"
18604000,18611360,"k_gemv_fp16(__half *, const __half *, const __half *, const __half *, int, int)"
18611392,18612160,"k_add(__half *, const __half *, unsigned long long)"
18612192,18615072,"k_layernorm(__half *, const __half *, const __half *, const __half *, int, int)"
18615105,18636098,"k_gemv_fp16(__half *, const __half *, const __half *, const __half *, int, int)"
18636130,18636962,"k_gelu(__half *, unsigned long long)"
18637666,18660548,"k_gemv_fp16(__half *, const __half *, const __half *, const __half *, int, int)"
18660580,18661380,"k_add(__half *, const __half *, unsigned long long)"
18661412,18664388,"k_layernorm(__half *, const __half *, const __half *, const __half *, int, int)"
18664420,18680581,"k_gemv_fp16(__half *, const __half *, const __half *, const __half *, int, int)"
18680613,18681509,"k_kv_append(__half *, __half *, const __half *, int, int)"
18681541,18697254,"k_attn_decode_ordered4(__half *, const __half *, const __half *, const __half *, int, int)"
18697286,18704551,"k_gemv_fp16(__half *, const __half *, const __half *, const __half *, int, int)"
18704583,18705383,"k_add(__half *, const __half *, unsigned long long)"
18705415,18708422,"k_layernorm(__half *, const __half *, const __half *, const __half *, int, int)"
18708423,18729449,"k_gemv_fp16(__half *, const __half *, const __half *, const __half *, int, int)"
18729481,18730313,"k_gelu(__half *, unsigned long long)"
18730345,18753098,"k_gemv_fp16(__half *, const __half *, const __half *, const __half *, int, int)"
18753130,18753930,"k_add(__half *, const __half *, unsigned long long)"
18753962,18756906,"k_layernorm(__half *, const __half *, const __half *, const __half *, int, int)"
18756907,18773164,"k_gemv_fp16(__half *, const __half *, const __half *, const __half *, int, int)"
18773196,18774060,"k_kv_append(__half *, __half *, const __half *, int, int)"
18774956,18790669,"k_attn_decode_ordered4(__half *, const __half *, const __half *, const __half *, int, int)"
18790701,18798093,"k_gemv_fp16(__half *, const __half *, const __half *, const __half *, int, int)"
18798158,18798926,"k_add(__half *, const __half *, unsigned long long)"
18798957,18801838,"k_layernorm(__half *, const __half *, const __half *, const __half *, int, int)"
18801870,18822831,"k_gemv_fp16(__half *, const __half *, const __half *, const __half *, int, int)"
18822863,18823726,"k_gelu(__half *, unsigned long long)"
18823727,18846705,"k_gemv_fp16(__half *, const __half *, const __half *, const __half *, int, int)"
18846737,18847537,"k_add(__half *, const __half *, unsigned long long)"
18847569,18850449,"k_layernorm(__half *, const __half *, const __half *, const __half *, int, int)"
18850481,18866610,"k_gemv_fp16(__half *, const __half *, const __half *, const __half *, int, int)"
18866642,18867506,"k_kv_append(__half *, __half *, const __half *, int, int)"
18867538,18882963,"k_attn_decode_ordered4(__half *, const __half *, const __half *, const __half *, int, int)"
18882996,18890292,"k_gemv_fp16(__half *, const __half *, const __half *, const __half *, int, int)"
18890324,18891092,"k_add(__half *, const __half *, unsigned long long)"
18891156,18894004,"k_layernorm(__half *, const __half *, const __half *, const __half *, int, int)"
18894036,18915030,"k_gemv_fp16(__half *, const __half *, const __half *, const __half *, int, int)"
18915734,18916566,"k_gelu(__half *, unsigned long long)"
18916630,18939575,"k_gemv_fp16(__half *, const __half *, const __half *, const __half *, int, int)"
18939608,18940408,"k_add(__half *, const __half *, unsigned long long)"
18940439,18943384,"k_layernorm(__half *, const __half *, const __half *, const __half *, int, int)"
18943416,18959545,"k_gemv_fp16(__half *, const __half *, const __half *, const __half *, int, int)"
18959577,18960441,"k_kv_append(__half *, __half *, const __half *, int, int)"
18960505,18975994,"k_attn_decode_ordered4(__half *, const __half *, const __half *, const __half *, int, int)"
18976026,18983355,"k_gemv_fp16(__half *, const __half *, const __half *, const __half *, int, int)"
18983386,18984155,"k_add(__half *, const __half *, unsigned long long)"
18984219,18987067,"k_layernorm(__half *, const __half *, const __half *, const __half *, int, int)"
18987131,19008028,"k_gemv_fp16(__half *, const __half *, const __half *, const __half *, int, int)"
19008092,19008924,"k_gelu(__half *, unsigned long long)"
19008956,19031838,"k_gemv_fp16(__half *, const __half *, const __half *, const __half *, int, int)"
19031902,19032670,"k_add(__half *, const __half *, unsigned long long)"
19032734,19035582,"k_layernorm(__half *, const __half *, const __half *, const __half *, int, int)"
19035614,19051743,"k_gemv_fp16(__half *, const __half *, const __half *, const __half *, int, int)"
19052639,19053504,"k_kv_append(__half *, __half *, const __half *, int, int)"
19053535,19069216,"k_attn_decode_ordered4(__half *, const __half *, const __half *, const __half *, int, int)"
19069281,19076609,"k_gemv_fp16(__half *, const __half *, const __half *, const __half *, int, int)"
19076641,19077441,"k_add(__half *, const __half *, unsigned long long)"
19077473,19080449,"k_layernorm(__half *, const __half *, const __half *, const __half *, int, int)"
19080481,19101411,"k_gemv_fp16(__half *, const __half *, const __half *, const __half *, int, int)"
19101443,19102275,"k_gelu(__half *, unsigned long long)"
19102307,19125124,"k_gemv_fp16(__half *, const __half *, const __half *, const __half *, int, int)"
19125188,19125957,"k_add(__half *, const __half *, unsigned long long)"
19125988,19128901,"k_layernorm(__half *, const __half *, const __half *, const __half *, int, int)"
19128933,19145158,"k_gemv_fp16(__half *, const __half *, const __half *, const __half *, int, int)"
19145190,19146054,"k_kv_append(__half *, __half *, const __half *, int, int)"
19146118,19161991,"k_attn_decode_ordered4(__half *, const __half *, const __half *, const __half *, int, int)"
19162023,19169352,"k_gemv_fp16(__half *, const __half *, const __half *, const __half *, int, int)"
19169384,19170184,"k_add(__half *, const __half *, unsigned long long)"
19170216,19173160,"k_layernorm(__half *, const __half *, const __half *, const __half *, int, int)"
19174024,19194921,"k_gemv_fp16(__half *, const __half *, const __half *, const __half *, int, int)"
19194986,19195817,"k_gelu(__half *, unsigned long long)"
19195850,19218539,"k_gemv_fp16(__half *, const __half *, const __half *, const __half *, int, int)"
19218571,19219371,"k_add(__half *, const __half *, unsigned long long)"
19219403,19222379,"k_layernorm(__half *, const __half *, const __half *, const __half *, int, int)"
19222411,19238637,"k_gemv_fp16(__half *, const __half *, const __half *, const __half *, int, int)"
19238668,19239533,"k_kv_append(__half *, __half *, const __half *, int, int)"
19239565,19255246,"k_attn_decode_ordered4(__half *, const __half *, const __half *, const __half *, int, int)"
19255278,19262638,"k_gemv_fp16(__half *, const __half *, const __half *, const __half *, int, int)"
19262670,19263438,"k_add(__half *, const __half *, unsigned long long)"
19263470,19266349,"k_layernorm(__half *, const __half *, const __half *, const __half *, int, int)"
19266350,19287280,"k_gemv_fp16(__half *, const __half *, const __half *, const __half *, int, int)"
19287344,19288176,"k_gelu(__half *, unsigned long long)"
19288208,19310962,"k_gemv_fp16(__half *, const __half *, const __half *, const __half *, int, int)"
19310994,19311762,"k_add(__half *, const __half *, unsigned long long)"
19311826,19314802,"k_layernorm(__half *, const __half *, const __half *, const __half *, int, int)"
19315506,19331635,"k_gemv_fp16(__half *, const __half *, const __half *, const __half *, int, int)"
19331667,19332531,"k_kv_append(__half *, __half *, const __half *, int, int)"
19332595,19348244,"k_attn_decode_ordered4(__half *, const __half *, const __half *, const __half *, int, int)"
19348276,19355637,"k_gemv_fp16(__half *, const __half *, const __half *, const __half *, int, int)"
19355669,19356437,"k_add(__half *, const __half *, unsigned long long)"
19356469,19359413,"k_layernorm(__half *, const __half *, const __half *, const __half *, int, int)"
19359445,19380310,"k_gemv_fp16(__half *, const __half *, const __half *, const __half *, int, int)"
19380342,19381207,"k_gelu(__half *, unsigned long long)"
19381239,19404056,"k_gemv_fp16(__half *, const __half *, const __half *, const __half *, int, int)"
19404088,19404888,"k_add(__half *, const __half *, unsigned long long)"
19404920,19407833,"k_layernorm(__half *, const __half *, const __half *, const __half *, int, int)"
19407864,19423994,"k_gemv_fp16(__half *, const __half *, const __half *, const __half *, int, int)"
19424057,19424890,"k_kv_append(__half *, __half *, const __half *, int, int)"
19424954,19440443,"k_attn_decode_ordered4(__half *, const __half *, const __half *, const __half *, int, int)"
19440475,19447771,"k_gemv_fp16(__half *, const __half *, const __half *, const __half *, int, int)"
19447803,19448603,"k_add(__half *, const __half *, unsigned long long)"
19449499,19452476,"k_layernorm(__half *, const __half *, const __half *, const __half *, int, int)"
19452508,19473405,"k_gemv_fp16(__half *, const __half *, const __half *, const __half *, int, int)"
19473437,19474269,"k_gelu(__half *, unsigned long long)"
19474301,19497023,"k_gemv_fp16(__half *, const __half *, const __half *, const __half *, int, int)"
19497055,19497855,"k_add(__half *, const __half *, unsigned long long)"
19497887,19500799,"k_layernorm(__half *, const __half *, const __half *, const __half *, int, int)"
19500831,19812469,"k_gemv_fp16(__half *, const __half *, const __half *, const __half *, int, int)"
19869337,19870265,"k_embed_one(__half *, const __half *, const __half *, int, int)"
19870329,19873209,"k_layernorm(__half *, const __half *, const __half *, const __half *, int, int)"
19873241,19889722,"k_gemv_fp16(__half *, const __half *, const __half *, const __half *, int, int)"
19889754,19890618,"k_kv_append(__half *, __half *, const __half *, int, int)"
19890683,19906300,"k_attn_decode_ordered4(__half *, const __half *, const __half *, const __half *, int, int)"
19906332,19913628,"k_gemv_fp16(__half *, const __half *, const __half *, const __half *, int, int)"
19913660,19914460,"k_add(__half *, const __half *, unsigned long long)"
19914492,19917340,"k_layernorm(__half *, const __half *, const __half *, const __half *, int, int)"
19917404,19938206,"k_gemv_fp16(__half *, const __half *, const __half *, const __half *, int, int)"
19938238,19939070,"k_gelu(__half *, unsigned long long)"
19939102,19962015,"k_gemv_fp16(__half *, const __half *, const __half *, const __half *, int, int)"
19962048,19962848,"k_add(__half *, const __half *, unsigned long long)"
19962879,19965728,"k_layernorm(__half *, const __half *, const __half *, const __half *, int, int)"
19965760,19981985,"k_gemv_fp16(__half *, const __half *, const __half *, const __half *, int, int)"
19982017,19982881,"k_kv_append(__half *, __half *, const __half *, int, int)"
19982945,19998402,"k_attn_decode_ordered4(__half *, const __half *, const __half *, const __half *, int, int)"
19999266,20005922,"k_gemv_fp16(__half *, const __half *, const __half *, const __half *, int, int)"
20005987,20006755,"k_add(__half *, const __half *, unsigned long long)"
20006787,20009667,"k_layernorm(__half *, const __half *, const __half *, const __half *, int, int)"
20009731,20030660,"k_gemv_fp16(__half *, const __half *, const __half *, const __half *, int, int)"
20030692,20031524,"k_gelu(__half *, unsigned long long)"
20031556,20054342,"k_gemv_fp16(__half *, const __half *, const __half *, const __half *, int, int)"
20054374,20055174,"k_add(__half *, const __half *, unsigned long long)"
20055206,20058086,"k_layernorm(__half *, const __half *, const __half *, const __half *, int, int)"
20058118,20074407,"k_gemv_fp16(__half *, const __half *, const __half *, const __half *, int, int)"
20074439,20075303,"k_kv_append(__half *, __half *, const __half *, int, int)"
20075335,20090888,"k_attn_decode_ordered4(__half *, const __half *, const __half *, const __half *, int, int)"
20090921,20098281,"k_gemv_fp16(__half *, const __half *, const __half *, const __half *, int, int)"
20098313,20099113,"k_add(__half *, const __half *, unsigned long long)"
20099145,20101993,"k_layernorm(__half *, const __half *, const __half *, const __half *, int, int)"
20102057,20123147,"k_gemv_fp16(__half *, const __half *, const __half *, const __half *, int, int)"
20123179,20124011,"k_gelu(__half *, unsigned long long)"
20124907,20147789,"k_gemv_fp16(__half *, const __half *, const __half *, const __half *, int, int)"
20147820,20148621,"k_add(__half *, const __half *, unsigned long long)"
20148653,20151597,"k_layernorm(__half *, const __half *, const __half *, const __half *, int, int)"
20151629,20167886,"k_gemv_fp16(__half *, const __half *, const __half *, const __half *, int, int)"
20167918,20168814,"k_kv_append(__half *, __half *, const __half *, int, int)"
20168846,20184719,"k_attn_decode_ordered4(__half *, const __half *, const __half *, const __half *, int, int)"
20184751,20192048,"k_gemv_fp16(__half *, const __half *, const __half *, const __half *, int, int)"
20192080,20192848,"k_add(__half *, const __half *, unsigned long long)"
20192880,20195760,"k_layernorm(__half *, const __half *, const __half *, const __half *, int, int)"
20195792,20216817,"k_gemv_fp16(__half *, const __half *, const __half *, const __half *, int, int)"
20216849,20217682,"k_gelu(__half *, unsigned long long)"
20217714,20240595,"k_gemv_fp16(__half *, const __half *, const __half *, const __half *, int, int)"
20240627,20241427,"k_add(__half *, const __half *, unsigned long long)"
20241459,20244339,"k_layernorm(__half *, const __half *, const __half *, const __half *, int, int)"
20244371,20260565,"k_gemv_fp16(__half *, const __half *, const __half *, const __half *, int, int)"
20260596,20261461,"k_kv_append(__half *, __half *, const __half *, int, int)"
20262197,20277750,"k_attn_decode_ordered4(__half *, const __half *, const __half *, const __half *, int, int)"
20277782,20285078,"k_gemv_fp16(__half *, const __half *, const __half *, const __half *, int, int)"
20285110,20285878,"k_add(__half *, const __half *, unsigned long long)"
20285910,20288790,"k_layernorm(__half *, const __half *, const __half *, const __half *, int, int)"
20288823,20309784,"k_gemv_fp16(__half *, const __half *, const __half *, const __half *, int, int)"
20309848,20310680,"k_gelu(__half *, unsigned long long)"
20310712,20333562,"k_gemv_fp16(__half *, const __half *, const __half *, const __half *, int, int)"
20333594,20334394,"k_add(__half *, const __half *, unsigned long long)"
20334426,20337306,"k_layernorm(__half *, const __half *, const __half *, const __half *, int, int)"
20337338,20353435,"k_gemv_fp16(__half *, const __half *, const __half *, const __half *, int, int)"
20353499,20354363,"k_kv_append(__half *, __half *, const __half *, int, int)"
20354395,20369884,"k_attn_decode_ordered4(__half *, const __half *, const __half *, const __half *, int, int)"
20369916,20377245,"k_gemv_fp16(__half *, const __half *, const __half *, const __half *, int, int)"
20377277,20378045,"k_add(__half *, const __half *, unsigned long long)"
20378077,20380989,"k_layernorm(__half *, const __half *, const __half *, const __half *, int, int)"
20381021,20401982,"k_gemv_fp16(__half *, const __half *, const __half *, const __half *, int, int)"
20402686,20403519,"k_gelu(__half *, unsigned long long)"
20403550,20426336,"k_gemv_fp16(__half *, const __half *, const __half *, const __half *, int, int)"
20426400,20427168,"k_add(__half *, const __half *, unsigned long long)"
20427200,20430080,"k_layernorm(__half *, const __half *, const __half *, const __half *, int, int)"
20430144,20446210,"k_gemv_fp16(__half *, const __half *, const __half *, const __half *, int, int)"
20446274,20447138,"k_kv_append(__half *, __half *, const __half *, int, int)"
20447170,20462851,"k_attn_decode_ordered4(__half *, const __half *, const __half *, const __half *, int, int)"
20462915,20470147,"k_gemv_fp16(__half *, const __half *, const __half *, const __half *, int, int)"
20470179,20470947,"k_add(__half *, const __half *, unsigned long long)"
20471011,20473827,"k_layernorm(__half *, const __half *, const __half *, const __half *, int, int)"
20473891,20494725,"k_gemv_fp16(__half *, const __half *, const __half *, const __half *, int, int)"
20494789,20495621,"k_gelu(__half *, unsigned long long)"
20495653,20518375,"k_gemv_fp16(__half *, const __half *, const __half *, const __half *, int, int)"
20518439,20519207,"k_add(__half *, const __half *, unsigned long long)"
20519271,20522119,"k_layernorm(__half *, const __half *, const __half *, const __half *, int, int)"
20522151,20538280,"k_gemv_fp16(__half *, const __half *, const __half *, const __half *, int, int)"
20539144,20540040,"k_kv_append(__half *, __half *, const __half *, int, int)"
20540072,20555593,"k_attn_decode_ordered4(__half *, const __half *, const __half *, const __half *, int, int)"
20555625,20562986,"k_gemv_fp16(__half *, const __half *, const __half *, const __half *, int, int)"
20563018,20563786,"k_add(__half *, const __half *, unsigned long long)"
20563818,20566698,"k_layernorm(__half *, const __half *, const __half *, const __half *, int, int)"
20566730,20587596,"k_gemv_fp16(__half *, const __half *, const __half *, const __half *, int, int)"
20587627,20588491,"k_gelu(__half *, unsigned long long)"
20588524,20611405,"k_gemv_fp16(__half *, const __half *, const __half *, const __half *, int, int)"
20611437,20612237,"k_add(__half *, const __half *, unsigned long long)"
20612269,20615213,"k_layernorm(__half *, const __half *, const __half *, const __half *, int, int)"
20615277,20631503,"k_gemv_fp16(__half *, const __half *, const __half *, const __half *, int, int)"
20631535,20632399,"k_kv_append(__half *, __half *, const __half *, int, int)"
20632431,20647984,"k_attn_decode_ordered4(__half *, const __half *, const __half *, const __half *, int, int)"
20648016,20655344,"k_gemv_fp16(__half *, const __half *, const __half *, const __half *, int, int)"
20655376,20656144,"k_add(__half *, const __half *, unsigned long long)"
20656176,20659024,"k_layernorm(__half *, const __half *, const __half *, const __half *, int, int)"
20659729,20680690,"k_gemv_fp16(__half *, const __half *, const __half *, const __half *, int, int)"
20680754,20681586,"k_gelu(__half *, unsigned long long)"
20681618,20704404,"k_gemv_fp16(__half *, const __half *, const __half *, const __half *, int, int)"
20704436,20705236,"k_add(__half *, const __half *, unsigned long long)"
20705268,20708276,"k_layernorm(__half *, const __half *, const __half *, const __half *, int, int)"
20708308,20724565,"k_gemv_fp16(__half *, const __half *, const __half *, const __half *, int, int)"
20724597,20725461,"k_kv_append(__half *, __half *, const __half *, int, int)"
20725493,20741333,"k_attn_decode_ordered4(__half *, const __half *, const __half *, const __half *, int, int)"
20741334,20748663,"k_gemv_fp16(__half *, const __half *, const __half *, const __half *, int, int)"
20748695,20749495,"k_add(__half *, const __half *, unsigned long long)"
20749527,20752406,"k_layernorm(__half *, const __half *, const __half *, const __half *, int, int)"
20752407,20773337,"k_gemv_fp16(__half *, const __half *, const __half *, const __half *, int, int)"
20773369,20774201,"k_gelu(__half *, unsigned long long)"
20774233,20796986,"k_gemv_fp16(__half *, const __half *, const __half *, const __half *, int, int)"
20797018,20797818,"k_add(__half *, const __half *, unsigned long long)"
20797850,20800730,"k_layernorm(__half *, const __half *, const __half *, const __half *, int, int)"
20801499,20817980,"k_gemv_fp16(__half *, const __half *, const __half *, const __half *, int, int)"
20818044,20818876,"k_kv_append(__half *, __half *, const __half *, int, int)"
20818940,20834621,"k_attn_decode_ordered4(__half *, const __half *, const __half *, const __half *, int, int)"
20834653,20841981,"k_gemv_fp16(__half *, const __half *, const __half *, const __half *, int, int)"
20842045,20842813,"k_add(__half *, const __half *, unsigned long long)"
20842845,20845726,"k_layernorm(__half *, const __half *, const __half *, const __half *, int, int)"
20845758,20866591,"k_gemv_fp16(__half *, const __half *, const __half *, const __half *, int, int)"
20866623,20867487,"k_gelu(__half *, unsigned long long)"
20867519,20890337,"k_gemv_fp16(__half *, const __half *, const __half *, const __half *, int, int)"
20890401,20891169,"k_add(__half *, const __half *, unsigned long long)"
20891201,20894177,"k_layernorm(__half *, const __half *, const __half *, const __half *, int, int)"
20894241,20910338,"k_gemv_fp16(__half *, const __half *, const __half *, const __half *, int, int)"
20910370,20911234,"k_kv_append(__half *, __half *, const __half *, int, int)"
20911266,20927044,"k_attn_decode_ordered4(__half *, const __half *, const __half *, const __half *, int, int)"
20927107,20934404,"k_gemv_fp16(__half *, const __half *, const __half *, const __half *, int, int)"
20934468,20935236,"k_add(__half *, const __half *, unsigned long long)"
20935972,20938852,"k_layernorm(__half *, const __half *, const __half *, const __half *, int, int)"
20938884,20959750,"k_gemv_fp16(__half *, const __half *, const __half *, const __half *, int, int)"
20959782,20960614,"k_gelu(__half *, unsigned long long)"
20960646,20983399,"k_gemv_fp16(__half *, const __half *, const __half *, const __half *, int, int)"
20983431,20984231,"k_add(__half *, const __half *, unsigned long long)"
20984264,20987240,"k_layernorm(__half *, const __half *, const __half *, const __half *, int, int)"
20987272,21299102,"k_gemv_fp16(__half *, const __half *, const __half *, const __half *, int, int)"
21383780,21384740,"k_embed_one(__half *, const __half *, const __half *, int, int)"
21384772,21387652,"k_layernorm(__half *, const __half *, const __half *, const __half *, int, int)"
21387684,21403909,"k_gemv_fp16(__half *, const __half *, const __half *, const __half *, int, int)"
21403941,21404805,"k_kv_append(__half *, __half *, const __half *, int, int)"
21404837,21420678,"k_attn_decode_ordered4(__half *, const __half *, const __half *, const __half *, int, int)"
21420710,21428038,"k_gemv_fp16(__half *, const __half *, const __half *, const __half *, int, int)"
21428039,21428839,"k_add(__half *, const __half *, unsigned long long)"
21428871,21431879,"k_layernorm(__half *, const __half *, const __half *, const __half *, int, int)"
21431911,21452712,"k_gemv_fp16(__half *, const __half *, const __half *, const __half *, int, int)"
21452745,21453576,"k_gelu(__half *, unsigned long long)"
21453609,21476458,"k_gemv_fp16(__half *, const __half *, const __half *, const __half *, int, int)"
21476490,21477290,"k_add(__half *, const __half *, unsigned long long)"
21477322,21480330,"k_layernorm(__half *, const __half *, const __half *, const __half *, int, int)"
21480362,21496588,"k_gemv_fp16(__half *, const __half *, const __half *, const __half *, int, int)"
21496619,21497484,"k_kv_append(__half *, __half *, const __half *, int, int)"
21497516,21513165,"k_attn_decode_ordered4(__half *, const __half *, const __half *, const __half *, int, int)"
21513869,21520493,"k_gemv_fp16(__half *, const __half *, const __half *, const __half *, int, int)"
21520557,21521325,"k_add(__half *, const __half *, unsigned long long)"
21521357,21524333,"k_layernorm(__half *, const __half *, const __half *, const __half *, int, int)"
21524365,21545423,"k_gemv_fp16(__half *, const __half *, const __half *, const __half *, int, int)"
21545455,21546287,"k_gelu(__half *, unsigned long long)"
21546351,21569073,"k_gemv_fp16(__half *, const __half *, const __half *, const __half *, int, int)"
21569105,21569905,"k_add(__half *, const __half *, unsigned long long)"
21569937,21572817,"k_layernorm(__half *, const __half *, const __half *, const __half *, int, int)"
21572849,21589010,"k_gemv_fp16(__half *, const __half *, const __half *, const __half *, int, int)"
21589042,21589906,"k_kv_append(__half *, __half *, const __half *, int, int)"
21589970,21605587,"k_attn_decode_ordered4(__half *, const __half *, const __half *, const __half *, int, int)"
21605619,21612980,"k_gemv_fp16(__half *, const __half *, const __half *, const __half *, int, int)"
21613012,21613780,"k_add(__half *, const __half *, unsigned long long)"
21613812,21616692,"k_layernorm(__half *, const __half *, const __half *, const __half *, int, int)"
21616756,21637782,"k_gemv_fp16(__half *, const __half *, const __half *, const __half *, int, int)"
21637813,21638646,"k_gelu(__half *, unsigned long long)"
21639381,21662295,"k_gemv_fp16(__half *, const __half *, const __half *, const __half *, int, int)"
21662359,21663127,"k_add(__half *, const __half *, unsigned long long)"
21663159,21666071,"k_layernorm(__half *, const __half *, const __half *, const __half *, int, int)"
21666104,21682265,"k_gemv_fp16(__half *, const __half *, const __half *, const __half *, int, int)"
21682297,21683193,"k_kv_append(__half *, __half *, const __half *, int, int)"
21683225,21698842,"k_attn_decode_ordered4(__half *, const __half *, const __half *, const __half *, int, int)"
21698874,21706138,"k_gemv_fp16(__half *, const __half *, const __half *, const __half *, int, int)"
21706170,21706970,"k_add(__half *, const __half *, unsigned long long)"
21707002,21709883,"k_layernorm(__half *, const __half *, const __half *, const __half *, int, int)"
21709915,21730876,"k_gemv_fp16(__half *, const __half *, const __half *, const __half *, int, int)"
21730908,21731740,"k_gelu(__half *, unsigned long long)"
21731804,21754589,"k_gemv_fp16(__half *, const __half *, const __half *, const __half *, int, int)"
21754590,21755390,"k_add(__half *, const __half *, unsigned long long)"
21755422,21758302,"k_layernorm(__half *, const __half *, const __half *, const __half *, int, int)"
21758334,21774623,"k_gemv_fp16(__half *, const __half *, const __half *, const __half *, int, int)"
21774655,21775519,"k_kv_append(__half *, __half *, const __half *, int, int)"
21776223,21791872,"k_attn_decode_ordered4(__half *, const __half *, const __half *, const __half *, int, int)"
21791936,21799105,"k_gemv_fp16(__half *, const __half *, const __half *, const __half *, int, int)"
21799137,21799905,"k_add(__half *, const __half *, unsigned long long)"
21799937,21802849,"k_layernorm(__half *, const __half *, const __half *, const __half *, int, int)"
21802881,21823939,"k_gemv_fp16(__half *, const __half *, const __half *, const __half *, int, int)"
21824003,21824835,"k_gelu(__half *, unsigned long long)"
21824867,21847748,"k_gemv_fp16(__half *, const __half *, const __half *, const __half *, int, int)"
21847780,21848580,"k_add(__half *, const __half *, unsigned long long)"
21848612,21851493,"k_layernorm(__half *, const __half *, const __half *, const __half *, int, int)"
21851525,21867942,"k_gemv_fp16(__half *, const __half *, const __half *, const __half *, int, int)"
21867974,21868838,"k_kv_append(__half *, __half *, const __half *, int, int)"
21868870,21884359,"k_attn_decode_ordered4(__half *, const __half *, const __half *, const __half *, int, int)"
21884423,21891719,"k_gemv_fp16(__half *, const __half *, const __half *, const __half *, int, int)"
21891783,21892551,"k_add(__half *, const __half *, unsigned long long)"
21892583,21895464,"k_layernorm(__half *, const __half *, const __half *, const __half *, int, int)"
21895496,21916425,"k_gemv_fp16(__half *, const __half *, const __half *, const __half *, int, int)"
21917097,21917929,"k_gelu(__half *, unsigned long long)"
21917961,21940715,"k_gemv_fp16(__half *, const __half *, const __half *, const __half *, int, int)"
21940747,21941515,"k_add(__half *, const __half *, unsigned long long)"
21941547,21944491,"k_layernorm(__half *, const __half *, const __half *, const __half *, int, int)"
21944523,21960780,"k_gemv_fp16(__half *, const __half *, const __half *, const __half *, int, int)"
21960812,21961676,"k_kv_append(__half *, __half *, const __half *, int, int)"
21961708,21977357,"k_attn_decode_ordered4(__half *, const __half *, const __half *, const __half *, int, int)"
21977389,21984750,"k_gemv_fp16(__half *, const __half *, const __half *, const __half *, int, int)"
21984782,21985550,"k_add(__half *, const __half *, unsigned long long)"
21985614,21988494,"k_layernorm(__half *, const __half *, const __half *, const __half *, int, int)"
21988526,22009456,"k_gemv_fp16(__half *, const __half *, const __half *, const __half *, int, int)"
22009488,22010320,"k_gelu(__half *, unsigned long long)"
22010352,22033105,"k_gemv_fp16(__half *, const __half *, const __half *, const __half *, int, int)"
22033137,22033905,"k_add(__half *, const __half *, unsigned long long)"
22033969,22036946,"k_layernorm(__half *, const __half *, const __half *, const __half *, int, int)"
22037010,22053235,"k_gemv_fp16(__half *, const __half *, const __half *, const __half *, int, int)"
22054131,22055027,"k_kv_append(__half *, __half *, const __half *, int, int)"
22055059,22070580,"k_attn_decode_ordered4(__half *, const __half *, const __half *, const __half *, int, int)"
22070612,22077940,"k_gemv_fp16(__half *, const __half *, const __half *, const __half *, int, int)"
22077972,22078740,"k_add(__half *, const __half *, unsigned long long)"
22078773,22081653,"k_layernorm(__half *, const __half *, const __half *, const __half *, int, int)"
22081685,22102550,"k_gemv_fp16(__half *, const __half *, const __half *, const __half *, int, int)"
22102614,22103446,"k_gelu(__half *, unsigned long long)"
22103478,22126328,"k_gemv_fp16(__half *, const __half *, const __half *, const __half *, int, int)"
22126360,22127128,"k_add(__half *, const __half *, unsigned long long)"
22127192,22130072,"k_layernorm(__half *, const __half *, const __half *, const __half *, int, int)"
22130104,22146105,"k_gemv_fp16(__half *, const __half *, const __half *, const __half *, int, int)"
22146137,22147033,"k_kv_append(__half *, __half *, const __half *, int, int)"
22147065,22163035,"k_attn_decode_ordered4(__half *, const __half *, const __half *, const __half *, int, int)"
22163066,22170363,"k_gemv_fp16(__half *, const __half *, const __half *, const __half *, int, int)"
22170395,22171194,"k_add(__half *, const __half *, unsigned long long)"
22171195,22174075,"k_layernorm(__half *, const __half *, const __half *, const __half *, int, int)"
22174939,22195933,"k_gemv_fp16(__half *, const __half *, const __half *, const __half *, int, int)"
22195965,22196797,"k_gelu(__half *, unsigned long long)"
22196861,22219582,"k_gemv_fp16(__half *, const __half *, const __half *, const __half *, int, int)"
22219614,22220415,"k_add(__half *, const __half *, unsigned long long)"
22220447,22223455,"k_layernorm(__half *, const __half *, const __half *, const __half *, int, int)"
22223487,22239840,"k_gemv_fp16(__half *, const __half *, const __half *, const __half *, int, int)"
22239872,22240736,"k_kv_append(__half *, __half *, const __half *, int, int)"
22240800,22256321,"k_attn_decode_ordered4(__half *, const __half *, const __half *, const __half *, int, int)"
22256353,22263681,"k_gemv_fp16(__half *, const __half *, const __half *, const __half *, int, int)"
22263714,22264514,"k_add(__half *, const __half *, unsigned long long)"
22264546,22267458,"k_layernorm(__half *, const __half *, const __half *, const __half *, int, int)"
22267490,22288515,"k_gemv_fp16(__half *, const __half *, const __half *, const __half *, int, int)"
22288547,22289380,"k_gelu(__half *, unsigned long long)"
22289411,22312165,"k_gemv_fp16(__half *, const __half *, const __half *, const __half *, int, int)"
22312197,22312997,"k_add(__half *, const __half *, unsigned long long)"
22313029,22315909,"k_layernorm(__half *, const __half *, const __half *, const __half *, int, int)"
22316645,22333318,"k_gemv_fp16(__half *, const __half *, const __half *, const __half *, int, int)"
22333350,22334214,"k_kv_append(__half *, __half *, const __half *, int, int)"
22334278,22349896,"k_attn_decode_ordered4(__half *, const __half *, const __half *, const __half *, int, int)"
22349928,22357256,"k_gemv_fp16(__half *, const __half *, const __half *, const __half *, int, int)"
22357288,22358088,"k_add(__half *, const __half *, unsigned long long)"
22358120,22361096,"k_layernorm(__half *, const __half *, const __half *, const __half *, int, int)"
22361128,22382058,"k_gemv_fp16(__half *, const __half *, const __half *, const __half *, int, int)"
22382090,22382922,"k_gelu(__half *, unsigned long long)"
22382986,22405804,"k_gemv_fp16(__half *, const __half *, const __half *, const __half *, int, int)"
22405836,22406636,"k_add(__half *, const __half *, unsigned long long)"
22406668,22409516,"k_layernorm(__half *, const __half *, const __half *, const __half *, int, int)"
22409548,22425837,"k_gemv_fp16(__half *, const __half *, const __half *, const __half *, int, int)"
22425869,22426765,"k_kv_append(__half *, __half *, const __half *, int, int)"
22426797,22442574,"k_attn_decode_ordered4(__half *, const __half *, const __half *, const __half *, int, int)"
22442606,22449935,"k_gemv_fp16(__half *, const __half *, const __half *, const __half *, int, int)"
22449967,22450735,"k_add(__half *, const __half *, unsigned long long)"
22451439,22454319,"k_layernorm(__half *, const __half *, const __half *, const __half *, int, int)"
22454351,22475281,"k_gemv_fp16(__half *, const __half *, const __half *, const __half *, int, int)"
22475312,22476145,"k_gelu(__half *, unsigned long long)"
22476209,22498898,"k_gemv_fp16(__half *, const __half *, const __half *, const __half *, int, int)"
22498930,22499730,"k_add(__half *, const __half *, unsigned long long)"
22499762,22502738,"k_layernorm(__half *, const __half *, const __half *, const __half *, int, int)"
22502770,22814504,"k_gemv_fp16(__half *, const __half *, const __half *, const __half *, int, int)"
22892942,22893870,"k_embed_one(__half *, const __half *, const __half *, int, int)"
22893902,22896782,"k_layernorm(__half *, const __half *, const __half *, const __half *, int, int)"
22896814,22913103,"k_gemv_fp16(__half *, const __half *, const __half *, const __half *, int, int)"
22913135,22913999,"k_kv_append(__half *, __half *, const __half *, int, int)"
22914032,22929585,"k_attn_decode_ordered4(__half *, const __half *, const __half *, const __half *, int, int)"
22929617,22936913,"k_gemv_fp16(__half *, const __half *, const __half *, const __half *, int, int)"
22936977,22937745,"k_add(__half *, const __half *, unsigned long long)"
22937777,22940657,"k_layernorm(__half *, const __half *, const __half *, const __half *, int, int)"
22940689,22961618,"k_gemv_fp16(__half *, const __half *, const __half *, const __half *, int, int)"
22961619,22962483,"k_gelu(__half *, unsigned long long)"
22962515,22985620,"k_gemv_fp16(__half *, const __half *, const __half *, const __half *, int, int)"
22985685,22986483,"k_add(__half *, const __half *, unsigned long long)"
22986484,22989365,"k_layernorm(__half *, const __half *, const __half *, const __half *, int, int)"
22989397,23005590,"k_gemv_fp16(__half *, const __half *, const __half *, const __half *, int, int)"
23005622,23006486,"k_kv_append(__half *, __half *, const __half *, int, int)"
23006550,23022295,"k_attn_decode_ordered4(__half *, const __half *, const __half *, const __half *, int, int)"
23022999,23029623,"k_gemv_fp16(__half *, const __half *, const __half *, const __half *, int, int)"
23029656,23030424,"k_add(__half *, const __half *, unsigned long long)"
23030488,23033368,"k_layernorm(__half *, const __half *, const __half *, const __half *, int, int)"
23033400,23054329,"k_gemv_fp16(__half *, const __half *, const __half *, const __half *, int, int)"
23054393,23055225,"k_gelu(__half *, unsigned long long)"
23055257,23078139,"k_gemv_fp16(__half *, const __half *, const __half *, const __half *, int, int)"
23078203,23078971,"k_add(__half *, const __half *, unsigned long long)"
23079035,23081883,"k_layernorm(__half *, const __half *, const __half *, const __half *, int, int)"
23081915,23098108,"k_gemv_fp16(__half *, const __half *, const __half *, const __half *, int, int)"
23098140,23099004,"k_kv_append(__half *, __half *, const __half *, int, int)"
23099069,23114493,"k_attn_decode_ordered4(__half *, const __half *, const __half *, const __half *, int, int)"
23114526,23121918,"k_gemv_fp16(__half *, const __half *, const __half *, const __half *, int, int)"
23121950,23122718,"k_add(__half *, const __half *, unsigned long long)"
23122750,23125726,"k_layernorm(__half *, const __half *, const __half *, const __half *, int, int)"
23125758,23146752,"k_gemv_fp16(__half *, const __half *, const __half *, const __half *, int, int)"
23146784,23147616,"k_gelu(__half *, unsigned long long)"
23148288,23171138,"k_gemv_fp16(__half *, const __half *, const __half *, const __half *, int, int)"
23171169,23171969,"k_add(__half *, const __half *, unsigned long long)"
23172002,23174946,"k_layernorm(__half *, const __half *, const __half *, const __half *, int, int)"
23174978,23191203,"k_gemv_fp16(__half *, const __half *, const __half *, const __half *, int, int)"
23191235,23192099,"k_kv_append(__half *, __half *, const __half *, int, int)"
23192131,23207876,"k_attn_decode_ordered4(__half *, const __half *, const __half *, const __half *, int, int)"
23207908,23215045,"k_gemv_fp16(__half *, const __half *, const __half *, const __half *, int, int)"
23215077,23215845,"k_add(__half *, const __half *, unsigned long long)"
23215909,23218757,"k_layernorm(__half *, const __half *, const __half *, const __half *, int, int)"
23218821,23239814,"k_gemv_fp16(__half *, const __half *, const __half *, const __half *, int, int)"
23239846,23240678,"k_gelu(__half *, unsigned long long)"
23240711,23263432,"k_gemv_fp16(__half *, const __half *, const __half *, const __half *, int, int)"
23263464,23264264,"k_add(__half *, const __half *, unsigned long long)"
23264296,23267144,"k_layernorm(__half *, const __half *, const __half *, const __half *, int, int)"
23267176,23283337,"k_gemv_fp16(__half *, const __half *, const __half *, const __half *, int, int)"
23283369,23284233,"k_kv_append(__half *, __half *, const __half *, int, int)"
23285001,23300555,"k_attn_decode_ordered4(__half *, const __half *, const __half *, const __half *, int, int)"
23300587,23307851,"k_gemv_fp16(__half *, const __half *, const __half *, const __half *, int, int)"
23307883,23308651,"k_add(__half *, const __half *, unsigned long long)"
23308683,23311691,"k_layernorm(__half *, const __half *, const __half *, const __half *, int, int)"
23311723,23332685,"k_gemv_fp16(__half *, const __half *, const __half *, const __half *, int, int)"
23332749,23333581,"k_gelu(__half *, unsigned long long)"
23333613,23356463,"k_gemv_fp16(__half *, const __half *, const __half *, const __half *, int, int)"
23356495,23357262,"k_add(__half *, const __half *, unsigned long long)"
23357295,23360207,"k_layernorm(__half *, const __half *, const __half *, const __half *, int, int)"
23360271,23376464,"k_gemv_fp16(__half *, const __half *, const __half *, const __half *, int, int)"
23376496,23377392,"k_kv_append(__half *, __half *, const __half *, int, int)"
23377424,23393009,"k_attn_decode_ordered4(__half *, const __half *, const __half *, const __half *, int, int)"
23393041,23400402,"k_gemv_fp16(__half *, const __half *, const __half *, const __half *, int, int)"
23400434,23401202,"k_add(__half *, const __half *, unsigned long long)"
23401234,23404146,"k_layernorm(__half *, const __half *, const __half *, const __half *, int, int)"
23404178,23425139,"k_gemv_fp16(__half *, const __half *, const __half *, const __half *, int, int)"
23426004,23426835,"k_gelu(__half *, unsigned long long)"
23426899,23449781,"k_gemv_fp16(__half *, const __half *, const __half *, const __half *, int, int)"
23449813,23450613,"k_add(__half *, const __half *, unsigned long long)"
23450645,23453525,"k_layernorm(__half *, const __half *, const __half *, const __half *, int, int)"
23453589,23469686,"k_gemv_fp16(__half *, const __half *, const __half *, const __half *, int, int)"
23469719,23470583,"k_kv_append(__half *, __half *, const __half *, int, int)"
23470615,23486232,"k_attn_decode_ordered4(__half *, const __half *, const __half *, const __half *, int, int)"
23486264,23493592,"k_gemv_fp16(__half *, const __half *, const __half *, const __half *, int, int)"
23493656,23494424,"k_add(__half *, const __half *, unsigned long long)"
23494456,23497305,"k_layernorm(__half *, const __half *, const __half *, const __half *, int, int)"
23497336,23518202,"k_gemv_fp16(__half *, const __half *, const __half *, const __half *, int, int)"
23518234,23519066,"k_gelu(__half *, unsigned long long)"
23519098,23541884,"k_gemv_fp16(__half *, const __half *, const __half *, const __half *, int, int)"
23541916,23542684,"k_add(__half *, const __half *, unsigned long long)"
23542748,23545596,"k_layernorm(__half *, const __half *, const __half *, const __half *, int, int)"
23545660,23561629,"k_gemv_fp16(__half *, const __half *, const __half *, const __half *, int, int)"
23562333,23563197,"k_kv_append(__half *, __half *, const __half *, int, int)"
23563229,23578942,"k_attn_decode_ordered4(__half *, const __half *, const __half *, const __half *, int, int)"
23578974,23586271,"k_gemv_fp16(__half *, const __half *, const __half *, const __half *, int, int)"
23586335,23587103,"k_add(__half *, const __half *, unsigned long long)"
23587135,23589983,"k_layernorm(__half *, const __half *, const __half *, const __half *, int, int)"
23590047,23610912,"k_gemv_fp16(__half *, const __half *, const __half *, const __half *, int, int)"
23610945,23611776,"k_gelu(__half *, unsigned long long)"
23611840,23634754,"k_gemv_fp16(__half *, const __half *, const __half *, const __half *, int, int)"
23634786,23635586,"k_add(__half *, const __half *, unsigned long long)"
23635618,23638499,"k_layernorm(__half *, const __half *, const __half *, const __half *, int, int)"
23638530,23654756,"k_gemv_fp16(__half *, const __half *, const __half *, const __half *, int, int)"
23654788,23655652,"k_kv_append(__half *, __half *, const __half *, int, int)"
23655684,23671173,"k_attn_decode_ordered4(__half *, const __half *, const __half *, const __half *, int, int)"
23671205,23678533,"k_gemv_fp16(__half *, const __half *, const __half *, const __half *, int, int)"
23678565,23679333,"k_add(__half *, const __half *, unsigned long long)"
23679365,23682342,"k_layernorm(__half *, const __half *, const __half *, const __half *, int, int)"
23683270,23704295,"k_gemv_fp16(__half *, const __half *, const __half *, const __half *, int, int)"
23704327,23705159,"k_gelu(__half *, unsigned long long)"
23705191,23727881,"k_gemv_fp16(__half *, const __half *, const __half *, const __half *, int, int)"
23727945,23728713,"k_add(__half *, const __half *, unsigned long long)"
23728745,23731657,"k_layernorm(__half *, const __half *, const __half *, const __half *, int, int)"
23731689,23747946,"k_gemv_fp16(__half *, const __half *, const __half *, const __half *, int, int)"
23747978,23748842,"k_kv_append(__half *, __half *, const __half *, int, int)"
23748874,23764427,"k_attn_decode_ordered4(__half *, const __half *, const __half *, const __half *, int, int)"
23764459,23771788,"k_gemv_fp16(__half *, const __half *, const __half *, const __half *, int, int)"
23771820,23772620,"k_add(__half *, const __half *, unsigned long long)"
23772652,23775564,"k_layernorm(__half *, const __half *, const __half *, const __half *, int, int)"
23775596,23796590,"k_gemv_fp16(__half *, const __half *, const __half *, const __half *, int, int)"
23796621,23797486,"k_gelu(__half *, unsigned long long)"
23797518,23820271,"k_gemv_fp16(__half *, const __half *, const __half *, const __half *, int, int)"
23820303,23821071,"k_add(__half *, const __half *, unsigned long long)"
23821135,23824015,"k_layernorm(__half *, const __half *, const __half *, const __half *, int, int)"
23824975,23841169,"k_gemv_fp16(__half *, const __half *, const __half *, const __half *, int, int)"
23841201,23842065,"k_kv_append(__half *, __half *, const __half *, int, int)"
23842129,23857777,"k_attn_decode_ordered4(__half *, const __half *, const __half *, const __half *, int, int)"
23857778,23865138,"k_gemv_fp16(__half *, const __half *, const __half *, const __half *, int, int)"
23865170,23865938,"k_add(__half *, const __half *, unsigned long long)"
23865971,23868851,"k_layernorm(__half *, const __half *, const __half *, const __half *, int, int)"
23868915,23889844,"k_gemv_fp16(__half *, const __half *, const __half *, const __half *, int, int)"
23889876,23890740,"k_gelu(__half *, unsigned long long)"
23890772,23913654,"k_gemv_fp16(__half *, const __half *, const __half *, const __half *, int, int)"
23913686,23914486,"k_add(__half *, const __half *, unsigned long long)"
23914518,23917366,"k_layernorm(__half *, const __half *, const __half *, const __half *, int, int)"
23917398,23933495,"k_gemv_fp16(__half *, const __half *, const __half *, const __half *, int, int)"
23933527,23934391,"k_kv_append(__half *, __half *, const __half *, int, int)"
23934455,23950137,"k_attn_decode_ordered4(__half *, const __half *, const __half *, const __half *, int, int)"
23950200,23957561,"k_gemv_fp16(__half *, const __half *, const __half *, const __half *, int, int)"
23957593,23958361,"k_add(__half *, const __half *, unsigned long long)"
23959097,23961977,"k_layernorm(__half *, const __half *, const __half *, const __half *, int, int)"
23962009,23982971,"k_gemv_fp16(__half *, const __half *, const __half *, const __half *, int, int)"
23983003,23983803,"k_gelu(__half *, unsigned long long)"
23983867,24007004,"k_gemv_fp16(__half *, const __half *, const __half *, const __half *, int, int)"
24007068,24007836,"k_add(__half *, const __half *, unsigned long long)"
24007869,24010813,"k_layernorm(__half *, const __half *, const __half *, const __half *, int, int)"
24010877,24322483,"k_gemv_fp16(__half *, const __half *, const __half *, const __half *, int, int)"
24382359,24383351,"k_embed_one(__half *, const __half *, const __half *, int, int)"
24383383,24386231,"k_layernorm(__half *, const __half *, const __half *, const __half *, int, int)"
24386295,24402616,"k_gemv_fp16(__half *, const __half *, const __half *, const __half *, int, int)"
24402648,24403512,"k_kv_append(__half *, __half *, const __half *, int, int)"
24403544,24419289,"k_attn_decode_ordered4(__half *, const __half *, const __half *, const __half *, int, int)"
24419322,24426682,"k_gemv_fp16(__half *, const __half *, const __half *, const __half *, int, int)"
24426714,24427514,"k_add(__half *, const __half *, unsigned long long)"
24427546,24430458,"k_layernorm(__half *, const __half *, const __half *, const __half *, int, int)"
24430490,24451388,"k_gemv_fp16(__half *, const __half *, const __half *, const __half *, int, int)"
24451420,24452252,"k_gelu(__half *, unsigned long long)"
24452316,24475197,"k_gemv_fp16(__half *, const __half *, const __half *, const __half *, int, int)"
24475229,24475997,"k_add(__half *, const __half *, unsigned long long)"
24476061,24478910,"k_layernorm(__half *, const __half *, const __half *, const __half *, int, int)"
24478942,24495103,"k_gemv_fp16(__half *, const __half *, const __half *, const __half *, int, int)"
24495135,24495999,"k_kv_append(__half *, __half *, const __half *, int, int)"
24496031,24511744,"k_attn_decode_ordered4(__half *, const __half *, const __half *, const __half *, int, int)"
24512480,24519104,"k_gemv_fp16(__half *, const __half *, const __half *, const __half *, int, int)"
24519137,24519937,"k_add(__half *, const __half *, unsigned long long)"
24519968,24522913,"k_layernorm(__half *, const __half *, const __half *, const __half *, int, int)"
24522945,24543842,"k_gemv_fp16(__half *, const __half *, const __half *, const __half *, int, int)"
24543906,24544738,"k_gelu(__half *, unsigned long long)"
24544770,24567556,"k_gemv_fp16(__half *, const __half *, const __half *, const __half *, int, int)"
24567588,24568356,"k_add(__half *, const __half *, unsigned long long)"
24568420,24571332,"k_layernorm(__half *, const __half *, const __half *, const __half *, int, int)"
24571364,24587621,"k_gemv_fp16(__half *, const __half *, const __half *, const __half *, int, int)"
24587653,24588517,"k_kv_append(__half *, __half *, const __half *, int, int)"
24588549,24604198,"k_attn_decode_ordered4(__half *, const __half *, const __half *, const __half *, int, int)"
24604230,24611591,"k_gemv_fp16(__half *, const __half *, const __half *, const __half *, int, int)"
24611655,24612423,"k_add(__half *, const __half *, unsigned long long)"
24612455,24615335,"k_layernorm(__half *, const __half *, const __half *, const __half *, int, int)"
24615367,24636425,"k_gemv_fp16(__half *, const __half *, const __half *, const __half *, int, int)"
24636457,24637289,"k_gelu(__half *, unsigned long long)"
24637993,24660842,"k_gemv_fp16(__half *, const __half *, const __half *, const __half *, int, int)"
24660875,24661673,"k_add(__half *, const __half *, unsigned long long)"
24661674,24664683,"k_layernorm(__half *, const __half *, const __half *, const __half *, int, int)"
24664715,24680908,"k_gemv_fp16(__half *, const __half *, const __half *, const __half *, int, int)"
24680940,24681836,"k_kv_append(__half *, __half *, const __half *, int, int)"
24681868,24697484,"k_attn_decode_ordered4(__half *, const __half *, const __half *, const __half *, int, int)"
24697485,24704782,"k_gemv_fp16(__half *, const __half *, const __half *, const __half *, int, int)"
24704813,24705614,"k_add(__half *, const __half *, unsigned long long)"
24705646,24708526,"k_layernorm(__half *, const __half *, const __half *, const __half *, int, int)"
24708558,24729551,"k_gemv_fp16(__half *, const __half *, const __half *, const __half *, int, int)"
24729615,24730447,"k_gelu(__half *, unsigned long long)"
24730479,24753201,"k_gemv_fp16(__half *, const __half *, const __half *, const __half *, int, int)"
24753233,24754033,"k_add(__half *, const __half *, unsigned long long)"
24754065,24756945,"k_layernorm(__half *, const __half *, const __half *, const __half *, int, int)"
24756977,24773106,"k_gemv_fp16(__half *, const __half *, const __half *, const __half *, int, int)"
24773138,24774002,"k_kv_append(__half *, __half *, const __half *, int, int)"
24774738,24790195,"k_attn_decode_ordered4(__half *, const __half *, const __half *, const __half *, int, int)"
24790228,24797556,"k_gemv_fp16(__half *, const __half *, const __half *, const __half *, int, int)"
24797588,24798356,"k_add(__half *, const __half *, unsigned long long)"
24798388,24801300,"k_layernorm(__half *, const __half *, const __half *, const __half *, int, int)"
24801332,24822390,"k_gemv_fp16(__half *, const __half *, const __half *, const __half *, int, int)"
24822422,24823254,"k_gelu(__half *, unsigned long long)"
24823318,24846199,"k_gemv_fp16(__half *, const __half *, const __half *, const __half *, int, int)"
24846264,24847032,"k_add(__half *, const __half *, unsigned long long)"
24847063,24849944,"k_layernorm(__half *, const __half *, const __half *, const __half *, int, int)"
24849976,24866233,"k_gemv_fp16(__half *, const __half *, const __half *, const __half *, int, int)"
24866265,24867129,"k_kv_append(__half *, __half *, const __half *, int, int)"
24867161,24882746,"k_attn_decode_ordered4(__half *, const __half *, const __half *, const __half *, int, int)"
24882778,24890075,"k_gemv_fp16(__half *, const __half *, const __half *, const __half *, int, int)"
24890106,24890907,"k_add(__half *, const __half *, unsigned long long)"
24890939,24893851,"k_layernorm(__half *, const __half *, const __half *, const __half *, int, int)"
24893883,24914812,"k_gemv_fp16(__half *, const __half *, const __half *, const __half *, int, int)"
24915516,24916380,"k_gelu(__half *, unsigned long long)"
24916413,24939294,"k_gemv_fp16(__half *, const __half *, const __half *, const __half *, int, int)"
24939358,24940126,"k_add(__half *, const __half *, unsigned long long)"
24940158,24943038,"k_layernorm(__half *, const __half *, const __half *, const __half *, int, int)"
24943102,24959327,"k_gemv_fp16(__half *, const __half *, const __half *, const __half *, int, int)"
24959391,24960256,"k_kv_append(__half *, __half *, const __half *, int, int)"
24960287,24975905,"k_attn_decode_ordered4(__half *, const __half *, const __half *, const __half *, int, int)"
24975937,24983265,"k_gemv_fp16(__half *, const __half *, const __half *, const __half *, int, int)"
24983329,24984097,"k_add(__half *, const __half *, unsigned long long)"
24984129,24987041,"k_layernorm(__half *, const __half *, const __half *, const __half *, int, int)"
24987106,25008067,"k_gemv_fp16(__half *, const __half *, const __half *, const __half *, int, int)"
25008099,25008931,"k_gelu(__half *, unsigned long long)"
25008963,25031748,"k_gemv_fp16(__half *, const __half *, const __half *, const __half *, int, int)"
25031813,25032581,"k_add(__half *, const __half *, unsigned long long)"
25032613,25035525,"k_layernorm(__half *, const __half *, const __half *, const __half *, int, int)"
25035557,25051782,"k_gemv_fp16(__half *, const __half *, const __half *, const __half *, int, int)"
25052518,25053382,"k_kv_append(__half *, __half *, const __half *, int, int)"
25053414,25069191,"k_attn_decode_ordered4(__half *, const __half *, const __half *, const __half *, int, int)"
25069223,25076552,"k_gemv_fp16(__half *, const __half *, const __half *, const __half *, int, int)"
25076616,25077384,"k_add(__half *, const __half *, unsigned long long)"
25077416,25080392,"k_layernorm(__half *, const __half *, const __half *, const __half *, int, int)"
25080424,25101354,"k_gemv_fp16(__half *, const __half *, const __half *, const __half *, int, int)"
25101385,25102218,"k_gelu(__half *, unsigned long long)"
25102250,25125131,"k_gemv_fp16(__half *, const __half *, const __half *, const __half *, int, int)"
25125163,25125931,"k_add(__half *, const __half *, unsigned long long)"
25125995,25128843,"k_layernorm(__half *, const __half *, const __half *, const __half *, int, int)"
25128907,25145101,"k_gemv_fp16(__half *, const __half *, const __half *, const __half *, int, int)"
25145132,25145997,"k_kv_append(__half *, __half *, const __half *, int, int)"
25146029,25161646,"k_attn_decode_ordered4(__half *, const __half *, const __half *, const __half *, int, int)"
25161710,25168974,"k_gemv_fp16(__half *, const __half *, const __half *, const __half *, int, int)"
25169006,25169806,"k_add(__half *, const __half *, unsigned long long)"
25169838,25172686,"k_layernorm(__half *, const __half *, const __half *, const __half *, int, int)"
25173390,25194384,"k_gemv_fp16(__half *, const __half *, const __half *, const __half *, int, int)"
25194416,25195280,"k_gelu(__half *, unsigned long long)"
25195312,25217970,"k_gemv_fp16(__half *, const __half *, const __half *, const __half *, int, int)"
25218002,25218802,"k_add(__half *, const __half *, unsigned long long)"
25218834,25221714,"k_layernorm(__half *, const __half *, const __half *, const __half *, int, int)"
25221746,25237875,"k_gemv_fp16(__half *, const __half *, const __half *, const __half *, int, int)"
25237907,25238771,"k_kv_append(__half *, __half *, const __half *, int, int)"
25238803,25254676,"k_attn_decode_ordered4(__half *, const __half *, const __half *, const __half *, int, int)"
25254708,25262037,"k_gemv_fp16(__half *, const __half *, const __half *, const __half *, int, int)"
25262069,25262869,"k_add(__half *, const __half *, unsigned long long)"
25262901,25265749,"k_layernorm(__half *, const __half *, const __half *, const __half *, int, int)"
25265781,25286743,"k_gemv_fp16(__half *, const __half *, const __half *, const __half *, int, int)"
25286774,25287607,"k_gelu(__half *, unsigned long long)"
25287671,25310648,"k_gemv_fp16(__half *, const __half *, const __half *, const __half *, int, int)"
25310680,25311479,"k_add(__half *, const __half *, unsigned long long)"
25311480,25314520,"k_layernorm(__half *, const __half *, const __half *, const __half *, int, int)"
25315417,25331898,"k_gemv_fp16(__half *, const __half *, const __half *, const __half *, int, int)"
25331930,25332826,"k_kv_append(__half *, __half *, const __half *, int, int)"
25332858,25348475,"k_attn_decode_ordered4(__half *, const __half *, const __half *, const __half *, int, int)"
25348507,25355868,"k_gemv_fp16(__half *, const __half *, const __half *, const __half *, int, int)"
25355899,25356667,"k_add(__half *, const __half *, unsigned long long)"
25356732,25359612,"k_layernorm(__half *, const __half *, const __half *, const __half *, int, int)"
25359644,25380477,"k_gemv_fp16(__half *, const __half *, const __half *, const __half *, int, int)"
25380509,25381341,"k_gelu(__half *, unsigned long long)"
25381373,25404191,"k_gemv_fp16(__half *, const __half *, const __half *, const __half *, int, int)"
25404255,25405023,"k_add(__half *, const __half *, unsigned long long)"
25405055,25407903,"k_layernorm(__half *, const __half *, const __half *, const __half *, int, int)"
25407967,25424096,"k_gemv_fp16(__half *, const __half *, const __half *, const __half *, int, int)"
25424128,25424992,"k_kv_append(__half *, __half *, const __half *, int, int)"
25425056,25440897,"k_attn_decode_ordered4(__half *, const __half *, const __half *, const __half *, int, int)"
25440929,25448258,"k_gemv_fp16(__half *, const __half *, const __half *, const __half *, int, int)"
25448290,25449090,"k_add(__half *, const __half *, unsigned long long)"
25449762,25452642,"k_layernorm(__half *, const __half *, const __half *, const __half *, int, int)"
25452674,25473636,"k_gemv_fp16(__half *, const __half *, const __half *, const __half *, int, int)"
25473668,25474500,"k_gelu(__half *, unsigned long long)"
25474532,25497221,"k_gemv_fp16(__half *, const __half *, const __half *, const __half *, int, int)"
25497253,25498053,"k_add(__half *, const __half *, unsigned long long)"
25498085,25500966,"k_layernorm(__half *, const __half *, const __half *, const __half *, int, int)"
25500998,25812764,"k_gemv_fp16(__half *, const __half *, const __half *, const __half *, int, int)"
25869984,25870912,"k_embed_one(__half *, const __half *, const __half *, int, int)"
25870944,25873824,"k_layernorm(__half *, const __half *, const __half *, const __half *, int, int)"
25873856,25890017,"k_gemv_fp16(__half *, const __half *, const __half *, const __half *, int, int)"
25890049,25891041,"k_kv_append(__half *, __half *, const __half *, int, int)"
25891073,25906978,"k_attn_decode_ordered4(__half *, const __half *, const __half *, const __half *, int, int)"
25907010,25914339,"k_gemv_fp16(__half *, const __half *, const __half *, const __half *, int, int)"
25914371,25915170,"k_add(__half *, const __half *, unsigned long long)"
25915171,25918051,"k_layernorm(__half *, const __half *, const __half *, const __half *, int, int)"
25918115,25939107,"k_gemv_fp16(__half *, const __half *, const __half *, const __half *, int, int)"
25939108,25939973,"k_gelu(__half *, unsigned long long)"
25940005,25963014,"k_gemv_fp16(__half *, const __half *, const __half *, const __half *, int, int)"
25963046,25963846,"k_add(__half *, const __half *, unsigned long long)"
25963878,25966726,"k_layernorm(__half *, const __half *, const __half *, const __half *, int, int)"
25966758,25982952,"k_gemv_fp16(__half *, const __half *, const __half *, const __half *, int, int)"
25983016,25983880,"k_kv_append(__half *, __half *, const __half *, int, int)"
25983912,25999497,"k_attn_decode_ordered4(__half *, const __half *, const __half *, const __half *, int, int)"
26000233,26006857,"k_gemv_fp16(__half *, const __half *, const __half *, const __half *, int, int)"
26006889,26007689,"k_add(__half *, const __half *, unsigned long long)"
26007721,26010602,"k_layernorm(__half *, const __half *, const __half *, const __half *, int, int)"
26010666,26031595,"k_gemv_fp16(__half *, const __half *, const __half *, const __half *, int, int)"
26031659,26032459,"k_gelu(__half *, unsigned long long)"
26032523,26055309,"k_gemv_fp16(__half *, const __half *, const __half *, const __half *, int, int)"
26055341,26056109,"k_add(__half *, const __half *, unsigned long long)"
26056173,26059117,"k_layernorm(__half *, const __half *, const __half *, const __half *, int, int)"
26059149,26075342,"k_gemv_fp16(__half *, const __half *, const __half *, const __half *, int, int)"
26075406,26076270,"k_kv_append(__half *, __half *, const __half *, int, int)"
26076302,26091887,"k_attn_decode_ordered4(__half *, const __half *, const __half *, const __half *, int, int)"
26091919,26099312,"k_gemv_fp16(__half *, const __half *, const __half *, const __half *, int, int)"
26099344,26100112,"k_add(__half *, const __half *, unsigned long long)"
26100176,26103120,"k_layernorm(__half *, const __half *, const __half *, const __half *, int, int)"
26103184,26124146,"k_gemv_fp16(__half *, const __half *, const __half *, const __half *, int, int)"
26124178,26125042,"k_gelu(__half *, unsigned long long)"
26125746,26148627,"k_gemv_fp16(__half *, const __half *, const __half *, const __half *, int, int)"
26148659,26149459,"k_add(__half *, const __half *, unsigned long long)"
26149491,26152371,"k_layernorm(__half *, const __half *, const __half *, const __half *, int, int)"
26152404,26168565,"k_gemv_fp16(__half *, const __half *, const __half *, const __half *, int, int)"
26168597,26169493,"k_kv_append(__half *, __half *, const __half *, int, int)"
26169525,26185238,"k_attn_decode_ordered4(__half *, const __half *, const __half *, const __half *, int, int)"
26185270,26192566,"k_gemv_fp16(__half *, const __half *, const __half *, const __half *, int, int)"
26192598,26193366,"k_add(__half *, const __half *, unsigned long long)"
26193430,26196310,"k_layernorm(__half *, const __half *, const __half *, const __half *, int, int)"
26196311,26217304,"k_gemv_fp16(__half *, const __half *, const __half *, const __half *, int, int)"
26217336,26218168,"k_gelu(__half *, unsigned long long)"
26218200,26241114,"k_gemv_fp16(__half *, const __half *, const __half *, const __half *, int, int)"
26241146,26241914,"k_add(__half *, const __half *, unsigned long long)"
26241946,26244826,"k_layernorm(__half *, const __half *, const __half *, const __half *, int, int)"
26244858,26261243,"k_gemv_fp16(__half *, const __half *, const __half *, const __half *, int, int)"
26261275,26262139,"k_kv_append(__half *, __half *, const __half *, int, int)"
26262907,26278555,"k_attn_decode_ordered4(__half *, const __half *, const __half *, const __half *, int, int)"
26278556,26285853,"k_gemv_fp16(__half *, const __half *, const __half *, const __half *, int, int)"
26285885,26286653,"k_add(__half *, const __half *, unsigned long long)"
26286717,26289661,"k_layernorm(__half *, const __half *, const __half *, const __half *, int, int)"
26289725,26310623,"k_gemv_fp16(__half *, const __half *, const __half *, const __half *, int, int)"
26310687,26311519,"k_gelu(__half *, unsigned long long)"
26311551,26334560,"k_gemv_fp16(__half *, const __half *, const __half *, const __half *, int, int)"
26334592,26335392,"k_add(__half *, const __half *, unsigned long long)"
26335424,26338433,"k_layernorm(__half *, const __half *, const __half *, const __half *, int, int)"
26338465,26354690,"k_gemv_fp16(__half *, const __half *, const __half *, const __half *, int, int)"
26354722,26355618,"k_kv_append(__half *, __half *, const __half *, int, int)"
26355650,26371235,"k_attn_decode_ordered4(__half *, const __half *, const __half *, const __half *, int, int)"
26371267,26378563,"k_gemv_fp16(__half *, const __half *, const __half *, const __half *, int, int)"
26378627,26379395,"k_add(__half *, const __half *, unsigned long long)"
26379428,26382436,"k_layernorm(__half *, const __half *, const __half *, const __half *, int, int)"
26382468,26403429,"k_gemv_fp16(__half *, const __half *, const __half *, const __half *, int, int)"
26404101,26404933,"k_gelu(__half *, unsigned long long)"
26404965,26427783,"k_gemv_fp16(__half *, const __half *, const __half *, const __half *, int, int)"
26427847,26428615,"k_add(__half *, const __half *, unsigned long long)"
26428647,26431591,"k_layernorm(__half *, const __half *, const __half *, const __half *, int, int)"
26431655,26447816,"k_gemv_fp16(__half *, const __half *, const __half *, const __half *, int, int)"
26447848,26448712,"k_kv_append(__half *, __half *, const __half *, int, int)"
26448776,26464425,"k_attn_decode_ordered4(__half *, const __half *, const __half *, const __half *, int, int)"
26464457,26471818,"k_gemv_fp16(__half *, const __half *, const __half *, const __half *, int, int)"
26471850,26472650,"k_add(__half *, const __half *, unsigned long long)"
26472682,26475498,"k_layernorm(__half *, const __half *, const __half *, const __half *, int, int)"
26475562,26496492,"k_gemv_fp16(__half *, const __half *, const __half *, const __half *, int, int)"
26496556,26497356,"k_gelu(__half *, unsigned long long)"
26497420,26520205,"k_gemv_fp16(__half *, const __half *, const __half *, const __half *, int, int)"
26520237,26521006,"k_add(__half *, const __half *, unsigned long long)"
26521037,26523918,"k_layernorm(__half *, const __half *, const __half *, const __half *, int, int)"
26523950,26540079,"k_gemv_fp16(__half *, const __half *, const __half *, const __half *, int, int)"
26540847,26541711,"k_kv_append(__half *, __half *, const __half *, int, int)"
26541743,26557488,"k_attn_decode_ordered4(__half *, const __half *, const __half *, const __half *, int, int)"
26557520,26564817,"k_gemv_fp16(__half *, const __half *, const __half *, const __half *, int, int)"
26564880,26565648,"k_add(__half *, const __half *, unsigned long long)"
26565681,26568625,"k_layernorm(__half *, const __half *, const __half *, const __half *, int, int)"
26568657,26589618,"k_gemv_fp16(__half *, const __half *, const __half *, const __half *, int, int)"
26589650,26590482,"k_gelu(__half *, unsigned long long)"
26590514,26613428,"k_gemv_fp16(__half *, const __half *, const __half *, const __half *, int, int)"
26613460,26614228,"k_add(__half *, const __half *, unsigned long long)"
26614292,26617172,"k_layernorm(__half *, const __half *, const __half *, const __half *, int, int)"
26617236,26633269,"k_gemv_fp16(__half *, const __half *, const __half *, const __half *, int, int)"
26633301,26634165,"k_kv_append(__half *, __half *, const __half *, int, int)"
26634197,26649623,"k_attn_decode_ordered4(__half *, const __half *, const __half *, const __half *, int, int)"
26649654,26656983,"k_gemv_fp16(__half *, const __half *, const __half *, const __half *, int, int)"
26657015,26657783,"k_add(__half *, const __half *, unsigned long long)"
26657815,26660663,"k_layernorm(__half *, const __half *, const __half *, const __half *, int, int)"
26661399,26682297,"k_gemv_fp16(__half *, const __half *, const __half *, const __half *, int, int)"
26682329,26683161,"k_gelu(__half *, unsigned long long)"
26683193,26705882,"k_gemv_fp16(__half *, const __half *, const __half *, const __half *, int, int)"
26705947,26706715,"k_add(__half *, const __half *, unsigned long long)"
26706747,26709659,"k_layernorm(__half *, const __half *, const __half *, const __half *, int, int)"
26709691,26725820,"k_gemv_fp16(__half *, const __half *, const __half *, const __half *, int, int)"
26725852,26726748,"k_kv_append(__half *, __half *, const __half *, int, int)"
26726780,26742461,"k_attn_decode_ordered4(__half *, const __half *, const __half *, const __half *, int, int)"
26742493,26749918,"k_gemv_fp16(__half *, const __half *, const __half *, const __half *, int, int)"
26749981,26750750,"k_add(__half *, const __half *, unsigned long long)"
26750782,26753630,"k_layernorm(__half *, const __half *, const __half *, const __half *, int, int)"
26753662,26774815,"k_gemv_fp16(__half *, const __half *, const __half *, const __half *, int, int)"
26774847,26775680,"k_gelu(__half *, unsigned long long)"
26775711,26798465,"k_gemv_fp16(__half *, const __half *, const __half *, const __half *, int, int)"
26798497,26799297,"k_add(__half *, const __half *, unsigned long long)"
26799329,26802305,"k_layernorm(__half *, const __half *, const __half *, const __half *, int, int)"
26803105,26819586,"k_gemv_fp16(__half *, const __half *, const __half *, const __half *, int, int)"
26819587,26820483,"k_kv_append(__half *, __half *, const __half *, int, int)"
26820514,26836164,"k_attn_decode_ordered4(__half *, const __half *, const __half *, const __half *, int, int)"
26836196,26843524,"k_gemv_fp16(__half *, const __half *, const __half *, const __half *, int, int)"
26843556,26844324,"k_add(__half *, const __half *, unsigned long long)"
26844356,26847237,"k_layernorm(__half *, const __half *, const __half *, const __half *, int, int)"
26847268,26868166,"k_gemv_fp16(__half *, const __half *, const __half *, const __half *, int, int)"
26868198,26869030,"k_gelu(__half *, unsigned long long)"
26869062,26891975,"k_gemv_fp16(__half *, const __half *, const __half *, const __half *, int, int)"
26892008,26892808,"k_add(__half *, const __half *, unsigned long long)"
26892840,26895784,"k_layernorm(__half *, const __half *, const __half *, const __half *, int, int)"
26895816,26912073,"k_gemv_fp16(__half *, const __half *, const __half *, const __half *, int, int)"
26912137,26913001,"k_kv_append(__half *, __half *, const __half *, int, int)"
26913033,26928586,"k_attn_decode_ordered4(__half *, const __half *, const __half *, const __half *, int, int)"
26928650,26935979,"k_gemv_fp16(__half *, const __half *, const __half *, const __half *, int, int)"
26936011,26936779,"k_add(__half *, const __half *, unsigned long long)"
26937675,26940683,"k_layernorm(__half *, const __half *, const __half *, const __half *, int, int)"
26940715,26961868,"k_gemv_fp16(__half *, const __half *, const __half *, const __half *, int, int)"
26961933,26962765,"k_gelu(__half *, unsigned long long)"
26962797,26985550,"k_gemv_fp16(__half *, const __half *, const __half *, const __half *, int, int)"
26985614,26986382,"k_add(__half *, const __half *, unsigned long long)"
26986414,26989422,"k_layernorm(__half *, const __half *, const __half *, const __half *, int, int)"
26989454,27301252,"k_gemv_fp16(__half *, const __half *, const __half *, const __half *, int, int)"
27358408,27359369,"k_embed_one(__half *, const __half *, const __half *, int, int)"
27359401,27362281,"k_layernorm(__half *, const __half *, const __half *, const __half *, int, int)"
27362313,27378570,"k_gemv_fp16(__half *, const __half *, const __half *, const __half *, int, int)"
27378602,27379466,"k_kv_append(__half *, __half *, const __half *, int, int)"
27379562,27395307,"k_attn_decode_ordered4(__half *, const __half *, const __half *, const __half *, int, int)"
27395339,27402668,"k_gemv_fp16(__half *, const __half *, const __half *, const __half *, int, int)"
27402700,27403468,"k_add(__half *, const __half *, unsigned long long)"
27403500,27406508,"k_layernorm(__half *, const __half *, const __half *, const __half *, int, int)"
27406540,27427340,"k_gemv_fp16(__half *, const __half *, const __half *, const __half *, int, int)"
27427341,27428205,"k_gelu(__half *, unsigned long long)"
27428237,27451119,"k_gemv_fp16(__half *, const __half *, const __half *, const __half *, int, int)"
27451151,27451919,"k_add(__half *, const __half *, unsigned long long)"
27451983,27454959,"k_layernorm(__half *, const __half *, const __half *, const __half *, int, int)"
27454991,27471184,"k_gemv_fp16(__half *, const __half *, const __half *, const __half *, int, int)"
27471216,27472080,"k_kv_append(__half *, __half *, const __half *, int, int)"
27472112,27487538,"k_attn_decode_ordered4(__half *, const __half *, const __half *, const __half *, int, int)"
27488530,27495186,"k_gemv_fp16(__half *, const __half *, const __half *, const __half *, int, int)"
27495218,27495986,"k_add(__half *, const __half *, unsigned long long)"
27496050,27498962,"k_layernorm(__half *, const __half *, const __half *, const __half *, int, int)"
27498994,27519924,"k_gemv_fp16(__half *, const __half *, const __half *, const __half *, int, int)"
27519956,27520788,"k_gelu(__half *, unsigned long long)"
27520820,27543573,"k_gemv_fp16(__half *, const __half *, const __half *, const __half *, int, int)"
27543605,27544406,"k_add(__half *, const __half *, unsigned long long)"
27544438,27547382,"k_layernorm(__half *, const __half *, const __half *, const __half *, int, int)"
27547414,27563735,"k_gemv_fp16(__half *, const __half *, const __half *, const __half *, int, int)"
27563767,27564631,"k_kv_append(__half *, __half *, const __half *, int, int)"
27564663,27580248,"k_attn_decode_ordered4(__half *, const __half *, const __half *, const __half *, int, int)"
27580280,27587672,"k_gemv_fp16(__half *, const __half *, const __half *, const __half *, int, int)"
27587705,27588473,"k_add(__half *, const __half *, unsigned long long)"
27588537,27591385,"k_layernorm(__half *, const __half *, const __half *, const __half *, int, int)"
27591417,27612410,"k_gemv_fp16(__half *, const __half *, const __half *, const __half *, int, int)"
27612442,27613306,"k_gelu(__half *, unsigned long long)"
27614010,27636828,"k_gemv_fp16(__half *, const __half *, const __half *, const __half *, int, int)"
27636892,27637660,"k_add(__half *, const __half *, unsigned long long)"
27637692,27640572,"k_layernorm(__half *, const __half *, const __half *, const __half *, int, int)"
27640604,27656765,"k_gemv_fp16(__half *, const __half *, const __half *, const __half *, int, int)"
27656797,27657694,"k_kv_append(__half *, __half *, const __half *, int, int)"
27657726,27673247,"k_attn_decode_ordered4(__half *, const __half *, const __half *, const __half *, int, int)"
27673279,27680543,"k_gemv_fp16(__half *, const __half *, const __half *, const __half *, int, int)"
27680575,27681343,"k_add(__half *, const __half *, unsigned long long)"
27681375,27684286,"k_layernorm(__half *, const __half *, const __half *, const __half *, int, int)"
27684287,27705249,"k_gemv_fp16(__half *, const __half *, const __half *, const __half *, int, int)"
27705281,27706113,"k_gelu(__half *, unsigned long long)"
27706145,27728899,"k_gemv_fp16(__half *, const __half *, const __half *, const __half *, int, int)"
27728931,27729731,"k_add(__half *, const __half *, unsigned long long)"
27729763,27732643,"k_layernorm(__half *, const __half *, const __half *, const __half *, int, int)"
27732675,27748772,"k_gemv_fp16(__half *, const __half *, const __half *, const __half *, int, int)"
27748804,27749700,"k_kv_append(__half *, __half *, const __half *, int, int)"
27750404,27766277,"k_attn_decode_ordered4(__half *, const __half *, const __half *, const __half *, int, int)"
27766309,27773638,"k_gemv_fp16(__half *, const __half *, const __half *, const __half *, int, int)"
27773670,27774470,"k_add(__half *, const __half *, unsigned long long)"
27774502,27777382,"k_layernorm(__half *, const __half *, const __half *, const __half *, int, int)"
27777414,27798312,"k_gemv_fp16(__half *, const __half *, const __half *, const __half *, int, int)"
27798343,27799207,"k_gelu(__half *, unsigned long long)"
27799239,27822089,"k_gemv_fp16(__half *, const __half *, const __half *, const __half *, int, int)"
27822121,27822921,"k_add(__half *, const __half *, unsigned long long)"
27822953,27825833,"k_layernorm(__half *, const __half *, const __half *, const __half *, int, int)"
27825865,27841994,"k_gemv_fp16(__half *, const __half *, const __half *, const __half *, int, int)"
27842027,27842891,"k_kv_append(__half *, __half *, const __half *, int, int)"
27842954,27858540,"k_attn_decode_ordered4(__half *, const __half *, const __half *, const __half *, int, int)"
27858572,27865868,"k_gemv_fp16(__half *, const __half *, const __half *, const __half *, int, int)"
27865900,27866700,"k_add(__half *, const __half *, unsigned long long)"
27866732,27869613,"k_layernorm(__half *, const __half *, const __half *, const __half *, int, int)"
27869644,27890638,"k_gemv_fp16(__half *, const __half *, const __half *, const __half *, int, int)"
27891342,27892174,"k_gelu(__half *, unsigned long long)"
27892238,27915088,"k_gemv_fp16(__half *, const __half *, const __half *, const __half *, int, int)"
27915120,27915920,"k_add(__half *, const __half *, unsigned long long)"
27915952,27918832,"k_layernorm(__half *, const __half *, const __half *, const __half *, int, int)"
27918896,27935121,"k_gemv_fp16(__half *, const __half *, const __half *, const __half *, int, int)"
27935153,27936017,"k_kv_append(__half *, __half *, const __half *, int, int)"
27936081,27951698,"k_attn_decode_ordered4(__half *, const __half *, const __half *, const __half *, int, int)"
27951730,27959027,"k_gemv_fp16(__half *, const __half *, const __half *, const __half *, int, int)"
27959091,27959859,"k_add(__half *, const __half *, unsigned long long)"
27959891,27962835,"k_layernorm(__half *, const __half *, const __half *, const __half *, int, int)"
27962867,27983828,"k_gemv_fp16(__half *, const __half *, const __half *, const __half *, int, int)"
27983861,27984692,"k_gelu(__half *, unsigned long long)"
27984725,28007606,"k_gemv_fp16(__half *, const __half *, const __half *, const __half *, int, int)"
28007638,28008406,"k_add(__half *, const __half *, unsigned long long)"
28008470,28011318,"k_layernorm(__half *, const __half *, const __half *, const __half *, int, int)"
28011382,28027608,"k_gemv_fp16(__half *, const __half *, const __half *, const __half *, int, int)"
28028344,28029208,"k_kv_append(__half *, __half *, const __half *, int, int)"
28029240,28044953,"k_attn_decode_ordered4(__half *, const __half *, const __half *, const __half *, int, int)"
28044985,28052313,"k_gemv_fp16(__half *, const __half *, const __half *, const __half *, int, int)"
28052345,28053113,"k_add(__half *, const __half *, unsigned long long)"
28053145,28055994,"k_layernorm(__half *, const __half *, const __half *, const __half *, int, int)"
28056058,28077019,"k_gemv_fp16(__half *, const __half *, const __half *, const __half *, int, int)"
28077051,28077883,"k_gelu(__half *, unsigned long long)"
28077915,28100829,"k_gemv_fp16(__half *, const __half *, const __half *, const __half *, int, int)"
28100893,28101661,"k_add(__half *, const __half *, unsigned long long)"
28101693,28104605,"k_layernorm(__half *, const __half *, const __half *, const __half *, int, int)"
28104669,28120798,"k_gemv_fp16(__half *, const __half *, const __half *, const __half *, int, int)"
28120830,28121694,"k_kv_append(__half *, __half *, const __half *, int, int)"
28121726,28137439,"k_attn_decode_ordered4(__half *, const __half *, const __half *, const __half *, int, int)"
28137471,28144800,"k_gemv_fp16(__half *, const __half *, const __half *, const __half *, int, int)"
28144832,28145631,"k_add(__half *, const __half *, unsigned long long)"
28145632,28148608,"k_layernorm(__half *, const __half *, const __half *, const __half *, int, int)"
28149312,28170274,"k_gemv_fp16(__half *, const __half *, const __half *, const __half *, int, int)"
28170306,28171138,"k_gelu(__half *, unsigned long long)"
28171202,28193891,"k_gemv_fp16(__half *, const __half *, const __half *, const __half *, int, int)"
28193923,28194723,"k_add(__half *, const __half *, unsigned long long)"
28194755,28197635,"k_layernorm(__half *, const __half *, const __half *, const __half *, int, int)"
28197668,28213893,"k_gemv_fp16(__half *, const __half *, const __half *, const __half *, int, int)"
28213925,28214789,"k_kv_append(__half *, __half *, const __half *, int, int)"
28214853,28230438,"k_attn_decode_ordered4(__half *, const __half *, const __half *, const __half *, int, int)"
28230470,28237862,"k_gemv_fp16(__half *, const __half *, const __half *, const __half *, int, int)"
28237894,28238662,"k_add(__half *, const __half *, unsigned long long)"
28238694,28241575,"k_layernorm(__half *, const __half *, const __half *, const __half *, int, int)"
28241607,28262600,"k_gemv_fp16(__half *, const __half *, const __half *, const __half *, int, int)"
28262632,28263464,"k_gelu(__half *, unsigned long long)"
28263496,28286314,"k_gemv_fp16(__half *, const __half *, const __half *, const __half *, int, int)"
28286346,28287114,"k_add(__half *, const __half *, unsigned long long)"
28287178,28290026,"k_layernorm(__half *, const __half *, const __half *, const __half *, int, int)"
28290794,28307403,"k_gemv_fp16(__half *, const __half *, const __half *, const __half *, int, int)"
28307435,28308299,"k_kv_append(__half *, __half *, const __half *, int, int)"
28308331,28324236,"k_attn_decode_ordered4(__half *, const __half *, const __half *, const __half *, int, int)"
28324269,28331597,"k_gemv_fp16(__half *, const __half *, const __half *, const __half *, int, int)"
28331629,28332429,"k_add(__half *, const __half *, unsigned long long)"
28332461,28335341,"k_layernorm(__half *, const __half *, const __half *, const __half *, int, int)"
28335373,28356270,"k_gemv_fp16(__half *, const __half *, const __half *, const __half *, int, int)"
28356271,28357135,"k_gelu(__half *, unsigned long long)"
28357167,28380016,"k_gemv_fp16(__half *, const __half *, const __half *, const __half *, int, int)"
28380048,28380816,"k_add(__half *, const __half *, unsigned long long)"
28380881,28383729,"k_layernorm(__half *, const __half *, const __half *, const __half *, int, int)"
28383761,28399890,"k_gemv_fp16(__half *, const __half *, const __half *, const __half *, int, int)"
28399922,28400786,"k_kv_append(__half *, __half *, const __half *, int, int)"
28400850,28416691,"k_attn_decode_ordered4(__half *, const __half *, const __half *, const __half *, int, int)"
28416723,28424020,"k_gemv_fp16(__half *, const __half *, const __half *, const __half *, int, int)"
28424051,28424819,"k_add(__half *, const __half *, unsigned long long)"
28425748,28428628,"k_layernorm(__half *, const __half *, const __half *, const __half *, int, int)"
28428660,28449589,"k_gemv_fp16(__half *, const __half *, const __half *, const __half *, int, int)"
28449621,28450453,"k_gelu(__half *, unsigned long long)"
28450485,28473207,"k_gemv_fp16(__half *, const __half *, const __half *, const __half *, int, int)"
28473239,28474039,"k_add(__half *, const __half *, unsigned long long)"
28474071,28476951,"k_layernorm(__half *, const __half *, const __half *, const __half *, int, int)"
28476983,28789069,"k_gemv_fp16(__half *, const __half *, const __half *, const __half *, int, int)"
28908726,28909654,"k_embed_one(__half *, const __half *, const __half *, int, int)"
28909686,28912694,"k_layernorm(__half *, const __half *, const __half *, const __half *, int, int)"
28912726,28929143,"k_gemv_fp16(__half *, const __half *, const __half *, const __half *, int, int)"
28929175,28930039,"k_kv_append(__half *, __half *, const __half *, int, int)"
28930071,28945880,"k_attn_decode_ordered4(__half *, const __half *, const __half *, const __half *, int, int)"
28945912,28953305,"k_gemv_fp16(__half *, const __half *, const __half *, const __half *, int, int)"
28953337,28954137,"k_add(__half *, const __half *, unsigned long long)"
28954169,28957049,"k_layernorm(__half *, const __half *, const __half *, const __half *, int, int)"
28957081,28978106,"k_gemv_fp16(__half *, const __half *, const __half *, const __half *, int, int)"
28978139,28978971,"k_gelu(__half *, unsigned long long)"
28979003,29001948,"k_gemv_fp16(__half *, const __half *, const __half *, const __half *, int, int)"
29001980,29002748,"k_add(__half *, const __half *, unsigned long long)"
29002780,29005693,"k_layernorm(__half *, const __half *, const __half *, const __half *, int, int)"
29005724,29021854,"k_gemv_fp16(__half *, const __half *, const __half *, const __half *, int, int)"
29021886,29022750,"k_kv_append(__half *, __half *, const __half *, int, int)"
29022814,29038271,"k_attn_decode_ordered4(__half *, const __half *, const __half *, const __half *, int, int)"
29038975,29045599,"k_gemv_fp16(__half *, const __half *, const __half *, const __half *, int, int)"
29045631,29046399,"k_add(__half *, const __half *, unsigned long long)"
29046463,29049408,"k_layernorm(__half *, const __half *, const __half *, const __half *, int, int)"
29049471,29070401,"k_gemv_fp16(__half *, const __half *, const __half *, const __half *, int, int)"
29070433,29071265,"k_gelu(__half *, unsigned long long)"
29071329,29094115,"k_gemv_fp16(__half *, const __half *, const __half *, const __half *, int, int)"
29094147,29094915,"k_add(__half *, const __half *, unsigned long long)"
29094979,29097859,"k_layernorm(__half *, const __half *, const __half *, const __half *, int, int)"
29097891,29114244,"k_gemv_fp16(__half *, const __half *, const __half *, const __half *, int, int)"
29114308,29115140,"k_kv_append(__half *, __half *, const __half *, int, int)"
29115204,29130757,"k_attn_decode_ordered4(__half *, const __half *, const __half *, const __half *, int, int)"
29130789,29138310,"k_gemv_fp16(__half *, const __half *, const __half *, const __half *, int, int)"
29138342,29139110,"k_add(__half *, const __half *, unsigned long long)"
29139174,29142150,"k_layernorm(__half *, const __half *, const __half *, const __half *, int, int)"
29142182,29163207,"k_gemv_fp16(__half *, const __half *, const __half *, const __half *, int, int)"
29163240,29164104,"k_gelu(__half *, unsigned long long)"
29164776,29188233,"k_gemv_fp16(__half *, const __half *, const __half *, const __half *, int, int)"
29188265,29189065,"k_add(__half *, const __half *, unsigned long long)"
29189097,29191946,"k_layernorm(__half *, const __half *, const __half *, const __half *, int, int)"
29191978,29208235,"k_gemv_fp16(__half *, const __half *, const __half *, const __half *, int, int)"
29208299,29209163,"k_kv_append(__half *, __half *, const __half *, int, int)"
29209195,29224812,"k_attn_decode_ordered4(__half *, const __half *, const __half *, const __half *, int, int)"
29224844,29232108,"k_gemv_fp16(__half *, const __half *, const __half *, const __half *, int, int)"
29232172,29232940,"k_add(__half *, const __half *, unsigned long long)"
29232973,29235949,"k_layernorm(__half *, const __half *, const __half *, const __half *, int, int)"
29235981,29256942,"k_gemv_fp16(__half *, const __half *, const __half *, const __half *, int, int)"
29256974,29257838,"k_gelu(__half *, unsigned long long)"
29257870,29280624,"k_gemv_fp16(__half *, const __half *, const __half *, const __half *, int, int)"
29280656,29281456,"k_add(__half *, const __half *, unsigned long long)"
29281488,29284400,"k_layernorm(__half *, const __half *, const __half *, const __half *, int, int)"
29284432,29300593,"k_gemv_fp16(__half *, const __half *, const __half *, const __half *, int, int)"
29300625,29301489,"k_kv_append(__half *, __half *, const __half *, int, int)"
29302417,29318035,"k_attn_decode_ordered4(__half *, const __half *, const __half *, const __half *, int, int)"
29318066,29325459,"k_gemv_fp16(__half *, const __half *, const __half *, const __half *, int, int)"
29325491,29326259,"k_add(__half *, const __half *, unsigned long long)"
29326291,29329299,"k_layernorm(__half *, const __half *, const __half *, const __half *, int, int)"
29329331,29350293,"k_gemv_fp16(__half *, const __half *, const __half *, const __half *, int, int)"
29350325,29351157,"k_gelu(__half *, unsigned long long)"
29351189,29374070,"k_gemv_fp16(__half *, const __half *, const __half *, const __half *, int, int)"
29374103,29374870,"k_add(__half *, const __half *, unsigned long long)"
29374934,29377783,"k_layernorm(__half *, const __half *, const __half *, const __half *, int, int)"
29377815,29393976,"k_gemv_fp16(__half *, const __half *, const __half *, const __half *, int, int)"
29394008,29394872,"k_kv_append(__half *, __half *, const __half *, int, int)"
29394936,29410553,"k_attn_decode_ordered4(__half *, const __half *, const __half *, const __half *, int, int)"
29410585,29418042,"k_gemv_fp16(__half *, const __half *, const __half *, const __half *, int, int)"
29418073,29418841,"k_add(__half *, const __half *, unsigned long long)"
29418906,29421754,"k_layernorm(__half *, const __half *, const __half *, const __half *, int, int)"
29421786,29442811,"k_gemv_fp16(__half *, const __half *, const __half *, const __half *, int, int)"
29443579,29444411,"k_gelu(__half *, unsigned long long)"
29444475,29467389,"k_gemv_fp16(__half *, const __half *, const __half *, const __half *, int, int)"
29467421,29468189,"k_add(__half *, const __half *, unsigned long long)"
29468253,29471197,"k_layernorm(__half *, const __half *, const __half *, const __half *, int, int)"
29471261,29487358,"k_gemv_fp16(__half *, const __half *, const __half *, const __half *, int, int)"
29487390,29488254,"k_kv_append(__half *, __half *, const __half *, int, int)"
29488287,29503840,"k_attn_decode_ordered4(__half *, const __half *, const __half *, const __half *, int, int)"
29503871,29511264,"k_gemv_fp16(__half *, const __half *, const __half *, const __half *, int, int)"
29511296,29512064,"k_add(__half *, const __half *, unsigned long long)"
29512096,29514944,"k_layernorm(__half *, const __half *, const __half *, const __half *, int, int)"
29515008,29535842,"k_gemv_fp16(__half *, const __half *, const __half *, const __half *, int, int)"
29535906,29536738,"k_gelu(__half *, unsigned long long)"
29536770,29559683,"k_gemv_fp16(__half *, const __half *, const __half *, const __half *, int, int)"
29559748,29560516,"k_add(__half *, const __half *, unsigned long long)"
29560548,29563428,"k_layernorm(__half *, const __half *, const __half *, const __half *, int, int)"
29563492,29579653,"k_gemv_fp16(__half *, const __half *, const __half *, const __half *, int, int)"
29580485,29581349,"k_kv_append(__half *, __half *, const __half *, int, int)"
29581381,29597350,"k_attn_decode_ordered4(__half *, const __half *, const __half *, const __half *, int, int)"
29597382,29604711,"k_gemv_fp16(__half *, const __half *, const __half *, const __half *, int, int)"
29604775,29605543,"k_add(__half *, const __half *, unsigned long long)"
29605575,29608519,"k_layernorm(__half *, const __half *, const __half *, const __half *, int, int)"
29608551,29629416,"k_gemv_fp16(__half *, const __half *, const __half *, const __half *, int, int)"
29629481,29630312,"k_gelu(__half *, unsigned long long)"
29630345,29653322,"k_gemv_fp16(__half *, const __half *, const __half *, const __half *, int, int)"
29653386,29654154,"k_add(__half *, const __half *, unsigned long long)"
29654218,29657066,"k_layernorm(__half *, const __half *, const __half *, const __half *, int, int)"
29657098,29673483,"k_gemv_fp16(__half *, const __half *, const __half *, const __half *, int, int)"
29673484,29674380,"k_kv_append(__half *, __half *, const __half *, int, int)"
29674412,29690093,"k_attn_decode_ordered4(__half *, const __half *, const __half *, const __half *, int, int)"
29690125,29697453,"k_gemv_fp16(__half *, const __half *, const __half *, const __half *, int, int)"
29697485,29698253,"k_add(__half *, const __half *, unsigned long long)"
29698285,29701134,"k_layernorm(__half *, const __half *, const __half *, const __half *, int, int)"
29701838,29722799,"k_gemv_fp16(__half *, const __half *, const __half *, const __half *, int, int)"
29722831,29723663,"k_gelu(__half *, unsigned long long)"
29723695,29746449,"k_gemv_fp16(__half *, const __half *, const __half *, const __half *, int, int)"
29746481,29747281,"k_add(__half *, const __half *, unsigned long long)"
29747313,29750257,"k_layernorm(__half *, const __half *, const __half *, const __half *, int, int)"
29750289,29766418,"k_gemv_fp16(__half *, const __half *, const __half *, const __half *, int, int)"
29766450,29767314,"k_kv_append(__half *, __half *, const __half *, int, int)"
29767378,29782835,"k_attn_decode_ordered4(__half *, const __half *, const __half *, const __half *, int, int)"
29782867,29790196,"k_gemv_fp16(__half *, const __half *, const __half *, const __half *, int, int)"
29790228,29790996,"k_add(__half *, const __half *, unsigned long long)"
29791028,29793876,"k_layernorm(__half *, const __half *, const __half *, const __half *, int, int)"
29793908,29814870,"k_gemv_fp16(__half *, const __half *, const __half *, const __half *, int, int)"
29814934,29815765,"k_gelu(__half *, unsigned long long)"
29815798,29838647,"k_gemv_fp16(__half *, const __half *, const __half *, const __half *, int, int)"
29838679,29839479,"k_add(__half *, const __half *, unsigned long long)"
29839511,29842391,"k_layernorm(__half *, const __half *, const __half *, const __half *, int, int)"
29843095,29859929,"k_gemv_fp16(__half *, const __half *, const __half *, const __half *, int, int)"
29859961,29860825,"k_kv_append(__half *, __half *, const __half *, int, int)"
29860857,29876634,"k_attn_decode_ordered4(__half *, const __half *, const __half *, const __half *, int, int)"
29876666,29884026,"k_gemv_fp16(__half *, const __half *, const __half *, const __half *, int, int)"
29884058,29884826,"k_add(__half *, const __half *, unsigned long long)"
29884859,29887739,"k_layernorm(__half *, const __half *, const __half *, const __half *, int, int)"
29887803,29908700,"k_gemv_fp16(__half *, const __half *, const __half *, const __half *, int, int)"
29908732,29909596,"k_gelu(__half *, unsigned long long)"
29909628,29932446,"k_gemv_fp16(__half *, const __half *, const __half *, const __half *, int, int)"
29932478,29933278,"k_add(__half *, const __half *, unsigned long long)"
29933310,29936254,"k_layernorm(__half *, const __half *, const __half *, const __half *, int, int)"
29936318,29952447,"k_gemv_fp16(__half *, const __half *, const __half *, const __half *, int, int)"
29952479,29953343,"k_kv_append(__half *, __half *, const __half *, int, int)"
29953375,29969088,"k_attn_decode_ordered4(__half *, const __half *, const __half *, const __half *, int, int)"
29969120,29976417,"k_gemv_fp16(__half *, const __half *, const __half *, const __half *, int, int)"
29976449,29977249,"k_add(__half *, const __half *, unsigned long long)"
29977953,29980833,"k_layernorm(__half *, const __half *, const __half *, const __half *, int, int)"
29980865,30001763,"k_gemv_fp16(__half *, const __half *, const __half *, const __half *, int, int)"
30001827,30002627,"k_gelu(__half *, unsigned long long)"
30002691,30025412,"k_gemv_fp16(__half *, const __half *, const __half *, const __half *, int, int)"
30025476,30026244,"k_add(__half *, const __half *, unsigned long long)"
30026276,30029189,"k_layernorm(__half *, const __half *, const __half *, const __half *, int, int)"
30029221,30340923,"k_gemv_fp16(__half *, const __half *, const __half *, const __half *, int, int)"
30425568,30426529,"k_embed_one(__half *, const __half *, const __half *, int, int)"
30426592,30429441,"k_layernorm(__half *, const __half *, const __half *, const __half *, int, int)"
30429505,30445730,"k_gemv_fp16(__half *, const __half *, const __half *, const __half *, int, int)"
30445762,30446658,"k_kv_append(__half *, __half *, const __half *, int, int)"
30446690,30462147,"k_attn_decode_ordered4(__half *, const __half *, const __half *, const __half *, int, int)"
30462179,30469572,"k_gemv_fp16(__half *, const __half *, const __half *, const __half *, int, int)"
30469604,30470404,"k_add(__half *, const __half *, unsigned long long)"
30470436,30473380,"k_layernorm(__half *, const __half *, const __half *, const __half *, int, int)"
30473412,30494245,"k_gemv_fp16(__half *, const __half *, const __half *, const __half *, int, int)"
30494277,30495109,"k_gelu(__half *, unsigned long long)"
30495141,30517958,"k_gemv_fp16(__half *, const __half *, const __half *, const __half *, int, int)"
30517959,30518759,"k_add(__half *, const __half *, unsigned long long)"
30518791,30521671,"k_layernorm(__half *, const __half *, const __half *, const __half *, int, int)"
30521703,30537960,"k_gemv_fp16(__half *, const __half *, const __half *, const __half *, int, int)"
30537992,30538856,"k_kv_append(__half *, __half *, const __half *, int, int)"
30538920,30554601,"k_attn_decode_ordered4(__half *, const __half *, const __half *, const __half *, int, int)"
30555306,30561994,"k_gemv_fp16(__half *, const __half *, const __half *, const __half *, int, int)"
30562026,30562794,"k_add(__half *, const __half *, unsigned long long)"
30562858,30565738,"k_layernorm(__half *, const __half *, const __half *, const __half *, int, int)"
30565770,30586668,"k_gemv_fp16(__half *, const __half *, const __half *, const __half *, int, int)"
30586732,30587564,"k_gelu(__half *, unsigned long long)"
30587596,30610446,"k_gemv_fp16(__half *, const __half *, const __half *, const __half *, int, int)"
30610509,30611277,"k_add(__half *, const __half *, unsigned long long)"
30611310,30614254,"k_layernorm(__half *, const __half *, const __half *, const __half *, int, int)"
30614286,30630511,"k_gemv_fp16(__half *, const __half *, const __half *, const __half *, int, int)"
30630543,30631407,"k_kv_append(__half *, __half *, const __half *, int, int)"
30631439,30646864,"k_attn_decode_ordered4(__half *, const __half *, const __half *, const __half *, int, int)"
30646896,30654385,"k_gemv_fp16(__half *, const __half *, const __half *, const __half *, int, int)"
30654417,30655185,"k_add(__half *, const __half *, unsigned long long)"
30655249,30658097,"k_layernorm(__half *, const __half *, const __half *, const __half *, int, int)"
30658129,30679186,"k_gemv_fp16(__half *, const __half *, const __half *, const __half *, int, int)"
30679218,30680082,"k_gelu(__half *, unsigned long long)"
30680850,30703636,"k_gemv_fp16(__half *, const __half *, const __half *, const __half *, int, int)"
30703668,30704468,"k_add(__half *, const __half *, unsigned long long)"
30704500,30707508,"k_layernorm(__half *, const __half *, const __half *, const __half *, int, int)"
30707540,30723862,"k_gemv_fp16(__half *, const __half *, const __half *, const __half *, int, int)"
30723893,30724790,"k_kv_append(__half *, __half *, const __half *, int, int)"
30724822,30740343,"k_attn_decode_ordered4(__half *, const __half *, const __half *, const __half *, int, int)"
30740375,30747639,"k_gemv_fp16(__half *, const __half *, const __half *, const __half *, int, int)"
30747671,30748471,"k_add(__half *, const __half *, unsigned long long)"
30748503,30751383,"k_layernorm(__half *, const __half *, const __half *, const __half *, int, int)"
30751416,30772377,"k_gemv_fp16(__half *, const __half *, const __half *, const __half *, int, int)"
30772409,30773241,"k_gelu(__half *, unsigned long long)"
30773273,30796058,"k_gemv_fp16(__half *, const __half *, const __half *, const __half *, int, int)"
30796091,30796891,"k_add(__half *, const __half *, unsigned long long)"
30796923,30799931,"k_layernorm(__half *, const __half *, const __half *, const __half *, int, int)"
30799963,30816220,"k_gemv_fp16(__half *, const __half *, const __half *, const __half *, int, int)"
30816252,30817116,"k_kv_append(__half *, __half *, const __half *, int, int)"
30817820,30833373,"k_attn_decode_ordered4(__half *, const __half *, const __half *, const __half *, int, int)"
30833405,30840670,"k_gemv_fp16(__half *, const __half *, const __half *, const __half *, int, int)"
30840702,30841470,"k_add(__half *, const __half *, unsigned long long)"
30841534,30844510,"k_layernorm(__half *, const __half *, const __half *, const __half *, int, int)"
30844542,30865472,"k_gemv_fp16(__half *, const __half *, const __half *, const __half *, int, int)"
30865503,30866336,"k_gelu(__half *, unsigned long long)"
30866399,30889313,"k_gemv_fp16(__half *, const __half *, const __half *, const __half *, int, int)"
30889345,30890145,"k_add(__half *, const __half *, unsigned long long)"
30890177,30893057,"k_layernorm(__half *, const __half *, const __half *, const __half *, int, int)"
30893089,30909090,"k_gemv_fp16(__half *, const __half *, const __half *, const __half *, int, int)"
30909123,30909987,"k_kv_append(__half *, __half *, const __half *, int, int)"
30910051,30925827,"k_attn_decode_ordered4(__half *, const __half *, const __half *, const __half *, int, int)"
30925828,30933188,"k_gemv_fp16(__half *, const __half *, const __half *, const __half *, int, int)"
30933220,30933988,"k_add(__half *, const __half *, unsigned long long)"
30934052,30936965,"k_layernorm(__half *, const __half *, const __half *, const __half *, int, int)"
30936996,30957862,"k_gemv_fp16(__half *, const __half *, const __half *, const __half *, int, int)"
30958758,30959590,"k_gelu(__half *, unsigned long long)"
30959654,30982408,"k_gemv_fp16(__half *, const __half *, const __half *, const __half *, int, int)"
30982472,30983240,"k_add(__half *, const __half *, unsigned long long)"
30983272,30986184,"k_layernorm(__half *, const __half *, const __half *, const __half *, int, int)"
30986216,31002601,"k_gemv_fp16(__half *, const __half *, const __half *, const __half *, int, int)"
31002633,31003497,"k_kv_append(__half *, __half *, const __half *, int, int)"
31003529,31019306,"k_attn_decode_ordered4(__half *, const __half *, const __half *, const __half *, int, int)"
31019338,31026699,"k_gemv_fp16(__half *, const __half *, const __half *, const __half *, int, int)"
31026731,31027499,"k_add(__half *, const __half *, unsigned long long)"
31027563,31030411,"k_layernorm(__half *, const __half *, const __half *, const __half *, int, int)"
31030475,31051340,"k_gemv_fp16(__half *, const __half *, const __half *, const __half *, int, int)"
31051373,31052205,"k_gelu(__half *, unsigned long long)"
31052237,31075022,"k_gemv_fp16(__half *, const __half *, const __half *, const __half *, int, int)"
31075054,31075854,"k_add(__half *, const __half *, unsigned long long)"
31075886,31078767,"k_layernorm(__half *, const __half *, const __half *, const __half *, int, int)"
31078798,31095056,"k_gemv_fp16(__half *, const __half *, const __half *, const __half *, int, int)"
31095760,31096656,"k_kv_append(__half *, __half *, const __half *, int, int)"
31096688,31112305,"k_attn_decode_ordered4(__half *, const __half *, const __half *, const __half *, int, int)"
31112337,31119697,"k_gemv_fp16(__half *, const __half *, const __half *, const __half *, int, int)"
31119730,31120497,"k_add(__half *, const __half *, unsigned long long)"
31120529,31123442,"k_layernorm(__half *, const __half *, const __half *, const __half *, int, int)"
31123474,31144371,"k_gemv_fp16(__half *, const __half *, const __half *, const __half *, int, int)"
31144403,31145235,"k_gelu(__half *, unsigned long long)"
31145299,31168341,"k_gemv_fp16(__half *, const __half *, const __half *, const __half *, int, int)"
31168373,31169173,"k_add(__half *, const __half *, unsigned long long)"
31169205,31172085,"k_layernorm(__half *, const __half *, const __half *, const __half *, int, int)"
31172149,31188502,"k_gemv_fp16(__half *, const __half *, const __half *, const __half *, int, int)"
31188534,31189430,"k_kv_append(__half *, __half *, const __half *, int, int)"
31189462,31205112,"k_attn_decode_ordered4(__half *, const __half *, const __half *, const __half *, int, int)"
31205143,31212472,"k_gemv_fp16(__half *, const __half *, const __half *, const __half *, int, int)"
31212504,31213272,"k_add(__half *, const __half *, unsigned long long)"
31213304,31216184,"k_layernorm(__half *, const __half *, const __half *, const __half *, int, int)"
31217112,31238042,"k_gemv_fp16(__half *, const __half *, const __half *, const __half *, int, int)"
31238074,31238906,"k_gelu(__half *, unsigned long long)"
31238970,31261691,"k_gemv_fp16(__half *, const __half *, const __half *, const __half *, int, int)"
31261723,31262492,"k_add(__half *, const __half *, unsigned long long)"
31262523,31265404,"k_layernorm(__half *, const __half *, const __half *, const __half *, int, int)"
31265436,31281661,"k_gemv_fp16(__half *, const __half *, const __half *, const __half *, int, int)"
31281725,31282589,"k_kv_append(__half *, __half *, const __half *, int, int)"
31282621,31298302,"k_attn_decode_ordered4(__half *, const __half *, const __half *, const __half *, int, int)"
31298334,31305694,"k_gemv_fp16(__half *, const __half *, const __half *, const __half *, int, int)"
31305727,31306495,"k_add(__half *, const __half *, unsigned long long)"
31306526,31309407,"k_layernorm(__half *, const __half *, const __half *, const __half *, int, int)"
31309439,31330336,"k_gemv_fp16(__half *, const __half *, const __half *, const __half *, int, int)"
31330368,31331200,"k_gelu(__half *, unsigned long long)"
31331264,31354018,"k_gemv_fp16(__half *, const __half *, const __half *, const __half *, int, int)"
31354050,31354849,"k_add(__half *, const __half *, unsigned long long)"
31354850,31357794,"k_layernorm(__half *, const __half *, const __half *, const __half *, int, int)"
31358498,31375331,"k_gemv_fp16(__half *, const __half *, const __half *, const __half *, int, int)"
31375395,31376259,"k_kv_append(__half *, __half *, const __half *, int, int)"
31376291,31391909,"k_attn_decode_ordered4(__half *, const __half *, const __half *, const __half *, int, int)"
31391941,31399269,"k_gemv_fp16(__half *, const __half *, const __half *, const __half *, int, int)"
31399301,31400101,"k_add(__half *, const __half *, unsigned long long)"
31400133,31403077,"k_layernorm(__half *, const __half *, const __half *, const __half *, int, int)"
31403109,31424007,"k_gemv_fp16(__half *, const __half *, const __half *, const __half *, int, int)"
31424039,31424871,"k_gelu(__half *, unsigned long long)"
31424903,31447785,"k_gemv_fp16(__half *, const __half *, const __half *, const __half *, int, int)"
31447816,31448616,"k_add(__half *, const __half *, unsigned long long)"
31448649,31451529,"k_layernorm(__half *, const __half *, const __half *, const __half *, int, int)"
31451561,31467626,"k_gemv_fp16(__half *, const __half *, const __half *, const __half *, int, int)"
31467658,31468522,"k_kv_append(__half *, __half *, const __half *, int, int)"
31468554,31484363,"k_attn_decode_ordered4(__half *, const __half *, const __half *, const __half *, int, int)"
31484395,31491692,"k_gemv_fp16(__half *, const __half *, const __half *, const __half *, int, int)"
31491724,31492492,"k_add(__half *, const __half *, unsigned long long)"
31493228,31496108,"k_layernorm(__half *, const __half *, const __half *, const __half *, int, int)"
31496140,31517069,"k_gemv_fp16(__half *, const __half *, const __half *, const __half *, int, int)"
31517101,31517933,"k_gelu(__half *, unsigned long long)"
31517997,31540751,"k_gemv_fp16(__half *, const __half *, const __half *, const __half *, int, int)"
31540783,31541551,"k_add(__half *, const __half *, unsigned long long)"
31541615,31544559,"k_layernorm(__half *, const __half *, const __half *, const __half *, int, int)"
31544623,31856229,"k_gemv_fp16(__half *, const __half *, const __half *, const __half *, int, int)"
31916169,31917130,"k_embed_one(__half *, const __half *, const __half *, int, int)"
31917162,31920138,"k_layernorm(__half *, const __half *, const __half *, const __half *, int, int)"
31920170,31936587,"k_gemv_fp16(__half *, const __half *, const __half *, const __half *, int, int)"
31936651,31937739,"k_kv_append(__half *, __half *, const __half *, int, int)"
31937771,31953419,"k_attn_decode_ordered4(__half *, const __half *, const __half *, const __half *, int, int)"
31953420,31960749,"k_gemv_fp16(__half *, const __half *, const __half *, const __half *, int, int)"
31960781,31961549,"k_add(__half *, const __half *, unsigned long long)"
31961581,31964461,"k_layernorm(__half *, const __half *, const __half *, const __half *, int, int)"
31964493,31985422,"k_gemv_fp16(__half *, const __half *, const __half *, const __half *, int, int)"
31985454,31986286,"k_gelu(__half *, unsigned long long)"
31986350,32009200,"k_gemv_fp16(__half *, const __half *, const __half *, const __half *, int, int)"
32009264,32010032,"k_add(__half *, const __half *, unsigned long long)"
32010064,32012944,"k_layernorm(__half *, const __half *, const __half *, const __half *, int, int)"
32012976,32029234,"k_gemv_fp16(__half *, const __half *, const __half *, const __half *, int, int)"
32029265,32030129,"k_kv_append(__half *, __half *, const __half *, int, int)"
32030161,32045779,"k_attn_decode_ordered4(__half *, const __half *, const __half *, const __half *, int, int)"
32046483,32053107,"k_gemv_fp16(__half *, const __half *, const __half *, const __half *, int, int)"
32053139,32053907,"k_add(__half *, const __half *, unsigned long long)"
32053971,32056851,"k_layernorm(__half *, const __half *, const __half *, const __half *, int, int)"
32056884,32077813,"k_gemv_fp16(__half *, const __half *, const __half *, const __half *, int, int)"
32077845,32078677,"k_gelu(__half *, unsigned long long)"
32078741,32101591,"k_gemv_fp16(__half *, const __half *, const __half *, const __half *, int, int)"
32101622,32102423,"k_add(__half *, const __half *, unsigned long long)"
32102455,32105303,"k_layernorm(__half *, const __half *, const __half *, const __half *, int, int)"
32105367,32121592,"k_gemv_fp16(__half *, const __half *, const __half *, const __half *, int, int)"
32121656,32122520,"k_kv_append(__half *, __half *, const __half *, int, int)"
32122552,32138393,"k_attn_decode_ordered4(__half *, const __half *, const __half *, const __half *, int, int)"
32138425,32145850,"k_gemv_fp16(__half *, const __half *, const __half *, const __half *, int, int)"
32145882,32146650,"k_add(__half *, const __half *, unsigned long long)"
32146714,32149562,"k_layernorm(__half *, const __half *, const __half *, const __half *, int, int)"
32149594,32170587,"k_gemv_fp16(__half *, const __half *, const __half *, const __half *, int, int)"
32170619,32171484,"k_gelu(__half *, unsigned long long)"
32172219,32195069,"k_gemv_fp16(__half *, const __half *, const __half *, const __half *, int, int)"
32195133,32195901,"k_add(__half *, const __half *, unsigned long long)"
32195933,32198813,"k_layernorm(__half *, const __half *, const __half *, const __half *, int, int)"
32198845,32215295,"k_gemv_fp16(__half *, const __half *, const __half *, const __half *, int, int)"
32215327,32216191,"k_kv_append(__half *, __half *, const __half *, int, int)"
32216255,32231680,"k_attn_decode_ordered4(__half *, const __half *, const __half *, const __half *, int, int)"
32231744,32239008,"k_gemv_fp16(__half *, const __half *, const __half *, const __half *, int, int)"
32239040,32239839,"k_add(__half *, const __half *, unsigned long long)"
32239840,32242849,"k_layernorm(__half *, const __half *, const __half *, const __half *, int, int)"
32242881,32263842,"k_gemv_fp16(__half *, const __half *, const __half *, const __half *, int, int)"
32263874,32264706,"k_gelu(__half *, unsigned long long)"
32264738,32287555,"k_gemv_fp16(__half *, const __half *, const __half *, const __half *, int, int)"
32287556,32288356,"k_add(__half *, const __half *, unsigned long long)"
32288388,32291300,"k_layernorm(__half *, const __half *, const __half *, const __half *, int, int)"
32291332,32307557,"k_gemv_fp16(__half *, const __half *, const __half *, const __half *, int, int)"
32307589,32308453,"k_kv_append(__half *, __half *, const __half *, int, int)"
32309189,32324901,"k_attn_decode_ordered4(__half *, const __half *, const __half *, const __half *, int, int)"
32324902,32332231,"k_gemv_fp16(__half *, const __half *, const __half *, const __half *, int, int)"
32332263,32333063,"k_add(__half *, const __half *, unsigned long long)"
32333095,32335975,"k_layernorm(__half *, const __half *, const __half *, const __half *, int, int)"
32336007,32357033,"k_gemv_fp16(__half *, const __half *, const __half *, const __half *, int, int)"
32357064,32357897,"k_gelu(__half *, unsigned long long)"
32357929,32380874,"k_gemv_fp16(__half *, const __half *, const __half *, const __half *, int, int)"
32380906,32381674,"k_add(__half *, const __half *, unsigned long long)"
32381738,32384587,"k_layernorm(__half *, const __half *, const __half *, const __half *, int, int)"
32384618,32400940,"k_gemv_fp16(__half *, const __half *, const __half *, const __half *, int, int)"
32400972,32401836,"k_kv_append(__half *, __half *, const __half *, int, int)"
32401868,32417549,"k_attn_decode_ordered4(__half *, const __half *, const __half *, const __half *, int, int)"
32417581,32424973,"k_gemv_fp16(__half *, const __half *, const __half *, const __half *, int, int)"
32425005,32425773,"k_add(__half *, const __half *, unsigned long long)"
32425805,32428686,"k_layernorm(__half *, const __half *, const __half *, const __half *, int, int)"
32428717,32449679,"k_gemv_fp16(__half *, const __half *, const __half *, const __half *, int, int)"
32450383,32451215,"k_gelu(__half *, unsigned long long)"
32451279,32473969,"k_gemv_fp16(__half *, const __half *, const __half *, const __half *, int, int)"
32474001,32474801,"k_add(__half *, const __half *, unsigned long long)"
32474833,32477809,"k_layernorm(__half *, const __half *, const __half *, const __half *, int, int)"
32477841,32494034,"k_gemv_fp16(__half *, const __half *, const __half *, const __half *, int, int)"
32494066,32494930,"k_kv_append(__half *, __half *, const __half *, int, int)"
32494994,32510675,"k_attn_decode_ordered4(__half *, const __half *, const __half *, const __half *, int, int)"
32510739,32517940,"k_gemv_fp16(__half *, const __half *, const __half *, const __half *, int, int)"
32517972,32518740,"k_add(__half *, const __half *, unsigned long long)"
32518804,32521620,"k_layernorm(__half *, const __half *, const __half *, const __half *, int, int)"
32521684,32542582,"k_gemv_fp16(__half *, const __half *, const __half *, const __half *, int, int)"
32542614,32543446,"k_gelu(__half *, unsigned long long)"
32543478,32566231,"k_gemv_fp16(__half *, const __half *, const __half *, const __half *, int, int)"
32566295,32567063,"k_add(__half *, const __half *, unsigned long long)"
32567095,32569976,"k_layernorm(__half *, const __half *, const __half *, const __half *, int, int)"
32570040,32586265,"k_gemv_fp16(__half *, const __half *, const __half *, const __half *, int, int)"
32587065,32587929,"k_kv_append(__half *, __half *, const __half *, int, int)"
32587961,32604186,"k_attn_decode_ordered4(__half *, const __half *, const __half *, const __half *, int, int)"
32604218,32611578,"k_gemv_fp16(__half *, const __half *, const __half *, const __half *, int, int)"
32611611,32612411,"k_add(__half *, const __half *, unsigned long long)"
32612442,32615419,"k_layernorm(__half *, const __half *, const __half *, const __half *, int, int)"
32615451,32636316,"k_gemv_fp16(__half *, const __half *, const __half *, const __half *, int, int)"
32636380,32637180,"k_gelu(__half *, unsigned long long)"
32637244,32660318,"k_gemv_fp16(__half *, const __half *, const __half *, const __half *, int, int)"
32660350,32661150,"k_add(__half *, const __half *, unsigned long long)"
32661182,32664062,"k_layernorm(__half *, const __half *, const __half *, const __half *, int, int)"
32664126,32680415,"k_gemv_fp16(__half *, const __half *, const __half *, const __half *, int, int)"
32680447,32681343,"k_kv_append(__half *, __half *, const __half *, int, int)"
32681375,32696768,"k_attn_decode_ordered4(__half *, const __half *, const __half *, const __half *, int, int)"
32696800,32704161,"k_gemv_fp16(__half *, const __half *, const __half *, const __half *, int, int)"
32704225,32704993,"k_add(__half *, const __half *, unsigned long long)"
32705025,32707873,"k_layernorm(__half *, const __half *, const __half *, const __half *, int, int)"
32708545,32729603,"k_gemv_fp16(__half *, const __half *, const __half *, const __half *, int, int)"
32729635,32730467,"k_gelu(__half *, unsigned long long)"
32730499,32753252,"k_gemv_fp16(__half *, const __half *, const __half *, const __half *, int, int)"
32753284,32754053,"k_add(__half *, const __half *, unsigned long long)"
32754117,32757093,"k_layernorm(__half *, const __half *, const __half *, const __half *, int, int)"
32757125,32773446,"k_gemv_fp16(__half *, const __half *, const __half *, const __half *, int, int)"
32773478,32774342,"k_kv_append(__half *, __half *, const __half *, int, int)"
32774406,32790503,"k_attn_decode_ordered4(__half *, const __half *, const __half *, const __half *, int, int)"
32790535,32797928,"k_gemv_fp16(__half *, const __half *, const __half *, const __half *, int, int)"
32797960,32798759,"k_add(__half *, const __half *, unsigned long long)"
32798760,32801672,"k_layernorm(__half *, const __half *, const __half *, const __half *, int, int)"
32801704,32822793,"k_gemv_fp16(__half *, const __half *, const __half *, const __half *, int, int)"
32822825,32823657,"k_gelu(__half *, unsigned long long)"
32823689,32846475,"k_gemv_fp16(__half *, const __half *, const __half *, const __half *, int, int)"
32846507,32847307,"k_add(__half *, const __half *, unsigned long long)"
32847339,32850187,"k_layernorm(__half *, const __half *, const __half *, const __half *, int, int)"
32850955,32867597,"k_gemv_fp16(__half *, const __half *, const __half *, const __half *, int, int)"
32867629,32868493,"k_kv_append(__half *, __half *, const __half *, int, int)"
32868557,32884078,"k_attn_decode_ordered4(__half *, const __half *, const __half *, const __half *, int, int)"
32884110,32891598,"k_gemv_fp16(__half *, const __half *, const __half *, const __half *, int, int)"
32891630,32892398,"k_add(__half *, const __half *, unsigned long long)"
32892430,32895310,"k_layernorm(__half *, const __half *, const __half *, const __half *, int, int)"
32895374,32916208,"k_gemv_fp16(__half *, const __half *, const __half *, const __half *, int, int)"
32916240,32917072,"k_gelu(__half *, unsigned long long)"
32917104,32940274,"k_gemv_fp16(__half *, const __half *, const __half *, const __half *, int, int)"
32940306,32941106,"k_add(__half *, const __half *, unsigned long long)"
32941138,32943986,"k_layernorm(__half *, const __half *, const __half *, const __half *, int, int)"
32944050,32960115,"k_gemv_fp16(__half *, const __half *, const __half *, const __half *, int, int)"
32960179,32961011,"k_kv_append(__half *, __half *, const __half *, int, int)"
32961075,32976788,"k_attn_decode_ordered4(__half *, const __half *, const __half *, const __half *, int, int)"
32976820,32984149,"k_gemv_fp16(__half *, const __half *, const __half *, const __half *, int, int)"
32984181,32984949,"k_add(__half *, const __half *, unsigned long long)"
32985845,32988789,"k_layernorm(__half *, const __half *, const __half *, const __half *, int, int)"
32988853,33009783,"k_gemv_fp16(__half *, const __half *, const __half *, const __half *, int, int)"
33009814,33010647,"k_gelu(__half *, unsigned long long)"
33010678,33033400,"k_gemv_fp16(__half *, const __half *, const __half *, const __half *, int, int)"
33033432,33034232,"k_add(__half *, const __half *, unsigned long long)"
33034264,33037208,"k_layernorm(__half *, const __half *, const __half *, const __half *, int, int)"
33037272,33349231,"k_gemv_fp16(__half *, const __half *, const __half *, const __half *, int, int)"
33404978,33405938,"k_embed_one(__half *, const __half *, const __half *, int, int)"
33405970,33408979,"k_layernorm(__half *, const __half *, const __half *, const __half *, int, int)"
33409011,33425428,"k_gemv_fp16(__half *, const __half *, const __half *, const __half *, int, int)"
33425460,33426324,"k_kv_append(__half *, __half *, const __half *, int, int)"
33426356,33442197,"k_attn_decode_ordered4(__half *, const __half *, const __half *, const __half *, int, int)"
33442229,33449494,"k_gemv_fp16(__half *, const __half *, const __half *, const __half *, int, int)"
33449525,33450326,"k_add(__half *, const __half *, unsigned long long)"
33450358,33453270,"k_layernorm(__half *, const __half *, const __half *, const __half *, int, int)"
33453302,33474423,"k_gemv_fp16(__half *, const __half *, const __half *, const __half *, int, int)"
33474455,33475287,"k_gelu(__half *, unsigned long long)"
33475319,33498169,"k_gemv_fp16(__half *, const __half *, const __half *, const __half *, int, int)"
33498201,33499000,"k_add(__half *, const __half *, unsigned long long)"
33499001,33501881,"k_layernorm(__half *, const __half *, const __half *, const __half *, int, int)"
33501945,33518106,"k_gemv_fp16(__half *, const __half *, const __half *, const __half *, int, int)"
33518138,33519002,"k_kv_append(__half *, __half *, const __half *, int, int)"
33519066,33534524,"k_attn_decode_ordered4(__half *, const __half *, const __half *, const __half *, int, int)"
33535228,33541852,"k_gemv_fp16(__half *, const __half *, const __half *, const __half *, int, int)"
33541884,33542684,"k_add(__half *, const __half *, unsigned long long)"
33542716,33545596,"k_layernorm(__half *, const __half *, const __half *, const __half *, int, int)"
33545660,33566590,"k_gemv_fp16(__half *, const __half *, const __half *, const __half *, int, int)"
33566622,33567422,"k_gelu(__half *, unsigned long long)"
33567486,33590239,"k_gemv_fp16(__half *, const __half *, const __half *, const __half *, int, int)"
33590271,33591040,"k_add(__half *, const __half *, unsigned long long)"
33591071,33593952,"k_layernorm(__half *, const __half *, const __half *, const __half *, int, int)"
33593984,33610177,"k_gemv_fp16(__half *, const __half *, const __half *, const __half *, int, int)"
33610209,33611073,"k_kv_append(__half *, __half *, const __half *, int, int)"
33611137,33626626,"k_attn_decode_ordered4(__half *, const __half *, const __half *, const __half *, int, int)"
33626658,33634018,"k_gemv_fp16(__half *, const __half *, const __half *, const __half *, int, int)"
33634050,33634818,"k_add(__half *, const __half *, unsigned long long)"
33634883,33637731,"k_layernorm(__half *, const __half *, const __half *, const __half *, int, int)"
33637795,33658756,"k_gemv_fp16(__half *, const __half *, const __half *, const __half *, int, int)"
33658820,33659652,"k_gelu(__half *, unsigned long long)"
33660452,33683366,"k_gemv_fp16(__half *, const __half *, const __half *, const __half *, int, int)"
33683398,33684166,"k_add(__half *, const __half *, unsigned long long)"
33684198,33687078,"k_layernorm(__half *, const __half *, const __half *, const __half *, int, int)"
33687110,33703367,"k_gemv_fp16(__half *, const __half *, const __half *, const __half *, int, int)"
33703399,33704295,"k_kv_append(__half *, __half *, const __half *, int, int)"
33704328,33719944,"k_attn_decode_ordered4(__half *, const __half *, const __half *, const __half *, int, int)"
33719977,33727241,"k_gemv_fp16(__half *, const __half *, const __half *, const __half *, int, int)"
33727273,33728073,"k_add(__half *, const __half *, unsigned long long)"
33728105,33730985,"k_layernorm(__half *, const __half *, const __half *, const __half *, int, int)"
33731017,33752075,"k_gemv_fp16(__half *, const __half *, const __half *, const __half *, int, int)"
33752107,33752939,"k_gelu(__half *, unsigned long long)"
33753003,33775852,"k_gemv_fp16(__half *, const __half *, const __half *, const __half *, int, int)"
33775885,33776653,"k_add(__half *, const __half *, unsigned long long)"
33776685,33779597,"k_layernorm(__half *, const __half *, const __half *, const __half *, int, int)"
33779629,33795726,"k_gemv_fp16(__half *, const __half *, const __half *, const __half *, int, int)"
33795790,33796654,"k_kv_append(__half *, __half *, const __half *, int, int)"
33797358,33813006,"k_attn_decode_ordered4(__half *, const __half *, const __half *, const __half *, int, int)"
33813007,33820336,"k_gemv_fp16(__half *, const __half *, const __half *, const __half *, int, int)"
33820367,33821136,"k_add(__half *, const __half *, unsigned long long)"
33821200,33824112,"k_layernorm(__half *, const __half *, const __half *, const __half *, int, int)"
33824144,33845169,"k_gemv_fp16(__half *, const __half *, const __half *, const __half *, int, int)"
33845201,33846033,"k_gelu(__half *, unsigned long long)"
33846066,33868883,"k_gemv_fp16(__half *, const __half *, const __half *, const __half *, int, int)"
33868915,33869683,"k_add(__half *, const __half *, unsigned long long)"
33869747,33872627,"k_layernorm(__half *, const __half *, const __half *, const __half *, int, int)"
33872659,33888852,"k_gemv_fp16(__half *, const __half *, const __half *, const __half *, int, int)"
33888884,33889781,"k_kv_append(__half *, __half *, const __half *, int, int)"
33889813,33905430,"k_attn_decode_ordered4(__half *, const __half *, const __half *, const __half *, int, int)"
33905462,33912790,"k_gemv_fp16(__half *, const __half *, const __half *, const __half *, int, int)"
33912822,33913590,"k_add(__half *, const __half *, unsigned long long)"
33913654,33916566,"k_layernorm(__half *, const __half *, const __half *, const __half *, int, int)"
33916598,33937528,"k_gemv_fp16(__half *, const __half *, const __half *, const __half *, int, int)"
33938200,33939032,"k_gelu(__half *, unsigned long long)"
33939064,33961850,"k_gemv_fp16(__half *, const __half *, const __half *, const __half *, int, int)"
33961913,33962682,"k_add(__half *, const __half *, unsigned long long)"
33962714,33965594,"k_layernorm(__half *, const __half *, const __half *, const __half *, int, int)"
33965658,33981627,"k_gemv_fp16(__half *, const __half *, const __half *, const __half *, int, int)"
33981659,33982523,"k_kv_append(__half *, __half *, const __half *, int, int)"
33982555,33998428,"k_attn_decode_ordered4(__half *, const __half *, const __half *, const __half *, int, int)"
33998460,34005821,"k_gemv_fp16(__half *, const __half *, const __half *, const __half *, int, int)"
34005853,34006621,"k_add(__half *, const __half *, unsigned long long)"
34006685,34009597,"k_layernorm(__half *, const __half *, const __half *, const __half *, int, int)"
34009629,34030622,"k_gemv_fp16(__half *, const __half *, const __half *, const __half *, int, int)"
34030655,34031486,"k_gelu(__half *, unsigned long long)"
34031519,34054272,"k_gemv_fp16(__half *, const __half *, const __half *, const __half *, int, int)"
34054336,34055104,"k_add(__half *, const __half *, unsigned long long)"
34055136,34058016,"k_layernorm(__half *, const __half *, const __half *, const __half *, int, int)"
34058048,34074210,"k_gemv_fp16(__half *, const __half *, const __half *, const __half *, int, int)"
34074978,34075842,"k_kv_append(__half *, __half *, const __half *, int, int)"
34075874,34091395,"k_attn_decode_ordered4(__half *, const __half *, const __half *, const __half *, int, int)"
34091427,34098787,"k_gemv_fp16(__half *, const __half *, const __half *, const __half *, int, int)"
34098851,34099619,"k_add(__half *, const __half *, unsigned long long)"
34099651,34102499,"k_layernorm(__half *, const __half *, const __half *, const __half *, int, int)"
34102564,34123429,"k_gemv_fp16(__half *, const __half *, const __half *, const __half *, int, int)"
34123461,34124325,"k_gelu(__half *, unsigned long long)"
34124357,34147207,"k_gemv_fp16(__half *, const __half *, const __half *, const __half *, int, int)"
34147239,34148039,"k_add(__half *, const __half *, unsigned long long)"
34148071,34150919,"k_layernorm(__half *, const __half *, const __half *, const __half *, int, int)"
34150983,34167144,"k_gemv_fp16(__half *, const __half *, const __half *, const __half *, int, int)"
34167176,34168040,"k_kv_append(__half *, __half *, const __half *, int, int)"
34168104,34183593,"k_attn_decode_ordered4(__half *, const __half *, const __half *, const __half *, int, int)"
34183625,34190922,"k_gemv_fp16(__half *, const __half *, const __half *, const __half *, int, int)"
34190954,34191722,"k_add(__half *, const __half *, unsigned long long)"
34191754,34194634,"k_layernorm(__half *, const __half *, const __half *, const __half *, int, int)"
34195530,34216523,"k_gemv_fp16(__half *, const __half *, const __half *, const __half *, int, int)"
34216587,34217420,"k_gelu(__half *, unsigned long long)"
34217452,34240301,"k_gemv_fp16(__half *, const __half *, const __half *, const __half *, int, int)"
34240333,34241133,"k_add(__half *, const __half *, unsigned long long)"
34241165,34244013,"k_layernorm(__half *, const __half *, const __half *, const __half *, int, int)"
34244077,34260175,"k_gemv_fp16(__half *, const __half *, const __half *, const __half *, int, int)"
34260207,34261071,"k_kv_append(__half *, __half *, const __half *, int, int)"
34261103,34276624,"k_attn_decode_ordered4(__half *, const __half *, const __half *, const __half *, int, int)"
34276656,34284016,"k_gemv_fp16(__half *, const __half *, const __half *, const __half *, int, int)"
34284048,34284816,"k_add(__half *, const __half *, unsigned long long)"
34284848,34287728,"k_layernorm(__half *, const __half *, const __half *, const __half *, int, int)"
34287761,34308754,"k_gemv_fp16(__half *, const __half *, const __half *, const __half *, int, int)"
34308786,34309618,"k_gelu(__half *, unsigned long long)"
34309650,34332468,"k_gemv_fp16(__half *, const __half *, const __half *, const __half *, int, int)"
34332532,34333300,"k_add(__half *, const __half *, unsigned long long)"
34333332,34336212,"k_layernorm(__half *, const __half *, const __half *, const __half *, int, int)"
34336948,34353077,"k_gemv_fp16(__half *, const __half *, const __half *, const __half *, int, int)"
34353109,34354005,"k_kv_append(__half *, __half *, const __half *, int, int)"
34354037,34369622,"k_attn_decode_ordered4(__half *, const __half *, const __half *, const __half *, int, int)"
34369654,34376983,"k_gemv_fp16(__half *, const __half *, const __half *, const __half *, int, int)"
34377015,34377815,"k_add(__half *, const __half *, unsigned long long)"
34377847,34380759,"k_layernorm(__half *, const __half *, const __half *, const __half *, int, int)"
34380791,34401720,"k_gemv_fp16(__half *, const __half *, const __half *, const __half *, int, int)"
34401753,34402584,"k_gelu(__half *, unsigned long long)"
34402617,34425466,"k_gemv_fp16(__half *, const __half *, const __half *, const __half *, int, int)"
34425530,34426298,"k_add(__half *, const __half *, unsigned long long)"
34426330,34429178,"k_layernorm(__half *, const __half *, const __half *, const __half *, int, int)"
34429243,34445404,"k_gemv_fp16(__half *, const __half *, const __half *, const __half *, int, int)"
34445436,34446300,"k_kv_append(__half *, __half *, const __half *, int, int)"
34446364,34462045,"k_attn_decode_ordered4(__half *, const __half *, const __half *, const __half *, int, int)"
34462077,34469373,"k_gemv_fp16(__half *, const __half *, const __half *, const __half *, int, int)"
34469405,34470173,"k_add(__half *, const __half *, unsigned long long)"
34470877,34473790,"k_layernorm(__half *, const __half *, const __half *, const __half *, int, int)"
34473822,34494783,"k_gemv_fp16(__half *, const __half *, const __half *, const __half *, int, int)"
34494815,34495647,"k_gelu(__half *, unsigned long long)"
34495711,34518401,"k_gemv_fp16(__half *, const __half *, const __half *, const __half *, int, int)"
34518433,34519233,"k_add(__half *, const __half *, unsigned long long)"
34519265,34522241,"k_layernorm(__half *, const __half *, const __half *, const __half *, int, int)"
34522273,34833911,"k_gemv_fp16(__half *, const __half *, const __half *, const __half *, int, int)"
34976609,34977537,"k_embed_one(__half *, const __half *, const __half *, int, int)"
34977569,34980481,"k_layernorm(__half *, const __half *, const __half *, const __half *, int, int)"
34980513,34996738,"k_gemv_fp16(__half *, const __half *, const __half *, const __half *, int, int)"
34996771,34997635,"k_kv_append(__half *, __half *, const __half *, int, int)"
34997666,35013571,"k_attn_decode_ordered4(__half *, const __half *, const __half *, const __half *, int, int)"
35013572,35020868,"k_gemv_fp16(__half *, const __half *, const __half *, const __half *, int, int)"
35020900,35021700,"k_add(__half *, const __half *, unsigned long long)"
35021732,35024644,"k_layernorm(__half *, const __half *, const __half *, const __half *, int, int)"
35024677,35045510,"k_gemv_fp16(__half *, const __half *, const __half *, const __half *, int, int)"
35045542,35046406,"k_gelu(__half *, unsigned long long)"
35046438,35069224,"k_gemv_fp16(__half *, const __half *, const __half *, const __half *, int, int)"
35069256,35070024,"k_add(__half *, const __half *, unsigned long long)"
35070056,35072936,"k_layernorm(__half *, const __half *, const __half *, const __half *, int, int)"
35072968,35089065,"k_gemv_fp16(__half *, const __half *, const __half *, const __half *, int, int)"
35089097,35089961,"k_kv_append(__half *, __half *, const __half *, int, int)"
35089993,35105898,"k_attn_decode_ordered4(__half *, const __half *, const __half *, const __half *, int, int)"
35106634,35113291,"k_gemv_fp16(__half *, const __half *, const __half *, const __half *, int, int)"
35113323,35114091,"k_add(__half *, const __half *, unsigned long long)"
35114123,35117003,"k_layernorm(__half *, const __half *, const __half *, const __half *, int, int)"
35117067,35137996,"k_gemv_fp16(__half *, const __half *, const __half *, const __half *, int, int)"
35138028,35138860,"k_gelu(__half *, unsigned long long)"
35138925,35161678,"k_gemv_fp16(__half *, const __half *, const __half *, const __half *, int, int)"
35161710,35162478,"k_add(__half *, const __half *, unsigned long long)"
35162542,35165390,"k_layernorm(__half *, const __half *, const __half *, const __half *, int, int)"
35165422,35181839,"k_gemv_fp16(__half *, const __half *, const __half *, const __half *, int, int)"
35181872,35182736,"k_kv_append(__half *, __half *, const __half *, int, int)"
35182768,35198385,"k_attn_decode_ordered4(__half *, const __half *, const __half *, const __half *, int, int)"
35198417,35205905,"k_gemv_fp16(__half *, const __half *, const __half *, const __half *, int, int)"
35205937,35206705,"k_add(__half *, const __half *, unsigned long long)"
35206769,35209618,"k_layernorm(__half *, const __half *, const __half *, const __half *, int, int)"
35209649,35230643,"k_gemv_fp16(__half *, const __half *, const __half *, const __half *, int, int)"
35230675,35231507,"k_gelu(__half *, unsigned long long)"
35232211,35255061,"k_gemv_fp16(__half *, const __half *, const __half *, const __half *, int, int)"
35255093,35255861,"k_add(__half *, const __half *, unsigned long long)"
35255893,35258773,"k_layernorm(__half *, const __half *, const __half *, const __half *, int, int)"
35258805,35275062,"k_gemv_fp16(__half *, const __half *, const __half *, const __half *, int, int)"
35275094,35275958,"k_kv_append(__half *, __half *, const __half *, int, int)"
35276022,35291607,"k_attn_decode_ordered4(__half *, const __half *, const __half *, const __half *, int, int)"
35291639,35298904,"k_gemv_fp16(__half *, const __half *, const __half *, const __half *, int, int)"
35298936,35299736,"k_add(__half *, const __half *, unsigned long long)"
35299768,35302680,"k_layernorm(__half *, const __half *, const __half *, const __half *, int, int)"
35302712,35323641,"k_gemv_fp16(__half *, const __half *, const __half *, const __half *, int, int)"
35323673,35324506,"k_gelu(__half *, unsigned long long)"
35324538,35347258,"k_gemv_fp16(__half *, const __half *, const __half *, const __half *, int, int)"
35347259,35348059,"k_add(__half *, const __half *, unsigned long long)"
35348091,35350971,"k_layernorm(__half *, const __half *, const __half *, const __half *, int, int)"
35351004,35367197,"k_gemv_fp16(__half *, const __half *, const __half *, const __half *, int, int)"
35367261,35368125,"k_kv_append(__half *, __half *, const __half *, int, int)"
35368829,35384382,"k_attn_decode_ordered4(__half *, const __half *, const __half *, const __half *, int, int)"
35384414,35391710,"k_gemv_fp16(__half *, const __half *, const __half *, const __half *, int, int)"
35391742,35392542,"k_add(__half *, const __half *, unsigned long long)"
35392574,35395519,"k_layernorm(__half *, const __half *, const __half *, const __half *, int, int)"
35395550,35416544,"k_gemv_fp16(__half *, const __half *, const __half *, const __half *, int, int)"
35416576,35417408,"k_gelu(__half *, unsigned long long)"
35417440,35440258,"k_gemv_fp16(__half *, const __half *, const __half *, const __half *, int, int)"
35440322,35441090,"k_add(__half *, const __half *, unsigned long long)"
35441122,35444002,"k_layernorm(__half *, const __half *, const __half *, const __half *, int, int)"
35444034,35460355,"k_gemv_fp16(__half *, const __half *, const __half *, const __half *, int, int)"
35460419,35461283,"k_kv_append(__half *, __half *, const __half *, int, int)"
35461315,35477123,"k_attn_decode_ordered4(__half *, const __half *, const __half *, const __half *, int, int)"
35477124,35484485,"k_gemv_fp16(__half *, const __half *, const __half *, const __half *, int, int)"
35484517,35485285,"k_add(__half *, const __half *, unsigned long long)"
35485349,35488229,"k_layernorm(__half *, const __half *, const __half *, const __half *, int, int)"
35488293,35509191,"k_gemv_fp16(__half *, const __half *, const __half *, const __half *, int, int)"
35509927,35510759,"k_gelu(__half *, unsigned long long)"
35510823,35533544,"k_gemv_fp16(__half *, const __half *, const __half *, const __half *, int, int)"
35533576,35534376,"k_add(__half *, const __half *, unsigned long long)"
35534408,35537288,"k_layernorm(__half *, const __half *, const __half *, const __half *, int, int)"
35537321,35553450,"k_gemv_fp16(__half *, const __half *, const __half *, const __half *, int, int)"
35553482,35554346,"k_kv_append(__half *, __half *, const __half *, int, int)"
35554378,35570027,"k_attn_decode_ordered4(__half *, const __half *, const __half *, const __half *, int, int)"
35570059,35577451,"k_gemv_fp16(__half *, const __half *, const __half *, const __half *, int, int)"
35577483,35578284,"k_add(__half *, const __half *, unsigned long long)"
35578315,35581260,"k_layernorm(__half *, const __half *, const __half *, const __half *, int, int)"
35581324,35602189,"k_gemv_fp16(__half *, const __half *, const __half *, const __half *, int, int)"
35602221,35603053,"k_gelu(__half *, unsigned long long)"
35603085,35626095,"k_gemv_fp16(__half *, const __half *, const __half *, const __half *, int, int)"
35626159,35626927,"k_add(__half *, const __half *, unsigned long long)"
35626959,35629839,"k_layernorm(__half *, const __half *, const __half *, const __half *, int, int)"
35629903,35646160,"k_gemv_fp16(__half *, const __half *, const __half *, const __half *, int, int)"
35646896,35647760,"k_kv_append(__half *, __half *, const __half *, int, int)"
35647792,35663601,"k_attn_decode_ordered4(__half *, const __half *, const __half *, const __half *, int, int)"
35663633,35670994,"k_gemv_fp16(__half *, const __half *, const __half *, const __half *, int, int)"
35671058,35671826,"k_add(__half *, const __half *, unsigned long long)"
35671858,35674738,"k_layernorm(__half *, const __half *, const __half *, const __half *, int, int)"
35674770,35695636,"k_gemv_fp16(__half *, const __half *, const __half *, const __half *, int, int)"
35695668,35696500,"k_gelu(__half *, unsigned long long)"
35696564,35719413,"k_gemv_fp16(__half *, const __half *, const __half *, const __half *, int, int)"
35719445,35720245,"k_add(__half *, const __half *, unsigned long long)"
35720278,35723190,"k_layernorm(__half *, const __half *, const __half *, const __half *, int, int)"
35723254,35739543,"k_gemv_fp16(__half *, const __half *, const __half *, const __half *, int, int)"
35739575,35740439,"k_kv_append(__half *, __half *, const __half *, int, int)"
35740503,35756088,"k_attn_decode_ordered4(__half *, const __half *, const __half *, const __half *, int, int)"
35756120,35763288,"k_gemv_fp16(__half *, const __half *, const __half *, const __half *, int, int)"
35763321,35764121,"k_add(__half *, const __half *, unsigned long long)"
35764152,35766969,"k_layernorm(__half *, const __half *, const __half *, const __half *, int, int)"
35767737,35788666,"k_gemv_fp16(__half *, const __half *, const __half *, const __half *, int, int)"
35788698,35789562,"k_gelu(__half *, unsigned long long)"
35789594,35812348,"k_gemv_fp16(__half *, const __half *, const __half *, const __half *, int, int)"
35812380,35813180,"k_add(__half *, const __half *, unsigned long long)"
35813212,35816092,"k_layernorm(__half *, const __half *, const __half *, const __half *, int, int)"
35816124,35832381,"k_gemv_fp16(__half *, const __half *, const __half *, const __half *, int, int)"
35832413,35833277,"k_kv_append(__half *, __half *, const __half *, int, int)"
35833341,35848830,"k_attn_decode_ordered4(__half *, const __half *, const __half *, const __half *, int, int)"
35848863,35856223,"k_gemv_fp16(__half *, const __half *, const __half *, const __half *, int, int)"
35856255,35857023,"k_add(__half *, const __half *, unsigned long long)"
35857055,35859967,"k_layernorm(__half *, const __half *, const __half *, const __half *, int, int)"
35859999,35880928,"k_gemv_fp16(__half *, const __half *, const __half *, const __half *, int, int)"
35880929,35881793,"k_gelu(__half *, unsigned long long)"
35881825,35904578,"k_gemv_fp16(__half *, const __half *, const __half *, const __half *, int, int)"
35904611,35905411,"k_add(__half *, const __half *, unsigned long long)"
35905442,35908419,"k_layernorm(__half *, const __half *, const __half *, const __half *, int, int)"
35909155,35925444,"k_gemv_fp16(__half *, const __half *, const __half *, const __half *, int, int)"
35925476,35926340,"k_kv_append(__half *, __half *, const __half *, int, int)"
35926404,35942117,"k_attn_decode_ordered4(__half *, const __half *, const __half *, const __half *, int, int)"
35942149,35949445,"k_gemv_fp16(__half *, const __half *, const __half *, const __half *, int, int)"
35949478,35950278,"k_add(__half *, const __half *, unsigned long long)"
35950310,35953158,"k_layernorm(__half *, const __half *, const __half *, const __half *, int, int)"
35953222,35974055,"k_gemv_fp16(__half *, const __half *, const __half *, const __half *, int, int)"
35974087,35974919,"k_gelu(__half *, unsigned long long)"
35974951,35997865,"k_gemv_fp16(__half *, const __half *, const __half *, const __half *, int, int)"
35997929,35998697,"k_add(__half *, const __half *, unsigned long long)"
35998761,36001609,"k_layernorm(__half *, const __half *, const __half *, const __half *, int, int)"
36001641,36017739,"k_gemv_fp16(__half *, const __half *, const __half *, const __half *, int, int)"
36017770,36018634,"k_kv_append(__half *, __half *, const __half *, int, int)"
36018699,36034252,"k_attn_decode_ordered4(__half *, const __half *, const __half *, const __half *, int, int)"
36034284,36041580,"k_gemv_fp16(__half *, const __half *, const __half *, const __half *, int, int)"
36041644,36042412,"k_add(__half *, const __half *, unsigned long long)"
36043084,36045964,"k_layernorm(__half *, const __half *, const __half *, const __half *, int, int)"
36045996,36066894,"k_gemv_fp16(__half *, const __half *, const __half *, const __half *, int, int)"
36066926,36067758,"k_gelu(__half *, unsigned long long)"
36067790,36090704,"k_gemv_fp16(__half *, const __half *, const __half *, const __half *, int, int)"
36090768,36091536,"k_add(__half *, const __half *, unsigned long long)"
36091599,36094448,"k_layernorm(__half *, const __half *, const __half *, const __half *, int, int)"
36094512,36406278,"k_gemv_fp16(__half *, const __half *, const __half *, const __half *, int, int)"
