start_ns,end_ns,name
12226975,12228287,"k_embed_one(__half *, const __half *, const __half *, int, int)"
12241440,12244448,"k_layernorm(__half *, const __half *, const __half *, const __half *, int, int)"
12254849,12271234,"k_gemv_fp16(__half *, const __half *, const __half *, const __half *, int, int)"
12272514,12273506,"k_kv_append(__half *, __half *, const __half *, int, int)"
12275938,12285795,"k_attn_decode(__half *, const __half *, const __half *, const __half *, int, int)"
12287267,12293987,"k_gemv_fp16(__half *, const __half *, const __half *, const __half *, int, int)"
12295908,12296836,"k_add(__half *, const __half *, unsigned long long)"
12298148,12301220,"k_layernorm(__half *, const __half *, const __half *, const __half *, int, int)"
12338983,12360008,"k_gemv_fp16(__half *, const __half *, const __half *, const __half *, int, int)"
12361608,12362568,"k_gelu(__half *, unsigned long long)"
12364424,12387370,"k_gemv_fp16(__half *, const __half *, const __half *, const __half *, int, int)"
12388682,12389546,"k_add(__half *, const __half *, unsigned long long)"
12390954,12393898,"k_layernorm(__half *, const __half *, const __half *, const __half *, int, int)"
12395723,12412044,"k_gemv_fp16(__half *, const __half *, const __half *, const __half *, int, int)"
12413996,12414988,"k_kv_append(__half *, __half *, const __half *, int, int)"
12416300,12425997,"k_attn_decode(__half *, const __half *, const __half *, const __half *, int, int)"
12427245,12434029,"k_gemv_fp16(__half *, const __half *, const __half *, const __half *, int, int)"
12435277,12436141,"k_add(__half *, const __half *, unsigned long long)"
12437453,12440558,"k_layernorm(__half *, const __half *, const __half *, const __half *, int, int)"
12441774,12462735,"k_gemv_fp16(__half *, const __half *, const __half *, const __half *, int, int)"
12500594,12501522,"k_gelu(__half *, unsigned long long)"
12502834,12527252,"k_gemv_fp16(__half *, const __half *, const __half *, const __half *, int, int)"
12529140,12530036,"k_add(__half *, const __half *, unsigned long long)"
12531380,12534388,"k_layernorm(__half *, const __half *, const __half *, const __half *, int, int)"
12535732,12555190,"k_gemv_fp16(__half *, const __half *, const __half *, const __half *, int, int)"
12556662,12557654,"k_kv_append(__half *, __half *, const __half *, int, int)"
12559478,12569303,"k_attn_decode(__half *, const __half *, const __half *, const __half *, int, int)"
12570519,12578071,"k_gemv_fp16(__half *, const __half *, const __half *, const __half *, int, int)"
12579351,12580215,"k_add(__half *, const __half *, unsigned long long)"
12581528,12584504,"k_layernorm(__half *, const __half *, const __half *, const __half *, int, int)"
12599769,12621786,"k_gemv_fp16(__half *, const __half *, const __half *, const __half *, int, int)"
12623354,12624251,"k_gelu(__half *, unsigned long long)"
12625627,12648572,"k_gemv_fp16(__half *, const __half *, const __half *, const __half *, int, int)"
12649821,12650685,"k_add(__half *, const __half *, unsigned long long)"
12652605,12655613,"k_layernorm(__half *, const __half *, const __half *, const __half *, int, int)"
12656893,12673054,"k_gemv_fp16(__half *, const __half *, const __half *, const __half *, int, int)"
12674430,12675390,"k_kv_append(__half *, __half *, const __half *, int, int)"
12676798,12686335,"k_attn_decode(__half *, const __half *, const __half *, const __half *, int, int)"
12688159,12694880,"k_gemv_fp16(__half *, const __half *, const __half *, const __half *, int, int)"
12719713,12720577,"k_add(__half *, const __half *, unsigned long long)"
12747939,12750948,"k_layernorm(__half *, const __half *, const __half *, const __half *, int, int)"
12753636,12774565,"k_gemv_fp16(__half *, const __half *, const __half *, const __half *, int, int)"
12776773,12777669,"k_gelu(__half *, unsigned long long)"
12779014,12801895,"k_gemv_fp16(__half *, const __half *, const __half *, const __half *, int, int)"
12803239,12804135,"k_add(__half *, const __half *, unsigned long long)"
12805479,12808488,"k_layernorm(__half *, const __half *, const __half *, const __half *, int, int)"
12810344,12826825,"k_gemv_fp16(__half *, const __half *, const __half *, const __half *, int, int)"
12828169,12829161,"k_kv_append(__half *, __half *, const __half *, int, int)"
12830409,12839882,"k_attn_decode(__half *, const __half *, const __half *, const __half *, int, int)"
12841194,12848042,"k_gemv_fp16(__half *, const __half *, const __half *, const __half *, int, int)"
12849834,12850699,"k_add(__half *, const __half *, unsigned long long)"
12852075,12855051,"k_layernorm(__half *, const __half *, const __half *, const __half *, int, int)"
12856363,12877324,"k_gemv_fp16(__half *, const __half *, const __half *, const __half *, int, int)"
12878636,12879565,"k_gelu(__half *, unsigned long long)"
12881261,12904078,"k_gemv_fp16(__half *, const __half *, const __half *, const __half *, int, int)"
12905582,12906478,"k_add(__half *, const __half *, unsigned long long)"
12907727,12910831,"k_layernorm(__half *, const __half *, const __half *, const __half *, int, int)"
12912143,12928336,"k_gemv_fp16(__half *, const __half *, const __half *, const __half *, int, int)"
12930192,12931152,"k_kv_append(__half *, __half *, const __half *, int, int)"
12932464,12942225,"k_attn_decode(__half *, const __half *, const __half *, const __half *, int, int)"
12943473,12950226,"k_gemv_fp16(__half *, const __half *, const __half *, const __half *, int, int)"
12951570,12952434,"k_add(__half *, const __half *, unsigned long long)"
12954194,12957138,"k_layernorm(__half *, const __half *, const __half *, const __half *, int, int)"
12958482,12979444,"k_gemv_fp16(__half *, const __half *, const __half *, const __half *, int, int)"
12980788,12981684,"k_gelu(__half *, unsigned long long)"
13005974,13028823,"k_gemv_fp16(__half *, const __half *, const __half *, const __half *, int, int)"
13030775,13031671,"k_add(__half *, const __half *, unsigned long long)"
13032951,13036023,"k_layernorm(__half *, const __half *, const __half *, const __half *, int, int)"
13037336,13053529,"k_gemv_fp16(__half *, const __half *, const __half *, const __half *, int, int)"
13054873,13055833,"k_kv_append(__half *, __half *, const __half *, int, int)"
13057785,13067386,"k_attn_decode(__half *, const __half *, const __half *, const __half *, int, int)"
13068826,13075514,"k_gemv_fp16(__half *, const __half *, const __half *, const __half *, int, int)"
13076762,13077627,"k_add(__half *, const __half *, unsigned long long)"
13078907,13081915,"k_layernorm(__half *, const __half *, const __half *, const __half *, int, int)"
13083707,13104668,"k_gemv_fp16(__half *, const __half *, const __half *, const __half *, int, int)"
13106045,13106972,"k_gelu(__half *, unsigned long long)"
13108221,13131134,"k_gemv_fp16(__half *, const __half *, const __half *, const __half *, int, int)"
13182434,13183330,"k_add(__half *, const __half *, unsigned long long)"
13185730,13188834,"k_layernorm(__half *, const __half *, const __half *, const __half *, int, int)"
13190242,13206435,"k_gemv_fp16(__half *, const __half *, const __half *, const __half *, int, int)"
13207747,13208708,"k_kv_append(__half *, __half *, const __half *, int, int)"
13210020,13219588,"k_attn_decode(__half *, const __half *, const __half *, const __half *, int, int)"
13221828,13228517,"k_gemv_fp16(__half *, const __half *, const __half *, const __half *, int, int)"
13229925,13230821,"k_add(__half *, const __half *, unsigned long long)"
13232005,13235014,"k_layernorm(__half *, const __half *, const __half *, const __half *, int, int)"
13246694,13267688,"k_gemv_fp16(__half *, const __half *, const __half *, const __half *, int, int)"
13269896,13270792,"k_gelu(__half *, unsigned long long)"
13272072,13295018,"k_gemv_fp16(__half *, const __half *, const __half *, const __half *, int, int)"
13296362,13297226,"k_add(__half *, const __half *, unsigned long long)"
13298538,13301546,"k_layernorm(__half *, const __half *, const __half *, const __half *, int, int)"
13303338,13319723,"k_gemv_fp16(__half *, const __half *, const __half *, const __half *, int, int)"
13320972,13321932,"k_kv_append(__half *, __half *, const __half *, int, int)"
13323212,13332588,"k_attn_decode(__half *, const __half *, const __half *, const __half *, int, int)"
13333868,13340589,"k_gemv_fp16(__half *, const __half *, const __half *, const __half *, int, int)"
13342317,13343213,"k_add(__half *, const __half *, unsigned long long)"
13344493,13347437,"k_layernorm(__half *, const __half *, const __half *, const __half *, int, int)"
13348974,13369903,"k_gemv_fp16(__half *, const __half *, const __half *, const __half *, int, int)"
13371279,13372207,"k_gelu(__half *, unsigned long long)"
13373935,13396817,"k_gemv_fp16(__half *, const __half *, const __half *, const __half *, int, int)"
13398225,13399089,"k_add(__half *, const __half *, unsigned long long)"
13402577,13405553,"k_layernorm(__half *, const __half *, const __half *, const __half *, int, int)"
13412050,13428179,"k_gemv_fp16(__half *, const __half *, const __half *, const __half *, int, int)"
13430067,13431059,"k_kv_append(__half *, __half *, const __half *, int, int)"
13432307,13441812,"k_attn_decode(__half *, const __half *, const __half *, const __half *, int, int)"
13451029,13457749,"k_gemv_fp16(__half *, const __half *, const __half *, const __half *, int, int)"
13469654,13470550,"k_add(__half *, const __half *, unsigned long long)"
13480023,13482999,"k_layernorm(__half *, const __half *, const __half *, const __half *, int, int)"
13493015,13513945,"k_gemv_fp16(__half *, const __half *, const __half *, const __half *, int, int)"
13515353,13516281,"k_gelu(__half *, unsigned long long)"
13517753,13540603,"k_gemv_fp16(__half *, const __half *, const __half *, const __half *, int, int)"
13542651,13543547,"k_add(__half *, const __half *, unsigned long long)"
13544987,13548028,"k_layernorm(__half *, const __half *, const __half *, const __half *, int, int)"
13549468,13565661,"k_gemv_fp16(__half *, const __half *, const __half *, const __half *, int, int)"
13567133,13568125,"k_kv_append(__half *, __half *, const __half *, int, int)"
13569981,13579422,"k_attn_decode(__half *, const __half *, const __half *, const __half *, int, int)"
13580894,13587614,"k_gemv_fp16(__half *, const __half *, const __half *, const __half *, int, int)"
13592574,13593471,"k_add(__half *, const __half *, unsigned long long)"
13604575,13607552,"k_layernorm(__half *, const __half *, const __half *, const __half *, int, int)"
13641922,13662884,"k_gemv_fp16(__half *, const __half *, const __half *, const __half *, int, int)"
13664292,13665220,"k_gelu(__half *, unsigned long long)"
13666660,13689477,"k_gemv_fp16(__half *, const __half *, const __half *, const __half *, int, int)"
13690853,13691750,"k_add(__half *, const __half *, unsigned long long)"
13693606,13696646,"k_layernorm(__half *, const __half *, const __half *, const __half *, int, int)"
13698150,13714567,"k_gemv_fp16(__half *, const __half *, const __half *, const __half *, int, int)"
13716007,13716967,"k_kv_append(__half *, __half *, const __half *, int, int)"
13718407,13728040,"k_attn_decode(__half *, const __half *, const __half *, const __half *, int, int)"
13730088,13736777,"k_gemv_fp16(__half *, const __half *, const __half *, const __half *, int, int)"
13738153,13739049,"k_add(__half *, const __half *, unsigned long long)"
13740457,13743529,"k_layernorm(__half *, const __half *, const __half *, const __half *, int, int)"
13745001,13765963,"k_gemv_fp16(__half *, const __half *, const __half *, const __half *, int, int)"
13768651,13769579,"k_gelu(__half *, unsigned long long)"
13771019,13793805,"k_gemv_fp16(__half *, const __half *, const __half *, const __half *, int, int)"
13795341,13796205,"k_add(__half *, const __half *, unsigned long long)"
13797613,13800685,"k_layernorm(__half *, const __half *, const __half *, const __half *, int, int)"
13802925,14114339,"k_gemv_fp16(__half *, const __half *, const __half *, const __half *, int, int)"
14171143,14172423,"k_embed_one(__half *, const __half *, const __half *, int, int)"
14179656,14182600,"k_layernorm(__half *, const __half *, const __half *, const __half *, int, int)"
14187880,14204169,"k_gemv_fp16(__half *, const __half *, const __half *, const __half *, int, int)"
14233708,14234668,"k_kv_append(__half *, __half *, const __half *, int, int)"
14248685,14258125,"k_attn_decode(__half *, const __half *, const __half *, const __half *, int, int)"
14259597,14266318,"k_gemv_fp16(__half *, const __half *, const __half *, const __half *, int, int)"
14268366,14269262,"k_add(__half *, const __half *, unsigned long long)"
14281647,14284591,"k_layernorm(__half *, const __half *, const __half *, const __half *, int, int)"
14292944,14314001,"k_gemv_fp16(__half *, const __half *, const __half *, const __half *, int, int)"
14315793,14316721,"k_gelu(__half *, unsigned long long)"
14318161,14341203,"k_gemv_fp16(__half *, const __half *, const __half *, const __half *, int, int)"
14343283,14344147,"k_add(__half *, const __half *, unsigned long long)"
14345587,14348564,"k_layernorm(__half *, const __half *, const __half *, const __half *, int, int)"
14349908,14366101,"k_gemv_fp16(__half *, const __half *, const __half *, const __half *, int, int)"
14367541,14368501,"k_kv_append(__half *, __half *, const __half *, int, int)"
14393655,14403191,"k_attn_decode(__half *, const __half *, const __half *, const __half *, int, int)"
14404568,14411352,"k_gemv_fp16(__half *, const __half *, const __half *, const __half *, int, int)"
14412856,14413720,"k_add(__half *, const __half *, unsigned long long)"
14415096,14418137,"k_layernorm(__half *, const __half *, const __half *, const __half *, int, int)"
14421369,14442298,"k_gemv_fp16(__half *, const __half *, const __half *, const __half *, int, int)"
14444346,14445242,"k_gelu(__half *, unsigned long long)"
14446842,14469820,"k_gemv_fp16(__half *, const __half *, const __half *, const __half *, int, int)"
14471292,14472188,"k_add(__half *, const __half *, unsigned long long)"
14474140,14477085,"k_layernorm(__half *, const __half *, const __half *, const __half *, int, int)"
14478461,14494718,"k_gemv_fp16(__half *, const __half *, const __half *, const __half *, int, int)"
14496126,14497118,"k_kv_append(__half *, __half *, const __half *, int, int)"
14498462,14507903,"k_attn_decode(__half *, const __half *, const __half *, const __half *, int, int)"
14509855,14516575,"k_gemv_fp16(__half *, const __half *, const __half *, const __half *, int, int)"
14521760,14522624,"k_add(__half *, const __half *, unsigned long long)"
14529184,14532256,"k_layernorm(__half *, const __half *, const __half *, const __half *, int, int)"
14536385,14557314,"k_gemv_fp16(__half *, const __half *, const __half *, const __half *, int, int)"
14559426,14560322,"k_gelu(__half *, unsigned long long)"
14561730,14584612,"k_gemv_fp16(__half *, const __half *, const __half *, const __half *, int, int)"
14586084,14586980,"k_add(__half *, const __half *, unsigned long long)"
14588453,14591397,"k_layernorm(__half *, const __half *, const __half *, const __half *, int, int)"
14593413,14609638,"k_gemv_fp16(__half *, const __half *, const __half *, const __half *, int, int)"
14611078,14612070,"k_kv_append(__half *, __half *, const __half *, int, int)"
14613574,14623015,"k_attn_decode(__half *, const __half *, const __half *, const __half *, int, int)"
14624423,14631143,"k_gemv_fp16(__half *, const __half *, const __half *, const __half *, int, int)"
14658409,14659305,"k_add(__half *, const __half *, unsigned long long)"
14660777,14663818,"k_layernorm(__half *, const __half *, const __half *, const __half *, int, int)"
14686155,14707085,"k_gemv_fp16(__half *, const __half *, const __half *, const __half *, int, int)"
14708621,14709517,"k_gelu(__half *, unsigned long long)"
14711565,14734383,"k_gemv_fp16(__half *, const __half *, const __half *, const __half *, int, int)"
14735855,14736751,"k_add(__half *, const __half *, unsigned long long)"
14738575,14741551,"k_layernorm(__half *, const __half *, const __half *, const __half *, int, int)"
14743151,14759344,"k_gemv_fp16(__half *, const __half *, const __half *, const __half *, int, int)"
14761425,14762385,"k_kv_append(__half *, __half *, const __half *, int, int)"
14763793,14773265,"k_attn_decode(__half *, const __half *, const __half *, const __half *, int, int)"
14774929,14781778,"k_gemv_fp16(__half *, const __half *, const __half *, const __half *, int, int)"
14783218,14784082,"k_add(__half *, const __half *, unsigned long long)"
14785586,14788562,"k_layernorm(__half *, const __half *, const __half *, const __half *, int, int)"
14789939,14810900,"k_gemv_fp16(__half *, const __half *, const __half *, const __half *, int, int)"
14812500,14813428,"k_gelu(__half *, unsigned long long)"
14814772,14837622,"k_gemv_fp16(__half *, const __half *, const __half *, const __half *, int, int)"
14839798,14840694,"k_add(__half *, const __half *, unsigned long long)"
14842006,14844950,"k_layernorm(__half *, const __half *, const __half *, const __half *, int, int)"
14846455,14862648,"k_gemv_fp16(__half *, const __half *, const __half *, const __half *, int, int)"
14864088,14865048,"k_kv_append(__half *, __half *, const __half *, int, int)"
14867448,14877017,"k_attn_decode(__half *, const __half *, const __half *, const __half *, int, int)"
14878425,14885145,"k_gemv_fp16(__half *, const __half *, const __half *, const __half *, int, int)"
14886553,14887417,"k_add(__half *, const __half *, unsigned long long)"
14888858,14891802,"k_layernorm(__half *, const __half *, const __half *, const __half *, int, int)"
14918012,14938941,"k_gemv_fp16(__half *, const __half *, const __half *, const __half *, int, int)"
14940541,14941469,"k_gelu(__half *, unsigned long long)"
14942877,14965919,"k_gemv_fp16(__half *, const __half *, const __half *, const __half *, int, int)"
14967423,14968287,"k_add(__half *, const __half *, unsigned long long)"
14970463,14973407,"k_layernorm(__half *, const __half *, const __half *, const __half *, int, int)"
14974784,14990945,"k_gemv_fp16(__half *, const __half *, const __half *, const __half *, int, int)"
14992417,14993377,"k_kv_append(__half *, __half *, const __half *, int, int)"
14994753,15004322,"k_attn_decode(__half *, const __half *, const __half *, const __half *, int, int)"
15006306,15013058,"k_gemv_fp16(__half *, const __half *, const __half *, const __half *, int, int)"
15014594,15015458,"k_add(__half *, const __half *, unsigned long long)"
15016898,15019811,"k_layernorm(__half *, const __half *, const __half *, const __half *, int, int)"
15021123,15042084,"k_gemv_fp16(__half *, const __half *, const __half *, const __half *, int, int)"
15044292,15045188,"k_gelu(__half *, unsigned long long)"
15046597,15069542,"k_gemv_fp16(__half *, const __half *, const __half *, const __half *, int, int)"
15070918,15071814,"k_add(__half *, const __half *, unsigned long long)"
15073446,15076391,"k_layernorm(__half *, const __half *, const __half *, const __half *, int, int)"
15078663,15094856,"k_gemv_fp16(__half *, const __half *, const __half *, const __half *, int, int)"
15096296,15097288,"k_kv_append(__half *, __half *, const __half *, int, int)"
15098600,15108009,"k_attn_decode(__half *, const __half *, const __half *, const __half *, int, int)"
15109513,15116201,"k_gemv_fp16(__half *, const __half *, const __half *, const __half *, int, int)"
15118410,15119274,"k_add(__half *, const __half *, unsigned long long)"
15121098,15124234,"k_layernorm(__half *, const __half *, const __half *, const __half *, int, int)"
15125706,15146604,"k_gemv_fp16(__half *, const __half *, const __half *, const __half *, int, int)"
15176558,15177454,"k_gelu(__half *, unsigned long long)"
15179182,15202031,"k_gemv_fp16(__half *, const __half *, const __half *, const __half *, int, int)"
15203536,15204432,"k_add(__half *, const __half *, unsigned long long)"
15205776,15208880,"k_layernorm(__half *, const __half *, const __half *, const __half *, int, int)"
15210224,15226449,"k_gemv_fp16(__half *, const __half *, const __half *, const __half *, int, int)"
15227825,15228817,"k_kv_append(__half *, __half *, const __half *, int, int)"
15252467,15261876,"k_attn_decode(__half *, const __half *, const __half *, const __half *, int, int)"
15263380,15270132,"k_gemv_fp16(__half *, const __half *, const __half *, const __half *, int, int)"
15271604,15272501,"k_add(__half *, const __half *, unsigned long long)"
15283189,15286101,"k_layernorm(__half *, const __half *, const __half *, const __half *, int, int)"
15291478,15312503,"k_gemv_fp16(__half *, const __half *, const __half *, const __half *, int, int)"
15313943,15314871,"k_gelu(__half *, unsigned long long)"
15316216,15338969,"k_gemv_fp16(__half *, const __half *, const __half *, const __half *, int, int)"
15341433,15342297,"k_add(__half *, const __half *, unsigned long long)"
15343609,15346554,"k_layernorm(__half *, const __half *, const __half *, const __half *, int, int)"
15347930,15364123,"k_gemv_fp16(__half *, const __half *, const __half *, const __half *, int, int)"
15365595,15366555,"k_kv_append(__half *, __half *, const __half *, int, int)"
15368411,15377788,"k_attn_decode(__half *, const __half *, const __half *, const __half *, int, int)"
15414014,15420767,"k_gemv_fp16(__half *, const __half *, const __half *, const __half *, int, int)"
15422239,15423135,"k_add(__half *, const __half *, unsigned long long)"
15424575,15427519,"k_layernorm(__half *, const __half *, const __half *, const __half *, int, int)"
15428863,15449761,"k_gemv_fp16(__half *, const __half *, const __half *, const __half *, int, int)"
15451201,15452129,"k_gelu(__half *, unsigned long long)"
15453441,15476259,"k_gemv_fp16(__half *, const __half *, const __half *, const __half *, int, int)"
15477699,15478595,"k_add(__half *, const __half *, unsigned long long)"
15480643,15483747,"k_layernorm(__half *, const __half *, const __half *, const __half *, int, int)"
15485187,15501380,"k_gemv_fp16(__half *, const __half *, const __half *, const __half *, int, int)"
15502821,15503813,"k_kv_append(__half *, __half *, const __half *, int, int)"
15505221,15514885,"k_attn_decode(__half *, const __half *, const __half *, const __half *, int, int)"
15516998,15523686,"k_gemv_fp16(__half *, const __half *, const __half *, const __half *, int, int)"
15525158,15526022,"k_add(__half *, const __half *, unsigned long long)"
15527366,15530311,"k_layernorm(__half *, const __half *, const __half *, const __half *, int, int)"
15531654,15552616,"k_gemv_fp16(__half *, const __half *, const __half *, const __half *, int, int)"
15630157,15631054,"k_gelu(__half *, unsigned long long)"
15632590,15655439,"k_gemv_fp16(__half *, const __half *, const __half *, const __half *, int, int)"
15656975,15657839,"k_add(__half *, const __half *, unsigned long long)"
15682641,15685617,"k_layernorm(__half *, const __half *, const __half *, const __half *, int, int)"
15687666,15703827,"k_gemv_fp16(__half *, const __half *, const __half *, const __half *, int, int)"
15705427,15706387,"k_kv_append(__half *, __half *, const __half *, int, int)"
15707795,15717332,"k_attn_decode(__half *, const __half *, const __half *, const __half *, int, int)"
15718612,15725332,"k_gemv_fp16(__half *, const __half *, const __half *, const __half *, int, int)"
15727444,15728340,"k_add(__half *, const __half *, unsigned long long)"
15753238,15756278,"k_layernorm(__half *, const __half *, const __half *, const __half *, int, int)"
15757687,15778680,"k_gemv_fp16(__half *, const __half *, const __half *, const __half *, int, int)"
15779992,15780920,"k_gelu(__half *, unsigned long long)"
15808282,15831196,"k_gemv_fp16(__half *, const __half *, const __half *, const __half *, int, int)"
15832636,15833532,"k_add(__half *, const __half *, unsigned long long)"
15834940,15837884,"k_layernorm(__half *, const __half *, const __half *, const __half *, int, int)"
15839356,16151186,"k_gemv_fp16(__half *, const __half *, const __half *, const __half *, int, int)"
16205142,16206422,"k_embed_one(__half *, const __half *, const __half *, int, int)"
16212854,16215895,"k_layernorm(__half *, const __half *, const __half *, const __half *, int, int)"
16226199,16242488,"k_gemv_fp16(__half *, const __half *, const __half *, const __half *, int, int)"
16244057,16245017,"k_kv_append(__half *, __half *, const __half *, int, int)"
16247065,16256569,"k_attn_decode(__half *, const __half *, const __half *, const __half *, int, int)"
16258041,16264794,"k_gemv_fp16(__half *, const __half *, const __half *, const __half *, int, int)"
16266298,16267194,"k_add(__half *, const __half *, unsigned long long)"
16268634,16271610,"k_layernorm(__half *, const __half *, const __half *, const __half *, int, int)"
16273819,16294844,"k_gemv_fp16(__half *, const __half *, const __half *, const __half *, int, int)"
16296444,16297372,"k_gelu(__half *, unsigned long long)"
16298685,16321566,"k_gemv_fp16(__half *, const __half *, const __half *, const __half *, int, int)"
16322910,16323806,"k_add(__half *, const __half *, unsigned long long)"
16326430,16329375,"k_layernorm(__half *, const __half *, const __half *, const __half *, int, int)"
16364705,16381026,"k_gemv_fp16(__half *, const __half *, const __half *, const __half *, int, int)"
16382402,16383362,"k_kv_append(__half *, __half *, const __half *, int, int)"
16384771,16394403,"k_attn_decode(__half *, const __half *, const __half *, const __half *, int, int)"
16397091,16403908,"k_gemv_fp16(__half *, const __half *, const __half *, const __half *, int, int)"
16405380,16406276,"k_add(__half *, const __half *, unsigned long long)"
16407620,16410628,"k_layernorm(__half *, const __half *, const __half *, const __half *, int, int)"
16436006,16457032,"k_gemv_fp16(__half *, const __half *, const __half *, const __half *, int, int)"
16459112,16460040,"k_gelu(__half *, unsigned long long)"
16461416,16484457,"k_gemv_fp16(__half *, const __half *, const __half *, const __half *, int, int)"
16485866,16486730,"k_add(__half *, const __half *, unsigned long long)"
16488074,16491050,"k_layernorm(__half *, const __half *, const __half *, const __half *, int, int)"
16492970,16509323,"k_gemv_fp16(__half *, const __half *, const __half *, const __half *, int, int)"
16510795,16511755,"k_kv_append(__half *, __half *, const __half *, int, int)"
16513196,16522924,"k_attn_decode(__half *, const __half *, const __half *, const __half *, int, int)"
16524332,16531053,"k_gemv_fp16(__half *, const __half *, const __half *, const __half *, int, int)"
16533133,16533997,"k_add(__half *, const __half *, unsigned long long)"
16535405,16538349,"k_layernorm(__half *, const __half *, const __half *, const __half *, int, int)"
16539757,16560719,"k_gemv_fp16(__half *, const __half *, const __half *, const __half *, int, int)"
16562159,16563055,"k_gelu(__half *, unsigned long long)"
16565199,16588113,"k_gemv_fp16(__half *, const __half *, const __half *, const __half *, int, int)"
16589617,16590513,"k_add(__half *, const __half *, unsigned long long)"
16591889,16594865,"k_layernorm(__half *, const __half *, const __half *, const __half *, int, int)"
16596177,16612402,"k_gemv_fp16(__half *, const __half *, const __half *, const __half *, int, int)"
16614323,16615283,"k_kv_append(__half *, __half *, const __half *, int, int)"
16616723,16626163,"k_attn_decode(__half *, const __half *, const __half *, const __half *, int, int)"
16637492,16644213,"k_gemv_fp16(__half *, const __half *, const __half *, const __half *, int, int)"
16645685,16646581,"k_add(__half *, const __half *, unsigned long long)"
16651605,16654581,"k_layernorm(__half *, const __half *, const __half *, const __half *, int, int)"
16658230,16679191,"k_gemv_fp16(__half *, const __half *, const __half *, const __half *, int, int)"
16680631,16681559,"k_gelu(__half *, unsigned long long)"
16682871,16705753,"k_gemv_fp16(__half *, const __half *, const __half *, const __half *, int, int)"
16707801,16708665,"k_add(__half *, const __half *, unsigned long long)"
16709977,16712953,"k_layernorm(__half *, const __half *, const __half *, const __half *, int, int)"
16714298,16730587,"k_gemv_fp16(__half *, const __half *, const __half *, const __half *, int, int)"
16731931,16732923,"k_kv_append(__half *, __half *, const __half *, int, int)"
16734907,16744348,"k_attn_decode(__half *, const __half *, const __half *, const __half *, int, int)"
16745820,16752540,"k_gemv_fp16(__half *, const __half *, const __half *, const __half *, int, int)"
16753948,16754844,"k_add(__half *, const __half *, unsigned long long)"
16757629,16760573,"k_layernorm(__half *, const __half *, const __half *, const __half *, int, int)"
16763549,16784543,"k_gemv_fp16(__half *, const __half *, const __half *, const __half *, int, int)"
16786015,16786943,"k_gelu(__half *, unsigned long long)"
16788287,16811200,"k_gemv_fp16(__half *, const __half *, const __half *, const __half *, int, int)"
16812672,16813536,"k_add(__half *, const __half *, unsigned long long)"
16815617,16818593,"k_layernorm(__half *, const __half *, const __half *, const __half *, int, int)"
16820065,16836258,"k_gemv_fp16(__half *, const __half *, const __half *, const __half *, int, int)"
16837762,16838722,"k_kv_append(__half *, __half *, const __half *, int, int)"
16840130,16849635,"k_attn_decode(__half *, const __half *, const __half *, const __half *, int, int)"
16851619,16858372,"k_gemv_fp16(__half *, const __half *, const __half *, const __half *, int, int)"
16859748,16860644,"k_add(__half *, const __half *, unsigned long long)"
16862020,16865028,"k_layernorm(__half *, const __half *, const __half *, const __half *, int, int)"
16866436,16887334,"k_gemv_fp16(__half *, const __half *, const __half *, const __half *, int, int)"
16889350,16890246,"k_gelu(__half *, unsigned long long)"
16891846,16914696,"k_gemv_fp16(__half *, const __half *, const __half *, const __half *, int, int)"
16916104,16916968,"k_add(__half *, const __half *, unsigned long long)"
16918376,16921352,"k_layernorm(__half *, const __half *, const __half *, const __half *, int, int)"
16923464,16939657,"k_gemv_fp16(__half *, const __half *, const __half *, const __half *, int, int)"
16941066,16942026,"k_kv_append(__half *, __half *, const __half *, int, int)"
16943466,16952938,"k_attn_decode(__half *, const __half *, const __half *, const __half *, int, int)"
16954410,16961163,"k_gemv_fp16(__half *, const __half *, const __half *, const __half *, int, int)"
16963179,16964075,"k_add(__half *, const __half *, unsigned long long)"
16965355,16968299,"k_layernorm(__half *, const __half *, const __half *, const __half *, int, int)"
16969707,16990669,"k_gemv_fp16(__half *, const __half *, const __half *, const __half *, int, int)"
16992109,16993037,"k_gelu(__half *, unsigned long long)"
16995021,17017903,"k_gemv_fp16(__half *, const __half *, const __half *, const __half *, int, int)"
17054929,17055826,"k_add(__half *, const __half *, unsigned long long)"
17057170,17060210,"k_layernorm(__half *, const __half *, const __half *, const __half *, int, int)"
17061618,17077811,"k_gemv_fp16(__half *, const __half *, const __half *, const __half *, int, int)"
17079667,17080627,"k_kv_append(__half *, __half *, const __half *, int, int)"
17081939,17091316,"k_attn_decode(__half *, const __half *, const __half *, const __half *, int, int)"
17092564,17099253,"k_gemv_fp16(__half *, const __half *, const __half *, const __half *, int, int)"
17100565,17101461,"k_add(__half *, const __half *, unsigned long long)"
17120118,17123094,"k_layernorm(__half *, const __half *, const __half *, const __half *, int, int)"
17132119,17153144,"k_gemv_fp16(__half *, const __half *, const __half *, const __half *, int, int)"
17154456,17155385,"k_gelu(__half *, unsigned long long)"
17156633,17179514,"k_gemv_fp16(__half *, const __half *, const __half *, const __half *, int, int)"
17181402,17182267,"k_add(__half *, const __half *, unsigned long long)"
17183610,17186683,"k_layernorm(__half *, const __half *, const __half *, const __half *, int, int)"
17188027,17204412,"k_gemv_fp16(__half *, const __half *, const __half *, const __half *, int, int)"
17205756,17206748,"k_kv_append(__half *, __half *, const __half *, int, int)"
17208572,17218045,"k_attn_decode(__half *, const __half *, const __half *, const __half *, int, int)"
17219229,17225949,"k_gemv_fp16(__half *, const __half *, const __half *, const __half *, int, int)"
17227165,17228030,"k_add(__half *, const __half *, unsigned long long)"
17229278,17232190,"k_layernorm(__half *, const __half *, const __half *, const __half *, int, int)"
17234078,17255040,"k_gemv_fp16(__half *, const __half *, const __half *, const __half *, int, int)"
17324708,17325604,"k_gelu(__half *, unsigned long long)"
17326949,17349862,"k_gemv_fp16(__half *, const __half *, const __half *, const __half *, int, int)"
17351270,17352134,"k_add(__half *, const __half *, unsigned long long)"
17353895,17356871,"k_layernorm(__half *, const __half *, const __half *, const __half *, int, int)"
17358183,17374600,"k_gemv_fp16(__half *, const __half *, const __half *, const __half *, int, int)"
17376104,17377064,"k_kv_append(__half *, __half *, const __half *, int, int)"
17378344,17387881,"k_attn_decode(__half *, const __half *, const __half *, const __half *, int, int)"
17389769,17396489,"k_gemv_fp16(__half *, const __half *, const __half *, const __half *, int, int)"
17397865,17398729,"k_add(__half *, const __half *, unsigned long long)"
17399978,17403018,"k_layernorm(__half *, const __half *, const __half *, const __half *, int, int)"
17404266,17425196,"k_gemv_fp16(__half *, const __half *, const __half *, const __half *, int, int)"
17427116,17428012,"k_gelu(__half *, unsigned long long)"
17429260,17452077,"k_gemv_fp16(__half *, const __half *, const __half *, const __half *, int, int)"
17453421,17454285,"k_add(__half *, const __half *, unsigned long long)"
17455566,17458606,"k_layernorm(__half *, const __half *, const __half *, const __half *, int, int)"
17460462,17476591,"k_gemv_fp16(__half *, const __half *, const __half *, const __half *, int, int)"
17477871,17478831,"k_kv_append(__half *, __half *, const __half *, int, int)"
17480175,17489520,"k_attn_decode(__half *, const __half *, const __half *, const __half *, int, int)"
17490928,17497617,"k_gemv_fp16(__half *, const __half *, const __half *, const __half *, int, int)"
17499409,17500305,"k_add(__half *, const __half *, unsigned long long)"
17501553,17504529,"k_layernorm(__half *, const __half *, const __half *, const __half *, int, int)"
17505745,17526675,"k_gemv_fp16(__half *, const __half *, const __half *, const __half *, int, int)"
17528051,17528979,"k_gelu(__half *, unsigned long long)"
17530739,17553717,"k_gemv_fp16(__half *, const __half *, const __half *, const __half *, int, int)"
17555156,17556020,"k_add(__half *, const __half *, unsigned long long)"
17557365,17560341,"k_layernorm(__half *, const __half *, const __half *, const __half *, int, int)"
17561685,17577878,"k_gemv_fp16(__half *, const __half *, const __half *, const __half *, int, int)"
17579702,17580694,"k_kv_append(__half *, __half *, const __half *, int, int)"
17581910,17591511,"k_attn_decode(__half *, const __half *, const __half *, const __half *, int, int)"
17592727,17599480,"k_gemv_fp16(__half *, const __half *, const __half *, const __half *, int, int)"
17600760,17601656,"k_add(__half *, const __half *, unsigned long long)"
17603992,17606968,"k_layernorm(__half *, const __half *, const __half *, const __half *, int, int)"
17638586,17659580,"k_gemv_fp16(__half *, const __half *, const __half *, const __half *, int, int)"
17660924,17661852,"k_gelu(__half *, unsigned long long)"
17663132,17685950,"k_gemv_fp16(__half *, const __half *, const __half *, const __half *, int, int)"
17687838,17688702,"k_add(__half *, const __half *, unsigned long long)"
17690014,17692990,"k_layernorm(__half *, const __half *, const __half *, const __half *, int, int)"
17694302,18005620,"k_gemv_fp16(__half *, const __half *, const __half *, const __half *, int, int)"
18052503,18053815,"k_embed_one(__half *, const __half *, const __half *, int, int)"
18060664,18063608,"k_layernorm(__half *, const __half *, const __half *, const __half *, int, int)"
18067961,18084378,"k_gemv_fp16(__half *, const __half *, const __half *, const __half *, int, int)"
18085850,18086842,"k_kv_append(__half *, __half *, const __half *, int, int)"
18088346,18097723,"k_attn_decode(__half *, const __half *, const __half *, const __half *, int, int)"
18099579,18106299,"k_gemv_fp16(__half *, const __half *, const __half *, const __half *, int, int)"
18107675,18108539,"k_add(__half *, const __half *, unsigned long long)"
18111836,18114812,"k_layernorm(__half *, const __half *, const __half *, const __half *, int, int)"
18121916,18142910,"k_gemv_fp16(__half *, const __half *, const __half *, const __half *, int, int)"
18144958,18145854,"k_gelu(__half *, unsigned long long)"
18147166,18170144,"k_gemv_fp16(__half *, const __half *, const __half *, const __half *, int, int)"
18171648,18172544,"k_add(__half *, const __half *, unsigned long long)"
18173920,18177024,"k_layernorm(__half *, const __half *, const __half *, const __half *, int, int)"
18179264,18195682,"k_gemv_fp16(__half *, const __half *, const __half *, const __half *, int, int)"
18197154,18198114,"k_kv_append(__half *, __half *, const __half *, int, int)"
18199394,18208994,"k_attn_decode(__half *, const __half *, const __half *, const __half *, int, int)"
18210339,18217123,"k_gemv_fp16(__half *, const __half *, const __half *, const __half *, int, int)"
18219139,18220035,"k_add(__half *, const __half *, unsigned long long)"
18221283,18224292,"k_layernorm(__half *, const __half *, const __half *, const __half *, int, int)"
18225636,18246565,"k_gemv_fp16(__half *, const __half *, const __half *, const __half *, int, int)"
18247909,18248805,"k_gelu(__half *, unsigned long long)"
18250629,18273607,"k_gemv_fp16(__half *, const __half *, const __half *, const __half *, int, int)"
18274951,18275847,"k_add(__half *, const __half *, unsigned long long)"
18277095,18280039,"k_layernorm(__half *, const __half *, const __half *, const __half *, int, int)"
18281351,18297577,"k_gemv_fp16(__half *, const __half *, const __half *, const __half *, int, int)"
18299433,18300393,"k_kv_append(__half *, __half *, const __half *, int, int)"
18301737,18311466,"k_attn_decode(__half *, const __half *, const __half *, const __half *, int, int)"
18312778,18319498,"k_gemv_fp16(__half *, const __half *, const __half *, const __half *, int, int)"
18323594,18324490,"k_add(__half *, const __half *, unsigned long long)"
18351821,18354765,"k_layernorm(__half *, const __half *, const __half *, const __half *, int, int)"
18359053,18380014,"k_gemv_fp16(__half *, const __half *, const __half *, const __half *, int, int)"
18381391,18382287,"k_gelu(__half *, unsigned long long)"
18383599,18406480,"k_gemv_fp16(__half *, const __half *, const __half *, const __half *, int, int)"
18408464,18409360,"k_add(__half *, const __half *, unsigned long long)"
18410705,18413649,"k_layernorm(__half *, const __half *, const __half *, const __half *, int, int)"
18415025,18431218,"k_gemv_fp16(__half *, const __half *, const __half *, const __half *, int, int)"
18432626,18433618,"k_kv_append(__half *, __half *, const __half *, int, int)"
18435474,18444979,"k_attn_decode(__half *, const __half *, const __half *, const __half *, int, int)"
18446355,18453044,"k_gemv_fp16(__half *, const __half *, const __half *, const __half *, int, int)"
18454388,18455284,"k_add(__half *, const __half *, unsigned long long)"
18456596,18459572,"k_layernorm(__half *, const __half *, const __half *, const __half *, int, int)"
18461300,18482293,"k_gemv_fp16(__half *, const __half *, const __half *, const __half *, int, int)"
18483606,18484534,"k_gelu(__half *, unsigned long long)"
18485750,18508567,"k_gemv_fp16(__half *, const __half *, const __half *, const __half *, int, int)"
18509943,18510807,"k_add(__half *, const __half *, unsigned long long)"
18512632,18515640,"k_layernorm(__half *, const __half *, const __half *, const __half *, int, int)"
18516888,18533049,"k_gemv_fp16(__half *, const __half *, const __half *, const __half *, int, int)"
18534457,18535417,"k_kv_append(__half *, __half *, const __half *, int, int)"
18536985,18546778,"k_attn_decode(__half *, const __half *, const __half *, const __half *, int, int)"
18548698,18555419,"k_gemv_fp16(__half *, const __half *, const __half *, const __half *, int, int)"
18556763,18557627,"k_add(__half *, const __half *, unsigned long long)"
18559003,18561947,"k_layernorm(__half *, const __half *, const __half *, const __half *, int, int)"
18586333,18607262,"k_gemv_fp16(__half *, const __half *, const __half *, const __half *, int, int)"
18609183,18610079,"k_gelu(__half *, unsigned long long)"
18611487,18634304,"k_gemv_fp16(__half *, const __half *, const __half *, const __half *, int, int)"
18635680,18636544,"k_add(__half *, const __half *, unsigned long long)"
18637856,18640833,"k_layernorm(__half *, const __half *, const __half *, const __half *, int, int)"
18642753,18659074,"k_gemv_fp16(__half *, const __half *, const __half *, const __half *, int, int)"
18660354,18661314,"k_kv_append(__half *, __half *, const __half *, int, int)"
18662658,18672291,"k_attn_decode(__half *, const __half *, const __half *, const __half *, int, int)"
18673795,18680547,"k_gemv_fp16(__half *, const __half *, const __half *, const __half *, int, int)"
18682436,18683332,"k_add(__half *, const __half *, unsigned long long)"
18684644,18687716,"k_layernorm(__half *, const __half *, const __half *, const __half *, int, int)"
18688996,18709958,"k_gemv_fp16(__half *, const __half *, const __half *, const __half *, int, int)"
18711302,18712230,"k_gelu(__half *, unsigned long long)"
18713958,18736775,"k_gemv_fp16(__half *, const __half *, const __half *, const __half *, int, int)"
18738344,18739208,"k_add(__half *, const __half *, unsigned long long)"
18740616,18743592,"k_layernorm(__half *, const __half *, const __half *, const __half *, int, int)"
18744808,18761097,"k_gemv_fp16(__half *, const __half *, const __half *, const __half *, int, int)"
18763017,18763977,"k_kv_append(__half *, __half *, const __half *, int, int)"
18765289,18774666,"k_attn_decode(__half *, const __half *, const __half *, const __half *, int, int)"
18775914,18782603,"k_gemv_fp16(__half *, const __half *, const __half *, const __half *, int, int)"
18783915,18784779,"k_add(__half *, const __half *, unsigned long long)"
18786283,18789195,"k_layernorm(__half *, const __half *, const __half *, const __half *, int, int)"
18815853,18836847,"k_gemv_fp16(__half *, const __half *, const __half *, const __half *, int, int)"
18838159,18839087,"k_gelu(__half *, unsigned long long)"
18840303,18863120,"k_gemv_fp16(__half *, const __half *, const __half *, const __half *, int, int)"
18865072,18865969,"k_add(__half *, const __half *, unsigned long long)"
18867281,18870417,"k_layernorm(__half *, const __half *, const __half *, const __half *, int, int)"
18871697,18887858,"k_gemv_fp16(__half *, const __half *, const __half *, const __half *, int, int)"
18889138,18890130,"k_kv_append(__half *, __half *, const __half *, int, int)"
18891922,18901395,"k_attn_decode(__half *, const __half *, const __half *, const __half *, int, int)"
18902771,18909460,"k_gemv_fp16(__half *, const __half *, const __half *, const __half *, int, int)"
18910836,18911732,"k_add(__half *, const __half *, unsigned long long)"
18913044,18916020,"k_layernorm(__half *, const __half *, const __half *, const __half *, int, int)"
18917332,18938294,"k_gemv_fp16(__half *, const __half *, const __half *, const __half *, int, int)"
18939702,18940630,"k_gelu(__half *, unsigned long long)"
18941846,18964951,"k_gemv_fp16(__half *, const __half *, const __half *, const __half *, int, int)"
18966296,18967160,"k_add(__half *, const __half *, unsigned long long)"
18968952,18971896,"k_layernorm(__half *, const __half *, const __half *, const __half *, int, int)"
18973336,18989689,"k_gemv_fp16(__half *, const __half *, const __half *, const __half *, int, int)"
18991225,18992217,"k_kv_append(__half *, __half *, const __half *, int, int)"
18993561,19002906,"k_attn_decode(__half *, const __half *, const __half *, const __half *, int, int)"
19004250,19011035,"k_gemv_fp16(__half *, const __half *, const __half *, const __half *, int, int)"
19012315,19013211,"k_add(__half *, const __half *, unsigned long long)"
19014491,19017403,"k_layernorm(__half *, const __half *, const __half *, const __half *, int, int)"
19018715,19039741,"k_gemv_fp16(__half *, const __half *, const __half *, const __half *, int, int)"
19041629,19042525,"k_gelu(__half *, unsigned long long)"
19043901,19066783,"k_gemv_fp16(__half *, const __half *, const __half *, const __half *, int, int)"
19068063,19068927,"k_add(__half *, const __half *, unsigned long long)"
19070271,19073215,"k_layernorm(__half *, const __half *, const __half *, const __half *, int, int)"
19075071,19091392,"k_gemv_fp16(__half *, const __half *, const __half *, const __half *, int, int)"
19092736,19093728,"k_kv_append(__half *, __half *, const __half *, int, int)"
19095040,19104513,"k_attn_decode(__half *, const __half *, const __half *, const __half *, int, int)"
19105793,19112546,"k_gemv_fp16(__half *, const __half *, const __half *, const __half *, int, int)"
19114338,19115234,"k_add(__half *, const __half *, unsigned long long)"
19116482,19119458,"k_layernorm(__half *, const __half *, const __half *, const __half *, int, int)"
19120738,19141700,"k_gemv_fp16(__half *, const __half *, const __half *, const __half *, int, int)"
19143012,19143908,"k_gelu(__half *, unsigned long long)"
19145828,19168710,"k_gemv_fp16(__half *, const __half *, const __half *, const __half *, int, int)"
19170278,19171174,"k_add(__half *, const __half *, unsigned long long)"
19172518,19175494,"k_layernorm(__half *, const __half *, const __half *, const __half *, int, int)"
19176806,19192999,"k_gemv_fp16(__half *, const __half *, const __half *, const __half *, int, int)"
19194824,19195784,"k_kv_append(__half *, __half *, const __half *, int, int)"
19197288,19207048,"k_attn_decode(__half *, const __half *, const __half *, const __half *, int, int)"
19208328,19215081,"k_gemv_fp16(__half *, const __half *, const __half *, const __half *, int, int)"
19216521,19217385,"k_add(__half *, const __half *, unsigned long long)"
19219273,19222249,"k_layernorm(__half *, const __half *, const __half *, const __half *, int, int)"
19223530,19244459,"k_gemv_fp16(__half *, const __half *, const __half *, const __half *, int, int)"
19245835,19246763,"k_gelu(__half *, unsigned long long)"
19248011,19270925,"k_gemv_fp16(__half *, const __half *, const __half *, const __half *, int, int)"
19276365,19277261,"k_add(__half *, const __half *, unsigned long long)"
19282958,19285934,"k_layernorm(__half *, const __half *, const __half *, const __half *, int, int)"
19289774,19305935,"k_gemv_fp16(__half *, const __half *, const __half *, const __half *, int, int)"
19307248,19308239,"k_kv_append(__half *, __half *, const __half *, int, int)"
19310608,19319920,"k_attn_decode(__half *, const __half *, const __half *, const __half *, int, int)"
19321233,19327953,"k_gemv_fp16(__half *, const __half *, const __half *, const __half *, int, int)"
19329201,19330065,"k_add(__half *, const __half *, unsigned long long)"
19331473,19334513,"k_layernorm(__half *, const __half *, const __half *, const __half *, int, int)"
19351379,19372308,"k_gemv_fp16(__half *, const __half *, const __half *, const __half *, int, int)"
19373652,19374580,"k_gelu(__half *, unsigned long long)"
19375828,19398902,"k_gemv_fp16(__half *, const __half *, const __half *, const __half *, int, int)"
19400246,19401110,"k_add(__half *, const __half *, unsigned long long)"
19402870,19405846,"k_layernorm(__half *, const __half *, const __half *, const __half *, int, int)"
19407286,19718636,"k_gemv_fp16(__half *, const __half *, const __half *, const __half *, int, int)"
19763599,19764880,"k_embed_one(__half *, const __half *, const __half *, int, int)"
19771824,19774800,"k_layernorm(__half *, const __half *, const __half *, const __half *, int, int)"
19780465,19796914,"k_gemv_fp16(__half *, const __half *, const __half *, const __half *, int, int)"
19798610,19799602,"k_kv_append(__half *, __half *, const __half *, int, int)"
19801330,19810963,"k_attn_decode(__half *, const __half *, const __half *, const __half *, int, int)"
19812659,19819379,"k_gemv_fp16(__half *, const __half *, const __half *, const __half *, int, int)"
19821972,19822836,"k_add(__half *, const __half *, unsigned long long)"
19824436,19827412,"k_layernorm(__half *, const __half *, const __half *, const __half *, int, int)"
19829044,19850101,"k_gemv_fp16(__half *, const __half *, const __half *, const __half *, int, int)"
19891576,19892505,"k_gelu(__half *, unsigned long long)"
19895065,19917946,"k_gemv_fp16(__half *, const __half *, const __half *, const __half *, int, int)"
19919642,19920538,"k_add(__half *, const __half *, unsigned long long)"
19922299,19925243,"k_layernorm(__half *, const __half *, const __half *, const __half *, int, int)"
19926875,19943228,"k_gemv_fp16(__half *, const __half *, const __half *, const __half *, int, int)"
19980479,19981439,"k_kv_append(__half *, __half *, const __half *, int, int)"
19988383,19997984,"k_attn_decode(__half *, const __half *, const __half *, const __half *, int, int)"
19999680,20006465,"k_gemv_fp16(__half *, const __half *, const __half *, const __half *, int, int)"
20008193,20009057,"k_add(__half *, const __half *, unsigned long long)"
20014049,20017025,"k_layernorm(__half *, const __half *, const __half *, const __half *, int, int)"
20021409,20042403,"k_gemv_fp16(__half *, const __half *, const __half *, const __half *, int, int)"
20044067,20044995,"k_gelu(__half *, unsigned long long)"
20046723,20069701,"k_gemv_fp16(__half *, const __half *, const __half *, const __half *, int, int)"
20072229,20073125,"k_add(__half *, const __half *, unsigned long long)"
20074693,20077669,"k_layernorm(__half *, const __half *, const __half *, const __half *, int, int)"
20080230,20096359,"k_gemv_fp16(__half *, const __half *, const __half *, const __half *, int, int)"
20098023,20099015,"k_kv_append(__half *, __half *, const __half *, int, int)"
20101543,20111080,"k_attn_decode(__half *, const __half *, const __half *, const __half *, int, int)"
20112744,20119464,"k_gemv_fp16(__half *, const __half *, const __half *, const __half *, int, int)"
20121128,20122025,"k_add(__half *, const __half *, unsigned long long)"
20166668,20169612,"k_layernorm(__half *, const __half *, const __half *, const __half *, int, int)"
20179693,20200622,"k_gemv_fp16(__half *, const __half *, const __half *, const __half *, int, int)"
20202350,20203278,"k_gelu(__half *, unsigned long long)"
20204782,20227696,"k_gemv_fp16(__half *, const __half *, const __half *, const __half *, int, int)"
20229392,20230256,"k_add(__half *, const __half *, unsigned long long)"
20232688,20235633,"k_layernorm(__half *, const __half *, const __half *, const __half *, int, int)"
20237329,20253554,"k_gemv_fp16(__half *, const __half *, const __half *, const __half *, int, int)"
20255346,20256306,"k_kv_append(__half *, __half *, const __half *, int, int)"
20257938,20267347,"k_attn_decode(__half *, const __half *, const __half *, const __half *, int, int)"
20269779,20276468,"k_gemv_fp16(__half *, const __half *, const __half *, const __half *, int, int)"
20308854,20309750,"k_add(__half *, const __half *, unsigned long long)"
20317430,20320406,"k_layernorm(__half *, const __half *, const __half *, const __half *, int, int)"
20325239,20346168,"k_gemv_fp16(__half *, const __half *, const __half *, const __half *, int, int)"
20348760,20349689,"k_gelu(__half *, unsigned long long)"
20351577,20374426,"k_gemv_fp16(__half *, const __half *, const __half *, const __half *, int, int)"
20376058,20376954,"k_add(__half *, const __half *, unsigned long long)"
20378491,20381435,"k_layernorm(__half *, const __half *, const __half *, const __half *, int, int)"
20384059,20400252,"k_gemv_fp16(__half *, const __half *, const __half *, const __half *, int, int)"
20401980,20402940,"k_kv_append(__half *, __half *, const __half *, int, int)"
20404700,20414045,"k_attn_decode(__half *, const __half *, const __half *, const __half *, int, int)"
20415645,20422366,"k_gemv_fp16(__half *, const __half *, const __half *, const __half *, int, int)"
20424670,20425566,"k_add(__half *, const __half *, unsigned long long)"
20427198,20430142,"k_layernorm(__half *, const __half *, const __half *, const __half *, int, int)"
20454592,20475586,"k_gemv_fp16(__half *, const __half *, const __half *, const __half *, int, int)"
20477954,20478882,"k_gelu(__half *, unsigned long long)"
20481314,20504163,"k_gemv_fp16(__half *, const __half *, const __half *, const __half *, int, int)"
20505828,20506692,"k_add(__half *, const __half *, unsigned long long)"
20508484,20511460,"k_layernorm(__half *, const __half *, const __half *, const __half *, int, int)"
20513124,20529349,"k_gemv_fp16(__half *, const __half *, const __half *, const __half *, int, int)"
20531781,20532773,"k_kv_append(__half *, __half *, const __half *, int, int)"
20534565,20544134,"k_attn_decode(__half *, const __half *, const __half *, const __half *, int, int)"
20545798,20552551,"k_gemv_fp16(__half *, const __half *, const __half *, const __half *, int, int)"
20554279,20555143,"k_add(__half *, const __half *, unsigned long long)"
20557479,20560423,"k_layernorm(__half *, const __half *, const __half *, const __half *, int, int)"
20562088,20583113,"k_gemv_fp16(__half *, const __half *, const __half *, const __half *, int, int)"
20584745,20585673,"k_gelu(__half *, unsigned long long)"
20587273,20610155,"k_gemv_fp16(__half *, const __half *, const __half *, const __half *, int, int)"
20652622,20653486,"k_add(__half *, const __half *, unsigned long long)"
20655278,20658254,"k_layernorm(__half *, const __half *, const __half *, const __half *, int, int)"
20659982,20676143,"k_gemv_fp16(__half *, const __half *, const __half *, const __half *, int, int)"
20677904,20678896,"k_kv_append(__half *, __half *, const __half *, int, int)"
20681456,20690832,"k_attn_decode(__half *, const __half *, const __half *, const __half *, int, int)"
20710674,20717394,"k_gemv_fp16(__half *, const __half *, const __half *, const __half *, int, int)"
20719123,20719987,"k_add(__half *, const __half *, unsigned long long)"
20721587,20724531,"k_layernorm(__half *, const __half *, const __half *, const __half *, int, int)"
20726899,20747860,"k_gemv_fp16(__half *, const __half *, const __half *, const __half *, int, int)"
20750165,20751093,"k_gelu(__half *, unsigned long long)"
20780407,20803224,"k_gemv_fp16(__half *, const __half *, const __half *, const __half *, int, int)"
20805017,20805913,"k_add(__half *, const __half *, unsigned long long)"
20808153,20811193,"k_layernorm(__half *, const __half *, const __half *, const __half *, int, int)"
20812889,20829114,"k_gemv_fp16(__half *, const __half *, const __half *, const __half *, int, int)"
20832218,20833178,"k_kv_append(__half *, __half *, const __half *, int, int)"
20834587,20844219,"k_attn_decode(__half *, const __half *, const __half *, const __half *, int, int)"
20846332,20852988,"k_gemv_fp16(__half *, const __half *, const __half *, const __half *, int, int)"
20854876,20855772,"k_add(__half *, const __half *, unsigned long long)"
20857308,20860316,"k_layernorm(__half *, const __half *, const __half *, const __half *, int, int)"
20863197,20884190,"k_gemv_fp16(__half *, const __half *, const __half *, const __half *, int, int)"
20886366,20887294,"k_gelu(__half *, unsigned long long)"
20888702,20911552,"k_gemv_fp16(__half *, const __half *, const __half *, const __half *, int, int)"
20912928,20913824,"k_add(__half *, const __half *, unsigned long long)"
20915840,20918785,"k_layernorm(__half *, const __half *, const __half *, const __half *, int, int)"
20942210,20958499,"k_gemv_fp16(__half *, const __half *, const __half *, const __half *, int, int)"
20960003,20960963,"k_kv_append(__half *, __half *, const __half *, int, int)"
20962436,20972004,"k_attn_decode(__half *, const __half *, const __half *, const __half *, int, int)"
20973476,20980197,"k_gemv_fp16(__half *, const __half *, const __half *, const __half *, int, int)"
20982405,20983301,"k_add(__half *, const __half *, unsigned long long)"
20984645,20987589,"k_layernorm(__half *, const __half *, const __half *, const __half *, int, int)"
20989061,21010087,"k_gemv_fp16(__half *, const __half *, const __half *, const __half *, int, int)"
21011463,21012359,"k_gelu(__half *, unsigned long long)"
21014343,21037161,"k_gemv_fp16(__half *, const __half *, const __half *, const __half *, int, int)"
21038537,21039433,"k_add(__half *, const __half *, unsigned long long)"
21040841,21043817,"k_layernorm(__half *, const __half *, const __half *, const __half *, int, int)"
21045289,21061482,"k_gemv_fp16(__half *, const __half *, const __half *, const __half *, int, int)"
21063627,21064619,"k_kv_append(__half *, __half *, const __half *, int, int)"
21065931,21075372,"k_attn_decode(__half *, const __half *, const __half *, const __half *, int, int)"
21076780,21083564,"k_gemv_fp16(__half *, const __half *, const __half *, const __half *, int, int)"
21084972,21085868,"k_add(__half *, const __half *, unsigned long long)"
21087212,21090157,"k_layernorm(__half *, const __half *, const __half *, const __half *, int, int)"
21091501,21112366,"k_gemv_fp16(__half *, const __half *, const __half *, const __half *, int, int)"
21113870,21114766,"k_gelu(__half *, unsigned long long)"
21116078,21138896,"k_gemv_fp16(__half *, const __half *, const __half *, const __half *, int, int)"
21141232,21142128,"k_add(__half *, const __half *, unsigned long long)"
21143408,21146352,"k_layernorm(__half *, const __half *, const __half *, const __half *, int, int)"
21147729,21163922,"k_gemv_fp16(__half *, const __half *, const __half *, const __half *, int, int)"
21165426,21166386,"k_kv_append(__half *, __half *, const __half *, int, int)"
21168690,21178099,"k_attn_decode(__half *, const __half *, const __half *, const __half *, int, int)"
21179443,21186163,"k_gemv_fp16(__half *, const __half *, const __half *, const __half *, int, int)"
21187507,21188371,"k_add(__half *, const __half *, unsigned long long)"
21189780,21192884,"k_layernorm(__half *, const __half *, const __half *, const __half *, int, int)"
21194900,21215829,"k_gemv_fp16(__half *, const __half *, const __half *, const __half *, int, int)"
21217430,21218326,"k_gelu(__half *, unsigned long long)"
21241015,21263897,"k_gemv_fp16(__half *, const __half *, const __half *, const __half *, int, int)"
21265369,21266233,"k_add(__half *, const __half *, unsigned long long)"
21268121,21271097,"k_layernorm(__half *, const __half *, const __half *, const __half *, int, int)"
21272537,21288698,"k_gemv_fp16(__half *, const __half *, const __half *, const __half *, int, int)"
21290203,21291163,"k_kv_append(__half *, __half *, const __half *, int, int)"
21292731,21302235,"k_attn_decode(__half *, const __half *, const __half *, const __half *, int, int)"
21304251,21311068,"k_gemv_fp16(__half *, const __half *, const __half *, const __half *, int, int)"
21312572,21313436,"k_add(__half *, const __half *, unsigned long long)"
21314780,21317756,"k_layernorm(__half *, const __half *, const __half *, const __half *, int, int)"
21319133,21340094,"k_gemv_fp16(__half *, const __half *, const __half *, const __half *, int, int)"
21342462,21343358,"k_gelu(__half *, unsigned long long)"
21346942,21369792,"k_gemv_fp16(__half *, const __half *, const __half *, const __half *, int, int)"
21371264,21372160,"k_add(__half *, const __half *, unsigned long long)"
21373568,21376545,"k_layernorm(__half *, const __half *, const __half *, const __half *, int, int)"
21378561,21689911,"k_gemv_fp16(__half *, const __half *, const __half *, const __half *, int, int)"
21745851,21747259,"k_embed_one(__half *, const __half *, const __half *, int, int)"
21753787,21756763,"k_layernorm(__half *, const __half *, const __half *, const __half *, int, int)"
21760860,21777149,"k_gemv_fp16(__half *, const __half *, const __half *, const __half *, int, int)"
21779229,21780189,"k_kv_append(__half *, __half *, const __half *, int, int)"
21781661,21791166,"k_attn_decode(__half *, const __half *, const __half *, const __half *, int, int)"
21792574,21799262,"k_gemv_fp16(__half *, const __half *, const __half *, const __half *, int, int)"
21800766,21801663,"k_add(__half *, const __half *, unsigned long long)"
21803071,21806047,"k_layernorm(__half *, const __half *, const __half *, const __half *, int, int)"
21809183,21830112,"k_gemv_fp16(__half *, const __half *, const __half *, const __half *, int, int)"
21831616,21832545,"k_gelu(__half *, unsigned long long)"
21833985,21856962,"k_gemv_fp16(__half *, const __half *, const __half *, const __half *, int, int)"
21859043,21859938,"k_add(__half *, const __half *, unsigned long long)"
21864867,21867939,"k_layernorm(__half *, const __half *, const __half *, const __half *, int, int)"
21877828,21894117,"k_gemv_fp16(__half *, const __half *, const __half *, const __half *, int, int)"
21895589,21896549,"k_kv_append(__half *, __half *, const __half *, int, int)"
21898693,21908326,"k_attn_decode(__half *, const __half *, const __half *, const __half *, int, int)"
21909798,21916486,"k_gemv_fp16(__half *, const __half *, const __half *, const __half *, int, int)"
21917959,21918823,"k_add(__half *, const __half *, unsigned long long)"
21920167,21923175,"k_layernorm(__half *, const __half *, const __half *, const __half *, int, int)"
21924647,21945577,"k_gemv_fp16(__half *, const __half *, const __half *, const __half *, int, int)"
21946921,21947849,"k_gelu(__half *, unsigned long long)"
21949257,21972202,"k_gemv_fp16(__half *, const __half *, const __half *, const __half *, int, int)"
22013677,22014573,"k_add(__half *, const __half *, unsigned long long)"
22016846,22019822,"k_layernorm(__half *, const __half *, const __half *, const __half *, int, int)"
22021198,22037615,"k_gemv_fp16(__half *, const __half *, const __half *, const __half *, int, int)"
22039119,22040111,"k_kv_append(__half *, __half *, const __half *, int, int)"
22041519,22050896,"k_attn_decode(__half *, const __half *, const __half *, const __half *, int, int)"
22052880,22059633,"k_gemv_fp16(__half *, const __half *, const __half *, const __half *, int, int)"
22062481,22063377,"k_add(__half *, const __half *, unsigned long long)"
22084498,22087475,"k_layernorm(__half *, const __half *, const __half *, const __half *, int, int)"
22089363,22110292,"k_gemv_fp16(__half *, const __half *, const __half *, const __half *, int, int)"
22112436,22113332,"k_gelu(__half *, unsigned long long)"
22114772,22137654,"k_gemv_fp16(__half *, const __half *, const __half *, const __half *, int, int)"
22173017,22173913,"k_add(__half *, const __half *, unsigned long long)"
22200730,22203739,"k_layernorm(__half *, const __half *, const __half *, const __half *, int, int)"
22214267,22230620,"k_gemv_fp16(__half *, const __half *, const __half *, const __half *, int, int)"
22232093,22233085,"k_kv_append(__half *, __half *, const __half *, int, int)"
22236221,22245726,"k_attn_decode(__half *, const __half *, const __half *, const __half *, int, int)"
22247134,22253694,"k_gemv_fp16(__half *, const __half *, const __half *, const __half *, int, int)"
22255838,22256734,"k_add(__half *, const __half *, unsigned long long)"
22262559,22265535,"k_layernorm(__half *, const __half *, const __half *, const __half *, int, int)"
22273952,22294913,"k_gemv_fp16(__half *, const __half *, const __half *, const __half *, int, int)"
22296321,22297217,"k_gelu(__half *, unsigned long long)"
22325955,22348805,"k_gemv_fp16(__half *, const __half *, const __half *, const __half *, int, int)"
22350213,22351109,"k_add(__half *, const __half *, unsigned long long)"
22352581,22355589,"k_layernorm(__half *, const __half *, const __half *, const __half *, int, int)"
22362374,22378407,"k_gemv_fp16(__half *, const __half *, const __half *, const __half *, int, int)"
22380455,22381447,"k_kv_append(__half *, __half *, const __half *, int, int)"
22382823,22392424,"k_attn_decode(__half *, const __half *, const __half *, const __half *, int, int)"
22393992,22400776,"k_gemv_fp16(__half *, const __half *, const __half *, const __half *, int, int)"
22402249,22403113,"k_add(__half *, const __half *, unsigned long long)"
22404489,22407433,"k_layernorm(__half *, const __half *, const __half *, const __half *, int, int)"
22408905,22429931,"k_gemv_fp16(__half *, const __half *, const __half *, const __half *, int, int)"
22431339,22432267,"k_gelu(__half *, unsigned long long)"
22433643,22456556,"k_gemv_fp16(__half *, const __half *, const __half *, const __half *, int, int)"
22458733,22459629,"k_add(__half *, const __half *, unsigned long long)"
22461037,22464077,"k_layernorm(__half *, const __half *, const __half *, const __half *, int, int)"
22465581,22481774,"k_gemv_fp16(__half *, const __half *, const __half *, const __half *, int, int)"
22483246,22484238,"k_kv_append(__half *, __half *, const __half *, int, int)"
22486158,22495759,"k_attn_decode(__half *, const __half *, const __half *, const __half *, int, int)"
22497263,22503888,"k_gemv_fp16(__half *, const __half *, const __half *, const __half *, int, int)"
22505296,22506192,"k_add(__half *, const __half *, unsigned long long)"
22507600,22510672,"k_layernorm(__half *, const __half *, const __half *, const __half *, int, int)"
22512752,22533650,"k_gemv_fp16(__half *, const __half *, const __half *, const __half *, int, int)"
22535122,22536050,"k_gelu(__half *, unsigned long long)"
22537458,22560308,"k_gemv_fp16(__half *, const __half *, const __half *, const __half *, int, int)"
22586998,22587893,"k_add(__half *, const __half *, unsigned long long)"
22594582,22597558,"k_layernorm(__half *, const __half *, const __half *, const __half *, int, int)"
22599767,22616120,"k_gemv_fp16(__half *, const __half *, const __half *, const __half *, int, int)"
22617560,22618520,"k_kv_append(__half *, __half *, const __half *, int, int)"
22619960,22629337,"k_attn_decode(__half *, const __half *, const __half *, const __half *, int, int)"
22631481,22638201,"k_gemv_fp16(__half *, const __half *, const __half *, const __half *, int, int)"
22639609,22640473,"k_add(__half *, const __half *, unsigned long long)"
22641945,22644890,"k_layernorm(__half *, const __half *, const __half *, const __half *, int, int)"
22646298,22667227,"k_gemv_fp16(__half *, const __half *, const __half *, const __half *, int, int)"
22669275,22670203,"k_gelu(__half *, unsigned long long)"
22671868,22694653,"k_gemv_fp16(__half *, const __half *, const __half *, const __half *, int, int)"
22696061,22696957,"k_add(__half *, const __half *, unsigned long long)"
22698333,22701310,"k_layernorm(__half *, const __half *, const __half *, const __half *, int, int)"
22703390,22719583,"k_gemv_fp16(__half *, const __half *, const __half *, const __half *, int, int)"
22721119,22722111,"k_kv_append(__half *, __half *, const __half *, int, int)"
22723551,22732992,"k_attn_decode(__half *, const __half *, const __half *, const __half *, int, int)"
22734464,22741152,"k_gemv_fp16(__half *, const __half *, const __half *, const __half *, int, int)"
22743233,22744097,"k_add(__half *, const __half *, unsigned long long)"
22745505,22748449,"k_layernorm(__half *, const __half *, const __half *, const __half *, int, int)"
22749857,22770818,"k_gemv_fp16(__half *, const __half *, const __half *, const __half *, int, int)"
22772162,22773091,"k_gelu(__half *, unsigned long long)"
22775011,22797860,"k_gemv_fp16(__half *, const __half *, const __half *, const __half *, int, int)"
22799237,22800132,"k_add(__half *, const __half *, unsigned long long)"
22801573,22804549,"k_layernorm(__half *, const __half *, const __half *, const __half *, int, int)"
22806021,22822470,"k_gemv_fp16(__half *, const __half *, const __half *, const __half *, int, int)"
22824454,22825446,"k_kv_append(__half *, __half *, const __half *, int, int)"
22826822,22836359,"k_attn_decode(__half *, const __half *, const __half *, const __half *, int, int)"
22838087,22844840,"k_gemv_fp16(__half *, const __half *, const __half *, const __half *, int, int)"
22846376,22847272,"k_add(__half *, const __half *, unsigned long long)"
22849224,22852136,"k_layernorm(__half *, const __half *, const __half *, const __half *, int, int)"
22853640,22874570,"k_gemv_fp16(__half *, const __half *, const __half *, const __half *, int, int)"
22875882,22876810,"k_gelu(__half *, unsigned long long)"
22878122,22900907,"k_gemv_fp16(__half *, const __half *, const __half *, const __half *, int, int)"
22903436,22904300,"k_add(__half *, const __half *, unsigned long long)"
22905836,22908780,"k_layernorm(__half *, const __half *, const __half *, const __half *, int, int)"
22910188,22926349,"k_gemv_fp16(__half *, const __half *, const __half *, const __half *, int, int)"
22928014,22928974,"k_kv_append(__half *, __half *, const __half *, int, int)"
22931150,22940622,"k_attn_decode(__half *, const __half *, const __half *, const __half *, int, int)"
22942030,22948783,"k_gemv_fp16(__half *, const __half *, const __half *, const __half *, int, int)"
22950095,22950959,"k_add(__half *, const __half *, unsigned long long)"
22952367,22955311,"k_layernorm(__half *, const __half *, const __half *, const __half *, int, int)"
22976657,22997618,"k_gemv_fp16(__half *, const __half *, const __half *, const __half *, int, int)"
22999058,22999954,"k_gelu(__half *, unsigned long long)"
23001299,23024148,"k_gemv_fp16(__half *, const __half *, const __half *, const __half *, int, int)"
23025908,23026772,"k_add(__half *, const __half *, unsigned long long)"
23028853,23031797,"k_layernorm(__half *, const __half *, const __half *, const __half *, int, int)"
23033173,23049526,"k_gemv_fp16(__half *, const __half *, const __half *, const __half *, int, int)"
23051222,23052214,"k_kv_append(__half *, __half *, const __half *, int, int)"
23053718,23063159,"k_attn_decode(__half *, const __half *, const __half *, const __half *, int, int)"
23065143,23071863,"k_gemv_fp16(__half *, const __half *, const __half *, const __half *, int, int)"
23073272,23074168,"k_add(__half *, const __half *, unsigned long long)"
23075544,23078520,"k_layernorm(__half *, const __half *, const __half *, const __half *, int, int)"
23103482,23124443,"k_gemv_fp16(__half *, const __half *, const __half *, const __half *, int, int)"
23126619,23127515,"k_gelu(__half *, unsigned long long)"
23128924,23151805,"k_gemv_fp16(__half *, const __half *, const __half *, const __half *, int, int)"
23153309,23154205,"k_add(__half *, const __half *, unsigned long long)"
23155581,23158526,"k_layernorm(__half *, const __half *, const __half *, const __half *, int, int)"
23160574,23176735,"k_gemv_fp16(__half *, const __half *, const __half *, const __half *, int, int)"
23178175,23179135,"k_kv_append(__half *, __half *, const __half *, int, int)"
23180575,23189984,"k_attn_decode(__half *, const __half *, const __half *, const __half *, int, int)"
23191360,23198048,"k_gemv_fp16(__half *, const __half *, const __half *, const __half *, int, int)"
23200097,23200993,"k_add(__half *, const __half *, unsigned long long)"
23202337,23205281,"k_layernorm(__half *, const __half *, const __half *, const __half *, int, int)"
23209761,23230691,"k_gemv_fp16(__half *, const __half *, const __half *, const __half *, int, int)"
23233859,23234787,"k_gelu(__half *, unsigned long long)"
23256292,23279174,"k_gemv_fp16(__half *, const __half *, const __half *, const __half *, int, int)"
23280614,23281510,"k_add(__half *, const __half *, unsigned long long)"
23283046,23286055,"k_layernorm(__half *, const __half *, const __half *, const __half *, int, int)"
23287463,23598749,"k_gemv_fp16(__half *, const __half *, const __half *, const __half *, int, int)"
23634143,23635487,"k_embed_one(__half *, const __half *, const __half *, int, int)"
23641440,23644448,"k_layernorm(__half *, const __half *, const __half *, const __half *, int, int)"
23670754,23687139,"k_gemv_fp16(__half *, const __half *, const __half *, const __half *, int, int)"
23688547,23689539,"k_kv_append(__half *, __half *, const __half *, int, int)"
23691587,23701252,"k_attn_decode(__half *, const __half *, const __half *, const __half *, int, int)"
23702628,23709348,"k_gemv_fp16(__half *, const __half *, const __half *, const __half *, int, int)"
23710788,23711685,"k_add(__half *, const __half *, unsigned long long)"
23713061,23716005,"k_layernorm(__half *, const __half *, const __half *, const __half *, int, int)"
23718213,23739238,"k_gemv_fp16(__half *, const __half *, const __half *, const __half *, int, int)"
23740743,23741671,"k_gelu(__half *, unsigned long long)"
23743079,23766024,"k_gemv_fp16(__half *, const __half *, const __half *, const __half *, int, int)"
23767496,23768392,"k_add(__half *, const __half *, unsigned long long)"
23804523,23807499,"k_layernorm(__half *, const __half *, const __half *, const __half *, int, int)"
23816876,23833069,"k_gemv_fp16(__half *, const __half *, const __half *, const __half *, int, int)"
23834509,23835469,"k_kv_append(__half *, __half *, const __half *, int, int)"
23837325,23846862,"k_attn_decode(__half *, const __half *, const __half *, const __half *, int, int)"
23849038,23855855,"k_gemv_fp16(__half *, const __half *, const __half *, const __half *, int, int)"
23857359,23858255,"k_add(__half *, const __half *, unsigned long long)"
23860303,23863279,"k_layernorm(__half *, const __half *, const __half *, const __half *, int, int)"
23867567,23888529,"k_gemv_fp16(__half *, const __half *, const __half *, const __half *, int, int)"
23890577,23891473,"k_gelu(__half *, unsigned long long)"
23892945,23915923,"k_gemv_fp16(__half *, const __half *, const __half *, const __half *, int, int)"
23917427,23918291,"k_add(__half *, const __half *, unsigned long long)"
23919763,23922771,"k_layernorm(__half *, const __half *, const __half *, const __half *, int, int)"
23924755,23941045,"k_gemv_fp16(__half *, const __half *, const __half *, const __half *, int, int)"
23942485,23943477,"k_kv_append(__half *, __half *, const __half *, int, int)"
23944853,23954165,"k_attn_decode(__half *, const __half *, const __half *, const __half *, int, int)"
23955638,23962358,"k_gemv_fp16(__half *, const __half *, const __half *, const __half *, int, int)"
23964374,23965270,"k_add(__half *, const __half *, unsigned long long)"
23966678,23969622,"k_layernorm(__half *, const __half *, const __half *, const __half *, int, int)"
23971095,23992088,"k_gemv_fp16(__half *, const __half *, const __half *, const __half *, int, int)"
23993720,23994648,"k_gelu(__half *, unsigned long long)"
23996664,24019546,"k_gemv_fp16(__half *, const __half *, const __half *, const __half *, int, int)"
24020954,24021850,"k_add(__half *, const __half *, unsigned long long)"
24023226,24026171,"k_layernorm(__half *, const __half *, const __half *, const __half *, int, int)"
24031963,24048220,"k_gemv_fp16(__half *, const __half *, const __half *, const __half *, int, int)"
24050332,24051292,"k_kv_append(__half *, __half *, const __half *, int, int)"
24052732,24062109,"k_attn_decode(__half *, const __half *, const __half *, const __half *, int, int)"
24074302,24081022,"k_gemv_fp16(__half *, const __half *, const __half *, const __half *, int, int)"
24082654,24083551,"k_add(__half *, const __half *, unsigned long long)"
24089567,24092543,"k_layernorm(__half *, const __half *, const __half *, const __half *, int, int)"
24095903,24116833,"k_gemv_fp16(__half *, const __half *, const __half *, const __half *, int, int)"
24118241,24119169,"k_gelu(__half *, unsigned long long)"
24120577,24143395,"k_gemv_fp16(__half *, const __half *, const __half *, const __half *, int, int)"
24145443,24146339,"k_add(__half *, const __half *, unsigned long long)"
24147651,24150627,"k_layernorm(__half *, const __half *, const __half *, const __half *, int, int)"
24152515,24168773,"k_gemv_fp16(__half *, const __half *, const __half *, const __half *, int, int)"
24170245,24171205,"k_kv_append(__half *, __half *, const __half *, int, int)"
24173189,24182694,"k_attn_decode(__half *, const __half *, const __half *, const __half *, int, int)"
24184133,24190854,"k_gemv_fp16(__half *, const __half *, const __half *, const __half *, int, int)"
24192454,24193350,"k_add(__half *, const __half *, unsigned long long)"
24194758,24197895,"k_layernorm(__half *, const __half *, const __half *, const __half *, int, int)"
24199463,24220456,"k_gemv_fp16(__half *, const __half *, const __half *, const __half *, int, int)"
24221960,24222888,"k_gelu(__half *, unsigned long long)"
24224296,24247082,"k_gemv_fp16(__half *, const __half *, const __half *, const __half *, int, int)"
24248458,24249322,"k_add(__half *, const __half *, unsigned long long)"
24251114,24254058,"k_layernorm(__half *, const __half *, const __half *, const __half *, int, int)"
24255338,24271532,"k_gemv_fp16(__half *, const __half *, const __half *, const __half *, int, int)"
24272812,24273772,"k_kv_append(__half *, __half *, const __half *, int, int)"
24275180,24284877,"k_attn_decode(__half *, const __half *, const __half *, const __half *, int, int)"
24286765,24293517,"k_gemv_fp16(__half *, const __half *, const __half *, const __half *, int, int)"
24294829,24295726,"k_add(__half *, const __half *, unsigned long long)"
24297102,24300078,"k_layernorm(__half *, const __half *, const __half *, const __half *, int, int)"
24301454,24322447,"k_gemv_fp16(__half *, const __half *, const __half *, const __half *, int, int)"
24324495,24325423,"k_gelu(__half *, unsigned long long)"
24326672,24349553,"k_gemv_fp16(__half *, const __half *, const __half *, const __half *, int, int)"
24350929,24351825,"k_add(__half *, const __half *, unsigned long long)"
24353265,24356242,"k_layernorm(__half *, const __half *, const __half *, const __half *, int, int)"
24358162,24374355,"k_gemv_fp16(__half *, const __half *, const __half *, const __half *, int, int)"
24375763,24376723,"k_kv_append(__half *, __half *, const __half *, int, int)"
24378035,24387508,"k_attn_decode(__half *, const __half *, const __half *, const __half *, int, int)"
24388788,24395476,"k_gemv_fp16(__half *, const __half *, const __half *, const __half *, int, int)"
24397397,24398293,"k_add(__half *, const __half *, unsigned long long)"
24399637,24402645,"k_layernorm(__half *, const __half *, const __half *, const __half *, int, int)"
24403925,24424855,"k_gemv_fp16(__half *, const __half *, const __half *, const __half *, int, int)"
24426167,24427095,"k_gelu(__half *, unsigned long long)"
24428919,24451768,"k_gemv_fp16(__half *, const __half *, const __half *, const __half *, int, int)"
24453144,24454041,"k_add(__half *, const __half *, unsigned long long)"
24455320,24458297,"k_layernorm(__half *, const __half *, const __half *, const __half *, int, int)"
24459609,24476026,"k_gemv_fp16(__half *, const __half *, const __half *, const __half *, int, int)"
24477946,24478906,"k_kv_append(__half *, __half *, const __half *, int, int)"
24480154,24489627,"k_attn_decode(__half *, const __half *, const __half *, const __half *, int, int)"
24490971,24497532,"k_gemv_fp16(__half *, const __half *, const __half *, const __half *, int, int)"
24499004,24499900,"k_add(__half *, const __half *, unsigned long long)"
24501276,24504220,"k_layernorm(__half *, const __half *, const __half *, const __half *, int, int)"
24507324,24528318,"k_gemv_fp16(__half *, const __half *, const __half *, const __half *, int, int)"
24529758,24530654,"k_gelu(__half *, unsigned long long)"
24532094,24554912,"k_gemv_fp16(__half *, const __half *, const __half *, const __half *, int, int)"
24556768,24557664,"k_add(__half *, const __half *, unsigned long long)"
24559040,24562016,"k_layernorm(__half *, const __half *, const __half *, const __half *, int, int)"
24563296,24579617,"k_gemv_fp16(__half *, const __half *, const __half *, const __half *, int, int)"
24580961,24581954,"k_kv_append(__half *, __half *, const __half *, int, int)"
24583874,24593314,"k_attn_decode(__half *, const __half *, const __half *, const __half *, int, int)"
24594562,24601315,"k_gemv_fp16(__half *, const __half *, const __half *, const __half *, int, int)"
24633861,24634725,"k_add(__half *, const __half *, unsigned long long)"
24643046,24645958,"k_layernorm(__half *, const __half *, const __half *, const __half *, int, int)"
24650694,24671656,"k_gemv_fp16(__half *, const __half *, const __half *, const __half *, int, int)"
24672968,24673864,"k_gelu(__half *, unsigned long long)"
24675176,24697962,"k_gemv_fp16(__half *, const __half *, const __half *, const __half *, int, int)"
24699402,24700266,"k_add(__half *, const __half *, unsigned long long)"
24702026,24705034,"k_layernorm(__half *, const __half *, const __half *, const __half *, int, int)"
24706346,24722507,"k_gemv_fp16(__half *, const __half *, const __half *, const __half *, int, int)"
24723819,24724779,"k_kv_append(__half *, __half *, const __half *, int, int)"
24726092,24735788,"k_attn_decode(__half *, const __half *, const __half *, const __half *, int, int)"
24757358,24764078,"k_gemv_fp16(__half *, const __half *, const __half *, const __half *, int, int)"
24769519,24770383,"k_add(__half *, const __half *, unsigned long long)"
24779951,24782896,"k_layernorm(__half *, const __half *, const __half *, const __half *, int, int)"
24786960,24807921,"k_gemv_fp16(__half *, const __half *, const __half *, const __half *, int, int)"
24810065,24810961,"k_gelu(__half *, unsigned long long)"
24812370,24835187,"k_gemv_fp16(__half *, const __half *, const __half *, const __half *, int, int)"
24836467,24837363,"k_add(__half *, const __half *, unsigned long long)"
24839092,24842036,"k_layernorm(__half *, const __half *, const __half *, const __half *, int, int)"
24843956,24860213,"k_gemv_fp16(__half *, const __half *, const __half *, const __half *, int, int)"
24861557,24862549,"k_kv_append(__half *, __half *, const __half *, int, int)"
24863893,24873462,"k_attn_decode(__half *, const __half *, const __half *, const __half *, int, int)"
24874838,24881558,"k_gemv_fp16(__half *, const __half *, const __half *, const __half *, int, int)"
24883415,24884279,"k_add(__half *, const __half *, unsigned long long)"
24885591,24888599,"k_layernorm(__half *, const __half *, const __half *, const __half *, int, int)"
24889975,24911032,"k_gemv_fp16(__half *, const __half *, const __half *, const __half *, int, int)"
24912345,24913241,"k_gelu(__half *, unsigned long long)"
24915065,24937914,"k_gemv_fp16(__half *, const __half *, const __half *, const __half *, int, int)"
24939290,24940187,"k_add(__half *, const __half *, unsigned long long)"
24949179,24952124,"k_layernorm(__half *, const __half *, const __half *, const __half *, int, int)"
24959644,24975869,"k_gemv_fp16(__half *, const __half *, const __half *, const __half *, int, int)"
24977757,24978717,"k_kv_append(__half *, __half *, const __half *, int, int)"
24983102,24992606,"k_attn_decode(__half *, const __half *, const __half *, const __half *, int, int)"
24993982,25000703,"k_gemv_fp16(__half *, const __half *, const __half *, const __half *, int, int)"
25002079,25002975,"k_add(__half *, const __half *, unsigned long long)"
25004319,25007295,"k_layernorm(__half *, const __half *, const __half *, const __half *, int, int)"
25029825,25050818,"k_gemv_fp16(__half *, const __half *, const __half *, const __half *, int, int)"
25052322,25053219,"k_gelu(__half *, unsigned long long)"
25054563,25077380,"k_gemv_fp16(__half *, const __half *, const __half *, const __half *, int, int)"
25079332,25080228,"k_add(__half *, const __half *, unsigned long long)"
25081540,25084485,"k_layernorm(__half *, const __half *, const __half *, const __half *, int, int)"
25085733,25396923,"k_gemv_fp16(__half *, const __half *, const __half *, const __half *, int, int)"
25456927,25458207,"k_embed_one(__half *, const __half *, const __half *, int, int)"
25465663,25468704,"k_layernorm(__half *, const __half *, const __half *, const __half *, int, int)"
25472544,25489025,"k_gemv_fp16(__half *, const __half *, const __half *, const __half *, int, int)"
25490529,25491489,"k_kv_append(__half *, __half *, const __half *, int, int)"
25493441,25502850,"k_attn_decode(__half *, const __half *, const __half *, const __half *, int, int)"
25504930,25511683,"k_gemv_fp16(__half *, const __half *, const __half *, const __half *, int, int)"
25524420,25525284,"k_add(__half *, const __half *, unsigned long long)"
25526948,25529924,"k_layernorm(__half *, const __half *, const __half *, const __half *, int, int)"
25556262,25577319,"k_gemv_fp16(__half *, const __half *, const __half *, const __half *, int, int)"
25579880,25580776,"k_gelu(__half *, unsigned long long)"
25582440,25605289,"k_gemv_fp16(__half *, const __half *, const __half *, const __half *, int, int)"
25606985,25607882,"k_add(__half *, const __half *, unsigned long long)"
25609577,25612554,"k_layernorm(__half *, const __half *, const __half *, const __half *, int, int)"
25615146,25631403,"k_gemv_fp16(__half *, const __half *, const __half *, const __half *, int, int)"
25633067,25634027,"k_kv_append(__half *, __half *, const __half *, int, int)"
25635723,25645196,"k_attn_decode(__half *, const __half *, const __half *, const __half *, int, int)"
25646860,25653645,"k_gemv_fp16(__half *, const __half *, const __half *, const __half *, int, int)"
25655949,25656845,"k_add(__half *, const __half *, unsigned long long)"
25681903,25684911,"k_layernorm(__half *, const __half *, const __half *, const __half *, int, int)"
25690575,25711569,"k_gemv_fp16(__half *, const __half *, const __half *, const __half *, int, int)"
25713233,25714161,"k_gelu(__half *, unsigned long long)"
25716465,25739475,"k_gemv_fp16(__half *, const __half *, const __half *, const __half *, int, int)"
25741171,25742067,"k_add(__half *, const __half *, unsigned long long)"
25743699,25746707,"k_layernorm(__half *, const __half *, const __half *, const __half *, int, int)"
25748435,25764757,"k_gemv_fp16(__half *, const __half *, const __half *, const __half *, int, int)"
25767317,25768277,"k_kv_append(__half *, __half *, const __half *, int, int)"
25769909,25779413,"k_attn_decode(__half *, const __half *, const __half *, const __half *, int, int)"
25781110,25787766,"k_gemv_fp16(__half *, const __half *, const __half *, const __half *, int, int)"
25789334,25790230,"k_add(__half *, const __half *, unsigned long long)"
25823417,25826393,"k_layernorm(__half *, const __half *, const __half *, const __half *, int, int)"
25831385,25852346,"k_gemv_fp16(__half *, const __half *, const __half *, const __half *, int, int)"
25854107,25855003,"k_gelu(__half *, unsigned long long)"
25856635,25879453,"k_gemv_fp16(__half *, const __half *, const __half *, const __half *, int, int)"
25882141,25883037,"k_add(__half *, const __half *, unsigned long long)"
25884637,25887645,"k_layernorm(__half *, const __half *, const __half *, const __half *, int, int)"
25889277,25905470,"k_gemv_fp16(__half *, const __half *, const __half *, const __half *, int, int)"
25907134,25908127,"k_kv_append(__half *, __half *, const __half *, int, int)"
25909695,25919391,"k_attn_decode(__half *, const __half *, const __half *, const __half *, int, int)"
25936289,25943009,"k_gemv_fp16(__half *, const __half *, const __half *, const __half *, int, int)"
25944737,25945633,"k_add(__half *, const __half *, unsigned long long)"
25950914,25953922,"k_layernorm(__half *, const __half *, const __half *, const __half *, int, int)"
25958210,25979172,"k_gemv_fp16(__half *, const __half *, const __half *, const __half *, int, int)"
25980868,25981796,"k_gelu(__half *, unsigned long long)"
25983588,26006373,"k_gemv_fp16(__half *, const __half *, const __half *, const __half *, int, int)"
26008102,26008998,"k_add(__half *, const __half *, unsigned long long)"
26011814,26014790,"k_layernorm(__half *, const __half *, const __half *, const __half *, int, int)"
26016870,26033127,"k_gemv_fp16(__half *, const __half *, const __half *, const __half *, int, int)"
26034759,26035751,"k_kv_append(__half *, __half *, const __half *, int, int)"
26037352,26046792,"k_attn_decode(__half *, const __half *, const __half *, const __half *, int, int)"
26049192,26055977,"k_gemv_fp16(__half *, const __half *, const __half *, const __half *, int, int)"
26057641,26058505,"k_add(__half *, const __half *, unsigned long long)"
26096876,26099884,"k_layernorm(__half *, const __half *, const __half *, const __half *, int, int)"
26105068,26125998,"k_gemv_fp16(__half *, const __half *, const __half *, const __half *, int, int)"
26128494,26129422,"k_gelu(__half *, unsigned long long)"
26131886,26154704,"k_gemv_fp16(__half *, const __half *, const __half *, const __half *, int, int)"
26156528,26157392,"k_add(__half *, const __half *, unsigned long long)"
26160016,26163056,"k_layernorm(__half *, const __half *, const __half *, const __half *, int, int)"
26166064,26182258,"k_gemv_fp16(__half *, const __half *, const __half *, const __half *, int, int)"
26184018,26185010,"k_kv_append(__half *, __half *, const __half *, int, int)"
26186738,26196403,"k_attn_decode(__half *, const __half *, const __half *, const __half *, int, int)"
26198035,26204787,"k_gemv_fp16(__half *, const __half *, const __half *, const __half *, int, int)"
26207539,26208436,"k_add(__half *, const __half *, unsigned long long)"
26210100,26213140,"k_layernorm(__half *, const __half *, const __half *, const __half *, int, int)"
26238614,26259639,"k_gemv_fp16(__half *, const __half *, const __half *, const __half *, int, int)"
26261559,26262487,"k_gelu(__half *, unsigned long long)"
26264856,26287641,"k_gemv_fp16(__half *, const __half *, const __half *, const __half *, int, int)"
26289401,26290297,"k_add(__half *, const __half *, unsigned long long)"
26291897,26294874,"k_layernorm(__half *, const __half *, const __half *, const __half *, int, int)"
26296538,26312699,"k_gemv_fp16(__half *, const __half *, const __half *, const __half *, int, int)"
26315259,26316251,"k_kv_append(__half *, __half *, const __half *, int, int)"
26317851,26327324,"k_attn_decode(__half *, const __half *, const __half *, const __half *, int, int)"
26329276,26335964,"k_gemv_fp16(__half *, const __half *, const __half *, const __half *, int, int)"
26337757,26338653,"k_add(__half *, const __half *, unsigned long long)"
26341117,26344093,"k_layernorm(__half *, const __half *, const __half *, const __half *, int, int)"
26345757,26366719,"k_gemv_fp16(__half *, const __half *, const __half *, const __half *, int, int)"
26368479,26369407,"k_gelu(__half *, unsigned long long)"
26371039,26393985,"k_gemv_fp16(__half *, const __half *, const __half *, const __half *, int, int)"
26424035,26424931,"k_add(__half *, const __half *, unsigned long long)"
26426627,26429571,"k_layernorm(__half *, const __half *, const __half *, const __half *, int, int)"
26431331,26447556,"k_gemv_fp16(__half *, const __half *, const __half *, const __half *, int, int)"
26453413,26454405,"k_kv_append(__half *, __half *, const __half *, int, int)"
26461669,26471206,"k_attn_decode(__half *, const __half *, const __half *, const __half *, int, int)"
26472934,26479655,"k_gemv_fp16(__half *, const __half *, const __half *, const __half *, int, int)"
26500136,26501000,"k_add(__half *, const __half *, unsigned long long)"
26509097,26512073,"k_layernorm(__half *, const __half *, const __half *, const __half *, int, int)"
26517641,26538571,"k_gemv_fp16(__half *, const __half *, const __half *, const __half *, int, int)"
26540267,26541195,"k_gelu(__half *, unsigned long long)"
26542763,26565581,"k_gemv_fp16(__half *, const __half *, const __half *, const __half *, int, int)"
26567277,26568141,"k_add(__half *, const __half *, unsigned long long)"
26570509,26573485,"k_layernorm(__half *, const __half *, const __half *, const __half *, int, int)"
26575149,26591406,"k_gemv_fp16(__half *, const __half *, const __half *, const __half *, int, int)"
26593166,26594127,"k_kv_append(__half *, __half *, const __half *, int, int)"
26595759,26605071,"k_attn_decode(__half *, const __half *, const __half *, const __half *, int, int)"
26607440,26614192,"k_gemv_fp16(__half *, const __half *, const __half *, const __half *, int, int)"
26615824,26616720,"k_add(__half *, const __half *, unsigned long long)"
26655347,26658291,"k_layernorm(__half *, const __half *, const __half *, const __half *, int, int)"
26694198,26715127,"k_gemv_fp16(__half *, const __half *, const __half *, const __half *, int, int)"
26717783,26718711,"k_gelu(__half *, unsigned long long)"
26720344,26743225,"k_gemv_fp16(__half *, const __half *, const __half *, const __half *, int, int)"
26744889,26745785,"k_add(__half *, const __half *, unsigned long long)"
26747577,26750522,"k_layernorm(__half *, const __half *, const __half *, const __half *, int, int)"
26752890,26769083,"k_gemv_fp16(__half *, const __half *, const __half *, const __half *, int, int)"
26770715,26771675,"k_kv_append(__half *, __half *, const __half *, int, int)"
26804381,26813758,"k_attn_decode(__half *, const __half *, const __half *, const __half *, int, int)"
26815902,26822655,"k_gemv_fp16(__half *, const __half *, const __half *, const __half *, int, int)"
26826303,26827167,"k_add(__half *, const __half *, unsigned long long)"
26833984,26836928,"k_layernorm(__half *, const __half *, const __half *, const __half *, int, int)"
26845184,26866146,"k_gemv_fp16(__half *, const __half *, const __half *, const __half *, int, int)"
26867682,26868610,"k_gelu(__half *, unsigned long long)"
26870562,26893444,"k_gemv_fp16(__half *, const __half *, const __half *, const __half *, int, int)"
26894884,26895748,"k_add(__half *, const __half *, unsigned long long)"
26897284,26900228,"k_layernorm(__half *, const __half *, const __half *, const __half *, int, int)"
26901636,26917925,"k_gemv_fp16(__half *, const __half *, const __half *, const __half *, int, int)"
26920038,26921030,"k_kv_append(__half *, __half *, const __half *, int, int)"
26922406,26931846,"k_attn_decode(__half *, const __half *, const __half *, const __half *, int, int)"
26933190,26939879,"k_gemv_fp16(__half *, const __half *, const __half *, const __half *, int, int)"
26941351,26942215,"k_add(__half *, const __half *, unsigned long long)"
26944167,26947143,"k_layernorm(__half *, const __half *, const __half *, const __half *, int, int)"
26948519,26969449,"k_gemv_fp16(__half *, const __half *, const __half *, const __half *, int, int)"
26970889,26971817,"k_gelu(__half *, unsigned long long)"
26973193,26996075,"k_gemv_fp16(__half *, const __half *, const __half *, const __half *, int, int)"
26998155,26999051,"k_add(__half *, const __half *, unsigned long long)"
27000427,27003499,"k_layernorm(__half *, const __half *, const __half *, const __half *, int, int)"
27004843,27021069,"k_gemv_fp16(__half *, const __half *, const __half *, const __half *, int, int)"
27022381,27023341,"k_kv_append(__half *, __half *, const __half *, int, int)"
27025389,27035150,"k_attn_decode(__half *, const __half *, const __half *, const __half *, int, int)"
27050671,27057359,"k_gemv_fp16(__half *, const __half *, const __half *, const __half *, int, int)"
27058927,27059791,"k_add(__half *, const __half *, unsigned long long)"
27064848,27067792,"k_layernorm(__half *, const __half *, const __half *, const __half *, int, int)"
27071248,27092242,"k_gemv_fp16(__half *, const __half *, const __half *, const __half *, int, int)"
27093682,27094610,"k_gelu(__half *, unsigned long long)"
27095954,27118803,"k_gemv_fp16(__half *, const __half *, const __half *, const __half *, int, int)"
27120308,27121172,"k_add(__half *, const __half *, unsigned long long)"
27123156,27126132,"k_layernorm(__half *, const __half *, const __half *, const __half *, int, int)"
27127572,27438826,"k_gemv_fp16(__half *, const __half *, const __half *, const __half *, int, int)"
27472556,27473836,"k_embed_one(__half *, const __half *, const __half *, int, int)"
27481933,27484877,"k_layernorm(__half *, const __half *, const __half *, const __half *, int, int)"
27490702,27506959,"k_gemv_fp16(__half *, const __half *, const __half *, const __half *, int, int)"
27508943,27509935,"k_kv_append(__half *, __half *, const __half *, int, int)"
27511375,27520880,"k_attn_decode(__half *, const __half *, const __half *, const __half *, int, int)"
27522384,27529136,"k_gemv_fp16(__half *, const __half *, const __half *, const __half *, int, int)"
27531216,27532112,"k_add(__half *, const __half *, unsigned long long)"
27533520,27536465,"k_layernorm(__half *, const __half *, const __half *, const __half *, int, int)"
27537937,27558930,"k_gemv_fp16(__half *, const __half *, const __half *, const __half *, int, int)"
27560370,27561299,"k_gelu(__half *, unsigned long long)"
27563283,27586228,"k_gemv_fp16(__half *, const __half *, const __half *, const __half *, int, int)"
27587924,27588789,"k_add(__half *, const __half *, unsigned long long)"
27590165,27593141,"k_layernorm(__half *, const __half *, const __half *, const __half *, int, int)"
27594485,27610806,"k_gemv_fp16(__half *, const __half *, const __half *, const __half *, int, int)"
27612982,27613942,"k_kv_append(__half *, __half *, const __half *, int, int)"
27615350,27624919,"k_attn_decode(__half *, const __half *, const __half *, const __half *, int, int)"
27626519,27633304,"k_gemv_fp16(__half *, const __half *, const __half *, const __half *, int, int)"
27634776,27635640,"k_add(__half *, const __half *, unsigned long long)"
27637656,27640632,"k_layernorm(__half *, const __half *, const __half *, const __half *, int, int)"
27642040,27663002,"k_gemv_fp16(__half *, const __half *, const __half *, const __half *, int, int)"
27700348,27701244,"k_gelu(__half *, unsigned long long)"
27702748,27725726,"k_gemv_fp16(__half *, const __half *, const __half *, const __half *, int, int)"
27727838,27728702,"k_add(__half *, const __half *, unsigned long long)"
27730174,27733150,"k_layernorm(__half *, const __half *, const __half *, const __half *, int, int)"
27734559,27750816,"k_gemv_fp16(__half *, const __half *, const __half *, const __half *, int, int)"
27752256,27753248,"k_kv_append(__half *, __half *, const __half *, int, int)"
27755232,27764833,"k_attn_decode(__half *, const __half *, const __half *, const __half *, int, int)"
27766241,27773025,"k_gemv_fp16(__half *, const __half *, const __half *, const __half *, int, int)"
27807364,27808260,"k_add(__half *, const __half *, unsigned long long)"
27836678,27839622,"k_layernorm(__half *, const __half *, const __half *, const __half *, int, int)"
27845382,27866440,"k_gemv_fp16(__half *, const __half *, const __half *, const __half *, int, int)"
27867912,27868840,"k_gelu(__half *, unsigned long long)"
27870184,27893066,"k_gemv_fp16(__half *, const __half *, const __half *, const __half *, int, int)"
27894474,27895370,"k_add(__half *, const __half *, unsigned long long)"
27897546,27900490,"k_layernorm(__half *, const __half *, const __half *, const __half *, int, int)"
27901834,27918027,"k_gemv_fp16(__half *, const __half *, const __half *, const __half *, int, int)"
27919404,27920396,"k_kv_append(__half *, __half *, const __half *, int, int)"
27921708,27931468,"k_attn_decode(__half *, const __half *, const __half *, const __half *, int, int)"
27933517,27940237,"k_gemv_fp16(__half *, const __half *, const __half *, const __half *, int, int)"
27941965,27942861,"k_add(__half *, const __half *, unsigned long long)"
27944173,27947149,"k_layernorm(__half *, const __half *, const __half *, const __half *, int, int)"
27991153,28012114,"k_gemv_fp16(__half *, const __half *, const __half *, const __half *, int, int)"
28014706,28015602,"k_gelu(__half *, unsigned long long)"
28017011,28039796,"k_gemv_fp16(__half *, const __half *, const __half *, const __half *, int, int)"
28041332,28042196,"k_add(__half *, const __half *, unsigned long long)"
28043572,28046549,"k_layernorm(__half *, const __half *, const __half *, const __half *, int, int)"
28048565,28064790,"k_gemv_fp16(__half *, const __half *, const __half *, const __half *, int, int)"
28066230,28067222,"k_kv_append(__half *, __half *, const __half *, int, int)"
28068630,28077943,"k_attn_decode(__half *, const __half *, const __half *, const __half *, int, int)"
28079319,28086071,"k_gemv_fp16(__half *, const __half *, const __half *, const __half *, int, int)"
28088151,28089047,"k_add(__half *, const __half *, unsigned long long)"
28090456,28093432,"k_layernorm(__half *, const __half *, const __half *, const __half *, int, int)"
28094872,28115865,"k_gemv_fp16(__half *, const __half *, const __half *, const __half *, int, int)"
28161725,28162621,"k_gelu(__half *, unsigned long long)"
28164733,28187550,"k_gemv_fp16(__half *, const __half *, const __half *, const __half *, int, int)"
28189054,28189919,"k_add(__half *, const __half *, unsigned long long)"
28191263,28194239,"k_layernorm(__half *, const __half *, const __half *, const __half *, int, int)"
28195583,28211744,"k_gemv_fp16(__half *, const __half *, const __half *, const __half *, int, int)"
28213792,28214752,"k_kv_append(__half *, __half *, const __half *, int, int)"
28216256,28225825,"k_attn_decode(__half *, const __half *, const __half *, const __half *, int, int)"
28227233,28233858,"k_gemv_fp16(__half *, const __half *, const __half *, const __half *, int, int)"
28235298,28236194,"k_add(__half *, const __half *, unsigned long long)"
28238178,28241122,"k_layernorm(__half *, const __half *, const __half *, const __half *, int, int)"
28264036,28284965,"k_gemv_fp16(__half *, const __half *, const __half *, const __half *, int, int)"
28286725,28287621,"k_gelu(__half *, unsigned long long)"
28288966,28311815,"k_gemv_fp16(__half *, const __half *, const __half *, const __half *, int, int)"
28314215,28315111,"k_add(__half *, const __half *, unsigned long long)"
28316552,28319592,"k_layernorm(__half *, const __half *, const __half *, const __half *, int, int)"
28321096,28337289,"k_gemv_fp16(__half *, const __half *, const __half *, const __half *, int, int)"
28338665,28339625,"k_kv_append(__half *, __half *, const __half *, int, int)"
28341993,28351370,"k_attn_decode(__half *, const __half *, const __half *, const __half *, int, int)"
28352714,28359274,"k_gemv_fp16(__half *, const __half *, const __half *, const __half *, int, int)"
28360682,28361579,"k_add(__half *, const __half *, unsigned long long)"
28362923,28365899,"k_layernorm(__half *, const __half *, const __half *, const __half *, int, int)"
28368555,28389581,"k_gemv_fp16(__half *, const __half *, const __half *, const __half *, int, int)"
28461234,28462130,"k_gelu(__half *, unsigned long long)"
28463890,28486739,"k_gemv_fp16(__half *, const __half *, const __half *, const __half *, int, int)"
28488243,28489140,"k_add(__half *, const __half *, unsigned long long)"
28491188,28494292,"k_layernorm(__half *, const __half *, const __half *, const __half *, int, int)"
28516853,28533079,"k_gemv_fp16(__half *, const __half *, const __half *, const __half *, int, int)"
28534647,28535607,"k_kv_append(__half *, __half *, const __half *, int, int)"
28537015,28546456,"k_attn_decode(__half *, const __half *, const __half *, const __half *, int, int)"
28548568,28555384,"k_gemv_fp16(__half *, const __half *, const __half *, const __half *, int, int)"
28556792,28557656,"k_add(__half *, const __half *, unsigned long long)"
28559000,28561977,"k_layernorm(__half *, const __half *, const __half *, const __half *, int, int)"
28563321,28584282,"k_gemv_fp16(__half *, const __half *, const __half *, const __half *, int, int)"
28586363,28587290,"k_gelu(__half *, unsigned long long)"
28588666,28611548,"k_gemv_fp16(__half *, const __half *, const __half *, const __half *, int, int)"
28612956,28613820,"k_add(__half *, const __half *, unsigned long long)"
28615229,28618205,"k_layernorm(__half *, const __half *, const __half *, const __half *, int, int)"
28620221,28636670,"k_gemv_fp16(__half *, const __half *, const __half *, const __half *, int, int)"
28638142,28639134,"k_kv_append(__half *, __half *, const __half *, int, int)"
28640510,28649887,"k_attn_decode(__half *, const __half *, const __half *, const __half *, int, int)"
28651327,28657951,"k_gemv_fp16(__half *, const __half *, const __half *, const __half *, int, int)"
28662656,28663552,"k_add(__half *, const __half *, unsigned long long)"
28692258,28695202,"k_layernorm(__half *, const __half *, const __half *, const __half *, int, int)"
28699362,28720324,"k_gemv_fp16(__half *, const __half *, const __half *, const __half *, int, int)"
28721828,28722756,"k_gelu(__half *, unsigned long long)"
28724740,28747558,"k_gemv_fp16(__half *, const __half *, const __half *, const __half *, int, int)"
28748966,28749830,"k_add(__half *, const __half *, unsigned long long)"
28751270,28754278,"k_layernorm(__half *, const __half *, const __half *, const __half *, int, int)"
28755750,28771975,"k_gemv_fp16(__half *, const __half *, const __half *, const __half *, int, int)"
28774056,28775048,"k_kv_append(__half *, __half *, const __half *, int, int)"
28776424,28786089,"k_attn_decode(__half *, const __half *, const __half *, const __half *, int, int)"
28787721,28794473,"k_gemv_fp16(__half *, const __half *, const __half *, const __half *, int, int)"
28795913,28796777,"k_add(__half *, const __half *, unsigned long long)"
28798185,28801161,"k_layernorm(__half *, const __half *, const __half *, const __half *, int, int)"
28802473,28823371,"k_gemv_fp16(__half *, const __half *, const __half *, const __half *, int, int)"
28824939,28825867,"k_gelu(__half *, unsigned long long)"
28827371,28850253,"k_gemv_fp16(__half *, const __half *, const __half *, const __half *, int, int)"
28851789,28852653,"k_add(__half *, const __half *, unsigned long long)"
28853997,28857038,"k_layernorm(__half *, const __half *, const __half *, const __half *, int, int)"
28858510,28874703,"k_gemv_fp16(__half *, const __half *, const __half *, const __half *, int, int)"
28878287,28879247,"k_kv_append(__half *, __half *, const __half *, int, int)"
28905297,28914737,"k_attn_decode(__half *, const __half *, const __half *, const __half *, int, int)"
28917970,28924658,"k_gemv_fp16(__half *, const __half *, const __half *, const __half *, int, int)"
28926130,28927026,"k_add(__half *, const __half *, unsigned long long)"
28935091,28938067,"k_layernorm(__half *, const __half *, const __half *, const __half *, int, int)"
28944051,28965045,"k_gemv_fp16(__half *, const __half *, const __half *, const __half *, int, int)"
28966549,28967477,"k_gelu(__half *, unsigned long long)"
28968853,28991703,"k_gemv_fp16(__half *, const __half *, const __half *, const __half *, int, int)"
28993111,28993975,"k_add(__half *, const __half *, unsigned long long)"
29017625,29020569,"k_layernorm(__half *, const __half *, const __half *, const __half *, int, int)"
29024281,29040442,"k_gemv_fp16(__half *, const __half *, const __half *, const __half *, int, int)"
29041914,29042906,"k_kv_append(__half *, __half *, const __half *, int, int)"
29044347,29053755,"k_attn_decode(__half *, const __half *, const __half *, const __half *, int, int)"
29056187,29062908,"k_gemv_fp16(__half *, const __half *, const __half *, const __half *, int, int)"
29064700,29065596,"k_add(__half *, const __half *, unsigned long long)"
29066940,29069916,"k_layernorm(__half *, const __half *, const __half *, const __half *, int, int)"
29074845,29095806,"k_gemv_fp16(__half *, const __half *, const __half *, const __half *, int, int)"
29097918,29098846,"k_gelu(__half *, unsigned long long)"
29100223,29122976,"k_gemv_fp16(__half *, const __half *, const __half *, const __half *, int, int)"
29124448,29125312,"k_add(__half *, const __half *, unsigned long long)"
29126688,29129664,"k_layernorm(__half *, const __half *, const __half *, const __half *, int, int)"
29131617,29443030,"k_gemv_fp16(__half *, const __half *, const __half *, const __half *, int, int)"
29497402,29498714,"k_embed_one(__half *, const __half *, const __half *, int, int)"
29507515,29510555,"k_layernorm(__half *, const __half *, const __half *, const __half *, int, int)"
29515228,29531709,"k_gemv_fp16(__half *, const __half *, const __half *, const __half *, int, int)"
29533757,29534717,"k_kv_append(__half *, __half *, const __half *, int, int)"
29535997,29545406,"k_attn_decode(__half *, const __half *, const __half *, const __half *, int, int)"
29546910,29553502,"k_gemv_fp16(__half *, const __half *, const __half *, const __half *, int, int)"
29554942,29555806,"k_add(__half *, const __half *, unsigned long long)"
29557791,29560767,"k_layernorm(__half *, const __half *, const __half *, const __half *, int, int)"
29566207,29587201,"k_gemv_fp16(__half *, const __half *, const __half *, const __half *, int, int)"
29588705,29589601,"k_gelu(__half *, unsigned long long)"
29623459,29646405,"k_gemv_fp16(__half *, const __half *, const __half *, const __half *, int, int)"
29648677,29649541,"k_add(__half *, const __half *, unsigned long long)"
29650917,29653861,"k_layernorm(__half *, const __half *, const __half *, const __half *, int, int)"
29655205,29671559,"k_gemv_fp16(__half *, const __half *, const __half *, const __half *, int, int)"
29673095,29674087,"k_kv_append(__half *, __half *, const __half *, int, int)"
29676231,29685736,"k_attn_decode(__half *, const __half *, const __half *, const __half *, int, int)"
29687176,29694056,"k_gemv_fp16(__half *, const __half *, const __half *, const __half *, int, int)"
29695944,29696808,"k_add(__half *, const __half *, unsigned long long)"
29698312,29701289,"k_layernorm(__half *, const __half *, const __half *, const __half *, int, int)"
29703337,29724298,"k_gemv_fp16(__half *, const __half *, const __half *, const __half *, int, int)"
29725674,29726570,"k_gelu(__half *, unsigned long long)"
29727915,29750892,"k_gemv_fp16(__half *, const __half *, const __half *, const __half *, int, int)"
29752332,29753228,"k_add(__half *, const __half *, unsigned long long)"
29759309,29762285,"k_layernorm(__half *, const __half *, const __half *, const __half *, int, int)"
29765549,29781774,"k_gemv_fp16(__half *, const __half *, const __half *, const __half *, int, int)"
29783214,29784175,"k_kv_append(__half *, __half *, const __half *, int, int)"
29785614,29795247,"k_attn_decode(__half *, const __half *, const __half *, const __half *, int, int)"
29807504,29814224,"k_gemv_fp16(__half *, const __half *, const __half *, const __half *, int, int)"
29817169,29818065,"k_add(__half *, const __half *, unsigned long long)"
29826833,29829778,"k_layernorm(__half *, const __half *, const __half *, const __half *, int, int)"
29834578,29855507,"k_gemv_fp16(__half *, const __half *, const __half *, const __half *, int, int)"
29858164,29859092,"k_gelu(__half *, unsigned long long)"
29860532,29883413,"k_gemv_fp16(__half *, const __half *, const __half *, const __half *, int, int)"
29884981,29885846,"k_add(__half *, const __half *, unsigned long long)"
29887190,29890134,"k_layernorm(__half *, const __half *, const __half *, const __half *, int, int)"
29892086,29908279,"k_gemv_fp16(__half *, const __half *, const __half *, const __half *, int, int)"
29909687,29910647,"k_kv_append(__half *, __half *, const __half *, int, int)"
29912055,29921624,"k_attn_decode(__half *, const __half *, const __half *, const __half *, int, int)"
29923032,29929753,"k_gemv_fp16(__half *, const __half *, const __half *, const __half *, int, int)"
29931897,29932761,"k_add(__half *, const __half *, unsigned long long)"
29934233,29937209,"k_layernorm(__half *, const __half *, const __half *, const __half *, int, int)"
29938713,29959707,"k_gemv_fp16(__half *, const __half *, const __half *, const __half *, int, int)"
29961147,29962075,"k_gelu(__half *, unsigned long long)"
29964091,29986909,"k_gemv_fp16(__half *, const __half *, const __half *, const __half *, int, int)"
29988317,29989181,"k_add(__half *, const __half *, unsigned long long)"
29990717,29993661,"k_layernorm(__half *, const __half *, const __half *, const __half *, int, int)"
29995005,30011198,"k_gemv_fp16(__half *, const __half *, const __half *, const __half *, int, int)"
30013279,30014239,"k_kv_append(__half *, __half *, const __half *, int, int)"
30015647,30025087,"k_attn_decode(__half *, const __half *, const __half *, const __half *, int, int)"
30026495,30033248,"k_gemv_fp16(__half *, const __half *, const __half *, const __half *, int, int)"
30034688,30035552,"k_add(__half *, const __half *, unsigned long long)"
30036896,30039936,"k_layernorm(__half *, const __half *, const __half *, const __half *, int, int)"
30041281,30062210,"k_gemv_fp16(__half *, const __half *, const __half *, const __half *, int, int)"
30064002,30064898,"k_gelu(__half *, unsigned long long)"
30066370,30089252,"k_gemv_fp16(__half *, const __half *, const __half *, const __half *, int, int)"
30091460,30092356,"k_add(__half *, const __half *, unsigned long long)"
30093700,30096740,"k_layernorm(__half *, const __half *, const __half *, const __half *, int, int)"
30098180,30114342,"k_gemv_fp16(__half *, const __half *, const __half *, const __half *, int, int)"
30157641,30158601,"k_kv_append(__half *, __half *, const __half *, int, int)"
30160713,30170185,"k_attn_decode(__half *, const __half *, const __half *, const __half *, int, int)"
30171818,30178538,"k_gemv_fp16(__half *, const __half *, const __half *, const __half *, int, int)"
30192939,30193835,"k_add(__half *, const __half *, unsigned long long)"
30195627,30198572,"k_layernorm(__half *, const __half *, const __half *, const __half *, int, int)"
30200524,30221453,"k_gemv_fp16(__half *, const __half *, const __half *, const __half *, int, int)"
30222797,30223725,"k_gelu(__half *, unsigned long long)"
30225325,30248111,"k_gemv_fp16(__half *, const __half *, const __half *, const __half *, int, int)"
30249743,30250607,"k_add(__half *, const __half *, unsigned long long)"
30252655,30255663,"k_layernorm(__half *, const __half *, const __half *, const __half *, int, int)"
30257008,30273425,"k_gemv_fp16(__half *, const __half *, const __half *, const __half *, int, int)"
30274737,30275729,"k_kv_append(__half *, __half *, const __half *, int, int)"
30277041,30286610,"k_attn_decode(__half *, const __half *, const __half *, const __half *, int, int)"
30288530,30295250,"k_gemv_fp16(__half *, const __half *, const __half *, const __half *, int, int)"
30296658,30297554,"k_add(__half *, const __half *, unsigned long long)"
30298771,30301715,"k_layernorm(__half *, const __half *, const __half *, const __half *, int, int)"
30303091,30324020,"k_gemv_fp16(__half *, const __half *, const __half *, const __half *, int, int)"
30325908,30326837,"k_gelu(__half *, unsigned long long)"
30328085,30350870,"k_gemv_fp16(__half *, const __half *, const __half *, const __half *, int, int)"
30352182,30353078,"k_add(__half *, const __half *, unsigned long long)"
30354326,30357463,"k_layernorm(__half *, const __half *, const __half *, const __half *, int, int)"
30359415,30375800,"k_gemv_fp16(__half *, const __half *, const __half *, const __half *, int, int)"
30377144,30378136,"k_kv_append(__half *, __half *, const __half *, int, int)"
30379512,30389145,"k_attn_decode(__half *, const __half *, const __half *, const __half *, int, int)"
30390361,30397145,"k_gemv_fp16(__half *, const __half *, const __half *, const __half *, int, int)"
30398969,30399834,"k_add(__half *, const __half *, unsigned long long)"
30401114,30404090,"k_layernorm(__half *, const __half *, const __half *, const __half *, int, int)"
30419419,30440412,"k_gemv_fp16(__half *, const __half *, const __half *, const __half *, int, int)"
30441725,30442653,"k_gelu(__half *, unsigned long long)"
30444477,30467358,"k_gemv_fp16(__half *, const __half *, const __half *, const __half *, int, int)"
30468894,30469791,"k_add(__half *, const __half *, unsigned long long)"
30471007,30474015,"k_layernorm(__half *, const __half *, const __half *, const __half *, int, int)"
30475391,30491808,"k_gemv_fp16(__half *, const __half *, const __half *, const __half *, int, int)"
30493632,30494624,"k_kv_append(__half *, __half *, const __half *, int, int)"
30496000,30505377,"k_attn_decode(__half *, const __half *, const __half *, const __half *, int, int)"
30506625,30513410,"k_gemv_fp16(__half *, const __half *, const __half *, const __half *, int, int)"
30514626,30515490,"k_add(__half *, const __half *, unsigned long long)"
30517762,30520674,"k_layernorm(__half *, const __half *, const __half *, const __half *, int, int)"
30521922,30543012,"k_gemv_fp16(__half *, const __half *, const __half *, const __half *, int, int)"
30544452,30545348,"k_gelu(__half *, unsigned long long)"
30547972,30570854,"k_gemv_fp16(__half *, const __half *, const __half *, const __half *, int, int)"
30573542,30574438,"k_add(__half *, const __half *, unsigned long long)"
30575814,30578854,"k_layernorm(__half *, const __half *, const __half *, const __half *, int, int)"
30596904,30613097,"k_gemv_fp16(__half *, const __half *, const __half *, const __half *, int, int)"
30614377,30615337,"k_kv_append(__half *, __half *, const __half *, int, int)"
30617193,30626474,"k_attn_decode(__half *, const __half *, const __half *, const __half *, int, int)"
30627882,30634634,"k_gemv_fp16(__half *, const __half *, const __half *, const __half *, int, int)"
30636042,30636938,"k_add(__half *, const __half *, unsigned long long)"
30638250,30641194,"k_layernorm(__half *, const __half *, const __half *, const __half *, int, int)"
30642571,30663564,"k_gemv_fp16(__half *, const __half *, const __half *, const __half *, int, int)"
30664908,30665836,"k_gelu(__half *, unsigned long long)"
30667148,30689998,"k_gemv_fp16(__half *, const __half *, const __half *, const __half *, int, int)"
30691374,30692270,"k_add(__half *, const __half *, unsigned long long)"
30694158,30697102,"k_layernorm(__half *, const __half *, const __half *, const __half *, int, int)"
30698543,30714736,"k_gemv_fp16(__half *, const __half *, const __half *, const __half *, int, int)"
30716080,30717072,"k_kv_append(__half *, __half *, const __half *, int, int)"
30718448,30727825,"k_attn_decode(__half *, const __half *, const __half *, const __half *, int, int)"
30729777,30736529,"k_gemv_fp16(__half *, const __half *, const __half *, const __half *, int, int)"
30737873,30738737,"k_add(__half *, const __half *, unsigned long long)"
30740049,30743026,"k_layernorm(__half *, const __half *, const __half *, const __half *, int, int)"
30744242,30765267,"k_gemv_fp16(__half *, const __half *, const __half *, const __half *, int, int)"
30767155,30768083,"k_gelu(__half *, unsigned long long)"
30769363,30792245,"k_gemv_fp16(__half *, const __half *, const __half *, const __half *, int, int)"
30793557,30794421,"k_add(__half *, const __half *, unsigned long long)"
30795925,30798870,"k_layernorm(__half *, const __half *, const __half *, const __half *, int, int)"
30800822,30817047,"k_gemv_fp16(__half *, const __half *, const __half *, const __half *, int, int)"
30818391,30819351,"k_kv_append(__half *, __half *, const __half *, int, int)"
30820695,30830040,"k_attn_decode(__half *, const __half *, const __half *, const __half *, int, int)"
30831224,30837976,"k_gemv_fp16(__half *, const __half *, const __half *, const __half *, int, int)"
30839929,30840793,"k_add(__half *, const __half *, unsigned long long)"
30842233,30845337,"k_layernorm(__half *, const __half *, const __half *, const __half *, int, int)"
30846649,30867579,"k_gemv_fp16(__half *, const __half *, const __half *, const __half *, int, int)"
30868891,30869819,"k_gelu(__half *, unsigned long long)"
30871067,30893916,"k_gemv_fp16(__half *, const __half *, const __half *, const __half *, int, int)"
30895292,30896156,"k_add(__half *, const __half *, unsigned long long)"
30897469,30900573,"k_layernorm(__half *, const __half *, const __half *, const __half *, int, int)"
30901885,31213715,"k_gemv_fp16(__half *, const __half *, const __half *, const __half *, int, int)"
31266935,31268214,"k_embed_one(__half *, const __half *, const __half *, int, int)"
31276727,31279703,"k_layernorm(__half *, const __half *, const __half *, const __half *, int, int)"
31283415,31299641,"k_gemv_fp16(__half *, const __half *, const __half *, const __half *, int, int)"
31300953,31301913,"k_kv_append(__half *, __half *, const __half *, int, int)"
31303897,31313434,"k_attn_decode(__half *, const __half *, const __half *, const __half *, int, int)"
31314714,31321466,"k_gemv_fp16(__half *, const __half *, const __half *, const __half *, int, int)"
31322810,31323674,"k_add(__half *, const __half *, unsigned long long)"
31324955,31327931,"k_layernorm(__half *, const __half *, const __half *, const __half *, int, int)"
31329723,31350780,"k_gemv_fp16(__half *, const __half *, const __half *, const __half *, int, int)"
31352252,31353181,"k_gelu(__half *, unsigned long long)"
31354909,31377854,"k_gemv_fp16(__half *, const __half *, const __half *, const __half *, int, int)"
31379230,31380094,"k_add(__half *, const __half *, unsigned long long)"
31381950,31384895,"k_layernorm(__half *, const __half *, const __half *, const __half *, int, int)"
31386271,31402432,"k_gemv_fp16(__half *, const __half *, const __half *, const __half *, int, int)"
31403840,31404832,"k_kv_append(__half *, __half *, const __half *, int, int)"
31406208,31415681,"k_attn_decode(__half *, const __half *, const __half *, const __half *, int, int)"
31417793,31424609,"k_gemv_fp16(__half *, const __half *, const __half *, const __half *, int, int)"
31426082,31426978,"k_add(__half *, const __half *, unsigned long long)"
31428418,31431522,"k_layernorm(__half *, const __half *, const __half *, const __half *, int, int)"
31432930,31454372,"k_gemv_fp16(__half *, const __half *, const __half *, const __half *, int, int)"
31458788,31459684,"k_gelu(__half *, unsigned long long)"
31463492,31486502,"k_gemv_fp16(__half *, const __half *, const __half *, const __half *, int, int)"
31488582,31489478,"k_add(__half *, const __half *, unsigned long long)"
31492006,31495046,"k_layernorm(__half *, const __half *, const __half *, const __half *, int, int)"
31497511,31513928,"k_gemv_fp16(__half *, const __half *, const __half *, const __half *, int, int)"
31515720,31516680,"k_kv_append(__half *, __half *, const __half *, int, int)"
31518376,31528073,"k_attn_decode(__half *, const __half *, const __half *, const __half *, int, int)"
31529737,31536425,"k_gemv_fp16(__half *, const __half *, const __half *, const __half *, int, int)"
31539049,31539913,"k_add(__half *, const __half *, unsigned long long)"
31541610,31544554,"k_layernorm(__half *, const __half *, const __half *, const __half *, int, int)"
31546218,31567180,"k_gemv_fp16(__half *, const __half *, const __half *, const __half *, int, int)"
31602542,31603470,"k_gelu(__half *, unsigned long long)"
31606478,31629456,"k_gemv_fp16(__half *, const __half *, const __half *, const __half *, int, int)"
31631280,31632176,"k_add(__half *, const __half *, unsigned long long)"
31633776,31636752,"k_layernorm(__half *, const __half *, const __half *, const __half *, int, int)"
31638448,31654642,"k_gemv_fp16(__half *, const __half *, const __half *, const __half *, int, int)"
31656914,31657906,"k_kv_append(__half *, __half *, const __half *, int, int)"
31659570,31669011,"k_attn_decode(__half *, const __half *, const __half *, const __half *, int, int)"
31688852,31695572,"k_gemv_fp16(__half *, const __half *, const __half *, const __half *, int, int)"
31698485,31699349,"k_add(__half *, const __half *, unsigned long long)"
31706677,31709653,"k_layernorm(__half *, const __half *, const __half *, const __half *, int, int)"
31713622,31734487,"k_gemv_fp16(__half *, const __half *, const __half *, const __half *, int, int)"
31736183,31737111,"k_gelu(__half *, unsigned long long)"
31738808,31761625,"k_gemv_fp16(__half *, const __half *, const __half *, const __half *, int, int)"
31764249,31765113,"k_add(__half *, const __half *, unsigned long long)"
31766841,31769818,"k_layernorm(__half *, const __half *, const __half *, const __half *, int, int)"
31771418,31787451,"k_gemv_fp16(__half *, const __half *, const __half *, const __half *, int, int)"
31789211,31790171,"k_kv_append(__half *, __half *, const __half *, int, int)"
31818621,31828126,"k_attn_decode(__half *, const __half *, const __half *, const __half *, int, int)"
31829918,31836670,"k_gemv_fp16(__half *, const __half *, const __half *, const __half *, int, int)"
31838399,31839295,"k_add(__half *, const __half *, unsigned long long)"
31842431,31845407,"k_layernorm(__half *, const __half *, const __half *, const __half *, int, int)"
31850623,31871649,"k_gemv_fp16(__half *, const __half *, const __half *, const __half *, int, int)"
31874113,31875041,"k_gelu(__half *, unsigned long long)"
31876673,31899555,"k_gemv_fp16(__half *, const __half *, const __half *, const __half *, int, int)"
31901283,31902147,"k_add(__half *, const __half *, unsigned long long)"
31904515,31907555,"k_layernorm(__half *, const __half *, const __half *, const __half *, int, int)"
31909187,31925413,"k_gemv_fp16(__half *, const __half *, const __half *, const __half *, int, int)"
31927141,31928133,"k_kv_append(__half *, __half *, const __half *, int, int)"
31929797,31939365,"k_attn_decode(__half *, const __half *, const __half *, const __half *, int, int)"
31988329,31995082,"k_gemv_fp16(__half *, const __half *, const __half *, const __half *, int, int)"
31996842,31997738,"k_add(__half *, const __half *, unsigned long long)"
31999306,32002314,"k_layernorm(__half *, const __half *, const __half *, const __half *, int, int)"
32003978,32024876,"k_gemv_fp16(__half *, const __half *, const __half *, const __half *, int, int)"
32027372,32028300,"k_gelu(__half *, unsigned long long)"
32029900,32052718,"k_gemv_fp16(__half *, const __half *, const __half *, const __half *, int, int)"
32054414,32055310,"k_add(__half *, const __half *, unsigned long long)"
32056846,32059854,"k_layernorm(__half *, const __half *, const __half *, const __half *, int, int)"
32062446,32078607,"k_gemv_fp16(__half *, const __half *, const __half *, const __half *, int, int)"
32084368,32085328,"k_kv_append(__half *, __half *, const __half *, int, int)"
32113266,32122867,"k_attn_decode(__half *, const __half *, const __half *, const __half *, int, int)"
32125171,32131859,"k_gemv_fp16(__half *, const __half *, const __half *, const __half *, int, int)"
32134387,32135283,"k_add(__half *, const __half *, unsigned long long)"
32141396,32144340,"k_layernorm(__half *, const __half *, const __half *, const __half *, int, int)"
32151413,32172374,"k_gemv_fp16(__half *, const __half *, const __half *, const __half *, int, int)"
32174134,32175030,"k_gelu(__half *, unsigned long long)"
32177526,32200472,"k_gemv_fp16(__half *, const __half *, const __half *, const __half *, int, int)"
32202200,32203096,"k_add(__half *, const __half *, unsigned long long)"
32204856,32207800,"k_layernorm(__half *, const __half *, const __half *, const __half *, int, int)"
32209561,32225818,"k_gemv_fp16(__half *, const __half *, const __half *, const __half *, int, int)"
32229306,32230298,"k_kv_append(__half *, __half *, const __half *, int, int)"
32232058,32241691,"k_attn_decode(__half *, const __half *, const __half *, const __half *, int, int)"
32243355,32249947,"k_gemv_fp16(__half *, const __half *, const __half *, const __half *, int, int)"
32251836,32252700,"k_add(__half *, const __half *, unsigned long long)"
32259068,32262044,"k_layernorm(__half *, const __half *, const __half *, const __half *, int, int)"
32268573,32289534,"k_gemv_fp16(__half *, const __half *, const __half *, const __half *, int, int)"
32293886,32294783,"k_gelu(__half *, unsigned long long)"
32317568,32340386,"k_gemv_fp16(__half *, const __half *, const __half *, const __half *, int, int)"
32343010,32343906,"k_add(__half *, const __half *, unsigned long long)"
32345602,32348642,"k_layernorm(__half *, const __half *, const __half *, const __half *, int, int)"
32350339,32366692,"k_gemv_fp16(__half *, const __half *, const __half *, const __half *, int, int)"
32368452,32369444,"k_kv_append(__half *, __half *, const __half *, int, int)"
32372100,32381605,"k_attn_decode(__half *, const __half *, const __half *, const __half *, int, int)"
32383365,32390117,"k_gemv_fp16(__half *, const __half *, const __half *, const __half *, int, int)"
32391941,32392837,"k_add(__half *, const __half *, unsigned long long)"
32394469,32397414,"k_layernorm(__half *, const __half *, const __half *, const __half *, int, int)"
32399814,32420743,"k_gemv_fp16(__half *, const __half *, const __half *, const __half *, int, int)"
32422408,32423335,"k_gelu(__half *, unsigned long long)"
32424904,32447849,"k_gemv_fp16(__half *, const __half *, const __half *, const __half *, int, int)"
32480876,32481772,"k_add(__half *, const __half *, unsigned long long)"
32483724,32486700,"k_layernorm(__half *, const __half *, const __half *, const __half *, int, int)"
32492460,32508654,"k_gemv_fp16(__half *, const __half *, const __half *, const __half *, int, int)"
32510350,32511310,"k_kv_append(__half *, __half *, const __half *, int, int)"
32513006,32522575,"k_attn_decode(__half *, const __half *, const __half *, const __half *, int, int)"
32525551,32532335,"k_gemv_fp16(__half *, const __half *, const __half *, const __half *, int, int)"
32534127,32534991,"k_add(__half *, const __half *, unsigned long long)"
32538288,32541264,"k_layernorm(__half *, const __half *, const __half *, const __half *, int, int)"
32547280,32568242,"k_gemv_fp16(__half *, const __half *, const __half *, const __half *, int, int)"
32570834,32571762,"k_gelu(__half *, unsigned long long)"
32573458,32596404,"k_gemv_fp16(__half *, const __half *, const __half *, const __half *, int, int)"
32640215,32641079,"k_add(__half *, const __half *, unsigned long long)"
32648471,32651416,"k_layernorm(__half *, const __half *, const __half *, const __half *, int, int)"
32656888,32673049,"k_gemv_fp16(__half *, const __half *, const __half *, const __half *, int, int)"
32674873,32675865,"k_kv_append(__half *, __half *, const __half *, int, int)"
32677465,32686938,"k_attn_decode(__half *, const __half *, const __half *, const __half *, int, int)"
32688634,32695355,"k_gemv_fp16(__half *, const __half *, const __half *, const __half *, int, int)"
32697947,32698811,"k_add(__half *, const __half *, unsigned long long)"
32700667,32703643,"k_layernorm(__half *, const __half *, const __half *, const __half *, int, int)"
32706459,32727421,"k_gemv_fp16(__half *, const __half *, const __half *, const __half *, int, int)"
32728989,32729917,"k_gelu(__half *, unsigned long long)"
32732605,32755423,"k_gemv_fp16(__half *, const __half *, const __half *, const __half *, int, int)"
32757087,32757951,"k_add(__half *, const __half *, unsigned long long)"
32759551,32762527,"k_layernorm(__half *, const __half *, const __half *, const __half *, int, int)"
32764128,32780545,"k_gemv_fp16(__half *, const __half *, const __half *, const __half *, int, int)"
32790049,32791009,"k_kv_append(__half *, __half *, const __half *, int, int)"
32792609,32802178,"k_attn_decode(__half *, const __half *, const __half *, const __half *, int, int)"
32803490,32810243,"k_gemv_fp16(__half *, const __half *, const __half *, const __half *, int, int)"
32836325,32837221,"k_add(__half *, const __half *, unsigned long long)"
32843461,32846501,"k_layernorm(__half *, const __half *, const __half *, const __half *, int, int)"
32849797,32870855,"k_gemv_fp16(__half *, const __half *, const __half *, const __half *, int, int)"
32872263,32873191,"k_gelu(__half *, unsigned long long)"
32874535,32897417,"k_gemv_fp16(__half *, const __half *, const __half *, const __half *, int, int)"
32899529,32900425,"k_add(__half *, const __half *, unsigned long long)"
32901801,32904777,"k_layernorm(__half *, const __half *, const __half *, const __half *, int, int)"
32906249,33217695,"k_gemv_fp16(__half *, const __half *, const __half *, const __half *, int, int)"
33256226,33257538,"k_embed_one(__half *, const __half *, const __half *, int, int)"
33264515,33267491,"k_layernorm(__half *, const __half *, const __half *, const __half *, int, int)"
33270723,33287204,"k_gemv_fp16(__half *, const __half *, const __half *, const __half *, int, int)"
33288836,33289796,"k_kv_append(__half *, __half *, const __half *, int, int)"
33291780,33301157,"k_attn_decode(__half *, const __half *, const __half *, const __half *, int, int)"
33303589,33310342,"k_gemv_fp16(__half *, const __half *, const __half *, const __half *, int, int)"
33312006,33312902,"k_add(__half *, const __half *, unsigned long long)"
33314342,33317414,"k_layernorm(__half *, const __half *, const __half *, const __half *, int, int)"
33318822,33339816,"k_gemv_fp16(__half *, const __half *, const __half *, const __half *, int, int)"
33342056,33342952,"k_gelu(__half *, unsigned long long)"
33347528,33370506,"k_gemv_fp16(__half *, const __half *, const __half *, const __half *, int, int)"
33371946,33372842,"k_add(__half *, const __half *, unsigned long long)"
33374666,33377610,"k_layernorm(__half *, const __half *, const __half *, const __half *, int, int)"
33379787,33396012,"k_gemv_fp16(__half *, const __half *, const __half *, const __half *, int, int)"
33397580,33398572,"k_kv_append(__half *, __half *, const __half *, int, int)"
33399948,33409421,"k_attn_decode(__half *, const __half *, const __half *, const __half *, int, int)"
33410733,33417517,"k_gemv_fp16(__half *, const __half *, const __half *, const __half *, int, int)"
33419566,33420461,"k_add(__half *, const __half *, unsigned long long)"
33423374,33426350,"k_layernorm(__half *, const __half *, const __half *, const __half *, int, int)"
33430254,33451184,"k_gemv_fp16(__half *, const __half *, const __half *, const __half *, int, int)"
33452656,33453584,"k_gelu(__half *, unsigned long long)"
33455568,33478578,"k_gemv_fp16(__half *, const __half *, const __half *, const __half *, int, int)"
33480146,33481042,"k_add(__half *, const __half *, unsigned long long)"
33482482,33485458,"k_layernorm(__half *, const __half *, const __half *, const __half *, int, int)"
33486962,33503187,"k_gemv_fp16(__half *, const __half *, const __half *, const __half *, int, int)"
33505683,33506643,"k_kv_append(__half *, __half *, const __half *, int, int)"
33508052,33517716,"k_attn_decode(__half *, const __half *, const __half *, const __half *, int, int)"
33519125,33525877,"k_gemv_fp16(__half *, const __half *, const __half *, const __half *, int, int)"
33527413,33528309,"k_add(__half *, const __half *, unsigned long long)"
33530453,33533493,"k_layernorm(__half *, const __half *, const __half *, const __half *, int, int)"
33534901,33555991,"k_gemv_fp16(__half *, const __half *, const __half *, const __half *, int, int)"
33557687,33558615,"k_gelu(__half *, unsigned long long)"
33559927,33582777,"k_gemv_fp16(__half *, const __half *, const __half *, const __half *, int, int)"
33585177,33586073,"k_add(__half *, const __half *, unsigned long long)"
33587481,33590426,"k_layernorm(__half *, const __half *, const __half *, const __half *, int, int)"
33591738,33607771,"k_gemv_fp16(__half *, const __half *, const __half *, const __half *, int, int)"
33611451,33612411,"k_kv_append(__half *, __half *, const __half *, int, int)"
33644989,33654398,"k_attn_decode(__half *, const __half *, const __half *, const __half *, int, int)"
33655870,33662558,"k_gemv_fp16(__half *, const __half *, const __half *, const __half *, int, int)"
33664767,33665663,"k_add(__half *, const __half *, unsigned long long)"
33667231,33670207,"k_layernorm(__half *, const __half *, const __half *, const __half *, int, int)"
33671903,33692897,"k_gemv_fp16(__half *, const __half *, const __half *, const __half *, int, int)"
33694305,33695233,"k_gelu(__half *, unsigned long long)"
33696609,33719426,"k_gemv_fp16(__half *, const __half *, const __half *, const __half *, int, int)"
33720931,33721795,"k_add(__half *, const __half *, unsigned long long)"
33723779,33726787,"k_layernorm(__half *, const __half *, const __half *, const __half *, int, int)"
33728259,33744452,"k_gemv_fp16(__half *, const __half *, const __half *, const __half *, int, int)"
33745860,33746820,"k_kv_append(__half *, __half *, const __half *, int, int)"
33748229,33757701,"k_attn_decode(__half *, const __half *, const __half *, const __half *, int, int)"
33759845,33766598,"k_gemv_fp16(__half *, const __half *, const __half *, const __half *, int, int)"
33767974,33768870,"k_add(__half *, const __half *, unsigned long long)"
33770342,33773286,"k_layernorm(__half *, const __half *, const __half *, const __half *, int, int)"
33774694,33795592,"k_gemv_fp16(__half *, const __half *, const __half *, const __half *, int, int)"
33797224,33798120,"k_gelu(__half *, unsigned long long)"
33804264,33827050,"k_gemv_fp16(__half *, const __half *, const __half *, const __half *, int, int)"
33828490,33829386,"k_add(__half *, const __half *, unsigned long long)"
33830794,33833899,"k_layernorm(__half *, const __half *, const __half *, const __half *, int, int)"
33836075,33852268,"k_gemv_fp16(__half *, const __half *, const __half *, const __half *, int, int)"
33853676,33854636,"k_kv_append(__half *, __half *, const __half *, int, int)"
33856012,33865613,"k_attn_decode(__half *, const __half *, const __half *, const __half *, int, int)"
33866989,33873741,"k_gemv_fp16(__half *, const __half *, const __half *, const __half *, int, int)"
33875790,33876685,"k_add(__half *, const __half *, unsigned long long)"
33878030,33880974,"k_layernorm(__half *, const __half *, const __half *, const __half *, int, int)"
33882382,33903311,"k_gemv_fp16(__half *, const __half *, const __half *, const __half *, int, int)"
33904687,33905616,"k_gelu(__half *, unsigned long long)"
33910480,33933297,"k_gemv_fp16(__half *, const __half *, const __half *, const __half *, int, int)"
33934706,33935570,"k_add(__half *, const __half *, unsigned long long)"
33936882,33939858,"k_layernorm(__half *, const __half *, const __half *, const __half *, int, int)"
33941266,33957459,"k_gemv_fp16(__half *, const __half *, const __half *, const __half *, int, int)"
33959411,33960403,"k_kv_append(__half *, __half *, const __half *, int, int)"
33961843,33971348,"k_attn_decode(__half *, const __half *, const __half *, const __half *, int, int)"
33972724,33979413,"k_gemv_fp16(__half *, const __half *, const __half *, const __half *, int, int)"
33980821,33981685,"k_add(__half *, const __half *, unsigned long long)"
33983541,33986453,"k_layernorm(__half *, const __half *, const __half *, const __half *, int, int)"
33987765,34008695,"k_gemv_fp16(__half *, const __half *, const __half *, const __half *, int, int)"
34010135,34011063,"k_gelu(__half *, unsigned long long)"
34015831,34038745,"k_gemv_fp16(__half *, const __half *, const __half *, const __half *, int, int)"
34040825,34041721,"k_add(__half *, const __half *, unsigned long long)"
34043001,34045977,"k_layernorm(__half *, const __half *, const __half *, const __half *, int, int)"
34047354,34063579,"k_gemv_fp16(__half *, const __half *, const __half *, const __half *, int, int)"
34064859,34065851,"k_kv_append(__half *, __half *, const __half *, int, int)"
34068539,34078012,"k_attn_decode(__half *, const __half *, const __half *, const __half *, int, int)"
34079324,34086012,"k_gemv_fp16(__half *, const __half *, const __half *, const __half *, int, int)"
34087388,34088252,"k_add(__half *, const __half *, unsigned long long)"
34089532,34092509,"k_layernorm(__half *, const __half *, const __half *, const __half *, int, int)"
34094045,34114974,"k_gemv_fp16(__half *, const __half *, const __half *, const __half *, int, int)"
34116382,34117310,"k_gelu(__half *, unsigned long long)"
34118590,34141440,"k_gemv_fp16(__half *, const __half *, const __half *, const __half *, int, int)"
34142912,34143808,"k_add(__half *, const __half *, unsigned long long)"
34145632,34148577,"k_layernorm(__half *, const __half *, const __half *, const __half *, int, int)"
34149985,34166178,"k_gemv_fp16(__half *, const __half *, const __half *, const __half *, int, int)"
34167522,34168514,"k_kv_append(__half *, __half *, const __half *, int, int)"
34169890,34179331,"k_attn_decode(__half *, const __half *, const __half *, const __half *, int, int)"
34181059,34187779,"k_gemv_fp16(__half *, const __half *, const __half *, const __half *, int, int)"
34189060,34189924,"k_add(__half *, const __half *, unsigned long long)"
34191236,34194180,"k_layernorm(__half *, const __half *, const __half *, const __half *, int, int)"
34195492,34216645,"k_gemv_fp16(__half *, const __half *, const __half *, const __half *, int, int)"
34218630,34219558,"k_gelu(__half *, unsigned long long)"
34220902,34243687,"k_gemv_fp16(__half *, const __half *, const __half *, const __half *, int, int)"
34268553,34269417,"k_add(__half *, const __half *, unsigned long long)"
34270889,34273833,"k_layernorm(__half *, const __half *, const __half *, const __half *, int, int)"
34275690,34291979,"k_gemv_fp16(__half *, const __half *, const __half *, const __half *, int, int)"
34293387,34294347,"k_kv_append(__half *, __half *, const __half *, int, int)"
34295691,34305036,"k_attn_decode(__half *, const __half *, const __half *, const __half *, int, int)"
34314380,34321101,"k_gemv_fp16(__half *, const __half *, const __half *, const __half *, int, int)"
34323053,34323949,"k_add(__half *, const __half *, unsigned long long)"
34325229,34328173,"k_layernorm(__half *, const __half *, const __half *, const __half *, int, int)"
34329421,34350415,"k_gemv_fp16(__half *, const __half *, const __half *, const __half *, int, int)"
34351887,34352815,"k_gelu(__half *, unsigned long long)"
34354639,34377521,"k_gemv_fp16(__half *, const __half *, const __half *, const __half *, int, int)"
34378769,34379633,"k_add(__half *, const __half *, unsigned long long)"
34380945,34383921,"k_layernorm(__half *, const __half *, const __half *, const __half *, int, int)"
34385137,34401330,"k_gemv_fp16(__half *, const __half *, const __half *, const __half *, int, int)"
34403411,34404371,"k_kv_append(__half *, __half *, const __half *, int, int)"
34405779,34415251,"k_attn_decode(__half *, const __half *, const __half *, const __half *, int, int)"
34416595,34423316,"k_gemv_fp16(__half *, const __half *, const __half *, const __half *, int, int)"
34424788,34425652,"k_add(__half *, const __half *, unsigned long long)"
34427572,34430548,"k_layernorm(__half *, const __half *, const __half *, const __half *, int, int)"
34431956,34452950,"k_gemv_fp16(__half *, const __half *, const __half *, const __half *, int, int)"
34454262,34455190,"k_gelu(__half *, unsigned long long)"
34456598,34479512,"k_gemv_fp16(__half *, const __half *, const __half *, const __half *, int, int)"
34481400,34482264,"k_add(__half *, const __half *, unsigned long long)"
34483576,34486520,"k_layernorm(__half *, const __half *, const __half *, const __half *, int, int)"
34487768,34504090,"k_gemv_fp16(__half *, const __half *, const __half *, const __half *, int, int)"
34583999,34584959,"k_kv_append(__half *, __half *, const __half *, int, int)"
34586815,34596320,"k_attn_decode(__half *, const __half *, const __half *, const __half *, int, int)"
34597696,34604417,"k_gemv_fp16(__half *, const __half *, const __half *, const __half *, int, int)"
34605793,34606657,"k_add(__half *, const __half *, unsigned long long)"
34608161,34611105,"k_layernorm(__half *, const __half *, const __half *, const __half *, int, int)"
34612513,34633475,"k_gemv_fp16(__half *, const __half *, const __half *, const __half *, int, int)"
34634851,34635779,"k_gelu(__half *, unsigned long long)"
34637091,34659876,"k_gemv_fp16(__half *, const __half *, const __half *, const __half *, int, int)"
34661189,34662085,"k_add(__half *, const __half *, unsigned long long)"
34663973,34666949,"k_layernorm(__half *, const __half *, const __half *, const __half *, int, int)"
34668293,34979739,"k_gemv_fp16(__half *, const __half *, const __half *, const __half *, int, int)"
35051872,35053184,"k_embed_one(__half *, const __half *, const __half *, int, int)"
35065793,35068769,"k_layernorm(__half *, const __half *, const __half *, const __half *, int, int)"
35074146,35090595,"k_gemv_fp16(__half *, const __half *, const __half *, const __half *, int, int)"
35092163,35093123,"k_kv_append(__half *, __half *, const __half *, int, int)"
35094531,35104036,"k_attn_decode(__half *, const __half *, const __half *, const __half *, int, int)"
35105476,35112164,"k_gemv_fp16(__half *, const __half *, const __half *, const __half *, int, int)"
35143142,35144039,"k_add(__half *, const __half *, unsigned long long)"
35157864,35161000,"k_layernorm(__half *, const __half *, const __half *, const __half *, int, int)"
35167016,35188042,"k_gemv_fp16(__half *, const __half *, const __half *, const __half *, int, int)"
35189482,35190378,"k_gelu(__half *, unsigned long long)"
35192330,35215244,"k_gemv_fp16(__half *, const __half *, const __half *, const __half *, int, int)"
35216652,35217516,"k_add(__half *, const __half *, unsigned long long)"
35218892,35221836,"k_layernorm(__half *, const __half *, const __half *, const __half *, int, int)"
35223308,35239661,"k_gemv_fp16(__half *, const __half *, const __half *, const __half *, int, int)"
35241901,35242861,"k_kv_append(__half *, __half *, const __half *, int, int)"
35244206,35253710,"k_attn_decode(__half *, const __half *, const __half *, const __half *, int, int)"
35255086,35261871,"k_gemv_fp16(__half *, const __half *, const __half *, const __half *, int, int)"
35298001,35298897,"k_add(__half *, const __half *, unsigned long long)"
35311250,35314258,"k_layernorm(__half *, const __half *, const __half *, const __half *, int, int)"
35321107,35342132,"k_gemv_fp16(__half *, const __half *, const __half *, const __half *, int, int)"
35343540,35344436,"k_gelu(__half *, unsigned long long)"
35351477,35374455,"k_gemv_fp16(__half *, const __half *, const __half *, const __half *, int, int)"
35376567,35377463,"k_add(__half *, const __half *, unsigned long long)"
35378807,35381879,"k_layernorm(__half *, const __half *, const __half *, const __half *, int, int)"
35383351,35399608,"k_gemv_fp16(__half *, const __half *, const __half *, const __half *, int, int)"
35401049,35402009,"k_kv_append(__half *, __half *, const __half *, int, int)"
35404025,35413529,"k_attn_decode(__half *, const __half *, const __half *, const __half *, int, int)"
35415066,35421850,"k_gemv_fp16(__half *, const __half *, const __half *, const __half *, int, int)"
35423322,35424218,"k_add(__half *, const __half *, unsigned long long)"
35425562,35428730,"k_layernorm(__half *, const __half *, const __half *, const __half *, int, int)"
35430715,35451644,"k_gemv_fp16(__half *, const __half *, const __half *, const __half *, int, int)"
35453116,35454044,"k_gelu(__half *, unsigned long long)"
35455484,35478430,"k_gemv_fp16(__half *, const __half *, const __half *, const __half *, int, int)"
35479902,35480766,"k_add(__half *, const __half *, unsigned long long)"
35482750,35485694,"k_layernorm(__half *, const __half *, const __half *, const __half *, int, int)"
35487102,35503424,"k_gemv_fp16(__half *, const __half *, const __half *, const __half *, int, int)"
35504864,35505824,"k_kv_append(__half *, __half *, const __half *, int, int)"
35507328,35516897,"k_attn_decode(__half *, const __half *, const __half *, const __half *, int, int)"
35518849,35525569,"k_gemv_fp16(__half *, const __half *, const __half *, const __half *, int, int)"
35526977,35527841,"k_add(__half *, const __half *, unsigned long long)"
35529185,35532130,"k_layernorm(__half *, const __half *, const __half *, const __half *, int, int)"
35533570,35554563,"k_gemv_fp16(__half *, const __half *, const __half *, const __half *, int, int)"
35580389,35581317,"k_gelu(__half *, unsigned long long)"
35582885,35605703,"k_gemv_fp16(__half *, const __half *, const __half *, const __half *, int, int)"
35607207,35608103,"k_add(__half *, const __half *, unsigned long long)"
35609543,35612487,"k_layernorm(__half *, const __half *, const __half *, const __half *, int, int)"
35614503,35630761,"k_gemv_fp16(__half *, const __half *, const __half *, const __half *, int, int)"
35632201,35633161,"k_kv_append(__half *, __half *, const __half *, int, int)"
35636489,35646026,"k_attn_decode(__half *, const __half *, const __half *, const __half *, int, int)"
35647498,35654218,"k_gemv_fp16(__half *, const __half *, const __half *, const __half *, int, int)"
35659563,35660427,"k_add(__half *, const __half *, unsigned long long)"
35667595,35670571,"k_layernorm(__half *, const __half *, const __half *, const __half *, int, int)"
35676172,35697229,"k_gemv_fp16(__half *, const __half *, const __half *, const __half *, int, int)"
35698669,35699566,"k_gelu(__half *, unsigned long long)"
35701646,35724495,"k_gemv_fp16(__half *, const __half *, const __half *, const __half *, int, int)"
35725903,35726799,"k_add(__half *, const __half *, unsigned long long)"
35728336,35731408,"k_layernorm(__half *, const __half *, const __half *, const __half *, int, int)"
35732752,35749041,"k_gemv_fp16(__half *, const __half *, const __half *, const __half *, int, int)"
35751185,35752145,"k_kv_append(__half *, __half *, const __half *, int, int)"
35756561,35766002,"k_attn_decode(__half *, const __half *, const __half *, const __half *, int, int)"
35767474,35774227,"k_gemv_fp16(__half *, const __half *, const __half *, const __half *, int, int)"
35776115,35776979,"k_add(__half *, const __half *, unsigned long long)"
35779091,35782035,"k_layernorm(__half *, const __half *, const __half *, const __half *, int, int)"
35804533,35825462,"k_gemv_fp16(__half *, const __half *, const __half *, const __half *, int, int)"
35826966,35827894,"k_gelu(__half *, unsigned long long)"
35831095,35853976,"k_gemv_fp16(__half *, const __half *, const __half *, const __half *, int, int)"
35856088,35856953,"k_add(__half *, const __half *, unsigned long long)"
35858521,35861529,"k_layernorm(__half *, const __half *, const __half *, const __half *, int, int)"
35862841,35879098,"k_gemv_fp16(__half *, const __half *, const __half *, const __half *, int, int)"
35880538,35881498,"k_kv_append(__half *, __half *, const __half *, int, int)"
35883546,35893211,"k_attn_decode(__half *, const __half *, const __half *, const __half *, int, int)"
35894587,35901276,"k_gemv_fp16(__half *, const __half *, const __half *, const __half *, int, int)"
35925181,35926045,"k_add(__half *, const __half *, unsigned long long)"
35937758,35940670,"k_layernorm(__half *, const __half *, const __half *, const __half *, int, int)"
35950751,35971713,"k_gemv_fp16(__half *, const __half *, const __half *, const __half *, int, int)"
35973761,35974689,"k_gelu(__half *, unsigned long long)"
35976065,35998882,"k_gemv_fp16(__half *, const __half *, const __half *, const __half *, int, int)"
36000515,36001410,"k_add(__half *, const __half *, unsigned long long)"
36003363,36006307,"k_layernorm(__half *, const __half *, const __half *, const __half *, int, int)"
36007779,36024100,"k_gemv_fp16(__half *, const __half *, const __half *, const __half *, int, int)"
36025636,36026628,"k_kv_append(__half *, __half *, const __half *, int, int)"
36027973,36037413,"k_attn_decode(__half *, const __half *, const __half *, const __half *, int, int)"
36039493,36046214,"k_gemv_fp16(__half *, const __half *, const __half *, const __half *, int, int)"
36047590,36048486,"k_add(__half *, const __half *, unsigned long long)"
36049830,36052774,"k_layernorm(__half *, const __half *, const __half *, const __half *, int, int)"
36054246,36075208,"k_gemv_fp16(__half *, const __half *, const __half *, const __half *, int, int)"
36077320,36078248,"k_gelu(__half *, unsigned long long)"
36079624,36102474,"k_gemv_fp16(__half *, const __half *, const __half *, const __half *, int, int)"
36104010,36104874,"k_add(__half *, const __half *, unsigned long long)"
36106250,36109226,"k_layernorm(__half *, const __half *, const __half *, const __half *, int, int)"
36133964,36150061,"k_gemv_fp16(__half *, const __half *, const __half *, const __half *, int, int)"
36151469,36152461,"k_kv_append(__half *, __half *, const __half *, int, int)"
36153901,36163342,"k_attn_decode(__half *, const __half *, const __half *, const __half *, int, int)"
36164750,36171566,"k_gemv_fp16(__half *, const __half *, const __half *, const __half *, int, int)"
36176911,36177775,"k_add(__half *, const __half *, unsigned long long)"
36186095,36189008,"k_layernorm(__half *, const __half *, const __half *, const __half *, int, int)"
36201425,36222354,"k_gemv_fp16(__half *, const __half *, const __half *, const __half *, int, int)"
36223762,36224690,"k_gelu(__half *, unsigned long long)"
36228370,36251188,"k_gemv_fp16(__half *, const __half *, const __half *, const __half *, int, int)"
36252500,36253396,"k_add(__half *, const __half *, unsigned long long)"
36254612,36257589,"k_layernorm(__half *, const __half *, const __half *, const __half *, int, int)"
36258965,36275030,"k_gemv_fp16(__half *, const __half *, const __half *, const __half *, int, int)"
36276886,36277878,"k_kv_append(__half *, __half *, const __half *, int, int)"
36279254,36288695,"k_attn_decode(__half *, const __half *, const __half *, const __half *, int, int)"
36289975,36296727,"k_gemv_fp16(__half *, const __half *, const __half *, const __half *, int, int)"
36297943,36298807,"k_add(__half *, const __half *, unsigned long long)"
36300183,36303160,"k_layernorm(__half *, const __half *, const __half *, const __half *, int, int)"
36311896,36332890,"k_gemv_fp16(__half *, const __half *, const __half *, const __half *, int, int)"
36334234,36335162,"k_gelu(__half *, unsigned long long)"
36336442,36359292,"k_gemv_fp16(__half *, const __half *, const __half *, const __half *, int, int)"
36361148,36362012,"k_add(__half *, const __half *, unsigned long long)"
36363324,36366396,"k_layernorm(__half *, const __half *, const __half *, const __half *, int, int)"
36367740,36383933,"k_gemv_fp16(__half *, const __half *, const __half *, const __half *, int, int)"
36385309,36386270,"k_kv_append(__half *, __half *, const __half *, int, int)"
36388126,36397694,"k_attn_decode(__half *, const __half *, const __half *, const __half *, int, int)"
36399134,36405823,"k_gemv_fp16(__half *, const __half *, const __half *, const __half *, int, int)"
36407167,36408063,"k_add(__half *, const __half *, unsigned long long)"
36409311,36412319,"k_layernorm(__half *, const __half *, const __half *, const __half *, int, int)"
36414112,36435137,"k_gemv_fp16(__half *, const __half *, const __half *, const __half *, int, int)"
36469571,36470499,"k_gelu(__half *, unsigned long long)"
36503526,36526376,"k_gemv_fp16(__half *, const __half *, const __half *, const __half *, int, int)"
36527688,36528583,"k_add(__half *, const __half *, unsigned long long)"
36532744,36535688,"k_layernorm(__half *, const __half *, const __half *, const __half *, int, int)"
36544745,36560906,"k_gemv_fp16(__half *, const __half *, const __half *, const __half *, int, int)"
36562282,36563242,"k_kv_append(__half *, __half *, const __half *, int, int)"
36588812,36598412,"k_attn_decode(__half *, const __half *, const __half *, const __half *, int, int)"
36600269,36607053,"k_gemv_fp16(__half *, const __half *, const __half *, const __half *, int, int)"
36608429,36609325,"k_add(__half *, const __half *, unsigned long long)"
36610637,36613582,"k_layernorm(__half *, const __half *, const __half *, const __half *, int, int)"
36616398,36637487,"k_gemv_fp16(__half *, const __half *, const __half *, const __half *, int, int)"
36639407,36640335,"k_gelu(__half *, unsigned long long)"
36641584,36664401,"k_gemv_fp16(__half *, const __half *, const __half *, const __half *, int, int)"
36665713,36666609,"k_add(__half *, const __half *, unsigned long long)"
36667953,36671058,"k_layernorm(__half *, const __half *, const __half *, const __half *, int, int)"
36672882,36984647,"k_gemv_fp16(__half *, const __half *, const __half *, const __half *, int, int)"
37029099,37030411,"k_embed_one(__half *, const __half *, const __half *, int, int)"
37036651,37039627,"k_layernorm(__half *, const __half *, const __half *, const __half *, int, int)"
37043116,37059533,"k_gemv_fp16(__half *, const __half *, const __half *, const __half *, int, int)"
37061421,37062413,"k_kv_append(__half *, __half *, const __half *, int, int)"
37063725,37073198,"k_attn_decode(__half *, const __half *, const __half *, const __half *, int, int)"
37074574,37081262,"k_gemv_fp16(__half *, const __half *, const __half *, const __half *, int, int)"
37082606,37083471,"k_add(__half *, const __half *, unsigned long long)"
37085263,37088207,"k_layernorm(__half *, const __half *, const __half *, const __half *, int, int)"
37089423,37110384,"k_gemv_fp16(__half *, const __half *, const __half *, const __half *, int, int)"
37155828,37156724,"k_gelu(__half *, unsigned long long)"
37158004,37180885,"k_gemv_fp16(__half *, const __half *, const __half *, const __half *, int, int)"
37182934,37183798,"k_add(__half *, const __half *, unsigned long long)"
37185110,37188086,"k_layernorm(__half *, const __half *, const __half *, const __half *, int, int)"
37189398,37205655,"k_gemv_fp16(__half *, const __half *, const __half *, const __half *, int, int)"
37206967,37207927,"k_kv_append(__half *, __half *, const __half *, int, int)"
37209815,37219288,"k_attn_decode(__half *, const __half *, const __half *, const __half *, int, int)"
37220696,37227481,"k_gemv_fp16(__half *, const __half *, const __half *, const __half *, int, int)"
37228825,37229689,"k_add(__half *, const __half *, unsigned long long)"
37231001,37233977,"k_layernorm(__half *, const __half *, const __half *, const __half *, int, int)"
37235833,37256763,"k_gemv_fp16(__half *, const __half *, const __half *, const __half *, int, int)"
37257979,37258907,"k_gelu(__half *, unsigned long long)"
37260187,37283228,"k_gemv_fp16(__half *, const __half *, const __half *, const __half *, int, int)"
37314239,37315103,"k_add(__half *, const __half *, unsigned long long)"
37316927,37319903,"k_layernorm(__half *, const __half *, const __half *, const __half *, int, int)"
37321247,37337536,"k_gemv_fp16(__half *, const __half *, const __half *, const __half *, int, int)"
37339009,37339969,"k_kv_append(__half *, __half *, const __half *, int, int)"
37341312,37350721,"k_attn_decode(__half *, const __half *, const __half *, const __half *, int, int)"
37352609,37359330,"k_gemv_fp16(__half *, const __half *, const __half *, const __half *, int, int)"
37382275,37383172,"k_add(__half *, const __half *, unsigned long long)"
37406469,37409413,"k_layernorm(__half *, const __half *, const __half *, const __half *, int, int)"
37413638,37434599,"k_gemv_fp16(__half *, const __half *, const __half *, const __half *, int, int)"
37436583,37437479,"k_gelu(__half *, unsigned long long)"
37438824,37461801,"k_gemv_fp16(__half *, const __half *, const __half *, const __half *, int, int)"
37463145,37464041,"k_add(__half *, const __half *, unsigned long long)"
37465385,37468329,"k_layernorm(__half *, const __half *, const __half *, const __half *, int, int)"
37470122,37486283,"k_gemv_fp16(__half *, const __half *, const __half *, const __half *, int, int)"
37487563,37488523,"k_kv_append(__half *, __half *, const __half *, int, int)"
37489771,37499468,"k_attn_decode(__half *, const __half *, const __half *, const __half *, int, int)"
37500844,37507564,"k_gemv_fp16(__half *, const __half *, const __half *, const __half *, int, int)"
37509420,37510284,"k_add(__half *, const __half *, unsigned long long)"
37512013,37514957,"k_layernorm(__half *, const __half *, const __half *, const __half *, int, int)"
37516397,37537358,"k_gemv_fp16(__half *, const __half *, const __half *, const __half *, int, int)"
37538702,37539630,"k_gelu(__half *, unsigned long long)"
37541359,37564368,"k_gemv_fp16(__half *, const __half *, const __half *, const __half *, int, int)"
37565968,37566864,"k_add(__half *, const __half *, unsigned long long)"
37569393,37572433,"k_layernorm(__half *, const __half *, const __half *, const __half *, int, int)"
37596850,37613204,"k_gemv_fp16(__half *, const __half *, const __half *, const __half *, int, int)"
37615092,37616084,"k_kv_append(__half *, __half *, const __half *, int, int)"
37617652,37627125,"k_attn_decode(__half *, const __half *, const __half *, const __half *, int, int)"
37628533,37635253,"k_gemv_fp16(__half *, const __half *, const __half *, const __half *, int, int)"
37636597,37637461,"k_add(__half *, const __half *, unsigned long long)"
37640662,37643702,"k_layernorm(__half *, const __half *, const __half *, const __half *, int, int)"
37650358,37671352,"k_gemv_fp16(__half *, const __half *, const __half *, const __half *, int, int)"
37673176,37674072,"k_gelu(__half *, unsigned long long)"
37675384,37698202,"k_gemv_fp16(__half *, const __half *, const __half *, const __half *, int, int)"
37700090,37700986,"k_add(__half *, const __half *, unsigned long long)"
37702298,37705274,"k_layernorm(__half *, const __half *, const __half *, const __half *, int, int)"
37706874,37723195,"k_gemv_fp16(__half *, const __half *, const __half *, const __half *, int, int)"
37724507,37725467,"k_kv_append(__half *, __half *, const __half *, int, int)"
37727292,37736764,"k_attn_decode(__half *, const __half *, const __half *, const __half *, int, int)"
37738109,37744925,"k_gemv_fp16(__half *, const __half *, const __half *, const __half *, int, int)"
37746269,37747133,"k_add(__half *, const __half *, unsigned long long)"
37748381,37751357,"k_layernorm(__half *, const __half *, const __half *, const __half *, int, int)"
37753150,37774143,"k_gemv_fp16(__half *, const __half *, const __half *, const __half *, int, int)"
37775487,37776415,"k_gelu(__half *, unsigned long long)"
37777631,37800513,"k_gemv_fp16(__half *, const __half *, const __half *, const __half *, int, int)"
37801825,37802689,"k_add(__half *, const __half *, unsigned long long)"
37804545,37807489,"k_layernorm(__half *, const __half *, const __half *, const __half *, int, int)"
37808833,37824994,"k_gemv_fp16(__half *, const __half *, const __half *, const __half *, int, int)"
37826371,37827363,"k_kv_append(__half *, __half *, const __half *, int, int)"
37828611,37838436,"k_attn_decode(__half *, const __half *, const __half *, const __half *, int, int)"
37851300,37858021,"k_gemv_fp16(__half *, const __half *, const __half *, const __half *, int, int)"
37859365,37860261,"k_add(__half *, const __half *, unsigned long long)"
37864805,37867781,"k_layernorm(__half *, const __half *, const __half *, const __half *, int, int)"
37871206,37892167,"k_gemv_fp16(__half *, const __half *, const __half *, const __half *, int, int)"
37894151,37895048,"k_gelu(__half *, unsigned long long)"
37896424,37919241,"k_gemv_fp16(__half *, const __half *, const __half *, const __half *, int, int)"
37920553,37921449,"k_add(__half *, const __half *, unsigned long long)"
37922697,37925674,"k_layernorm(__half *, const __half *, const __half *, const __half *, int, int)"
37927626,37943819,"k_gemv_fp16(__half *, const __half *, const __half *, const __half *, int, int)"
37945195,37946187,"k_kv_append(__half *, __half *, const __half *, int, int)"
37947467,37957260,"k_attn_decode(__half *, const __half *, const __half *, const __half *, int, int)"
37958604,37965324,"k_gemv_fp16(__half *, const __half *, const __half *, const __half *, int, int)"
37967276,37968140,"k_add(__half *, const __half *, unsigned long long)"
37971853,37974989,"k_layernorm(__half *, const __half *, const __half *, const __half *, int, int)"
37978605,37999503,"k_gemv_fp16(__half *, const __half *, const __half *, const __half *, int, int)"
38033553,38034449,"k_gelu(__half *, unsigned long long)"
38036497,38059379,"k_gemv_fp16(__half *, const __half *, const __half *, const __half *, int, int)"
38060851,38061715,"k_add(__half *, const __half *, unsigned long long)"
38063091,38066099,"k_layernorm(__half *, const __half *, const __half *, const __half *, int, int)"
38067603,38083733,"k_gemv_fp16(__half *, const __half *, const __half *, const __half *, int, int)"
38085877,38086837,"k_kv_append(__half *, __half *, const __half *, int, int)"
38088277,38097622,"k_attn_decode(__half *, const __half *, const __half *, const __half *, int, int)"
38099030,38105782,"k_gemv_fp16(__half *, const __half *, const __half *, const __half *, int, int)"
38107062,38107958,"k_add(__half *, const __half *, unsigned long long)"
38110231,38113143,"k_layernorm(__half *, const __half *, const __half *, const __half *, int, int)"
38114519,38135480,"k_gemv_fp16(__half *, const __half *, const __half *, const __half *, int, int)"
38136920,38137848,"k_gelu(__half *, unsigned long long)"
38139225,38162074,"k_gemv_fp16(__half *, const __half *, const __half *, const __half *, int, int)"
38164090,38164986,"k_add(__half *, const __half *, unsigned long long)"
38166266,38169243,"k_layernorm(__half *, const __half *, const __half *, const __half *, int, int)"
38170587,38186716,"k_gemv_fp16(__half *, const __half *, const __half *, const __half *, int, int)"
38188060,38189020,"k_kv_append(__half *, __half *, const __half *, int, int)"
38190908,38200381,"k_attn_decode(__half *, const __half *, const __half *, const __half *, int, int)"
38201789,38208510,"k_gemv_fp16(__half *, const __half *, const __half *, const __half *, int, int)"
38209853,38210750,"k_add(__half *, const __half *, unsigned long long)"
38211998,38214974,"k_layernorm(__half *, const __half *, const __half *, const __half *, int, int)"
38216286,38237247,"k_gemv_fp16(__half *, const __half *, const __half *, const __half *, int, int)"
38277698,38278626,"k_gelu(__half *, unsigned long long)"
38280323,38303140,"k_gemv_fp16(__half *, const __half *, const __half *, const __half *, int, int)"
38304676,38305572,"k_add(__half *, const __half *, unsigned long long)"
38307428,38310437,"k_layernorm(__half *, const __half *, const __half *, const __half *, int, int)"
38311749,38327942,"k_gemv_fp16(__half *, const __half *, const __half *, const __half *, int, int)"
38329254,38330246,"k_kv_append(__half *, __half *, const __half *, int, int)"
38331590,38341159,"k_attn_decode(__half *, const __half *, const __half *, const __half *, int, int)"
38342887,38349639,"k_gemv_fp16(__half *, const __half *, const __half *, const __half *, int, int)"
38386346,38387210,"k_add(__half *, const __half *, unsigned long long)"
38395787,38398763,"k_layernorm(__half *, const __half *, const __half *, const __half *, int, int)"
38408683,38429613,"k_gemv_fp16(__half *, const __half *, const __half *, const __half *, int, int)"
38431725,38432653,"k_gelu(__half *, unsigned long long)"
38433933,38456815,"k_gemv_fp16(__half *, const __half *, const __half *, const __half *, int, int)"
38458255,38459151,"k_add(__half *, const __half *, unsigned long long)"
38460463,38463407,"k_layernorm(__half *, const __half *, const __half *, const __half *, int, int)"
38465520,38481744,"k_gemv_fp16(__half *, const __half *, const __half *, const __half *, int, int)"
38483377,38484369,"k_kv_append(__half *, __half *, const __half *, int, int)"
38513171,38522579,"k_attn_decode(__half *, const __half *, const __half *, const __half *, int, int)"
38526580,38533332,"k_gemv_fp16(__half *, const __half *, const __half *, const __half *, int, int)"
38536596,38537492,"k_add(__half *, const __half *, unsigned long long)"
38544053,38546997,"k_layernorm(__half *, const __half *, const __half *, const __half *, int, int)"
38551189,38572183,"k_gemv_fp16(__half *, const __half *, const __half *, const __half *, int, int)"
38573719,38574647,"k_gelu(__half *, unsigned long long)"
38576503,38599353,"k_gemv_fp16(__half *, const __half *, const __half *, const __half *, int, int)"
38600697,38601561,"k_add(__half *, const __half *, unsigned long long)"
38602873,38605849,"k_layernorm(__half *, const __half *, const __half *, const __half *, int, int)"
38607161,38918479,"k_gemv_fp16(__half *, const __half *, const __half *, const __half *, int, int)"
38977747,38979123,"k_embed_one(__half *, const __half *, const __half *, int, int)"
38990388,38993332,"k_layernorm(__half *, const __half *, const __half *, const __half *, int, int)"
38999125,39015446,"k_gemv_fp16(__half *, const __half *, const __half *, const __half *, int, int)"
39016918,39017910,"k_kv_append(__half *, __half *, const __half *, int, int)"
39019926,39029303,"k_attn_decode(__half *, const __half *, const __half *, const __half *, int, int)"
39030775,39037431,"k_gemv_fp16(__half *, const __half *, const __half *, const __half *, int, int)"
39038968,39039864,"k_add(__half *, const __half *, unsigned long long)"
39051385,39054361,"k_layernorm(__half *, const __half *, const __half *, const __half *, int, int)"
39062649,39083643,"k_gemv_fp16(__half *, const __half *, const __half *, const __half *, int, int)"
39085147,39086043,"k_gelu(__half *, unsigned long long)"
39087419,39110461,"k_gemv_fp16(__half *, const __half *, const __half *, const __half *, int, int)"
39111869,39112765,"k_add(__half *, const __half *, unsigned long long)"
39114653,39117725,"k_layernorm(__half *, const __half *, const __half *, const __half *, int, int)"
39119197,39135358,"k_gemv_fp16(__half *, const __half *, const __half *, const __half *, int, int)"
39136830,39137791,"k_kv_append(__half *, __half *, const __half *, int, int)"
39139199,39148575,"k_attn_decode(__half *, const __half *, const __half *, const __half *, int, int)"
39150688,39157568,"k_gemv_fp16(__half *, const __half *, const __half *, const __half *, int, int)"
39159104,39159968,"k_add(__half *, const __half *, unsigned long long)"
39161248,39164257,"k_layernorm(__half *, const __half *, const __half *, const __half *, int, int)"
39165729,39186690,"k_gemv_fp16(__half *, const __half *, const __half *, const __half *, int, int)"
39217060,39217988,"k_gelu(__half *, unsigned long long)"
39219428,39242406,"k_gemv_fp16(__half *, const __half *, const __half *, const __half *, int, int)"
39243878,39244742,"k_add(__half *, const __half *, unsigned long long)"
39246150,39249127,"k_layernorm(__half *, const __half *, const __half *, const __half *, int, int)"
39268584,39284873,"k_gemv_fp16(__half *, const __half *, const __half *, const __half *, int, int)"
39286345,39287337,"k_kv_append(__half *, __half *, const __half *, int, int)"
39289001,39298506,"k_attn_decode(__half *, const __half *, const __half *, const __half *, int, int)"
39299978,39306666,"k_gemv_fp16(__half *, const __half *, const __half *, const __half *, int, int)"
39309227,39310123,"k_add(__half *, const __half *, unsigned long long)"
39311467,39314411,"k_layernorm(__half *, const __half *, const __half *, const __half *, int, int)"
39315755,39336653,"k_gemv_fp16(__half *, const __half *, const __half *, const __half *, int, int)"
39338093,39338989,"k_gelu(__half *, unsigned long long)"
39341101,39364014,"k_gemv_fp16(__half *, const __half *, const __half *, const __half *, int, int)"
39366863,39367727,"k_add(__half *, const __half *, unsigned long long)"
39389648,39392593,"k_layernorm(__half *, const __half *, const __half *, const __half *, int, int)"
39397073,39413266,"k_gemv_fp16(__half *, const __half *, const __half *, const __half *, int, int)"
39415634,39416626,"k_kv_append(__half *, __half *, const __half *, int, int)"
39417938,39427443,"k_attn_decode(__half *, const __half *, const __half *, const __half *, int, int)"
39429171,39435892,"k_gemv_fp16(__half *, const __half *, const __half *, const __half *, int, int)"
39437428,39438292,"k_add(__half *, const __half *, unsigned long long)"
39440372,39443348,"k_layernorm(__half *, const __half *, const __half *, const __half *, int, int)"
39444756,39465782,"k_gemv_fp16(__half *, const __half *, const __half *, const __half *, int, int)"
39467414,39468310,"k_gelu(__half *, unsigned long long)"
39469910,39492695,"k_gemv_fp16(__half *, const __half *, const __half *, const __half *, int, int)"
39494776,39495672,"k_add(__half *, const __half *, unsigned long long)"
39497080,39500056,"k_layernorm(__half *, const __half *, const __half *, const __half *, int, int)"
39504536,39520666,"k_gemv_fp16(__half *, const __half *, const __half *, const __half *, int, int)"
39522234,39523226,"k_kv_append(__half *, __half *, const __half *, int, int)"
39525338,39534778,"k_attn_decode(__half *, const __half *, const __half *, const __half *, int, int)"
39550523,39557372,"k_gemv_fp16(__half *, const __half *, const __half *, const __half *, int, int)"
39559004,39559868,"k_add(__half *, const __half *, unsigned long long)"
39565725,39568669,"k_layernorm(__half *, const __half *, const __half *, const __half *, int, int)"
39572701,39593695,"k_gemv_fp16(__half *, const __half *, const __half *, const __half *, int, int)"
39595167,39596095,"k_gelu(__half *, unsigned long long)"
39597407,39620256,"k_gemv_fp16(__half *, const __half *, const __half *, const __half *, int, int)"
39621729,39622625,"k_add(__half *, const __half *, unsigned long long)"
39624545,39627489,"k_layernorm(__half *, const __half *, const __half *, const __half *, int, int)"
39629217,39645474,"k_gemv_fp16(__half *, const __half *, const __half *, const __half *, int, int)"
39646978,39647938,"k_kv_append(__half *, __half *, const __half *, int, int)"
39649410,39659171,"k_attn_decode(__half *, const __half *, const __half *, const __half *, int, int)"
39661123,39667876,"k_gemv_fp16(__half *, const __half *, const __half *, const __half *, int, int)"
39669284,39670148,"k_add(__half *, const __half *, unsigned long long)"
39671620,39674564,"k_layernorm(__half *, const __half *, const __half *, const __half *, int, int)"
39699846,39720775,"k_gemv_fp16(__half *, const __half *, const __half *, const __half *, int, int)"
39723144,39724072,"k_gelu(__half *, unsigned long long)"
39725448,39748265,"k_gemv_fp16(__half *, const __half *, const __half *, const __half *, int, int)"
39749674,39750538,"k_add(__half *, const __half *, unsigned long long)"
39751946,39754922,"k_layernorm(__half *, const __half *, const __half *, const __half *, int, int)"
39757066,39773227,"k_gemv_fp16(__half *, const __half *, const __half *, const __half *, int, int)"
39774699,39775659,"k_kv_append(__half *, __half *, const __half *, int, int)"
39777227,39787020,"k_attn_decode(__half *, const __half *, const __half *, const __half *, int, int)"
39788460,39795181,"k_gemv_fp16(__half *, const __half *, const __half *, const __half *, int, int)"
39797101,39797965,"k_add(__half *, const __half *, unsigned long long)"
39799341,39802253,"k_layernorm(__half *, const __half *, const __half *, const __half *, int, int)"
39803661,39824655,"k_gemv_fp16(__half *, const __half *, const __half *, const __half *, int, int)"
39829871,39830799,"k_gelu(__half *, unsigned long long)"
39861585,39884467,"k_gemv_fp16(__half *, const __half *, const __half *, const __half *, int, int)"
39886163,39887059,"k_add(__half *, const __half *, unsigned long long)"
39888435,39891412,"k_layernorm(__half *, const __half *, const __half *, const __half *, int, int)"
39892851,39909173,"k_gemv_fp16(__half *, const __half *, const __half *, const __half *, int, int)"
39911253,39912213,"k_kv_append(__half *, __half *, const __half *, int, int)"
39913685,39923126,"k_attn_decode(__half *, const __half *, const __half *, const __half *, int, int)"
39924598,39931286,"k_gemv_fp16(__half *, const __half *, const __half *, const __half *, int, int)"
39932758,39933622,"k_add(__half *, const __half *, unsigned long long)"
39935030,39938039,"k_layernorm(__half *, const __half *, const __half *, const __half *, int, int)"
39941271,39962296,"k_gemv_fp16(__half *, const __half *, const __half *, const __half *, int, int)"
39963704,39964601,"k_gelu(__half *, unsigned long long)"
39965977,39988890,"k_gemv_fp16(__half *, const __half *, const __half *, const __half *, int, int)"
39991227,39992123,"k_add(__half *, const __half *, unsigned long long)"
39993851,39996827,"k_layernorm(__half *, const __half *, const __half *, const __half *, int, int)"
39998331,40014684,"k_gemv_fp16(__half *, const __half *, const __half *, const __half *, int, int)"
40016156,40017116,"k_kv_append(__half *, __half *, const __half *, int, int)"
40019132,40028637,"k_attn_decode(__half *, const __half *, const __half *, const __half *, int, int)"
40030173,40036894,"k_gemv_fp16(__half *, const __half *, const __half *, const __half *, int, int)"
40038238,40039134,"k_add(__half *, const __half *, unsigned long long)"
40040414,40043326,"k_layernorm(__half *, const __half *, const __half *, const __half *, int, int)"
40045278,40066240,"k_gemv_fp16(__half *, const __half *, const __half *, const __half *, int, int)"
40092642,40093538,"k_gelu(__half *, unsigned long long)"
40095330,40118083,"k_gemv_fp16(__half *, const __half *, const __half *, const __half *, int, int)"
40119523,40120387,"k_add(__half *, const __half *, unsigned long long)"
40122308,40125284,"k_layernorm(__half *, const __half *, const __half *, const __half *, int, int)"
40126596,40142853,"k_gemv_fp16(__half *, const __half *, const __half *, const __half *, int, int)"
40144389,40145349,"k_kv_append(__half *, __half *, const __half *, int, int)"
40146757,40156294,"k_attn_decode(__half *, const __half *, const __half *, const __half *, int, int)"
40170087,40176872,"k_gemv_fp16(__half *, const __half *, const __half *, const __half *, int, int)"
40178280,40179176,"k_add(__half *, const __half *, unsigned long long)"
40184744,40187720,"k_layernorm(__half *, const __half *, const __half *, const __half *, int, int)"
40191817,40212714,"k_gemv_fp16(__half *, const __half *, const __half *, const __half *, int, int)"
40215242,40216170,"k_gelu(__half *, unsigned long long)"
40217578,40240364,"k_gemv_fp16(__half *, const __half *, const __half *, const __half *, int, int)"
40241836,40242700,"k_add(__half *, const __half *, unsigned long long)"
40244108,40247116,"k_layernorm(__half *, const __half *, const __half *, const __half *, int, int)"
40249037,40265262,"k_gemv_fp16(__half *, const __half *, const __half *, const __half *, int, int)"
40266862,40267854,"k_kv_append(__half *, __half *, const __half *, int, int)"
40269262,40278735,"k_attn_decode(__half *, const __half *, const __half *, const __half *, int, int)"
40280079,40286831,"k_gemv_fp16(__half *, const __half *, const __half *, const __half *, int, int)"
40288751,40289648,"k_add(__half *, const __half *, unsigned long long)"
40316273,40319249,"k_layernorm(__half *, const __half *, const __half *, const __half *, int, int)"
40324210,40345267,"k_gemv_fp16(__half *, const __half *, const __half *, const __half *, int, int)"
40346772,40347699,"k_gelu(__half *, unsigned long long)"
40349812,40372629,"k_gemv_fp16(__half *, const __half *, const __half *, const __half *, int, int)"
40374165,40375061,"k_add(__half *, const __half *, unsigned long long)"
40376438,40379382,"k_layernorm(__half *, const __half *, const __half *, const __half *, int, int)"
40380822,40396855,"k_gemv_fp16(__half *, const __half *, const __half *, const __half *, int, int)"
40399383,40400375,"k_kv_append(__half *, __half *, const __half *, int, int)"
40401623,40411128,"k_attn_decode(__half *, const __half *, const __half *, const __half *, int, int)"
40413240,40419961,"k_gemv_fp16(__half *, const __half *, const __half *, const __half *, int, int)"
40421721,40422617,"k_add(__half *, const __half *, unsigned long long)"
40423897,40426873,"k_layernorm(__half *, const __half *, const __half *, const __half *, int, int)"
40428313,40449275,"k_gemv_fp16(__half *, const __half *, const __half *, const __half *, int, int)"
40450651,40451579,"k_gelu(__half *, unsigned long long)"
40452955,40475772,"k_gemv_fp16(__half *, const __half *, const __half *, const __half *, int, int)"
40478077,40478973,"k_add(__half *, const __half *, unsigned long long)"
40480285,40483325,"k_layernorm(__half *, const __half *, const __half *, const __half *, int, int)"
40484893,40796307,"k_gemv_fp16(__half *, const __half *, const __half *, const __half *, int, int)"
40830837,40832118,"k_embed_one(__half *, const __half *, const __half *, int, int)"
40838646,40841622,"k_layernorm(__half *, const __half *, const __half *, const __half *, int, int)"
40844534,40860984,"k_gemv_fp16(__half *, const __half *, const __half *, const __half *, int, int)"
40888953,40889913,"k_kv_append(__half *, __half *, const __half *, int, int)"
40896186,40905562,"k_attn_decode(__half *, const __half *, const __half *, const __half *, int, int)"
40907547,40914235,"k_gemv_fp16(__half *, const __half *, const __half *, const __half *, int, int)"
40915899,40916763,"k_add(__half *, const __half *, unsigned long long)"
40921628,40924604,"k_layernorm(__half *, const __half *, const __half *, const __half *, int, int)"
40933341,40954398,"k_gemv_fp16(__half *, const __half *, const __half *, const __half *, int, int)"
40956478,40957406,"k_gelu(__half *, unsigned long long)"
40962271,40985280,"k_gemv_fp16(__half *, const __half *, const __half *, const __half *, int, int)"
40986880,40987776,"k_add(__half *, const __half *, unsigned long long)"
40989249,40992193,"k_layernorm(__half *, const __half *, const __half *, const __half *, int, int)"
40999617,41015938,"k_gemv_fp16(__half *, const __half *, const __half *, const __half *, int, int)"
41017411,41018403,"k_kv_append(__half *, __half *, const __half *, int, int)"
41019939,41029571,"k_attn_decode(__half *, const __half *, const __half *, const __half *, int, int)"
41031043,41037828,"k_gemv_fp16(__half *, const __half *, const __half *, const __half *, int, int)"
41039844,41040708,"k_add(__half *, const __half *, unsigned long long)"
41042052,41045124,"k_layernorm(__half *, const __half *, const __half *, const __half *, int, int)"
41077959,41099016,"k_gemv_fp16(__half *, const __half *, const __half *, const __half *, int, int)"
41100424,41101352,"k_gelu(__half *, unsigned long long)"
41103241,41126186,"k_gemv_fp16(__half *, const __half *, const __half *, const __half *, int, int)"
41127594,41128490,"k_add(__half *, const __half *, unsigned long long)"
41129866,41132811,"k_layernorm(__half *, const __half *, const __half *, const __half *, int, int)"
41134283,41150604,"k_gemv_fp16(__half *, const __half *, const __half *, const __half *, int, int)"
41152716,41153708,"k_kv_append(__half *, __half *, const __half *, int, int)"
41155180,41164781,"k_attn_decode(__half *, const __half *, const __half *, const __half *, int, int)"
41166253,41172941,"k_gemv_fp16(__half *, const __half *, const __half *, const __half *, int, int)"
41174286,41175181,"k_add(__half *, const __half *, unsigned long long)"
41177166,41180110,"k_layernorm(__half *, const __half *, const __half *, const __half *, int, int)"
41181486,41202479,"k_gemv_fp16(__half *, const __half *, const __half *, const __half *, int, int)"
41203887,41204784,"k_gelu(__half *, unsigned long long)"
41207376,41230225,"k_gemv_fp16(__half *, const __half *, const __half *, const __half *, int, int)"
41232305,41233202,"k_add(__half *, const __half *, unsigned long long)"
41234578,41237522,"k_layernorm(__half *, const __half *, const __half *, const __half *, int, int)"
41239858,41256051,"k_gemv_fp16(__half *, const __half *, const __half *, const __half *, int, int)"
41257427,41258387,"k_kv_append(__half *, __half *, const __half *, int, int)"
41263764,41273300,"k_attn_decode(__half *, const __half *, const __half *, const __half *, int, int)"
41274805,41281557,"k_gemv_fp16(__half *, const __half *, const __half *, const __half *, int, int)"
41283509,41284373,"k_add(__half *, const __half *, unsigned long long)"
41285877,41288853,"k_layernorm(__half *, const __half *, const __half *, const __half *, int, int)"
41310583,41331512,"k_gemv_fp16(__half *, const __half *, const __half *, const __half *, int, int)"
41332920,41333849,"k_gelu(__half *, unsigned long long)"
41335225,41358074,"k_gemv_fp16(__half *, const __half *, const __half *, const __half *, int, int)"
41359674,41360570,"k_add(__half *, const __half *, unsigned long long)"
41363259,41366235,"k_layernorm(__half *, const __half *, const __half *, const __half *, int, int)"
41367611,41383804,"k_gemv_fp16(__half *, const __half *, const __half *, const __half *, int, int)"
41385308,41386268,"k_kv_append(__half *, __half *, const __half *, int, int)"
41387772,41397181,"k_attn_decode(__half *, const __half *, const __half *, const __half *, int, int)"
41417598,41424319,"k_gemv_fp16(__half *, const __half *, const __half *, const __half *, int, int)"
41427647,41428543,"k_add(__half *, const __half *, unsigned long long)"
41439232,41442208,"k_layernorm(__half *, const __half *, const __half *, const __half *, int, int)"
41453985,41475011,"k_gemv_fp16(__half *, const __half *, const __half *, const __half *, int, int)"
41477155,41478083,"k_gelu(__half *, unsigned long long)"
41479395,41502212,"k_gemv_fp16(__half *, const __half *, const __half *, const __half *, int, int)"
41503684,41504549,"k_add(__half *, const __half *, unsigned long long)"
41505989,41508965,"k_layernorm(__half *, const __half *, const __half *, const __half *, int, int)"
41511173,41527366,"k_gemv_fp16(__half *, const __half *, const __half *, const __half *, int, int)"
41528870,41529862,"k_kv_append(__half *, __half *, const __half *, int, int)"
41531270,41540711,"k_attn_decode(__half *, const __half *, const __half *, const __half *, int, int)"
41542151,41548904,"k_gemv_fp16(__half *, const __half *, const __half *, const __half *, int, int)"
41551016,41551912,"k_add(__half *, const __half *, unsigned long long)"
41553288,41556232,"k_layernorm(__half *, const __half *, const __half *, const __half *, int, int)"
41557640,41578538,"k_gemv_fp16(__half *, const __half *, const __half *, const __half *, int, int)"
41579914,41580810,"k_gelu(__half *, unsigned long long)"
41582858,41605676,"k_gemv_fp16(__half *, const __half *, const __half *, const __half *, int, int)"
41636334,41637198,"k_add(__half *, const __half *, unsigned long long)"
41638670,41641678,"k_layernorm(__half *, const __half *, const __half *, const __half *, int, int)"
41643118,41659632,"k_gemv_fp16(__half *, const __half *, const __half *, const __half *, int, int)"
41661712,41662672,"k_kv_append(__half *, __half *, const __half *, int, int)"
41664144,41673905,"k_attn_decode(__half *, const __half *, const __half *, const __half *, int, int)"
41675601,41682321,"k_gemv_fp16(__half *, const __half *, const __half *, const __half *, int, int)"
41683665,41684529,"k_add(__half *, const __half *, unsigned long long)"
41716563,41719572,"k_layernorm(__half *, const __half *, const __half *, const __half *, int, int)"
41731572,41752598,"k_gemv_fp16(__half *, const __half *, const __half *, const __half *, int, int)"
41754038,41754966,"k_gelu(__half *, unsigned long long)"
41757366,41780184,"k_gemv_fp16(__half *, const __half *, const __half *, const __half *, int, int)"
41782712,41783608,"k_add(__half *, const __half *, unsigned long long)"
41785016,41788024,"k_layernorm(__half *, const __half *, const __half *, const __half *, int, int)"
41789369,41805562,"k_gemv_fp16(__half *, const __half *, const __half *, const __half *, int, int)"
41806970,41807930,"k_kv_append(__half *, __half *, const __half *, int, int)"
41809946,41819355,"k_attn_decode(__half *, const __half *, const __half *, const __half *, int, int)"
41820859,41827547,"k_gemv_fp16(__half *, const __half *, const __half *, const __half *, int, int)"
41829051,41829915,"k_add(__half *, const __half *, unsigned long long)"
41831227,41834172,"k_layernorm(__half *, const __half *, const __half *, const __half *, int, int)"
41835580,41856541,"k_gemv_fp16(__half *, const __half *, const __half *, const __half *, int, int)"
41858046,41858942,"k_gelu(__half *, unsigned long long)"
41860350,41883231,"k_gemv_fp16(__half *, const __half *, const __half *, const __half *, int, int)"
41922114,41923010,"k_add(__half *, const __half *, unsigned long long)"
41925122,41928098,"k_layernorm(__half *, const __half *, const __half *, const __half *, int, int)"
41929539,41945956,"k_gemv_fp16(__half *, const __half *, const __half *, const __half *, int, int)"
41947268,41948228,"k_kv_append(__half *, __half *, const __half *, int, int)"
41949604,41959236,"k_attn_decode(__half *, const __half *, const __half *, const __half *, int, int)"
41961317,41968101,"k_gemv_fp16(__half *, const __half *, const __half *, const __half *, int, int)"
41969509,41970373,"k_add(__half *, const __half *, unsigned long long)"
42001864,42004872,"k_layernorm(__half *, const __half *, const __half *, const __half *, int, int)"
42032586,42053515,"k_gemv_fp16(__half *, const __half *, const __half *, const __half *, int, int)"
42055691,42056587,"k_gelu(__half *, unsigned long long)"
42057964,42080781,"k_gemv_fp16(__half *, const __half *, const __half *, const __half *, int, int)"
42082253,42083149,"k_add(__half *, const __half *, unsigned long long)"
42084557,42087534,"k_layernorm(__half *, const __half *, const __half *, const __half *, int, int)"
42089454,42105647,"k_gemv_fp16(__half *, const __half *, const __half *, const __half *, int, int)"
42107151,42108111,"k_kv_append(__half *, __half *, const __half *, int, int)"
42109711,42119152,"k_attn_decode(__half *, const __half *, const __half *, const __half *, int, int)"
42120688,42127408,"k_gemv_fp16(__half *, const __half *, const __half *, const __half *, int, int)"
42129521,42130385,"k_add(__half *, const __half *, unsigned long long)"
42131697,42134641,"k_layernorm(__half *, const __half *, const __half *, const __half *, int, int)"
42136113,42157010,"k_gemv_fp16(__half *, const __half *, const __half *, const __half *, int, int)"
42158483,42159411,"k_gelu(__half *, unsigned long long)"
42161363,42184276,"k_gemv_fp16(__half *, const __half *, const __half *, const __half *, int, int)"
42222423,42223287,"k_add(__half *, const __half *, unsigned long long)"
42224791,42227735,"k_layernorm(__half *, const __half *, const __half *, const __half *, int, int)"
42229144,42245337,"k_gemv_fp16(__half *, const __half *, const __half *, const __half *, int, int)"
42247097,42248089,"k_kv_append(__half *, __half *, const __half *, int, int)"
42267098,42276507,"k_attn_decode(__half *, const __half *, const __half *, const __half *, int, int)"
42277851,42284475,"k_gemv_fp16(__half *, const __half *, const __half *, const __half *, int, int)"
42285787,42286683,"k_add(__half *, const __half *, unsigned long long)"
42288476,42291420,"k_layernorm(__half *, const __half *, const __half *, const __half *, int, int)"
42294876,42315838,"k_gemv_fp16(__half *, const __half *, const __half *, const __half *, int, int)"
42317246,42318174,"k_gelu(__half *, unsigned long long)"
42319518,42342368,"k_gemv_fp16(__half *, const __half *, const __half *, const __half *, int, int)"
42344352,42345216,"k_add(__half *, const __half *, unsigned long long)"
42346688,42349664,"k_layernorm(__half *, const __half *, const __half *, const __half *, int, int)"
42351040,42367233,"k_gemv_fp16(__half *, const __half *, const __half *, const __half *, int, int)"
42373698,42374658,"k_kv_append(__half *, __half *, const __half *, int, int)"
42389155,42398819,"k_attn_decode(__half *, const __half *, const __half *, const __half *, int, int)"
42400579,42407268,"k_gemv_fp16(__half *, const __half *, const __half *, const __half *, int, int)"
42411524,42412388,"k_add(__half *, const __half *, unsigned long long)"
42423813,42426789,"k_layernorm(__half *, const __half *, const __half *, const __half *, int, int)"
42438886,42459944,"k_gemv_fp16(__half *, const __half *, const __half *, const __half *, int, int)"
42461224,42462152,"k_gelu(__half *, unsigned long long)"
42463464,42486313,"k_gemv_fp16(__half *, const __half *, const __half *, const __half *, int, int)"
42487658,42488522,"k_add(__half *, const __half *, unsigned long long)"
42490378,42493514,"k_layernorm(__half *, const __half *, const __half *, const __half *, int, int)"
42494826,42806080,"k_gemv_fp16(__half *, const __half *, const __half *, const __half *, int, int)"
